lsoa,total_activity,log_total_activity,direction_balance,post_midnight_share,deep_night_share,post_midnight_persistence,weekend_ratio,zero_bin_count,zero_bin_share,evening_zero_bin_count,post_midnight_zero_bin_count,deep_night_zero_bin_count
E01000001,2639.39277,7.878682961589385,0.320382331728521,0.1124153757532646,0.0603358476275586,0.1882062253014808,0.5947770645526193,0,0.0,0,0,0
E01000005,12380.10901,9.423927123001912,-0.0272503311342005,0.1544194019984643,0.0886642734012565,0.3008541196971855,0.8320712320605262,0,0.0,0,0,0
E01000008,422.68066,6.048980011086831,-0.427029142994146,0.1014654420195142,0.0833722555463029,0.1694363037722237,0.7226510358413684,28,0.3888888888888889,1,27,14
E01000009,31483.76693,10.35725911832279,0.1101123235255762,0.1749424734418207,0.1130136329591993,0.3238136265809915,0.8435401156707157,0,0.0,0,0,0
E01000011,440.40113,6.089954053855608,-0.1504033152685144,0.0403988291310696,0.0195757899167969,0.0658914411444778,0.9209520651246086,7,0.09722222222222222,0,7,3
E01000013,7928.70168,8.978370694753558,0.1427430423892553,0.1019046462598148,0.0760602560594763,0.1603142748251162,0.62736593339491,14,0.19444444444444445,0,14,8
E01000017,1630.97699,7.397547436159951,-0.2423387039936106,0.1151156093256717,0.0918488555745964,0.1798982385513435,0.7040244883285122,15,0.20833333333333334,0,15,8
E01000019,211.85787,5.360624665985739,-0.0723401495540383,0.1519321892549943,0.1334373842236779,0.2517870622497326,0.6244638361767207,28,0.3888888888888889,1,27,14
E01000021,529.83531,6.274451822476142,-0.1330695570289568,0.0433440157093342,0.0319960555290284,0.0649527374813932,0.7123112782739375,26,0.3611111111111111,0,26,14
E01000024,2780.44804,7.930726948772826,-0.2188300702788893,0.1658489902943843,0.1243095591169544,0.2797755995042123,0.7822902396376608,0,0.0,0,0,0
E01000027,1813.19829,7.503398935616184,-0.252216700469092,0.0793942067968749,0.055171891872896,0.1250851221304679,0.7498000848723412,20,0.2777777777777778,0,20,11
E01000029,1086.15141,6.991316169049366,-0.3192754958537502,0.1580350938365029,0.1235047146879825,0.2643308845966121,0.6829424848806501,20,0.2777777777777778,0,20,12
E01000030,586.74213,6.376288297283743,-0.4218128157935412,0.1171968510255093,0.0841396372883604,0.1989987831336636,0.7027540002484461,21,0.2916666666666667,0,21,11
E01000031,326.12029,5.790327962580816,-0.1976459361053555,0.0777053767491743,0.057361349703203,0.1160921005668843,0.6139837837826759,22,0.3055555555555556,0,22,11
E01000032,1031.2933,6.939538111089153,0.040278667572067,0.0927339390258813,0.0591179929123945,0.1292799357757693,0.7385013059290311,0,0.0,0,0,0
E01000034,935.89282,6.842568889356425,-0.2030345953503522,0.13211560913567,0.1027658701345737,0.2039847100120775,0.5433045497679931,21,0.2916666666666667,0,21,14
E01000035,1559.36796,7.352676944225077,-0.1097453355396631,0.0764693151704874,0.0586127920699358,0.113170037640366,0.7352094295705613,19,0.2638888888888889,0,19,13
E01000036,1377.68542,7.228885729942148,-0.0008640724382494,0.1067776488481673,0.0998842827268942,0.1661042031510294,0.6214403761033528,24,0.3333333333333333,0,24,12
E01000038,119.95133,4.795388233275032,-0.1830885076472265,0.1109603369966802,0.0788468122862831,0.1598549926040655,0.7064278204098973,23,0.3194444444444444,1,22,14
E01000040,917.44285,6.822679681706853,-0.2781823521759421,0.0728679612032509,0.0557642582314527,0.113447768203375,0.8222119327469158,26,0.3611111111111111,0,26,14
E01000041,457.29978,6.127523511480051,-0.3572667364939471,0.0872633264769993,0.0609384942192624,0.1404178879697105,0.9215949737500636,24,0.3333333333333333,0,24,12
E01000042,501.4594,6.219514840649156,-0.2171566431898574,0.0657785655229516,0.0461794115336156,0.1014960267342911,0.7826699989968017,26,0.3611111111111111,0,26,14
E01000043,232.72266,5.454135198761297,-0.0710885652475784,0.051056437735801,0.0242146596296209,0.0730083816543705,0.7356465513579638,26,0.3611111111111111,0,26,14
E01000045,1363.51447,7.218553944709241,-0.0699740502203837,0.097583159495183,0.078318567458987,0.1500576694855888,0.7251197046503596,24,0.3333333333333333,0,24,12
E01000049,172.56324999999998,5.156542086267621,0.1984155374913257,0.0951918789197584,0.0920605053509365,0.1337226279273718,0.8249869277482634,30,0.4166666666666667,1,29,14
E01000050,2528.45067,7.8357574316639855,-0.1071560435070698,0.0925635974539301,0.0702188546158189,0.1468758980395401,0.740709887545181,0,0.0,0,0,0
E01000052,1066.69421,6.97325665829796,-0.328817918679806,0.1333910587177556,0.091949978804141,0.2271072420135405,0.7129743014528708,2,0.027777777777777776,0,2,1
E01000057,383.26941,5.951343895131205,-0.0321468650472262,0.0700046215532828,0.0587898209773641,0.1004680924313205,0.8775157753060464,24,0.3333333333333333,0,24,12
E01000058,332.64933,5.810090531255288,-0.1770521227263556,0.097398212105222,0.072494659766788,0.1512074493147759,0.7573483303748828,26,0.3611111111111111,0,26,14
E01000060,4320.63502,8.37138908648571,-0.152854688475862,0.142166079096401,0.1080409888451999,0.2252440380076483,0.7603715947671719,0,0.0,0,0,0
E01000061,1594.3102,7.374823479068246,-0.0964642263469179,0.1675627490810759,0.1330208512747394,0.2711409303060925,0.7564434774041242,0,0.0,0,0,0
E01000062,262.85855,5.575413164102094,-0.3762372195996668,0.1517147150054659,0.108391756707172,0.2425881505181857,0.5908270179332188,23,0.3194444444444444,0,23,14
E01000063,300.84599000000003,5.709916920410114,0.4988068812218504,0.4058822256530658,0.3183486008904423,0.9418806861530828,0.9082569567463452,2,0.027777777777777776,0,2,2
E01000064,846.65155,6.742469643327201,-0.1172176322124491,0.0953948882512528,0.0730122917745795,0.1458375958558593,0.7260532323201898,20,0.2777777777777778,0,20,12
E01000065,387.33546,5.961869553711546,-0.3022100274526891,0.1310530928410221,0.1210117452195056,0.1968047016469768,0.5042993976725827,25,0.3472222222222222,0,25,10
E01000067,932.78253,6.839243573858939,-0.1607772070945625,0.1015659030406583,0.059534509077909,0.1593469759296483,0.88066975519355,0,0.0,0,0,0
E01000068,356.51837,5.879186745429303,-0.0121024058311497,0.1203655228200443,0.0733462065362859,0.1930864791247572,0.9576064040777188,4,0.05555555555555555,0,4,2
E01000070,2044.36725,7.623332636705641,-0.0946738067732204,0.1536786113160441,0.0942158753521413,0.2542269206600666,0.810849907422788,0,0.0,0,0,0
E01000071,172.35817,5.15535980110409,-0.1155902850442193,0.0751697468126982,0.0574084767783273,0.1123870728998987,0.9357000144771008,28,0.3888888888888889,1,27,14
E01000072,588.9061399999999,6.379963439498682,-0.2401884279895604,0.0847067242328293,0.0731441516300033,0.128346329163167,0.7268789479142505,26,0.3611111111111111,0,26,14
E01000073,178.48488,5.190090970397166,-0.0094392309309337,0.1409260549128867,0.105794171472676,0.2181527763358959,0.7219414371412939,26,0.3611111111111111,0,26,14
E01000074,248.53352,5.51959325486499,-0.0985411545291757,0.0944212273660309,0.0676780339328071,0.1414929717603619,0.6376794670463974,28,0.3888888888888889,1,27,14
E01000075,2451.90586,7.805028666025112,0.0376730695525153,0.0904555732005143,0.0673804336027811,0.1387878406388785,0.7674974663034853,22,0.3055555555555556,0,22,10
E01000077,248.14658,5.518041397962522,-0.1952245322099542,0.1164918331737636,0.1027208192835057,0.1819519030202503,0.6953920385937506,27,0.375,2,25,12
E01000078,944.23233,6.851430749128981,-0.1282194499737156,0.0628432517238633,0.0470557071478372,0.0906898291453732,0.7510705747384666,21,0.2916666666666667,0,21,11
E01000079,190.02383,5.2523981846621055,-0.1609323946370306,0.0556800691786919,0.0398954173273952,0.0774181416277248,0.5872573059677906,27,0.375,0,27,14
E01000080,150.17558,5.018441942765113,-0.1146869550961613,0.080648598127605,0.0712733721421285,0.115925767002173,0.6494241841435108,30,0.4166666666666667,1,29,14
E01000082,2130.38171,7.664525738535811,-0.3303906744486649,0.2216206362380007,0.1653431628456855,0.4024322636873699,0.7643552407707596,0,0.0,0,0,0
E01000083,3707.97441,8.21851067803198,-0.1723822872876838,0.1475761182505032,0.1067965919430388,0.2396446263589943,0.7756814404945614,0,0.0,0,0,0
E01000084,492.38879,6.20129748393444,0.3085606599614098,0.147333573536473,0.1311772958925405,0.2408019042580625,0.6705475496320845,15,0.20833333333333334,0,15,8
E01000085,365.29094,5.903427935654149,-0.2735595906101586,0.0795251587679672,0.0653142944087252,0.1159204958443142,0.7845834765763247,26,0.3611111111111111,0,26,14
E01000086,460.19189,6.1338142036782815,-0.1819991438788719,0.0869649397776218,0.0547425770584527,0.1368954335681445,0.7481410182276279,19,0.2638888888888889,0,19,10
E01000087,4075.67162,8.313036155057342,-0.1862484495254797,0.1168594392302881,0.0907393245778716,0.1850349559103817,0.6747406095757836,14,0.19444444444444445,0,14,7
E01000088,569.3558400000001,6.346260446748214,-0.1232081504600006,0.1888248305312895,0.1624239245530528,0.3316695638406525,0.7152285972339816,21,0.2916666666666667,0,21,11
E01000090,694.37927,6.544457408948238,-0.3588526339503193,0.1467589030991665,0.1195983140452911,0.2505560880394891,0.622308460237658,23,0.3194444444444444,0,23,11
E01000091,1882.59856,7.540939353875585,-0.5664393581603505,0.1366407823025212,0.0853021740333212,0.2304507464021798,0.7698627913081366,0,0.0,0,0,0
E01000093,1785.10476,7.487792415931241,-0.1992198261798372,0.1301652738856626,0.0971545221805357,0.2165184967144133,0.7729209372381127,0,0.0,0,0,0
E01000094,1899.96005,7.550114327012476,-0.1988405756215769,0.2198520226780558,0.1411432677229186,0.4028509199323327,0.7539527401410249,0,0.0,0,0,0
E01000095,2911.23072,7.976674636947216,0.0452345872470045,0.1237793925175397,0.1017180871188388,0.1970660124690622,0.6985452699135235,22,0.3055555555555556,0,22,10
E01000096,689.84582,6.537916672966896,-0.0504495047893455,0.0753835400495722,0.065863093872193,0.1076924516987021,0.5913212941179411,26,0.3611111111111111,0,26,14
E01000097,163.92717,5.105503982518207,0.0002831135314542,0.0855723916907734,0.0753039291778172,0.1250163426434042,0.6320812062850135,24,0.3333333333333333,0,24,11
E01000098,1071.16598,6.977436161735048,-0.2142545266420802,0.0867824144303014,0.0620674024766918,0.1311956229346841,0.774533866554065,3,0.041666666666666664,0,3,2
E01000099,1255.98559,7.136471744721833,-0.2399832230559269,0.150714905893148,0.098737605739569,0.2441351217253706,0.7655942600530601,0,0.0,0,0,0
E01000101,876.97961,6.777623370130829,-0.2816556590181155,0.1421916867599692,0.0986004794341797,0.2308914326607906,0.7868916313149659,0,0.0,0,0,0
E01000104,1155.84378,7.053450696469833,-0.2870361252452299,0.0624277876029232,0.0528570132548535,0.0947138386499061,0.813480453632919,23,0.3194444444444444,0,23,12
E01000105,981.07857,6.889671315337122,-0.024828154181372,0.0507495541361177,0.0342152616787868,0.074106530073765,0.7622086326303663,26,0.3611111111111111,0,26,14
E01000106,470.59413,6.156118721596778,-0.2715176026526298,0.0767364225303872,0.0618638825775408,0.1148591138856089,0.7720412548721869,25,0.3472222222222222,0,25,14
E01000110,449.95845,6.111375206655474,-0.2562836413006578,0.1746739504503137,0.0973337649287395,0.2957902661031614,0.7693919643454115,3,0.041666666666666664,1,2,1
E01000111,956.58517,6.864414667490594,-0.0987685707065687,0.0731182044145635,0.0669010580626082,0.1067778914264777,0.7155609075854414,27,0.375,0,27,14
E01000112,1749.22865,7.467501715525516,-0.1551023932748871,0.1358887987570979,0.0876085753569151,0.2280295481444843,0.7729356995344605,0,0.0,0,0,0
E01000113,2953.30215,7.991017742897805,0.2211632934340971,0.0999870771773216,0.0819376608654823,0.1526454315388571,0.7335646519814785,4,0.05555555555555555,0,4,1
E01000114,2011.63745,7.607201305097153,-0.1536045622932701,0.1991020797510008,0.1579772339195614,0.3400215844973646,0.6739993298127005,0,0.0,0,0,0
E01000118,1245.77555,7.128315937498782,-0.2935209556809812,0.0408339206849901,0.0125892661804126,0.0580725149849244,0.7182971739977461,23,0.3194444444444444,0,23,14
E01000120,384.81483,5.955357539338859,0.0346359572472817,0.0218424274345144,0.0,0.0319831043712526,0.8125229716776099,28,0.3888888888888889,0,28,18
E01000121,159.61935,5.07903727993355,-0.3450648683884503,0.0699182774519505,0.0359788459231289,0.1041357250169145,0.6624565497141184,31,0.4305555555555556,2,29,16
E01000123,183.53364,5.21783177748368,-0.458463309505549,0.0292434673011443,0.007718040136947,0.0409125443634797,0.6127144735375883,26,0.3611111111111111,0,26,14
E01000124,347.31354,5.853103051149809,-0.1526794492377118,0.0950156449414555,0.0665464410054384,0.1539068910558212,0.7862080103526635,17,0.2361111111111111,0,17,10
E01000126,689.69366,6.537696396959126,-0.2700429057155608,0.1289870346205589,0.0921542761463111,0.2164283814244798,0.7333572758608714,2,0.027777777777777776,0,2,1
E01000127,407.94238,6.013574265922656,-0.2625112399452099,0.1473890748982736,0.1151734713122965,0.2301792244417269,0.7905718509047364,1,0.013888888888888888,0,1,0
E01000128,175.85193,5.175312828795221,-0.3617041336993003,0.0863691402192742,0.0667594606439633,0.1308856591847802,0.7200059775127304,14,0.19444444444444445,1,13,6
E01000129,8335.30012,9.02837476622414,0.0081129244330076,0.1112234468649222,0.0695882717657921,0.1790824578012408,0.7943317821777083,0,0.0,0,0,0
E01000130,1070.64712,6.976952108334936,-0.3234450955231635,0.1106571229556943,0.0630715935610978,0.1688153921573041,0.6339802816011122,1,0.013888888888888888,0,1,0
E01000131,673.35157,6.513751592128022,0.0105466301949811,0.1136157594464359,0.0804038074790558,0.1852361890434371,0.868772071105973,1,0.013888888888888888,0,1,1
E01000133,676.92957,6.519043403488546,-0.4713572048566293,0.0816929743518221,0.0370004666807508,0.1297025460782049,0.8125756433443533,17,0.2361111111111111,0,17,11
E01000134,198.29953,5.29480886896208,-0.5028734561297244,0.0668023771917159,0.0331941785237715,0.102561442386031,0.7111093127991899,29,0.4027777777777778,1,28,13
E01000135,351.19986,5.864198798560607,-0.4735873755758331,0.0931513469282134,0.0241110289736448,0.1513303344262756,0.8020673664416472,10,0.1388888888888889,0,10,6
E01000136,672.60646,6.512646053143413,0.0017013812207512,0.0728831239592911,0.0449095002744992,0.1059634064676558,0.8577654068759518,1,0.013888888888888888,0,1,0
E01000138,806.34834,6.693755223216022,-0.3294286933113795,0.1370541173309788,0.0746488794160598,0.2224859385250039,0.7470786193324231,1,0.013888888888888888,0,1,0
E01000139,3278.256,8.095371846380248,-0.3063722723301658,0.0962107809762263,0.0451034177928752,0.1535690887873349,0.7495949234821245,0,0.0,0,0,0
E01000140,2788.01492,7.933443737200846,-0.2355546504751129,0.0836320739632196,0.0426501196772648,0.1301907312395281,0.7239873545397814,0,0.0,0,0,0
E01000141,13337.33686,9.498397638533852,-0.1252239122046138,0.0899783901836606,0.0426175552110933,0.1507606661722122,0.8627943877774126,0,0.0,0,0,0
E01000143,892.29094,6.794912328486877,-0.2481196996127742,0.0619380826616932,0.0336587526037191,0.0988046464157878,0.7969207448816313,22,0.3055555555555556,0,22,12
E01000144,1412.71006,7.2539727759260435,0.164242279126971,0.0824369226902794,0.0302776707061886,0.1332583447553929,0.929806079718464,1,0.013888888888888888,0,1,1
E01000146,12464.71686,9.430737504131548,0.1838853096900589,0.0906681044337817,0.0410374608380795,0.1464808894087779,0.8352961493497183,0,0.0,0,0,0
E01000150,1173.64326,7.068719771969226,-0.1926183089058935,0.2216557525325029,0.1124381355881513,0.4179034624434357,0.7709797164052352,0,0.0,0,0,0
E01000151,1243.14333,7.126202483703952,-0.2398113096098098,0.1190728505939858,0.0771301005170498,0.1875167383108492,0.7381802084524393,0,0.0,0,0,0
E01000152,163.56078,5.103279985245962,-0.3879592650511938,0.0736020579016558,0.0724593022850587,0.1028429230793939,0.836821290175146,27,0.375,0,27,14
E01000154,1383.21973,7.232891888026739,-0.1525326203957487,0.0852548567970469,0.0526830180480436,0.1259006018537355,0.6033491321443709,0,0.0,0,0,0
E01000156,2350.38875,7.762761390038424,-0.3918443831898021,0.0942970689423185,0.0435983324035226,0.1483934596121574,0.714563980605743,0,0.0,0,0,0
E01000160,748.78141,6.6197817107162455,-0.0667730920296218,0.0523079893236131,0.0386690689877036,0.075379848152733,0.8460468348202774,21,0.2916666666666667,0,21,12
E01000161,1132.46133,7.033031353794395,-0.26329994861723,0.0794855573567355,0.0484850109628025,0.1228253814458603,0.772675359693938,2,0.027777777777777776,0,2,0
E01000162,2737.34542,7.915109155670572,-0.1886239041034141,0.0955948445848679,0.0603546884484896,0.1442019593231019,0.7871669557199532,1,0.013888888888888888,0,1,0
E01000164,3036.6691,8.018845756881136,-0.2648217219320999,0.0858329114621016,0.0477661230853239,0.1303668684902975,0.7376007280183845,0,0.0,0,0,0
E01000170,479.61152,6.175059293052545,-0.2471343890989107,0.0555075908101623,0.0277014196823295,0.0801701932622247,0.7098424321506844,27,0.375,0,27,14
E01000171,1963.27381,7.582877893657404,-0.0593943592615845,0.0563018767107171,0.0243060645728269,0.082737655918763,0.6535878624086068,20,0.2777777777777778,0,20,14
E01000172,138.08132,4.935058798035088,-0.2583990361621688,0.0634789702184191,0.0356759335730568,0.0889203823513747,0.5474138349544022,23,0.3194444444444444,0,23,14
E01000173,128.67479,4.865029700802954,0.1384704027883005,0.09427588729696,0.0566536770722532,0.1389713653869374,0.7299831917157642,22,0.3055555555555556,0,22,13
E01000174,808.55397,6.696483441679726,-0.2312400123395597,0.0651986038730352,0.0323855066842353,0.0971403599286827,0.7376958815751208,19,0.2638888888888889,0,19,12
E01000175,138.18180999999998,4.935781064074203,-0.3306644340524994,0.1118439539907604,0.0661534249696107,0.1720120382159933,0.5885785515178138,28,0.3888888888888889,1,27,14
E01000176,297.07122,5.697332451239649,-0.3514487872638757,0.0623113204974887,0.0460131075639033,0.096935098901199,0.7920740907305689,21,0.2916666666666667,0,21,10
E01000178,460.39984,6.134264998968895,0.0228932312400456,0.076840556677865,0.0404443016313819,0.115636852082093,0.8391583834572579,2,0.027777777777777776,0,2,1
E01000180,81.14881,4.408532358681462,-0.0731809868807688,0.0982291668848871,0.0630430686537485,0.1341725873970499,0.8195705178093411,15,0.20833333333333334,3,12,5
E01000181,422.30198,6.048085825049602,0.0059259963687595,0.0669283624954825,0.0323411460206745,0.1013924358190341,0.7983860365523933,6,0.08333333333333333,0,6,4
E01000182,1786.49415,7.488570001835535,0.0779065467412809,0.0996330438585539,0.0479320293324218,0.1582298935594288,0.782946869308543,0,0.0,0,0,0
E01000183,543.0269000000001,6.298998694162816,-0.1568514193311602,0.1013485151472238,0.0671211683988399,0.1511110643727169,0.7439746958300367,3,0.041666666666666664,0,3,2
E01000184,460.3043,6.1340579120030965,-0.367465913309956,0.1148112237926084,0.0599206655249581,0.185730845699317,0.7852411190891677,2,0.027777777777777776,0,2,1
E01000185,544.66455,6.302004409648465,-0.4212421939338626,0.0726468061855687,0.035588124837572,0.112595078592612,0.7005543629071873,7,0.09722222222222222,0,7,4
E01000186,665.03004,6.5013347746282895,-0.263141977766899,0.0874299452698407,0.0574977485227584,0.130479031081404,0.6629638927739065,2,0.027777777777777776,0,2,1
E01000188,774.62766,6.653672585445336,-0.7682761805846179,0.0505358019361198,0.0221933205948261,0.0771073165030102,0.5958675892902843,24,0.3333333333333333,0,24,14
E01000191,466.57572,6.147561303527794,-0.1132582295538225,0.0931166113830355,0.073570952213287,0.1390606682070285,0.6618880682478663,11,0.1527777777777778,0,11,2
E01000192,308.11357,5.733708749824372,-0.0380807310758821,0.0398691949854724,0.0177543624579728,0.0563077961259397,0.7019810787408444,12,0.16666666666666666,0,12,6
E01000193,14042.69279,9.549928662227078,0.0171979230487744,0.0833824066018038,0.0546173409523117,0.1297927063375815,0.8002948932956966,0,0.0,0,0,0
E01000194,3120.1911,8.045969970771157,-0.1964798758640135,0.0878586058398794,0.0553978408566065,0.130763836659585,0.7308298745581887,0,0.0,0,0,0
E01000196,3200.616,8.07141096131823,-0.0654567870684892,0.0912961098738492,0.0427092722150985,0.1386436900960092,0.7018486672737989,0,0.0,0,0,0
E01000197,373.81559,5.926434145016807,-0.1396298372681567,0.1050565333564605,0.0479012927202955,0.1594286014929833,0.8053637807736803,1,0.013888888888888888,0,1,1
E01000198,343.29256,5.841491761049134,-0.2335877014054717,0.029752844046489,0.0037743899838668,0.0413943951993844,0.9121381353597262,27,0.375,0,27,16
E01000200,374.78258,5.929010731461111,-0.2368028417969693,0.0390731874464389,0.016038365497137,0.0513499734605571,0.7922666521021308,24,0.3333333333333333,0,24,14
E01000201,550.2304,6.312152870573387,-0.2209735776140322,0.0667100182032835,0.0292939103328351,0.0983765352890993,0.6154334415553481,1,0.013888888888888888,0,1,1
E01000202,394.36934,5.979820366000108,-0.1320750238849703,0.1152407537563645,0.0765275262017072,0.1850164256689222,0.7065694984521116,7,0.09722222222222222,1,6,4
E01000203,1789.07856,7.490014786139895,-0.0212931175029004,0.1144538225308563,0.0724100958428566,0.1851194092173494,0.6929682431128646,0,0.0,0,0,0
E01000205,290.77562,5.675985082221188,-0.4262014814034271,0.0846360159080737,0.0537463904298441,0.1226464953705228,0.5303393771749495,5,0.06944444444444445,1,4,1
E01000206,273.74607,5.615847289268781,0.1922313989749697,0.0130835120299626,0.0094664738017974,0.0162119424632569,0.8769082209969673,23,0.3194444444444444,0,23,8
E01000208,4891.97112,8.495554988962283,0.270675812983949,0.0600969308257077,0.0252183438891601,0.0925468408903799,0.7111745685272826,0,0.0,0,0,0
E01000210,1206.21446,7.0960708855131145,-0.1130387045766306,0.0609610417039769,0.0347209815408778,0.0894249408836825,0.6712681520354254,3,0.041666666666666664,0,3,2
E01000211,4185.06838,8.339517238276251,-0.2326220055692376,0.0873918671790017,0.0463546643412311,0.1357753353492556,0.7028589267792618,0,0.0,0,0,0
E01000213,118.5148,4.78344021307525,-0.0710034527333294,0.0192811361956481,0.0,0.0236993170539459,0.580205791331032,35,0.4861111111111111,2,33,18
E01000214,11681.54068,9.365850756699912,-0.1472536001133028,0.1104084859463931,0.0550090367018265,0.1809519112381809,0.8072999034420004,0,0.0,0,0,0
E01000215,963.33649,6.8714402897212645,-0.1001123190091138,0.0779535507888837,0.0388163641553742,0.1184638336401825,0.7623895903049007,0,0.0,0,0,0
E01000218,1829.69961,7.51245347332368,-0.0766356997802497,0.1013347759307879,0.0428976098431807,0.1619352133205394,0.7610781921027003,0,0.0,0,0,0
E01000219,773.4444,6.652145869029539,-0.1183818772234953,0.0753910300468915,0.0568554766186166,0.108941609712374,0.7166204789547593,6,0.08333333333333333,0,6,2
E01000221,2097.4364,7.648947774951966,-0.018639563993454,0.0928507486567888,0.0552188280893761,0.139543109148393,0.7141221102467651,0,0.0,0,0,0
E01000222,1186.48898,7.079596255865737,-0.3816337341793094,0.0789241380059004,0.0376120813191202,0.1243721632710589,0.7454720974079284,3,0.041666666666666664,0,3,2
E01000223,5097.78309,8.536757180436647,-0.0981378534879953,0.1488495835549566,0.1041951276902996,0.2463803310174676,0.8392346362943699,0,0.0,0,0,0
E01000224,157.5044,5.065782353184392,-0.0286634532114657,0.0694584405261059,0.0429594347840441,0.1041157370031273,0.8605088903964923,22,0.3055555555555556,0,22,13
E01000226,533.4284299999999,6.281197820657673,-0.4021180685851334,0.0975122567051778,0.0705139581705459,0.1536814442303111,0.7000021371227444,26,0.3611111111111111,0,26,13
E01000227,337.31252,5.823970083674135,-0.0953992457795518,0.0579912064930172,0.0442871494956665,0.0819965083128252,0.7890366022363362,24,0.3333333333333333,0,24,13
E01000228,191.21096,5.258593518843792,-0.1696202979159771,0.0766696637054696,0.0601056550314898,0.1147355844446945,0.7059797525587443,27,0.375,0,27,14
E01000229,519.14689,6.254111252454523,-0.3379596668680804,0.1655916305306192,0.1204237975883858,0.2858819673777547,0.7387911931261626,6,0.08333333333333333,0,6,2
E01000231,887.19387,6.789190041235447,-0.4606412463151938,0.1156503144008423,0.0837769426878479,0.1872692449324778,0.64954754133638,2,0.027777777777777776,0,2,0
E01000232,460.37947,6.134220849734549,-0.1749405767377072,0.0788912893965493,0.0524111555191633,0.1194101547814374,0.7416648987525997,10,0.1388888888888889,0,10,3
E01000233,959.59432,6.867552176242183,-0.1908141348731618,0.0494469475392476,0.0345613758947635,0.0702237881245056,0.800401028921979,18,0.25,0,18,12
E01000234,260.66019,5.567046677215616,-0.3061165189820509,0.0532346730814552,0.0309230956978892,0.0820979973490628,0.8397514332698289,23,0.3194444444444444,0,23,13
E01000235,1040.9791,6.948877164530583,-0.3058641234968117,0.0978453361839829,0.0735242907374413,0.1509198842242184,0.7828613504170024,16,0.2222222222222222,0,16,10
E01000236,1114.73856,7.017271850263896,-0.0464449350348121,0.1026771694342393,0.061061779364661,0.1617647863162533,0.7871781331715288,0,0.0,0,0,0
E01000237,9514.11709,9.16063708548743,-0.0070887975586182,0.1052413156710477,0.0537261508519021,0.1703972678840144,0.7318618141717709,0,0.0,0,0,0
E01000239,1621.63415,7.391806126208121,-0.3170043070442245,0.145832739153896,0.085203052735415,0.2442461387913019,0.6925800885679456,0,0.0,0,0,0
E01000240,731.79626,6.596867709635106,-0.3463369708940573,0.1579238461809028,0.0946725253829529,0.2632294468926052,0.7503880101290491,3,0.041666666666666664,0,3,1
E01000242,378.26629,5.938238570503279,-0.1861138353089829,0.041603548653516,0.0139897213679812,0.0604928322934723,0.6786396445083024,21,0.2916666666666667,0,21,14
E01000243,2818.45495,7.944298865109301,-0.1664710482599695,0.0604186914536278,0.025285463583514,0.0888649453520645,0.6958414947584688,18,0.25,0,18,12
E01000244,1702.46786,7.440421369884586,-0.1037582230774095,0.0571802630094878,0.024049928319939,0.0927734185514358,0.7245573959628044,18,0.25,0,18,12
E01000246,94.26856,4.55669985066796,-0.1358658708693545,0.0344176255582985,0.0075783484971023,0.0465532848941943,0.8759137990776114,25,0.3472222222222222,1,24,14
E01000248,2227.50767,7.709087434157667,0.0388928716909872,0.0546068736993394,0.0360524011124953,0.072588642319728,0.6799953770827388,0,0.0,0,0,0
E01000250,6880.9298,8.836654385782296,0.0686506436964376,0.0719594755929642,0.0414603779274132,0.1088571410185884,0.7740275747853578,0,0.0,0,0,0
E01000251,1704.96708,7.441887431265208,-0.14553911504262,0.0613733316188134,0.0298606469281506,0.0891544341379311,0.7517370701727218,20,0.2777777777777778,0,20,14
E01000252,92.43814,4.537299613059876,-0.132799729635408,0.0247560152119027,0.0023444868103144,0.0310067436008958,0.7171907556952611,28,0.3888888888888889,1,27,16
E01000253,182.99031,5.21488309317876,0.0395522036112185,0.039829923234733,0.0203395469410374,0.0554918971136103,1.314183562269646,26,0.3611111111111111,0,26,14
E01000255,427.95487,6.061351715259107,-0.0432255158119826,0.0418198769416971,0.0244091158490613,0.0558147927716353,0.5672964729064904,24,0.3333333333333333,1,23,13
E01000256,609.96316,6.415036662754785,-0.3226485350361159,0.0948570402186256,0.0607715226604833,0.1380062210407937,0.6494884712346127,7,0.09722222222222222,0,7,4
E01000257,2180.48817,7.687762569674791,0.0170783636950435,0.0347018897149072,0.0160357164423414,0.0482335151238693,0.6917210511787641,19,0.2638888888888889,0,19,12
E01000258,304.20109,5.720970870832496,-0.2493328672819679,0.12073290072695,0.0864717480137891,0.1841883795625416,0.6440420930765544,4,0.05555555555555555,0,4,2
E01000259,462.68442,6.139204191523047,-0.1548124313327862,0.0361701394656859,0.0189012199719195,0.0502837205787596,0.7462128747632668,23,0.3194444444444444,0,23,13
E01000260,811.33798,6.699916485088459,-0.3888752255872454,0.1564394286090243,0.0866722891488452,0.2740803012564675,0.7850994146474328,1,0.013888888888888888,0,1,0
E01000261,382.11927,5.948346350624312,0.1141415087493493,0.0402114240404573,0.0107614044170031,0.055208247513357,0.7738384968917041,21,0.2916666666666667,0,21,14
E01000263,568.4509,6.344672563191497,-0.1742530093628139,0.1404060579374577,0.0879563037018676,0.2369306387450855,0.7574184696640892,0,0.0,0,0,0
E01000264,4710.16776,8.457691088339837,0.0449386838824611,0.0635308114800564,0.0440309794825651,0.091107591037662,0.6855525406845242,5,0.06944444444444445,0,5,3
E01000265,1210.09994,7.099284266985265,-0.3808201990324865,0.1010915015829188,0.0702450741382567,0.1653436000933205,0.7332997387128863,14,0.19444444444444445,0,14,7
E01000266,102.81407,4.642601510678783,-0.01850787542989,0.0377416242737983,0.0273824389988646,0.0513832971477573,0.8521054319056897,29,0.4027777777777778,2,27,12
E01000268,2407.74198,7.78685989019527,-0.1415695381113884,0.0947041675952337,0.0607313620872283,0.1475738126805908,0.8602938762069071,0,0.0,0,0,0
E01000269,485.10003,6.186414425767104,-0.243483081211106,0.1074327288744962,0.0703146318090312,0.1640716330463129,0.9244593485578694,2,0.027777777777777776,0,2,1
E01000271,403.94971,6.003762886556948,-0.3551708701560895,0.0760339449185394,0.0336368603903688,0.1058062170486897,0.8929540509319125,4,0.05555555555555555,0,4,2
E01000273,2359.04093,7.766434241089603,0.0269632498491664,0.0644907504847743,0.031504565713491,0.0968224495082482,0.7740152597269162,3,0.041666666666666664,0,3,2
E01000274,934.5178,6.841100172791279,-0.3887994214770441,0.0935868530273045,0.0408504899532143,0.1511405768783513,0.7547985563686669,14,0.19444444444444445,0,14,7
E01000278,397.98922,5.988934398981024,-0.1407364752241279,0.0166199476458181,0.0075874416900035,0.0218844321890824,0.7529894525024482,25,0.3472222222222222,0,25,13
E01000279,160.68262,5.085635277813153,0.0002855318142062,0.0353376114977463,0.0281944618528127,0.0486349613024118,0.7745967055528137,28,0.3888888888888889,0,28,14
E01000281,2604.5761,7.865409081368528,-0.0574094033958154,0.083234077898511,0.0463227048731653,0.1265011093774847,0.8302070338189574,0,0.0,0,0,0
E01000282,947.41409,6.854791210681483,0.295614191256117,0.0559122674647999,0.02169530748693,0.0875088283904616,0.7766983723537169,26,0.3611111111111111,0,26,14
E01000284,542.02842,6.2971616574225004,-0.0576555007945892,0.0997473158326273,0.0538256831625175,0.15617582653624,0.8076987474832944,1,0.013888888888888888,0,1,0
E01000285,344.48546,5.844950558385847,-0.7100295031320044,0.04483887360587,0.012283479250474,0.0644820913345382,0.7311256716082932,26,0.3611111111111111,1,25,14
E01000286,511.51278,6.239325647287018,-0.2157930834103499,0.0464591324580394,0.0251449435926117,0.0686790551978467,0.7889885480197851,24,0.3333333333333333,0,24,14
E01000288,487.3798,6.191093381839861,-0.3524292964131874,0.0777774130154758,0.0324888926459406,0.1288447211859748,0.739883742216825,10,0.1388888888888889,0,10,7
E01000289,154.84743,5.048877515862431,-0.2937018069980238,0.0328256013031666,0.005575940136688,0.0499364172662096,0.9844229347868808,27,0.375,1,26,16
E01000290,231.90961,5.450650438383382,-0.3586178684014001,0.0393406724283655,0.0357116723192281,0.0581698890928238,0.7753812346454642,30,0.4166666666666667,0,30,14
E01000292,244.6229,5.503797432968657,-0.2970592695941385,0.0385629881748601,0.0106309752684642,0.0556384064776399,0.7446083890352837,25,0.3472222222222222,0,25,16
E01000296,4750.04233,8.46611931085045,0.1581217087806458,0.0633989739624067,0.026659892944575,0.0992184926033171,0.7209497842582964,0,0.0,0,0,0
E01000297,303.71393,5.719373402045455,-0.213516350731756,0.0336936142507523,0.023119584933098,0.0456121339485423,0.7154949731162614,27,0.375,0,27,14
E01000298,2027.21249,7.61491013732874,0.0424169791889946,0.0984448502485301,0.053072714641769,0.1475444387611519,0.7824042555619578,0,0.0,0,0,0
E01000299,3345.95874,8.115807373677919,-0.2724369458303601,0.0775993699193074,0.0320320805868634,0.1204483402454449,0.7927381928082287,0,0.0,0,0,0
E01000301,176.18777,5.177210017730434,-0.0742258670962234,0.0384383093105724,0.0257942988891907,0.0500522409123095,0.6679683589860057,24,0.3333333333333333,0,24,12
E01000302,1521.06896,7.327825846199423,-0.1691500693038926,0.0913522618987636,0.0465454833816344,0.1457351063501755,0.7623126417941879,1,0.013888888888888888,0,1,1
E01000305,1820.61016,7.507476092248249,-0.1513651115733639,0.1504948099377848,0.0863519953112861,0.259404635792011,0.7796430907952524,0,0.0,0,0,0
E01000307,11963.23501,9.38967706265287,0.0954131444417725,0.0473520489672299,0.0299157518598307,0.0641097358594007,0.8200121886270977,0,0.0,0,0,0
E01000309,819.42841,6.7098266550476895,-0.3350701618949238,0.108713816744528,0.0502790109510603,0.1867025043835687,0.8573481371581064,0,0.0,0,0,0
E01000313,7118.86543,8.87064410394651,-0.0267713432532184,0.1398020639364719,0.0813130456941366,0.2312385566655854,0.7611126836590514,0,0.0,0,0,0
E01000314,1634.67404,7.399810255257567,0.0652837552861608,0.1428650998825429,0.0764779870120161,0.2432457013450285,0.7054062402999831,0,0.0,0,0,0
E01000315,161.96948,5.0935629440115,-0.1241227668323686,0.0075370989645703,0.0006682740476786,0.0093958184997984,0.6524817108669762,30,0.4166666666666667,1,29,16
E01000316,2927.76438,7.982335899754467,-0.029090804089911,0.0811740663365813,0.0478015344937012,0.1278601692886357,0.879303804823659,0,0.0,0,0,0
E01000318,319.18626,5.7689028889611,-0.0297712063169636,0.1152594099758554,0.0836483688238961,0.169344185891291,0.5482045079857116,6,0.08333333333333333,0,6,3
E01000321,1227.82166,7.11381098919118,-0.1299000214738026,0.0703314844600477,0.0322657200883717,0.1024998615404399,0.727986480345392,1,0.013888888888888888,0,1,0
E01000323,11392.4263,9.34079182771072,0.0213666916590015,0.0965937870495594,0.0553604011465055,0.1580600304640962,0.8247422801730009,0,0.0,0,0,0
E01000324,417.02226,6.035534684695351,-0.1843341408202046,0.0880021848234192,0.0497311582360135,0.13331262988619,0.7342494645507848,8,0.1111111111111111,0,8,3
E01000325,137.29124,4.929361896100623,0.169822488310252,0.0794355852565684,0.0613688098381222,0.1136455740655156,0.6875081738297671,19,0.2638888888888889,1,18,10
E01000326,328.52466,5.797651191809817,-0.3228724443394904,0.1282870820108298,0.105965348232915,0.1991424754610253,0.6189032016008004,19,0.2638888888888889,0,19,9
E01000327,173.14755,5.159902928381152,-0.2114311753183917,0.07690042394478,0.0489359508696484,0.1155370559097994,0.752921051469987,11,0.1527777777777778,1,10,3
E01000329,203.62667,5.321187196928613,-0.1807033921440644,0.1023181295456042,0.0834070507561706,0.1571936422687454,0.7541615340648729,21,0.2916666666666667,0,21,8
E01000330,516.1111999999999,6.248257938421147,-0.0986573823625606,0.1143427617924199,0.0716838735528312,0.1810891657681289,0.7885079765925549,4,0.05555555555555555,0,4,3
E01000331,290.33471,5.674472812376719,-0.0796295764981045,0.1616356514865205,0.1240886079380588,0.2709792585130476,0.792713254822228,4,0.05555555555555555,0,4,2
E01000332,853.48136,6.750494688391446,-0.3412597786552713,0.0950232469048884,0.069768166934542,0.1426992522840473,0.71828654496953,21,0.2916666666666667,0,21,12
E01000333,935.18222,6.84181013701718,-0.2672733662536911,0.1242560620966467,0.0914603680125569,0.2006105323116465,0.6757620395443751,20,0.2777777777777778,0,20,12
E01000334,131.25746999999998,4.884750553075199,-0.3583455478762467,0.1943586905949048,0.1219762197153426,0.3532590536113706,0.6512290304054517,22,0.3055555555555556,0,22,12
E01000335,2830.24788,7.948472840445191,0.1249302375592628,0.126317257412803,0.1111510593199349,0.1903739601840736,0.7394706033920403,15,0.20833333333333334,0,15,8
E01000336,669.22311,6.507610656952817,-0.1702644578427663,0.1531118971668506,0.136141966167307,0.2501151521480251,0.8288568171276978,24,0.3333333333333333,0,24,12
E01000338,219.70367,5.396820942032452,-0.4727772185143744,0.1046826391202295,0.0655358647399927,0.1616479017054898,0.7290307198844674,22,0.3055555555555556,1,21,12
E01000340,472.38566,6.159910405112848,-0.2963691150150493,0.1277768677398039,0.0833867183859899,0.2170040705906512,0.8113814262555414,7,0.09722222222222222,0,7,3
E01000343,256.37857,5.550548036062828,-0.2834007928197743,0.1834173191620501,0.101180609596192,0.3231313851649847,0.7646337607501622,3,0.041666666666666664,0,3,2
E01000344,356.40596,5.8788722785795695,-0.3093459492091546,0.0305993760598167,0.0182721972438395,0.044464010888786,0.8587540113834539,25,0.3472222222222222,0,25,14
E01000345,134.84382,4.91150584348684,-0.1816023900835797,0.1014227422509982,0.0822725876499197,0.1495311540230267,0.8938512681681877,23,0.3194444444444444,1,22,11
E01000347,1053.50505,6.960826788906888,-0.1177463079080637,0.1163968791606646,0.0724008584486614,0.2002787233343029,0.8073559821816239,1,0.013888888888888888,0,1,0
E01000349,209.06675,5.347425337354446,-0.2165030546464227,0.0951415755972673,0.0558036129609323,0.1439353093098877,0.7163760494875572,11,0.1527777777777778,1,10,3
E01000350,327.55365,5.794700142702348,-0.0973424964124197,0.0602684781561738,0.0487875192353985,0.0882087355386276,0.8127418906879526,22,0.3055555555555556,1,21,11
E01000352,698.20173,6.549939298594557,-0.1293205188706707,0.1265504168830976,0.0870719985182505,0.2145571507240714,0.7593207087256135,5,0.06944444444444445,0,5,2
E01000353,213.95934,5.370448893963855,-0.4740660538586443,0.0167036409815061,0.0072963395755473,0.023446944195105,0.6719033497719448,29,0.4027777777777778,1,28,14
E01000354,255.07878,5.545485131514051,-0.3774102259701885,0.0594316391194908,0.0340743749832894,0.0866044475430609,0.7418037300052237,18,0.25,0,18,10
E01000356,1606.69361,7.382555890538884,0.1565375803044365,0.0754039782357757,0.0516875460779357,0.1138510687676446,0.7228953420890359,13,0.18055555555555555,0,13,7
E01000358,233.07434,5.455638757211878,-0.3710648714054066,0.0160123160704863,0.00096475656651,0.0229379191388658,0.616184143632079,27,0.375,0,27,14
E01000359,349.04991,5.858075744317046,-0.5753260042381905,0.0174387668514224,0.0,0.0246968188574148,0.6053453444286115,30,0.4166666666666667,0,30,18
E01000360,4688.98768,8.453185234571203,0.0179324676749844,0.1001867976756978,0.0612484867949151,0.1601391992184076,0.8302443214447025,0,0.0,0,0,0
E01000362,11846.1363,9.379841454910943,0.1444207357296741,0.084325982303614,0.0612999674839128,0.1279946967752321,0.8316235637878375,0,0.0,0,0,0
E01000363,96.77814,4.582701034674625,0.0227026475193675,0.0189007558938413,0.0058682673587237,0.0232120427810798,0.5620474579068637,29,0.4027777777777778,2,27,14
E01000367,429.12918,6.064085582175626,-0.396624158720691,0.1496482248072713,0.0926457622853798,0.2540695951802658,0.7934588287889227,2,0.027777777777777776,0,2,1
E01000369,186.51172,5.233841350123672,-0.1236198990604986,0.1376214856632065,0.099016887517846,0.2203233071199616,0.8390809441873108,8,0.1111111111111111,0,8,4
E01000370,1266.21623,7.144577828743294,-0.0624778044426108,0.1276866511180321,0.1004122731865473,0.1973351350741742,0.7699397186538877,1,0.013888888888888888,0,1,0
E01000374,280.01104,5.63839395681821,-0.3444416334441671,0.0661868546325887,0.0566340527144929,0.090562258513919,0.6484623556675572,30,0.4166666666666667,1,29,14
E01000375,172.83764,5.158121760154229,-0.3322615374752861,0.1298146051982658,0.1003951454092985,0.2114713687511522,0.7821857574546797,20,0.2777777777777778,0,20,7
E01000383,224.75336,5.419443075907264,-0.0473632073843078,0.0500130899044178,0.0197516958144696,0.0683570537884263,0.7834184021916746,26,0.3611111111111111,0,26,14
E01000384,402.07389,5.999119895016079,-0.2643012954658658,0.1136368989291993,0.0794810874190313,0.1728722124287027,0.743259386599496,10,0.1388888888888889,0,10,7
E01000385,191.63707,5.26080795228718,-0.0453385662805217,0.0530693774435186,0.0427920339212032,0.0709646028276959,0.5654832416227573,27,0.375,0,27,14
E01000386,1763.74275,7.475760208036515,-0.1577387121789728,0.1527276015734154,0.1166004282654032,0.2443661595739084,0.6187945752268258,0,0.0,0,0,0
E01000389,705.8817,6.56086332516322,-0.0712002308602135,0.1236310701920732,0.0792147041069346,0.1815256347891578,0.6639647934312097,1,0.013888888888888888,0,1,0
E01000392,3536.46264,8.171164980764981,-0.068881734319693,0.1095656901948779,0.0749250160324046,0.1676794365496202,0.7425235288799915,1,0.013888888888888888,0,1,0
E01000394,484.92408,6.186052397706048,-0.0832089427276946,0.09140362755341,0.0620241626276839,0.1320548081519536,0.8834307630281667,7,0.09722222222222222,0,7,2
E01000398,229.28884,5.439334347120138,-0.3038534278423669,0.1514991745782306,0.1280115072325369,0.2395595236321887,0.6177426913960627,21,0.2916666666666667,0,21,11
E01000399,667.82449,6.505521678923042,-0.2345016877113926,0.1701535533684905,0.1138181680039916,0.2884457500754731,0.8106999120304926,2,0.027777777777777776,0,2,1
E01000400,942.92651,6.850048313538794,0.022803420809539,0.0931508649597729,0.0599515650482665,0.1433037649387024,0.6572594270238167,16,0.2222222222222222,0,16,9
E01000402,207.02062,5.337637209403192,-0.1871425174941511,0.158819976483502,0.1444018475067846,0.2455417483950249,0.7865092674749283,20,0.2777777777777778,0,20,10
E01000403,4163.57343,8.334369131588778,-0.0921489332301748,0.1516372391683746,0.1259285584402434,0.234319250201594,0.6872124681851347,0,0.0,0,0,0
E01000404,1120.27159,7.022218668483054,-0.2576871828018061,0.1522003963342496,0.114286759695477,0.2466954206837592,0.7254086901235725,17,0.2361111111111111,0,17,8
E01000405,302.38291000000004,5.714995737048436,-0.2478420820806307,0.5181212456748961,0.4947400301161199,1.5667000731195322,0.7398965070748212,19,0.2638888888888889,0,19,10
E01000406,856.22667,6.75370237604123,-0.3402862118275292,0.1334508185782159,0.1009677145422251,0.2116041846180011,0.8095246922139299,15,0.20833333333333334,0,15,8
E01000407,476.97988,6.169568639555352,-0.1798725765958933,0.0922676235316257,0.0822797389273526,0.1244384692092983,0.6767218708190073,25,0.3472222222222222,1,24,12
E01000408,1372.78655,7.225326111369357,-0.2508836716093992,0.2875782109024888,0.2452896919772414,0.5406835421308624,0.7703795520043313,15,0.20833333333333334,0,15,8
E01000409,535.0042,6.284141996860997,-0.2858577185001539,0.1218804637421538,0.0838833975508977,0.1968266109369347,0.6608224164808931,17,0.2361111111111111,0,17,9
E01000412,173.39434,5.161319056819792,0.2065427279806249,0.0300271623629698,0.0,0.0384935400994399,0.5461571895849541,27,0.375,1,26,18
E01000413,193.55277,5.270703437314297,-0.2305852300641318,0.1962304130289636,0.0669394191568532,0.3620505662881689,0.7815455317242038,14,0.19444444444444445,0,14,8
E01000414,3875.11604,8.262588910643016,0.0369269045166451,0.1228066631005971,0.0731508365359815,0.2010520000311111,0.8033195661840197,0,0.0,0,0,0
E01000416,8483.20313,9.045961258113651,0.596913127317747,0.0879849437249064,0.0611002214678784,0.1419571365777291,0.636221621863564,0,0.0,0,0,0
E01000417,2028.53787,7.615563395873277,-0.6429067405086206,0.1482117117192394,0.1269817210757815,0.2308237994634362,0.6960819139906212,19,0.2638888888888889,0,19,12
E01000418,542.43716,6.297914078901483,-0.5780818556014857,0.2017944345848282,0.1015072603064288,0.378531572435495,0.7959848628634218,10,0.1388888888888889,0,10,6
E01000420,353.35952,5.870311990988224,-0.4737924706259506,0.1247617723727947,0.0568329105722126,0.2159625434281259,0.7358505136466956,17,0.2361111111111111,0,17,10
E01000421,195.00772,5.278154046209942,-0.3361852546145353,0.1046346780527457,0.0560318329961501,0.1609050205080352,0.828584320682214,18,0.25,0,18,8
E01000422,1343.76675,7.203975856922591,-0.1850509919225192,0.1398553729655834,0.1087334911360174,0.2226428460355172,0.7746294950796168,0,0.0,0,0,0
E01000423,117.98525,4.778999535849313,-0.1364957907874078,0.0822890996967841,0.051076554060783,0.1242855491502628,0.7462386351009178,14,0.19444444444444445,1,13,5
E01000426,552.5308699999999,6.316317522951195,-0.1914722158419854,0.0972743296677704,0.0731753322669555,0.1479139283897941,0.7289763805938545,7,0.09722222222222222,0,7,3
E01000427,119.22866,4.789395429619876,-0.1394944806055859,0.140244048704397,0.1014085874990124,0.230253556781963,0.655567069680421,9,0.125,1,8,3
E01000428,2919.20355,7.979408601736885,-0.1161446278729004,0.0799055105287193,0.0597842791743658,0.118390886312937,0.754762941861211,5,0.06944444444444445,0,5,2
E01000429,271.30512,5.606923202293983,-0.1648729666436077,0.2398052421568749,0.1751126923074654,0.4985404026030611,0.7928291982322931,2,0.027777777777777776,0,2,0
E01000430,458.63513,6.130432979084848,-0.1496838020236261,0.2233240179399253,0.1836523512710419,0.3986850555033659,0.7421623420284719,0,0.0,0,0,0
E01000431,93.68356,4.550540384276888,-0.1327861579982656,0.0603476212902242,0.0568430576293215,0.083542253739658,0.798831678199229,31,0.4305555555555556,1,30,14
E01000433,1216.53761,7.104585745650054,-0.1419954373625982,0.1276307273393709,0.105046682444943,0.2015022514434817,0.7238725720537353,1,0.013888888888888888,0,1,0
E01000434,1314.11948,7.181682799799996,0.0267350271681536,0.1235312256386306,0.0949793241022498,0.1973721907785881,0.7162803781906733,0,0.0,0,0,0
E01000436,193.76675,5.2718026887545895,-0.2391175472572048,0.0894656590978586,0.0738100835153606,0.1304444993079894,0.8197437023869121,19,0.2638888888888889,0,19,10
E01000439,723.59953,6.5856191298270375,-0.1534348840718567,0.1494690578364527,0.1350689517446204,0.2425157044409096,0.7268469034116505,13,0.18055555555555555,0,13,7
E01000441,148.5459,5.007603369120069,-0.2421538393183521,0.1618964239336124,0.0966443368682676,0.2742842068442372,0.9758163113846748,7,0.09722222222222222,1,6,2
E01000442,713.8265,6.5720398559052935,-0.2377592314098734,0.1305064746125284,0.1041765471021319,0.2093456649377407,0.746931174889073,13,0.18055555555555555,0,13,6
E01000443,184.73573,5.224324856959026,-0.3478000168132066,0.0519565976760424,0.0278061531464433,0.0780374724979261,0.7757194197655866,27,0.375,1,26,13
E01000444,281.19294,5.642591021387835,-0.5915215367782705,0.1839913548327351,0.1643082504133994,0.2944301574562116,0.6663104187400097,29,0.4027777777777778,2,27,12
E01000445,342.5326,5.839282012544908,-0.2492348465518318,0.0555910298756964,0.0313386229515088,0.0816117184404414,0.8624753594424795,24,0.3333333333333333,1,23,10
E01000447,1364.95924,7.219612200739718,0.1158977611668463,0.0772714429186911,0.0408422891807377,0.1260732103962077,0.8666780289563367,0,0.0,0,0,0
E01000448,368.20117,5.911341671637761,0.0671639636560633,0.0999128003857239,0.0677759932158825,0.1558766493512337,0.7915891435016225,9,0.125,0,9,3
E01000450,327.91108,5.7957874406786605,-0.1676439844606654,0.0997039197333618,0.0857634026883141,0.1458342802772214,0.68586185085841,19,0.2638888888888889,0,19,7
E01000451,913.10397,6.817944317720028,-0.3732847531042932,0.1820370138134434,0.1164981245235414,0.3279012863941519,0.7084147464654718,12,0.16666666666666666,0,12,6
E01000454,555.66019,6.321954981944468,-0.2936945869741001,0.0942316202281829,0.0600177241417996,0.1498764539035837,0.7056619310867431,17,0.2361111111111111,0,17,7
E01000455,247.29282,5.514608775462922,0.0079885861627523,0.1010540055307711,0.0680398242051669,0.1512607091853096,0.6977158367912953,21,0.2916666666666667,0,21,9
E01000457,2900.7834000000003,7.973080792478001,-0.034616559099173,0.090605413696176,0.0607411846055103,0.1413737300139999,0.7965110699964892,2,0.027777777777777776,0,2,1
E01000459,603.76589,6.404841424465327,0.0033352828196372,0.0803702242933929,0.0489501485418462,0.1266777595333206,0.8245989329684799,3,0.041666666666666664,0,3,2
E01000461,226.85305,5.428700903619861,-0.0784067483333373,0.0519727638663002,0.0257017483344394,0.0766285113634317,0.8506785274711874,25,0.3472222222222222,0,25,13
E01000462,4065.80626,8.310613267693615,0.1050208526168189,0.0753153078179381,0.0512909560033979,0.1164872062624548,0.6700543656874767,12,0.16666666666666666,0,12,6
E01000463,200.91792,5.307861278190441,-0.2569187457246223,0.0533311812107153,0.0373472411022371,0.0750304230191356,0.7895605615795291,20,0.2777777777777778,0,20,9
E01000465,604.16222,6.405496554321224,-0.231543508298152,0.1429382989224317,0.1145197063133143,0.2377104507969629,0.6161626242376662,19,0.2638888888888889,0,19,10
E01000466,1087.59389,6.992642133270771,-0.3527474119958507,0.1107466593068116,0.0685259274488936,0.1760216954619264,0.7050756551544286,17,0.2361111111111111,0,17,10
E01000467,2645.66759,7.88105661443951,-0.3302283300072479,0.1413864165754852,0.1075154116394493,0.2363376598048225,0.7580645794804028,0,0.0,0,0,0
E01000469,993.04926,6.901786762772714,-0.3559689073228855,0.1509696004405662,0.0992169713715913,0.2526772587340701,0.7415515048283079,1,0.013888888888888888,0,1,1
E01000470,1231.74051,7.116995026838952,-0.179151540611423,0.1541199939912668,0.1163717510598072,0.2690848089593484,0.7461980019561337,0,0.0,0,0,0
E01000472,3983.16678,8.29008348027808,-0.1276211386759959,0.1241857716035681,0.0898748357205369,0.2039203031023217,0.7219574516585127,0,0.0,0,0,0
E01000473,7598.84975,8.935883756342157,-0.0518596659974754,0.1132161351130807,0.0713562404625779,0.1831960674829731,0.7681049127559278,0,0.0,0,0,0
E01000475,506.72871,6.229947269497701,-0.2888035493390536,0.1618130537738822,0.0958214504956705,0.2734386752594006,0.7589660784636028,0,0.0,0,0,0
E01000476,335.7048,5.819206582079668,-0.1139508282276571,0.1396071488998667,0.1054943509893215,0.2356565843625641,0.7797328739728546,23,0.3194444444444444,0,23,14
E01000477,581.43079,6.367210362930097,-0.275668837558465,0.1052444436250099,0.0905315661043681,0.1879925589891078,0.824750608512268,23,0.3194444444444444,0,23,14
E01000478,444.41811,6.099013414077495,-0.3177552552932642,0.1203749325156888,0.0839164272581061,0.1951270042748136,0.7831353456872329,21,0.2916666666666667,0,21,14
E01000479,1266.9452,7.145152916397646,-0.2979198626744077,0.1285622535213046,0.0654708980309487,0.2039220393179213,0.7529918823976199,0,0.0,0,0,0
E01000480,523.23333,6.261936871470079,-0.1439461243801116,0.0724413523121701,0.0632779643452759,0.1016919772496384,0.6968421711401818,26,0.3611111111111111,0,26,14
E01000481,3286.01612,8.097735477820128,0.0144991863277895,0.0747735193703188,0.0417032312063033,0.1139664314259881,0.6908249151617513,0,0.0,0,0,0
E01000483,2610.602,7.867719105126246,-0.0980242181688361,0.1226021660904266,0.0739765617279079,0.204290171040282,0.8043953583027305,0,0.0,0,0,0
E01000485,817.52778,6.707507336369629,-0.2918727238846856,0.0666551661400423,0.0424736637084063,0.1002516794574871,0.7770818937685802,23,0.3194444444444444,0,23,14
E01000487,2215.27311,7.703582284858022,-0.0359965051893759,0.0615558232456493,0.0408894504208557,0.0949769206774239,0.7903931270310265,21,0.2916666666666667,0,21,14
E01000489,894.82427,6.797744266507327,-0.1494850491706041,0.0594296911504199,0.0409484423125894,0.0891172052360415,0.8450673143738702,4,0.05555555555555555,0,4,0
E01000491,236.27249,5.469209227517869,-0.1925908090273227,0.0528859707704438,0.0366763815795905,0.0765318793817647,0.5856142080117273,26,0.3611111111111111,0,26,14
E01000493,1086.60031,6.9917289977895365,-0.2109005932457354,0.1204871550239112,0.0740718360369324,0.1910138836245445,0.7809096700542194,0,0.0,0,0,0
E01000494,903.31938,6.807182594457855,-0.2221633283235881,0.2001541248899143,0.09335603980953,0.3573736876155675,0.9317064522374714,0,0.0,0,0,0
E01000495,338.0075,5.826022231029526,-0.3171381700110204,0.281869366803991,0.148202717395324,0.5778401128824726,0.9961634439962151,1,0.013888888888888888,0,1,0
E01000497,3293.54506,8.100023367601363,-0.2550859164501609,0.0762507648825062,0.0328991855359647,0.1247251565455473,0.705489862248964,1,0.013888888888888888,0,1,0
E01000498,236.38664,5.469690204265121,-0.0662539981108915,0.179201963359689,0.1638037581142487,0.3184635874825267,0.7211305125483934,17,0.2361111111111111,0,17,7
E01000499,3388.93598,8.128566315240422,-0.2619271845908402,0.0895759529809707,0.0496901154208289,0.1499460331011238,0.8017513976614511,17,0.2361111111111111,0,17,8
E01000501,388.86023,5.965788290273194,-0.3002915726300939,0.0511223017072226,0.0335492781043718,0.0828751756926977,0.6996892829425053,24,0.3333333333333333,0,24,12
E01000502,119.02163,4.787671976538967,-0.326225157561697,0.0428840539320457,0.0309180776636986,0.0581804747925606,0.6072418130161925,33,0.4583333333333333,4,29,16
E01000506,672.47938,6.512457379197621,-0.0277963318369702,0.1475609110869689,0.0978124712165895,0.2456344125371793,0.7966153387915861,0,0.0,0,0,0
E01000507,521.30056,6.258243207622417,-0.1270077285165395,0.0931961208712302,0.0772091248089202,0.139578021691609,0.747623725704391,17,0.2361111111111111,0,17,10
E01000508,2283.36495,7.733843343475661,-0.1748876148773327,0.1117218209029616,0.0686339956300021,0.18533007328924,0.8638356609783402,0,0.0,0,0,0
E01000510,4260.83445,8.357454968638072,-0.0918425521085429,0.0856282998744529,0.0496792828925798,0.1365130177985996,0.8507790033728242,0,0.0,0,0,0
E01000511,641.18761,6.4648804884141775,-0.1457882662455066,0.231272185686807,0.1048276338340349,0.4766978194788797,0.9124974203580146,0,0.0,0,0,0
E01000512,120.3281,4.798498446170293,-0.2880949670110307,0.1438410479347716,0.0830584044790867,0.237228692466136,0.6586154476025631,19,0.2638888888888889,0,19,10
E01000513,1715.77807,7.448204598029704,-0.2581971047106342,0.1556208606862541,0.0801823979484712,0.2814652281405838,0.8026675613819895,0,0.0,0,0,0
E01000515,2541.5441,7.840920472905033,-0.2169738309872332,0.0772782301908513,0.0482149414601934,0.1194983557068679,0.857987899407687,0,0.0,0,0,0
E01000516,3531.07557,8.169640957304702,-0.1190623031610733,0.1229261258772776,0.0693355480919373,0.2034961961349146,0.7832585328215547,0,0.0,0,0,0
E01000518,3666.35712,8.207226550839696,-0.0872523187266602,0.1496218486212276,0.0961302263975856,0.2546237684726549,0.8212642614349832,0,0.0,0,0,0
E01000519,2677.60249,7.893050478542674,-0.2928293773733382,0.1695041783442619,0.1077360366512058,0.2982649373941394,0.7733059884120324,0,0.0,0,0,0
E01000520,1186.20679,7.079358591736384,-0.1961287120941197,0.0593244032939652,0.0339120297903538,0.0894164341845214,0.7064037992043802,23,0.3194444444444444,0,23,13
E01000521,1823.97593,7.50932207688852,-0.4152766259366153,0.1833995967260379,0.0944608463117164,0.3327489441758583,0.8337882776510575,0,0.0,0,0,0
E01000523,3499.87231,8.160767447853084,-0.090843631378083,0.1635936540781969,0.100818346712769,0.2941198801232055,0.9289566876000128,0,0.0,0,0,0
E01000524,7327.83193,8.899571427475703,-0.0050528137590623,0.1777616766382359,0.1178735495370456,0.3191800436093026,0.8408180085737618,0,0.0,0,0,0
E01000525,3225.46894,8.079143610799264,-0.1513179227824156,0.1163158960693635,0.0738907440851066,0.1944788976732469,0.8039766386585986,0,0.0,0,0,0
E01000526,1649.8745,7.409060426494232,-0.1304481643906855,0.1114514164562213,0.0706525678165218,0.1777231069010178,0.8267581755549098,0,0.0,0,0,0
E01000528,607.06211,6.410277031354004,-0.0700976214773147,0.1309785089370839,0.0950831703200847,0.2155935639678248,0.8973599136938862,1,0.013888888888888888,0,1,1
E01000530,209.01214,5.347165338570372,-0.3028656612960376,0.0762496857838018,0.0412171273879115,0.1058702900269241,0.7334281149096392,23,0.3194444444444444,1,22,12
E01000531,399.98767,5.99393067870416,-0.2148304471485333,0.1218766818487179,0.0590242694231049,0.2181823218914934,0.9745492329932596,1,0.013888888888888888,0,1,0
E01000532,619.96352,6.431272336246632,-0.4282469716927859,0.1602523322662598,0.0684691899291106,0.2768630653859386,0.7688580178944068,1,0.013888888888888888,0,1,0
E01000533,3133.76955,8.050310941593189,-0.2724587422198929,0.1431130952178662,0.054702028105417,0.2557337142836093,0.8480795358307734,0,0.0,0,0,0
E01000535,3423.43201,8.138690900447584,-0.2225922722502089,0.151654377386043,0.0814510085742874,0.2581470157063273,0.7731968767940309,0,0.0,0,0,0
E01000541,3251.85332,8.087287834771216,-0.3878734911696448,0.0894834887571128,0.0543866628031057,0.1373461121821197,0.79647627370107,18,0.25,0,18,12
E01000543,9432.34269,9.152005786835518,0.071601975479116,0.099160024263283,0.0552688835778505,0.157773660894183,0.7871600066557619,0,0.0,0,0,0
E01000544,732.0941799999999,6.597274179308381,-0.0815984358733735,0.1098820099894797,0.0567941818633225,0.1736972910457927,0.9117698535739468,0,0.0,0,0,0
E01000545,2030.19014,7.616377176105351,0.0991831632085455,0.1445718232086379,0.0552434857160719,0.2637520643183164,0.98614467515188,0,0.0,0,0,0
E01000547,462.00313,6.137733814322563,-0.1980982899401569,0.1481489746617084,0.0746383471471286,0.2689476648411938,0.921568562894998,1,0.013888888888888888,0,1,1
E01000548,3543.92477,8.173272217302404,0.2610664983162156,0.1231271904228373,0.0629974800509097,0.1956477308607556,0.9264601209997138,0,0.0,0,0,0
E01000550,4002.10067,8.294824507314873,-0.0715731795922065,0.0969944116873002,0.0516474264501697,0.1593359792856257,0.9055238796574228,0,0.0,0,0,0
E01000551,577.05177,6.359663432135499,-0.0211594360069287,0.0828714033751252,0.0544818881675035,0.1210028167052549,0.9180276380983404,1,0.013888888888888888,0,1,1
E01000552,853.05306,6.749993323006051,-0.2904619555552616,0.1037568753343432,0.0407918471097214,0.1595904134091106,0.8957216804988316,1,0.013888888888888888,0,1,1
E01000553,2952.17496,7.990636128210963,-0.1246677940795216,0.1224409579031183,0.0816397040370534,0.2203440771984197,0.889796253632652,0,0.0,0,0,0
E01000554,470.72,6.156385589221769,-0.2929501614547926,0.0647417148198504,0.0368284542828008,0.0908363708528205,0.840068216167989,2,0.027777777777777776,0,2,1
E01000555,343.17345,5.8411457454159486,-0.1066779204510138,0.1003839603559074,0.0740821878848728,0.15310567213171,0.817045771341937,18,0.25,0,18,10
E01000556,1561.17029,7.353831344943885,-0.2159186170523396,0.1039547902234291,0.0555376377294497,0.1731708353661744,0.806188260785265,0,0.0,0,0,0
E01000557,936.39582,6.843105626336355,-0.0467045015215894,0.0809575912032584,0.0451531596969324,0.1250563103821003,0.9155009718234536,1,0.013888888888888888,0,1,1
E01000563,494.48347,6.2055339929713975,-0.0735623579085464,0.1529429285067911,0.1031886263053444,0.2572161164312523,0.7956990785686304,1,0.013888888888888888,0,1,0
E01000564,1732.23104,7.457742598775317,-0.1699646370498013,0.0814110801293573,0.0528459760194575,0.1275864744447791,0.794450051817427,19,0.2638888888888889,0,19,12
E01000565,1981.69019,7.59220988333382,-0.2802030977405202,0.1220525242646531,0.0699141019616189,0.1902616485090524,0.8120701503960157,0,0.0,0,0,0
E01000568,5445.08925,8.602653061274227,0.0793054567471047,0.0807101775237201,0.0528678111199003,0.1160133183952176,0.6729304939244597,0,0.0,0,0,0
E01000571,1418.83405,7.258295277568737,-0.1892556990720655,0.0607812449947899,0.0346968977802583,0.0911949693848065,0.8252552582312974,18,0.25,0,18,12
E01000574,291.29634,5.677768150656665,-0.1501799850969635,0.1026959693348704,0.0870913791776443,0.1514549849008063,0.8051443405622721,27,0.375,0,27,14
E01000575,657.01181,6.489222879492515,0.1259215873151503,0.0761522840814687,0.0516849461199183,0.1149050771913113,0.8015329643253255,21,0.2916666666666667,0,21,14
E01000576,1033.23588,6.941418152843202,-0.212722887633364,0.0518617297726826,0.0266000344471196,0.0759866797060924,0.790180484138024,21,0.2916666666666667,0,21,12
E01000577,411.78917,6.022936978358081,0.106194754951909,0.1113341567482214,0.0810091484436076,0.1751365347329118,0.6785771343497069,18,0.25,0,18,12
E01000578,1632.55443,7.398513551575674,0.2185977529704783,0.091363636800765,0.0420860577371377,0.1442949906894605,0.9330557824326404,0,0.0,0,0,0
E01000580,522.97258,6.261439354707597,-0.2728066546051037,0.1330950850233868,0.0431812505351619,0.2192163430233428,0.7720079369673642,1,0.013888888888888888,0,1,1
E01000581,1398.83211,7.244107586983629,0.1749700255307978,0.0570820682690791,0.0245833862077987,0.0860220182033735,0.6949102553133505,1,0.013888888888888888,0,1,0
E01000583,2910.06276,7.976273503114729,-0.0926256174626282,0.1141269681757654,0.0494768745124933,0.18800086651547,0.7477698139193414,0,0.0,0,0,0
E01000586,9738.71512,9.183967147748875,-0.0965064742544804,0.1177840932675315,0.0733884327853713,0.1962688527160892,0.794662241109863,0,0.0,0,0,0
E01000587,194.10969,5.2735619132332285,-0.2305900854305625,0.1230768541230476,0.113490624811157,0.1998950924379704,0.6986850692176738,25,0.3472222222222222,0,25,12
E01000589,670.9105,6.510125147129494,-0.1077292723843195,0.0746260641322501,0.0584218312278612,0.1027831744415954,0.8101966779681485,7,0.09722222222222222,0,7,3
E01000590,371.34537,5.919821837541948,-0.1179282509971781,0.0899305140117944,0.0644735654035487,0.1414934327599356,0.6115838448798105,24,0.3333333333333333,0,24,12
E01000591,718.13248,6.578045596658999,0.2296275194237141,0.0858243036159567,0.0456526489374216,0.1232868834310105,0.681926172405884,0,0.0,0,0,0
E01000592,1612.37671,7.386084597044772,0.1459663294193824,0.1238500089721588,0.0736940562729909,0.2046980757027573,0.8131916732737136,5,0.06944444444444445,0,5,3
E01000594,3944.35866,8.280295144229832,0.1137202771514698,0.1222716648186349,0.0779138122292357,0.1973380600306307,0.6594500170391907,0,0.0,0,0,0
E01000595,189.32274,5.24872126269645,-0.3109942313321686,0.0509486076527309,0.0316957170596622,0.0836701935024971,0.7634040545527466,26,0.3611111111111111,0,26,14
E01000596,1075.09212,6.981091350440013,-0.0483155806220587,0.0545850061667273,0.0397571047214075,0.0774468049277169,1.117821648204414,21,0.2916666666666667,0,21,8
E01000599,1051.1796,6.958619101159699,-0.0830204086913406,0.1501320231100375,0.1004748379820156,0.2559716843716387,0.9462734881945496,0,0.0,0,0,0
E01000601,3062.34343,8.027262222650076,-0.0570835094090018,0.066819292047855,0.0349735496518102,0.1039655209240957,0.7104924398243622,20,0.2777777777777778,0,20,10
E01000602,648.23098,6.475788554772963,-0.044546929861328,0.1205973370788295,0.1043341217662876,0.189875671946134,0.9359698801879742,19,0.2638888888888889,0,19,7
E01000603,638.4891,6.46066957630757,0.1875871647613091,0.1031161534315934,0.0937228059179083,0.1665530274580542,0.8100937542486439,19,0.2638888888888889,0,19,7
E01000604,344.8084,5.845884864452132,-0.4187973958871071,0.0538295180743856,0.0353511109358124,0.0764069394337901,0.6595428149744985,21,0.2916666666666667,0,21,10
E01000605,976.72327,6.885226674985271,-0.0187602267323886,0.1637984011581909,0.1285042794158062,0.2834242787261902,0.7939248608298864,2,0.027777777777777776,0,2,1
E01000606,465.12819,6.144460682133384,-0.2447819600011773,0.1212786522356342,0.091145668896138,0.1971780287307455,0.4966894814940273,40,0.5555555555555556,12,28,14
E01000608,7678.85817,8.946356358523277,-0.1264328352609747,0.1698714680128022,0.104924696115334,0.3052454564372877,0.7836026938950277,0,0.0,0,0,0
E01000609,256.69822,5.551789210377964,-0.3488929529780144,0.1028567319243585,0.0609547662621112,0.1730934613198511,0.4888602026272199,40,0.5555555555555556,12,28,14
E01000612,3377.36567,8.125147341953138,-0.2702044904720074,0.1185862856242036,0.0576685289751287,0.1905833690238647,0.720391543629022,0,0.0,0,0,0
E01000615,299.38534,5.705066117101273,0.3979939031082818,0.0316462723258259,0.0087672295510528,0.0406095319541663,0.410527336713378,25,0.3472222222222222,1,24,14
E01000616,1773.04205,7.481015866083528,-0.1154122599630392,0.101068984799317,0.0489497189308059,0.1647603334404278,0.9200676948556582,0,0.0,0,0,0
E01000620,3657.83793,8.204900870515399,-0.1664325051164856,0.1238279056283939,0.0862979678271311,0.207457664415622,0.8174124879525969,0,0.0,0,0,0
E01000621,3640.54271,8.200162692272425,-0.0585701382967706,0.2820317413608917,0.1930660689872801,0.5974097766291254,0.8532123061902486,0,0.0,0,0,0
E01000622,92.21649,4.534924637371516,0.1785634001033871,0.1586166422079174,0.1559473799100356,0.2765762568351939,0.8939644273100451,26,0.3611111111111111,0,26,11
E01000623,1240.34372,7.123949717040781,-0.2727566033067027,0.137006820980236,0.0849001678341226,0.2230388554911736,0.7813553693757089,0,0.0,0,0,0
E01000625,599.84853,6.39834287282024,-0.0916262143711513,0.2093634204621623,0.1043069656268058,0.3710697452692547,0.7988666735264145,0,0.0,0,0,0
E01000626,2384.6359,7.777220992522328,-0.1790165450415302,0.1202452416320663,0.079886074012389,0.2012111694624809,0.8233084708691061,0,0.0,0,0,0
E01000627,1347.58246,7.206809290135522,-0.2486101666832321,0.1089767894426289,0.0832854933419065,0.1845106673033493,0.8182111340793512,0,0.0,0,0,0
E01000628,2236.43989,7.7130875849836755,-0.1476856371042461,0.1000338757148532,0.0558731582989248,0.1689001213618033,0.8222249949063557,0,0.0,0,0,0
E01000633,25083.98083,10.130024572716348,-0.0076080184916965,0.1396718197858709,0.0758494161231584,0.2359682512559276,0.8249592494167516,0,0.0,0,0,0
E01000634,3668.57648,8.207831533844502,0.1379115585454552,0.1603349155201474,0.1142693909437046,0.2824600360598437,0.8576664324455624,0,0.0,0,0,0
E01000636,2875.68608,7.964394243938157,-0.0079012449091801,0.2611407292412112,0.1555208522621495,0.5109536794441041,0.911203566812811,0,0.0,0,0,0
E01000638,6253.75704,8.741097579620641,-0.3213416362590255,0.1381893307450908,0.0675124229002666,0.2417978514143463,0.8023946157089787,0,0.0,0,0,0
E01000640,6901.00641,8.839567432373832,-0.0999903070659515,0.1878271302750463,0.1218715169980547,0.3492320693968656,0.92170979411733,0,0.0,0,0,0
E01000642,9078.7485,9.11380177297385,-0.0406946970719587,0.1152809586034903,0.0656211470116173,0.1918391347154679,0.8543116595865438,0,0.0,0,0,0
E01000643,3512.36754,8.164330269622731,-0.0793853993992895,0.1390795508832199,0.0766402994374557,0.225162442525612,0.7330335868056858,0,0.0,0,0,0
E01000646,327.79344,5.795429711644795,-0.2033716110975253,0.0310242328217428,0.0187541275993808,0.0431892852431802,0.6989251154235404,28,0.3888888888888889,1,27,13
E01000648,193.5433,5.270654760389846,-0.2609179444599736,0.0691225167701491,0.0229756338762437,0.1034814113329247,0.8329184189876411,26,0.3611111111111111,0,26,14
E01000649,505.81485,6.228145749517309,0.0268820695952283,0.0580659899566017,0.0418938471260778,0.0786771406151668,0.7130449440821405,20,0.2777777777777778,0,20,12
E01000650,163.58397,5.10342089589417,-0.0008840108233098,0.0542087345110893,0.0368181552263342,0.0722089320493338,0.8654226580873662,30,0.4166666666666667,1,29,14
E01000651,181.6291,5.207457320195312,-0.3921512577004455,0.0343347514247441,0.01196669476422,0.0479669767118808,0.8784546538310802,27,0.375,0,27,14
E01000653,147.26822,4.999022930832089,-0.0662638551616907,0.0375899837724663,0.0248412047079811,0.0459704130046922,0.5565615583147673,29,0.4027777777777778,2,27,14
E01000656,156.14491,5.057168373282184,-0.1636462565446418,0.027404159379899,0.0119017648413899,0.0391347233305057,0.6987393441918168,29,0.4027777777777778,1,28,14
E01000657,259.24756,5.561633331850743,-0.1002099306161261,0.0675522654870888,0.0500156684213344,0.101931545740058,0.8252153565509501,26,0.3611111111111111,0,26,14
E01000659,390.39442,5.969715798345277,-0.3649523986536487,0.0722640195523286,0.0467291002776115,0.1075210955802061,0.6963617457373795,26,0.3611111111111111,0,26,16
E01000661,1141.87669,7.041303775210392,-0.3036542500924508,0.0758365861728905,0.0470719478475386,0.1120353980812476,0.67184637992341,2,0.027777777777777776,0,2,0
E01000662,406.76885,6.010700469739756,-0.1029466981063077,0.0867138671016721,0.0551726859124045,0.1328997348787342,0.8101451976216145,5,0.06944444444444445,0,5,4
E01000663,211.40745,5.358506364082226,-0.1620548850099653,0.060763894555277,0.0232266649070314,0.0856926837611672,0.659720274794648,11,0.1527777777777778,0,11,7
E01000665,1036.72833,6.944789304999873,-0.2352551222363143,0.1022546957890115,0.064664761307333,0.1565104191003693,0.6839109020791406,15,0.20833333333333334,0,15,6
E01000666,412.68337,6.025100874448132,-0.1385547229586692,0.0373545946375304,0.0273809918727764,0.0543254709465921,0.7850733601871656,28,0.3888888888888889,1,27,14
E01000667,142.24123,4.964530132080239,-0.3968505474819079,0.0852423731150243,0.0555269382864588,0.1316248383047257,0.6077482206013533,20,0.2777777777777778,1,19,9
E01000668,1998.22717,7.600515969864568,-0.3308857270717623,0.0949622559681239,0.0543876700465443,0.1435553085820342,0.6117476771899851,0,0.0,0,0,0
E01000670,608.2915399999999,6.412296872372234,0.1824450164143332,0.1487792679148554,0.0828442065789703,0.2501916429386229,0.7630790404037258,0,0.0,0,0,0
E01000671,736.72797,6.6035751523131525,-0.3325901282124526,0.0989898890359761,0.0630543455544384,0.1638188902860568,0.7112599693334497,2,0.027777777777777776,0,2,0
E01000672,178.19995,5.188502221522934,-0.1563364636185363,0.1423016111957382,0.0961807228340973,0.2135933141062788,0.7307683754046275,8,0.1111111111111111,1,7,3
E01000673,137.24093,4.928998032463672,-0.2840162187767162,0.011647472805671,0.0,0.0144346353952202,0.7943857952779195,33,0.4583333333333333,2,31,18
E01000674,359.18103,5.886606766168988,-0.1061847559154224,0.1071812450674246,0.0816802602297788,0.150519337571298,0.7256915165996811,7,0.09722222222222222,1,6,2
E01000676,7073.67341,8.864276560315238,0.0718219432186083,0.0762649317732637,0.0435488864335341,0.1143669336490161,0.81521849076563,0,0.0,0,0,0
E01000677,329.20535,5.799714733656407,0.0540380343150558,0.0646460028672073,0.0379842854923226,0.0926530023528291,0.7717501671173091,16,0.2222222222222222,0,16,8
E01000678,452.464,6.116915883824293,-0.077203976448955,0.0585083454153258,0.0311301893631316,0.0882386753219248,0.7164902198771982,9,0.125,0,9,5
E01000679,111.66935,4.724457423099347,-0.0597065354101192,0.0213807101053243,0.0125966525282004,0.0281231043227624,0.6513180074937661,31,0.4305555555555556,2,29,14
E01000682,262.10181,5.5725410675360765,-0.3177619795910605,0.0776069802799148,0.0487053866587186,0.1008090822748863,0.5096933357926381,20,0.2777777777777778,2,18,8
E01000683,193.78978,5.271920925766439,-0.2220096436458104,0.0353201288530282,0.0259665396183431,0.0452575057577908,0.6467426294526494,23,0.3194444444444444,1,22,11
E01000684,104.68094,4.660424554951196,0.2785429706687769,0.0052924629832326,0.0,0.0062175770393393,0.524883453352361,40,0.5555555555555556,6,34,18
E01000685,174.86838,5.169735874356556,-0.4066644867413994,0.0268754705682067,0.0014409694880229,0.0364465923765746,0.5010983731528428,27,0.375,0,27,14
E01000686,662.26206,6.497170176041379,-0.2535652125383719,0.0826909063762462,0.0519212892853925,0.1217516995043719,0.6479693697361644,15,0.20833333333333334,0,15,8
E01000687,156.09879,5.056874843131341,0.1540109952165548,0.0485191461125355,0.0291469267634938,0.0697021769724706,0.6690805383653866,28,0.3888888888888889,0,28,16
E01000690,467.10898,6.148701132057072,-0.3925173093439565,0.0366774151933452,0.0204170769741998,0.0493796868419917,0.5926760996961806,28,0.3888888888888889,0,28,16
E01000691,524.10598,6.2636001088859565,-0.3862854608146238,0.1451477428286546,0.088339346938953,0.2328354240105425,0.6832218304533126,1,0.013888888888888888,0,1,1
E01000692,1180.66883,7.074682981043974,0.0424727482642189,0.0614350173028621,0.030138688424594,0.0955792003684312,0.792863300345888,8,0.1111111111111111,0,8,4
E01000693,814.7957,6.704163955969837,0.1876913685234224,0.0509594122796671,0.0338972824721583,0.0739449001236092,0.7952738184832353,21,0.2916666666666667,0,21,12
E01000694,165.72956,5.116373098571704,0.4164745263307283,0.0511615429377837,0.0260888884276287,0.0721766367957345,0.4534781072836876,26,0.3611111111111111,0,26,14
E01000696,891.46145,6.793983319443627,-0.1427724440580128,0.0836104578610774,0.0501859727080739,0.1267489335161027,0.8600456476382637,2,0.027777777777777776,0,2,1
E01000697,781.28617,6.662220619894858,0.3640438048455408,0.0452443564948807,0.0173864206504512,0.0664536292791139,0.6627715684475152,21,0.2916666666666667,0,21,12
E01000698,115.93041,4.761578971517413,-0.2947377655267501,0.060872035214919,0.0486438372813483,0.0817289251175279,0.6347126083517999,31,0.4305555555555556,2,29,14
E01000699,347.56709,5.853830722433162,-0.0981587468479826,0.0884988852080327,0.0511636472831763,0.135655948926578,0.6781949632209721,14,0.19444444444444445,0,14,7
E01000700,84.9208,4.453425941704173,0.0643500767774208,0.0108392761255193,0.0,0.0143154878592538,0.8961239020341919,34,0.4722222222222222,2,32,18
E01000702,611.30426,6.417229315833543,0.1619672992300102,0.0601181153228017,0.0338887708716441,0.0890426374181456,0.798553816661623,4,0.05555555555555555,0,4,0
E01000703,2106.25395,7.653140933356793,0.1219945818974013,0.0584636862046003,0.035509507293743,0.0841648332607452,0.7463161036093756,2,0.027777777777777776,0,2,1
E01000704,166.69216,5.122129917587265,-0.1527179202669159,0.0332546533682207,0.0130098500133419,0.0473090996763298,0.8192925093743821,27,0.375,0,27,14
E01000705,896.27041,6.799357277052367,-0.3057055180478401,0.0897800809914052,0.0562390986443477,0.13852526882049,0.7649560766442756,13,0.18055555555555555,0,13,6
E01000706,978.21175,6.8867479112775705,-0.0375722229875075,0.0841419253040049,0.0541884924199694,0.1329889511812334,0.8331392522860365,17,0.2361111111111111,0,17,9
E01000707,264.85176,5.582938860203025,-0.0471971188713263,0.0454771378525104,0.0261048671150986,0.0697480495249544,0.810420886480851,19,0.2638888888888889,0,19,9
E01000708,638.57283,6.460800500382716,0.1012392431416162,0.0721666783098178,0.0433311107207614,0.1084786502793184,0.8401320822887022,16,0.2222222222222222,0,16,8
E01000710,198.81627,5.297398294330526,0.0294698718570668,0.0295343535013507,0.0148566312002533,0.041027746836476,1.0307795480566158,27,0.375,1,26,14
E01000712,445.68302,6.101849215546945,0.2786190956972065,0.0467095201428136,0.0114469472047644,0.0688540686238013,0.8445863539408319,17,0.2361111111111111,0,17,11
E01000714,4655.55044,8.44603020407313,0.0935119543028729,0.0588934033759496,0.0325950522834416,0.0879300057922008,0.8372100352276275,0,0.0,0,0,0
E01000715,426.21806,6.057294562033309,-0.128903500710411,0.0518463013979276,0.0262397609336404,0.0732903917805874,0.697093382696504,24,0.3333333333333333,0,24,14
E01000716,128.61697,4.864583716704128,-0.0294862334262734,0.0309646541976536,0.0131352806709721,0.0406038882501487,0.8672003855719225,26,0.3611111111111111,2,24,14
E01000717,349.12766,5.858297830838096,-0.2205807468821004,0.0435017666603671,0.0135702224223655,0.0619412502942558,0.6960776830477386,25,0.3472222222222222,1,24,14
E01000718,293.3933,5.684916628443577,-0.3517815164831643,0.0712399703742382,0.0478794846371747,0.1029134266592035,0.80391203876947,19,0.2638888888888889,0,19,11
E01000719,120.50083,4.799921094032991,0.0639022154453209,0.0511434651528956,0.0429753056472723,0.0722080248375274,0.6064867222507898,25,0.3472222222222222,2,23,10
E01000722,1349.20374,7.208010778563939,-0.1747759608196757,0.1165961117184569,0.0727734715588618,0.1763101364679477,0.7545639752302225,0,0.0,0,0,0
E01000727,1195.91469,7.087502433176888,-0.3154074894756916,0.117332976317901,0.0730230096931078,0.1857256271283811,0.7283899293765099,2,0.027777777777777776,0,2,2
E01000728,250.7266,5.528343577924094,-0.3463815167596897,0.1039212432984773,0.0742669106508842,0.1614277458395019,0.6064515921195113,6,0.08333333333333333,0,6,1
E01000730,1939.78439,7.570847495082419,-0.0469221788097799,0.0952726091377609,0.0614230430011863,0.1446202725894286,0.6566351639357801,1,0.013888888888888888,0,1,0
E01000732,154.28855,5.04528499916871,-0.5137206228200344,0.0055573793389075,0.0007029685611796,0.007376096351721,0.7535378715151011,33,0.4583333333333333,2,31,16
E01000735,444.08119,6.098256714962568,-0.2930342309702421,0.0954030500593821,0.0523097589429536,0.1408833351561693,0.627208035422382,18,0.25,0,18,10
E01000736,183.17266,5.215873687180712,-0.4419942364761203,0.0675916919042394,0.0447255611181275,0.0975400521665307,0.6320697088205967,27,0.375,1,26,14
E01000737,305.84267,5.726335140656678,-0.2268586982973958,0.0880724393362116,0.0522352227699293,0.1281445443930152,0.674665748983065,26,0.3611111111111111,0,26,14
E01000738,527.54795,6.270133529671535,-0.0720459438805515,0.1617117268676714,0.1253290056382552,0.2878933474294531,0.7103788386916542,14,0.19444444444444445,0,14,7
E01000741,2096.7695,7.64862991638091,0.0948258833410157,0.1019453020467915,0.0476327226240175,0.1672995872050462,0.613669634232918,0,0.0,0,0,0
E01000742,122.12777,4.8132225967011175,-0.3678402545137768,0.0144086803517332,0.0053173819517051,0.0192368700736744,0.8471725956727317,28,0.3888888888888889,0,28,14
E01000743,2319.88982,7.749705934229949,-0.2048559702718985,0.1295488981455162,0.0806330578234099,0.2155967003441493,0.6881611713924402,0,0.0,0,0,0
E01000744,635.32814,6.455714373683318,-0.0987194743176336,0.1236989912016175,0.0885682161032565,0.1987454544783235,0.8455326419215686,11,0.1527777777777778,0,11,6
E01000745,1031.79817,6.940027067648601,-0.1627388716923194,0.1132594468548049,0.0675495576814213,0.176842161174528,0.8653495761612876,1,0.013888888888888888,0,1,0
E01000747,145.55411999999998,4.987394780033651,-0.1187301328193252,0.0405522701796417,0.0201270840014696,0.0571499971146878,0.7800783063869308,30,0.4166666666666667,1,29,16
E01000751,889.64963,6.791951117811473,-0.2079861596750172,0.0667633841425865,0.044460446749132,0.0862301353432011,0.7476700122720911,14,0.19444444444444445,0,14,7
E01000752,391.87234,5.973484724493475,-0.2927622806958,0.0817616522768613,0.0579298094884676,0.1198934090549691,0.7459542260256271,17,0.2361111111111111,1,16,8
E01000753,157.9351,5.068495942793063,-0.3229421452229428,0.0232638596486784,0.0126322774354782,0.0317547594802845,0.5863699877987661,30,0.4166666666666667,3,27,14
E01000754,1706.77461,7.442946404282535,-0.1121929567489875,0.0944775361991118,0.0730396909290793,0.1397163154672235,0.6069086472759,5,0.06944444444444445,0,5,2
E01000755,263.94145,5.579508858178408,-0.2574386478516353,0.0434481207858788,0.0176194379473174,0.0599602689547275,0.672998873315751,13,0.18055555555555555,1,12,11
E01000756,1961.95538,7.5822064635036,0.1688794777789492,0.0339721946173923,0.0209615470459883,0.0448763051607576,0.8064493546719231,16,0.2222222222222222,0,16,8
E01000757,265.89758,5.586864989303056,-0.2522531419804573,0.037949574418842,0.0241321489274178,0.054853553075883,0.8558549398441615,21,0.2916666666666667,0,21,8
E01000760,676.87317,6.51896020554482,-0.2178491873152543,0.0738705746011472,0.0443441863709858,0.1072546479364365,0.7991394553754683,4,0.05555555555555555,0,4,0
E01000761,178.2369,5.188708394521781,-0.3940948254822655,0.0917126027214342,0.0658894987513808,0.1477736594365324,0.778129521289717,29,0.4027777777777778,2,27,14
E01000762,297.68518,5.699390108992874,-0.2447967345905497,0.0537393900495819,0.0338560354264192,0.0772636565493875,0.4954952017551551,19,0.2638888888888889,1,18,11
E01000763,399.32923,5.992287283567504,-0.198349642474206,0.0855490843983547,0.0500587447605575,0.1293209996884538,0.6737164543883613,5,0.06944444444444445,0,5,3
E01000765,1279.70493,7.155165931881945,0.1295136137359414,0.0705963444244916,0.0432985907149705,0.1114224717810695,0.7720510244270429,1,0.013888888888888888,0,1,0
E01000766,160.95553,5.087321791375829,-0.4334882436161093,0.0481357801126808,0.0290108702695707,0.0703669312152012,0.6240532995958994,27,0.375,0,27,14
E01000767,800.41266,6.686375995431897,0.0483216744722653,0.0424839981916327,0.0206066580706007,0.0640929162223823,0.7600479679639288,6,0.08333333333333333,0,6,4
E01000769,313.14213,5.749845526808274,0.2283911462184918,0.0295834035490529,0.020370206972789,0.0453115831968838,0.6847437416036767,27,0.375,2,25,12
E01000770,469.70523,6.15423205945648,-0.0013558929288481,0.0416237860498168,0.0247701734128018,0.0536133658069868,0.7680104476202514,5,0.06944444444444445,0,5,2
E01000771,506.58234,6.229658944060853,-0.1086099053512209,0.0836298399190149,0.0541527562922939,0.1321001400968548,0.6872984264489623,17,0.2361111111111111,0,17,8
E01000772,149.98802,5.017200495919174,-0.2641093602009014,0.1330902294729939,0.0962215515612513,0.210547643851715,0.7194667480143057,6,0.08333333333333333,0,6,1
E01000773,104.19085,4.655776319334563,-0.176283713972964,0.0244325677350746,0.0134800704668404,0.0326522994753236,0.8373630173559269,31,0.4305555555555556,2,29,16
E01000774,176.80838,5.180706453577693,-0.3058843704127598,0.0468553583263417,0.018686161821063,0.0603556973465311,0.6108299403736257,20,0.2777777777777778,1,19,9
E01000775,772.61609,6.6510757427852525,0.0681271470802529,0.056334395003345,0.0324645452309956,0.0806276442803222,0.7288342480265184,14,0.19444444444444445,0,14,7
E01000777,201.89183,5.3126729798801104,-0.0328282229152115,0.0507149298711096,0.0357200189824422,0.0740311230733357,0.8400110709703626,21,0.2916666666666667,0,21,10
E01000778,729.3196,6.59348224655156,-0.1973437708242038,0.0832957320768562,0.0585609107447544,0.1242994865556233,0.7370577183779874,15,0.20833333333333334,0,15,8
E01000779,532.72458,6.279879938115974,-0.1818980081602392,0.0466609218594719,0.0107949590011408,0.0687420666021025,0.7926494081627711,21,0.2916666666666667,0,21,14
E01000780,385.24422,5.956469863698693,-0.402305737383938,0.1009845391061285,0.0505757880027375,0.1653511875184594,0.8232126966576022,16,0.2222222222222222,0,16,9
E01000781,1097.65369,7.001840791005091,-0.3219661294082653,0.1305541094659828,0.0898512079889241,0.2151931080757797,0.7200030907604336,1,0.013888888888888888,0,1,1
E01000782,236.85516,5.471661916988147,-0.2731639876454453,0.136375242996606,0.1065757233239081,0.2233895069413506,0.7015108727136408,7,0.09722222222222222,0,7,4
E01000784,225.16377,5.421259382860831,-0.5041704089427886,0.0624194114355075,0.0221364209703896,0.0855499877286512,0.7940995428426791,26,0.3611111111111111,0,26,16
E01000785,179.30955,5.194675096083316,-0.3645092522958203,0.081161711687972,0.0549904899097677,0.1225665564446049,0.6598031065802935,29,0.4027777777777778,0,29,16
E01000787,289.29819,5.670908636081763,-0.6103609220645315,0.0736074083284102,0.0320523954885441,0.1125074568685109,0.7154971435428338,28,0.3888888888888889,1,27,14
E01000788,959.42913,6.867380194999156,0.0492335166016899,0.0833408195558957,0.0508008027648691,0.1334267135767199,0.8223443751019569,0,0.0,0,0,0
E01000789,256.00315,5.549088341629444,-0.2112117370430794,0.0915306706187013,0.0668406228595234,0.134355981592102,0.750412606661081,28,0.3888888888888889,0,28,13
E01000790,8500.56005,9.048004960931983,0.1541930440218465,0.0565886902945882,0.033978200059889,0.0835118453698287,0.7040339542286932,0,0.0,0,0,0
E01000791,163.24940999999998,5.101386065273032,-0.1551944965681652,0.064417874465825,0.0391004169632221,0.0873169414551423,0.5737908446518643,28,0.3888888888888889,1,27,14
E01000794,142.84302,4.968722566053518,-0.1175148775207917,0.0381470512174833,0.0143059142826859,0.0506164168577347,0.7237837043159824,23,0.3194444444444444,1,22,11
E01000795,146.12796,4.991302684324531,-0.4417045170547785,0.0189063749333118,0.0024223974658922,0.0249671908835389,0.6714785367032323,31,0.4305555555555556,0,31,16
E01000797,328.62986,5.797970388592063,-0.0377470872549439,0.0637726590030498,0.0267418182876017,0.091383251307909,0.6638827510611586,10,0.1388888888888889,0,10,4
E01000798,411.93775,6.023296855208416,-0.0518834459818261,0.1609326651903109,0.1116613129046803,0.2835791482347375,0.7873918044628868,1,0.013888888888888888,0,1,0
E01000799,5482.89244,8.609570427068999,-0.035900394208718,0.1408401712144475,0.0891623144808582,0.2350720212859931,0.8524897426946694,0,0.0,0,0,0
E01000801,838.45154,6.732748750015241,-0.1102616616340164,0.1193413754121078,0.079690401665909,0.1852636073972609,0.7423122430998716,1,0.013888888888888888,0,1,0
E01000802,530.46724,6.275641559005608,0.0224074911770234,0.0679702671177206,0.0374731340619639,0.1017461215852043,0.7396303715063982,15,0.20833333333333334,0,15,8
E01000805,320.17872,5.771997728321213,0.1984830222320833,0.0766557814960344,0.0321612879206962,0.1182594286688969,0.778370042533184,17,0.2361111111111111,0,17,9
E01000806,2527.21412,7.835268451047048,-0.0534576231316719,0.1117042706298269,0.0612680574924929,0.1817181612638792,0.8341011375408041,0,0.0,0,0,0
E01000807,1571.14805,7.360198147943865,0.2738515762406986,0.0359108996761953,0.0142726524085365,0.0547166026595245,0.7696443391400687,3,0.041666666666666664,0,3,3
E01000809,167.73444999999998,5.1283261773585895,0.1198553427754406,0.0476742851572828,0.0325483524702289,0.0748308995837082,0.9786116951177048,21,0.2916666666666667,0,21,11
E01000813,345.25372,5.847171801126145,-0.3150500449350698,0.0556663661726801,0.02113576068058,0.0806358591769335,0.7371597283029425,8,0.1111111111111111,1,7,4
E01000819,1310.50365,7.178929582375873,-0.3217883368733845,0.0673911820085354,0.0446353430606622,0.0991056927876014,0.7096765528672966,16,0.2222222222222222,0,16,7
E01000820,208.11579,5.342888117691624,-0.1401555835816205,0.0353959687537403,0.0126416164770582,0.0477855015153402,0.7142207779478297,26,0.3611111111111111,0,26,14
E01000824,1018.10025,6.926675409149111,-0.3176367258528814,0.0810676748188599,0.0557410235386937,0.1240160627170271,0.6716460056076039,3,0.041666666666666664,0,3,1
E01000827,717.69601,6.577438472768434,-0.4141428764526642,0.0621996909248527,0.0350797547279105,0.0911243844754506,0.7511028226758898,7,0.09722222222222222,0,7,3
E01000828,336.17035,5.820588292249768,-0.1036115469433874,0.0619742639408859,0.0330582991629095,0.0869103097080662,0.6656639523695858,16,0.2222222222222222,0,16,9
E01000832,378.15909,5.937955879539762,-0.0205771861784414,0.0254005794228032,0.0086654005857693,0.0351381798994507,0.8457380363864014,26,0.3611111111111111,0,26,14
E01000834,130.17794,4.8765547221289305,-0.3438206196841031,0.0476489334521655,0.0221507576475707,0.0652393572069472,0.6873551696554718,27,0.375,0,27,14
E01000835,1232.15839,7.117333953957172,-0.0161349142783501,0.07326897315531,0.0440935600819956,0.1112434253598025,0.878828083672647,2,0.027777777777777776,0,2,1
E01000838,257.46781,5.554771160082278,-0.2293478551745944,0.0602267133899185,0.0240949344308323,0.08718500069213,0.6783065722854007,16,0.2222222222222222,1,15,11
E01000841,94.88638,4.563163948862616,-0.0052384757433047,0.0944730950848794,0.0720378414689231,0.1715949611527603,1.0401007945074296,14,0.19444444444444445,1,13,3
E01000843,117.30014,4.773224954415594,-0.054687402760133,0.0158919673923662,0.0,0.0212840901332058,0.5772529989475443,31,0.4305555555555556,0,31,18
E01000846,518.63974,6.253135763781013,-0.0510448736535307,0.0740966359423209,0.0443948047637074,0.1097229583426923,0.755576829918689,4,0.05555555555555555,0,4,2
E01000847,131.71899,4.888234035847205,0.3951386964020905,0.0319218967591537,0.017617733023917,0.0416486061794204,0.800576594694689,11,0.1527777777777778,0,11,5
E01000848,553.0741,6.317298432315582,0.5802392120694134,0.0091043677510843,0.0024559457765243,0.0117054054583692,0.7806666410104547,22,0.3055555555555556,0,22,14
E01000849,1214.10609,7.102586668835181,-0.3329309302780945,0.0805589814642969,0.0380981780595466,0.1177926750933577,0.7574182124033322,0,0.0,0,0,0
E01000850,4547.27438,8.42250318286596,-0.2848700148153364,0.254933101265818,0.1576688253414785,0.4817771211769342,0.8115082854230511,0,0.0,0,0,0
E01000855,24097.55867,10.089907311466217,0.1342572131187595,0.2698931746184229,0.1312178313704672,0.5799244793709462,0.890037237690301,0,0.0,0,0,0
E01000856,4464.26053,8.404082840992439,0.1007036141772846,0.1433208043527871,0.0819262311288091,0.2353909450819294,0.953944182275712,0,0.0,0,0,0
E01000858,1851.70827,7.524403777301604,0.1800763950792314,0.1182346666302894,0.0387028891975516,0.1964365398123216,0.983712710015884,0,0.0,0,0,0
E01000861,5390.18238,8.592520005337603,0.0785009986990458,0.139797718681274,0.0725642014361673,0.2470435724376536,0.9489847656745908,0,0.0,0,0,0
E01000862,314.24667,5.753355411744037,0.0839290675697533,0.0276498077131573,0.0176425735871759,0.0385175816154557,1.0607084007578096,24,0.3333333333333333,0,24,12
E01000863,19175.90748,9.861462098732494,0.0486700241421898,0.1672748475317529,0.0693113904197873,0.3023716160204459,0.9338654693279898,0,0.0,0,0,0
E01000867,1605.2843,7.381678902501138,-0.1003874391595308,0.1203950540100591,0.0400382038247056,0.2148636105394896,0.7482769829998765,0,0.0,0,0,0
E01000868,312.47344,5.747714635590816,0.4610628026497229,0.2278366762947916,0.1642657372735423,0.4096276574076226,0.6898172232095687,5,0.06944444444444445,0,5,3
E01000869,1919.756,7.560474137522639,-0.3536606110359858,0.1242391585180616,0.0475726238126095,0.2195747201140943,0.7886266433068031,0,0.0,0,0,0
E01000871,1059.19328,6.966206510106906,-0.3152734314930699,0.0776153243721485,0.0257423649817717,0.1230014383198499,0.6786094207810099,0,0.0,0,0,0
E01000872,2581.22653,7.856407301872642,-0.1208791194316447,0.1216511090175413,0.0466913959698066,0.2114818518858107,0.8798057433946702,0,0.0,0,0,0
E01000873,102.96531,4.6440572858063245,-0.0184925388948957,0.0086651513990488,0.0031497987040489,0.0118656007694334,0.8399822750413842,29,0.4027777777777778,0,29,16
E01000874,309.50734,5.738207540385595,0.0359652859928944,0.055598390655291,0.0296312197313317,0.0786573394992345,0.6604412376616527,7,0.09722222222222222,0,7,4
E01000875,1411.94503,7.253431478884614,-0.2820965275114145,0.0685992499297228,0.033290106201939,0.1077620619468277,0.8843983003084289,1,0.013888888888888888,0,1,0
E01000876,4958.24915,8.509009627211318,0.1637081004692957,0.0934279532927465,0.0490280505569188,0.1622701675646365,0.8209705169187572,0,0.0,0,0,0
E01000877,794.08182,6.678445027597607,0.1032760578752451,0.0849674407607014,0.0400957422750214,0.130402306299297,0.6824623990386885,0,0.0,0,0,0
E01000879,161.69567,5.091881400471956,0.1313360462899222,0.0229998737752223,0.0127843868670076,0.0326486645930834,0.8424293590936126,26,0.3611111111111111,0,26,14
E01000880,472.02007,6.159137818881392,-0.0505335927771037,0.0475899255724444,0.0233381601761128,0.0699570290302331,0.5195386049589804,7,0.09722222222222222,0,7,4
E01000881,1336.49231,7.198551729220923,0.0326369928757764,0.0684465367406416,0.0328660701384806,0.1072245877990528,0.8264000240251975,1,0.013888888888888888,0,1,0
E01000883,1869.9055,7.534177817248664,-0.0899026822478462,0.0814187401448896,0.0396855990850874,0.1248362616851642,0.7868057428514535,0,0.0,0,0,0
E01000884,781.47993,6.662468273523078,-0.0394881158368328,0.0988178288852536,0.0438432884642347,0.1610071853048912,0.7519573730808634,1,0.013888888888888888,0,1,0
E01000886,456.97609,6.126816977511269,-0.1094159871690442,0.020440544274428,0.0072203777663728,0.0269170057356882,0.8076092533217731,26,0.3611111111111111,0,26,14
E01000887,1203.8888,7.094142559508819,0.0133685768984643,0.055433076543282,0.0290786075923291,0.0774996147099049,0.813001366912686,10,0.1388888888888889,0,10,7
E01000888,1211.9629,7.100821323150671,-0.492115889025976,0.0791804683130151,0.0382812625700011,0.1230036221315947,0.733093109539482,3,0.041666666666666664,0,3,1
E01000890,648.2570000000001,6.475828632155896,-0.3832828955182897,0.1083890494047885,0.0486223982155225,0.1755522338150012,0.8042051061839839,1,0.013888888888888888,0,1,0
E01000895,960.99013,6.869004190737813,0.214102542343489,0.076663420049902,0.0311689777708747,0.1115690581394526,0.8485756929771575,0,0.0,0,0,0
E01000896,198.21975,5.294408486822145,0.3892110145432026,0.0868342332184356,0.0540763470844857,0.1327638017850645,0.9665482742991788,7,0.09722222222222222,0,7,5
E01000898,2741.91692,7.916777202473079,0.0596891316458997,0.067889277987314,0.0415387348789546,0.0947948671100512,0.7731692221414496,0,0.0,0,0,0
E01000899,645.62966,6.471773734947624,0.2737788409534965,0.0549203702940165,0.023084751093994,0.0805066351150789,1.1834502281444823,1,0.013888888888888888,0,1,0
E01000900,800.97425,6.687076500119146,-0.1850545757245005,0.1347130822245534,0.077485487205113,0.2347693819016127,0.8729961240153278,0,0.0,0,0,0
E01000902,96.66333,4.581526155942836,0.0508640660320723,0.0543523588521107,0.038117246736689,0.0848265778362173,0.8170607584733303,28,0.3888888888888889,0,28,16
E01000904,2034.25353,7.618375674883243,0.2099005869735421,0.0768624400519044,0.0369538353461773,0.1139930147845423,1.045982176180697,0,0.0,0,0,0
E01000905,895.67623,6.798694849298409,-0.3937941168763627,0.0914548552885008,0.0361572060475468,0.1530091192859325,0.7873942176426932,3,0.041666666666666664,0,3,1
E01000906,1250.79776,7.13233600506577,-0.1516863125818197,0.101912038921464,0.0435727835009874,0.1608055430964572,0.7280559084155341,0,0.0,0,0,0
E01000908,130.24945,4.877099710986762,-0.0674234708860574,0.0169024897993811,0.0074701275130144,0.0214035828645338,0.901852476494521,33,0.4583333333333333,1,32,16
E01000909,1472.69243,7.295526387475347,-0.1997564488058107,0.0463660494268989,0.0247537769987722,0.0659922722383351,0.8127132713203934,1,0.013888888888888888,0,1,0
E01000912,1860.75677,7.52927582094778,-0.2810588135062918,0.0755514220163229,0.0296404994404507,0.1156502793530015,0.7219822280988942,0,0.0,0,0,0
E01000913,341.58201,5.836511074295315,-0.4845339191018872,0.0720239921300305,0.0320056375334286,0.1033939747471266,0.7941070323797633,6,0.08333333333333333,0,6,3
E01000914,25352.21489,10.14066082109668,0.0422020645786661,0.2016630835681592,0.1131633185679423,0.3840122968099299,0.6724912249057683,0,0.0,0,0,0
E01000916,1057.40094,6.964514500933382,-0.2363010382797654,0.1391501978426461,0.0755037914000719,0.244489067497786,0.7378061627240028,1,0.013888888888888888,0,1,1
E01000917,397.72553,5.988273285444877,0.1065021649477719,0.1079116042663894,0.0452250575918523,0.181897419555617,0.6865389487360964,2,0.027777777777777776,0,2,1
E01000918,3939.51111,8.279065717228887,0.2042620791085927,0.3412919883858381,0.161452196031502,0.7810084452804641,0.8108093140473516,0,0.0,0,0,0
E01000919,8254.93911,9.0186881124519,0.3526459094620748,0.2793035974313807,0.1135899087207198,0.6198901684153646,0.981327124640907,0,0.0,0,0,0
E01000920,734.77746,6.600927708877191,0.0492004749301917,0.0718128588212273,0.0386199380694122,0.1126854987829707,0.6880150311470621,14,0.19444444444444445,0,14,7
E01000921,610.91186,6.416588252532663,0.219325157642217,0.1048710365518194,0.0537068309657632,0.1727939228026276,0.788782355741242,0,0.0,0,0,0
E01000922,1345.59842,7.20533700278508,0.0531367746403864,0.1265947458529269,0.0553476868678249,0.2018596513905229,0.7796004667275911,0,0.0,0,0,0
E01000924,498.21665,6.213040169864391,-0.4927486666694098,0.0981876258049585,0.0430129543041164,0.1580020609929231,0.6838109168810501,2,0.027777777777777776,0,2,1
E01000926,2368.5713,7.770464331691368,-0.2561831260895545,0.1357333427117013,0.0547731157596986,0.2383748442258536,0.7835616474285796,0,0.0,0,0,0
E01000927,2053.99366,7.628028041767425,-0.0671416678082638,0.0838390416453378,0.0330840213012147,0.1333609444135596,0.7462640994679576,0,0.0,0,0,0
E01000928,1777.98343,7.483797373400985,0.0619718880057279,0.1313707124930855,0.0733376857173522,0.2172509059362391,0.7675904083776615,0,0.0,0,0,0
E01000929,1509.39992,7.320129742425133,-0.2315744259480284,0.0873098297235897,0.0450486177314757,0.1498191325398962,0.8666031471711433,0,0.0,0,0,0
E01000930,5181.37185,8.553018116556064,-0.2057568035770295,0.1853952288716742,0.076374198080379,0.3285754788063683,0.9217962327117968,0,0.0,0,0,0
E01000931,5125.93942,8.542264155837161,0.0457823631477876,0.1566772164466977,0.0671136804031913,0.2887093245552511,0.9280825880786336,0,0.0,0,0,0
E01000932,462.27882,6.138329075858515,-0.2675788607403644,0.0894502802442906,0.0366321779570173,0.1372965518688561,0.8138932084155773,1,0.013888888888888888,0,1,0
E01000933,4432.57832,8.396962284165326,-0.0861897641551429,0.1016920305651813,0.0486004520276587,0.167218757135539,0.8138463178092706,0,0.0,0,0,0
E01000934,378.5602,5.939013214031333,0.0053361129881059,0.142435205814029,0.0672326356547782,0.254746396931797,0.8618673459307437,0,0.0,0,0,0
E01000935,715.15352,6.573894557385198,-0.2201119837877607,0.1604629171090425,0.0716439317812488,0.2853107537071053,0.8777623792636059,1,0.013888888888888888,0,1,0
E01000938,858.8502,6.756758188028891,0.0355360457504696,0.1196176120119667,0.0654516119341882,0.2057427094880044,0.7016303161163541,1,0.013888888888888888,0,1,1
E01000939,11180.3003,9.32199804584948,0.1921928376109898,0.1807580955584887,0.0838638404014962,0.3489806255923843,0.9273699950388864,0,0.0,0,0,0
E01000942,2127.6218,7.663230007027769,-0.0636408500796523,0.092415621046936,0.0436900627733744,0.1557335048809352,0.7327965056707479,0,0.0,0,0,0
E01000946,9870.06491,9.19736302022445,0.23994266214,0.1537031583716301,0.0711154786113762,0.2887718009972842,0.7453730984060147,0,0.0,0,0,0
E01000947,6018.30144,8.702726491702611,-0.1213922711056493,0.1741280559718856,0.0679984367815248,0.3379172796865737,0.9016103318799518,0,0.0,0,0,0
E01000948,214.20399,5.371586369007942,0.4726580023089205,0.0781114768216969,0.0270809614704189,0.1084143751542131,0.7075625493910379,6,0.08333333333333333,1,5,4
E01000954,499.14743,6.214902914959525,0.0987169462136668,0.1290338006949169,0.0622528498243494,0.2169464622966668,0.8042082180773831,0,0.0,0,0,0
E01000956,6296.82369,8.747959406667652,0.1101526585699908,0.1916650805892264,0.0974733786773693,0.3634662670228276,0.8378179520037987,0,0.0,0,0,0
E01000958,160.47009,5.084319924272454,-0.1426791123504698,0.0440441580110037,0.0271827603511657,0.0675545129995533,0.7550211375567153,20,0.2777777777777778,1,19,11
E01000959,276.90398,5.627275658344356,0.3450669795356498,0.1861992016149425,0.0818119696221051,0.3439279843978914,0.8331370647410967,3,0.041666666666666664,0,3,2
E01000960,1130.20514,7.031038838979227,0.0896319052309388,0.1095313103955623,0.0463411182150525,0.1692539590144957,0.8245596287030837,0,0.0,0,0,0
E01000963,4334.2734,8.374539955276687,-0.0757168987078664,0.0984702649352945,0.0530524701095228,0.1572307400820674,0.7543304009378303,0,0.0,0,0,0
E01000969,2124.33137,7.661683008024852,0.0443585550403089,0.0811199855322006,0.0405102853609886,0.1238823524565635,0.7934133979088379,0,0.0,0,0,0
E01000972,4341.65955,8.376242238948656,0.1886922962441861,0.0719880604180491,0.0303345433890596,0.1116388444120071,0.6479767504580898,0,0.0,0,0,0
E01000973,3773.39163,8.235994491079946,-0.0387739689770817,0.0753844519446289,0.0302181435643879,0.1185958583535777,0.7659433784079824,0,0.0,0,0,0
E01000974,3305.43689,8.103626420285051,0.1592543399005872,0.0626559141475546,0.023250372812291,0.0995620700288465,0.9645987213106748,0,0.0,0,0,0
E01000975,2875.17734,7.964217378970511,0.5843483240585082,0.0741634496882894,0.0423041557499197,0.1223068152290401,0.8587999845215052,14,0.19444444444444445,0,14,7
E01000976,1676.68005,7.425167195425924,-0.2509038441770688,0.0661289731454728,0.0383085908369936,0.099813072498556,0.7719668952395693,15,0.20833333333333334,0,15,7
E01000977,483.24377,6.182588436948797,-0.0840587970746109,0.0743132601585324,0.0576463717266339,0.1159251521776232,0.9327991204264136,16,0.2222222222222222,0,16,8
E01000978,656.9724,6.489162985156836,-0.1420087053885368,0.0966879582764816,0.0691379576980707,0.1456959663607115,0.8322668261722707,2,0.027777777777777776,0,2,1
E01000979,502.32662,6.221239303303568,-0.3010151442899841,0.0614832636184003,0.045203696351987,0.0966110337544024,0.7578414861164245,22,0.3055555555555556,0,22,11
E01000980,376.3212,5.933096814100988,-0.4726296578561079,0.0566890996308472,0.0329735343105836,0.0880334404192531,0.7152435071288762,26,0.3611111111111111,0,26,14
E01000981,229.63922,5.440854671430568,-0.2363102435202489,0.1340633363934958,0.094938791378929,0.2175925078437327,0.7694296811843392,19,0.2638888888888889,1,18,9
E01000982,119.23966,4.789486917762744,0.1859003958917695,0.1350914620185934,0.0932644390297657,0.2169650516536314,0.7583845226282963,25,0.3472222222222222,1,24,12
E01000983,459.98776,6.133371491668027,-0.1566256893444294,0.0577411668519179,0.0355997733504908,0.0913726146398164,0.9356092756808932,21,0.2916666666666667,0,21,9
E01000984,431.45472,6.069477627249554,-0.400628598987166,0.1152311649296593,0.0882567932041628,0.1837842551509612,0.6968629855564117,16,0.2222222222222222,0,16,7
E01000985,165.86428,5.117180787390682,0.014693941335651,0.0440847782295259,0.0331573500937031,0.0590780575386697,0.7541288173158162,27,0.375,0,27,14
E01000992,969.8275,6.878148800604103,-0.1778647646102013,0.0725798556959871,0.0555653247613622,0.1090338096798746,0.7574603025022959,17,0.2361111111111111,0,17,7
E01000993,390.96439,5.971170993827358,-0.0743116527824951,0.0737444911542967,0.0429380281922862,0.1151219667627125,0.759077260281737,23,0.3194444444444444,0,23,11
E01000994,209.57891,5.349860452235143,-0.341176361686393,0.1172099330032778,0.088666984669402,0.1883403722471641,0.6559405438188574,24,0.3333333333333333,0,24,13
E01000995,1315.21611,7.182516315728302,-0.3670252411978135,0.1440051855812502,0.0666127789447469,0.2491500293741081,0.8109798882479089,1,0.013888888888888888,0,1,0
E01000997,818.97832,6.709277900884391,-0.2475521696349666,0.1745281731023111,0.1095965153265595,0.2979003636396831,0.7310674698750266,1,0.013888888888888888,0,1,0
E01000998,462.86424,6.139591923207664,-0.3180575799072316,0.1329636525820184,0.0828807384212701,0.2177233170236915,0.7763471052146985,22,0.3055555555555556,0,22,12
E01001000,1476.61038,7.298181453765608,-0.0150007072278606,0.1831679660818854,0.1295396894067614,0.3226112198345917,0.8654459059464613,0,0.0,0,0,0
E01001003,490.81333,6.198099233928802,-0.3697265720146597,0.0705178280304652,0.0390729404191202,0.1060863477668239,0.7115686806251978,26,0.3611111111111111,0,26,14
E01001004,448.32162,6.107738934215102,-0.4796822424044595,0.0558341799353776,0.0382784573271304,0.0862368101881494,0.659837751620008,27,0.375,0,27,14
E01001006,781.10844,6.661993401008231,-0.3562758328408281,0.1509095203221719,0.0797806127917399,0.2688991885646301,0.787258046388251,0,0.0,0,0,0
E01001008,536.29979,6.2865562068915954,-0.1803607456195349,0.1754402141384392,0.1284960973040843,0.3014452486383333,0.7687036634962232,2,0.027777777777777776,0,2,1
E01001010,1082.45601,6.987911220244508,0.2568606644809521,0.0944347567528402,0.0606918150881715,0.1604487924573388,0.8687524595869055,13,0.18055555555555555,0,13,8
E01001011,4122.17222,8.324378102389955,-0.139177295217423,0.147547537448593,0.0839780561133372,0.2510549410580379,0.9064053676940635,0,0.0,0,0,0
E01001013,8474.94996,9.04498801564259,0.1458351076800929,0.0964252832001382,0.0507509875609932,0.1484817438039141,0.8776216766700525,0,0.0,0,0,0
E01001015,192.69182,5.26626833926826,0.2791317244291947,0.0724290735330643,0.0371207246887802,0.1002078831310948,0.5625274603600329,8,0.1111111111111111,1,7,5
E01001016,327.21329,5.793663671437609,-0.5184041577284346,0.0578065762548947,0.0335279169131547,0.0917471206853449,0.7505049014208781,25,0.3472222222222222,1,24,12
E01001018,722.77949,6.584486774171094,-0.3222498607424513,0.0725877265831104,0.0413111888385211,0.1094459817805592,0.6104475089104111,1,0.013888888888888888,0,1,0
E01001019,163.38962999999998,5.102239402773707,-0.3343797889743676,0.0935281510827829,0.075466050079188,0.1430479167222466,0.659322030290452,20,0.2777777777777778,0,20,10
E01001020,366.0204,5.905417432340798,-0.1489748658817923,0.1152957321504484,0.0854400191901872,0.1766572848447959,0.767938950548703,12,0.16666666666666666,0,12,5
E01001021,208.96142,5.346923799554218,-0.4529257123156991,0.0656229748055885,0.0354608042001245,0.0893734246194287,0.6706953679300895,19,0.2638888888888889,1,18,10
E01001023,3017.56411,8.012536537036942,-0.040516776294771,0.0866147761811761,0.047468737954999,0.1404477624804886,0.7560609470197798,0,0.0,0,0,0
E01001026,202.94137,5.317832550575574,-0.4692078800887172,0.0223138337934744,0.0005375936902367,0.0307436537071344,0.7578638895586349,29,0.4027777777777778,0,29,16
E01001027,134.16772,4.906516377705329,-0.2761024783010399,0.0012492572729118,0.0,0.0015194245386927,0.6294159043519911,31,0.4305555555555556,0,31,18
E01001029,539.57202,6.292627875196195,-0.3090043475567913,0.0485264413821902,0.0237865558707065,0.0719241363063704,0.8198041500844833,7,0.09722222222222222,1,6,4
E01001032,116.65083,4.767721169972115,0.0702663667288093,0.0469862066133605,0.0456159634697841,0.0607198513648833,0.8365892867373246,31,0.4305555555555556,1,30,15
E01001033,677.40854,6.519749672841856,-0.2085666354309616,0.1019977840846234,0.0489976550930403,0.1687153226877109,0.8105950347608991,0,0.0,0,0,0
E01001034,480.43956,6.176780698956425,-0.0248780512578938,0.0472609291374757,0.0321434812736902,0.0703330474087563,0.6471706377533429,27,0.375,0,27,14
E01001035,738.99517,6.606643659149888,-0.4864753987498997,0.0963437149393006,0.054747543207894,0.1511297348623747,0.7006894732217527,2,0.027777777777777776,0,2,0
E01001036,345.2109,5.847048126937406,-0.5975606216373818,0.0732185455326005,0.0291038608572324,0.1149760532514079,0.6130886189186073,9,0.125,1,8,3
E01001037,655.0889999999999,6.486296450473355,-0.1634171234748255,0.0822306892651227,0.0579189087284323,0.1271623245529819,0.7581471243682129,2,0.027777777777777776,0,2,0
E01001038,655.95567,6.487616542844406,0.018941935512197,0.116844481274169,0.0820238050537774,0.1927226558475832,0.6732683329753073,5,0.06944444444444445,0,5,1
E01001040,718.30187,6.578281116619688,-0.2061082062893696,0.1479547867528174,0.0922093241940188,0.2469547873239626,0.7034757152703497,0,0.0,0,0,0
E01001041,2085.60948,7.643295769299692,-0.1769359237856936,0.1257937703658692,0.0892714296638122,0.2108973882637253,0.7688826845171903,0,0.0,0,0,0
E01001042,1626.99457,7.395104211176088,0.2427895564519308,0.1227676623407538,0.0723438861876472,0.1960990852997943,0.7574017856185091,0,0.0,0,0,0
E01001044,528.5094,6.271950917480675,0.0428647815913964,0.1074057907011682,0.0812543542271906,0.1526187936223405,0.7761412338938628,7,0.09722222222222222,0,7,5
E01001047,125.93472,4.843672938559178,-0.3302698413908412,0.0228192034730374,0.0114052740975641,0.0314448355539915,0.7238658600773263,27,0.375,0,27,14
E01001049,768.57967,6.6458444826824135,-0.4494432568064154,0.0979249815442034,0.0666176871423101,0.1576359525959141,0.8708252175872502,3,0.041666666666666664,0,3,0
E01001050,688.1091,6.535399603906502,-0.052499494629558,0.1089981661338296,0.0656121972518602,0.1697021085765795,0.7823363072109918,0,0.0,0,0,0
E01001051,496.82794,6.210254515317051,-0.459810935753734,0.139963344251533,0.0880646325969509,0.247799777714038,0.7542729221138299,2,0.027777777777777776,1,1,0
E01001052,461.59812,6.136858685802916,-0.2862831417077696,0.1687037416876828,0.1226342299661012,0.3028182906247663,0.7114724599641628,3,0.041666666666666664,0,3,1
E01001053,682.93015,6.527855792524919,-0.2182193742654355,0.1864844010767426,0.1340044951888564,0.3246535122616295,0.8699980777944007,1,0.013888888888888888,0,1,1
E01001054,622.8956999999999,6.435983206962841,-0.1638047589668704,0.2260147244554746,0.1847858638292093,0.3965236820093204,0.8026745060510266,1,0.013888888888888888,0,1,0
E01001055,747.18375,6.617648602886423,-0.3129452025689798,0.1526724851818578,0.1153642862281199,0.2494771886328431,0.7281887782987211,1,0.013888888888888888,0,1,1
E01001058,197.12307,5.288888403259177,-0.5335219769050878,0.0516398714772451,0.0346150250196488,0.0721167616790406,0.5436562023831332,28,0.3888888888888889,1,27,14
E01001059,194.58594,5.2759998736265326,-0.509824193875467,0.060310575368395,0.0439639164062932,0.0949040118643863,0.6905377348805161,31,0.4305555555555556,2,29,16
E01001060,372.10377,5.921856584705679,-0.5145891158264804,0.1096166534405174,0.0872224971007415,0.1694369973413084,0.6309853472469767,28,0.3888888888888889,0,28,16
E01001061,426.25944,6.05739141654389,-0.0388351282026738,0.1699266296600962,0.1433267964693051,0.267149070180155,0.7145392039158899,4,0.05555555555555555,0,4,1
E01001062,1301.35695,7.171930940340789,-0.1253071649557795,0.0882486238691083,0.0622265705039651,0.1324962166463591,0.5575849169066222,1,0.013888888888888888,0,1,0
E01001063,1273.4503,7.150270227371236,-0.1331227924639069,0.0952524806032869,0.0719280132094672,0.1443142235372883,0.6609077257937417,2,0.027777777777777776,0,2,0
E01001064,981.57009,6.890171679621344,-0.2797950475446943,0.109061595387447,0.0730403673975029,0.1722210212780758,0.7188033033158694,1,0.013888888888888888,0,1,0
E01001065,3021.91091,8.013975523620742,0.0005683986229759,0.0584746126747992,0.035498518386169,0.0870310447378203,0.6928979622159945,1,0.013888888888888888,0,1,1
E01001066,597.64964,6.394676518809628,-0.4803273703971444,0.1295242811490692,0.0829814772414152,0.216733061170185,0.6770871057981851,3,0.041666666666666664,0,3,1
E01001068,154.61658,5.0473951613376045,-0.3646324346328188,0.0694792240262978,0.032204954992537,0.104608151782819,0.7033252108511797,28,0.3888888888888889,0,28,16
E01001070,338.11976,5.826353319330048,-0.5158559795499676,0.0962372030549175,0.060226441660789,0.1669274654487997,0.7269490039977113,21,0.2916666666666667,1,20,10
E01001071,162.22719,5.0951430340450266,-0.324985287608076,0.130659416587318,0.0905341453550419,0.212416101867485,0.7251409808789208,27,0.375,3,24,14
E01001074,1127.51535,7.028658198291799,-0.0980404124875106,0.0695669464721699,0.045098951424475,0.1066272183831132,0.759074678136318,1,0.013888888888888888,0,1,1
E01001075,578.27077,6.361770019380914,-0.2031040752760164,0.0649735244269738,0.0425595435162666,0.0919549442851123,0.831215795946601,23,0.3194444444444444,0,23,14
E01001076,762.82603,6.638340053812709,-0.1833273701999917,0.0658266865906503,0.0214811626184282,0.0979597043466633,0.6855612856765149,11,0.1527777777777778,0,11,5
E01001078,445.76144,6.102024760874523,0.2785141307870865,0.171851517708665,0.1518581553397709,0.2743531418028576,0.703066081300188,4,0.05555555555555555,0,4,0
E01001079,695.70165,6.546357270341005,-0.3793750525099373,0.1433619569538178,0.0865999814719427,0.2377954733119883,0.6473001800153746,3,0.041666666666666664,1,2,1
E01001080,445.33793,6.101076355700427,-0.0334158601761139,0.1386653276984513,0.0978335485594052,0.2192794326148458,0.756031724551927,1,0.013888888888888888,0,1,0
E01001081,396.26564,5.9846051753152,-0.3806339101215034,0.1379633621527216,0.0990181737684852,0.2179884379898447,0.7243526851798583,5,0.06944444444444445,1,4,2
E01001083,367.03585,5.90818035190232,-0.2194869247786013,0.1487002972597908,0.0929047394144195,0.2347582505754505,0.7176845802974922,4,0.05555555555555555,0,4,1
E01001084,1829.25485,7.512210498434455,-0.1092896541999054,0.0863326998969006,0.0455861467307302,0.1271573334142376,0.6864990228151627,0,0.0,0,0,0
E01001085,2068.72995,7.63517341881171,0.0115762282070696,0.1448739841563177,0.0910745986927873,0.2483423577478484,0.7509059216510195,0,0.0,0,0,0
E01001087,2534.97635,7.838333989803853,-0.0313266236191908,0.1558937975890781,0.089674982569364,0.2763626963488407,0.8743124808915924,0,0.0,0,0,0
E01001089,1738.44421,7.461320921643058,-0.0776443726083105,0.1156747791175881,0.0461606012654268,0.1996062074830007,0.7581333932258305,1,0.013888888888888888,0,1,1
E01001091,763.5036699999999,6.6392268258808125,-0.1548458699615681,0.1723407432998979,0.1088759796007267,0.3039990202373388,0.8103580811273713,0,0.0,0,0,0
E01001092,805.45147,6.692643722165176,0.1552637181232036,0.0221757370434745,0.0129275820925623,0.0313506134618875,0.6874484634007071,26,0.3611111111111111,0,26,14
E01001093,617.67193,6.427575132184951,0.0930569242477961,0.0889706935524818,0.0663042757989666,0.1380133790455494,0.7063389832613788,4,0.05555555555555555,0,4,2
E01001094,407.85396,6.013358026264884,-0.148363448524565,0.0259438206754201,0.0215103955347154,0.0328744468841821,0.6923096554657593,31,0.4305555555555556,2,29,14
E01001095,1149.79775,7.048210676513855,-0.1002781663122927,0.1035837563606295,0.052552224945648,0.1691322791232312,0.7514020072492648,1,0.013888888888888888,0,1,0
E01001097,8014.66664,8.989153235633543,-0.0004018532703438,0.0586463468928509,0.0342765560115673,0.0864874284660775,0.7361621111100514,0,0.0,0,0,0
E01001099,229.77165,5.441428693467094,-0.3404572757344085,0.0437651033101777,0.0228895949522058,0.0620553837996742,0.7860414487785072,25,0.3472222222222222,0,25,14
E01001102,468.07967,6.150772626087884,-0.0695584364943685,0.0400334626795476,0.0320239287470015,0.0590491786634346,0.7494691193948559,25,0.3472222222222222,0,25,13
E01001103,151.11601,5.024643453423401,-0.3572535431553546,0.0677607223748165,0.0458247938123829,0.0964521259871297,0.6107990275400459,31,0.4305555555555556,3,28,16
E01001104,202.22302,5.314303996689368,-0.3039485811259272,0.0213721464549387,0.0123787094070694,0.029755481862708,0.7098572638632842,29,0.4027777777777778,0,29,14
E01001105,267.24357,5.591895411046445,-0.4156752957610917,0.0885013248401074,0.0605411011385606,0.1356268482715632,0.7469635648310207,26,0.3611111111111111,0,26,14
E01001106,240.15432,5.485437060515834,0.0577966700744754,0.0758284506395721,0.0641490854713752,0.1263405164255929,0.6611440750081228,28,0.3888888888888889,0,28,14
E01001107,107.89166,4.69035344298417,-0.288225243730609,0.0235649354176217,0.0079613197164637,0.0339281472604841,0.6691714950643929,29,0.4027777777777778,1,28,14
E01001108,137.51164,4.930954365417251,-0.3472655842079987,0.031290878357643,0.0220317349134953,0.0441055517196702,0.635163684176811,34,0.4722222222222222,2,32,16
E01001109,507.11828,6.230714255122372,-0.0605065548021657,0.1291751896618674,0.0981589738788355,0.2106753280968875,0.7198741046781195,14,0.19444444444444445,0,14,6
E01001110,1218.36304,7.10608390302584,-0.1693278876877289,0.1473627023354221,0.0952535953487229,0.2444307712666132,0.7824172420544823,0,0.0,0,0,0
E01001111,1777.7823,7.483684308058589,-0.2275897673185294,0.1555428187129549,0.104483929219005,0.2593780244469513,0.8148996880865351,0,0.0,0,0,0
E01001112,1481.14184,7.30124350977829,-0.0345198404495817,0.1160554413883818,0.0771876851443208,0.1848719763604189,0.8148424824852855,12,0.16666666666666666,0,12,6
E01001114,1155.45235,7.053112278920381,-0.1570430403296164,0.1849259296586311,0.1259488026485904,0.3204932359389214,0.7947865586042883,0,0.0,0,0,0
E01001115,187.69206,5.240116374117738,-0.197552842672194,0.0764943919311237,0.0559222377334448,0.1152091623020054,0.6824724838289891,29,0.4027777777777778,0,29,16
E01001116,1219.37901,7.10691675341568,-0.4373639251015153,0.1137241078145178,0.0660737058283461,0.1818730596700951,0.8016307491593535,0,0.0,0,0,0
E01001118,2394.03701,7.781153962752759,-0.0025952606304946,0.1291303804864737,0.0944991364189478,0.2137496245899391,0.7643571689775825,0,0.0,0,0,0
E01001119,299.5357,5.705566548915536,-0.4708191377521945,0.0916453030473496,0.0665196168603609,0.1363649685756476,0.5327846423815472,30,0.4166666666666667,1,29,16
E01001120,177.01871,5.181888657127718,-0.3689401532753233,0.1203620227488947,0.0624558274094303,0.1828803439807025,0.61209142812628,9,0.125,2,7,3
E01001122,399.87059,5.993638657017354,-0.39128351499919,0.1014671771684934,0.0714919294264676,0.1545424080964987,0.5793524370002129,8,0.1111111111111111,0,8,5
E01001125,1880.72134,7.539942243295135,-0.0812771763412861,0.0826714817836862,0.0560222228349894,0.1239240346610097,0.6569792302222898,1,0.013888888888888888,0,1,0
E01001127,799.08922,6.684723246449477,-0.5052890089044125,0.0703138255325231,0.0436223129126932,0.1097950101100206,0.7166180977116309,24,0.3333333333333333,0,24,12
E01001129,161.94402,5.0934067062364345,-0.3303368657885607,0.0747555852942269,0.0521355465919643,0.1061716755850364,0.7637866302903265,32,0.4444444444444444,1,31,16
E01001130,387.97051,5.963503530976103,-0.3600953330189967,0.1148659211237472,0.0935442232452152,0.1877097801928367,0.6261558488272808,25,0.3472222222222222,0,25,12
E01001132,149.32220999999998,5.012781056966269,-0.2288693021620829,0.0863764338874973,0.0442449920879151,0.1412423092658508,0.6602507789152017,27,0.375,0,27,14
E01001133,386.81537,5.960529375855024,-0.1021047069561895,0.1578601181230208,0.0757741348281998,0.294331460399842,0.7794930617052358,1,0.013888888888888888,0,1,1
E01001134,418.8674,6.039938947143453,-0.5485074751580095,0.0593716054293076,0.0194507856185513,0.0935481362788502,0.6291448082819527,14,0.19444444444444445,0,14,8
E01001135,1217.90321,7.105706725180351,-0.2187131028253058,0.1179696537625514,0.0792311812693227,0.1892518680366348,0.6838246855422329,0,0.0,0,0,0
E01001136,4963.54069,8.510076062633031,-0.144333054717035,0.08453403652867,0.0483097278688774,0.1325993427633199,0.7644934807494845,12,0.16666666666666666,0,12,6
E01001137,1027.3021,6.935664274438642,-0.2470540846748002,0.0714384794891395,0.0267713265649899,0.1117081687735263,0.8206096311363453,1,0.013888888888888888,0,1,1
E01001138,208.71043,5.345727674391548,-0.1914872677901147,0.0680701007611358,0.0367899198904434,0.0999664642654442,0.5203313471680155,25,0.3472222222222222,1,24,14
E01001139,1407.17848,7.250052290048082,-0.2437419878678076,0.2495175238893647,0.1533562323949127,0.4620386907411359,0.7304162427500778,0,0.0,0,0,0
E01001140,180.61614,5.20189533886988,-0.3183145205074142,0.0611171293993991,0.0269396743834742,0.0823590810691637,0.697099619215828,26,0.3611111111111111,1,25,16
E01001142,726.89618,6.590158428136819,-0.0922744153092123,0.060561385808906,0.0378964159641064,0.0912000347714085,0.741916913357072,21,0.2916666666666667,0,21,13
E01001143,313.56855,5.751202017413418,-0.1380390667367629,0.1242797468049649,0.0919574045292488,0.2010048950115116,0.7138175635030386,15,0.20833333333333334,0,15,6
E01001144,85.54925,4.460713616073408,-0.0810112303731476,0.0343073726537637,0.0245563812657621,0.047131781003755,0.9097863928300816,27,0.375,0,27,14
E01001145,2236.50186,7.713115281433581,0.2042606036553888,0.0896716222717561,0.0461714482991755,0.1428244455056594,0.8667839926352007,12,0.16666666666666666,0,12,6
E01001147,750.52769,6.622108054821606,-0.3071609656400552,0.1155273564923367,0.0839884135387463,0.1847516096905737,0.7239451425358326,5,0.06944444444444445,0,5,1
E01001148,259.46528,5.562469570160855,-0.1531666202121532,0.0709512656182746,0.0475428542886354,0.1093354547846388,0.7581031472303722,28,0.3888888888888889,0,28,16
E01001149,270.46584,5.603836311936871,-0.5053342041272199,0.0882196805334085,0.0415064985655859,0.1394656767774232,0.6526858543277932,3,0.041666666666666664,0,3,1
E01001150,507.36749,6.231204591558647,-0.4680851940277056,0.1182466381517664,0.0747590469385415,0.1965270036315295,0.7160883165828845,2,0.027777777777777776,0,2,1
E01001151,738.756,6.606320402095686,-0.2287558273638387,0.2452598557575167,0.1663881308578204,0.4790461453465308,0.7001408673701349,0,0.0,0,0,0
E01001152,1712.3362,7.446197742931452,-0.2210664938345636,0.131835722447496,0.0978013021041078,0.2188251927499266,0.7529307848339444,0,0.0,0,0,0
E01001154,534.94293,6.284027681521459,-0.2108101699745802,0.1459405024756566,0.0953241124244786,0.2436190145295776,0.7478963821047404,0,0.0,0,0,0
E01001155,6918.43649,8.842089613215018,0.0285652878776371,0.0962556989520041,0.0567047598929393,0.1510399353341018,0.7098913048576373,0,0.0,0,0,0
E01001156,2402.36488,7.78462506773833,-0.3065948250125934,0.1076915593271576,0.0666065056695301,0.1655955423422187,0.6892611553599449,0,0.0,0,0,0
E01001157,1742.13623,7.463441200813492,-0.1890608692524578,0.1651249741818411,0.1063358518179717,0.2882177647560164,0.7303611230072815,0,0.0,0,0,0
E01001158,339.30786,5.829850678507239,0.0242399336107332,0.1637299825592015,0.1370156883486283,0.2802379215685087,0.7919549509970896,4,0.05555555555555555,0,4,3
E01001159,1387.93441,7.236292120617078,-0.4086642898348488,0.1069348875066798,0.0646171817297908,0.1662716622765734,0.7171702446673409,0,0.0,0,0,0
E01001162,101.15773,4.62651799143043,-0.216775228151126,0.0398236496607822,0.0290957497761169,0.0539918263124226,0.8981737362456619,29,0.4027777777777778,2,27,14
E01001163,217.2974,5.385858353269671,0.0022812974292375,0.2206990511621399,0.1453849424797535,0.3804838221108951,0.6137707068751074,5,0.06944444444444445,0,5,1
E01001164,3766.97935,8.234294155320303,-0.0336498552878979,0.1004885705041096,0.0566454074137677,0.1675134375969355,0.8276657905927635,0,0.0,0,0,0
E01001165,1025.38604,6.933799212273625,-0.110879313316963,0.0933890615479804,0.0433187680222367,0.1500115359941188,0.8174534560252873,21,0.2916666666666667,0,21,14
E01001166,630.2743399999999,6.447740538262054,-0.1335016431098877,0.1448310429391747,0.1029184529390804,0.2449963157940221,0.7937885399128154,2,0.027777777777777776,0,2,1
E01001167,1983.92716,7.593337497233899,-0.0776087364013909,0.0981413349873187,0.0659029134920457,0.1504749555307125,0.6857547092417325,0,0.0,0,0,0
E01001168,645.75567,6.47196858793919,0.0032806370867792,0.1060087168882311,0.0754421405235203,0.1596049617064089,0.6850463928513858,12,0.16666666666666666,0,12,6
E01001169,270.70338,5.604710956546311,-0.3125635889732888,0.1861062466231489,0.1292864906230576,0.3268012340187674,0.6862517288515693,5,0.06944444444444445,1,4,2
E01001170,3174.26525,8.06314645114433,-0.0991310571792953,0.1031610039520169,0.0651065849018131,0.1663407889266114,0.7383950640932934,0,0.0,0,0,0
E01001171,634.29332,6.454086813499751,-0.2869636085715044,0.0578332592246123,0.0373035774679134,0.0865103679786801,0.6741393410608052,8,0.1111111111111111,0,8,4
E01001172,1419.75124,7.258941052955312,0.0894514872901255,0.1071274429737423,0.0724383730772441,0.1764981182462724,0.7931433034153197,0,0.0,0,0,0
E01001173,675.88024,6.517494359184201,-0.4062969202946369,0.0204196530438587,0.0090197636196613,0.0262268397667533,0.6007171824255845,27,0.375,0,27,14
E01001175,366.21738,5.905953988780936,-0.0843834336862985,0.1782453907567139,0.1250585376368538,0.2853513702855146,0.7134527015470158,1,0.013888888888888888,0,1,0
E01001176,852.18114,6.748971881336467,-0.5028290581507119,0.0515212528641504,0.0285455977117728,0.0772867345378395,0.7253883950303635,26,0.3611111111111111,0,26,14
E01001177,1035.0035,6.9431258011921,-0.2843435988380716,0.2301078595386392,0.1310057019130853,0.4569625277489744,0.7987798086526099,0,0.0,0,0,0
E01001178,4721.32049,8.46005558700683,-0.0403795400892177,0.094561739866128,0.0610237920959269,0.1423607051741924,0.8777946693944196,0,0.0,0,0,0
E01001180,614.7024700000001,6.422763843603125,0.0899350705390853,0.1030623644639007,0.0753873821265107,0.1736897542502628,0.8310696434406376,3,0.041666666666666664,0,3,1
E01001181,1035.37971,6.943488871113066,0.1647398035258002,0.2170484971160966,0.1612559898435714,0.4262439521384765,0.8693913865789343,0,0.0,0,0,0
E01001182,1699.08597,7.438434099353894,-0.0874079432249093,0.161203026118802,0.1223415434358509,0.2757263398827271,0.8882503569028231,0,0.0,0,0,0
E01001183,9485.53348,9.157628543523703,-0.1542000735207989,0.1425103482951387,0.0840902846088526,0.2466463016093678,0.8016974769570444,0,0.0,0,0,0
E01001185,734.08641,6.599988056928508,-0.2107730478214411,0.1144985506542751,0.0894073219527385,0.1867679240085083,0.7826034897245153,17,0.2361111111111111,0,17,7
E01001186,1495.08728,7.310608499078569,-0.0863977118446221,0.1055685257385107,0.0737974909397931,0.1696529094857597,0.7786569901046108,15,0.20833333333333334,0,15,9
E01001187,348.25122,5.855791491330684,-0.4654447441706019,0.0924118801364141,0.0622142256960363,0.1591144071475371,0.791951723578131,25,0.3472222222222222,0,25,14
E01001192,849.87717,6.746267782080714,-0.0924313215755636,0.1099783513422298,0.0786326099335036,0.1769921587481871,0.7101307451891703,18,0.25,0,18,12
E01001193,378.15279,5.937939263685082,-0.3893468827771971,0.0648161289514748,0.038831182496366,0.099795774192273,0.8468051197520485,25,0.3472222222222222,0,25,14
E01001195,217.64999,5.387472232123735,-0.3286553332715522,0.0348073987965724,0.0283037917897446,0.0502959000220414,0.6816763549835201,28,0.3888888888888889,0,28,15
E01001197,306.93492,5.72988846194556,-0.1453522460070688,0.044111859282743,0.0292340474000156,0.0652258448980457,0.5718001344259491,7,0.09722222222222222,0,7,5
E01001199,610.32754,6.4156328875494175,-0.0379006983692723,0.1220940316735502,0.0672237402231595,0.1946792010532906,0.8191041493257938,0,0.0,0,0,0
E01001202,795.12271,6.679753332254672,0.2814817476411911,0.0908518510306415,0.0371310360384499,0.1460469107844107,0.9191477960145128,1,0.013888888888888888,0,1,1
E01001204,209.79728,5.350896913358153,-0.424107023694492,0.0600459167058791,0.0121285175861193,0.0858482729105887,0.7036425518516772,18,0.25,0,18,9
E01001205,249.2053,5.52228178086201,-0.1847220745305175,0.1070933483356894,0.070135988279543,0.1645984213662303,0.7364305624051735,18,0.25,1,17,9
E01001206,409.89344,6.018333910806946,-0.4595794458188937,0.0365417167935158,0.0,0.056635992481562,0.8348456833122211,29,0.4027777777777778,0,29,18
E01001207,469.54175,6.153884690476568,-0.1145432754382331,0.090683778386054,0.036286783869592,0.1392276059231297,0.7231793896838485,16,0.2222222222222222,0,16,9
E01001208,1708.77543,7.444117313387116,-0.2168912447436115,0.1430902421156652,0.0866188133334759,0.2294762026398317,0.6996838189517974,0,0.0,0,0,0
E01001209,885.5284,6.787313161098129,-0.2381180321263553,0.0725877566433781,0.040428076615047,0.1116957180109599,0.7481181223391659,4,0.05555555555555555,0,4,1
E01001210,899.41533,6.802856134653966,-0.2671970578931538,0.0816518326411002,0.039492010882225,0.1281295505290325,0.7889931776247324,2,0.027777777777777776,0,2,1
E01001211,400.55655,5.995348370293242,-0.3049865243746482,0.0541530527961657,0.0213524407477545,0.0822141937753089,0.8372119691517204,7,0.09722222222222222,1,6,4
E01001212,785.55732,6.66766559969015,-0.2246184148599111,0.0737683534029063,0.0493203984147203,0.1081113910973336,0.6715106651440178,1,0.013888888888888888,0,1,0
E01001214,1185.23321,7.078538195977817,-0.2797338339852965,0.2009036179470536,0.1405687830836262,0.3721249286338046,0.8809130977242207,1,0.013888888888888888,0,1,0
E01001215,3000.76995,8.006957377011837,0.0614013380132655,0.1559971433331635,0.121712889053691,0.2617610328087529,0.8994686079417057,0,0.0,0,0,0
E01001216,776.6523099999999,6.656279521974166,-0.227776764096665,0.2037539681044662,0.1450574968353599,0.3518076334253421,0.7427719500652467,1,0.013888888888888888,0,1,0
E01001218,1180.55038,7.074582736428834,-0.2939489799664458,0.0888054434407111,0.0602830096924792,0.1367208011537727,0.6293088060287843,24,0.3333333333333333,0,24,12
E01001219,262.83288,5.575315872395006,-0.2737275488515744,0.0667046680004419,0.0421557607252182,0.10150297193621,0.7411172057390241,28,0.3888888888888889,1,27,14
E01001220,589.21674,6.3804898253732985,-0.6304232293196559,0.1087003570197276,0.0791873971537197,0.1763835399263127,0.6105373162920581,27,0.375,0,27,13
E01001225,25698.05422,10.154209469427936,0.2081695031928374,0.136938130018468,0.0842640914157118,0.2321394854110398,0.816119545177414,0,0.0,0,0,0
E01001226,1169.26294,7.0649837375854,-0.3436914198272631,0.0848614769232316,0.0610571049143146,0.1216916403896717,0.6538292962566846,3,0.041666666666666664,0,3,1
E01001228,643.04741,6.467772341407103,-0.1858177299866583,0.1011306149261996,0.0451083847767927,0.1575362689896804,0.7835914060090324,3,0.041666666666666664,0,3,2
E01001229,311.55018,5.74476503228551,-0.3863681927579049,0.0643680578197708,0.0217384563860627,0.0986831570650211,0.9341407326942744,6,0.08333333333333333,0,6,3
E01001230,310.98857,5.742966552523034,0.122133845626545,0.0344093353656052,0.0190158114171205,0.0493705627078087,0.6095919291810282,8,0.1111111111111111,0,8,5
E01001233,1758.21517,7.472623062441206,-0.0988680071506833,0.0665486750407232,0.0294442971960024,0.1015436626443974,0.8339612122751596,0,0.0,0,0,0
E01001235,1100.32942,7.004273292697681,0.1037416594750324,0.3293534403542532,0.22096994371013,0.809298661295182,0.9125767396490024,0,0.0,0,0,0
E01001239,126.71485,4.849800044452959,0.0835314093020668,0.2584888037984498,0.1942415589017388,0.4893904592200889,0.8463001801939636,6,0.08333333333333333,2,4,1
E01001240,934.10503,6.840658854530773,-0.3043784808652621,0.2471378084753488,0.1484798235162056,0.6230740897373395,0.7665898581207335,1,0.013888888888888888,0,1,1
E01001241,487.29065,6.190910822819574,-0.1733236006067425,0.1331972612238712,0.0869747449494465,0.2214505843761794,0.695288442150903,3,0.041666666666666664,0,3,1
E01001243,1483.24465,7.302661268630224,-0.0441928646093549,0.113119228173181,0.0738599933598277,0.1982943002979316,0.7651880476697451,0,0.0,0,0,0
E01001244,4500.73394,8.412217921541725,-0.2129419851909753,0.1076431058708615,0.0553048576783901,0.1783318357347554,0.7073938258358097,0,0.0,0,0,0
E01001245,1505.0776,7.317263934256792,-0.2520331842025952,0.1013749324287332,0.0480299088897476,0.1647677933033195,0.6902834351330398,0,0.0,0,0,0
E01001246,1055.53191,6.9627470401021245,0.0154014197448564,0.171898157015452,0.1327249121251104,0.2813060649193423,0.7278334888037998,0,0.0,0,0,0
E01001247,5402.55121,8.594811647889022,0.1258404786134364,0.1268468994299454,0.0920725377076064,0.2152124843733919,0.7612357083972242,0,0.0,0,0,0
E01001248,1068.19601,6.974662252495736,-0.1720392964208881,0.0754409483330685,0.0439277151016506,0.1097315917214602,0.7421417091533744,12,0.16666666666666666,0,12,6
E01001249,7352.2926,8.902903464686144,0.0075103567015273,0.105389789573935,0.0527268582863527,0.1721374426371582,0.8310072023668624,0,0.0,0,0,0
E01001250,1153.47466,7.051400679658044,-0.1080234220316551,0.1288146980185936,0.0756782294636624,0.2176959799457338,0.852895042008695,0,0.0,0,0,0
E01001251,1687.81063,7.431779790924534,-0.2967612960228837,0.1218629189460668,0.0663242830743399,0.1962797233980447,0.7749980381863663,0,0.0,0,0,0
E01001252,5029.75004,8.523324365297578,-0.1342577970335877,0.1197214881875124,0.0591747020494084,0.1955286877485398,0.7763376454881532,0,0.0,0,0,0
E01001253,303.56669,5.718890077948042,-0.0896104575900603,0.0639766174608946,0.0291332029874555,0.0950725988786025,0.7767756531365189,16,0.2222222222222222,0,16,10
E01001254,199.80628,5.302340662228923,-0.1941221266919137,0.091547072494418,0.0617413026257232,0.1468766368034228,0.7092669300824805,18,0.25,0,18,7
E01001257,1753.52445,7.469953130520357,-0.2764742915332603,0.1291182623658313,0.091437133939022,0.2139691666400479,0.7603785533554396,3,0.041666666666666664,0,3,1
E01001258,2012.55709,7.607658133502664,-0.2733409117850167,0.160706089584768,0.1065869142623924,0.2678535496563211,0.7568638683115317,0,0.0,0,0,0
E01001259,1248.00093,7.130099254720977,-0.1451707331660402,0.2110426872838949,0.1625867939056744,0.3807555085059883,0.7942029127383713,0,0.0,0,0,0
E01001260,351.49868,5.865046877564461,0.0107563988576003,0.1189241165855871,0.0909946518149086,0.1860272089970913,0.6481315403730294,8,0.1111111111111111,0,8,3
E01001261,14568.73713,9.586701857159644,-0.0708590072556275,0.1055889042594043,0.0674980522488156,0.1700149248374018,0.7392899673181539,0,0.0,0,0,0
E01001263,314.5738,5.7543925690491085,-0.2534375717240278,0.0831684011828067,0.049280518593729,0.1359450408451906,0.773950729557503,24,0.3333333333333333,0,24,14
E01001264,237.45347,5.474174196955397,-0.0895994065700534,0.1229070267956075,0.0974976697539943,0.1886526937050309,0.7591609046778485,27,0.375,0,27,16
E01001266,312.94622,5.749221697353856,-0.0316766887294564,0.1202845651882294,0.0854372677835827,0.2049606749339681,0.6574191109789529,14,0.19444444444444445,0,14,7
E01001267,1171.65542,7.067026045906882,-0.1249714357144355,0.1546674789418889,0.1269245867526478,0.2569910359521569,0.6828148761998881,1,0.013888888888888888,0,1,0
E01001268,254.54471,5.543397384550022,-0.3172796244714729,0.076283298128647,0.0593241949518416,0.1096941811976898,0.8934588134721225,27,0.375,0,27,14
E01001269,1052.57819,6.959947449759233,-0.0546392757767477,0.1238731537844233,0.0936362171821173,0.1931564669069458,0.4221175520118891,25,0.3472222222222222,1,24,14
E01001271,996.83005,6.905582971229214,-0.0557932919458036,0.1181176169398183,0.0763489824569393,0.1835529993523127,0.6357569277261083,21,0.2916666666666667,0,21,14
E01001272,3547.16692,8.174186388546056,0.147185861780646,0.186767449894915,0.1270723904924102,0.3631625680626277,0.6495450310335978,0,0.0,0,0,0
E01001275,554.46651,6.319808319233485,-0.2872923560342715,0.0613795772805105,0.0430851630696324,0.0844374344258032,0.7618623591646964,2,0.027777777777777776,0,2,2
E01001276,669.39869,6.507872595108685,-0.2066309242403806,0.1838873631497546,0.1733503243037419,0.3864501238412088,0.6790233926166852,21,0.2916666666666667,0,21,10
E01001277,656.66026,6.488688475796667,0.1000790271669554,0.1146089760327509,0.0776844178144722,0.1822567071023078,0.7679815570604992,1,0.013888888888888888,0,1,0
E01001278,5741.88875,8.655717629267997,-0.0622567809242212,0.1390401198560316,0.0940519842011916,0.243742549865893,0.7869812381710359,0,0.0,0,0,0
E01001280,182.61687,5.212851358496856,-0.2301197583771969,0.0660616404169012,0.041816125750047,0.0893351328759734,0.8866005260091142,10,0.1388888888888889,0,10,4
E01001281,319.04909,5.768474390278237,-0.3030461864034779,0.0758441906228286,0.0437405729632389,0.1106833798828572,0.8072518533487459,6,0.08333333333333333,0,6,4
E01001282,147.74043,5.002202706221627,-0.437700837881682,0.0199654217873875,0.0,0.0288987298255328,0.8370058504469101,30,0.4166666666666667,1,29,18
E01001283,2137.8471,7.668022224526511,-0.474056933257762,0.0896628528766159,0.0435989505517022,0.1445182093552815,0.7253456071382071,0,0.0,0,0,0
E01001285,1139.70258,7.039399649800384,0.0260236490822016,0.1191761187379254,0.0875006091501521,0.1812770425118422,0.8603014403025717,11,0.1527777777777778,0,11,7
E01001286,255.30866,5.546382421328274,-0.0563453664282284,0.1525991323600225,0.1121440612316088,0.243974619297287,0.8168090831884617,12,0.16666666666666666,0,12,7
E01001289,963.01616,6.871108057955517,-0.2101025594419932,0.0828059936190478,0.0444732308541946,0.1252371139603176,0.7402482257857832,9,0.125,0,9,6
E01001290,470.39507,6.155696532237755,-0.1331600477870654,0.0750376911900883,0.033801077039349,0.1217523914751498,0.7502506241883187,16,0.2222222222222222,0,16,9
E01001291,473.82315,6.162942418918436,-0.2693177190688128,0.2444063148877381,0.1590853676102571,0.4941440669533309,0.7519464596826617,4,0.05555555555555555,1,3,1
E01001293,896.48296,6.799594134109773,-0.3477770955066451,0.1607409358901813,0.1165060181400436,0.2737323560829702,0.7918147934957698,0,0.0,0,0,0
E01001294,850.79194,6.747342295129248,-0.3246143352039748,0.1035271913835949,0.0772396127777139,0.1662559945665609,0.9506983640782676,19,0.2638888888888889,0,19,7
E01001295,894.19034,6.797036366054775,-0.2818662075906568,0.2244990143821057,0.1721347492973364,0.4258554451496843,0.8062736023269277,0,0.0,0,0,0
E01001296,289.49518,5.671586984071699,-0.1738040681713595,0.2412565901788071,0.1748183510343764,0.4873178269649827,0.8856966915521833,2,0.027777777777777776,0,2,2
E01001297,1758.70313,7.472900397668415,-0.1812166161323656,0.0993619372247321,0.0758507662404626,0.1586673591264996,0.867119990214153,19,0.2638888888888889,0,19,7
E01001298,6640.80663,8.801139288293983,-0.195121894401554,0.2078863016073094,0.1255680998499424,0.3811702332361116,0.864122413833811,0,0.0,0,0,0
E01001299,115.80466,4.760502966858526,0.1073193427621998,0.0263093039606523,0.0030268212004594,0.0376045197405399,0.3632951799055632,28,0.3888888888888889,1,27,14
E01001301,1635.3537,7.400225691839273,-0.1138333682799017,0.1147946282201825,0.0690100007111611,0.18358421129676,0.8274497197746873,0,0.0,0,0,0
E01001302,968.0452,6.876311256829706,-0.0838870127138691,0.0620643850101214,0.0284177329736256,0.0895698123923408,0.7017872721822502,2,0.027777777777777776,0,2,1
E01001303,2500.51137,7.824650376190767,0.1562082439161234,0.0958564167616642,0.0550668521855191,0.1590910468162374,0.8293398261032585,1,0.013888888888888888,0,1,0
E01001308,228.98613,5.438019002756989,-0.3034413045017181,0.0537192798533256,0.0395815239988553,0.0835558256301616,0.8798624416776961,22,0.3055555555555556,0,22,14
E01001312,1235.26945,7.119853615876859,-0.1680424542191989,0.0882787395090196,0.0555652048223163,0.1325784335355649,0.5776778955809071,20,0.2777777777777778,0,20,14
E01001313,406.14181,6.009161552274251,-0.2853980731508534,0.0806943023177052,0.050676585107059,0.1332639119365089,0.681833776259558,23,0.3194444444444444,0,23,14
E01001315,421.16787,6.045403031144607,-0.160956318913881,0.1641865035905991,0.1216483821522283,0.2807741855010165,0.7288604128655745,5,0.06944444444444445,0,5,2
E01001316,1619.52157,7.390503333199588,-0.2342266117517657,0.1624540573423792,0.1120849041856231,0.2821397615769775,0.7744234713271758,0,0.0,0,0,0
E01001317,467.89519,6.15037926799217,-0.2959650643128004,0.0656575888288144,0.0482062446506449,0.1001896537739953,0.8179199522287836,28,0.3888888888888889,0,28,13
E01001318,278.45323,5.632834944067231,0.1750308660452601,0.1009541889673896,0.0750989313357938,0.1538064062885989,0.8431239315909503,1,0.013888888888888888,0,1,1
E01001321,1241.80849,7.125129008844127,-0.0818498591517924,0.1285992737897934,0.0886901087300506,0.2046359067792947,0.7399748895318536,0,0.0,0,0,0
E01001322,8842.87637,9.087480562910836,0.0682261590862883,0.1372605042990101,0.0955891866664195,0.2338322259477795,0.7208260458378144,0,0.0,0,0,0
E01001323,1709.3678,7.444463714087957,0.190044073604288,0.1183257810285182,0.07974854212183,0.1864239990477791,0.7636081608418536,0,0.0,0,0,0
E01001324,258.20316,5.557612155761831,0.1388334674137993,0.1474392490006706,0.1056898761424918,0.2486856060635753,0.819400862393182,2,0.027777777777777776,0,2,0
E01001325,265.43235,5.585120365227665,-0.3155028013729299,0.1823850408588101,0.1335378675583439,0.3320905604804955,0.8009176870404888,21,0.2916666666666667,1,20,10
E01001326,1548.03672,7.345388545752422,-0.2534256293352008,0.1561678911595843,0.1110611639754901,0.2572005579620335,0.768886655256903,0,0.0,0,0,0
E01001327,1291.95399,7.164684794225355,-0.1701732505195483,0.1218345244632125,0.0779317535913179,0.1934715962559005,0.7151261791705283,4,0.05555555555555555,0,4,2
E01001328,5651.88572,8.639921440656337,-0.1246275128153157,0.1177195086669233,0.0825176486406381,0.1907335073441552,0.721483139861433,0,0.0,0,0,0
E01001329,829.02153,6.72145164021325,-0.3645833781904313,0.1229148536106173,0.0951282773078281,0.2026257638032717,0.7318877894381902,18,0.25,0,18,9
E01001330,2304.58875,7.743091345809342,-0.1560754689963664,0.111607435382994,0.0748800973709517,0.1689385213426515,0.7166737156585753,0,0.0,0,0,0
E01001331,905.80823,6.809930994463384,-0.2747844209805865,0.2171637809031609,0.162680902115451,0.4068382605386489,0.7692029374284713,1,0.013888888888888888,0,1,0
E01001333,3874.10372,8.262327707880845,0.0268298392382741,0.1519516545106851,0.1071368760359363,0.2707348107285212,0.8784486231581194,0,0.0,0,0,0
E01001334,261.65659,5.57084743750973,-0.422119121861215,0.0854794446415433,0.0541382122269498,0.1358488461971572,0.7911279906143059,24,0.3333333333333333,0,24,14
E01001336,968.06987,6.876336714554465,-0.1529144068908992,0.0944467882261432,0.070006486205381,0.1477256634484355,0.8435432707815669,18,0.25,0,18,6
E01001337,5814.95495,8.668360273309903,-0.0625725380727154,0.1127336403526221,0.0714570316662556,0.1791527637817275,0.7969668338811491,0,0.0,0,0,0
E01001338,6225.46075,8.736563352439415,0.0914102863792049,0.1278584448548647,0.0885872423177674,0.2234908531296432,0.7304189512126155,0,0.0,0,0,0
E01001339,385.19594,5.956344857251429,-0.4180352991259461,0.0867733704566044,0.0450690627736107,0.1453924051833247,0.6761996125828791,21,0.2916666666666667,0,21,11
E01001341,1226.32876,7.112595346882229,-0.1160603947672237,0.1882973534764038,0.1319681110634639,0.3275869609827787,0.8236863118135029,0,0.0,0,0,0
E01001342,316.33216,5.759949048637428,-0.1182392583795463,0.1087901716980025,0.0855272508492339,0.172649468024397,0.8563070010140184,3,0.041666666666666664,1,2,0
E01001343,184.79293,5.224632773987294,-0.228455331056226,0.1282247648760155,0.0773365084908822,0.199711630088173,0.7594062435681271,11,0.1527777777777778,1,10,7
E01001344,1145.17862,7.044188749003519,-0.0280587145435879,0.108217048271474,0.0562564379694758,0.1766026210632112,0.7942291109024744,0,0.0,0,0,0
E01001347,527.46066,6.269968365453623,0.0625528356939454,0.0727304857200156,0.0488133465726145,0.1321112634440642,0.7959309352670703,26,0.3611111111111111,0,26,14
E01001348,913.65744,6.81854961266323,-0.0950975455308501,0.0987327482387709,0.0677231501557082,0.1654681428016737,0.8855673540090379,1,0.013888888888888888,0,1,1
E01001349,720.40486,6.581200505347217,-0.2055916446760228,0.1058348218250498,0.0727570466418008,0.1676213233260516,0.8381546325694388,3,0.041666666666666664,0,3,2
E01001351,5389.36291,8.592367991877651,-0.0427368863159375,0.1686612713189878,0.0839231125372479,0.3003155600859319,0.7861528297618892,0,0.0,0,0,0
E01001352,2243.71873,7.716335505022122,-0.0254543447163717,0.1125495975157278,0.056321569326116,0.1885725738486736,0.7685397971992852,0,0.0,0,0,0
E01001353,1539.04357,7.33956598721525,0.2590632375664323,0.119473544209018,0.0612926637288117,0.2035870247579661,0.7810912800724543,0,0.0,0,0,0
E01001354,759.57267,6.634071662689762,-0.0957179120201889,0.1137565283911544,0.0482671921305436,0.1776323414790004,0.7681814188442044,0,0.0,0,0,0
E01001355,9876.47124,9.198011810613377,-0.0954758817279763,0.1248259768131517,0.0685501353214085,0.2086910599043437,0.78665873772174,0,0.0,0,0,0
E01001357,103.96326,4.653610384164663,-0.1660659736910905,0.0788729595435926,0.0298270754495386,0.1212948726786142,0.7685565728473467,23,0.3194444444444444,0,23,12
E01001358,550.65595,6.312924572972493,-0.5511602117438302,0.0852803461035879,0.0533190279701871,0.130743754782637,0.6678333209266302,19,0.2638888888888889,0,19,12
E01001359,745.04521,6.614786201584618,0.1370093903429027,0.1300711670906521,0.0572637867170503,0.217168022886018,0.996352655864794,0,0.0,0,0,0
E01001361,15814.98991,9.66877672688869,-0.0113463537454764,0.1759877132921926,0.118424961423197,0.3161129560989816,0.8971008226866352,0,0.0,0,0,0
E01001362,6760.22,8.818958626126431,0.1314444470742076,0.1193420731869672,0.0904397386475588,0.194292030395475,0.8309988216239728,0,0.0,0,0,0
E01001363,5006.64427,8.518720877908775,-0.13868677951829,0.1585116152060869,0.1079724443853887,0.2782572032530049,0.8408178450548788,0,0.0,0,0,0
E01001367,8906.67332,9.094668355051006,-0.0783086697963679,0.1584525612757064,0.1250137082607179,0.2657917433163627,0.9253387280016776,0,0.0,0,0,0
E01001369,759.95827,6.634578520615707,-0.1762866926890604,0.0768283500619053,0.0625729225895521,0.1172206151366215,0.7570484093428439,19,0.2638888888888889,0,19,7
E01001370,3658.7274,8.205143942747258,-0.1284423048298159,0.1825573422059265,0.1486447856158947,0.3220286664468373,0.8361408136597291,0,0.0,0,0,0
E01001375,208.99674,5.34709200678745,-0.2575061218658244,0.1076146929373156,0.0665179753521514,0.1632064367909508,0.7015466734000323,5,0.06944444444444445,0,5,3
E01001376,487.96798,6.192297006758329,-0.2828223687955918,0.1015586104645636,0.0609095703369717,0.1610841490929772,0.6750551120153849,3,0.041666666666666664,0,3,2
E01001377,238.34944,5.477924576165842,0.4017278161005959,0.0801087260788194,0.0358020560065087,0.1193500323254893,0.5965250723680645,8,0.1111111111111111,0,8,6
E01001384,334.59854,5.815915624166425,-0.1013432395730118,0.1167009575116496,0.0695496160861909,0.1937169922943262,0.8108624823252185,7,0.09722222222222222,0,7,4
E01001385,912.30763,6.8170727679822365,0.0172794674533194,0.0682656572761536,0.0389169495381727,0.1010407446808441,0.8146116267989012,1,0.013888888888888888,0,1,0
E01001386,338.5025,5.827481310741889,0.2674893686161845,0.0770539951699027,0.0442394073899011,0.1207153923664353,0.8037750267108212,3,0.041666666666666664,0,3,3
E01001387,131.29532,4.88503669634557,0.2156958831434357,0.1366434081580363,0.0499828935258316,0.2387031827818386,0.708956356316907,4,0.05555555555555555,0,4,3
E01001388,4309.8414,8.368888384462402,-0.1489508685864867,0.1083599897666767,0.0464050510072133,0.1815585278903766,0.7432959577507063,0,0.0,0,0,0
E01001390,494.73446,6.206040420463815,-0.2623479270071464,0.0774791187983954,0.034342584504827,0.1154994703455584,0.8872496661242928,5,0.06944444444444445,0,5,4
E01001393,1027.51173,6.935868113986653,-0.2279958302763123,0.0894627548436843,0.0458002751949118,0.1370931264606425,0.7349162916590197,1,0.013888888888888888,0,1,0
E01001394,4250.42171,8.355008725979122,-0.2552388125271457,0.1740667445442725,0.1161736866810799,0.302801223633488,0.7888602885979482,0,0.0,0,0,0
E01001395,198.82518,5.297442884299866,0.0316329149054461,0.1122641005530587,0.0936786779219815,0.1742056782285144,0.7752099789347624,26,0.3611111111111111,0,26,13
E01001396,2449.90778,7.804213757361261,-0.311645738763277,0.1444012843618138,0.0911292954871958,0.244867572657048,0.8520015276316029,0,0.0,0,0,0
E01001397,507.25354,6.230980417560442,-0.5799082249874491,0.0760571922277762,0.0409750910757567,0.1186351460680791,0.8184323747030138,28,0.3888888888888889,0,28,15
E01001398,109.6806,4.706648575937642,-0.0769375805748691,0.0307505611749023,0.0266581327965018,0.0394091697590001,0.8893613102487131,31,0.4305555555555556,3,28,14
E01001399,108.26732,4.693797356879387,-0.1573944935553959,0.0475975576009455,0.0334427784856963,0.0672254459152068,0.6445648579550021,22,0.3055555555555556,0,22,12
E01001400,1080.62015,6.986215334922859,-0.1742988690336747,0.1130740158787525,0.0685391994587552,0.171727589665959,0.7908701939425223,1,0.013888888888888888,0,1,0
E01001402,1232.49971,7.117610700866019,-0.0637535809237634,0.0934076406395259,0.0579294740767119,0.1508727662045205,0.8431824575992344,0,0.0,0,0,0
E01001403,289.0713,5.67012675483036,-0.1075462697265345,0.0639855288297385,0.0492669109662564,0.0847363377831824,0.7326138775827657,25,0.3472222222222222,0,25,12
E01001404,195.27693,5.279526570178249,-0.2298072281246945,0.1532518971903132,0.1167798981682065,0.2323205333009563,0.6518304234529761,23,0.3194444444444444,0,23,14
E01001406,200.27382,5.304666269543098,0.1337562742848765,0.1017711650978645,0.0886606147523425,0.1552760535971728,0.6906809397418852,22,0.3055555555555556,0,22,11
E01001408,330.53318,5.803727895114935,-0.3288514030573269,0.0279561646428355,0.014882741877835,0.0408861048330871,0.7575208940566815,24,0.3333333333333333,0,24,13
E01001409,664.50527,6.5005465566618135,-0.3823614070058466,0.1018356709195097,0.063723903950378,0.1527713192128824,0.7578233245651723,20,0.2777777777777778,0,20,11
E01001411,1211.56432,7.1004926688273535,-0.0994396896732647,0.0655507666320183,0.0470455006466351,0.0959199355021254,0.7570516125357343,22,0.3055555555555556,0,22,13
E01001412,464.45933,6.143024724479226,-0.2950876452411883,0.0845264966471876,0.0583562612468135,0.1187967729280112,0.6875354821673058,17,0.2361111111111111,1,16,9
E01001414,332.24343,5.808873243935744,-0.1434190888289348,0.0502852080476053,0.0314077241497296,0.0714747999257654,0.6246221397983229,20,0.2777777777777778,0,20,11
E01001415,1224.62216,7.111203879762816,0.0242858091021315,0.0770393539179464,0.0500279367801085,0.1175332621868997,0.7155320949555775,0,0.0,0,0,0
E01001418,197.91322,5.292868649211772,-0.2404776194334061,0.0883363930918813,0.0704390035188149,0.1172569676183071,0.631075524394795,8,0.1111111111111111,0,8,5
E01001419,2049.41471,7.625797349234037,0.2091957708257105,0.0959650328654077,0.0460625804720607,0.1499845647307452,0.6928597617449977,1,0.013888888888888888,0,1,1
E01001423,195.60358,5.281189417109838,0.0013327976921485,0.0585255648183944,0.0400370484016703,0.0862211197197254,0.7927445839883955,27,0.375,0,27,15
E01001425,956.44567,6.86426897793058,-0.063695400492534,0.1383504512075421,0.0971907792734322,0.2448480527618489,0.9526855537957968,0,0.0,0,0,0
E01001426,517.20421,6.250369392371349,-0.3378457998244059,0.1296467598359263,0.0873617985437512,0.220099587621719,0.6225715526101725,16,0.2222222222222222,0,16,8
E01001427,1884.29407,7.541839093019589,0.0255484697247919,0.1574300236480604,0.1249607498897451,0.2659093777541608,0.8372279412439936,12,0.16666666666666666,0,12,6
E01001429,24341.15502,10.099964900830953,-0.0665650146292852,0.1400986414653711,0.0890017112261092,0.2348887945007027,0.8289581974250511,0,0.0,0,0,0
E01001430,1851.39959,7.524237153272088,0.0472716805560058,0.1806649530477642,0.122156346593984,0.3153088165471004,0.9470885484887324,0,0.0,0,0,0
E01001433,348.45778,5.856382753232327,0.064262591582831,0.0868273625573806,0.0658052748886823,0.1600065302161053,0.5985132367495529,28,0.3888888888888889,0,28,16
E01001436,160.61284,5.085203598376123,-0.301256611862414,0.1077276262595194,0.0682599224321044,0.1704724277564854,0.6594880410463492,21,0.2916666666666667,0,21,11
E01001437,275.96805,5.623902156574539,-0.0266044928026994,0.0313179732219001,0.0,0.0755831886357087,0.582770306059272,30,0.4166666666666667,0,30,18
E01001438,799.05324,6.684678275453575,-0.4469681895038684,0.1824869016237266,0.1305484976195078,0.3217764068862657,0.7700268458475145,20,0.2777777777777778,0,20,11
E01001439,4760.08337,8.468230520068298,-0.1900492238647492,0.1591037154460595,0.0978003710888786,0.2693187153556136,0.8476321193407675,0,0.0,0,0,0
E01001440,457.27139,6.127461563208192,0.0496276182946849,0.2071004923356346,0.1402429310086511,0.3532787062289828,0.6565902375652953,1,0.013888888888888888,0,1,0
E01001441,961.22458,6.86924787456368,-0.0282602427832213,0.1194500769008632,0.076755787913788,0.1938930184203378,0.7893324950829695,1,0.013888888888888888,0,1,0
E01001442,219.21491,5.394603933167944,-0.0346888357183368,0.105641263178677,0.0400229163244416,0.1637527624007602,0.6920060009504949,15,0.20833333333333334,0,15,12
E01001444,1412.07553,7.25352383490066,-0.2072793018373457,0.2484102107484292,0.1285111073343222,0.4910934410137906,0.8289118540765692,0,0.0,0,0,0
E01001445,439.58425,6.088101687020281,-0.019032779268138,0.0513970188877331,0.0234759320881037,0.0798614185594912,0.6754627373785782,18,0.25,0,18,12
E01001446,464.82207,6.1438037371779535,-0.1896777190463439,0.214012084236878,0.1321417892227019,0.3806057374558173,0.7725370309036056,0,0.0,0,0,0
E01001447,1029.16282,6.937472146400626,-0.0911916347697053,0.0786856544234662,0.0319108204861112,0.1242624309309183,0.7125469113080611,12,0.16666666666666666,0,12,12
E01001449,297.64846,5.699267162627267,-0.6524327389431144,0.0644116888761997,0.0190232128195791,0.1106175170192645,0.7615655836516191,22,0.3055555555555556,0,22,15
E01001450,3773.08683,8.235913733083013,0.2141927780654865,0.0922420727857991,0.0572158605742979,0.1335490714957351,0.748305456895486,0,0.0,0,0,0
E01001451,1610.85149,7.385138791030984,-0.0807331965779166,0.1032282001365625,0.0754090186178491,0.1410895985085231,0.6990411981644329,3,0.041666666666666664,0,3,1
E01001453,306.56642,5.728691063921931,-0.6356030774668667,0.0284872687621821,0.0033600548944662,0.039672878779041,0.6176125501877948,27,0.375,0,27,15
E01001454,246.63696,5.511963802691334,-0.3372153954541119,0.0168036047800783,0.0054921208889373,0.0231846657714035,0.7139159479828834,27,0.375,1,26,15
E01001455,385.57635,5.957329390562601,-0.2465981899564119,0.1384430865637895,0.0799709836975219,0.2196294320763992,0.7796344308884996,2,0.027777777777777776,0,2,0
E01001458,3087.90808,8.03557293527285,-0.0952175040132671,0.1006265445569869,0.0661218127969664,0.1548940174011304,0.8187158215880855,0,0.0,0,0,0
E01001461,877.4666599999999,6.778177955854061,-0.2140586401311247,0.1007074616373458,0.0759324234609666,0.15263667501434,0.7162307931842027,21,0.2916666666666667,0,21,13
E01001465,2284.12166,7.734174544799355,-0.256210897277687,0.1003427768379027,0.0721371601545952,0.1555018744515804,0.6567805501701669,0,0.0,0,0,0
E01001468,669.5485199999999,6.508096064011124,0.1358400135064147,0.0493620686369376,0.0396671327120549,0.0649860988032992,0.5500867470337552,24,0.3333333333333333,0,24,13
E01001469,279.47303,5.636477570607449,-0.4270658603443774,0.0569569450046754,0.042050855497577,0.0818784852711952,0.7080573660874261,28,0.3888888888888889,1,27,14
E01001470,548.80194,6.309558104280758,-0.192776978886044,0.0782974455228784,0.0504530650893836,0.1120817870822722,0.728736507790941,18,0.25,0,18,10
E01001471,163.98087,5.105829527785151,-0.4467488799150778,0.0273169059293318,0.0125958595048312,0.035912363395004,0.7239674667321915,25,0.3472222222222222,1,24,14
E01001474,720.41363,6.58121266210853,-0.3072982808501278,0.0643747537091989,0.0253096127567714,0.0958552969448446,0.7008320421799442,14,0.19444444444444445,0,14,8
E01001476,733.89638,6.599729509682443,-0.1981241275505405,0.1948855095865168,0.1270946724113832,0.3605957642775047,0.761066137617687,0,0.0,0,0,0
E01001478,429.43511,6.064796580799303,-0.2993789445860632,0.0941083974247005,0.0541744944888181,0.1404532621282299,0.7822006700339148,22,0.3055555555555556,0,22,13
E01001479,3016.32887,8.012127238853115,-0.1558249813787711,0.1685965894030646,0.1099479248759768,0.294447767985821,0.8533422931934376,0,0.0,0,0,0
E01001480,574.7990599999999,6.355758745665455,-0.2311791532853237,0.0604080319825157,0.0306980669035888,0.0863383798059405,0.6907699927459864,21,0.2916666666666667,0,21,11
E01001481,209.24453,5.34827128186777,-0.1245217258486996,0.0641454283177677,0.0606692084137157,0.0955352654849556,0.6202050224186054,28,0.3888888888888889,0,28,14
E01001483,285.94169,5.6592790243859445,-0.443431771001983,0.0588686105898024,0.0371032989278338,0.0899307858965919,0.6425315462946699,26,0.3611111111111111,0,26,14
E01001485,1017.02817,6.9256228686333055,-0.0348649634749054,0.1134292278256166,0.0577058647254579,0.1846796122488756,0.8325040810573977,0,0.0,0,0,0
E01001486,1051.32176,6.958754202046701,-0.3385047789746119,0.1359057097800391,0.0965210974040906,0.2269789432842361,0.730016086166781,17,0.2361111111111111,0,17,8
E01001488,245.16033,5.505983071604373,0.2431046246348256,0.1766128312847351,0.1642107432307665,0.2655453019532257,0.7676287071083596,20,0.2777777777777778,1,19,9
E01001489,277.47891,5.629342329390381,-0.2422350945518706,0.0579977411616616,0.0313951067488336,0.0915780191585371,0.7235866433977919,26,0.3611111111111111,0,26,13
E01001491,2279.09273,7.731971392174073,-0.1505952985072266,0.1281576068210265,0.0864686536909799,0.2137062260965865,0.9039671688828876,0,0.0,0,0,0
E01001492,665.68165,6.502312645621414,0.2479007044883992,0.1242577289008942,0.1122318153129202,0.1912478692553708,0.7339337654587041,25,0.3472222222222222,0,25,13
E01001493,320.02911,5.771531804376603,-0.385964608032063,0.1595581414453204,0.1027436222911097,0.2713929005138332,0.7270698190597068,5,0.06944444444444445,1,4,2
E01001498,1395.27753,7.241565067288405,0.1560502662147795,0.1198878118534597,0.0639145962595699,0.2007787480377543,0.8926818773705942,0,0.0,0,0,0
E01001499,2137.293,7.667763126161648,-0.2199676880989176,0.1060066074235025,0.071796103763031,0.1613706388831927,0.7252985133462292,1,0.013888888888888888,0,1,0
E01001500,469.36115,6.15350080388802,-0.0459706773771114,0.0963027297849427,0.0670402311737986,0.1563409797544602,0.8174413015039665,3,0.041666666666666664,0,3,1
E01001501,7221.45996,8.884950888538246,-0.1532884272891543,0.1295862935173014,0.0765036326532509,0.2119372619639437,0.8173160314592464,0,0.0,0,0,0
E01001502,3467.06848,8.15135308395692,-0.195859361854889,0.1386836379995586,0.0827862909705204,0.2287252383541281,0.7934862861785948,0,0.0,0,0,0
E01001504,258.54019,5.558911565373238,-0.5029533319365163,0.0439011048920479,0.0245769139413102,0.0638982959722545,0.7480628586054049,27,0.375,0,27,14
E01001505,4584.00966,8.430547491558574,-0.1623496011568178,0.1189999651964084,0.0853223027457581,0.1920970310100831,0.7866940814639001,2,0.027777777777777776,0,2,1
E01001507,4807.24681,8.478087808092216,0.0274380898699893,0.1530071617021885,0.0970383232726093,0.2721398460791934,0.8606821392728843,0,0.0,0,0,0
E01001509,252.08593,5.533729075330237,-0.1584552140613322,0.0384572038590174,0.0179436432648184,0.0558888812919035,0.7405399489445768,27,0.375,0,27,14
E01001511,3386.28562,8.127784177576482,-0.0078027676826623,0.0805611488850134,0.0474002544416203,0.1239063181543816,0.7285430238515478,8,0.1111111111111111,0,8,6
E01001512,4853.36883,8.487634368154692,0.0485966342681604,0.0626000806124598,0.0318446764327202,0.0917021356227279,0.8094576212420418,9,0.125,0,9,7
E01001513,1653.55995,7.41129036121715,0.2195178046009157,0.062516227488456,0.0347749593233677,0.0928000292868466,0.7317668612899486,12,0.16666666666666666,0,12,8
E01001515,142.58506,4.966927612204477,-0.4067427541146317,0.0946648267357042,0.0539042449468408,0.1487859011646332,0.744954263655506,22,0.3055555555555556,1,21,11
E01001516,860.69642,6.758903027658931,-0.1204395621861654,0.0758327541318227,0.0547801046970777,0.1094760233278986,0.7460090411961806,14,0.19444444444444445,0,14,8
E01001518,1273.50922,7.150316457999497,-0.1831850106275634,0.089401724158699,0.0554573056016037,0.1374378196760314,0.7678334844833437,11,0.1527777777777778,0,11,9
E01001520,235.41015,5.465568220312432,-0.0613101431692728,0.0495177034635082,0.0243110163261864,0.0653416245717427,0.6846938020640161,5,0.06944444444444445,0,5,2
E01001521,399.62927,5.993036485964469,-0.2023886538641176,0.1013779596274317,0.0610020131908756,0.1486528736934542,0.6409762158144052,4,0.05555555555555555,0,4,3
E01001522,159.02053,5.075302119502482,-0.296792307257434,0.0203171879756657,0.0,0.025969041472017,0.7022749397503644,32,0.4444444444444444,1,31,18
E01001523,480.92478,6.177788043780983,-0.2138252472663189,0.0514118652817182,0.0350378285768514,0.0698197910091562,0.8764163708005723,21,0.2916666666666667,1,20,13
E01001524,380.18759,5.943291616160927,-0.2003249764149324,0.0931569333970106,0.0488678233816101,0.1423224915492641,0.8814940972084696,2,0.027777777777777776,0,2,0
E01001527,432.95034,6.07293010359035,-0.1948570822233329,0.0421908665090781,0.0156350495070635,0.0572347140742742,0.7255603307252418,8,0.1111111111111111,0,8,5
E01001528,1233.89702,7.118742860970003,-0.2398709902062977,0.1126795978484493,0.0761591514338854,0.1704736389318453,0.7437897505388609,1,0.013888888888888888,0,1,0
E01001529,881.01456,6.782208563807044,-0.2190206708956092,0.1041790501169469,0.0751650914827105,0.1502879644689822,0.7544950120194585,2,0.027777777777777776,0,2,0
E01001530,160.35446,5.0836035598884886,0.3575483962217203,0.0891191925687629,0.0534543286167406,0.1251279678650494,0.7510580059712076,14,0.19444444444444445,0,14,9
E01001532,546.3399900000001,6.305070163267872,-0.098846672380691,0.0630306231107117,0.0340684378604612,0.0941888243023394,0.7566362812802592,1,0.013888888888888888,0,1,0
E01001534,5661.44728,8.641611459372672,0.101615345254968,0.0805144651987291,0.0470300908639742,0.1249164656056159,0.7239207451112964,0,0.0,0,0,0
E01001535,179.7406,5.197062854154036,-0.3421320502991533,0.0339728475369504,0.0182498556252733,0.048315967421161,0.6311672607781805,24,0.3333333333333333,0,24,12
E01001536,2599.57522,7.863487938001493,-0.0505561597098159,0.0792182655133941,0.0417178080348065,0.1189824909722064,0.6657011977474255,0,0.0,0,0,0
E01001537,219.77496,5.397143902174915,-0.1287279497172926,0.0362410713213188,0.0329739111316412,0.0448461357419796,0.8336954990112658,33,0.4583333333333333,2,31,16
E01001538,295.24532,5.691187894856205,-0.2480088084038046,0.0435203850140622,0.0361033326455437,0.0562075704515541,0.7016010422695965,27,0.375,0,27,14
E01001540,331.03539,5.80524155962104,-0.0150103286539847,0.0648671732650699,0.0468050863081436,0.0973549890638835,0.8801265595013598,24,0.3333333333333333,0,24,14
E01001542,284.82694,5.655386522774894,-0.1752971822117669,0.0513467581402236,0.0299534166255481,0.0825707062209731,0.7894182186434594,23,0.3194444444444444,0,23,13
E01001544,110.30056,4.712234289715382,-0.12622057403879,0.0593085837460843,0.0486895080133772,0.0881844459653119,0.6650424810568012,28,0.3888888888888889,1,27,14
E01001547,2613.71816,7.868911592487858,-0.1543181151559202,0.2101283215631788,0.1253973496515018,0.3918903595062653,0.8497992584557954,0,0.0,0,0,0
E01001549,1622.87557,7.392570898328074,-0.1284716054971485,0.1353311763760175,0.0885913884328174,0.2297133878986713,0.7909377731421718,0,0.0,0,0,0
E01001550,186.01776,5.231203585606944,-0.3173655031648592,0.1222730023197785,0.0390027812398128,0.2329812196954735,0.8580748017509607,8,0.1111111111111111,0,8,4
E01001551,467.61449,6.14978044749063,-0.0419882412112593,0.1027556267557064,0.056581651265768,0.1594218559675723,0.7997377201661345,15,0.20833333333333334,0,15,9
E01001552,309.72104,5.73889553216224,-0.1235155351409126,0.0887042094395653,0.062576439753657,0.1376506790279363,0.7774865326511956,20,0.2777777777777778,0,20,11
E01001553,1063.43172,6.970196339486256,-0.3372098398569491,0.0973742630133319,0.0540522338378245,0.157883715690239,0.831871282700823,12,0.16666666666666666,0,12,6
E01001554,1753.32697,7.469840569470275,-0.0569648626348341,0.2002585347785986,0.136805521220038,0.3723771306519075,0.8863604613326745,0,0.0,0,0,0
E01001558,21181.11347,9.960912400296074,-0.0031898988736214,0.1463174589187449,0.092563969914845,0.2537043313768992,0.8605150797839576,0,0.0,0,0,0
E01001559,1073.41679,6.979533272413803,-0.0568362359973892,0.188294744299649,0.1438476474734478,0.3816065551095542,0.9611624627435944,1,0.013888888888888888,0,1,1
E01001560,1446.8844299999998,7.27785875622448,-0.2905931816544601,0.1166108270306012,0.0739935669913871,0.1842607730031824,0.7408560216580374,16,0.2222222222222222,0,16,10
E01001563,1268.52154,7.146395368310754,-0.2561080831154038,0.1358827300638505,0.0839882466639076,0.2145085943604293,0.7597412943473543,0,0.0,0,0,0
E01001564,905.94887,6.810086075869028,-0.0297241388468203,0.1563389223058471,0.1105704453276706,0.2682727337660887,0.7873100780099938,1,0.013888888888888888,0,1,0
E01001569,1070.67823,6.976981137992055,-0.2043075350472009,0.1247536059456443,0.0633495835625611,0.2135549165742113,0.7945424766316245,0,0.0,0,0,0
E01001571,688.97164,6.536650495297342,-0.155959743132533,0.1800146374675161,0.1213175479907997,0.3183665397624021,0.8692268911490961,1,0.013888888888888888,0,1,0
E01001572,1980.06197,7.59138832838999,-0.3110365328616457,0.189244354811784,0.1293282149144049,0.3196939484481073,0.8130381107728899,0,0.0,0,0,0
E01001573,1175.71291,7.070480160770283,-0.1866060737565602,0.2122405290250661,0.1457446444132352,0.3816492303449383,0.7998396406648968,0,0.0,0,0,0
E01001574,212.5904,5.364060162255811,-0.4349763677005172,0.0659736281600674,0.0468358401884562,0.1037304276246452,0.6566015661723487,23,0.3194444444444444,0,23,12
E01001575,801.75666,6.688051629416055,-0.2653308548755927,0.1437742344416571,0.1016233404285035,0.2353219137890796,0.7628191578604236,11,0.1527777777777778,0,11,6
E01001576,223.49501,5.413853479763789,-0.1841194127779407,0.1720678685398837,0.1381613397095532,0.3101550189970031,0.6859459979770016,24,0.3333333333333333,0,24,13
E01001577,2467.3938,7.811322934695256,-0.0801204898869406,0.1606886018761983,0.1058955202043549,0.2656913932900741,0.7714756586519663,0,0.0,0,0,0
E01001579,485.49813,6.187233057836555,-0.1682406686097844,0.1753948671233811,0.1281005551967831,0.298670487604091,0.779346503599734,13,0.18055555555555555,0,13,7
E01001580,1561.22826,7.353868452885833,-0.1425996349822671,0.1002550005083817,0.0690183894057874,0.1545785431259299,0.7013519628059792,0,0.0,0,0,0
E01001581,6574.20336,8.791060785845232,-0.1746800664833708,0.0958830592061271,0.0539977166145952,0.1546827903319405,0.8007289337251228,0,0.0,0,0,0
E01001582,528.07007,6.271120880553503,-0.3299045333131643,0.0943503955829195,0.0566041358867394,0.1520663791410851,0.7535282136982008,17,0.2361111111111111,0,17,7
E01001583,735.84744,6.6023808694047466,-0.337105310850847,0.1088987684729867,0.0729524451427051,0.170660310911338,0.7257442059751827,1,0.013888888888888888,0,1,0
E01001587,103.65153,4.650636068947581,-0.2536092810207431,0.0528918386443499,0.0242087116321389,0.0803948237671472,0.7063141495942469,27,0.375,2,25,13
E01001588,1696.72177,7.437042495965802,-0.2855869940302588,0.1306021788121455,0.0753756816593447,0.2159004283906918,0.7822273239945479,0,0.0,0,0,0
E01001590,379.33758,5.941059226775803,-0.2608105951432494,0.0688479902254872,0.0419468063248571,0.1087203154095257,0.86879420852093,7,0.09722222222222222,0,7,2
E01001591,1964.28944,7.583394811166043,-0.288859171385659,0.1286136375095515,0.0680543443740144,0.223157539529809,0.746975729556141,0,0.0,0,0,0
E01001593,678.5379800000001,6.52141312606892,-0.1689666656537043,0.1085299013033876,0.075182291196139,0.1750633698948568,0.6896858728318201,3,0.041666666666666664,0,3,0
E01001594,2006.15435,7.604473251668833,-0.2893692850702141,0.140163771546292,0.0771862892802839,0.2497886981937921,0.8320038952074308,0,0.0,0,0,0
E01001596,221.84933,5.406495892881426,-0.2873142325920028,0.0994146793231244,0.0753289631300667,0.1428139986349997,0.85629579307993,28,0.3888888888888889,1,27,14
E01001597,366.02086,5.905418685676339,0.006576291853967,0.0720115787936239,0.056563743388833,0.1045285317363896,0.8474419646380698,23,0.3194444444444444,0,23,11
E01001600,887.73368,6.789797618079652,-0.0068615848843315,0.0621279796436246,0.0296476078276088,0.089348624227597,0.6487360138900039,24,0.3333333333333333,0,24,14
E01001601,371.78828,5.9210106445490185,0.1196078585371222,0.1893488950216505,0.1632077536171931,0.3019729472300048,0.8988217771887341,6,0.08333333333333333,0,6,1
E01001602,806.48613,6.693925878478706,-0.3387461480583677,0.0819638894471749,0.0549662025805701,0.127112543088116,0.6805537452932203,20,0.2777777777777778,0,20,11
E01001603,705.67578,6.560571975141208,-0.3397537889142234,0.1226891618697753,0.0715447538811662,0.193326263806344,0.7575666517162516,0,0.0,0,0,0
E01001604,2403.18697,7.784967067173245,0.0814967010244732,0.0668237686059025,0.02564854951756,0.101223270446198,0.7861088689353982,12,0.16666666666666666,0,12,6
E01001605,134.35205,4.907879161863602,-0.16488270927016,0.0170621884816792,0.0050586500168773,0.0226790289275003,0.6234209841970904,27,0.375,0,27,14
E01001606,106.96038,4.681764307965766,-0.1114842710917818,0.0080955209770197,0.0,0.0099115083955936,0.7167309004868727,33,0.4583333333333333,1,32,18
E01001607,472.78107,6.160745337359614,-0.0825082738613033,0.0862476156247118,0.0639411387600607,0.133942685311009,0.7096343713254413,16,0.2222222222222222,0,16,7
E01001609,2651.07034,7.883095874332596,-0.1683303204999079,0.0689818022708518,0.036867056496132,0.1077763480069607,0.8139539796235976,12,0.16666666666666666,0,12,6
E01001611,847.97945,6.744034981071406,-0.3271394961281195,0.0739481835320419,0.0398165663094783,0.1143526180489681,0.7319442786235025,16,0.2222222222222222,0,16,9
E01001613,1306.7482,7.176062005839909,-0.1510072101113282,0.1123196955618534,0.0817910520175195,0.1739145704763851,0.7510234137144867,1,0.013888888888888888,0,1,0
E01001614,1218.65783,7.106325631175903,-0.2963508058697658,0.1663255714690645,0.1015176835978644,0.2924057904880808,0.7953496539361148,1,0.013888888888888888,0,1,0
E01001615,9630.96157,9.17284217771506,0.1075399026849195,0.0749048799288273,0.0426794092170798,0.1124208696298499,0.78809024095312,0,0.0,0,0,0
E01001617,1937.43953,7.569638562402097,0.1228629778189774,0.086824046580695,0.0528940585825664,0.1315899787646764,0.6124133959859519,1,0.013888888888888888,0,1,0
E01001618,656.15822,6.487924811409475,-0.0971936920945682,0.0633337794655685,0.0353234620759608,0.0946824383164931,0.7747849357997478,24,0.3333333333333333,0,24,14
E01001619,168.78125,5.134510843751796,0.0342640548046658,0.031118622477319,0.0,0.0463031955503004,1.0079518452483698,30,0.4166666666666667,0,30,18
E01001620,429.65563,6.065308768411078,-0.128032093981871,0.1296054935902969,0.0890326515679545,0.210833843830905,0.693635540352687,9,0.125,0,9,4
E01001621,746.93877,6.617321116335135,-0.3019237708065414,0.1181366981392597,0.0712707682853308,0.1886623442952531,0.7666919336177309,1,0.013888888888888888,0,1,1
E01001624,188.07541,5.242145930191414,0.3098249260761946,0.0867897616174278,0.063484747952962,0.1414330845917494,0.7368392566893408,17,0.2361111111111111,0,17,10
E01001625,1466.21752,7.291123042543228,-0.3211859178984575,0.1176450544664068,0.0788431241771002,0.1906105455256653,0.8266511162067707,13,0.18055555555555555,0,13,6
E01001629,1546.13045,7.3441571715169855,0.1997985292896857,0.1393859813057817,0.090320186113662,0.2439109139260616,0.7692049559897217,0,0.0,0,0,0
E01001631,6847.574979999999,8.8317958774978,-0.1568421146372025,0.1399502397270573,0.099259253383159,0.2548912992147534,0.9225559564853842,0,0.0,0,0,0
E01001632,1672.40585,7.422616259732046,-0.5108083005091139,0.1721971553734997,0.1018035544422425,0.308375907615317,0.7508624518344098,0,0.0,0,0,0
E01001633,170.80194,5.146342301686631,-0.3174586892865502,0.0579483464883361,0.0501028267009145,0.0842736436780356,0.739288151683664,30,0.4166666666666667,1,29,16
E01001634,358.00963,5.8833492126410425,-0.3308919651127819,0.0638633659100175,0.0496938029292675,0.0923559166790373,0.8201368554227217,27,0.375,0,27,14
E01001637,459.4895,6.1322900541324765,-0.7443620800910575,0.1342579971903601,0.0577467820265751,0.2436589280413899,0.7118145733117889,7,0.09722222222222222,1,6,2
E01001638,246.51741,5.511480922969105,-0.2331679940982667,0.1908470886498442,0.1033761469423194,0.3405972202675599,0.9913837381806356,0,0.0,0,0,0
E01001641,8307.10861,9.024987257852295,0.2841136044807292,0.0765150366801331,0.0339680487215876,0.1215077800453485,1.114403304186962,0,0.0,0,0,0
E01001642,614.60939,6.422612655259698,0.0225223861288549,0.0955615077732541,0.0508558614765062,0.1384172665600564,0.9133078353131988,2,0.027777777777777776,0,2,1
E01001644,2404.86563,7.785665047094774,-0.177328123733882,0.1434120791189485,0.0790520383461091,0.2446554288836445,1.0174862932412003,0,0.0,0,0,0
E01001645,579.05304,6.363119547635188,-0.3626375918862285,0.0742548730941814,0.0442723519765995,0.1141737985167167,0.7470231180785251,17,0.2361111111111111,0,17,10
E01001646,2219.08656,7.705301465097187,-0.3488585591722029,0.1190803030234206,0.0698254510630716,0.1924225368934776,0.7661899868899957,0,0.0,0,0,0
E01001648,1028.31586,6.936649646943873,-0.2124588256374846,0.1269214499910562,0.0829245597748536,0.2049827539458233,0.7031180904845977,0,0.0,0,0,0
E01001651,695.21767,6.545662355693003,-0.1884691020583525,0.1897390784097878,0.1371244347112178,0.3250100895816876,0.729800431034803,2,0.027777777777777776,0,2,1
E01001652,1305.03145,7.174748390710289,-0.3007780770340821,0.0959923992636346,0.0538357907006762,0.1538709065971805,0.7694465280374971,1,0.013888888888888888,0,1,1
E01001653,445.42391,6.101268971460675,-0.3109485299071619,0.0720300129375632,0.0563958948678799,0.1057098436715272,0.7141145643950441,27,0.375,0,27,14
E01001655,169.77499999999998,5.140346900617913,-0.2411243115888676,0.0919313797673391,0.0804464732734501,0.1286175104042593,0.6245511896496381,29,0.4027777777777778,2,27,14
E01001658,1331.40713,7.194742457551079,-0.1236373054424006,0.1522327359025033,0.0988517989985527,0.2453668256969709,0.7779891024991876,1,0.013888888888888888,0,1,0
E01001659,1237.04558,7.121289270014292,-0.0458535246534731,0.1690612887521897,0.1298818997437426,0.2936846099752506,0.7653187219397528,0,0.0,0,0,0
E01001660,290.89895,5.676407680731297,-0.613505514543796,0.0452438896737165,0.0152376624253886,0.0653622004217995,0.7528019108463494,24,0.3333333333333333,0,24,14
E01001661,745.1544299999999,6.614932589503858,-0.0457612390494678,0.128144913531548,0.0854674110975895,0.1965020534423684,0.6344736973117632,1,0.013888888888888888,0,1,0
E01001665,2180.40091,7.687722568657845,-0.1633252437048377,0.1131126752281533,0.0596310611519603,0.1930495744687829,0.8423450282581241,0,0.0,0,0,0
E01001666,4096.07329,8.318028166085918,0.0172429019208296,0.1438413984042751,0.0951811606867024,0.2395828102575705,0.7673971638696213,0,0.0,0,0,0
E01001669,1191.12679,7.083494209418343,-0.3036118010577194,0.1322840702793696,0.0968244279015838,0.226074504606577,0.8091459289323953,14,0.19444444444444445,0,14,7
E01001671,917.93567,6.823216119905573,-0.4870126792218456,0.0983740069715342,0.0536432035591339,0.1615577304437807,0.6833653453084204,15,0.20833333333333334,0,15,9
E01001673,9881.47754,9.198518522463983,-0.1563229298196634,0.1411685048468976,0.0820467219318296,0.2430688035866123,0.8236868379183088,0,0.0,0,0,0
E01001674,107.04852,4.682580385496753,0.0574694540382249,0.2364453053624655,0.2048928840865805,0.4216898602487344,0.8508292856266749,28,0.3888888888888889,2,26,13
E01001676,4278.20025,8.361521413639174,-0.2637536917539099,0.1665895185715067,0.1180215629223994,0.2917540249689357,0.7831306799568869,0,0.0,0,0,0
E01001677,1379.47426,7.230182385778054,0.0906434600671708,0.2077449346535831,0.1587942931243965,0.3654645974602411,0.8968556986406675,0,0.0,0,0,0
E01001678,477.38055,6.170406545455415,-0.2686828987900743,0.1232621437970189,0.0986954747108988,0.195665000538351,0.7176958205568693,18,0.25,0,18,9
E01001680,206.11471,5.333272794367788,-0.4943478803623478,0.048218295530678,0.0347372586847391,0.0712848172914581,0.5269427937526874,28,0.3888888888888889,1,27,14
E01001682,1598.7596,7.377608646939211,-0.2996785758159012,0.1048007592886385,0.0587622742030759,0.1610606420190918,0.7760090587120267,0,0.0,0,0,0
E01001683,3065.11898,8.028167864941047,-0.4596820381830658,0.1222310332631851,0.0696032915498764,0.2045250132315253,0.7439407441613209,0,0.0,0,0,0
E01001684,151.56346,5.027580640636454,0.3427089880370902,0.1648562259003588,0.137098150174191,0.269245946523179,1.2264197473488627,7,0.09722222222222222,0,7,4
E01001686,952.28812,6.859917187447687,-0.4524576238544275,0.0814953881814675,0.0559358757935571,0.1340452801933806,0.728800818154385,25,0.3472222222222222,0,25,13
E01001688,1943.87338,7.572952153676364,-0.2749551928119927,0.1653120379682343,0.1255141525730446,0.2872707125756869,0.7551707687122573,0,0.0,0,0,0
E01001690,629.58413,6.446646580286191,-0.3164265751107799,0.1705019788221154,0.1295634786728185,0.2948442399491928,0.7214195083848799,1,0.013888888888888888,0,1,0
E01001693,3182.87087,8.065852990237339,-0.275482778225307,0.1559459243786412,0.1165631485389163,0.2719559763731807,0.7273213755222334,0,0.0,0,0,0
E01001694,543.80137,6.300421269516429,-0.3039760087401029,0.0944950911028414,0.0630981676269039,0.1477904524140119,0.7899827093411546,5,0.06944444444444445,0,5,0
E01001695,190.9881,5.257433390940327,0.1931652286189558,0.3833507427949699,0.3310322475588793,0.8930298826303505,0.921978758334171,5,0.06944444444444445,0,5,3
E01001696,30888.81141,10.338181680681949,0.1778000706178677,0.110806001388967,0.0496040740986219,0.1883023673375311,0.7869810414548162,0,0.0,0,0,0
E01001697,739.26237,6.607004677412834,-0.3631409644183566,0.1453494109270028,0.0941357396562738,0.2588048482053368,0.7370488465894335,1,0.013888888888888888,0,1,1
E01001698,104.68869,4.660497886205109,0.141670222447143,0.1267331743285736,0.1152667972060783,0.2017609850567187,0.8903523031343281,29,0.4027777777777778,1,28,15
E01001699,1503.99925,7.316547678843982,-0.1534151097482262,0.132204487468993,0.0932814228464542,0.2295531507826043,0.8095842405807759,1,0.013888888888888888,0,1,0
E01001700,2750.26295,7.919815339780979,-0.2545128821227803,0.1953197093390652,0.1237433206159432,0.3643037543877743,0.7977969487945271,0,0.0,0,0,0
E01001701,4488.25728,8.409442550572416,-0.0110622981042655,0.0611546849649403,0.0413895858483406,0.0846895708754523,0.7274806262260292,2,0.027777777777777776,0,2,1
E01001703,977.53932,6.886060969983811,-0.3288063543060344,0.0483182609984424,0.0319648523191885,0.0740792787711807,0.8609857623643192,25,0.3472222222222222,0,25,12
E01001704,247.83306,5.516782229851055,0.2520867070761262,0.2526621347450578,0.2320692001301198,0.4573128947524287,0.8953417117736943,13,0.18055555555555555,0,13,7
E01001705,1568.90641,7.358771285100552,-0.2878237778377105,0.1201993304367976,0.0716762129871086,0.2023689317462818,0.8437171753520538,0,0.0,0,0,0
E01001708,1594.64606,7.375033986498542,-0.3512069505881449,0.1387599201794033,0.0977600697172888,0.2348220539689993,0.7886221618443939,1,0.013888888888888888,0,1,0
E01001710,237.56734,5.474651618484084,-0.2352106143883245,0.0676092934323379,0.0378668212558174,0.1044828169644068,0.8283025716699863,28,0.3888888888888889,1,27,14
E01001712,1786.37881,7.488505473668335,-0.2353638476040812,0.1476466293283002,0.0908522756156069,0.2591775334513316,0.8525506300141088,0,0.0,0,0,0
E01001714,1799.94868,7.496068849489558,0.3433616451775725,0.1830605637045163,0.1314587591463996,0.3320792012731135,0.8869628494182665,0,0.0,0,0,0
E01001716,722.57759,6.584207782892301,-0.2404251562797567,0.1331461857265736,0.0528156567933417,0.2187265051642884,0.8639939396470027,0,0.0,0,0,0
E01001717,818.76812,6.709021519780553,-0.0866781183419793,0.11199349090436,0.0737099290089604,0.1873387388531481,0.8044112995093387,0,0.0,0,0,0
E01001718,5265.80012,8.569178269266422,0.3874385987898074,0.1224216349480428,0.05208240414564,0.2191209509243852,0.8964994746353078,0,0.0,0,0,0
E01001719,285.67267,5.658341042220632,-0.447991997274363,0.1069317901498942,0.0661109093845064,0.175793011035011,0.7877789669573079,14,0.19444444444444445,0,14,6
E01001720,498.46174,6.213530998558342,0.0923386818013354,0.0747022028210229,0.0318011167717706,0.1270172273313644,0.9742194096695516,10,0.1388888888888889,0,10,4
E01001722,2291.01944,7.737188559474053,-0.2708986354127139,0.1011621795753946,0.0470440879366785,0.1717200558600908,0.8842388123880384,0,0.0,0,0,0
E01001724,7391.17422,8.908177181766726,-0.0828424850740428,0.108980020768608,0.0513590897333766,0.1874632248821069,0.8366302467531627,0,0.0,0,0,0
E01001726,2366.28397,7.769498572744808,-0.0439700607869139,0.1197955078907963,0.0621967785210496,0.2102750402655996,0.7758135470545146,0,0.0,0,0,0
E01001727,106.53061,4.677775551221832,0.0741564325971661,0.0309533569741128,0.0163220693094688,0.0447579047554153,0.6169999647695635,29,0.4027777777777778,0,29,14
E01001728,574.49231,6.355225865779003,0.3147391302766089,0.1055616218779325,0.0704606298385438,0.1796719207461776,0.8324745773436117,0,0.0,0,0,0
E01001729,2609.49324,7.867294463305021,-0.0393779061868733,0.0901799806923431,0.0431405677831915,0.1366949794242221,0.7684536865433073,0,0.0,0,0,0
E01001730,1651.13145,7.409821521133299,-0.0597922170279053,0.1128565626922072,0.0766950626493123,0.1862246854390062,0.8476743498339915,6,0.08333333333333333,0,6,2
E01001731,2926.00488,7.981734953926574,0.1055391951362705,0.1003518216962098,0.0338575956168603,0.1664314125918029,0.776783301775835,8,0.1111111111111111,0,8,6
E01001733,971.43279,6.879800962564512,-0.0610709156729206,0.0744755177555824,0.0433936659683888,0.1116941119780561,0.8881294191367459,5,0.06944444444444445,0,5,4
E01001734,4221.3792300000005,8.348154046733551,-0.0477604164456932,0.1595543004554935,0.0974306992077563,0.2881617603077044,0.8663399775100123,0,0.0,0,0,0
E01001735,318.48731,5.766717554718937,0.0214035215406228,0.0922855293669314,0.0537882969340285,0.1440255253331963,0.7893415019981743,13,0.18055555555555555,0,13,7
E01001737,608.85903,6.41322783209936,-0.0610397943839316,0.0824268960912019,0.0528092520858235,0.121664094743422,0.92465127974069,2,0.027777777777777776,0,2,2
E01001738,618.88504,6.429534041492005,-0.1820318681479197,0.1294386272448918,0.0803033306476433,0.2304049742485846,0.7704941990858545,0,0.0,0,0,0
E01001739,1420.65602,7.259577682366791,-0.278457581871226,0.0743778567875987,0.0398157394919566,0.1190997305254241,0.8100106111654719,1,0.013888888888888888,0,1,1
E01001740,246.39512,5.510986734622373,0.0608572929528799,0.0903204576454274,0.0613604685027852,0.1561660865485434,0.9463425065588588,15,0.20833333333333334,0,15,7
E01001741,1177.10518,7.071662647152687,-0.1565385176539618,0.0663393903338357,0.0329679884681163,0.1038747892832065,0.8123003867896672,1,0.013888888888888888,0,1,1
E01001742,749.26743,6.620429716306527,-0.3802943496422898,0.0995633962095483,0.0433633422448377,0.1588415434044877,0.8102583365378614,2,0.027777777777777776,0,2,0
E01001744,172.81358,5.1579833455671125,-0.1716766703172285,0.0696533223835765,0.0525218562106056,0.1038060660417223,0.9738528517920318,17,0.2361111111111111,1,16,9
E01001745,654.989,6.4861440205108165,-0.1114662078294444,0.1047098195542215,0.0542412620669965,0.1716330697225045,0.7763684614540386,16,0.2222222222222222,0,16,10
E01001746,198.327,5.294946692202513,-0.321212341234426,0.1225757965380407,0.059148124057743,0.1929517854879364,0.7752532315841658,15,0.20833333333333334,0,15,10
E01001747,4475.19882,8.406529487569534,0.0759857681585642,0.1333463280632524,0.0545698995335362,0.2570145742852812,1.01720635938271,0,0.0,0,0,0
E01001749,1565.30016,7.356471531236179,0.0032543662424464,0.1462040609514791,0.0870213927531956,0.2572077764009648,0.8251079184438613,0,0.0,0,0,0
E01001750,1706.93479,7.443040194462764,-0.0108410995595209,0.1370351119271521,0.0491312383409796,0.2453825134258832,0.9564419009103508,0,0.0,0,0,0
E01001751,848.22289,6.744321684246798,-0.1469436765612397,0.0597914187390062,0.0301572502953793,0.0954487735065644,0.826189567131649,4,0.05555555555555555,0,4,2
E01001755,2112.96939,7.656322686665939,-0.1891510458653639,0.1308789380995244,0.0824054105204051,0.2152706960801272,0.8480763450235811,0,0.0,0,0,0
E01001756,6021.55756,8.70326729193609,-0.1801681158387864,0.1528969308731477,0.0730235235017831,0.280116096531851,0.8984993310817403,0,0.0,0,0,0
E01001757,409.55308,6.017505226257945,-0.0587529215993198,0.1656477348430635,0.1475926881077295,0.2836956999457503,0.9795642126400472,14,0.19444444444444445,0,14,6
E01001758,2670.41849,7.890364879983452,-0.1896984880448456,0.1573059172459519,0.0908510897855564,0.2939545514833888,1.0289821880419558,0,0.0,0,0,0
E01001760,4458.80153,8.402859544023956,0.0014904431056836,0.1331109707410547,0.055012345436241,0.2392312099250507,0.7995876110415009,0,0.0,0,0,0
E01001761,253.92463,5.540967932841959,-0.2222026669882318,0.0605336709558265,0.0245448029204571,0.0997088843780966,1.2834771635925564,17,0.2361111111111111,1,16,9
E01001762,10145.98369,9.224931766906154,-0.0862363824675141,0.1611984741915152,0.0785191317412811,0.2999663749552428,0.8239391539448363,0,0.0,0,0,0
E01001765,213.45446,5.368097408135295,0.1596178407328664,0.1178999023960427,0.0389047387438051,0.2167505648453095,0.9303625345454316,16,0.2222222222222222,0,16,10
E01001767,368.91313,5.913268194288459,-0.2256559152557133,0.13438548527671,0.0732017860139594,0.2421995645577822,0.758462870116995,12,0.16666666666666666,0,12,6
E01001769,1131.88739,7.032524865091042,-0.3887414365487365,0.1015582035947939,0.0370677863987865,0.1666771813391248,0.7992765087731012,13,0.18055555555555555,0,13,9
E01001770,1043.13898,6.95094788218792,0.1113300741575202,0.1075411638821128,0.0706085779672426,0.168732811850737,0.8701137489474318,0,0.0,0,0,0
E01001772,227.99658,5.433707068944902,-0.1538292372631203,0.1073557770033217,0.0665226206463272,0.1704160744304698,0.931428642462938,14,0.19444444444444445,0,14,6
E01001774,1462.45961,7.288558507527665,-0.0248518794990858,0.100249360048993,0.0450236023954193,0.1664840244621548,0.8834698195930126,0,0.0,0,0,0
E01001775,302.45208,5.71522370676488,0.0331594347111119,0.0431197894225095,0.02698321664708,0.0683975319834207,0.8272304119340298,22,0.3055555555555556,0,22,13
E01001776,134.39828,4.908220657295569,-0.068622455584997,0.0209743011592112,0.0075384149261433,0.0291079296393754,0.8158143722447336,25,0.3472222222222222,0,25,13
E01001777,2502.08154,7.825277867808869,-0.1251933620037018,0.1110556452928388,0.0463744558860379,0.1962413869313382,0.8193402716347669,0,0.0,0,0,0
E01001781,3375.69883,8.124653833702009,-0.1329154621296593,0.089705478850434,0.0574643058427105,0.1430458794283786,0.7396030147661053,1,0.013888888888888888,0,1,0
E01001784,168.45114999999998,5.132564684692763,-0.1749069092137394,0.0123381170149328,0.0026893256591005,0.0186765701364126,0.7546663288140331,28,0.3888888888888889,1,27,14
E01001786,2251.28556,7.719700784062699,-0.2147783686757179,0.1177582198857083,0.0821430178764172,0.190538075038288,0.7580449678102043,1,0.013888888888888888,0,1,1
E01001787,630.87602,6.448693204016757,-0.2234225989442426,0.1976491197113499,0.1402727591389509,0.3659234193724633,0.8273469792061687,2,0.027777777777777776,0,2,1
E01001788,768.20279,6.6453546408531325,-0.3127155135690148,0.1838344143478052,0.1196326949033861,0.3455306201323165,0.868238797376254,0,0.0,0,0,0
E01001791,243.07222,5.497464165105253,-0.2378187026061637,0.1711765745999275,0.1309732967428363,0.3110464970678854,0.7794633661617323,7,0.09722222222222222,0,7,4
E01001792,6570.78291,8.790540446049185,-0.1969173213789831,0.1196110449492844,0.0543257957064358,0.2100980893043752,0.9007885039127996,0,0.0,0,0,0
E01001793,391.33001,5.9721033478681,-0.1522825453636944,0.1242674437362981,0.0857548849882481,0.2053018488851355,0.756668809444338,4,0.05555555555555555,0,4,2
E01001795,2409.58068,7.787622943519953,-0.1862797140289155,0.1055732070361719,0.0454065269148821,0.181730794145004,0.9145951247292972,0,0.0,0,0,0
E01001796,132.80306,4.896369017387771,-0.1910471038845038,0.0388400688960028,0.0347939271881235,0.0550246732440648,0.8969869956972109,30,0.4166666666666667,1,29,14
E01001798,2758.38814,7.922764245728891,-0.2007701207706033,0.1315850857740419,0.0653225220146139,0.2344092347086441,0.8834134117351216,0,0.0,0,0,0
E01001800,1552.64346,7.348358070884217,-0.0804510650500534,0.1294379522263276,0.0728766860615894,0.2263651918122141,0.7030706033750123,0,0.0,0,0,0
E01001801,541.35389,6.295918721950594,-0.1183032599987413,0.0826152556140309,0.0408643964856334,0.1302850563946954,0.7418394746080692,15,0.20833333333333334,0,15,7
E01001802,524.94433,6.265195370634731,-0.10822021832296,0.0677939696957961,0.0376234180870188,0.1108464093959522,0.7985747014680694,14,0.19444444444444445,0,14,6
E01001803,1280.40383,7.155711498118825,-0.1520014275496192,0.0707930091086966,0.0275475121001473,0.1126048460078762,0.7978860698256156,1,0.013888888888888888,0,1,0
E01001805,291.7244,5.679231552027333,-0.0354758806599653,0.079577539623014,0.0370151759674542,0.1347647856348174,0.8087334162083643,12,0.16666666666666666,0,12,6
E01001806,363.54859,5.898659848462763,-0.0006193119879793,0.0567261999283231,0.0393972371065996,0.0833538389506599,0.7146078991281183,6,0.08333333333333333,0,6,1
E01001807,1560.91201,7.353665997186825,-0.2860116311104558,0.1034694518110601,0.0555095799410243,0.1769127499281698,0.8556147796429479,0,0.0,0,0,0
E01001808,8517.12143,9.049951106075373,-0.0974280543984213,0.1237858140998701,0.0629095574606595,0.2135176484778047,0.8233789788001844,0,0.0,0,0,0
E01001809,970.32556,6.878661695309651,0.177975338503914,0.0997785114513524,0.0509989142200891,0.1656686719646798,0.7891881482739629,0,0.0,0,0,0
E01001811,1875.17577,7.536990819207009,-0.1867638946721244,0.0926893749272368,0.0399746206191646,0.1605627171833644,0.8339388183957833,1,0.013888888888888888,0,1,1
E01001813,14616.16474,9.589951784264311,-0.0520483282401754,0.1493953974139456,0.0623620085168799,0.280443659068216,0.8645302452935422,0,0.0,0,0,0
E01001814,4249.83305,8.354870254475372,-0.1135055952374411,0.1342308329029536,0.0755659425256716,0.2348983521325898,0.7884839181491333,0,0.0,0,0,0
E01001815,114.30013,4.747538554767873,-0.036317981440616,0.0640694809358484,0.0543135865199803,0.0897588621118603,0.7565087740050067,25,0.3472222222222222,1,24,13
E01001816,95.57801,4.5703510755530585,-0.2195397246709781,0.0290194365837916,0.0197572642493812,0.0420112291679667,0.8880604276325919,28,0.3888888888888889,1,27,14
E01001819,269.21186,5.599206317975098,-0.0219846183596814,0.0999328187101415,0.0685072715592842,0.1612849270524589,0.8280849976419142,12,0.16666666666666666,0,12,6
E01001820,188.79175,5.245927418423953,-0.0194194396736086,0.1186812453404346,0.0737462839345469,0.1832763080499021,1.000515586333012,14,0.19444444444444445,0,14,7
E01001821,236.41488,5.4698091592340665,-0.0497571895643793,0.1090941906871513,0.0797148639713371,0.1790173521580131,1.0100488576088005,16,0.2222222222222222,0,16,6
E01001822,138.12962,4.935406016591521,-0.2429376117881161,0.0251340733435739,0.0,0.0383761987449717,0.7075217455918736,30,0.4166666666666667,0,30,18
E01001824,1089.84526,6.994708142593226,-0.11007366311801,0.0762660012853567,0.0343837619663547,0.1297850829913139,0.8331240561456535,0,0.0,0,0,0
E01001826,1201.54343,7.09219411775185,-0.2328201070518108,0.0657428337817135,0.0301560551997691,0.1088536246030514,0.7830769938183659,2,0.027777777777777776,0,2,2
E01001827,1237.85215,7.121940544403816,-0.1332801417358285,0.1047883626489641,0.0598996576448972,0.1912452809024397,0.848869829171493,0,0.0,0,0,0
E01001828,222.40164,5.408971227700365,-0.1532575928846568,0.0525644055502468,0.043853993163,0.0746848842840149,0.7291289474975694,25,0.3472222222222222,0,25,14
E01001829,990.51137,6.899230415367625,-0.0175782232565387,0.0631723086631504,0.0256121845426166,0.1004000879860147,0.8938297126354355,3,0.041666666666666664,0,3,2
E01001830,4173.80111,8.336821997826862,-0.3217219495157017,0.108769622230514,0.0337482659781074,0.1960923649270035,0.8144239628425187,0,0.0,0,0,0
E01001831,5871.07362,8.677963107681698,-0.1334453067205789,0.1076155795164428,0.036241224990805,0.1900525022155055,0.8346663719631753,0,0.0,0,0,0
E01001832,3259.32209,8.089581270093792,0.2144751119089307,0.1514051254750339,0.1066251571350532,0.2678965116092914,0.9592600136489784,0,0.0,0,0,0
E01001834,1777.81575,7.4837031128811295,0.073777999773036,0.1347906834552455,0.0589851563639257,0.2462202130752752,0.9465426902633896,0,0.0,0,0,0
E01001836,1486.45505,7.304821918475802,0.0264100216148479,0.0536477978261098,0.033560557381133,0.0819580019433322,0.9538107757737588,0,0.0,0,0,0
E01001837,221.69177,5.405788618034872,-0.1899864392800869,0.0449226870262256,0.03691219570307,0.0650377711202357,1.0405741989481176,25,0.3472222222222222,0,25,12
E01001839,6433.50494,8.769430184669845,-0.0032728878265227,0.1420007489727675,0.0793477932730086,0.2486468460998527,0.8696100298422967,0,0.0,0,0,0
E01001840,1832.81567,7.514154140676903,-0.2958831370096263,0.1198537712196666,0.0669596304793705,0.2008701990764116,0.7714714682590836,0,0.0,0,0,0
E01001841,354.11693,5.87244711552333,0.283502373072081,0.0864871385844218,0.0548928287613924,0.1476427913879152,1.2999709761567348,8,0.1111111111111111,0,8,4
E01001844,1085.70594,6.990906326143864,-0.3173427235739356,0.1122817473025891,0.0513064246475431,0.1917963194005978,0.7987862390421119,0,0.0,0,0,0
E01001845,574.82326,6.355800773333003,-0.8440262838354871,0.1128157374842486,0.016791474304641,0.2042604109353799,0.788280728050864,9,0.125,0,9,4
E01001846,915.84313,6.820936388920256,0.0480206801354725,0.1507241201885742,0.0839622064970886,0.2762553796538838,0.79988976295743,0,0.0,0,0,0
E01001847,149.54578,5.014267223980246,0.4349762326961015,0.1729063835836758,0.1211956632945443,0.295452761404946,0.8757509576711204,13,0.18055555555555555,1,12,5
E01001848,2647.4972,7.881747663781833,-0.1709503677662058,0.1149115700670051,0.0613687372360582,0.1901823854643143,0.7970196069693789,0,0.0,0,0,0
E01001849,2521.1089,7.832850695608495,-0.1095814226826932,0.1347826823347456,0.0538049943023088,0.2395038206610635,0.8949579819843618,0,0.0,0,0,0
E01001850,1018.31349,6.926884630659537,0.0059590784759219,0.2789543817199161,0.1857544281378419,0.6185377092572595,0.8854848849860054,0,0.0,0,0,0
E01001856,855.5734,6.7529400116988825,0.0197224457889878,0.0547224469577946,0.0228781189317012,0.0822115587392886,0.7156636797959396,4,0.05555555555555555,0,4,2
E01001857,1537.28094,7.338420799183964,-0.0365452524247129,0.0931393646238793,0.0481560384141626,0.1535433850656347,0.8677443744553821,0,0.0,0,0,0
E01001858,910.91838,6.815550490455325,-0.2599605685857388,0.0685488638400292,0.0320654744061701,0.1127307718346474,0.919230744781811,1,0.013888888888888888,0,1,1
E01001860,3320.15505,8.108067908031563,-0.1473286827372716,0.0892230861326792,0.0501028287820474,0.1434688840248169,0.7731852113896467,0,0.0,0,0,0
E01001861,1847.00046,7.521859501119347,-0.1861802784824428,0.0979229371713313,0.0621888637753777,0.1569092407800296,0.8349568727364463,0,0.0,0,0,0
E01001866,3096.93619,8.038491423605231,-0.3367883889141416,0.1223936841914718,0.0620635389972306,0.2047898373051145,0.7226675621657345,0,0.0,0,0,0
E01001867,444.59741,6.099415876208391,-0.0491408845589091,0.0942016058977941,0.042206566160608,0.1464738675453697,0.7006004711587677,1,0.013888888888888888,0,1,1
E01001869,909.13386,6.813591687594013,0.1679296599952838,0.0771871592154757,0.035930979404947,0.1163319038714499,0.6601487477087565,2,0.027777777777777776,0,2,1
E01001871,634.2904599999999,6.4540823116321135,-0.3138610976428685,0.1044746755295673,0.0430085610936037,0.1711503725339501,0.6568619726363648,2,0.027777777777777776,0,2,0
E01001875,2085.57217,7.643277888458103,-0.327349769919494,0.2139065031731795,0.1533867897748175,0.4242721157598068,0.7863630754198517,0,0.0,0,0,0
E01001876,2737.67897,7.915230955383942,0.0171718636535386,0.0708246737929246,0.0490114624360065,0.0974489580909142,0.6061367160250852,0,0.0,0,0,0
E01001877,1093.45172,6.998008804523555,-0.1006612162080644,0.1169130723028173,0.0775718565790906,0.1890087315638614,0.8321524430768727,0,0.0,0,0,0
E01001879,607.65923,6.411258554449404,-0.3424529073638855,0.0818173699097765,0.0295908448555944,0.1266868405820027,0.5974738671899255,1,0.013888888888888888,0,1,0
E01001882,1154.63445,7.05240477950114,-0.0452535345710497,0.0703063813833027,0.0322968364576338,0.1056832700458362,0.7905348985723036,0,0.0,0,0,0
E01001883,708.8471,6.565049594731089,-0.2355854739336593,0.1235785686363109,0.0477320285291426,0.2183708086641436,0.9761853889015228,0,0.0,0,0,0
E01001884,491.86066,6.200226497176513,-0.0289725549508268,0.0742188244939125,0.0307794284665905,0.1116347871436383,0.8717541294245189,0,0.0,0,0,0
E01001886,1566.69562,7.357362062168688,-0.1651883088815937,0.1044442825467272,0.045075673346173,0.1704857835872931,0.777964697959822,0,0.0,0,0,0
E01001887,2558.66356,7.847631106961996,-0.1882316094735019,0.1063572734822549,0.0574913413000652,0.1758443841073458,0.8038550242993281,0,0.0,0,0,0
E01001891,4334.08008,8.374495361939061,0.0210098517607454,0.0825375473911409,0.0454500600736477,0.1252322410771071,0.7093899857539617,0,0.0,0,0,0
E01001894,664.93562,6.501192999201199,0.3158097019979167,0.1094077649201587,0.0480003763371858,0.1732344593534773,0.8623247583657503,0,0.0,0,0,0
E01001898,31310.44566,10.351738985723395,0.0491496019159505,0.1188910263502138,0.0649556519279515,0.2001272021014113,0.8200529295324586,0,0.0,0,0,0
E01001899,309.87189,5.73938089805262,-0.0847788097203653,0.1350543284193993,0.0616745197507266,0.2186270519497541,0.7758871926115518,1,0.013888888888888888,0,1,1
E01001902,664.3444,6.5003048013315015,-0.126252106588089,0.0717526933319525,0.0444290190449411,0.1068225115795817,0.7736281240625282,3,0.041666666666666664,0,3,2
E01001903,1021.03519,6.929551202656188,-0.3241676224695056,0.0728782912957192,0.043315862600191,0.1115126639142707,0.854557725346924,1,0.013888888888888888,0,1,0
E01001905,205.93374,5.332398645405154,-0.0931558859660394,0.0728209957241586,0.027593827024168,0.1126984894000082,0.5986271064950607,10,0.1388888888888889,1,9,5
E01001909,1893.1772,7.546539827975814,-0.1157877139023224,0.0948649444964792,0.047353243003349,0.1520332963442615,0.8824151837690178,0,0.0,0,0,0
E01001911,579.95103,6.364666467585385,-0.1501955604768906,0.0841356208988886,0.0580298995244477,0.1297674047269024,1.055641602913952,2,0.027777777777777776,0,2,0
E01001912,1106.63841,7.009985469279845,-0.0307820058405527,0.1578081950002078,0.0641659004046317,0.2891736716832527,0.8311858151568903,0,0.0,0,0,0
E01001914,1253.0227,7.134111823102391,-0.1604591042125573,0.1038726114060024,0.0531114081173469,0.1751616785021316,0.8836192868131634,0,0.0,0,0,0
E01001915,2814.47258,7.942885405702124,-0.0883792017614895,0.1058217913069879,0.0495480648811295,0.1660255313803148,0.7010717684521712,0,0.0,0,0,0
E01001916,3449.30556,8.146218074219423,0.2047808486992959,0.059901451583779,0.0266908362853188,0.0965929706619758,0.8569937084030148,3,0.041666666666666664,0,3,1
E01001918,1466.01379,7.290984178235133,-0.157278513730761,0.0770553734013648,0.0429972217382757,0.1127167557096611,0.6969649027717657,2,0.027777777777777776,0,2,2
E01001920,5345.8021,8.584253922855526,-0.1379260522943788,0.0904799244251858,0.0416927592587088,0.1428918836099429,0.8324677123842976,0,0.0,0,0,0
E01001921,1497.57307,7.312268647663314,-0.1818756463081965,0.1284281240447252,0.0681259379216801,0.2060572753312199,0.8666851668936394,0,0.0,0,0,0
E01001922,522.94245,6.261381850045204,-0.1474264519929487,0.0729052116537871,0.0420476096365862,0.1096969662965477,0.761043665849832,5,0.06944444444444445,0,5,3
E01001924,547.43223,6.307063716931308,-0.0846391707700513,0.1201772683351142,0.0613566724049111,0.2116339002914702,0.8421313271490073,1,0.013888888888888888,0,1,1
E01001925,566.00641,6.340370608778488,-0.1191259123726178,0.0781834078522185,0.0395168846232677,0.1253060635511249,0.7248372586253967,1,0.013888888888888888,0,1,1
E01001928,1123.36128,7.024970402295718,-0.2345635769108937,0.0651429787574661,0.033104274343513,0.0977188275343101,0.7485269008693709,2,0.027777777777777776,0,2,1
E01001929,571.09129,6.349298576547506,0.0518157963851979,0.1007353833044801,0.0658761403977987,0.1687800144437818,0.7092734584418612,1,0.013888888888888888,0,1,0
E01001930,1990.8349,7.596811553183576,-0.2431617207433926,0.0775988355438213,0.0497429696455492,0.1194524571372846,0.7610563463644765,0,0.0,0,0,0
E01001932,817.20618,6.707114358632259,-0.0097244002731354,0.0890183919069236,0.0501841775107476,0.1350009204644485,0.8892676384485174,0,0.0,0,0,0
E01001933,794.54622,6.679028947912749,-0.0975143019370226,0.0992276950232045,0.0497741213846565,0.1537282642926152,0.8355751199905357,1,0.013888888888888888,0,1,0
E01001937,1073.87843,6.979962845794698,-0.0559034321976278,0.0960511330877555,0.055182009755052,0.148858583462493,0.6963790552566659,0,0.0,0,0,0
E01001938,1358.23358,7.214676275761782,-0.0894678513249539,0.0860501917497872,0.0515053456416531,0.1318254238969289,0.6654055737648654,1,0.013888888888888888,0,1,0
E01001940,2204.64794,7.698776595055527,-0.0097118091335707,0.0854337450359534,0.0458477238774005,0.1372045938935142,0.8292636978622183,0,0.0,0,0,0
E01001941,5762.76938,8.659346945909537,0.0029492660350049,0.1032161606300476,0.0436978496613029,0.1799075200391003,0.8436922245181272,0,0.0,0,0,0
E01001942,1955.1798,7.578748768660557,0.12046572903423,0.0974186466124496,0.0558914632812798,0.1642578668247254,0.8752007995378512,0,0.0,0,0,0
E01001943,37484.94251,10.53172127527853,0.117510635339107,0.1117267835980469,0.0619398340915315,0.1894048012031915,0.8895687797620854,0,0.0,0,0,0
E01001948,431.70444,6.070054908329107,-0.070500873236328,0.1171689130646884,0.0621959783411076,0.1806053856691007,0.7428041172580102,2,0.027777777777777776,0,2,2
E01001950,841.12909,6.7359333160302,-0.3001268330881291,0.139195090732149,0.0768690094881869,0.2508404945858741,0.7617908181288122,0,0.0,0,0,0
E01001951,624.68008,6.438839186154235,-0.0049585701532215,0.1061010301465031,0.0605315604108906,0.1721392394704145,0.7856295700525814,1,0.013888888888888888,0,1,0
E01001952,329.07041,5.799305995338106,-0.1758207004999325,0.1012310708823683,0.0544983366933538,0.1531306485117199,0.7166793078110144,3,0.041666666666666664,0,3,2
E01001953,4854.88196,8.4879460243714,-0.0204862488561926,0.1224799830148702,0.061170074256553,0.2036060229205898,0.8516613792267096,0,0.0,0,0,0
E01001954,837.60653,6.731741621493849,-0.1440361144271404,0.1210094076033528,0.0744457066255202,0.2024467877531903,0.8224809429076669,1,0.013888888888888888,0,1,0
E01001955,229.92356,5.44208674666839,0.5055476698429687,0.0540156911279557,0.0457096697702488,0.0914450191781193,0.8608456809976635,26,0.3611111111111111,0,26,13
E01001956,375.0688,5.929772105374734,-0.6141153836309498,0.1393281445964047,0.0378950475219479,0.2551644696189445,0.6901660183302717,2,0.027777777777777776,0,2,2
E01001959,548.99305,6.309905641783041,-0.0848420758696307,0.071179534968612,0.041002468064031,0.110359922043,0.8172367286719519,0,0.0,0,0,0
E01001962,972.50622,6.880904214108741,-0.1345177823130015,0.0372957820259494,0.0150774973963662,0.0515839461973842,0.7607706330503418,6,0.08333333333333333,0,6,4
E01001963,816.04418,6.705693169285348,-0.1676125917594314,0.0515492555807456,0.0212095747070949,0.0745826390378184,0.662201736930396,3,0.041666666666666664,0,3,1
E01001964,861.71118,6.760079965312344,0.2495995235897949,0.0300107281885329,0.0068443814318389,0.0497536862979997,1.1755804497435252,15,0.20833333333333334,0,15,9
E01001966,983.12961,6.891757605857943,-0.0251751038197293,0.0279371913129541,0.0137850491554211,0.0443678918440922,1.293075391889437,18,0.25,0,18,11
E01001968,355.84774,5.877309192203803,-0.1831369787538906,0.0716132129994699,0.0314837463910828,0.1004349617272855,0.6653210945841976,5,0.06944444444444445,0,5,1
E01001969,1211.81107,7.100696142484973,-0.2552620764555319,0.1002830168897532,0.0566724893840093,0.1617510067471682,0.73055193293998,0,0.0,0,0,0
E01001970,420.46136,6.043728100641856,-0.043691529704418,0.1716479963818792,0.0920739066248561,0.2914554744365781,0.9648861861742172,0,0.0,0,0,0
E01001971,298.1467,5.700934088519973,0.2553133742550227,0.181551162565274,0.1551064626910175,0.2976883277857738,0.9400934769395084,3,0.041666666666666664,0,3,2
E01001972,1149.67417,7.048103284371422,-0.1186874973454436,0.0460856835637178,0.0260722653271404,0.0651037728570421,0.8348837351334246,3,0.041666666666666664,0,3,0
E01001973,3920.96988,8.274349326971576,-0.0146734052443167,0.1024215901398355,0.0524081863133312,0.1650674668806426,0.7161043751975255,0,0.0,0,0,0
E01001975,1953.75326,7.578019254735679,-0.3332726467210092,0.163833042049537,0.0954054044675016,0.2885322711963397,0.838380331166701,0,0.0,0,0,0
E01001976,203.51998,5.320665672421846,-0.2561951902707537,0.0512647947390718,0.0250656471173002,0.0847482188180764,0.7838136890432875,25,0.3472222222222222,0,25,13
E01001977,515.3432,6.24677166066883,0.5083136829980486,0.2937572281927849,0.2389942275361351,0.6284483424260714,0.9387065780425492,1,0.013888888888888888,0,1,1
E01001978,1623.81704,7.393150497655791,-0.2352372284503185,0.152211883427458,0.0937873456482511,0.2506095676841295,0.829111542702683,0,0.0,0,0,0
E01001979,5090.00671,8.535230871913646,-0.0271918560987516,0.1118993966905792,0.0521566640528063,0.1840034771849923,0.8165004999513982,0,0.0,0,0,0
E01001980,267.70578,5.593617026368874,-0.2226349389990758,0.0793174506728991,0.0569987693205578,0.1175164399952625,0.7234331984249723,24,0.3333333333333333,0,24,12
E01001981,418.20373,6.03835703086801,-0.0669285996086165,0.1441303022333158,0.0907877124864477,0.2544962997528665,0.8733837515898696,1,0.013888888888888888,0,1,1
E01001983,949.55054,6.857041332529631,-0.121077999702891,0.1883813577737526,0.1282575227644017,0.3369741455369782,0.9238212362303048,0,0.0,0,0,0
E01001984,1126.31815,7.027596772337801,-0.450311832407211,0.091884269111707,0.0540611105308033,0.1469439570612248,0.97434551855534,0,0.0,0,0,0
E01001986,1041.86327,6.949725353406375,-0.4688437188115864,0.0307809584265313,0.0078387637180068,0.0463852670571955,0.6854293367046119,23,0.3194444444444444,0,23,12
E01001989,1100.71891,7.004626884581032,-0.146887918914739,0.0332356059913606,0.0114575936557681,0.0471198051829871,0.6992295232489207,20,0.2777777777777778,0,20,12
E01001990,5666.58821,8.642518946442301,-0.0465835243743607,0.0565092659168187,0.0232869082964474,0.084612534089229,0.726234401081623,0,0.0,0,0,0
E01001991,723.80252,6.585899231543918,-0.054615007419427,0.0590921816630315,0.0284612023732661,0.0873487354621194,0.678709217910429,1,0.013888888888888888,0,1,1
E01001992,114.53816,4.7496008650056085,0.363191795642605,0.0359892283934018,0.0097020940444651,0.0492644053455203,0.7169582143342854,12,0.16666666666666666,0,12,8
E01001994,421.51921,6.046234913219236,-0.269780326263185,0.102622725071059,0.0387300498119646,0.1705177394826511,0.6991982324026177,7,0.09722222222222222,0,7,6
E01001995,222.3659,5.408811233981592,-0.4329910296497799,0.0584557254507098,0.0275064656946051,0.0847357623422672,0.6114288299068186,27,0.375,0,27,14
E01001997,1361.93968,7.217399175398088,-0.3464156944160699,0.0813896765237062,0.0355813115012553,0.1274128073010519,0.661095633128818,2,0.027777777777777776,0,2,0
E01001999,4599.49907,8.433920070070455,-0.3170158114631383,0.1475483937862824,0.0591478519420594,0.2807080315157816,0.8580719347715275,0,0.0,0,0,0
E01002002,1857.69934,7.527632242527355,0.085046065635142,0.1306198666141529,0.0854861206980888,0.2071362036810033,1.030953632073201,0,0.0,0,0,0
E01002003,5383.31732,8.59124580718068,0.1438098246825992,0.1535178479874561,0.0927944072968004,0.2620043996091406,0.8871509404862393,0,0.0,0,0,0
E01002005,902.5285,6.806307653530355,0.0139455540739156,0.0774927550764324,0.0391446364297637,0.122813503339022,0.9433380179700706,1,0.013888888888888888,0,1,1
E01002008,1186.60858,7.079696967518273,-0.0368568378293708,0.0588064010122023,0.0357185770559656,0.0868501658158056,0.7086607648675148,3,0.041666666666666664,0,3,0
E01002009,2149.79186,7.673591360290087,-0.0445729848470075,0.0588661127407934,0.0203735351384203,0.0874562204526172,0.793956004799585,1,0.013888888888888888,0,1,1
E01002010,432.49555,6.0718815308853245,-0.0804582844840831,0.0568102955047745,0.0248757935197252,0.0851152394495288,0.6043775166341393,5,0.06944444444444445,0,5,2
E01002011,4771.63412,8.470653657876586,0.1160791515171745,0.0807439737227799,0.0320155309812396,0.1282934940102534,0.7128401448213706,0,0.0,0,0,0
E01002013,1228.37928,7.114264670581086,-0.4008145432085113,0.0588782725153097,0.0251382130118638,0.0905305385956738,0.7603889754859444,16,0.2222222222222222,0,16,9
E01002014,1884.58273,7.541992192691561,-0.0529659581460772,0.1098811353322759,0.065968932019238,0.1830494368156101,0.7791219458002708,0,0.0,0,0,0
E01002015,551.34112,6.314165826426129,-0.0232517393224724,0.0591743456392296,0.0338236335428781,0.0904382410923935,0.8123351878255988,21,0.2916666666666667,0,21,12
E01002017,4053.72827,8.307638953206759,-0.2137860389936793,0.0785327305621301,0.0321899400523952,0.1294927908613554,0.7766895028629618,0,0.0,0,0,0
E01002019,1407.50612,7.250284932354911,-0.2703796129852707,0.0388993122104506,0.0147915804444246,0.0566687065985955,0.6022112587504818,20,0.2777777777777778,0,20,12
E01002020,1639.06847,7.402493269946737,0.0236193122548443,0.0417854722078815,0.0101210842033951,0.0605281506175344,0.8010635555776686,18,0.25,0,18,12
E01002021,513.55637,6.243305111954768,-0.2626226016824598,0.0365781072874239,0.0091947063182178,0.0536796706520288,0.7752955604521088,19,0.2638888888888889,0,19,12
E01002022,14787.51431,9.601606098326515,-0.1119218737716305,0.0613336075953389,0.0254148406636436,0.0930491191303184,0.8063086928896792,0,0.0,0,0,0
E01002028,2280.21318,7.732462676926573,-0.2221250909531186,0.1304402205060493,0.0650369365902884,0.2241921630723138,0.8522144961063065,0,0.0,0,0,0
E01002029,13328.86219,9.49776207478473,0.5592363206810229,0.1046998813632418,0.054605142556433,0.1669950865990259,0.8745964967374195,0,0.0,0,0,0
E01002030,1088.08706,6.993095064641119,-0.1329087030958717,0.0925878302421866,0.055976651353615,0.1547216021959664,0.9180868447702052,0,0.0,0,0,0
E01002031,20426.24402,9.924624780033607,-0.1979146482359511,0.1391741960595651,0.0778693683695648,0.2354364440109475,0.8744040528116946,0,0.0,0,0,0
E01002033,514.01246,6.244191094545819,0.1546281582356972,0.108974517855073,0.0663777488973711,0.167310748627744,0.8928958181999594,5,0.06944444444444445,0,5,2
E01002034,6822.66202,8.828151559808965,-0.0246110095308516,0.1362470729570156,0.0782308838449541,0.2207628859816887,0.8343502917466848,0,0.0,0,0,0
E01002036,262.89552,5.575553267237861,-0.0415665508487934,0.1067361665196881,0.0703242489639991,0.1671562628689894,0.7955724768604052,19,0.2638888888888889,0,19,10
E01002037,3738.79362,8.226785707067823,-0.2453436678326202,0.1531351709110919,0.098396690855592,0.2621064751154778,0.7630739150035343,0,0.0,0,0,0
E01002038,1903.79479,7.552129559973617,0.0128659402413849,0.1968831630219977,0.1315659761838092,0.3565548827296589,0.8149570676877211,0,0.0,0,0,0
E01002042,1125.96137,7.027280236611141,-0.1183968238626161,0.1144646640941154,0.0728741075726248,0.1828439042689878,0.8014402004813737,2,0.027777777777777776,0,2,1
E01002043,1189.5849,7.082199977957862,-0.0860083546790145,0.1033645181609147,0.0678069383698464,0.1667279146059724,0.8366961436478475,0,0.0,0,0,0
E01002046,1103.25524,7.006926395767619,0.0058946286989763,0.1538671051315378,0.0992089826829193,0.2595299834694288,0.8827305204180672,0,0.0,0,0,0
E01002047,7230.09209,8.88614535353847,-0.0103828068945108,0.182229283334066,0.1124489411586457,0.3387486184946092,0.900443320472895,0,0.0,0,0,0
E01002048,822.4088399999999,6.71345284525097,-0.092644456496844,0.0805517727654775,0.0432420935553173,0.1259324365290177,0.9390436481884062,2,0.027777777777777776,0,2,1
E01002049,611.31122,6.4172406826668285,-0.3062026572978654,0.1786356219668272,0.1127190991194305,0.316649977598576,0.8218606526260671,1,0.013888888888888888,0,1,0
E01002051,945.23646,6.852492495534355,-0.1106657692827464,0.1168497563033063,0.0498411900023407,0.2064944622044631,0.7200048870591643,0,0.0,0,0,0
E01002052,176.78361999999998,5.180567192851693,0.4589191012153728,0.0078648123621407,0.0,0.0103570333550748,0.6516929239632435,31,0.4305555555555556,0,31,18
E01002053,1861.12902,7.529475746521351,-0.1604963314150031,0.1194986793553947,0.0699075607342901,0.2059544400109784,0.8708784149318718,0,0.0,0,0,0
E01002055,2313.02405,7.746743300958039,0.0082478390140388,0.1142489936496769,0.0681027246560622,0.1814417575700658,0.7542003345193509,0,0.0,0,0,0
E01002056,1620.87817,7.391340120880281,-0.1320699445288969,0.1639415317685474,0.0919472004487542,0.2977709796400409,0.8377709703602776,0,0.0,0,0,0
E01002058,212.77912,5.364943332456001,-0.368114126987648,0.0077078051643413,0.0,0.0097770467781785,0.8315990807560171,34,0.4722222222222222,1,33,18
E01002060,537.88865,6.289508963296242,-0.4462829435051287,0.0346810441157291,0.0104009259165442,0.0530341664446786,0.7672415275730388,23,0.3194444444444444,0,23,12
E01002061,200.98699,5.308203289386459,-0.5997641439378739,0.0095229546947292,0.0,0.0124935149571784,0.7228971712983396,33,0.4583333333333333,1,32,18
E01002062,628.01386,6.444153291433826,-0.1762099963844747,0.038254490115871,0.010844776578657,0.0595470819355811,0.7149820776686849,18,0.25,0,18,12
E01002064,1172.47292,7.067722938757242,0.247010651640466,0.0354170738544648,0.0148468162488563,0.0526832328259068,0.8001953187983997,18,0.25,0,18,11
E01002066,9811.43173,9.191405404614232,-0.1089154426598655,0.2260669024703084,0.1434024858673709,0.439456697312975,0.9014965865053608,0,0.0,0,0,0
E01002067,3590.39686,8.186296503296562,-0.114087928430285,0.1622321132488958,0.1063117852659886,0.2899922236786558,0.8294693202913306,0,0.0,0,0,0
E01002068,547.38078,6.306969899663335,0.0662573866769674,0.0430590383535205,0.0224492171610409,0.0577504004664392,0.8757536939429174,3,0.041666666666666664,0,3,1
E01002069,3790.68743,8.240566431180005,0.223251820580733,0.115339802627831,0.0760834849419383,0.1798802400856146,0.7627125532651475,0,0.0,0,0,0
E01002070,1307.2858,7.176473009678213,-0.1672910850863675,0.0860483071108092,0.055485518162899,0.1329927470246895,0.9034142596038196,2,0.027777777777777776,0,2,1
E01002071,967.04087,6.875274307459673,0.1737852816913519,0.1322180829854688,0.0996368540245874,0.2156280719995104,0.879228332825023,2,0.027777777777777776,0,2,1
E01002072,22970.72603,10.042019435655016,0.1325378991514618,0.1708428307783879,0.0891079915073977,0.3176491640885086,0.8707067057573896,0,0.0,0,0,0
E01002074,1416.28661,7.256499484587132,-0.3248084439631891,0.132092401833835,0.0837884430750919,0.2301017099132569,0.795720752786567,0,0.0,0,0,0
E01002075,1245.90887,7.12842286361907,-0.2475427998197011,0.1697739257607179,0.1261757210220359,0.3018476748273136,0.7660156803954128,0,0.0,0,0,0
E01002076,131.14031,4.883864312595658,-0.1998746990913778,0.0555025377017943,0.0486876994571692,0.0834538656268728,1.0106809521714055,29,0.4027777777777778,1,28,14
E01002077,8117.27517,9.001872993104248,0.0099536541891064,0.201147933980905,0.1407543253212149,0.3684668827548669,0.8756304069788561,0,0.0,0,0,0
E01002078,248.75935,5.5204978542653365,-0.4024281700366238,0.05651035830412,0.0279429094825983,0.085278943681299,0.8854918308345479,15,0.20833333333333334,1,14,8
E01002081,9149.47044,9.121560571155552,-0.1446306088071256,0.208881220233769,0.1164162676938491,0.3972303102391084,0.9099385674089638,0,0.0,0,0,0
E01002082,1951.57375,7.5769036530875615,-0.430054129391728,0.1397423182188221,0.0719889883741262,0.2361720086190083,0.7923044868188931,0,0.0,0,0,0
E01002083,360.92261,5.891430404440214,0.0978922600609588,0.100126534051164,0.070194798824047,0.1564280775307846,0.8058948213026188,6,0.08333333333333333,0,6,4
E01002084,946.22107,6.853532508392471,-0.3979145063848557,0.0591750403528849,0.0318702689636788,0.0918392234475761,0.9547629680882356,1,0.013888888888888888,0,1,1
E01002085,7712.37343,8.950710910423869,0.6196933373855058,0.0985458713712725,0.04193036850914,0.1720055436646422,0.8107083737307224,1,0.013888888888888888,0,1,0
E01002086,536.77729,6.287444515349253,-0.4481181199003408,0.062298593146517,0.0428666421412873,0.0973755871826991,0.8182707083229673,24,0.3333333333333333,0,24,12
E01002088,2893.29639,7.970497317289423,-0.147587427086929,0.1725379438226168,0.1125474393586064,0.302660578695563,0.8710253566132241,0,0.0,0,0,0
E01002089,642.70009,6.467232918875245,-0.4333778917006219,0.0517737129926339,0.0379463771352513,0.0816769707382139,0.8022022877666874,26,0.3611111111111111,0,26,13
E01002090,729.87136,6.594237466151639,-0.2642215198031609,0.0892427125788303,0.0508891046224912,0.1365939945214097,0.7256264483202783,20,0.2777777777777778,0,20,10
E01002091,2746.63629,7.918496290143025,-0.2079233250063845,0.0810844088861871,0.0514291209630817,0.1222344294165912,0.7260820908654367,12,0.16666666666666666,0,12,6
E01002092,796.93435,6.682026325895171,-0.1469417273831902,0.0767087401866916,0.0483708476112241,0.1089678050683681,0.7396843774238643,18,0.25,0,18,11
E01002096,1134.98478,7.03525520130402,-0.3349369847937519,0.1025960718169277,0.0634584985359891,0.1651686920218891,0.7910178418783366,13,0.18055555555555555,0,13,7
E01002098,2422.8474,7.793111391412152,0.2272376791043463,0.0762741805365042,0.0286519943435149,0.1237489740944222,0.8445021757890326,0,0.0,0,0,0
E01002099,135.01334,4.9127529691610095,-0.2747971422675715,0.0403558640946146,0.0320593505797279,0.0558280858333073,0.682615448652232,32,0.4444444444444444,2,30,16
E01002100,1395.17086,7.241488668383104,-0.1860363396638028,0.0830121480604891,0.0406658651113169,0.1361295934973626,0.7981768738544527,14,0.19444444444444445,0,14,8
E01002102,247.55333,5.515657430157632,-0.4340128650258916,0.0611222236436892,0.032153435382994,0.0929283483662898,0.584311142083365,28,0.3888888888888889,0,28,15
E01002103,1265.40962,7.143941104874021,-0.2066757482055495,0.1396678097010199,0.090895333955182,0.2270377625313356,0.8553702609047567,0,0.0,0,0,0
E01002104,913.88319,6.81879639592395,-0.2649734590259834,0.0884006412241809,0.0549971818608459,0.1353304498143826,0.6083842008041493,17,0.2361111111111111,0,17,8
E01002105,17379.91963,9.76312831053806,-0.2165072146539035,0.1528211267108143,0.0795780895104173,0.2703545306979532,0.9278322433487072,0,0.0,0,0,0
E01002106,213.07593,5.366330765174687,-0.1542522893130162,0.1169836499129676,0.0954880262636891,0.1725893273569427,0.701700697268171,27,0.375,0,27,14
E01002108,265.5965,5.585736279376361,-0.4625722101006601,0.0523329561948293,0.0326103694890557,0.0818221681978319,0.6352481323511598,27,0.375,0,27,14
E01002109,443.3895,6.096701430123608,-0.2022857555264614,0.0722209253940384,0.0542965496476574,0.1048226779159711,0.6726132932854637,7,0.09722222222222222,0,7,4
E01002110,235.38792,5.465474184395507,0.2060067483497029,0.197490465950844,0.1085023394573519,0.3518615935036935,0.9216097216521668,4,0.05555555555555555,0,4,2
E01002111,1151.77945,7.049931218364037,-0.2533326584356059,0.0689148082994535,0.0512920073369949,0.1031063065841715,0.7080998825883856,26,0.3611111111111111,0,26,14
E01002112,3019.77276,8.01326795843171,0.097810194168385,0.09308444785097,0.0597259013621939,0.1407303115960096,0.6963817362657858,1,0.013888888888888888,0,1,1
E01002113,158.31796,5.070901953812687,-0.0349466352396152,0.0648651612236539,0.052855279337859,0.1012789009160479,1.292450326567101,24,0.3333333333333333,0,24,14
E01002114,420.46109,6.043727460013527,0.0561185102764206,0.1318181903585894,0.1119482661285019,0.1847451661675578,0.7346714495109778,1,0.013888888888888888,0,1,0
E01002118,2935.24122,7.984885545760052,0.5310637808500114,0.0916010269166225,0.0576601912124959,0.1423515254623403,0.8112341220140359,7,0.09722222222222222,0,7,4
E01002119,1007.27989,6.916001078739303,-0.7554629825876898,0.0750610934960689,0.0375300453978089,0.1106835579305061,0.9079323173728702,10,0.1388888888888889,0,10,5
E01002121,324.94351,5.786724084143022,-0.3983859533000058,0.0975241204232698,0.0670310356406256,0.1446381518787245,0.6135947982997763,27,0.375,0,27,14
E01002122,813.25938,6.702278963893491,-0.1781491656450369,0.1419730566157134,0.1002728797299577,0.2535119613064698,0.8214704650004724,2,0.027777777777777776,0,2,1
E01002123,931.28501,6.837638572657887,-0.0973630725571326,0.0943709702790126,0.0656422677736432,0.1469016551048368,0.8553826381145205,0,0.0,0,0,0
E01002125,1125.93203,7.027254201662015,-0.2083111802050786,0.11010645109723,0.0725460132793273,0.17478532954241,0.8086842953750909,16,0.2222222222222222,0,16,10
E01002129,30594.84332,10.328619439497803,0.1262179099794782,0.1057885205081024,0.0618841194967753,0.1742891815846562,0.8177017521260904,0,0.0,0,0,0
E01002130,9879.84053,9.198352861009976,-0.0076447134719086,0.0770638956861786,0.0452182258047033,0.1226900695346213,0.8882476846844508,0,0.0,0,0,0
E01002132,735.68174,6.602155967172816,-0.3100628812671087,0.0397384608186686,0.0245762522255887,0.0543099140468811,0.7301577831474801,22,0.3055555555555556,0,22,12
E01002133,1978.94733,7.590825522324667,-0.163568855569289,0.1234700117056677,0.0879602490481644,0.1973136489225689,0.7247195923985108,0,0.0,0,0,0
E01002135,1783.11936,7.486680216731456,-0.1509436586454875,0.0742668847474125,0.0477684230852611,0.1101455460185857,0.5827192667604288,26,0.3611111111111111,0,26,14
E01002136,2130.30672,7.66449055416743,-0.2619136459373324,0.1303776293772382,0.082246109611859,0.225388599165202,0.7679188544491956,0,0.0,0,0,0
E01002137,82.66472999999999,4.42681750278541,-0.0436494500133248,0.0647734529587165,0.0528413992279415,0.0930784942591675,0.8015886786843905,32,0.4444444444444444,2,30,14
E01002139,120.01048,4.795877153416424,-0.3004455944180875,0.0495830030843973,0.0198282683312324,0.0764504074092584,0.7916182800547857,28,0.3888888888888889,0,28,16
E01002141,259.76796,5.563630969744743,-0.1533390030086851,0.0883041542151695,0.0816118354241993,0.140174381783201,0.8321966724822839,31,0.4305555555555556,0,31,16
E01002142,5095.66438,8.536341561595643,-0.2618404785913313,0.0868882459641111,0.0486985408564133,0.1343523644335697,0.7306621359731648,0,0.0,0,0,0
E01002144,536.16596,6.286307097041994,-0.3277199843123199,0.1011023340608941,0.0583994925750228,0.1596031458121951,0.7443615725105724,21,0.2916666666666667,0,21,11
E01002145,185.63226,5.229140156643232,0.0320026271295732,0.0548486022849692,0.0391352235866761,0.0751777555234958,0.8647949678402549,29,0.4027777777777778,0,29,14
E01002148,223.18588,5.412475529172164,-0.4833435699426863,0.1583142266885342,0.1075122673531139,0.3084503533165735,0.8023607832958629,20,0.2777777777777778,0,20,10
E01002150,794.65361,6.679163927816767,0.0426126170873369,0.04177442798001,0.0237648451631648,0.0595140505182608,0.7196325086599423,26,0.3611111111111111,0,26,14
E01002151,1077.35799,6.98319478353871,-0.267644453075435,0.0446011079381329,0.0196823341886571,0.064615130899692,0.7657576048516758,26,0.3611111111111111,0,26,14
E01002152,784.9098,6.666842027574252,0.1270331954066569,0.0432992300516568,0.0191359822491705,0.0732568445086697,0.7837603998177604,26,0.3611111111111111,0,26,14
E01002153,256.39714,5.550620183989186,-0.2519170065625536,0.049817209349527,0.0285964188212083,0.0698590637543623,0.7717638976724577,21,0.2916666666666667,0,21,10
E01002155,183.98115,5.220253927995102,-0.2135232332225339,0.0554268195410236,0.0166021355992176,0.0821045285271145,0.7592349363986981,23,0.3194444444444444,0,23,14
E01002157,607.29811,6.41066507430227,0.1105043616881995,0.0767251852636261,0.0338670904146235,0.1228416432080601,0.7499542251465803,16,0.2222222222222222,0,16,10
E01002159,435.7554,6.079373312990393,-0.7323678375529024,0.074797764984668,0.0094596188595712,0.1248137713307816,0.87678857073961,24,0.3333333333333333,0,24,14
E01002160,885.41278,6.787182733759119,-0.0911754176396686,0.0762643611265696,0.0382484878973624,0.1157882376309989,0.8461918084909086,21,0.2916666666666667,0,21,14
E01002161,1711.84054,7.445908405841703,-0.0790314733403848,0.0650476942203974,0.0306447351690829,0.0987811626922838,0.8032842945719411,16,0.2222222222222222,0,16,10
E01002163,262.11049,5.572574058022998,-0.2408305367709625,0.0588489609858804,0.0238906882360946,0.0902465529463278,0.694932240343091,17,0.2361111111111111,0,17,10
E01002166,393.92445,5.9786944807846965,-0.2239032636841912,0.0801669457176369,0.0469224999869898,0.1162892871539741,0.8243884220066007,21,0.2916666666666667,0,21,14
E01002172,252.49793,5.535355657317425,-0.2347598255557975,0.1090671119561257,0.0723826131960765,0.1739666065620496,0.5780163636113682,19,0.2638888888888889,0,19,12
E01002174,2039.31086,7.620857457582192,-0.2878346070299453,0.0843823486528189,0.0506002895507554,0.1305749473365484,0.7536300150512258,17,0.2361111111111111,0,17,11
E01002175,1670.08632,7.421229184951187,0.2393281923296036,0.0710826432013406,0.0438431948834836,0.1074667186863081,0.880421079735679,20,0.2777777777777778,0,20,13
E01002176,1750.86667,7.46843716700229,0.0565256462389566,0.0495840896897077,0.0246829645800499,0.0728019610168158,0.8455097611755785,16,0.2222222222222222,0,16,10
E01002177,125.69793,4.841805749387789,0.0008422573068625,0.1115405798647599,0.1115405798647599,0.1723183846901299,0.8432793569080429,32,0.4444444444444444,0,32,14
E01002179,7605.08753,8.936704196441973,-0.0336030622911186,0.122790714283863,0.0697528145346671,0.2066442116923753,0.7655637597645691,0,0.0,0,0,0
E01002181,832.29821,6.72539157329993,-0.0431657182105438,0.066994629244727,0.0404276010638062,0.1055037810079491,0.7839864682993041,17,0.2361111111111111,0,17,10
E01002184,338.8874,5.828614386288581,-0.3287945199496941,0.073409899571362,0.0387159864899078,0.1146418044120455,0.7481069612559054,27,0.375,0,27,14
E01002185,160.6293,5.085305441533171,-0.4058686677959749,0.0369255173246723,0.0215768854125617,0.0526119851459657,0.8627670697436395,30,0.4166666666666667,1,29,14
E01002186,965.86617,6.874060088771085,-0.1931023942996161,0.0297844058457912,0.0127589311881582,0.0431787982813344,0.6716668797632857,26,0.3611111111111111,0,26,14
E01002187,122.48697,4.816135644429,-0.2198370161332263,0.0502030542514032,0.03149641141421,0.0706511623418074,0.6148390947672169,31,0.4305555555555556,2,29,14
E01002189,1086.6682,6.99179141766985,0.0825279878439434,0.0489989216579633,0.0149457948617618,0.0736770989203919,0.6921517411892832,23,0.3194444444444444,0,23,14
E01002191,288.71158,5.6688858763616565,-0.3377315866582144,0.0300282725064231,0.0087397949192062,0.0415028817888513,0.5601661078159272,27,0.375,0,27,14
E01002192,1262.6225,7.141737875037206,0.1167818251298389,0.0399938619817087,0.0219285178269831,0.0584000557896572,0.7372409231240244,24,0.3333333333333333,0,24,14
E01002193,946.43744,6.85376090839152,-0.0266223829860323,0.0486615998623215,0.0229761620588467,0.0686271405413241,0.87777328501962,24,0.3333333333333333,0,24,14
E01002195,291.40903,5.678153609751715,-0.1525675782936445,0.0231991781448913,0.0122406639217734,0.0312366583066422,0.7762320403497556,28,0.3888888888888889,0,28,16
E01002198,206.49841,5.335123676990793,-0.31773576367973,0.1142327923977719,0.0888918224600373,0.1831541071698385,1.1158170220630752,22,0.3055555555555556,0,22,13
E01002199,441.64272,6.092762943519465,-0.3701811726909027,0.0742501767039203,0.0535219283134566,0.1144755413981075,0.7467443247003134,21,0.2916666666666667,0,21,13
E01002200,334.92887,5.816899441123781,-0.3957955311526295,0.0613488469954829,0.0444446607424436,0.0882715534130858,0.602168026745657,27,0.375,0,27,14
E01002201,539.45485,6.292411099825091,-0.1699855511540956,0.1119873702127249,0.0865194742433032,0.179787577202739,0.8409157966141465,22,0.3055555555555556,0,22,13
E01002202,2885.021,7.967634015814619,-0.1933668628408597,0.1269680082051395,0.0796925568306088,0.2109655777126445,0.7830479047642233,0,0.0,0,0,0
E01002203,440.26298,6.089641024245447,-0.2679504872292464,0.1877093776996648,0.1378345960407572,0.3188071903613022,0.6896336609194665,3,0.041666666666666664,0,3,0
E01002204,1148.20798,7.046828271042042,-0.095689040586532,0.0776145102213973,0.0391267791049492,0.1225552528737622,0.8413816373162908,16,0.2222222222222222,0,16,10
E01002207,227.54288,5.431723851371904,-0.2683635717364569,0.0710847994892215,0.0396492300703937,0.106213955436977,0.7359068266014361,19,0.2638888888888889,0,19,12
E01002209,2923.16179,7.980763151076271,0.1208384603303124,0.0659436028000352,0.022880505700644,0.1005573749991379,0.7075160321205114,16,0.2222222222222222,0,16,10
E01002211,223.06728,5.4119463638997205,-0.4211233489734577,0.0326923339003371,0.0029092567946316,0.0485628277367737,0.8165308884800284,29,0.4027777777777778,0,29,16
E01002212,2419.5363,7.791744406168763,-0.3343647375738896,0.1028211769337785,0.0524755879876652,0.1680763425984153,0.7779758151340406,14,0.19444444444444445,0,14,8
E01002214,841.27592,6.736107656523728,-0.234879300955149,0.113730712748797,0.0662704454918904,0.1875130229748401,0.7643120523872091,16,0.2222222222222222,0,16,10
E01002216,549.89228,6.311539290947917,-0.3777823903983521,0.1127533559845575,0.0728128061736018,0.1872809570176457,0.7257689450833982,16,0.2222222222222222,0,16,10
E01002217,188.05719,5.2420495618803296,-0.2507654719290445,0.0335540481063234,0.0126532785053312,0.048146655753563,0.7707181644733623,31,0.4305555555555556,0,31,16
E01002218,695.29532,6.5457738806850685,-0.2794072308727751,0.0889925017760798,0.0454165720545911,0.13765444617396,0.7404194126570086,18,0.25,0,18,11
E01002219,11241.32214,9.327440698195058,-0.0100507679250619,0.1040148877007451,0.0558349269047813,0.1737289425906592,0.8108648457311617,0,0.0,0,0,0
E01002221,2641.63717,7.879532625574074,-0.1043150638283909,0.1112629862033626,0.0809097110031958,0.1770937541062484,0.8161206266172584,0,0.0,0,0,0
E01002225,566.27604,6.340846028291641,-0.1174652206722361,0.0557789625003381,0.0399973482897139,0.0738819815767359,0.6789962313830221,19,0.2638888888888889,0,19,11
E01002226,2819.22466,7.944571827425605,0.0195051287611821,0.0595806756315759,0.0402427346815276,0.0867544111887888,0.7129960217331257,15,0.20833333333333334,0,15,8
E01002227,776.45186,6.656021725737776,-0.2226531082042871,0.060472635096785,0.0390929194245216,0.0861879875461038,0.7821646103533461,22,0.3055555555555556,0,22,10
E01002228,556.03613,6.322630103173708,-0.2970832309044378,0.0837807787778107,0.0625221602056686,0.1299242785117463,0.647671183849105,20,0.2777777777777778,0,20,8
E01002232,1897.07688,7.54859648414511,-0.0223850284865629,0.1274704270287665,0.0880469114145758,0.2046926769539392,0.7877251384496183,0,0.0,0,0,0
E01002233,2854.83563,7.957119769282257,-0.1351301510833392,0.1439013040481073,0.0945162401521519,0.2474032061005491,0.8364584276827439,0,0.0,0,0,0
E01002235,255.09181,5.545536012998687,-0.1978914571973125,0.0980736700249216,0.0625822522487099,0.1506601327467949,0.6616181482365241,28,0.3888888888888889,1,27,14
E01002240,889.9542,6.792293023231564,-0.282344799316639,0.1476004270781575,0.1074929586264102,0.2538350786840198,0.7441090501764657,1,0.013888888888888888,0,1,0
E01002242,188.95917,5.246809154330462,-0.2037541231790974,0.0749071876215374,0.0469054769874359,0.1100224733634055,0.7238056767320203,21,0.2916666666666667,0,21,14
E01002243,838.31266,6.7325832949735895,-0.1295293095060738,0.0990471025452484,0.0829017660308267,0.160947671117063,0.6499209223546106,5,0.06944444444444445,0,5,1
E01002244,119.17771,4.788971563973031,-0.2817888512877114,0.1362961245018049,0.1161219660958412,0.2053830247638661,0.6119871306336601,22,0.3055555555555556,3,19,8
E01002245,396.63101,5.985524464698873,-0.2151224383590178,0.1440354096367805,0.1041489166467342,0.2271220734665071,0.4334423613576981,7,0.09722222222222222,0,7,4
E01002246,864.9974,6.763881906248459,-0.1849174113124501,0.1203903503062552,0.0814020134626994,0.1940490526199042,0.7209291657395576,0,0.0,0,0,0
E01002247,298.8797,5.703381394234201,-0.1020160285225125,0.118272067323408,0.0880540230734974,0.1989654103953712,0.7999997825212314,4,0.05555555555555555,0,4,2
E01002248,2024.7228,7.613681854124934,-0.1172972912637719,0.1353958872789895,0.0885296347727204,0.2286991333248385,0.7174631276439704,0,0.0,0,0,0
E01002250,126.64554,4.849257203789988,-0.1601209170097896,0.1522197307540399,0.0980822538243352,0.2388508713284543,0.4109137423136024,9,0.125,2,7,4
E01002251,544.56929,6.301829818288208,-0.2027451639808773,0.1668862744720694,0.126673742472698,0.2703625710563005,0.6905760916128039,1,0.013888888888888888,0,1,0
E01002253,302.07466,5.713979177797488,-0.3587809053563115,0.0949947274624094,0.0660638002538842,0.1328152879095529,0.5907351875774158,26,0.3611111111111111,2,24,13
E01002254,332.48054,5.809584512828615,-0.1751783126916239,0.0864657221742962,0.067990746165174,0.1371556702403678,0.6904074539550299,22,0.3055555555555556,0,22,11
E01002258,859.83324,6.757900803903606,-0.5143665299564366,0.1041404726339726,0.080159927290087,0.1581580945440679,0.6015934847223167,21,0.2916666666666667,0,21,11
E01002259,137.49205,4.930812923257888,-0.1439333401458485,0.221415565481786,0.2014401559944738,0.3763875970506565,0.7026584399489728,27,0.375,3,24,11
E01002260,145.92919,4.9899507700434205,-0.1718864471186333,0.1183036101276242,0.0793595167628902,0.178373936665497,0.8009290287703661,23,0.3194444444444444,1,22,11
E01002261,2647.73425,7.881837163363792,0.1300096601462174,0.1215496192640934,0.0785425954285253,0.1912784456334538,0.6355214423104971,1,0.013888888888888888,0,1,1
E01002262,253.24374,5.538293413189962,0.0544145336030813,0.0660851873377008,0.0406528903735192,0.0944518992125386,0.9321649406178352,11,0.1527777777777778,0,11,7
E01002263,302.63072,5.715812226173291,-0.3453596515251326,0.0885739887873907,0.0784362869704701,0.1281031251469554,0.6865652728148715,16,0.2222222222222222,0,16,8
E01002265,352.4109,5.867631402647078,-0.262680581105749,0.0850632032096623,0.0611596292850192,0.1176960530016219,0.70820466271665,15,0.20833333333333334,0,15,8
E01002266,610.86876,6.416517815071384,-0.2646162164193828,0.1212850694803905,0.0799629858302133,0.18702694540195,0.7296913604701385,2,0.027777777777777776,0,2,0
E01002269,197.05164,5.288527804770828,-0.4368067172645708,0.0771995604806943,0.0544784098219126,0.1155503626942847,0.5868462636902605,34,0.4722222222222222,3,31,16
E01002272,194.49857,5.275553064820664,-0.3639428814309535,0.0579026879220757,0.0339216889872249,0.0856479154197565,0.719160925285383,24,0.3333333333333333,0,24,14
E01002273,160.14571,5.082308986746688,-0.0065402313930232,0.0491492404011321,0.0440116691230754,0.0794785041072436,0.6463243697409217,33,0.4583333333333333,1,32,16
E01002274,506.93826,6.230359904759382,-0.0906182934387316,0.0714123846166197,0.0441608412038183,0.1133197956856949,0.6973211035193861,22,0.3055555555555556,0,22,14
E01002276,350.56733,5.862401243405132,-0.470716509721542,0.0822313362742615,0.0535007640329747,0.1216810782500521,0.6371800134281491,26,0.3611111111111111,0,26,14
E01002277,639.52653,6.462290541244,-0.4631512784934818,0.1595852325313228,0.1080589573039292,0.2601378290434551,0.740821272029048,2,0.027777777777777776,0,2,1
E01002278,417.69454,6.037141632577043,-0.1829869262834989,0.1914954406634092,0.1487849470093624,0.3201134864353798,0.6396570419638831,0,0.0,0,0,0
E01002279,543.58136,6.30001735269834,-0.265939656208962,0.1526639728779515,0.1262487551081589,0.2406509387224261,0.5918862636520091,5,0.06944444444444445,0,5,2
E01002281,826.33521,6.71820994542586,-0.2130111701279194,0.1035244280586809,0.082625657449596,0.1572888776845682,0.5992555976836879,2,0.027777777777777776,0,2,0
E01002282,2074.07984,7.637754909033007,-0.2538592342713287,0.117005375260771,0.0848564248134247,0.1776590040409988,0.6215392316030278,2,0.027777777777777776,0,2,1
E01002283,198.02535,5.293432203546139,-0.1640392505302982,0.1073848373453196,0.0734933179009657,0.1712510278925607,0.7439228328864159,19,0.2638888888888889,0,19,12
E01002285,89.69236,4.507473119835634,0.0392628759015818,0.1230395766149982,0.106768068094094,0.1681160634580171,0.7804670033948828,23,0.3194444444444444,3,20,10
E01002288,259.4551,5.562430485493055,-0.3114944358388021,0.1298667861992306,0.1118413166671227,0.1981107436622918,0.741727681382721,20,0.2777777777777778,2,18,8
E01002291,1211.68337,7.100590844366773,0.1013068207744734,0.0770779085628615,0.0631449369483382,0.1105395327935691,0.5978979310777753,13,0.18055555555555555,0,13,7
E01002292,192.07033,5.263054526670898,-0.2567908848805538,0.0991758071119053,0.0897648272900869,0.1448663619479064,0.6465517725109565,28,0.3888888888888889,1,27,14
E01002294,225.29122,5.421822753831149,0.2089159089288965,0.025103064380405,0.0225080675580699,0.0364658360154792,0.999456367646687,25,0.3472222222222222,0,25,12
E01002295,304.06817,5.720535259829897,-0.1718949076452165,0.0699475384089035,0.0628988229843327,0.0987822083511777,0.7032666192432644,29,0.4027777777777778,1,28,13
E01002296,135.22919,4.914338687933382,-0.3486373762942749,0.061073352580164,0.059399453623881,0.0888498394788101,0.6286985276000703,32,0.4444444444444444,2,30,14
E01002299,501.57692,6.219748702845371,-0.2611028035341021,0.1032220740938398,0.0921920410532446,0.1542301805268892,0.6846930240241575,27,0.375,0,27,14
E01002300,324.00718,5.783847274393398,-0.2887774277100897,0.0415913622654905,0.0300378528648655,0.0612333689803609,0.6530933856114359,26,0.3611111111111111,0,26,14
E01002301,319.31587,5.769307602687093,-0.3621102515199135,0.2072383687036914,0.1567122548591148,0.3577083723094708,0.7004903908020463,1,0.013888888888888888,0,1,0
E01002302,405.90182,6.008571927841092,-0.4776839384460015,0.1066128750050936,0.0563861477635158,0.1748961277444851,0.8129274677297526,2,0.027777777777777776,0,2,0
E01002303,761.7769,6.636965590100441,-0.4496950485109224,0.1096287508849375,0.0851353985661681,0.1710722571658637,0.5689037544635942,18,0.25,0,18,8
E01002304,400.7125,5.995736658630654,-0.2176522569173659,0.0691401441182893,0.0542036747044327,0.0902530326362663,0.7038152814340403,20,0.2777777777777778,0,20,8
E01002306,560.10958,6.329916216216592,-0.5076500566192779,0.157082440903796,0.1065319754038129,0.2531660801791465,0.6379296697947515,18,0.25,0,18,9
E01002307,294.23756,5.687780320404891,-0.550773735345005,0.1415595616004972,0.090586259619608,0.2210558315353457,0.5860509069176081,6,0.08333333333333333,1,5,2
E01002308,185.86232,5.230372089000033,-0.4533333060730115,0.0945924919047604,0.078712888120626,0.1412604082167866,0.7348771297311727,29,0.4027777777777778,2,27,14
E01002310,1726.66148,7.454524027394767,-0.2494149808681664,0.1485136217899527,0.1084896733782466,0.2524273265799403,0.6545781304609982,1,0.013888888888888888,0,1,1
E01002312,97.12769,4.586269589739554,-0.2086468853526733,0.1002927177615363,0.0904222060670855,0.1452997228160032,0.6144743750854837,28,0.3888888888888889,1,27,14
E01002313,373.84158,5.926503483378529,-0.260201286330964,0.1533824835642948,0.141693227382572,0.2506922364156883,0.5611075470416019,27,0.375,0,27,14
E01002314,909.48436,6.813976721645061,-0.3336827474416382,0.1660914322924695,0.1312575622520875,0.2658000452814038,0.5690839216746146,2,0.027777777777777776,0,2,1
E01002315,525.15067,6.265587616587132,-0.3359848898221914,0.1666012917778434,0.1332644210470111,0.2784144399225881,0.7085029853195898,4,0.05555555555555555,0,4,1
E01002316,768.8473399999999,6.64619223545141,-0.2376225948834004,0.1456007898785212,0.1082838759642453,0.2406083361016941,0.7932705761179122,1,0.013888888888888888,0,1,1
E01002319,1517.16226,7.3252558428887635,-0.168299651745885,0.1144795481532739,0.0772049984950192,0.1807293687637048,0.7585497237724886,0,0.0,0,0,0
E01002321,813.85442,6.703009471518509,-0.1346259691014517,0.1123640269718016,0.0759896591825353,0.1782369869625262,0.7187448270826345,2,0.027777777777777776,0,2,1
E01002322,311.57939,5.744858484911728,-0.3207188062085878,0.081605911097008,0.0588782204111767,0.1118456722985565,0.670930963717379,17,0.2361111111111111,0,17,7
E01002325,872.94648,6.773019138082613,-0.2367674591001271,0.1279473284547753,0.1026860890715774,0.197142517190748,0.6181241905591025,17,0.2361111111111111,0,17,7
E01002326,1895.86134,7.547955872903977,-0.1277554612722889,0.1178643317870493,0.0865805882196004,0.1862735232036857,0.7138788229318891,0,0.0,0,0,0
E01002328,660.42094,6.494390460161429,-0.3683795671288072,0.1133225575797157,0.0839366631833327,0.1722545456520662,0.6241180319189696,8,0.1111111111111111,1,7,2
E01002329,1190.16473,7.082686872133599,-0.2822899230092291,0.1316591107518368,0.0916062938615228,0.2046524064513349,0.6438829732481267,13,0.18055555555555555,0,13,7
E01002331,143.14753,4.970837289008713,-0.4165806423624634,0.0682510553971836,0.0449504088544175,0.0959289946522121,0.5406088717380729,31,0.4305555555555556,2,29,14
E01002335,414.91901,6.030490553807192,-0.2875648189751536,0.1342782534837341,0.0935793469670141,0.2000854503703897,0.6975006601969768,8,0.1111111111111111,0,8,5
E01002336,496.64425,6.209885464320086,-0.3760003463243559,0.0779554983270218,0.06269298396186,0.1108390468451474,0.5974839317785572,28,0.3888888888888889,0,28,13
E01002337,423.92913,6.051922402078423,-0.1092771095961251,0.1199609000683675,0.0915486274793147,0.1750256051281911,0.6512381572374095,1,0.013888888888888888,0,1,1
E01002338,432.96619,6.0729666278399845,-0.3134839466333387,0.1194225812412742,0.0936881237770552,0.1842465687038884,0.6564385886629506,6,0.08333333333333333,0,6,2
E01002341,210.08974,5.352283351115103,0.2000629826092411,0.1638803018176899,0.149712165858266,0.2474275264728481,0.6704984115321286,24,0.3333333333333333,0,24,11
E01002342,240.98378,5.488870699117036,-0.3083089658565401,0.1240976467378841,0.0907807571115367,0.2018447227212663,0.7326542366517835,21,0.2916666666666667,0,21,11
E01002344,609.85518,6.4148599098010175,-0.3121287581750146,0.1323535203882337,0.1017112948028087,0.206675680017477,0.6153704033449452,16,0.2222222222222222,0,16,9
E01002345,3708.74805,8.218719242244209,0.0422552052302393,0.0902042968381203,0.0713142538760485,0.1496740856892022,0.6786200545481696,15,0.20833333333333334,0,15,8
E01002346,148.45721,5.007010131125983,-0.3714191449509256,0.0306814333908066,0.0162731065739414,0.0435066209652038,0.7938074385129248,31,0.4305555555555556,3,28,14
E01002348,200.98238,5.308180465873873,-0.2379332954460983,0.1292782979284054,0.094084167975322,0.2099308284906597,0.7486863103278643,24,0.3333333333333333,1,23,11
E01002349,229.49325,5.440221577843055,-0.4924606279269652,0.1174135186982623,0.0787505950610747,0.1852575840276582,0.576746104246164,24,0.3333333333333333,1,23,11
E01002350,1091.1564,6.995909369492575,-0.0341291495884549,0.1689185528307399,0.1214911171304131,0.2802240770217061,0.7510732922511165,0,0.0,0,0,0
E01002352,442.07039,6.093728651328028,-0.3314517174516031,0.0547902789870183,0.0379791553105377,0.0760125225731787,0.5665829508239755,25,0.3472222222222222,1,24,14
E01002353,3904.79114,8.270215638424787,-0.0588759838253474,0.1350739978374362,0.0945317884530951,0.210072008791296,0.7958895602763416,0,0.0,0,0,0
E01002356,23564.58723,10.067542758631472,0.1897783435097326,0.121699336042221,0.0808277633471621,0.201898921138158,0.7972608244070306,0,0.0,0,0,0
E01002358,381.86251,5.947675943008045,-0.2057084629753258,0.0780751689921066,0.0563743741170087,0.1162110872483367,0.6363504102392635,22,0.3055555555555556,0,22,14
E01002360,284.82899,5.6553936949212575,-0.2451632117924513,0.0583818030601449,0.0377090126956529,0.0809779809127849,0.7778291658867976,26,0.3611111111111111,0,26,14
E01002361,4510.68831,8.41442671056125,0.0252043462519803,0.0654854558106232,0.0377604299597459,0.0996939642869019,0.8394737606218686,0,0.0,0,0,0
E01002362,350.46151,5.86210020312121,-0.093177907040348,0.0475782062344021,0.0288142911899226,0.0691819194553182,0.6775412871828916,26,0.3611111111111111,0,26,14
E01002363,164.21823,5.107267206088233,-0.1960417549257472,0.1421516356618872,0.0837361966451593,0.2184591761381263,0.6658127787576996,7,0.09722222222222222,0,7,3
E01002365,392.25266,5.974452306060456,0.200887662559127,0.0773612854531056,0.0410018124542482,0.1138272366176473,0.7431853777923626,0,0.0,0,0,0
E01002366,331.34971,5.806187757913117,-0.2364659078772092,0.1449827434585652,0.1052141255835111,0.2205546104852803,0.713216051651451,2,0.027777777777777776,0,2,1
E01002367,202.98423,5.318042686934546,-0.1311444243722775,0.0927824294527707,0.0628616321573355,0.1482153710478021,0.7623615632160805,23,0.3194444444444444,1,22,14
E01002368,2816.72133,7.943683798285578,-0.2192556939951173,0.1568151365545274,0.1263493893448096,0.3103689206488914,0.7026621941025807,0,0.0,0,0,0
E01002370,1566.52835,7.357255358467926,-0.1074359043677696,0.1147930645493903,0.0918030050333911,0.1678540977011701,0.6437576436527762,0,0.0,0,0,0
E01002371,598.64761,6.396342166011487,-0.210342224535065,0.1346838585056741,0.1008431487766233,0.2139425061904898,0.6963815673246655,2,0.027777777777777776,0,2,0
E01002372,466.65825,6.147737794123434,-0.3466045869755865,0.1194266896599385,0.0914769427091452,0.1990549902159142,0.6506842535817173,4,0.05555555555555555,0,4,2
E01002373,487.18237,6.190689045057718,-0.355533575650531,0.1591718518057211,0.1056141460948186,0.2609901952469228,0.6364697378555579,1,0.013888888888888888,0,1,0
E01002374,437.06281,6.082362301921871,-0.2757063910333619,0.1134074985698279,0.0623957000596779,0.2026731849811622,0.7787911513347403,6,0.08333333333333333,0,6,2
E01002375,511.12721,6.238573051210421,-0.2209856329112277,0.1264954765370444,0.1211418973370641,0.189839944083269,0.6315149020172657,27,0.375,2,25,12
E01002377,415.65485,6.0322581812260845,-0.1127375032433761,0.0718423470819599,0.0621286146426536,0.1027835482824823,0.6568420431543108,26,0.3611111111111111,0,26,14
E01002379,1670.20795,7.421301967291836,0.0398016127273253,0.0644321624741398,0.0477450128290911,0.0952346510731261,0.7482280544698362,5,0.06944444444444445,0,5,3
E01002380,178.46908,5.1900029368231095,0.0562528814515097,0.0681078761654399,0.0483042776933685,0.098605473781489,0.711517999759691,28,0.3888888888888889,1,27,14
E01002382,132.04912,4.890718383346958,-0.3757553249881559,0.0218043103960102,0.003285444083232,0.0310022329653215,0.7110600555889899,28,0.3888888888888889,0,28,16
E01002384,200.78796,5.307217443106893,-0.2590925272610967,0.0403300576389142,0.0301542980963599,0.0621325172570291,0.8120729054420964,25,0.3472222222222222,0,25,13
E01002385,93.68799,4.55058717060779,-0.069315928327633,0.0543299093085463,0.0368719619238282,0.0774495803849457,0.6238218150621504,32,0.4444444444444444,1,31,16
E01002386,3190.4646,8.068235212671569,0.2171811089833123,0.080934961635368,0.0633791172608528,0.1250945263266074,0.6553567710680188,23,0.3194444444444444,0,23,13
E01002393,2439.55788,7.799981931497518,-0.1877018716194592,0.168688192796639,0.1229815666435428,0.2877887071037859,0.8196651329234503,0,0.0,0,0,0
E01002396,11498.6892,9.350075287899172,-0.0555271326056886,0.139988358847024,0.0960754978924032,0.2340356500522786,0.7959795782991852,0,0.0,0,0,0
E01002400,1000.9654,6.909718750110479,-0.1145422609013259,0.1552218987789188,0.1254923896470347,0.2733476258793686,0.8050323866519332,10,0.1388888888888889,0,10,2
E01002401,2990.752,8.003614447958459,-0.3814946809364334,0.1387286575416484,0.0937522302083222,0.2359436146961472,0.8166492396118546,0,0.0,0,0,0
E01002402,364.00108,5.899900312482224,-0.3363631778235383,0.0801463281372681,0.0549453864257765,0.1332209693034677,0.8217546516910857,25,0.3472222222222222,0,25,12
E01002403,574.44982,6.355152030615772,-0.4235424427498297,0.0767029920907625,0.0609473252163261,0.1207541554269872,0.7472895301122646,25,0.3472222222222222,0,25,13
E01002404,622.2931600000001,6.435016969905723,-0.4629991433619485,0.0584193951288167,0.0480376162257672,0.091103262973247,0.7882398740189821,24,0.3333333333333333,0,24,12
E01002405,928.69115,6.834852434216763,-0.0122509727803479,0.2085286911585191,0.193744884938335,0.3764329561307962,0.7314346561289048,9,0.125,0,9,0
E01002408,415.69733,6.032360130920479,-0.2469496015285929,0.1364558680230156,0.122348296054728,0.234323570722155,0.7449167718229293,13,0.18055555555555555,0,13,4
E01002409,477.28797,6.170212998791437,-0.4820824836628504,0.1238217673912879,0.0557775633858946,0.2155977587239937,0.7339523847319039,1,0.013888888888888888,0,1,1
E01002410,2734.51984,7.914076766265004,-0.2132977905181335,0.1252529987129294,0.0820056218718091,0.2109351172600106,0.7951805943237258,0,0.0,0,0,0
E01002411,344.94779,5.846287867718027,-0.3937351504701624,0.0748621117416058,0.0586442661366231,0.1203495402617101,0.8217281701754602,15,0.20833333333333334,0,15,2
E01002412,3221.20004,8.077819647470765,-0.0572931074469997,0.0637537555724108,0.044776958341277,0.0950372814408761,0.725838361622373,6,0.08333333333333333,0,6,0
E01002413,272.44256,5.6110915815235725,-0.2590418325242575,0.1185485116569158,0.0775449327740863,0.1965211651592259,0.7098353664184938,3,0.041666666666666664,1,2,0
E01002414,1622.98707,7.392639558867268,-0.1213199868560875,0.0644635757942298,0.0363755393319307,0.1025820623260088,0.6708662648406317,2,0.027777777777777776,0,2,1
E01002417,1266.46167,7.144771494376918,0.2315998635789743,0.0588700011742163,0.0391165648147882,0.0901625455953231,0.74835918844123,24,0.3333333333333333,0,24,12
E01002421,222.43623,5.4091260489560895,-0.0073389573272303,0.0586497981915985,0.0366089193293736,0.0932942921800531,0.7994230776870017,25,0.3472222222222222,0,25,13
E01002422,240.65272,5.487501654176431,0.0609532275388368,0.1321766901284141,0.0904136882392187,0.2088627538787475,0.7634800483188371,22,0.3055555555555556,0,22,13
E01002423,407.34327,6.012108168708512,0.5704834892693821,0.239368849766439,0.2029811613188061,0.451362580442914,0.9320442554160888,2,0.027777777777777776,0,2,1
E01002424,1813.87399,7.50377131729154,-0.3048745243874409,0.1536096837686062,0.1045538339738804,0.2675453820224891,0.8084239168462064,13,0.18055555555555555,0,13,7
E01002425,274.22736,5.617597519722138,-0.5742318344894545,0.1178211028979748,0.0626944736659391,0.1966908103159007,0.7040938266973396,23,0.3194444444444444,0,23,13
E01002426,1209.41021,7.098714597666594,-0.1061901155936165,0.1406256525649804,0.0890387803159029,0.2367301784769169,0.7594968478582101,2,0.027777777777777776,0,2,0
E01002428,112.95882,4.735837155065744,-0.3117298852803172,0.1608941205299418,0.097193118695822,0.2834462190322029,0.8663862094192605,26,0.3611111111111111,1,25,15
E01002429,356.58292,5.879367279295143,-0.4204226046497124,0.1006867911676756,0.0693383463234862,0.1646560313213068,0.8381924379874214,22,0.3055555555555556,0,22,12
E01002432,183.30369,5.21658488617909,0.3426594958344811,0.0334180943111401,0.0127180200245832,0.0560060240446127,0.8880104811233618,24,0.3333333333333333,0,24,12
E01002433,230.98861,5.446688275633533,-0.0338779041962285,0.037050484870228,0.0128536207910857,0.0503750623710896,0.6910061198046241,25,0.3472222222222222,0,25,13
E01002436,259.32641,5.561936266707831,-0.069523077113511,0.0458556843477685,0.0351124283870663,0.0608949178233361,0.8309291628769244,26,0.3611111111111111,0,26,13
E01002437,259.65012,5.563178971601502,0.0286842925395143,0.0368395362189703,0.0247079030812695,0.046654792656557,0.9682051874184404,25,0.3472222222222222,1,24,12
E01002439,677.73291,6.5202276922939575,-0.0885172154322563,0.0111294580633541,0.0107847499983437,0.0139162133553214,0.787986066176426,30,0.4166666666666667,0,30,14
E01002441,277.10033,5.627981947862732,-0.5113324477094632,0.0046628598385285,0.0015044370391042,0.0065555325776604,0.8460333934408663,30,0.4166666666666667,0,30,14
E01002443,18923.58793,9.848217304224477,-0.0619894110112341,0.271363684783005,0.2136317724183291,0.6434961616971715,0.8838135228406452,0,0.0,0,0,0
E01002444,45505.59458,10.725612530261037,0.0483662890313563,0.3263664915726061,0.2877408905619446,0.8849675739214353,0.9221922427340964,0,0.0,0,0,0
E01002445,554.69102,6.320212420356852,-0.3266497445731139,0.2104352978348198,0.1212267146491753,0.3898714284950847,0.7717906758694413,1,0.013888888888888888,0,1,0
E01002446,2526.02669,7.834798669263561,-0.3001709574177144,0.1695920798049841,0.1007901464414059,0.3258429747237153,0.8505291318299149,0,0.0,0,0,0
E01002447,7040.28243,8.859545595914632,-0.106859561030423,0.2625368042230658,0.196617776880863,0.6172295444164523,0.8730653919056464,0,0.0,0,0,0
E01002448,2908.68869,7.975801375061392,-0.1955702691579551,0.1587043369704855,0.13263238218869,0.2779020860757025,0.8809592323411152,1,0.013888888888888888,0,1,0
E01002452,638.58096,6.460813211911328,-0.0986414941027994,0.0900647585859747,0.0673063756864908,0.1452038267863074,0.7432251553727345,13,0.18055555555555555,0,13,4
E01002453,226.8624,5.428741937997788,-0.271603227330752,0.0849810722270415,0.0812378781146633,0.1156021161790171,0.6083220691430102,30,0.4166666666666667,1,29,14
E01002455,391.9212,5.973609082858811,0.1906453133946313,0.1793392396226588,0.1064678307782278,0.311007036268789,0.8353698638146336,2,0.027777777777777776,0,2,1
E01002456,240.68751,5.487645610743258,-0.0953575447267704,0.1472722867921148,0.1143699978449235,0.2658793383087417,0.7816063071720855,10,0.1388888888888889,0,10,4
E01002457,815.24536,6.704714996041559,-0.0861036976647129,0.0999840219881778,0.0708724548889183,0.1528562224738253,0.784972306384031,0,0.0,0,0,0
E01002458,139.03342,4.941881108407297,-0.2203690306977991,0.0627510277744732,0.0192851474127587,0.0936138429114029,0.7188893660020028,25,0.3472222222222222,0,25,14
E01002460,292.10851,5.680542881754584,0.0979750641294224,0.1035334095538675,0.072187147166647,0.1602453609871961,0.8276901555074856,12,0.16666666666666666,0,12,4
E01002461,124.10185,4.829128205532986,-0.0275070033202567,0.0741229884969482,0.0640544842804519,0.0950782130654093,0.5594754709900134,31,0.4305555555555556,3,28,14
E01002465,144.83643,4.98248565118983,-0.0530190505247885,0.1294498904729977,0.072593614741816,0.2369231752936509,0.8772885005557215,24,0.3333333333333333,0,24,14
E01002468,129.92456,4.874621279457212,-0.2375064421999966,0.0530707204242215,0.0139678748960165,0.078830550426725,0.8077833327092591,24,0.3333333333333333,1,23,13
E01002469,135.19476,4.914085920141246,-0.1064732094646272,0.0681888854272162,0.0181189714749299,0.108479437131377,0.834346238764458,18,0.25,0,18,11
E01002470,813.0462,6.702017121148693,0.104855419040148,0.0432670615765746,0.0131003625624226,0.0670168876722838,0.9714285977995412,19,0.2638888888888889,0,19,10
E01002472,341.5438,5.836399532737598,0.1732046665757071,0.0278177498757114,0.0125729115855711,0.0388274486323951,0.8374396144156798,25,0.3472222222222222,0,25,13
E01002474,377.15653,5.935308210432726,-0.003421152485415,0.0594924075688149,0.0444647478329488,0.0903636522896532,0.8675011004358958,25,0.3472222222222222,0,25,13
E01002475,729.98831,6.594397467829843,-0.1552170198451534,0.0342999876258292,0.0221686974685937,0.0488567758476118,0.7293385880709067,25,0.3472222222222222,0,25,12
E01002478,1095.06981,6.999486160734978,0.0558904550569247,0.0344024825230092,0.0266122029243048,0.047729320263821,0.7169754316214431,24,0.3333333333333333,0,24,12
E01002479,139.97271,4.948566325546414,-0.4321357356016039,0.0103765941232401,0.0101704110751302,0.0138155109367721,0.5227725990225941,33,0.4583333333333333,0,33,16
E01002481,257.96635,5.556698130478919,-0.0283224149196203,0.080620515040043,0.0695196098250798,0.1193787619092446,0.7928777700261818,25,0.3472222222222222,0,25,13
E01002483,176.28608,5.177764698999704,-0.0385885261048404,0.0328509205037629,0.006122661528352,0.049354240908686,0.7109305310614126,26,0.3611111111111111,0,26,14
E01002485,1282.60363,7.1574267372154985,0.0852115395931009,0.0468671135758441,0.0335485484319111,0.0736639259116898,0.8020089537276098,24,0.3333333333333333,0,24,12
E01002486,935.92938,6.842607911201726,-0.338290630431967,0.1128739969675917,0.0586091121533122,0.2351825355711,0.847344188545219,24,0.3333333333333333,0,24,12
E01002487,390.56947,5.970162945410812,0.4477094177381555,0.1974129211891548,0.1803523455123105,0.3656646702872326,0.8500131520777691,26,0.3611111111111111,0,26,13
E01002488,516.10023,6.248236724190319,-0.7697551500800532,0.0575619003308717,0.0366637309965934,0.0914626081518646,0.7502182733332995,26,0.3611111111111111,1,25,12
E01002489,3888.1618,8.265948937815889,-0.0590529694520428,0.1696471582021098,0.1326852936006932,0.2976835693441265,0.7826795025696135,0,0.0,0,0,0
E01002490,1633.59747,7.399151857301558,-0.2001985164680746,0.1536952980222233,0.1060517925508295,0.2891554391822274,0.8478395754892816,0,0.0,0,0,0
E01002492,436.43219,6.0809216994991,-0.1574809823262577,0.0829330897888169,0.0558045225765771,0.1253243417996968,0.8786760139313087,22,0.3055555555555556,0,22,12
E01002495,365.40181,5.903730572744106,-0.1448401418701237,0.1084991341449567,0.0844840369017329,0.1732189049346427,0.7562262133850893,18,0.25,0,18,11
E01002496,1394.63768,7.241106708088304,-0.1272533809641511,0.1001947258444931,0.0805055188240719,0.1603392291806842,0.6428287947446439,19,0.2638888888888889,0,19,10
E01002497,1658.48197,7.41426076638272,0.1526608757766598,0.0683415448887876,0.0375381892152858,0.1108491084098322,0.933473454834084,12,0.16666666666666666,0,12,8
E01002499,291.92367,5.679912063132544,-0.0015949717266845,0.1246263792175536,0.0780649955517481,0.2054202331989551,0.8446761085769008,23,0.3194444444444444,0,23,14
E01002501,499.14344,6.214894937279993,-0.0619774147487544,0.1747049705791986,0.149174213328337,0.2892905473278518,0.6129729059835807,1,0.013888888888888888,0,1,1
E01002503,1323.48054,7.18877561626746,-0.0320254349943067,0.1849857119924105,0.1385603221638604,0.3474209747626128,0.860134253956163,0,0.0,0,0,0
E01002505,3417.39467,8.136926325119614,-0.0084000979611757,0.1778857634842627,0.1265792867874988,0.3206126409178257,0.7592181181422728,0,0.0,0,0,0
E01002506,15638.49665,9.657554830077563,0.0594944354833493,0.1033456396846176,0.0756870514148813,0.1699085474748818,0.880814730081385,0,0.0,0,0,0
E01002508,10904.35182,9.29700894038033,-0.150515611298389,0.1260968265420475,0.0856523161960854,0.2081277698780199,0.8432138627496621,0,0.0,0,0,0
E01002509,340.81533,5.834270620465659,-0.3580826895316005,0.0849041913695607,0.0626333915202699,0.1270385261052248,0.6727976655769223,9,0.125,1,8,3
E01002511,377.98293,5.937491164490278,-0.330709193666497,0.1612687377178646,0.0951171789689021,0.2823312099804456,0.8920423509342572,1,0.013888888888888888,0,1,1
E01002512,182.3586,5.211443798244172,-0.0195667218326967,0.1022909256815965,0.0861445525464661,0.1539726160370604,0.5045157283714855,25,0.3472222222222222,0,25,14
E01002513,881.26794,6.782495796720983,0.1897951717158802,0.0657409595542531,0.0450959330257719,0.0986171078112704,0.6604677246159552,16,0.2222222222222222,0,16,6
E01002514,6654.91496,8.803261205977117,-0.3503430132486621,0.1067763185962634,0.0665686748309703,0.1655357024972999,0.7588690796125033,0,0.0,0,0,0
E01002516,502.92976,6.222436893279789,-0.1991391004580837,0.159380029529372,0.1372541962917446,0.2789532994073444,0.8012274902129111,13,0.18055555555555555,0,13,4
E01002519,701.06053,6.554019625379868,-0.2042147915530203,0.1520924733845735,0.1037924499900172,0.2599529824260804,0.7328741657539027,1,0.013888888888888888,0,1,1
E01002521,1996.37966,7.599591430518975,0.6325692278391576,0.103631525678838,0.0465337439873535,0.1687170937015651,0.8040750749377223,0,0.0,0,0,0
E01002523,176.50642,5.179006777275472,-0.3362289031753066,0.1020144763006354,0.0515996528624851,0.1484565840048677,0.6599466903948736,11,0.1527777777777778,1,10,6
E01002525,626.4082,6.441597365483091,-0.2904730493630191,0.1289792343075968,0.0915903080451373,0.2184095909891393,0.8021150486733961,2,0.027777777777777776,0,2,0
E01002526,2005.2912,7.604043122493014,-0.2228952583046293,0.1540389345946364,0.1197812866280967,0.2723175568078552,0.7678938172425945,0,0.0,0,0,0
E01002527,201.9294,5.312858135299935,-0.2440116199027977,0.156788610276661,0.1488251339329488,0.2592249133146233,0.7572533704614252,21,0.2916666666666667,2,19,6
E01002529,2272.57163,7.7291072792565405,0.1798649620562235,0.1561955607093449,0.1178427630023701,0.287149455633213,0.8768649949752221,0,0.0,0,0,0
E01002530,810.95285,6.6994422719732905,-0.3130303198268555,0.1919294321488604,0.1724460059546002,0.3514647303065724,0.8040452452501772,13,0.18055555555555555,0,13,0
E01002535,3236.35549,8.082512068718128,0.0181300386132797,0.0778799581130069,0.043098241349253,0.1252822871336356,0.825183491547339,9,0.125,0,9,3
E01002537,620.88411,6.432753757051789,0.2353167485635926,0.0918271205233453,0.0664684911971736,0.1417796617629746,0.6458454629227104,10,0.1388888888888889,0,10,4
E01002538,250.94069,5.529193702667727,-0.0086164184851807,0.0232060013862239,0.0183280758493172,0.0309938284102615,0.8945576390194087,29,0.4027777777777778,0,29,16
E01002539,139.20639,4.943115551307933,-0.3400765582671887,0.0124801742218873,0.0062932455902347,0.017028296953692,0.5367680507778532,32,0.4444444444444444,0,32,16
E01002540,185.53347,5.228610686789138,-0.2634824325767205,0.1253006802492294,0.1007495844280818,0.2129757870105627,0.7228509815909433,22,0.3055555555555556,0,22,12
E01002541,801.61437,6.687874361983526,-0.1471859966781782,0.0861980680311407,0.0620208193124082,0.1370517397733403,0.7937805070347248,18,0.25,0,18,10
E01002542,486.43203,6.189150855076218,-0.638333437870035,0.0708416754546364,0.0372897319282202,0.1203542697460573,0.7365329482302017,22,0.3055555555555556,0,22,10
E01002543,248.87564,5.520963354097924,-0.1945565263036591,0.1420592228311296,0.1048665108405145,0.2389265514884032,0.8348059648979785,19,0.2638888888888889,0,19,10
E01002546,625.00699,6.439361537171943,-0.4964765754059806,0.2791204783165705,0.1854417180198256,0.5346650986219885,0.7472909443020375,0,0.0,0,0,0
E01002548,378.55273,5.9389935331651404,0.0952839251747042,0.2431191554212276,0.2250647882000481,0.4435875709482386,0.6704038521174248,13,0.18055555555555555,0,13,0
E01002549,611.73228,6.417928103181415,-0.6218708615474731,0.0682517358737387,0.0442105490983735,0.1199928932765159,0.8538722421039352,18,0.25,1,17,7
E01002552,260.84588,5.567756086402744,-0.3672906775449164,0.1483879676382084,0.107925415574898,0.2451461165322174,0.7976397259437126,15,0.20833333333333334,1,14,6
E01002553,713.28371,6.571280236356987,-0.2733550581156549,0.1234617148343398,0.1014779799190983,0.2037989357253627,0.7901608778546977,9,0.125,0,9,3
E01002555,739.93987,6.607919474904968,-0.3129968790572131,0.1548688003526556,0.1277641249416658,0.277050921732926,0.784977445076643,14,0.19444444444444445,0,14,6
E01002557,1668.79273,7.420454783935594,-0.3331048128427549,0.1407397909745208,0.1101248445635306,0.2412827218103679,0.837636389729306,12,0.16666666666666666,0,12,6
E01002558,1842.46928,7.519404553580919,-0.3008474800730463,0.0890179183883055,0.0631065230026521,0.1408629548981056,0.8262106082609276,14,0.19444444444444445,0,14,7
E01002559,607.51471,6.41102108633424,-0.088085225129775,0.1654164719731642,0.1432829173798935,0.2823406260625393,0.7035019891078476,19,0.2638888888888889,0,19,7
E01002560,148.79166999999998,5.00924546206033,-0.1706342162837476,0.1962307432936266,0.1649183721104817,0.3584884880349748,0.7028460380819093,22,0.3055555555555556,2,20,9
E01002562,536.48845,6.286907271398847,0.1166621014860618,0.0895674268476795,0.0645576060397945,0.1299250225561787,0.8311306224297337,2,0.027777777777777776,0,2,1
E01002563,1662.70159,7.416800272366388,0.1789952038236758,0.0624517235230406,0.0312650570088166,0.0975896777429928,0.7327279169908935,13,0.18055555555555555,0,13,7
E01002564,539.87585,6.293189770071431,-0.191209127061342,0.0613817047011826,0.041330520711382,0.0899404344276192,0.8211446435453974,9,0.125,0,9,5
E01002565,3208.56071,8.073889356291891,-0.2434849643222116,0.0683464362436826,0.039277140559388,0.1057269368769123,0.8167009619363953,4,0.05555555555555555,0,4,2
E01002569,532.20068,6.2788978636225705,-0.3388289921012502,0.0370547628762894,0.0127359288605193,0.056208442013148,0.8300253514203888,20,0.2777777777777778,0,20,10
E01002570,4362.0507,8.380926793500741,0.0808797935338074,0.1014873898645882,0.0486178645287181,0.1731266512449766,0.845684224287278,0,0.0,0,0,0
E01002571,255.61241,5.5475668142232974,-0.4226201302198121,0.0549643892485501,0.0205860505755569,0.0819020354750763,0.750918004935503,20,0.2777777777777778,0,20,10
E01002572,696.55456,6.5475807328585445,-0.2079272584189241,0.0436206605265781,0.0158249915125098,0.0623064366962844,0.7548387855726136,14,0.19444444444444445,0,14,8
E01002573,321.74308,5.776856588753287,-0.2946731907955875,0.0544953756270375,0.0190006262139344,0.0803949541150422,0.7874754654118828,6,0.08333333333333333,0,6,1
E01002575,1361.45625,7.217044415930116,-0.0031812186399672,0.099311211799865,0.0432509748293417,0.1590132171807826,0.7382468273487027,0,0.0,0,0,0
E01002576,707.53141,6.563194391246147,-0.4129245795603618,0.0659557856237082,0.0263716207312972,0.1031518917889212,0.7972857256903207,16,0.2222222222222222,0,16,9
E01002578,884.0122,6.785601430223648,-0.2599889232297925,0.0617916811555315,0.0324761920706524,0.0920469581943667,0.656076005769629,13,0.18055555555555555,0,13,6
E01002581,714.44755,6.572908290928682,0.1583621778813574,0.0947352958240251,0.0538106401232672,0.1464538864372943,1.1067439849501468,2,0.027777777777777776,0,2,1
E01002583,3797.65493,8.242402317264327,-0.2319371523310044,0.2500237429418054,0.1793148989447548,0.5301136596982865,0.8878161539142158,0,0.0,0,0,0
E01002584,3646.86816,8.201898210190267,-0.0797825770592156,0.2102953346139061,0.1736204524596798,0.4295543039915867,0.8765115044701932,0,0.0,0,0,0
E01002585,1412.67203,7.253945874715813,-0.1104924757376275,0.22118769492449,0.1872543339022575,0.5162838875375452,0.8552819126617438,0,0.0,0,0,0
E01002587,1997.26674,7.600035453801203,-0.2147503142219251,0.2042678435630485,0.1547431416196316,0.4055523937944497,0.8282073946360141,0,0.0,0,0,0
E01002588,1721.6044,7.451592610630227,-0.0878122058702916,0.3130187341528635,0.2873665982730992,0.9806820740710332,0.8982343048762841,7,0.09722222222222222,0,7,0
E01002589,932.81859,6.839282190241868,-0.0237748799581706,0.2607210583142431,0.2318538698933948,0.5819687902779124,0.8462277337821901,6,0.08333333333333333,0,6,0
E01002590,440.38001,6.089906205076228,-0.3177615396302843,0.1016874948524571,0.0619702515561503,0.1694053546769063,0.8849975874662219,16,0.2222222222222222,0,16,8
E01002591,224.44158,5.418061056642489,-0.3600153768299083,0.1755115072706225,0.1160414215583405,0.3006151945592668,0.7096776332050831,17,0.2361111111111111,0,17,7
E01002592,3561.32963,8.178170000275447,-0.0192866982661191,0.197586545786833,0.1507915907239398,0.4060199778652524,0.7749881364760463,0,0.0,0,0,0
E01002593,8593.50278,9.05887806623084,-0.1115377610897798,0.1754795440934272,0.1367066713161638,0.3248871891018147,0.7997363309465725,0,0.0,0,0,0
E01002594,269.53667,5.600407652869394,-0.4189408068297348,0.0547351497664492,0.0266522918755358,0.0761257460546333,0.8062072214757581,20,0.2777777777777778,0,20,9
E01002595,328.88907,5.7987564464337895,-0.204607924489555,0.0656875888274426,0.0404484709692541,0.096205477825131,0.8326586617506717,25,0.3472222222222222,0,25,12
E01002596,475.61701,6.166713254334095,-0.1058349658268108,0.2763647162240896,0.2535769904444754,0.515451212001168,0.7517067843292127,19,0.2638888888888889,0,19,6
E01002601,244.39327,5.502862107287872,-0.3033161674214679,0.0661521898700401,0.0275612335806137,0.1016010995717358,0.8077970718237958,27,0.375,0,27,14
E01002602,140.24072,4.950465668753225,-0.283649142702633,0.0605931002065591,0.0417206928201737,0.0948282163273636,0.9682038757703216,29,0.4027777777777778,0,29,14
E01002603,382.33886,5.948919349976561,-0.1818093510034527,0.1962679388644931,0.1575028235424461,0.3486575814777968,0.7566153267298332,15,0.20833333333333334,0,15,8
E01002604,221.11498,5.403195175721831,-0.3865453168301849,0.0780784730188791,0.0315766484930148,0.1152631822810977,0.8467848800961482,18,0.25,0,18,9
E01002605,1327.86422,7.192079886450948,-0.1730104151763348,0.2008177236675599,0.1526765515227152,0.373500904496914,0.7608508544638285,0,0.0,0,0,0
E01002606,632.28539,6.450921173621032,-0.2449872042749556,0.1441474394972181,0.0966917802734616,0.2425259845981027,0.7577156761699761,1,0.013888888888888888,0,1,0
E01002607,2766.11962,7.925562209788528,-0.2167900388920996,0.1993238672736792,0.1353230342222148,0.3691386917668331,0.7920928309960917,0,0.0,0,0,0
E01002608,1780.65483,7.485297891176825,-0.243875164733639,0.1509816644251036,0.1012017528405547,0.2535315765252062,0.7515567224646319,0,0.0,0,0,0
E01002609,343.7892,5.8429332157931775,-0.2010635005404475,0.12100211408619,0.074239999394978,0.2011079612738088,0.8256706801019913,2,0.027777777777777776,0,2,1
E01002610,154.64951,5.047606748794001,-0.196902596070301,0.1251357343453593,0.0975102345943417,0.2069182901685536,0.7481842957014059,24,0.3333333333333333,1,23,10
E01002611,680.90278,6.524887096362409,-0.0561634364306752,0.2145631128132565,0.1583538401767136,0.4202792749914094,0.827053583160626,0,0.0,0,0,0
E01002612,8794.26456,9.081968737446928,0.0495277572136174,0.1406887297463791,0.0984911420495177,0.246500384975703,0.8407252914750328,0,0.0,0,0,0
E01002613,213.31661,5.367454407642051,0.5750415309900153,0.1880332244169828,0.1308000347464737,0.3032259010703311,0.7674215902626824,3,0.041666666666666664,0,3,2
E01002614,2224.63281,7.707796563152535,-0.0729950440675196,0.1060510161225213,0.0799858876485778,0.1726450630787338,0.7767671261613727,13,0.18055555555555555,0,13,6
E01002615,1001.30422,6.91005684833823,-0.3328077854300863,0.1746748056250077,0.138059559960708,0.3144260464118252,0.7090572240641292,2,0.027777777777777776,0,2,1
E01002616,1028.36435,6.936696754794595,-0.5830432861660363,0.0775756958124812,0.0504312503637451,0.1323588864735827,0.731426035274945,26,0.3611111111111111,0,26,14
E01002619,3030.03607,8.016659777349911,-0.2840015465558467,0.1744519727780006,0.1395257185832774,0.3151472837055817,0.8544443864826629,0,0.0,0,0,0
E01002620,1082.80068,6.988229290553851,-0.2190473319614095,0.1616046269937695,0.1129356697485635,0.2962852992876782,0.7930855339717408,0,0.0,0,0,0
E01002621,515.1597399999999,6.24641629121694,-0.4229168607003335,0.08619881670101,0.0505633456527484,0.1478893160728257,0.7849111606048973,27,0.375,0,27,14
E01002622,2766.80132,7.925808536704788,-0.0054708734922824,0.2134579507862891,0.1629348362462108,0.4383193373555347,0.90912910281076,0,0.0,0,0,0
E01002623,1071.08793,6.9773633625206735,-0.0818799162455318,0.1579735941940826,0.111482854633606,0.2548856407362916,0.7518751515188066,7,0.09722222222222222,0,7,1
E01002624,11717.28636,9.36890583742348,0.0256529481967871,0.1916264125510371,0.1390915959486715,0.3692290263199645,0.8791460251205173,0,0.0,0,0,0
E01002626,485.41164,6.18705526128667,-0.3015367740254437,0.082242959810358,0.0513581833348701,0.1344724269089762,0.7960727321273613,21,0.2916666666666667,0,21,9
E01002628,2610.50171,7.867680702672233,-0.189948839374635,0.1263715471766536,0.0934746869022353,0.2116598380515136,0.8176649453967677,0,0.0,0,0,0
E01002629,2692.75714,7.898692204428592,-0.1446578877143001,0.1080763154155075,0.0701340336990063,0.1815478672597945,0.7730334841690227,0,0.0,0,0,0
E01002630,187.85372,5.240972747137612,-0.4209752141187302,0.0383145992530783,0.0237249493914733,0.0577566580076964,0.7628121978318647,29,0.4027777777777778,0,29,14
E01002631,790.11602,6.67344463210673,-0.1884526781269414,0.1329622199028441,0.1028635769212729,0.2266576146516472,0.8701538099561498,10,0.1388888888888889,0,10,3
E01002633,2522.36635,7.833349142222037,-0.0591324690007857,0.2702132344891137,0.2271413746064285,0.6422674702847408,0.7569324306288024,0,0.0,0,0,0
E01002634,935.8063,6.842476537282244,-0.3350354020912234,0.1645554213516194,0.1285109536022572,0.3165039768838149,0.8251943985353005,0,0.0,0,0,0
E01002635,108.15855,4.692801412497976,-0.2362837704462569,0.013934265945688,0.0030505216647227,0.0192841804744713,0.7959306083119441,31,0.4305555555555556,2,29,14
E01002636,573.95046,6.3542838805639255,-0.2866309053920786,0.2058520695322728,0.1439349660944605,0.3875302770098349,0.737643008623968,1,0.013888888888888888,0,1,0
E01002637,3012.32863,8.010800603876186,-0.0674359988405382,0.1360887606741632,0.099472334132415,0.2392475659965013,0.811640465762007,0,0.0,0,0,0
E01002638,809.3786,6.697501545873076,-0.2094234515219453,0.1514843115446837,0.1221760125607472,0.2558998361995234,0.8031612978618928,8,0.1111111111111111,0,8,1
E01002640,497.29904,6.211200378735232,-0.0318065765821707,0.2290399152992533,0.1723483520096881,0.4337859062662441,0.7513916569031256,2,0.027777777777777776,0,2,2
E01002641,957.60864,6.8654828998290816,0.1730279501237582,0.0895187098562519,0.0650950058261796,0.1557047781742612,0.8798407716156751,21,0.2916666666666667,0,21,9
E01002643,1252.47478,7.133674797731007,-0.0884657493861872,0.1378522448172569,0.1023836503917468,0.2148048755162433,0.8014299413011584,2,0.027777777777777776,0,2,1
E01002646,171.45179,5.150117719149217,-0.1614165124785224,0.0070177161754916,0.0,0.0094365874187827,0.8822606017354142,32,0.4444444444444444,0,32,18
E01002649,1475.13271,7.297180913042702,-0.1638320731156453,0.1437907779836297,0.091174664549334,0.2622644163373088,0.8531687425190261,0,0.0,0,0,0
E01002650,1164.98475,7.061321287922678,-0.1925264601103147,0.1255441498268539,0.0961838599174796,0.1996420375090341,0.8257599207401412,9,0.125,0,9,0
E01002652,1404.2861,7.247996190931332,-0.1431670654576727,0.1157975643282376,0.0767951060684856,0.2032825017413901,0.8833810541966443,0,0.0,0,0,0
E01002653,415.53089,6.031960624523027,-0.2411838263095194,0.1071525392492481,0.081519763789402,0.1644451735852207,0.8197892369104426,22,0.3055555555555556,0,22,14
E01002654,329.13033,5.799487515886431,-0.4906076872344156,0.0678539410208715,0.0369155282650492,0.1004756407603719,0.6619877345509061,21,0.2916666666666667,0,21,14
E01002655,159.45167999999998,5.077992838052624,-0.3109579027326648,0.0418820297158361,0.0231115783791051,0.0613036245840555,0.7181884273547918,27,0.375,0,27,14
E01002657,557.36306,6.325009395964808,-0.2529396906928134,0.1269954094194904,0.0794184853226548,0.224250212147695,0.7938825293156709,1,0.013888888888888888,0,1,0
E01002659,181.29585,5.205630916751884,-0.2977240240193032,0.0675915637340843,0.0330040649027542,0.1126452330627957,0.974419176964117,27,0.375,1,26,14
E01002662,5236.20343,8.563542938283499,0.538123143546392,0.112509889632,0.0721970059135002,0.1761110600776123,0.9422611951327216,0,0.0,0,0,0
E01002663,1253.39503,7.134408687534723,-0.1570633401985007,0.2126828522688493,0.1594337102166425,0.4166113504370896,0.8146534090396573,0,0.0,0,0,0
E01002665,1898.24267,7.549210490957692,-0.1590965237337121,0.1226785877698134,0.0894242778769692,0.2042412547079455,0.9769092353473154,9,0.125,0,9,3
E01002666,476.45558,6.168471129415571,-0.2542074541345491,0.310145869211984,0.2829960979783257,0.8008653335091467,0.9492363500537774,10,0.1388888888888889,0,10,0
E01002667,717.97334,6.57782427775682,-0.1952656905060012,0.0532752789957354,0.0284794418689696,0.0788766408923412,0.7527470115378095,20,0.2777777777777778,0,20,13
E01002668,1056.51347,6.963675648427963,-0.1255413336093103,0.056111305424246,0.0339842709246291,0.0808730113776504,0.783493212150766,20,0.2777777777777778,0,20,13
E01002670,1295.44478,7.167381012478922,-0.1095632343356233,0.0680647383518732,0.0516310467513713,0.1013442142621867,0.6955562909983464,23,0.3194444444444444,0,23,13
E01002671,217.76062,5.387978072630709,-0.5325123523252276,0.0697511790699346,0.034423763121174,0.1098183063335175,0.7558569388320517,25,0.3472222222222222,0,25,14
E01002672,730.65412,6.595307888630351,-0.3291176405054692,0.0519884018446375,0.0294101947991479,0.0806312091091911,0.8298519008539069,25,0.3472222222222222,0,25,14
E01002675,307.92693,5.733104776441808,-0.2404623395556862,0.0633946176776419,0.04536082634929,0.093223560067582,0.8247036089703371,28,0.3888888888888889,1,27,14
E01002676,456.03378,6.124757305011505,0.0464966871533069,0.0683724788983833,0.0436091379020212,0.1058200311200249,0.730581340231562,26,0.3611111111111111,0,26,14
E01002677,3683.71405,8.21194820324075,-0.1854699308161555,0.1266277359394929,0.0834622546231567,0.2070217555477989,0.758598614400858,0,0.0,0,0,0
E01002678,587.42738,6.3774535206154255,-0.0398763162861084,0.0524625188563733,0.0376781211662282,0.080327702846678,0.6944157545895432,25,0.3472222222222222,0,25,13
E01002679,477.14838,6.169921102731672,-0.143043637704481,0.0728067650570248,0.0513240346744968,0.1105970060683192,0.7730299544445025,26,0.3611111111111111,0,26,14
E01002680,311.88786,5.745844851584034,-0.0901164925111224,0.0878463817091181,0.0716178885577656,0.1327452369586167,0.7078757181892639,26,0.3611111111111111,0,26,13
E01002681,2542.81355,7.841419631679823,-0.0952879026462636,0.0600967263211256,0.037530026533011,0.0854260291621529,0.7893641753604225,0,0.0,0,0,0
E01002682,1781.92078,7.486008186141349,-0.0766103417908398,0.1089809278726745,0.0779553230194666,0.1741067062271856,0.794055097854595,0,0.0,0,0,0
E01002686,1673.23121,7.423109359791539,-0.093434911484827,0.1071097639877276,0.0606760257597633,0.1792049327857761,0.8112857402749389,0,0.0,0,0,0
E01002687,160.83256,5.086562220473068,-0.3977091454615906,0.0568822631437315,0.0134956503832308,0.0928880510802445,0.7462523912663453,22,0.3055555555555556,0,22,14
E01002691,333.66475,5.813129284475531,0.1167563849642493,0.1040344837145667,0.0613371655231785,0.1606294678469574,0.5899288234280339,2,0.027777777777777776,0,2,1
E01002692,4099.40172,8.318840228380429,0.0930404400571896,0.0850093657081258,0.0527948600265504,0.131562743798539,0.6857967766520051,0,0.0,0,0,0
E01002693,3335.206,8.112589512171668,0.2019453371096118,0.0663098231413591,0.0336321444612416,0.1011946932939498,0.8620483805150556,0,0.0,0,0,0
E01002694,130.62861,4.879984396478802,-0.2176331050295949,0.013395687208185,0.0057236312933284,0.019180697281801,0.840579738404062,26,0.3611111111111111,0,26,13
E01002695,1134.82536,7.035114855068695,0.014725701935318,0.1203335374880942,0.0473713329776133,0.2110446127662923,0.8166490966548046,0,0.0,0,0,0
E01002696,2440.5348,7.800382136932798,0.0908007539986727,0.1082116550847789,0.0562760260578951,0.1710334544499926,0.7998619785167116,0,0.0,0,0,0
E01002697,2783.37119,7.931777342308069,-0.0615330540947361,0.0964438307633701,0.0402448765735769,0.1622794485210261,0.8761813297122621,0,0.0,0,0,0
E01002700,162.50878,5.096866689201309,0.0024015933169888,0.0550815777461377,0.0498728745609929,0.0799966540113702,0.8681265457942359,28,0.3888888888888889,0,28,14
E01002704,16226.12815,9.69443969783996,-0.08643383665129,0.1843779811390186,0.1027528227675189,0.3505185601730216,0.7311500529782612,0,0.0,0,0,0
E01002706,1074.66315,6.980692634088146,0.0689181256470923,0.0920301584733783,0.043003298289329,0.1537314804411908,0.8070117534389502,1,0.013888888888888888,0,1,0
E01002707,3725.12501,8.223124101323359,-0.1548867671423461,0.1356880718480908,0.0666797971432373,0.2317026433641541,0.7467032866299705,0,0.0,0,0,0
E01002708,1171.07773,7.066533290463314,-0.4320849906350794,0.1303939577093657,0.0542337270814636,0.2450093972319433,0.7186826425946164,0,0.0,0,0,0
E01002710,2474.73846,7.814293998176775,-0.0170019016878252,0.0896498533424821,0.0509840704540551,0.1447815922495977,0.7738418704342741,0,0.0,0,0,0
E01002711,2453.36805,7.805624593650139,-0.2204273468059551,0.2179091881464748,0.1643208282589316,0.4399961397049534,0.8305487781987518,0,0.0,0,0,0
E01002712,1755.29583,7.470962228115243,-0.0608942311450714,0.0850511221233858,0.0442898334692676,0.143072175020431,0.9047212591210864,0,0.0,0,0,0
E01002713,1681.56073,7.428072155964053,-0.2769667854933791,0.0979372359629259,0.0576577035073838,0.1623392378600495,0.8210779308055134,0,0.0,0,0,0
E01002714,1728.45798,7.455563332042752,-0.0434938545627819,0.075457773060818,0.0358839270133717,0.1226270722870745,0.8065491823751308,0,0.0,0,0,0
E01002716,4677.54451,8.450742338403746,-0.3099158985875689,0.1047199463207246,0.0470938992732321,0.182011004253252,0.7603896507309339,0,0.0,0,0,0
E01002717,231.99515,5.4510176378984125,-0.308710893309623,0.1130340009263124,0.0455381071543952,0.1982816718596187,0.9786424121750902,3,0.041666666666666664,0,3,2
E01002718,298.08685,5.700733999440383,-0.4697218612629172,0.0662304291517723,0.0092172130370729,0.1043330922974147,0.5626685915565564,18,0.25,0,18,12
E01002719,421.08497,6.045206644478578,0.2756521326325183,0.110228987750382,0.0854025495139377,0.1852918736719605,1.0056559763302864,3,0.041666666666666664,0,3,1
E01002720,1765.42442,7.476712680715476,0.0234683963417703,0.1003570291612936,0.0516117931573643,0.1608622449305708,0.8096372777760847,0,0.0,0,0,0
E01002723,243.41308,5.498859744686963,0.1748035890265223,0.0577935253109652,0.0470317371605502,0.0834336242541047,0.5409227433930617,27,0.375,0,27,14
E01002724,6173.45165,8.728175355933647,-0.0200345474480228,0.1671933544664596,0.1026754878690918,0.3183884581553495,0.623203684222814,0,0.0,0,0,0
E01002726,5163.03043,8.549472644667993,0.0565823258182888,0.1389919621294968,0.0677320199331073,0.2712231700158179,0.7118198901043798,0,0.0,0,0,0
E01002727,3472.68924,8.152972489719861,-0.2198234702970427,0.1420826586832745,0.0746535730908072,0.262491932269581,0.7898698264106998,0,0.0,0,0,0
E01002728,776.24044,6.655749749088373,-0.1083906424663986,0.1380888761734701,0.0404360406680177,0.2585138005127001,0.8040938753520551,0,0.0,0,0,0
E01002730,3531.32377,8.169711225133051,0.1165900825910392,0.1162555055097652,0.0468822630783582,0.1952111815194273,0.8817373042583296,0,0.0,0,0,0
E01002732,1363.15819,7.218292806752133,0.2288391562244144,0.1485532137689757,0.066116765215635,0.2654102341596537,0.8596554998874101,0,0.0,0,0,0
E01002734,30423.38466,10.322999692836085,0.0668998562371002,0.0969967264648193,0.0450797774582652,0.1652443587888347,0.8120901591161447,0,0.0,0,0,0
E01002738,2455.84577,7.806633598878183,-0.2278160773915375,0.0537538926966085,0.0222195264322319,0.0833183220630203,0.7642926526670821,0,0.0,0,0,0
E01002741,732.8104,6.5982506846198765,-0.2303504153325335,0.0685768788215887,0.036646928045781,0.1055781519843778,0.7579956609379007,4,0.05555555555555555,0,4,1
E01002743,944.41304,6.85162191136746,-0.0932968905215455,0.0677692993311485,0.0277311291678056,0.1065627535877024,0.764760477707525,2,0.027777777777777776,0,2,2
E01002745,453.75594,6.119760879434968,0.0640865219307101,0.0784704658632127,0.0591971754683806,0.1265542340888877,0.9943009835483811,5,0.06944444444444445,0,5,4
E01002747,1262.45097,7.141602121168315,-0.1475328503252685,0.0754400069889446,0.0334812289779459,0.1198402252972292,0.8532854953075777,1,0.013888888888888888,0,1,0
E01002748,786.1014700000001,6.668357172761957,-0.7759699902354845,0.0594691420688985,0.0153851385114443,0.084042229311117,0.7989788898231002,9,0.125,0,9,5
E01002749,1140.05486,7.0397084293372645,-0.1463998671081495,0.0713563994630925,0.0317381481098199,0.1156835470022602,0.829403223461112,1,0.013888888888888888,0,1,0
E01002752,327.35,5.794080112636982,-0.2455731174583778,0.0859295249732702,0.0395923629143118,0.138654063778731,0.8181207926135949,8,0.1111111111111111,0,8,4
E01002756,864.05503,6.762793123405419,-0.6723607754473693,0.039924586747675,0.007214100703748,0.0601768468432904,0.5615949649988384,21,0.2916666666666667,0,21,12
E01002758,2713.616,7.906405785900867,-0.2155197198129727,0.1017148004728745,0.0552467482503051,0.1622564207099586,0.8096038782423822,0,0.0,0,0,0
E01002759,199.72565,5.301939050326808,0.1450538275879939,0.0570579192006635,0.0341458896240918,0.0842335809477784,0.9109538264081376,8,0.1111111111111111,0,8,5
E01002762,1301.08358,7.171721014256584,0.2584214459151041,0.106129976676825,0.075874341600714,0.1843136679631877,0.9002617083524669,1,0.013888888888888888,0,1,1
E01002763,3465.64022,8.150941167586101,-0.2390601122467351,0.1355229308828831,0.0578428420939782,0.2512120563459574,0.8557494795881289,0,0.0,0,0,0
E01002764,2193.23812,7.693590167306949,-0.3393120579173592,0.133511503985714,0.0540683562439631,0.2313496583683417,0.853003994821068,0,0.0,0,0,0
E01002765,3360.83625,8.120242606655074,-0.1623786788184041,0.1098864575743611,0.0587943283461073,0.1912320228249943,0.7579352313323104,0,0.0,0,0,0
E01002766,403.91866,6.003686207429412,0.3144678188425363,0.1149796842760371,0.0851458558512746,0.1835688502557279,0.7404488012210441,5,0.06944444444444445,0,5,4
E01002767,1185.10031,7.078426154395959,-0.3913293803796238,0.0914456093594305,0.0264199154584644,0.1510340667173643,0.7614386408560486,1,0.013888888888888888,0,1,0
E01002768,794.04604,6.6784000249271855,-0.1461694337018544,0.1232192405367326,0.0441388511930618,0.2091495789058893,0.7588709425802961,0,0.0,0,0,0
E01002770,17866.31697,9.790728455303034,-0.0344522517446414,0.0943542898533944,0.0456850990257562,0.148538630324181,0.7531382606176343,0,0.0,0,0,0
E01002771,1135.69242,7.035877938244285,-0.0613082017400451,0.1576498679105386,0.094064324212008,0.2698502818915993,0.7595598535924081,0,0.0,0,0,0
E01002772,1548.50308,7.345689564963807,0.1735277788404528,0.0750569898769591,0.0365008831625959,0.1162056916482951,0.8424173906068974,1,0.013888888888888888,0,1,1
E01002773,157.93549,5.068498396621836,-0.0756296763950901,0.0268916125185035,0.0075301631064683,0.0338365009160331,0.9649599837638396,26,0.3611111111111111,0,26,16
E01002774,2848.68153,7.954962523159237,-0.2106578372065339,0.0994316728693782,0.042673538168375,0.1617373840159691,0.7677821112082874,0,0.0,0,0,0
E01002775,262.9229,5.5756570150381926,-0.1728850548963212,0.0418915583237519,0.0168964361795796,0.066652014126227,0.952543691294226,16,0.2222222222222222,0,16,7
E01002776,817.92074,6.70798730261314,-0.4240447796934455,0.0899155094172083,0.0548998671925106,0.1501822290779833,0.9548468883181194,6,0.08333333333333333,0,6,3
E01002778,286.97836,5.662885338423989,0.2942119398828539,0.0952134857833879,0.0358456993063867,0.1599393424579146,0.8241853984585136,3,0.041666666666666664,0,3,2
E01002779,6523.92418,8.783384612200011,-0.1805852593461624,0.095204365173968,0.047975899376562,0.1613540190059723,0.802722235883925,0,0.0,0,0,0
E01002780,904.27732,6.808241327698782,-0.3492423983385982,0.0849415641652938,0.0197094736380206,0.144274793517234,0.9885587979504749,0,0.0,0,0,0
E01002781,310.5744,5.741638154010515,-0.3215590209624489,0.0624527649413473,0.0372522010828967,0.0945347190917756,0.7786129701564589,26,0.3611111111111111,0,26,14
E01002782,185.98609,5.231034229061145,-0.4625597000291797,0.1059204481367396,0.0441951868551029,0.1823431977418753,0.8116264778234624,19,0.2638888888888889,0,19,9
E01002784,343.92398,5.843324044925124,-0.3925387232376178,0.1499062089244257,0.0563608271804716,0.2501955337315037,0.75385839905514,1,0.013888888888888888,0,1,1
E01002785,1503.72769,7.316367223934848,-0.0284978924608351,0.0887842532180809,0.0397356053209341,0.1486848153439461,0.7982333680391622,0,0.0,0,0,0
E01002786,7992.87547,8.986430961216481,-0.102423108313484,0.1045571288001062,0.0424188930845434,0.1719727106701285,0.7818975653231289,0,0.0,0,0,0
E01002788,322.92887,5.78052395465351,-0.0061237943823355,0.028994248795408,0.0110484392429825,0.0410510720867414,0.8297001191064325,26,0.3611111111111111,0,26,16
E01002789,1728.12987,7.455373595644422,-0.342184184340266,0.0986735620743596,0.0462179731897117,0.1619056356051262,0.7810537069870359,0,0.0,0,0,0
E01002790,2494.71055,7.822328757219923,0.3038528096977023,0.120130369433039,0.066873208998134,0.202132633656617,0.8939798151548226,0,0.0,0,0,0
E01002791,6988.5335,8.852169094803338,-0.2710465822335973,0.0977421557756001,0.0387128372497606,0.165249948112808,0.7539860136828571,0,0.0,0,0,0
E01002793,5469.99422,8.607215637583648,-0.1094564556962183,0.1082857652452875,0.0568797273793097,0.1818858541394388,0.9462862571259816,0,0.0,0,0,0
E01002794,24352.83228,10.100444499289525,0.1321330604589538,0.1104619601970995,0.0606827576771698,0.1904979937858611,0.8504306554849669,0,0.0,0,0,0
E01002795,5748.4390300000005,8.656857569032109,0.1769413165368477,0.0833533760207594,0.0337802991362683,0.1366794883230957,0.8135383604021152,0,0.0,0,0,0
E01002796,109.64953,4.706367818860382,-0.2177473081735963,0.0462132395825134,0.0313343796366477,0.0653077205823598,0.8382665315986038,27,0.375,1,26,12
E01002797,726.41791,6.589501154190934,-0.2143293383281257,0.1240182527988606,0.0774843230393369,0.2112755951189374,0.6975250188196703,2,0.027777777777777776,0,2,1
E01002798,982.96687,6.891592227786263,-0.1074206397210518,0.0792176647825373,0.0401847826264989,0.1224137712030139,0.7756192295425826,0,0.0,0,0,0
E01002801,1737.27723,7.460649804036927,0.0264189210607451,0.114068967564837,0.0421304721757045,0.2038223660613302,0.7110077002919576,0,0.0,0,0,0
E01002804,1126.00959,7.027323023320342,-0.5389446194681167,0.0821337054509455,0.0296264261834572,0.1386246443712288,0.7188569968182258,2,0.027777777777777776,0,2,2
E01002805,1887.89504,7.54374730216742,-0.1539751489574335,0.0406624194531492,0.0163646756548499,0.0629053358212254,0.7935754034339895,14,0.19444444444444445,0,14,7
E01002807,777.3741,6.657207256936929,-0.0296961269998576,0.1088860305482263,0.0538556661458106,0.1787175612322497,0.7978155970644816,0,0.0,0,0,0
E01002808,525.88941,6.266990678322805,-0.2292107954788441,0.1371100437257331,0.0574215403957269,0.259203335875948,0.7717463821121775,2,0.027777777777777776,0,2,1
E01002810,604.6197,6.406252231316748,0.3613643088374396,0.1189135749298278,0.0776039384757063,0.1899992428834012,0.7488681339432084,5,0.06944444444444445,0,5,4
E01002811,1108.38432,7.011560473755252,-0.2523675181547137,0.0390147796388891,0.0181909646646751,0.0585477065290146,0.7363325209533663,20,0.2777777777777778,0,20,12
E01002814,1318.84286,7.185267963039399,0.3037128775144599,0.1139933759811233,0.0647109011910638,0.1816663297112651,0.8230522565985487,0,0.0,0,0,0
E01002815,543.20069,6.2993180942645495,0.0280027810715778,0.1851118230354236,0.1103374334815369,0.3213941761329811,0.8531074002226545,0,0.0,0,0,0
E01002817,3658.42538,8.205061414069622,0.208219843478125,0.0801285032633356,0.0460692654608688,0.1199226928899691,0.8932941231258545,0,0.0,0,0,0
E01002818,2888.20021,7.968734998861169,0.1852129738609776,0.1435502561645475,0.0838731259561815,0.2359905158653581,0.8208954448446889,0,0.0,0,0,0
E01002819,2242.93989,7.7159884792962865,0.5637667133380021,0.097449249966302,0.0298080614188907,0.1542922936709115,1.00525016874622,0,0.0,0,0,0
E01002821,9446.99842,9.153558190646024,0.0677821559326565,0.1195837322898589,0.0635999365394199,0.1971841166772232,0.7890576228803015,0,0.0,0,0,0
E01002825,5288.27115,8.573435736531993,0.0854747226794526,0.1170322516461736,0.0661474988853398,0.1874561853266601,0.8943909119188596,0,0.0,0,0,0
E01002826,6550.1385900000005,8.787394144056872,0.2191072402942851,0.1026558981555839,0.0613753945013856,0.1621292088400963,0.8501357581220017,0,0.0,0,0,0
E01002827,6107.49759,8.717436128311828,-0.1849569374942644,0.1278155101163126,0.0753630718993046,0.209231714273813,0.8989103145153379,0,0.0,0,0,0
E01002830,385.14729,5.95621887699246,0.0518707271703768,0.129613089060032,0.0590512528336886,0.2400545103129159,0.7853837275382495,1,0.013888888888888888,0,1,1
E01002831,4201.94488,8.343540720477057,0.0452994709440357,0.1075970492026063,0.0537346958249485,0.1752505513567734,0.7991529720687598,0,0.0,0,0,0
E01002833,2449.58212,7.804080875316363,0.3702933870206401,0.0738618715913879,0.0382217682091833,0.1046088989597286,1.0562301188658207,0,0.0,0,0,0
E01002835,1924.30902,7.562841763708474,-0.0591223960484267,0.1501612615212914,0.0749778484123095,0.2755179802010932,0.9038300254687116,0,0.0,0,0,0
E01002837,153.67079,5.041298922685547,0.0730256543875384,0.0491687457323542,0.0163040093696401,0.0760712527422519,0.7273248369591955,20,0.2777777777777778,0,20,12
E01002839,303.35876,5.718207137177274,0.4659173184911488,0.255674832004192,0.132710754751239,0.4925706557413695,0.8410852171717257,0,0.0,0,0,0
E01002840,1422.87214,7.261135298614776,-0.0405846164083302,0.0899761801506634,0.0522485667615925,0.1391488733802487,0.7683859526656444,0,0.0,0,0,0
E01002843,1126.88449,7.028099024332242,0.0636201586198067,0.1065438481631777,0.0505705602532518,0.1754990985146705,0.7735896656648317,0,0.0,0,0,0
E01002844,1997.87575,7.600340176490592,0.1429883965506864,0.0872579188170235,0.0311621130593331,0.1453162544539709,0.8332749027196016,0,0.0,0,0,0
E01002845,3452.46136,8.147132299817239,0.0064884665356544,0.110628250449123,0.0456731425952874,0.1881100578394711,0.8047298875441385,0,0.0,0,0,0
E01002846,832.92344,6.72614159958385,-0.4600698954996391,0.1128878663806123,0.0655984540427869,0.1683188302287082,0.8627557250654462,0,0.0,0,0,0
E01002849,3675.95624,8.2098405802242,-0.027293915773056,0.0949863674111637,0.0427978272124371,0.1526848015942627,0.8209770249246681,0,0.0,0,0,0
E01002850,235.99448,5.468036849724648,-0.6546318371514452,0.1284865646010025,0.0621061560422938,0.2079766358152978,1.2796274941384036,3,0.041666666666666664,0,3,2
E01002851,484.03843,6.184228124911791,0.090432881537939,0.1323821540368189,0.0575421666416032,0.2191396993460936,1.039128993380808,0,0.0,0,0,0
E01002852,5595.55866,8.62990716282536,-0.1596041672092845,0.0939534355627682,0.0538440839077898,0.1480803269177345,0.7086699393244762,0,0.0,0,0,0
E01002854,544.472,6.301651474899832,-0.4656896222395275,0.11983925711515,0.0502938259451358,0.1989324879579434,1.0004161423207287,2,0.027777777777777776,0,2,0
E01002858,151.49484,5.02713075940944,-0.0550820080736743,0.0408475298564624,0.0098501044656042,0.0584867997606916,0.829544251811445,24,0.3333333333333333,0,24,12
E01002859,2711.79068,7.905733155240797,-0.4755011917070236,0.0822179498013467,0.0545236957595856,0.1222155838154324,0.7507534295566588,0,0.0,0,0,0
E01002861,473.55888,6.162385698865865,0.409584759555137,0.0798704482112129,0.0408546240332353,0.1206757099046462,0.8367523592933271,5,0.06944444444444445,0,5,2
E01002862,134.81657,4.911305225354094,0.2186408540137165,0.0737862563926674,0.03673851070384,0.1182973785424306,0.6983769676789101,26,0.3611111111111111,0,26,16
E01002863,198.61556,5.296393316750783,0.0104191232549957,0.1267272815886126,0.0683772207978065,0.2111247340705948,0.6571162726856545,5,0.06944444444444445,0,5,2
E01002864,1247.07816,7.129360175173437,-0.2226853848519005,0.0497808012290103,0.0218409085121015,0.0770712082989859,0.9660338656344616,1,0.013888888888888888,0,1,1
E01002866,413.70413,6.027565326209256,-0.3149823764147581,0.0289478618451307,0.0134947649664507,0.0417329307788157,0.7111909826223788,22,0.3055555555555556,0,22,11
E01002867,506.26164,6.229026925707302,-0.1628485618622022,0.0595309571548814,0.0126131223372957,0.0980913191729019,0.843140549893639,20,0.2777777777777778,0,20,13
E01002868,1047.23723,6.954865203768225,-0.0006356439409626,0.1312223305888389,0.0712651611898862,0.2090130350294066,0.8619102057105757,0,0.0,0,0,0
E01002869,774.09975,6.652991730748386,0.0227065697928464,0.0679403009754233,0.0321983439472755,0.0972781159738564,0.7168132585750859,0,0.0,0,0,0
E01002870,830.07649,6.722721836347539,-0.0577741094679118,0.0844837082423572,0.0512808163016398,0.1255336140848377,0.7051332697952701,2,0.027777777777777776,0,2,0
E01002873,1251.48716,7.132886581409466,-0.0336881282905051,0.1561186452763926,0.087619660436628,0.2648154443652689,0.7846309731102987,0,0.0,0,0,0
E01002874,498.62025,6.213848309855947,-0.5150171698802846,0.061037713570598,0.0262416939544673,0.0886253086707356,0.8372766193732671,6,0.08333333333333333,0,6,4
E01002877,349.65581,5.859805144074227,0.3182946395199325,0.0703485521947998,0.0524996567338606,0.0987846067483686,0.5516429147393885,5,0.06944444444444445,0,5,3
E01002878,1176.60897,7.071241365133101,-0.3403361356322143,0.1082707197107293,0.0617688729672016,0.1667892873328081,0.8657336646510313,0,0.0,0,0,0
E01002880,820.92243,6.711646023206703,-0.212893890595729,0.0580557897534849,0.0338281048064431,0.0878138670966796,0.8504196533610728,0,0.0,0,0,0
E01002882,180.96284,5.203802490405899,-0.0502181552853612,0.0498746593499527,0.0237348728611907,0.0929921685523624,1.2279736942668955,12,0.16666666666666666,0,12,7
E01002883,2863.85956,7.960274608750152,0.0222223885866805,0.1705931208442358,0.0866787441210979,0.2994836609724108,0.8637224645265725,0,0.0,0,0,0
E01002884,3780.77908,8.237949833974454,0.2880881471656895,0.083794343254777,0.0321772146496324,0.1396839135035108,0.844232260613604,0,0.0,0,0,0
E01002885,581.99045,6.368170805427304,0.2110310744789713,0.2386137779408579,0.1590609605363799,0.4230242173404333,0.8920421766041612,0,0.0,0,0,0
E01002886,2179.18604,7.687165491591473,-0.0773003942334359,0.1055784663525102,0.0433469094726763,0.1711584716462181,0.8590333728398485,0,0.0,0,0,0
E01002887,515.43356,6.246946645241934,0.4645163190382869,0.0810850577909595,0.0366835834282889,0.1350828814459602,0.7492994901376967,22,0.3055555555555556,0,22,12
E01002891,1088.50726,6.993480817969632,0.1773693452444221,0.0785972249739519,0.028476420083776,0.1249803717606429,0.9548551500539756,0,0.0,0,0,0
E01002894,1945.17017,7.573618704965933,-0.1485271645924941,0.0871398773301155,0.0373540583341353,0.1398846340134731,0.7550525122875668,0,0.0,0,0,0
E01002896,856.31933,6.753810462963471,-0.4185917302602523,0.0933369681144532,0.0589943356761548,0.1433860258496608,0.8334939936974173,4,0.05555555555555555,0,4,2
E01002897,577.52164,6.360475953021399,0.4960988474821479,0.0545024079097711,0.0234412168520646,0.0770756980169787,0.7514638110813348,7,0.09722222222222222,0,7,5
E01002898,274.7933,5.619651672098205,0.1338329573537637,0.0464630323956224,0.0026883843237808,0.071025737249726,0.6234233260420782,22,0.3055555555555556,0,22,15
E01002899,1926.87981,7.564176134015703,0.084685930670476,0.0592633019492793,0.0285239897759891,0.0867847144736348,0.840512190245669,0,0.0,0,0,0
E01002900,316.55037,5.760636451419145,0.4286055012350799,0.0333799957333804,0.0051211439114729,0.0482111113255561,0.6091558386133364,22,0.3055555555555556,0,22,14
E01002901,2214.06931,7.703038973186065,0.0869507964951648,0.0934131235485125,0.0534007672957627,0.1437566414413792,0.7722238657312831,0,0.0,0,0,0
E01002902,8464.85301,9.0437960585394,0.2142604210442161,0.0751017352869544,0.040877294572183,0.1156747241244682,0.7922674056282786,0,0.0,0,0,0
E01002903,1926.27927,7.563864582667292,0.3144794524004819,0.0585069370548747,0.0316775978178906,0.0833967629484824,0.6971556759139234,0,0.0,0,0,0
E01002905,1491.62323,7.308290408022513,-0.1162739936679586,0.0944942577758057,0.0619671161865721,0.1441108746544798,0.707713876149138,0,0.0,0,0,0
E01002906,1397.02484,7.242815690876245,-0.0288324579826368,0.0763810899740336,0.0461187504726115,0.1159041518431862,0.8299521606530796,2,0.027777777777777776,0,2,1
E01002908,391.60394,5.972801317451708,-0.3182591063818203,0.0673726878233145,0.0348781986207799,0.1064535262106918,0.7866264802544578,4,0.05555555555555555,0,4,2
E01002909,1060.63597,6.967566365262376,-0.0685836347790467,0.1174515795461849,0.0685428007877198,0.1817573120686873,0.9056911064757012,0,0.0,0,0,0
E01002910,480.82431,6.177579545528883,0.1565314990001233,0.0825791233392504,0.0449662164544051,0.1404486314004485,0.8112105286409204,1,0.013888888888888888,0,1,1
E01002911,2838.55507,7.951402653388974,0.1804029717133513,0.0729370947169962,0.0369714546351922,0.113908817513391,0.8104275397303442,0,0.0,0,0,0
E01002912,3241.24673,8.084021803656471,0.1665461579964324,0.0672958210743802,0.0351149849058235,0.0960684690699344,0.6950584499852279,0,0.0,0,0,0
E01002913,2704.2655,7.902955338035196,-0.2110250565264394,0.0846399327284987,0.0349196075607221,0.1275108770711701,0.7219771749844476,0,0.0,0,0,0
E01002914,1128.99427,7.029967840897069,0.2166990360367374,0.0463450624953127,0.0288919624011909,0.063799533768553,0.8453117007702728,21,0.2916666666666667,0,21,12
E01002915,187.64009,5.239840913888184,-0.3156186399185803,0.1516246341600028,0.0673317732900256,0.2482332997915863,0.7242950682803203,24,0.3333333333333333,0,24,14
E01002916,1540.57842,7.340562118559002,-0.2185155624859396,0.0952077402200661,0.0556211283291895,0.1474039793278454,0.7905658482541708,0,0.0,0,0,0
E01002918,90.57943,4.51720668314319,0.017271581417547,0.0565863574102862,0.0514061525889487,0.0726662951284592,0.7905306539290194,32,0.4444444444444444,2,30,16
E01002919,2868.07531,7.961745065201159,-0.2407400975813288,0.0694096069604253,0.0346021178920856,0.1045618735620587,0.807295571575958,0,0.0,0,0,0
E01002920,268.59141,5.596907516512743,-0.241297404112812,0.0201771530965938,0.0101718070581631,0.0272651587895487,0.7514899077110833,28,0.3888888888888889,1,27,14
E01002921,828.6993,6.721063345991445,-0.3750939333483207,0.0727427065523043,0.0251040636814825,0.1118777324118807,0.7561667349244632,1,0.013888888888888888,0,1,1
E01002922,211.41935,5.358562386913191,-0.3674817371257645,0.0107142510843969,0.0076947545245976,0.0134275013033603,0.760132889533772,33,0.4583333333333333,1,32,16
E01002926,423.98989,6.052065380406178,-0.2537079598761187,0.0263673739956393,0.0066899708386914,0.037642968022855,0.857120803403945,26,0.3611111111111111,0,26,14
E01002928,631.65996,6.449933089813332,-0.1752224092215692,0.1024337841518401,0.0644840303001,0.1575447805974005,0.8769607675369805,2,0.027777777777777776,0,2,0
E01002929,152.52561,5.033867393501821,0.247824283410504,0.0363199334197057,0.0129313365801323,0.0616665343848936,0.9087772684248212,18,0.25,0,18,11
E01002930,1981.78954,7.5922599907643376,0.2867656572655035,0.0701804239011171,0.0264611902230546,0.1099371597974373,0.7172335855448737,0,0.0,0,0,0
E01002931,2916.17295,7.978370258476932,-0.139555333986621,0.0936814601479655,0.0456002858129522,0.1543336465223086,0.8791261387555642,0,0.0,0,0,0
E01002932,570.44057,6.34816048832627,-0.0203322319799239,0.1452661405201246,0.0706326865916987,0.2368709391726912,0.9469057594624306,0,0.0,0,0,0
E01002935,1253.55494,7.134536159187907,-0.2334939384467664,0.084112005493752,0.0357839202484416,0.1368262840647766,0.860667236323636,0,0.0,0,0,0
E01002938,286.90572,5.662633065430489,-0.130752987427368,0.0509775127522727,0.0117257334569697,0.0747725368360726,0.8108721910017386,22,0.3055555555555556,0,22,14
E01002940,709.06303,6.565353740743013,-0.2635830696179435,0.1055960709162907,0.0542358836562103,0.1687980478887492,0.7205818245941935,2,0.027777777777777776,0,2,1
E01002941,1352.22826,7.210248320519408,-0.3104250017670832,0.0762936503042762,0.0431324516173031,0.1156614964476442,0.7830254835492187,2,0.027777777777777776,0,2,0
E01002946,413.74875,6.027672915202238,-0.2349043229737854,0.1332857924042066,0.085602748044556,0.2116593832846719,0.9439075050473226,2,0.027777777777777776,1,1,0
E01002947,326.94158,5.79283548276462,-0.2619512024135933,0.1593030473517623,0.0853405063987272,0.2794856301746745,0.779945827085142,2,0.027777777777777776,0,2,1
E01002948,683.2048,6.528257288011442,-0.0874274887998444,0.1067748206687072,0.0833276054266597,0.1712846529178084,0.832204659204865,3,0.041666666666666664,0,3,0
E01002949,469.60543,6.154020014688233,-0.2511961371485844,0.1253772981287716,0.0742271016755492,0.2049604030514588,0.8398742655528186,4,0.05555555555555555,0,4,3
E01002950,167.80518,5.128745268894805,-0.4577392664517269,0.1496910286082944,0.0879028287446192,0.2519989726992828,0.6945343837318267,13,0.18055555555555555,2,11,7
E01002951,290.68576,5.675677058404048,-0.2533995473324871,0.1140407772296792,0.0606612790389181,0.181632584516469,0.765007237048816,4,0.05555555555555555,0,4,2
E01002952,380.18296,5.943279469836543,0.028633266467282,0.0495204466817765,0.0220134274297827,0.0713092391504022,0.6966516676664392,8,0.1111111111111111,0,8,4
E01002953,493.49112,6.203529193368667,-0.0898929245170612,0.0595642328883243,0.0355128578605426,0.092728766649314,0.6679946938241483,5,0.06944444444444445,0,5,1
E01002954,3648.63375,8.202382099076141,-0.110053433014481,0.0887482115737157,0.0492782318861135,0.1331074340251719,0.7888400413399937,0,0.0,0,0,0
E01002955,804.69034,6.691699475136992,-0.2023140479106534,0.0913430873297174,0.0435674672073235,0.138975569247943,0.8137431690902285,0,0.0,0,0,0
E01002956,797.71879,6.683008931375928,-0.1897334648466786,0.1156923857842185,0.0422556550285094,0.187026981173034,0.7232391345356851,0,0.0,0,0,0
E01002957,538.0702,6.289845803615735,-0.472329930183831,0.1254890532870989,0.0499648744717696,0.2071366612752948,0.8496616403262806,2,0.027777777777777776,0,2,2
E01002959,180.57484,5.201667910313267,-0.2457757680970394,0.0626097190505609,0.0281542544908249,0.1011874720477276,0.8039980981794633,14,0.19444444444444445,1,13,7
E01002960,500.63783,6.217878405135154,-0.3153872930457532,0.0930398328068815,0.0491536965954011,0.1464209735250768,0.789703175835705,3,0.041666666666666664,0,3,1
E01002961,332.07518,5.808368230264954,-0.3114871758858942,0.0708673258868669,0.0314173133927082,0.1072930944108271,0.6744069915434963,7,0.09722222222222222,0,7,5
E01002964,3826.71502,8.250023303615592,-0.854226819325574,0.2089886562809686,0.1209845670713154,0.3768630709688073,0.9627730926860416,0,0.0,0,0,0
E01002965,1872.84261,7.535746473145402,0.0302818452000085,0.0719450845898898,0.0375021369254301,0.1101524572311311,0.5230836966122846,0,0.0,0,0,0
E01002966,365.55212,5.904140721311308,-0.235335032388815,0.0184428420220897,0.0065095505396056,0.0273739017918203,0.7587972214954418,26,0.3611111111111111,0,26,14
E01002967,554.62845,6.320099815472739,-0.0425628184057273,0.0728970178143584,0.0371852002903926,0.1120138884636923,0.5154360887540088,2,0.027777777777777776,0,2,1
E01002968,26797.58496,10.19610436510498,0.2334691476615808,0.1006999367304179,0.0543730956418245,0.1561681500239113,0.8785838952090288,0,0.0,0,0,0
E01002969,656.36874,6.488245109141216,-0.4342534959845893,0.1185958673168987,0.0557791493848412,0.1950978258352357,0.8768154051921168,0,0.0,0,0,0
E01002970,523.13797,6.261754951189996,-0.1688107441331395,0.113852278778388,0.071917719908574,0.1814557632562472,0.7171649778439004,3,0.041666666666666664,0,3,1
E01002971,563.61999,6.336152920789508,0.3864452536539735,0.0833185139512173,0.0401282076599163,0.1325733961047175,0.6489995496309836,3,0.041666666666666664,0,3,1
E01002972,687.82911,6.534993214125274,0.0609075268710276,0.1192930464952261,0.0699808852230752,0.2006476273869097,0.8478587412896013,0,0.0,0,0,0
E01002973,949.24398,6.856718772674337,-0.4577439827429825,0.1080589102076791,0.0599000480361223,0.170368046430394,0.8048055554539899,0,0.0,0,0,0
E01002974,1587.97257,7.370842903958517,-0.1970731962958277,0.0614231138765828,0.0316714979528897,0.08863651667581,0.7977131056201936,1,0.013888888888888888,0,1,0
E01002975,703.67733,6.55774001009791,-0.3569416539253865,0.0245085059085248,0.0095345689195358,0.0327991467620929,0.6670349487892812,24,0.3333333333333333,0,24,14
E01002978,2029.51931,7.616046857054046,-0.1834916219644148,0.0774041366475098,0.0370301822848879,0.1175405943029263,0.7729927206458951,0,0.0,0,0,0
E01002981,117.99221,4.779058028783913,-0.1949263430187467,0.1171950249935991,0.0917650410988996,0.1927846529580686,0.676442418614223,26,0.3611111111111111,0,26,14
E01002982,708.22091,6.564167057690961,-0.1700617255144302,0.0951194451460067,0.0580931449764735,0.1446206590802497,0.757926210898513,2,0.027777777777777776,0,2,1
E01002983,230.40693,5.4441777624528855,-0.224764376661761,0.1359160507889237,0.0808188798835174,0.2129415940564571,0.6797806124659121,5,0.06944444444444445,0,5,2
E01002984,5030.55597,8.523484553230826,-0.0413536259690994,0.0817208520194637,0.0460492182934603,0.1286978924380591,0.8734442773468741,0,0.0,0,0,0
E01002987,7326.63688,8.899408352724459,0.1904064228716082,0.0718802512838605,0.0300684438997337,0.1116324014475739,0.8207388653293275,0,0.0,0,0,0
E01002988,225.19674,5.421405151553409,0.1294058697297305,0.0199093468226937,0.0,0.0270806806193007,0.5840260385668544,30,0.4166666666666667,0,30,18
E01002990,684.2585,6.529796139337996,-0.1684619482257071,0.0656710731397563,0.0220391124114643,0.1008485228188236,0.9406649837466377,1,0.013888888888888888,0,1,1
E01002991,105.31877,4.666441845489312,-0.1507105523545328,0.0132098010639508,0.0041126572215,0.0180062647367694,0.6290247436402103,33,0.4583333333333333,3,30,16
E01002993,820.42907,6.711045591692421,0.248120742479298,0.1153910355711798,0.0654498870938349,0.1854014077636116,0.482034751307434,4,0.05555555555555555,0,4,3
E01002994,605.66909,6.407983485900248,-0.4386667808984606,0.0589100890058629,0.0228164854838472,0.0850847576536832,0.7255789663809185,7,0.09722222222222222,0,7,5
E01002995,672.13657,6.511948236249469,-0.2706738751024959,0.0712506239617344,0.0242365030071195,0.1020570580918718,0.5844532744173208,5,0.06944444444444445,0,5,2
E01002996,1363.26691,7.2183725010784,-0.2773912043387013,0.0863087038472898,0.0467560604107965,0.1297577428241542,0.6785856500960632,0,0.0,0,0,0
E01002997,350.45802,5.862090273108311,-0.2867610791158382,0.0855051055758404,0.0306249233503059,0.128857141972547,0.6024089813842002,5,0.06944444444444445,0,5,2
E01002998,275.51255,5.622256208720776,-0.527178562283279,0.0454139021979216,0.0142935049601188,0.0698721331196457,0.6534488013470663,26,0.3611111111111111,0,26,14
E01002999,943.09416,6.850225906933935,-0.1752252606462964,0.0814613357376743,0.0419188472124564,0.1270311989378983,0.8081839389860677,0,0.0,0,0,0
E01003000,397.13751,5.986797448124752,0.008028126076532,0.0572561881651521,0.0457347884363781,0.0843248550534324,0.584486281957169,27,0.375,0,27,14
E01003001,706.80875,6.562173930084174,0.2670565835524814,0.0754183362896964,0.061290879604985,0.1162311645324213,0.7755433047004957,11,0.1527777777777778,0,11,6
E01003002,1150.4568,7.048783202273878,-0.3033511036659524,0.1150597571329927,0.0589404921592883,0.1802693710687575,0.6856737773899381,1,0.013888888888888888,0,1,0
E01003005,206.39508,5.334625573238254,-0.0876423023261988,0.0651929299865093,0.0310577170734883,0.0800993754921568,0.7748630786651273,28,0.3888888888888889,1,27,14
E01003006,830.11968,6.722773803739582,-0.3133273987673681,0.0415568993617884,0.0214808423768486,0.0559014533920911,0.7238708514695655,10,0.1388888888888889,0,10,5
E01003008,213.34472,5.367585560130381,-0.2385102382660325,0.0457747911455226,0.0210210030039646,0.0665373956500484,0.603331362268102,21,0.2916666666666667,0,21,14
E01003009,397.97603,5.988901339897307,-0.3721458048616647,0.0312918845891296,0.0149968831037386,0.0428350221748808,0.6752370725880763,23,0.3194444444444444,1,22,14
E01003010,570.87241,6.348915907057782,-0.3376953004262371,0.0669345186956924,0.0346319766968594,0.0969667586653525,0.5257294080933657,7,0.09722222222222222,0,7,4
E01003011,304.65181,5.722446578263188,-0.3179001299877391,0.0381065846941792,0.0090198052655587,0.0574370854524849,0.907001472989935,14,0.19444444444444445,0,14,8
E01003013,14853.96661,9.606089540166144,0.1907471172105994,0.1500581776250539,0.0757480880051608,0.2606766242689088,0.9105090565786216,0,0.0,0,0,0
E01003014,4761.60539,8.468550148323969,0.0360081014609234,0.1649704386780358,0.0941390483431051,0.303966884748113,0.8037777997799768,0,0.0,0,0,0
E01003016,581.77022,6.3677929748686175,-0.0880900022692808,0.1580112849365167,0.0807820826579951,0.2627453469844522,1.197891075149856,0,0.0,0,0,0
E01003018,4211.13571,8.345725092582871,-0.1434524250941321,0.1382962507280488,0.0626710579222819,0.2489744415065892,0.7901250771338811,0,0.0,0,0,0
E01003019,1314.00033,7.181592195562404,-0.2998516674649541,0.0687907818105342,0.0372640241269954,0.1047150187782688,0.6978747355537209,0,0.0,0,0,0
E01003020,9164.99292,9.123255492648958,-0.0574943924779375,0.242682281308298,0.1916043324122938,0.4779095824462036,0.8909049316427746,0,0.0,0,0,0
E01003023,3837.6749,8.252882507903616,-0.2910227335827742,0.1983391167396696,0.1344724901007117,0.3884323092952245,0.7453962840094029,0,0.0,0,0,0
E01003024,6164.65343,8.726749400249513,-0.2477493515803369,0.1472115424337812,0.0811556603596449,0.2629245936247856,0.7944862080814766,0,0.0,0,0,0
E01003026,390.2203,5.969270828429881,0.1921250637140097,0.063186230957231,0.0176898792810112,0.1013920368727175,0.7985697042077328,1,0.013888888888888888,0,1,1
E01003030,825.79307,6.717554446059859,0.0414943782465987,0.093384084707807,0.0444631728382026,0.1549242007607798,0.7657583795655283,0,0.0,0,0,0
E01003031,244.47579,5.503198327300506,-0.1608724119472116,0.0654796943288331,0.0358990147858812,0.0951683974479398,0.6832757108924226,26,0.3611111111111111,0,26,13
E01003032,16943.78761,9.73771554988175,0.115011549651973,0.1313269725292549,0.0659090438162072,0.2346079933541676,0.8486214595753634,0,0.0,0,0,0
E01003034,1276.00684,7.152274212322031,-0.2306798919667233,0.1052030332376588,0.0547640481300241,0.1751289611427443,0.7409251899616771,1,0.013888888888888888,0,1,0
E01003035,413.72242,6.027609428969176,0.26854048663836,0.1538046934947349,0.0720854576844058,0.2875908273854385,0.7824871226609362,1,0.013888888888888888,0,1,1
E01003037,3213.26675,8.075354539119793,-0.2203507287404632,0.1073289729214046,0.0557999612077024,0.1774240335720346,0.7956929121908621,0,0.0,0,0,0
E01003039,885.22376,6.786969469509566,-0.2545818471930758,0.0718793178348489,0.0182133385122875,0.1129203395400233,0.9173258794965908,3,0.041666666666666664,0,3,3
E01003040,491.82401,6.200152132623361,0.0950998508592535,0.0752072677379048,0.0421512971682696,0.1077874087137912,0.8510119459006288,2,0.027777777777777776,0,2,1
E01003041,1534.7385,7.336766651818051,0.1985941709287934,0.147762397307424,0.0823689117071084,0.2454680528034521,0.7871560214872086,0,0.0,0,0,0
E01003042,1437.49983,7.271356064812937,-0.3708934769056634,0.1072563535537948,0.0509917486390241,0.1757343813196167,0.7534446013258316,0,0.0,0,0,0
E01003043,82.06331,4.419603088118919,-0.1225330784244505,0.0183370619586268,0.0040763649431152,0.0258646871907749,0.7691275448027566,27,0.375,0,27,14
E01003044,187.9938,5.241714210288768,-0.1655149265560885,0.0155047666465596,0.0,0.0213543952668673,0.8942122856105428,31,0.4305555555555556,0,31,18
E01003046,173.47895,5.1618041039935605,-0.427629807535727,0.0060824670658889,0.0,0.0084806266009475,0.8352217275786377,31,0.4305555555555556,0,31,18
E01003047,56297.0055,10.938414387212513,0.2108649846393695,0.1378817939082035,0.0716148906001758,0.2502252658764297,0.8201903946569514,0,0.0,0,0,0
E01003048,128.52339,4.863861482590786,-0.2005721293221412,0.0242613426240935,0.0,0.0345806997962964,0.8699598914634947,30,0.4166666666666667,0,30,18
E01003051,1949.36884,7.575773782389378,0.0209957700975665,0.1495768497048511,0.0910996658795469,0.2611693759700683,0.8255430267577248,0,0.0,0,0,0
E01003052,191.99636,5.262671328623405,0.1434081354459012,0.0145231920021817,3.197977294986217e-05,0.0192971702627865,0.7617506701863167,28,0.3888888888888889,0,28,16
E01003053,745.8116,6.615812944487479,0.0237789811796974,0.1089704424012713,0.0666891343604738,0.1821412411954558,0.8417904034368874,0,0.0,0,0,0
E01003054,1281.00853,7.156183291124626,0.0034750354082341,0.1797277883856089,0.0756755928861769,0.3340921260737292,0.8885267073150004,0,0.0,0,0,0
E01003057,3718.36933,8.221309397948282,-0.1502019515635365,0.1155212196202145,0.0614827763760626,0.1916558475657711,0.8735120326726574,0,0.0,0,0,0
E01003060,1197.46076,7.088793312412285,-0.0625979092625966,0.2084878255217314,0.1420534648667736,0.3949123194675902,0.7953567505594231,0,0.0,0,0,0
E01003061,10297.21147,9.239725515450596,0.0452955221283806,0.171553588575568,0.0866326356993812,0.3249421232735415,0.831326012393037,0,0.0,0,0,0
E01003062,1879.48143,7.539283102828397,0.9397238950107636,0.1151252449458891,0.0748408777840385,0.1987145073947343,0.949156696583406,15,0.20833333333333334,0,15,9
E01003064,202.54804,5.315902045818865,0.1591724116412087,0.0928600938325544,0.0683975515141988,0.1409847373092875,0.753597218256018,8,0.1111111111111111,0,8,2
E01003067,805.07249,6.692173676427712,-0.3791465163590424,0.1049567474352526,0.0581109410408496,0.1727356911874425,0.7153333818215237,2,0.027777777777777776,0,2,1
E01003068,243.49159,5.499180911595329,-0.160020270104606,0.1108733981325597,0.0875892674568349,0.1770758053363449,0.796455246469713,25,0.3472222222222222,0,25,13
E01003069,998.07056,6.906825406784959,-0.2842784582284443,0.1253217808568564,0.0624399341064623,0.1994024207566156,0.7495627277833751,0,0.0,0,0,0
E01003072,994.25095,6.902994916414007,-0.2250938055427556,0.1028746615731169,0.0594377908313791,0.1623409801435062,0.7393385821157473,0,0.0,0,0,0
E01003074,7813.30054,8.963710736610729,0.0061751547573261,0.0781887688656604,0.0371010994029931,0.1261516794456175,0.8294824836351646,0,0.0,0,0,0
E01003076,9022.64035,9.107603118112054,0.1024661023976202,0.1080556679841505,0.0641939473958972,0.1668332031308221,0.7394227610398987,0,0.0,0,0,0
E01003077,3061.1727,8.026879975672218,-0.1520905762683692,0.1541492872976425,0.0886214913650575,0.2911904647508218,0.8256976331642928,0,0.0,0,0,0
E01003078,124.16329,4.829619204808669,-0.0779868993484306,0.06765534321779,0.0228579638957698,0.1090724831317189,0.8548584179915543,23,0.3194444444444444,1,22,14
E01003079,598.73858,6.396493860271322,-0.7988274949644968,0.1116724597903813,0.0235675810301049,0.1913194054084508,0.5992839306905657,6,0.08333333333333333,0,6,4
E01003081,6078.10059,8.712612034741282,-0.1593803254249861,0.1685524342399868,0.1131364592964066,0.3031622311396552,0.719105418480895,0,0.0,0,0,0
E01003082,353.82535,5.871625696586582,-0.0084488858698224,0.1446784691939116,0.1126083249829329,0.237092534844202,0.7344994714501804,2,0.027777777777777776,0,2,0
E01003083,714.37125,6.572801638709586,-0.4802280186947613,0.1356636202814713,0.0763872006327242,0.2422082832201377,0.7445329547087799,2,0.027777777777777776,0,2,1
E01003084,289.01367,5.669928059800597,0.4432284811995224,0.0982805415397825,0.0330721726761229,0.1919979721680058,1.0520540759469523,1,0.013888888888888888,0,1,1
E01003086,343.10087,5.840934841135025,-0.3105077815745555,0.1362156849092221,0.0779274619735006,0.223001404264517,0.8039372801297868,2,0.027777777777777776,0,2,1
E01003087,2878.5227,7.965379830228729,-0.2575865738352524,0.1159819653324255,0.064211051731501,0.1832787427848451,0.7725231505877476,0,0.0,0,0,0
E01003089,4063.1861,8.309968780532715,-0.2395392276026933,0.1448338337247215,0.0928131054592847,0.261578167945577,0.7982184759639995,0,0.0,0,0,0
E01003090,2227.05211,7.708882989463071,-0.0230642066116719,0.1386283682423578,0.0766290556173829,0.2391420634419117,0.9630218418334732,0,0.0,0,0,0
E01003091,384.28985,5.953995908175861,-0.1149298895091816,0.1728360767269809,0.088535697729201,0.3147893105054291,0.8599046420861509,2,0.027777777777777776,0,2,0
E01003096,1904.17915,7.55233132513388,-0.0032239561072812,0.1213447379675384,0.0771446951301824,0.2024272917424378,0.866312362488289,0,0.0,0,0,0
E01003097,661.0788,6.495384582085744,-0.2286633605555041,0.1501359595860584,0.0956514261234817,0.261221577506536,0.7387879164927856,0,0.0,0,0,0
E01003099,8030.94873,8.991182458694006,-0.0345935728567401,0.1439312027584068,0.0763378139509054,0.2592981375988143,0.8666906333988683,0,0.0,0,0,0
E01003100,1066.30453,6.972891618265826,-0.1343321030437711,0.1315914975996585,0.0759861444084833,0.224173490061527,0.7775444628633073,0,0.0,0,0,0
E01003101,2578.80593,7.855469454156195,-0.17097924464599,0.1619403132053446,0.0898964700302205,0.2998707220043717,0.7171817764197599,0,0.0,0,0,0
E01003102,23398.83395,10.06048420516677,0.0249783297427947,0.1376222189909595,0.0757467168572303,0.2495156728102856,0.8575345349048689,0,0.0,0,0,0
E01003104,1149.01167,7.047527369131894,-0.205526432990885,0.1982394573938487,0.127463083120818,0.3977803148214039,0.9098364974372894,0,0.0,0,0,0
E01003105,108.8952,4.699527184386595,-0.1055319242721442,0.1390945606417913,0.1112032486280387,0.2366996846760827,0.8150472918613462,23,0.3194444444444444,1,22,13
E01003106,1966.03943,7.584284863943102,-0.2018856712349863,0.1321289929571758,0.0718044601984406,0.2240865911986235,0.7939213347672099,0,0.0,0,0,0
E01003107,187.56071,5.239420024000506,-0.3696123244575051,0.022028973978612,0.0053069750055861,0.0325028876238209,0.716708715483254,27,0.375,1,26,14
E01003108,2327.07442,7.752796775694335,-0.107458187778971,0.1699164137604159,0.0983322398430214,0.3175593765784028,0.8390452711146216,0,0.0,0,0,0
E01003110,1068.63658,6.97507422490376,-0.0654720054595173,0.1087509095000285,0.0654048544735386,0.1777782781705844,0.7973020803735014,0,0.0,0,0,0
E01003112,353.49757,5.870701491223723,0.0537528730395515,0.0634373243357797,0.036292922749087,0.0935073142513409,0.7178295957019104,22,0.3055555555555556,0,22,12
E01003115,939.33094,6.846231877133909,-0.0964924672874077,0.1744443443968746,0.1235242927269062,0.2957828681396371,0.8308957853521275,0,0.0,0,0,0
E01003117,8274.88496,9.02110113833383,-0.0949456003071733,0.1211729933221935,0.0580595539783794,0.2148507156383817,0.8266481691558257,0,0.0,0,0,0
E01003118,7540.59209,8.92818859123234,-0.0487296097725927,0.1542630507148942,0.0937887597630281,0.2695916583823553,0.8165576431272736,0,0.0,0,0,0
E01003119,1752.68362,7.469473780379588,-0.2307438349883134,0.0866355446398249,0.0492539834428303,0.1333531319368169,0.8204791879701121,1,0.013888888888888888,0,1,1
E01003120,14275.37594,9.566361417970246,-0.0883462814079836,0.1487773119900056,0.0813085557170972,0.2721933602544996,0.7787959037276561,0,0.0,0,0,0
E01003121,2034.27278,7.618385133119615,-0.1489647125888397,0.092713524879392,0.0451050374866639,0.1559298338814004,0.9062564129378758,0,0.0,0,0,0
E01003125,880.11497,6.781188116854333,0.1830576634777613,0.1853989371411328,0.1372569995031444,0.3134730548125106,0.8570741510220053,0,0.0,0,0,0
E01003126,2474.7216,7.814287188064284,-0.0212196070863082,0.1587220275605951,0.0946624379889843,0.2775416993347618,0.8097829703215624,0,0.0,0,0,0
E01003127,2996.75232,8.005618060173012,-0.0883097939839086,0.1572829315437053,0.0877529678528788,0.2892278158131439,0.8703353418674342,0,0.0,0,0,0
E01003128,3226.96262,8.079606449397142,-0.2012412092954457,0.1722553513805499,0.1005166864932572,0.3232156113778084,0.8540939105511036,0,0.0,0,0,0
E01003131,7938.8115,8.979644813405214,-0.1879370608560236,0.164343303780421,0.0851782297639892,0.2998113096096611,0.7697626275709493,0,0.0,0,0,0
E01003134,136.27259,4.921968657010099,-0.1554367609803263,0.0239062749155938,0.0,0.0328134019475293,0.8124918494524278,36,0.5,3,33,18
E01003137,12544.5449,9.437120893488949,-0.2143857335151313,0.2096659528876172,0.1196477601989371,0.4171606794200755,0.7892889421545272,0,0.0,0,0,0
E01003139,1507.91449,7.319145790495566,-0.1333013319608063,0.2142851150664385,0.1414731414909342,0.4026307597298651,0.837090910774056,0,0.0,0,0,0
E01003141,1309.93225,7.178493804320026,-0.3296770882616257,0.0859607815595043,0.0360820034776607,0.1328996741465999,0.657407841007833,1,0.013888888888888888,0,1,0
E01003144,1605.42733,7.381767942549898,-0.250743850237058,0.1359479036650011,0.0861169156750309,0.2341855692567366,0.7934692244081593,0,0.0,0,0,0
E01003145,1166.46534,7.062590301736207,0.0567055168565916,0.1402460959534382,0.0691270346704,0.2350391431363585,0.7188908087990962,0,0.0,0,0,0
E01003146,1265.555,7.144055895265495,0.1428859117146232,0.1813542753969602,0.1108518555100331,0.323163108150918,0.7063537218937042,0,0.0,0,0,0
E01003147,1692.17812,7.434362586285931,-0.1879610404134052,0.1431756132149965,0.0864726640006431,0.2426350514798197,0.8169616739429701,0,0.0,0,0,0
E01003150,15094.68975,9.622164535035392,-0.0750557294494906,0.1630451073033813,0.0992637559841201,0.2892763526537931,0.7748677460742869,0,0.0,0,0,0
E01003151,138.358,4.93704616168089,-0.3686861619855737,0.1963924745948914,0.1122129547984214,0.3501323153058856,0.8727618132544668,5,0.06944444444444445,1,4,1
E01003152,453.97921,6.120251725599333,0.0322652440405806,0.2002059301349945,0.141307748431916,0.350229193924363,0.6884582383352195,2,0.027777777777777776,0,2,2
E01003153,1023.43571,6.931897213147704,0.0955523136866116,0.1659079689529301,0.0889456651849679,0.3016286308994363,0.7684325422675461,0,0.0,0,0,0
E01003154,542.63623,6.298280328326879,-0.3238912926989781,0.1172181776362407,0.0640670085740496,0.1701801572889766,0.7307495140610435,2,0.027777777777777776,0,2,0
E01003156,235.65527,5.466604525278188,-0.1211824798146886,0.0282613242640404,0.0211595098212741,0.0393413038707583,0.7547359432251205,26,0.3611111111111111,0,26,13
E01003159,1255.39239,7.135999710657927,-0.3813402676433303,0.102009834550614,0.0540008610375597,0.166193160324169,0.7310153802742719,0,0.0,0,0,0
E01003160,528.62932,6.272177365628114,-0.1753809266576435,0.0676479503634039,0.0399633716873668,0.1052241796732934,0.7380211701587965,23,0.3194444444444444,0,23,13
E01003162,3705.72456,8.217903897719529,-0.2682558576344918,0.1770831801918921,0.1166062568881266,0.3245345928476689,0.7642028394400506,0,0.0,0,0,0
E01003163,313.28559,5.750302094836471,-0.1268497220060457,0.0707167859204759,0.0523222596992092,0.1089741265918944,0.7446217788715874,24,0.3333333333333333,0,24,12
E01003164,6032.40228,8.705066356144822,-0.1749404782732758,0.1095251276909205,0.0511431492264471,0.1860595212824106,0.753354448454191,0,0.0,0,0,0
E01003165,743.53594,6.612761124968314,-0.3561860910180078,0.1037533975829063,0.0448617184530447,0.1781909810131589,0.798824333442731,3,0.041666666666666664,0,3,1
E01003166,5658.60467,8.641109322468111,-0.0740792287933413,0.1204375901382769,0.0712588303151419,0.2016008404899336,0.8005951984471827,0,0.0,0,0,0
E01003167,289.36964,5.671154732030838,0.0102340383738943,0.0220444342398877,0.0070520183112506,0.0334014278805543,0.664526366733581,28,0.3888888888888889,0,28,16
E01003169,1945.32323,7.573697348644599,-0.2668930499534516,0.1451767426845563,0.0929837659934796,0.2540996164514603,0.7782629748417879,0,0.0,0,0,0
E01003172,3044.53498,8.021431856009297,-0.349558223830951,0.1295704344313363,0.0780923955749721,0.2225086345952658,0.7715588052625032,0,0.0,0,0,0
E01003175,162.91056,5.099320913204492,-0.1491510433700552,0.0809493871974904,0.0466461474320633,0.1278189695128606,0.8212586715666047,25,0.3472222222222222,0,25,13
E01003176,5324.4474,8.580252005827589,0.0883471437805922,0.1293539419696399,0.0629635011513119,0.2281627657534051,0.8458664765126905,0,0.0,0,0,0
E01003177,1521.84301,7.328334268133653,-0.0009999520252749,0.116716644774023,0.0601509284456351,0.1974914713976807,0.8177853231993212,0,0.0,0,0,0
E01003179,1218.78689,7.106431442141048,-0.4017573654734667,0.1310894228604641,0.0877431246409288,0.2296461013836283,0.7623033592855394,0,0.0,0,0,0
E01003180,1665.45505,7.418453924686755,-0.374711397944964,0.0666260731564025,0.0289104830538656,0.107026121939357,0.7063958525229457,0,0.0,0,0,0
E01003181,1912.29169,7.556580435600283,-0.0654073490221567,0.1505785343866656,0.0850594607771369,0.2560836593911654,0.7893446097279239,0,0.0,0,0,0
E01003183,6762.52843,8.819299989965376,-0.104385283892995,0.1630533108161735,0.0913958360985404,0.2958664527861318,0.7903307380924105,0,0.0,0,0,0
E01003185,541.72754,6.296607426050468,0.3231504530856969,0.1682058475373062,0.1291712989153182,0.3292782032218418,0.9240678415930328,2,0.027777777777777776,0,2,1
E01003186,5146.82175,8.54632894301943,-0.1255886761572809,0.1612407598922577,0.0931131974795902,0.2920094651498821,0.8116039363670196,0,0.0,0,0,0
E01003190,2191.68926,7.692884042071588,-0.1741466671237873,0.0731939070596166,0.0476275090201427,0.113876220007412,0.6972291817393081,16,0.2222222222222222,0,16,10
E01003191,327.30474,5.793942262417332,-0.1804519543468878,0.0738010393616664,0.0257921715401982,0.1084824976677015,0.6966020503605329,21,0.2916666666666667,0,21,14
E01003192,519.04581,6.253916903849081,-0.1372986133921396,0.0856794509139761,0.0621767469811576,0.1251628756010499,0.7358135294828846,16,0.2222222222222222,0,16,10
E01003193,1464.49996,7.289951732856508,-0.0060459271026541,0.0508989839781217,0.0226887134909856,0.0725056111398659,0.6564515079298937,18,0.25,0,18,12
E01003194,372.72736,5.923526547619305,-0.1571076510186963,0.0805471591889578,0.041889707264849,0.1208663189356144,0.7089477231253004,13,0.18055555555555555,0,13,7
E01003195,399.73612,5.993303155830591,-0.2576863957152533,0.0700239197798787,0.0486342340041725,0.1083142436429193,0.7875482561497985,21,0.2916666666666667,0,21,14
E01003198,226.58746,5.42753460407349,-0.1312765499026292,0.1326168270741902,0.0646424122499983,0.1993029740732381,0.5373166237677864,3,0.041666666666666664,1,2,2
E01003199,2601.40055,7.864189586502494,0.0455381044645354,0.1619228649736389,0.0876462296434895,0.26918854682749,0.8494134249333827,0,0.0,0,0,0
E01003200,1800.22382,7.496221612856962,0.0519900464376702,0.0846994403173712,0.0449697027117439,0.1413967083483146,0.9415725607652992,0,0.0,0,0,0
E01003202,2896.2211,7.97150731518848,0.213142615389412,0.088650465946816,0.050961647921148,0.1376704057090938,0.7505082068569198,0,0.0,0,0,0
E01003203,628.311,6.444625570119512,-0.1905707523821801,0.1533397473544152,0.1015200434179888,0.2591265440304438,0.6946027185586563,0,0.0,0,0,0
E01003207,441.44566,6.092317654647283,0.2102227938994802,0.119301138898953,0.0641273265660829,0.1933283279261451,1.2083813016070128,0,0.0,0,0,0
E01003209,736.16156,6.602807081191452,-0.3123378243221502,0.1015461877688913,0.0413745863068427,0.1773704353202026,0.840994683102876,0,0.0,0,0,0
E01003210,2139.9385700000003,7.668999595978147,-0.1123680433499546,0.1515567430517409,0.084796480863467,0.2709872699732551,0.8818556001841719,0,0.0,0,0,0
E01003211,1017.59,6.926174597005887,-0.1705326703289144,0.1622275376133806,0.0831363319215008,0.276446584269241,0.6106716842102344,1,0.013888888888888888,0,1,0
E01003212,491.68143,6.199862778561561,-0.0706933552483362,0.120225895047531,0.0797939430008572,0.1979578336918628,0.8229487842080068,2,0.027777777777777776,0,2,0
E01003213,149.77071,5.015760205939387,-0.2474164007101254,0.0581157023292471,0.0098278228099472,0.0862220527196901,0.974833320105161,21,0.2916666666666667,0,21,14
E01003214,2041.47396,7.62191707757088,-0.0683787022196452,0.110708446166024,0.035024424215531,0.19910435621566,0.8453692708466854,0,0.0,0,0,0
E01003215,902.79147,6.806598659003896,-0.1277417585702266,0.237954253156601,0.1730308439888117,0.4606726651186181,0.8361611089259248,0,0.0,0,0,0
E01003217,1190.62201,7.083070691631952,-0.2596473670094508,0.0800764383651869,0.0426633554338542,0.1208325036251993,0.6972348408647291,1,0.013888888888888888,0,1,1
E01003218,119.78893,4.794044642228751,-0.2309798576546264,0.0587777184419294,0.031001696066573,0.0847473498849921,0.7064427377219006,28,0.3888888888888889,1,27,14
E01003219,121.5228,4.808297135115127,-0.2065353991185193,0.0731930962749377,0.0509157129361732,0.1126378176911161,0.6898995599862213,25,0.3472222222222222,0,25,12
E01003220,888.7050399999999,6.790889992065519,-0.3632851907760082,0.0624938956124295,0.0209419876813121,0.089830405616372,0.699520788291383,4,0.05555555555555555,0,4,4
E01003221,2906.276,7.974971839292506,-0.1510564034523906,0.1375434645573923,0.0955522324789524,0.2262216920377826,0.7988523901038813,0,0.0,0,0,0
E01003223,3062.7654,8.027399961349477,-0.2348895805078638,0.140620443864228,0.0707127160310743,0.2495856175425319,0.8419346938535156,0,0.0,0,0,0
E01003224,1029.07054,6.937382564315554,-0.3742627594800256,0.1503066641087597,0.0845090658216685,0.2469310062621265,0.7570611577821947,2,0.027777777777777776,0,2,2
E01003226,1242.26668,7.125497613953672,0.0972787260139666,0.0813078798829249,0.0483243098816753,0.1273835690821881,0.7719902948110865,5,0.06944444444444445,0,5,3
E01003227,1110.93507,7.013857082817979,-0.4267439230269326,0.1015567543474885,0.0304680902728185,0.1751033283519228,0.8089589016375244,3,0.041666666666666664,0,3,1
E01003229,2436.81658,7.798858073412817,-0.1410309921643754,0.1507802774388542,0.0909055083661651,0.2579144674610698,0.7606825955891536,0,0.0,0,0,0
E01003231,1668.80411,7.42046159912949,-0.0874564900250635,0.1181451428712025,0.065508533533034,0.2014297818073816,0.8047816235033751,1,0.013888888888888888,0,1,0
E01003232,862.2135,6.760662053302631,-0.0874772895576327,0.1023589169039918,0.0585282763491873,0.1642047067000827,0.826546145174494,2,0.027777777777777776,0,2,0
E01003233,258.87868,5.560214906732076,-0.3802403504220587,0.0654113347611321,0.0292647505773747,0.0972906773289441,0.7498554267939124,23,0.3194444444444444,0,23,14
E01003235,212.16445,5.362063933547698,-0.2383824905633343,0.1230635481109111,0.087321650728951,0.2055974953206561,0.9102354384413504,4,0.05555555555555555,0,4,1
E01003236,118.52877,4.783557095533254,-0.1894227873958364,0.1712266144329347,0.0931296258283959,0.2965412906315869,0.6694131503664061,7,0.09722222222222222,0,7,2
E01003237,1334.72132,7.197226739523713,-0.2954976099430254,0.1842500200716056,0.1299107217377781,0.3301436986189411,0.7649952378860089,0,0.0,0,0,0
E01003238,642.38241,6.466739275295364,-0.2218069607478822,0.0948376839895102,0.0642348223700583,0.145210055975964,0.7016170534630226,18,0.25,0,18,10
E01003239,260.38875,5.566008762773546,-0.0806430001296138,0.144314376101118,0.1100519511691653,0.2422296880697728,0.7352726275289078,3,0.041666666666666664,0,3,1
E01003240,1839.39818,7.5177372293653715,-0.2926375299555858,0.1263447210761076,0.0659703164433923,0.2110808929926165,0.7532602616151021,0,0.0,0,0,0
E01003241,3126.74953,8.048069024929733,-0.2435912255498123,0.1313427206303921,0.0850805404934369,0.2130820831076066,0.7850286745453386,0,0.0,0,0,0
E01003243,2135.10994,7.6667416687930015,-0.0362985898515371,0.1596103945823042,0.1035193672509435,0.2627961051586527,0.8066001450710452,0,0.0,0,0,0
E01003244,520.50514,6.256719130576339,-0.3475576821393157,0.1184368515553948,0.0799180772739343,0.19416432899563,0.8305235237559114,1,0.013888888888888888,0,1,0
E01003245,121.84899,4.810955877525171,-0.1710984227280013,0.0950065322658809,0.0599783387617738,0.1525572508923646,0.7630924740625931,22,0.3055555555555556,0,22,12
E01003247,614.65206,6.422681966290296,-0.0670817893297225,0.1818701624460511,0.1189565361580338,0.3282208642095617,0.8830814812614634,1,0.013888888888888888,0,1,1
E01003248,2853.96375,7.956814424986735,-0.3375916214773226,0.1571253839506546,0.0940239447680441,0.2756913337669667,0.8051761538233019,0,0.0,0,0,0
E01003249,207.47819,5.339834431450896,-0.3390224774951045,0.1133950031085194,0.0691638480169891,0.1841561606081609,0.833999974796002,10,0.1388888888888889,2,8,1
E01003251,1762.72866,7.475185403873416,-0.0885808142473839,0.1784683242172961,0.1224222564123964,0.3304695482362692,0.925447186653561,0,0.0,0,0,0
E01003253,2384.90636,7.777334356288403,-0.138208311038258,0.1565703694966036,0.0839086822679277,0.2931396234776842,0.963645586834641,0,0.0,0,0,0
E01003254,163.55603,5.103251120114459,-0.451357556184263,0.0628409726012547,0.0201411100526223,0.1059051212311431,0.743219969230395,22,0.3055555555555556,0,22,14
E01003255,5555.37193,8.622700643678352,-0.098612488399134,0.1263423545433077,0.0639543912589125,0.2137422297446495,0.7728697685656557,0,0.0,0,0,0
E01003256,1130.39962,7.031210747041931,-0.0411053924451955,0.1386668636707432,0.0675532958866352,0.2456832310602571,0.7564435490860894,0,0.0,0,0,0
E01003257,1296.27638,7.168022253365814,-0.2915704134021172,0.1032826888352312,0.0451292185081703,0.1644382238439257,0.8166625827680172,0,0.0,0,0,0
E01003258,601.12384,6.400463138438253,-0.3882875116049298,0.139935009065686,0.0803790114196768,0.2445627284318682,0.7292693811958978,3,0.041666666666666664,0,3,2
E01003259,1014.04335,6.922686599923475,-0.2369719696894615,0.1495769386979363,0.0988754277615449,0.2558452787958287,0.7810962071218122,1,0.013888888888888888,0,1,0
E01003260,125.82804,4.84283215320293,-0.247992418859898,0.0909672438671062,0.0337044111948338,0.1300545238601397,0.6890793133831766,23,0.3194444444444444,1,22,14
E01003261,131.76674,4.888593753866813,-0.3039336026678659,0.0594795014280538,0.0214085891477621,0.088338191466855,0.9062664021336247,25,0.3472222222222222,1,24,14
E01003263,1594.51138,7.3749495782531875,0.1776781298356114,0.098315102649189,0.0633317399089368,0.1538576180153836,0.6576301614599769,1,0.013888888888888888,0,1,1
E01003264,692.68656,6.542020215834246,-0.2518534212645903,0.1200141951649819,0.0718917658803716,0.1853556823254777,0.7527315938201861,1,0.013888888888888888,0,1,0
E01003265,4805.48506,8.477721339210184,0.0284422692597029,0.1114658839455428,0.066613381584418,0.1785327799860449,0.7046069839116247,0,0.0,0,0,0
E01003266,918.74263,6.824093880905756,-0.3932030779936705,0.121309403047946,0.0676948886109704,0.2039811905283515,0.7666518734327857,1,0.013888888888888888,0,1,1
E01003268,801.67045,6.687944231204643,-0.2242894570954935,0.0761742933146656,0.0470996529808476,0.1125365222245362,0.810513906475848,17,0.2361111111111111,0,17,10
E01003269,82.36745,4.423257945412823,-0.0558959880389645,0.0806958331234,0.0513479535908905,0.1196510436665257,0.8980968523939479,30,0.4166666666666667,1,29,16
E01003270,115.578,4.758560576868941,-0.1732423125508314,0.1760720033224316,0.1350225821523127,0.3201459736197219,0.7503575448342832,25,0.3472222222222222,3,22,12
E01003272,1149.57173,7.048014254337676,-0.1722045043679005,0.1252646496447855,0.0669965935922937,0.2177901865822145,0.8620500376125102,0,0.0,0,0,0
E01003273,116.99035,4.770602841460509,-0.366796321235042,0.044008245124491,0.0253841449316118,0.0655506986184742,0.9742949957292324,20,0.2777777777777778,0,20,12
E01003274,1076.79068,6.982668558217622,0.0601753536722661,0.0576308479935951,0.0254255451022291,0.0879409976806929,0.8208021391095865,20,0.2777777777777778,0,20,13
E01003276,517.3589,6.250667859487641,-0.0483550973995034,0.070880253533862,0.0435288926120725,0.1068817129460418,0.7797684201975276,21,0.2916666666666667,0,21,14
E01003278,930.76755,6.837083373706532,-0.2136392808279575,0.1398094185814707,0.0764942546611127,0.2419673862426637,0.8167804105815794,0,0.0,0,0,0
E01003279,210.05675,5.352127054659495,-0.2119300141509378,0.0693233138187656,0.0195030152565913,0.1131740939749207,1.0826061464774903,20,0.2777777777777778,0,20,12
E01003280,1760.876,7.474134429445371,-0.0636147690126959,0.0909925855085764,0.0583906021775525,0.1445380817793722,0.7623045727461223,13,0.18055555555555555,0,13,7
E01003281,248.21057,5.518298201744114,-0.1160318434464737,0.0594193873371307,0.0403252770419889,0.0828491694393963,0.650958468305521,25,0.3472222222222222,0,25,14
E01003282,1158.19967,7.055485106327343,-0.2646033649793735,0.156640331282429,0.084366644656357,0.2797614552702108,0.8825216294508179,0,0.0,0,0,0
E01003284,142.86648,4.968885647217345,0.0618221993010537,0.0311508339814909,0.0022885704190374,0.0520274029389618,0.9910827153298812,26,0.3611111111111111,0,26,14
E01003285,288.71112,5.668884288574364,0.1220151132384509,0.0715433129143068,0.0467016303355409,0.106611383497591,0.7279971546611139,16,0.2222222222222222,0,16,9
E01003286,2697.25497,7.900360535638346,-0.1279360586366813,0.1313167586822539,0.0804608768595576,0.2149212926542454,0.7413139683955534,0,0.0,0,0,0
E01003288,3713.75871,8.220069004840619,0.0638454376051803,0.1205081145403762,0.0745734932251427,0.1927080340019328,0.8245465761805858,0,0.0,0,0,0
E01003290,254.61644,5.543678039683812,-0.332432422666816,0.1091541457417282,0.0670410755880492,0.1927411952261524,0.7617979410135161,16,0.2222222222222222,0,16,9
E01003291,3042.50435,8.020764877208462,0.1350710805064255,0.0806776989488938,0.0500359646157942,0.1117610167596825,0.7219844745658625,0,0.0,0,0,0
E01003292,799.5572999999999,6.685308110137361,-0.3617199667866206,0.0988960390956345,0.048019297678853,0.1588317959228143,0.673121138679626,18,0.25,0,18,12
E01003295,332.89704,5.810832681980696,-0.5769263673837411,0.2621605466963599,0.1389263779575811,0.5674437224503044,0.7113789559661836,1,0.013888888888888888,0,1,1
E01003298,306.66519,5.729012146256594,-0.2755165331937413,0.100224743473493,0.0422160076270802,0.1742513337817446,0.8336672881296227,20,0.2777777777777778,0,20,13
E01003299,709.41733,6.565852586087622,0.658585673400451,0.2828950485322934,0.2363243931466969,0.6144214776242194,0.9244085987522936,0,0.0,0,0,0
E01003301,491.17507,6.198834486531975,-0.2900125000236677,0.1091654957162219,0.0805901854912953,0.1620545702358713,0.8119560628401156,12,0.16666666666666666,0,12,7
E01003302,616.2959099999999,6.425348503750167,0.6067250551768225,0.3307459398846246,0.2778410617717713,0.6768562900398502,0.8768747448084351,0,0.0,0,0,0
E01003303,20529.21805,9.929653130998954,-0.0077874096134899,0.2046538845155868,0.1221612539694369,0.4019121197319891,0.8634483218991251,0,0.0,0,0,0
E01003304,1354.28744,7.21176884365814,-0.371187286503964,0.1592745333294976,0.050247102638713,0.2933682377389333,0.9730606758264488,0,0.0,0,0,0
E01003305,3192.64747,8.068918950109882,-0.5144178007226085,0.1344720467994545,0.0620861344268617,0.2503112450037447,0.7708277939941316,0,0.0,0,0,0
E01003307,285.96394,5.659356563266374,-0.1171412031880662,0.1074303983921888,0.0743940302403163,0.163086670646701,0.6936368129952183,13,0.18055555555555555,0,13,6
E01003308,1260.52498,7.1400765697082855,-0.2548318875838541,0.1087360839132279,0.0636213095911832,0.172359516535659,0.7766438598414814,0,0.0,0,0,0
E01003309,310.81298,5.742403585006722,-0.305678610976929,0.102085183186365,0.0487512458456529,0.1667875939012723,0.8712169580513368,15,0.20833333333333334,0,15,8
E01003310,840.84859,6.735600176219707,0.1992502478954029,0.0701809585005072,0.0413071394934491,0.1114126319704944,0.7169379609964398,15,0.20833333333333334,0,15,6
E01003311,154.67866,5.047794011000857,-0.3719432273333632,0.1434615479601387,0.0703717629826893,0.2241789646107334,0.6775876662534771,13,0.18055555555555555,0,13,7
E01003313,409.66963,6.017789071308412,-0.2674865842508267,0.1358693101072686,0.0894464888695801,0.2236341715513814,0.8179738373898001,13,0.18055555555555555,0,13,6
E01003318,22920.87033,10.03984677002991,0.0083417316728043,0.1131995523138583,0.0666404651310638,0.1848824631088505,0.7923321070108594,0,0.0,0,0,0
E01003319,727.92228,6.591567114528234,0.1109756112974038,0.1019153308509804,0.0619231217926177,0.1494486080920745,0.6509854040416994,1,0.013888888888888888,0,1,1
E01003320,286.12265,5.659909476387175,-0.1315550167035011,0.1045155285679061,0.0724407522438366,0.1742792641240943,0.806258964125965,22,0.3055555555555556,0,22,13
E01003321,1450.63591,7.280446413252826,-0.0862423363006365,0.1682348398503384,0.1121559716524596,0.3036900857529788,0.8406928983353141,0,0.0,0,0,0
E01003322,2852.09507,7.956159673476393,-0.0083657625059462,0.1159881286846444,0.06914155915567,0.1940447578340745,0.9430202818341218,0,0.0,0,0,0
E01003325,2966.06895,7.995329858982716,-0.3192461759865697,0.113470319022759,0.0584851036588343,0.1825650721908477,0.7388584998774745,0,0.0,0,0,0
E01003326,152.63076,5.034552061080798,0.3581959494927497,0.0735062840544068,0.061057744847762,0.0977911203244491,0.7684607364199417,26,0.3611111111111111,1,25,13
E01003327,3645.76136,8.20159475406396,0.0903292968138758,0.0747539795089605,0.040069858000799,0.1159643539835535,0.7193136377411624,12,0.16666666666666666,0,12,6
E01003328,84.26266999999999,4.445736726821395,-0.0841659776506014,0.202664002932734,0.1314862204105329,0.3249628073177387,0.9725500277164768,11,0.1527777777777778,3,8,1
E01003330,626.3518,6.441507467813357,-0.3367136487833194,0.1020112179768621,0.0621586303416067,0.1594572919139928,0.771771163309811,0,0.0,0,0,0
E01003331,378.05919,5.937692367030995,-0.3323455514994888,0.0668520185952892,0.0517694332466828,0.1018393976160477,0.7188966134487731,21,0.2916666666666667,0,21,13
E01003332,342.47382,5.839110893328457,-0.3326619243479691,0.0898387795014521,0.0628032239077427,0.142777007631203,0.675418765936293,26,0.3611111111111111,0,26,14
E01003333,457.48935,6.127937063509626,-0.1436619016377102,0.0641656466975679,0.0359591321634044,0.0915942877684584,0.7483018606597476,20,0.2777777777777778,0,20,13
E01003334,4525.47754,8.417699331012098,-0.0472976074034388,0.1365855016485177,0.0760777944331594,0.237955446770283,0.7511993491640914,0,0.0,0,0,0
E01003336,792.10452,6.675955016228247,-0.3102957927824979,0.1426606680643609,0.0850462007210866,0.2447167688180836,0.834938126198442,1,0.013888888888888888,0,1,1
E01003337,1102.15307,7.005927785690272,-0.4390762800306857,0.1389303574684049,0.0733465180113321,0.2511920640625024,0.8201082486946457,0,0.0,0,0,0
E01003339,1161.37044,7.058216681788193,-0.2419236535760286,0.1322648008847203,0.0688626963847986,0.2219897703883198,0.8291856284160248,0,0.0,0,0,0
E01003340,15839.19533,9.67030599673178,-0.094615154291427,0.1986425468243783,0.1168487534524268,0.3893603975384509,0.8446979482040284,0,0.0,0,0,0
E01003342,972.01345,6.880397905317597,-0.3441052899010811,0.1081550054682885,0.0576593976143025,0.1790554271532762,0.8876907452330127,0,0.0,0,0,0
E01003344,300.5442,5.708916605754137,-0.4473776569303283,0.0828837821525086,0.0391421295104014,0.1312258451421408,0.7724018813367831,23,0.3194444444444444,0,23,14
E01003346,399.11578,5.991753955225413,-0.3627558399219394,0.1309296765966006,0.0861661746373445,0.2094847553188986,0.6209752093115849,21,0.2916666666666667,1,20,10
E01003347,518.24738,6.252380417004445,-0.3668860226558211,0.0688773380774254,0.0438356292317387,0.1057027046691217,0.8264645202156775,22,0.3055555555555556,0,22,10
E01003348,600.28756,6.3990732893232805,-0.3205491714670882,0.1172986493339958,0.075070387932077,0.2029095697129581,0.88795716540857,1,0.013888888888888888,0,1,0
E01003350,190.61056,5.255464978840541,-0.4362715266142652,0.1110770568010502,0.062888435981721,0.181008382527069,0.7300245655724227,24,0.3333333333333333,0,24,12
E01003351,620.074,6.431450237475077,-0.3401778497405148,0.1098667739656879,0.0687968532788022,0.1724222342543532,0.7188207335348027,19,0.2638888888888889,0,19,10
E01003352,165.22239,5.113326590555983,-0.340965349793088,0.0366515095199869,0.0070379081188693,0.0503264510537834,0.5738452593296838,24,0.3333333333333333,0,24,14
E01003354,265.21077,5.5842883634446245,-0.1130258397877281,0.1513946812944286,0.1189057292054919,0.2498320307915963,0.7483225523186884,16,0.2222222222222222,1,15,9
E01003355,1789.23789,7.490103789445793,-0.0054117845671153,0.1206639995758194,0.073685769084624,0.2042201746848752,0.7614744826925517,0,0.0,0,0,0
E01003356,584.69965,6.372807115520008,-0.1103070439669324,0.2168681133980497,0.1800097879312908,0.4155566467143657,0.7005558369470489,2,0.027777777777777776,0,2,0
E01003358,2096.52674,7.648514186770231,0.2712186633021431,0.0714186836462672,0.0222477725230444,0.1183143159826265,0.8717374933715466,0,0.0,0,0,0
E01003359,3485.13236,8.156548194378095,-0.0203230961362971,0.0994323727779452,0.0663400112585681,0.1536084011138264,0.6892621615250417,0,0.0,0,0,0
E01003360,3662.54199,8.206185715251271,0.032800909949431,0.1388470060926181,0.0752114353233667,0.2462243116097172,0.8493286101491085,0,0.0,0,0,0
E01003361,964.76189,6.872917313145467,-0.3654303239527838,0.0718364818494229,0.0446273432297372,0.1097499494205565,0.7633678516489841,14,0.19444444444444445,0,14,8
E01003363,409.4167,6.01717298503646,-0.4166871551648967,0.0586561808543715,0.0192584718698577,0.090353057925567,0.722690818295009,23,0.3194444444444444,1,22,14
E01003364,528.91526,6.272717106970459,-0.3885337700409703,0.0808977793531614,0.0535104999617519,0.124859785386725,0.6638503503706807,21,0.2916666666666667,0,21,14
E01003366,301.63074,5.7125133824472005,-0.4019697064032664,0.0666474511185431,0.0387375305315366,0.1006067356485069,0.7141344172269726,22,0.3055555555555556,1,21,10
E01003370,799.19783,6.684858984597413,-0.3546916412423192,0.1558169270804952,0.0915012744716786,0.2631046075576785,0.7737623059367972,0,0.0,0,0,0
E01003374,3700.98941,8.216625632513468,-0.2052057830665341,0.1221561236512697,0.0813354583470694,0.1889250573674214,0.750348917941707,0,0.0,0,0,0
E01003375,1729.71251,7.456288458193961,-0.0258810812439576,0.0773464198394448,0.0529316285051323,0.1143371949254197,0.7227383939128893,3,0.041666666666666664,0,3,0
E01003376,233.48629,5.4573971213584365,-0.298196309513505,0.0586833599523124,0.046508854973883,0.0881219703522451,0.6071116875278987,24,0.3333333333333333,1,23,8
E01003377,910.88778,6.815516934257661,-0.4011806811152961,0.0742214480031777,0.0557269195114243,0.1166122124899068,0.7256088985808687,20,0.2777777777777778,0,20,8
E01003378,511.71212,6.23971451806554,-0.4078244619259751,0.0759980240452385,0.0589706767156502,0.1231324263668494,0.7652070227241325,24,0.3333333333333333,1,23,10
E01003379,133.21158,4.8994175099356045,-0.276439931123105,0.1131287535212779,0.069338266237815,0.1779751072038887,0.4770928323268147,28,0.3888888888888889,1,27,14
E01003380,870.77709,6.77053376049593,-0.2206049885855402,0.0717223508946474,0.0440167184462788,0.1045622364259969,0.7294485727248553,17,0.2361111111111111,0,17,10
E01003382,292.11263,5.680556937883642,-0.3596447370317401,0.0528854229959177,0.0344895049556741,0.0746418402000267,0.8443799523831176,23,0.3194444444444444,0,23,13
E01003383,1338.30778,7.199908177380908,0.3411514651734297,0.1234867513061905,0.0557169891069451,0.2111193455588587,0.8366932684026925,0,0.0,0,0,0
E01003384,583.0761699999999,6.370031402405416,-0.2200077049967588,0.0425843333641983,0.0288017258534163,0.0594598198272325,0.7169299086929246,18,0.25,0,18,12
E01003386,172.12937,5.154039118500289,-0.1599858873590254,0.0512392510354276,0.020154840513272,0.0750402309050605,0.5842219896116375,25,0.3472222222222222,1,24,14
E01003387,484.02297,6.184196250640737,0.312642001267006,0.0392215683482955,0.0209161147868664,0.0570286941675883,0.6079053904684464,24,0.3333333333333333,0,24,14
E01003388,161.9223,5.093273400038775,-0.0807763970743992,0.0635489985011329,0.0376634966277035,0.0916235098268662,0.6576555463152874,24,0.3333333333333333,0,24,14
E01003389,7476.63925,8.919672412864974,-0.0776300969717109,0.1463003848955264,0.0957727270310654,0.2503468696245988,0.7734350998722589,0,0.0,0,0,0
E01003390,2565.31117,7.85022480438613,-0.3704138979755817,0.094545391933876,0.0468858013821379,0.1502185085958007,0.7430311816936674,0,0.0,0,0,0
E01003392,4624.6435,8.439370775403265,-0.2489437985868532,0.1262560043817431,0.0749810834067534,0.2086798610622719,0.813360708777126,0,0.0,0,0,0
E01003393,3042.27168,8.0206884262272,-0.4691420064101573,0.0991081342215958,0.0302054121609546,0.1711279447983786,0.7287220084096694,0,0.0,0,0,0
E01003394,900.91324,6.804518329183658,-0.3041600099028404,0.0398613522429751,0.0156345021636045,0.0594061017587068,0.8322703522933022,24,0.3333333333333333,0,24,12
E01003399,451.16534,6.114047909405194,-0.3790393118407543,0.1246155123529657,0.0585753329367012,0.203238332589806,0.7239256677146794,1,0.013888888888888888,0,1,1
E01003400,2162.55592,7.679508406338075,-0.0058120485504023,0.0747265115807964,0.0385351792429025,0.1110873431629342,0.7926119784261736,0,0.0,0,0,0
E01003401,1852.80911,7.524997779659888,0.324792471470523,0.0593396801681313,0.0344867961060489,0.0881471272629215,0.6212332786500805,1,0.013888888888888888,0,1,0
E01003402,2380.60176,7.775528548700286,0.3961316654659618,0.0764227276720151,0.0408444039796055,0.1166150481278511,0.7667455944120289,0,0.0,0,0,0
E01003404,846.98218,6.742859621420159,-0.0973688017851804,0.0740246860919789,0.0380492184617154,0.1083384783128959,0.7564923673825996,1,0.013888888888888888,0,1,0
E01003410,444.31272,6.098776776932036,-0.3142726141173721,0.0992859038561849,0.0826419959347551,0.163046596986413,0.7331028258421868,22,0.3055555555555556,0,22,9
E01003411,222.81573,5.410823079377497,-0.3667276542818588,0.0582316158737985,0.0443480359308564,0.083562861588714,0.6173672853943727,26,0.3611111111111111,0,26,14
E01003412,277.54974,5.629596643061255,-0.1712789210323165,0.0919341160254735,0.0664412800386698,0.1407110115647961,0.7269874540802113,22,0.3055555555555556,0,22,14
E01003413,1607.6439,7.383146804909467,-0.1942263582127857,0.1647747053934021,0.1089050317672962,0.279614102865489,0.7571977414663621,0,0.0,0,0,0
E01003414,427.75625,6.060888575633378,-0.362378130068234,0.1105542233456553,0.0781122192837626,0.1793356894983243,0.7493874366998452,23,0.3194444444444444,0,23,12
E01003415,1557.48687,7.351470674404498,-0.3345876874069571,0.1397799905690376,0.0800927072983928,0.2345983576611718,0.7692231848570088,0,0.0,0,0,0
E01003416,283.31564,5.650085029454772,-0.2205369248234936,0.2050461104088712,0.1570044632904841,0.3553998222535018,0.7222064332049074,3,0.041666666666666664,0,3,2
E01003417,711.27936,6.568470194009657,0.1373230906067624,0.1494222607556052,0.1167986654357579,0.2362624256718256,0.8642375118010066,4,0.05555555555555555,0,4,3
E01003421,806.30144,6.693697130122902,-0.4112075503672672,0.0766834547635187,0.0339564567812256,0.1178347541513227,0.664053155685732,23,0.3194444444444444,0,23,14
E01003422,731.80789,6.596883580223355,-0.2112524230915302,0.052336959635677,0.0239855845227358,0.0784216295177829,0.8141159564279905,24,0.3333333333333333,0,24,14
E01003423,1124.9659,7.026396524049231,-0.2309188927415489,0.0477392248067252,0.026643332033442,0.0702640536349771,0.589401600386239,16,0.2222222222222222,0,16,8
E01003426,622.68755,6.4356495218128815,-0.5861085387045236,0.0935672152109031,0.0294250463173705,0.1494474909039067,0.6966897404797555,3,0.041666666666666664,0,3,2
E01003427,21689.73854,9.98464065303377,0.1971788130185546,0.1292813361870981,0.0788161515569841,0.2170054819632294,0.7610232501804578,0,0.0,0,0,0
E01003428,227.68623,5.432350889334106,-0.1778628861306193,0.0448023141320403,0.0310607277392225,0.0625403642162785,0.5609545216730192,21,0.2916666666666667,1,20,10
E01003430,1880.51703,7.539833661281395,-0.3628059832034597,0.0930325688143329,0.0592853657911303,0.1504360792759469,0.7613415274917511,21,0.2916666666666667,0,21,12
E01003431,1362.63856,7.217911817951347,-0.2955543691644832,0.1060617130928688,0.0707915751334675,0.1769271702980104,0.7605496444075833,19,0.2638888888888889,0,19,10
E01003432,142.52883,4.966535920944128,0.3546289547174421,0.2256158982010867,0.2071973087830721,0.3956995103588073,0.792802190117225,18,0.25,0,18,7
E01003433,2996.48484,8.005528829340923,-0.2998817507783554,0.1502762817248226,0.0958542276489541,0.2596733139909361,0.736261753612318,0,0.0,0,0,0
E01003435,1230.90747,7.116319035753424,-0.2579513551900046,0.2164788958507173,0.1493380489436789,0.3858136356117848,0.7607171264550291,0,0.0,0,0,0
E01003436,1064.99488,6.97166380171238,-0.5488176619215297,0.0905159844524323,0.0517649436962551,0.1432501335181535,0.7316657632094647,15,0.20833333333333334,0,15,9
E01003437,743.60055,6.612847900089969,-0.2801778320362995,0.1815425365137236,0.1093439750683347,0.3155791968486199,0.7214588912860668,0,0.0,0,0,0
E01003438,499.08543,6.214778943827285,-0.3697550737956827,0.1457700738729239,0.0920525369774869,0.2283741108295487,0.702321721873258,2,0.027777777777777776,0,2,0
E01003439,1644.1765,7.40560295227662,0.1250180743977304,0.1159725187654731,0.0582906518856096,0.195313297195527,0.7395066744189336,1,0.013888888888888888,0,1,0
E01003440,249.9228,5.525145322101401,-0.2416632656164223,0.1072308328811937,0.0726380306238566,0.1559405144109847,0.6951556568552972,3,0.041666666666666664,1,2,0
E01003441,966.09901,6.8743008790433535,0.1943741873827197,0.1220141090921933,0.0868478169747839,0.1838014683540285,0.6814713622348193,1,0.013888888888888888,0,1,1
E01003444,179.54985,5.196006916928328,-0.2281986311879403,0.051497787383281,0.0380944901931135,0.0709621068357134,0.7794386939923552,29,0.4027777777777778,0,29,14
E01003445,818.47323,6.708661731390416,-0.24663774281292,0.0960624210030668,0.053086818734438,0.1479052611967364,0.7008236437804836,2,0.027777777777777776,0,2,1
E01003446,5785.66427,8.663311285375638,0.0177519616083772,0.0787224471979256,0.0329284592242681,0.1219277969310365,0.7320822611402223,0,0.0,0,0,0
E01003447,811.44212,6.700044674743346,-0.1161280609885027,0.1248493238186846,0.0698799687647468,0.1963216263247247,0.7030713763848428,2,0.027777777777777776,0,2,2
E01003448,436.865,6.081910643689071,-0.1619251256108866,0.120879997253156,0.0953393611298684,0.1828748116648721,0.712363154195032,17,0.2361111111111111,1,16,8
E01003449,741.72525,6.610326191673757,-0.0778440129953779,0.0736760680588937,0.0514635978753588,0.1025782972438894,0.689206245241413,2,0.027777777777777776,0,2,2
E01003451,772.38339,6.650774902345726,-0.5098003855313357,0.1041871705708223,0.0437303293122344,0.1630686502254329,0.7920067025209024,3,0.041666666666666664,0,3,2
E01003452,1077.12281,6.982976668913314,-0.1302464757941575,0.1426640477514351,0.1072605639091423,0.2202076553918508,0.689867332657171,2,0.027777777777777776,0,2,2
E01003454,653.92159,6.484515518545783,-0.3361677506319985,0.0208261819280198,0.0122332403797831,0.0291751440538121,0.6513811645542802,27,0.375,0,27,14
E01003456,15856.18127,9.671377753668656,0.2162756209459001,0.0900362751718213,0.0526870849780591,0.1419907858666194,0.8235993345470062,0,0.0,0,0,0
E01003458,309.63839,5.738629502561667,-0.2077304755395479,0.0295149448361361,0.0197630532828955,0.0403877024277274,0.7747718684167082,28,0.3888888888888889,1,27,14
E01003459,158.30992,5.070851487419088,-0.0897675900537376,0.0290567388322854,0.0158209921399745,0.0386954077841199,0.9787508504853324,26,0.3611111111111111,0,26,14
E01003460,1604.89548,7.381436811442399,0.0329390671596881,0.037188178759155,0.0187396938771364,0.0534492981181409,0.8120037819561783,0,0.0,0,0,0
E01003461,1620.55429,7.391140406531319,0.2196630450436807,0.0371183121547874,0.0182390557245693,0.0589018341671263,0.908897432155928,1,0.013888888888888888,0,1,0
E01003462,168.46319,5.132635735094497,-0.1539726868522434,0.0361591158282114,0.0259337366222258,0.047722722044374,0.9719935934627456,30,0.4166666666666667,1,29,14
E01003463,214.10239,5.371114147323068,-0.4504444345530192,0.0304105899985516,0.0243498449503529,0.0422649897715943,0.6963339841108952,30,0.4166666666666667,1,29,14
E01003464,470.73692,6.156421457314192,0.245364990704362,0.0636702768076912,0.0426837775970493,0.0844911466255918,0.4769921553288634,13,0.18055555555555555,1,12,8
E01003467,647.42101,6.474540192174315,-0.3718257614160529,0.0524845648737905,0.0217308363224109,0.0779511388486989,0.6599834984533159,22,0.3055555555555556,0,22,14
E01003469,756.4569,6.62996663807502,-0.0633341833487142,0.1237365010485065,0.0705252870322155,0.1943316828039603,0.7650598782857768,0,0.0,0,0,0
E01003470,1327.77833,7.1920152502190895,-0.1807074604086963,0.0987494802690446,0.0534329024634706,0.160412550243687,0.7552413468235315,1,0.013888888888888888,0,1,0
E01003471,235.14147,5.464431074580279,-0.1907896977934177,0.0473425210789062,0.0195254371761816,0.0618815563201492,0.7103396455148688,23,0.3194444444444444,1,22,14
E01003478,422.29849,6.048077580310499,-0.0629726855049848,0.1005928531735929,0.0551872681334948,0.1642660279812338,0.9129555066315128,0,0.0,0,0,0
E01003480,1884.12354,7.541748636196099,0.0724172258895507,0.1492665549945838,0.0861744925706941,0.247184785216225,0.5756256119717182,0,0.0,0,0,0
E01003481,111.63987,4.724195738289748,-0.1237736124200072,0.1046317950746449,0.0420639149794782,0.1527699815908267,0.6935431209114901,10,0.1388888888888889,1,9,4
E01003483,102.69859,4.641488518228868,-0.0244571030624665,0.1730054911172587,0.1162392784555269,0.2704097294672976,0.9111481132264732,7,0.09722222222222222,3,4,1
E01003485,1548.70244,7.34581821729034,-0.3207463920570823,0.1723903463340575,0.1166236878919103,0.3111827171452104,0.8584444438323886,0,0.0,0,0,0
E01003486,5234.92197,8.563298224321343,-0.0477855852357624,0.1181781129776801,0.0734588714414018,0.1872241741271626,0.7648150025734475,0,0.0,0,0,0
E01003488,858.29043,6.756106967285207,0.247060834640787,0.2632120691360848,0.2103835994070212,0.5280170351056428,0.9313664874395065,0,0.0,0,0,0
E01003491,1270.7409,7.1481420281828765,0.4151724556910067,0.0600051828031977,0.0161138907231206,0.0929276932960451,0.7972568560834835,16,0.2222222222222222,0,16,10
E01003497,408.69569,6.015414664604887,-0.169313872627333,0.3469299125713804,0.1901848292062977,0.8111751031655672,0.8949478191175604,0,0.0,0,0,0
E01003498,1010.76622,6.919452815255837,-0.2648289730141555,0.1583206549977501,0.1053743268151561,0.2662952288299387,0.8140256883707075,0,0.0,0,0,0
E01003499,5206.26502,8.557810048737297,-0.1855812826063165,0.1381564263895271,0.0802378131722537,0.2380858520182762,0.8170286787445018,0,0.0,0,0,0
E01003500,646.29795,6.472806698545059,-0.0978583484598704,0.3051532501379588,0.2570885610885815,0.5707005428689111,0.8639419004069806,12,0.16666666666666666,0,12,6
E01003501,1548.65827,7.345789714638253,-0.1992292399019701,0.1742403571060257,0.1050707978332753,0.3189493200765931,0.8435022051311004,0,0.0,0,0,0
E01003502,1439.72304,7.272900377665555,-0.2164203331774144,0.1755703166353439,0.0932207766849379,0.3141776454310293,0.8756835667696354,0,0.0,0,0,0
E01003503,4575.30035,8.428646166832264,0.0974469643288008,0.1985176448580037,0.1049718714094912,0.3580762104657793,0.8909235624737831,0,0.0,0,0,0
E01003507,435.49494,6.078776783001699,-0.2580527342062803,0.1227271894364605,0.0884242650442735,0.2049171619614097,0.8036521663538165,19,0.2638888888888889,0,19,12
E01003509,647.72043,6.475001853479836,-0.3268968835829371,0.1154340152587127,0.0813010329163154,0.1781630688962527,0.7701571125182125,17,0.2361111111111111,0,17,10
E01003512,1015.06785,6.923695407404705,-0.1570084305201864,0.1339193335696722,0.0904177292187906,0.234247049411409,0.9424004856372804,1,0.013888888888888888,0,1,0
E01003513,95.85147,4.573178567848299,-0.1366698914476742,0.0,0.0,0.0,0.56720481467329,37,0.5138888888888888,1,36,18
E01003515,6819.59135,8.827701455289711,0.11541552706087,0.0989028719440791,0.0609991667609233,0.1625950891641383,0.8782169455508914,0,0.0,0,0,0
E01003516,2185.42578,7.690023425616426,-0.2881983665443902,0.135416408421795,0.0906385116405097,0.2407765559790574,0.8148263470235221,0,0.0,0,0,0
E01003517,547.87392,6.3078687612188205,-0.1162257915105722,0.0951891997341286,0.0617667656091386,0.1465790424860354,0.8236759421329655,15,0.20833333333333334,0,15,8
E01003518,669.66415,6.50826849005939,-0.2642588378069813,0.1428479335499742,0.1025655322895812,0.2289535707442282,0.7793205418373967,6,0.08333333333333333,0,6,2
E01003520,2793.49624,7.935407133208758,0.2625461418197577,0.0938646117526186,0.0481852518978153,0.1463709373955118,0.909819444253928,0,0.0,0,0,0
E01003521,8798.93304,9.08249939134644,0.0037094724839501,0.1548132829068557,0.0862798303554313,0.2578763497413489,0.7779633797656396,0,0.0,0,0,0
E01003523,4441.78611,8.399036960881308,-0.2683358271837182,0.1746713958723239,0.1071024691911605,0.3252646612226134,0.8962398456223781,0,0.0,0,0,0
E01003525,7788.05526,8.9604748555154,-0.178546000712378,0.2172783286080586,0.1061943813172173,0.4247986860904399,0.9425896514391012,0,0.0,0,0,0
E01003528,671.82535,6.511485786308023,-0.2787918764899241,0.0876473922872961,0.0411405732159407,0.1460602972927057,0.8601040968765714,22,0.3055555555555556,0,22,14
E01003529,648.5779,6.476322767332783,0.1023788198765329,0.1013453742410896,0.0595483904092322,0.1616201292816061,0.8864098729769291,0,0.0,0,0,0
E01003530,281.0912,5.642230422909549,-0.2553704278184447,0.0857519552373037,0.0327495133252126,0.1373648555157322,1.0174882090012165,22,0.3055555555555556,0,22,14
E01003531,9980.14015,9.208452606267194,0.0330111566619633,0.1240534943790343,0.0698633686020932,0.2134562296435597,0.9856765243284094,0,0.0,0,0,0
E01003532,1121.24717,7.023088355939103,0.1684579235102996,0.0594938580759138,0.014755658201572,0.098912780170659,0.8298769334413448,20,0.2777777777777778,0,20,14
E01003533,362.8906,5.8968532730121535,0.0191542575090123,0.0760814967375842,0.0593074607057884,0.1119378035649314,1.3073998030087386,2,0.027777777777777776,0,2,0
E01003535,1233.70859,7.118590261705082,-0.2182851057233864,0.1256348794653363,0.0772796110627713,0.2180508737160673,0.7604096113711306,13,0.18055555555555555,0,13,7
E01003537,430.54053,6.067361434270099,0.3628395914317288,0.2295881876672563,0.2065266654454111,0.4301908276981785,0.7688825547990722,1,0.013888888888888888,0,1,0
E01003538,893.05051,6.795762272458944,-0.0490124237205798,0.2056980965163997,0.1565890937120678,0.384621073198688,0.7868406244221793,0,0.0,0,0,0
E01003539,975.49009,6.883964601775734,-0.5121978942912685,0.1163827815001175,0.0676410151947315,0.1980132856104866,0.767373838570973,14,0.19444444444444445,0,14,8
E01003540,880.09297,6.78116314817782,-0.1628548742981096,0.1939335340901541,0.1332705679946517,0.3637260807049571,0.8820514197586407,0,0.0,0,0,0
E01003541,1695.96477,7.436596504853734,-0.4769064689946359,0.1353611844189428,0.0699854514076963,0.2416889580377224,0.7770666149403782,15,0.20833333333333334,0,15,8
E01003542,1031.06398,6.939315940243858,-0.5872620242247237,0.0905408217247585,0.0377910204951588,0.1530648181194243,0.7754858736767407,3,0.041666666666666664,0,3,2
E01003543,1458.41351,7.28578992851767,0.0630738603072869,0.074192716440209,0.0444070488622942,0.116163399143005,0.8104204904880743,14,0.19444444444444445,0,14,7
E01003544,1422.1296,7.260613669136013,0.0243544751476939,0.0740808924868732,0.0311391943462818,0.1167282897615103,0.7254741165968379,13,0.18055555555555555,0,13,7
E01003545,171.84921,5.152419595920394,-0.192973770435139,0.1101472622422878,0.1101472622422878,0.1867858940569156,0.8410594894695326,33,0.4583333333333333,1,32,14
E01003549,210.54224,5.354424694857742,-0.0269390123331072,0.096962870728458,0.096962870728458,0.1560073606617259,0.7929248764230221,30,0.4166666666666667,0,30,12
E01003550,729.05446,6.593119134099517,-0.0853876951798635,0.110844284527112,0.0758091652028299,0.1733870570637805,0.8557298925780543,14,0.19444444444444445,0,14,7
E01003551,1703.00919,7.440739100567206,-0.2491321787875965,0.2383243451551779,0.1403200178855171,0.4750821634518608,0.7775581151523906,0,0.0,0,0,0
E01003553,1763.80301,7.475794354073487,-0.2477919855687286,0.1978105196679531,0.1136945105904995,0.380780472802423,0.8602543833309076,0,0.0,0,0,0
E01003555,2295.33144,7.739068102421916,-0.2630652329669653,0.2103111609885847,0.1198274790328319,0.4148026730221635,0.8773908337152767,0,0.0,0,0,0
E01003556,5615.55217,8.633473261741413,-0.1955889352907569,0.1761294223716561,0.08943771419009,0.3297317717486371,0.9032960059480506,0,0.0,0,0,0
E01003558,6501.67738,8.779969275689695,-0.0450903794306692,0.2048292420809105,0.1024293303215238,0.3910450549071436,0.9280104706694696,0,0.0,0,0,0
E01003559,2020.43866,7.611564744816337,-0.1951734184298373,0.221576298683574,0.1284968136572876,0.4348314125567709,0.7859872613573086,0,0.0,0,0,0
E01003561,283.83406,5.6519067650838135,0.1583358952762751,0.0627914070636906,0.0394627762432739,0.0939085090804244,0.8696693538175507,24,0.3333333333333333,0,24,12
E01003562,271.1812,5.6064680209695394,-0.2088204492051808,0.0537904913762458,0.044327741008595,0.080322314115573,1.026570988164089,25,0.3472222222222222,0,25,13
E01003564,275.11473,5.620816467748457,-0.1341628272684635,0.0462981753103514,0.0195522064558302,0.0705826593316128,1.008766500530261,25,0.3472222222222222,0,25,13
E01003565,620.52607,6.432177856973674,-0.2013724097039146,0.1201661680386772,0.0767258013833327,0.2106974247107956,0.840367761589158,0,0.0,0,0,0
E01003566,4655.84118,8.446092638900732,0.1565540472323413,0.1002433871681164,0.0402810432635934,0.1615026814126982,0.8676708225518117,0,0.0,0,0,0
E01003567,1016.82074,6.925419091231457,-0.0430803565238057,0.1128744285841376,0.0599548746419157,0.1894144519819275,0.8524913118703938,15,0.20833333333333334,0,15,9
E01003569,5364.65895,8.587774471380907,0.07734173856476,0.1020828006223955,0.055047044509698,0.1664909446145283,0.8308830471005315,0,0.0,0,0,0
E01003570,1070.08741,6.976429682430192,0.0588008506706942,0.1019207393534328,0.0353052747345191,0.1738105077394801,0.8203652917892326,13,0.18055555555555555,0,13,7
E01003571,215.57217,5.3779238406239935,0.3548800849386078,0.1522223392750557,0.1080748502925957,0.2792927874832873,0.8926451735772578,17,0.2361111111111111,0,17,7
E01003572,211.8453,5.360565610752471,0.0394943857616855,0.0712531738962346,0.0407810794008646,0.1104458273520842,0.8661440015435803,26,0.3611111111111111,0,26,14
E01003573,1196.81734,7.088256296265902,0.0526574255683828,0.0990414961735096,0.0659167170823243,0.1537079338692661,0.7716545673519406,15,0.20833333333333334,0,15,8
E01003574,1714.08544,7.447218177601085,-0.2020747577203619,0.170401552445367,0.0895889122073168,0.2903793588557636,0.7802378871146686,0,0.0,0,0,0
E01003575,1033.98512,6.942142328784528,-0.3031149809970185,0.0630558977483157,0.0256027088668355,0.0935921327374396,0.9162300990098794,21,0.2916666666666667,0,21,14
E01003576,4244.80226,8.353686070288495,-0.1630108018270797,0.1791431057144225,0.1112972574604688,0.329765690993344,0.8608519433883841,0,0.0,0,0,0
E01003578,2199.12792,7.696270783110571,-0.1152948574269386,0.1909179798872272,0.1020914736055918,0.3637867452152644,0.8595624726202271,0,0.0,0,0,0
E01003583,846.68632,6.742510661699551,-0.343895269265718,0.1345154247915568,0.0769048211384825,0.2283541868357122,0.8351062712564747,21,0.2916666666666667,0,21,14
E01003586,1465.27508,7.290480504680734,-0.1417643982589262,0.2440183381812512,0.1441578669310338,0.5039815720852775,0.8345695533321116,0,0.0,0,0,0
E01003587,1891.29423,7.545545250205969,-0.0481843430569763,0.1919877955742507,0.0899031294564886,0.3563564255464749,0.9040045259073588,0,0.0,0,0,0
E01003589,797.51307,6.682751335711466,-0.0632011585716081,0.1232385069250338,0.0782617518732326,0.2173669583261852,0.8149822149715171,1,0.013888888888888888,0,1,0
E01003590,3217.10863,8.076549083974495,-0.0608838782046348,0.0684922038209197,0.0329412003722112,0.102874427634664,0.7745962946656829,4,0.05555555555555555,0,4,3
E01003591,7897.90574,8.974479514937123,-0.0396086216141648,0.2251451395518934,0.1084647599250785,0.4641862633331521,0.9517354425013208,0,0.0,0,0,0
E01003593,219.98395,5.398090074446082,-0.0853072690075799,0.2289165641402475,0.1404990227696156,0.4173244875096773,0.8486657779536892,1,0.013888888888888888,0,1,0
E01003594,491.25347,6.198993766757974,-0.1121578438926854,0.0749604883198076,0.0473081849172485,0.1108281197152921,0.8082540996332654,20,0.2777777777777778,0,20,13
E01003595,195.52301,5.280779523690376,-0.5578997070472677,0.0613636216013654,0.0245846256151641,0.0906221347774262,0.7776819865035155,21,0.2916666666666667,0,21,12
E01003596,779.89478,6.660440416051589,-0.0785957562121393,0.1119472039548719,0.0620157119143687,0.1813981268715042,0.9173122092368812,3,0.041666666666666664,0,3,1
E01003598,129.41389999999998,4.870713238903724,-0.1412293424431223,0.0901912391172818,0.0551414492569963,0.1551539848799304,0.8746556029044394,24,0.3333333333333333,0,24,12
E01003600,1969.74078,7.586164781507153,0.0326813460195508,0.1034673405096481,0.0655605708686195,0.164135978635729,0.7756926776510188,2,0.027777777777777776,0,2,1
E01003601,8448.49585,9.041862055849435,-0.0930157419678438,0.1412297527494198,0.0811181164277899,0.2352623661092116,0.8031515898737934,0,0.0,0,0,0
E01003602,1497.7201,7.312366756184423,-0.2463827520242266,0.2232202064991983,0.1278521801236426,0.422820631891627,0.852526416264531,0,0.0,0,0,0
E01003603,1183.80664,7.07733486725929,0.2007227633053317,0.0758282872952968,0.0671292315103081,0.1035309275273946,0.6773407083764109,13,0.18055555555555555,0,13,9
E01003604,323.88186,5.783461608552494,-0.1683199546896512,0.0843498922724477,0.0372641431662767,0.1323020007678721,0.7816781387044155,21,0.2916666666666667,0,21,14
E01003605,4514.56143,8.415284805850337,-0.2820470891233392,0.2152459292153213,0.1113884411137584,0.4031586917181191,0.876361725927107,0,0.0,0,0,0
E01003607,1702.16351,7.440242688972122,-0.2951259423955106,0.1360161104616794,0.08874362487068,0.2346753232101809,0.7830568998259627,14,0.19444444444444445,0,14,8
E01003611,1182.27378,7.076040265774354,-0.1598199192068693,0.1646149591510013,0.1011775546608163,0.309481434162332,0.8857926460801194,0,0.0,0,0,0
E01003615,1461.93742,7.288201624985626,-0.2029928613497013,0.1705319711975085,0.10198575394561,0.2976269478432936,0.8069724655422789,0,0.0,0,0,0
E01003616,2210.09651,7.701243829836973,-0.1383444427049024,0.1904471945435541,0.0902539274178574,0.3443574398696328,0.8214221930902873,0,0.0,0,0,0
E01003618,486.36012,6.189003315931323,0.2469647799248013,0.1759860368485804,0.0487515505999957,0.3423385088251389,0.8063113494942813,1,0.013888888888888888,0,1,1
E01003619,8229.80444,9.015639033730366,0.1708193153615202,0.1701783791110351,0.0877400739306024,0.294874099329115,0.8226881483097865,0,0.0,0,0,0
E01003622,2103.76049,7.651956958170195,-0.174786346519893,0.2044483780565724,0.137073355722162,0.3887171370939865,0.8427661972921977,0,0.0,0,0,0
E01003623,374.2323,5.927545300846803,-0.1233385787383932,0.1127230065389866,0.0877158919740492,0.1774049240616698,0.8509078421770453,20,0.2777777777777778,0,20,10
E01003630,6807.43757,8.825917941102013,-0.0937981734586806,0.1352153465286939,0.0826317838710638,0.2270552575176348,0.8010607915875908,0,0.0,0,0,0
E01003635,1495.76957,7.311064444715809,-0.3227023464583519,0.1160770238159076,0.0578297498056468,0.1955105882545827,0.8235849586366418,0,0.0,0,0,0
E01003636,3176.05249,8.063709156009015,-0.0680464792948053,0.1162037029180207,0.0640379435290756,0.1919530319219063,0.8364754279924494,0,0.0,0,0,0
E01003639,161.90469000000002,5.093165305862678,-0.3380495648396596,0.0773311137558769,0.0564085574049769,0.1055885320508257,0.776458265990744,22,0.3055555555555556,1,21,8
E01003640,1271.76648,7.148948141038825,-0.1984584151014893,0.1062846694937265,0.079290358399759,0.1631939228611286,0.6743013904471655,22,0.3055555555555556,0,22,13
E01003641,2078.64218,7.639951129050551,0.0835731717904425,0.1391413360042564,0.1044606580628514,0.2373168104901881,0.6333341002875097,20,0.2777777777777778,0,20,12
E01003643,273.10041,5.613494499112073,0.0186167790813642,0.1077920388328966,0.0928643790758131,0.1669209866522975,1.0112991996047496,19,0.2638888888888889,0,19,6
E01003645,472.35621,6.159848191745208,-0.2390876368493176,0.0815905860536902,0.0478827408662627,0.1229639818182195,0.6548276245316145,19,0.2638888888888889,0,19,7
E01003646,1722.9052,7.452347461312649,0.078694567756833,0.2070413566573483,0.1023308943521675,0.3736804424823185,0.7761154584955902,0,0.0,0,0,0
E01003647,1162.42015,7.059119351251033,0.589936513058553,0.0903111667498193,0.0456644613395595,0.1451250124710897,0.787699051514868,0,0.0,0,0,0
E01003648,512.06613,6.240404745244865,-0.1049556821889391,0.1483594511513581,0.0970200665292976,0.2405674769038774,0.7323371495073285,2,0.027777777777777776,0,2,0
E01003650,746.35345,6.616538232532133,-0.2740779318431502,0.1908563697267025,0.1172938371223446,0.333287692755303,0.8123561927311752,2,0.027777777777777776,0,2,0
E01003651,553.0946799999999,6.317335574672186,-0.1628063752122874,0.0995226531558755,0.0605048669063314,0.1536145162507871,0.7142742416563783,2,0.027777777777777776,0,2,0
E01003653,2153.07761,7.675117887707914,0.0382388027341011,0.116492493737836,0.0652879345115664,0.1788838165147518,0.7441518505349146,0,0.0,0,0,0
E01003655,864.62913,6.763456560483455,0.1806679471925726,0.1083932020657226,0.0811125112104423,0.1672216848098721,0.5948700544716857,18,0.25,0,18,10
E01003656,124.87804,4.835313501690493,0.027135275345449,0.0642570142836963,0.046794936884019,0.0950742557130169,0.7671137621794699,27,0.375,0,27,14
E01003657,624.16325,6.43801281562962,-0.1919022787708183,0.0986638030995897,0.0725054543022198,0.1522231165700633,0.658910655650438,20,0.2777777777777778,0,20,10
E01003659,531.37684,6.277351584447783,-0.2574316562234816,0.1305140622989891,0.1051242654836066,0.2028094629511642,0.7100172848278488,23,0.3194444444444444,0,23,12
E01003661,122.30822,4.814687074614842,-0.2095541902253176,0.0364904337582543,0.0310258787185358,0.0501316676843336,0.5851920545501715,31,0.4305555555555556,1,30,14
E01003662,3439.43263,8.143352506994631,-0.0361230538189084,0.0972866359065739,0.0489712048815446,0.1575535861555242,0.8837454850069216,0,0.0,0,0,0
E01003663,546.18529,6.304787483637064,-0.1245818429126862,0.0941837338753667,0.078216991160637,0.1416879974040919,0.790683293661043,25,0.3472222222222222,0,25,13
E01003665,441.76645,6.093042430122942,-0.5216417634249952,0.0822437738311725,0.0731976364434193,0.1180035340773174,0.7001013453619895,32,0.4444444444444444,1,31,16
E01003668,93.53494,4.548969501614125,-0.0173406857373298,0.0146328206336583,0.0015406007637359,0.0183025148908184,1.1496328248483347,28,0.3888888888888889,0,28,14
E01003670,302.80541,5.716387397771385,-0.0240540946742001,0.0895322180670417,0.0504856237542123,0.1332345269306011,0.743041820056573,14,0.19444444444444445,0,14,5
E01003672,747.55155,6.618140072563664,-0.2166293816125456,0.0734176659790217,0.0402092136655993,0.1135457954263691,0.8533609519414928,1,0.013888888888888888,0,1,1
E01003673,903.44372,6.807320080677245,-0.0951573164955975,0.099635326481654,0.0508006519764175,0.1517152358722155,0.7675857720060004,1,0.013888888888888888,0,1,1
E01003674,998.96567,6.907720948392849,0.4429526492136612,0.0465294067612954,0.0182153406733186,0.063594193966199,0.7673327924000249,3,0.041666666666666664,0,3,1
E01003675,1438.17068,7.271822309999675,-0.1166461827743561,0.1475308619141088,0.0944025781418378,0.2465839237733277,0.7336600022735078,0,0.0,0,0,0
E01003677,309.84992,5.739310223356458,-0.4999393900117838,0.066321850268672,0.0442309296061783,0.096548880542336,0.666239076927084,24,0.3333333333333333,0,24,12
E01003680,129.56383,4.871862225957098,-0.1343919055186929,0.0,0.0,0.0,0.4492939194085302,37,0.5138888888888888,1,36,18
E01003681,1464.08736,7.289670151072604,-0.2296417202864178,0.1456064684555435,0.1000989927267728,0.238520988233646,0.6853863409928903,0,0.0,0,0,0
E01003684,746.02154,6.616094020058452,-0.25363088041667,0.1354816242973359,0.1130975119029404,0.2256085734651234,0.6795369404492078,21,0.2916666666666667,0,21,9
E01003686,840.24292,6.734880464875975,-0.0552498794039228,0.1044865929962254,0.0653832465497001,0.1573771876490858,0.7924965287273213,0,0.0,0,0,0
E01003689,14886.1867,9.608256168941695,0.1899628814946947,0.1553317069441296,0.0801622211281281,0.2825097446479415,0.8907149779133577,0,0.0,0,0,0
E01003690,8614.68805,9.061340012284768,-0.0570498324660751,0.1430898185570399,0.0790638948325006,0.2432300607325265,0.842596234712648,0,0.0,0,0,0
E01003692,564.56099,6.33781814119951,-0.2749805472744406,0.1218817297312731,0.052112261599938,0.2016961729953529,0.7837677206750457,0,0.0,0,0,0
E01003693,374.08642,5.9271564527534535,-0.2570358474921383,0.0345753796676179,0.0208901996495889,0.0508459258195233,0.7753191925153466,23,0.3194444444444444,0,23,10
E01003694,350.00714,5.860806565139314,-0.3278421691626062,0.0614444322478678,0.0390201182753014,0.0934346670842105,0.8912220133576848,23,0.3194444444444444,1,22,10
E01003695,1029.80403,6.938094388355356,-0.3765693459172032,0.0777753802342373,0.0453692534102823,0.1239708219527976,0.7853934022355422,20,0.2777777777777778,0,20,7
E01003696,634.78347,6.454858049396987,-0.1964482313945572,0.1454113321507883,0.0814615730305642,0.2590258828297978,0.8623155632510313,0,0.0,0,0,0
E01003700,702.8561,6.556573931855728,-0.1378489565645087,0.0830441963867141,0.0605901691683404,0.1213891466870894,0.6549367617428451,1,0.013888888888888888,0,1,0
E01003701,4023.17363,8.30007485945705,0.1025580369992631,0.0876818035815173,0.0582822546488007,0.1326652023890822,0.8099009482173083,0,0.0,0,0,0
E01003702,469.60589,6.15402099215204,-0.3292538132347531,0.1120708899115383,0.0637111898234496,0.1738940130757325,0.792193510045,0,0.0,0,0,0
E01003704,971.31657,6.879681440735603,-0.1900980542316909,0.0938025797294902,0.0686696717219598,0.1400676383784775,0.7457186701969077,1,0.013888888888888888,0,1,0
E01003705,484.07118,6.184295643055463,-0.2653647341698797,0.0567349619946388,0.038115468886208,0.0750294018437385,0.7055549481625337,2,0.027777777777777776,0,2,0
E01003706,469.01369,6.152761821939476,-0.4491454183352302,0.0910629069270877,0.0697963635133976,0.142271085532738,0.7744925453058005,21,0.2916666666666667,1,20,8
E01003708,556.70439,6.323829054980091,-0.47052553330862,0.0924196232761879,0.0756789613245191,0.1373424975062992,0.7029506004139051,21,0.2916666666666667,0,21,8
E01003709,433.06151,6.073186252168524,-0.3463113357730637,0.1489063759095099,0.0917178254885778,0.239190987707033,0.7430362114193255,2,0.027777777777777776,0,2,0
E01003710,759.11275,6.633466777539981,-0.228313527865261,0.1129323542517234,0.0615274608416206,0.1728944073709539,0.7184523100222222,1,0.013888888888888888,0,1,0
E01003711,2107.68166,7.653818225510492,-0.2275427684843071,0.1272062309447623,0.0694716487688183,0.2025778080444949,0.8155736399766991,0,0.0,0,0,0
E01003713,264.19775,5.580475774112821,-0.0140205206138204,0.1483084924076756,0.1045537670173194,0.2439227500588598,0.9174605479062824,0,0.0,0,0,0
E01003714,319.92443,5.771205674853498,-0.0097907809041028,0.1693693726359065,0.0727626521050611,0.2826549620850783,0.8982684211621271,1,0.013888888888888888,0,1,0
E01003715,815.96282,6.705593585868548,-0.2211922842268719,0.1391978742364756,0.0826643302203401,0.2223311037640375,0.8232596145759405,1,0.013888888888888888,0,1,0
E01003716,170.29452,5.1433844141587,-0.0795079019571504,0.0425410635644646,0.0330869131901601,0.0706763053099007,0.8256017826375918,29,0.4027777777777778,0,29,14
E01003719,4177.8905,8.33780105966385,0.0869844386778446,0.0759512892930056,0.0516614832293952,0.1181531086392185,0.7263879206230407,0,0.0,0,0,0
E01003720,1817.01493,7.505500487024935,-0.1707744635868237,0.1432433964645519,0.1054929636709149,0.2231197318394162,0.8195226823867465,0,0.0,0,0,0
E01003721,2293.14808,7.738116846608605,0.0540559596133888,0.1575824662836427,0.1159940661136894,0.2689768964983237,0.6544140235019491,0,0.0,0,0,0
E01003722,974.42901,6.882877384478132,-0.310140981947982,0.1095841656027872,0.0863554749873466,0.1741489038665897,0.7056471230866953,22,0.3055555555555556,0,22,13
E01003723,350.20235,5.861362553082539,-0.4799077162103566,0.1268114848458326,0.104835447277838,0.2003902064480717,0.5370577453686739,23,0.3194444444444444,0,23,13
E01003724,167.42924,5.126515720939828,-0.1796289584782204,0.0282954160217175,0.0,0.0359256453164173,0.6804982468361616,35,0.4861111111111111,2,33,18
E01003726,265.91191,5.586918678869359,-0.0693478152219658,0.131370685878643,0.1103577496773273,0.2241290537743093,0.6426463707842148,27,0.375,0,27,14
E01003729,2546.79439,7.842983318773584,0.1138055318238705,0.0844268743657787,0.0491850070393786,0.1413045361212164,0.8835346465424623,0,0.0,0,0,0
E01003733,1715.3421,7.447950619152907,-0.137135560306017,0.1316707436959659,0.0787485481759003,0.2347383943822432,0.7881257813102515,0,0.0,0,0,0
E01003734,1636.53361,7.400946492489608,0.0079124742204347,0.1416954583658077,0.1058420975539879,0.2426049291879211,0.819917075906489,0,0.0,0,0,0
E01003735,1696.50615,7.436915482401251,-0.3682362778348902,0.0685874083038249,0.0366063807077858,0.1089096193615029,0.8225972066442864,1,0.013888888888888888,0,1,1
E01003738,3655.76575,8.204334360861225,-0.3025319414954308,0.1403393228901496,0.0889867191299114,0.235899791469255,0.8136869320962957,0,0.0,0,0,0
E01003739,1196.80224,7.088243689923788,-0.3437199114867967,0.0779400780533298,0.0497480937201454,0.1252714830595108,0.7178093539305537,23,0.3194444444444444,0,23,11
E01003740,1012.36797,6.921034686069056,-0.1942230254479505,0.1057189116720079,0.0716746105667487,0.1665429521916041,0.8094343357014184,1,0.013888888888888888,0,1,0
E01003741,989.00688,6.897711892599437,-0.2960331883636644,0.1310487445749618,0.0782241777731617,0.2193162958022136,0.828984828473865,0,0.0,0,0,0
E01003743,381.93759,5.947872025511144,0.1146766150982939,0.1391221534387332,0.1141733653396095,0.2238977573641136,0.871752473867796,4,0.05555555555555555,0,4,0
E01003744,94.33542,4.55740141002409,-0.1425205930073772,0.0384262878142695,0.0252477807381363,0.0533168287123924,0.6438081859126527,26,0.3611111111111111,2,24,12
E01003746,612.05024,6.4184468901635165,-0.0837400210806224,0.0633155212879256,0.0379354805906129,0.0906743045426791,0.6777738299508085,4,0.05555555555555555,0,4,2
E01003750,1303.18528,7.1733338182829245,-0.2382556531025274,0.0642132943674747,0.0367609815236709,0.0947364720862078,0.7545243383358665,1,0.013888888888888888,0,1,1
E01003751,612.83682,6.419729127352928,-0.0890635781316143,0.088589063561814,0.06634544249479,0.1407874075044898,0.7746564437374908,22,0.3055555555555556,0,22,12
E01003752,133.09521999999998,4.898550144611319,0.2374454920319453,0.1070428374512623,0.0839030883302946,0.1445906961709607,0.8141385852844368,25,0.3472222222222222,1,24,12
E01003754,724.3776799999999,6.58669245714465,-0.3021344059082549,0.0462228488321175,0.0308535735115416,0.0681863539317101,0.7821972227361317,26,0.3611111111111111,0,26,14
E01003755,2166.84621,7.681489423696572,-0.045171701410226,0.066652279858846,0.0490202624947711,0.0968932119563012,0.7334462469293291,20,0.2777777777777778,0,20,8
E01003756,583.40887,6.370600857721661,-0.0889509101909951,0.0778542499705223,0.0606413817465613,0.1152143707699725,0.7723169372250897,25,0.3472222222222222,0,25,13
E01003760,305.32413,5.72464378971069,-0.2177943485829306,0.0665993545940833,0.0151628369497032,0.1026753603604263,0.7294471645664365,26,0.3611111111111111,0,26,14
E01003761,386.6383,5.960072688344402,-0.3300008819612542,0.0906683585149221,0.06324143262579,0.1493332585868883,0.8130256081871432,27,0.375,1,26,14
E01003762,313.31756,5.75040381243056,-0.6239571762272117,0.1324257089197298,0.0666811014358722,0.2155049638862601,0.8443872126206212,0,0.0,0,0,0
E01003763,867.8104,6.767124919642095,-0.0259339828146793,0.129162533659426,0.0714145278738305,0.2117490081685063,0.6323624796306376,0,0.0,0,0,0
E01003764,881.626,6.7829015548198655,-0.2199456005154113,0.0968677874745073,0.0500018034858318,0.148830868371533,0.754390057874678,0,0.0,0,0,0
E01003765,1501.32493,7.314769140485706,0.1305102620256895,0.099210595270672,0.0673167733250123,0.1571055417066284,0.6660609510512627,2,0.027777777777777776,0,2,1
E01003767,2317.68953,7.74875744730949,-0.0796895216590981,0.180426996190469,0.0874615721286879,0.33706485879804,0.9032834874921812,0,0.0,0,0,0
E01003769,2491.11094,7.820885397375496,-0.1389642646746194,0.1080450515784736,0.0553562299397231,0.174372967505069,0.8386389761401534,0,0.0,0,0,0
E01003770,1957.46362,7.579915577492972,-0.0904842052696744,0.0492294308897551,0.0385475005660641,0.066460962482608,0.6966597393401067,24,0.3333333333333333,0,24,12
E01003771,250.57868,5.52775578355699,-0.0665306401965243,0.0199171374037088,0.016524709923446,0.0263671304379984,0.7327361909008655,27,0.375,0,27,14
E01003773,1228.85407,7.114650799051489,-0.0705673945483208,0.107592100012331,0.0591652595494923,0.1674878107210119,0.750915745471753,0,0.0,0,0,0
E01003774,94.40033,4.558082037567755,-0.2004907186235471,0.1336468844971198,0.0934378089568119,0.2111120593294645,0.7950015583862583,15,0.20833333333333334,0,15,6
E01003775,130.62422999999998,4.879951120484511,-0.2192681250637803,0.0305545150390551,0.0068220115058285,0.0419136824887012,1.2946172294161515,26,0.3611111111111111,0,26,14
E01003776,132.6658,4.895342654826916,0.0671411923796487,0.0755178802675595,0.0539594982278778,0.1127486645291029,0.6963436373460765,12,0.16666666666666666,0,12,6
E01003778,1643.19079,7.4050036211940125,0.1783292431915346,0.0599627569723659,0.0404367833634218,0.0889058198217372,0.9488468747196104,3,0.041666666666666664,0,3,0
E01003779,101.78533,4.632642638557685,-0.1590601513990277,0.1300907507987644,0.0840787174340349,0.1965409302131586,0.8904442494931252,6,0.08333333333333333,0,6,3
E01003781,2430.78752,7.796381870848162,0.1852147323843427,0.0656152290925041,0.0368138018085595,0.1011277763433608,0.8607512496102402,1,0.013888888888888888,0,1,0
E01003782,125.24657,4.838236899469572,0.0975965249986486,0.0691365040974774,0.0498578124734274,0.1027427784929905,0.7887218266375241,26,0.3611111111111111,0,26,14
E01003783,11278.40035,9.33073336317799,0.314685755059227,0.1126991861039939,0.0647304677387161,0.1864830132551524,0.8559933626733525,0,0.0,0,0,0
E01003788,756.39881,6.62988994430195,0.0404004205136176,0.0935082777298393,0.0563012123194641,0.1544367843729329,0.8628878110214339,3,0.041666666666666664,0,3,3
E01003789,1974.08752,7.58836799027744,0.014066661036386,0.1189118909986321,0.0823406806198744,0.1902253608633971,0.9241345094421848,0,0.0,0,0,0
E01003791,476.04772,6.167616527813203,-0.2432089371208415,0.0814830916530805,0.0564809973252261,0.1172420978303654,0.7720226777839568,2,0.027777777777777776,0,2,1
E01003792,767.03034,6.643829237575695,-0.3562986830481829,0.0668837819374915,0.0256091825520226,0.0997791325370097,0.7184207832569491,19,0.2638888888888889,0,19,12
E01003793,646.8215299999999,6.473615241751473,-0.3554839771644583,0.070725104032947,0.0417579482859823,0.1069053889415757,0.7043321035205545,21,0.2916666666666667,0,21,12
E01003796,77.05461,4.357408709919304,0.0632256785155359,0.2727343633301109,0.2222212272568766,0.4583462193935169,0.6741780102797288,5,0.06944444444444445,2,3,0
E01003798,535.4336999999999,6.284942975683105,0.2145649405332536,0.0517958245810825,0.0315558396865942,0.0764632922995957,0.873578356353475,3,0.041666666666666664,0,3,0
E01003799,1617.35075,7.389162854100332,0.0399006276158711,0.0331565555585268,0.0159390534180665,0.0501652876581688,0.752559193278371,4,0.05555555555555555,0,4,2
E01003800,252.21981,5.534257925756149,-0.0291306618619687,0.0478822817287825,0.0297250640225286,0.0651883242185393,0.6577983159902158,17,0.2361111111111111,0,17,9
E01003801,2037.16474,7.619805044666895,0.1222099985885284,0.0330328120640847,0.0142348723353615,0.0463346419712744,0.6938882389681928,18,0.25,0,18,10
E01003804,715.74992,6.574726993148545,-0.1461852486130909,0.0483627018777731,0.0155124572001349,0.0730192842031934,0.9636626559340254,5,0.06944444444444445,0,5,3
E01003807,1439.70821,7.272890084169918,-0.1747169379550874,0.047981000261157,0.0169659447868259,0.0706706251589493,0.7747131849711527,2,0.027777777777777776,0,2,1
E01003808,431.48852,6.069555782667051,0.09299417745807,0.0573658599306419,0.0279276955039267,0.0898358311069491,0.9237039989494338,4,0.05555555555555555,0,4,2
E01003809,529.70873,6.274213339670285,-0.1861629692227273,0.0503283757471771,0.0236391422131177,0.0734814536325654,0.7339862349321978,4,0.05555555555555555,0,4,1
E01003810,126.56188,4.848601580195685,-0.1681236087833082,0.0666795562771349,0.0008583943285292,0.0950258404697665,0.8402693926878039,27,0.375,2,25,16
E01003811,166.91485,5.123457005675698,-0.3402857804443403,0.0965736721448091,0.0552936422373443,0.1466857484439485,0.7341048279149935,10,0.1388888888888889,1,9,3
E01003812,1591.09752,7.372807620809646,-0.2379707436160166,0.0964974667297577,0.049589342581591,0.1442271894367565,0.7037461249089,0,0.0,0,0,0
E01003814,916.83879,6.822021765177459,-0.0658249963442318,0.0906016749138635,0.0519293473610556,0.1371627178224828,0.7846670489304886,0,0.0,0,0,0
E01003815,1732.3849,7.457831365458887,-0.0619214702229279,0.0608701103317166,0.0218237355913226,0.092065019149746,0.9343098178269906,1,0.013888888888888888,0,1,0
E01003816,1122.30715,7.024032425801307,-0.1043240702868194,0.0440109643781561,0.023583543952295,0.0604211935478776,0.7446992762268988,2,0.027777777777777776,0,2,1
E01003817,1824.73901,7.509740121038038,-0.3191243716546619,0.071633214001382,0.0393273666024162,0.104528890986029,0.7584671330406016,0,0.0,0,0,0
E01003818,283.28978,5.649994070068497,-0.3408531010190343,0.0326047413358858,0.0081624547133327,0.0494700572093557,0.687999356201056,23,0.3194444444444444,1,22,14
E01003820,219.07048,5.393947858683252,-0.3943903350191226,0.0536687553704177,0.0180696185081623,0.0787203388661636,0.7216307862551754,23,0.3194444444444444,0,23,14
E01003821,768.84646,6.646191092366986,0.4119030215733842,0.0575683602679265,0.0195315459994444,0.0825875332153218,1.0711552590140607,5,0.06944444444444445,0,5,4
E01003822,265.72374,5.586213441099734,-0.2959384810706036,0.0660151403860264,0.0192061499661264,0.094655535146077,0.8366245463830158,10,0.1388888888888889,0,10,7
E01003823,1712.0683,7.446041369099614,0.0478455795250692,0.0757278316525106,0.0454313884557058,0.114641383066611,1.0727271008632513,0,0.0,0,0,0
E01003824,244.39753,5.5028794670264825,-0.090425259207816,0.0914513743244459,0.0628940889869058,0.1424131185922272,0.8021696582238972,5,0.06944444444444445,0,5,0
E01003827,819.72971,6.710193834784624,-0.1380565430524654,0.0834928991411083,0.0570066930964354,0.1284388052469508,0.8503311131731499,1,0.013888888888888888,0,1,1
E01003828,546.17791,6.304773996341438,-0.4243453016984886,0.071928137847977,0.0254145943031639,0.1066755630039269,0.86317195839377,11,0.1527777777777778,0,11,6
E01003829,560.32684,6.330303338371294,-0.0634468625490079,0.0910215901847571,0.0710692173874805,0.1204761252572013,0.6602054071885726,3,0.041666666666666664,0,3,1
E01003830,428.23443,6.062003226551286,-0.2387374831117619,0.082955450359281,0.0458937643103568,0.1202110336874248,0.7771808734606392,5,0.06944444444444445,0,5,3
E01003831,119.35145,4.790416212349273,-0.0623785467206305,0.2309033530803354,0.2204032711793614,0.4109033383058651,0.4528359518240499,14,0.19444444444444445,1,13,6
E01003833,848.12136,6.74420212073649,-0.4926251592107054,0.0966861511423318,0.0415433234696506,0.1515242293539351,0.8181977803917603,1,0.013888888888888888,0,1,1
E01003834,1387.78783,7.236186580906861,0.0095991114146028,0.0612179240684074,0.0253747505481439,0.0906131525015669,1.1103949456873936,2,0.027777777777777776,0,2,0
E01003836,358.55559,5.884868796639439,-0.0663413726167259,0.0826720620922406,0.0352946944712255,0.1292207641613695,0.7967785636568563,4,0.05555555555555555,0,4,2
E01003837,313.53437,5.751093354748067,-0.1940225245481061,0.0657240544314168,0.0345794306378595,0.0964607956326373,0.7615045657435773,6,0.08333333333333333,0,6,3
E01003838,655.87716,6.487497029922669,-0.1623716855760002,0.0710318834703742,0.0403714317479815,0.1085753606483881,0.7354076586037829,2,0.027777777777777776,0,2,0
E01003839,158.09981,5.069531741125555,0.0100771152096893,0.0837541803497423,0.0639187991434018,0.1248799441688515,0.7396311900677587,10,0.1388888888888889,0,10,3
E01003840,458.0465,6.1291515121188604,-0.2765430147375867,0.1884922818971436,0.1251885780155508,0.3290738097500463,0.7602788279188025,1,0.013888888888888888,0,1,0
E01003841,1183.5721,7.07713689131158,-0.2448785502801223,0.1382164888814124,0.0836247745278889,0.2346846785585643,0.8138686074667061,0,0.0,0,0,0
E01003842,93.77978,4.551556095371946,-0.2032676980048364,0.0620664710452509,0.0230740571155104,0.0876748124819621,0.5506978003189971,26,0.3611111111111111,2,24,16
E01003843,237.46201,5.4742100104291005,-0.224422298118339,0.1719295225370997,0.1064806955857907,0.2922885694131416,0.8366112660077066,3,0.041666666666666664,0,3,1
E01003844,614.8697599999999,6.42303551260792,-0.0705507130485648,0.0514556285871011,0.0232391653152693,0.0769144112086202,0.7120530957800066,19,0.2638888888888889,0,19,12
E01003845,350.06232,5.860963757563305,-0.1438130216356905,0.0727743277254175,0.0529639693869365,0.099842317210398,0.7350661048469126,20,0.2777777777777778,0,20,13
E01003847,1290.381,7.163467467369251,0.0819322510173352,0.0493973795336416,0.0237915855859625,0.0700752657753845,0.9139722723668908,1,0.013888888888888888,0,1,1
E01003848,425.93419,6.056629879570783,-0.3517734277213107,0.1228527580751383,0.0892447023330059,0.1969645133546514,0.8244355757812982,8,0.1111111111111111,0,8,4
E01003852,2497.95675,7.823628623762417,-0.1259425688615305,0.0466280451012612,0.0235526936164927,0.0668928451015952,0.8087836221619402,2,0.027777777777777776,0,2,0
E01003854,945.28049,6.852539026161209,-0.1180636553706931,0.0674643776896315,0.0324245452267823,0.1037771050828792,0.9784199101368648,1,0.013888888888888888,0,1,0
E01003855,1214.30461,7.102750032171626,-0.3609899578656791,0.0757649680667851,0.0313577332132503,0.1195739867840765,0.901459005269572,0,0.0,0,0,0
E01003856,994.3623,6.903106791485789,-0.1949497079686146,0.0669159319495519,0.0317844512005332,0.1065013241623214,0.8887310647985198,2,0.027777777777777776,0,2,2
E01003857,1448.79736,7.2791790739243,-0.2408509220364675,0.0726178090219601,0.0409103796268651,0.1075027513681022,0.8283475588479303,0,0.0,0,0,0
E01003859,477.53711,6.17073376274472,-0.195260573570921,0.0464171883940077,0.0119542751347638,0.0666729311225779,0.7587790312514596,7,0.09722222222222222,0,7,4
E01003860,1008.50908,6.9172194322642,0.1989244162283596,0.1069049075889331,0.0756451295411242,0.1714263213362679,1.2049159121403967,1,0.013888888888888888,0,1,0
E01003861,1220.59197,7.107910180536387,-0.2565856057532477,0.0561293058482106,0.0309634185124124,0.0839325586362402,0.8415397764214623,5,0.06944444444444445,0,5,2
E01003862,720.25095,6.580987134979154,-0.3887219447610586,0.0518683661576565,0.026302471381676,0.0730784599366124,0.8035908146678017,5,0.06944444444444445,0,5,1
E01003866,238.79382,5.479779470785093,0.0539225847637095,0.0435133957821856,0.014025488599328,0.0623874185845847,0.7711161923953346,24,0.3333333333333333,0,24,16
E01003867,649.50427,6.477747862112415,-0.120844948409654,0.1509435188162812,0.1105675409955349,0.2499921206876064,0.6276247354830251,3,0.041666666666666664,0,3,1
E01003868,848.07089,6.744142681058779,-0.1726491166322193,0.0371942845485475,0.0161885759337878,0.05654027854871,0.7139681499134504,19,0.2638888888888889,0,19,12
E01003869,168.11607,5.130585283914363,-0.1929406867529081,0.058113897142611,0.042864016509546,0.0774172403893477,0.5615672235541587,25,0.3472222222222222,1,24,13
E01003870,300.98014,5.710361253623078,0.1644611501609376,0.063013626081774,0.0335043036394361,0.0956070708858993,0.6598382624060208,7,0.09722222222222222,0,7,4
E01003871,288.71322,5.668891537148008,-0.3001631861540667,0.0561184209022364,0.033704137275044,0.0809677209143711,0.7456629013443915,21,0.2916666666666667,0,21,13
E01003872,256.66475,5.551659321340547,-0.1286015707260151,0.0389268491290681,0.0059980577777041,0.053566496088541,0.7057985028004959,21,0.2916666666666667,0,21,13
E01003874,444.24645,6.0986279490891375,0.1729096315794982,0.0505814058840537,0.0179129174808262,0.0802780567764451,0.812554079580679,6,0.08333333333333333,0,6,3
E01003875,829.74312,6.722320625527224,-0.0756112084424394,0.043353501985048,0.0213844858394246,0.0577344582491051,0.9025251239590636,3,0.041666666666666664,0,3,3
E01003876,24143.45724,10.091810118866745,0.2064648940062073,0.0682069574224739,0.0320991460459123,0.1057703449566161,0.891277713140265,0,0.0,0,0,0
E01003877,143.37733,4.972430219673972,-0.177070880033824,0.0375417787456357,0.0018058642883083,0.0538189998875154,0.6867141328052035,22,0.3055555555555556,0,22,14
E01003878,336.77424,5.822377743324988,-0.1702851738303974,0.0398413489107717,0.0117646765382055,0.0535021504072052,0.765864986074796,20,0.2777777777777778,0,20,14
E01003880,1343.58934,7.20384392199518,-0.1274275069791787,0.0486093466624258,0.0188080533595183,0.0715938696635088,0.8218665517707988,3,0.041666666666666664,0,3,2
E01003881,557.82028,6.325827918778669,-0.0956533885788448,0.0788200636950668,0.0335861758199253,0.1148076321848756,0.6697029678969937,0,0.0,0,0,0
E01003882,4021.96652,8.299774849767507,0.1167053871945209,0.0818669097225602,0.0452264878624598,0.1290893498006998,0.7727182236432116,0,0.0,0,0,0
E01003885,2102.7636,7.651483210130585,-0.2215112911408586,0.0591237027310155,0.0247188699671232,0.0904106878590741,0.7358467879851796,2,0.027777777777777776,0,2,2
E01003886,1298.58315,7.169798838183037,-0.0923550178515716,0.0726548469383727,0.0297169341832288,0.1112170884378414,0.8265678685974266,1,0.013888888888888888,0,1,1
E01003887,906.42507,6.81061099523701,0.2078255072975861,0.0705580440311519,0.0467766519299824,0.1121504527598361,0.9329624965639256,2,0.027777777777777776,0,2,0
E01003888,3377.85428,8.125291960599407,-0.0329682901537125,0.0970012803512648,0.0550642433278679,0.1513608345392311,0.8962548283752286,0,0.0,0,0,0
E01003890,327.51786,5.794591204787704,-0.2279051285935979,0.0725579056971122,0.0380201250704312,0.1161926722469831,0.7908037670654658,8,0.1111111111111111,1,7,5
E01003891,1010.18173,6.918874955586966,-0.0368729594822507,0.06920315218926,0.0414156866606565,0.109028548677933,0.966247311190247,1,0.013888888888888888,0,1,0
E01003893,2391.64894,7.780156374263043,0.2323363478253627,0.0504397355240606,0.0233564211978368,0.0726961468079848,0.8495778987497588,0,0.0,0,0,0
E01003894,832.44592,6.725568817062459,-0.0756685551416961,0.0378015787500045,0.017827404331563,0.0538440119632864,0.976534943152461,8,0.1111111111111111,0,8,4
E01003895,699.84712,6.552289774804769,-0.0440963735051163,0.0503890049586829,0.0252692616638902,0.0742622066635887,0.8154829664696231,2,0.027777777777777776,0,2,1
E01003896,2946.92804,7.988857843241969,0.1158733960806182,0.0683856874903535,0.0309253971467861,0.1037102611109176,0.967928973615636,0,0.0,0,0,0
E01003897,3788.39877,8.239962649608565,0.3614895772970594,0.0615310093134678,0.0303994317894892,0.0961167027906978,0.651435818805595,1,0.013888888888888888,0,1,0
E01003898,452.99141,6.118078277157504,-0.1885368863837837,0.0340870922916617,0.0129557865125963,0.0498794761407465,0.862681568729517,15,0.20833333333333334,0,15,8
E01003899,485.98518,6.188233691408052,-0.2765467868793859,0.0765248232466677,0.0554182948541764,0.1156352633679699,0.7517075769457898,14,0.19444444444444445,0,14,6
E01003900,1436.64595,7.270762297952422,-0.1762473837064727,0.077656634886278,0.0488018290101329,0.1187488781984058,0.8088654238023715,0,0.0,0,0,0
E01003903,526.48836,6.268126798756045,-0.1668988085510571,0.079465612497112,0.0557213648560055,0.1172214141797225,0.6685196120544529,3,0.041666666666666664,0,3,1
E01003904,315.6352,5.757750322568056,0.0920953683239384,0.0695052706415507,0.0504835645707449,0.0979358278060876,0.7202250546121256,12,0.16666666666666666,0,12,4
E01003905,1660.19933,7.415295108433618,-0.2883124100525929,0.0890992047322414,0.0475219322007556,0.1468460496453367,0.7946941677224956,1,0.013888888888888888,0,1,0
E01003906,118.75902,4.785481557045159,-0.0148052754224479,0.0678728234705877,0.0349909421616985,0.0959344801816784,1.0633872124507522,7,0.09722222222222222,0,7,4
E01003909,380.27749,5.94352743024022,0.2775640756438147,0.0457876694200332,0.0232738992781297,0.0689280111247433,0.746794110140895,25,0.3472222222222222,0,25,14
E01003911,5114.66857,8.540063377566602,-0.1115431747320433,0.1470334860817775,0.0884768766160736,0.2624339118692175,0.8291154402387572,0,0.0,0,0,0
E01003912,1440.97486,7.27376888357364,-0.3719396187106275,0.1214727923844556,0.0852737777812445,0.2095171269982854,0.6989195690816529,0,0.0,0,0,0
E01003916,2128.80195,7.663784273159792,-0.0584990210103856,0.1315513545071677,0.0835970720526632,0.2227500835511326,0.8275223912562599,0,0.0,0,0,0
E01003919,4895.81896,8.496341081445717,-0.030958669272362,0.1573610291341328,0.1010855434082472,0.2799054729541331,0.8582139212653669,0,0.0,0,0,0
E01003920,5900.6565,8.682988353199201,-0.1206925703944976,0.1673566051506302,0.1090776153466991,0.3061745626873896,0.7704237129319279,0,0.0,0,0,0
E01003921,10975.09021,9.303474568773,-0.0188963868206783,0.2213182847268824,0.133685680201803,0.4349469750312644,0.9286475469193352,0,0.0,0,0,0
E01003922,17212.61105,9.75345568997332,-0.0853605885668345,0.1670746565786136,0.0847629622119417,0.3093669724949081,0.8254326355929282,0,0.0,0,0,0
E01003924,2914.47328,7.977787445811433,-0.2261495497395673,0.1629997856765391,0.0812754543421307,0.2970817712900109,0.7817244463405373,0,0.0,0,0,0
E01003926,387.5421,5.96240152944495,0.2364536394884581,0.1529076969960166,0.1076208752545852,0.2585597098736076,0.8105661822190471,0,0.0,0,0,0
E01003929,3670.61418,8.208386675413957,0.7109851191170411,0.1833873970377349,0.0631896349291605,0.3902493760421858,0.768207831628865,0,0.0,0,0,0
E01003930,2794.38922,7.935726631707962,-0.073570102020362,0.1244777633374924,0.0608271026754104,0.2084753411049884,0.8369074375570822,0,0.0,0,0,0
E01003932,41214.83959,10.62657791752128,0.0419788757450311,0.2167929689617894,0.126455992595069,0.4584318231459143,0.7456835405765093,0,0.0,0,0,0
E01003933,19789.56115,9.892960393424524,-0.0292259169173137,0.2254179946784721,0.1522351227076099,0.4540303666335539,0.8351610438147286,0,0.0,0,0,0
E01003934,2294.64251,7.7387680440972515,0.1860807982677877,0.2438672026519721,0.1680089374793287,0.4729110975251904,0.7819452050254762,0,0.0,0,0,0
E01003936,305.60018,5.72554455352169,0.000247643833194,0.1785289524371353,0.0800792067596295,0.3244010172062788,0.9217467954190376,0,0.0,0,0,0
E01003938,300.46952,5.708668916529481,-0.075524931780102,0.0981716548154368,0.0453306212224121,0.1586072457816838,0.8474318751400821,19,0.2638888888888889,0,19,12
E01003939,6535.23369,8.785116390184635,-0.0018397582351795,0.2082737136214022,0.120390235042995,0.3850143746339443,0.7208743406654959,0,0.0,0,0,0
E01003941,3490.65739,8.15813179931679,-0.0344658488526139,0.1011868254420695,0.0593528401250516,0.1663685145232079,0.8822590901127586,0,0.0,0,0,0
E01003942,2808.237,7.940668195207668,-0.2112708507152352,0.1753360026237101,0.1123548083726551,0.322056300342447,0.919192538701369,0,0.0,0,0,0
E01003945,394.16156,5.979294693936474,-0.316796696258255,0.0633033317607125,0.0249732368625697,0.0949847115732456,0.8677780988001313,6,0.08333333333333333,0,6,4
E01003946,2042.73039,7.622532039492497,-0.3126494975188576,0.1387294384943281,0.0771913321365919,0.2405341858790386,0.7797230088368173,0,0.0,0,0,0
E01003947,180.72427,5.202490538303888,-0.0378804130734627,0.0635188621871318,0.0531516879276922,0.0986647418587449,0.5918962573227882,25,0.3472222222222222,0,25,13
E01003948,989.83023,6.8985432078481885,-0.2843056328962593,0.1602276988448817,0.0963375608360637,0.2696671652618,0.7910198732470585,1,0.013888888888888888,0,1,0
E01003949,2216.60859,7.704184682545081,-0.1760227456305219,0.0931771585347867,0.0508516616368431,0.1508056845011538,0.8139683721936916,0,0.0,0,0,0
E01003950,2456.98169,7.807095840952588,-0.202211238293762,0.0996616380971076,0.0514008429586628,0.1601659321506532,0.7647225795163057,0,0.0,0,0,0
E01003951,841.79939,6.736728958151889,-0.1002362926397463,0.0643046676477159,0.026064630434099,0.0953461422224285,0.7007860860943992,6,0.08333333333333333,0,6,4
E01003952,2531.53365,7.836975523300111,-0.0436598778767961,0.064807777688438,0.0319321017123355,0.0971060126443204,0.7274590077294125,0,0.0,0,0,0
E01003953,3380.66844,8.126124487987923,-0.0724624979786542,0.0871505370103671,0.0426182994745264,0.1411861262997909,0.8860726568628277,0,0.0,0,0,0
E01003954,179.8261,5.197535795946483,0.0323389096465974,0.0043131669985613,0.0,0.0058515158060409,0.7460817870903598,32,0.4444444444444444,0,32,18
E01003955,497.1543,6.210909868391782,-0.2292796823843222,0.1126446256222665,0.0625066302353213,0.1742632366350054,0.775852830243879,3,0.041666666666666664,0,3,1
E01003957,540.37958,6.294120659438973,-0.2696993102515088,0.1086567519816348,0.0536141835707411,0.1644231454770081,0.6440870314739989,2,0.027777777777777776,0,2,1
E01003958,1721.24636,7.451384740956773,-0.150136939142169,0.1453043247103802,0.0889155925360969,0.2416494948235579,0.6538603284195438,0,0.0,0,0,0
E01003960,2892.55523,7.970241208441888,-0.04635213482164,0.1213214034291749,0.071186640747392,0.2033982166266031,0.8365325854746517,0,0.0,0,0,0
E01003961,8541.05344,9.052756707527944,-0.0862056238346168,0.1568394319752669,0.0885742391514646,0.2901994626283657,0.8274093460310188,0,0.0,0,0,0
E01003966,10142.53735,9.224592067395594,-0.064083213851808,0.1448171300054418,0.0868226519274291,0.2627548892584371,0.7656740629786762,0,0.0,0,0,0
E01003969,8393.22041,9.03529870159026,-0.099736326357239,0.1615311303376101,0.0927769654508572,0.291729098521606,0.8567119099644637,0,0.0,0,0,0
E01003975,255.21749,5.546026654111472,0.0170255964824354,0.1013643696597752,0.0498789875255022,0.176765695239618,0.9045637378383132,19,0.2638888888888889,0,19,12
E01003976,1216.31662,7.104404223489191,0.0276579136113424,0.0952108341658605,0.0543271866169188,0.1528969138848564,0.9393324627480928,1,0.013888888888888888,0,1,0
E01003977,570.31224,6.3479358903214935,-0.177070336067134,0.1463903176968462,0.0962096833131268,0.2542134532529873,0.7765159896815493,1,0.013888888888888888,0,1,0
E01003979,1723.26048,7.452553530297859,-0.3325672274454991,0.0683845543768287,0.026382732342356,0.1141336292380612,0.8350858250626048,0,0.0,0,0,0
E01003980,202.76812,5.316982680682048,-0.4255561475837523,0.0930439163710745,0.025847702291662,0.1546080540117018,0.7359041499506901,22,0.3055555555555556,1,21,12
E01003981,9244.29832,9.131870411553724,-0.3979991506808058,0.1246766785431909,0.0750274500012024,0.2113278817088244,0.7799239008723673,0,0.0,0,0,0
E01003983,406.27477,6.0094880682230825,-0.1390264278532482,0.1199491418086336,0.0868828502444294,0.196032637142727,0.8404120701721417,7,0.09722222222222222,0,7,5
E01003984,6199.00537,8.73230543716184,-0.1718412336203541,0.16988532468395,0.0982968869407512,0.3186622031568357,0.7931435182752813,0,0.0,0,0,0
E01003986,769.32673,6.646814749522798,-0.0127503824025456,0.1639545138383532,0.1109895401658538,0.2861974920001262,0.9386989310013644,0,0.0,0,0,0
E01003987,87.12562,4.478763296568677,0.1423188724510654,0.037659416369146,0.0,0.0630079997173271,0.7130925906433042,31,0.4305555555555556,0,31,18
E01003989,4823.03873,8.481366766981758,-0.1888239595372272,0.1571713544999876,0.0965923199210967,0.2829207698972658,0.8416836096328137,0,0.0,0,0,0
E01003990,987.19858,6.895883669454536,-0.2498996706417467,0.1290301086130006,0.0828870620944369,0.2128309886225166,0.7289198978600779,1,0.013888888888888888,0,1,0
E01003993,812.25817,6.701048611414281,-0.0427204690351098,0.1139138926728185,0.077587597549188,0.191823729672337,0.8793744154593532,0,0.0,0,0,0
E01003994,5299.27282,8.575513573687095,-0.0222956515003505,0.1316728490306336,0.0718942377456233,0.2063940475296765,0.8208105092959586,0,0.0,0,0,0
E01003999,109.01468,4.700613811433605,-0.1655085351807665,0.0156510114050694,0.0,0.0217178898060754,0.8128968117764233,33,0.4583333333333333,2,31,18
E01004000,499.85567,6.216317975748411,-0.2684058580349803,0.0525826985217552,0.0158102837965207,0.0781999285531033,0.7201155509670303,25,0.3472222222222222,0,25,15
E01004001,829.99585,6.722624800859825,-0.2351978868328076,0.0631898460697122,0.0342278458380243,0.0967239048895399,0.8349137236121622,24,0.3333333333333333,0,24,15
E01004002,192.17362,5.2635893700125855,-0.2168017649873067,0.0269915298468124,0.0,0.0413530181095742,1.0516622667261792,30,0.4166666666666667,0,30,18
E01004003,129.72767,4.87311630442098,-0.2340375804175007,0.0124380558133819,0.0,0.0179045796291964,0.9936653084158203,32,0.4444444444444444,0,32,18
E01004004,1702.91189,7.440681998305891,-0.1120457676762125,0.1635381323222776,0.0992060487639204,0.2995263362738517,0.9309094053542006,0,0.0,0,0,0
E01004005,3969.22327,8.286577611394577,-0.111898792228939,0.1381224644488189,0.0727548642029401,0.2417289012693041,0.8182525455373179,0,0.0,0,0,0
E01004008,3005.70828,8.00860116464755,0.2041970753063235,0.1231642546494898,0.0499581416464008,0.2227871415799925,0.8565721807741526,0,0.0,0,0,0
E01004010,14591.69108,9.58827607139002,-0.1379454423044159,0.1212311870023498,0.0580412657694504,0.2072269418936352,0.8797527344139792,0,0.0,0,0,0
E01004012,920.66806,6.826185137041252,-0.4359438514680307,0.0901905731366416,0.0487829783081646,0.1576935183735357,0.7121623374850226,0,0.0,0,0,0
E01004013,3156.83901,8.057643215048756,-0.1308765663029487,0.1723259875707123,0.110399212280388,0.3221155724990875,0.8390137316943841,0,0.0,0,0,0
E01004014,1732.54969,7.457926429265743,-0.1668109213075441,0.1576818324904724,0.1051810006095698,0.2817158469783067,0.8380555802692932,0,0.0,0,0,0
E01004015,3085.41581,8.034765764611128,-0.2714145585453521,0.0931959118988244,0.0478757934412736,0.1486105697854477,0.7248569895287769,0,0.0,0,0,0
E01004016,727.65182,6.591196004746434,-0.1892697801539203,0.089051326773291,0.0551770488253571,0.1422633727003026,0.8268485160905394,0,0.0,0,0,0
E01004017,1209.35815,7.098671586529412,-0.337294514449669,0.1116404929342064,0.0585649503416336,0.18311607153223,0.7156822995176125,1,0.013888888888888888,0,1,0
E01004018,293.84005,5.6864330059045765,-0.2074270338573655,0.0643633160285672,0.0250420254148472,0.1015731318525539,0.832019310831531,6,0.08333333333333333,0,6,1
E01004019,232.21523,5.4519617610916695,-0.2037128658615544,0.0567207413570591,0.0358764582323045,0.084419732988085,0.6763523796372067,24,0.3333333333333333,0,24,15
E01004020,1317.94937,7.184590766840328,-0.2649525527676377,0.1261556352502372,0.078479501833974,0.214967725506367,0.8099774758710373,0,0.0,0,0,0
E01004021,388.17574,5.964031015378319,0.0842047985791178,0.0658165036279701,0.0285219009307485,0.104784838393219,0.9012347519562018,12,0.16666666666666666,0,12,8
E01004023,3980.94126,8.289524733134124,-0.1490560501261955,0.1559454559749017,0.088605919294574,0.2790392617973455,0.8316678286122163,0,0.0,0,0,0
E01004024,322.89987,5.780434424818759,-0.0667739197293576,0.005413102210292,0.0,0.007577327417675,0.9517273269233708,30,0.4166666666666667,0,30,18
E01004028,2050.17402,7.626167600889509,-0.0638348348595305,0.1218704644398918,0.0750026234358388,0.1951500381980851,0.796620455283603,0,0.0,0,0,0
E01004031,14331.84082,9.570308744021874,-0.0186495666088482,0.1125325232296293,0.0523915259337913,0.1972502086927992,1.0121679945380206,0,0.0,0,0,0
E01004033,1129.89707,7.030766464017085,-0.3736971457054933,0.0823223570267334,0.035152591377195,0.1313522534328097,0.7781224083141903,3,0.041666666666666664,0,3,2
E01004034,742.22989,6.611005404667226,-0.1280458134069486,0.1350423653781984,0.0783218121275067,0.2243190876743437,0.8346571177012283,0,0.0,0,0,0
E01004035,611.21728,6.417087252182876,-0.1494202192712876,0.1227882333431411,0.0821451088555611,0.2066287741336244,0.9218231304822212,1,0.013888888888888888,0,1,0
E01004036,302.88344,5.716644206828944,-0.1239347387232527,0.2972802672869801,0.2357827486375616,0.5826414886784792,0.8592097215060814,2,0.027777777777777776,1,1,1
E01004037,1357.0377,7.213796069147144,-0.2007543047624984,0.1854091231216347,0.1197789420293923,0.3361177095561393,0.7740152239181499,0,0.0,0,0,0
E01004038,367.59696,5.9097037977790325,-0.3024776918720981,0.0836765625047606,0.049253046053482,0.1271374260954359,0.8406118900858378,1,0.013888888888888888,0,1,0
E01004040,590.72106,6.383035341410249,0.0291367299483109,0.0462744294235929,0.0089914349760951,0.0749904983745869,0.7925813116692146,20,0.2777777777777778,0,20,13
E01004042,2615.17642,7.869469149141113,-0.1828386094120563,0.1008184258559504,0.057554304500803,0.1634436033399138,0.8289519228200045,0,0.0,0,0,0
E01004044,208.27653,5.343656487473881,-0.1855685323737629,0.041790594456322,0.0186788208925892,0.0596659079325701,0.7987629120809911,24,0.3333333333333333,0,24,13
E01004046,769.78718,6.647412304331321,-0.5217054926791584,0.0958019721762578,0.0200411105833173,0.1665966669882013,0.5285803932476113,3,0.041666666666666664,0,3,3
E01004047,1485.33267,7.304067069670862,-0.1465142956830001,0.1405222642817113,0.0924553285426624,0.2416839361892457,0.9508287416829724,0,0.0,0,0,0
E01004048,2878.58669,7.96540205241472,-0.1989596880961052,0.0757533551994572,0.0476843134434141,0.11630177956188,0.8687246400103465,1,0.013888888888888888,0,1,0
E01004049,919.35729,6.824761953347019,-0.3115968221669292,0.1616972657061325,0.0929873411891909,0.2901544278895564,0.8092454912312506,1,0.013888888888888888,0,1,0
E01004050,245.97877,5.509302381516939,-0.1570118835865387,0.0919467155641114,0.0157961193155002,0.1595586892801278,0.7156973016208622,5,0.06944444444444445,0,5,3
E01004051,3710.37282,8.21915711950141,-0.0493591153462578,0.0737274428395581,0.0394579027775435,0.1105737698622982,0.6326310407759502,0,0.0,0,0,0
E01004052,904.50697,6.808494974698592,0.0305945569440995,0.1573461838552775,0.101616906279893,0.271347046521884,0.6354600136746243,2,0.027777777777777776,0,2,1
E01004053,604.42845,6.405936389206606,-0.1413126235206168,0.0893268012119548,0.0562343483335372,0.1429319781712332,0.6562755027667813,3,0.041666666666666664,0,3,1
E01004054,223.04368,5.411841032845011,-0.5710161345974922,0.1084115452184074,0.0501576193506132,0.1974151408341176,0.7737822542170212,5,0.06944444444444445,1,4,1
E01004055,206.23784,5.33386711919395,-0.4210206041723477,0.1216669550068988,0.0813742036863846,0.2231055218690683,0.7266581589561972,6,0.08333333333333333,0,6,1
E01004056,860.07244,6.758178635615665,-0.3193973986656286,0.0818436874921837,0.0419493967275593,0.1312190179001743,0.689286098499441,2,0.027777777777777776,0,2,1
E01004057,543.0883,6.299111549860568,-0.3330627082189029,0.076160303950573,0.0456370722771969,0.1254297247417527,0.7393864833993486,7,0.09722222222222222,0,7,3
E01004059,886.53868,6.788452103498447,-0.0550142944693625,0.1548435314745657,0.0783183763623263,0.2569676388541907,0.7514502284880432,0,0.0,0,0,0
E01004060,1396.28037,7.242283033465571,0.3733401408486464,0.1142738760983941,0.0327856575108908,0.1964895688846008,0.7251066550048701,0,0.0,0,0,0
E01004062,6949.59773,8.846582939177225,0.0161004124766801,0.1183633602919344,0.0630142142054602,0.2059931912574754,0.8648339096591364,0,0.0,0,0,0
E01004063,7118.9794600000005,8.870660119570399,0.2000341211828696,0.0652454797221735,0.0204498328472491,0.1019642065531985,0.7733030986380873,0,0.0,0,0,0
E01004064,3661.37745,8.205867792014645,-0.1601264545942947,0.1237804559046486,0.0748859886051901,0.2082869273565427,0.8573599196602878,0,0.0,0,0,0
E01004067,16162.59112,9.69051653015954,-0.007613362182239,0.1275882298011137,0.082750172919056,0.2105717042602767,0.9026060877317028,0,0.0,0,0,0
E01004069,568.73518,6.345171656378978,0.0064899800993495,0.0539968179918112,0.0246035070311634,0.0792996025374001,0.7989988392186499,4,0.05555555555555555,0,4,2
E01004070,1109.8383199999998,7.012870252496958,-0.1563587748528992,0.0736848588900768,0.0449207142171843,0.1103778408247333,0.6808029978976305,4,0.05555555555555555,0,4,2
E01004071,431.80439,6.070285870734064,-0.0362603307483743,0.1114309189862567,0.0694890341434462,0.1815111752307982,0.7722324335007508,1,0.013888888888888888,0,1,0
E01004072,1284.05474,7.158556595643789,-0.3932325034678817,0.0883369115556553,0.0345396645628986,0.1427278223624982,0.6670688338029221,0,0.0,0,0,0
E01004073,443.66837,6.097328768384831,-0.2891991376351665,0.0999610587520584,0.048792006516038,0.1684432126339967,0.7292693751458424,0,0.0,0,0,0
E01004074,911.54775,6.816240412854667,0.0081505878326176,0.071460030481124,0.0357741215421792,0.1113568851541704,0.9146480239015348,0,0.0,0,0,0
E01004075,199.97509,5.303180970030817,0.376081890999524,0.033789408470825,0.0111835929164977,0.0547551534529009,1.1469523057321904,25,0.3472222222222222,0,25,14
E01004076,913.91418,6.818830268527017,0.0920326020108365,0.051022952724073,0.0318747215411407,0.0733873910627142,0.7154674807712011,21,0.2916666666666667,0,21,12
E01004077,949.63706,6.857132349323618,-0.2864237206580796,0.0806586360477549,0.0417008156779391,0.1307795249818462,0.7373545953355585,19,0.2638888888888889,0,19,12
E01004080,197.63541,5.291471033804464,-0.3443071765327883,0.0819085506994925,0.0503521104846545,0.1210818812086324,0.7348798682164381,27,0.375,2,25,14
E01004083,556.02728,6.322614215388649,-0.3191128320178822,0.1022939557929603,0.0600379355487737,0.1535828651920902,0.6805830120825894,12,0.16666666666666666,0,12,6
E01004084,104.76203,4.661191570321587,-0.26880378320275,0.05275995510969,0.0428428124197287,0.07801342162144,0.7058611127225782,30,0.4166666666666667,3,27,14
E01004086,1435.32765,7.269844892105367,-0.195615677019808,0.1240925164369264,0.0952963387836916,0.1908847984081,0.6114903727800144,13,0.18055555555555555,0,13,6
E01004087,212.69572,5.364553134047794,-0.1700540095494164,0.091024022486207,0.0594983763660124,0.129848436091341,0.6470821945423675,15,0.20833333333333334,1,14,7
E01004088,751.96855,6.624023460659399,-0.3018064651773002,0.1306127762923063,0.0982370605791957,0.2109411881920425,0.6792933861519947,12,0.16666666666666666,0,12,6
E01004090,1355.66889,7.212787628587827,-0.3635316511541398,0.0809106639601355,0.0619003435270982,0.1192835345339086,0.6436079713354669,18,0.25,0,18,10
E01004091,213.39583,5.367823979380635,0.091021506840129,0.0584570467004908,0.0530551135886769,0.078619475070179,0.7518407228576973,30,0.4166666666666667,1,29,14
E01004094,620.87451,6.432738319972848,-0.35301898607498,0.0528796390755355,0.0224913082677528,0.0710498103195677,0.6957311627151673,21,0.2916666666666667,0,21,14
E01004097,187.94069,5.241433156287321,-0.1835683906449423,0.1318935244943498,0.0951291601621767,0.1989255936572131,0.8131058437397207,15,0.20833333333333334,1,14,7
E01004098,441.5914,6.092646996791028,-0.159065824198569,0.0767429574036088,0.0266454238012787,0.1181440499224319,0.8530761694991328,16,0.2222222222222222,0,16,9
E01004099,3298.17708,8.101428346659809,-0.0024913034687633,0.061501440062157,0.042059282032243,0.0938147276022114,0.8690351501864662,12,0.16666666666666666,0,12,6
E01004100,229.30283,5.439395095070722,-0.3311130089410584,0.1179994594920612,0.0728666104993122,0.1956317344726189,0.7270321204469403,22,0.3055555555555556,0,22,12
E01004101,320.1062,5.771771909535655,-0.172811523175746,0.0870600756873812,0.0519540077636734,0.1273808779423992,0.7684596735909512,16,0.2222222222222222,0,16,9
E01004103,327.53517,5.7946438945987655,-0.1531571403461802,0.1135223127336218,0.0778769192938883,0.1784902079297117,0.7508603085332891,14,0.19444444444444445,0,14,7
E01004105,309.97511,5.739712876822149,-0.2549925056886019,0.068749971570298,0.0270074910208113,0.0985110354670199,0.7530540997401199,20,0.2777777777777778,0,20,11
E01004107,272.76364,5.612265106373431,-0.0996755286005128,0.0996326709821001,0.06112581574289,0.1466357382447581,0.6631496457592214,15,0.20833333333333334,0,15,9
E01004109,185.17461,5.226684996791239,-0.465456954384837,0.0349460976318513,0.0218001809211316,0.0477884424301149,0.7988575220264394,31,0.4305555555555556,2,29,16
E01004110,2027.16361,7.614886036999383,0.0550600008057563,0.0631430829601366,0.0331186440348542,0.0960226930419897,0.9262097007442862,3,0.041666666666666664,0,3,2
E01004111,256.13278,5.549592605172149,-0.1277951225141897,0.059750961981516,0.0198675468247367,0.0896892611910563,0.8193649644383671,7,0.09722222222222222,0,7,3
E01004118,5317.40424,8.578928582453006,-0.1803707780546697,0.0995149543116172,0.0579424783397697,0.1628753327527155,0.8627594904818191,0,0.0,0,0,0
E01004119,178.99692,5.192939739632703,-0.0263575484985998,0.1237862081649226,0.0811574858383038,0.1856798568485136,0.6570852327526692,14,0.19444444444444445,1,13,9
E01004120,524.24028,6.263855834080298,-0.1559699685800565,0.0991190337377356,0.0732662129663138,0.1432976032858884,0.7023409030955124,5,0.06944444444444445,0,5,2
E01004121,942.24236,6.849323259156171,0.0199396469502814,0.0861013508244312,0.045198795774794,0.1365823113482828,0.867240951700866,0,0.0,0,0,0
E01004123,5053.77182,8.52808799096988,-0.0618478734562258,0.0764961367013202,0.0503011788134114,0.1076720763493837,0.7210268450885684,0,0.0,0,0,0
E01004125,659.73622,6.493354698178014,-0.3079471368117397,0.0739216955528074,0.0505609651081458,0.104612154085655,0.6656747990739287,24,0.3333333333333333,0,24,14
E01004127,369.13389,5.913864805045836,-0.4177371251390654,0.0784376097247532,0.0602577021578809,0.1135711320606773,0.6712075586495525,25,0.3472222222222222,0,25,14
E01004128,395.96317,5.9838435056028585,-0.4175674975023561,0.1303226762226396,0.07906351492236,0.2004789616473259,0.6922141475990007,16,0.2222222222222222,0,16,10
E01004129,1612.33851,7.3860609197151055,-0.224735344192703,0.1209526466002477,0.0796489689996922,0.1913131565240858,0.7279433272946234,0,0.0,0,0,0
E01004130,663.15256,6.498511882122013,-0.2909199656863271,0.0981419117193787,0.0541637055581901,0.1534715878801535,0.6605062395147533,20,0.2777777777777778,0,20,14
E01004131,1741.7211,7.46320302124235,-0.3409858673699251,0.1026219123142046,0.0692074982613462,0.155742989264045,0.6556108836645085,1,0.013888888888888888,0,1,0
E01004134,1398.07148,7.243564066998559,-0.5907034166808124,0.0783199439845522,0.0204173466152102,0.1320273371656837,0.6917239328363729,4,0.05555555555555555,0,4,3
E01004135,360.32101,5.889766787583836,-0.2854075869736266,0.0825144501010362,0.0451093873210446,0.1284873217274922,0.6689607847068487,23,0.3194444444444444,0,23,14
E01004137,4252.02294,8.355385289078729,0.0697083209997921,0.0804448975997293,0.0430779119926385,0.1212831307911296,0.8540179389850072,0,0.0,0,0,0
E01004138,552.77866,6.316765076227714,-0.2868667180458811,0.1129799041084545,0.0639461009583836,0.1775183151653824,0.723510701129684,13,0.18055555555555555,0,13,7
E01004139,155.74179999999998,5.054599865544997,0.0004733475534507,0.0913456117753872,0.0590795791495924,0.1464059440298922,0.7506906263692069,26,0.3611111111111111,0,26,16
E01004140,2100.62538,7.650466314811543,0.0107814464281108,0.0999814302919638,0.0518375389713705,0.1509818084500068,0.7610126749512386,0,0.0,0,0,0
E01004144,826.6375499999999,6.718575317002567,-0.2507000680044114,0.08394064605461,0.0501460283288606,0.1229335978651218,0.6332466890026489,1,0.013888888888888888,0,1,1
E01004146,1808.13559,7.500604435599173,-0.1096698118751149,0.1407392517504729,0.0983661573742929,0.2367376396498489,0.7525198595060729,0,0.0,0,0,0
E01004148,586.37161,6.375657685965593,-0.373088543628502,0.1032813986338799,0.0600923704338277,0.1737390486611101,0.7295352567852706,8,0.1111111111111111,0,8,3
E01004152,477.1371,6.169897511450121,-0.3523968268239882,0.1711185108011932,0.112980105718042,0.2741688867385883,0.8495880950864332,1,0.013888888888888888,0,1,0
E01004153,247.64628,5.516031324260577,0.4163888914462999,0.1265826807493333,0.1071821066724685,0.1861218563612329,0.7216536817046363,19,0.2638888888888889,0,19,10
E01004156,3507.3852,8.162911153621174,-0.0014630329169433,0.0837666048200237,0.0455766364070875,0.1271724186673056,0.6797993310091786,0,0.0,0,0,0
E01004157,114.46062,4.748929519443418,-0.0128540278743903,0.1154566522529757,0.0997356121258123,0.185405986842096,0.7998731932076258,14,0.19444444444444445,0,14,4
E01004158,241.56218,5.491258089880638,-0.1400350833065011,0.0979242694365483,0.0557507387952865,0.1446297489920465,0.6955523044463593,11,0.1527777777777778,0,11,7
E01004159,204.45162,5.325210580428533,-0.183896317378165,0.1401285546184471,0.0995687879606921,0.2287685025180536,0.7422005068891305,24,0.3333333333333333,0,24,14
E01004160,287.12902,5.663408365931239,-0.4083982176374927,0.0368530495454621,0.0178493974590238,0.0499556792164795,0.7447554963774816,21,0.2916666666666667,0,21,13
E01004163,453.09584,6.118308277084186,-0.4918317502098452,0.0936901561488624,0.053153169536935,0.1402315501249942,0.6178839838444914,23,0.3194444444444444,0,23,14
E01004164,864.4614,6.763262775123743,-0.1529253937769806,0.0747931023872205,0.0583005094270258,0.1097742127431314,0.7088672082652229,15,0.20833333333333334,0,15,7
E01004165,838.7924,6.733154718435388,-0.1064855141749018,0.1177681867408431,0.0949629252720935,0.1761522650245176,0.7421779694038783,13,0.18055555555555555,0,13,6
E01004166,145.01867,4.983734490245135,-0.4603170750359247,0.0379887637915862,0.0146985212317834,0.0517906091611547,0.5270832480491826,28,0.3888888888888889,1,27,14
E01004167,502.17505,6.220938121486063,-0.2739915294477493,0.0979945140643685,0.0634570554630302,0.1459708992573757,0.6347024477981567,14,0.19444444444444445,0,14,8
E01004169,443.79949,6.097623596352982,-0.4841338371073837,0.1601742940263406,0.0978865478191513,0.2661671647008526,0.7509963585759959,20,0.2777777777777778,1,19,12
E01004170,1623.59969,7.393016719800634,-0.1211777947555533,0.0836289085519596,0.0539524123708104,0.1280512425009365,0.6685316707265402,12,0.16666666666666666,0,12,6
E01004171,1713.20752,7.446706165341171,-0.179240014076053,0.074364867368782,0.0412913842451497,0.1093082611201278,0.804120393381638,16,0.2222222222222222,0,16,10
E01004175,118.26955,4.781386057631335,0.331536139268307,0.044671261537733,0.016494862794354,0.0607549937080216,0.5515009840244502,30,0.4166666666666667,1,29,16
E01004176,144.66291,4.981295116621242,-0.0655237061109859,0.1248702932907958,0.1038484570785974,0.1956439992080707,0.8352426260387934,18,0.25,0,18,8
E01004177,630.83865,6.448634060919192,-0.3048067045353038,0.0495545414029403,0.0264424984106474,0.0714620774763281,0.7099361239665872,22,0.3055555555555556,0,22,13
E01004178,3565.77484,8.179417060293936,0.0523009411328955,0.0640701026428241,0.0458770161718904,0.0909678216021303,0.7552449176197554,12,0.16666666666666666,0,12,6
E01004180,117.4994,4.774907897271228,0.087076019111587,0.077701673370247,0.0554737300786216,0.1011139266301338,0.6577988348247172,24,0.3333333333333333,1,23,12
E01004181,585.44858,6.374084991615789,-0.2755113010949654,0.0516190508139929,0.0298386751574322,0.0705510032348784,0.6578723008031573,25,0.3472222222222222,0,25,13
E01004182,363.89571,5.899611586727636,-0.1443242350947198,0.0879636366144574,0.0643770711119402,0.1379738277408533,0.7982477765237931,16,0.2222222222222222,0,16,8
E01004183,442.51801,6.094738409718806,-0.4121110686545843,0.1550740273825239,0.0922723574572705,0.2706720323769632,0.630995919328335,22,0.3055555555555556,0,22,14
E01004185,162.97486999999998,5.099713184375704,0.0326135556972678,0.0696287716014131,0.0593454684148543,0.0971755836384697,0.857817502516932,27,0.375,0,27,14
E01004186,328.48075,5.797517930384649,-0.1852128321065997,0.0488126929812477,0.0362219095030682,0.068560041705499,0.7778353950415526,27,0.375,0,27,14
E01004190,397.74166,5.988313738519824,-0.021826579594403,0.0517232969762332,0.0240688641969262,0.0731214314555112,0.8409338597433672,7,0.09722222222222222,0,7,3
E01004191,690.41016,6.538733222201657,-0.0683597703718612,0.0788899021995852,0.0455858731858754,0.1215789697254997,0.7407935872475326,1,0.013888888888888888,0,1,1
E01004196,767.2611899999999,6.64412976647562,-0.4168644969518137,0.0938323623536855,0.0567593285931743,0.1405092637273462,0.5846638891570959,2,0.027777777777777776,0,2,0
E01004198,991.16232,6.899886722931361,0.209639769195423,0.0925135753748185,0.0241331712448471,0.1573981353285908,0.856428900402064,2,0.027777777777777776,0,2,2
E01004200,996.26043,6.905011949492418,-0.0938826908943879,0.1318278896211906,0.0606039226108779,0.2436746002762531,0.8079694251480403,0,0.0,0,0,0
E01004201,173.32179,5.16090295905542,-0.3307013503610827,0.0884636605703183,0.0256379766214046,0.1579240154674624,0.8265079190143594,22,0.3055555555555556,0,22,12
E01004203,419.1814,6.040686522795305,0.2228310702717248,0.1240348450575335,0.0358860149806265,0.2200077664585215,0.8669520631815538,0,0.0,0,0,0
E01004204,902.82753,6.806638556792097,-0.0959725386309387,0.1650017694963289,0.0970390324716836,0.3017183374632014,0.8946190878171719,0,0.0,0,0,0
E01004205,100.22924,4.617387647926645,0.0240430836350749,0.0291858942560075,0.0034526850647575,0.053888061353929,1.0329401871966175,24,0.3333333333333333,0,24,16
E01004207,2816.46362,7.943592333674402,-0.0997282542566624,0.1914843267174883,0.0633899187378816,0.3922148754442818,0.946728562621652,0,0.0,0,0,0
E01004208,9313.72403,9.1393516561878,0.0078803591091586,0.1982317206364552,0.0786792756194645,0.3997531911928877,0.8693995021136971,0,0.0,0,0,0
E01004209,835.68502,6.729447679472104,0.0031699263916445,0.1106398078070132,0.040219770841411,0.2124999968398507,0.9747140332293598,1,0.013888888888888888,0,1,0
E01004211,1534.00452,7.33628860464237,0.1221822084331277,0.137734965735303,0.0651685889426192,0.2390258649497572,0.8468823681009182,0,0.0,0,0,0
E01004212,8583.42068,9.05770429056544,-0.1776124853757021,0.1228240836961983,0.048361618925102,0.2220055438486368,0.8803699730625391,0,0.0,0,0,0
E01004216,492.91352,6.202360441134259,-0.3709841840004713,0.1529503796122289,0.0902570901281019,0.2618954173440604,0.9942789390904472,0,0.0,0,0,0
E01004217,2176.69667,7.686023023821491,-0.1900920030350393,0.1167870532920877,0.0479567968466639,0.1893518725218281,1.4111149834313006,0,0.0,0,0,0
E01004218,379.51957,5.941537608305031,-0.2273981022902192,0.1879713343899499,0.1203479704617076,0.3217044290164418,1.0805454837127668,2,0.027777777777777776,0,2,0
E01004219,6618.042,8.797705925468183,-0.1909336598347366,0.1554068106548734,0.0728937561895195,0.2892663976331434,1.191786633039881,0,0.0,0,0,0
E01004221,922.72214,6.828411312132363,-0.1047993277803001,0.1175234507757665,0.0532187403674956,0.1933086051219908,1.0840226879754808,1,0.013888888888888888,0,1,0
E01004223,1285.35076,7.159564620328921,-0.2186535603713339,0.1390911458285519,0.0715145179515045,0.241984480831084,0.8037925404223629,1,0.013888888888888888,0,1,0
E01004226,201.29489,5.309726484339102,-0.3398110602807652,0.0046460195785397,0.0017059548804244,0.0064153959625028,1.1400340268851827,28,0.3888888888888889,0,28,14
E01004228,2101.57417,7.650917668276012,-0.2811801355552443,0.1403380447904915,0.063152593848258,0.2519915828736933,0.7876499762116366,0,0.0,0,0,0
E01004229,754.4220399999999,6.627276586447909,-0.0048585006874931,0.1870256600668771,0.0886601748803627,0.3722856206257265,0.963288570502322,0,0.0,0,0,0
E01004230,2519.28774,7.832128356526821,-0.0260734012066441,0.1003483945029637,0.0636423650440183,0.1636442219826167,0.8729302483951522,0,0.0,0,0,0
E01004231,2469.22643,7.812065097485173,-0.1877239464021126,0.2251879589673758,0.1009296988611935,0.470492860340999,0.9927709477527416,0,0.0,0,0,0
E01004232,4307.15259,8.368264457797562,0.0802962195495376,0.1429648583682984,0.0732307953826172,0.2576837043872373,0.8362552252491581,0,0.0,0,0,0
E01004233,576.58847,6.358861625468018,-0.2362300619712357,0.1530317108144739,0.0842836486133689,0.2681261310143709,0.7539401605875812,0,0.0,0,0,0
E01004234,1413.22952,7.254340152944644,-0.2296902346053456,0.1040181357094776,0.0409887277191888,0.177209281736882,0.8841876030626226,0,0.0,0,0,0
E01004235,545.12572,6.302849205650222,-0.2832955671216541,0.1213382300141699,0.0724745660505617,0.2131050511800026,2.0370844108801207,0,0.0,0,0,0
E01004236,208.07776,5.3427062401848815,-0.2969767648402212,0.0828296113914336,0.0512327218439875,0.1308110642707736,1.001857059605341,23,0.3194444444444444,0,23,11
E01004239,418.68565,6.039505978666144,-0.3075604095817471,0.1448894654020265,0.0954751613770378,0.2512655407106975,1.869014525210472,0,0.0,0,0,0
E01004241,278.6865,5.633669333043788,-0.2148188017718834,0.0816555161444849,0.0646834704946238,0.1381056367210173,0.8767625217108725,26,0.3611111111111111,0,26,13
E01004244,213.03085,5.366120163510463,-0.3877727099150194,0.0930030087191596,0.0304846457684415,0.1606345794408435,1.2261663507888572,15,0.20833333333333334,0,15,9
E01004245,839.628,6.73414923155707,-0.1600005002215267,0.2159471456406884,0.1313984526480774,0.409938889883567,1.0440787602498236,0,0.0,0,0,0
E01004247,3303.7378,8.103112414796746,-0.037056536387361,0.2417117817279567,0.0997496048263878,0.5109224409924545,1.1078170286709377,0,0.0,0,0,0
E01004249,1218.63642,7.1063080769181495,-0.2605244967157636,0.0791107654570179,0.0331522916408488,0.1284418234397122,1.1207141829478673,14,0.19444444444444445,0,14,8
E01004255,1642.56314,7.404621810376665,-0.1055310908778825,0.1751534312403966,0.0732221228341943,0.3389732462979323,1.1364447023601338,0,0.0,0,0,0
E01004257,1163.8092,7.060312575762878,-0.2503003928822697,0.2209188069659528,0.1132694775054192,0.4504292182341717,1.1130074509322798,0,0.0,0,0,0
E01004259,1015.99259,6.924605109886323,0.2430151680535386,0.1358120535111383,0.0430981981866619,0.2527305381570545,0.8587482857379685,0,0.0,0,0,0
E01004266,80.64089,4.402330239401087,-0.0520327838643646,0.0759195490029933,0.0395893448100585,0.1216800787533188,1.052736224528109,20,0.2777777777777778,0,20,11
E01004267,2075.8842,7.638624068831217,-0.3407679195207517,0.2267452731708252,0.0684893502248343,0.4964503777419267,0.9680036277270044,0,0.0,0,0,0
E01004270,9247.85256,9.132254775244368,-0.0040319263048459,0.185943798178374,0.08142494326272,0.3669619175241548,0.9921215307960142,0,0.0,0,0,0
E01004272,455.87231,6.124403942661812,-0.1264455610387918,0.0945028005758893,0.0340958853149032,0.1661197426727846,1.1450837264596916,18,0.25,0,18,11
E01004274,1033.29915,6.941479326571567,-0.3674269837539302,0.1086017829396259,0.0497424777713211,0.1891431601275394,1.1325388662432458,1,0.013888888888888888,0,1,0
E01004276,728.04738,6.5917387230379845,-0.3801647909233599,0.1024927388654293,0.0426685966509487,0.1761986922543652,0.998403748169463,2,0.027777777777777776,0,2,1
E01004277,7673.23608,8.945624033951116,0.2413966754949627,0.1153695495317016,0.0604043111886113,0.1887113720573534,1.1156280517123194,0,0.0,0,0,0
E01004280,1011.96826,6.9206401710825824,-0.2829170946527512,0.1158277236876974,0.0486169694689831,0.2022426238989487,0.8048690264974603,0,0.0,0,0,0
E01004281,305.26735,5.724458413315437,-0.4918933190857129,0.1014321380914139,0.0346001627753508,0.1696271605756623,1.1242490835552437,20,0.2777777777777778,0,20,9
E01004287,1408.77879,7.251188084539413,0.046852884546906,0.1817484986411528,0.0906651994668375,0.3499494928123819,1.204077781145073,0,0.0,0,0,0
E01004288,84.32729,4.446494332991076,-0.0915681032794959,0.0435515003505982,0.0317019555591078,0.0791970617182358,1.5671685915591704,28,0.3888888888888889,1,27,14
E01004289,1843.25524,7.519830811023762,-0.005172805042453,0.0948004900287168,0.0363901745913387,0.2173302077552737,1.984484554320524,0,0.0,0,0,0
E01004290,1143.31279,7.042559552400068,0.0753664533045239,0.1865685155153385,0.0749206085589229,0.3987998174061943,0.9160866160193982,0,0.0,0,0,0
E01004291,544.64867,6.301975307096218,-0.3317971381441177,0.0412099418144177,0.0152346649446513,0.0583560177955,0.7801502864615028,20,0.2777777777777778,0,20,12
E01004293,3117.5142,8.04511194942703,0.2378829132518466,0.1239390409192041,0.0606034031857818,0.2133354102495994,1.2051534035434366,0,0.0,0,0,0
E01004295,107.42703,4.686077412165486,-0.0300448592872762,0.0646547707778945,0.0287119545239219,0.1177586277636699,1.0282740652559623,18,0.25,0,18,10
E01004296,610.04989,6.415178608865992,-0.0149418763111324,0.262504333866858,0.1378149088757314,0.5920377246144111,1.0271686875714456,0,0.0,0,0,0
E01004301,489.54354,6.195514041630629,-0.4097454947521113,0.0298735021608088,0.006059522305207,0.0479170155473634,1.096373687657858,23,0.3194444444444444,0,23,14
E01004303,162.87908,5.09912883879911,-0.3706974523677319,0.1878190864044664,0.0561042584474322,0.3527286550898379,1.098103693261259,4,0.05555555555555555,1,3,2
E01004305,998.77421,6.907529463487737,-0.1455939375927618,0.1471605979894094,0.0724873542739955,0.2844616096594649,1.1125230631625511,0,0.0,0,0,0
E01004307,523.51855,6.26248079422716,0.2880320668675446,0.0458174404708295,0.0203397377227607,0.0714665895657256,1.0137628990582908,24,0.3333333333333333,0,24,12
E01004309,5140.63742,8.545126871920743,0.2105662063985831,0.1582164221183294,0.0530809854315693,0.3414701435490092,0.9812526888678376,0,0.0,0,0,0
E01004310,11049.79182,9.310257362297143,0.0230691676506173,0.3145773256749012,0.1719121066662774,0.7969660312866743,1.0008410382666746,0,0.0,0,0,0
E01004313,1349.60227,7.208305897873817,-0.0374522413925696,0.1018487691192161,0.0419245219556425,0.1700508946489019,0.8514726540943605,0,0.0,0,0,0
E01004319,128.36403,4.862630368154035,-0.0146713218648557,0.0781215734657131,0.0067180813815209,0.1465073883377898,0.9805983801128983,20,0.2777777777777778,0,20,12
E01004321,2761.0876,7.92374204961401,-0.0133852109581746,0.1876386029910822,0.0714376066880311,0.4167968597177829,1.0583585754767564,0,0.0,0,0,0
E01004322,850.79977,6.747351487472641,-0.4934173289680132,0.157903580533408,0.079846977391637,0.3099921076162657,0.9845841563139812,11,0.1527777777777778,0,11,4
E01004326,3011.66502,8.010580354721863,-0.0658345063887616,0.2032794968678156,0.0851590161245755,0.4295011111848839,1.105607616544652,0,0.0,0,0,0
E01004328,391.97979,5.973758185610567,-0.1847469483056766,0.1469723222210002,0.1187840066958554,0.2349332067528099,0.6698057276283265,2,0.027777777777777776,0,2,0
E01004329,185.35832,5.2276712720979175,-0.2625521206709254,0.0776074146550314,0.0447225676193008,0.124113882401907,0.7315599533151095,19,0.2638888888888889,0,19,11
E01004330,707.73835,6.563486417517096,-0.1318053345561957,0.1188342697551997,0.0650441791094123,0.2017059086722088,0.8117548289775314,14,0.19444444444444445,0,14,7
E01004331,444.28919,6.098723936263851,-0.2888678655449618,0.1048064437489464,0.0783905185719238,0.1647000079548014,0.7776771798600277,15,0.20833333333333334,0,15,6
E01004332,535.5596,6.285177646301417,0.37521172246749,0.2198717192260207,0.1598858278331673,0.3820168638475732,0.8027774118136087,0,0.0,0,0,0
E01004335,2179.26761,7.687202905129859,-0.2508850255430538,0.1360138739454765,0.0769828034107293,0.234955477850755,0.7750495315514359,0,0.0,0,0,0
E01004336,11505.64024,9.350679559886988,0.0847838955200983,0.1212867342356604,0.065175329174033,0.2072747893401895,0.7852278284782959,0,0.0,0,0,0
E01004337,394.58794,5.980373113945143,-0.1879828359680734,0.1442448038325753,0.0864772755092312,0.2557778605246107,0.7794567440909731,6,0.08333333333333333,0,6,4
E01004340,111.94156,4.726870516793179,-0.3068145557378332,0.0358562092577591,0.0272540421984471,0.0524626178686855,0.5193758854759811,30,0.4166666666666667,0,30,14
E01004341,2850.99945,7.955775588687043,-0.1221166107204966,0.1824438584160372,0.1198814261433828,0.3207375006063767,0.8041645582440187,0,0.0,0,0,0
E01004342,867.43578,6.766693639366312,-0.0762108291175169,0.0946876897330658,0.0606494696356657,0.1387042802532858,0.7146533238988041,3,0.041666666666666664,0,3,1
E01004343,620.66841,6.432406847695418,-0.3448803685691045,0.0989866875937829,0.0540992250596417,0.1553553040279533,0.7270528935941336,20,0.2777777777777778,0,20,13
E01004344,3040.85401,8.02022248021462,-0.0742887850771895,0.1437271991890199,0.1040142995881607,0.2292824041680648,0.7674987773947626,0,0.0,0,0,0
E01004345,487.00028,6.190315979623474,-0.3220333261410035,0.1210961110741045,0.0839327648846526,0.1990969278613162,0.6916714011311915,24,0.3333333333333333,0,24,14
E01004347,722.01682,6.583432486065198,-0.7825420188964572,0.0774622951304652,0.0384992554605583,0.1239975636394763,0.6487163918392251,10,0.1388888888888889,1,9,3
E01004348,1935.53871,7.568657488427105,-0.1179782397635436,0.1047348311623279,0.0684873980123084,0.1607712401152566,0.8895526924426659,0,0.0,0,0,0
E01004349,195.37324,5.280017134091319,-0.1872161202834123,0.1045284400258704,0.0892928837132454,0.1494222034069069,0.6265763706009787,28,0.3888888888888889,1,27,14
E01004350,602.32159,6.402450371313936,-0.0986631576663224,0.0834881744816751,0.0495407445049412,0.1216390904036046,0.730239744972252,26,0.3611111111111111,0,26,14
E01004352,1724.76164,7.453423762454363,0.1427175757457128,0.0772873694013742,0.0400608051556619,0.1177278990597667,0.8652365801494176,0,0.0,0,0,0
E01004353,133.30557,4.9001175769804,-0.2646601338563722,0.0882581275486088,0.0678877859342261,0.1263770884449494,0.681048394027352,22,0.3055555555555556,1,21,12
E01004354,2743.06442,7.9171954652465875,-0.0947580370715464,0.0539969345670707,0.025814049237677,0.0798010892105144,0.7565732607105102,2,0.027777777777777776,0,2,0
E01004356,550.6447499999999,6.312904270257195,-0.2843954654974918,0.114568676083809,0.0799330058081912,0.1774790921363881,0.6958638158628846,2,0.027777777777777776,1,1,1
E01004357,114.46473,4.748965115362189,0.3636710626932856,0.1054145674392452,0.0576415110575982,0.1583600246997672,0.6848843124114558,28,0.3888888888888889,0,28,16
E01004358,542.9240599999999,6.298809641523336,-0.3082008559355428,0.1710153534179347,0.129359012013577,0.2934200405751666,0.878184896443222,2,0.027777777777777776,0,2,0
E01004359,373.20502,5.924803829035948,-0.2512148416438771,0.0623874244778379,0.04022603983194,0.0884142821990467,0.7723147956288323,21,0.2916666666666667,0,21,12
E01004361,370.3815,5.917229836154007,-0.3894064363365881,0.1317738061971237,0.0974688260617768,0.2055752320970534,0.6338956397759354,6,0.08333333333333333,1,5,2
E01004362,1019.68491,6.928229161328384,-0.259669028543337,0.0759170791298657,0.0400086532613295,0.1118328281137745,0.811898289466195,1,0.013888888888888888,0,1,1
E01004363,3028.87978,8.016278221148623,0.029070569449937,0.0800052222607527,0.057422609226174,0.111013679868689,0.6529790541184323,2,0.027777777777777776,0,2,1
E01004364,4437.77233,8.398133114940222,0.0209051260635536,0.1304955678066522,0.0772432933710233,0.2143407272450812,0.774958039575889,0,0.0,0,0,0
E01004365,6000.16555,8.699708987677818,-0.2414479830477344,0.124116880408408,0.0757219540384181,0.2049159178168339,0.7927104320581411,0,0.0,0,0,0
E01004366,332.71171,5.8102774765411,0.1335662937742708,0.0509302482921325,0.0331093245861409,0.0714847301707284,0.6008420168965858,22,0.3055555555555556,0,22,14
E01004369,1125.91674,7.027240633759675,-0.1194898656538315,0.1281834925022964,0.0852010158406562,0.2201518399116366,0.8603096235660358,1,0.013888888888888888,0,1,0
E01004370,395.83804,5.98352823775126,0.0375591491914218,0.1359693474634221,0.1124933066059037,0.2162236603429635,0.7359877809463098,6,0.08333333333333333,0,6,3
E01004371,317.13789,5.762484905147975,-0.0575471130239278,0.0786466732183909,0.0444370112949922,0.1149210574998312,0.7736217974306997,18,0.25,0,18,12
E01004374,444.26368,6.098666646009973,-0.1307164700026794,0.0618205386494795,0.0344402225273063,0.0931695132922151,0.7526866870052922,19,0.2638888888888889,0,19,12
E01004376,1137.19019,7.037194727259978,-0.150757746160297,0.0869475755853996,0.0351440949380683,0.1323752255244292,0.82466681348556,20,0.2777777777777778,0,20,14
E01004377,447.11128,6.10504159442773,-0.181309315211193,0.081492084028835,0.0552759930369012,0.1172433270691631,0.7887043403481738,9,0.125,0,9,5
E01004378,662.61421,6.497700971589134,-0.3171144337517301,0.1510597395730465,0.0916955885989828,0.2486216859969179,0.7868498226803253,0,0.0,0,0,0
E01004379,357.19515,5.881077949613115,0.4891892009172017,0.0645386142561006,0.0279860182872023,0.092564839994258,0.5229405552924347,19,0.2638888888888889,0,19,13
E01004381,1906.32681,7.553457964803276,0.0205843876265895,0.0651790812300436,0.0492851170676238,0.093691056942447,0.7041781139779899,20,0.2777777777777778,0,20,13
E01004383,139.38252,4.944370982416264,-0.0599430975993259,0.0887979353508603,0.0510894766431256,0.1246240951651182,0.9088064477655388,28,0.3888888888888889,1,27,14
E01004384,449.72032,6.110847014102961,-0.245952862436814,0.1002878633547178,0.0622221384170499,0.1488085628547098,0.7124558587064498,19,0.2638888888888889,0,19,12
E01004385,183.2434,5.21625770953234,-0.2372631156156238,0.0524870745685792,0.0433310012802643,0.0767764784938833,0.7857103565261151,29,0.4027777777777778,0,29,14
E01004386,136.09739,4.920691549187934,-0.3272633663290678,0.0558938712931967,0.043154097224054,0.0775970152679347,0.7626467959421595,29,0.4027777777777778,2,27,14
E01004389,224.576,5.41865713098611,-0.1922981084354517,0.0887024882445141,0.0511039469934454,0.1268379708904518,0.6664825338749798,20,0.2777777777777778,1,19,10
E01004390,432.89071,6.072792682111857,-0.1136286569882731,0.1577495622393929,0.1237874566538977,0.2507737859775041,0.7101170923133133,22,0.3055555555555556,0,22,12
E01004391,8399.99706,9.036105675406448,0.2449038809544535,0.1480753292073176,0.0836906792917377,0.2621688368615097,0.8210848167259965,0,0.0,0,0,0
E01004392,372.9347,5.924081183239883,0.1463070612630039,0.0599966160295622,0.0211399475565025,0.0797056804442294,0.6942923581111582,19,0.2638888888888889,0,19,10
E01004393,547.6321399999999,6.307428162277779,0.1542058141437791,0.1608578890201732,0.1180165576111,0.2766619433537874,0.9439177401197631,1,0.013888888888888888,0,1,0
E01004394,877.6222,6.778354998693438,0.0470316498374813,0.1132584955120779,0.0725608467971753,0.1745670941748329,0.8398587199298944,1,0.013888888888888888,0,1,0
E01004396,452.79133,6.117637466830487,0.0006014911990474,0.1486083004283672,0.0888609550010597,0.2363096120874286,0.9339805878128192,1,0.013888888888888888,0,1,0
E01004397,23464.57793,10.063289857373332,0.0070035936930232,0.1620304640186639,0.1006965992334813,0.2842391908419981,0.8767986511010152,0,0.0,0,0,0
E01004398,1641.46917,7.403955980015176,-0.2474603954943607,0.1445217091710592,0.094668887384586,0.239123977494914,0.7461514491673623,0,0.0,0,0,0
E01004399,220.56973,5.40073734806992,-0.582834417034468,0.0695803091385205,0.0226188788461589,0.1045762122166697,0.7863113837268025,26,0.3611111111111111,2,24,14
E01004400,752.15417,6.6242699478791645,-0.3860850362632437,0.0967121806956145,0.0575292695645096,0.1476580860690747,0.7863262135291386,12,0.16666666666666666,0,12,5
E01004401,1197.45473,7.088788280945781,-0.0521158991956213,0.1163746958517588,0.0687780071652479,0.1936082749543844,0.9865148208337436,0,0.0,0,0,0
E01004403,3288.78565,8.098577689661251,-0.3687387075530448,0.1067446429657098,0.0748112665840657,0.1706400562212554,0.7343072320601098,0,0.0,0,0,0
E01004404,593.478,6.387683709558801,-0.2286986543730348,0.1074822992596187,0.0692300304307826,0.1800149947635161,0.7793156289318589,20,0.2777777777777778,0,20,12
E01004405,948.26856,6.855691751198883,-0.1450141930256551,0.1028268827134794,0.0707405505461448,0.1603583369708577,0.8318508469731432,6,0.08333333333333333,0,6,2
E01004406,1744.81367,7.464976012491696,0.2784795295648962,0.1581305240461578,0.0981425254422725,0.2699645631045589,0.8425395290462397,0,0.0,0,0,0
E01004407,1383.12252,7.2328216582709794,0.357770734583947,0.1121664189228875,0.0614009523899589,0.1874218725187108,0.7446877284931297,0,0.0,0,0,0
E01004408,3982.34903,8.289878209269556,-0.251872993161526,0.1449903475688066,0.0996554739452357,0.2532966829822925,0.8153743124798871,0,0.0,0,0,0
E01004409,5032.25379,8.523821930698775,0.4342144695369189,0.0986485401405003,0.0539137573981538,0.160315096112975,0.7744565656462921,0,0.0,0,0,0
E01004410,452.79148,6.117637797378836,-0.288686748257719,0.0570596425533448,0.0269250649327588,0.0872463343016406,0.6332620058954761,23,0.3194444444444444,0,23,14
E01004411,607.29093,6.410653270809449,-0.4236826161721202,0.1238072664776995,0.0739751703520419,0.2030408835011841,0.8081815148024684,1,0.013888888888888888,0,1,0
E01004413,1026.03066,6.934427063426463,-0.3039619888162017,0.0645552443822682,0.0377711714774683,0.089879652026256,0.715385654509209,19,0.2638888888888889,0,19,10
E01004414,621.6335,6.4339580631773945,-0.1530034336952561,0.0400361306139389,0.0272542422504578,0.0568852063858408,0.71433284835566,16,0.2222222222222222,0,16,8
E01004415,450.29221,6.112115045438687,-0.0974544285365273,0.115283850902062,0.0874040659064477,0.1817742141684274,0.6531551490433358,21,0.2916666666666667,0,21,10
E01004417,2186.66797,7.690591401569568,-0.1240881440267312,0.1285874828083753,0.0865984148475911,0.200438805507369,0.7569960959832296,0,0.0,0,0,0
E01004418,1512.53548,7.32220357053917,-0.2779306307578319,0.1286117070126513,0.0824674010291646,0.207269207015397,0.7041205255851261,0,0.0,0,0,0
E01004419,1601.17813,7.379119313706579,-0.1158766326642245,0.1201130632479972,0.083346598045278,0.1863440620351297,0.6624426872789572,0,0.0,0,0,0
E01004420,4876.63926,8.492416623601725,-0.0550993636547968,0.1893203209785913,0.1205927850402451,0.3424226282679773,0.8593028060861533,0,0.0,0,0,0
E01004421,1112.72831,7.0154685038479085,-0.0659625439025633,0.1301799178633282,0.0795236979276639,0.2141287358311161,0.783126864750338,0,0.0,0,0,0
E01004422,670.21501,6.509089517835012,0.2522890825736654,0.0593904335266976,0.0473068933505383,0.0866797393560065,0.9287566718585666,4,0.05555555555555555,0,4,1
E01004423,464.08275,6.142215346744137,0.020317389517279,0.1803404242023647,0.1713507558727403,0.3116565867408669,0.7936763718580561,8,0.1111111111111111,0,8,2
E01004424,6814.22998,8.826915089709447,-0.2569353052566036,0.1891100951658811,0.1182358421075773,0.3540058985742026,0.8573198311857071,0,0.0,0,0,0
E01004426,613.19761,6.420316716758513,-0.0419776750271417,0.1024181258632107,0.0669246737605516,0.1540470125033754,0.7809766085072053,4,0.05555555555555555,0,4,1
E01004427,3007.20257,8.009098026552241,-0.1612853802529172,0.1833714580790611,0.1275389539188908,0.3353512399895759,0.817597796062815,0,0.0,0,0,0
E01004428,737.2161,6.604236600165708,-0.1806085895302612,0.1208085933012043,0.0816093408703363,0.2026929921493199,0.8250402697760457,0,0.0,0,0,0
E01004429,2694.03369,7.899165984192606,-0.0864540302018272,0.1406885115827931,0.0878127994011834,0.2320726287329578,0.753669305494318,0,0.0,0,0,0
E01004430,4696.75101,8.45483916466578,-0.0051736338477946,0.1995612026280269,0.1081874425359414,0.3728037311441906,0.7502161002756175,0,0.0,0,0,0
E01004432,2487.31433,7.81936078430348,-0.2455253293217668,0.1400029203385806,0.0787372137240089,0.2420360857855386,0.794332737980824,0,0.0,0,0,0
E01004434,776.72771,6.656376475772067,-0.2325272649278857,0.1447509835847107,0.1009822219423586,0.2405978716548709,0.739141324681765,1,0.013888888888888888,0,1,1
E01004435,1007.70192,6.91641955549905,-0.1933464014834863,0.1138193524529555,0.0825924793315864,0.1893038518643295,0.8257342780475608,0,0.0,0,0,0
E01004437,569.02423,6.345678868697053,-0.3003289156948553,0.0829273649735442,0.0532428996916352,0.1236116775214878,0.7444635866432796,21,0.2916666666666667,0,21,14
E01004438,3961.38066,8.284600300381841,0.0987939997667378,0.1226392441669566,0.0653545498957426,0.2052590273392555,0.8139936629863452,0,0.0,0,0,0
E01004440,6371.17656,8.759696379371734,0.0262289325097592,0.1081626530845976,0.0597457151619103,0.1704340279513312,0.7486296781732571,0,0.0,0,0,0
E01004444,5092.42397,8.535705569051139,-0.1030155645112164,0.1124900682611467,0.0635815226515792,0.1788872762010478,0.800237250052115,0,0.0,0,0,0
E01004448,751.25236,6.623071852760136,-0.2037122652100553,0.1247085732948646,0.09105354424444,0.195125877417168,0.797611186922649,1,0.013888888888888888,0,1,0
E01004451,353.46844,5.870619315210754,-0.1481917310637408,0.1361618593162094,0.0847031774604827,0.2193909783110764,0.7044341308569092,1,0.013888888888888888,0,1,0
E01004452,2258.46124,7.722881674466535,-0.21185344761551,0.0939762242720623,0.0486653691696741,0.1429365901501242,0.6885706891406392,0,0.0,0,0,0
E01004453,735.61175,6.602060955553573,-0.0079129921456529,0.1096086080734844,0.0882422283222093,0.1622556489719446,0.6922890891147625,15,0.20833333333333334,0,15,6
E01004454,1290.47622,7.163541199667967,-0.3469448666012613,0.1219138931517854,0.0808691538694141,0.1911520664472063,0.7407422815706755,0,0.0,0,0,0
E01004455,1627.0858,7.39516024787645,-0.2651008078369315,0.1226909484429155,0.0803073998924949,0.2020895955271327,0.7872042129847199,0,0.0,0,0,0
E01004457,260.7513,5.567394816309468,0.0517413336002543,0.1936756211761935,0.1376247021587236,0.3443521655055903,0.7774889009672025,1,0.013888888888888888,0,1,0
E01004458,1219.30041,7.106852345120693,-0.195350405893819,0.1074539128548312,0.0632980595815595,0.1751695300055829,0.8246101488851311,0,0.0,0,0,0
E01004460,1277.32089,7.153302691057188,-0.172198757353761,0.1945969974702285,0.0958305551551732,0.3438959545531193,0.8376611526494085,0,0.0,0,0,0
E01004462,955.50529,6.863286319445255,0.1981280815305585,0.1178099076772248,0.0562147489523579,0.2045325899893599,0.9413381487286804,0,0.0,0,0,0
E01004464,683.62999,6.528878531738999,-0.1615417866615243,0.0666849913942482,0.0515690073807323,0.1058442489710116,0.8457887812991914,19,0.2638888888888889,0,19,12
E01004466,224.15703,5.416798069888825,-0.0084257451127006,0.037790561375657,0.0298882439689712,0.0536237673953198,0.8762517419798322,27,0.375,0,27,14
E01004467,685.48365,6.531582408464104,-0.1379895348342735,0.1097585478515789,0.0583900870575104,0.1716689211643772,0.7325185858526578,2,0.027777777777777776,0,2,2
E01004468,257.40771,5.554538608924619,0.0047462059314385,0.0703356165982751,0.0177329575714728,0.1032332693746446,0.6294389041874865,9,0.125,0,9,7
E01004469,246.62689,5.511923137498422,-0.3589771172154017,0.1118959493832971,0.067672101772844,0.1832954829549757,0.8816216071470787,11,0.1527777777777778,0,11,4
E01004470,1180.68834,7.074699491455729,-0.1762116326142426,0.1102250742986078,0.0696616941266651,0.1815719740286625,0.5467809770702433,1,0.013888888888888888,0,1,0
E01004474,1114.48215,7.017042011951639,0.2175830541565874,0.0882578962794514,0.0329111865990855,0.1481326168604457,0.961088984300744,0,0.0,0,0,0
E01004476,2482.14763,7.81728224004357,0.1108382058644916,0.0914001557594702,0.0502347114623476,0.136907007400281,0.6980920240198819,0,0.0,0,0,0
E01004477,120.83225,4.8026450985533256,-0.2502422159646948,0.0,0.0,0.0,0.5606506548823079,39,0.5416666666666666,3,36,18
E01004479,226.75598,5.428274792655955,-0.2136851253051848,0.0063593471713513,0.0,0.0081502376563904,0.7199363164307074,31,0.4305555555555556,0,31,18
E01004481,3527.9922,8.168767613414964,0.2563789965295274,0.0748273734845558,0.0350026142348047,0.1234353018204223,0.8345838048078805,0,0.0,0,0,0
E01004482,336.88694,5.822711342484984,0.1586956739848686,0.0668370819005331,0.0359283147040369,0.1082734231714475,0.9275069948011986,18,0.25,0,18,11
E01004483,1408.3618,7.250892256793525,-0.2935334088158313,0.0667175934479336,0.0403516127745015,0.1025406115070169,0.8023073102515264,16,0.2222222222222222,0,16,9
E01004486,109.3841,4.703966101731738,-0.1759275799682037,0.0116303923513563,0.0,0.015323312277199,0.6044684159923618,33,0.4583333333333333,2,31,18
E01004491,255.9161,5.5487495724518645,-0.3181988940906805,0.0121017786688684,0.0,0.0159422384693342,0.7477917571937324,33,0.4583333333333333,2,31,18
E01004492,2096.05407,7.648288815023489,-0.1008298464361656,0.0702868795746285,0.0414759243305207,0.1084511912772808,0.7546809706344705,1,0.013888888888888888,0,1,0
E01004493,724.8803,6.587385125198191,-0.0788977159401352,0.0982634926069862,0.0610926245340092,0.1496503214121823,0.7622263324389491,1,0.013888888888888888,0,1,0
E01004494,1159.49645,7.056603166683531,-0.0649315743916249,0.1034987127386202,0.0505541176947975,0.1708966607032604,0.7892454980899316,1,0.013888888888888888,0,1,1
E01004495,837.42747,6.7315280778201,0.0748952622726837,0.0949359948748755,0.0528812722133416,0.1491790378465531,0.7768077298276866,3,0.041666666666666664,0,3,2
E01004496,3071.69742,8.030311093240929,-0.0220727404849661,0.0560033937196847,0.0224201705388026,0.0895769760783302,0.7492149728380004,1,0.013888888888888888,0,1,1
E01004497,92.63066,4.539357893948703,-0.0435892392432484,0.00147143505185,0.0,0.0018071968864768,0.4477639764262912,35,0.4861111111111111,3,32,18
E01004498,603.37505,6.404194948937648,0.0805079195767209,0.0898600132703531,0.054685589004716,0.1493412976457862,0.9009553498878586,1,0.013888888888888888,0,1,0
E01004499,631.93809,6.450372613253617,-0.1325765155254369,0.0880976964056716,0.053274174373632,0.1322227412430202,0.8330168303534042,2,0.027777777777777776,0,2,1
E01004500,2122.56507,7.660851592090531,-0.6507195042081795,0.122317512744144,0.0540046623870993,0.2109215316572424,0.8852574993681851,0,0.0,0,0,0
E01004502,465.47182,6.145197611174488,-0.1663642709885209,0.0893749701109725,0.0460813288331826,0.1446847239313539,0.8125822246488369,2,0.027777777777777776,0,2,2
E01004503,694.2321499999999,6.544245818566578,-0.1858765688105917,0.0415916059202962,0.0156374780395866,0.0579817390905176,0.8270170920373141,18,0.25,0,18,12
E01004506,832.22761,6.725306846139757,-0.0831011482543819,0.0574417135716033,0.0168943685970716,0.0847469997516867,0.8917948205945352,2,0.027777777777777776,0,2,0
E01004507,2208.02703,7.700307439651275,0.1269857507133868,0.0397208407362658,0.0157499702347393,0.0603430097176841,0.9192541985049008,3,0.041666666666666664,0,3,1
E01004508,1589.03702,7.3715125779621,0.1260555779877299,0.0960188643056283,0.0444785358115822,0.1579568794756144,0.8524727630757835,0,0.0,0,0,0
E01004510,3638.72978,8.199664721611402,-0.1870304312621972,0.0720379186827113,0.0331017710251625,0.112530004822202,0.8531794633820667,0,0.0,0,0,0
E01004513,1797.34103,7.494619868903753,0.3180323157703688,0.1600352104575279,0.1281535035117959,0.2562006996013032,0.8461324340288459,0,0.0,0,0,0
E01004514,6767.60394,8.820050131938455,-0.1247516975705289,0.1161140112463496,0.058342490710235,0.1951335864249991,0.8771204347892017,0,0.0,0,0,0
E01004517,2361.47215,7.767463870938626,-0.2500343652157828,0.1294622212673564,0.0764689517934818,0.2261952612358818,0.8221919880345896,0,0.0,0,0,0
E01004519,2078.26462,7.639769562105584,-0.2718638014441106,0.116917238383243,0.0594379025708477,0.200339815497046,0.7204226392670515,0,0.0,0,0,0
E01004522,3463.34386,8.150278531499358,-0.3107330208903946,0.1231034044653019,0.0712980027342708,0.2112229623031523,0.7840245265784447,0,0.0,0,0,0
E01004523,777.01495,6.656745739932071,-0.2912199437089338,0.0392205323719961,0.0242149909728249,0.0545832581972483,0.6174904076008826,19,0.2638888888888889,0,19,11
E01004525,26736.69211,10.193829538404588,-0.0048982607669337,0.1108767516117385,0.0554147844432053,0.1869395407140654,0.8259478299593015,0,0.0,0,0,0
E01004526,142.76922,4.968209375087656,0.1290248696462725,0.1357890026996015,0.0616549561593178,0.2127792519899669,0.3071396605166853,3,0.041666666666666664,1,2,2
E01004528,2349.51925,7.762391540177512,-0.0745582186653716,0.1375968764673879,0.0740114642601885,0.2469021819724238,0.8549358822720016,0,0.0,0,0,0
E01004529,724.4683,6.586817377365497,0.473955782468329,0.2629610985049311,0.2529335099962276,0.4472166373705508,0.8057250428979634,5,0.06944444444444445,0,5,1
E01004536,3490.46259,8.158076007636106,0.1861905730953558,0.1017183026161583,0.0598307916544666,0.1646999465208901,0.7435408006529114,0,0.0,0,0,0
E01004537,1644.09276,7.40555205066742,-0.0443741142683457,0.0660090371056679,0.035061780820688,0.1005986960663895,0.7352230207576984,3,0.041666666666666664,0,3,1
E01004538,1691.78143,7.434128271613261,-0.1664033456142145,0.1214663586891363,0.0746561806154829,0.1999478837293221,0.8514719966704121,0,0.0,0,0,0
E01004540,2689.79792,7.897593053146841,-0.0938361867719787,0.1043219187261472,0.0595754531626673,0.169830728795017,0.748413963511233,0,0.0,0,0,0
E01004541,1761.24831,7.474345721652249,-0.0109598912830184,0.1250218602055039,0.0618125788293872,0.2063424146675648,0.8937762916514171,0,0.0,0,0,0
E01004543,190.09708,5.252781571171351,0.0237692235988054,0.0346591331124076,0.0051185425888709,0.0507243420024436,0.704216761839894,25,0.3472222222222222,0,25,16
E01004545,4054.13069,8.307738195376645,0.1907724859259531,0.0890524720602926,0.0467737560774095,0.1421529548519311,0.7912440651427747,0,0.0,0,0,0
E01004547,435.10141,6.077874808046888,-0.0135957040451787,0.0535188566729765,0.0333958467291567,0.0762554805659968,0.7685462256630005,17,0.2361111111111111,0,17,8
E01004548,4416.89258,8.39341806951516,-0.0704718564833197,0.0781476849953186,0.03281451322957,0.1213550036186067,0.8047410154004422,0,0.0,0,0,0
E01004549,324.06906,5.7840376520641374,-0.2886501414235596,0.0505233976980091,0.0285265122193399,0.0729257635113963,0.7917208057376535,20,0.2777777777777778,0,20,9
E01004551,32441.89451,10.387236730821028,-0.0064341017425989,0.096837487065733,0.0502613153340162,0.1605196920162466,0.8730395660442748,0,0.0,0,0,0
E01004552,5234.77796,8.5632707197135,0.1695734120497443,0.077785161684298,0.041061615534119,0.129867576505466,0.8968500828632741,0,0.0,0,0,0
E01004553,159.22505999999998,5.076579451863617,0.0979867113882701,0.0453205670011994,0.0066183677368374,0.0727899720860664,0.9553363409206698,20,0.2777777777777778,0,20,13
E01004554,490.6756,6.197819149432273,-0.1862329408676527,0.0767266601396115,0.0301031679586268,0.1226197694743513,0.6053030196884374,1,0.013888888888888888,0,1,0
E01004557,488.847,6.194093097448125,0.184997923685734,0.0232480510261901,0.0067155572193344,0.0314285126432069,0.6689591414887559,21,0.2916666666666667,0,21,13
E01004558,768.91854,6.646284717043547,-0.024729823786015,0.0348602467044168,0.0179658823157001,0.0494656102168916,0.645568355960581,16,0.2222222222222222,0,16,9
E01004559,289.24078,5.670710854354252,-0.1969553532527467,0.044836831099681,0.0090279455061627,0.0633061704947078,0.7132995290527908,24,0.3333333333333333,1,23,13
E01004560,420.85056,6.044651128096828,0.1480878153043208,0.1366922025718583,0.0891393134893298,0.235590335581244,0.9468417602428422,0,0.0,0,0,0
E01004563,589.36993,6.38074934041739,-0.1987533873674213,0.1647194318176361,0.0893886798737763,0.2828078968570585,0.7913732827572975,0,0.0,0,0,0
E01004564,2434.59093,7.79794468779909,-0.1339679393285179,0.1042021174374456,0.0583852992502522,0.1709351146446197,0.7555475931925242,0,0.0,0,0,0
E01004568,1486.98869,7.305180614557699,-0.3365122635868871,0.0952052634643778,0.0408785153571006,0.1507497927830124,0.7286918384544337,0,0.0,0,0,0
E01004569,7140.46978,8.873673885689724,-0.3321826060581689,0.1044916151161135,0.0453019549086306,0.1744903466702256,0.7954017428349486,0,0.0,0,0,0
E01004570,541.19555,6.295626729727307,-0.0994208285711144,0.2133507749647978,0.1731828911010077,0.3887533706949873,0.7537760700459779,2,0.027777777777777776,0,2,1
E01004571,1073.90087,6.979983722356307,-0.4026538036047964,0.111746450116946,0.0497226713299897,0.1849252707163437,0.7218731547187351,0,0.0,0,0,0
E01004572,4483.73252,8.408434133918446,-0.0963097950365692,0.1391113357493502,0.0888784373783296,0.2258653756756514,0.7980026467285427,0,0.0,0,0,0
E01004573,3136.317,8.051123255045745,-0.1517807224205971,0.1084815087250427,0.0569035432323964,0.1760648274991625,0.7340347059687351,0,0.0,0,0,0
E01004574,1483.95266,7.303138171940782,-0.4423623594569384,0.1554763680938447,0.092862544550444,0.2808781529626656,0.8559993417162474,0,0.0,0,0,0
E01004575,958.5432,6.866457337883943,0.0060187584659721,0.0854452882248812,0.0468145827960596,0.1271720390511617,0.7367705704964871,1,0.013888888888888888,0,1,0
E01004579,1824.79047,7.509768306487607,-0.3268751124067411,0.0967743217115771,0.0623417438167572,0.1542156199160986,0.79165826343539,0,0.0,0,0,0
E01004582,2379.78281,7.77518462435061,-0.0662474362523864,0.0946446201113621,0.0639295146433972,0.1437455581231096,0.6821670193008565,0,0.0,0,0,0
E01004583,1912.256,7.556561781710202,-0.2638814677532715,0.0576701341243013,0.0159981038103684,0.0884230188918788,0.6653699537811063,7,0.09722222222222222,0,7,5
E01004585,817.57105,6.70756019817518,0.1687247242915463,0.0886158089868764,0.0415446706436095,0.1474343315385007,0.7940903783189386,2,0.027777777777777776,0,2,1
E01004586,386.8488,5.960615572952463,-0.1529445095861742,0.083992014451124,0.0264719704442665,0.1418297313912755,0.9605047483823967,1,0.013888888888888888,0,1,0
E01004588,1991.53199,7.597161465742513,0.0332140333834155,0.0515568770753212,0.0211384553255406,0.0773581517299162,0.715681680400485,1,0.013888888888888888,0,1,1
E01004590,2689.28907,7.897403927788911,-0.285423028175993,0.0730062908410214,0.0371145040202018,0.1121078568662348,0.7729073947847098,0,0.0,0,0,0
E01004591,1845.19173,7.520880272074672,-0.0948939382033757,0.084264441180863,0.0408625991403072,0.1332913026887167,0.7364351228486756,0,0.0,0,0,0
E01004593,468.73031,6.152158721502358,-0.1602090336338608,0.205758360281843,0.0925478448364049,0.3820462030830154,0.7607650592642299,0,0.0,0,0,0
E01004594,576.30709,6.358374343301017,0.0572068790616475,0.0529567318007487,0.0302848260985302,0.0759123999716839,0.7090999438991242,17,0.2361111111111111,0,17,10
E01004595,252.74727,5.536338771677433,-0.3929879440438664,0.1321706066300934,0.06763831712208,0.226110807952259,0.7966672905101706,5,0.06944444444444445,2,3,1
E01004597,284.20793,5.653218493202676,-0.2389871035618182,0.1706432681171141,0.1025978057684738,0.3033047013314703,0.8428104664099807,3,0.041666666666666664,1,2,0
E01004601,1848.02753,7.522415120405542,-0.3440368607495799,0.0910024808991887,0.0455106585993337,0.1441903429140745,0.7970223645575446,0,0.0,0,0,0
E01004602,233.16102,5.456008998370043,-0.1613032916050891,0.0770165613446021,0.0286998658695179,0.1219576317294159,0.6476098604239642,4,0.05555555555555555,0,4,2
E01004605,661.1443,6.495483508014544,-0.2021814299843467,0.0663473768132009,0.0276752745202522,0.1035255947014005,0.9137138114797076,6,0.08333333333333333,0,6,3
E01004606,418.5283,6.039130984895261,-0.0327981644252014,0.1028922536421073,0.0727395017254508,0.173138168402123,0.7394886035174575,3,0.041666666666666664,0,3,2
E01004607,213.98069,5.37054821014066,0.1568324225891598,0.041209185744751,0.0232760722474537,0.0591567286311691,1.047631425654841,10,0.1388888888888889,0,10,5
E01004608,1683.244,7.429072077417918,-0.0697917236003811,0.0798576736349572,0.0296725548999432,0.1256694375189264,0.9395203129205476,0,0.0,0,0,0
E01004609,13868.92496,9.53747810305632,0.0869902031685663,0.1216411383626088,0.0626524357515883,0.2016571718411303,0.7933286064150428,0,0.0,0,0,0
E01004612,574.03343,6.354428178237772,0.2678132003566413,0.0741808190509044,0.0379738511048041,0.1118169834746302,0.9713689306298152,3,0.041666666666666664,0,3,2
E01004613,1623.06114,7.392685167796214,0.4502661187489215,0.0750097251419623,0.0397413864520223,0.1146689117950987,0.9163437821185088,0,0.0,0,0,0
E01004614,1422.38458,7.260792821590248,-0.131478590691696,0.0773153910315872,0.0379238714750408,0.1170782267766605,0.6837549870921537,0,0.0,0,0,0
E01004615,2079.62667,7.640424410972404,-0.2000723764520676,0.0745758756786861,0.0443826054606233,0.1132657831277152,0.7931747589105073,1,0.013888888888888888,0,1,1
E01004616,3397.42199,8.13106648227872,0.5028134376677771,0.1023800343389194,0.0629671941341617,0.1833387127834578,0.869242319710233,0,0.0,0,0,0
E01004617,5548.38768,8.621442872725979,0.2304173453142697,0.1579858367070701,0.0925189856235857,0.2656122312616975,0.8180112952707087,0,0.0,0,0,0
E01004619,411.98243,6.023405049683199,-0.0285042495622932,0.0352287839071195,0.0158282720940308,0.0510257183171262,0.7373275288584414,21,0.2916666666666667,0,21,13
E01004621,1215.02673,7.103344044192409,-0.3425590727538973,0.032698572812468,0.0172118435616638,0.0484653614691151,0.6487169520458,20,0.2777777777777778,0,20,13
E01004622,327.54138,5.794662796506009,0.1101797275202296,0.0289291386633346,0.0197337508927879,0.0396430378208911,0.7661048680162554,26,0.3611111111111111,0,26,13
E01004623,212.05645,5.361557154071086,-0.2908945707617004,0.0466117394684292,0.0167245561264465,0.071471599888848,0.8726592841571391,24,0.3333333333333333,1,23,13
E01004625,224.18863,5.416938406536244,-0.0268603720001321,0.0278468181013461,0.0156430769927984,0.0402368395492425,0.8929571818537559,21,0.2916666666666667,0,21,9
E01004626,144.08352,4.977309576596248,-0.1021543615813939,0.0065958966021929,0.0,0.0079238464956931,0.7765372027791116,34,0.4722222222222222,1,33,18
E01004628,328.20907,5.796693020063716,-0.3913351023480247,0.0857026285105405,0.0526861125440561,0.1337907436016468,0.7218896638064616,17,0.2361111111111111,0,17,10
E01004629,1945.41545,7.573744729169006,0.0336167937804749,0.0397887659419996,0.0101378551301214,0.0592554545772444,0.7010498292317526,16,0.2222222222222222,0,16,10
E01004630,565.80278,6.340011412532796,-0.3343810364452433,0.0849172568575926,0.043832375655701,0.13653968893515,0.8099471032160085,16,0.2222222222222222,0,16,10
E01004631,1194.19195,7.086062079081439,-0.5034923322000286,0.0992927477027457,0.0542011357554369,0.1546740449554796,0.7059400004148413,1,0.013888888888888888,0,1,0
E01004632,511.68406,6.239659788000119,-0.2999743630864717,0.0466320174210625,0.0211339786508104,0.0664659519262356,0.7317753437547454,17,0.2361111111111111,0,17,10
E01004635,998.32969,6.907084744223945,-0.4484640039103714,0.0790088392542948,0.0489149831855646,0.1187012300000129,0.7855426122618239,16,0.2222222222222222,0,16,10
E01004637,143.51183,4.973361372713554,-0.1101079262942991,0.1576081219227711,0.0846714866642004,0.2919645382298571,1.1394854016716576,17,0.2361111111111111,0,17,10
E01004639,762.51274,6.637929810832504,-0.0279164647137567,0.1041976819954509,0.0700971107708967,0.1694258733576032,0.9649515102427506,1,0.013888888888888888,0,1,0
E01004640,533.18597,6.280744036759271,-0.1149735616636723,0.0614440398722419,0.0374779366381302,0.0917627594409673,0.573311888808082,8,0.1111111111111111,0,8,3
E01004641,376.65924,5.933992307559309,-0.6826169457571253,0.046638335488597,0.0073856411965361,0.0747622201639786,0.7730222100340147,21,0.2916666666666667,0,21,13
E01004642,1590.68668,7.372549537989661,-0.2753239500314418,0.1070560482721839,0.0454395959360142,0.1750895748399518,0.7184875843371367,1,0.013888888888888888,0,1,0
E01004643,1919.63951,7.560413487688622,-0.1378368118709955,0.1118026686166716,0.0790558796114797,0.1772622012950878,0.7757822605370229,0,0.0,0,0,0
E01004644,352.81185,5.868765274663942,-0.4225404277095568,0.0867767054876416,0.0515258486924404,0.130022960954486,0.8222706447187106,22,0.3055555555555556,0,22,12
E01004646,485.17657,6.186571870675596,-0.1718216730869753,0.0700236823060107,0.0242383716097419,0.0982944048757295,0.8029217201631557,3,0.041666666666666664,0,3,3
E01004647,1156.84951,7.054319692865714,-0.1580108289106679,0.0593908450546865,0.039278030208095,0.0853681560882498,0.6624216245541654,4,0.05555555555555555,0,4,2
E01004648,699.35054,6.551580981127809,-0.2324086001277699,0.1281305366547654,0.0384615846582459,0.2122861151558673,0.7911166186731411,0,0.0,0,0,0
E01004649,414.97821,6.0306328790817005,0.0318871923419785,0.0822397638661557,0.038787337773711,0.1271380121522739,0.7767783240761532,6,0.08333333333333333,0,6,5
E01004651,417.59423,6.036902025874854,-0.5652039540872009,0.0701156479101734,0.0377626865198784,0.1165451833800371,0.6967348346869673,10,0.1388888888888889,1,9,4
E01004652,1702.41798,7.440392088011142,0.1718942606562461,0.1011688386890744,0.0469097254247749,0.1632191844530169,0.849875096640648,0,0.0,0,0,0
E01004653,1353.9355799999998,7.2115091897482,-8.80839544818328e-05,0.0913694505317601,0.0454174415004294,0.1516979768387417,0.7547275360186027,0,0.0,0,0,0
E01004654,901.98432,6.805705188925138,0.5151025463502515,0.1128454428121322,0.0615743076331969,0.1767596178866566,0.967019399343024,0,0.0,0,0,0
E01004656,1636.30619,7.400807603252726,-0.1050477783745351,0.1456095145615748,0.0557820782918385,0.2671440533734335,0.889629806839385,0,0.0,0,0,0
E01004657,12618.58547,9.443005288487582,0.0029947136380571,0.1875735363228474,0.104456875387,0.3479765118570269,0.8764485314185032,0,0.0,0,0,0
E01004658,4995.75049,8.516543078138389,0.1833438382948544,0.2202520606668648,0.1006048322481373,0.4527823717183843,0.8757528940019172,0,0.0,0,0,0
E01004660,1355.80599,7.212888679827421,0.1837273414022901,0.2048067585244995,0.0916680933088369,0.4017313010704063,0.9107611758574816,0,0.0,0,0,0
E01004661,5953.29718,8.691868452993882,0.2134629570096482,0.2260807027274926,0.1179275129013465,0.4512395810615746,0.8807627907544601,0,0.0,0,0,0
E01004662,2268.26656,7.727211956945385,-0.1630171455686408,0.1945356986614483,0.106026123314184,0.3605071240788757,1.037371161341183,0,0.0,0,0,0
E01004668,375.43646,5.930749268057304,-0.468276895643007,0.1250932581241576,0.0727954871511413,0.2196482630464148,0.6962445138684614,4,0.05555555555555555,0,4,0
E01004675,4325.56001,8.37252805028459,-0.2088717317321417,0.0966033551803619,0.0431311366779535,0.1556843292289683,0.8055260347012728,0,0.0,0,0,0
E01004676,574.2377,6.354783346679055,-0.183379879098847,0.0788640139788801,0.0427090558491718,0.1209571349359566,0.7537039914074299,2,0.027777777777777776,0,2,0
E01004678,161.18675,5.088748449072059,0.3739850204809018,0.2029318166660721,0.1739419027928784,0.353284964172432,0.7360795419688102,10,0.1388888888888889,0,10,5
E01004679,3220.14826,8.077493177455372,0.0496050762581968,0.1625985289261184,0.0817065453998692,0.2918956018953346,0.8778369083160387,0,0.0,0,0,0
E01004680,1658.05428,7.414003008160329,0.1030998575028557,0.1997535870779815,0.0773431193097007,0.3850386344420234,1.0070312978884872,0,0.0,0,0,0
E01004681,4905.52531,8.498321294096506,0.0820695164245314,0.0966665647475784,0.0514934760371259,0.1619249036584953,0.9198653903352052,0,0.0,0,0,0
E01004682,1941.06111,7.571505115915394,-0.2507794357901488,0.1712459016810655,0.0726043498960215,0.3323719209673818,0.9687254189186036,0,0.0,0,0,0
E01004683,246.90719,5.513054442251044,0.0012969650661044,0.0884356182580183,0.0418475865364633,0.1420829951588532,1.140425865806043,1,0.013888888888888888,0,1,0
E01004684,4000.80273,8.294500221075173,-0.2222219714392167,0.2026017438755347,0.0801214335304155,0.4056576774239345,0.9695029422912322,0,0.0,0,0,0
E01004686,3846.00328,8.255049755364357,0.1353397909738652,0.1699548940582286,0.0652533010840282,0.331399264088054,0.9566656135960432,0,0.0,0,0,0
E01004691,10257.64421,9.235875966718217,0.0217626586991946,0.2742747440252658,0.165827557982731,0.5938212430163976,0.8958831398278894,0,0.0,0,0,0
E01004693,151.50244,5.027180595919468,-0.2311615575300305,0.1817209676623029,0.0753232093159687,0.3831785768715,0.8234109104605954,7,0.09722222222222222,1,6,3
E01004694,902.6382,6.806429059043343,-0.0342216626772498,0.1046718164597953,0.0505326054226377,0.181731443575305,0.9336851171771176,0,0.0,0,0,0
E01004695,2503.63385,7.82589783517076,-0.227097125244572,0.1473834762219723,0.0650944426238685,0.2906520926031657,0.9520658524188153,0,0.0,0,0,0
E01004698,494.44062,6.205447508041908,-0.4480844636106151,0.1954027563512075,0.0586324602537712,0.4407644675491896,0.8935959380692198,2,0.027777777777777776,0,2,1
E01004699,2139.79353,7.668931847694663,-0.2102154267192312,0.0912431770928852,0.0360401220579445,0.1555974987862073,0.8978111209818002,0,0.0,0,0,0
E01004702,700.48832,6.553204249368265,-0.0880307326180684,0.2160896701318303,0.125525490560642,0.3991467071501333,0.8502709935943463,0,0.0,0,0,0
E01004703,980.66472,6.88924982439354,-0.0152352783732242,0.0428606017355248,0.0220663184457171,0.0606701761222769,0.7677132949088757,6,0.08333333333333333,0,6,3
E01004705,938.65789,6.845515862210826,-0.023657447762997,0.050150156411086,0.0279380488667708,0.0713550772984385,0.805388083267776,2,0.027777777777777776,0,2,0
E01004708,282.7889,5.648230651910306,-0.2135832064129815,0.1180963962871244,0.0695589890550866,0.1827361358015767,1.0144046528107125,1,0.013888888888888888,0,1,0
E01004710,923.41601,6.829162197592524,-0.0438220147385141,0.0713689055488652,0.0453417631344728,0.109601492463915,0.8578478258651085,1,0.013888888888888888,0,1,0
E01004711,238.60693,5.478999789028369,-0.0709615181755198,0.1745766562605704,0.0830065161979997,0.3145865187692947,0.830253341788132,0,0.0,0,0,0
E01004712,833.77683,6.72716441966693,0.7213727563045857,0.0737881142607428,0.0238606654492905,0.1197751834080505,0.5944738168938264,0,0.0,0,0,0
E01004713,276.07735,5.624296709083838,-0.214419726935223,0.236573228481076,0.1762365510970023,0.4234409207537853,0.5353880102057655,2,0.027777777777777776,0,2,1
E01004714,9409.61761,9.149593863794406,0.3865889838216284,0.1267120949455883,0.0736169639097587,0.2069313232134974,0.8934037975714801,0,0.0,0,0,0
E01004715,3017.7751,8.012606432066109,-0.0061261026376684,0.2048723113925885,0.1197291739864909,0.3949004869980151,0.8099928886133695,0,0.0,0,0,0
E01004716,2493.76127,7.82194832024094,0.3062652544924639,0.2134989168389803,0.1124007271153104,0.3924554181012579,0.6744901699561427,0,0.0,0,0,0
E01004720,477.98157,6.171662120679046,0.1012076051384157,0.220755603610407,0.1882564635284996,0.3677884545002687,1.1203660405642752,1,0.013888888888888888,0,1,0
E01004721,1422.8452,7.261116378197625,-0.2681636624982113,0.1239154125831819,0.0496582059664677,0.2099858652452091,0.785483893058799,0,0.0,0,0,0
E01004723,320.66328,5.773505284118042,-0.6250461231482445,0.1087116990757407,0.0340328334444779,0.1739149241049666,0.6957859659734391,8,0.1111111111111111,1,7,5
E01004725,3379.11377,8.1256646476739,0.1803019346105058,0.0595500162754212,0.0374520979801162,0.0970746571123974,0.9101254759096706,0,0.0,0,0,0
E01004726,1901.649,7.551002404671775,-0.0124624260313023,0.0861114590547467,0.0352116557787478,0.1322693425809297,0.8210965174247696,0,0.0,0,0,0
E01004727,15230.84368,9.631143494373443,0.0080493413612397,0.1499173445656426,0.0822515473417293,0.2717087659230864,0.9407225012113458,0,0.0,0,0,0
E01004728,1613.65715,7.386877922098156,-0.1608456232477884,0.0887807301569605,0.0387205919175582,0.1441969865433642,0.8416991805448403,0,0.0,0,0,0
E01004730,955.28528,6.8630562785778215,0.1525245107932574,0.0414725745590887,0.027093697078636,0.0553511357574785,1.0045828823426406,24,0.3333333333333333,0,24,12
E01004731,6209.6919,8.734027585790347,0.1548720541191423,0.1489081640266242,0.0825611186925393,0.2611984499304495,0.7864516499743321,0,0.0,0,0,0
E01004733,9467.60315,9.155736672660623,0.1067797449875156,0.2280999346703711,0.1589616512390467,0.4152928339065648,0.8760015568944627,0,0.0,0,0,0
E01004734,36828.45193,10.514053128253176,0.249606902496811,0.2545147321917312,0.125466925375595,0.5589522690838123,1.13050216526109,0,0.0,0,0,0
E01004735,31532.66408,10.358810955111778,0.2636314692253557,0.2392111789496474,0.1383419906714079,0.5263657927432182,0.7995112028562416,0,0.0,0,0,0
E01004736,49866.20359,10.817118822975583,0.2220894496211638,0.3256052370358519,0.1697103739755537,0.7986504575083214,0.9911424440140764,0,0.0,0,0,0
E01004741,2911.81613,7.976875634472917,-0.2389361480733331,0.1080361245199915,0.0569155752289894,0.180079419279129,0.7961196365835633,0,0.0,0,0,0
E01004742,620.53361,6.43218998833007,-0.1373511581427475,0.103122117752816,0.0339603361693817,0.1731125432235298,0.9254067506915088,2,0.027777777777777776,0,2,0
E01004743,702.69449,6.556344298900638,-0.0034586154219025,0.110656182888242,0.0709156549669259,0.179784802944663,0.7043604153329532,1,0.013888888888888888,0,1,0
E01004744,1291.49821,7.1643322214686656,0.1700277308165994,0.1196522680430195,0.0769111402794743,0.2032056885661667,0.740864248014086,0,0.0,0,0,0
E01004747,293.01634,5.683635344025562,0.2506214499846663,0.1140913848012707,0.0493904196605554,0.2027472545799958,0.6029861326614302,1,0.013888888888888888,0,1,0
E01004749,814.12962,6.70334714353966,-0.0904956633318413,0.079740877134528,0.0370833086750977,0.1357229018254979,0.915011563705219,0,0.0,0,0,0
E01004750,41373.54275,10.63042106125878,-0.1070134278022396,0.1619973213437227,0.0896221298332012,0.3027140211732155,0.9300526180220168,0,0.0,0,0,0
E01004751,153.44528,5.039839858845826,-0.0777151307619236,0.1097655789738205,0.0407583732780832,0.188660991644058,0.7766272110582197,21,0.2916666666666667,0,21,12
E01004753,1030.65092,6.938915633006153,-0.3731992593573778,0.0629129210887426,0.0264449480140181,0.0992218337656479,0.8454557967807834,8,0.1111111111111111,0,8,4
E01004755,5387.31284,8.591987598205503,-0.2313346146796257,0.1605148532640254,0.0817948470948644,0.2849627436068511,0.8314722802753319,0,0.0,0,0,0
E01004757,112.80382,4.734476088791415,0.0307000241658482,0.2148975096765339,0.1515623318430173,0.3765208578451358,0.9075412708818772,6,0.08333333333333333,0,6,3
E01004760,246.71262,5.512269283925772,-0.1326783364385656,0.1057706735877556,0.0487769129929389,0.1752084527213416,0.8740557678818893,2,0.027777777777777776,0,2,1
E01004761,9130.67242,9.119504135346189,0.1378294721474631,0.2586195343978839,0.1265696256355235,0.5307525698298269,0.7327388857035053,0,0.0,0,0,0
E01004763,6984.22853,8.851552988407118,0.3766613762279053,0.2987305585775269,0.1054019677102404,0.7496589341569386,0.94878246534058,0,0.0,0,0,0
E01004765,5308.40973,8.577235946098467,0.314675952867715,0.3682418218308856,0.1938814658905389,0.8441232550119129,0.7450026967660254,0,0.0,0,0,0
E01032512,3645.11013,8.201416160487307,0.0671772158499913,0.1281014436729789,0.072914441682452,0.2208027449108744,0.9208667107708038,0,0.0,0,0,0
E01032513,625.2701,6.439781747692399,-0.1131875328757924,0.0770392347243215,0.0326366637393983,0.1165680999024121,0.8669866875845524,1,0.013888888888888888,0,1,0
E01032563,358.31935,5.884211547386866,-0.3427509287455449,0.1109486551591478,0.0641254791291622,0.1850355120657617,0.7538312747069805,3,0.041666666666666664,0,3,1
E01032564,273.44732,5.6147593299637055,-0.3380566318953135,0.2161021362359667,0.1301551977177907,0.3822151311981393,0.7458736778779235,0,0.0,0,0,0
E01032565,168.76455,5.13441247705126,-0.5488481437600492,0.0244135394548203,0.0171618980407911,0.0355967273204497,0.7092040762749608,31,0.4305555555555556,4,27,14
E01032566,584.97215,6.373272262850366,-0.2705739239038986,0.1366811736251033,0.1025074441578116,0.2138888650356796,0.7351274600318006,15,0.20833333333333334,0,15,7
E01032567,563.63725,6.336183489555224,-0.4750733029089188,0.1431335845883145,0.0919917021098232,0.2434649209993263,0.6511262032926078,13,0.18055555555555555,0,13,7
E01032568,267.00339,5.590999629684587,0.1123161395066931,0.0402181410505686,0.0145488789486905,0.0582088010999545,0.6991559396718144,26,0.3611111111111111,0,26,14
E01032569,331.9052,5.807857764765382,-0.222597054821678,0.0589466510316801,0.0414064015869591,0.0878266019072648,0.9020798783525724,29,0.4027777777777778,0,29,16
E01032570,369.06882,5.913688988342415,-0.3980993029972025,0.0622456809003805,0.0256483872032321,0.0914665794348287,0.7882693705272403,27,0.375,0,27,14
E01032572,994.22018,6.902963999110522,-0.4809999330329424,0.1239928463330929,0.0607150822466709,0.207013716543552,0.857945094621939,1,0.013888888888888888,0,1,1
E01032573,2820.01245,7.944851124320865,0.1087287717470893,0.0738261598809608,0.0404411157830171,0.1089809061677612,0.7477718300523155,0,0.0,0,0,0
E01032574,1645.88295,7.406639659042554,0.0135773992919727,0.0474193076731246,0.0372156294589478,0.0621160161121179,0.7097300124240612,20,0.2777777777777778,0,20,8
E01032577,111.10314,4.71941934039055,-0.1305383448208574,0.1279549794902286,0.0920004601130085,0.2209135835389995,0.5830727435826099,25,0.3472222222222222,0,25,12
E01032579,4603.95486,8.434888146252655,-0.1025742506954119,0.1951482230648977,0.1113954492594655,0.3768900791632942,0.8848357994560995,0,0.0,0,0,0
E01032580,1400.24702,7.245117847711494,-0.1232363129756919,0.0945801905723748,0.064158879623968,0.1527088578741667,0.8236799699252465,0,0.0,0,0,0
E01032581,455.4427,6.123463171893826,0.0462863056099043,0.1341679425315193,0.1053057387899729,0.2207930812701441,0.912714641771141,3,0.041666666666666664,0,3,1
E01032582,29754.52333,10.300770051892696,0.0345165653843461,0.1105147581606376,0.0507046583562258,0.1967712653747191,0.8559484134949352,0,0.0,0,0,0
E01032583,1878.69717,7.538865963062019,0.0466792474063289,0.1420395124138075,0.0865294112302303,0.2521398524254303,0.6209048101405029,0,0.0,0,0,0
E01032623,97.07399,4.585722193801447,-0.1819306077766042,0.0081259665951713,0.0,0.0091318830199325,0.4964233086340272,41,0.5694444444444444,7,34,18
E01032639,5144.29669,8.545838312300397,-0.1001777504399731,0.1551168309462337,0.0857212125531585,0.2723199885912999,0.8439132558622823,0,0.0,0,0,0
E01032640,2119.92184,7.659606103343488,0.3224811627960774,0.0378972934209687,0.0161553597655279,0.0613912465834296,1.0048185356184516,15,0.20833333333333334,0,15,8
E01032719,1227.61838,7.113645548735132,0.3348440742635346,0.1397736322585851,0.0517501130929629,0.2474557783863662,0.9283800864829538,0,0.0,0,0,0
E01032739,69685.65898,11.15176417211532,0.0900800163459974,0.2702818084192278,0.1614864664367991,0.5660006119379568,0.7708144148405072,0,0.0,0,0,0
E01032740,12962.72829,9.469910605232789,0.0856624473766548,0.2911973919033676,0.197655266135336,0.6143155079844986,0.5832355586134401,0,0.0,0,0,0
E01032741,9231.52506,9.130487861047431,0.2731954756779916,0.0934246859965735,0.0636808659651734,0.1381708652398175,0.78290424496249,0,0.0,0,0,0
E01032742,510.97584,6.238277436426142,0.4049521402029498,0.0788372107769322,0.0485970726130613,0.119691674698076,0.7377418761294625,9,0.125,0,9,5
E01032743,122.48287,4.816102441994238,-0.405013778661457,0.0994630514454796,0.0796424838836647,0.1601121026019537,0.8706435136889925,26,0.3611111111111111,2,24,12
E01032744,3877.76969,8.263273292127405,-0.1784321157041175,0.1162138254786348,0.0822228872493972,0.1856011554054734,0.8436822869342194,0,0.0,0,0,0
E01032764,4218.9541,8.347579530193654,-0.0905563348034528,0.2168980008576059,0.1313555414125031,0.430784246923737,1.040596518304549,0,0.0,0,0,0
E01032765,204.51349,5.325511676550622,-0.237406882059467,0.0748488033723349,0.0258828402957672,0.1244808145758674,0.9038477168008826,19,0.2638888888888889,0,19,11
E01032767,1565.48706,7.356590849904889,-0.6678495700884299,0.1376461329549411,0.0812988323263432,0.2587134099908962,1.145107464604151,0,0.0,0,0,0
E01032769,2608.51534,7.866919789586979,-0.2049467265160878,0.153607453962682,0.0644708227017748,0.3028133270499544,1.3338987135647036,0,0.0,0,0,0
E01032771,5167.46933,8.550331855967523,0.4020861387483068,0.117522394661218,0.0560370582789699,0.2132069516167549,1.1604362199254097,0,0.0,0,0,0
E01032777,459.87692,6.133131022534239,-0.1794350105676101,0.1401814642056835,0.079974333132439,0.2214641545586828,0.8442276482365241,0,0.0,0,0,0
E01032780,1063.87005,6.970608051919286,-0.01682892567565,0.0927455848578498,0.0499945176574902,0.1442104711921134,0.906895851017556,3,0.041666666666666664,0,3,2
E01032781,1566.34777,7.357140151363538,-0.1725184503566535,0.1218221161702806,0.0516639481665045,0.2090960172139712,0.9722301571740812,0,0.0,0,0,0
E01032783,2898.55425,7.972312297263898,-0.4380902065227863,0.0889639550475896,0.0391621892189873,0.1488379496883605,0.9142770905598075,0,0.0,0,0,0
E01032786,1077.2737,6.9831166153466775,-0.098081926626446,0.1293160503222161,0.0646569019553712,0.2257062796294742,0.8585554282455878,0,0.0,0,0,0
E01032788,746.1322,6.616242144039592,-0.0685085297216765,0.0384878309768697,0.0201625395606837,0.0538169091181576,0.7063558060235122,22,0.3055555555555556,0,22,12
E01032789,378.60985,5.939144014765821,0.288192792659779,0.0795267740657037,0.0539559654879554,0.1158604579197086,0.9831692096128176,25,0.3472222222222222,0,25,13
E01033081,1615.7391,7.388166498383455,-0.0727354806230783,0.0800240397722627,0.0395496834854092,0.1272552559066606,0.8336080272131662,1,0.013888888888888888,0,1,1
E01033082,6168.24874,8.727332349356407,-0.0930754682892376,0.085024969340001,0.0484934075469855,0.1383890015261455,0.8699480676917704,0,0.0,0,0,0
E01033083,2894.65589,7.970966923931841,0.1836750930695254,0.0692702060692955,0.036682760934323,0.0999370642948181,0.7470614490179622,2,0.027777777777777776,0,2,1
E01033084,18927.32751,9.84841488900592,-0.0671421355882693,0.1453436766784197,0.1003984608495845,0.2533828013780319,0.8239861970598149,0,0.0,0,0,0
E01033098,3717.80313,8.221157156250705,0.160833483939748,0.0511883694067469,0.0226059576209996,0.0755913445646644,1.0294523827875546,0,0.0,0,0,0
E01033099,294.29058,5.687959888478115,-0.0824150062839252,0.1615693237615692,0.0852091154259847,0.2870291816610222,0.7943621532753292,0,0.0,0,0,0
E01033100,4004.38292,8.29539446541896,-0.1121176393390469,0.1238833947478729,0.0708937346081777,0.208518799558237,0.8419749462088411,0,0.0,0,0,0
E01033132,3528.36238,8.168872504716795,0.1097665710855924,0.0513939699130337,0.0340280325741371,0.0800073235404665,0.9790083288456244,22,0.3055555555555556,0,22,12
E01033133,644.03455,6.469303881252644,-0.2748421338575702,0.0471056094739016,0.0219408260007168,0.0727677959464896,0.8315318990223689,3,0.041666666666666664,0,3,2
E01033146,431.76008,6.0701834866793245,-0.5711673019886414,0.0443046286261573,0.0244593247249722,0.0653921138333919,0.6591869820125765,27,0.375,0,27,14
E01033148,301.87949,5.713335003624413,-0.4439033271190435,0.0633340476360285,0.025059105539101,0.0964305818588298,0.7874598435785678,20,0.2777777777777778,1,19,12
E01033150,838.83866,6.733209801960709,-0.3313744504813357,0.0770012197578018,0.0474605092712345,0.125244185209127,0.7439047841593981,18,0.25,0,18,12
E01033151,274.34614,5.618028997088349,-0.2481290241590423,0.036194750179463,0.028714090892622,0.0510177249767874,0.6209072011425693,27,0.375,1,26,14
E01033320,579.57785,6.364023900673334,-0.4366909294411442,0.0964579823055694,0.0421214682376146,0.1507928919075268,0.6790015981005063,3,0.041666666666666664,0,3,3
E01033322,274.03411,5.616895126338334,-0.0365035943883045,0.106621507811564,0.0674903938053551,0.1805413212482777,0.648236042916894,12,0.16666666666666666,0,12,5
E01033324,105.47005,4.667863724942259,-0.0826988325121681,0.1455866381024755,0.0779866891122171,0.2487840712400828,0.9505979948830928,4,0.05555555555555555,0,4,2
E01033327,16671.75065,9.721530968131647,0.0139312382290218,0.1285311749789155,0.07944007667845,0.2055847472237205,0.8649952301169035,0,0.0,0,0,0
E01033341,397.59121,5.987936355352902,-0.247061623922722,0.1186593888733103,0.0736922227229319,0.2006959750949104,0.7250455689436441,17,0.2361111111111111,0,17,10
E01033455,1011.58225,6.920259030249246,0.1992648546373762,0.3068920199024844,0.2374738781745132,0.6373730074710111,1.0409181419332982,0,0.0,0,0,0
E01033456,796.54124,6.681533544920747,-0.1057589686128492,0.1485205336009972,0.1077476540950974,0.2448382286845145,0.8512670751279845,0,0.0,0,0,0
E01033463,821.08965,6.711849452369556,-0.1334608833517752,0.0766661472349578,0.0429486597474465,0.1150475502599179,0.7547222681336931,20,0.2777777777777778,0,20,14
E01033486,967.91811,6.87618009851569,-0.2100039124177561,0.1132498285417967,0.0563297550037574,0.1802328565831204,0.6688104721913203,1,0.013888888888888888,0,1,0
E01033488,3098.90895,8.03912801907416,0.1314458980797096,0.0812391729030954,0.0362792072351786,0.1307788451002145,0.7812051774315414,0,0.0,0,0,0
E01033489,171.74996,5.151845231099272,-0.1260845708493905,0.0413218145727661,0.0244242269401401,0.0593796885725253,0.6271861345375555,23,0.3194444444444444,0,23,11
E01033490,3035.33146,8.018405309104285,0.0010143274435009,0.1073912237578165,0.0509471443359269,0.1800040287315109,0.6418959450552739,0,0.0,0,0,0
E01033491,4254.63647,8.355999611489878,-0.0856787348508767,0.1838226592365011,0.1177704355079718,0.3359867643401125,0.9042933996544754,0,0.0,0,0,0
E01033569,537.68311,6.289127475937121,0.2333130568300722,0.0517047113494042,0.0258923327533944,0.0747655651790764,0.864330628522739,3,0.041666666666666664,0,3,1
E01033570,226.83674,5.428629319834729,-0.3924195877616651,0.0260683520667771,0.0031402320453027,0.034666527998835,0.6781376598122765,26,0.3611111111111111,1,25,16
E01033571,398.04021,5.9890621887545645,-0.2814295822022604,0.0579115863696283,0.0316194687968836,0.0829771521741908,0.8667989786716428,9,0.125,0,9,6
E01033579,2424.96891,7.793986274087995,-0.0466906398399969,0.1741910621031425,0.097246784908265,0.3263037940819365,1.278600929730999,0,0.0,0,0,0
E01033581,632.41861,6.4511315147907,0.133419840380725,0.2694257684795202,0.2231696186170106,0.5585272896956635,0.925121745848058,0,0.0,0,0,0
E01033582,333.66185,5.813120619049714,-0.2060653622822027,0.2040184396268257,0.1473653940359079,0.3546109254877692,1.02699166827148,2,0.027777777777777776,0,2,0
E01033584,403.33898,6.002253585553529,-0.0632427840225113,0.2637772575316177,0.17283628277138,0.5008283616882179,1.0718053095151785,0,0.0,0,0,0
E01033587,199.81782,5.302398128899888,0.6001582841810605,0.2561004318834025,0.1907593627034866,0.5189491461896454,0.764014539298933,8,0.1111111111111111,0,8,7
E01033589,6755.32052,8.818233719075875,0.0576317494998742,0.1519136400651497,0.0943326224289946,0.255470604147375,0.912924534238402,0,0.0,0,0,0
E01033591,1517.95053,7.325774934586836,-0.1836987467569183,0.1022844137087919,0.0539186873237561,0.1604032198319175,0.8405777258736896,0,0.0,0,0,0
E01033593,2315.75339,7.747922083722448,-0.1342615199626244,0.2086850923275556,0.1040705806761228,0.4230826442761021,0.9388581166627123,0,0.0,0,0,0
E01033594,7822.78071,8.964923183458879,-0.1328186444842833,0.1683269631113052,0.0798514713829936,0.3144033083228225,1.043925858834856,0,0.0,0,0,0
E01033598,2356.18429,7.765223088254633,-0.0088577154548466,0.0944396161812962,0.0507109314441613,0.1574633168630427,0.8811379276063657,0,0.0,0,0,0
E01033601,1071.04649,6.977324708227716,-0.2349714716865372,0.0993828381810018,0.0353369161407736,0.157481182611281,0.832255679392046,0,0.0,0,0,0
E01033604,6340.37257,8.754850517690747,0.0096337824513678,0.1550445701962905,0.0723256172941269,0.2964156043487951,0.8843824654551369,0,0.0,0,0,0
E01033699,8540.01468,9.052635094712963,0.0772336049427024,0.0883071151816802,0.0314893920065252,0.1451630290091912,0.8083626209445111,0,0.0,0,0,0
E01033700,12261.32371,9.414286727419617,-0.0034527797325399,0.1589655151515447,0.0933096798567436,0.2990380708712847,0.912147399668148,0,0.0,0,0,0
E01033702,303.98615,5.720266365740288,-0.0442215870690161,0.0363526759360582,0.0163985760535471,0.0541462139014338,0.7293751796122131,24,0.3333333333333333,0,24,14
E01033703,969.98678,6.87831285336857,0.0578495306915419,0.0912468209102808,0.0631990468983505,0.1454905595084038,1.0166453786169165,1,0.013888888888888888,0,1,1
E01033704,7557.01451,8.93036380372765,0.0076204948295117,0.1110375544323256,0.0450185942543598,0.195027472191675,0.8540384636561885,0,0.0,0,0,0
E01033705,1174.49853,7.069447617447653,-0.0468511186642353,0.1162424017678421,0.0805981340819557,0.193332456402338,0.8860676787070093,0,0.0,0,0,0
E01033706,8833.16719,9.086382117718836,-0.0059396328487246,0.1799156866179502,0.0799560763210234,0.3602489878348132,0.9405229398194112,0,0.0,0,0,0
E01033708,17222.79868,9.75404735063404,0.1226282161941871,0.1716393778342649,0.0786208992602589,0.3396388706106838,0.989258533928158,0,0.0,0,0,0
E01033709,1238.31172,7.122311439977617,-0.0596666080169216,0.1111827319214906,0.0558050520591051,0.1894514871106372,0.7095026726015182,1,0.013888888888888888,0,1,1
E01033711,1394.27624,7.2408476961571715,-0.5634574824283027,0.1549420364503952,0.1010348566220995,0.2822748358004855,0.9157047721425816,2,0.027777777777777776,0,2,1
E01033712,654.7554,6.485787853558674,0.2331102576626324,0.0361512864193254,0.0101854371876887,0.0563881836867015,1.0784709476229688,16,0.2222222222222222,0,16,9
E01033713,4254.58282,8.355987004600506,-0.1795231194958851,0.1655893373818493,0.1155968824224228,0.3088931905597568,0.8960293020469083,0,0.0,0,0,0
E01033727,1233.28915,7.1182504963037285,-0.3782745433218155,0.1319695466387586,0.0458804895834849,0.2519994668202022,1.10410671319818,0,0.0,0,0,0
E01033729,297.29822,5.698093724355732,-0.3704453393632831,0.0633772378455545,0.0168379750137757,0.0976253220228806,1.0196250035780152,26,0.3611111111111111,1,25,14
E01033732,3306.02715,8.103804922805969,-0.2224201486064625,0.0840198151427764,0.0431103598166155,0.1338558021027509,0.745165935302779,0,0.0,0,0,0
E01033735,3644.9674,8.201377013893094,0.2830482269882578,0.102753440263965,0.0709780120392846,0.1488525294080101,0.6670788503710077,0,0.0,0,0,0
E01033737,5269.82261,8.569941722333294,-0.3325627330746148,0.1444442908866718,0.1065505884267326,0.235727928183027,0.7565879880031914,0,0.0,0,0,0
E01033738,2199.43126,7.696408647408299,0.0392861834654474,0.0988667588547413,0.0542873160764296,0.1458476602499049,0.7669050623157054,0,0.0,0,0,0
E01033740,1222.99868,7.109878384640317,-0.1561524825194415,0.1213499429124486,0.0950688679402336,0.2011354651596159,0.7928322553940762,21,0.2916666666666667,0,21,11
E01033741,2601.4233,7.864198328392963,-0.2726275035669896,0.1438135769753427,0.0963298552757638,0.2421766131840545,0.7822032006628163,0,0.0,0,0,0
E01033742,228.16906,5.434459984454446,-0.306154743329354,0.0697353532507869,0.0527009665552375,0.10212584030322,0.8753662966899812,25,0.3472222222222222,3,22,11
E01033743,3847.53316,8.255447357281282,-0.2353818101986156,0.1170186067999996,0.0805347003169168,0.1840890469436443,0.7174791142506476,0,0.0,0,0,0
E01033744,650.11004,6.478678660182291,-0.2282630491293442,0.0751376951508086,0.0520283458474199,0.1160796388776989,0.7870272272235334,22,0.3055555555555556,0,22,11
E01033745,159.20425,5.076449563620689,0.066301559160638,0.0810425601075348,0.0440498290717741,0.1121126249483418,0.6048511107135357,29,0.4027777777777778,1,28,14
E01033746,191.60427,5.26063766941941,-0.0956587762892757,0.0824066707907918,0.0241504012410579,0.1443744249174299,1.217872994275558,8,0.1111111111111111,0,8,5
E01033784,502.38055,6.22134644468819,-0.1379410687774437,0.0574931692717801,0.0364676936636977,0.0846425425551973,0.6084006875350885,25,0.3472222222222222,0,25,12
E01033785,2604.71557,7.865462607445695,0.2864192231169409,0.0965804531202614,0.0823078621210069,0.1444284563304887,0.56528581033959,24,0.3333333333333333,0,24,12
E01033786,421.77346,6.046836480029623,-0.0481277793059809,0.0707044487815805,0.0621089814423126,0.0959702655358015,0.7160802684240833,22,0.3055555555555556,0,22,13
E01033788,3956.42515,8.283348878120842,0.1233816214114401,0.1181197652633463,0.0811813664666447,0.169856861362992,0.7483374143837784,0,0.0,0,0,0
E01033790,314.34439,5.753665343194008,-0.2090903865025236,0.1797564448342787,0.1372712584436452,0.3118927920498715,0.7893624123414796,2,0.027777777777777776,0,2,0
E01033791,1848.7842,7.522824262619739,0.0813265063602339,0.0900632750972233,0.0712853452555468,0.1371889799258709,0.7109402284541317,18,0.25,0,18,6
E01033862,815.01261,6.7044298082760765,-0.0413432744310545,0.0473736473844251,0.0134144182137255,0.0734702675827923,0.8711413399077114,19,0.2638888888888889,0,19,13
E01033865,1076.75801,6.982638245749939,-0.1162598920438957,0.1973362705702091,0.1335889481797307,0.3595605546064859,0.9013570657791266,0,0.0,0,0,0
E01033866,3043.41457,8.021063902218074,-0.0406714915608752,0.105637152811554,0.0564758714419902,0.1786539886719984,0.7892206000249811,0,0.0,0,0,0
E01033867,288.80122,5.669195239677583,0.3283761751421964,0.1465035708644167,0.1173798711792145,0.2336360154020468,0.7750103616228448,3,0.041666666666666664,0,3,2
E01033868,1702.8505,7.440645968798559,0.1478914561201937,0.093803120121232,0.045628908703377,0.1672221363832735,0.90167701054636,0,0.0,0,0,0
E01033869,335.8707,5.819699177203318,0.5806077755517226,0.275357183582849,0.219936719696002,0.5032893188411641,0.856141786878121,0,0.0,0,0,0
E01033872,1136.44625,7.036540896961406,-0.3086872872342181,0.0643103270392242,0.0241644160469533,0.1046548141113108,0.7590246368375794,1,0.013888888888888888,0,1,0
E01033873,14866.96011,9.60696384847031,-0.1291417381760904,0.1390596587805064,0.0780087275017246,0.2436835081037822,0.9205816196475664,0,0.0,0,0,0
E01033874,852.22508,6.749023381383167,-0.1196708738024935,0.1167073609239474,0.0757992947121434,0.1829658019986203,0.9447367172811432,0,0.0,0,0,0
E01033875,303.2538,5.717862221518482,-0.1163705780438695,0.0816700071029612,0.0427389533123739,0.1338808629981724,0.8246327853797667,4,0.05555555555555555,0,4,1
E01033876,724.25687,6.586525895552305,0.4094345560022095,0.062662063530029,0.0226787355154808,0.1002170314253368,0.8635317851164327,2,0.027777777777777776,0,2,2
E01033879,2374.93195,7.773145039499996,-0.1602947865516736,0.1229681844147155,0.0804355046888817,0.2126136386577471,0.8774192524998412,0,0.0,0,0,0
E01033880,8340.54919,9.02900423229926,-0.1169146260979008,0.151066596611008,0.0970717504994416,0.2650731220961635,0.7703418122162184,0,0.0,0,0,0
E01033883,1674.4407,7.423831514130866,-0.0453546667851539,0.1843475496026822,0.1132491404443286,0.3415017385411057,0.8749936256996025,0,0.0,0,0,0
E01033884,19534.71661,9.87999969020514,0.2347422489688218,0.1814343694233914,0.1137188639257152,0.333643235883845,0.8974653862331948,0,0.0,0,0,0
E01033885,3715.59987,8.220564515861344,0.0878997689274868,0.0970534564046047,0.0427297355891015,0.1613874471082943,0.9851378687714452,0,0.0,0,0,0
E01033911,236.5278,5.47028466925615,-0.2544516965870397,0.0396054924621968,0.0127295818926992,0.0553561268982392,0.5429895790909446,23,0.3194444444444444,1,22,13
E01033916,1567.46995,7.3578558690155855,-0.0277787972904998,0.1061354126756943,0.057673188567347,0.1704194077183352,0.753088452584926,1,0.013888888888888888,0,1,1
E01033918,1185.33516,7.078624136599257,-0.2429995074135825,0.0423768328950944,0.0170171700635286,0.0606038863293657,0.57230964829323,22,0.3055555555555556,0,22,13
E01033922,835.08705,6.728732734458141,-0.3751650441711435,0.1393411381484122,0.0652865949723445,0.2267226875463615,0.8625934764062897,0,0.0,0,0,0
E01033924,294.12281,5.687391574793646,-0.0279323116762008,0.0948232134733106,0.0418135200054698,0.1455438121804025,0.7124867712740505,5,0.06944444444444445,0,5,4
E01033925,1928.82337,7.565183759576176,-0.0855107899278512,0.1171672292626773,0.060119268463654,0.1833189705891156,0.8337831108786438,0,0.0,0,0,0
E01033926,934.92611,6.841536531053792,0.0133328932272519,0.0578010170236875,0.0406100328078333,0.0920813835217786,0.6020114559785062,26,0.3611111111111111,0,26,14
E01033927,7629.15849,8.939863896015586,0.1370323884829924,0.0546311746631442,0.0191417100839387,0.0817432162928662,0.7399779494925102,0,0.0,0,0,0
E01033929,1778.0086,7.4838115218306545,0.1004945757855164,0.055835224868991,0.0300038874952573,0.0806425516769275,0.7477679938643236,0,0.0,0,0,0
E01033930,438.70581,6.086105889654163,0.0980222030795534,0.0381638209897425,0.0288368645038003,0.0551686062642224,0.8141267382518265,25,0.3472222222222222,0,25,12
E01033931,8495.92408,9.04745950404542,0.1912015814529265,0.1206930818054108,0.0642061728498873,0.2116194910401039,0.8181079540557576,0,0.0,0,0,0
E01033934,924.90383,6.830770373961268,-0.3550701374001229,0.0761957489137005,0.043037101489784,0.1197877847726104,0.879669166578856,18,0.25,0,18,9
E01033936,4767.54262,8.469796006800143,0.0659567381067271,0.1440281261712139,0.0792522731553472,0.2475564667833995,0.8560200663122157,0,0.0,0,0,0
E01033937,1635.56201,7.400352985065704,-0.0956102605978234,0.1290378712085639,0.079497982470258,0.2112544941747707,0.7970296047460268,0,0.0,0,0,0
E01033938,3934.64643,8.277830424360785,0.0114851819099791,0.1568586303699974,0.1338237016635825,0.2687398757439712,0.6276836582527276,13,0.18055555555555555,0,13,6
E01033939,260.21703,5.565351594358072,-0.2656620514037839,0.1482157797281753,0.1068223705420048,0.2420231836857636,0.655162688822557,19,0.2638888888888889,0,19,10
E01033940,690.60769,6.539018872891332,0.245949491237203,0.1133617553549106,0.0737119507024313,0.1848873853895877,0.7864214051283346,1,0.013888888888888888,0,1,0
E01033941,3789.52152,8.240258892831516,0.14674456315002,0.0983055322509423,0.0514326093601389,0.1712679029634794,0.853248070463832,0,0.0,0,0,0
E01033942,714.02073,6.572311535280711,-0.0376537667190699,0.0637488214102691,0.0370684195681545,0.1024973603844398,0.6435287234064021,22,0.3055555555555556,0,22,14
E01033944,9060.44162,9.111783505584205,0.2021668895207781,0.1466240847540497,0.0802667011721223,0.2494415551649167,0.8199917777553146,0,0.0,0,0,0
E01034026,2547.39809,7.843220240752176,0.014456582245455,0.1128231748026473,0.0568562725113764,0.1850013122352308,0.7250196196123202,0,0.0,0,0,0
E01034027,1447.76307,7.278465416183587,-0.150047611036245,0.118433474062852,0.0694441736243486,0.2013403186830981,0.8230114273709153,0,0.0,0,0,0
E01034028,516.29617,6.248615573154495,-0.0401934223141728,0.043508767458027,0.0134936503596375,0.067672057728336,0.843238832758162,19,0.2638888888888889,0,19,12
E01034029,705.91039,6.560903911045977,0.247221931384237,0.1152992379103528,0.0645953943247669,0.2040302725423738,0.8060644570233966,0,0.0,0,0,0
E01034030,10314.94686,9.241446215766564,0.1915944431729239,0.1121934951005651,0.0576408543902086,0.1796864997007644,0.8173732560219032,0,0.0,0,0,0
E01034032,976.54204,6.885041298607352,0.0478570692153714,0.0677211397883085,0.0349812692139705,0.0999294884235839,0.5793767450692622,13,0.18055555555555555,0,13,7
E01034033,314.20364,5.753218906140394,-0.5341320679798617,0.0690246300138343,0.0276455104084726,0.1107375119243877,0.8128903108313282,15,0.20833333333333334,0,15,8
E01034034,1005.41321,6.914148011853672,-0.0774919498024101,0.1158283368884719,0.0811777478038109,0.1777565595649952,0.8485126733712645,0,0.0,0,0,0
E01034036,4631.40635,8.440831742089008,0.7061207207612002,0.1526830117163008,0.1061029788500419,0.2801540632663583,0.856671926104161,0,0.0,0,0,0
E01034037,13228.73953,9.490222569084503,-0.2011871111351452,0.1454030019744443,0.0861188926893929,0.2595178179587091,0.8573707570901136,0,0.0,0,0,0
E01034038,3221.18107,8.077813760171527,0.0422381005734645,0.1426184526782904,0.1106231789695696,0.21892217461095,0.9002055121857718,0,0.0,0,0,0
E01034039,2289.29417,7.736435546813481,-0.2454092433214906,0.136508485495335,0.10167492367309,0.2421011993879127,0.8374048211729278,8,0.1111111111111111,0,8,1
E01034040,8348.53647,9.02996130372917,-0.2062230159964793,0.1151569479818059,0.0794952172018241,0.1884882482919668,0.8878938675471231,0,0.0,0,0,0
E01034042,907.0372,6.811285346925076,0.0372322546418162,0.0777477042837934,0.0465215759618238,0.1119618852345928,1.0138735732076398,0,0.0,0,0,0
E01034044,3418.06534,8.137122500307818,-0.0436736823761245,0.0923012051021821,0.0567183306097946,0.1443806198400851,0.9802945381623028,0,0.0,0,0,0
E01034045,180.31712,5.200247542425657,-0.2065239285099496,0.0605565350644464,0.0424750572768686,0.0976671607546057,0.933825951169304,26,0.3611111111111111,0,26,14
E01034046,2260.9798,7.723995726485882,-0.305111969598313,0.1399901361347854,0.092589115568392,0.2345644152989227,0.8920830636109819,0,0.0,0,0,0
E01034140,3302.91944,8.102864751777023,-0.3939905479499069,0.1261571671878258,0.0692245040042514,0.2148128802946865,0.8690473597901521,0,0.0,0,0,0
E01034142,218.00641,5.389100998794553,0.0211980464244147,0.10968727937862,0.087742374180649,0.171888710421169,0.7908651005104333,27,0.375,0,27,14
E01034143,24312.06837,10.098769277773924,-0.0223354739603341,0.1434869266123242,0.0935483696980077,0.2505533348171999,0.8171399413141693,0,0.0,0,0,0
E01034145,1651.71984,7.410177597673262,-0.0268536460759592,0.1004466290118547,0.0712206011886374,0.1516760943684694,0.7900747572041613,1,0.013888888888888888,0,1,1
E01034146,487.69955,6.191747883465372,0.2038189906059991,0.0665288905843772,0.0491242610332529,0.0901628335921136,0.6821032887273344,26,0.3611111111111111,0,26,14
E01034148,4554.37736,8.42406365148761,-0.0195355617172662,0.14512564676898,0.0924691361104078,0.2547881541204504,0.7960324993659671,0,0.0,0,0,0
E01034149,20841.31776,9.94474070657376,0.3007752807277384,0.1292262788281579,0.0858155482583074,0.2245230853417089,0.8007404140182193,0,0.0,0,0,0
E01034150,15650.91124,9.658348312473438,-0.051931610085599,0.128276476635363,0.0830212452217574,0.2165012759924952,0.830882548810371,0,0.0,0,0,0
E01034152,3752.03396,8.230319847855073,-0.0547160186151406,0.1059722417864256,0.0594204189985529,0.1844145749568907,0.9301371662939296,0,0.0,0,0,0
E01034153,588.13539,6.378656021413435,-0.2721295686695541,0.0419610355363923,0.027599121351973,0.0589676402052998,0.6730697541775903,26,0.3611111111111111,0,26,14
E01034155,5240.23554,8.564312539597312,0.0510200310576115,0.0779046164783654,0.0459974572059026,0.1128664156913432,0.7183307392734846,0,0.0,0,0,0
E01034156,4302.08092,8.367086538146324,-0.0108339105811147,0.1201213737281352,0.0821593820694567,0.1968516061837975,0.825021035006268,0,0.0,0,0,0
E01034173,1815.90856,7.504891742418778,-0.0261363380543787,0.1773493925266809,0.129251722895122,0.3172578464234959,0.7967539656925893,0,0.0,0,0,0
E01034174,1835.66356,7.515705922007365,-0.1584042993150662,0.0854889988664371,0.0550495375089322,0.1290718169507148,0.7480483161000844,14,0.19444444444444445,0,14,7
E01034175,574.22802,6.354766518711333,-0.4431855136571008,0.0800273905129185,0.0550878029253953,0.1160372532499176,0.9068569438893842,25,0.3472222222222222,1,24,12
E01034179,777.35135,6.657178028918589,0.1379571155308342,0.144547340144196,0.0675536358173173,0.2567175847414934,1.291080473899693,0,0.0,0,0,0
E01034180,931.07113,6.837409131515877,0.0329613807271631,0.1400721124281879,0.074949977237507,0.2478013694664721,1.249244153170679,0,0.0,0,0,0
E01034182,1126.97276,7.028177282830244,0.0823538272566588,0.0797359024010482,0.0264106294814082,0.1362688807103133,1.12041465846139,3,0.041666666666666664,0,3,2
E01034185,5062.38762,8.529791028391553,-0.1558581363629362,0.0915813396367305,0.048073266661473,0.1519583033606261,0.8345362378484714,0,0.0,0,0,0
E01034187,20616.97401,9.9339184991065,0.212166057340827,0.1500404636732624,0.1176916839892742,0.2667506537883719,0.8164913420071813,0,0.0,0,0,0
E01034188,37785.45351,10.539705944625496,0.2447004910911813,0.1155239359200693,0.0633361695491265,0.2010664469763763,1.026011907452589,0,0.0,0,0,0
E01034190,1546.68828,7.344517664363066,-0.3413911819387419,0.1236772286139001,0.071398472095489,0.2170550073596567,0.7805864602195847,0,0.0,0,0,0
E01034192,2497.42204,7.823414627575811,0.1754178400699947,0.104367946556602,0.0472571267930349,0.1733080639236878,1.1634896785352884,0,0.0,0,0,0
E01034198,2408.31505,7.787097774470667,-0.0178259360211198,0.1635018142663684,0.116627631422226,0.2830135226749125,0.7576505990756621,0,0.0,0,0,0
E01034199,866.89923,6.76607561345082,-0.0428549117525459,0.1653719314066065,0.0911800786811173,0.2993858551957471,0.8557743935605897,0,0.0,0,0,0
E01034200,1049.73656,6.957246682939753,0.3086712155666941,0.1041625243575397,0.0486053948621166,0.1614320888397864,0.7402730627696913,0,0.0,0,0,0
E01034202,1421.27777,7.260014928840033,0.0626437504893923,0.2258979186032017,0.1630877052273884,0.4501763962830378,0.8836852016208754,0,0.0,0,0,0
E01034203,5804.46206,8.666554487863552,-0.175952622214228,0.1229555026155171,0.0589960045324165,0.2082581261904256,0.8772028752511114,0,0.0,0,0,0
E01034204,542.29707,6.297656260574041,0.0653537552766051,0.2201280379405332,0.1032385072631869,0.4123692903636234,0.9173033894511496,0,0.0,0,0,0
E01034205,2334.77858,7.756100553496741,0.0595595064950441,0.0859493237255928,0.0597865173150594,0.1299522920696943,0.8405122668676894,2,0.027777777777777776,0,2,1
E01034206,2696.14853,7.899950393925865,0.0792322557986076,0.1085457484050405,0.0655805524186013,0.1650655363944668,0.7932962869129887,0,0.0,0,0,0
E01034208,226.61541,5.427657406462831,-0.1904371375274081,0.1350559522849748,0.0846214738882938,0.2239197575800498,0.8770302066826754,0,0.0,0,0,0
E01034209,16264.13759,9.69677929814004,0.0967702481174102,0.2555272025339525,0.1595593203537329,0.5442031909384097,1.0079386475614809,0,0.0,0,0,0
E01034211,204.19482,5.323959869313271,0.0046939486515867,0.081214792814039,0.0292398210689183,0.1212238524071943,1.0659184014650374,8,0.1111111111111111,0,8,5
E01034212,243.62589,5.49973006393139,0.2641742632525631,0.2244266403706108,0.1475312003991037,0.4870056161020339,1.0172229475388104,1,0.013888888888888888,0,1,1
E01034215,396.85406,5.986085254622549,0.1737480523696796,0.1140985681235061,0.0861033146542585,0.1822811845864857,0.8050147964835693,2,0.027777777777777776,0,2,1
E01034218,149.02772,5.01082007702284,-0.0734629772232978,0.1372489628104087,0.0817014445366271,0.2241660121061636,0.8845519800706194,4,0.05555555555555555,0,4,1
E01034219,7540.65721,8.928197225976579,0.0768462209409994,0.1084677365940096,0.0542457545288681,0.174688365566293,0.9613265439792156,0,0.0,0,0,0
E01034220,42107.43102,10.648003261378484,0.2029053901659755,0.2240272515205084,0.1277952401666132,0.4407587493416831,0.9245116110226128,0,0.0,0,0,0
E01034221,909.54879,6.814047483673778,-0.1686843099422957,0.1966860953110608,0.0965537428728809,0.3562932789226191,0.6905891742856797,0,0.0,0,0,0
E01034222,250.8478,5.528824936795158,0.3475925242318251,0.1524736114887194,0.0959417622957028,0.2705896036183253,1.1483594326413384,2,0.027777777777777776,0,2,0
E01034223,2171.35651,7.6835678066268445,0.054774473676826,0.2785913078824628,0.155267888275058,0.6018794102686486,0.962857004150598,0,0.0,0,0,0
E01034224,1753.20404,7.469770494558752,-0.1216774745739235,0.1935672473125261,0.132866406125781,0.3568431785330282,0.9819594589842716,0,0.0,0,0,0
E01034225,521.67635,6.258962438856339,-0.1130464702875643,0.198840526314831,0.1089415688481948,0.3656839138864766,1.0604221843766213,0,0.0,0,0,0
E01034227,449.84401,6.111121403842351,0.0961235651442818,0.0784848285520129,0.0556343075458535,0.1139101780362247,1.267605244739472,20,0.2777777777777778,0,20,11
E01034229,316.08254,5.759162118533565,-0.364815152396586,0.0439720903280516,0.0225362653691659,0.0675059426100818,1.3273495746913888,26,0.3611111111111111,0,26,14
E01034230,581.31287,6.367007880608102,-0.759307032029069,0.070265208475429,0.03192342877253,0.1120670759506788,1.039221449212827,18,0.25,0,18,11
E01034383,9254.41362,9.13296391552706,-0.4010676237745251,0.1004971441939937,0.0495627479853229,0.1669153613802314,0.860626673636418,0,0.0,0,0,0
E01034384,439.48252,6.087870762409534,-0.3702195482086524,0.1601395659604391,0.0874412251936664,0.2806853634861127,0.7706509079255803,0,0.0,0,0,0
E01034385,7772.57539,8.95848549067685,0.042974104880313,0.0667552650139042,0.0405167932375629,0.0959002995495315,0.7930139591717712,0,0.0,0,0,0
E01034386,12563.60895,9.438639327328644,0.325638003083501,0.0868655092930125,0.0510586999764904,0.1352060152210323,0.7861301206345298,0,0.0,0,0,0
E01034388,708.28646,6.564259478782923,-0.2175399484553185,0.0967437525206962,0.0542040574939128,0.1637005298755547,0.8260260779255442,1,0.013888888888888888,0,1,1
E01034391,146.7733,4.995679342668623,-0.1109358445984385,0.0696794989279385,0.0163418005863464,0.0918534098223814,0.6538774189450195,20,0.2777777777777778,0,20,12
E01034392,545.58053,6.303681652661968,0.0978704463665519,0.1602871898672777,0.0883068902770412,0.2759391577828493,1.0411658216882087,0,0.0,0,0,0
E01034394,22602.70137,10.025868949283948,0.0522406596747422,0.150015508079953,0.0802977246077732,0.2719683380253617,0.8229424872762249,0,0.0,0,0,0
E01034395,1180.21564,7.074299390554206,-0.0365910250096329,0.1424474852748096,0.0859781522637676,0.2403796110133686,0.6613960988787057,0,0.0,0,0,0
E01034470,587.57816,6.377709730116062,-0.2477081517121057,0.1657515146580669,0.1204019393777331,0.2646132632711504,0.7104662000801129,1,0.013888888888888888,0,1,1
E01034471,2861.89596,7.959588964933802,-0.1495109067486855,0.1601121586544327,0.1101675652807448,0.2649048588832773,0.762102962239523,0,0.0,0,0,0
E01034473,10554.21246,9.264375088928723,0.1810514680505114,0.1192473616359244,0.076528972015786,0.1863683410254724,0.7697134424647192,0,0.0,0,0,0
E01034474,1872.1772,7.535391305550494,0.0553177231300541,0.1641319689183267,0.1158812691448224,0.2779717152021934,0.8526068306537588,0,0.0,0,0,0
E01034475,1995.18267,7.598991970719961,-0.1976934021785584,0.1458984555033249,0.10641674228255,0.2371192253806315,0.7170133391481115,0,0.0,0,0,0
E01034476,996.6464,6.905398904912102,-0.1455323773807842,0.1590444715397557,0.1178230212841786,0.2558344447095503,0.806221495231832,1,0.013888888888888888,0,1,1
E01034477,767.29564,6.644174606990899,-0.3722535944554565,0.1525978304790054,0.0967767261130273,0.2663986275770045,0.6931779627346308,0,0.0,0,0,0
E01034478,747.4129,6.617954831023163,-0.1439074706898958,0.1727673284739934,0.1072338328653412,0.312220441892341,0.7232529731866398,0,0.0,0,0,0
E01034479,460.73622,6.134993775645408,-0.5762477280383991,0.0773352049465527,0.0557565888785561,0.1236262756383673,0.7224165235010271,25,0.3472222222222222,0,25,12
E01034481,424.36775,6.052954088890927,-0.1250547667677385,0.0695291524862574,0.0459761610065797,0.1064216910903452,0.857224050967956,22,0.3055555555555556,0,22,10
E01034482,7976.10559,8.984330916629341,-0.6218994964433515,0.2079009300076229,0.1069444292549793,0.3945176170921355,0.9024059457061364,0,0.0,0,0,0
E01034483,380.58738,5.944339867748439,-0.7166588130168688,0.049844190839959,0.0150207818241372,0.0773332164710582,0.8023790525059582,27,0.375,1,26,14
E01034484,11439.02825,9.344873734336334,0.027253642808339,0.1551162765945612,0.0769129659243563,0.2786002662352784,0.8486626306961276,0,0.0,0,0,0
E01034485,2343.79646,7.759953879671899,0.1092806924027865,0.1557124162564867,0.1124752658769695,0.2652539291530579,0.7814344525113058,0,0.0,0,0,0
E01034578,1367.54107,7.22150053899132,-0.2292012261101599,0.1532897655497834,0.1026470598064012,0.254319558375278,0.8197492032621406,0,0.0,0,0,0
E01034579,805.12766,6.6922421170614905,-0.2486345333111522,0.1061270457407959,0.0483290562890362,0.1676359289797863,0.8360798669190025,2,0.027777777777777776,0,2,1
E01034580,4817.21429,8.48015865914714,0.1811589224526691,0.0965745682034004,0.0521075802089759,0.1607483783369444,0.7729466140108958,0,0.0,0,0,0
E01034581,862.35128,6.760821653454201,0.1522059780557176,0.0570560178214149,0.0357587455543638,0.0832464193891355,0.6444329428451913,18,0.25,0,18,10
E01034589,2541.68703,7.840976686672464,0.062126582909777,0.069353593860846,0.0460041022438549,0.1037795815744588,0.7228043617058075,17,0.2361111111111111,0,17,10
E01034591,266.27977,5.588295937527328,0.1622134118562593,0.0344995040366754,0.0237933208369528,0.044421663740367,0.642159962411804,24,0.3333333333333333,0,24,14
E01034593,118.95193,4.787091079193776,-0.1415964415205369,0.0316655644006785,0.0081838100483111,0.0427144522514594,0.7138977660561525,29,0.4027777777777778,0,29,16
E01034594,935.69405,6.842356708107796,-0.6913892313411633,0.0444118138829674,0.0221769712012168,0.0664190091044322,0.6866339828110594,22,0.3055555555555556,0,22,12
E01034595,1387.97396,7.236320595278395,-0.3232145796164648,0.0941851027233969,0.0614430907623079,0.1515900513052194,0.949330708867792,4,0.05555555555555555,0,4,0
E01034597,931.36952,6.837729216794588,0.0340065670175678,0.0769230133277284,0.0321555938399186,0.1133515540690888,0.5450507463134051,18,0.25,0,18,12
E01034598,846.96128,6.7428349743720775,0.2629612536714784,0.1234453952841858,0.0817320362035912,0.1924321160033218,0.7196998802047311,1,0.013888888888888888,0,1,0
E01034601,161.30267,5.089462925401865,-0.3044886361769461,0.1048304408104342,0.1001848264507958,0.1522582935168826,0.5644400550675285,29,0.4027777777777778,0,29,14
E01034602,4985.0891,8.514407133959937,0.634659055542257,0.0903214548361833,0.0542233237115059,0.1406779668801392,0.7314099085636806,0,0.0,0,0,0
E01034605,2159.48257,7.678086887762495,-0.0063221765202763,0.1317518344220763,0.0904678429518419,0.2198865334075202,0.7165981644165775,0,0.0,0,0,0
E01034607,2394.45883,7.781330069784339,-0.2610705192204119,0.1470603902594558,0.0817533789044099,0.2689510359635289,0.7661431158147193,0,0.0,0,0,0
E01034608,1093.86707,6.998388237621083,-0.0215272135397585,0.1210597006087768,0.0828088736595754,0.1892017519010405,0.6426185351738845,0,0.0,0,0,0
E01034609,5610.46523,8.63256714623289,0.0944380632049652,0.1188005384002709,0.0839548309614958,0.1976344325770678,0.7482447218777832,0,0.0,0,0,0
E01034610,588.7019,6.379617154978544,-0.3144130161631888,0.1295168913163011,0.0956313033812189,0.2354415296793064,0.8161886840154398,11,0.1527777777777778,0,11,2
E01034612,1840.05396,7.518093490961067,0.0314767399538652,0.092605507068934,0.0796548705560786,0.1408194800085232,0.8284633583585387,7,0.09722222222222222,0,7,0
E01034613,286.60561,5.661590131915339,0.3697402503740244,0.1305456651738254,0.1161230235514231,0.206015875533002,0.491356104330405,12,0.16666666666666666,0,12,0
E01034615,571.61385,6.350211580286266,-0.149439258688361,0.4342679240539746,0.3952527567342883,1.3749838397541714,0.7903955585101196,12,0.16666666666666666,0,12,0
E01034616,16303.23848,9.69918038244091,0.1476146694997005,0.1028473693773753,0.0729262478407909,0.1753082506848617,0.8060523237651529,0,0.0,0,0,0
E01034617,3191.68434,8.068617327821546,-0.0821546155783061,0.1401936696534344,0.1039263582062128,0.2307100082455737,0.7479677131021972,0,0.0,0,0,0
E01035484,2854.59029,7.957033857286342,-0.0960531222153075,0.1043308950651548,0.0625319229261443,0.1593953050122712,0.6720749463714147,0,0.0,0,0,0
E01035485,2746.82336,7.918564371800243,0.130156035952745,0.1224524171805499,0.0790182663948219,0.1969081590470154,0.7051685055450574,0,0.0,0,0,0
E01035486,803.65723,6.690416385497237,-0.2055179793504751,0.0409304847540536,0.0157672693369535,0.0608144738021686,0.6955045891403134,22,0.3055555555555556,0,22,12
E01035487,269.15905,5.599010859636424,-0.6023592741912264,0.0497899661928514,0.0151374809801119,0.0743271127946944,0.7604369473978788,23,0.3194444444444444,1,22,12
E01035488,940.29812,6.8472599013133175,-0.3045945470995943,0.1053103243469209,0.0650933982511844,0.1678380811531549,0.7484272082634336,0,0.0,0,0,0
E01035489,1612.88396,7.3863989503344785,-0.2267111392192156,0.0609774865638815,0.0261812821301787,0.0933013094015553,0.8855026617395232,1,0.013888888888888888,0,1,1
E01035490,4240.11568,8.352581645688302,0.0723027443439939,0.1651277377413439,0.1030957768586162,0.3063280053930405,0.9528285172479652,0,0.0,0,0,0
E01035493,9757.26404,9.18586979883323,-0.0001688075666752,0.1099263016356786,0.0599322010353221,0.181487104025757,0.8638684265704025,0,0.0,0,0,0
E01035495,1744.85979,7.465002429624071,0.3119731414063934,0.1139511043463268,0.056540967111174,0.1769358079045661,0.90749080334528,0,0.0,0,0,0
E01035496,971.60748,6.879980588666001,-0.0058061100970527,0.1053842545551419,0.065789273256727,0.183084387970331,0.8254009054508342,0,0.0,0,0,0
E01035498,411.61405,6.022512652408329,0.0612748034232553,0.06120342587917,0.0353448090511001,0.0943414187648505,0.8598285921226325,22,0.3055555555555556,0,22,12
E01035638,1904.57104,7.552537001172373,0.0014542802246956,0.1275066746788295,0.0784717801862617,0.2071727011894329,0.8738406123010592,0,0.0,0,0,0
E01035640,291.87885,5.679759042281464,0.1284649778495427,0.0407189832356815,0.0134910083413032,0.0596990627280153,1.0017764848906945,15,0.20833333333333334,0,15,7
E01035641,410.89354,6.020764917900744,-0.123661472020222,0.0994072333188786,0.0756858577041634,0.1619342949984183,0.701353314062259,15,0.20833333333333334,0,15,6
E01035642,2721.39056,7.909265655652033,-0.1224459821746424,0.13545872298462,0.0670169334312675,0.2333199351011287,0.9098457161118934,0,0.0,0,0,0
E01035643,1451.84284,7.281277495297732,-0.0243955192836161,0.0858907015032012,0.0558299822589613,0.1433749920177828,0.8313897218719253,1,0.013888888888888888,0,1,1
E01035645,1871.22902,7.534884989298231,0.0004110346685409,0.114205967156281,0.0552047284944309,0.1891690344715766,0.8982428204087022,0,0.0,0,0,0
E01035649,5257.09143,8.56752339387961,-0.0256033762760712,0.126182888167878,0.0578248474556205,0.2177594667373803,0.7896717308465946,0,0.0,0,0,0
E01035651,269.04051,5.598571984780981,0.0098668784117306,0.1950223035185296,0.1341786038095155,0.3479945094375012,0.8337118224227347,1,0.013888888888888888,0,1,1
E01035652,3910.20779,8.27160150297855,0.1675464950163172,0.1138336384931604,0.0462845530774209,0.1925060017515667,0.7924834978956413,0,0.0,0,0,0
E01035655,2651.07572,7.883097902934351,0.0234483230829785,0.1255939645511143,0.061704816186842,0.2261961247519256,0.8707246762152279,0,0.0,0,0,0
E01035657,194.17174,5.273879888907976,0.0589182545307572,0.1051120518361734,0.0751725766066678,0.1952001874553179,0.8644152833379664,17,0.2361111111111111,0,17,10
E01035658,472.08687,6.159279029134243,0.0451074820191462,0.0850610185366943,0.0359430246386644,0.1407243498967754,0.8864861797757232,15,0.20833333333333334,0,15,8
E01035659,1215.1142,7.103415972590108,-0.1500375520259742,0.1434321152694948,0.0790139066764259,0.2487672712625545,0.8138240331082814,0,0.0,0,0,0
E01035660,3567.72496,8.179963656917359,-0.1667424049414392,0.1145351770614066,0.0425819427515511,0.2060780563523893,0.8875119601434155,0,0.0,0,0,0
E01035663,853.65831,6.7507017516335415,-0.2043622933864488,0.0900400067563332,0.0191281216485785,0.1635054563756383,0.7971023867180926,14,0.19444444444444445,0,14,8
E01035665,953.45724,6.861142843838597,-0.1997766779766653,0.1180661651905857,0.0904606062879128,0.1914736550282138,0.9496910765148272,13,0.18055555555555555,0,13,6
E01035667,332.87328,5.810761519788252,-0.269084499663055,0.2404781182797249,0.2053436070326822,0.6636157822171881,0.964697645242435,18,0.25,0,18,8
E01035669,1766.57972,7.477366500006789,0.3413753328946853,0.1053943435963365,0.0372323248452099,0.1837299909231098,1.0461520842616174,0,0.0,0,0,0
E01035670,2485.40764,7.81859423288418,0.1396678735565486,0.1732738457342152,0.0661466100587024,0.3313796512095184,0.8057435380682543,0,0.0,0,0,0
E01035671,312.27018,5.747066013089876,-0.1242905742712929,0.1448295191042577,0.0820422558439618,0.2479140841106628,1.5971275674972882,2,0.027777777777777776,0,2,2
E01035672,216.664,5.38295258938473,-0.1386723221208877,0.1036209522578739,0.078834924122143,0.170954242280327,1.2200986152612312,21,0.2916666666666667,0,21,9
E01035676,2299.5321,7.740895722986546,-0.2369128484877423,0.0917694082200461,0.039637120090648,0.1540350736405808,0.8611456705286439,0,0.0,0,0,0
E01035678,258.88046,5.5602217560584775,-0.2120021727402677,0.1221724884141507,0.0544775376248945,0.2139568735928838,1.9106741047799576,2,0.027777777777777776,0,2,1
E01035679,571.4497,6.349924871306447,-0.322111149940231,0.107567542690109,0.0306213827743719,0.1904324466882653,1.658249044055119,1,0.013888888888888888,0,1,1
E01035681,534.20499,6.282649832387893,-0.0309903320071944,0.0536359834452313,0.0190465461582453,0.0834101884080529,1.060549484731355,15,0.20833333333333334,0,15,9
E01035685,219.02594,5.39374544849254,-0.1136199666578306,0.0846390158170306,0.0383650447978901,0.1392343684727341,1.0225264829146186,19,0.2638888888888889,0,19,11
E01035687,1811.59501,7.50251480466533,0.1424594175714803,0.151824308679234,0.0640397491490109,0.2996857063183118,0.9726514396451216,0,0.0,0,0,0
E01035690,1836.65938,7.516247964740486,-0.1346737357473436,0.1544315963474947,0.0791397640644723,0.2867622335070707,1.245914429954459,0,0.0,0,0,0
E01035694,3778.24062,8.237278374251801,-0.1872481059716096,0.2035690913724812,0.1080610186230013,0.4130014570792037,0.9833337921507916,0,0.0,0,0,0
E01035695,2471.97541,7.813177324083384,-0.1594748185622121,0.1973236214352148,0.0847902285565211,0.4008533594501259,1.0858347023910366,0,0.0,0,0,0
E01035696,194.41528,5.275126935118376,0.4671067006667377,0.120345427581618,0.0413460814396893,0.1847342212928526,0.642146731055807,3,0.041666666666666664,0,3,1
E01035702,429.39872,6.064712034865457,-0.6026118103006921,0.0728327741638354,0.0218489705791391,0.1135017520489929,1.0040612577184072,2,0.027777777777777776,0,2,1
E01035703,274.07861,5.6170569113634,-0.1478570326958385,0.079178196357607,0.0353954655563963,0.1156207103861587,1.0329086529910774,19,0.2638888888888889,0,19,10
E01035705,1850.42345,7.523710054643423,-0.3274610089922931,0.140076559232969,0.0664744331898733,0.2429936160036208,0.941858419432452,0,0.0,0,0,0
E01035706,579.31371,6.363568836628319,-0.0124093558911284,0.0724308078260395,0.0325475639097165,0.116781297073454,1.5064569116215614,15,0.20833333333333334,0,15,8
E01035707,1205.34773,7.095352669060397,-0.3569811592875361,0.1114400323299235,0.0401474518892568,0.1926271288379657,0.7514240367515594,0,0.0,0,0,0
E01035708,10585.28684,9.267314748215584,0.0608070796501911,0.1511500608518229,0.0732570804855015,0.2882438528383447,0.8265625859704557,0,0.0,0,0,0
E01035709,727.16499,6.590527657134325,0.2726773053251642,0.0911212048313822,0.0438497183424631,0.1396135507349775,0.6936662614375132,1,0.013888888888888888,0,1,0
E01035710,18338.28398,9.816800703608845,-0.0172048693511397,0.1850358437954563,0.1053064104638213,0.3576828050289531,0.8620980298195141,0,0.0,0,0,0
E01035711,4431.69367,8.396762730169252,0.1450568964979928,0.2029622954512558,0.115692222472588,0.3824002251138861,0.7567109287483899,0,0.0,0,0,0
E01035712,440.98046,6.091265672955693,-0.0665841293738956,0.1120483206897648,0.0470108131321737,0.1817216977445652,0.9859437309838792,4,0.05555555555555555,0,4,2
E01035713,3329.55961,8.110895619906545,0.152581677310772,0.0867597501881037,0.045563773522589,0.1340317511010979,0.7580520254803966,0,0.0,0,0,0
E01035715,465.42131,6.14508932438702,-0.0676274792832326,0.0955511040093974,0.0405016693369712,0.152167392508036,0.9165140752564886,2,0.027777777777777776,0,2,1
E01035716,27988.77176,10.239594428135415,0.205762865529902,0.2985118940424701,0.1602496897134295,0.6228448658304764,0.8992925354423208,0,0.0,0,0,0
E01035717,1090.5444,6.995348853128775,-0.184123984314623,0.0711900313274727,0.0293645173914973,0.1113954830786554,0.8405452592431535,1,0.013888888888888888,0,1,1
E01035718,28564.75996,10.259964075390698,0.2269764979323845,0.17764072049286,0.098639423679582,0.3330352766119418,0.8529892815567867,0,0.0,0,0,0
E01035720,1184.66019,7.078055020797054,-0.2448739920938847,0.1045921784541438,0.0605761809215518,0.1678310271152086,0.7900378053562316,1,0.013888888888888888,0,1,0
E01035721,525.80713,6.26683450432575,0.0623220343170318,0.127435928835731,0.0521887559797829,0.2219798210101115,0.8148880974882525,0,0.0,0,0,0
