lsoa21cd,cluster,total_activity,log_total_activity,direction_balance,post_midnight_share,deep_night_share,post_midnight_persistence,weekend_ratio,lnc_grp,imd_score,imd_decile,income_score,employment_score,population_2022,n_source_lsoa11,imd_decile_int,cluster_type,cluster_display
E01000001,1,2639.39277,7.878682961589385,0.320382331728521,0.1124153757532646,0.0603358476275586,0.1882062253014808,0.5947770645526193,1,8.742,8,0.013,0.014,1795,1,8,High activity / full-night,C1: High activity / full-night
E01000005,1,12380.10901,9.423927123001912,-0.0272503311342005,0.1544194019984643,0.0886642734012565,0.3008541196971855,0.8320712320605262,1,19.884,5,0.211,0.104,1737,1,5,High activity / full-night,C1: High activity / full-night
E01000008,0,422.68066,6.048980011086831,-0.427029142994146,0.1014654420195142,0.0833722555463029,0.1694363037722237,0.7226510358413684,4,40.726,2,0.51,0.192,1761,1,2,Low activity / early-stop,C0: Low activity / early-stop
E01000009,1,31483.76693,10.35725911832279,0.1101123235255762,0.1749424734418207,0.1130136329591993,0.3238136265809915,0.8435401156707157,2,39.153,2,0.403,0.176,1859,1,2,High activity / full-night,C1: High activity / full-night
E01000011,3,440.40113,6.089954053855608,-0.1504033152685144,0.0403988291310696,0.0195757899167969,0.0658914411444778,0.9209520651246086,4,36.767,2,0.421,0.148,1719,1,2,Medium activity / continuing,C3: Medium activity / continuing
E01000013,2,7928.70168,8.978370694753558,0.1427430423892553,0.1019046462598148,0.0760602560594763,0.1603142748251162,0.62736593339491,4,31.914,3,0.387,0.178,1869,1,3,Partial-night transition,C2: Partial-night transition
E01000017,2,1630.97699,7.397547436159951,-0.2423387039936106,0.1151156093256717,0.0918488555745964,0.1798982385513435,0.7040244883285122,5,31.808,3,0.4,0.191,1724,1,3,Partial-night transition,C2: Partial-night transition
E01000019,0,211.85787,5.360624665985739,-0.0723401495540383,0.1519321892549943,0.1334373842236779,0.2517870622497326,0.6244638361767207,5,30.661,3,0.414,0.184,1646,1,3,Low activity / early-stop,C0: Low activity / early-stop
E01000021,0,529.83531,6.274451822476142,-0.1330695570289568,0.0433440157093342,0.0319960555290284,0.0649527374813932,0.7123112782739375,5,37.877,2,0.458,0.189,1696,1,2,Low activity / early-stop,C0: Low activity / early-stop
E01000024,1,2780.44804,7.930726948772826,-0.2188300702788893,0.1658489902943843,0.1243095591169544,0.2797755995042123,0.7822902396376608,5,29.683,3,0.371,0.171,1506,1,3,High activity / full-night,C1: High activity / full-night
E01000027,2,1813.19829,7.503398935616184,-0.252216700469092,0.0793942067968749,0.055171891872896,0.1250851221304679,0.7498000848723412,7,33.245,3,0.402,0.207,2093,1,3,Partial-night transition,C2: Partial-night transition
E01000029,2,1086.15141,6.991316169049366,-0.3192754958537502,0.1580350938365029,0.1235047146879825,0.2643308845966121,0.6829424848806501,5,19.077,5,0.196,0.106,1938,1,5,Partial-night transition,C2: Partial-night transition
E01000030,2,586.74213,6.376288297283743,-0.4218128157935412,0.1171968510255093,0.0841396372883604,0.1989987831336636,0.7027540002484461,6,34.554,2,0.419,0.204,2545,1,2,Partial-night transition,C2: Partial-night transition
E01000031,0,326.12029,5.790327962580816,-0.1976459361053555,0.0777053767491743,0.057361349703203,0.1160921005668843,0.6139837837826759,5,21.003,5,0.246,0.119,1820,1,5,Low activity / early-stop,C0: Low activity / early-stop
E01000032,3,1031.2933,6.939538111089153,0.040278667572067,0.0927339390258813,0.0591179929123945,0.1292799357757693,0.7385013059290311,4,26.712,3,0.321,0.137,2073,1,3,Medium activity / continuing,C3: Medium activity / continuing
E01000034,2,935.89282,6.842568889356425,-0.2030345953503522,0.13211560913567,0.1027658701345737,0.2039847100120775,0.5433045497679931,6,28.583,3,0.337,0.187,1644,1,3,Partial-night transition,C2: Partial-night transition
E01000035,2,1559.36796,7.352676944225077,-0.1097453355396631,0.0764693151704874,0.0586127920699358,0.113170037640366,0.7352094295705613,5,29.504,3,0.339,0.166,1862,1,3,Partial-night transition,C2: Partial-night transition
E01000036,0,1377.68542,7.228885729942148,-0.0008640724382494,0.1067776488481673,0.0998842827268942,0.1661042031510294,0.6214403761033528,5,25.385,4,0.304,0.146,1436,1,4,Low activity / early-stop,C0: Low activity / early-stop
E01000038,2,119.95133,4.795388233275032,-0.1830885076472265,0.1109603369966802,0.0788468122862831,0.1598549926040655,0.7064278204098973,5,17.612,5,0.227,0.126,1653,1,5,Partial-night transition,C2: Partial-night transition
E01000040,0,917.44285,6.822679681706853,-0.2781823521759421,0.0728679612032509,0.0557642582314527,0.113447768203375,0.8222119327469158,5,37.802,2,0.46,0.204,1842,1,2,Low activity / early-stop,C0: Low activity / early-stop
E01000041,0,457.29978,6.127523511480051,-0.3572667364939471,0.0872633264769993,0.0609384942192624,0.1404178879697105,0.9215949737500636,5,26.175,4,0.368,0.14,1797,1,4,Low activity / early-stop,C0: Low activity / early-stop
E01000042,0,501.4594,6.219514840649156,-0.2171566431898574,0.0657785655229516,0.0461794115336156,0.1014960267342911,0.7826699989968017,5,39.355,2,0.51,0.217,1899,1,2,Low activity / early-stop,C0: Low activity / early-stop
E01000043,0,232.72266,5.454135198761297,-0.0710885652475784,0.051056437735801,0.0242146596296209,0.0730083816543705,0.7356465513579638,6,27.454,3,0.301,0.131,1568,1,3,Low activity / early-stop,C0: Low activity / early-stop
E01000045,0,1363.51447,7.218553944709241,-0.0699740502203837,0.097583159495183,0.078318567458987,0.1500576694855888,0.7251197046503596,5,34.446,2,0.392,0.196,1688,1,2,Low activity / early-stop,C0: Low activity / early-stop
E01000049,0,172.56324999999998,5.156542086267621,0.1984155374913257,0.0951918789197584,0.0920605053509365,0.1337226279273718,0.8249869277482634,5,36.991,2,0.329,0.183,1707,1,2,Low activity / early-stop,C0: Low activity / early-stop
E01000050,1,2528.45067,7.8357574316639855,-0.1071560435070698,0.0925635974539301,0.0702188546158189,0.1468758980395401,0.740709887545181,4,30.806,3,0.388,0.146,1861,1,3,High activity / full-night,C1: High activity / full-night
E01000052,3,1066.69421,6.97325665829796,-0.328817918679806,0.1333910587177556,0.091949978804141,0.2271072420135405,0.7129743014528708,4,34.895,2,0.411,0.169,2444,1,2,Medium activity / continuing,C3: Medium activity / continuing
E01000057,0,383.26941,5.951343895131205,-0.0321468650472262,0.0700046215532828,0.0587898209773641,0.1004680924313205,0.8775157753060464,4,28.873,3,0.348,0.162,1610,1,3,Low activity / early-stop,C0: Low activity / early-stop
E01000058,0,332.64933,5.810090531255288,-0.1770521227263556,0.097398212105222,0.072494659766788,0.1512074493147759,0.7573483303748828,5,29.526,3,0.376,0.171,2164,1,3,Low activity / early-stop,C0: Low activity / early-stop
E01000060,1,4320.63502,8.37138908648571,-0.152854688475862,0.142166079096401,0.1080409888451999,0.2252440380076483,0.7603715947671719,5,32.786,3,0.407,0.186,2180,1,3,High activity / full-night,C1: High activity / full-night
E01000061,1,1594.3102,7.374823479068246,-0.0964642263469179,0.1675627490810759,0.1330208512747394,0.2711409303060925,0.7564434774041242,6,55.406,1,0.69,0.29,1960,1,1,High activity / full-night,C1: High activity / full-night
E01000062,2,262.85855,5.575413164102094,-0.3762372195996668,0.1517147150054659,0.108391756707172,0.2425881505181857,0.5908270179332188,4,26.18,4,0.356,0.15,2208,1,4,Partial-night transition,C2: Partial-night transition
E01000063,3,300.84599000000003,5.709916920410114,0.4988068812218504,0.4058822256530658,0.3183486008904423,0.9418806861530828,0.9082569567463452,5,25.377,4,0.326,0.147,1739,1,4,Medium activity / continuing,C3: Medium activity / continuing
E01000064,2,846.65155,6.742469643327201,-0.1172176322124491,0.0953948882512528,0.0730122917745795,0.1458375958558593,0.7260532323201898,3,31.351,3,0.385,0.178,2291,1,3,Partial-night transition,C2: Partial-night transition
E01000065,0,387.33546,5.961869553711546,-0.3022100274526891,0.1310530928410221,0.1210117452195056,0.1968047016469768,0.5042993976725827,5,35.962,2,0.471,0.213,1967,1,2,Low activity / early-stop,C0: Low activity / early-stop
E01000067,1,932.78253,6.839243573858939,-0.1607772070945625,0.1015659030406583,0.059534509077909,0.1593469759296483,0.88066975519355,3,24.431,4,0.31,0.133,2237,1,4,High activity / full-night,C1: High activity / full-night
E01000068,3,356.51837,5.879186745429303,-0.0121024058311497,0.1203655228200443,0.0733462065362859,0.1930864791247572,0.9576064040777188,5,23.118,4,0.269,0.127,1760,1,4,Medium activity / continuing,C3: Medium activity / continuing
E01000070,1,2044.36725,7.623332636705641,-0.0946738067732204,0.1536786113160441,0.0942158753521413,0.2542269206600666,0.810849907422788,4,22.241,4,0.237,0.113,2066,1,4,High activity / full-night,C1: High activity / full-night
E01000071,0,172.35817,5.15535980110409,-0.1155902850442193,0.0751697468126982,0.0574084767783273,0.1123870728998987,0.9357000144771008,5,21.718,4,0.276,0.1,2618,1,4,Low activity / early-stop,C0: Low activity / early-stop
E01000072,0,588.9061399999999,6.379963439498682,-0.2401884279895604,0.0847067242328293,0.0731441516300033,0.128346329163167,0.7268789479142505,5,36.794,2,0.457,0.198,2139,1,2,Low activity / early-stop,C0: Low activity / early-stop
E01000073,0,178.48488,5.190090970397166,-0.0094392309309337,0.1409260549128867,0.105794171472676,0.2181527763358959,0.7219414371412939,5,30.53,3,0.415,0.187,1863,1,3,Low activity / early-stop,C0: Low activity / early-stop
E01000074,0,248.53352,5.51959325486499,-0.0985411545291757,0.0944212273660309,0.0676780339328071,0.1414929717603619,0.6376794670463974,6,29.284,3,0.39,0.154,1749,1,3,Low activity / early-stop,C0: Low activity / early-stop
E01000075,2,2451.90586,7.805028666025112,0.0376730695525153,0.0904555732005143,0.0673804336027811,0.1387878406388785,0.7674974663034853,5,26.014,4,0.305,0.15,2056,1,4,Partial-night transition,C2: Partial-night transition
E01000077,0,248.14658,5.518041397962522,-0.1952245322099542,0.1164918331737636,0.1027208192835057,0.1819519030202503,0.6953920385937506,6,33.764,2,0.406,0.19,1757,1,2,Low activity / early-stop,C0: Low activity / early-stop
E01000078,0,944.23233,6.851430749128981,-0.1282194499737156,0.0628432517238633,0.0470557071478372,0.0906898291453732,0.7510705747384666,4,32.5,3,0.403,0.179,1938,1,3,Low activity / early-stop,C0: Low activity / early-stop
E01000079,0,190.02383,5.2523981846621055,-0.1609323946370306,0.0556800691786919,0.0398954173273952,0.0774181416277248,0.5872573059677906,5,27.809,3,0.369,0.172,1767,1,3,Low activity / early-stop,C0: Low activity / early-stop
E01000080,0,150.17558,5.018441942765113,-0.1146869550961613,0.080648598127605,0.0712733721421285,0.115925767002173,0.6494241841435108,5,27.365,3,0.345,0.162,1756,1,3,Low activity / early-stop,C0: Low activity / early-stop
E01000082,1,2130.38171,7.664525738535811,-0.3303906744486649,0.2216206362380007,0.1653431628456855,0.4024322636873699,0.7643552407707596,4,29.663,3,0.395,0.162,1846,1,3,High activity / full-night,C1: High activity / full-night
E01000083,1,3707.97441,8.21851067803198,-0.1723822872876838,0.1475761182505032,0.1067965919430388,0.2396446263589943,0.7756814404945614,4,33.329,3,0.424,0.188,1977,1,3,High activity / full-night,C1: High activity / full-night
E01000084,2,492.38879,6.20129748393444,0.3085606599614098,0.147333573536473,0.1311772958925405,0.2408019042580625,0.6705475496320845,3,33.774,2,0.364,0.187,1418,1,2,Partial-night transition,C2: Partial-night transition
E01000085,0,365.29094,5.903427935654149,-0.2735595906101586,0.0795251587679672,0.0653142944087252,0.1159204958443142,0.7845834765763247,3,36.282,2,0.427,0.203,1607,1,2,Low activity / early-stop,C0: Low activity / early-stop
E01000086,2,460.19189,6.1338142036782815,-0.1819991438788719,0.0869649397776218,0.0547425770584527,0.1368954335681445,0.7481410182276279,5,33.161,3,0.437,0.175,1444,1,3,Partial-night transition,C2: Partial-night transition
E01000087,2,4075.67162,8.313036155057342,-0.1862484495254797,0.1168594392302881,0.0907393245778716,0.1850349559103817,0.6747406095757836,5,32.659,3,0.445,0.177,1650,1,3,Partial-night transition,C2: Partial-night transition
E01000088,2,569.3558400000001,6.346260446748214,-0.1232081504600006,0.1888248305312895,0.1624239245530528,0.3316695638406525,0.7152285972339816,5,27.226,3,0.337,0.143,2023,1,3,Partial-night transition,C2: Partial-night transition
E01000090,0,694.37927,6.544457408948238,-0.3588526339503193,0.1467589030991665,0.1195983140452911,0.2505560880394891,0.622308460237658,6,28.866,3,0.454,0.177,1675,1,3,Low activity / early-stop,C0: Low activity / early-stop
E01000091,1,1882.59856,7.540939353875585,-0.5664393581603505,0.1366407823025212,0.0853021740333212,0.2304507464021798,0.7698627913081366,5,39.772,2,0.499,0.246,2102,1,2,High activity / full-night,C1: High activity / full-night
E01000093,1,1785.10476,7.487792415931241,-0.1992198261798372,0.1301652738856626,0.0971545221805357,0.2165184967144133,0.7729209372381127,4,42.301,2,0.471,0.226,1801,1,2,High activity / full-night,C1: High activity / full-night
E01000094,1,1899.96005,7.550114327012476,-0.1988405756215769,0.2198520226780558,0.1411432677229186,0.4028509199323327,0.7539527401410249,6,23.658,4,0.374,0.141,2609,1,4,High activity / full-night,C1: High activity / full-night
E01000095,0,2911.23072,7.976674636947216,0.0452345872470045,0.1237793925175397,0.1017180871188388,0.1970660124690622,0.6985452699135235,6,33.176,3,0.525,0.182,2376,1,3,Low activity / early-stop,C0: Low activity / early-stop
E01000096,0,689.84582,6.537916672966896,-0.0504495047893455,0.0753835400495722,0.065863093872193,0.1076924516987021,0.5913212941179411,5,33.845,2,0.417,0.186,1624,1,2,Low activity / early-stop,C0: Low activity / early-stop
E01000097,0,163.92717,5.105503982518207,0.0002831135314542,0.0855723916907734,0.0753039291778172,0.1250163426434042,0.6320812062850135,5,31.971,3,0.416,0.166,1922,1,3,Low activity / early-stop,C0: Low activity / early-stop
E01000098,3,1071.16598,6.977436161735048,-0.2142545266420802,0.0867824144303014,0.0620674024766918,0.1311956229346841,0.774533866554065,5,36.217,2,0.441,0.189,1930,1,2,Medium activity / continuing,C3: Medium activity / continuing
E01000099,1,1255.98559,7.136471744721833,-0.2399832230559269,0.150714905893148,0.098737605739569,0.2441351217253706,0.7655942600530601,5,23.773,4,0.343,0.134,2744,1,4,High activity / full-night,C1: High activity / full-night
E01000101,1,876.97961,6.777623370130829,-0.2816556590181155,0.1421916867599692,0.0986004794341797,0.2308914326607906,0.7868916313149659,4,33.901,2,0.417,0.193,1691,1,2,High activity / full-night,C1: High activity / full-night
E01000104,0,1155.84378,7.053450696469833,-0.2870361252452299,0.0624277876029232,0.0528570132548535,0.0947138386499061,0.813480453632919,5,34.071,2,0.442,0.209,1910,1,2,Low activity / early-stop,C0: Low activity / early-stop
E01000105,0,981.07857,6.889671315337122,-0.024828154181372,0.0507495541361177,0.0342152616787868,0.074106530073765,0.7622086326303663,5,40.539,2,0.471,0.229,2257,1,2,Low activity / early-stop,C0: Low activity / early-stop
E01000106,0,470.59413,6.156118721596778,-0.2715176026526298,0.0767364225303872,0.0618638825775408,0.1148591138856089,0.7720412548721869,5,44.075,2,0.574,0.245,2267,1,2,Low activity / early-stop,C0: Low activity / early-stop
E01000110,3,449.95845,6.111375206655474,-0.2562836413006578,0.1746739504503137,0.0973337649287395,0.2957902661031614,0.7693919643454115,6,18.236,5,0.24,0.101,1659,1,5,Medium activity / continuing,C3: Medium activity / continuing
E01000111,0,956.58517,6.864414667490594,-0.0987685707065687,0.0731182044145635,0.0669010580626082,0.1067778914264777,0.7155609075854414,5,27.63,3,0.336,0.155,2176,1,3,Low activity / early-stop,C0: Low activity / early-stop
E01000112,1,1749.22865,7.467501715525516,-0.1551023932748871,0.1358887987570979,0.0876085753569151,0.2280295481444843,0.7729356995344605,4,25.208,4,0.293,0.134,2063,1,4,High activity / full-night,C1: High activity / full-night
E01000113,3,2953.30215,7.991017742897805,0.2211632934340971,0.0999870771773216,0.0819376608654823,0.1526454315388571,0.7335646519814785,4,29.0,3,0.336,0.132,2021,1,3,Medium activity / continuing,C3: Medium activity / continuing
E01000114,1,2011.63745,7.607201305097153,-0.1536045622932701,0.1991020797510008,0.1579772339195614,0.3400215844973646,0.6739993298127005,5,27.162,3,0.375,0.139,2385,1,3,High activity / full-night,C1: High activity / full-night
E01000118,2,1245.77555,7.128315937498782,-0.2935209556809812,0.0408339206849901,0.0125892661804126,0.0580725149849244,0.7182971739977461,5,11.25,7,0.159,0.097,2019,1,7,Partial-night transition,C2: Partial-night transition
E01000120,2,384.81483,5.955357539338859,0.0346359572472817,0.0218424274345144,0.0,0.0319831043712526,0.8125229716776099,5,5.985,9,0.121,0.064,1468,1,9,Partial-night transition,C2: Partial-night transition
E01000121,0,159.61935,5.07903727993355,-0.3450648683884503,0.0699182774519505,0.0359788459231289,0.1041357250169145,0.6624565497141184,6,30.044,3,0.335,0.223,1410,1,3,Low activity / early-stop,C0: Low activity / early-stop
E01000123,0,183.53364,5.21783177748368,-0.458463309505549,0.0292434673011443,0.007718040136947,0.0409125443634797,0.6127144735375883,6,15.388,6,0.223,0.103,1744,1,6,Low activity / early-stop,C0: Low activity / early-stop
E01000124,2,347.31354,5.853103051149809,-0.1526794492377118,0.0950156449414555,0.0665464410054384,0.1539068910558212,0.7862080103526635,5,23.855,4,0.313,0.161,1894,1,4,Partial-night transition,C2: Partial-night transition
E01000126,3,689.69366,6.537696396959126,-0.2700429057155608,0.1289870346205589,0.0921542761463111,0.2164283814244798,0.7333572758608714,2,35.216,2,0.445,0.21,2193,1,2,Medium activity / continuing,C3: Medium activity / continuing
E01000127,3,407.94238,6.013574265922656,-0.2625112399452099,0.1473890748982736,0.1151734713122965,0.2301792244417269,0.7905718509047364,5,30.453,3,0.407,0.173,1551,1,3,Medium activity / continuing,C3: Medium activity / continuing
E01000128,3,175.85193,5.175312828795221,-0.3617041336993003,0.0863691402192742,0.0667594606439633,0.1308856591847802,0.7200059775127304,4,28.639,3,0.394,0.135,2040,1,3,Medium activity / continuing,C3: Medium activity / continuing
E01000129,1,8335.30012,9.02837476622414,0.0081129244330076,0.1112234468649222,0.0695882717657921,0.1790824578012408,0.7943317821777083,3,43.653,2,0.55,0.199,1606,1,2,High activity / full-night,C1: High activity / full-night
E01000130,3,1070.64712,6.976952108334936,-0.3234450955231635,0.1106571229556943,0.0630715935610978,0.1688153921573041,0.6339802816011122,4,27.891,3,0.318,0.163,1921,1,3,Medium activity / continuing,C3: Medium activity / continuing
E01000131,3,673.35157,6.513751592128022,0.0105466301949811,0.1136157594464359,0.0804038074790558,0.1852361890434371,0.868772071105973,4,23.659,4,0.296,0.126,1931,1,4,Medium activity / continuing,C3: Medium activity / continuing
E01000133,2,676.92957,6.519043403488546,-0.4713572048566293,0.0816929743518221,0.0370004666807508,0.1297025460782049,0.8125756433443533,4,30.983,3,0.409,0.178,1617,1,3,Partial-night transition,C2: Partial-night transition
E01000134,0,198.29953,5.29480886896208,-0.5028734561297244,0.0668023771917159,0.0331941785237715,0.102561442386031,0.7111093127991899,5,26.681,3,0.336,0.146,1784,1,3,Low activity / early-stop,C0: Low activity / early-stop
E01000135,3,351.19986,5.864198798560607,-0.4735873755758331,0.0931513469282134,0.0241110289736448,0.1513303344262756,0.8020673664416472,5,11.517,7,0.147,0.082,1715,1,7,Medium activity / continuing,C3: Medium activity / continuing
E01000136,3,672.60646,6.512646053143413,0.0017013812207512,0.0728831239592911,0.0449095002744992,0.1059634064676558,0.8577654068759518,6,9.546,8,0.073,0.048,1473,1,8,Medium activity / continuing,C3: Medium activity / continuing
E01000138,3,806.34834,6.693755223216022,-0.3294286933113795,0.1370541173309788,0.0746488794160598,0.2224859385250039,0.7470786193324231,5,30.386,3,0.392,0.193,1624,1,3,Medium activity / continuing,C3: Medium activity / continuing
E01000139,1,3278.256,8.095371846380248,-0.3063722723301658,0.0962107809762263,0.0451034177928752,0.1535690887873349,0.7495949234821245,5,17.015,6,0.21,0.092,1424,1,6,High activity / full-night,C1: High activity / full-night
E01000140,1,2788.01492,7.933443737200846,-0.2355546504751129,0.0836320739632196,0.0426501196772648,0.1301907312395281,0.7239873545397814,3,16.978,6,0.239,0.116,1986,1,6,High activity / full-night,C1: High activity / full-night
E01000141,1,13337.33686,9.498397638533852,-0.1252239122046138,0.0899783901836606,0.0426175552110933,0.1507606661722122,0.8627943877774126,2,41.647,2,0.416,0.205,1790,1,2,High activity / full-night,C1: High activity / full-night
E01000143,0,892.29094,6.794912328486877,-0.2481196996127742,0.0619380826616932,0.0336587526037191,0.0988046464157878,0.7969207448816313,3,32.352,3,0.443,0.195,1684,1,3,Low activity / early-stop,C0: Low activity / early-stop
E01000144,3,1412.71006,7.2539727759260435,0.164242279126971,0.0824369226902794,0.0302776707061886,0.1332583447553929,0.929806079718464,2,24.599,4,0.288,0.146,1677,1,4,Medium activity / continuing,C3: Medium activity / continuing
E01000146,1,12464.71686,9.430737504131548,0.1838853096900589,0.0906681044337817,0.0410374608380795,0.1464808894087779,0.8352961493497183,3,26.44,4,0.249,0.152,1868,1,4,High activity / full-night,C1: High activity / full-night
E01000150,1,1173.64326,7.068719771969226,-0.1926183089058935,0.2216557525325029,0.1124381355881513,0.4179034624434357,0.7709797164052352,4,25.077,4,0.373,0.117,2196,1,4,High activity / full-night,C1: High activity / full-night
E01000151,1,1243.14333,7.126202483703952,-0.2398113096098098,0.1190728505939858,0.0771301005170498,0.1875167383108492,0.7381802084524393,3,50.246,1,0.569,0.304,1657,1,1,High activity / full-night,C1: High activity / full-night
E01000152,0,163.56078,5.103279985245962,-0.3879592650511938,0.0736020579016558,0.0724593022850587,0.1028429230793939,0.836821290175146,4,19.977,5,0.349,0.117,2731,1,5,Low activity / early-stop,C0: Low activity / early-stop
E01000154,1,1383.21973,7.232891888026739,-0.1525326203957487,0.0852548567970469,0.0526830180480436,0.1259006018537355,0.6033491321443709,2,30.426,3,0.417,0.179,1839,1,3,High activity / full-night,C1: High activity / full-night
E01000156,1,2350.38875,7.762761390038424,-0.3918443831898021,0.0942970689423185,0.0435983324035226,0.1483934596121574,0.714563980605743,5,11.691,7,0.163,0.076,1980,1,7,High activity / full-night,C1: High activity / full-night
E01000160,2,748.78141,6.6197817107162455,-0.0667730920296218,0.0523079893236131,0.0386690689877036,0.075379848152733,0.8460468348202774,4,17.019,6,0.229,0.105,1893,1,6,Partial-night transition,C2: Partial-night transition
E01000161,3,1132.46133,7.033031353794395,-0.26329994861723,0.0794855573567355,0.0484850109628025,0.1228253814458603,0.772675359693938,3,23.583,4,0.297,0.145,2043,1,4,Medium activity / continuing,C3: Medium activity / continuing
E01000162,3,2737.34542,7.915109155670572,-0.1886239041034141,0.0955948445848679,0.0603546884484896,0.1442019593231019,0.7871669557199532,4,19.605,5,0.22,0.132,1675,1,5,Medium activity / continuing,C3: Medium activity / continuing
E01000164,1,3036.6691,8.018845756881136,-0.2648217219320999,0.0858329114621016,0.0477661230853239,0.1303668684902975,0.7376007280183845,5,34.691,2,0.429,0.202,1675,1,2,High activity / full-night,C1: High activity / full-night
E01000170,0,479.61152,6.175059293052545,-0.2471343890989107,0.0555075908101623,0.0277014196823295,0.0801701932622247,0.7098424321506844,5,21.318,5,0.256,0.144,1907,1,5,Low activity / early-stop,C0: Low activity / early-stop
E01000171,2,1963.27381,7.582877893657404,-0.0593943592615845,0.0563018767107171,0.0243060645728269,0.082737655918763,0.6535878624086068,3,33.766,2,0.437,0.199,2297,1,2,Partial-night transition,C2: Partial-night transition
E01000172,2,138.08132,4.935058798035088,-0.2583990361621688,0.0634789702184191,0.0356759335730568,0.0889203823513747,0.5474138349544022,7,8.821,8,0.111,0.074,1677,1,8,Partial-night transition,C2: Partial-night transition
E01000173,2,128.67479,4.865029700802954,0.1384704027883005,0.09427588729696,0.0566536770722532,0.1389713653869374,0.7299831917157642,7,11.98,7,0.163,0.079,1615,1,7,Partial-night transition,C2: Partial-night transition
E01000174,2,808.55397,6.696483441679726,-0.2312400123395597,0.0651986038730352,0.0323855066842353,0.0971403599286827,0.7376958815751208,6,24.64,4,0.303,0.14,1694,1,4,Partial-night transition,C2: Partial-night transition
E01000175,0,138.18180999999998,4.935781064074203,-0.3306644340524994,0.1118439539907604,0.0661534249696107,0.1720120382159933,0.5885785515178138,5,7.4,9,0.11,0.049,1980,1,9,Low activity / early-stop,C0: Low activity / early-stop
E01000176,0,297.07122,5.697332451239649,-0.3514487872638757,0.0623113204974887,0.0460131075639033,0.096935098901199,0.7920740907305689,5,30.19,3,0.357,0.17,1679,1,3,Low activity / early-stop,C0: Low activity / early-stop
E01000178,3,460.39984,6.134264998968895,0.0228932312400456,0.076840556677865,0.0404443016313819,0.115636852082093,0.8391583834572579,5,12.961,7,0.167,0.079,1634,1,7,Medium activity / continuing,C3: Medium activity / continuing
E01000180,3,81.14881,4.408532358681462,-0.0731809868807688,0.0982291668848871,0.0630430686537485,0.1341725873970499,0.8195705178093411,5,21.066,5,0.343,0.149,1697,1,5,Medium activity / continuing,C3: Medium activity / continuing
E01000181,3,422.30198,6.048085825049602,0.0059259963687595,0.0669283624954825,0.0323411460206745,0.1013924358190341,0.7983860365523933,3,10.629,8,0.084,0.054,1702,1,8,Medium activity / continuing,C3: Medium activity / continuing
E01000182,1,1786.49415,7.488570001835535,0.0779065467412809,0.0996330438585539,0.0479320293324218,0.1582298935594288,0.782946869308543,6,10.274,8,0.082,0.059,1618,1,8,High activity / full-night,C1: High activity / full-night
E01000183,3,543.0269000000001,6.298998694162816,-0.1568514193311602,0.1013485151472238,0.0671211683988399,0.1511110643727169,0.7439746958300367,6,10.223,8,0.127,0.07,1539,1,8,Medium activity / continuing,C3: Medium activity / continuing
E01000184,3,460.3043,6.1340579120030965,-0.367465913309956,0.1148112237926084,0.0599206655249581,0.185730845699317,0.7852411190891677,7,32.657,3,0.38,0.169,1810,1,3,Medium activity / continuing,C3: Medium activity / continuing
E01000185,3,544.66455,6.302004409648465,-0.4212421939338626,0.0726468061855687,0.035588124837572,0.112595078592612,0.7005543629071873,6,30.958,3,0.447,0.197,1463,1,3,Medium activity / continuing,C3: Medium activity / continuing
E01000186,3,665.03004,6.5013347746282895,-0.263141977766899,0.0874299452698407,0.0574977485227584,0.130479031081404,0.6629638927739065,5,8.324,9,0.131,0.044,1803,1,9,Medium activity / continuing,C3: Medium activity / continuing
E01000188,0,774.62766,6.653672585445336,-0.7682761805846179,0.0505358019361198,0.0221933205948261,0.0771073165030102,0.5958675892902843,7,14.579,6,0.232,0.08,1593,1,6,Low activity / early-stop,C0: Low activity / early-stop
E01000191,3,466.57572,6.147561303527794,-0.1132582295538225,0.0931166113830355,0.073570952213287,0.1390606682070285,0.6618880682478663,7,14.84,6,0.205,0.078,1554,1,6,Medium activity / continuing,C3: Medium activity / continuing
E01000192,3,308.11357,5.733708749824372,-0.0380807310758821,0.0398691949854724,0.0177543624579728,0.0563077961259397,0.7019810787408444,5,25.219,4,0.272,0.122,2026,1,4,Medium activity / continuing,C3: Medium activity / continuing
E01000193,1,14042.69279,9.549928662227078,0.0171979230487744,0.0833824066018038,0.0546173409523117,0.1297927063375815,0.8002948932956966,3,27.234,3,0.312,0.147,1995,1,3,High activity / full-night,C1: High activity / full-night
E01000194,1,3120.1911,8.045969970771157,-0.1964798758640135,0.0878586058398794,0.0553978408566065,0.130763836659585,0.7308298745581887,2,34.324,2,0.445,0.177,1891,1,2,High activity / full-night,C1: High activity / full-night
E01000196,1,3200.616,8.07141096131823,-0.0654567870684892,0.0912961098738492,0.0427092722150985,0.1386436900960092,0.7018486672737989,3,21.54,4,0.256,0.126,2150,1,4,High activity / full-night,C1: High activity / full-night
E01000197,3,373.81559,5.926434145016807,-0.1396298372681567,0.1050565333564605,0.0479012927202955,0.1594286014929833,0.8053637807736803,5,17.502,5,0.184,0.088,1827,1,5,Medium activity / continuing,C3: Medium activity / continuing
E01000198,0,343.29256,5.841491761049134,-0.2335877014054717,0.029752844046489,0.0037743899838668,0.0413943951993844,0.9121381353597262,5,17.001,6,0.224,0.098,2156,1,6,Low activity / early-stop,C0: Low activity / early-stop
E01000200,0,374.78258,5.929010731461111,-0.2368028417969693,0.0390731874464389,0.016038365497137,0.0513499734605571,0.7922666521021308,5,13.711,7,0.167,0.105,2026,1,7,Low activity / early-stop,C0: Low activity / early-stop
E01000201,3,550.2304,6.312152870573387,-0.2209735776140322,0.0667100182032835,0.0292939103328351,0.0983765352890993,0.6154334415553481,5,5.308,10,0.054,0.045,1523,1,10,Medium activity / continuing,C3: Medium activity / continuing
E01000202,3,394.36934,5.979820366000108,-0.1320750238849703,0.1152407537563645,0.0765275262017072,0.1850164256689222,0.7065694984521116,6,11.139,7,0.131,0.08,1661,1,7,Medium activity / continuing,C3: Medium activity / continuing
E01000203,3,1789.07856,7.490014786139895,-0.0212931175029004,0.1144538225308563,0.0724100958428566,0.1851194092173494,0.6929682431128646,6,25.902,4,0.384,0.16,1880,1,4,Medium activity / continuing,C3: Medium activity / continuing
E01000205,3,290.77562,5.675985082221188,-0.4262014814034271,0.0846360159080737,0.0537463904298441,0.1226464953705228,0.5303393771749495,7,9.471,8,0.112,0.053,1534,1,8,Medium activity / continuing,C3: Medium activity / continuing
E01000206,0,273.74607,5.615847289268781,0.1922313989749697,0.0130835120299626,0.0094664738017974,0.0162119424632569,0.8769082209969673,7,7.996,9,0.02,0.023,1497,1,9,Low activity / early-stop,C0: Low activity / early-stop
E01000208,1,4891.97112,8.495554988962283,0.270675812983949,0.0600969308257077,0.0252183438891601,0.0925468408903799,0.7111745685272826,5,9.982,8,0.081,0.041,1642,1,8,High activity / full-night,C1: High activity / full-night
E01000210,3,1206.21446,7.0960708855131145,-0.1130387045766306,0.0609610417039769,0.0347209815408778,0.0894249408836825,0.6712681520354254,5,12.425,7,0.084,0.044,1526,1,7,Medium activity / continuing,C3: Medium activity / continuing
E01000211,1,4185.06838,8.339517238276251,-0.2326220055692376,0.0873918671790017,0.0463546643412311,0.1357753353492556,0.7028589267792618,5,26.085,4,0.335,0.147,2127,1,4,High activity / full-night,C1: High activity / full-night
E01000213,0,118.5148,4.78344021307525,-0.0710034527333294,0.0192811361956481,0.0,0.0236993170539459,0.580205791331032,7,8.472,8,0.042,0.043,1370,1,8,Low activity / early-stop,C0: Low activity / early-stop
E01000214,1,11681.54068,9.365850756699912,-0.1472536001133028,0.1104084859463931,0.0550090367018265,0.1809519112381809,0.8072999034420004,5,10.932,8,0.113,0.067,1668,1,8,High activity / full-night,C1: High activity / full-night
E01000215,3,963.33649,6.8714402897212645,-0.1001123190091138,0.0779535507888837,0.0388163641553742,0.1184638336401825,0.7623895903049007,5,26.849,3,0.481,0.135,2161,1,3,Medium activity / continuing,C3: Medium activity / continuing
E01000218,1,1829.69961,7.51245347332368,-0.0766356997802497,0.1013347759307879,0.0428976098431807,0.1619352133205394,0.7610781921027003,4,26.607,3,0.41,0.143,1830,1,3,High activity / full-night,C1: High activity / full-night
E01000219,3,773.4444,6.652145869029539,-0.1183818772234953,0.0753910300468915,0.0568554766186166,0.108941609712374,0.7166204789547593,5,31.669,3,0.434,0.164,2207,1,3,Medium activity / continuing,C3: Medium activity / continuing
E01000221,1,2097.4364,7.648947774951966,-0.018639563993454,0.0928507486567888,0.0552188280893761,0.139543109148393,0.7141221102467651,5,41.818,2,0.49,0.229,1477,1,2,High activity / full-night,C1: High activity / full-night
E01000222,3,1186.48898,7.079596255865737,-0.3816337341793094,0.0789241380059004,0.0376120813191202,0.1243721632710589,0.7454720974079284,4,27.589,3,0.389,0.18,2032,1,3,Medium activity / continuing,C3: Medium activity / continuing
E01000223,1,5097.78309,8.536757180436647,-0.0981378534879953,0.1488495835549566,0.1041951276902996,0.2463803310174676,0.8392346362943699,4,36.995,2,0.493,0.192,2081,1,2,High activity / full-night,C1: High activity / full-night
E01000224,2,157.5044,5.065782353184392,-0.0286634532114657,0.0694584405261059,0.0429594347840441,0.1041157370031273,0.8605088903964923,5,28.876,3,0.458,0.171,1686,1,3,Partial-night transition,C2: Partial-night transition
E01000226,0,533.4284299999999,6.281197820657673,-0.4021180685851334,0.0975122567051778,0.0705139581705459,0.1536814442303111,0.7000021371227444,5,34.528,2,0.468,0.195,1712,1,2,Low activity / early-stop,C0: Low activity / early-stop
E01000227,0,337.31252,5.823970083674135,-0.0953992457795518,0.0579912064930172,0.0442871494956665,0.0819965083128252,0.7890366022363362,5,11.235,7,0.165,0.063,1894,1,7,Low activity / early-stop,C0: Low activity / early-stop
E01000228,0,191.21096,5.258593518843792,-0.1696202979159771,0.0766696637054696,0.0601056550314898,0.1147355844446945,0.7059797525587443,7,16.53,6,0.182,0.085,1416,1,6,Low activity / early-stop,C0: Low activity / early-stop
E01000229,3,519.14689,6.254111252454523,-0.3379596668680804,0.1655916305306192,0.1204237975883858,0.2858819673777547,0.7387911931261626,5,29.326,3,0.358,0.153,1657,1,3,Medium activity / continuing,C3: Medium activity / continuing
E01000231,3,887.19387,6.789190041235447,-0.4606412463151938,0.1156503144008423,0.0837769426878479,0.1872692449324778,0.64954754133638,5,23.261,4,0.283,0.119,1746,1,4,Medium activity / continuing,C3: Medium activity / continuing
E01000232,3,460.37947,6.134220849734549,-0.1749405767377072,0.0788912893965493,0.0524111555191633,0.1194101547814374,0.7416648987525997,5,18.122,5,0.238,0.112,1828,1,5,Medium activity / continuing,C3: Medium activity / continuing
E01000233,2,959.59432,6.867552176242183,-0.1908141348731618,0.0494469475392476,0.0345613758947635,0.0702237881245056,0.800401028921979,4,11.455,7,0.165,0.068,1922,1,7,Partial-night transition,C2: Partial-night transition
E01000234,0,260.66019,5.567046677215616,-0.3061165189820509,0.0532346730814552,0.0309230956978892,0.0820979973490628,0.8397514332698289,5,14.545,6,0.209,0.093,1741,1,6,Low activity / early-stop,C0: Low activity / early-stop
E01000235,2,1040.9791,6.948877164530583,-0.3058641234968117,0.0978453361839829,0.0735242907374413,0.1509198842242184,0.7828613504170024,6,23.981,4,0.332,0.146,1803,1,4,Partial-night transition,C2: Partial-night transition
E01000236,1,1114.73856,7.017271850263896,-0.0464449350348121,0.1026771694342393,0.061061779364661,0.1617647863162533,0.7871781331715288,5,24.742,4,0.366,0.135,1896,1,4,High activity / full-night,C1: High activity / full-night
E01000237,1,9514.11709,9.16063708548743,-0.0070887975586182,0.1052413156710477,0.0537261508519021,0.1703972678840144,0.7318618141717709,5,21.816,4,0.253,0.111,2175,1,4,High activity / full-night,C1: High activity / full-night
E01000239,1,1621.63415,7.391806126208121,-0.3170043070442245,0.145832739153896,0.085203052735415,0.2442461387913019,0.6925800885679456,4,25.959,4,0.35,0.135,2102,1,4,High activity / full-night,C1: High activity / full-night
E01000240,3,731.79626,6.596867709635106,-0.3463369708940573,0.1579238461809028,0.0946725253829529,0.2632294468926052,0.7503880101290491,5,26.033,4,0.294,0.139,1777,1,4,Medium activity / continuing,C3: Medium activity / continuing
E01000242,2,378.26629,5.938238570503279,-0.1861138353089829,0.041603548653516,0.0139897213679812,0.0604928322934723,0.6786396445083024,5,15.157,6,0.22,0.097,1624,1,6,Partial-night transition,C2: Partial-night transition
E01000243,2,2818.45495,7.944298865109301,-0.1664710482599695,0.0604186914536278,0.025285463583514,0.0888649453520645,0.6958414947584688,2,24.985,4,0.324,0.135,2161,1,4,Partial-night transition,C2: Partial-night transition
E01000244,2,1702.46786,7.440421369884586,-0.1037582230774095,0.0571802630094878,0.024049928319939,0.0927734185514358,0.7245573959628044,4,24.948,4,0.26,0.123,1653,1,4,Partial-night transition,C2: Partial-night transition
E01000246,0,94.26856,4.55669985066796,-0.1358658708693545,0.0344176255582985,0.0075783484971023,0.0465532848941943,0.8759137990776114,5,8.447,8,0.118,0.072,1571,1,8,Low activity / early-stop,C0: Low activity / early-stop
E01000248,1,2227.50767,7.709087434157667,0.0388928716909872,0.0546068736993394,0.0360524011124953,0.072588642319728,0.6799953770827388,4,11.576,7,0.145,0.07,1705,1,7,High activity / full-night,C1: High activity / full-night
E01000250,1,6880.9298,8.836654385782296,0.0686506436964376,0.0719594755929642,0.0414603779274132,0.1088571410185884,0.7740275747853578,6,15.016,6,0.191,0.098,2614,1,6,High activity / full-night,C1: High activity / full-night
E01000251,2,1704.96708,7.441887431265208,-0.14553911504262,0.0613733316188134,0.0298606469281506,0.0891544341379311,0.7517370701727218,2,24.959,4,0.25,0.164,2235,1,4,Partial-night transition,C2: Partial-night transition
E01000252,0,92.43814,4.537299613059876,-0.132799729635408,0.0247560152119027,0.0023444868103144,0.0310067436008958,0.7171907556952611,4,16.037,6,0.206,0.113,1698,1,6,Low activity / early-stop,C0: Low activity / early-stop
E01000253,0,182.99031,5.21488309317876,0.0395522036112185,0.039829923234733,0.0203395469410374,0.0554918971136103,1.314183562269646,7,5.591,9,0.052,0.057,2029,1,9,Low activity / early-stop,C0: Low activity / early-stop
E01000255,0,427.95487,6.061351715259107,-0.0432255158119826,0.0418198769416971,0.0244091158490613,0.0558147927716353,0.5672964729064904,7,21.778,4,0.253,0.124,1699,1,4,Low activity / early-stop,C0: Low activity / early-stop
E01000256,3,609.96316,6.415036662754785,-0.3226485350361159,0.0948570402186256,0.0607715226604833,0.1380062210407937,0.6494884712346127,7,14.515,6,0.181,0.087,1956,1,6,Medium activity / continuing,C3: Medium activity / continuing
E01000257,2,2180.48817,7.687762569674791,0.0170783636950435,0.0347018897149072,0.0160357164423414,0.0482335151238693,0.6917210511787641,5,22.202,4,0.311,0.134,2403,1,4,Partial-night transition,C2: Partial-night transition
E01000258,3,304.20109,5.720970870832496,-0.2493328672819679,0.12073290072695,0.0864717480137891,0.1841883795625416,0.6440420930765544,5,11.777,7,0.135,0.076,1893,1,7,Medium activity / continuing,C3: Medium activity / continuing
E01000259,0,462.68442,6.139204191523047,-0.1548124313327862,0.0361701394656859,0.0189012199719195,0.0502837205787596,0.7462128747632668,5,17.099,6,0.225,0.117,2638,1,6,Low activity / early-stop,C0: Low activity / early-stop
E01000260,3,811.33798,6.699916485088459,-0.3888752255872454,0.1564394286090243,0.0866722891488452,0.2740803012564675,0.7850994146474328,6,23.396,4,0.271,0.129,2181,1,4,Medium activity / continuing,C3: Medium activity / continuing
E01000261,2,382.11927,5.948346350624312,0.1141415087493493,0.0402114240404573,0.0107614044170031,0.055208247513357,0.7738384968917041,7,7.447,9,0.101,0.049,1817,1,9,Partial-night transition,C2: Partial-night transition
E01000263,3,568.4509,6.344672563191497,-0.1742530093628139,0.1404060579374577,0.0879563037018676,0.2369306387450855,0.7574184696640892,5,3.366,10,0.028,0.035,1538,1,10,Medium activity / continuing,C3: Medium activity / continuing
E01000264,3,4710.16776,8.457691088339837,0.0449386838824611,0.0635308114800564,0.0440309794825651,0.091107591037662,0.6855525406845242,5,23.398,4,0.279,0.129,1845,1,4,Medium activity / continuing,C3: Medium activity / continuing
E01000265,2,1210.09994,7.099284266985265,-0.3808201990324865,0.1010915015829188,0.0702450741382567,0.1653436000933205,0.7332997387128863,5,20.976,5,0.327,0.15,1905,1,5,Partial-night transition,C2: Partial-night transition
E01000266,0,102.81407,4.642601510678783,-0.01850787542989,0.0377416242737983,0.0273824389988646,0.0513832971477573,0.8521054319056897,7,3.14,10,0.066,0.042,1454,1,10,Low activity / early-stop,C0: Low activity / early-stop
E01000268,1,2407.74198,7.78685989019527,-0.1415695381113884,0.0947041675952337,0.0607313620872283,0.1475738126805908,0.8602938762069071,4,26.687,3,0.367,0.187,2034,1,3,High activity / full-night,C1: High activity / full-night
E01000269,3,485.10003,6.186414425767104,-0.243483081211106,0.1074327288744962,0.0703146318090312,0.1640716330463129,0.9244593485578694,6,12.236,7,0.129,0.089,1359,1,7,Medium activity / continuing,C3: Medium activity / continuing
E01000271,3,403.94971,6.003762886556948,-0.3551708701560895,0.0760339449185394,0.0336368603903688,0.1058062170486897,0.8929540509319125,6,7.262,9,0.117,0.067,1636,1,9,Medium activity / continuing,C3: Medium activity / continuing
E01000273,3,2359.04093,7.766434241089603,0.0269632498491664,0.0644907504847743,0.031504565713491,0.0968224495082482,0.7740152597269162,5,18.991,5,0.269,0.159,1670,1,5,Medium activity / continuing,C3: Medium activity / continuing
E01000274,2,934.5178,6.841100172791279,-0.3887994214770441,0.0935868530273045,0.0408504899532143,0.1511405768783513,0.7547985563686669,4,18.765,5,0.265,0.127,1919,1,5,Partial-night transition,C2: Partial-night transition
E01000278,0,397.98922,5.988934398981024,-0.1407364752241279,0.0166199476458181,0.0075874416900035,0.0218844321890824,0.7529894525024482,7,2.534,10,0.054,0.045,1486,1,10,Low activity / early-stop,C0: Low activity / early-stop
E01000279,0,160.68262,5.085635277813153,0.0002855318142062,0.0353376114977463,0.0281944618528127,0.0486349613024118,0.7745967055528137,7,4.642,10,0.038,0.033,1386,1,10,Low activity / early-stop,C0: Low activity / early-stop
E01000281,1,2604.5761,7.865409081368528,-0.0574094033958154,0.083234077898511,0.0463227048731653,0.1265011093774847,0.8302070338189574,3,11.972,7,0.235,0.083,1996,1,7,High activity / full-night,C1: High activity / full-night
E01000282,0,947.41409,6.854791210681483,0.295614191256117,0.0559122674647999,0.02169530748693,0.0875088283904616,0.7766983723537169,5,8.951,8,0.12,0.075,1743,1,8,Low activity / early-stop,C0: Low activity / early-stop
E01000284,3,542.02842,6.2971616574225004,-0.0576555007945892,0.0997473158326273,0.0538256831625175,0.15617582653624,0.8076987474832944,5,18.393,5,0.273,0.116,1907,1,5,Medium activity / continuing,C3: Medium activity / continuing
E01000285,2,344.48546,5.844950558385847,-0.7100295031320044,0.04483887360587,0.012283479250474,0.0644820913345382,0.7311256716082932,6,14.473,6,0.198,0.131,1489,1,6,Partial-night transition,C2: Partial-night transition
E01000286,2,511.51278,6.239325647287018,-0.2157930834103499,0.0464591324580394,0.0251449435926117,0.0686790551978467,0.7889885480197851,3,23.266,4,0.304,0.168,1749,1,4,Partial-night transition,C2: Partial-night transition
E01000288,3,487.3798,6.191093381839861,-0.3524292964131874,0.0777774130154758,0.0324888926459406,0.1288447211859748,0.739883742216825,5,13.252,7,0.178,0.086,1529,1,7,Medium activity / continuing,C3: Medium activity / continuing
E01000289,2,154.84743,5.048877515862431,-0.2937018069980238,0.0328256013031666,0.005575940136688,0.0499364172662096,0.9844229347868808,6,35.166,2,0.511,0.202,1560,1,2,Partial-night transition,C2: Partial-night transition
E01000290,0,231.90961,5.450650438383382,-0.3586178684014001,0.0393406724283655,0.0357116723192281,0.0581698890928238,0.7753812346454642,7,18.992,5,0.223,0.124,1542,1,5,Low activity / early-stop,C0: Low activity / early-stop
E01000292,2,244.6229,5.503797432968657,-0.2970592695941385,0.0385629881748601,0.0106309752684642,0.0556384064776399,0.7446083890352837,5,10.354,8,0.145,0.088,1555,1,8,Partial-night transition,C2: Partial-night transition
E01000296,1,4750.04233,8.46611931085045,0.1581217087806458,0.0633989739624067,0.026659892944575,0.0992184926033171,0.7209497842582964,5,17.949,5,0.209,0.112,1814,1,5,High activity / full-night,C1: High activity / full-night
E01000297,0,303.71393,5.719373402045455,-0.213516350731756,0.0336936142507523,0.023119584933098,0.0456121339485423,0.7154949731162614,5,15.523,6,0.218,0.098,1445,1,6,Low activity / early-stop,C0: Low activity / early-stop
E01000298,1,2027.21249,7.61491013732874,0.0424169791889946,0.0984448502485301,0.053072714641769,0.1475444387611519,0.7824042555619578,4,17.609,5,0.238,0.101,1750,1,5,High activity / full-night,C1: High activity / full-night
E01000299,1,3345.95874,8.115807373677919,-0.2724369458303601,0.0775993699193074,0.0320320805868634,0.1204483402454449,0.7927381928082287,2,22.416,4,0.283,0.128,2187,1,4,High activity / full-night,C1: High activity / full-night
E01000301,0,176.18777,5.177210017730434,-0.0742258670962234,0.0384383093105724,0.0257942988891907,0.0500522409123095,0.6679683589860057,6,6.454,9,0.104,0.075,1443,1,9,Low activity / early-stop,C0: Low activity / early-stop
E01000302,3,1521.06896,7.327825846199423,-0.1691500693038926,0.0913522618987636,0.0465454833816344,0.1457351063501755,0.7623126417941879,4,22.614,4,0.285,0.159,1804,1,4,Medium activity / continuing,C3: Medium activity / continuing
E01000305,1,1820.61016,7.507476092248249,-0.1513651115733639,0.1504948099377848,0.0863519953112861,0.259404635792011,0.7796430907952524,5,29.642,3,0.418,0.132,1604,1,3,High activity / full-night,C1: High activity / full-night
E01000307,1,11963.23501,9.38967706265287,0.0954131444417725,0.0473520489672299,0.0299157518598307,0.0641097358594007,0.8200121886270977,3,31.034,3,0.369,0.144,1640,1,3,High activity / full-night,C1: High activity / full-night
E01000309,3,819.42841,6.7098266550476895,-0.3350701618949238,0.108713816744528,0.0502790109510603,0.1867025043835687,0.8573481371581064,4,19.888,5,0.228,0.108,2107,1,5,Medium activity / continuing,C3: Medium activity / continuing
E01000313,1,7118.86543,8.87064410394651,-0.0267713432532184,0.1398020639364719,0.0813130456941366,0.2312385566655854,0.7611126836590514,4,33.049,3,0.39,0.153,1864,1,3,High activity / full-night,C1: High activity / full-night
E01000314,1,1634.67404,7.399810255257567,0.0652837552861608,0.1428650998825429,0.0764779870120161,0.2432457013450285,0.7054062402999831,4,18.878,5,0.19,0.089,2183,1,5,High activity / full-night,C1: High activity / full-night
E01000315,0,161.96948,5.0935629440115,-0.1241227668323686,0.0075370989645703,0.0006682740476786,0.0093958184997984,0.6524817108669762,6,31.368,3,0.366,0.22,1688,1,3,Low activity / early-stop,C0: Low activity / early-stop
E01000316,1,2927.76438,7.982335899754467,-0.029090804089911,0.0811740663365813,0.0478015344937012,0.1278601692886357,0.879303804823659,3,23.38,4,0.301,0.145,2224,1,4,High activity / full-night,C1: High activity / full-night
E01000318,3,319.18626,5.7689028889611,-0.0297712063169636,0.1152594099758554,0.0836483688238961,0.169344185891291,0.5482045079857116,5,12.227,7,0.179,0.087,1877,1,7,Medium activity / continuing,C3: Medium activity / continuing
E01000321,3,1227.82166,7.11381098919118,-0.1299000214738026,0.0703314844600477,0.0322657200883717,0.1024998615404399,0.727986480345392,3,16.59,6,0.223,0.115,1939,1,6,Medium activity / continuing,C3: Medium activity / continuing
E01000323,1,11392.4263,9.34079182771072,0.0213666916590015,0.0965937870495594,0.0553604011465055,0.1580600304640962,0.8247422801730009,3,24.372,4,0.268,0.132,2379,1,4,High activity / full-night,C1: High activity / full-night
E01000324,3,417.02226,6.035534684695351,-0.1843341408202046,0.0880021848234192,0.0497311582360135,0.13331262988619,0.7342494645507848,5,12.864,7,0.161,0.091,1834,1,7,Medium activity / continuing,C3: Medium activity / continuing
E01000325,2,137.29124,4.929361896100623,0.169822488310252,0.0794355852565684,0.0613688098381222,0.1136455740655156,0.6875081738297671,6,4.119,10,0.057,0.051,1698,1,10,Partial-night transition,C2: Partial-night transition
E01000326,2,328.52466,5.797651191809817,-0.3228724443394904,0.1282870820108298,0.105965348232915,0.1991424754610253,0.6189032016008004,6,11.491,7,0.111,0.078,1423,1,7,Partial-night transition,C2: Partial-night transition
E01000327,3,173.14755,5.159902928381152,-0.2114311753183917,0.07690042394478,0.0489359508696484,0.1155370559097994,0.752921051469987,5,6.65,9,0.088,0.065,1584,1,9,Medium activity / continuing,C3: Medium activity / continuing
E01000329,0,203.62667,5.321187196928613,-0.1807033921440644,0.1023181295456042,0.0834070507561706,0.1571936422687454,0.7541615340648729,6,14.377,6,0.198,0.114,1722,1,6,Low activity / early-stop,C0: Low activity / early-stop
E01000330,3,516.1111999999999,6.248257938421147,-0.0986573823625606,0.1143427617924199,0.0716838735528312,0.1810891657681289,0.7885079765925549,3,15.738,6,0.203,0.126,1626,1,6,Medium activity / continuing,C3: Medium activity / continuing
E01000331,3,290.33471,5.674472812376719,-0.0796295764981045,0.1616356514865205,0.1240886079380588,0.2709792585130476,0.792713254822228,7,24.103,4,0.271,0.171,1712,1,4,Medium activity / continuing,C3: Medium activity / continuing
E01000332,2,853.48136,6.750494688391446,-0.3412597786552713,0.0950232469048884,0.069768166934542,0.1426992522840473,0.71828654496953,5,12.671,7,0.17,0.098,1578,1,7,Partial-night transition,C2: Partial-night transition
E01000333,2,935.18222,6.84181013701718,-0.2672733662536911,0.1242560620966467,0.0914603680125569,0.2006105323116465,0.6757620395443751,5,28.335,3,0.315,0.178,1895,1,3,Partial-night transition,C2: Partial-night transition
E01000334,2,131.25746999999998,4.884750553075199,-0.3583455478762467,0.1943586905949048,0.1219762197153426,0.3532590536113706,0.6512290304054517,5,12.737,7,0.142,0.097,1679,1,7,Partial-night transition,C2: Partial-night transition
E01000335,2,2830.24788,7.948472840445191,0.1249302375592628,0.126317257412803,0.1111510593199349,0.1903739601840736,0.7394706033920403,3,22.231,4,0.269,0.131,2793,1,4,Partial-night transition,C2: Partial-night transition
E01000336,0,669.22311,6.507610656952817,-0.1702644578427663,0.1531118971668506,0.136141966167307,0.2501151521480251,0.8288568171276978,3,31.808,3,0.349,0.195,2037,1,3,Low activity / early-stop,C0: Low activity / early-stop
E01000338,2,219.70367,5.396820942032452,-0.4727772185143744,0.1046826391202295,0.0655358647399927,0.1616479017054898,0.7290307198844674,3,18.953,5,0.227,0.108,1816,1,5,Partial-night transition,C2: Partial-night transition
E01000340,3,472.38566,6.159910405112848,-0.2963691150150493,0.1277768677398039,0.0833867183859899,0.2170040705906512,0.8113814262555414,5,8.347,9,0.091,0.066,1575,1,9,Medium activity / continuing,C3: Medium activity / continuing
E01000343,3,256.37857,5.550548036062828,-0.2834007928197743,0.1834173191620501,0.101180609596192,0.3231313851649847,0.7646337607501622,6,8.495,8,0.102,0.058,1463,1,8,Medium activity / continuing,C3: Medium activity / continuing
E01000344,2,356.40596,5.8788722785795695,-0.3093459492091546,0.0305993760598167,0.0182721972438395,0.044464010888786,0.8587540113834539,6,7.174,9,0.099,0.069,1602,1,9,Partial-night transition,C2: Partial-night transition
E01000345,2,134.84382,4.91150584348684,-0.1816023900835797,0.1014227422509982,0.0822725876499197,0.1495311540230267,0.8938512681681877,6,4.956,10,0.065,0.057,1301,1,10,Partial-night transition,C2: Partial-night transition
E01000347,3,1053.50505,6.960826788906888,-0.1177463079080637,0.1163968791606646,0.0724008584486614,0.2002787233343029,0.8073559821816239,6,10.102,8,0.148,0.068,1495,1,8,Medium activity / continuing,C3: Medium activity / continuing
E01000349,3,209.06675,5.347425337354446,-0.2165030546464227,0.0951415755972673,0.0558036129609323,0.1439353093098877,0.7163760494875572,7,3.991,10,0.05,0.043,1731,1,10,Medium activity / continuing,C3: Medium activity / continuing
E01000350,2,327.55365,5.794700142702348,-0.0973424964124197,0.0602684781561738,0.0487875192353985,0.0882087355386276,0.8127418906879526,6,4.79,10,0.051,0.052,1490,1,10,Partial-night transition,C2: Partial-night transition
E01000352,3,698.20173,6.549939298594557,-0.1293205188706707,0.1265504168830976,0.0870719985182505,0.2145571507240714,0.7593207087256135,6,15.118,6,0.189,0.101,1610,1,6,Medium activity / continuing,C3: Medium activity / continuing
E01000353,0,213.95934,5.370448893963855,-0.4740660538586443,0.0167036409815061,0.0072963395755473,0.023446944195105,0.6719033497719448,6,3.306,10,0.045,0.047,1667,1,10,Low activity / early-stop,C0: Low activity / early-stop
E01000354,2,255.07878,5.545485131514051,-0.3774102259701885,0.0594316391194908,0.0340743749832894,0.0866044475430609,0.7418037300052237,6,15.769,6,0.187,0.148,1507,1,6,Partial-night transition,C2: Partial-night transition
E01000356,2,1606.69361,7.382555890538884,0.1565375803044365,0.0754039782357757,0.0516875460779357,0.1138510687676446,0.7228953420890359,6,6.811,9,0.083,0.074,1578,1,9,Partial-night transition,C2: Partial-night transition
E01000358,0,233.07434,5.455638757211878,-0.3710648714054066,0.0160123160704863,0.00096475656651,0.0229379191388658,0.616184143632079,6,5.514,9,0.101,0.055,1665,1,9,Low activity / early-stop,C0: Low activity / early-stop
E01000359,0,349.04991,5.858075744317046,-0.5753260042381905,0.0174387668514224,0.0,0.0246968188574148,0.6053453444286115,6,4.121,10,0.072,0.053,1320,1,10,Low activity / early-stop,C0: Low activity / early-stop
E01000360,1,4688.98768,8.453185234571203,0.0179324676749844,0.1001867976756978,0.0612484867949151,0.1601391992184076,0.8302443214447025,3,21.137,5,0.25,0.115,1916,1,5,High activity / full-night,C1: High activity / full-night
E01000362,1,11846.1363,9.379841454910943,0.1444207357296741,0.084325982303614,0.0612999674839128,0.1279946967752321,0.8316235637878375,3,14.279,6,0.134,0.078,2044,1,6,High activity / full-night,C1: High activity / full-night
E01000363,0,96.77814,4.582701034674625,0.0227026475193675,0.0189007558938413,0.0058682673587237,0.0232120427810798,0.5620474579068637,6,6.826,9,0.099,0.062,1595,1,9,Low activity / early-stop,C0: Low activity / early-stop
E01000367,3,429.12918,6.064085582175626,-0.396624158720691,0.1496482248072713,0.0926457622853798,0.2540695951802658,0.7934588287889227,4,27.095,3,0.336,0.185,2305,1,3,Medium activity / continuing,C3: Medium activity / continuing
E01000369,3,186.51172,5.233841350123672,-0.1236198990604986,0.1376214856632065,0.099016887517846,0.2203233071199616,0.8390809441873108,6,9.538,8,0.105,0.074,1707,1,8,Medium activity / continuing,C3: Medium activity / continuing
E01000370,3,1266.21623,7.144577828743294,-0.0624778044426108,0.1276866511180321,0.1004122731865473,0.1973351350741742,0.7699397186538877,6,10.264,8,0.107,0.079,1598,1,8,Medium activity / continuing,C3: Medium activity / continuing
E01000374,0,280.01104,5.63839395681821,-0.3444416334441671,0.0661868546325887,0.0566340527144929,0.090562258513919,0.6484623556675572,6,34.385,2,0.394,0.233,1551,1,2,Low activity / early-stop,C0: Low activity / early-stop
E01000375,2,172.83764,5.158121760154229,-0.3322615374752861,0.1298146051982658,0.1003951454092985,0.2114713687511522,0.7821857574546797,6,15.552,6,0.206,0.108,2162,1,6,Partial-night transition,C2: Partial-night transition
E01000383,0,224.75336,5.419443075907264,-0.0473632073843078,0.0500130899044178,0.0197516958144696,0.0683570537884263,0.7834184021916746,7,15.559,6,0.147,0.116,1620,1,6,Low activity / early-stop,C0: Low activity / early-stop
E01000384,3,402.07389,5.999119895016079,-0.2643012954658658,0.1136368989291993,0.0794810874190313,0.1728722124287027,0.743259386599496,5,13.172,7,0.181,0.089,1722,1,7,Medium activity / continuing,C3: Medium activity / continuing
E01000385,0,191.63707,5.26080795228718,-0.0453385662805217,0.0530693774435186,0.0427920339212032,0.0709646028276959,0.5654832416227573,6,27.299,3,0.323,0.193,2042,1,3,Low activity / early-stop,C0: Low activity / early-stop
E01000386,1,1763.74275,7.475760208036515,-0.1577387121789728,0.1527276015734154,0.1166004282654032,0.2443661595739084,0.6187945752268258,6,41.222,2,0.43,0.25,1534,1,2,High activity / full-night,C1: High activity / full-night
E01000389,3,705.8817,6.56086332516322,-0.0712002308602135,0.1236310701920732,0.0792147041069346,0.1815256347891578,0.6639647934312097,5,9.52,8,0.127,0.086,1722,1,8,Medium activity / continuing,C3: Medium activity / continuing
E01000392,3,3536.46264,8.171164980764981,-0.068881734319693,0.1095656901948779,0.0749250160324046,0.1676794365496202,0.7425235288799915,3,23.11,4,0.279,0.131,2017,1,4,Medium activity / continuing,C3: Medium activity / continuing
E01000394,3,484.92408,6.186052397706048,-0.0832089427276946,0.09140362755341,0.0620241626276839,0.1320548081519536,0.8834307630281667,5,7.964,9,0.087,0.072,1660,1,9,Medium activity / continuing,C3: Medium activity / continuing
E01000398,2,229.28884,5.439334347120138,-0.3038534278423669,0.1514991745782306,0.1280115072325369,0.2395595236321887,0.6177426913960627,5,18.028,5,0.207,0.13,1624,1,5,Partial-night transition,C2: Partial-night transition
E01000399,3,667.82449,6.505521678923042,-0.2345016877113926,0.1701535533684905,0.1138181680039916,0.2884457500754731,0.8106999120304926,5,8.068,9,0.11,0.056,1613,1,9,Medium activity / continuing,C3: Medium activity / continuing
E01000400,2,942.92651,6.850048313538794,0.022803420809539,0.0931508649597729,0.0599515650482665,0.1433037649387024,0.6572594270238167,5,12.671,7,0.136,0.099,1578,1,7,Partial-night transition,C2: Partial-night transition
E01000402,2,207.02062,5.337637209403192,-0.1871425174941511,0.158819976483502,0.1444018475067846,0.2455417483950249,0.7865092674749283,5,23.487,4,0.322,0.15,1623,1,4,Partial-night transition,C2: Partial-night transition
E01000403,1,4163.57343,8.334369131588778,-0.0921489332301748,0.1516372391683746,0.1259285584402434,0.234319250201594,0.6872124681851347,5,35.545,2,0.391,0.213,2412,1,2,High activity / full-night,C1: High activity / full-night
E01000404,2,1120.27159,7.022218668483054,-0.2576871828018061,0.1522003963342496,0.114286759695477,0.2466954206837592,0.7254086901235725,6,34.502,2,0.363,0.216,2429,1,2,Partial-night transition,C2: Partial-night transition
E01000405,2,302.38291000000004,5.714995737048436,-0.2478420820806307,0.5181212456748961,0.4947400301161199,1.5667000731195322,0.7398965070748212,5,26.102,4,0.353,0.161,1532,1,4,Partial-night transition,C2: Partial-night transition
E01000406,2,856.22667,6.75370237604123,-0.3402862118275292,0.1334508185782159,0.1009677145422251,0.2116041846180011,0.8095246922139299,4,19.67,5,0.227,0.131,2154,1,5,Partial-night transition,C2: Partial-night transition
E01000407,2,476.97988,6.169568639555352,-0.1798725765958933,0.0922676235316257,0.0822797389273526,0.1244384692092983,0.6767218708190073,5,11.893,7,0.135,0.081,1963,1,7,Partial-night transition,C2: Partial-night transition
E01000408,2,1372.78655,7.225326111369357,-0.2508836716093992,0.2875782109024888,0.2452896919772414,0.5406835421308624,0.7703795520043313,3,29.174,3,0.316,0.175,1723,1,3,Partial-night transition,C2: Partial-night transition
E01000409,2,535.0042,6.284141996860997,-0.2858577185001539,0.1218804637421538,0.0838833975508977,0.1968266109369347,0.6608224164808931,6,4.812,10,0.096,0.052,1799,1,10,Partial-night transition,C2: Partial-night transition
E01000412,2,173.39434,5.161319056819792,0.2065427279806249,0.0300271623629698,0.0,0.0384935400994399,0.5461571895849541,5,9.348,8,0.099,0.069,1727,1,8,Partial-night transition,C2: Partial-night transition
E01000413,2,193.55277,5.270703437314297,-0.2305852300641318,0.1962304130289636,0.0669394191568532,0.3620505662881689,0.7815455317242038,5,11.047,8,0.117,0.066,1393,1,8,Partial-night transition,C2: Partial-night transition
E01000414,1,3875.11604,8.262588910643016,0.0369269045166451,0.1228066631005971,0.0731508365359815,0.2010520000311111,0.8033195661840197,5,16.981,6,0.229,0.101,1932,1,6,High activity / full-night,C1: High activity / full-night
E01000416,1,8483.20313,9.045961258113651,0.596913127317747,0.0879849437249064,0.0611002214678784,0.1419571365777291,0.636221621863564,4,23.922,4,0.285,0.132,1540,1,4,High activity / full-night,C1: High activity / full-night
E01000417,2,2028.53787,7.615563395873277,-0.6429067405086206,0.1482117117192394,0.1269817210757815,0.2308237994634362,0.6960819139906212,5,19.574,5,0.209,0.126,1723,1,5,Partial-night transition,C2: Partial-night transition
E01000418,3,542.43716,6.297914078901483,-0.5780818556014857,0.2017944345848282,0.1015072603064288,0.378531572435495,0.7959848628634218,5,16.282,6,0.237,0.107,1948,1,6,Medium activity / continuing,C3: Medium activity / continuing
E01000420,2,353.35952,5.870311990988224,-0.4737924706259506,0.1247617723727947,0.0568329105722126,0.2159625434281259,0.7358505136466956,5,10.068,8,0.133,0.098,1516,1,8,Partial-night transition,C2: Partial-night transition
E01000421,2,195.00772,5.278154046209942,-0.3361852546145353,0.1046346780527457,0.0560318329961501,0.1609050205080352,0.828584320682214,5,4.268,10,0.067,0.06,1539,1,10,Partial-night transition,C2: Partial-night transition
E01000422,1,1343.76675,7.203975856922591,-0.1850509919225192,0.1398553729655834,0.1087334911360174,0.2226428460355172,0.7746294950796168,3,29.415,3,0.322,0.165,1175,1,3,High activity / full-night,C1: High activity / full-night
E01000423,3,117.98525,4.778999535849313,-0.1364957907874078,0.0822890996967841,0.051076554060783,0.1242855491502628,0.7462386351009178,5,2.9,10,0.05,0.042,1709,1,10,Medium activity / continuing,C3: Medium activity / continuing
E01000426,3,552.5308699999999,6.316317522951195,-0.1914722158419854,0.0972743296677704,0.0731753322669555,0.1479139283897941,0.7289763805938545,6,9.242,8,0.121,0.065,1654,1,8,Medium activity / continuing,C3: Medium activity / continuing
E01000427,3,119.22866,4.789395429619876,-0.1394944806055859,0.140244048704397,0.1014085874990124,0.230253556781963,0.655567069680421,4,12.023,7,0.152,0.094,1977,1,7,Medium activity / continuing,C3: Medium activity / continuing
E01000428,3,2919.20355,7.979408601736885,-0.1161446278729004,0.0799055105287193,0.0597842791743658,0.118390886312937,0.754762941861211,6,23.766,4,0.274,0.15,1878,1,4,Medium activity / continuing,C3: Medium activity / continuing
E01000429,3,271.30512,5.606923202293983,-0.1648729666436077,0.2398052421568749,0.1751126923074654,0.4985404026030611,0.7928291982322931,4,41.711,2,0.433,0.249,1711,1,2,Medium activity / continuing,C3: Medium activity / continuing
E01000430,3,458.63513,6.130432979084848,-0.1496838020236261,0.2233240179399253,0.1836523512710419,0.3986850555033659,0.7421623420284719,7,18.794,5,0.25,0.136,2045,1,5,Medium activity / continuing,C3: Medium activity / continuing
E01000431,0,93.68356,4.550540384276888,-0.1327861579982656,0.0603476212902242,0.0568430576293215,0.083542253739658,0.798831678199229,3,40.591,2,0.463,0.271,1267,1,2,Low activity / early-stop,C0: Low activity / early-stop
E01000433,3,1216.53761,7.104585745650054,-0.1419954373625982,0.1276307273393709,0.105046682444943,0.2015022514434817,0.7238725720537353,5,42.512,2,0.443,0.234,1964,1,2,Medium activity / continuing,C3: Medium activity / continuing
E01000434,1,1314.11948,7.181682799799996,0.0267350271681536,0.1235312256386306,0.0949793241022498,0.1973721907785881,0.7162803781906733,7,36.879,2,0.397,0.211,1606,1,2,High activity / full-night,C1: High activity / full-night
E01000436,2,193.76675,5.2718026887545895,-0.2391175472572048,0.0894656590978586,0.0738100835153606,0.1304444993079894,0.8197437023869121,6,3.472,10,0.078,0.051,1708,1,10,Partial-night transition,C2: Partial-night transition
E01000439,3,723.59953,6.5856191298270375,-0.1534348840718567,0.1494690578364527,0.1350689517446204,0.2425157044409096,0.7268469034116505,5,27.638,3,0.296,0.164,1461,1,3,Medium activity / continuing,C3: Medium activity / continuing
E01000441,3,148.5459,5.007603369120069,-0.2421538393183521,0.1618964239336124,0.0966443368682676,0.2742842068442372,0.9758163113846748,5,34.18,2,0.392,0.222,1772,1,2,Medium activity / continuing,C3: Medium activity / continuing
E01000442,2,713.8265,6.5720398559052935,-0.2377592314098734,0.1305064746125284,0.1041765471021319,0.2093456649377407,0.746931174889073,5,9.33,8,0.127,0.08,1699,1,8,Partial-night transition,C2: Partial-night transition
E01000443,0,184.73573,5.224324856959026,-0.3478000168132066,0.0519565976760424,0.0278061531464433,0.0780374724979261,0.7757194197655866,6,15.268,6,0.18,0.12,1314,1,6,Low activity / early-stop,C0: Low activity / early-stop
E01000444,0,281.19294,5.642591021387835,-0.5915215367782705,0.1839913548327351,0.1643082504133994,0.2944301574562116,0.6663104187400097,7,3.315,10,0.043,0.048,1626,1,10,Low activity / early-stop,C0: Low activity / early-stop
E01000445,0,342.5326,5.839282012544908,-0.2492348465518318,0.0555910298756964,0.0313386229515088,0.0816117184404414,0.8624753594424795,7,4.906,10,0.061,0.056,1686,1,10,Low activity / early-stop,C0: Low activity / early-stop
E01000447,1,1364.95924,7.219612200739718,0.1158977611668463,0.0772714429186911,0.0408422891807377,0.1260732103962077,0.8666780289563367,6,11.218,7,0.149,0.081,1918,1,7,High activity / full-night,C1: High activity / full-night
E01000448,3,368.20117,5.911341671637761,0.0671639636560633,0.0999128003857239,0.0677759932158825,0.1558766493512337,0.7915891435016225,6,2.174,10,0.019,0.023,1330,1,10,Medium activity / continuing,C3: Medium activity / continuing
E01000450,2,327.91108,5.7957874406786605,-0.1676439844606654,0.0997039197333618,0.0857634026883141,0.1458342802772214,0.68586185085841,6,16.288,6,0.224,0.131,1784,1,6,Partial-night transition,C2: Partial-night transition
E01000451,2,913.10397,6.817944317720028,-0.3732847531042932,0.1820370138134434,0.1164981245235414,0.3279012863941519,0.7084147464654718,5,6.307,9,0.103,0.056,1743,1,9,Partial-night transition,C2: Partial-night transition
E01000454,2,555.66019,6.321954981944468,-0.2936945869741001,0.0942316202281829,0.0600177241417996,0.1498764539035837,0.7056619310867431,6,17.298,6,0.207,0.126,1661,1,6,Partial-night transition,C2: Partial-night transition
E01000455,0,247.29282,5.514608775462922,0.0079885861627523,0.1010540055307711,0.0680398242051669,0.1512607091853096,0.6977158367912953,6,5.963,9,0.118,0.06,1784,1,9,Low activity / early-stop,C0: Low activity / early-stop
E01000457,3,2900.7834000000003,7.973080792478001,-0.034616559099173,0.090605413696176,0.0607411846055103,0.1413737300139999,0.7965110699964892,3,13.676,7,0.181,0.073,2263,1,7,Medium activity / continuing,C3: Medium activity / continuing
E01000459,3,603.76589,6.404841424465327,0.0033352828196372,0.0803702242933929,0.0489501485418462,0.1266777595333206,0.8245989329684799,6,14.337,6,0.185,0.119,1846,1,6,Medium activity / continuing,C3: Medium activity / continuing
E01000461,0,226.85305,5.428700903619861,-0.0784067483333373,0.0519727638663002,0.0257017483344394,0.0766285113634317,0.8506785274711874,7,3.959,10,0.046,0.036,1679,1,10,Low activity / early-stop,C0: Low activity / early-stop
E01000462,2,4065.80626,8.310613267693615,0.1050208526168189,0.0753153078179381,0.0512909560033979,0.1164872062624548,0.6700543656874767,6,11.991,7,0.149,0.072,2071,1,7,Partial-night transition,C2: Partial-night transition
E01000463,2,200.91792,5.307861278190441,-0.2569187457246223,0.0533311812107153,0.0373472411022371,0.0750304230191356,0.7895605615795291,5,4.818,10,0.061,0.061,1293,1,10,Partial-night transition,C2: Partial-night transition
E01000465,2,604.16222,6.405496554321224,-0.231543508298152,0.1429382989224317,0.1145197063133143,0.2377104507969629,0.6161626242376662,5,31.243,3,0.402,0.22,1672,1,3,Partial-night transition,C2: Partial-night transition
E01000466,2,1087.59389,6.992642133270771,-0.3527474119958507,0.1107466593068116,0.0685259274488936,0.1760216954619264,0.7050756551544286,7,27.799,3,0.368,0.184,1745,1,3,Partial-night transition,C2: Partial-night transition
E01000467,1,2645.66759,7.88105661443951,-0.3302283300072479,0.1413864165754852,0.1075154116394493,0.2363376598048225,0.7580645794804028,6,24.126,4,0.325,0.172,1690,1,4,High activity / full-night,C1: High activity / full-night
E01000469,3,993.04926,6.901786762772714,-0.3559689073228855,0.1509696004405662,0.0992169713715913,0.2526772587340701,0.7415515048283079,6,21.268,5,0.306,0.144,1756,1,5,Medium activity / continuing,C3: Medium activity / continuing
E01000470,1,1231.74051,7.116995026838952,-0.179151540611423,0.1541199939912668,0.1163717510598072,0.2690848089593484,0.7461980019561337,5,39.935,2,0.492,0.232,1513,1,2,High activity / full-night,C1: High activity / full-night
E01000472,1,3983.16678,8.29008348027808,-0.1276211386759959,0.1241857716035681,0.0898748357205369,0.2039203031023217,0.7219574516585127,4,25.505,4,0.401,0.093,2420,1,4,High activity / full-night,C1: High activity / full-night
E01000473,1,7598.84975,8.935883756342157,-0.0518596659974754,0.1132161351130807,0.0713562404625779,0.1831960674829731,0.7681049127559278,2,32.35,3,0.364,0.109,2727,1,3,High activity / full-night,C1: High activity / full-night
E01000475,1,506.72871,6.229947269497701,-0.2888035493390536,0.1618130537738822,0.0958214504956705,0.2734386752594006,0.7589660784636028,4,27.009,3,0.325,0.1,2114,1,3,High activity / full-night,C1: High activity / full-night
E01000476,2,335.7048,5.819206582079668,-0.1139508282276571,0.1396071488998667,0.1054943509893215,0.2356565843625641,0.7797328739728546,5,24.942,4,0.299,0.099,2241,1,4,Partial-night transition,C2: Partial-night transition
E01000477,2,581.43079,6.367210362930097,-0.275668837558465,0.1052444436250099,0.0905315661043681,0.1879925589891078,0.824750608512268,6,39.4,2,0.513,0.152,2225,1,2,Partial-night transition,C2: Partial-night transition
E01000478,2,444.41811,6.099013414077495,-0.3177552552932642,0.1203749325156888,0.0839164272581061,0.1951270042748136,0.7831353456872329,4,28.201,3,0.329,0.107,2567,1,3,Partial-night transition,C2: Partial-night transition
E01000479,1,1266.9452,7.145152916397646,-0.2979198626744077,0.1285622535213046,0.0654708980309487,0.2039220393179213,0.7529918823976199,5,17.262,6,0.184,0.104,1738,1,6,High activity / full-night,C1: High activity / full-night
E01000480,0,523.23333,6.261936871470079,-0.1439461243801116,0.0724413523121701,0.0632779643452759,0.1016919772496384,0.6968421711401818,5,15.421,6,0.236,0.089,1653,1,6,Low activity / early-stop,C0: Low activity / early-stop
E01000481,1,3286.01612,8.097735477820128,0.0144991863277895,0.0747735193703188,0.0417032312063033,0.1139664314259881,0.6908249151617513,4,31.999,3,0.462,0.169,1619,1,3,High activity / full-night,C1: High activity / full-night
E01000483,1,2610.602,7.867719105126246,-0.0980242181688361,0.1226021660904266,0.0739765617279079,0.204290171040282,0.8043953583027305,5,44.065,2,0.577,0.196,1790,1,2,High activity / full-night,C1: High activity / full-night
E01000485,2,817.52778,6.707507336369629,-0.2918727238846856,0.0666551661400423,0.0424736637084063,0.1002516794574871,0.7770818937685802,6,25.882,4,0.366,0.141,1578,1,4,Partial-night transition,C2: Partial-night transition
E01000487,2,2215.27311,7.703582284858022,-0.0359965051893759,0.0615558232456493,0.0408894504208557,0.0949769206774239,0.7903931270310265,5,25.092,4,0.347,0.132,1897,1,4,Partial-night transition,C2: Partial-night transition
E01000489,3,894.82427,6.797744266507327,-0.1494850491706041,0.0594296911504199,0.0409484423125894,0.0891172052360415,0.8450673143738702,6,20.472,5,0.268,0.111,1692,1,5,Medium activity / continuing,C3: Medium activity / continuing
E01000491,0,236.27249,5.469209227517869,-0.1925908090273227,0.0528859707704438,0.0366763815795905,0.0765318793817647,0.5856142080117273,4,19.919,5,0.217,0.119,2057,1,5,Low activity / early-stop,C0: Low activity / early-stop
E01000493,1,1086.60031,6.9917289977895365,-0.2109005932457354,0.1204871550239112,0.0740718360369324,0.1910138836245445,0.7809096700542194,5,14.096,7,0.144,0.081,1555,1,7,High activity / full-night,C1: High activity / full-night
E01000494,1,903.31938,6.807182594457855,-0.2221633283235881,0.2001541248899143,0.09335603980953,0.3573736876155675,0.9317064522374714,4,22.497,4,0.302,0.13,1778,1,4,High activity / full-night,C1: High activity / full-night
E01000495,3,338.0075,5.826022231029526,-0.3171381700110204,0.281869366803991,0.148202717395324,0.5778401128824726,0.9961634439962151,4,30.884,3,0.383,0.169,1561,1,3,Medium activity / continuing,C3: Medium activity / continuing
E01000497,3,3293.54506,8.100023367601363,-0.2550859164501609,0.0762507648825062,0.0328991855359647,0.1247251565455473,0.705489862248964,3,33.039,3,0.402,0.163,2085,1,3,Medium activity / continuing,C3: Medium activity / continuing
E01000498,2,236.38664,5.469690204265121,-0.0662539981108915,0.179201963359689,0.1638037581142487,0.3184635874825267,0.7211305125483934,4,52.586,1,0.675,0.251,1686,1,1,Partial-night transition,C2: Partial-night transition
E01000499,2,3388.93598,8.128566315240422,-0.2619271845908402,0.0895759529809707,0.0496901154208289,0.1499460331011238,0.8017513976614511,4,47.585,1,0.645,0.232,1878,1,1,Partial-night transition,C2: Partial-night transition
E01000501,0,388.86023,5.965788290273194,-0.3002915726300939,0.0511223017072226,0.0335492781043718,0.0828751756926977,0.6996892829425053,4,38.432,2,0.521,0.192,2023,1,2,Low activity / early-stop,C0: Low activity / early-stop
E01000502,0,119.02163,4.787671976538967,-0.326225157561697,0.0428840539320457,0.0309180776636986,0.0581804747925606,0.6072418130161925,5,37.092,2,0.509,0.18,1860,1,2,Low activity / early-stop,C0: Low activity / early-stop
E01000506,3,672.47938,6.512457379197621,-0.0277963318369702,0.1475609110869689,0.0978124712165895,0.2456344125371793,0.7966153387915861,4,44.857,2,0.585,0.231,1650,1,2,Medium activity / continuing,C3: Medium activity / continuing
E01000507,2,521.30056,6.258243207622417,-0.1270077285165395,0.0931961208712302,0.0772091248089202,0.139578021691609,0.747623725704391,4,25.074,4,0.302,0.152,1614,1,4,Partial-night transition,C2: Partial-night transition
E01000508,1,2283.36495,7.733843343475661,-0.1748876148773327,0.1117218209029616,0.0686339956300021,0.18533007328924,0.8638356609783402,4,46.122,1,0.533,0.231,2590,1,1,High activity / full-night,C1: High activity / full-night
E01000510,1,4260.83445,8.357454968638072,-0.0918425521085429,0.0856282998744529,0.0496792828925798,0.1365130177985996,0.8507790033728242,3,55.903,1,0.64,0.232,1621,1,1,High activity / full-night,C1: High activity / full-night
E01000511,3,641.18761,6.4648804884141775,-0.1457882662455066,0.231272185686807,0.1048276338340349,0.4766978194788797,0.9124974203580146,4,40.654,2,0.522,0.214,1795,1,2,Medium activity / continuing,C3: Medium activity / continuing
E01000512,2,120.3281,4.798498446170293,-0.2880949670110307,0.1438410479347716,0.0830584044790867,0.237228692466136,0.6586154476025631,4,25.393,4,0.313,0.138,1689,1,4,Partial-night transition,C2: Partial-night transition
E01000513,1,1715.77807,7.448204598029704,-0.2581971047106342,0.1556208606862541,0.0801823979484712,0.2814652281405838,0.8026675613819895,3,22.625,4,0.277,0.123,1611,1,4,High activity / full-night,C1: High activity / full-night
E01000515,1,2541.5441,7.840920472905033,-0.2169738309872332,0.0772782301908513,0.0482149414601934,0.1194983557068679,0.857987899407687,4,32.041,3,0.372,0.181,1849,1,3,High activity / full-night,C1: High activity / full-night
E01000516,1,3531.07557,8.169640957304702,-0.1190623031610733,0.1229261258772776,0.0693355480919373,0.2034961961349146,0.7832585328215547,2,21.85,4,0.319,0.118,2205,1,4,High activity / full-night,C1: High activity / full-night
E01000518,1,3666.35712,8.207226550839696,-0.0872523187266602,0.1496218486212276,0.0961302263975856,0.2546237684726549,0.8212642614349832,5,22.178,4,0.277,0.117,1915,1,4,High activity / full-night,C1: High activity / full-night
E01000519,1,2677.60249,7.893050478542674,-0.2928293773733382,0.1695041783442619,0.1077360366512058,0.2982649373941394,0.7733059884120324,7,28.75,3,0.371,0.156,1938,1,3,High activity / full-night,C1: High activity / full-night
E01000520,0,1186.20679,7.079358591736384,-0.1961287120941197,0.0593244032939652,0.0339120297903538,0.0894164341845214,0.7064037992043802,4,27.639,3,0.383,0.135,1631,1,3,Low activity / early-stop,C0: Low activity / early-stop
E01000521,1,1823.97593,7.50932207688852,-0.4152766259366153,0.1833995967260379,0.0944608463117164,0.3327489441758583,0.8337882776510575,2,63.042,1,0.694,0.292,2291,1,1,High activity / full-night,C1: High activity / full-night
E01000523,1,3499.87231,8.160767447853084,-0.090843631378083,0.1635936540781969,0.100818346712769,0.2941198801232055,0.9289566876000128,4,46.915,1,0.532,0.217,2293,1,1,High activity / full-night,C1: High activity / full-night
E01000524,1,7327.83193,8.899571427475703,-0.0050528137590623,0.1777616766382359,0.1178735495370456,0.3191800436093026,0.8408180085737618,1,62.133,1,0.655,0.297,2375,1,1,High activity / full-night,C1: High activity / full-night
E01000525,3,3225.46894,8.079143610799264,-0.1513179227824156,0.1163158960693635,0.0738907440851066,0.1944788976732469,0.8039766386585986,4,44.321,2,0.5,0.23,1859,1,2,Medium activity / continuing,C3: Medium activity / continuing
E01000526,1,1649.8745,7.409060426494232,-0.1304481643906855,0.1114514164562213,0.0706525678165218,0.1777231069010178,0.8267581755549098,3,52.215,1,0.609,0.288,2168,1,1,High activity / full-night,C1: High activity / full-night
E01000528,3,607.06211,6.410277031354004,-0.0700976214773147,0.1309785089370839,0.0950831703200847,0.2155935639678248,0.8973599136938862,3,45.225,1,0.569,0.263,1692,1,1,Medium activity / continuing,C3: Medium activity / continuing
E01000530,2,209.01214,5.347165338570372,-0.3028656612960376,0.0762496857838018,0.0412171273879115,0.1058702900269241,0.7334281149096392,2,15.362,6,0.167,0.083,1765,1,6,Partial-night transition,C2: Partial-night transition
E01000531,3,399.98767,5.99393067870416,-0.2148304471485333,0.1218766818487179,0.0590242694231049,0.2181823218914934,0.9745492329932596,2,33.127,3,0.386,0.191,1753,1,3,Medium activity / continuing,C3: Medium activity / continuing
E01000532,3,619.96352,6.431272336246632,-0.4282469716927859,0.1602523322662598,0.0684691899291106,0.2768630653859386,0.7688580178944068,2,24.695,4,0.226,0.132,1484,1,4,Medium activity / continuing,C3: Medium activity / continuing
E01000533,1,3133.76955,8.050310941593189,-0.2724587422198929,0.1431130952178662,0.054702028105417,0.2557337142836093,0.8480795358307734,2,54.744,1,0.658,0.278,2262,1,1,High activity / full-night,C1: High activity / full-night
E01000535,1,3423.43201,8.138690900447584,-0.2225922722502089,0.151654377386043,0.0814510085742874,0.2581470157063273,0.7731968767940309,4,33.209,3,0.411,0.179,2036,1,3,High activity / full-night,C1: High activity / full-night
E01000541,2,3251.85332,8.087287834771216,-0.3878734911696448,0.0894834887571128,0.0543866628031057,0.1373461121821197,0.79647627370107,5,21.055,5,0.264,0.093,1436,1,5,Partial-night transition,C2: Partial-night transition
E01000543,1,9432.34269,9.152005786835518,0.071601975479116,0.099160024263283,0.0552688835778505,0.157773660894183,0.7871600066557619,6,20.547,5,0.23,0.102,1662,1,5,High activity / full-night,C1: High activity / full-night
E01000544,3,732.0941799999999,6.597274179308381,-0.0815984358733735,0.1098820099894797,0.0567941818633225,0.1736972910457927,0.9117698535739468,2,29.701,3,0.443,0.182,1611,1,3,Medium activity / continuing,C3: Medium activity / continuing
E01000545,1,2030.19014,7.616377176105351,0.0991831632085455,0.1445718232086379,0.0552434857160719,0.2637520643183164,0.98614467515188,2,35.665,2,0.443,0.188,1908,1,2,High activity / full-night,C1: High activity / full-night
E01000547,3,462.00313,6.137733814322563,-0.1980982899401569,0.1481489746617084,0.0746383471471286,0.2689476648411938,0.921568562894998,2,21.119,5,0.249,0.125,1648,1,5,Medium activity / continuing,C3: Medium activity / continuing
E01000548,1,3543.92477,8.173272217302404,0.2610664983162156,0.1231271904228373,0.0629974800509097,0.1956477308607556,0.9264601209997138,2,35.64,2,0.419,0.184,1856,1,2,High activity / full-night,C1: High activity / full-night
E01000550,1,4002.10067,8.294824507314873,-0.0715731795922065,0.0969944116873002,0.0516474264501697,0.1593359792856257,0.9055238796574228,3,34.271,2,0.421,0.195,2151,1,2,High activity / full-night,C1: High activity / full-night
E01000551,3,577.05177,6.359663432135499,-0.0211594360069287,0.0828714033751252,0.0544818881675035,0.1210028167052549,0.9180276380983404,2,31.45,3,0.455,0.191,2780,1,3,Medium activity / continuing,C3: Medium activity / continuing
E01000552,3,853.05306,6.749993323006051,-0.2904619555552616,0.1037568753343432,0.0407918471097214,0.1595904134091106,0.8957216804988316,2,27.7,3,0.37,0.162,1426,1,3,Medium activity / continuing,C3: Medium activity / continuing
E01000553,3,2952.17496,7.990636128210963,-0.1246677940795216,0.1224409579031183,0.0816397040370534,0.2203440771984197,0.889796253632652,4,36.359,2,0.386,0.189,2022,1,2,Medium activity / continuing,C3: Medium activity / continuing
E01000554,3,470.72,6.156385589221769,-0.2929501614547926,0.0647417148198504,0.0368284542828008,0.0908363708528205,0.840068216167989,5,27.089,3,0.365,0.146,1985,1,3,Medium activity / continuing,C3: Medium activity / continuing
E01000555,2,343.17345,5.8411457454159486,-0.1066779204510138,0.1003839603559074,0.0740821878848728,0.15310567213171,0.817045771341937,5,21.465,5,0.239,0.118,1581,1,5,Partial-night transition,C2: Partial-night transition
E01000556,1,1561.17029,7.353831344943885,-0.2159186170523396,0.1039547902234291,0.0555376377294497,0.1731708353661744,0.806188260785265,2,42.36,2,0.403,0.195,2021,1,2,High activity / full-night,C1: High activity / full-night
E01000557,3,936.39582,6.843105626336355,-0.0467045015215894,0.0809575912032584,0.0451531596969324,0.1250563103821003,0.9155009718234536,2,31.391,3,0.391,0.163,1874,1,3,Medium activity / continuing,C3: Medium activity / continuing
E01000563,3,494.48347,6.2055339929713975,-0.0735623579085464,0.1529429285067911,0.1031886263053444,0.2572161164312523,0.7956990785686304,5,8.929,8,0.118,0.055,1551,1,8,Medium activity / continuing,C3: Medium activity / continuing
E01000564,2,1732.23104,7.457742598775317,-0.1699646370498013,0.0814110801293573,0.0528459760194575,0.1275864744447791,0.794450051817427,5,26.063,4,0.313,0.105,1649,1,4,Partial-night transition,C2: Partial-night transition
E01000565,1,1981.69019,7.59220988333382,-0.2802030977405202,0.1220525242646531,0.0699141019616189,0.1902616485090524,0.8120701503960157,5,26.28,4,0.315,0.146,1555,1,4,High activity / full-night,C1: High activity / full-night
E01000568,1,5445.08925,8.602653061274227,0.0793054567471047,0.0807101775237201,0.0528678111199003,0.1160133183952176,0.6729304939244597,2,12.431,7,0.088,0.045,2269,1,7,High activity / full-night,C1: High activity / full-night
E01000571,2,1418.83405,7.258295277568737,-0.1892556990720655,0.0607812449947899,0.0346968977802583,0.0911949693848065,0.8252552582312974,4,22.538,4,0.263,0.129,1793,1,4,Partial-night transition,C2: Partial-night transition
E01000574,0,291.29634,5.677768150656665,-0.1501799850969635,0.1026959693348704,0.0870913791776443,0.1514549849008063,0.8051443405622721,7,18.011,5,0.239,0.075,1662,1,5,Low activity / early-stop,C0: Low activity / early-stop
E01000575,2,657.01181,6.489222879492515,0.1259215873151503,0.0761522840814687,0.0516849461199183,0.1149050771913113,0.8015329643253255,5,21.804,4,0.267,0.087,2133,1,4,Partial-night transition,C2: Partial-night transition
E01000576,2,1033.23588,6.941418152843202,-0.212722887633364,0.0518617297726826,0.0266000344471196,0.0759866797060924,0.790180484138024,5,21.008,5,0.284,0.1,1840,1,5,Partial-night transition,C2: Partial-night transition
E01000577,2,411.78917,6.022936978358081,0.106194754951909,0.1113341567482214,0.0810091484436076,0.1751365347329118,0.6785771343497069,5,34.702,2,0.486,0.17,2478,1,2,Partial-night transition,C2: Partial-night transition
E01000578,1,1632.55443,7.398513551575674,0.2185977529704783,0.091363636800765,0.0420860577371377,0.1442949906894605,0.9330557824326404,5,31.683,3,0.398,0.152,2321,1,3,High activity / full-night,C1: High activity / full-night
E01000580,3,522.97258,6.261439354707597,-0.2728066546051037,0.1330950850233868,0.0431812505351619,0.2192163430233428,0.7720079369673642,2,17.965,5,0.254,0.114,2025,1,5,Medium activity / continuing,C3: Medium activity / continuing
E01000581,3,1398.83211,7.244107586983629,0.1749700255307978,0.0570820682690791,0.0245833862077987,0.0860220182033735,0.6949102553133505,5,20.307,5,0.189,0.098,1436,1,5,Medium activity / continuing,C3: Medium activity / continuing
E01000583,1,2910.06276,7.976273503114729,-0.0926256174626282,0.1141269681757654,0.0494768745124933,0.18800086651547,0.7477698139193414,2,21.111,5,0.217,0.126,1960,1,5,High activity / full-night,C1: High activity / full-night
E01000586,1,9738.71512,9.183967147748875,-0.0965064742544804,0.1177840932675315,0.0733884327853713,0.1962688527160892,0.794662241109863,1,27.75,3,0.312,0.129,2381,1,3,High activity / full-night,C1: High activity / full-night
E01000587,0,194.10969,5.2735619132332285,-0.2305900854305625,0.1230768541230476,0.113490624811157,0.1998950924379704,0.6986850692176738,5,17.864,5,0.235,0.084,1618,1,5,Low activity / early-stop,C0: Low activity / early-stop
E01000589,3,670.9105,6.510125147129494,-0.1077292723843195,0.0746260641322501,0.0584218312278612,0.1027831744415954,0.8101966779681485,6,20.271,5,0.269,0.114,2681,1,5,Medium activity / continuing,C3: Medium activity / continuing
E01000590,0,371.34537,5.919821837541948,-0.1179282509971781,0.0899305140117944,0.0644735654035487,0.1414934327599356,0.6115838448798105,5,16.427,6,0.203,0.099,1956,1,6,Low activity / early-stop,C0: Low activity / early-stop
E01000591,1,718.13248,6.578045596658999,0.2296275194237141,0.0858243036159567,0.0456526489374216,0.1232868834310105,0.681926172405884,5,24.333,4,0.265,0.116,2209,1,4,High activity / full-night,C1: High activity / full-night
E01000592,3,1612.37671,7.386084597044772,0.1459663294193824,0.1238500089721588,0.0736940562729909,0.2046980757027573,0.8131916732737136,4,21.79,4,0.272,0.13,1828,1,4,Medium activity / continuing,C3: Medium activity / continuing
E01000594,1,3944.35866,8.280295144229832,0.1137202771514698,0.1222716648186349,0.0779138122292357,0.1973380600306307,0.6594500170391907,5,22.942,4,0.252,0.092,1857,1,4,High activity / full-night,C1: High activity / full-night
E01000595,0,189.32274,5.24872126269645,-0.3109942313321686,0.0509486076527309,0.0316957170596622,0.0836701935024971,0.7634040545527466,2,51.721,1,0.615,0.25,1806,1,1,Low activity / early-stop,C0: Low activity / early-stop
E01000596,0,1075.09212,6.981091350440013,-0.0483155806220587,0.0545850061667273,0.0397571047214075,0.0774468049277169,1.117821648204414,4,51.029,1,0.637,0.248,1798,1,1,Low activity / early-stop,C0: Low activity / early-stop
E01000599,1,1051.1796,6.958619101159699,-0.0830204086913406,0.1501320231100375,0.1004748379820156,0.2559716843716387,0.9462734881945496,2,44.83,2,0.587,0.236,1884,1,2,High activity / full-night,C1: High activity / full-night
E01000601,0,3062.34343,8.027262222650076,-0.0570835094090018,0.066819292047855,0.0349735496518102,0.1039655209240957,0.7104924398243622,4,71.307,1,0.825,0.403,1380,1,1,Low activity / early-stop,C0: Low activity / early-stop
E01000602,2,648.23098,6.475788554772963,-0.044546929861328,0.1205973370788295,0.1043341217662876,0.189875671946134,0.9359698801879742,3,41.9,2,0.479,0.221,1442,1,2,Partial-night transition,C2: Partial-night transition
E01000603,2,638.4891,6.46066957630757,0.1875871647613091,0.1031161534315934,0.0937228059179083,0.1665530274580542,0.8100937542486439,4,54.57,1,0.647,0.282,1428,1,1,Partial-night transition,C2: Partial-night transition
E01000604,0,344.8084,5.845884864452132,-0.4187973958871071,0.0538295180743856,0.0353511109358124,0.0764069394337901,0.6595428149744985,3,47.633,1,0.597,0.245,1710,1,1,Low activity / early-stop,C0: Low activity / early-stop
E01000605,3,976.72327,6.885226674985271,-0.0187602267323886,0.1637984011581909,0.1285042794158062,0.2834242787261902,0.7939248608298864,5,49.815,1,0.577,0.258,1700,1,1,Medium activity / continuing,C3: Medium activity / continuing
E01000606,0,465.12819,6.144460682133384,-0.2447819600011773,0.1212786522356342,0.091145668896138,0.1971780287307455,0.4966894814940273,5,27.566,3,0.327,0.121,1860,1,3,Low activity / early-stop,C0: Low activity / early-stop
E01000608,1,7678.85817,8.946356358523277,-0.1264328352609747,0.1698714680128022,0.104924696115334,0.3052454564372877,0.7836026938950277,5,29.683,3,0.325,0.11,2332,1,3,High activity / full-night,C1: High activity / full-night
E01000609,0,256.69822,5.551789210377964,-0.3488929529780144,0.1028567319243585,0.0609547662621112,0.1730934613198511,0.4888602026272199,4,24.975,4,0.294,0.111,2089,1,4,Low activity / early-stop,C0: Low activity / early-stop
E01000612,1,3377.36567,8.125147341953138,-0.2702044904720074,0.1185862856242036,0.0576685289751287,0.1905833690238647,0.720391543629022,5,29.138,3,0.395,0.116,1736,1,3,High activity / full-night,C1: High activity / full-night
E01000615,0,299.38534,5.705066117101273,0.3979939031082818,0.0316462723258259,0.0087672295510528,0.0406095319541663,0.410527336713378,4,16.482,6,0.186,0.062,3939,1,6,Low activity / early-stop,C0: Low activity / early-stop
E01000616,1,1773.04205,7.481015866083528,-0.1154122599630392,0.101068984799317,0.0489497189308059,0.1647603334404278,0.9200676948556582,2,28.536,3,0.334,0.11,1966,1,3,High activity / full-night,C1: High activity / full-night
E01000620,1,3657.83793,8.204900870515399,-0.1664325051164856,0.1238279056283939,0.0862979678271311,0.207457664415622,0.8174124879525969,5,23.038,4,0.242,0.095,1909,1,4,High activity / full-night,C1: High activity / full-night
E01000621,1,3640.54271,8.200162692272425,-0.0585701382967706,0.2820317413608917,0.1930660689872801,0.5974097766291254,0.8532123061902486,4,30.642,3,0.305,0.096,1789,1,3,High activity / full-night,C1: High activity / full-night
E01000622,0,92.21649,4.534924637371516,0.1785634001033871,0.1586166422079174,0.1559473799100356,0.2765762568351939,0.8939644273100451,5,36.271,2,0.418,0.174,1891,1,2,Low activity / early-stop,C0: Low activity / early-stop
E01000623,1,1240.34372,7.123949717040781,-0.2727566033067027,0.137006820980236,0.0849001678341226,0.2230388554911736,0.7813553693757089,6,18.438,5,0.251,0.104,1841,1,5,High activity / full-night,C1: High activity / full-night
E01000625,1,599.84853,6.39834287282024,-0.0916262143711513,0.2093634204621623,0.1043069656268058,0.3710697452692547,0.7988666735264145,5,29.191,3,0.373,0.151,1673,1,3,High activity / full-night,C1: High activity / full-night
E01000626,1,2384.6359,7.777220992522328,-0.1790165450415302,0.1202452416320663,0.079886074012389,0.2012111694624809,0.8233084708691061,5,45.27,1,0.522,0.244,1529,1,1,High activity / full-night,C1: High activity / full-night
E01000627,1,1347.58246,7.206809290135522,-0.2486101666832321,0.1089767894426289,0.0832854933419065,0.1845106673033493,0.8182111340793512,4,46.043,1,0.518,0.22,2051,1,1,High activity / full-night,C1: High activity / full-night
E01000628,1,2236.43989,7.7130875849836755,-0.1476856371042461,0.1000338757148532,0.0558731582989248,0.1689001213618033,0.8222249949063557,5,49.524,1,0.529,0.247,1819,1,1,High activity / full-night,C1: High activity / full-night
E01000633,1,25083.98083,10.130024572716348,-0.0076080184916965,0.1396718197858709,0.0758494161231584,0.2359682512559276,0.8249592494167516,3,32.926,3,0.381,0.095,2542,1,3,High activity / full-night,C1: High activity / full-night
E01000634,1,3668.57648,8.207831533844502,0.1379115585454552,0.1603349155201474,0.1142693909437046,0.2824600360598437,0.8576664324455624,2,32.289,3,0.426,0.114,2549,1,3,High activity / full-night,C1: High activity / full-night
E01000636,1,2875.68608,7.964394243938157,-0.0079012449091801,0.2611407292412112,0.1555208522621495,0.5109536794441041,0.911203566812811,2,26.275,4,0.328,0.097,2866,1,4,High activity / full-night,C1: High activity / full-night
E01000638,1,6253.75704,8.741097579620641,-0.3213416362590255,0.1381893307450908,0.0675124229002666,0.2417978514143463,0.8023946157089787,4,43.085,2,0.544,0.177,2120,1,2,High activity / full-night,C1: High activity / full-night
E01000640,1,6901.00641,8.839567432373832,-0.0999903070659515,0.1878271302750463,0.1218715169980547,0.3492320693968656,0.92170979411733,2,46.448,1,0.556,0.209,2239,1,1,High activity / full-night,C1: High activity / full-night
E01000642,1,9078.7485,9.11380177297385,-0.0406946970719587,0.1152809586034903,0.0656211470116173,0.1918391347154679,0.8543116595865438,2,35.599,2,0.421,0.176,2192,1,2,High activity / full-night,C1: High activity / full-night
E01000643,1,3512.36754,8.164330269622731,-0.0793853993992895,0.1390795508832199,0.0766402994374557,0.225162442525612,0.7330335868056858,5,52.129,1,0.605,0.298,2197,1,1,High activity / full-night,C1: High activity / full-night
E01000646,0,327.79344,5.795429711644795,-0.2033716110975253,0.0310242328217428,0.0187541275993808,0.0431892852431802,0.6989251154235404,5,6.445,9,0.096,0.059,1832,1,9,Low activity / early-stop,C0: Low activity / early-stop
E01000648,0,193.5433,5.270654760389846,-0.2609179444599736,0.0691225167701491,0.0229756338762437,0.1034814113329247,0.8329184189876411,5,5.987,9,0.084,0.054,1914,1,9,Low activity / early-stop,C0: Low activity / early-stop
E01000649,2,505.81485,6.228145749517309,0.0268820695952283,0.0580659899566017,0.0418938471260778,0.0786771406151668,0.7130449440821405,7,5.557,9,0.083,0.062,2106,1,9,Partial-night transition,C2: Partial-night transition
E01000650,0,163.58397,5.10342089589417,-0.0008840108233098,0.0542087345110893,0.0368181552263342,0.0722089320493338,0.8654226580873662,7,6.518,9,0.114,0.08,1797,1,9,Low activity / early-stop,C0: Low activity / early-stop
E01000651,0,181.6291,5.207457320195312,-0.3921512577004455,0.0343347514247441,0.01196669476422,0.0479669767118808,0.8784546538310802,5,8.832,8,0.109,0.075,1716,1,8,Low activity / early-stop,C0: Low activity / early-stop
E01000653,0,147.26822,4.999022930832089,-0.0662638551616907,0.0375899837724663,0.0248412047079811,0.0459704130046922,0.5565615583147673,7,5.109,10,0.087,0.059,1542,1,10,Low activity / early-stop,C0: Low activity / early-stop
E01000656,0,156.14491,5.057168373282184,-0.1636462565446418,0.027404159379899,0.0119017648413899,0.0391347233305057,0.6987393441918168,7,6.786,9,0.075,0.051,1515,1,9,Low activity / early-stop,C0: Low activity / early-stop
E01000657,0,259.24756,5.561633331850743,-0.1002099306161261,0.0675522654870888,0.0500156684213344,0.101931545740058,0.8252153565509501,6,15.869,6,0.185,0.109,1584,1,6,Low activity / early-stop,C0: Low activity / early-stop
E01000659,0,390.39442,5.969715798345277,-0.3649523986536487,0.0722640195523286,0.0467291002776115,0.1075210955802061,0.6963617457373795,6,8.154,9,0.117,0.066,1392,1,9,Low activity / early-stop,C0: Low activity / early-stop
E01000661,3,1141.87669,7.041303775210392,-0.3036542500924508,0.0758365861728905,0.0470719478475386,0.1120353980812476,0.67184637992341,6,31.033,3,0.36,0.208,2804,1,3,Medium activity / continuing,C3: Medium activity / continuing
E01000662,3,406.76885,6.010700469739756,-0.1029466981063077,0.0867138671016721,0.0551726859124045,0.1328997348787342,0.8101451976216145,7,13.771,7,0.188,0.111,1842,1,7,Medium activity / continuing,C3: Medium activity / continuing
E01000663,3,211.40745,5.358506364082226,-0.1620548850099653,0.060763894555277,0.0232266649070314,0.0856926837611672,0.659720274794648,7,14.155,6,0.197,0.113,1758,1,6,Medium activity / continuing,C3: Medium activity / continuing
E01000665,2,1036.72833,6.944789304999873,-0.2352551222363143,0.1022546957890115,0.064664761307333,0.1565104191003693,0.6839109020791406,7,10.666,8,0.147,0.081,1863,1,8,Partial-night transition,C2: Partial-night transition
E01000666,0,412.68337,6.025100874448132,-0.1385547229586692,0.0373545946375304,0.0273809918727764,0.0543254709465921,0.7850733601871656,7,5.461,10,0.066,0.055,1931,1,10,Low activity / early-stop,C0: Low activity / early-stop
E01000667,2,142.24123,4.964530132080239,-0.3968505474819079,0.0852423731150243,0.0555269382864588,0.1316248383047257,0.6077482206013533,7,3.611,10,0.045,0.038,1671,1,10,Partial-night transition,C2: Partial-night transition
E01000668,1,1998.22717,7.600515969864568,-0.3308857270717623,0.0949622559681239,0.0543876700465443,0.1435553085820342,0.6117476771899851,5,11.502,7,0.135,0.066,2242,1,7,High activity / full-night,C1: High activity / full-night
E01000670,3,608.2915399999999,6.412296872372234,0.1824450164143332,0.1487792679148554,0.0828442065789703,0.2501916429386229,0.7630790404037258,5,4.32,10,0.063,0.048,1962,1,10,Medium activity / continuing,C3: Medium activity / continuing
E01000671,3,736.72797,6.6035751523131525,-0.3325901282124526,0.0989898890359761,0.0630543455544384,0.1638188902860568,0.7112599693334497,5,11.143,7,0.168,0.086,2314,1,7,Medium activity / continuing,C3: Medium activity / continuing
E01000672,3,178.19995,5.188502221522934,-0.1563364636185363,0.1423016111957382,0.0961807228340973,0.2135933141062788,0.7307683754046275,5,7.185,9,0.107,0.06,1689,1,9,Medium activity / continuing,C3: Medium activity / continuing
E01000673,0,137.24093,4.928998032463672,-0.2840162187767162,0.011647472805671,0.0,0.0144346353952202,0.7943857952779195,5,8.618,8,0.096,0.067,1663,1,8,Low activity / early-stop,C0: Low activity / early-stop
E01000674,3,359.18103,5.886606766168988,-0.1061847559154224,0.1071812450674246,0.0816802602297788,0.150519337571298,0.7256915165996811,4,14.283,6,0.217,0.083,1685,1,6,Medium activity / continuing,C3: Medium activity / continuing
E01000676,1,7073.67341,8.864276560315238,0.0718219432186083,0.0762649317732637,0.0435488864335341,0.1143669336490161,0.81521849076563,3,24.089,4,0.261,0.14,2079,1,4,High activity / full-night,C1: High activity / full-night
E01000677,2,329.20535,5.799714733656407,0.0540380343150558,0.0646460028672073,0.0379842854923226,0.0926530023528291,0.7717501671173091,4,12.044,7,0.111,0.068,1906,1,7,Partial-night transition,C2: Partial-night transition
E01000678,3,452.464,6.116915883824293,-0.077203976448955,0.0585083454153258,0.0311301893631316,0.0882386753219248,0.7164902198771982,4,7.022,9,0.092,0.071,1826,1,9,Medium activity / continuing,C3: Medium activity / continuing
E01000679,0,111.66935,4.724457423099347,-0.0597065354101192,0.0213807101053243,0.0125966525282004,0.0281231043227624,0.6513180074937661,5,9.023,8,0.095,0.064,1761,1,8,Low activity / early-stop,C0: Low activity / early-stop
E01000682,2,262.10181,5.5725410675360765,-0.3177619795910605,0.0776069802799148,0.0487053866587186,0.1008090822748863,0.5096933357926381,7,2.488,10,0.048,0.042,1588,1,10,Partial-night transition,C2: Partial-night transition
E01000683,0,193.78978,5.271920925766439,-0.2220096436458104,0.0353201288530282,0.0259665396183431,0.0452575057577908,0.6467426294526494,6,9.006,8,0.131,0.093,1726,1,8,Low activity / early-stop,C0: Low activity / early-stop
E01000684,0,104.68094,4.660424554951196,0.2785429706687769,0.0052924629832326,0.0,0.0062175770393393,0.524883453352361,6,1.21,10,0.044,0.028,2146,1,10,Low activity / early-stop,C0: Low activity / early-stop
E01000685,0,174.86838,5.169735874356556,-0.4066644867413994,0.0268754705682067,0.0014409694880229,0.0364465923765746,0.5010983731528428,7,9.008,8,0.139,0.094,1632,1,8,Low activity / early-stop,C0: Low activity / early-stop
E01000686,2,662.26206,6.497170176041379,-0.2535652125383719,0.0826909063762462,0.0519212892853925,0.1217516995043719,0.6479693697361644,6,7.083,9,0.132,0.071,1521,1,9,Partial-night transition,C2: Partial-night transition
E01000687,0,156.09879,5.056874843131341,0.1540109952165548,0.0485191461125355,0.0291469267634938,0.0697021769724706,0.6690805383653866,6,5.985,9,0.072,0.064,1494,1,9,Low activity / early-stop,C0: Low activity / early-stop
E01000690,0,467.10898,6.148701132057072,-0.3925173093439565,0.0366774151933452,0.0204170769741998,0.0493796868419917,0.5926760996961806,6,4.498,10,0.07,0.061,1418,1,10,Low activity / early-stop,C0: Low activity / early-stop
E01000691,3,524.10598,6.2636001088859565,-0.3862854608146238,0.1451477428286546,0.088339346938953,0.2328354240105425,0.6832218304533126,5,12.472,7,0.18,0.107,1495,1,7,Medium activity / continuing,C3: Medium activity / continuing
E01000692,3,1180.66883,7.074682981043974,0.0424727482642189,0.0614350173028621,0.030138688424594,0.0955792003684312,0.792863300345888,6,9.569,8,0.127,0.063,1609,1,8,Medium activity / continuing,C3: Medium activity / continuing
E01000693,2,814.7957,6.704163955969837,0.1876913685234224,0.0509594122796671,0.0338972824721583,0.0739449001236092,0.7952738184832353,7,7.472,9,0.075,0.057,1459,1,9,Partial-night transition,C2: Partial-night transition
E01000694,0,165.72956,5.116373098571704,0.4164745263307283,0.0511615429377837,0.0260888884276287,0.0721766367957345,0.4534781072836876,7,3.373,10,0.072,0.051,2279,1,10,Low activity / early-stop,C0: Low activity / early-stop
E01000696,3,891.46145,6.793983319443627,-0.1427724440580128,0.0836104578610774,0.0501859727080739,0.1267489335161027,0.8600456476382637,7,4.766,10,0.034,0.034,1648,1,10,Medium activity / continuing,C3: Medium activity / continuing
E01000697,2,781.28617,6.662220619894858,0.3640438048455408,0.0452443564948807,0.0173864206504512,0.0664536292791139,0.6627715684475152,7,5.661,9,0.073,0.044,1773,1,9,Partial-night transition,C2: Partial-night transition
E01000698,0,115.93041,4.761578971517413,-0.2947377655267501,0.060872035214919,0.0486438372813483,0.0817289251175279,0.6347126083517999,7,3.496,10,0.029,0.042,1194,1,10,Low activity / early-stop,C0: Low activity / early-stop
E01000699,2,347.56709,5.853830722433162,-0.0981587468479826,0.0884988852080327,0.0511636472831763,0.135655948926578,0.6781949632209721,6,20.275,5,0.241,0.137,1459,1,5,Partial-night transition,C2: Partial-night transition
E01000700,0,84.9208,4.453425941704173,0.0643500767774208,0.0108392761255193,0.0,0.0143154878592538,0.8961239020341919,5,13.469,7,0.175,0.108,1511,1,7,Low activity / early-stop,C0: Low activity / early-stop
E01000702,3,611.30426,6.417229315833543,0.1619672992300102,0.0601181153228017,0.0338887708716441,0.0890426374181456,0.798553816661623,6,10.236,8,0.142,0.078,1436,1,8,Medium activity / continuing,C3: Medium activity / continuing
E01000703,3,2106.25395,7.653140933356793,0.1219945818974013,0.0584636862046003,0.035509507293743,0.0841648332607452,0.7463161036093756,5,8.442,8,0.129,0.061,1775,1,8,Medium activity / continuing,C3: Medium activity / continuing
E01000704,0,166.69216,5.122129917587265,-0.1527179202669159,0.0332546533682207,0.0130098500133419,0.0473090996763298,0.8192925093743821,6,9.286,8,0.115,0.083,1507,1,8,Low activity / early-stop,C0: Low activity / early-stop
E01000705,2,896.27041,6.799357277052367,-0.3057055180478401,0.0897800809914052,0.0562390986443477,0.13852526882049,0.7649560766442756,6,19.716,5,0.252,0.127,1352,1,5,Partial-night transition,C2: Partial-night transition
E01000706,2,978.21175,6.8867479112775705,-0.0375722229875075,0.0841419253040049,0.0541884924199694,0.1329889511812334,0.8331392522860365,5,13.884,7,0.174,0.105,1422,1,7,Partial-night transition,C2: Partial-night transition
E01000707,0,264.85176,5.582938860203025,-0.0471971188713263,0.0454771378525104,0.0261048671150986,0.0697480495249544,0.810420886480851,6,2.927,10,0.032,0.036,1483,1,10,Low activity / early-stop,C0: Low activity / early-stop
E01000708,2,638.57283,6.460800500382716,0.1012392431416162,0.0721666783098178,0.0433311107207614,0.1084786502793184,0.8401320822887022,6,8.052,9,0.109,0.078,1647,1,9,Partial-night transition,C2: Partial-night transition
E01000710,2,198.81627,5.297398294330526,0.0294698718570668,0.0295343535013507,0.0148566312002533,0.041027746836476,1.0307795480566158,5,6.911,9,0.142,0.06,2455,1,9,Partial-night transition,C2: Partial-night transition
E01000712,2,445.68302,6.101849215546945,0.2786190956972065,0.0467095201428136,0.0114469472047644,0.0688540686238013,0.8445863539408319,5,5.627,9,0.092,0.051,1775,1,9,Partial-night transition,C2: Partial-night transition
E01000714,1,4655.55044,8.44603020407313,0.0935119543028729,0.0588934033759496,0.0325950522834416,0.0879300057922008,0.8372100352276275,4,13.122,7,0.172,0.081,2160,1,7,High activity / full-night,C1: High activity / full-night
E01000715,0,426.21806,6.057294562033309,-0.128903500710411,0.0518463013979276,0.0262397609336404,0.0732903917805874,0.697093382696504,6,5.107,10,0.098,0.053,1739,1,10,Low activity / early-stop,C0: Low activity / early-stop
E01000716,0,128.61697,4.864583716704128,-0.0294862334262734,0.0309646541976536,0.0131352806709721,0.0406038882501487,0.8672003855719225,5,4.23,10,0.075,0.055,1606,1,10,Low activity / early-stop,C0: Low activity / early-stop
E01000717,0,349.12766,5.858297830838096,-0.2205807468821004,0.0435017666603671,0.0135702224223655,0.0619412502942558,0.6960776830477386,6,8.303,9,0.119,0.069,1628,1,9,Low activity / early-stop,C0: Low activity / early-stop
E01000718,2,293.3933,5.684916628443577,-0.3517815164831643,0.0712399703742382,0.0478794846371747,0.1029134266592035,0.80391203876947,6,19.468,5,0.282,0.149,2041,1,5,Partial-night transition,C2: Partial-night transition
E01000719,0,120.50083,4.799921094032991,0.0639022154453209,0.0511434651528956,0.0429753056472723,0.0722080248375274,0.6064867222507898,5,26.435,4,0.31,0.166,2112,1,4,Low activity / early-stop,C0: Low activity / early-stop
E01000722,1,1349.20374,7.208010778563939,-0.1747759608196757,0.1165961117184569,0.0727734715588618,0.1763101364679477,0.7545639752302225,5,21.197,5,0.291,0.147,1891,1,5,High activity / full-night,C1: High activity / full-night
E01000727,3,1195.91469,7.087502433176888,-0.3154074894756916,0.117332976317901,0.0730230096931078,0.1857256271283811,0.7283899293765099,5,14.147,6,0.195,0.104,1663,1,6,Medium activity / continuing,C3: Medium activity / continuing
E01000728,3,250.7266,5.528343577924094,-0.3463815167596897,0.1039212432984773,0.0742669106508842,0.1614277458395019,0.6064515921195113,7,21.282,5,0.258,0.151,1644,1,5,Medium activity / continuing,C3: Medium activity / continuing
E01000730,3,1939.78439,7.570847495082419,-0.0469221788097799,0.0952726091377609,0.0614230430011863,0.1446202725894286,0.6566351639357801,5,36.358,2,0.384,0.233,1841,1,2,Medium activity / continuing,C3: Medium activity / continuing
E01000732,0,154.28855,5.04528499916871,-0.5137206228200344,0.0055573793389075,0.0007029685611796,0.007376096351721,0.7535378715151011,7,9.518,8,0.135,0.091,1505,1,8,Low activity / early-stop,C0: Low activity / early-stop
E01000735,2,444.08119,6.098256714962568,-0.2930342309702421,0.0954030500593821,0.0523097589429536,0.1408833351561693,0.627208035422382,6,26.257,4,0.321,0.18,1580,1,4,Partial-night transition,C2: Partial-night transition
E01000736,0,183.17266,5.215873687180712,-0.4419942364761203,0.0675916919042394,0.0447255611181275,0.0975400521665307,0.6320697088205967,5,22.305,4,0.256,0.166,1670,1,4,Low activity / early-stop,C0: Low activity / early-stop
E01000737,0,305.84267,5.726335140656678,-0.2268586982973958,0.0880724393362116,0.0522352227699293,0.1281445443930152,0.674665748983065,5,29.023,3,0.302,0.208,1372,1,3,Low activity / early-stop,C0: Low activity / early-stop
E01000738,2,527.54795,6.270133529671535,-0.0720459438805515,0.1617117268676714,0.1253290056382552,0.2878933474294531,0.7103788386916542,6,14.498,6,0.181,0.126,1700,1,6,Partial-night transition,C2: Partial-night transition
E01000741,1,2096.7695,7.64862991638091,0.0948258833410157,0.1019453020467915,0.0476327226240175,0.1672995872050462,0.613669634232918,4,21.266,5,0.245,0.127,1781,1,5,High activity / full-night,C1: High activity / full-night
E01000742,0,122.12777,4.8132225967011175,-0.3678402545137768,0.0144086803517332,0.0053173819517051,0.0192368700736744,0.8471725956727317,5,20.597,5,0.26,0.122,2102,1,5,Low activity / early-stop,C0: Low activity / early-stop
E01000743,1,2319.88982,7.749705934229949,-0.2048559702718985,0.1295488981455162,0.0806330578234099,0.2155967003441493,0.6881611713924402,4,39.649,2,0.435,0.237,1796,1,2,High activity / full-night,C1: High activity / full-night
E01000744,3,635.32814,6.455714373683318,-0.0987194743176336,0.1236989912016175,0.0885682161032565,0.1987454544783235,0.8455326419215686,5,43.725,2,0.468,0.275,1541,1,2,Medium activity / continuing,C3: Medium activity / continuing
E01000745,3,1031.79817,6.940027067648601,-0.1627388716923194,0.1132594468548049,0.0675495576814213,0.176842161174528,0.8653495761612876,5,18.253,5,0.236,0.112,1870,1,5,Medium activity / continuing,C3: Medium activity / continuing
E01000747,0,145.55411999999998,4.987394780033651,-0.1187301328193252,0.0405522701796417,0.0201270840014696,0.0571499971146878,0.7800783063869308,7,20.885,5,0.164,0.109,2022,1,5,Low activity / early-stop,C0: Low activity / early-stop
E01000751,2,889.64963,6.791951117811473,-0.2079861596750172,0.0667633841425865,0.044460446749132,0.0862301353432011,0.7476700122720911,6,3.827,10,0.077,0.044,2297,1,10,Partial-night transition,C2: Partial-night transition
E01000752,2,391.87234,5.973484724493475,-0.2927622806958,0.0817616522768613,0.0579298094884676,0.1198934090549691,0.7459542260256271,7,7.611,9,0.099,0.075,1763,1,9,Partial-night transition,C2: Partial-night transition
E01000753,0,157.9351,5.068495942793063,-0.3229421452229428,0.0232638596486784,0.0126322774354782,0.0317547594802845,0.5863699877987661,7,2.632,10,0.044,0.037,1909,1,10,Low activity / early-stop,C0: Low activity / early-stop
E01000754,3,1706.77461,7.442946404282535,-0.1121929567489875,0.0944775361991118,0.0730396909290793,0.1397163154672235,0.6069086472759,6,5.117,10,0.096,0.049,1775,1,10,Medium activity / continuing,C3: Medium activity / continuing
E01000755,3,263.94145,5.579508858178408,-0.2574386478516353,0.0434481207858788,0.0176194379473174,0.0599602689547275,0.672998873315751,5,3.347,10,0.067,0.051,1657,1,10,Medium activity / continuing,C3: Medium activity / continuing
E01000756,2,1961.95538,7.5822064635036,0.1688794777789492,0.0339721946173923,0.0209615470459883,0.0448763051607576,0.8064493546719231,3,4.46,10,0.054,0.047,1707,1,10,Partial-night transition,C2: Partial-night transition
E01000757,3,265.89758,5.586864989303056,-0.2522531419804573,0.037949574418842,0.0241321489274178,0.054853553075883,0.8558549398441615,7,0.89,10,0.031,0.029,1563,1,10,Medium activity / continuing,C3: Medium activity / continuing
E01000760,3,676.87317,6.51896020554482,-0.2178491873152543,0.0738705746011472,0.0443441863709858,0.1072546479364365,0.7991394553754683,6,8.654,8,0.109,0.07,1717,1,8,Medium activity / continuing,C3: Medium activity / continuing
E01000761,0,178.2369,5.188708394521781,-0.3940948254822655,0.0917126027214342,0.0658894987513808,0.1477736594365324,0.778129521289717,7,2.881,10,0.037,0.038,1584,1,10,Low activity / early-stop,C0: Low activity / early-stop
E01000762,3,297.68518,5.699390108992874,-0.2447967345905497,0.0537393900495819,0.0338560354264192,0.0772636565493875,0.4954952017551551,5,5.808,9,0.097,0.057,1752,1,9,Medium activity / continuing,C3: Medium activity / continuing
E01000763,3,399.32923,5.992287283567504,-0.198349642474206,0.0855490843983547,0.0500587447605575,0.1293209996884538,0.6737164543883613,7,2.689,10,0.035,0.041,1426,1,10,Medium activity / continuing,C3: Medium activity / continuing
E01000765,3,1279.70493,7.155165931881945,0.1295136137359414,0.0705963444244916,0.0432985907149705,0.1114224717810695,0.7720510244270429,7,7.735,9,0.095,0.062,1800,1,9,Medium activity / continuing,C3: Medium activity / continuing
E01000766,0,160.95553,5.087321791375829,-0.4334882436161093,0.0481357801126808,0.0290108702695707,0.0703669312152012,0.6240532995958994,7,1.149,10,0.029,0.034,1823,1,10,Low activity / early-stop,C0: Low activity / early-stop
E01000767,3,800.41266,6.686375995431897,0.0483216744722653,0.0424839981916327,0.0206066580706007,0.0640929162223823,0.7600479679639288,6,2.162,10,0.025,0.035,1594,1,10,Medium activity / continuing,C3: Medium activity / continuing
E01000769,0,313.14213,5.749845526808274,0.2283911462184918,0.0295834035490529,0.020370206972789,0.0453115831968838,0.6847437416036767,5,20.739,5,0.164,0.169,1401,1,5,Low activity / early-stop,C0: Low activity / early-stop
E01000770,3,469.70523,6.15423205945648,-0.0013558929288481,0.0416237860498168,0.0247701734128018,0.0536133658069868,0.7680104476202514,6,4.129,10,0.057,0.044,1471,1,10,Medium activity / continuing,C3: Medium activity / continuing
E01000771,2,506.58234,6.229658944060853,-0.1086099053512209,0.0836298399190149,0.0541527562922939,0.1321001400968548,0.6872984264489623,6,4.29,10,0.058,0.047,1675,1,10,Partial-night transition,C2: Partial-night transition
E01000772,3,149.98802,5.017200495919174,-0.2641093602009014,0.1330902294729939,0.0962215515612513,0.210547643851715,0.7194667480143057,6,3.399,10,0.072,0.047,1606,1,10,Medium activity / continuing,C3: Medium activity / continuing
E01000773,0,104.19085,4.655776319334563,-0.176283713972964,0.0244325677350746,0.0134800704668404,0.0326522994753236,0.8373630173559269,6,2.933,10,0.077,0.038,1592,1,10,Low activity / early-stop,C0: Low activity / early-stop
E01000774,2,176.80838,5.180706453577693,-0.3058843704127598,0.0468553583263417,0.018686161821063,0.0603556973465311,0.6108299403736257,5,9.652,8,0.102,0.073,1481,1,8,Partial-night transition,C2: Partial-night transition
E01000775,2,772.61609,6.6510757427852525,0.0681271470802529,0.056334395003345,0.0324645452309956,0.0806276442803222,0.7288342480265184,6,7.29,9,0.131,0.07,2394,1,9,Partial-night transition,C2: Partial-night transition
E01000777,0,201.89183,5.3126729798801104,-0.0328282229152115,0.0507149298711096,0.0357200189824422,0.0740311230733357,0.8400110709703626,6,4.276,10,0.071,0.055,1616,1,10,Low activity / early-stop,C0: Low activity / early-stop
E01000778,2,729.3196,6.59348224655156,-0.1973437708242038,0.0832957320768562,0.0585609107447544,0.1242994865556233,0.7370577183779874,6,12.5,7,0.141,0.098,1631,1,7,Partial-night transition,C2: Partial-night transition
E01000779,2,532.72458,6.279879938115974,-0.1818980081602392,0.0466609218594719,0.0107949590011408,0.0687420666021025,0.7926494081627711,7,13.444,7,0.172,0.094,1402,1,7,Partial-night transition,C2: Partial-night transition
E01000780,2,385.24422,5.956469863698693,-0.402305737383938,0.1009845391061285,0.0505757880027375,0.1653511875184594,0.8232126966576022,5,21.705,4,0.262,0.153,1588,1,4,Partial-night transition,C2: Partial-night transition
E01000781,3,1097.65369,7.001840791005091,-0.3219661294082653,0.1305541094659828,0.0898512079889241,0.2151931080757797,0.7200030907604336,6,32.858,3,0.4,0.221,1600,1,3,Medium activity / continuing,C3: Medium activity / continuing
E01000782,3,236.85516,5.471661916988147,-0.2731639876454453,0.136375242996606,0.1065757233239081,0.2233895069413506,0.7015108727136408,5,37.231,2,0.389,0.245,1510,1,2,Medium activity / continuing,C3: Medium activity / continuing
E01000784,2,225.16377,5.421259382860831,-0.5041704089427886,0.0624194114355075,0.0221364209703896,0.0855499877286512,0.7940995428426791,6,9.069,8,0.131,0.085,1516,1,8,Partial-night transition,C2: Partial-night transition
E01000785,0,179.30955,5.194675096083316,-0.3645092522958203,0.081161711687972,0.0549904899097677,0.1225665564446049,0.6598031065802935,5,27.947,3,0.307,0.197,1596,1,3,Low activity / early-stop,C0: Low activity / early-stop
E01000787,0,289.29819,5.670908636081763,-0.6103609220645315,0.0736074083284102,0.0320523954885441,0.1125074568685109,0.7154971435428338,6,21.496,5,0.256,0.173,1478,1,5,Low activity / early-stop,C0: Low activity / early-stop
E01000788,3,959.42913,6.867380194999156,0.0492335166016899,0.0833408195558957,0.0508008027648691,0.1334267135767199,0.8223443751019569,6,14.284,6,0.196,0.109,1634,1,6,Medium activity / continuing,C3: Medium activity / continuing
E01000789,0,256.00315,5.549088341629444,-0.2112117370430794,0.0915306706187013,0.0668406228595234,0.134355981592102,0.750412606661081,6,47.284,1,0.547,0.308,1846,1,1,Low activity / early-stop,C0: Low activity / early-stop
E01000790,1,8500.56005,9.048004960931983,0.1541930440218465,0.0565886902945882,0.033978200059889,0.0835118453698287,0.7040339542286932,3,13.187,7,0.157,0.087,2359,1,7,High activity / full-night,C1: High activity / full-night
E01000791,0,163.24940999999998,5.101386065273032,-0.1551944965681652,0.064417874465825,0.0391004169632221,0.0873169414551423,0.5737908446518643,5,8.546,8,0.129,0.081,1488,1,8,Low activity / early-stop,C0: Low activity / early-stop
E01000794,0,142.84302,4.968722566053518,-0.1175148775207917,0.0381470512174833,0.0143059142826859,0.0506164168577347,0.7237837043159824,6,1.801,10,0.039,0.046,1525,1,10,Low activity / early-stop,C0: Low activity / early-stop
E01000795,0,146.12796,4.991302684324531,-0.4417045170547785,0.0189063749333118,0.0024223974658922,0.0249671908835389,0.6714785367032323,7,13.338,7,0.212,0.126,1396,1,7,Low activity / early-stop,C0: Low activity / early-stop
E01000797,3,328.62986,5.797970388592063,-0.0377470872549439,0.0637726590030498,0.0267418182876017,0.091383251307909,0.6638827510611586,5,13.853,7,0.114,0.083,1593,1,7,Medium activity / continuing,C3: Medium activity / continuing
E01000798,3,411.93775,6.023296855208416,-0.0518834459818261,0.1609326651903109,0.1116613129046803,0.2835791482347375,0.7873918044628868,5,37.54,2,0.356,0.222,1494,1,2,Medium activity / continuing,C3: Medium activity / continuing
E01000799,1,5482.89244,8.609570427068999,-0.035900394208718,0.1408401712144475,0.0891623144808582,0.2350720212859931,0.8524897426946694,3,24.368,4,0.247,0.129,1843,1,4,High activity / full-night,C1: High activity / full-night
E01000801,3,838.45154,6.732748750015241,-0.1102616616340164,0.1193413754121078,0.079690401665909,0.1852636073972609,0.7423122430998716,3,19.021,5,0.233,0.133,1498,1,5,Medium activity / continuing,C3: Medium activity / continuing
E01000802,2,530.46724,6.275641559005608,0.0224074911770234,0.0679702671177206,0.0374731340619639,0.1017461215852043,0.7396303715063982,3,16.435,6,0.203,0.121,1871,1,6,Partial-night transition,C2: Partial-night transition
E01000805,2,320.17872,5.771997728321213,0.1984830222320833,0.0766557814960344,0.0321612879206962,0.1182594286688969,0.778370042533184,6,22.878,4,0.26,0.126,1660,1,4,Partial-night transition,C2: Partial-night transition
E01000806,1,2527.21412,7.835268451047048,-0.0534576231316719,0.1117042706298269,0.0612680574924929,0.1817181612638792,0.8341011375408041,5,31.96,3,0.389,0.187,1724,1,3,High activity / full-night,C1: High activity / full-night
E01000807,3,1571.14805,7.360198147943865,0.2738515762406986,0.0359108996761953,0.0142726524085365,0.0547166026595245,0.7696443391400687,7,8.578,8,0.107,0.067,1652,1,8,Medium activity / continuing,C3: Medium activity / continuing
E01000809,2,167.73444999999998,5.1283261773585895,0.1198553427754406,0.0476742851572828,0.0325483524702289,0.0748308995837082,0.9786116951177048,7,1.693,10,0.039,0.04,1580,1,10,Partial-night transition,C2: Partial-night transition
E01000813,3,345.25372,5.847171801126145,-0.3150500449350698,0.0556663661726801,0.02113576068058,0.0806358591769335,0.7371597283029425,7,3.001,10,0.048,0.041,1583,1,10,Medium activity / continuing,C3: Medium activity / continuing
E01000819,2,1310.50365,7.178929582375873,-0.3217883368733845,0.0673911820085354,0.0446353430606622,0.0991056927876014,0.7096765528672966,6,25.54,4,0.317,0.172,1831,1,4,Partial-night transition,C2: Partial-night transition
E01000820,0,208.11579,5.342888117691624,-0.1401555835816205,0.0353959687537403,0.0126416164770582,0.0477855015153402,0.7142207779478297,7,20.189,5,0.199,0.152,1648,1,5,Low activity / early-stop,C0: Low activity / early-stop
E01000824,3,1018.10025,6.926675409149111,-0.3176367258528814,0.0810676748188599,0.0557410235386937,0.1240160627170271,0.6716460056076039,5,15.73,6,0.192,0.099,1391,1,6,Medium activity / continuing,C3: Medium activity / continuing
E01000827,3,717.69601,6.577438472768434,-0.4141428764526642,0.0621996909248527,0.0350797547279105,0.0911243844754506,0.7511028226758898,6,6.07,9,0.105,0.059,1774,1,9,Medium activity / continuing,C3: Medium activity / continuing
E01000828,2,336.17035,5.820588292249768,-0.1036115469433874,0.0619742639408859,0.0330582991629095,0.0869103097080662,0.6656639523695858,5,9.09,8,0.12,0.085,1748,1,8,Partial-night transition,C2: Partial-night transition
E01000832,0,378.15909,5.937955879539762,-0.0205771861784414,0.0254005794228032,0.0086654005857693,0.0351381798994507,0.8457380363864014,7,4.363,10,0.054,0.045,1537,1,10,Low activity / early-stop,C0: Low activity / early-stop
E01000834,0,130.17794,4.8765547221289305,-0.3438206196841031,0.0476489334521655,0.0221507576475707,0.0652393572069472,0.6873551696554718,6,2.236,10,0.054,0.035,1362,1,10,Low activity / early-stop,C0: Low activity / early-stop
E01000835,3,1232.15839,7.117333953957172,-0.0161349142783501,0.07326897315531,0.0440935600819956,0.1112434253598025,0.878828083672647,5,11.279,7,0.15,0.081,1747,1,7,Medium activity / continuing,C3: Medium activity / continuing
E01000838,3,257.46781,5.554771160082278,-0.2293478551745944,0.0602267133899185,0.0240949344308323,0.08718500069213,0.6783065722854007,7,3.043,10,0.043,0.041,1362,1,10,Medium activity / continuing,C3: Medium activity / continuing
E01000841,3,94.88638,4.563163948862616,-0.0052384757433047,0.0944730950848794,0.0720378414689231,0.1715949611527603,1.0401007945074296,6,3.503,10,0.045,0.039,1755,1,10,Medium activity / continuing,C3: Medium activity / continuing
E01000843,0,117.30014,4.773224954415594,-0.054687402760133,0.0158919673923662,0.0,0.0212840901332058,0.5772529989475443,2,18.971,5,0.243,0.12,1210,1,5,Low activity / early-stop,C0: Low activity / early-stop
E01000846,3,518.63974,6.253135763781013,-0.0510448736535307,0.0740966359423209,0.0443948047637074,0.1097229583426923,0.755576829918689,2,29.452,3,0.388,0.22,1513,1,3,Medium activity / continuing,C3: Medium activity / continuing
E01000847,3,131.71899,4.888234035847205,0.3951386964020905,0.0319218967591537,0.017617733023917,0.0416486061794204,0.800576594694689,3,21.494,5,0.295,0.161,1590,1,5,Medium activity / continuing,C3: Medium activity / continuing
E01000848,3,553.0741,6.317298432315582,0.5802392120694134,0.0091043677510843,0.0024559457765243,0.0117054054583692,0.7806666410104547,2,7.673,9,0.081,0.054,1539,1,9,Medium activity / continuing,C3: Medium activity / continuing
E01000849,1,1214.10609,7.102586668835181,-0.3329309302780945,0.0805589814642969,0.0380981780595466,0.1177926750933577,0.7574182124033322,2,11.708,7,0.114,0.066,1388,1,7,High activity / full-night,C1: High activity / full-night
E01000850,1,4547.27438,8.42250318286596,-0.2848700148153364,0.254933101265818,0.1576688253414785,0.4817771211769342,0.8115082854230511,1,14.654,6,0.092,0.048,1531,1,6,High activity / full-night,C1: High activity / full-night
E01000855,1,24097.55867,10.089907311466217,0.1342572131187595,0.2698931746184229,0.1312178313704672,0.5799244793709462,0.890037237690301,1,17.036,6,0.082,0.102,1790,1,6,High activity / full-night,C1: High activity / full-night
E01000856,1,4464.26053,8.404082840992439,0.1007036141772846,0.1433208043527871,0.0819262311288091,0.2353909450819294,0.953944182275712,2,31.872,3,0.392,0.164,1640,1,3,High activity / full-night,C1: High activity / full-night
E01000858,1,1851.70827,7.524403777301604,0.1800763950792314,0.1182346666302894,0.0387028891975516,0.1964365398123216,0.983712710015884,1,36.258,2,0.395,0.207,1960,1,2,High activity / full-night,C1: High activity / full-night
E01000861,1,5390.18238,8.592520005337603,0.0785009986990458,0.139797718681274,0.0725642014361673,0.2470435724376536,0.9489847656745908,2,30.906,3,0.245,0.156,1425,1,3,High activity / full-night,C1: High activity / full-night
E01000862,0,314.24667,5.753355411744037,0.0839290675697533,0.0276498077131573,0.0176425735871759,0.0385175816154557,1.0607084007578096,1,8.933,8,0.098,0.062,1748,1,8,Low activity / early-stop,C0: Low activity / early-stop
E01000863,1,19175.90748,9.861462098732494,0.0486700241421898,0.1672748475317529,0.0693113904197873,0.3023716160204459,0.9338654693279898,1,35.691,2,0.254,0.187,1508,1,2,High activity / full-night,C1: High activity / full-night
E01000867,1,1605.2843,7.381678902501138,-0.1003874391595308,0.1203950540100591,0.0400382038247056,0.2148636105394896,0.7482769829998765,3,27.883,3,0.334,0.161,1832,1,3,High activity / full-night,C1: High activity / full-night
E01000868,3,312.47344,5.747714635590816,0.4610628026497229,0.2278366762947916,0.1642657372735423,0.4096276574076226,0.6898172232095687,2,39.805,2,0.494,0.226,1797,1,2,Medium activity / continuing,C3: Medium activity / continuing
E01000869,1,1919.756,7.560474137522639,-0.3536606110359858,0.1242391585180616,0.0475726238126095,0.2195747201140943,0.7886266433068031,2,24.0,4,0.268,0.13,1956,1,4,High activity / full-night,C1: High activity / full-night
E01000871,3,1059.19328,6.966206510106906,-0.3152734314930699,0.0776153243721485,0.0257423649817717,0.1230014383198499,0.6786094207810099,4,16.839,6,0.204,0.116,1634,1,6,Medium activity / continuing,C3: Medium activity / continuing
E01000872,1,2581.22653,7.856407301872642,-0.1208791194316447,0.1216511090175413,0.0466913959698066,0.2114818518858107,0.8798057433946702,2,34.378,2,0.384,0.192,1789,1,2,High activity / full-night,C1: High activity / full-night
E01000873,0,102.96531,4.6440572858063245,-0.0184925388948957,0.0086651513990488,0.0031497987040489,0.0118656007694334,0.8399822750413842,4,10.707,8,0.136,0.068,1602,1,8,Low activity / early-stop,C0: Low activity / early-stop
E01000874,3,309.50734,5.738207540385595,0.0359652859928944,0.055598390655291,0.0296312197313317,0.0786573394992345,0.6604412376616527,2,9.876,8,0.115,0.062,1479,1,8,Medium activity / continuing,C3: Medium activity / continuing
E01000875,3,1411.94503,7.253431478884614,-0.2820965275114145,0.0685992499297228,0.033290106201939,0.1077620619468277,0.8843983003084289,4,27.366,3,0.324,0.163,1609,1,3,Medium activity / continuing,C3: Medium activity / continuing
E01000876,1,4958.24915,8.509009627211318,0.1637081004692957,0.0934279532927465,0.0490280505569188,0.1622701675646365,0.8209705169187572,2,29.96,3,0.395,0.187,1995,1,3,High activity / full-night,C1: High activity / full-night
E01000877,3,794.08182,6.678445027597607,0.1032760578752451,0.0849674407607014,0.0400957422750214,0.130402306299297,0.6824623990386885,2,13.668,7,0.16,0.076,1579,1,7,Medium activity / continuing,C3: Medium activity / continuing
E01000879,0,161.69567,5.091881400471956,0.1313360462899222,0.0229998737752223,0.0127843868670076,0.0326486645930834,0.8424293590936126,2,6.581,9,0.073,0.053,1273,1,9,Low activity / early-stop,C0: Low activity / early-stop
E01000880,3,472.02007,6.159137818881392,-0.0505335927771037,0.0475899255724444,0.0233381601761128,0.0699570290302331,0.5195386049589804,5,6.923,9,0.056,0.042,1442,1,9,Medium activity / continuing,C3: Medium activity / continuing
E01000881,3,1336.49231,7.198551729220923,0.0326369928757764,0.0684465367406416,0.0328660701384806,0.1072245877990528,0.8264000240251975,2,15.592,6,0.168,0.093,1472,1,6,Medium activity / continuing,C3: Medium activity / continuing
E01000883,1,1869.9055,7.534177817248664,-0.0899026822478462,0.0814187401448896,0.0396855990850874,0.1248362616851642,0.7868057428514535,2,10.52,8,0.092,0.046,1625,1,8,High activity / full-night,C1: High activity / full-night
E01000884,3,781.47993,6.662468273523078,-0.0394881158368328,0.0988178288852536,0.0438432884642347,0.1610071853048912,0.7519573730808634,6,7.625,9,0.096,0.059,1485,1,9,Medium activity / continuing,C3: Medium activity / continuing
E01000886,0,456.97609,6.126816977511269,-0.1094159871690442,0.020440544274428,0.0072203777663728,0.0269170057356882,0.8076092533217731,3,13.117,7,0.129,0.089,1302,1,7,Low activity / early-stop,C0: Low activity / early-stop
E01000887,3,1203.8888,7.094142559508819,0.0133685768984643,0.055433076543282,0.0290786075923291,0.0774996147099049,0.813001366912686,2,14.707,6,0.161,0.093,1385,1,6,Medium activity / continuing,C3: Medium activity / continuing
E01000888,3,1211.9629,7.100821323150671,-0.492115889025976,0.0791804683130151,0.0382812625700011,0.1230036221315947,0.733093109539482,4,16.298,6,0.203,0.121,1469,1,6,Medium activity / continuing,C3: Medium activity / continuing
E01000890,3,648.2570000000001,6.475828632155896,-0.3832828955182897,0.1083890494047885,0.0486223982155225,0.1755522338150012,0.8042051061839839,2,52.0,1,0.614,0.327,1301,1,1,Medium activity / continuing,C3: Medium activity / continuing
E01000895,3,960.99013,6.869004190737813,0.214102542343489,0.076663420049902,0.0311689777708747,0.1115690581394526,0.8485756929771575,2,14.624,6,0.158,0.078,1546,1,6,Medium activity / continuing,C3: Medium activity / continuing
E01000896,3,198.21975,5.294408486822145,0.3892110145432026,0.0868342332184356,0.0540763470844857,0.1327638017850645,0.9665482742991788,1,5.44,10,0.037,0.03,1478,1,10,Medium activity / continuing,C3: Medium activity / continuing
E01000898,1,2741.91692,7.916777202473079,0.0596891316458997,0.067889277987314,0.0415387348789546,0.0947948671100512,0.7731692221414496,2,15.274,6,0.206,0.11,1655,1,6,High activity / full-night,C1: High activity / full-night
E01000899,3,645.62966,6.471773734947624,0.2737788409534965,0.0549203702940165,0.023084751093994,0.0805066351150789,1.1834502281444823,7,8.541,8,0.041,0.027,1592,1,8,Medium activity / continuing,C3: Medium activity / continuing
E01000900,3,800.97425,6.687076500119146,-0.1850545757245005,0.1347130822245534,0.077485487205113,0.2347693819016127,0.8729961240153278,2,27.732,3,0.315,0.174,1624,1,3,Medium activity / continuing,C3: Medium activity / continuing
E01000902,0,96.66333,4.581526155942836,0.0508640660320723,0.0543523588521107,0.038117246736689,0.0848265778362173,0.8170607584733303,2,38.816,2,0.503,0.212,1428,1,2,Low activity / early-stop,C0: Low activity / early-stop
E01000904,1,2034.25353,7.618375674883243,0.2099005869735421,0.0768624400519044,0.0369538353461773,0.1139930147845423,1.045982176180697,2,33.102,3,0.384,0.195,2013,1,3,High activity / full-night,C1: High activity / full-night
E01000905,3,895.67623,6.798694849298409,-0.3937941168763627,0.0914548552885008,0.0361572060475468,0.1530091192859325,0.7873942176426932,2,43.27,2,0.562,0.246,1979,1,2,Medium activity / continuing,C3: Medium activity / continuing
E01000906,1,1250.79776,7.13233600506577,-0.1516863125818197,0.101912038921464,0.0435727835009874,0.1608055430964572,0.7280559084155341,2,11.644,7,0.141,0.063,1461,1,7,High activity / full-night,C1: High activity / full-night
E01000908,0,130.24945,4.877099710986762,-0.0674234708860574,0.0169024897993811,0.0074701275130144,0.0214035828645338,0.901852476494521,2,30.277,3,0.357,0.24,1491,1,3,Low activity / early-stop,C0: Low activity / early-stop
E01000909,3,1472.69243,7.295526387475347,-0.1997564488058107,0.0463660494268989,0.0247537769987722,0.0659922722383351,0.8127132713203934,5,13.738,7,0.136,0.103,1613,1,7,Medium activity / continuing,C3: Medium activity / continuing
E01000912,1,1860.75677,7.52927582094778,-0.2810588135062918,0.0755514220163229,0.0296404994404507,0.1156502793530015,0.7219822280988942,5,31.912,3,0.389,0.208,1552,1,3,High activity / full-night,C1: High activity / full-night
E01000913,3,341.58201,5.836511074295315,-0.4845339191018872,0.0720239921300305,0.0320056375334286,0.1033939747471266,0.7941070323797633,5,11.421,7,0.027,0.041,1612,1,7,Medium activity / continuing,C3: Medium activity / continuing
E01000914,1,25352.21489,10.14066082109668,0.0422020645786661,0.2016630835681592,0.1131633185679423,0.3840122968099299,0.6724912249057683,1,22.498,4,0.163,0.177,1841,1,4,High activity / full-night,C1: High activity / full-night
E01000916,3,1057.40094,6.964514500933382,-0.2363010382797654,0.1391501978426461,0.0755037914000719,0.244489067497786,0.7378061627240028,1,24.79,4,0.266,0.128,1979,1,4,Medium activity / continuing,C3: Medium activity / continuing
E01000917,3,397.72553,5.988273285444877,0.1065021649477719,0.1079116042663894,0.0452250575918523,0.181897419555617,0.6865389487360964,1,47.877,1,0.522,0.297,1652,1,1,Medium activity / continuing,C3: Medium activity / continuing
E01000918,1,3939.51111,8.279065717228887,0.2042620791085927,0.3412919883858381,0.161452196031502,0.7810084452804641,0.8108093140473516,1,23.524,4,0.227,0.126,2005,1,4,High activity / full-night,C1: High activity / full-night
E01000919,1,8254.93911,9.0186881124519,0.3526459094620748,0.2793035974313807,0.1135899087207198,0.6198901684153646,0.981327124640907,1,27.195,3,0.267,0.125,1607,1,3,High activity / full-night,C1: High activity / full-night
E01000920,2,734.77746,6.600927708877191,0.0492004749301917,0.0718128588212273,0.0386199380694122,0.1126854987829707,0.6880150311470621,1,17.863,5,0.293,0.1,1828,1,5,Partial-night transition,C2: Partial-night transition
E01000921,3,610.91186,6.416588252532663,0.219325157642217,0.1048710365518194,0.0537068309657632,0.1727939228026276,0.788782355741242,2,18.164,5,0.185,0.097,1928,1,5,Medium activity / continuing,C3: Medium activity / continuing
E01000922,1,1345.59842,7.20533700278508,0.0531367746403864,0.1265947458529269,0.0553476868678249,0.2018596513905229,0.7796004667275911,2,26.567,4,0.307,0.154,1794,1,4,High activity / full-night,C1: High activity / full-night
E01000924,3,498.21665,6.213040169864391,-0.4927486666694098,0.0981876258049585,0.0430129543041164,0.1580020609929231,0.6838109168810501,3,15.602,6,0.186,0.101,1576,1,6,Medium activity / continuing,C3: Medium activity / continuing
E01000926,1,2368.5713,7.770464331691368,-0.2561831260895545,0.1357333427117013,0.0547731157596986,0.2383748442258536,0.7835616474285796,3,24.137,4,0.295,0.157,1487,1,4,High activity / full-night,C1: High activity / full-night
E01000927,1,2053.99366,7.628028041767425,-0.0671416678082638,0.0838390416453378,0.0330840213012147,0.1333609444135596,0.7462640994679576,4,19.439,5,0.179,0.109,1495,1,5,High activity / full-night,C1: High activity / full-night
E01000928,1,1777.98343,7.483797373400985,0.0619718880057279,0.1313707124930855,0.0733376857173522,0.2172509059362391,0.7675904083776615,2,22.474,4,0.248,0.139,1711,1,4,High activity / full-night,C1: High activity / full-night
E01000929,1,1509.39992,7.320129742425133,-0.2315744259480284,0.0873098297235897,0.0450486177314757,0.1498191325398962,0.8666031471711433,3,34.655,2,0.461,0.197,1952,1,2,High activity / full-night,C1: High activity / full-night
E01000930,1,5181.37185,8.553018116556064,-0.2057568035770295,0.1853952288716742,0.076374198080379,0.3285754788063683,0.9217962327117968,2,37.556,2,0.459,0.21,2183,1,2,High activity / full-night,C1: High activity / full-night
E01000931,1,5125.93942,8.542264155837161,0.0457823631477876,0.1566772164466977,0.0671136804031913,0.2887093245552511,0.9280825880786336,2,46.652,1,0.537,0.249,2089,1,1,High activity / full-night,C1: High activity / full-night
E01000932,3,462.27882,6.138329075858515,-0.2675788607403644,0.0894502802442906,0.0366321779570173,0.1372965518688561,0.8138932084155773,2,23.42,4,0.229,0.121,1794,1,4,Medium activity / continuing,C3: Medium activity / continuing
E01000933,1,4432.57832,8.396962284165326,-0.0861897641551429,0.1016920305651813,0.0486004520276587,0.167218757135539,0.8138463178092706,1,28.337,3,0.332,0.151,1777,1,3,High activity / full-night,C1: High activity / full-night
E01000934,3,378.5602,5.939013214031333,0.0053361129881059,0.142435205814029,0.0672326356547782,0.254746396931797,0.8618673459307437,3,42.595,2,0.535,0.27,1475,1,2,Medium activity / continuing,C3: Medium activity / continuing
E01000935,3,715.15352,6.573894557385198,-0.2201119837877607,0.1604629171090425,0.0716439317812488,0.2853107537071053,0.8777623792636059,3,35.936,2,0.485,0.227,1590,1,2,Medium activity / continuing,C3: Medium activity / continuing
E01000938,3,858.8502,6.756758188028891,0.0355360457504696,0.1196176120119667,0.0654516119341882,0.2057427094880044,0.7016303161163541,1,43.496,2,0.408,0.21,1404,1,2,Medium activity / continuing,C3: Medium activity / continuing
E01000939,1,11180.3003,9.32199804584948,0.1921928376109898,0.1807580955584887,0.0838638404014962,0.3489806255923843,0.9273699950388864,2,41.454,2,0.421,0.186,1607,1,2,High activity / full-night,C1: High activity / full-night
E01000942,1,2127.6218,7.663230007027769,-0.0636408500796523,0.092415621046936,0.0436900627733744,0.1557335048809352,0.7327965056707479,3,22.208,4,0.183,0.11,1040,1,4,High activity / full-night,C1: High activity / full-night
E01000946,1,9870.06491,9.19736302022445,0.23994266214,0.1537031583716301,0.0711154786113762,0.2887718009972842,0.7453730984060147,1,21.102,5,0.297,0.12,1664,1,5,High activity / full-night,C1: High activity / full-night
E01000947,1,6018.30144,8.702726491702611,-0.1213922711056493,0.1741280559718856,0.0679984367815248,0.3379172796865737,0.9016103318799518,2,32.466,3,0.281,0.146,1785,1,3,High activity / full-night,C1: High activity / full-night
E01000948,3,214.20399,5.371586369007942,0.4726580023089205,0.0781114768216969,0.0270809614704189,0.1084143751542131,0.7075625493910379,2,30.881,3,0.288,0.164,1540,1,3,Medium activity / continuing,C3: Medium activity / continuing
E01000954,3,499.14743,6.214902914959525,0.0987169462136668,0.1290338006949169,0.0622528498243494,0.2169464622966668,0.8042082180773831,2,43.102,2,0.531,0.226,1824,1,2,Medium activity / continuing,C3: Medium activity / continuing
E01000956,1,6296.82369,8.747959406667652,0.1101526585699908,0.1916650805892264,0.0974733786773693,0.3634662670228276,0.8378179520037987,1,43.756,2,0.416,0.211,1634,1,2,High activity / full-night,C1: High activity / full-night
E01000958,3,160.47009,5.084319924272454,-0.1426791123504698,0.0440441580110037,0.0271827603511657,0.0675545129995533,0.7550211375567153,2,22.969,4,0.261,0.124,3326,1,4,Medium activity / continuing,C3: Medium activity / continuing
E01000959,3,276.90398,5.627275658344356,0.3450669795356498,0.1861992016149425,0.0818119696221051,0.3439279843978914,0.8331370647410967,3,39.385,2,0.443,0.193,1747,1,2,Medium activity / continuing,C3: Medium activity / continuing
E01000960,1,1130.20514,7.031038838979227,0.0896319052309388,0.1095313103955623,0.0463411182150525,0.1692539590144957,0.8245596287030837,2,18.194,5,0.224,0.099,1918,1,5,High activity / full-night,C1: High activity / full-night
E01000963,1,4334.2734,8.374539955276687,-0.0757168987078664,0.0984702649352945,0.0530524701095228,0.1572307400820674,0.7543304009378303,3,10.99,8,0.107,0.057,2010,1,8,High activity / full-night,C1: High activity / full-night
E01000969,1,2124.33137,7.661683008024852,0.0443585550403089,0.0811199855322006,0.0405102853609886,0.1238823524565635,0.7934133979088379,1,11.088,8,0.09,0.055,1812,1,8,High activity / full-night,C1: High activity / full-night
E01000972,1,4341.65955,8.376242238948656,0.1886922962441861,0.0719880604180491,0.0303345433890596,0.1116388444120071,0.6479767504580898,1,33.353,3,0.371,0.192,1986,1,3,High activity / full-night,C1: High activity / full-night
E01000973,1,3773.39163,8.235994491079946,-0.0387739689770817,0.0753844519446289,0.0302181435643879,0.1185958583535777,0.7659433784079824,2,21.503,5,0.238,0.121,2699,1,5,High activity / full-night,C1: High activity / full-night
E01000974,1,3305.43689,8.103626420285051,0.1592543399005872,0.0626559141475546,0.023250372812291,0.0995620700288465,0.9645987213106748,2,34.573,2,0.39,0.204,1591,1,2,High activity / full-night,C1: High activity / full-night
E01000975,2,2875.17734,7.964217378970511,0.5843483240585082,0.0741634496882894,0.0423041557499197,0.1223068152290401,0.8587999845215052,2,17.838,5,0.279,0.128,2353,1,5,Partial-night transition,C2: Partial-night transition
E01000976,2,1676.68005,7.425167195425924,-0.2509038441770688,0.0661289731454728,0.0383085908369936,0.099813072498556,0.7719668952395693,2,34.127,2,0.347,0.188,2148,1,2,Partial-night transition,C2: Partial-night transition
E01000977,2,483.24377,6.182588436948797,-0.0840587970746109,0.0743132601585324,0.0576463717266339,0.1159251521776232,0.9327991204264136,3,29.52,3,0.361,0.174,1943,1,3,Partial-night transition,C2: Partial-night transition
E01000978,3,656.9724,6.489162985156836,-0.1420087053885368,0.0966879582764816,0.0691379576980707,0.1456959663607115,0.8322668261722707,3,22.4,4,0.253,0.138,1757,1,4,Medium activity / continuing,C3: Medium activity / continuing
E01000979,2,502.32662,6.221239303303568,-0.3010151442899841,0.0614832636184003,0.045203696351987,0.0966110337544024,0.7578414861164245,3,20.195,5,0.236,0.129,1713,1,5,Partial-night transition,C2: Partial-night transition
E01000980,0,376.3212,5.933096814100988,-0.4726296578561079,0.0566890996308472,0.0329735343105836,0.0880334404192531,0.7152435071288762,5,27.253,3,0.325,0.157,1508,1,3,Low activity / early-stop,C0: Low activity / early-stop
E01000981,2,229.63922,5.440854671430568,-0.2363102435202489,0.1340633363934958,0.094938791378929,0.2175925078437327,0.7694296811843392,5,19.125,5,0.232,0.112,1769,1,5,Partial-night transition,C2: Partial-night transition
E01000982,2,119.23966,4.789486917762744,0.1859003958917695,0.1350914620185934,0.0932644390297657,0.2169650516536314,0.7583845226282963,4,22.168,4,0.278,0.132,1662,1,4,Partial-night transition,C2: Partial-night transition
E01000983,2,459.98776,6.133371491668027,-0.1566256893444294,0.0577411668519179,0.0355997733504908,0.0913726146398164,0.9356092756808932,5,14.624,6,0.162,0.079,1844,1,6,Partial-night transition,C2: Partial-night transition
E01000984,2,431.45472,6.069477627249554,-0.400628598987166,0.1152311649296593,0.0882567932041628,0.1837842551509612,0.6968629855564117,2,33.796,2,0.345,0.194,1874,1,2,Partial-night transition,C2: Partial-night transition
E01000985,0,165.86428,5.117180787390682,0.014693941335651,0.0440847782295259,0.0331573500937031,0.0590780575386697,0.7541288173158162,6,8.496,8,0.12,0.076,1480,1,8,Low activity / early-stop,C0: Low activity / early-stop
E01000992,2,969.8275,6.878148800604103,-0.1778647646102013,0.0725798556959871,0.0555653247613622,0.1090338096798746,0.7574603025022959,6,31.418,3,0.364,0.22,1772,1,3,Partial-night transition,C2: Partial-night transition
E01000993,0,390.96439,5.971170993827358,-0.0743116527824951,0.0737444911542967,0.0429380281922862,0.1151219667627125,0.759077260281737,3,15.07,6,0.191,0.095,1601,1,6,Low activity / early-stop,C0: Low activity / early-stop
E01000994,0,209.57891,5.349860452235143,-0.341176361686393,0.1172099330032778,0.088666984669402,0.1883403722471641,0.6559405438188574,5,20.865,5,0.269,0.145,1586,1,5,Low activity / early-stop,C0: Low activity / early-stop
E01000995,3,1315.21611,7.182516315728302,-0.3670252411978135,0.1440051855812502,0.0666127789447469,0.2491500293741081,0.8109798882479089,4,24.866,4,0.3,0.139,1751,1,4,Medium activity / continuing,C3: Medium activity / continuing
E01000997,3,818.97832,6.709277900884391,-0.2475521696349666,0.1745281731023111,0.1095965153265595,0.2979003636396831,0.7310674698750266,3,23.466,4,0.311,0.158,1532,1,4,Medium activity / continuing,C3: Medium activity / continuing
E01000998,0,462.86424,6.139591923207664,-0.3180575799072316,0.1329636525820184,0.0828807384212701,0.2177233170236915,0.7763471052146985,4,38.107,2,0.444,0.231,1471,1,2,Low activity / early-stop,C0: Low activity / early-stop
E01001000,1,1476.61038,7.298181453765608,-0.0150007072278606,0.1831679660818854,0.1295396894067614,0.3226112198345917,0.8654459059464613,2,31.163,3,0.353,0.172,1379,1,3,High activity / full-night,C1: High activity / full-night
E01001003,0,490.81333,6.198099233928802,-0.3697265720146597,0.0705178280304652,0.0390729404191202,0.1060863477668239,0.7115686806251978,5,24.807,4,0.367,0.151,1608,1,4,Low activity / early-stop,C0: Low activity / early-stop
E01001004,0,448.32162,6.107738934215102,-0.4796822424044595,0.0558341799353776,0.0382784573271304,0.0862368101881494,0.659837751620008,4,26.857,3,0.373,0.177,2183,1,3,Low activity / early-stop,C0: Low activity / early-stop
E01001006,1,781.10844,6.661993401008231,-0.3562758328408281,0.1509095203221719,0.0797806127917399,0.2688991885646301,0.787258046388251,4,27.954,3,0.386,0.162,1833,1,3,High activity / full-night,C1: High activity / full-night
E01001008,3,536.29979,6.2865562068915954,-0.1803607456195349,0.1754402141384392,0.1284960973040843,0.3014452486383333,0.7687036634962232,4,31.608,3,0.376,0.196,1697,1,3,Medium activity / continuing,C3: Medium activity / continuing
E01001010,3,1082.45601,6.987911220244508,0.2568606644809521,0.0944347567528402,0.0606918150881715,0.1604487924573388,0.8687524595869055,4,33.938,2,0.438,0.219,1755,1,2,Medium activity / continuing,C3: Medium activity / continuing
E01001011,1,4122.17222,8.324378102389955,-0.139177295217423,0.147547537448593,0.0839780561133372,0.2510549410580379,0.9064053676940635,1,43.978,2,0.557,0.209,2369,1,2,High activity / full-night,C1: High activity / full-night
E01001013,1,8474.94996,9.04498801564259,0.1458351076800929,0.0964252832001382,0.0507509875609932,0.1484817438039141,0.8776216766700525,1,47.906,1,0.493,0.266,2186,1,1,High activity / full-night,C1: High activity / full-night
E01001015,3,192.69182,5.26626833926826,0.2791317244291947,0.0724290735330643,0.0371207246887802,0.1002078831310948,0.5625274603600329,6,24.758,4,0.339,0.167,1456,1,4,Medium activity / continuing,C3: Medium activity / continuing
E01001016,0,327.21329,5.793663671437609,-0.5184041577284346,0.0578065762548947,0.0335279169131547,0.0917471206853449,0.7505049014208781,6,8.572,8,0.118,0.082,1741,1,8,Low activity / early-stop,C0: Low activity / early-stop
E01001018,3,722.77949,6.584486774171094,-0.3222498607424513,0.0725877265831104,0.0413111888385211,0.1094459817805592,0.6104475089104111,7,4.381,10,0.058,0.054,1662,1,10,Medium activity / continuing,C3: Medium activity / continuing
E01001019,2,163.38962999999998,5.102239402773707,-0.3343797889743676,0.0935281510827829,0.075466050079188,0.1430479167222466,0.659322030290452,7,4.289,10,0.07,0.056,1477,1,10,Partial-night transition,C2: Partial-night transition
E01001020,3,366.0204,5.905417432340798,-0.1489748658817923,0.1152957321504484,0.0854400191901872,0.1766572848447959,0.767938950548703,6,8.195,9,0.114,0.079,1576,1,9,Medium activity / continuing,C3: Medium activity / continuing
E01001021,3,208.96142,5.346923799554218,-0.4529257123156991,0.0656229748055885,0.0354608042001245,0.0893734246194287,0.6706953679300895,7,35.666,2,0.431,0.229,1374,1,2,Medium activity / continuing,C3: Medium activity / continuing
E01001023,1,3017.56411,8.012536537036942,-0.040516776294771,0.0866147761811761,0.047468737954999,0.1404477624804886,0.7560609470197798,6,19.391,5,0.26,0.137,2710,1,5,High activity / full-night,C1: High activity / full-night
E01001026,0,202.94137,5.317832550575574,-0.4692078800887172,0.0223138337934744,0.0005375936902367,0.0307436537071344,0.7578638895586349,7,13.459,7,0.189,0.104,1879,1,7,Low activity / early-stop,C0: Low activity / early-stop
E01001027,0,134.16772,4.906516377705329,-0.2761024783010399,0.0012492572729118,0.0,0.0015194245386927,0.6294159043519911,7,4.06,10,0.103,0.055,3035,1,10,Low activity / early-stop,C0: Low activity / early-stop
E01001029,3,539.57202,6.292627875196195,-0.3090043475567913,0.0485264413821902,0.0237865558707065,0.0719241363063704,0.8198041500844833,5,13.948,7,0.185,0.101,1759,1,7,Medium activity / continuing,C3: Medium activity / continuing
E01001032,0,116.65083,4.767721169972115,0.0702663667288093,0.0469862066133605,0.0456159634697841,0.0607198513648833,0.8365892867373246,7,3.098,10,0.045,0.044,1601,1,10,Low activity / early-stop,C0: Low activity / early-stop
E01001033,1,677.40854,6.519749672841856,-0.2085666354309616,0.1019977840846234,0.0489976550930403,0.1687153226877109,0.8105950347608991,6,18.242,5,0.199,0.114,1637,1,5,High activity / full-night,C1: High activity / full-night
E01001034,0,480.43956,6.176780698956425,-0.0248780512578938,0.0472609291374757,0.0321434812736902,0.0703330474087563,0.6471706377533429,6,15.141,6,0.177,0.104,1599,1,6,Low activity / early-stop,C0: Low activity / early-stop
E01001035,3,738.99517,6.606643659149888,-0.4864753987498997,0.0963437149393006,0.054747543207894,0.1511297348623747,0.7006894732217527,3,18.684,5,0.25,0.127,1821,1,5,Medium activity / continuing,C3: Medium activity / continuing
E01001036,3,345.2109,5.847048126937406,-0.5975606216373818,0.0732185455326005,0.0291038608572324,0.1149760532514079,0.6130886189186073,7,6.617,9,0.096,0.063,1693,1,9,Medium activity / continuing,C3: Medium activity / continuing
E01001037,3,655.0889999999999,6.486296450473355,-0.1634171234748255,0.0822306892651227,0.0579189087284323,0.1271623245529819,0.7581471243682129,6,26.344,4,0.318,0.153,1532,1,4,Medium activity / continuing,C3: Medium activity / continuing
E01001038,3,655.95567,6.487616542844406,0.018941935512197,0.116844481274169,0.0820238050537774,0.1927226558475832,0.6732683329753073,6,17.512,5,0.244,0.124,1895,1,5,Medium activity / continuing,C3: Medium activity / continuing
E01001040,3,718.30187,6.578281116619688,-0.2061082062893696,0.1479547867528174,0.0922093241940188,0.2469547873239626,0.7034757152703497,6,20.546,5,0.245,0.122,1698,1,5,Medium activity / continuing,C3: Medium activity / continuing
E01001041,1,2085.60948,7.643295769299692,-0.1769359237856936,0.1257937703658692,0.0892714296638122,0.2108973882637253,0.7688826845171903,4,27.041,3,0.327,0.162,1767,1,3,High activity / full-night,C1: High activity / full-night
E01001042,1,1626.99457,7.395104211176088,0.2427895564519308,0.1227676623407538,0.0723438861876472,0.1960990852997943,0.7574017856185091,1,36.017,2,0.411,0.185,2184,1,2,High activity / full-night,C1: High activity / full-night
E01001044,3,528.5094,6.271950917480675,0.0428647815913964,0.1074057907011682,0.0812543542271906,0.1526187936223405,0.7761412338938628,6,9.459,8,0.148,0.067,2073,1,8,Medium activity / continuing,C3: Medium activity / continuing
E01001047,0,125.93472,4.843672938559178,-0.3302698413908412,0.0228192034730374,0.0114052740975641,0.0314448355539915,0.7238658600773263,3,25.553,4,0.316,0.135,1741,1,4,Low activity / early-stop,C0: Low activity / early-stop
E01001049,3,768.57967,6.6458444826824135,-0.4494432568064154,0.0979249815442034,0.0666176871423101,0.1576359525959141,0.8708252175872502,7,6.479,9,0.084,0.057,1430,1,9,Medium activity / continuing,C3: Medium activity / continuing
E01001050,1,688.1091,6.535399603906502,-0.052499494629558,0.1089981661338296,0.0656121972518602,0.1697021085765795,0.7823363072109918,3,20.244,5,0.293,0.133,1722,1,5,High activity / full-night,C1: High activity / full-night
E01001051,3,496.82794,6.210254515317051,-0.459810935753734,0.139963344251533,0.0880646325969509,0.247799777714038,0.7542729221138299,6,39.849,2,0.494,0.219,1562,1,2,Medium activity / continuing,C3: Medium activity / continuing
E01001052,3,461.59812,6.136858685802916,-0.2862831417077696,0.1687037416876828,0.1226342299661012,0.3028182906247663,0.7114724599641628,6,43.689,2,0.526,0.26,1417,1,2,Medium activity / continuing,C3: Medium activity / continuing
E01001053,3,682.93015,6.527855792524919,-0.2182193742654355,0.1864844010767426,0.1340044951888564,0.3246535122616295,0.8699980777944007,6,33.728,2,0.366,0.216,1561,1,2,Medium activity / continuing,C3: Medium activity / continuing
E01001054,3,622.8956999999999,6.435983206962841,-0.1638047589668704,0.2260147244554746,0.1847858638292093,0.3965236820093204,0.8026745060510266,6,35.509,2,0.461,0.204,1858,1,2,Medium activity / continuing,C3: Medium activity / continuing
E01001055,3,747.18375,6.617648602886423,-0.3129452025689798,0.1526724851818578,0.1153642862281199,0.2494771886328431,0.7281887782987211,6,39.099,2,0.453,0.215,1573,1,2,Medium activity / continuing,C3: Medium activity / continuing
E01001058,0,197.12307,5.288888403259177,-0.5335219769050878,0.0516398714772451,0.0346150250196488,0.0721167616790406,0.5436562023831332,6,13.0,7,0.176,0.109,1311,1,7,Low activity / early-stop,C0: Low activity / early-stop
E01001059,0,194.58594,5.2759998736265326,-0.509824193875467,0.060310575368395,0.0439639164062932,0.0949040118643863,0.6905377348805161,6,18.574,5,0.254,0.144,1417,1,5,Low activity / early-stop,C0: Low activity / early-stop
E01001060,0,372.10377,5.921856584705679,-0.5145891158264804,0.1096166534405174,0.0872224971007415,0.1694369973413084,0.6309853472469767,7,20.66,5,0.289,0.132,1594,1,5,Low activity / early-stop,C0: Low activity / early-stop
E01001061,3,426.25944,6.05739141654389,-0.0388351282026738,0.1699266296600962,0.1433267964693051,0.267149070180155,0.7145392039158899,6,21.835,4,0.247,0.148,1672,1,4,Medium activity / continuing,C3: Medium activity / continuing
E01001062,3,1301.35695,7.171930940340789,-0.1253071649557795,0.0882486238691083,0.0622265705039651,0.1324962166463591,0.5575849169066222,7,11.255,7,0.123,0.093,1526,1,7,Medium activity / continuing,C3: Medium activity / continuing
E01001063,3,1273.4503,7.150270227371236,-0.1331227924639069,0.0952524806032869,0.0719280132094672,0.1443142235372883,0.6609077257937417,6,7.989,9,0.116,0.068,1548,1,9,Medium activity / continuing,C3: Medium activity / continuing
E01001064,3,981.57009,6.890171679621344,-0.2797950475446943,0.109061595387447,0.0730403673975029,0.1722210212780758,0.7188033033158694,7,8.429,8,0.091,0.074,1630,1,8,Medium activity / continuing,C3: Medium activity / continuing
E01001065,3,3021.91091,8.013975523620742,0.0005683986229759,0.0584746126747992,0.035498518386169,0.0870310447378203,0.6928979622159945,7,16.587,6,0.168,0.106,1320,1,6,Medium activity / continuing,C3: Medium activity / continuing
E01001066,3,597.64964,6.394676518809628,-0.4803273703971444,0.1295242811490692,0.0829814772414152,0.216733061170185,0.6770871057981851,5,39.937,2,0.523,0.256,1425,1,2,Medium activity / continuing,C3: Medium activity / continuing
E01001068,2,154.61658,5.0473951613376045,-0.3646324346328188,0.0694792240262978,0.032204954992537,0.104608151782819,0.7033252108511797,7,15.639,6,0.191,0.103,1862,1,6,Partial-night transition,C2: Partial-night transition
E01001070,2,338.11976,5.826353319330048,-0.5158559795499676,0.0962372030549175,0.060226441660789,0.1669274654487997,0.7269490039977113,7,15.479,6,0.236,0.125,1811,1,6,Partial-night transition,C2: Partial-night transition
E01001071,2,162.22719,5.0951430340450266,-0.324985287608076,0.130659416587318,0.0905341453550419,0.212416101867485,0.7251409808789208,7,10.744,8,0.154,0.081,1902,1,8,Partial-night transition,C2: Partial-night transition
E01001074,3,1127.51535,7.028658198291799,-0.0980404124875106,0.0695669464721699,0.045098951424475,0.1066272183831132,0.759074678136318,5,18.34,5,0.263,0.142,2023,1,5,Medium activity / continuing,C3: Medium activity / continuing
E01001075,2,578.27077,6.361770019380914,-0.2031040752760164,0.0649735244269738,0.0425595435162666,0.0919549442851123,0.831215795946601,7,13.704,7,0.18,0.091,1627,1,7,Partial-night transition,C2: Partial-night transition
E01001076,3,762.82603,6.638340053812709,-0.1833273701999917,0.0658266865906503,0.0214811626184282,0.0979597043466633,0.6855612856765149,5,41.552,2,0.456,0.246,1650,1,2,Medium activity / continuing,C3: Medium activity / continuing
E01001078,3,445.76144,6.102024760874523,0.2785141307870865,0.171851517708665,0.1518581553397709,0.2743531418028576,0.703066081300188,5,38.768,2,0.436,0.236,1410,1,2,Medium activity / continuing,C3: Medium activity / continuing
E01001079,3,695.70165,6.546357270341005,-0.3793750525099373,0.1433619569538178,0.0865999814719427,0.2377954733119883,0.6473001800153746,6,44.195,2,0.5,0.27,1663,1,2,Medium activity / continuing,C3: Medium activity / continuing
E01001080,3,445.33793,6.101076355700427,-0.0334158601761139,0.1386653276984513,0.0978335485594052,0.2192794326148458,0.756031724551927,6,60.528,1,0.62,0.377,1497,1,1,Medium activity / continuing,C3: Medium activity / continuing
E01001081,3,396.26564,5.9846051753152,-0.3806339101215034,0.1379633621527216,0.0990181737684852,0.2179884379898447,0.7243526851798583,7,31.348,3,0.356,0.183,1464,1,3,Medium activity / continuing,C3: Medium activity / continuing
E01001083,3,367.03585,5.90818035190232,-0.2194869247786013,0.1487002972597908,0.0929047394144195,0.2347582505754505,0.7176845802974922,5,9.212,8,0.166,0.081,1652,1,8,Medium activity / continuing,C3: Medium activity / continuing
E01001084,1,1829.25485,7.512210498434455,-0.1092896541999054,0.0863326998969006,0.0455861467307302,0.1271573334142376,0.6864990228151627,6,9.694,8,0.128,0.066,1953,1,8,High activity / full-night,C1: High activity / full-night
E01001085,1,2068.72995,7.63517341881171,0.0115762282070696,0.1448739841563177,0.0910745986927873,0.2483423577478484,0.7509059216510195,2,21.414,5,0.286,0.123,1718,1,5,High activity / full-night,C1: High activity / full-night
E01001087,1,2534.97635,7.838333989803853,-0.0313266236191908,0.1558937975890781,0.089674982569364,0.2763626963488407,0.8743124808915924,4,31.63,3,0.397,0.181,2856,1,3,High activity / full-night,C1: High activity / full-night
E01001089,3,1738.44421,7.461320921643058,-0.0776443726083105,0.1156747791175881,0.0461606012654268,0.1996062074830007,0.7581333932258305,3,28.021,3,0.337,0.171,1830,1,3,Medium activity / continuing,C3: Medium activity / continuing
E01001091,3,763.5036699999999,6.6392268258808125,-0.1548458699615681,0.1723407432998979,0.1088759796007267,0.3039990202373388,0.8103580811273713,4,14.186,6,0.213,0.087,1594,1,6,Medium activity / continuing,C3: Medium activity / continuing
E01001092,0,805.45147,6.692643722165176,0.1552637181232036,0.0221757370434745,0.0129275820925623,0.0313506134618875,0.6874484634007071,5,17.849,5,0.24,0.165,2019,1,5,Low activity / early-stop,C0: Low activity / early-stop
E01001093,3,617.67193,6.427575132184951,0.0930569242477961,0.0889706935524818,0.0663042757989666,0.1380133790455494,0.7063389832613788,5,13.807,7,0.2,0.107,1842,1,7,Medium activity / continuing,C3: Medium activity / continuing
E01001094,0,407.85396,6.013358026264884,-0.148363448524565,0.0259438206754201,0.0215103955347154,0.0328744468841821,0.6923096554657593,7,4.118,10,0.065,0.061,1668,1,10,Low activity / early-stop,C0: Low activity / early-stop
E01001095,3,1149.79775,7.048210676513855,-0.1002781663122927,0.1035837563606295,0.052552224945648,0.1691322791232312,0.7514020072492648,6,19.188,5,0.285,0.119,1524,1,5,Medium activity / continuing,C3: Medium activity / continuing
E01001097,1,8014.66664,8.989153235633543,-0.0004018532703438,0.0586463468928509,0.0342765560115673,0.0864874284660775,0.7361621111100514,3,27.97,3,0.322,0.186,2463,1,3,High activity / full-night,C1: High activity / full-night
E01001099,0,229.77165,5.441428693467094,-0.3404572757344085,0.0437651033101777,0.0228895949522058,0.0620553837996742,0.7860414487785072,6,20.105,5,0.253,0.14,1538,1,5,Low activity / early-stop,C0: Low activity / early-stop
E01001102,0,468.07967,6.150772626087884,-0.0695584364943685,0.0400334626795476,0.0320239287470015,0.0590491786634346,0.7494691193948559,7,5.353,10,0.097,0.064,1535,1,10,Low activity / early-stop,C0: Low activity / early-stop
E01001103,0,151.11601,5.024643453423401,-0.3572535431553546,0.0677607223748165,0.0458247938123829,0.0964521259871297,0.6107990275400459,7,4.02,10,0.065,0.066,1626,1,10,Low activity / early-stop,C0: Low activity / early-stop
E01001104,0,202.22302,5.314303996689368,-0.3039485811259272,0.0213721464549387,0.0123787094070694,0.029755481862708,0.7098572638632842,7,4.881,10,0.095,0.061,1657,1,10,Low activity / early-stop,C0: Low activity / early-stop
E01001105,0,267.24357,5.591895411046445,-0.4156752957610917,0.0885013248401074,0.0605411011385606,0.1356268482715632,0.7469635648310207,7,12.469,7,0.187,0.095,1750,1,7,Low activity / early-stop,C0: Low activity / early-stop
E01001106,0,240.15432,5.485437060515834,0.0577966700744754,0.0758284506395721,0.0641490854713752,0.1263405164255929,0.6611440750081228,7,11.44,7,0.159,0.091,1502,1,7,Low activity / early-stop,C0: Low activity / early-stop
E01001107,0,107.89166,4.69035344298417,-0.288225243730609,0.0235649354176217,0.0079613197164637,0.0339281472604841,0.6691714950643929,7,5.336,10,0.089,0.065,1703,1,10,Low activity / early-stop,C0: Low activity / early-stop
E01001108,0,137.51164,4.930954365417251,-0.3472655842079987,0.031290878357643,0.0220317349134953,0.0441055517196702,0.635163684176811,7,1.969,10,0.04,0.035,1744,1,10,Low activity / early-stop,C0: Low activity / early-stop
E01001109,2,507.11828,6.230714255122372,-0.0605065548021657,0.1291751896618674,0.0981589738788355,0.2106753280968875,0.7198741046781195,2,32.503,3,0.39,0.218,2350,1,3,Partial-night transition,C2: Partial-night transition
E01001110,1,1218.36304,7.10608390302584,-0.1693278876877289,0.1473627023354221,0.0952535953487229,0.2444307712666132,0.7824172420544823,2,39.724,2,0.427,0.227,2076,1,2,High activity / full-night,C1: High activity / full-night
E01001111,1,1777.7823,7.483684308058589,-0.2275897673185294,0.1555428187129549,0.104483929219005,0.2593780244469513,0.8148996880865351,3,26.324,4,0.266,0.153,1762,1,4,High activity / full-night,C1: High activity / full-night
E01001112,2,1481.14184,7.30124350977829,-0.0345198404495817,0.1160554413883818,0.0771876851443208,0.1848719763604189,0.8148424824852855,2,29.416,3,0.391,0.198,1977,1,3,Partial-night transition,C2: Partial-night transition
E01001114,1,1155.45235,7.053112278920381,-0.1570430403296164,0.1849259296586311,0.1259488026485904,0.3204932359389214,0.7947865586042883,3,40.568,2,0.469,0.232,1493,1,2,High activity / full-night,C1: High activity / full-night
E01001115,0,187.69206,5.240116374117738,-0.197552842672194,0.0764943919311237,0.0559222377334448,0.1152091623020054,0.6824724838289891,4,37.307,2,0.401,0.225,1772,1,2,Low activity / early-stop,C0: Low activity / early-stop
E01001116,1,1219.37901,7.10691675341568,-0.4373639251015153,0.1137241078145178,0.0660737058283461,0.1818730596700951,0.8016307491593535,3,32.404,3,0.342,0.186,1587,1,3,High activity / full-night,C1: High activity / full-night
E01001118,1,2394.03701,7.781153962752759,-0.0025952606304946,0.1291303804864737,0.0944991364189478,0.2137496245899391,0.7643571689775825,4,42.711,2,0.444,0.252,2173,1,2,High activity / full-night,C1: High activity / full-night
E01001119,0,299.5357,5.705566548915536,-0.4708191377521945,0.0916453030473496,0.0665196168603609,0.1363649685756476,0.5327846423815472,7,3.825,10,0.085,0.059,1439,1,10,Low activity / early-stop,C0: Low activity / early-stop
E01001120,3,177.01871,5.181888657127718,-0.3689401532753233,0.1203620227488947,0.0624558274094303,0.1828803439807025,0.61209142812628,6,7.973,9,0.126,0.081,1358,1,9,Medium activity / continuing,C3: Medium activity / continuing
E01001122,3,399.87059,5.993638657017354,-0.39128351499919,0.1014671771684934,0.0714919294264676,0.1545424080964987,0.5793524370002129,7,3.243,10,0.055,0.044,1509,1,10,Medium activity / continuing,C3: Medium activity / continuing
E01001125,3,1880.72134,7.539942243295135,-0.0812771763412861,0.0826714817836862,0.0560222228349894,0.1239240346610097,0.6569792302222898,6,12.563,7,0.165,0.11,1620,1,7,Medium activity / continuing,C3: Medium activity / continuing
E01001127,0,799.08922,6.684723246449477,-0.5052890089044125,0.0703138255325231,0.0436223129126932,0.1097950101100206,0.7166180977116309,6,5.977,9,0.1,0.058,1609,1,9,Low activity / early-stop,C0: Low activity / early-stop
E01001129,0,161.94402,5.0934067062364345,-0.3303368657885607,0.0747555852942269,0.0521355465919643,0.1061716755850364,0.7637866302903265,5,3.326,10,0.06,0.059,1406,1,10,Low activity / early-stop,C0: Low activity / early-stop
E01001130,0,387.97051,5.963503530976103,-0.3600953330189967,0.1148659211237472,0.0935442232452152,0.1877097801928367,0.6261558488272808,6,42.383,2,0.577,0.261,1695,1,2,Low activity / early-stop,C0: Low activity / early-stop
E01001132,0,149.32220999999998,5.012781056966269,-0.2288693021620829,0.0863764338874973,0.0442449920879151,0.1412423092658508,0.6602507789152017,6,8.599,8,0.103,0.095,1653,1,8,Low activity / early-stop,C0: Low activity / early-stop
E01001133,3,386.81537,5.960529375855024,-0.1021047069561895,0.1578601181230208,0.0757741348281998,0.294331460399842,0.7794930617052358,5,9.831,8,0.14,0.08,1601,1,8,Medium activity / continuing,C3: Medium activity / continuing
E01001134,3,418.8674,6.039938947143453,-0.5485074751580095,0.0593716054293076,0.0194507856185513,0.0935481362788502,0.6291448082819527,6,8.314,9,0.13,0.071,1583,1,9,Medium activity / continuing,C3: Medium activity / continuing
E01001135,1,1217.90321,7.105706725180351,-0.2187131028253058,0.1179696537625514,0.0792311812693227,0.1892518680366348,0.6838246855422329,5,7.963,9,0.115,0.073,1662,1,9,High activity / full-night,C1: High activity / full-night
E01001136,2,4963.54069,8.510076062633031,-0.144333054717035,0.08453403652867,0.0483097278688774,0.1325993427633199,0.7644934807494845,2,30.688,3,0.334,0.166,2035,1,3,Partial-night transition,C2: Partial-night transition
E01001137,3,1027.3021,6.935664274438642,-0.2470540846748002,0.0714384794891395,0.0267713265649899,0.1117081687735263,0.8206096311363453,6,15.96,6,0.206,0.105,2705,1,6,Medium activity / continuing,C3: Medium activity / continuing
E01001138,0,208.71043,5.345727674391548,-0.1914872677901147,0.0680701007611358,0.0367899198904434,0.0999664642654442,0.5203313471680155,5,19.938,5,0.218,0.155,1506,1,5,Low activity / early-stop,C0: Low activity / early-stop
E01001139,1,1407.17848,7.250052290048082,-0.2437419878678076,0.2495175238893647,0.1533562323949127,0.4620386907411359,0.7304162427500778,4,17.755,5,0.168,0.103,1681,1,5,High activity / full-night,C1: High activity / full-night
E01001140,2,180.61614,5.20189533886988,-0.3183145205074142,0.0611171293993991,0.0269396743834742,0.0823590810691637,0.697099619215828,5,18.042,5,0.208,0.103,1586,1,5,Partial-night transition,C2: Partial-night transition
E01001142,2,726.89618,6.590158428136819,-0.0922744153092123,0.060561385808906,0.0378964159641064,0.0912000347714085,0.741916913357072,5,19.729,5,0.204,0.115,1962,1,5,Partial-night transition,C2: Partial-night transition
E01001143,2,313.56855,5.751202017413418,-0.1380390667367629,0.1242797468049649,0.0919574045292488,0.2010048950115116,0.7138175635030386,6,29.36,3,0.358,0.189,1929,1,3,Partial-night transition,C2: Partial-night transition
E01001144,0,85.54925,4.460713616073408,-0.0810112303731476,0.0343073726537637,0.0245563812657621,0.047131781003755,0.9097863928300816,2,29.529,3,0.313,0.184,1778,1,3,Low activity / early-stop,C0: Low activity / early-stop
E01001145,2,2236.50186,7.713115281433581,0.2042606036553888,0.0896716222717561,0.0461714482991755,0.1428244455056594,0.8667839926352007,3,44.118,2,0.454,0.266,1756,1,2,Partial-night transition,C2: Partial-night transition
E01001147,3,750.52769,6.622108054821606,-0.3071609656400552,0.1155273564923367,0.0839884135387463,0.1847516096905737,0.7239451425358326,2,33.06,3,0.37,0.203,1816,1,3,Medium activity / continuing,C3: Medium activity / continuing
E01001148,0,259.46528,5.562469570160855,-0.1531666202121532,0.0709512656182746,0.0475428542886354,0.1093354547846388,0.7581031472303722,2,22.653,4,0.311,0.141,1736,1,4,Low activity / early-stop,C0: Low activity / early-stop
E01001149,3,270.46584,5.603836311936871,-0.5053342041272199,0.0882196805334085,0.0415064985655859,0.1394656767774232,0.6526858543277932,3,17.618,5,0.24,0.106,1591,1,5,Medium activity / continuing,C3: Medium activity / continuing
E01001150,3,507.36749,6.231204591558647,-0.4680851940277056,0.1182466381517664,0.0747590469385415,0.1965270036315295,0.7160883165828845,4,16.8,6,0.207,0.101,1696,1,6,Medium activity / continuing,C3: Medium activity / continuing
E01001151,1,738.756,6.606320402095686,-0.2287558273638387,0.2452598557575167,0.1663881308578204,0.4790461453465308,0.7001408673701349,4,39.877,2,0.458,0.227,1768,1,2,High activity / full-night,C1: High activity / full-night
E01001152,1,1712.3362,7.446197742931452,-0.2210664938345636,0.131835722447496,0.0978013021041078,0.2188251927499266,0.7529307848339444,2,35.942,2,0.398,0.188,2052,1,2,High activity / full-night,C1: High activity / full-night
E01001154,3,534.94293,6.284027681521459,-0.2108101699745802,0.1459405024756566,0.0953241124244786,0.2436190145295776,0.7478963821047404,2,34.51,2,0.368,0.184,1894,1,2,Medium activity / continuing,C3: Medium activity / continuing
E01001155,1,6918.43649,8.842089613215018,0.0285652878776371,0.0962556989520041,0.0567047598929393,0.1510399353341018,0.7098913048576373,2,50.88,1,0.51,0.275,1785,1,1,High activity / full-night,C1: High activity / full-night
E01001156,1,2402.36488,7.78462506773833,-0.3065948250125934,0.1076915593271576,0.0666065056695301,0.1655955423422187,0.6892611553599449,5,21.721,4,0.267,0.159,1742,1,4,High activity / full-night,C1: High activity / full-night
E01001157,1,1742.13623,7.463441200813492,-0.1890608692524578,0.1651249741818411,0.1063358518179717,0.2882177647560164,0.7303611230072815,5,19.046,5,0.281,0.122,1833,1,5,High activity / full-night,C1: High activity / full-night
E01001158,3,339.30786,5.829850678507239,0.0242399336107332,0.1637299825592015,0.1370156883486283,0.2802379215685087,0.7919549509970896,5,20.695,5,0.254,0.132,1498,1,5,Medium activity / continuing,C3: Medium activity / continuing
E01001159,1,1387.93441,7.236292120617078,-0.4086642898348488,0.1069348875066798,0.0646171817297908,0.1662716622765734,0.7171702446673409,5,14.075,7,0.192,0.09,1952,1,7,High activity / full-night,C1: High activity / full-night
E01001162,0,101.15773,4.62651799143043,-0.216775228151126,0.0398236496607822,0.0290957497761169,0.0539918263124226,0.8981737362456619,4,25.743,4,0.307,0.181,1789,1,4,Low activity / early-stop,C0: Low activity / early-stop
E01001163,3,217.2974,5.385858353269671,0.0022812974292375,0.2206990511621399,0.1453849424797535,0.3804838221108951,0.6137707068751074,5,15.575,6,0.19,0.106,2011,1,6,Medium activity / continuing,C3: Medium activity / continuing
E01001164,1,3766.97935,8.234294155320303,-0.0336498552878979,0.1004885705041096,0.0566454074137677,0.1675134375969355,0.8276657905927635,2,23.246,4,0.237,0.147,1921,1,4,High activity / full-night,C1: High activity / full-night
E01001165,2,1025.38604,6.933799212273625,-0.110879313316963,0.0933890615479804,0.0433187680222367,0.1500115359941188,0.8174534560252873,2,22.115,4,0.247,0.131,1883,1,4,Partial-night transition,C2: Partial-night transition
E01001166,3,630.2743399999999,6.447740538262054,-0.1335016431098877,0.1448310429391747,0.1029184529390804,0.2449963157940221,0.7937885399128154,4,34.935,2,0.423,0.204,1972,1,2,Medium activity / continuing,C3: Medium activity / continuing
E01001167,1,1983.92716,7.593337497233899,-0.0776087364013909,0.0981413349873187,0.0659029134920457,0.1504749555307125,0.6857547092417325,5,21.076,5,0.238,0.133,2332,1,5,High activity / full-night,C1: High activity / full-night
E01001168,2,645.75567,6.47196858793919,0.0032806370867792,0.1060087168882311,0.0754421405235203,0.1596049617064089,0.6850463928513858,4,22.724,4,0.241,0.133,1864,1,4,Partial-night transition,C2: Partial-night transition
E01001169,3,270.70338,5.604710956546311,-0.3125635889732888,0.1861062466231489,0.1292864906230576,0.3268012340187674,0.6862517288515693,6,27.071,3,0.372,0.178,1800,1,3,Medium activity / continuing,C3: Medium activity / continuing
E01001170,1,3174.26525,8.06314645114433,-0.0991310571792953,0.1031610039520169,0.0651065849018131,0.1663407889266114,0.7383950640932934,2,30.178,3,0.372,0.194,1868,1,3,High activity / full-night,C1: High activity / full-night
E01001171,3,634.29332,6.454086813499751,-0.2869636085715044,0.0578332592246123,0.0373035774679134,0.0865103679786801,0.6741393410608052,4,24.29,4,0.292,0.171,1793,1,4,Medium activity / continuing,C3: Medium activity / continuing
E01001172,1,1419.75124,7.258941052955312,0.0894514872901255,0.1071274429737423,0.0724383730772441,0.1764981182462724,0.7931433034153197,5,36.186,2,0.441,0.238,2269,1,2,High activity / full-night,C1: High activity / full-night
E01001173,0,675.88024,6.517494359184201,-0.4062969202946369,0.0204196530438587,0.0090197636196613,0.0262268397667533,0.6007171824255845,5,21.406,5,0.329,0.155,2775,1,5,Low activity / early-stop,C0: Low activity / early-stop
E01001175,3,366.21738,5.905953988780936,-0.0843834336862985,0.1782453907567139,0.1250585376368538,0.2853513702855146,0.7134527015470158,4,30.522,3,0.335,0.176,1678,1,3,Medium activity / continuing,C3: Medium activity / continuing
E01001176,0,852.18114,6.748971881336467,-0.5028290581507119,0.0515212528641504,0.0285455977117728,0.0772867345378395,0.7253883950303635,4,32.401,3,0.421,0.176,1870,1,3,Low activity / early-stop,C0: Low activity / early-stop
E01001177,1,1035.0035,6.9431258011921,-0.2843435988380716,0.2301078595386392,0.1310057019130853,0.4569625277489744,0.7987798086526099,5,30.475,3,0.353,0.176,1619,1,3,High activity / full-night,C1: High activity / full-night
E01001178,1,4721.32049,8.46005558700683,-0.0403795400892177,0.094561739866128,0.0610237920959269,0.1423607051741924,0.8777946693944196,1,70.076,1,0.786,0.383,1628,1,1,High activity / full-night,C1: High activity / full-night
E01001180,3,614.7024700000001,6.422763843603125,0.0899350705390853,0.1030623644639007,0.0753873821265107,0.1736897542502628,0.8310696434406376,4,30.812,3,0.401,0.158,1983,1,3,Medium activity / continuing,C3: Medium activity / continuing
E01001181,1,1035.37971,6.943488871113066,0.1647398035258002,0.2170484971160966,0.1612559898435714,0.4262439521384765,0.8693913865789343,2,48.183,1,0.515,0.271,2388,1,1,High activity / full-night,C1: High activity / full-night
E01001182,1,1699.08597,7.438434099353894,-0.0874079432249093,0.161203026118802,0.1223415434358509,0.2757263398827271,0.8882503569028231,2,21.932,4,0.261,0.131,1411,1,4,High activity / full-night,C1: High activity / full-night
E01001183,1,9485.53348,9.157628543523703,-0.1542000735207989,0.1425103482951387,0.0840902846088526,0.2466463016093678,0.8016974769570444,2,32.818,3,0.44,0.163,1820,1,3,High activity / full-night,C1: High activity / full-night
E01001185,2,734.08641,6.599988056928508,-0.2107730478214411,0.1144985506542751,0.0894073219527385,0.1867679240085083,0.7826034897245153,3,23.148,4,0.269,0.133,1689,1,4,Partial-night transition,C2: Partial-night transition
E01001186,2,1495.08728,7.310608499078569,-0.0863977118446221,0.1055685257385107,0.0737974909397931,0.1696529094857597,0.7786569901046108,2,32.502,3,0.409,0.204,1668,1,3,Partial-night transition,C2: Partial-night transition
E01001187,0,348.25122,5.855791491330684,-0.4654447441706019,0.0924118801364141,0.0622142256960363,0.1591144071475371,0.791951723578131,5,25.842,4,0.284,0.154,1970,1,4,Low activity / early-stop,C0: Low activity / early-stop
E01001192,2,849.87717,6.746267782080714,-0.0924313215755636,0.1099783513422298,0.0786326099335036,0.1769921587481871,0.7101307451891703,6,26.155,4,0.326,0.173,1520,1,4,Partial-night transition,C2: Partial-night transition
E01001193,0,378.15279,5.937939263685082,-0.3893468827771971,0.0648161289514748,0.038831182496366,0.099795774192273,0.8468051197520485,5,29.99,3,0.348,0.211,1647,1,3,Low activity / early-stop,C0: Low activity / early-stop
E01001195,0,217.64999,5.387472232123735,-0.3286553332715522,0.0348073987965724,0.0283037917897446,0.0502959000220414,0.6816763549835201,5,17.642,5,0.228,0.11,1904,1,5,Low activity / early-stop,C0: Low activity / early-stop
E01001197,3,306.93492,5.72988846194556,-0.1453522460070688,0.044111859282743,0.0292340474000156,0.0652258448980457,0.5718001344259491,5,22.347,4,0.199,0.137,1868,1,4,Medium activity / continuing,C3: Medium activity / continuing
E01001199,3,610.32754,6.4156328875494175,-0.0379006983692723,0.1220940316735502,0.0672237402231595,0.1946792010532906,0.8191041493257938,2,26.806,3,0.353,0.159,1717,1,3,Medium activity / continuing,C3: Medium activity / continuing
E01001202,3,795.12271,6.679753332254672,0.2814817476411911,0.0908518510306415,0.0371310360384499,0.1460469107844107,0.9191477960145128,1,34.707,2,0.454,0.18,2441,1,2,Medium activity / continuing,C3: Medium activity / continuing
E01001204,3,209.79728,5.350896913358153,-0.424107023694492,0.0600459167058791,0.0121285175861193,0.0858482729105887,0.7036425518516772,5,14.279,6,0.219,0.103,1564,1,6,Medium activity / continuing,C3: Medium activity / continuing
E01001205,3,249.2053,5.52228178086201,-0.1847220745305175,0.1070933483356894,0.070135988279543,0.1645984213662303,0.7364305624051735,4,35.263,2,0.487,0.188,1766,1,2,Medium activity / continuing,C3: Medium activity / continuing
E01001206,0,409.89344,6.018333910806946,-0.4595794458188937,0.0365417167935158,0.0,0.056635992481562,0.8348456833122211,6,55.428,1,0.696,0.3,1622,1,1,Low activity / early-stop,C0: Low activity / early-stop
E01001207,2,469.54175,6.153884690476568,-0.1145432754382331,0.090683778386054,0.036286783869592,0.1392276059231297,0.7231793896838485,4,15.668,6,0.197,0.093,1726,1,6,Partial-night transition,C2: Partial-night transition
E01001208,1,1708.77543,7.444117313387116,-0.2168912447436115,0.1430902421156652,0.0866188133334759,0.2294762026398317,0.6996838189517974,5,8.745,8,0.11,0.054,1315,1,8,High activity / full-night,C1: High activity / full-night
E01001209,3,885.5284,6.787313161098129,-0.2381180321263553,0.0725877566433781,0.040428076615047,0.1116957180109599,0.7481181223391659,5,9.757,8,0.113,0.054,1634,1,8,Medium activity / continuing,C3: Medium activity / continuing
E01001210,3,899.41533,6.802856134653966,-0.2671970578931538,0.0816518326411002,0.039492010882225,0.1281295505290325,0.7889931776247324,6,47.467,1,0.595,0.261,1869,1,1,Medium activity / continuing,C3: Medium activity / continuing
E01001211,3,400.55655,5.995348370293242,-0.3049865243746482,0.0541530527961657,0.0213524407477545,0.0822141937753089,0.8372119691517204,5,12.48,7,0.163,0.088,1694,1,7,Medium activity / continuing,C3: Medium activity / continuing
E01001212,3,785.55732,6.66766559969015,-0.2246184148599111,0.0737683534029063,0.0493203984147203,0.1081113910973336,0.6715106651440178,5,14.574,6,0.203,0.088,1760,1,6,Medium activity / continuing,C3: Medium activity / continuing
E01001214,3,1185.23321,7.078538195977817,-0.2797338339852965,0.2009036179470536,0.1405687830836262,0.3721249286338046,0.8809130977242207,6,22.956,4,0.288,0.109,1768,1,4,Medium activity / continuing,C3: Medium activity / continuing
E01001215,1,3000.76995,8.006957377011837,0.0614013380132655,0.1559971433331635,0.121712889053691,0.2617610328087529,0.8994686079417057,3,39.523,2,0.507,0.157,2171,1,2,High activity / full-night,C1: High activity / full-night
E01001216,3,776.6523099999999,6.656279521974166,-0.227776764096665,0.2037539681044662,0.1450574968353599,0.3518076334253421,0.7427719500652467,6,30.969,3,0.384,0.128,1719,1,3,Medium activity / continuing,C3: Medium activity / continuing
E01001218,0,1180.55038,7.074582736428834,-0.2939489799664458,0.0888054434407111,0.0602830096924792,0.1367208011537727,0.6293088060287843,6,37.425,2,0.465,0.193,2062,1,2,Low activity / early-stop,C0: Low activity / early-stop
E01001219,0,262.83288,5.575315872395006,-0.2737275488515744,0.0667046680004419,0.0421557607252182,0.10150297193621,0.7411172057390241,6,41.953,2,0.51,0.218,2089,1,2,Low activity / early-stop,C0: Low activity / early-stop
E01001220,0,589.21674,6.3804898253732985,-0.6304232293196559,0.1087003570197276,0.0791873971537197,0.1763835399263127,0.6105373162920581,5,40.38,2,0.467,0.183,1550,1,2,Low activity / early-stop,C0: Low activity / early-stop
E01001225,1,25698.05422,10.154209469427936,0.2081695031928374,0.136938130018468,0.0842640914157118,0.2321394854110398,0.816119545177414,4,21.546,4,0.22,0.108,1831,1,4,High activity / full-night,C1: High activity / full-night
E01001226,3,1169.26294,7.0649837375854,-0.3436914198272631,0.0848614769232316,0.0610571049143146,0.1216916403896717,0.6538292962566846,4,12.401,7,0.152,0.072,1547,1,7,Medium activity / continuing,C3: Medium activity / continuing
E01001228,3,643.04741,6.467772341407103,-0.1858177299866583,0.1011306149261996,0.0451083847767927,0.1575362689896804,0.7835914060090324,4,14.215,6,0.213,0.087,1919,1,6,Medium activity / continuing,C3: Medium activity / continuing
E01001229,3,311.55018,5.74476503228551,-0.3863681927579049,0.0643680578197708,0.0217384563860627,0.0986831570650211,0.9341407326942744,6,27.937,3,0.352,0.166,1460,1,3,Medium activity / continuing,C3: Medium activity / continuing
E01001230,3,310.98857,5.742966552523034,0.122133845626545,0.0344093353656052,0.0190158114171205,0.0493705627078087,0.6095919291810282,5,18.833,5,0.177,0.146,1381,1,5,Medium activity / continuing,C3: Medium activity / continuing
E01001233,1,1758.21517,7.472623062441206,-0.0988680071506833,0.0665486750407232,0.0294442971960024,0.1015436626443974,0.8339612122751596,5,21.533,5,0.284,0.124,1431,1,5,High activity / full-night,C1: High activity / full-night
E01001235,1,1100.32942,7.004273292697681,0.1037416594750324,0.3293534403542532,0.22096994371013,0.809298661295182,0.9125767396490024,4,14.983,6,0.167,0.101,1799,1,6,High activity / full-night,C1: High activity / full-night
E01001239,3,126.71485,4.849800044452959,0.0835314093020668,0.2584888037984498,0.1942415589017388,0.4893904592200889,0.8463001801939636,2,37.151,2,0.484,0.204,1424,1,2,Medium activity / continuing,C3: Medium activity / continuing
E01001240,3,934.10503,6.840658854530773,-0.3043784808652621,0.2471378084753488,0.1484798235162056,0.6230740897373395,0.7665898581207335,3,30.957,3,0.382,0.128,1800,1,3,Medium activity / continuing,C3: Medium activity / continuing
E01001241,3,487.29065,6.190910822819574,-0.1733236006067425,0.1331972612238712,0.0869747449494465,0.2214505843761794,0.695288442150903,4,24.584,4,0.248,0.113,1931,1,4,Medium activity / continuing,C3: Medium activity / continuing
E01001243,1,1483.24465,7.302661268630224,-0.0441928646093549,0.113119228173181,0.0738599933598277,0.1982943002979316,0.7651880476697451,4,23.675,4,0.373,0.123,2331,1,4,High activity / full-night,C1: High activity / full-night
E01001244,1,4500.73394,8.412217921541725,-0.2129419851909753,0.1076431058708615,0.0553048576783901,0.1783318357347554,0.7073938258358097,4,25.25,4,0.374,0.147,2849,1,4,High activity / full-night,C1: High activity / full-night
E01001245,1,1505.0776,7.317263934256792,-0.2520331842025952,0.1013749324287332,0.0480299088897476,0.1647677933033195,0.6902834351330398,2,18.722,5,0.298,0.117,2166,1,5,High activity / full-night,C1: High activity / full-night
E01001246,3,1055.53191,6.9627470401021245,0.0154014197448564,0.171898157015452,0.1327249121251104,0.2813060649193423,0.7278334888037998,3,35.283,2,0.397,0.157,1843,1,2,Medium activity / continuing,C3: Medium activity / continuing
E01001247,1,5402.55121,8.594811647889022,0.1258404786134364,0.1268468994299454,0.0920725377076064,0.2152124843733919,0.7612357083972242,4,30.8,3,0.389,0.174,2307,1,3,High activity / full-night,C1: High activity / full-night
E01001248,2,1068.19601,6.974662252495736,-0.1720392964208881,0.0754409483330685,0.0439277151016506,0.1097315917214602,0.7421417091533744,5,20.782,5,0.229,0.12,1602,1,5,Partial-night transition,C2: Partial-night transition
E01001249,1,7352.2926,8.902903464686144,0.0075103567015273,0.105389789573935,0.0527268582863527,0.1721374426371582,0.8310072023668624,2,36.792,2,0.465,0.2,2527,1,2,High activity / full-night,C1: High activity / full-night
E01001250,1,1153.47466,7.051400679658044,-0.1080234220316551,0.1288146980185936,0.0756782294636624,0.2176959799457338,0.852895042008695,4,42.907,2,0.47,0.256,2199,1,2,High activity / full-night,C1: High activity / full-night
E01001251,1,1687.81063,7.431779790924534,-0.2967612960228837,0.1218629189460668,0.0663242830743399,0.1962797233980447,0.7749980381863663,2,21.054,5,0.222,0.092,1853,1,5,High activity / full-night,C1: High activity / full-night
E01001252,1,5029.75004,8.523324365297578,-0.1342577970335877,0.1197214881875124,0.0591747020494084,0.1955286877485398,0.7763376454881532,2,31.785,3,0.363,0.157,2449,1,3,High activity / full-night,C1: High activity / full-night
E01001253,2,303.56669,5.718890077948042,-0.0896104575900603,0.0639766174608946,0.0291332029874555,0.0950725988786025,0.7767756531365189,5,21.028,5,0.261,0.144,2108,1,5,Partial-night transition,C2: Partial-night transition
E01001254,2,199.80628,5.302340662228923,-0.1941221266919137,0.091547072494418,0.0617413026257232,0.1468766368034228,0.7092669300824805,2,15.958,6,0.175,0.083,1710,1,6,Partial-night transition,C2: Partial-night transition
E01001257,3,1753.52445,7.469953130520357,-0.2764742915332603,0.1291182623658313,0.091437133939022,0.2139691666400479,0.7603785533554396,5,40.531,2,0.518,0.207,2262,1,2,Medium activity / continuing,C3: Medium activity / continuing
E01001258,1,2012.55709,7.607658133502664,-0.2733409117850167,0.160706089584768,0.1065869142623924,0.2678535496563211,0.7568638683115317,5,22.347,4,0.315,0.114,1825,1,4,High activity / full-night,C1: High activity / full-night
E01001259,1,1248.00093,7.130099254720977,-0.1451707331660402,0.2110426872838949,0.1625867939056744,0.3807555085059883,0.7942029127383713,5,25.796,4,0.325,0.128,1634,1,4,High activity / full-night,C1: High activity / full-night
E01001260,3,351.49868,5.865046877564461,0.0107563988576003,0.1189241165855871,0.0909946518149086,0.1860272089970913,0.6481315403730294,6,25.215,4,0.306,0.108,2109,1,4,Medium activity / continuing,C3: Medium activity / continuing
E01001261,1,14568.73713,9.586701857159644,-0.0708590072556275,0.1055889042594043,0.0674980522488156,0.1700149248374018,0.7392899673181539,5,30.838,3,0.339,0.141,2352,1,3,High activity / full-night,C1: High activity / full-night
E01001263,2,314.5738,5.7543925690491085,-0.2534375717240278,0.0831684011828067,0.049280518593729,0.1359450408451906,0.773950729557503,5,35.515,2,0.458,0.194,1922,1,2,Partial-night transition,C2: Partial-night transition
E01001264,0,237.45347,5.474174196955397,-0.0895994065700534,0.1229070267956075,0.0974976697539943,0.1886526937050309,0.7591609046778485,5,27.734,3,0.382,0.152,1792,1,3,Low activity / early-stop,C0: Low activity / early-stop
E01001266,3,312.94622,5.749221697353856,-0.0316766887294564,0.1202845651882294,0.0854372677835827,0.2049606749339681,0.6574191109789529,5,20.301,5,0.28,0.108,1844,1,5,Medium activity / continuing,C3: Medium activity / continuing
E01001267,3,1171.65542,7.067026045906882,-0.1249714357144355,0.1546674789418889,0.1269245867526478,0.2569910359521569,0.6828148761998881,5,32.127,3,0.409,0.167,2034,1,3,Medium activity / continuing,C3: Medium activity / continuing
E01001268,0,254.54471,5.543397384550022,-0.3172796244714729,0.076283298128647,0.0593241949518416,0.1096941811976898,0.8934588134721225,5,18.712,5,0.239,0.104,2045,1,5,Low activity / early-stop,C0: Low activity / early-stop
E01001269,2,1052.57819,6.959947449759233,-0.0546392757767477,0.1238731537844233,0.0936362171821173,0.1931564669069458,0.4221175520118891,3,20.711,5,0.275,0.101,2476,1,5,Partial-night transition,C2: Partial-night transition
E01001271,2,996.83005,6.905582971229214,-0.0557932919458036,0.1181176169398183,0.0763489824569393,0.1835529993523127,0.6357569277261083,2,28.793,3,0.389,0.151,1871,1,3,Partial-night transition,C2: Partial-night transition
E01001272,3,3547.16692,8.174186388546056,0.147185861780646,0.186767449894915,0.1270723904924102,0.3631625680626277,0.6495450310335978,4,25.01,4,0.269,0.12,1738,1,4,Medium activity / continuing,C3: Medium activity / continuing
E01001275,3,554.46651,6.319808319233485,-0.2872923560342715,0.0613795772805105,0.0430851630696324,0.0844374344258032,0.7618623591646964,5,19.703,5,0.246,0.128,1797,1,5,Medium activity / continuing,C3: Medium activity / continuing
E01001276,0,669.39869,6.507872595108685,-0.2066309242403806,0.1838873631497546,0.1733503243037419,0.3864501238412088,0.6790233926166852,4,34.565,2,0.434,0.211,1805,1,2,Low activity / early-stop,C0: Low activity / early-stop
E01001277,3,656.66026,6.488688475796667,0.1000790271669554,0.1146089760327509,0.0776844178144722,0.1822567071023078,0.7679815570604992,4,26.609,3,0.345,0.136,2239,1,3,Medium activity / continuing,C3: Medium activity / continuing
E01001278,1,5741.88875,8.655717629267997,-0.0622567809242212,0.1390401198560316,0.0940519842011916,0.243742549865893,0.7869812381710359,4,27.455,3,0.343,0.141,2149,1,3,High activity / full-night,C1: High activity / full-night
E01001280,3,182.61687,5.212851358496856,-0.2301197583771969,0.0660616404169012,0.041816125750047,0.0893351328759734,0.8866005260091142,5,14.638,6,0.251,0.09,1824,1,6,Medium activity / continuing,C3: Medium activity / continuing
E01001281,3,319.04909,5.768474390278237,-0.3030461864034779,0.0758441906228286,0.0437405729632389,0.1106833798828572,0.8072518533487459,5,9.129,8,0.096,0.046,1541,1,8,Medium activity / continuing,C3: Medium activity / continuing
E01001282,0,147.74043,5.002202706221627,-0.437700837881682,0.0199654217873875,0.0,0.0288987298255328,0.8370058504469101,6,33.123,3,0.425,0.191,1574,1,3,Low activity / early-stop,C0: Low activity / early-stop
E01001283,1,2137.8471,7.668022224526511,-0.474056933257762,0.0896628528766159,0.0435989505517022,0.1445182093552815,0.7253456071382071,5,35.149,2,0.408,0.194,1801,1,2,High activity / full-night,C1: High activity / full-night
E01001285,3,1139.70258,7.039399649800384,0.0260236490822016,0.1191761187379254,0.0875006091501521,0.1812770425118422,0.8603014403025717,5,30.717,3,0.373,0.173,1792,1,3,Medium activity / continuing,C3: Medium activity / continuing
E01001286,3,255.30866,5.546382421328274,-0.0563453664282284,0.1525991323600225,0.1121440612316088,0.243974619297287,0.8168090831884617,5,28.368,3,0.348,0.154,1665,1,3,Medium activity / continuing,C3: Medium activity / continuing
E01001289,3,963.01616,6.871108057955517,-0.2101025594419932,0.0828059936190478,0.0444732308541946,0.1252371139603176,0.7402482257857832,5,20.875,5,0.267,0.116,1333,1,5,Medium activity / continuing,C3: Medium activity / continuing
E01001290,2,470.39507,6.155696532237755,-0.1331600477870654,0.0750376911900883,0.033801077039349,0.1217523914751498,0.7502506241883187,5,20.793,5,0.231,0.088,2018,1,5,Partial-night transition,C2: Partial-night transition
E01001291,3,473.82315,6.162942418918436,-0.2693177190688128,0.2444063148877381,0.1590853676102571,0.4941440669533309,0.7519464596826617,6,25.694,4,0.327,0.125,1736,1,4,Medium activity / continuing,C3: Medium activity / continuing
E01001293,3,896.48296,6.799594134109773,-0.3477770955066451,0.1607409358901813,0.1165060181400436,0.2737323560829702,0.7918147934957698,6,25.899,4,0.305,0.116,1846,1,4,Medium activity / continuing,C3: Medium activity / continuing
E01001294,2,850.79194,6.747342295129248,-0.3246143352039748,0.1035271913835949,0.0772396127777139,0.1662559945665609,0.9506983640782676,5,28.773,3,0.303,0.112,2075,1,3,Partial-night transition,C2: Partial-night transition
E01001295,1,894.19034,6.797036366054775,-0.2818662075906568,0.2244990143821057,0.1721347492973364,0.4258554451496843,0.8062736023269277,5,24.256,4,0.243,0.107,1808,1,4,High activity / full-night,C1: High activity / full-night
E01001296,3,289.49518,5.671586984071699,-0.1738040681713595,0.2412565901788071,0.1748183510343764,0.4873178269649827,0.8856966915521833,5,30.609,3,0.326,0.149,1468,1,3,Medium activity / continuing,C3: Medium activity / continuing
E01001297,2,1758.70313,7.472900397668415,-0.1812166161323656,0.0993619372247321,0.0758507662404626,0.1586673591264996,0.867119990214153,5,32.552,3,0.391,0.135,1834,1,3,Partial-night transition,C2: Partial-night transition
E01001298,1,6640.80663,8.801139288293983,-0.195121894401554,0.2078863016073094,0.1255680998499424,0.3811702332361116,0.864122413833811,5,31.323,3,0.33,0.131,2099,1,3,High activity / full-night,C1: High activity / full-night
E01001299,0,115.80466,4.760502966858526,0.1073193427621998,0.0263093039606523,0.0030268212004594,0.0376045197405399,0.3632951799055632,6,11.328,7,0.11,0.074,1722,1,7,Low activity / early-stop,C0: Low activity / early-stop
E01001301,1,1635.3537,7.400225691839273,-0.1138333682799017,0.1147946282201825,0.0690100007111611,0.18358421129676,0.8274497197746873,5,20.213,5,0.236,0.105,1878,1,5,High activity / full-night,C1: High activity / full-night
E01001302,3,968.0452,6.876311256829706,-0.0838870127138691,0.0620643850101214,0.0284177329736256,0.0895698123923408,0.7017872721822502,5,11.543,7,0.118,0.061,1540,1,7,Medium activity / continuing,C3: Medium activity / continuing
E01001303,3,2500.51137,7.824650376190767,0.1562082439161234,0.0958564167616642,0.0550668521855191,0.1590910468162374,0.8293398261032585,4,13.175,7,0.121,0.064,1725,1,7,Medium activity / continuing,C3: Medium activity / continuing
E01001308,2,228.98613,5.438019002756989,-0.3034413045017181,0.0537192798533256,0.0395815239988553,0.0835558256301616,0.8798624416776961,5,14.063,7,0.205,0.083,2000,1,7,Partial-night transition,C2: Partial-night transition
E01001312,2,1235.26945,7.119853615876859,-0.1680424542191989,0.0882787395090196,0.0555652048223163,0.1325784335355649,0.5776778955809071,6,21.418,5,0.271,0.101,2040,1,5,Partial-night transition,C2: Partial-night transition
E01001313,2,406.14181,6.009161552274251,-0.2853980731508534,0.0806943023177052,0.050676585107059,0.1332639119365089,0.681833776259558,5,19.787,5,0.301,0.114,1751,1,5,Partial-night transition,C2: Partial-night transition
E01001315,3,421.16787,6.045403031144607,-0.160956318913881,0.1641865035905991,0.1216483821522283,0.2807741855010165,0.7288604128655745,5,23.467,4,0.291,0.118,1450,1,4,Medium activity / continuing,C3: Medium activity / continuing
E01001316,1,1619.52157,7.390503333199588,-0.2342266117517657,0.1624540573423792,0.1120849041856231,0.2821397615769775,0.7744234713271758,5,34.719,2,0.445,0.183,1739,1,2,High activity / full-night,C1: High activity / full-night
E01001317,0,467.89519,6.15037926799217,-0.2959650643128004,0.0656575888288144,0.0482062446506449,0.1001896537739953,0.8179199522287836,5,30.412,3,0.407,0.139,2159,1,3,Low activity / early-stop,C0: Low activity / early-stop
E01001318,3,278.45323,5.632834944067231,0.1750308660452601,0.1009541889673896,0.0750989313357938,0.1538064062885989,0.8431239315909503,5,38.77,2,0.534,0.19,1927,1,2,Medium activity / continuing,C3: Medium activity / continuing
E01001321,1,1241.80849,7.125129008844127,-0.0818498591517924,0.1285992737897934,0.0886901087300506,0.2046359067792947,0.7399748895318536,5,29.47,3,0.33,0.167,2337,1,3,High activity / full-night,C1: High activity / full-night
E01001322,1,8842.87637,9.087480562910836,0.0682261590862883,0.1372605042990101,0.0955891866664195,0.2338322259477795,0.7208260458378144,4,29.725,3,0.357,0.133,2110,1,3,High activity / full-night,C1: High activity / full-night
E01001323,1,1709.3678,7.444463714087957,0.190044073604288,0.1183257810285182,0.07974854212183,0.1864239990477791,0.7636081608418536,6,31.715,3,0.364,0.121,2066,1,3,High activity / full-night,C1: High activity / full-night
E01001324,3,258.20316,5.557612155761831,0.1388334674137993,0.1474392490006706,0.1056898761424918,0.2486856060635753,0.819400862393182,5,36.886,2,0.458,0.189,1672,1,2,Medium activity / continuing,C3: Medium activity / continuing
E01001325,2,265.43235,5.585120365227665,-0.3155028013729299,0.1823850408588101,0.1335378675583439,0.3320905604804955,0.8009176870404888,7,27.647,3,0.332,0.135,2036,1,3,Partial-night transition,C2: Partial-night transition
E01001326,1,1548.03672,7.345388545752422,-0.2534256293352008,0.1561678911595843,0.1110611639754901,0.2572005579620335,0.768886655256903,7,35.508,2,0.436,0.165,1962,1,2,High activity / full-night,C1: High activity / full-night
E01001327,3,1291.95399,7.164684794225355,-0.1701732505195483,0.1218345244632125,0.0779317535913179,0.1934715962559005,0.7151261791705283,5,32.938,3,0.385,0.158,1953,1,3,Medium activity / continuing,C3: Medium activity / continuing
E01001328,1,5651.88572,8.639921440656337,-0.1246275128153157,0.1177195086669233,0.0825176486406381,0.1907335073441552,0.721483139861433,5,37.526,2,0.442,0.162,1882,1,2,High activity / full-night,C1: High activity / full-night
E01001329,2,829.02153,6.72145164021325,-0.3645833781904313,0.1229148536106173,0.0951282773078281,0.2026257638032717,0.7318877894381902,5,30.221,3,0.367,0.147,2018,1,3,Partial-night transition,C2: Partial-night transition
E01001330,1,2304.58875,7.743091345809342,-0.1560754689963664,0.111607435382994,0.0748800973709517,0.1689385213426515,0.7166737156585753,5,48.226,1,0.605,0.219,1859,1,1,High activity / full-night,C1: High activity / full-night
E01001331,3,905.80823,6.809930994463384,-0.2747844209805865,0.2171637809031609,0.162680902115451,0.4068382605386489,0.7692029374284713,5,43.609,2,0.522,0.223,1783,1,2,Medium activity / continuing,C3: Medium activity / continuing
E01001333,1,3874.10372,8.262327707880845,0.0268298392382741,0.1519516545106851,0.1071368760359363,0.2707348107285212,0.8784486231581194,3,43.622,2,0.501,0.17,2771,1,2,High activity / full-night,C1: High activity / full-night
E01001334,0,261.65659,5.57084743750973,-0.422119121861215,0.0854794446415433,0.0541382122269498,0.1358488461971572,0.7911279906143059,6,40.142,2,0.498,0.207,1686,1,2,Low activity / early-stop,C0: Low activity / early-stop
E01001336,2,968.06987,6.876336714554465,-0.1529144068908992,0.0944467882261432,0.070006486205381,0.1477256634484355,0.8435432707815669,6,26.316,4,0.341,0.121,1870,1,4,Partial-night transition,C2: Partial-night transition
E01001337,1,5814.95495,8.668360273309903,-0.0625725380727154,0.1127336403526221,0.0714570316662556,0.1791527637817275,0.7969668338811491,5,26.624,3,0.28,0.139,2202,1,3,High activity / full-night,C1: High activity / full-night
E01001338,1,6225.46075,8.736563352439415,0.0914102863792049,0.1278584448548647,0.0885872423177674,0.2234908531296432,0.7304189512126155,5,33.325,3,0.411,0.149,2007,1,3,High activity / full-night,C1: High activity / full-night
E01001339,2,385.19594,5.956344857251429,-0.4180352991259461,0.0867733704566044,0.0450690627736107,0.1453924051833247,0.6761996125828791,6,27.164,3,0.386,0.175,2239,1,3,Partial-night transition,C2: Partial-night transition
E01001341,1,1226.32876,7.112595346882229,-0.1160603947672237,0.1882973534764038,0.1319681110634639,0.3275869609827787,0.8236863118135029,3,22.979,4,0.322,0.122,1818,1,4,High activity / full-night,C1: High activity / full-night
E01001342,3,316.33216,5.759949048637428,-0.1182392583795463,0.1087901716980025,0.0855272508492339,0.172649468024397,0.8563070010140184,4,23.777,4,0.353,0.117,1944,1,4,Medium activity / continuing,C3: Medium activity / continuing
E01001343,3,184.79293,5.224632773987294,-0.228455331056226,0.1282247648760155,0.0773365084908822,0.199711630088173,0.7594062435681271,5,19.71,5,0.287,0.123,1435,1,5,Medium activity / continuing,C3: Medium activity / continuing
E01001344,1,1145.17862,7.044188749003519,-0.0280587145435879,0.108217048271474,0.0562564379694758,0.1766026210632112,0.7942291109024744,4,29.431,3,0.415,0.161,2255,1,3,High activity / full-night,C1: High activity / full-night
E01001347,0,527.46066,6.269968365453623,0.0625528356939454,0.0727304857200156,0.0488133465726145,0.1321112634440642,0.7959309352670703,5,27.654,3,0.38,0.149,1974,1,3,Low activity / early-stop,C0: Low activity / early-stop
E01001348,3,913.65744,6.81854961266323,-0.0950975455308501,0.0987327482387709,0.0677231501557082,0.1654681428016737,0.8855673540090379,6,34.972,2,0.465,0.172,1668,1,2,Medium activity / continuing,C3: Medium activity / continuing
E01001349,3,720.40486,6.581200505347217,-0.2055916446760228,0.1058348218250498,0.0727570466418008,0.1676213233260516,0.8381546325694388,6,35.848,2,0.417,0.174,1418,1,2,Medium activity / continuing,C3: Medium activity / continuing
E01001351,1,5389.36291,8.592367991877651,-0.0427368863159375,0.1686612713189878,0.0839231125372479,0.3003155600859319,0.7861528297618892,2,29.092,3,0.353,0.167,1990,1,3,High activity / full-night,C1: High activity / full-night
E01001352,1,2243.71873,7.716335505022122,-0.0254543447163717,0.1125495975157278,0.056321569326116,0.1885725738486736,0.7685397971992852,4,16.213,6,0.177,0.088,1602,1,6,High activity / full-night,C1: High activity / full-night
E01001353,1,1539.04357,7.33956598721525,0.2590632375664323,0.119473544209018,0.0612926637288117,0.2035870247579661,0.7810912800724543,2,21.292,5,0.32,0.141,1478,1,5,High activity / full-night,C1: High activity / full-night
E01001354,1,759.57267,6.634071662689762,-0.0957179120201889,0.1137565283911544,0.0482671921305436,0.1776323414790004,0.7681814188442044,4,21.619,4,0.241,0.118,2044,1,4,High activity / full-night,C1: High activity / full-night
E01001355,1,9876.47124,9.198011810613377,-0.0954758817279763,0.1248259768131517,0.0685501353214085,0.2086910599043437,0.78665873772174,3,23.669,4,0.284,0.142,1951,1,4,High activity / full-night,C1: High activity / full-night
E01001357,0,103.96326,4.653610384164663,-0.1660659736910905,0.0788729595435926,0.0298270754495386,0.1212948726786142,0.7685565728473467,2,17.643,5,0.274,0.111,2818,1,5,Low activity / early-stop,C0: Low activity / early-stop
E01001358,2,550.65595,6.312924572972493,-0.5511602117438302,0.0852803461035879,0.0533190279701871,0.130743754782637,0.6678333209266302,2,22.508,4,0.374,0.156,2088,1,4,Partial-night transition,C2: Partial-night transition
E01001359,1,745.04521,6.614786201584618,0.1370093903429027,0.1300711670906521,0.0572637867170503,0.217168022886018,0.996352655864794,4,34.752,2,0.386,0.124,2494,1,2,High activity / full-night,C1: High activity / full-night
E01001361,1,15814.98991,9.66877672688869,-0.0113463537454764,0.1759877132921926,0.118424961423197,0.3161129560989816,0.8971008226866352,6,45.091,1,0.408,0.154,2235,1,1,High activity / full-night,C1: High activity / full-night
E01001362,1,6760.22,8.818958626126431,0.1314444470742076,0.1193420731869672,0.0904397386475588,0.194292030395475,0.8309988216239728,4,37.563,2,0.458,0.157,2885,1,2,High activity / full-night,C1: High activity / full-night
E01001363,1,5006.64427,8.518720877908775,-0.13868677951829,0.1585116152060869,0.1079724443853887,0.2782572032530049,0.8408178450548788,4,31.829,3,0.414,0.115,2012,1,3,High activity / full-night,C1: High activity / full-night
E01001367,1,8906.67332,9.094668355051006,-0.0783086697963679,0.1584525612757064,0.1250137082607179,0.2657917433163627,0.9253387280016776,4,40.135,2,0.467,0.144,2791,1,2,High activity / full-night,C1: High activity / full-night
E01001369,2,759.95827,6.634578520615707,-0.1762866926890604,0.0768283500619053,0.0625729225895521,0.1172206151366215,0.7570484093428439,3,41.196,2,0.449,0.159,2033,1,2,Partial-night transition,C2: Partial-night transition
E01001370,1,3658.7274,8.205143942747258,-0.1284423048298159,0.1825573422059265,0.1486447856158947,0.3220286664468373,0.8361408136597291,4,31.771,3,0.337,0.119,2149,1,3,High activity / full-night,C1: High activity / full-night
E01001375,3,208.99674,5.34709200678745,-0.2575061218658244,0.1076146929373156,0.0665179753521514,0.1632064367909508,0.7015466734000323,4,7.083,9,0.062,0.036,1639,1,9,Medium activity / continuing,C3: Medium activity / continuing
E01001376,3,487.96798,6.192297006758329,-0.2828223687955918,0.1015586104645636,0.0609095703369717,0.1610841490929772,0.6750551120153849,4,22.513,4,0.28,0.149,1634,1,4,Medium activity / continuing,C3: Medium activity / continuing
E01001377,3,238.34944,5.477924576165842,0.4017278161005959,0.0801087260788194,0.0358020560065087,0.1193500323254893,0.5965250723680645,5,10.901,8,0.086,0.042,1616,1,8,Medium activity / continuing,C3: Medium activity / continuing
E01001384,3,334.59854,5.815915624166425,-0.1013432395730118,0.1167009575116496,0.0695496160861909,0.1937169922943262,0.8108624823252185,2,13.159,7,0.181,0.066,1714,1,7,Medium activity / continuing,C3: Medium activity / continuing
E01001385,3,912.30763,6.8170727679822365,0.0172794674533194,0.0682656572761536,0.0389169495381727,0.1010407446808441,0.8146116267989012,5,11.863,7,0.148,0.051,1678,1,7,Medium activity / continuing,C3: Medium activity / continuing
E01001386,3,338.5025,5.827481310741889,0.2674893686161845,0.0770539951699027,0.0442394073899011,0.1207153923664353,0.8037750267108212,5,11.847,7,0.11,0.082,1763,1,7,Medium activity / continuing,C3: Medium activity / continuing
E01001387,3,131.29532,4.88503669634557,0.2156958831434357,0.1366434081580363,0.0499828935258316,0.2387031827818386,0.708956356316907,2,17.723,5,0.219,0.107,1719,1,5,Medium activity / continuing,C3: Medium activity / continuing
E01001388,1,4309.8414,8.368888384462402,-0.1489508685864867,0.1083599897666767,0.0464050510072133,0.1815585278903766,0.7432959577507063,3,38.08,2,0.484,0.188,1391,1,2,High activity / full-night,C1: High activity / full-night
E01001390,3,494.73446,6.206040420463815,-0.2623479270071464,0.0774791187983954,0.034342584504827,0.1154994703455584,0.8872496661242928,4,16.795,6,0.2,0.098,1791,1,6,Medium activity / continuing,C3: Medium activity / continuing
E01001393,3,1027.51173,6.935868113986653,-0.2279958302763123,0.0894627548436843,0.0458002751949118,0.1370931264606425,0.7349162916590197,4,26.261,4,0.331,0.135,1887,1,4,Medium activity / continuing,C3: Medium activity / continuing
E01001394,1,4250.42171,8.355008725979122,-0.2552388125271457,0.1740667445442725,0.1161736866810799,0.302801223633488,0.7888602885979482,3,29.589,3,0.365,0.128,1993,1,3,High activity / full-night,C1: High activity / full-night
E01001395,0,198.82518,5.297442884299866,0.0316329149054461,0.1122641005530587,0.0936786779219815,0.1742056782285144,0.7752099789347624,4,37.748,2,0.456,0.205,1596,1,2,Low activity / early-stop,C0: Low activity / early-stop
E01001396,1,2449.90778,7.804213757361261,-0.311645738763277,0.1444012843618138,0.0911292954871958,0.244867572657048,0.8520015276316029,3,23.231,4,0.257,0.121,1506,1,4,High activity / full-night,C1: High activity / full-night
E01001397,0,507.25354,6.230980417560442,-0.5799082249874491,0.0760571922277762,0.0409750910757567,0.1186351460680791,0.8184323747030138,5,32.752,3,0.426,0.179,2166,1,3,Low activity / early-stop,C0: Low activity / early-stop
E01001398,0,109.6806,4.706648575937642,-0.0769375805748691,0.0307505611749023,0.0266581327965018,0.0394091697590001,0.8893613102487131,5,7.523,9,0.122,0.06,1322,1,9,Low activity / early-stop,C0: Low activity / early-stop
E01001399,2,108.26732,4.693797356879387,-0.1573944935553959,0.0475975576009455,0.0334427784856963,0.0672254459152068,0.6445648579550021,5,11.804,7,0.138,0.072,1422,1,7,Partial-night transition,C2: Partial-night transition
E01001400,3,1080.62015,6.986215334922859,-0.1742988690336747,0.1130740158787525,0.0685391994587552,0.171727589665959,0.7908701939425223,5,12.363,7,0.158,0.109,1549,1,7,Medium activity / continuing,C3: Medium activity / continuing
E01001402,1,1232.49971,7.117610700866019,-0.0637535809237634,0.0934076406395259,0.0579294740767119,0.1508727662045205,0.8431824575992344,6,12.07,7,0.182,0.084,1857,1,7,High activity / full-night,C1: High activity / full-night
E01001403,0,289.0713,5.67012675483036,-0.1075462697265345,0.0639855288297385,0.0492669109662564,0.0847363377831824,0.7326138775827657,5,16.668,6,0.239,0.11,1675,1,6,Low activity / early-stop,C0: Low activity / early-stop
E01001404,2,195.27693,5.279526570178249,-0.2298072281246945,0.1532518971903132,0.1167798981682065,0.2323205333009563,0.6518304234529761,7,20.034,5,0.284,0.123,1487,1,5,Partial-night transition,C2: Partial-night transition
E01001406,2,200.27382,5.304666269543098,0.1337562742848765,0.1017711650978645,0.0886606147523425,0.1552760535971728,0.6906809397418852,5,26.791,3,0.31,0.148,1650,1,3,Partial-night transition,C2: Partial-night transition
E01001408,0,330.53318,5.803727895114935,-0.3288514030573269,0.0279561646428355,0.014882741877835,0.0408861048330871,0.7575208940566815,4,16.056,6,0.2,0.106,1665,1,6,Low activity / early-stop,C0: Low activity / early-stop
E01001409,2,664.50527,6.5005465566618135,-0.3823614070058466,0.1018356709195097,0.063723903950378,0.1527713192128824,0.7578233245651723,3,38.461,2,0.508,0.244,2042,1,2,Partial-night transition,C2: Partial-night transition
E01001411,2,1211.56432,7.1004926688273535,-0.0994396896732647,0.0655507666320183,0.0470455006466351,0.0959199355021254,0.7570516125357343,2,18.252,5,0.218,0.118,1832,1,5,Partial-night transition,C2: Partial-night transition
E01001412,2,464.45933,6.143024724479226,-0.2950876452411883,0.0845264966471876,0.0583562612468135,0.1187967729280112,0.6875354821673058,7,28.161,3,0.299,0.151,1892,1,3,Partial-night transition,C2: Partial-night transition
E01001414,2,332.24343,5.808873243935744,-0.1434190888289348,0.0502852080476053,0.0314077241497296,0.0714747999257654,0.6246221397983229,5,41.835,2,0.497,0.265,1659,1,2,Partial-night transition,C2: Partial-night transition
E01001415,3,1224.62216,7.111203879762816,0.0242858091021315,0.0770393539179464,0.0500279367801085,0.1175332621868997,0.7155320949555775,7,18.197,5,0.241,0.114,2069,1,5,Medium activity / continuing,C3: Medium activity / continuing
E01001418,3,197.91322,5.292868649211772,-0.2404776194334061,0.0883363930918813,0.0704390035188149,0.1172569676183071,0.631075524394795,5,21.217,5,0.257,0.138,1704,1,5,Medium activity / continuing,C3: Medium activity / continuing
E01001419,3,2049.41471,7.625797349234037,0.2091957708257105,0.0959650328654077,0.0460625804720607,0.1499845647307452,0.6928597617449977,5,20.055,5,0.274,0.129,1967,1,5,Medium activity / continuing,C3: Medium activity / continuing
E01001423,0,195.60358,5.281189417109838,0.0013327976921485,0.0585255648183944,0.0400370484016703,0.0862211197197254,0.7927445839883955,2,37.772,2,0.463,0.186,1673,1,2,Low activity / early-stop,C0: Low activity / early-stop
E01001425,1,956.44567,6.86426897793058,-0.063695400492534,0.1383504512075421,0.0971907792734322,0.2448480527618489,0.9526855537957968,4,59.541,1,0.66,0.294,1945,1,1,High activity / full-night,C1: High activity / full-night
E01001426,2,517.20421,6.250369392371349,-0.3378457998244059,0.1296467598359263,0.0873617985437512,0.220099587621719,0.6225715526101725,4,48.149,1,0.59,0.237,1807,1,1,Partial-night transition,C2: Partial-night transition
E01001427,2,1884.29407,7.541839093019589,0.0255484697247919,0.1574300236480604,0.1249607498897451,0.2659093777541608,0.8372279412439936,6,49.55,1,0.55,0.27,1706,1,1,Partial-night transition,C2: Partial-night transition
E01001429,1,24341.15502,10.099964900830953,-0.0665650146292852,0.1400986414653711,0.0890017112261092,0.2348887945007027,0.8289581974250511,2,61.175,1,0.674,0.31,2214,1,1,High activity / full-night,C1: High activity / full-night
E01001430,1,1851.39959,7.524237153272088,0.0472716805560058,0.1806649530477642,0.122156346593984,0.3153088165471004,0.9470885484887324,2,47.371,1,0.6,0.218,1954,1,1,High activity / full-night,C1: High activity / full-night
E01001433,0,348.45778,5.856382753232327,0.064262591582831,0.0868273625573806,0.0658052748886823,0.1600065302161053,0.5985132367495529,6,47.401,1,0.578,0.263,1778,1,1,Low activity / early-stop,C0: Low activity / early-stop
E01001436,2,160.61284,5.085203598376123,-0.301256611862414,0.1077276262595194,0.0682599224321044,0.1704724277564854,0.6594880410463492,5,33.8,2,0.421,0.195,1972,1,2,Partial-night transition,C2: Partial-night transition
E01001437,0,275.96805,5.623902156574539,-0.0266044928026994,0.0313179732219001,0.0,0.0755831886357087,0.582770306059272,6,46.668,1,0.588,0.268,2262,1,1,Low activity / early-stop,C0: Low activity / early-stop
E01001438,2,799.05324,6.684678275453575,-0.4469681895038684,0.1824869016237266,0.1305484976195078,0.3217764068862657,0.7700268458475145,3,41.06,2,0.488,0.236,1632,1,2,Partial-night transition,C2: Partial-night transition
E01001439,1,4760.08337,8.468230520068298,-0.1900492238647492,0.1591037154460595,0.0978003710888786,0.2693187153556136,0.8476321193407675,2,51.294,1,0.632,0.245,2084,1,1,High activity / full-night,C1: High activity / full-night
E01001440,3,457.27139,6.127461563208192,0.0496276182946849,0.2071004923356346,0.1402429310086511,0.3532787062289828,0.6565902375652953,5,43.519,2,0.576,0.209,1679,1,2,Medium activity / continuing,C3: Medium activity / continuing
E01001441,3,961.22458,6.86924787456368,-0.0282602427832213,0.1194500769008632,0.076755787913788,0.1938930184203378,0.7893324950829695,3,43.529,2,0.56,0.252,1704,1,2,Medium activity / continuing,C3: Medium activity / continuing
E01001442,3,219.21491,5.394603933167944,-0.0346888357183368,0.105641263178677,0.0400229163244416,0.1637527624007602,0.6920060009504949,3,57.045,1,0.661,0.289,1673,1,1,Medium activity / continuing,C3: Medium activity / continuing
E01001444,1,1412.07553,7.25352383490066,-0.2072793018373457,0.2484102107484292,0.1285111073343222,0.4910934410137906,0.8289118540765692,4,32.352,3,0.438,0.159,1917,1,3,High activity / full-night,C1: High activity / full-night
E01001445,3,439.58425,6.088101687020281,-0.019032779268138,0.0513970188877331,0.0234759320881037,0.0798614185594912,0.6754627373785782,3,34.411,2,0.493,0.207,2822,1,2,Medium activity / continuing,C3: Medium activity / continuing
E01001446,3,464.82207,6.1438037371779535,-0.1896777190463439,0.214012084236878,0.1321417892227019,0.3806057374558173,0.7725370309036056,2,37.859,2,0.473,0.209,1895,1,2,Medium activity / continuing,C3: Medium activity / continuing
E01001447,3,1029.16282,6.937472146400626,-0.0911916347697053,0.0786856544234662,0.0319108204861112,0.1242624309309183,0.7125469113080611,3,49.561,1,0.609,0.285,1907,1,1,Medium activity / continuing,C3: Medium activity / continuing
E01001449,3,297.64846,5.699267162627267,-0.6524327389431144,0.0644116888761997,0.0190232128195791,0.1106175170192645,0.7615655836516191,5,33.813,2,0.469,0.195,1619,1,2,Medium activity / continuing,C3: Medium activity / continuing
E01001450,1,3773.08683,8.235913733083013,0.2141927780654865,0.0922420727857991,0.0572158605742979,0.1335490714957351,0.748305456895486,3,25.674,4,0.337,0.142,2348,1,4,High activity / full-night,C1: High activity / full-night
E01001451,3,1610.85149,7.385138791030984,-0.0807331965779166,0.1032282001365625,0.0754090186178491,0.1410895985085231,0.6990411981644329,5,13.917,7,0.169,0.097,1609,1,7,Medium activity / continuing,C3: Medium activity / continuing
E01001453,2,306.56642,5.728691063921931,-0.6356030774668667,0.0284872687621821,0.0033600548944662,0.039672878779041,0.6176125501877948,7,5.026,10,0.078,0.056,1689,1,10,Partial-night transition,C2: Partial-night transition
E01001454,0,246.63696,5.511963802691334,-0.3372153954541119,0.0168036047800783,0.0054921208889373,0.0231846657714035,0.7139159479828834,6,7.924,9,0.125,0.056,1662,1,9,Low activity / early-stop,C0: Low activity / early-stop
E01001455,3,385.57635,5.957329390562601,-0.2465981899564119,0.1384430865637895,0.0799709836975219,0.2196294320763992,0.7796344308884996,6,9.557,8,0.15,0.077,1448,1,8,Medium activity / continuing,C3: Medium activity / continuing
E01001458,1,3087.90808,8.03557293527285,-0.0952175040132671,0.1006265445569869,0.0661218127969664,0.1548940174011304,0.8187158215880855,2,48.005,1,0.572,0.244,1816,1,1,High activity / full-night,C1: High activity / full-night
E01001461,2,877.4666599999999,6.778177955854061,-0.2140586401311247,0.1007074616373458,0.0759324234609666,0.15263667501434,0.7162307931842027,5,61.808,1,0.689,0.323,1605,1,1,Partial-night transition,C2: Partial-night transition
E01001465,1,2284.12166,7.734174544799355,-0.256210897277687,0.1003427768379027,0.0721371601545952,0.1555018744515804,0.6567805501701669,4,34.838,2,0.401,0.152,1553,1,2,High activity / full-night,C1: High activity / full-night
E01001468,0,669.5485199999999,6.508096064011124,0.1358400135064147,0.0493620686369376,0.0396671327120549,0.0649860988032992,0.5500867470337552,5,21.748,4,0.231,0.194,1389,1,4,Low activity / early-stop,C0: Low activity / early-stop
E01001469,0,279.47303,5.636477570607449,-0.4270658603443774,0.0569569450046754,0.042050855497577,0.0818784852711952,0.7080573660874261,3,18.781,5,0.258,0.141,1730,1,5,Low activity / early-stop,C0: Low activity / early-stop
E01001470,2,548.80194,6.309558104280758,-0.192776978886044,0.0782974455228784,0.0504530650893836,0.1120817870822722,0.728736507790941,7,10.598,8,0.14,0.092,1634,1,8,Partial-night transition,C2: Partial-night transition
E01001471,0,163.98087,5.105829527785151,-0.4467488799150778,0.0273169059293318,0.0125958595048312,0.035912363395004,0.7239674667321915,4,15.671,6,0.21,0.124,1931,1,6,Low activity / early-stop,C0: Low activity / early-stop
E01001474,3,720.41363,6.58121266210853,-0.3072982808501278,0.0643747537091989,0.0253096127567714,0.0958552969448446,0.7008320421799442,5,10.854,8,0.172,0.103,1836,1,8,Medium activity / continuing,C3: Medium activity / continuing
E01001476,3,733.89638,6.599729509682443,-0.1981241275505405,0.1948855095865168,0.1270946724113832,0.3605957642775047,0.761066137617687,3,38.73,2,0.528,0.185,1767,1,2,Medium activity / continuing,C3: Medium activity / continuing
E01001478,2,429.43511,6.064796580799303,-0.2993789445860632,0.0941083974247005,0.0541744944888181,0.1404532621282299,0.7822006700339148,4,24.254,4,0.306,0.119,1658,1,4,Partial-night transition,C2: Partial-night transition
E01001479,1,3016.32887,8.012127238853115,-0.1558249813787711,0.1685965894030646,0.1099479248759768,0.294447767985821,0.8533422931934376,5,51.798,1,0.626,0.246,1780,1,1,High activity / full-night,C1: High activity / full-night
E01001480,2,574.7990599999999,6.355758745665455,-0.2311791532853237,0.0604080319825157,0.0306980669035888,0.0863383798059405,0.6907699927459864,4,34.286,2,0.431,0.189,1589,1,2,Partial-night transition,C2: Partial-night transition
E01001481,0,209.24453,5.34827128186777,-0.1245217258486996,0.0641454283177677,0.0606692084137157,0.0955352654849556,0.6202050224186054,6,35.811,2,0.512,0.171,1756,1,2,Low activity / early-stop,C0: Low activity / early-stop
E01001483,0,285.94169,5.6592790243859445,-0.443431771001983,0.0588686105898024,0.0371032989278338,0.0899307858965919,0.6425315462946699,7,60.116,1,0.641,0.368,1134,1,1,Low activity / early-stop,C0: Low activity / early-stop
E01001485,1,1017.02817,6.9256228686333055,-0.0348649634749054,0.1134292278256166,0.0577058647254579,0.1846796122488756,0.8325040810573977,3,47.944,1,0.604,0.225,1863,1,1,High activity / full-night,C1: High activity / full-night
E01001486,2,1051.32176,6.958754202046701,-0.3385047789746119,0.1359057097800391,0.0965210974040906,0.2269789432842361,0.730016086166781,6,48.67,1,0.583,0.263,2172,1,1,Partial-night transition,C2: Partial-night transition
E01001488,2,245.16033,5.505983071604373,0.2431046246348256,0.1766128312847351,0.1642107432307665,0.2655453019532257,0.7676287071083596,4,45.859,1,0.612,0.208,1975,1,1,Partial-night transition,C2: Partial-night transition
E01001489,0,277.47891,5.629342329390381,-0.2422350945518706,0.0579977411616616,0.0313951067488336,0.0915780191585371,0.7235866433977919,5,42.619,2,0.582,0.209,1935,1,2,Low activity / early-stop,C0: Low activity / early-stop
E01001491,1,2279.09273,7.731971392174073,-0.1505952985072266,0.1281576068210265,0.0864686536909799,0.2137062260965865,0.9039671688828876,4,44.036,2,0.542,0.236,1969,1,2,High activity / full-night,C1: High activity / full-night
E01001492,0,665.68165,6.502312645621414,0.2479007044883992,0.1242577289008942,0.1122318153129202,0.1912478692553708,0.7339337654587041,3,38.985,2,0.534,0.19,2018,1,2,Low activity / early-stop,C0: Low activity / early-stop
E01001493,3,320.02911,5.771531804376603,-0.385964608032063,0.1595581414453204,0.1027436222911097,0.2713929005138332,0.7270698190597068,5,27.517,3,0.335,0.166,1851,1,3,Medium activity / continuing,C3: Medium activity / continuing
E01001498,1,1395.27753,7.241565067288405,0.1560502662147795,0.1198878118534597,0.0639145962595699,0.2007787480377543,0.8926818773705942,2,25.761,4,0.334,0.127,1812,1,4,High activity / full-night,C1: High activity / full-night
E01001499,3,2137.293,7.667763126161648,-0.2199676880989176,0.1060066074235025,0.071796103763031,0.1613706388831927,0.7252985133462292,4,24.004,4,0.334,0.14,1512,1,4,Medium activity / continuing,C3: Medium activity / continuing
E01001500,3,469.36115,6.15350080388802,-0.0459706773771114,0.0963027297849427,0.0670402311737986,0.1563409797544602,0.8174413015039665,2,19.918,5,0.245,0.115,1596,1,5,Medium activity / continuing,C3: Medium activity / continuing
E01001501,1,7221.45996,8.884950888538246,-0.1532884272891543,0.1295862935173014,0.0765036326532509,0.2119372619639437,0.8173160314592464,3,31.473,3,0.363,0.173,2194,1,3,High activity / full-night,C1: High activity / full-night
E01001502,1,3467.06848,8.15135308395692,-0.195859361854889,0.1386836379995586,0.0827862909705204,0.2287252383541281,0.7934862861785948,3,37.888,2,0.543,0.182,1995,1,2,High activity / full-night,C1: High activity / full-night
E01001504,0,258.54019,5.558911565373238,-0.5029533319365163,0.0439011048920479,0.0245769139413102,0.0638982959722545,0.7480628586054049,5,29.665,3,0.382,0.134,2119,1,3,Low activity / early-stop,C0: Low activity / early-stop
E01001505,3,4584.00966,8.430547491558574,-0.1623496011568178,0.1189999651964084,0.0853223027457581,0.1920970310100831,0.7866940814639001,5,36.031,2,0.439,0.182,1947,1,2,Medium activity / continuing,C3: Medium activity / continuing
E01001507,1,4807.24681,8.478087808092216,0.0274380898699893,0.1530071617021885,0.0970383232726093,0.2721398460791934,0.8606821392728843,4,44.612,2,0.472,0.223,2618,1,2,High activity / full-night,C1: High activity / full-night
E01001509,0,252.08593,5.533729075330237,-0.1584552140613322,0.0384572038590174,0.0179436432648184,0.0558888812919035,0.7405399489445768,6,46.077,1,0.57,0.255,1764,1,1,Low activity / early-stop,C0: Low activity / early-stop
E01001511,3,3386.28562,8.127784177576482,-0.0078027676826623,0.0805611488850134,0.0474002544416203,0.1239063181543816,0.7285430238515478,4,26.549,4,0.363,0.136,1907,1,4,Medium activity / continuing,C3: Medium activity / continuing
E01001512,3,4853.36883,8.487634368154692,0.0485966342681604,0.0626000806124598,0.0318446764327202,0.0917021356227279,0.8094576212420418,5,21.545,4,0.3,0.148,2240,1,4,Medium activity / continuing,C3: Medium activity / continuing
E01001513,3,1653.55995,7.41129036121715,0.2195178046009157,0.062516227488456,0.0347749593233677,0.0928000292868466,0.7317668612899486,4,44.271,2,0.528,0.245,2011,1,2,Medium activity / continuing,C3: Medium activity / continuing
E01001515,2,142.58506,4.966927612204477,-0.4067427541146317,0.0946648267357042,0.0539042449468408,0.1487859011646332,0.744954263655506,4,43.914,2,0.54,0.241,2020,1,2,Partial-night transition,C2: Partial-night transition
E01001516,2,860.69642,6.758903027658931,-0.1204395621861654,0.0758327541318227,0.0547801046970777,0.1094760233278986,0.7460090411961806,4,33.067,3,0.406,0.178,2131,1,3,Partial-night transition,C2: Partial-night transition
E01001518,3,1273.50922,7.150316457999497,-0.1831850106275634,0.089401724158699,0.0554573056016037,0.1374378196760314,0.7678334844833437,6,21.993,4,0.302,0.134,1667,1,4,Medium activity / continuing,C3: Medium activity / continuing
E01001520,3,235.41015,5.465568220312432,-0.0613101431692728,0.0495177034635082,0.0243110163261864,0.0653416245717427,0.6846938020640161,6,17.789,5,0.2,0.118,1843,1,5,Medium activity / continuing,C3: Medium activity / continuing
E01001521,3,399.62927,5.993036485964469,-0.2023886538641176,0.1013779596274317,0.0610020131908756,0.1486528736934542,0.6409762158144052,5,9.74,8,0.159,0.071,1873,1,8,Medium activity / continuing,C3: Medium activity / continuing
E01001522,0,159.02053,5.075302119502482,-0.296792307257434,0.0203171879756657,0.0,0.025969041472017,0.7022749397503644,6,18.613,5,0.276,0.13,1812,1,5,Low activity / early-stop,C0: Low activity / early-stop
E01001523,2,480.92478,6.177788043780983,-0.2138252472663189,0.0514118652817182,0.0350378285768514,0.0698197910091562,0.8764163708005723,5,10.828,8,0.172,0.075,1859,1,8,Partial-night transition,C2: Partial-night transition
E01001524,3,380.18759,5.943291616160927,-0.2003249764149324,0.0931569333970106,0.0488678233816101,0.1423224915492641,0.8814940972084696,5,21.494,5,0.268,0.146,1487,1,5,Medium activity / continuing,C3: Medium activity / continuing
E01001527,3,432.95034,6.07293010359035,-0.1948570822233329,0.0421908665090781,0.0156350495070635,0.0572347140742742,0.7255603307252418,4,18.817,5,0.246,0.104,2055,1,5,Medium activity / continuing,C3: Medium activity / continuing
E01001528,3,1233.89702,7.118742860970003,-0.2398709902062977,0.1126795978484493,0.0761591514338854,0.1704736389318453,0.7437897505388609,5,33.553,2,0.44,0.207,1743,1,2,Medium activity / continuing,C3: Medium activity / continuing
E01001529,3,881.01456,6.782208563807044,-0.2190206708956092,0.1041790501169469,0.0751650914827105,0.1502879644689822,0.7544950120194585,5,36.202,2,0.414,0.196,1779,1,2,Medium activity / continuing,C3: Medium activity / continuing
E01001530,3,160.35446,5.0836035598884886,0.3575483962217203,0.0891191925687629,0.0534543286167406,0.1251279678650494,0.7510580059712076,5,24.03,4,0.294,0.153,1725,1,4,Medium activity / continuing,C3: Medium activity / continuing
E01001532,3,546.3399900000001,6.305070163267872,-0.098846672380691,0.0630306231107117,0.0340684378604612,0.0941888243023394,0.7566362812802592,4,8.057,9,0.085,0.066,1605,1,9,Medium activity / continuing,C3: Medium activity / continuing
E01001534,1,5661.44728,8.641611459372672,0.101615345254968,0.0805144651987291,0.0470300908639742,0.1249164656056159,0.7239207451112964,5,15.574,6,0.172,0.094,1689,1,6,High activity / full-night,C1: High activity / full-night
E01001535,0,179.7406,5.197062854154036,-0.3421320502991533,0.0339728475369504,0.0182498556252733,0.048315967421161,0.6311672607781805,5,12.227,7,0.125,0.084,1442,1,7,Low activity / early-stop,C0: Low activity / early-stop
E01001536,1,2599.57522,7.863487938001493,-0.0505561597098159,0.0792182655133941,0.0417178080348065,0.1189824909722064,0.6657011977474255,4,22.423,4,0.259,0.123,1982,1,4,High activity / full-night,C1: High activity / full-night
E01001537,0,219.77496,5.397143902174915,-0.1287279497172926,0.0362410713213188,0.0329739111316412,0.0448461357419796,0.8336954990112658,5,16.824,6,0.274,0.111,1704,1,6,Low activity / early-stop,C0: Low activity / early-stop
E01001538,0,295.24532,5.691187894856205,-0.2480088084038046,0.0435203850140622,0.0361033326455437,0.0562075704515541,0.7016010422695965,5,7.099,9,0.115,0.063,1636,1,9,Low activity / early-stop,C0: Low activity / early-stop
E01001540,0,331.03539,5.80524155962104,-0.0150103286539847,0.0648671732650699,0.0468050863081436,0.0973549890638835,0.8801265595013598,4,16.45,6,0.232,0.112,1851,1,6,Low activity / early-stop,C0: Low activity / early-stop
E01001542,0,284.82694,5.655386522774894,-0.1752971822117669,0.0513467581402236,0.0299534166255481,0.0825707062209731,0.7894182186434594,6,22.785,4,0.317,0.148,1541,1,4,Low activity / early-stop,C0: Low activity / early-stop
E01001544,0,110.30056,4.712234289715382,-0.12622057403879,0.0593085837460843,0.0486895080133772,0.0881844459653119,0.6650424810568012,5,10.742,8,0.136,0.092,1727,1,8,Low activity / early-stop,C0: Low activity / early-stop
E01001547,1,2613.71816,7.868911592487858,-0.1543181151559202,0.2101283215631788,0.1253973496515018,0.3918903595062653,0.8497992584557954,4,35.677,2,0.447,0.176,2107,1,2,High activity / full-night,C1: High activity / full-night
E01001549,1,1622.87557,7.392570898328074,-0.1284716054971485,0.1353311763760175,0.0885913884328174,0.2297133878986713,0.7909377731421718,5,49.52,1,0.57,0.284,2442,1,1,High activity / full-night,C1: High activity / full-night
E01001550,3,186.01776,5.231203585606944,-0.3173655031648592,0.1222730023197785,0.0390027812398128,0.2329812196954735,0.8580748017509607,5,37.124,2,0.501,0.202,1725,1,2,Medium activity / continuing,C3: Medium activity / continuing
E01001551,2,467.61449,6.14978044749063,-0.0419882412112593,0.1027556267557064,0.056581651265768,0.1594218559675723,0.7997377201661345,5,48.122,1,0.525,0.259,1732,1,1,Partial-night transition,C2: Partial-night transition
E01001552,2,309.72104,5.73889553216224,-0.1235155351409126,0.0887042094395653,0.062576439753657,0.1376506790279363,0.7774865326511956,3,30.546,3,0.385,0.166,1968,1,3,Partial-night transition,C2: Partial-night transition
E01001553,2,1063.43172,6.970196339486256,-0.3372098398569491,0.0973742630133319,0.0540522338378245,0.157883715690239,0.831871282700823,4,40.337,2,0.504,0.224,1671,1,2,Partial-night transition,C2: Partial-night transition
E01001554,1,1753.32697,7.469840569470275,-0.0569648626348341,0.2002585347785986,0.136805521220038,0.3723771306519075,0.8863604613326745,4,58.598,1,0.643,0.259,1742,1,1,High activity / full-night,C1: High activity / full-night
E01001558,1,21181.11347,9.960912400296074,-0.0031898988736214,0.1463174589187449,0.092563969914845,0.2537043313768992,0.8605150797839576,2,49.692,1,0.503,0.217,1938,1,1,High activity / full-night,C1: High activity / full-night
E01001559,3,1073.41679,6.979533272413803,-0.0568362359973892,0.188294744299649,0.1438476474734478,0.3816065551095542,0.9611624627435944,5,42.997,2,0.491,0.196,2155,1,2,Medium activity / continuing,C3: Medium activity / continuing
E01001560,2,1446.8844299999998,7.27785875622448,-0.2905931816544601,0.1166108270306012,0.0739935669913871,0.1842607730031824,0.7408560216580374,5,34.028,2,0.398,0.17,1537,1,2,Partial-night transition,C2: Partial-night transition
E01001563,1,1268.52154,7.146395368310754,-0.2561080831154038,0.1358827300638505,0.0839882466639076,0.2145085943604293,0.7597412943473543,5,19.529,5,0.259,0.106,1732,1,5,High activity / full-night,C1: High activity / full-night
E01001564,3,905.94887,6.810086075869028,-0.0297241388468203,0.1563389223058471,0.1105704453276706,0.2682727337660887,0.7873100780099938,6,10.355,8,0.129,0.071,1628,1,8,Medium activity / continuing,C3: Medium activity / continuing
E01001569,1,1070.67823,6.976981137992055,-0.2043075350472009,0.1247536059456443,0.0633495835625611,0.2135549165742113,0.7945424766316245,5,19.121,5,0.235,0.109,1762,1,5,High activity / full-night,C1: High activity / full-night
E01001571,3,688.97164,6.536650495297342,-0.155959743132533,0.1800146374675161,0.1213175479907997,0.3183665397624021,0.8692268911490961,5,18.439,5,0.199,0.097,1806,1,5,Medium activity / continuing,C3: Medium activity / continuing
E01001572,3,1980.06197,7.59138832838999,-0.3110365328616457,0.189244354811784,0.1293282149144049,0.3196939484481073,0.8130381107728899,6,19.662,5,0.245,0.119,1642,1,5,Medium activity / continuing,C3: Medium activity / continuing
E01001573,1,1175.71291,7.070480160770283,-0.1866060737565602,0.2122405290250661,0.1457446444132352,0.3816492303449383,0.7998396406648968,6,20.711,5,0.243,0.111,1590,1,5,High activity / full-night,C1: High activity / full-night
E01001574,0,212.5904,5.364060162255811,-0.4349763677005172,0.0659736281600674,0.0468358401884562,0.1037304276246452,0.6566015661723487,5,40.635,2,0.416,0.26,1971,1,2,Low activity / early-stop,C0: Low activity / early-stop
E01001575,3,801.75666,6.688051629416055,-0.2653308548755927,0.1437742344416571,0.1016233404285035,0.2353219137890796,0.7628191578604236,4,39.427,2,0.43,0.244,1825,1,2,Medium activity / continuing,C3: Medium activity / continuing
E01001576,0,223.49501,5.413853479763789,-0.1841194127779407,0.1720678685398837,0.1381613397095532,0.3101550189970031,0.6859459979770016,4,33.654,2,0.394,0.181,1952,1,2,Low activity / early-stop,C0: Low activity / early-stop
E01001577,1,2467.3938,7.811322934695256,-0.0801204898869406,0.1606886018761983,0.1058955202043549,0.2656913932900741,0.7714756586519663,4,29.677,3,0.354,0.18,2036,1,3,High activity / full-night,C1: High activity / full-night
E01001579,2,485.49813,6.187233057836555,-0.1682406686097844,0.1753948671233811,0.1281005551967831,0.298670487604091,0.779346503599734,5,31.564,3,0.372,0.184,1754,1,3,Partial-night transition,C2: Partial-night transition
E01001580,1,1561.22826,7.353868452885833,-0.1425996349822671,0.1002550005083817,0.0690183894057874,0.1545785431259299,0.7013519628059792,5,10.79,8,0.12,0.064,1618,1,8,High activity / full-night,C1: High activity / full-night
E01001581,1,6574.20336,8.791060785845232,-0.1746800664833708,0.0958830592061271,0.0539977166145952,0.1546827903319405,0.8007289337251228,6,22.196,4,0.254,0.134,1565,1,4,High activity / full-night,C1: High activity / full-night
E01001582,2,528.07007,6.271120880553503,-0.3299045333131643,0.0943503955829195,0.0566041358867394,0.1520663791410851,0.7535282136982008,5,21.967,4,0.245,0.14,1530,1,4,Partial-night transition,C2: Partial-night transition
E01001583,3,735.84744,6.6023808694047466,-0.337105310850847,0.1088987684729867,0.0729524451427051,0.170660310911338,0.7257442059751827,5,11.826,7,0.126,0.062,1551,1,7,Medium activity / continuing,C3: Medium activity / continuing
E01001587,0,103.65153,4.650636068947581,-0.2536092810207431,0.0528918386443499,0.0242087116321389,0.0803948237671472,0.7063141495942469,5,10.41,8,0.125,0.078,1979,1,8,Low activity / early-stop,C0: Low activity / early-stop
E01001588,1,1696.72177,7.437042495965802,-0.2855869940302588,0.1306021788121455,0.0753756816593447,0.2159004283906918,0.7822273239945479,3,29.917,3,0.329,0.175,1701,1,3,High activity / full-night,C1: High activity / full-night
E01001590,3,379.33758,5.941059226775803,-0.2608105951432494,0.0688479902254872,0.0419468063248571,0.1087203154095257,0.86879420852093,5,19.061,5,0.217,0.126,1702,1,5,Medium activity / continuing,C3: Medium activity / continuing
E01001591,1,1964.28944,7.583394811166043,-0.288859171385659,0.1286136375095515,0.0680543443740144,0.223157539529809,0.746975729556141,6,30.883,3,0.362,0.195,2119,1,3,High activity / full-night,C1: High activity / full-night
E01001593,3,678.5379800000001,6.52141312606892,-0.1689666656537043,0.1085299013033876,0.075182291196139,0.1750633698948568,0.6896858728318201,5,10.999,8,0.113,0.079,1771,1,8,Medium activity / continuing,C3: Medium activity / continuing
E01001594,1,2006.15435,7.604473251668833,-0.2893692850702141,0.140163771546292,0.0771862892802839,0.2497886981937921,0.8320038952074308,5,27.934,3,0.41,0.173,2350,1,3,High activity / full-night,C1: High activity / full-night
E01001596,0,221.84933,5.406495892881426,-0.2873142325920028,0.0994146793231244,0.0753289631300667,0.1428139986349997,0.85629579307993,6,6.247,9,0.073,0.067,1681,1,9,Low activity / early-stop,C0: Low activity / early-stop
E01001597,2,366.02086,5.905418685676339,0.006576291853967,0.0720115787936239,0.056563743388833,0.1045285317363896,0.8474419646380698,6,15.381,6,0.147,0.106,1603,1,6,Partial-night transition,C2: Partial-night transition
E01001600,0,887.73368,6.789797618079652,-0.0068615848843315,0.0621279796436246,0.0296476078276088,0.089348624227597,0.6487360138900039,3,17.427,6,0.162,0.121,1516,1,6,Low activity / early-stop,C0: Low activity / early-stop
E01001601,3,371.78828,5.9210106445490185,0.1196078585371222,0.1893488950216505,0.1632077536171931,0.3019729472300048,0.8988217771887341,6,10.344,8,0.108,0.074,1527,1,8,Medium activity / continuing,C3: Medium activity / continuing
E01001602,2,806.48613,6.693925878478706,-0.3387461480583677,0.0819638894471749,0.0549662025805701,0.127112543088116,0.6805537452932203,6,35.203,2,0.399,0.212,2105,1,2,Partial-night transition,C2: Partial-night transition
E01001603,3,705.67578,6.560571975141208,-0.3397537889142234,0.1226891618697753,0.0715447538811662,0.193326263806344,0.7575666517162516,6,36.943,2,0.423,0.255,1727,1,2,Medium activity / continuing,C3: Medium activity / continuing
E01001604,2,2403.18697,7.784967067173245,0.0814967010244732,0.0668237686059025,0.02564854951756,0.101223270446198,0.7861088689353982,6,15.649,6,0.158,0.095,1602,1,6,Partial-night transition,C2: Partial-night transition
E01001605,0,134.35205,4.907879161863602,-0.16488270927016,0.0170621884816792,0.0050586500168773,0.0226790289275003,0.6234209841970904,7,5.196,10,0.043,0.061,1514,1,10,Low activity / early-stop,C0: Low activity / early-stop
E01001606,0,106.96038,4.681764307965766,-0.1114842710917818,0.0080955209770197,0.0,0.0099115083955936,0.7167309004868727,6,4.764,10,0.059,0.055,1660,1,10,Low activity / early-stop,C0: Low activity / early-stop
E01001607,2,472.78107,6.160745337359614,-0.0825082738613033,0.0862476156247118,0.0639411387600607,0.133942685311009,0.7096343713254413,5,17.103,6,0.166,0.125,1630,1,6,Partial-night transition,C2: Partial-night transition
E01001609,2,2651.07034,7.883095874332596,-0.1683303204999079,0.0689818022708518,0.036867056496132,0.1077763480069607,0.8139539796235976,3,21.519,5,0.197,0.128,1712,1,5,Partial-night transition,C2: Partial-night transition
E01001611,2,847.97945,6.744034981071406,-0.3271394961281195,0.0739481835320419,0.0398165663094783,0.1143526180489681,0.7319442786235025,6,17.763,5,0.196,0.119,1764,1,5,Partial-night transition,C2: Partial-night transition
E01001613,3,1306.7482,7.176062005839909,-0.1510072101113282,0.1123196955618534,0.0817910520175195,0.1739145704763851,0.7510234137144867,7,22.365,4,0.262,0.149,1804,1,4,Medium activity / continuing,C3: Medium activity / continuing
E01001614,3,1218.65783,7.106325631175903,-0.2963508058697658,0.1663255714690645,0.1015176835978644,0.2924057904880808,0.7953496539361148,7,5.293,10,0.062,0.052,1539,1,10,Medium activity / continuing,C3: Medium activity / continuing
E01001615,1,9630.96157,9.17284217771506,0.1075399026849195,0.0749048799288273,0.0426794092170798,0.1124208696298499,0.78809024095312,6,20.378,5,0.211,0.104,2157,1,5,High activity / full-night,C1: High activity / full-night
E01001617,3,1937.43953,7.569638562402097,0.1228629778189774,0.086824046580695,0.0528940585825664,0.1315899787646764,0.6124133959859519,7,12.673,7,0.139,0.081,1673,1,7,Medium activity / continuing,C3: Medium activity / continuing
E01001618,0,656.15822,6.487924811409475,-0.0971936920945682,0.0633337794655685,0.0353234620759608,0.0946824383164931,0.7747849357997478,6,19.484,5,0.249,0.143,1915,1,5,Low activity / early-stop,C0: Low activity / early-stop
E01001619,0,168.78125,5.134510843751796,0.0342640548046658,0.031118622477319,0.0,0.0463031955503004,1.0079518452483698,6,12.829,7,0.178,0.083,1987,1,7,Low activity / early-stop,C0: Low activity / early-stop
E01001620,3,429.65563,6.065308768411078,-0.128032093981871,0.1296054935902969,0.0890326515679545,0.210833843830905,0.693635540352687,5,32.802,3,0.403,0.194,1647,1,3,Medium activity / continuing,C3: Medium activity / continuing
E01001621,3,746.93877,6.617321116335135,-0.3019237708065414,0.1181366981392597,0.0712707682853308,0.1886623442952531,0.7666919336177309,4,28.283,3,0.324,0.195,1704,1,3,Medium activity / continuing,C3: Medium activity / continuing
E01001624,2,188.07541,5.242145930191414,0.3098249260761946,0.0867897616174278,0.063484747952962,0.1414330845917494,0.7368392566893408,6,22.542,4,0.264,0.15,1601,1,4,Partial-night transition,C2: Partial-night transition
E01001625,2,1466.21752,7.291123042543228,-0.3211859178984575,0.1176450544664068,0.0788431241771002,0.1906105455256653,0.8266511162067707,5,39.719,2,0.404,0.232,1763,1,2,Partial-night transition,C2: Partial-night transition
E01001629,1,1546.13045,7.3441571715169855,0.1997985292896857,0.1393859813057817,0.090320186113662,0.2439109139260616,0.7692049559897217,4,33.938,2,0.379,0.186,2144,1,2,High activity / full-night,C1: High activity / full-night
E01001631,1,6847.574979999999,8.8317958774978,-0.1568421146372025,0.1399502397270573,0.099259253383159,0.2548912992147534,0.9225559564853842,4,41.784,2,0.471,0.226,2066,1,2,High activity / full-night,C1: High activity / full-night
E01001632,1,1672.40585,7.422616259732046,-0.5108083005091139,0.1721971553734997,0.1018035544422425,0.308375907615317,0.7508624518344098,3,32.353,3,0.346,0.156,2050,1,3,High activity / full-night,C1: High activity / full-night
E01001633,0,170.80194,5.146342301686631,-0.3174586892865502,0.0579483464883361,0.0501028267009145,0.0842736436780356,0.739288151683664,3,31.274,3,0.366,0.171,1970,1,3,Low activity / early-stop,C0: Low activity / early-stop
E01001634,0,358.00963,5.8833492126410425,-0.3308919651127819,0.0638633659100175,0.0496938029292675,0.0923559166790373,0.8201368554227217,4,35.71,2,0.444,0.223,1771,1,2,Low activity / early-stop,C0: Low activity / early-stop
E01001637,3,459.4895,6.1322900541324765,-0.7443620800910575,0.1342579971903601,0.0577467820265751,0.2436589280413899,0.7118145733117889,4,30.893,3,0.321,0.158,1813,1,3,Medium activity / continuing,C3: Medium activity / continuing
E01001638,3,246.51741,5.511480922969105,-0.2331679940982667,0.1908470886498442,0.1033761469423194,0.3405972202675599,0.9913837381806356,2,36.513,2,0.448,0.208,1729,1,2,Medium activity / continuing,C3: Medium activity / continuing
E01001641,1,8307.10861,9.024987257852295,0.2841136044807292,0.0765150366801331,0.0339680487215876,0.1215077800453485,1.114403304186962,3,15.421,6,0.135,0.074,2043,1,6,High activity / full-night,C1: High activity / full-night
E01001642,3,614.60939,6.422612655259698,0.0225223861288549,0.0955615077732541,0.0508558614765062,0.1384172665600564,0.9133078353131988,7,14.184,6,0.109,0.065,1802,1,6,Medium activity / continuing,C3: Medium activity / continuing
E01001644,1,2404.86563,7.785665047094774,-0.177328123733882,0.1434120791189485,0.0790520383461091,0.2446554288836445,1.0174862932412003,2,16.761,6,0.153,0.084,2657,1,6,High activity / full-night,C1: High activity / full-night
E01001645,2,579.05304,6.363119547635188,-0.3626375918862285,0.0742548730941814,0.0442723519765995,0.1141737985167167,0.7470231180785251,5,23.788,4,0.304,0.159,1875,1,4,Partial-night transition,C2: Partial-night transition
E01001646,1,2219.08656,7.705301465097187,-0.3488585591722029,0.1190803030234206,0.0698254510630716,0.1924225368934776,0.7661899868899957,6,25.76,4,0.358,0.165,2949,1,4,High activity / full-night,C1: High activity / full-night
E01001648,1,1028.31586,6.936649646943873,-0.2124588256374846,0.1269214499910562,0.0829245597748536,0.2049827539458233,0.7031180904845977,5,17.972,5,0.195,0.124,1683,1,5,High activity / full-night,C1: High activity / full-night
E01001651,3,695.21767,6.545662355693003,-0.1884691020583525,0.1897390784097878,0.1371244347112178,0.3250100895816876,0.729800431034803,5,36.619,2,0.396,0.224,1894,1,2,Medium activity / continuing,C3: Medium activity / continuing
E01001652,3,1305.03145,7.174748390710289,-0.3007780770340821,0.0959923992636346,0.0538357907006762,0.1538709065971805,0.7694465280374971,5,17.805,5,0.216,0.097,1691,1,5,Medium activity / continuing,C3: Medium activity / continuing
E01001653,0,445.42391,6.101268971460675,-0.3109485299071619,0.0720300129375632,0.0563958948678799,0.1057098436715272,0.7141145643950441,6,41.366,2,0.491,0.239,1569,1,2,Low activity / early-stop,C0: Low activity / early-stop
E01001655,0,169.77499999999998,5.140346900617913,-0.2411243115888676,0.0919313797673391,0.0804464732734501,0.1286175104042593,0.6245511896496381,6,44.327,2,0.44,0.284,1528,1,2,Low activity / early-stop,C0: Low activity / early-stop
E01001658,3,1331.40713,7.194742457551079,-0.1236373054424006,0.1522327359025033,0.0988517989985527,0.2453668256969709,0.7779891024991876,5,16.872,6,0.251,0.116,1684,1,6,Medium activity / continuing,C3: Medium activity / continuing
E01001659,1,1237.04558,7.121289270014292,-0.0458535246534731,0.1690612887521897,0.1298818997437426,0.2936846099752506,0.7653187219397528,6,16.258,6,0.163,0.099,1626,1,6,High activity / full-night,C1: High activity / full-night
E01001660,2,290.89895,5.676407680731297,-0.613505514543796,0.0452438896737165,0.0152376624253886,0.0653622004217995,0.7528019108463494,5,30.812,3,0.348,0.188,1570,1,3,Partial-night transition,C2: Partial-night transition
E01001661,3,745.1544299999999,6.614932589503858,-0.0457612390494678,0.128144913531548,0.0854674110975895,0.1965020534423684,0.6344736973117632,6,30.241,3,0.327,0.18,1630,1,3,Medium activity / continuing,C3: Medium activity / continuing
E01001665,1,2180.40091,7.687722568657845,-0.1633252437048377,0.1131126752281533,0.0596310611519603,0.1930495744687829,0.8423450282581241,3,17.533,5,0.19,0.117,1982,1,5,High activity / full-night,C1: High activity / full-night
E01001666,1,4096.07329,8.318028166085918,0.0172429019208296,0.1438413984042751,0.0951811606867024,0.2395828102575705,0.7673971638696213,2,19.371,5,0.2,0.096,2109,1,5,High activity / full-night,C1: High activity / full-night
E01001669,2,1191.12679,7.083494209418343,-0.3036118010577194,0.1322840702793696,0.0968244279015838,0.226074504606577,0.8091459289323953,5,31.245,3,0.347,0.193,2536,1,3,Partial-night transition,C2: Partial-night transition
E01001671,2,917.93567,6.823216119905573,-0.4870126792218456,0.0983740069715342,0.0536432035591339,0.1615577304437807,0.6833653453084204,6,28.551,3,0.35,0.175,1661,1,3,Partial-night transition,C2: Partial-night transition
E01001673,1,9881.47754,9.198518522463983,-0.1563229298196634,0.1411685048468976,0.0820467219318296,0.2430688035866123,0.8236868379183088,2,35.867,2,0.341,0.171,2452,1,2,High activity / full-night,C1: High activity / full-night
E01001674,0,107.04852,4.682580385496753,0.0574694540382249,0.2364453053624655,0.2048928840865805,0.4216898602487344,0.8508292856266749,4,28.015,3,0.321,0.142,2272,1,3,Low activity / early-stop,C0: Low activity / early-stop
E01001676,1,4278.20025,8.361521413639174,-0.2637536917539099,0.1665895185715067,0.1180215629223994,0.2917540249689357,0.7831306799568869,3,35.241,2,0.393,0.192,1801,1,2,High activity / full-night,C1: High activity / full-night
E01001677,1,1379.47426,7.230182385778054,0.0906434600671708,0.2077449346535831,0.1587942931243965,0.3654645974602411,0.8968556986406675,4,29.135,3,0.323,0.163,2225,1,3,High activity / full-night,C1: High activity / full-night
E01001678,2,477.38055,6.170406545455415,-0.2686828987900743,0.1232621437970189,0.0986954747108988,0.195665000538351,0.7176958205568693,6,20.479,5,0.223,0.137,1760,1,5,Partial-night transition,C2: Partial-night transition
E01001680,0,206.11471,5.333272794367788,-0.4943478803623478,0.048218295530678,0.0347372586847391,0.0712848172914581,0.5269427937526874,7,8.413,8,0.132,0.075,1485,1,8,Low activity / early-stop,C0: Low activity / early-stop
E01001682,1,1598.7596,7.377608646939211,-0.2996785758159012,0.1048007592886385,0.0587622742030759,0.1610606420190918,0.7760090587120267,7,18.487,5,0.215,0.129,1361,1,5,High activity / full-night,C1: High activity / full-night
E01001683,1,3065.11898,8.028167864941047,-0.4596820381830658,0.1222310332631851,0.0696032915498764,0.2045250132315253,0.7439407441613209,5,26.46,4,0.281,0.157,1569,1,4,High activity / full-night,C1: High activity / full-night
E01001684,3,151.56346,5.027580640636454,0.3427089880370902,0.1648562259003588,0.137098150174191,0.269245946523179,1.2264197473488627,7,23.476,4,0.312,0.166,1416,1,4,Medium activity / continuing,C3: Medium activity / continuing
E01001686,0,952.28812,6.859917187447687,-0.4524576238544275,0.0814953881814675,0.0559358757935571,0.1340452801933806,0.728800818154385,6,26.075,4,0.322,0.172,1748,1,4,Low activity / early-stop,C0: Low activity / early-stop
E01001688,1,1943.87338,7.572952153676364,-0.2749551928119927,0.1653120379682343,0.1255141525730446,0.2872707125756869,0.7551707687122573,4,28.754,3,0.334,0.173,2621,1,3,High activity / full-night,C1: High activity / full-night
E01001690,3,629.58413,6.446646580286191,-0.3164265751107799,0.1705019788221154,0.1295634786728185,0.2948442399491928,0.7214195083848799,6,34.573,2,0.43,0.217,1683,1,2,Medium activity / continuing,C3: Medium activity / continuing
E01001693,1,3182.87087,8.065852990237339,-0.275482778225307,0.1559459243786412,0.1165631485389163,0.2719559763731807,0.7273213755222334,5,42.26,2,0.467,0.273,1550,1,2,High activity / full-night,C1: High activity / full-night
E01001694,3,543.80137,6.300421269516429,-0.3039760087401029,0.0944950911028414,0.0630981676269039,0.1477904524140119,0.7899827093411546,5,27.06,3,0.36,0.155,1710,1,3,Medium activity / continuing,C3: Medium activity / continuing
E01001695,3,190.9881,5.257433390940327,0.1931652286189558,0.3833507427949699,0.3310322475588793,0.8930298826303505,0.921978758334171,2,29.897,3,0.344,0.152,1548,1,3,Medium activity / continuing,C3: Medium activity / continuing
E01001696,1,30888.81141,10.338181680681949,0.1778000706178677,0.110806001388967,0.0496040740986219,0.1883023673375311,0.7869810414548162,2,26.799,3,0.339,0.141,2697,1,3,High activity / full-night,C1: High activity / full-night
E01001697,3,739.26237,6.607004677412834,-0.3631409644183566,0.1453494109270028,0.0941357396562738,0.2588048482053368,0.7370488465894335,4,29.021,3,0.36,0.179,2686,1,3,Medium activity / continuing,C3: Medium activity / continuing
E01001698,0,104.68869,4.660497886205109,0.141670222447143,0.1267331743285736,0.1152667972060783,0.2017609850567187,0.8903523031343281,3,33.309,3,0.394,0.194,1967,1,3,Low activity / early-stop,C0: Low activity / early-stop
E01001699,3,1503.99925,7.316547678843982,-0.1534151097482262,0.132204487468993,0.0932814228464542,0.2295531507826043,0.8095842405807759,4,23.688,4,0.308,0.134,1676,1,4,Medium activity / continuing,C3: Medium activity / continuing
E01001700,1,2750.26295,7.919815339780979,-0.2545128821227803,0.1953197093390652,0.1237433206159432,0.3643037543877743,0.7977969487945271,4,28.01,3,0.319,0.139,2413,1,3,High activity / full-night,C1: High activity / full-night
E01001701,3,4488.25728,8.409442550572416,-0.0110622981042655,0.0611546849649403,0.0413895858483406,0.0846895708754523,0.7274806262260292,4,24.676,4,0.303,0.132,1768,1,4,Medium activity / continuing,C3: Medium activity / continuing
E01001703,0,977.53932,6.886060969983811,-0.3288063543060344,0.0483182609984424,0.0319648523191885,0.0740792787711807,0.8609857623643192,3,37.618,2,0.447,0.226,2070,1,2,Low activity / early-stop,C0: Low activity / early-stop
E01001704,3,247.83306,5.516782229851055,0.2520867070761262,0.2526621347450578,0.2320692001301198,0.4573128947524287,0.8953417117736943,3,27.003,3,0.275,0.166,1630,1,3,Medium activity / continuing,C3: Medium activity / continuing
E01001705,1,1568.90641,7.358771285100552,-0.2878237778377105,0.1201993304367976,0.0716762129871086,0.2023689317462818,0.8437171753520538,4,35.449,2,0.417,0.214,2266,1,2,High activity / full-night,C1: High activity / full-night
E01001708,3,1594.64606,7.375033986498542,-0.3512069505881449,0.1387599201794033,0.0977600697172888,0.2348220539689993,0.7886221618443939,6,16.801,6,0.206,0.131,1739,1,6,Medium activity / continuing,C3: Medium activity / continuing
E01001710,0,237.56734,5.474651618484084,-0.2352106143883245,0.0676092934323379,0.0378668212558174,0.1044828169644068,0.8283025716699863,3,37.621,2,0.489,0.204,1791,1,2,Low activity / early-stop,C0: Low activity / early-stop
E01001712,1,1786.37881,7.488505473668335,-0.2353638476040812,0.1476466293283002,0.0908522756156069,0.2591775334513316,0.8525506300141088,4,37.915,2,0.455,0.221,2104,1,2,High activity / full-night,C1: High activity / full-night
E01001714,1,1799.94868,7.496068849489558,0.3433616451775725,0.1830605637045163,0.1314587591463996,0.3320792012731135,0.8869628494182665,3,26.219,4,0.36,0.152,2261,1,4,High activity / full-night,C1: High activity / full-night
E01001716,1,722.57759,6.584207782892301,-0.2404251562797567,0.1331461857265736,0.0528156567933417,0.2187265051642884,0.8639939396470027,5,37.08,2,0.444,0.218,1787,1,2,High activity / full-night,C1: High activity / full-night
E01001717,1,818.76812,6.709021519780553,-0.0866781183419793,0.11199349090436,0.0737099290089604,0.1873387388531481,0.8044112995093387,6,22.057,4,0.331,0.139,1108,1,4,High activity / full-night,C1: High activity / full-night
E01001718,1,5265.80012,8.569178269266422,0.3874385987898074,0.1224216349480428,0.05208240414564,0.2191209509243852,0.8964994746353078,3,19.815,5,0.131,0.074,1694,1,5,High activity / full-night,C1: High activity / full-night
E01001719,2,285.67267,5.658341042220632,-0.447991997274363,0.1069317901498942,0.0661109093845064,0.175793011035011,0.7877789669573079,3,27.931,3,0.355,0.15,1681,1,3,Partial-night transition,C2: Partial-night transition
E01001720,3,498.46174,6.213530998558342,0.0923386818013354,0.0747022028210229,0.0318011167717706,0.1270172273313644,0.9742194096695516,3,15.668,6,0.158,0.076,1733,1,6,Medium activity / continuing,C3: Medium activity / continuing
E01001722,1,2291.01944,7.737188559474053,-0.2708986354127139,0.1011621795753946,0.0470440879366785,0.1717200558600908,0.8842388123880384,2,46.648,1,0.659,0.213,2340,1,1,High activity / full-night,C1: High activity / full-night
E01001724,1,7391.17422,8.908177181766726,-0.0828424850740428,0.108980020768608,0.0513590897333766,0.1874632248821069,0.8366302467531627,4,25.056,4,0.319,0.125,2869,1,4,High activity / full-night,C1: High activity / full-night
E01001726,1,2366.28397,7.769498572744808,-0.0439700607869139,0.1197955078907963,0.0621967785210496,0.2102750402655996,0.7758135470545146,5,50.774,1,0.766,0.232,1330,1,1,High activity / full-night,C1: High activity / full-night
E01001727,0,106.53061,4.677775551221832,0.0741564325971661,0.0309533569741128,0.0163220693094688,0.0447579047554153,0.6169999647695635,4,34.575,2,0.569,0.123,1990,1,2,Low activity / early-stop,C0: Low activity / early-stop
E01001728,3,574.49231,6.355225865779003,0.3147391302766089,0.1055616218779325,0.0704606298385438,0.1796719207461776,0.8324745773436117,2,49.338,1,0.77,0.178,2029,1,1,Medium activity / continuing,C3: Medium activity / continuing
E01001729,1,2609.49324,7.867294463305021,-0.0393779061868733,0.0901799806923431,0.0431405677831915,0.1366949794242221,0.7684536865433073,1,46.108,1,0.496,0.241,1996,1,1,High activity / full-night,C1: High activity / full-night
E01001730,3,1651.13145,7.409821521133299,-0.0597922170279053,0.1128565626922072,0.0766950626493123,0.1862246854390062,0.8476743498339915,2,37.5,2,0.445,0.21,2804,1,2,Medium activity / continuing,C3: Medium activity / continuing
E01001731,3,2926.00488,7.981734953926574,0.1055391951362705,0.1003518216962098,0.0338575956168603,0.1664314125918029,0.776783301775835,2,28.311,3,0.308,0.134,2671,1,3,Medium activity / continuing,C3: Medium activity / continuing
E01001733,3,971.43279,6.879800962564512,-0.0610709156729206,0.0744755177555824,0.0433936659683888,0.1116941119780561,0.8881294191367459,2,20.212,5,0.234,0.118,1909,1,5,Medium activity / continuing,C3: Medium activity / continuing
E01001734,1,4221.3792300000005,8.348154046733551,-0.0477604164456932,0.1595543004554935,0.0974306992077563,0.2881617603077044,0.8663399775100123,2,31.604,3,0.341,0.154,1904,1,3,High activity / full-night,C1: High activity / full-night
E01001735,2,318.48731,5.766717554718937,0.0214035215406228,0.0922855293669314,0.0537882969340285,0.1440255253331963,0.7893415019981743,2,28.728,3,0.309,0.151,1601,1,3,Partial-night transition,C2: Partial-night transition
E01001737,3,608.85903,6.41322783209936,-0.0610397943839316,0.0824268960912019,0.0528092520858235,0.121664094743422,0.92465127974069,3,16.567,6,0.22,0.128,1668,1,6,Medium activity / continuing,C3: Medium activity / continuing
E01001738,3,618.88504,6.429534041492005,-0.1820318681479197,0.1294386272448918,0.0803033306476433,0.2304049742485846,0.7704941990858545,2,21.983,4,0.26,0.14,1743,1,4,Medium activity / continuing,C3: Medium activity / continuing
E01001739,3,1420.65602,7.259577682366791,-0.278457581871226,0.0743778567875987,0.0398157394919566,0.1190997305254241,0.8100106111654719,2,19.797,5,0.205,0.142,1959,1,5,Medium activity / continuing,C3: Medium activity / continuing
E01001740,2,246.39512,5.510986734622373,0.0608572929528799,0.0903204576454274,0.0613604685027852,0.1561660865485434,0.9463425065588588,2,35.281,2,0.46,0.215,1525,1,2,Partial-night transition,C2: Partial-night transition
E01001741,1,1177.10518,7.071662647152687,-0.1565385176539618,0.0663393903338357,0.0329679884681163,0.1038747892832065,0.8123003867896672,2,12.44,7,0.151,0.083,1410,1,7,High activity / full-night,C1: High activity / full-night
E01001742,3,749.26743,6.620429716306527,-0.3802943496422898,0.0995633962095483,0.0433633422448377,0.1588415434044877,0.8102583365378614,2,24.271,4,0.293,0.173,1756,1,4,Medium activity / continuing,C3: Medium activity / continuing
E01001744,2,172.81358,5.1579833455671125,-0.1716766703172285,0.0696533223835765,0.0525218562106056,0.1038060660417223,0.9738528517920318,2,23.684,4,0.29,0.161,1998,1,4,Partial-night transition,C2: Partial-night transition
E01001745,2,654.989,6.4861440205108165,-0.1114662078294444,0.1047098195542215,0.0542412620669965,0.1716330697225045,0.7763684614540386,1,39.363,2,0.465,0.23,2164,1,2,Partial-night transition,C2: Partial-night transition
E01001746,3,198.327,5.294946692202513,-0.321212341234426,0.1225757965380407,0.059148124057743,0.1929517854879364,0.7752532315841658,2,34.524,2,0.475,0.206,1668,1,2,Medium activity / continuing,C3: Medium activity / continuing
E01001747,1,4475.19882,8.406529487569534,0.0759857681585642,0.1333463280632524,0.0545698995335362,0.2570145742852812,1.01720635938271,2,27.36,3,0.387,0.145,2323,1,3,High activity / full-night,C1: High activity / full-night
E01001749,1,1565.30016,7.356471531236179,0.0032543662424464,0.1462040609514791,0.0870213927531956,0.2572077764009648,0.8251079184438613,1,24.252,4,0.265,0.142,1474,1,4,High activity / full-night,C1: High activity / full-night
E01001750,1,1706.93479,7.443040194462764,-0.0108410995595209,0.1370351119271521,0.0491312383409796,0.2453825134258832,0.9564419009103508,2,27.265,3,0.36,0.167,2166,1,3,High activity / full-night,C1: High activity / full-night
E01001751,3,848.22289,6.744321684246798,-0.1469436765612397,0.0597914187390062,0.0301572502953793,0.0954487735065644,0.826189567131649,2,10.911,8,0.095,0.07,1508,1,8,Medium activity / continuing,C3: Medium activity / continuing
E01001755,1,2112.96939,7.656322686665939,-0.1891510458653639,0.1308789380995244,0.0824054105204051,0.2152706960801272,0.8480763450235811,2,36.867,2,0.462,0.206,1613,1,2,High activity / full-night,C1: High activity / full-night
E01001756,1,6021.55756,8.70326729193609,-0.1801681158387864,0.1528969308731477,0.0730235235017831,0.280116096531851,0.8984993310817403,2,18.577,5,0.187,0.095,2037,1,5,High activity / full-night,C1: High activity / full-night
E01001757,2,409.55308,6.017505226257945,-0.0587529215993198,0.1656477348430635,0.1475926881077295,0.2836956999457503,0.9795642126400472,3,38.237,2,0.46,0.23,1575,1,2,Partial-night transition,C2: Partial-night transition
E01001758,1,2670.41849,7.890364879983452,-0.1896984880448456,0.1573059172459519,0.0908510897855564,0.2939545514833888,1.0289821880419558,4,33.782,2,0.443,0.18,2607,1,2,High activity / full-night,C1: High activity / full-night
E01001760,1,4458.80153,8.402859544023956,0.0014904431056836,0.1331109707410547,0.055012345436241,0.2392312099250507,0.7995876110415009,2,34.548,2,0.319,0.154,1990,1,2,High activity / full-night,C1: High activity / full-night
E01001761,2,253.92463,5.540967932841959,-0.2222026669882318,0.0605336709558265,0.0245448029204571,0.0997088843780966,1.2834771635925564,2,38.579,2,0.459,0.237,1826,1,2,Partial-night transition,C2: Partial-night transition
E01001762,1,10145.98369,9.224931766906154,-0.0862363824675141,0.1611984741915152,0.0785191317412811,0.2999663749552428,0.8239391539448363,1,48.628,1,0.251,0.978,1684,1,1,High activity / full-night,C1: High activity / full-night
E01001765,2,213.45446,5.368097408135295,0.1596178407328664,0.1178999023960427,0.0389047387438051,0.2167505648453095,0.9303625345454316,2,40.027,2,0.483,0.272,1844,1,2,Partial-night transition,C2: Partial-night transition
E01001767,2,368.91313,5.913268194288459,-0.2256559152557133,0.13438548527671,0.0732017860139594,0.2421995645577822,0.758462870116995,3,27.889,3,0.337,0.16,1575,1,3,Partial-night transition,C2: Partial-night transition
E01001769,3,1131.88739,7.032524865091042,-0.3887414365487365,0.1015582035947939,0.0370677863987865,0.1666771813391248,0.7992765087731012,2,21.206,5,0.258,0.122,1525,1,5,Medium activity / continuing,C3: Medium activity / continuing
E01001770,1,1043.13898,6.95094788218792,0.1113300741575202,0.1075411638821128,0.0706085779672426,0.168732811850737,0.8701137489474318,2,37.024,2,0.468,0.184,1697,1,2,High activity / full-night,C1: High activity / full-night
E01001772,2,227.99658,5.433707068944902,-0.1538292372631203,0.1073557770033217,0.0665226206463272,0.1704160744304698,0.931428642462938,2,30.028,3,0.398,0.185,1838,1,3,Partial-night transition,C2: Partial-night transition
E01001774,1,1462.45961,7.288558507527665,-0.0248518794990858,0.100249360048993,0.0450236023954193,0.1664840244621548,0.8834698195930126,2,25.303,4,0.33,0.137,1995,1,4,High activity / full-night,C1: High activity / full-night
E01001775,2,302.45208,5.71522370676488,0.0331594347111119,0.0431197894225095,0.02698321664708,0.0683975319834207,0.8272304119340298,1,34.962,2,0.407,0.209,1660,1,2,Partial-night transition,C2: Partial-night transition
E01001776,0,134.39828,4.908220657295569,-0.068622455584997,0.0209743011592112,0.0075384149261433,0.0291079296393754,0.8158143722447336,2,30.685,3,0.376,0.181,1690,1,3,Low activity / early-stop,C0: Low activity / early-stop
E01001777,1,2502.08154,7.825277867808869,-0.1251933620037018,0.1110556452928388,0.0463744558860379,0.1962413869313382,0.8193402716347669,2,20.449,5,0.268,0.111,2752,1,5,High activity / full-night,C1: High activity / full-night
E01001781,3,3375.69883,8.124653833702009,-0.1329154621296593,0.089705478850434,0.0574643058427105,0.1430458794283786,0.7396030147661053,1,41.052,2,0.471,0.229,1630,1,2,Medium activity / continuing,C3: Medium activity / continuing
E01001784,0,168.45114999999998,5.132564684692763,-0.1749069092137394,0.0123381170149328,0.0026893256591005,0.0186765701364126,0.7546663288140331,2,29.799,3,0.42,0.172,1706,1,3,Low activity / early-stop,C0: Low activity / early-stop
E01001786,3,2251.28556,7.719700784062699,-0.2147783686757179,0.1177582198857083,0.0821430178764172,0.190538075038288,0.7580449678102043,6,36.321,2,0.427,0.205,2174,1,2,Medium activity / continuing,C3: Medium activity / continuing
E01001787,3,630.87602,6.448693204016757,-0.2234225989442426,0.1976491197113499,0.1402727591389509,0.3659234193724633,0.8273469792061687,6,41.674,2,0.498,0.247,1627,1,2,Medium activity / continuing,C3: Medium activity / continuing
E01001788,1,768.20279,6.6453546408531325,-0.3127155135690148,0.1838344143478052,0.1196326949033861,0.3455306201323165,0.868238797376254,5,39.925,2,0.482,0.267,1516,1,2,High activity / full-night,C1: High activity / full-night
E01001791,3,243.07222,5.497464165105253,-0.2378187026061637,0.1711765745999275,0.1309732967428363,0.3110464970678854,0.7794633661617323,4,31.126,3,0.369,0.197,1444,1,3,Medium activity / continuing,C3: Medium activity / continuing
E01001792,1,6570.78291,8.790540446049185,-0.1969173213789831,0.1196110449492844,0.0543257957064358,0.2100980893043752,0.9007885039127996,3,29.623,3,0.33,0.188,1955,1,3,High activity / full-night,C1: High activity / full-night
E01001793,3,391.33001,5.9721033478681,-0.1522825453636944,0.1242674437362981,0.0857548849882481,0.2053018488851355,0.756668809444338,4,24.416,4,0.26,0.166,1529,1,4,Medium activity / continuing,C3: Medium activity / continuing
E01001795,1,2409.58068,7.787622943519953,-0.1862797140289155,0.1055732070361719,0.0454065269148821,0.181730794145004,0.9145951247292972,2,27.27,3,0.27,0.155,1385,1,3,High activity / full-night,C1: High activity / full-night
E01001796,0,132.80306,4.896369017387771,-0.1910471038845038,0.0388400688960028,0.0347939271881235,0.0550246732440648,0.8969869956972109,2,31.654,3,0.331,0.171,1449,1,3,Low activity / early-stop,C0: Low activity / early-stop
E01001798,1,2758.38814,7.922764245728891,-0.2007701207706033,0.1315850857740419,0.0653225220146139,0.2344092347086441,0.8834134117351216,2,39.079,2,0.482,0.186,2374,1,2,High activity / full-night,C1: High activity / full-night
E01001800,1,1552.64346,7.348358070884217,-0.0804510650500534,0.1294379522263276,0.0728766860615894,0.2263651918122141,0.7030706033750123,3,61.174,1,0.939,0.284,1717,1,1,High activity / full-night,C1: High activity / full-night
E01001801,2,541.35389,6.295918721950594,-0.1183032599987413,0.0826152556140309,0.0408643964856334,0.1302850563946954,0.7418394746080692,4,36.683,2,0.566,0.178,1774,1,2,Partial-night transition,C2: Partial-night transition
E01001802,2,524.94433,6.265195370634731,-0.10822021832296,0.0677939696957961,0.0376234180870188,0.1108464093959522,0.7985747014680694,4,39.54,2,0.557,0.171,1320,1,2,Partial-night transition,C2: Partial-night transition
E01001803,3,1280.40383,7.155711498118825,-0.1520014275496192,0.0707930091086966,0.0275475121001473,0.1126048460078762,0.7978860698256156,4,15.934,6,0.291,0.088,1814,1,6,Medium activity / continuing,C3: Medium activity / continuing
E01001805,2,291.7244,5.679231552027333,-0.0354758806599653,0.079577539623014,0.0370151759674542,0.1347647856348174,0.8087334162083643,4,26.763,3,0.385,0.14,1219,1,3,Partial-night transition,C2: Partial-night transition
E01001806,3,363.54859,5.898659848462763,-0.0006193119879793,0.0567261999283231,0.0393972371065996,0.0833538389506599,0.7146078991281183,2,26.337,4,0.277,0.178,1449,1,4,Medium activity / continuing,C3: Medium activity / continuing
E01001807,1,1560.91201,7.353665997186825,-0.2860116311104558,0.1034694518110601,0.0555095799410243,0.1769127499281698,0.8556147796429479,2,45.057,1,0.681,0.186,1791,1,1,High activity / full-night,C1: High activity / full-night
E01001808,1,8517.12143,9.049951106075373,-0.0974280543984213,0.1237858140998701,0.0629095574606595,0.2135176484778047,0.8233789788001844,2,58.04,1,0.779,0.202,1600,1,1,High activity / full-night,C1: High activity / full-night
E01001809,3,970.32556,6.878661695309651,0.177975338503914,0.0997785114513524,0.0509989142200891,0.1656686719646798,0.7891881482739629,4,49.545,1,0.764,0.161,1931,1,1,Medium activity / continuing,C3: Medium activity / continuing
E01001811,3,1875.17577,7.536990819207009,-0.1867638946721244,0.0926893749272368,0.0399746206191646,0.1605627171833644,0.8339388183957833,2,45.614,1,0.611,0.222,1779,1,1,Medium activity / continuing,C3: Medium activity / continuing
E01001813,1,14616.16474,9.589951784264311,-0.0520483282401754,0.1493953974139456,0.0623620085168799,0.280443659068216,0.8645302452935422,3,43.494,2,0.518,0.245,1916,1,2,High activity / full-night,C1: High activity / full-night
E01001814,1,4249.83305,8.354870254475372,-0.1135055952374411,0.1342308329029536,0.0755659425256716,0.2348983521325898,0.7884839181491333,5,50.941,1,0.815,0.181,1734,1,1,High activity / full-night,C1: High activity / full-night
E01001815,0,114.30013,4.747538554767873,-0.036317981440616,0.0640694809358484,0.0543135865199803,0.0897588621118603,0.7565087740050067,4,32.31,3,0.41,0.229,1809,1,3,Low activity / early-stop,C0: Low activity / early-stop
E01001816,0,95.57801,4.5703510755530585,-0.2195397246709781,0.0290194365837916,0.0197572642493812,0.0420112291679667,0.8880604276325919,4,23.426,4,0.271,0.138,1522,1,4,Low activity / early-stop,C0: Low activity / early-stop
E01001819,2,269.21186,5.599206317975098,-0.0219846183596814,0.0999328187101415,0.0685072715592842,0.1612849270524589,0.8280849976419142,2,23.044,4,0.285,0.146,1612,1,4,Partial-night transition,C2: Partial-night transition
E01001820,2,188.79175,5.245927418423953,-0.0194194396736086,0.1186812453404346,0.0737462839345469,0.1832763080499021,1.000515586333012,2,33.499,3,0.42,0.228,1365,1,3,Partial-night transition,C2: Partial-night transition
E01001821,2,236.41488,5.4698091592340665,-0.0497571895643793,0.1090941906871513,0.0797148639713371,0.1790173521580131,1.0100488576088005,2,38.415,2,0.445,0.237,1352,1,2,Partial-night transition,C2: Partial-night transition
E01001822,0,138.12962,4.935406016591521,-0.2429376117881161,0.0251340733435739,0.0,0.0383761987449717,0.7075217455918736,3,58.402,1,0.716,0.246,2009,1,1,Low activity / early-stop,C0: Low activity / early-stop
E01001824,3,1089.84526,6.994708142593226,-0.11007366311801,0.0762660012853567,0.0343837619663547,0.1297850829913139,0.8331240561456535,5,57.598,1,0.777,0.217,1720,1,1,Medium activity / continuing,C3: Medium activity / continuing
E01001826,3,1201.54343,7.09219411775185,-0.2328201070518108,0.0657428337817135,0.0301560551997691,0.1088536246030514,0.7830769938183659,5,56.611,1,0.998,0.27,1623,1,1,Medium activity / continuing,C3: Medium activity / continuing
E01001827,1,1237.85215,7.121940544403816,-0.1332801417358285,0.1047883626489641,0.0598996576448972,0.1912452809024397,0.848869829171493,4,55.599,1,0.717,0.259,1694,1,1,High activity / full-night,C1: High activity / full-night
E01001828,0,222.40164,5.408971227700365,-0.1532575928846568,0.0525644055502468,0.043853993163,0.0746848842840149,0.7291289474975694,3,41.342,2,0.503,0.193,2049,1,2,Low activity / early-stop,C0: Low activity / early-stop
E01001829,3,990.51137,6.899230415367625,-0.0175782232565387,0.0631723086631504,0.0256121845426166,0.1004000879860147,0.8938297126354355,2,10.61,8,0.112,0.076,1763,1,8,Medium activity / continuing,C3: Medium activity / continuing
E01001830,1,4173.80111,8.336821997826862,-0.3217219495157017,0.108769622230514,0.0337482659781074,0.1960923649270035,0.8144239628425187,2,29.563,3,0.364,0.196,1889,1,3,High activity / full-night,C1: High activity / full-night
E01001831,1,5871.07362,8.677963107681698,-0.1334453067205789,0.1076155795164428,0.036241224990805,0.1900525022155055,0.8346663719631753,2,25.668,4,0.287,0.136,1739,1,4,High activity / full-night,C1: High activity / full-night
E01001832,1,3259.32209,8.089581270093792,0.2144751119089307,0.1514051254750339,0.1066251571350532,0.2678965116092914,0.9592600136489784,2,24.419,4,0.24,0.143,1700,1,4,High activity / full-night,C1: High activity / full-night
E01001834,1,1777.81575,7.4837031128811295,0.073777999773036,0.1347906834552455,0.0589851563639257,0.2462202130752752,0.9465426902633896,1,25.061,4,0.326,0.147,2016,1,4,High activity / full-night,C1: High activity / full-night
E01001836,1,1486.45505,7.304821918475802,0.0264100216148479,0.0536477978261098,0.033560557381133,0.0819580019433322,0.9538107757737588,4,27.725,3,0.31,0.17,1868,1,3,High activity / full-night,C1: High activity / full-night
E01001837,0,221.69177,5.405788618034872,-0.1899864392800869,0.0449226870262256,0.03691219570307,0.0650377711202357,1.0405741989481176,3,15.834,6,0.161,0.073,1503,1,6,Low activity / early-stop,C0: Low activity / early-stop
E01001839,1,6433.50494,8.769430184669845,-0.0032728878265227,0.1420007489727675,0.0793477932730086,0.2486468460998527,0.8696100298422967,2,36.087,2,0.322,0.181,2444,1,2,High activity / full-night,C1: High activity / full-night
E01001840,1,1832.81567,7.514154140676903,-0.2958831370096263,0.1198537712196666,0.0669596304793705,0.2008701990764116,0.7714714682590836,2,38.418,2,0.419,0.237,1655,1,2,High activity / full-night,C1: High activity / full-night
E01001841,3,354.11693,5.87244711552333,0.283502373072081,0.0864871385844218,0.0548928287613924,0.1476427913879152,1.2999709761567348,3,32.425,3,0.347,0.216,1369,1,3,Medium activity / continuing,C3: Medium activity / continuing
E01001844,1,1085.70594,6.990906326143864,-0.3173427235739356,0.1122817473025891,0.0513064246475431,0.1917963194005978,0.7987862390421119,3,26.447,4,0.261,0.138,1941,1,4,High activity / full-night,C1: High activity / full-night
E01001845,3,574.82326,6.355800773333003,-0.8440262838354871,0.1128157374842486,0.016791474304641,0.2042604109353799,0.788280728050864,3,45.651,1,0.487,0.28,1604,1,1,Medium activity / continuing,C3: Medium activity / continuing
E01001846,1,915.84313,6.820936388920256,0.0480206801354725,0.1507241201885742,0.0839622064970886,0.2762553796538838,0.79988976295743,4,42.748,2,0.417,0.224,1228,1,2,High activity / full-night,C1: High activity / full-night
E01001847,3,149.54578,5.014267223980246,0.4349762326961015,0.1729063835836758,0.1211956632945443,0.295452761404946,0.8757509576711204,2,46.279,1,0.501,0.272,1311,1,1,Medium activity / continuing,C3: Medium activity / continuing
E01001848,1,2647.4972,7.881747663781833,-0.1709503677662058,0.1149115700670051,0.0613687372360582,0.1901823854643143,0.7970196069693789,2,33.32,3,0.357,0.171,1997,1,3,High activity / full-night,C1: High activity / full-night
E01001849,1,2521.1089,7.832850695608495,-0.1095814226826932,0.1347826823347456,0.0538049943023088,0.2395038206610635,0.8949579819843618,2,32.633,3,0.347,0.179,2757,1,3,High activity / full-night,C1: High activity / full-night
E01001850,3,1018.31349,6.926884630659537,0.0059590784759219,0.2789543817199161,0.1857544281378419,0.6185377092572595,0.8854848849860054,3,41.347,2,0.489,0.234,1879,1,2,Medium activity / continuing,C3: Medium activity / continuing
E01001856,3,855.5734,6.7529400116988825,0.0197224457889878,0.0547224469577946,0.0228781189317012,0.0822115587392886,0.7156636797959396,2,31.114,3,0.347,0.207,1618,1,3,Medium activity / continuing,C3: Medium activity / continuing
E01001857,1,1537.28094,7.338420799183964,-0.0365452524247129,0.0931393646238793,0.0481560384141626,0.1535433850656347,0.8677443744553821,2,38.292,2,0.423,0.215,1571,1,2,High activity / full-night,C1: High activity / full-night
E01001858,3,910.91838,6.815550490455325,-0.2599605685857388,0.0685488638400292,0.0320654744061701,0.1127307718346474,0.919230744781811,2,22.659,4,0.279,0.128,1832,1,4,Medium activity / continuing,C3: Medium activity / continuing
E01001860,1,3320.15505,8.108067908031563,-0.1473286827372716,0.0892230861326792,0.0501028287820474,0.1434688840248169,0.7731852113896467,3,31.996,3,0.403,0.173,1732,1,3,High activity / full-night,C1: High activity / full-night
E01001861,1,1847.00046,7.521859501119347,-0.1861802784824428,0.0979229371713313,0.0621888637753777,0.1569092407800296,0.8349568727364463,2,31.035,3,0.355,0.201,1367,1,3,High activity / full-night,C1: High activity / full-night
E01001866,1,3096.93619,8.038491423605231,-0.3367883889141416,0.1223936841914718,0.0620635389972306,0.2047898373051145,0.7226675621657345,2,16.38,6,0.145,0.069,1527,1,6,High activity / full-night,C1: High activity / full-night
E01001867,3,444.59741,6.099415876208391,-0.0491408845589091,0.0942016058977941,0.042206566160608,0.1464738675453697,0.7006004711587677,2,14.966,6,0.181,0.08,1237,1,6,Medium activity / continuing,C3: Medium activity / continuing
E01001869,3,909.13386,6.813591687594013,0.1679296599952838,0.0771871592154757,0.035930979404947,0.1163319038714499,0.6601487477087565,2,12.145,7,0.129,0.087,1444,1,7,Medium activity / continuing,C3: Medium activity / continuing
E01001871,3,634.2904599999999,6.4540823116321135,-0.3138610976428685,0.1044746755295673,0.0430085610936037,0.1711503725339501,0.6568619726363648,2,12.41,7,0.137,0.074,1534,1,7,Medium activity / continuing,C3: Medium activity / continuing
E01001875,1,2085.57217,7.643277888458103,-0.327349769919494,0.2139065031731795,0.1533867897748175,0.4242721157598068,0.7863630754198517,3,41.945,2,0.474,0.218,1795,1,2,High activity / full-night,C1: High activity / full-night
E01001876,1,2737.67897,7.915230955383942,0.0171718636535386,0.0708246737929246,0.0490114624360065,0.0974489580909142,0.6061367160250852,4,31.992,3,0.262,0.175,2325,1,3,High activity / full-night,C1: High activity / full-night
E01001877,3,1093.45172,6.998008804523555,-0.1006612162080644,0.1169130723028173,0.0775718565790906,0.1890087315638614,0.8321524430768727,2,32.468,3,0.443,0.169,1809,1,3,Medium activity / continuing,C3: Medium activity / continuing
E01001879,3,607.65923,6.411258554449404,-0.3424529073638855,0.0818173699097765,0.0295908448555944,0.1266868405820027,0.5974738671899255,1,27.886,3,0.29,0.154,1428,1,3,Medium activity / continuing,C3: Medium activity / continuing
E01001882,1,1154.63445,7.05240477950114,-0.0452535345710497,0.0703063813833027,0.0322968364576338,0.1056832700458362,0.7905348985723036,3,15.514,6,0.112,0.069,1651,1,6,High activity / full-night,C1: High activity / full-night
E01001883,1,708.8471,6.565049594731089,-0.2355854739336593,0.1235785686363109,0.0477320285291426,0.2183708086641436,0.9761853889015228,4,15.029,6,0.184,0.1,1967,1,6,High activity / full-night,C1: High activity / full-night
E01001884,3,491.86066,6.200226497176513,-0.0289725549508268,0.0742188244939125,0.0307794284665905,0.1116347871436383,0.8717541294245189,2,30.652,3,0.277,0.175,1927,1,3,Medium activity / continuing,C3: Medium activity / continuing
E01001886,1,1566.69562,7.357362062168688,-0.1651883088815937,0.1044442825467272,0.045075673346173,0.1704857835872931,0.777964697959822,2,23.573,4,0.266,0.129,1591,1,4,High activity / full-night,C1: High activity / full-night
E01001887,1,2558.66356,7.847631106961996,-0.1882316094735019,0.1063572734822549,0.0574913413000652,0.1758443841073458,0.8038550242993281,2,25.421,4,0.297,0.139,1529,1,4,High activity / full-night,C1: High activity / full-night
E01001891,1,4334.08008,8.374495361939061,0.0210098517607454,0.0825375473911409,0.0454500600736477,0.1252322410771071,0.7093899857539617,1,6.469,9,0.071,0.042,2593,1,9,High activity / full-night,C1: High activity / full-night
E01001894,1,664.93562,6.501192999201199,0.3158097019979167,0.1094077649201587,0.0480003763371858,0.1732344593534773,0.8623247583657503,4,32.763,3,0.274,0.196,1324,1,3,High activity / full-night,C1: High activity / full-night
E01001898,1,31310.44566,10.351738985723395,0.0491496019159505,0.1188910263502138,0.0649556519279515,0.2001272021014113,0.8200529295324586,2,14.959,6,0.153,0.095,2279,1,6,High activity / full-night,C1: High activity / full-night
E01001899,3,309.87189,5.73938089805262,-0.0847788097203653,0.1350543284193993,0.0616745197507266,0.2186270519497541,0.7758871926115518,2,29.69,3,0.32,0.183,1638,1,3,Medium activity / continuing,C3: Medium activity / continuing
E01001902,3,664.3444,6.5003048013315015,-0.126252106588089,0.0717526933319525,0.0444290190449411,0.1068225115795817,0.7736281240625282,2,18.759,5,0.187,0.088,1682,1,5,Medium activity / continuing,C3: Medium activity / continuing
E01001903,3,1021.03519,6.929551202656188,-0.3241676224695056,0.0728782912957192,0.043315862600191,0.1115126639142707,0.854557725346924,2,22.931,4,0.234,0.119,1427,1,4,Medium activity / continuing,C3: Medium activity / continuing
E01001905,3,205.93374,5.332398645405154,-0.0931558859660394,0.0728209957241586,0.027593827024168,0.1126984894000082,0.5986271064950607,4,9.794,8,0.085,0.043,1694,1,8,Medium activity / continuing,C3: Medium activity / continuing
E01001909,1,1893.1772,7.546539827975814,-0.1157877139023224,0.0948649444964792,0.047353243003349,0.1520332963442615,0.8824151837690178,2,18.295,5,0.217,0.108,1769,1,5,High activity / full-night,C1: High activity / full-night
E01001911,3,579.95103,6.364666467585385,-0.1501955604768906,0.0841356208988886,0.0580298995244477,0.1297674047269024,1.055641602913952,1,34.252,2,0.459,0.222,1716,1,2,Medium activity / continuing,C3: Medium activity / continuing
E01001912,1,1106.63841,7.009985469279845,-0.0307820058405527,0.1578081950002078,0.0641659004046317,0.2891736716832527,0.8311858151568903,3,39.081,2,0.479,0.224,1438,1,2,High activity / full-night,C1: High activity / full-night
E01001914,1,1253.0227,7.134111823102391,-0.1604591042125573,0.1038726114060024,0.0531114081173469,0.1751616785021316,0.8836192868131634,3,24.834,4,0.235,0.117,1540,1,4,High activity / full-night,C1: High activity / full-night
E01001915,1,2814.47258,7.942885405702124,-0.0883792017614895,0.1058217913069879,0.0495480648811295,0.1660255313803148,0.7010717684521712,4,11.834,7,0.1,0.043,1432,1,7,High activity / full-night,C1: High activity / full-night
E01001916,3,3449.30556,8.146218074219423,0.2047808486992959,0.059901451583779,0.0266908362853188,0.0965929706619758,0.8569937084030148,5,6.576,9,0.03,0.03,1326,1,9,Medium activity / continuing,C3: Medium activity / continuing
E01001918,3,1466.01379,7.290984178235133,-0.157278513730761,0.0770553734013648,0.0429972217382757,0.1127167557096611,0.6969649027717657,2,15.839,6,0.222,0.098,1526,1,6,Medium activity / continuing,C3: Medium activity / continuing
E01001920,1,5345.8021,8.584253922855526,-0.1379260522943788,0.0904799244251858,0.0416927592587088,0.1428918836099429,0.8324677123842976,2,34.48,2,0.326,0.187,1462,1,2,High activity / full-night,C1: High activity / full-night
E01001921,1,1497.57307,7.312268647663314,-0.1818756463081965,0.1284281240447252,0.0681259379216801,0.2060572753312199,0.8666851668936394,3,16.918,6,0.122,0.08,1429,1,6,High activity / full-night,C1: High activity / full-night
E01001922,3,522.94245,6.261381850045204,-0.1474264519929487,0.0729052116537871,0.0420476096365862,0.1096969662965477,0.761043665849832,2,12.179,7,0.102,0.059,1636,1,7,Medium activity / continuing,C3: Medium activity / continuing
E01001924,3,547.43223,6.307063716931308,-0.0846391707700513,0.1201772683351142,0.0613566724049111,0.2116339002914702,0.8421313271490073,2,7.999,9,0.052,0.032,1551,1,9,Medium activity / continuing,C3: Medium activity / continuing
E01001925,3,566.00641,6.340370608778488,-0.1191259123726178,0.0781834078522185,0.0395168846232677,0.1253060635511249,0.7248372586253967,4,10.942,8,0.095,0.056,1570,1,8,Medium activity / continuing,C3: Medium activity / continuing
E01001928,3,1123.36128,7.024970402295718,-0.2345635769108937,0.0651429787574661,0.033104274343513,0.0977188275343101,0.7485269008693709,4,16.204,6,0.181,0.097,1839,1,6,Medium activity / continuing,C3: Medium activity / continuing
E01001929,3,571.09129,6.349298576547506,0.0518157963851979,0.1007353833044801,0.0658761403977987,0.1687800144437818,0.7092734584418612,4,10.115,8,0.098,0.062,1367,1,8,Medium activity / continuing,C3: Medium activity / continuing
E01001930,1,1990.8349,7.596811553183576,-0.2431617207433926,0.0775988355438213,0.0497429696455492,0.1194524571372846,0.7610563463644765,4,25.796,4,0.239,0.163,1791,1,4,High activity / full-night,C1: High activity / full-night
E01001932,1,817.20618,6.707114358632259,-0.0097244002731354,0.0890183919069236,0.0501841775107476,0.1350009204644485,0.8892676384485174,4,20.986,5,0.201,0.112,1578,1,5,High activity / full-night,C1: High activity / full-night
E01001933,3,794.54622,6.679028947912749,-0.0975143019370226,0.0992276950232045,0.0497741213846565,0.1537282642926152,0.8355751199905357,5,15.723,6,0.154,0.092,1533,1,6,Medium activity / continuing,C3: Medium activity / continuing
E01001937,3,1073.87843,6.979962845794698,-0.0559034321976278,0.0960511330877555,0.055182009755052,0.148858583462493,0.6963790552566659,2,12.66,7,0.115,0.068,1844,1,7,Medium activity / continuing,C3: Medium activity / continuing
E01001938,3,1358.23358,7.214676275761782,-0.0894678513249539,0.0860501917497872,0.0515053456416531,0.1318254238969289,0.6654055737648654,2,27.182,3,0.357,0.144,1536,1,3,Medium activity / continuing,C3: Medium activity / continuing
E01001940,1,2204.64794,7.698776595055527,-0.0097118091335707,0.0854337450359534,0.0458477238774005,0.1372045938935142,0.8292636978622183,1,27.803,3,0.341,0.143,1566,1,3,High activity / full-night,C1: High activity / full-night
E01001941,1,5762.76938,8.659346945909537,0.0029492660350049,0.1032161606300476,0.0436978496613029,0.1799075200391003,0.8436922245181272,1,29.803,3,0.283,0.159,1568,1,3,High activity / full-night,C1: High activity / full-night
E01001942,1,1955.1798,7.578748768660557,0.12046572903423,0.0974186466124496,0.0558914632812798,0.1642578668247254,0.8752007995378512,1,24.386,4,0.293,0.127,1870,1,4,High activity / full-night,C1: High activity / full-night
E01001943,1,37484.94251,10.53172127527853,0.117510635339107,0.1117267835980469,0.0619398340915315,0.1894048012031915,0.8895687797620854,1,31.446,3,0.348,0.173,2262,1,3,High activity / full-night,C1: High activity / full-night
E01001948,3,431.70444,6.070054908329107,-0.070500873236328,0.1171689130646884,0.0621959783411076,0.1806053856691007,0.7428041172580102,2,14.438,6,0.146,0.08,1835,1,6,Medium activity / continuing,C3: Medium activity / continuing
E01001950,3,841.12909,6.7359333160302,-0.3001268330881291,0.139195090732149,0.0768690094881869,0.2508404945858741,0.7617908181288122,2,11.622,7,0.07,0.037,1511,1,7,Medium activity / continuing,C3: Medium activity / continuing
E01001951,3,624.68008,6.438839186154235,-0.0049585701532215,0.1061010301465031,0.0605315604108906,0.1721392394704145,0.7856295700525814,2,16.654,6,0.144,0.094,1510,1,6,Medium activity / continuing,C3: Medium activity / continuing
E01001952,3,329.07041,5.799305995338106,-0.1758207004999325,0.1012310708823683,0.0544983366933538,0.1531306485117199,0.7166793078110144,3,17.007,6,0.154,0.083,1693,1,6,Medium activity / continuing,C3: Medium activity / continuing
E01001953,1,4854.88196,8.4879460243714,-0.0204862488561926,0.1224799830148702,0.061170074256553,0.2036060229205898,0.8516613792267096,2,23.004,4,0.202,0.095,1484,1,4,High activity / full-night,C1: High activity / full-night
E01001954,3,837.60653,6.731741621493849,-0.1440361144271404,0.1210094076033528,0.0744457066255202,0.2024467877531903,0.8224809429076669,4,25.406,4,0.291,0.146,1561,1,4,Medium activity / continuing,C3: Medium activity / continuing
E01001955,0,229.92356,5.44208674666839,0.5055476698429687,0.0540156911279557,0.0457096697702488,0.0914450191781193,0.8608456809976635,4,31.765,3,0.42,0.193,2122,1,3,Low activity / early-stop,C0: Low activity / early-stop
E01001956,3,375.0688,5.929772105374734,-0.6141153836309498,0.1393281445964047,0.0378950475219479,0.2551644696189445,0.6901660183302717,4,25.194,4,0.342,0.161,1579,1,4,Medium activity / continuing,C3: Medium activity / continuing
E01001959,3,548.99305,6.309905641783041,-0.0848420758696307,0.071179534968612,0.041002468064031,0.110359922043,0.8172367286719519,2,30.945,3,0.367,0.176,2075,1,3,Medium activity / continuing,C3: Medium activity / continuing
E01001962,3,972.50622,6.880904214108741,-0.1345177823130015,0.0372957820259494,0.0150774973963662,0.0515839461973842,0.7607706330503418,5,16.677,6,0.217,0.119,1803,1,6,Medium activity / continuing,C3: Medium activity / continuing
E01001963,3,816.04418,6.705693169285348,-0.1676125917594314,0.0515492555807456,0.0212095747070949,0.0745826390378184,0.662201736930396,5,6.782,9,0.093,0.065,1797,1,9,Medium activity / continuing,C3: Medium activity / continuing
E01001964,2,861.71118,6.760079965312344,0.2495995235897949,0.0300107281885329,0.0068443814318389,0.0497536862979997,1.1755804497435252,4,17.261,6,0.171,0.091,1602,1,6,Partial-night transition,C2: Partial-night transition
E01001966,2,983.12961,6.891757605857943,-0.0251751038197293,0.0279371913129541,0.0137850491554211,0.0443678918440922,1.293075391889437,5,10.35,8,0.055,0.055,1354,1,8,Partial-night transition,C2: Partial-night transition
E01001968,3,355.84774,5.877309192203803,-0.1831369787538906,0.0716132129994699,0.0314837463910828,0.1004349617272855,0.6653210945841976,3,9.949,8,0.133,0.084,1567,1,8,Medium activity / continuing,C3: Medium activity / continuing
E01001969,1,1211.81107,7.100696142484973,-0.2552620764555319,0.1002830168897532,0.0566724893840093,0.1617510067471682,0.73055193293998,2,33.458,3,0.391,0.163,1984,1,3,High activity / full-night,C1: High activity / full-night
E01001970,3,420.46136,6.043728100641856,-0.043691529704418,0.1716479963818792,0.0920739066248561,0.2914554744365781,0.9648861861742172,4,34.469,2,0.368,0.189,1890,1,2,Medium activity / continuing,C3: Medium activity / continuing
E01001971,3,298.1467,5.700934088519973,0.2553133742550227,0.181551162565274,0.1551064626910175,0.2976883277857738,0.9400934769395084,5,44.989,1,0.5,0.242,1910,1,1,Medium activity / continuing,C3: Medium activity / continuing
E01001972,3,1149.67417,7.048103284371422,-0.1186874973454436,0.0460856835637178,0.0260722653271404,0.0651037728570421,0.8348837351334246,1,32.777,3,0.342,0.193,1676,1,3,Medium activity / continuing,C3: Medium activity / continuing
E01001973,1,3920.96988,8.274349326971576,-0.0146734052443167,0.1024215901398355,0.0524081863133312,0.1650674668806426,0.7161043751975255,4,21.988,4,0.31,0.13,2478,1,4,High activity / full-night,C1: High activity / full-night
E01001975,1,1953.75326,7.578019254735679,-0.3332726467210092,0.163833042049537,0.0954054044675016,0.2885322711963397,0.838380331166701,3,29.988,3,0.353,0.158,1838,1,3,High activity / full-night,C1: High activity / full-night
E01001976,0,203.51998,5.320665672421846,-0.2561951902707537,0.0512647947390718,0.0250656471173002,0.0847482188180764,0.7838136890432875,1,34.67,2,0.377,0.18,1814,1,2,Low activity / early-stop,C0: Low activity / early-stop
E01001977,3,515.3432,6.24677166066883,0.5083136829980486,0.2937572281927849,0.2389942275361351,0.6284483424260714,0.9387065780425492,1,41.705,2,0.505,0.229,1594,1,2,Medium activity / continuing,C3: Medium activity / continuing
E01001978,1,1623.81704,7.393150497655791,-0.2352372284503185,0.152211883427458,0.0937873456482511,0.2506095676841295,0.829111542702683,2,49.687,1,0.528,0.246,1878,1,1,High activity / full-night,C1: High activity / full-night
E01001979,1,5090.00671,8.535230871913646,-0.0271918560987516,0.1118993966905792,0.0521566640528063,0.1840034771849923,0.8165004999513982,2,50.956,1,0.533,0.236,2221,1,1,High activity / full-night,C1: High activity / full-night
E01001980,0,267.70578,5.593617026368874,-0.2226349389990758,0.0793174506728991,0.0569987693205578,0.1175164399952625,0.7234331984249723,4,35.277,2,0.39,0.201,1787,1,2,Low activity / early-stop,C0: Low activity / early-stop
E01001981,3,418.20373,6.03835703086801,-0.0669285996086165,0.1441303022333158,0.0907877124864477,0.2544962997528665,0.8733837515898696,2,33.576,2,0.333,0.15,1789,1,2,Medium activity / continuing,C3: Medium activity / continuing
E01001983,1,949.55054,6.857041332529631,-0.121077999702891,0.1883813577737526,0.1282575227644017,0.3369741455369782,0.9238212362303048,3,30.609,3,0.335,0.172,1651,1,3,High activity / full-night,C1: High activity / full-night
E01001984,3,1126.31815,7.027596772337801,-0.450311832407211,0.091884269111707,0.0540611105308033,0.1469439570612248,0.97434551855534,5,17.09,6,0.204,0.112,1638,1,6,Medium activity / continuing,C3: Medium activity / continuing
E01001986,0,1041.86327,6.949725353406375,-0.4688437188115864,0.0307809584265313,0.0078387637180068,0.0463852670571955,0.6854293367046119,3,12.694,7,0.151,0.088,1565,1,7,Low activity / early-stop,C0: Low activity / early-stop
E01001989,2,1100.71891,7.004626884581032,-0.146887918914739,0.0332356059913606,0.0114575936557681,0.0471198051829871,0.6992295232489207,4,10.06,8,0.123,0.072,1701,1,8,Partial-night transition,C2: Partial-night transition
E01001990,1,5666.58821,8.642518946442301,-0.0465835243743607,0.0565092659168187,0.0232869082964474,0.084612534089229,0.726234401081623,2,16.28,6,0.163,0.085,1892,1,6,High activity / full-night,C1: High activity / full-night
E01001991,3,723.80252,6.585899231543918,-0.054615007419427,0.0590921816630315,0.0284612023732661,0.0873487354621194,0.678709217910429,2,12.27,7,0.135,0.066,1678,1,7,Medium activity / continuing,C3: Medium activity / continuing
E01001992,3,114.53816,4.7496008650056085,0.363191795642605,0.0359892283934018,0.0097020940444651,0.0492644053455203,0.7169582143342854,5,6.17,9,0.052,0.048,1759,1,9,Medium activity / continuing,C3: Medium activity / continuing
E01001994,3,421.51921,6.046234913219236,-0.269780326263185,0.102622725071059,0.0387300498119646,0.1705177394826511,0.6991982324026177,5,10.82,8,0.141,0.081,1788,1,8,Medium activity / continuing,C3: Medium activity / continuing
E01001995,0,222.3659,5.408811233981592,-0.4329910296497799,0.0584557254507098,0.0275064656946051,0.0847357623422672,0.6114288299068186,5,22.135,4,0.312,0.172,2624,1,4,Low activity / early-stop,C0: Low activity / early-stop
E01001997,3,1361.93968,7.217399175398088,-0.3464156944160699,0.0813896765237062,0.0355813115012553,0.1274128073010519,0.661095633128818,3,11.851,7,0.131,0.065,1674,1,7,Medium activity / continuing,C3: Medium activity / continuing
E01001999,1,4599.49907,8.433920070070455,-0.3170158114631383,0.1475483937862824,0.0591478519420594,0.2807080315157816,0.8580719347715275,2,23.1,4,0.257,0.124,2377,1,4,High activity / full-night,C1: High activity / full-night
E01002002,1,1857.69934,7.527632242527355,0.085046065635142,0.1306198666141529,0.0854861206980888,0.2071362036810033,1.030953632073201,4,38.493,2,0.348,0.187,1678,1,2,High activity / full-night,C1: High activity / full-night
E01002003,1,5383.31732,8.59124580718068,0.1438098246825992,0.1535178479874561,0.0927944072968004,0.2620043996091406,0.8871509404862393,4,40.573,2,0.437,0.17,2638,1,2,High activity / full-night,C1: High activity / full-night
E01002005,3,902.5285,6.806307653530355,0.0139455540739156,0.0774927550764324,0.0391446364297637,0.122813503339022,0.9433380179700706,4,12.461,7,0.133,0.069,1432,1,7,Medium activity / continuing,C3: Medium activity / continuing
E01002008,3,1186.60858,7.079696967518273,-0.0368568378293708,0.0588064010122023,0.0357185770559656,0.0868501658158056,0.7086607648675148,5,6.109,9,0.039,0.04,1401,1,9,Medium activity / continuing,C3: Medium activity / continuing
E01002009,3,2149.79186,7.673591360290087,-0.0445729848470075,0.0588661127407934,0.0203735351384203,0.0874562204526172,0.793956004799585,2,10.056,8,0.071,0.053,1404,1,8,Medium activity / continuing,C3: Medium activity / continuing
E01002010,3,432.49555,6.0718815308853245,-0.0804582844840831,0.0568102955047745,0.0248757935197252,0.0851152394495288,0.6043775166341393,5,15.221,6,0.179,0.121,1607,1,6,Medium activity / continuing,C3: Medium activity / continuing
E01002011,1,4771.63412,8.470653657876586,0.1160791515171745,0.0807439737227799,0.0320155309812396,0.1282934940102534,0.7128401448213706,5,16.774,6,0.172,0.101,1736,1,6,High activity / full-night,C1: High activity / full-night
E01002013,2,1228.37928,7.114264670581086,-0.4008145432085113,0.0588782725153097,0.0251382130118638,0.0905305385956738,0.7603889754859444,2,13.186,7,0.116,0.079,1307,1,7,Partial-night transition,C2: Partial-night transition
E01002014,1,1884.58273,7.541992192691561,-0.0529659581460772,0.1098811353322759,0.065968932019238,0.1830494368156101,0.7791219458002708,2,22.471,4,0.218,0.127,1776,1,4,High activity / full-night,C1: High activity / full-night
E01002015,2,551.34112,6.314165826426129,-0.0232517393224724,0.0591743456392296,0.0338236335428781,0.0904382410923935,0.8123351878255988,3,27.666,3,0.374,0.195,1388,1,3,Partial-night transition,C2: Partial-night transition
E01002017,1,4053.72827,8.307638953206759,-0.2137860389936793,0.0785327305621301,0.0321899400523952,0.1294927908613554,0.7766895028629618,2,22.047,4,0.265,0.163,1517,1,4,High activity / full-night,C1: High activity / full-night
E01002019,2,1407.50612,7.250284932354911,-0.2703796129852707,0.0388993122104506,0.0147915804444246,0.0566687065985955,0.6022112587504818,5,8.024,9,0.092,0.053,1339,1,9,Partial-night transition,C2: Partial-night transition
E01002020,2,1639.06847,7.402493269946737,0.0236193122548443,0.0417854722078815,0.0101210842033951,0.0605281506175344,0.8010635555776686,5,14.592,6,0.167,0.105,1543,1,6,Partial-night transition,C2: Partial-night transition
E01002021,2,513.55637,6.243305111954768,-0.2626226016824598,0.0365781072874239,0.0091947063182178,0.0536796706520288,0.7752955604521088,4,7.29,9,0.078,0.065,1376,1,9,Partial-night transition,C2: Partial-night transition
E01002022,1,14787.51431,9.601606098326515,-0.1119218737716305,0.0613336075953389,0.0254148406636436,0.0930491191303184,0.8063086928896792,2,10.604,8,0.125,0.065,2137,1,8,High activity / full-night,C1: High activity / full-night
E01002028,1,2280.21318,7.732462676926573,-0.2221250909531186,0.1304402205060493,0.0650369365902884,0.2241921630723138,0.8522144961063065,3,34.456,2,0.347,0.174,1615,1,2,High activity / full-night,C1: High activity / full-night
E01002029,1,13328.86219,9.49776207478473,0.5592363206810229,0.1046998813632418,0.054605142556433,0.1669950865990259,0.8745964967374195,2,41.731,2,0.419,0.194,2091,1,2,High activity / full-night,C1: High activity / full-night
E01002030,1,1088.08706,6.993095064641119,-0.1329087030958717,0.0925878302421866,0.055976651353615,0.1547216021959664,0.9180868447702052,1,33.642,2,0.435,0.195,1743,1,2,High activity / full-night,C1: High activity / full-night
E01002031,1,20426.24402,9.924624780033607,-0.1979146482359511,0.1391741960595651,0.0778693683695648,0.2354364440109475,0.8744040528116946,2,38.609,2,0.396,0.164,1881,1,2,High activity / full-night,C1: High activity / full-night
E01002033,3,514.01246,6.244191094545819,0.1546281582356972,0.108974517855073,0.0663777488973711,0.167310748627744,0.8928958181999594,2,38.917,2,0.402,0.203,1790,1,2,Medium activity / continuing,C3: Medium activity / continuing
E01002034,1,6822.66202,8.828151559808965,-0.0246110095308516,0.1362470729570156,0.0782308838449541,0.2207628859816887,0.8343502917466848,1,53.78,1,0.596,0.252,2431,1,1,High activity / full-night,C1: High activity / full-night
E01002036,2,262.89552,5.575553267237861,-0.0415665508487934,0.1067361665196881,0.0703242489639991,0.1671562628689894,0.7955724768604052,4,65.343,1,0.693,0.343,1878,1,1,Partial-night transition,C2: Partial-night transition
E01002037,1,3738.79362,8.226785707067823,-0.2453436678326202,0.1531351709110919,0.098396690855592,0.2621064751154778,0.7630739150035343,5,58.726,1,0.642,0.31,1682,1,1,High activity / full-night,C1: High activity / full-night
E01002038,1,1903.79479,7.552129559973617,0.0128659402413849,0.1968831630219977,0.1315659761838092,0.3565548827296589,0.8149570676877211,2,61.266,1,0.728,0.289,1812,1,1,High activity / full-night,C1: High activity / full-night
E01002042,3,1125.96137,7.027280236611141,-0.1183968238626161,0.1144646640941154,0.0728741075726248,0.1828439042689878,0.8014402004813737,4,25.79,4,0.244,0.139,1527,1,4,Medium activity / continuing,C3: Medium activity / continuing
E01002043,1,1189.5849,7.082199977957862,-0.0860083546790145,0.1033645181609147,0.0678069383698464,0.1667279146059724,0.8366961436478475,2,38.297,2,0.408,0.188,1768,1,2,High activity / full-night,C1: High activity / full-night
E01002046,1,1103.25524,7.006926395767619,0.0058946286989763,0.1538671051315378,0.0992089826829193,0.2595299834694288,0.8827305204180672,4,38.921,2,0.423,0.212,1644,1,2,High activity / full-night,C1: High activity / full-night
E01002047,1,7230.09209,8.88614535353847,-0.0103828068945108,0.182229283334066,0.1124489411586457,0.3387486184946092,0.900443320472895,2,21.465,5,0.212,0.09,1635,1,5,High activity / full-night,C1: High activity / full-night
E01002048,3,822.4088399999999,6.71345284525097,-0.092644456496844,0.0805517727654775,0.0432420935553173,0.1259324365290177,0.9390436481884062,2,32.023,3,0.352,0.161,1887,1,3,Medium activity / continuing,C3: Medium activity / continuing
E01002049,3,611.31122,6.4172406826668285,-0.3062026572978654,0.1786356219668272,0.1127190991194305,0.316649977598576,0.8218606526260671,2,34.564,2,0.42,0.185,1863,1,2,Medium activity / continuing,C3: Medium activity / continuing
E01002051,3,945.23646,6.852492495534355,-0.1106657692827464,0.1168497563033063,0.0498411900023407,0.2064944622044631,0.7200048870591643,4,58.044,1,0.741,0.239,1950,1,1,Medium activity / continuing,C3: Medium activity / continuing
E01002052,0,176.78361999999998,5.180567192851693,0.4589191012153728,0.0078648123621407,0.0,0.0103570333550748,0.6516929239632435,6,44.178,2,0.795,0.129,2150,1,2,Low activity / early-stop,C0: Low activity / early-stop
E01002053,1,1861.12902,7.529475746521351,-0.1604963314150031,0.1194986793553947,0.0699075607342901,0.2059544400109784,0.8708784149318718,4,43.889,2,0.599,0.2,2047,1,2,High activity / full-night,C1: High activity / full-night
E01002055,1,2313.02405,7.746743300958039,0.0082478390140388,0.1142489936496769,0.0681027246560622,0.1814417575700658,0.7542003345193509,3,50.539,1,0.756,0.146,2047,1,1,High activity / full-night,C1: High activity / full-night
E01002056,1,1620.87817,7.391340120880281,-0.1320699445288969,0.1639415317685474,0.0919472004487542,0.2977709796400409,0.8377709703602776,4,33.69,2,0.438,0.16,2926,1,2,High activity / full-night,C1: High activity / full-night
E01002058,0,212.77912,5.364943332456001,-0.368114126987648,0.0077078051643413,0.0,0.0097770467781785,0.8315990807560171,2,28.042,3,0.305,0.133,1550,1,3,Low activity / early-stop,C0: Low activity / early-stop
E01002060,0,537.88865,6.289508963296242,-0.4462829435051287,0.0346810441157291,0.0104009259165442,0.0530341664446786,0.7672415275730388,3,12.597,7,0.139,0.1,1641,1,7,Low activity / early-stop,C0: Low activity / early-stop
E01002061,0,200.98699,5.308203289386459,-0.5997641439378739,0.0095229546947292,0.0,0.0124935149571784,0.7228971712983396,3,13.359,7,0.129,0.081,1493,1,7,Low activity / early-stop,C0: Low activity / early-stop
E01002062,2,628.01386,6.444153291433826,-0.1762099963844747,0.038254490115871,0.010844776578657,0.0595470819355811,0.7149820776686849,5,16.282,6,0.164,0.096,1701,1,6,Partial-night transition,C2: Partial-night transition
E01002064,2,1172.47292,7.067722938757242,0.247010651640466,0.0354170738544648,0.0148468162488563,0.0526832328259068,0.8001953187983997,3,24.951,4,0.293,0.151,1466,1,4,Partial-night transition,C2: Partial-night transition
E01002066,1,9811.43173,9.191405404614232,-0.1089154426598655,0.2260669024703084,0.1434024858673709,0.439456697312975,0.9014965865053608,1,39.841,2,0.426,0.194,2580,1,2,High activity / full-night,C1: High activity / full-night
E01002067,1,3590.39686,8.186296503296562,-0.114087928430285,0.1622321132488958,0.1063117852659886,0.2899922236786558,0.8294693202913306,4,44.024,2,0.482,0.239,1727,1,2,High activity / full-night,C1: High activity / full-night
E01002068,3,547.38078,6.306969899663335,0.0662573866769674,0.0430590383535205,0.0224492171610409,0.0577504004664392,0.8757536939429174,3,39.951,2,0.449,0.215,2235,1,2,Medium activity / continuing,C3: Medium activity / continuing
E01002069,1,3790.68743,8.240566431180005,0.223251820580733,0.115339802627831,0.0760834849419383,0.1798802400856146,0.7627125532651475,1,46.669,1,0.483,0.214,2058,1,1,High activity / full-night,C1: High activity / full-night
E01002070,3,1307.2858,7.176473009678213,-0.1672910850863675,0.0860483071108092,0.055485518162899,0.1329927470246895,0.9034142596038196,4,22.009,4,0.317,0.117,2651,1,4,Medium activity / continuing,C3: Medium activity / continuing
E01002071,3,967.04087,6.875274307459673,0.1737852816913519,0.1322180829854688,0.0996368540245874,0.2156280719995104,0.879228332825023,3,46.187,1,0.474,0.213,1795,1,1,Medium activity / continuing,C3: Medium activity / continuing
E01002072,1,22970.72603,10.042019435655016,0.1325378991514618,0.1708428307783879,0.0891079915073977,0.3176491640885086,0.8707067057573896,3,42.533,2,0.478,0.196,2028,1,2,High activity / full-night,C1: High activity / full-night
E01002074,1,1416.28661,7.256499484587132,-0.3248084439631891,0.132092401833835,0.0837884430750919,0.2301017099132569,0.795720752786567,3,48.011,1,0.537,0.271,2256,1,1,High activity / full-night,C1: High activity / full-night
E01002075,1,1245.90887,7.12842286361907,-0.2475427998197011,0.1697739257607179,0.1261757210220359,0.3018476748273136,0.7660156803954128,3,41.142,2,0.466,0.219,1962,1,2,High activity / full-night,C1: High activity / full-night
E01002076,0,131.14031,4.883864312595658,-0.1998746990913778,0.0555025377017943,0.0486876994571692,0.0834538656268728,1.0106809521714055,3,44.94,1,0.519,0.235,1767,1,1,Low activity / early-stop,C0: Low activity / early-stop
E01002077,1,8117.27517,9.001872993104248,0.0099536541891064,0.201147933980905,0.1407543253212149,0.3684668827548669,0.8756304069788561,4,41.291,2,0.442,0.194,2172,1,2,High activity / full-night,C1: High activity / full-night
E01002078,3,248.75935,5.5204978542653365,-0.4024281700366238,0.05651035830412,0.0279429094825983,0.085278943681299,0.8854918308345479,3,24.778,4,0.335,0.148,2672,1,4,Medium activity / continuing,C3: Medium activity / continuing
E01002081,1,9149.47044,9.121560571155552,-0.1446306088071256,0.208881220233769,0.1164162676938491,0.3972303102391084,0.9099385674089638,1,43.867,2,0.522,0.222,1925,1,2,High activity / full-night,C1: High activity / full-night
E01002082,1,1951.57375,7.5769036530875615,-0.430054129391728,0.1397423182188221,0.0719889883741262,0.2361720086190083,0.7923044868188931,4,49.888,1,0.583,0.297,1432,1,1,High activity / full-night,C1: High activity / full-night
E01002083,3,360.92261,5.891430404440214,0.0978922600609588,0.100126534051164,0.070194798824047,0.1564280775307846,0.8058948213026188,6,21.398,5,0.225,0.103,1383,1,5,Medium activity / continuing,C3: Medium activity / continuing
E01002084,3,946.22107,6.853532508392471,-0.3979145063848557,0.0591750403528849,0.0318702689636788,0.0918392234475761,0.9547629680882356,4,29.449,3,0.347,0.163,1792,1,3,Medium activity / continuing,C3: Medium activity / continuing
E01002085,3,7712.37343,8.950710910423869,0.6196933373855058,0.0985458713712725,0.04193036850914,0.1720055436646422,0.8107083737307224,4,30.777,3,0.34,0.14,2134,1,3,Medium activity / continuing,C3: Medium activity / continuing
E01002086,0,536.77729,6.287444515349253,-0.4481181199003408,0.062298593146517,0.0428666421412873,0.0973755871826991,0.8182707083229673,4,24.707,4,0.319,0.167,1544,1,4,Low activity / early-stop,C0: Low activity / early-stop
E01002088,1,2893.29639,7.970497317289423,-0.147587427086929,0.1725379438226168,0.1125474393586064,0.302660578695563,0.8710253566132241,5,30.628,3,0.317,0.141,1796,1,3,High activity / full-night,C1: High activity / full-night
E01002089,0,642.70009,6.467232918875245,-0.4333778917006219,0.0517737129926339,0.0379463771352513,0.0816769707382139,0.8022022877666874,3,53.554,1,0.661,0.311,1252,1,1,Low activity / early-stop,C0: Low activity / early-stop
E01002090,2,729.87136,6.594237466151639,-0.2642215198031609,0.0892427125788303,0.0508891046224912,0.1365939945214097,0.7256264483202783,5,34.381,2,0.426,0.188,1826,1,2,Partial-night transition,C2: Partial-night transition
E01002091,2,2746.63629,7.918496290143025,-0.2079233250063845,0.0810844088861871,0.0514291209630817,0.1222344294165912,0.7260820908654367,5,46.181,1,0.536,0.261,1829,1,1,Partial-night transition,C2: Partial-night transition
E01002092,2,796.93435,6.682026325895171,-0.1469417273831902,0.0767087401866916,0.0483708476112241,0.1089678050683681,0.7396843774238643,4,47.886,1,0.626,0.249,1694,1,1,Partial-night transition,C2: Partial-night transition
E01002096,2,1134.98478,7.03525520130402,-0.3349369847937519,0.1025960718169277,0.0634584985359891,0.1651686920218891,0.7910178418783366,4,40.243,2,0.495,0.228,1657,1,2,Partial-night transition,C2: Partial-night transition
E01002098,1,2422.8474,7.793111391412152,0.2272376791043463,0.0762741805365042,0.0286519943435149,0.1237489740944222,0.8445021757890326,1,27.065,3,0.263,0.137,1528,1,3,High activity / full-night,C1: High activity / full-night
E01002099,0,135.01334,4.9127529691610095,-0.2747971422675715,0.0403558640946146,0.0320593505797279,0.0558280858333073,0.682615448652232,5,52.144,1,0.582,0.282,1971,1,1,Low activity / early-stop,C0: Low activity / early-stop
E01002100,2,1395.17086,7.241488668383104,-0.1860363396638028,0.0830121480604891,0.0406658651113169,0.1361295934973626,0.7981768738544527,3,42.618,2,0.458,0.2,1689,1,2,Partial-night transition,C2: Partial-night transition
E01002102,0,247.55333,5.515657430157632,-0.4340128650258916,0.0611222236436892,0.032153435382994,0.0929283483662898,0.584311142083365,5,34.931,2,0.353,0.173,1887,1,2,Low activity / early-stop,C0: Low activity / early-stop
E01002103,1,1265.40962,7.143941104874021,-0.2066757482055495,0.1396678097010199,0.090895333955182,0.2270377625313356,0.8553702609047567,4,32.762,3,0.33,0.134,1866,1,3,High activity / full-night,C1: High activity / full-night
E01002104,2,913.88319,6.81879639592395,-0.2649734590259834,0.0884006412241809,0.0549971818608459,0.1353304498143826,0.6083842008041493,4,31.986,3,0.327,0.158,1429,1,3,Partial-night transition,C2: Partial-night transition
E01002105,1,17379.91963,9.76312831053806,-0.2165072146539035,0.1528211267108143,0.0795780895104173,0.2703545306979532,0.9278322433487072,2,38.431,2,0.419,0.174,1978,1,2,High activity / full-night,C1: High activity / full-night
E01002106,0,213.07593,5.366330765174687,-0.1542522893130162,0.1169836499129676,0.0954880262636891,0.1725893273569427,0.701700697268171,5,14.74,6,0.245,0.073,1961,1,6,Low activity / early-stop,C0: Low activity / early-stop
E01002108,0,265.5965,5.585736279376361,-0.4625722101006601,0.0523329561948293,0.0326103694890557,0.0818221681978319,0.6352481323511598,5,9.721,8,0.185,0.055,1831,1,8,Low activity / early-stop,C0: Low activity / early-stop
E01002109,3,443.3895,6.096701430123608,-0.2022857555264614,0.0722209253940384,0.0542965496476574,0.1048226779159711,0.6726132932854637,5,9.684,8,0.14,0.046,1836,1,8,Medium activity / continuing,C3: Medium activity / continuing
E01002110,3,235.38792,5.465474184395507,0.2060067483497029,0.197490465950844,0.1085023394573519,0.3518615935036935,0.9216097216521668,4,11.358,7,0.162,0.055,1670,1,7,Medium activity / continuing,C3: Medium activity / continuing
E01002111,0,1151.77945,7.049931218364037,-0.2533326584356059,0.0689148082994535,0.0512920073369949,0.1031063065841715,0.7080998825883856,5,19.066,5,0.314,0.11,2177,1,5,Low activity / early-stop,C0: Low activity / early-stop
E01002112,3,3019.77276,8.01326795843171,0.097810194168385,0.09308444785097,0.0597259013621939,0.1407303115960096,0.6963817362657858,5,9.571,8,0.135,0.066,2060,1,8,Medium activity / continuing,C3: Medium activity / continuing
E01002113,2,158.31796,5.070901953812687,-0.0349466352396152,0.0648651612236539,0.052855279337859,0.1012789009160479,1.292450326567101,5,19.261,5,0.237,0.11,1547,1,5,Partial-night transition,C2: Partial-night transition
E01002114,3,420.46109,6.043727460013527,0.0561185102764206,0.1318181903585894,0.1119482661285019,0.1847451661675578,0.7346714495109778,7,21.307,5,0.343,0.118,2181,1,5,Medium activity / continuing,C3: Medium activity / continuing
E01002118,3,2935.24122,7.984885545760052,0.5310637808500114,0.0916010269166225,0.0576601912124959,0.1423515254623403,0.8112341220140359,4,27.787,3,0.359,0.131,1975,1,3,Medium activity / continuing,C3: Medium activity / continuing
E01002119,3,1007.27989,6.916001078739303,-0.7554629825876898,0.0750610934960689,0.0375300453978089,0.1106835579305061,0.9079323173728702,4,22.604,4,0.342,0.136,2541,1,4,Medium activity / continuing,C3: Medium activity / continuing
E01002121,0,324.94351,5.786724084143022,-0.3983859533000058,0.0975241204232698,0.0670310356406256,0.1446381518787245,0.6135947982997763,5,17.737,5,0.272,0.087,1829,1,5,Low activity / early-stop,C0: Low activity / early-stop
E01002122,3,813.25938,6.702278963893491,-0.1781491656450369,0.1419730566157134,0.1002728797299577,0.2535119613064698,0.8214704650004724,4,16.693,6,0.252,0.103,1881,1,6,Medium activity / continuing,C3: Medium activity / continuing
E01002123,1,931.28501,6.837638572657887,-0.0973630725571326,0.0943709702790126,0.0656422677736432,0.1469016551048368,0.8553826381145205,4,22.819,4,0.301,0.112,1753,1,4,High activity / full-night,C1: High activity / full-night
E01002125,2,1125.93203,7.027254201662015,-0.2083111802050786,0.11010645109723,0.0725460132793273,0.17478532954241,0.8086842953750909,5,24.97,4,0.296,0.107,1992,1,4,Partial-night transition,C2: Partial-night transition
E01002129,1,30594.84332,10.328619439497803,0.1262179099794782,0.1057885205081024,0.0618841194967753,0.1742891815846562,0.8177017521260904,2,24.076,4,0.271,0.148,2876,1,4,High activity / full-night,C1: High activity / full-night
E01002130,1,9879.84053,9.198352861009976,-0.0076447134719086,0.0770638956861786,0.0452182258047033,0.1226900695346213,0.8882476846844508,3,31.077,3,0.409,0.151,3039,1,3,High activity / full-night,C1: High activity / full-night
E01002132,0,735.68174,6.602155967172816,-0.3100628812671087,0.0397384608186686,0.0245762522255887,0.0543099140468811,0.7301577831474801,5,13.356,7,0.188,0.092,2041,1,7,Low activity / early-stop,C0: Low activity / early-stop
E01002133,1,1978.94733,7.590825522324667,-0.163568855569289,0.1234700117056677,0.0879602490481644,0.1973136489225689,0.7247195923985108,6,31.173,3,0.419,0.174,1917,1,3,High activity / full-night,C1: High activity / full-night
E01002135,0,1783.11936,7.486680216731456,-0.1509436586454875,0.0742668847474125,0.0477684230852611,0.1101455460185857,0.5827192667604288,5,19.391,5,0.245,0.108,2021,1,5,Low activity / early-stop,C0: Low activity / early-stop
E01002136,1,2130.30672,7.66449055416743,-0.2619136459373324,0.1303776293772382,0.082246109611859,0.225388599165202,0.7679188544491956,4,16.086,6,0.233,0.08,2012,1,6,High activity / full-night,C1: High activity / full-night
E01002137,0,82.66472999999999,4.42681750278541,-0.0436494500133248,0.0647734529587165,0.0528413992279415,0.0930784942591675,0.8015886786843905,6,10.839,8,0.024,0.025,1888,1,8,Low activity / early-stop,C0: Low activity / early-stop
E01002139,0,120.01048,4.795877153416424,-0.3004455944180875,0.0495830030843973,0.0198282683312324,0.0764504074092584,0.7916182800547857,5,30.342,3,0.444,0.203,1478,1,3,Low activity / early-stop,C0: Low activity / early-stop
E01002141,0,259.76796,5.563630969744743,-0.1533390030086851,0.0883041542151695,0.0816118354241993,0.140174381783201,0.8321966724822839,4,17.704,5,0.247,0.11,1799,1,5,Low activity / early-stop,C0: Low activity / early-stop
E01002142,1,5095.66438,8.536341561595643,-0.2618404785913313,0.0868882459641111,0.0486985408564133,0.1343523644335697,0.7306621359731648,5,14.716,6,0.229,0.084,1887,1,6,High activity / full-night,C1: High activity / full-night
E01002144,2,536.16596,6.286307097041994,-0.3277199843123199,0.1011023340608941,0.0583994925750228,0.1596031458121951,0.7443615725105724,7,12.3,7,0.196,0.083,1590,1,7,Partial-night transition,C2: Partial-night transition
E01002145,0,185.63226,5.229140156643232,0.0320026271295732,0.0548486022849692,0.0391352235866761,0.0751777555234958,0.8647949678402549,5,21.093,5,0.251,0.115,1663,1,5,Low activity / early-stop,C0: Low activity / early-stop
E01002148,2,223.18588,5.412475529172164,-0.4833435699426863,0.1583142266885342,0.1075122673531139,0.3084503533165735,0.8023607832958629,7,7.488,9,0.134,0.081,1450,1,9,Partial-night transition,C2: Partial-night transition
E01002150,0,794.65361,6.679163927816767,0.0426126170873369,0.04177442798001,0.0237648451631648,0.0595140505182608,0.7196325086599423,6,12.262,7,0.18,0.085,2403,1,7,Low activity / early-stop,C0: Low activity / early-stop
E01002151,0,1077.35799,6.98319478353871,-0.267644453075435,0.0446011079381329,0.0196823341886571,0.064615130899692,0.7657576048516758,5,33.296,3,0.415,0.211,1559,1,3,Low activity / early-stop,C0: Low activity / early-stop
E01002152,0,784.9098,6.666842027574252,0.1270331954066569,0.0432992300516568,0.0191359822491705,0.0732568445086697,0.7837603998177604,7,5.471,9,0.115,0.054,1556,1,9,Low activity / early-stop,C0: Low activity / early-stop
E01002153,0,256.39714,5.550620183989186,-0.2519170065625536,0.049817209349527,0.0285964188212083,0.0698590637543623,0.7717638976724577,6,5.931,9,0.116,0.064,1864,1,9,Low activity / early-stop,C0: Low activity / early-stop
E01002155,2,183.98115,5.220253927995102,-0.2135232332225339,0.0554268195410236,0.0166021355992176,0.0821045285271145,0.7592349363986981,7,6.741,9,0.131,0.06,1742,1,9,Partial-night transition,C2: Partial-night transition
E01002157,2,607.29811,6.41066507430227,0.1105043616881995,0.0767251852636261,0.0338670904146235,0.1228416432080601,0.7499542251465803,5,12.632,7,0.163,0.075,1678,1,7,Partial-night transition,C2: Partial-night transition
E01002159,2,435.7554,6.079373312990393,-0.7323678375529024,0.074797764984668,0.0094596188595712,0.1248137713307816,0.87678857073961,4,13.144,7,0.234,0.093,1912,1,7,Partial-night transition,C2: Partial-night transition
E01002160,2,885.41278,6.787182733759119,-0.0911754176396686,0.0762643611265696,0.0382484878973624,0.1157882376309989,0.8461918084909086,1,18.266,5,0.25,0.099,2486,1,5,Partial-night transition,C2: Partial-night transition
E01002161,2,1711.84054,7.445908405841703,-0.0790314733403848,0.0650476942203974,0.0306447351690829,0.0987811626922838,0.8032842945719411,4,15.585,6,0.247,0.095,2021,1,6,Partial-night transition,C2: Partial-night transition
E01002163,2,262.11049,5.572574058022998,-0.2408305367709625,0.0588489609858804,0.0238906882360946,0.0902465529463278,0.694932240343091,5,6.327,9,0.124,0.061,1668,1,9,Partial-night transition,C2: Partial-night transition
E01002166,2,393.92445,5.9786944807846965,-0.2239032636841912,0.0801669457176369,0.0469224999869898,0.1162892871539741,0.8243884220066007,5,15.512,6,0.246,0.066,1746,1,6,Partial-night transition,C2: Partial-night transition
E01002172,2,252.49793,5.535355657317425,-0.2347598255557975,0.1090671119561257,0.0723826131960765,0.1739666065620496,0.5780163636113682,5,15.312,6,0.282,0.094,1629,1,6,Partial-night transition,C2: Partial-night transition
E01002174,2,2039.31086,7.620857457582192,-0.2878346070299453,0.0843823486528189,0.0506002895507554,0.1305749473365484,0.7536300150512258,5,9.441,8,0.154,0.078,1566,1,8,Partial-night transition,C2: Partial-night transition
E01002175,2,1670.08632,7.421229184951187,0.2393281923296036,0.0710826432013406,0.0438431948834836,0.1074667186863081,0.880421079735679,4,13.99,7,0.197,0.078,1442,1,7,Partial-night transition,C2: Partial-night transition
E01002176,2,1750.86667,7.46843716700229,0.0565256462389566,0.0495840896897077,0.0246829645800499,0.0728019610168158,0.8455097611755785,5,15.637,6,0.172,0.081,1657,1,6,Partial-night transition,C2: Partial-night transition
E01002177,0,125.69793,4.841805749387789,0.0008422573068625,0.1115405798647599,0.1115405798647599,0.1723183846901299,0.8432793569080429,5,16.546,6,0.234,0.094,1492,1,6,Low activity / early-stop,C0: Low activity / early-stop
E01002179,1,7605.08753,8.936704196441973,-0.0336030622911186,0.122790714283863,0.0697528145346671,0.2066442116923753,0.7655637597645691,4,31.492,3,0.381,0.159,2679,1,3,High activity / full-night,C1: High activity / full-night
E01002181,2,832.29821,6.72539157329993,-0.0431657182105438,0.066994629244727,0.0404276010638062,0.1055037810079491,0.7839864682993041,5,17.937,5,0.344,0.108,2700,1,5,Partial-night transition,C2: Partial-night transition
E01002184,0,338.8874,5.828614386288581,-0.3287945199496941,0.073409899571362,0.0387159864899078,0.1146418044120455,0.7481069612559054,4,26.232,4,0.348,0.14,1915,1,4,Low activity / early-stop,C0: Low activity / early-stop
E01002185,0,160.6293,5.085305441533171,-0.4058686677959749,0.0369255173246723,0.0215768854125617,0.0526119851459657,0.8627670697436395,6,27.17,3,0.406,0.163,1827,1,3,Low activity / early-stop,C0: Low activity / early-stop
E01002186,0,965.86617,6.874060088771085,-0.1931023942996161,0.0297844058457912,0.0127589311881582,0.0431787982813344,0.6716668797632857,5,20.734,5,0.291,0.138,1862,1,5,Low activity / early-stop,C0: Low activity / early-stop
E01002187,0,122.48697,4.816135644429,-0.2198370161332263,0.0502030542514032,0.03149641141421,0.0706511623418074,0.6148390947672169,5,12.251,7,0.203,0.108,1900,1,7,Low activity / early-stop,C0: Low activity / early-stop
E01002189,2,1086.6682,6.99179141766985,0.0825279878439434,0.0489989216579633,0.0149457948617618,0.0736770989203919,0.6921517411892832,6,8.995,8,0.131,0.065,1731,1,8,Partial-night transition,C2: Partial-night transition
E01002191,0,288.71158,5.6688858763616565,-0.3377315866582144,0.0300282725064231,0.0087397949192062,0.0415028817888513,0.5601661078159272,5,4.189,10,0.106,0.054,2001,1,10,Low activity / early-stop,C0: Low activity / early-stop
E01002192,0,1262.6225,7.141737875037206,0.1167818251298389,0.0399938619817087,0.0219285178269831,0.0584000557896572,0.7372409231240244,5,5.479,9,0.103,0.044,1667,1,9,Low activity / early-stop,C0: Low activity / early-stop
E01002193,0,946.43744,6.85376090839152,-0.0266223829860323,0.0486615998623215,0.0229761620588467,0.0686271405413241,0.87777328501962,5,12.505,7,0.194,0.099,1954,1,7,Low activity / early-stop,C0: Low activity / early-stop
E01002195,0,291.40903,5.678153609751715,-0.1525675782936445,0.0231991781448913,0.0122406639217734,0.0312366583066422,0.7762320403497556,5,5.61,9,0.133,0.057,1656,1,9,Low activity / early-stop,C0: Low activity / early-stop
E01002198,2,206.49841,5.335123676990793,-0.31773576367973,0.1142327923977719,0.0888918224600373,0.1831541071698385,1.1158170220630752,5,18.476,5,0.242,0.094,1810,1,5,Partial-night transition,C2: Partial-night transition
E01002199,2,441.64272,6.092762943519465,-0.3701811726909027,0.0742501767039203,0.0535219283134566,0.1144755413981075,0.7467443247003134,5,15.022,6,0.287,0.08,1535,1,6,Partial-night transition,C2: Partial-night transition
E01002200,0,334.92887,5.816899441123781,-0.3957955311526295,0.0613488469954829,0.0444446607424436,0.0882715534130858,0.602168026745657,5,14.958,6,0.173,0.065,2208,1,6,Low activity / early-stop,C0: Low activity / early-stop
E01002201,2,539.45485,6.292411099825091,-0.1699855511540956,0.1119873702127249,0.0865194742433032,0.179787577202739,0.8409157966141465,5,11.422,7,0.211,0.061,1758,1,7,Partial-night transition,C2: Partial-night transition
E01002202,1,2885.021,7.967634015814619,-0.1933668628408597,0.1269680082051395,0.0796925568306088,0.2109655777126445,0.7830479047642233,4,30.863,3,0.399,0.125,2276,1,3,High activity / full-night,C1: High activity / full-night
E01002203,3,440.26298,6.089641024245447,-0.2679504872292464,0.1877093776996648,0.1378345960407572,0.3188071903613022,0.6896336609194665,6,20.035,5,0.308,0.097,1803,1,5,Medium activity / continuing,C3: Medium activity / continuing
E01002204,2,1148.20798,7.046828271042042,-0.095689040586532,0.0776145102213973,0.0391267791049492,0.1225552528737622,0.8413816373162908,5,23.075,4,0.345,0.107,1869,1,4,Partial-night transition,C2: Partial-night transition
E01002207,2,227.54288,5.431723851371904,-0.2683635717364569,0.0710847994892215,0.0396492300703937,0.106213955436977,0.7359068266014361,5,11.483,7,0.229,0.083,1738,1,7,Partial-night transition,C2: Partial-night transition
E01002209,2,2923.16179,7.980763151076271,0.1208384603303124,0.0659436028000352,0.022880505700644,0.1005573749991379,0.7075160321205114,5,13.245,7,0.168,0.075,1856,1,7,Partial-night transition,C2: Partial-night transition
E01002211,0,223.06728,5.4119463638997205,-0.4211233489734577,0.0326923339003371,0.0029092567946316,0.0485628277367737,0.8165308884800284,4,26.027,4,0.357,0.154,1477,1,4,Low activity / early-stop,C0: Low activity / early-stop
E01002212,2,2419.5363,7.791744406168763,-0.3343647375738896,0.1028211769337785,0.0524755879876652,0.1680763425984153,0.7779758151340406,5,27.689,3,0.415,0.126,1892,1,3,Partial-night transition,C2: Partial-night transition
E01002214,2,841.27592,6.736107656523728,-0.234879300955149,0.113730712748797,0.0662704454918904,0.1875130229748401,0.7643120523872091,5,22.461,4,0.349,0.116,1962,1,4,Partial-night transition,C2: Partial-night transition
E01002216,2,549.89228,6.311539290947917,-0.3777823903983521,0.1127533559845575,0.0728128061736018,0.1872809570176457,0.7257689450833982,5,14.199,6,0.296,0.094,1677,1,6,Partial-night transition,C2: Partial-night transition
E01002217,0,188.05719,5.2420495618803296,-0.2507654719290445,0.0335540481063234,0.0126532785053312,0.048146655753563,0.7707181644733623,5,24.216,4,0.374,0.162,2191,1,4,Low activity / early-stop,C0: Low activity / early-stop
E01002218,2,695.29532,6.5457738806850685,-0.2794072308727751,0.0889925017760798,0.0454165720545911,0.13765444617396,0.7404194126570086,5,20.181,5,0.31,0.116,1773,1,5,Partial-night transition,C2: Partial-night transition
E01002219,1,11241.32214,9.327440698195058,-0.0100507679250619,0.1040148877007451,0.0558349269047813,0.1737289425906592,0.8108648457311617,6,27.75,3,0.381,0.123,1996,1,3,High activity / full-night,C1: High activity / full-night
E01002221,1,2641.63717,7.879532625574074,-0.1043150638283909,0.1112629862033626,0.0809097110031958,0.1770937541062484,0.8161206266172584,5,25.111,4,0.322,0.124,1599,1,4,High activity / full-night,C1: High activity / full-night
E01002225,2,566.27604,6.340846028291641,-0.1174652206722361,0.0557789625003381,0.0399973482897139,0.0738819815767359,0.6789962313830221,7,7.942,9,0.089,0.056,1803,1,9,Partial-night transition,C2: Partial-night transition
E01002226,2,2819.22466,7.944571827425605,0.0195051287611821,0.0595806756315759,0.0402427346815276,0.0867544111887888,0.7129960217331257,5,21.142,5,0.225,0.115,2672,1,5,Partial-night transition,C2: Partial-night transition
E01002227,0,776.45186,6.656021725737776,-0.2226531082042871,0.060472635096785,0.0390929194245216,0.0861879875461038,0.7821646103533461,5,33.175,3,0.371,0.176,2268,1,3,Low activity / early-stop,C0: Low activity / early-stop
E01002228,0,556.03613,6.322630103173708,-0.2970832309044378,0.0837807787778107,0.0625221602056686,0.1299242785117463,0.647671183849105,5,19.585,5,0.226,0.116,2290,1,5,Low activity / early-stop,C0: Low activity / early-stop
E01002232,1,1897.07688,7.54859648414511,-0.0223850284865629,0.1274704270287665,0.0880469114145758,0.2046926769539392,0.7877251384496183,4,25.093,4,0.317,0.125,2113,1,4,High activity / full-night,C1: High activity / full-night
E01002233,1,2854.83563,7.957119769282257,-0.1351301510833392,0.1439013040481073,0.0945162401521519,0.2474032061005491,0.8364584276827439,3,32.036,3,0.42,0.17,2487,1,3,High activity / full-night,C1: High activity / full-night
E01002235,0,255.09181,5.545536012998687,-0.1978914571973125,0.0980736700249216,0.0625822522487099,0.1506601327467949,0.6616181482365241,5,33.328,3,0.473,0.193,1862,1,3,Low activity / early-stop,C0: Low activity / early-stop
E01002240,3,889.9542,6.792293023231564,-0.282344799316639,0.1476004270781575,0.1074929586264102,0.2538350786840198,0.7441090501764657,6,16.337,6,0.215,0.101,1963,1,6,Medium activity / continuing,C3: Medium activity / continuing
E01002242,2,188.95917,5.246809154330462,-0.2037541231790974,0.0749071876215374,0.0469054769874359,0.1100224733634055,0.7238056767320203,5,8.383,8,0.17,0.073,1811,1,8,Partial-night transition,C2: Partial-night transition
E01002243,3,838.31266,6.7325832949735895,-0.1295293095060738,0.0990471025452484,0.0829017660308267,0.160947671117063,0.6499209223546106,4,32.085,3,0.406,0.214,1966,1,3,Medium activity / continuing,C3: Medium activity / continuing
E01002244,2,119.17771,4.788971563973031,-0.2817888512877114,0.1362961245018049,0.1161219660958412,0.2053830247638661,0.6119871306336601,4,16.388,6,0.205,0.111,1845,1,6,Partial-night transition,C2: Partial-night transition
E01002245,3,396.63101,5.985524464698873,-0.2151224383590178,0.1440354096367805,0.1041489166467342,0.2271220734665071,0.4334423613576981,4,16.914,6,0.226,0.106,1697,1,6,Medium activity / continuing,C3: Medium activity / continuing
E01002246,3,864.9974,6.763881906248459,-0.1849174113124501,0.1203903503062552,0.0814020134626994,0.1940490526199042,0.7209291657395576,5,15.289,6,0.187,0.096,1827,1,6,Medium activity / continuing,C3: Medium activity / continuing
E01002247,3,298.8797,5.703381394234201,-0.1020160285225125,0.118272067323408,0.0880540230734974,0.1989654103953712,0.7999997825212314,4,25.879,4,0.368,0.159,2514,1,4,Medium activity / continuing,C3: Medium activity / continuing
E01002248,1,2024.7228,7.613681854124934,-0.1172972912637719,0.1353958872789895,0.0885296347727204,0.2286991333248385,0.7174631276439704,5,25.886,4,0.315,0.192,1809,1,4,High activity / full-night,C1: High activity / full-night
E01002250,3,126.64554,4.849257203789988,-0.1601209170097896,0.1522197307540399,0.0980822538243352,0.2388508713284543,0.4109137423136024,6,20.121,5,0.24,0.135,1870,1,5,Medium activity / continuing,C3: Medium activity / continuing
E01002251,3,544.56929,6.301829818288208,-0.2027451639808773,0.1668862744720694,0.126673742472698,0.2703625710563005,0.6905760916128039,6,24.559,4,0.327,0.16,1590,1,4,Medium activity / continuing,C3: Medium activity / continuing
E01002253,0,302.07466,5.713979177797488,-0.3587809053563115,0.0949947274624094,0.0660638002538842,0.1328152879095529,0.5907351875774158,7,1.972,10,0.02,0.033,1611,1,10,Low activity / early-stop,C0: Low activity / early-stop
E01002254,0,332.48054,5.809584512828615,-0.1751783126916239,0.0864657221742962,0.067990746165174,0.1371556702403678,0.6904074539550299,6,2.8,10,0.039,0.038,1604,1,10,Low activity / early-stop,C0: Low activity / early-stop
E01002258,0,859.83324,6.757900803903606,-0.5143665299564366,0.1041404726339726,0.080159927290087,0.1581580945440679,0.6015934847223167,6,17.245,6,0.223,0.125,1854,1,6,Low activity / early-stop,C0: Low activity / early-stop
E01002259,0,137.49205,4.930812923257888,-0.1439333401458485,0.221415565481786,0.2014401559944738,0.3763875970506565,0.7026584399489728,7,7.528,9,0.105,0.058,1504,1,9,Low activity / early-stop,C0: Low activity / early-stop
E01002260,2,145.92919,4.9899507700434205,-0.1718864471186333,0.1183036101276242,0.0793595167628902,0.178373936665497,0.8009290287703661,7,12.0,7,0.188,0.093,1842,1,7,Partial-night transition,C2: Partial-night transition
E01002261,3,2647.73425,7.881837163363792,0.1300096601462174,0.1215496192640934,0.0785425954285253,0.1912784456334538,0.6355214423104971,5,13.462,7,0.164,0.087,1831,1,7,Medium activity / continuing,C3: Medium activity / continuing
E01002262,3,253.24374,5.538293413189962,0.0544145336030813,0.0660851873377008,0.0406528903735192,0.0944518992125386,0.9321649406178352,6,13.754,7,0.192,0.098,1792,1,7,Medium activity / continuing,C3: Medium activity / continuing
E01002263,2,302.63072,5.715812226173291,-0.3453596515251326,0.0885739887873907,0.0784362869704701,0.1281031251469554,0.6865652728148715,7,7.48,9,0.107,0.064,1609,1,9,Partial-night transition,C2: Partial-night transition
E01002265,2,352.4109,5.867631402647078,-0.262680581105749,0.0850632032096623,0.0611596292850192,0.1176960530016219,0.70820466271665,7,9.343,8,0.114,0.075,1536,1,8,Partial-night transition,C2: Partial-night transition
E01002266,3,610.86876,6.416517815071384,-0.2646162164193828,0.1212850694803905,0.0799629858302133,0.18702694540195,0.7296913604701385,6,12.167,7,0.144,0.087,1559,1,7,Medium activity / continuing,C3: Medium activity / continuing
E01002269,0,197.05164,5.288527804770828,-0.4368067172645708,0.0771995604806943,0.0544784098219126,0.1155503626942847,0.5868462636902605,7,10.792,8,0.11,0.076,1859,1,8,Low activity / early-stop,C0: Low activity / early-stop
E01002272,2,194.49857,5.275553064820664,-0.3639428814309535,0.0579026879220757,0.0339216889872249,0.0856479154197565,0.719160925285383,6,7.681,9,0.125,0.071,1372,1,9,Partial-night transition,C2: Partial-night transition
E01002273,0,160.14571,5.082308986746688,-0.0065402313930232,0.0491492404011321,0.0440116691230754,0.0794785041072436,0.6463243697409217,7,9.293,8,0.077,0.085,1307,1,8,Low activity / early-stop,C0: Low activity / early-stop
E01002274,2,506.93826,6.230359904759382,-0.0906182934387316,0.0714123846166197,0.0441608412038183,0.1133197956856949,0.6973211035193861,5,7.718,9,0.098,0.07,1646,1,9,Partial-night transition,C2: Partial-night transition
E01002276,0,350.56733,5.862401243405132,-0.470716509721542,0.0822313362742615,0.0535007640329747,0.1216810782500521,0.6371800134281491,7,28.811,3,0.314,0.184,2088,1,3,Low activity / early-stop,C0: Low activity / early-stop
E01002277,3,639.52653,6.462290541244,-0.4631512784934818,0.1595852325313228,0.1080589573039292,0.2601378290434551,0.740821272029048,7,30.556,3,0.294,0.186,1604,1,3,Medium activity / continuing,C3: Medium activity / continuing
E01002278,3,417.69454,6.037141632577043,-0.1829869262834989,0.1914954406634092,0.1487849470093624,0.3201134864353798,0.6396570419638831,6,31.835,3,0.368,0.181,1739,1,3,Medium activity / continuing,C3: Medium activity / continuing
E01002279,3,543.58136,6.30001735269834,-0.265939656208962,0.1526639728779515,0.1262487551081589,0.2406509387224261,0.5918862636520091,7,26.461,4,0.28,0.157,1765,1,4,Medium activity / continuing,C3: Medium activity / continuing
E01002281,3,826.33521,6.71820994542586,-0.2130111701279194,0.1035244280586809,0.082625657449596,0.1572888776845682,0.5992555976836879,5,34.307,2,0.386,0.201,2469,1,2,Medium activity / continuing,C3: Medium activity / continuing
E01002282,3,2074.07984,7.637754909033007,-0.2538592342713287,0.117005375260771,0.0848564248134247,0.1776590040409988,0.6215392316030278,5,47.847,1,0.466,0.261,2007,1,1,Medium activity / continuing,C3: Medium activity / continuing
E01002283,3,198.02535,5.293432203546139,-0.1640392505302982,0.1073848373453196,0.0734933179009657,0.1712510278925607,0.7439228328864159,5,26.379,4,0.28,0.164,1713,1,4,Medium activity / continuing,C3: Medium activity / continuing
E01002285,2,89.69236,4.507473119835634,0.0392628759015818,0.1230395766149982,0.106768068094094,0.1681160634580171,0.7804670033948828,6,3.853,10,0.072,0.055,1525,1,10,Partial-night transition,C2: Partial-night transition
E01002288,2,259.4551,5.562430485493055,-0.3114944358388021,0.1298667861992306,0.1118413166671227,0.1981107436622918,0.741727681382721,6,4.903,10,0.116,0.061,1589,1,10,Partial-night transition,C2: Partial-night transition
E01002291,2,1211.68337,7.100590844366773,0.1013068207744734,0.0770779085628615,0.0631449369483382,0.1105395327935691,0.5978979310777753,6,12.003,7,0.139,0.092,1451,1,7,Partial-night transition,C2: Partial-night transition
E01002292,0,192.07033,5.263054526670898,-0.2567908848805538,0.0991758071119053,0.0897648272900869,0.1448663619479064,0.6465517725109565,7,17.764,5,0.191,0.127,1668,1,5,Low activity / early-stop,C0: Low activity / early-stop
E01002294,0,225.29122,5.421822753831149,0.2089159089288965,0.025103064380405,0.0225080675580699,0.0364658360154792,0.999456367646687,7,10.717,8,0.129,0.076,1551,1,8,Low activity / early-stop,C0: Low activity / early-stop
E01002295,0,304.06817,5.720535259829897,-0.1718949076452165,0.0699475384089035,0.0628988229843327,0.0987822083511777,0.7032666192432644,6,14.71,6,0.187,0.096,2015,1,6,Low activity / early-stop,C0: Low activity / early-stop
E01002296,0,135.22919,4.914338687933382,-0.3486373762942749,0.061073352580164,0.059399453623881,0.0888498394788101,0.6286985276000703,7,14.337,6,0.133,0.091,1726,1,6,Low activity / early-stop,C0: Low activity / early-stop
E01002299,0,501.57692,6.219748702845371,-0.2611028035341021,0.1032220740938398,0.0921920410532446,0.1542301805268892,0.6846930240241575,5,19.705,5,0.245,0.122,1815,1,5,Low activity / early-stop,C0: Low activity / early-stop
E01002300,0,324.00718,5.783847274393398,-0.2887774277100897,0.0415913622654905,0.0300378528648655,0.0612333689803609,0.6530933856114359,6,9.022,8,0.154,0.065,2033,1,8,Low activity / early-stop,C0: Low activity / early-stop
E01002301,3,319.31587,5.769307602687093,-0.3621102515199135,0.2072383687036914,0.1567122548591148,0.3577083723094708,0.7004903908020463,5,12.92,7,0.16,0.102,1629,1,7,Medium activity / continuing,C3: Medium activity / continuing
E01002302,3,405.90182,6.008571927841092,-0.4776839384460015,0.1066128750050936,0.0563861477635158,0.1748961277444851,0.8129274677297526,6,13.288,7,0.168,0.094,1697,1,7,Medium activity / continuing,C3: Medium activity / continuing
E01002303,2,761.7769,6.636965590100441,-0.4496950485109224,0.1096287508849375,0.0851353985661681,0.1710722571658637,0.5689037544635942,6,26.838,3,0.297,0.185,2230,1,3,Partial-night transition,C2: Partial-night transition
E01002304,2,400.7125,5.995736658630654,-0.2176522569173659,0.0691401441182893,0.0542036747044327,0.0902530326362663,0.7038152814340403,7,19.513,5,0.135,0.098,1509,1,5,Partial-night transition,C2: Partial-night transition
E01002306,2,560.10958,6.329916216216592,-0.5076500566192779,0.157082440903796,0.1065319754038129,0.2531660801791465,0.6379296697947515,6,33.609,2,0.372,0.197,1839,1,2,Partial-night transition,C2: Partial-night transition
E01002307,3,294.23756,5.687780320404891,-0.550773735345005,0.1415595616004972,0.090586259619608,0.2210558315353457,0.5860509069176081,5,20.8,5,0.28,0.14,1865,1,5,Medium activity / continuing,C3: Medium activity / continuing
E01002308,0,185.86232,5.230372089000033,-0.4533333060730115,0.0945924919047604,0.078712888120626,0.1412604082167866,0.7348771297311727,5,22.791,4,0.276,0.152,1909,1,4,Low activity / early-stop,C0: Low activity / early-stop
E01002310,3,1726.66148,7.454524027394767,-0.2494149808681664,0.1485136217899527,0.1084896733782466,0.2524273265799403,0.6545781304609982,3,38.001,2,0.332,0.222,1957,1,2,Medium activity / continuing,C3: Medium activity / continuing
E01002312,0,97.12769,4.586269589739554,-0.2086468853526733,0.1002927177615363,0.0904222060670855,0.1452997228160032,0.6144743750854837,7,24.991,4,0.263,0.145,1695,1,4,Low activity / early-stop,C0: Low activity / early-stop
E01002313,0,373.84158,5.926503483378529,-0.260201286330964,0.1533824835642948,0.141693227382572,0.2506922364156883,0.5611075470416019,5,26.684,3,0.28,0.166,2223,1,3,Low activity / early-stop,C0: Low activity / early-stop
E01002314,3,909.48436,6.813976721645061,-0.3336827474416382,0.1660914322924695,0.1312575622520875,0.2658000452814038,0.5690839216746146,5,38.066,2,0.433,0.204,1898,1,2,Medium activity / continuing,C3: Medium activity / continuing
E01002315,3,525.15067,6.265587616587132,-0.3359848898221914,0.1666012917778434,0.1332644210470111,0.2784144399225881,0.7085029853195898,5,24.472,4,0.292,0.154,1688,1,4,Medium activity / continuing,C3: Medium activity / continuing
E01002316,3,768.8473399999999,6.64619223545141,-0.2376225948834004,0.1456007898785212,0.1082838759642453,0.2406083361016941,0.7932705761179122,3,44.868,2,0.471,0.256,2150,1,2,Medium activity / continuing,C3: Medium activity / continuing
E01002319,1,1517.16226,7.3252558428887635,-0.168299651745885,0.1144795481532739,0.0772049984950192,0.1807293687637048,0.7585497237724886,5,23.542,4,0.291,0.162,1872,1,4,High activity / full-night,C1: High activity / full-night
E01002321,3,813.85442,6.703009471518509,-0.1346259691014517,0.1123640269718016,0.0759896591825353,0.1782369869625262,0.7187448270826345,6,8.295,9,0.1,0.076,1739,1,9,Medium activity / continuing,C3: Medium activity / continuing
E01002322,2,311.57939,5.744858484911728,-0.3207188062085878,0.081605911097008,0.0588782204111767,0.1118456722985565,0.670930963717379,7,6.67,9,0.125,0.066,1954,1,9,Partial-night transition,C2: Partial-night transition
E01002325,2,872.94648,6.773019138082613,-0.2367674591001271,0.1279473284547753,0.1026860890715774,0.197142517190748,0.6181241905591025,5,26.217,4,0.329,0.166,2216,1,4,Partial-night transition,C2: Partial-night transition
E01002326,1,1895.86134,7.547955872903977,-0.1277554612722889,0.1178643317870493,0.0865805882196004,0.1862735232036857,0.7138788229318891,6,23.335,4,0.273,0.143,1749,1,4,High activity / full-night,C1: High activity / full-night
E01002328,3,660.42094,6.494390460161429,-0.3683795671288072,0.1133225575797157,0.0839366631833327,0.1722545456520662,0.6241180319189696,5,8.319,9,0.132,0.07,1819,1,9,Medium activity / continuing,C3: Medium activity / continuing
E01002329,2,1190.16473,7.082686872133599,-0.2822899230092291,0.1316591107518368,0.0916062938615228,0.2046524064513349,0.6438829732481267,5,12.75,7,0.168,0.1,1819,1,7,Partial-night transition,C2: Partial-night transition
E01002331,0,143.14753,4.970837289008713,-0.4165806423624634,0.0682510553971836,0.0449504088544175,0.0959289946522121,0.5406088717380729,5,12.845,7,0.182,0.083,1674,1,7,Low activity / early-stop,C0: Low activity / early-stop
E01002335,3,414.91901,6.030490553807192,-0.2875648189751536,0.1342782534837341,0.0935793469670141,0.2000854503703897,0.6975006601969768,6,19.774,5,0.241,0.143,1503,1,5,Medium activity / continuing,C3: Medium activity / continuing
E01002336,0,496.64425,6.209885464320086,-0.3760003463243559,0.0779554983270218,0.06269298396186,0.1108390468451474,0.5974839317785572,6,11.886,7,0.15,0.081,1652,1,7,Low activity / early-stop,C0: Low activity / early-stop
E01002337,3,423.92913,6.051922402078423,-0.1092771095961251,0.1199609000683675,0.0915486274793147,0.1750256051281911,0.6512381572374095,7,10.814,8,0.165,0.079,1387,1,8,Medium activity / continuing,C3: Medium activity / continuing
E01002338,3,432.96619,6.0729666278399845,-0.3134839466333387,0.1194225812412742,0.0936881237770552,0.1842465687038884,0.6564385886629506,6,13.281,7,0.153,0.092,1433,1,7,Medium activity / continuing,C3: Medium activity / continuing
E01002341,0,210.08974,5.352283351115103,0.2000629826092411,0.1638803018176899,0.149712165858266,0.2474275264728481,0.6704984115321286,6,7.476,9,0.081,0.064,1459,1,9,Low activity / early-stop,C0: Low activity / early-stop
E01002342,2,240.98378,5.488870699117036,-0.3083089658565401,0.1240976467378841,0.0907807571115367,0.2018447227212663,0.7326542366517835,6,22.975,4,0.272,0.149,1749,1,4,Partial-night transition,C2: Partial-night transition
E01002344,2,609.85518,6.4148599098010175,-0.3121287581750146,0.1323535203882337,0.1017112948028087,0.206675680017477,0.6153704033449452,7,20.647,5,0.26,0.125,1982,1,5,Partial-night transition,C2: Partial-night transition
E01002345,2,3708.74805,8.218719242244209,0.0422552052302393,0.0902042968381203,0.0713142538760485,0.1496740856892022,0.6786200545481696,5,30.124,3,0.347,0.171,1999,1,3,Partial-night transition,C2: Partial-night transition
E01002346,0,148.45721,5.007010131125983,-0.3714191449509256,0.0306814333908066,0.0162731065739414,0.0435066209652038,0.7938074385129248,6,24.833,4,0.319,0.159,1521,1,4,Low activity / early-stop,C0: Low activity / early-stop
E01002348,2,200.98238,5.308180465873873,-0.2379332954460983,0.1292782979284054,0.094084167975322,0.2099308284906597,0.7486863103278643,7,11.156,7,0.128,0.079,1518,1,7,Partial-night transition,C2: Partial-night transition
E01002349,2,229.49325,5.440221577843055,-0.4924606279269652,0.1174135186982623,0.0787505950610747,0.1852575840276582,0.576746104246164,7,16.166,6,0.158,0.115,1532,1,6,Partial-night transition,C2: Partial-night transition
E01002350,1,1091.1564,6.995909369492575,-0.0341291495884549,0.1689185528307399,0.1214911171304131,0.2802240770217061,0.7510732922511165,2,29.0,3,0.31,0.156,1769,1,3,High activity / full-night,C1: High activity / full-night
E01002352,0,442.07039,6.093728651328028,-0.3314517174516031,0.0547902789870183,0.0379791553105377,0.0760125225731787,0.5665829508239755,6,19.251,5,0.219,0.126,2020,1,5,Low activity / early-stop,C0: Low activity / early-stop
E01002353,1,3904.79114,8.270215638424787,-0.0588759838253474,0.1350739978374362,0.0945317884530951,0.210072008791296,0.7958895602763416,4,18.246,5,0.23,0.123,2061,1,5,High activity / full-night,C1: High activity / full-night
E01002356,1,23564.58723,10.067542758631472,0.1897783435097326,0.121699336042221,0.0808277633471621,0.201898921138158,0.7972608244070306,2,37.189,2,0.37,0.198,2234,1,2,High activity / full-night,C1: High activity / full-night
E01002358,2,381.86251,5.947675943008045,-0.2057084629753258,0.0780751689921066,0.0563743741170087,0.1162110872483367,0.6363504102392635,5,18.679,5,0.237,0.108,2167,1,5,Partial-night transition,C2: Partial-night transition
E01002360,0,284.82899,5.6553936949212575,-0.2451632117924513,0.0583818030601449,0.0377090126956529,0.0809779809127849,0.7778291658867976,6,17.759,5,0.203,0.123,1413,1,5,Low activity / early-stop,C0: Low activity / early-stop
E01002361,1,4510.68831,8.41442671056125,0.0252043462519803,0.0654854558106232,0.0377604299597459,0.0996939642869019,0.8394737606218686,3,21.169,5,0.218,0.119,1934,1,5,High activity / full-night,C1: High activity / full-night
E01002362,0,350.46151,5.86210020312121,-0.093177907040348,0.0475782062344021,0.0288142911899226,0.0691819194553182,0.6775412871828916,5,7.538,9,0.086,0.045,1580,1,9,Low activity / early-stop,C0: Low activity / early-stop
E01002363,3,164.21823,5.107267206088233,-0.1960417549257472,0.1421516356618872,0.0837361966451593,0.2184591761381263,0.6658127787576996,5,18.498,5,0.243,0.125,1462,1,5,Medium activity / continuing,C3: Medium activity / continuing
E01002365,3,392.25266,5.974452306060456,0.200887662559127,0.0773612854531056,0.0410018124542482,0.1138272366176473,0.7431853777923626,6,14.88,6,0.193,0.102,1352,1,6,Medium activity / continuing,C3: Medium activity / continuing
E01002366,3,331.34971,5.806187757913117,-0.2364659078772092,0.1449827434585652,0.1052141255835111,0.2205546104852803,0.713216051651451,5,10.743,8,0.129,0.083,1568,1,8,Medium activity / continuing,C3: Medium activity / continuing
E01002367,2,202.98423,5.318042686934546,-0.1311444243722775,0.0927824294527707,0.0628616321573355,0.1482153710478021,0.7623615632160805,4,10.968,8,0.154,0.083,1696,1,8,Partial-night transition,C2: Partial-night transition
E01002368,3,2816.72133,7.943683798285578,-0.2192556939951173,0.1568151365545274,0.1263493893448096,0.3103689206488914,0.7026621941025807,5,32.092,3,0.417,0.178,2887,1,3,Medium activity / continuing,C3: Medium activity / continuing
E01002370,3,1566.52835,7.357255358467926,-0.1074359043677696,0.1147930645493903,0.0918030050333911,0.1678540977011701,0.6437576436527762,5,26.578,4,0.4,0.157,2709,1,4,Medium activity / continuing,C3: Medium activity / continuing
E01002371,3,598.64761,6.396342166011487,-0.210342224535065,0.1346838585056741,0.1008431487766233,0.2139425061904898,0.6963815673246655,6,14.867,6,0.177,0.089,1763,1,6,Medium activity / continuing,C3: Medium activity / continuing
E01002372,3,466.65825,6.147737794123434,-0.3466045869755865,0.1194266896599385,0.0914769427091452,0.1990549902159142,0.6506842535817173,6,10.436,8,0.161,0.076,1695,1,8,Medium activity / continuing,C3: Medium activity / continuing
E01002373,3,487.18237,6.190689045057718,-0.355533575650531,0.1591718518057211,0.1056141460948186,0.2609901952469228,0.6364697378555579,5,14.345,6,0.182,0.1,1750,1,6,Medium activity / continuing,C3: Medium activity / continuing
E01002374,3,437.06281,6.082362301921871,-0.2757063910333619,0.1134074985698279,0.0623957000596779,0.2026731849811622,0.7787911513347403,7,18.953,5,0.244,0.104,1766,1,5,Medium activity / continuing,C3: Medium activity / continuing
E01002375,0,511.12721,6.238573051210421,-0.2209856329112277,0.1264954765370444,0.1211418973370641,0.189839944083269,0.6315149020172657,5,28.045,3,0.305,0.165,1955,1,3,Low activity / early-stop,C0: Low activity / early-stop
E01002377,0,415.65485,6.0322581812260845,-0.1127375032433761,0.0718423470819599,0.0621286146426536,0.1027835482824823,0.6568420431543108,5,12.757,7,0.153,0.096,1777,1,7,Low activity / early-stop,C0: Low activity / early-stop
E01002379,3,1670.20795,7.421301967291836,0.0398016127273253,0.0644321624741398,0.0477450128290911,0.0952346510731261,0.7482280544698362,5,11.989,7,0.155,0.079,1684,1,7,Medium activity / continuing,C3: Medium activity / continuing
E01002380,0,178.46908,5.1900029368231095,0.0562528814515097,0.0681078761654399,0.0483042776933685,0.098605473781489,0.711517999759691,5,22.793,4,0.284,0.15,2266,1,4,Low activity / early-stop,C0: Low activity / early-stop
E01002382,0,132.04912,4.890718383346958,-0.3757553249881559,0.0218043103960102,0.003285444083232,0.0310022329653215,0.7110600555889899,5,9.24,8,0.141,0.083,1803,1,8,Low activity / early-stop,C0: Low activity / early-stop
E01002384,0,200.78796,5.307217443106893,-0.2590925272610967,0.0403300576389142,0.0301542980963599,0.0621325172570291,0.8120729054420964,6,5.337,10,0.076,0.05,1628,1,10,Low activity / early-stop,C0: Low activity / early-stop
E01002385,0,93.68799,4.55058717060779,-0.069315928327633,0.0543299093085463,0.0368719619238282,0.0774495803849457,0.6238218150621504,7,7.012,9,0.057,0.049,1573,1,9,Low activity / early-stop,C0: Low activity / early-stop
E01002386,0,3190.4646,8.068235212671569,0.2171811089833123,0.080934961635368,0.0633791172608528,0.1250945263266074,0.6553567710680188,5,12.725,7,0.157,0.078,2109,1,7,Low activity / early-stop,C0: Low activity / early-stop
E01002393,1,2439.55788,7.799981931497518,-0.1877018716194592,0.168688192796639,0.1229815666435428,0.2877887071037859,0.8196651329234503,5,25.176,4,0.306,0.128,2187,1,4,High activity / full-night,C1: High activity / full-night
E01002396,1,11498.6892,9.350075287899172,-0.0555271326056886,0.139988358847024,0.0960754978924032,0.2340356500522786,0.7959795782991852,5,27.206,3,0.347,0.132,1825,1,3,High activity / full-night,C1: High activity / full-night
E01002400,3,1000.9654,6.909718750110479,-0.1145422609013259,0.1552218987789188,0.1254923896470347,0.2733476258793686,0.8050323866519332,5,27.317,3,0.363,0.14,2000,1,3,Medium activity / continuing,C3: Medium activity / continuing
E01002401,1,2990.752,8.003614447958459,-0.3814946809364334,0.1387286575416484,0.0937522302083222,0.2359436146961472,0.8166492396118546,5,28.521,3,0.38,0.151,2345,1,3,High activity / full-night,C1: High activity / full-night
E01002402,0,364.00108,5.899900312482224,-0.3363631778235383,0.0801463281372681,0.0549453864257765,0.1332209693034677,0.8217546516910857,6,30.098,3,0.394,0.158,1585,1,3,Low activity / early-stop,C0: Low activity / early-stop
E01002403,0,574.44982,6.355152030615772,-0.4235424427498297,0.0767029920907625,0.0609473252163261,0.1207541554269872,0.7472895301122646,5,29.253,3,0.445,0.167,2456,1,3,Low activity / early-stop,C0: Low activity / early-stop
E01002404,0,622.2931600000001,6.435016969905723,-0.4629991433619485,0.0584193951288167,0.0480376162257672,0.091103262973247,0.7882398740189821,5,34.132,2,0.429,0.191,2031,1,2,Low activity / early-stop,C0: Low activity / early-stop
E01002405,3,928.69115,6.834852434216763,-0.0122509727803479,0.2085286911585191,0.193744884938335,0.3764329561307962,0.7314346561289048,5,27.18,3,0.352,0.15,2001,1,3,Medium activity / continuing,C3: Medium activity / continuing
E01002408,3,415.69733,6.032360130920479,-0.2469496015285929,0.1364558680230156,0.122348296054728,0.234323570722155,0.7449167718229293,5,36.477,2,0.429,0.208,1701,1,2,Medium activity / continuing,C3: Medium activity / continuing
E01002409,3,477.28797,6.170212998791437,-0.4820824836628504,0.1238217673912879,0.0557775633858946,0.2155977587239937,0.7339523847319039,5,24.85,4,0.329,0.147,2029,1,4,Medium activity / continuing,C3: Medium activity / continuing
E01002410,1,2734.51984,7.914076766265004,-0.2132977905181335,0.1252529987129294,0.0820056218718091,0.2109351172600106,0.7951805943237258,4,20.613,5,0.241,0.108,2003,1,5,High activity / full-night,C1: High activity / full-night
E01002411,3,344.94779,5.846287867718027,-0.3937351504701624,0.0748621117416058,0.0586442661366231,0.1203495402617101,0.8217281701754602,5,21.449,5,0.237,0.117,2218,1,5,Medium activity / continuing,C3: Medium activity / continuing
E01002412,3,3221.20004,8.077819647470765,-0.0572931074469997,0.0637537555724108,0.044776958341277,0.0950372814408761,0.725838361622373,2,17.394,6,0.197,0.093,2384,1,6,Medium activity / continuing,C3: Medium activity / continuing
E01002413,3,272.44256,5.6110915815235725,-0.2590418325242575,0.1185485116569158,0.0775449327740863,0.1965211651592259,0.7098353664184938,5,32.941,3,0.407,0.167,1695,1,3,Medium activity / continuing,C3: Medium activity / continuing
E01002414,3,1622.98707,7.392639558867268,-0.1213199868560875,0.0644635757942298,0.0363755393319307,0.1025820623260088,0.6708662648406317,5,10.359,8,0.114,0.05,2894,1,8,Medium activity / continuing,C3: Medium activity / continuing
E01002417,0,1266.46167,7.144771494376918,0.2315998635789743,0.0588700011742163,0.0391165648147882,0.0901625455953231,0.74835918844123,5,6.468,9,0.098,0.053,1802,1,9,Low activity / early-stop,C0: Low activity / early-stop
E01002421,0,222.43623,5.4091260489560895,-0.0073389573272303,0.0586497981915985,0.0366089193293736,0.0932942921800531,0.7994230776870017,5,10.059,8,0.137,0.082,1741,1,8,Low activity / early-stop,C0: Low activity / early-stop
E01002422,2,240.65272,5.487501654176431,0.0609532275388368,0.1321766901284141,0.0904136882392187,0.2088627538787475,0.7634800483188371,6,23.357,4,0.303,0.126,1554,1,4,Partial-night transition,C2: Partial-night transition
E01002423,3,407.34327,6.012108168708512,0.5704834892693821,0.239368849766439,0.2029811613188061,0.451362580442914,0.9320442554160888,5,21.858,4,0.293,0.126,1873,1,4,Medium activity / continuing,C3: Medium activity / continuing
E01002424,2,1813.87399,7.50377131729154,-0.3048745243874409,0.1536096837686062,0.1045538339738804,0.2675453820224891,0.8084239168462064,6,19.845,5,0.281,0.113,1717,1,5,Partial-night transition,C2: Partial-night transition
E01002425,2,274.22736,5.617597519722138,-0.5742318344894545,0.1178211028979748,0.0626944736659391,0.1966908103159007,0.7040938266973396,5,29.232,3,0.396,0.149,1713,1,3,Partial-night transition,C2: Partial-night transition
E01002426,3,1209.41021,7.098714597666594,-0.1061901155936165,0.1406256525649804,0.0890387803159029,0.2367301784769169,0.7594968478582101,5,23.863,4,0.336,0.117,2084,1,4,Medium activity / continuing,C3: Medium activity / continuing
E01002428,0,112.95882,4.735837155065744,-0.3117298852803172,0.1608941205299418,0.097193118695822,0.2834462190322029,0.8663862094192605,7,15.455,6,0.194,0.085,1600,1,6,Low activity / early-stop,C0: Low activity / early-stop
E01002429,2,356.58292,5.879367279295143,-0.4204226046497124,0.1006867911676756,0.0693383463234862,0.1646560313213068,0.8381924379874214,6,30.126,3,0.386,0.168,1554,1,3,Partial-night transition,C2: Partial-night transition
E01002432,0,183.30369,5.21658488617909,0.3426594958344811,0.0334180943111401,0.0127180200245832,0.0560060240446127,0.8880104811233618,5,10.001,8,0.147,0.052,1523,1,8,Low activity / early-stop,C0: Low activity / early-stop
E01002433,0,230.98861,5.446688275633533,-0.0338779041962285,0.037050484870228,0.0128536207910857,0.0503750623710896,0.6910061198046241,5,15.851,6,0.197,0.125,2467,1,6,Low activity / early-stop,C0: Low activity / early-stop
E01002436,0,259.32641,5.561936266707831,-0.069523077113511,0.0458556843477685,0.0351124283870663,0.0608949178233361,0.8309291628769244,7,10.566,8,0.139,0.092,1651,1,8,Low activity / early-stop,C0: Low activity / early-stop
E01002437,0,259.65012,5.563178971601502,0.0286842925395143,0.0368395362189703,0.0247079030812695,0.046654792656557,0.9682051874184404,7,3.483,10,0.049,0.038,1396,1,10,Low activity / early-stop,C0: Low activity / early-stop
E01002439,0,677.73291,6.5202276922939575,-0.0885172154322563,0.0111294580633541,0.0107847499983437,0.0139162133553214,0.787986066176426,6,20.671,5,0.194,0.111,1561,1,5,Low activity / early-stop,C0: Low activity / early-stop
E01002441,0,277.10033,5.627981947862732,-0.5113324477094632,0.0046628598385285,0.0015044370391042,0.0065555325776604,0.8460333934408663,7,29.788,3,0.219,0.137,1570,1,3,Low activity / early-stop,C0: Low activity / early-stop
E01002443,1,18923.58793,9.848217304224477,-0.0619894110112341,0.271363684783005,0.2136317724183291,0.6434961616971715,0.8838135228406452,5,28.468,3,0.287,0.102,2090,1,3,High activity / full-night,C1: High activity / full-night
E01002444,1,45505.59458,10.725612530261037,0.0483662890313563,0.3263664915726061,0.2877408905619446,0.8849675739214353,0.9221922427340964,3,33.809,2,0.353,0.113,2019,1,2,High activity / full-night,C1: High activity / full-night
E01002445,3,554.69102,6.320212420356852,-0.3266497445731139,0.2104352978348198,0.1212267146491753,0.3898714284950847,0.7717906758694413,6,41.618,2,0.427,0.185,1817,1,2,Medium activity / continuing,C3: Medium activity / continuing
E01002446,1,2526.02669,7.834798669263561,-0.3001709574177144,0.1695920798049841,0.1007901464414059,0.3258429747237153,0.8505291318299149,7,22.103,4,0.245,0.067,2864,1,4,High activity / full-night,C1: High activity / full-night
E01002447,1,7040.28243,8.859545595914632,-0.106859561030423,0.2625368042230658,0.196617776880863,0.6172295444164523,0.8730653919056464,5,30.092,3,0.292,0.111,2322,1,3,High activity / full-night,C1: High activity / full-night
E01002448,3,2908.68869,7.975801375061392,-0.1955702691579551,0.1587043369704855,0.13263238218869,0.2779020860757025,0.8809592323411152,7,28.374,3,0.322,0.1,2357,1,3,Medium activity / continuing,C3: Medium activity / continuing
E01002452,3,638.58096,6.460813211911328,-0.0986414941027994,0.0900647585859747,0.0673063756864908,0.1452038267863074,0.7432251553727345,6,13.379,7,0.174,0.097,1537,1,7,Medium activity / continuing,C3: Medium activity / continuing
E01002453,0,226.8624,5.428741937997788,-0.271603227330752,0.0849810722270415,0.0812378781146633,0.1156021161790171,0.6083220691430102,6,13.528,7,0.214,0.087,1747,1,7,Low activity / early-stop,C0: Low activity / early-stop
E01002455,3,391.9212,5.973609082858811,0.1906453133946313,0.1793392396226588,0.1064678307782278,0.311007036268789,0.8353698638146336,5,24.963,4,0.32,0.132,2001,1,4,Medium activity / continuing,C3: Medium activity / continuing
E01002456,3,240.68751,5.487645610743258,-0.0953575447267704,0.1472722867921148,0.1143699978449235,0.2658793383087417,0.7816063071720855,5,20.605,5,0.285,0.123,1704,1,5,Medium activity / continuing,C3: Medium activity / continuing
E01002457,1,815.24536,6.704714996041559,-0.0861036976647129,0.0999840219881778,0.0708724548889183,0.1528562224738253,0.784972306384031,6,30.863,3,0.378,0.177,1589,1,3,High activity / full-night,C1: High activity / full-night
E01002458,0,139.03342,4.941881108407297,-0.2203690306977991,0.0627510277744732,0.0192851474127587,0.0936138429114029,0.7188893660020028,7,4.221,10,0.038,0.053,1434,1,10,Low activity / early-stop,C0: Low activity / early-stop
E01002460,3,292.10851,5.680542881754584,0.0979750641294224,0.1035334095538675,0.072187147166647,0.1602453609871961,0.8276901555074856,6,7.943,9,0.096,0.05,1471,1,9,Medium activity / continuing,C3: Medium activity / continuing
E01002461,0,124.10185,4.829128205532986,-0.0275070033202567,0.0741229884969482,0.0640544842804519,0.0950782130654093,0.5594754709900134,7,8.888,8,0.103,0.061,1488,1,8,Low activity / early-stop,C0: Low activity / early-stop
E01002465,0,144.83643,4.98248565118983,-0.0530190505247885,0.1294498904729977,0.072593614741816,0.2369231752936509,0.8772885005557215,6,15.115,6,0.202,0.091,1676,1,6,Low activity / early-stop,C0: Low activity / early-stop
E01002468,2,129.92456,4.874621279457212,-0.2375064421999966,0.0530707204242215,0.0139678748960165,0.078830550426725,0.8077833327092591,6,6.556,9,0.104,0.052,1690,1,9,Partial-night transition,C2: Partial-night transition
E01002469,3,135.19476,4.914085920141246,-0.1064732094646272,0.0681888854272162,0.0181189714749299,0.108479437131377,0.834346238764458,5,4.868,10,0.071,0.045,1658,1,10,Medium activity / continuing,C3: Medium activity / continuing
E01002470,2,813.0462,6.702017121148693,0.104855419040148,0.0432670615765746,0.0131003625624226,0.0670168876722838,0.9714285977995412,5,14.743,6,0.189,0.072,1900,1,6,Partial-night transition,C2: Partial-night transition
E01002472,0,341.5438,5.836399532737598,0.1732046665757071,0.0278177498757114,0.0125729115855711,0.0388274486323951,0.8374396144156798,5,10.547,8,0.161,0.072,1714,1,8,Low activity / early-stop,C0: Low activity / early-stop
E01002474,0,377.15653,5.935308210432726,-0.003421152485415,0.0594924075688149,0.0444647478329488,0.0903636522896532,0.8675011004358958,7,9.785,8,0.157,0.067,1696,1,8,Low activity / early-stop,C0: Low activity / early-stop
E01002475,0,729.98831,6.594397467829843,-0.1552170198451534,0.0342999876258292,0.0221686974685937,0.0488567758476118,0.7293385880709067,7,16.36,6,0.207,0.13,1561,1,6,Low activity / early-stop,C0: Low activity / early-stop
E01002478,0,1095.06981,6.999486160734978,0.0558904550569247,0.0344024825230092,0.0266122029243048,0.047729320263821,0.7169754316214431,5,10.958,8,0.139,0.078,1633,1,8,Low activity / early-stop,C0: Low activity / early-stop
E01002479,0,139.97271,4.948566325546414,-0.4321357356016039,0.0103765941232401,0.0101704110751302,0.0138155109367721,0.5227725990225941,7,18.656,5,0.23,0.129,1811,1,5,Low activity / early-stop,C0: Low activity / early-stop
E01002481,0,257.96635,5.556698130478919,-0.0283224149196203,0.080620515040043,0.0695196098250798,0.1193787619092446,0.7928777700261818,5,21.204,5,0.295,0.144,1582,1,5,Low activity / early-stop,C0: Low activity / early-stop
E01002483,0,176.28608,5.177764698999704,-0.0385885261048404,0.0328509205037629,0.006122661528352,0.049354240908686,0.7109305310614126,5,16.621,6,0.244,0.109,1981,1,6,Low activity / early-stop,C0: Low activity / early-stop
E01002485,0,1282.60363,7.1574267372154985,0.0852115395931009,0.0468671135758441,0.0335485484319111,0.0736639259116898,0.8020089537276098,5,20.81,5,0.253,0.12,2077,1,5,Low activity / early-stop,C0: Low activity / early-stop
E01002486,0,935.92938,6.842607911201726,-0.338290630431967,0.1128739969675917,0.0586091121533122,0.2351825355711,0.847344188545219,5,31.254,3,0.41,0.168,2217,1,3,Low activity / early-stop,C0: Low activity / early-stop
E01002487,0,390.56947,5.970162945410812,0.4477094177381555,0.1974129211891548,0.1803523455123105,0.3656646702872326,0.8500131520777691,5,27.565,3,0.329,0.132,1989,1,3,Low activity / early-stop,C0: Low activity / early-stop
E01002488,0,516.10023,6.248236724190319,-0.7697551500800532,0.0575619003308717,0.0366637309965934,0.0914626081518646,0.7502182733332995,5,22.711,4,0.285,0.109,1775,1,4,Low activity / early-stop,C0: Low activity / early-stop
E01002489,1,3888.1618,8.265948937815889,-0.0590529694520428,0.1696471582021098,0.1326852936006932,0.2976835693441265,0.7826795025696135,4,21.983,4,0.241,0.099,1960,1,4,High activity / full-night,C1: High activity / full-night
E01002490,1,1633.59747,7.399151857301558,-0.2001985164680746,0.1536952980222233,0.1060517925508295,0.2891554391822274,0.8478395754892816,5,25.157,4,0.265,0.105,2203,1,4,High activity / full-night,C1: High activity / full-night
E01002492,0,436.43219,6.0809216994991,-0.1574809823262577,0.0829330897888169,0.0558045225765771,0.1253243417996968,0.8786760139313087,6,21.77,4,0.267,0.106,1755,1,4,Low activity / early-stop,C0: Low activity / early-stop
E01002495,2,365.40181,5.903730572744106,-0.1448401418701237,0.1084991341449567,0.0844840369017329,0.1732189049346427,0.7562262133850893,5,11.967,7,0.185,0.072,1850,1,7,Partial-night transition,C2: Partial-night transition
E01002496,2,1394.63768,7.241106708088304,-0.1272533809641511,0.1001947258444931,0.0805055188240719,0.1603392291806842,0.6428287947446439,5,21.525,5,0.251,0.117,1942,1,5,Partial-night transition,C2: Partial-night transition
E01002497,3,1658.48197,7.41426076638272,0.1526608757766598,0.0683415448887876,0.0375381892152858,0.1108491084098322,0.933473454834084,6,20.347,5,0.257,0.114,2514,1,5,Medium activity / continuing,C3: Medium activity / continuing
E01002499,2,291.92367,5.679912063132544,-0.0015949717266845,0.1246263792175536,0.0780649955517481,0.2054202331989551,0.8446761085769008,7,18.17,5,0.246,0.09,2205,1,5,Partial-night transition,C2: Partial-night transition
E01002501,3,499.14344,6.214894937279993,-0.0619774147487544,0.1747049705791986,0.149174213328337,0.2892905473278518,0.6129729059835807,6,22.176,4,0.294,0.138,1775,1,4,Medium activity / continuing,C3: Medium activity / continuing
E01002503,1,1323.48054,7.18877561626746,-0.0320254349943067,0.1849857119924105,0.1385603221638604,0.3474209747626128,0.860134253956163,5,32.889,3,0.422,0.153,1922,1,3,High activity / full-night,C1: High activity / full-night
E01002505,1,3417.39467,8.136926325119614,-0.0084000979611757,0.1778857634842627,0.1265792867874988,0.3206126409178257,0.7592181181422728,5,38.119,2,0.455,0.188,1753,1,2,High activity / full-night,C1: High activity / full-night
E01002506,1,15638.49665,9.657554830077563,0.0594944354833493,0.1033456396846176,0.0756870514148813,0.1699085474748818,0.880814730081385,2,42.794,2,0.518,0.187,2101,1,2,High activity / full-night,C1: High activity / full-night
E01002508,1,10904.35182,9.29700894038033,-0.150515611298389,0.1260968265420475,0.0856523161960854,0.2081277698780199,0.8432138627496621,4,34.554,2,0.405,0.197,2163,1,2,High activity / full-night,C1: High activity / full-night
E01002509,3,340.81533,5.834270620465659,-0.3580826895316005,0.0849041913695607,0.0626333915202699,0.1270385261052248,0.6727976655769223,5,5.082,10,0.09,0.051,1479,1,10,Medium activity / continuing,C3: Medium activity / continuing
E01002511,3,377.98293,5.937491164490278,-0.330709193666497,0.1612687377178646,0.0951171789689021,0.2823312099804456,0.8920423509342572,5,21.919,4,0.305,0.139,1605,1,4,Medium activity / continuing,C3: Medium activity / continuing
E01002512,0,182.3586,5.211443798244172,-0.0195667218326967,0.1022909256815965,0.0861445525464661,0.1539726160370604,0.5045157283714855,7,8.532,8,0.142,0.071,2100,1,8,Low activity / early-stop,C0: Low activity / early-stop
E01002513,2,881.26794,6.782495796720983,0.1897951717158802,0.0657409595542531,0.0450959330257719,0.0986171078112704,0.6604677246159552,7,12.045,7,0.141,0.089,1466,1,7,Partial-night transition,C2: Partial-night transition
E01002514,1,6654.91496,8.803261205977117,-0.3503430132486621,0.1067763185962634,0.0665686748309703,0.1655357024972999,0.7588690796125033,2,19.293,5,0.256,0.106,2009,1,5,High activity / full-night,C1: High activity / full-night
E01002516,3,502.92976,6.222436893279789,-0.1991391004580837,0.159380029529372,0.1372541962917446,0.2789532994073444,0.8012274902129111,7,6.695,9,0.102,0.07,1507,1,9,Medium activity / continuing,C3: Medium activity / continuing
E01002519,3,701.06053,6.554019625379868,-0.2042147915530203,0.1520924733845735,0.1037924499900172,0.2599529824260804,0.7328741657539027,5,25.11,4,0.279,0.139,2060,1,4,Medium activity / continuing,C3: Medium activity / continuing
E01002521,1,1996.37966,7.599591430518975,0.6325692278391576,0.103631525678838,0.0465337439873535,0.1687170937015651,0.8040750749377223,4,35.702,2,0.429,0.197,2233,1,2,High activity / full-night,C1: High activity / full-night
E01002523,3,176.50642,5.179006777275472,-0.3362289031753066,0.1020144763006354,0.0515996528624851,0.1484565840048677,0.6599466903948736,5,19.475,5,0.202,0.101,1620,1,5,Medium activity / continuing,C3: Medium activity / continuing
E01002525,3,626.4082,6.441597365483091,-0.2904730493630191,0.1289792343075968,0.0915903080451373,0.2184095909891393,0.8021150486733961,5,21.729,4,0.2,0.084,1820,1,4,Medium activity / continuing,C3: Medium activity / continuing
E01002526,1,2005.2912,7.604043122493014,-0.2228952583046293,0.1540389345946364,0.1197812866280967,0.2723175568078552,0.7678938172425945,6,24.717,4,0.279,0.133,3008,1,4,High activity / full-night,C1: High activity / full-night
E01002527,3,201.9294,5.312858135299935,-0.2440116199027977,0.156788610276661,0.1488251339329488,0.2592249133146233,0.7572533704614252,7,36.358,2,0.367,0.199,1590,1,2,Medium activity / continuing,C3: Medium activity / continuing
E01002529,1,2272.57163,7.7291072792565405,0.1798649620562235,0.1561955607093449,0.1178427630023701,0.287149455633213,0.8768649949752221,5,29.336,3,0.329,0.137,2538,1,3,High activity / full-night,C1: High activity / full-night
E01002530,3,810.95285,6.6994422719732905,-0.3130303198268555,0.1919294321488604,0.1724460059546002,0.3514647303065724,0.8040452452501772,6,41.372,2,0.454,0.216,1787,1,2,Medium activity / continuing,C3: Medium activity / continuing
E01002535,3,3236.35549,8.082512068718128,0.0181300386132797,0.0778799581130069,0.043098241349253,0.1252822871336356,0.825183491547339,4,10.035,8,0.122,0.061,2219,1,8,Medium activity / continuing,C3: Medium activity / continuing
E01002537,3,620.88411,6.432753757051789,0.2353167485635926,0.0918271205233453,0.0664684911971736,0.1417796617629746,0.6458454629227104,6,7.763,9,0.106,0.061,2499,1,9,Medium activity / continuing,C3: Medium activity / continuing
E01002538,0,250.94069,5.529193702667727,-0.0086164184851807,0.0232060013862239,0.0183280758493172,0.0309938284102615,0.8945576390194087,7,15.404,6,0.182,0.098,1659,1,6,Low activity / early-stop,C0: Low activity / early-stop
E01002539,0,139.20639,4.943115551307933,-0.3400765582671887,0.0124801742218873,0.0062932455902347,0.017028296953692,0.5367680507778532,5,6.878,9,0.097,0.061,1688,1,9,Low activity / early-stop,C0: Low activity / early-stop
E01002540,2,185.53347,5.228610686789138,-0.2634824325767205,0.1253006802492294,0.1007495844280818,0.2129757870105627,0.7228509815909433,5,33.104,3,0.407,0.189,1862,1,3,Partial-night transition,C2: Partial-night transition
E01002541,2,801.61437,6.687874361983526,-0.1471859966781782,0.0861980680311407,0.0620208193124082,0.1370517397733403,0.7937805070347248,5,20.235,5,0.287,0.111,2017,1,5,Partial-night transition,C2: Partial-night transition
E01002542,0,486.43203,6.189150855076218,-0.638333437870035,0.0708416754546364,0.0372897319282202,0.1203542697460573,0.7365329482302017,5,38.735,2,0.481,0.205,2104,1,2,Low activity / early-stop,C0: Low activity / early-stop
E01002543,2,248.87564,5.520963354097924,-0.1945565263036591,0.1420592228311296,0.1048665108405145,0.2389265514884032,0.8348059648979785,5,30.277,3,0.443,0.149,2000,1,3,Partial-night transition,C2: Partial-night transition
E01002546,3,625.00699,6.439361537171943,-0.4964765754059806,0.2791204783165705,0.1854417180198256,0.5346650986219885,0.7472909443020375,5,20.571,5,0.3,0.089,1736,1,5,Medium activity / continuing,C3: Medium activity / continuing
E01002548,3,378.55273,5.9389935331651404,0.0952839251747042,0.2431191554212276,0.2250647882000481,0.4435875709482386,0.6704038521174248,5,27.738,3,0.333,0.148,2174,1,3,Medium activity / continuing,C3: Medium activity / continuing
E01002549,2,611.73228,6.417928103181415,-0.6218708615474731,0.0682517358737387,0.0442105490983735,0.1199928932765159,0.8538722421039352,5,25.335,4,0.322,0.13,1924,1,4,Partial-night transition,C2: Partial-night transition
E01002552,3,260.84588,5.567756086402744,-0.3672906775449164,0.1483879676382084,0.107925415574898,0.2451461165322174,0.7976397259437126,6,29.535,3,0.34,0.151,1720,1,3,Medium activity / continuing,C3: Medium activity / continuing
E01002553,3,713.28371,6.571280236356987,-0.2733550581156549,0.1234617148343398,0.1014779799190983,0.2037989357253627,0.7901608778546977,6,33.922,2,0.375,0.19,1749,1,2,Medium activity / continuing,C3: Medium activity / continuing
E01002555,2,739.93987,6.607919474904968,-0.3129968790572131,0.1548688003526556,0.1277641249416658,0.277050921732926,0.784977445076643,7,23.004,4,0.234,0.098,2047,1,4,Partial-night transition,C2: Partial-night transition
E01002557,2,1668.79273,7.420454783935594,-0.3331048128427549,0.1407397909745208,0.1101248445635306,0.2412827218103679,0.837636389729306,5,28.552,3,0.299,0.14,2046,1,3,Partial-night transition,C2: Partial-night transition
E01002558,2,1842.46928,7.519404553580919,-0.3008474800730463,0.0890179183883055,0.0631065230026521,0.1408629548981056,0.8262106082609276,5,35.017,2,0.399,0.166,2248,1,2,Partial-night transition,C2: Partial-night transition
E01002559,2,607.51471,6.41102108633424,-0.088085225129775,0.1654164719731642,0.1432829173798935,0.2823406260625393,0.7035019891078476,7,29.158,3,0.363,0.166,2554,1,3,Partial-night transition,C2: Partial-night transition
E01002560,2,148.79166999999998,5.00924546206033,-0.1706342162837476,0.1962307432936266,0.1649183721104817,0.3584884880349748,0.7028460380819093,5,27.275,3,0.336,0.152,2057,1,3,Partial-night transition,C2: Partial-night transition
E01002562,3,536.48845,6.286907271398847,0.1166621014860618,0.0895674268476795,0.0645576060397945,0.1299250225561787,0.8311306224297337,5,33.104,3,0.336,0.192,1435,1,3,Medium activity / continuing,C3: Medium activity / continuing
E01002563,2,1662.70159,7.416800272366388,0.1789952038236758,0.0624517235230406,0.0312650570088166,0.0975896777429928,0.7327279169908935,5,15.494,6,0.187,0.08,1956,1,6,Partial-night transition,C2: Partial-night transition
E01002564,3,539.87585,6.293189770071431,-0.191209127061342,0.0613817047011826,0.041330520711382,0.0899404344276192,0.8211446435453974,5,30.046,3,0.342,0.186,1851,1,3,Medium activity / continuing,C3: Medium activity / continuing
E01002565,3,3208.56071,8.073889356291891,-0.2434849643222116,0.0683464362436826,0.039277140559388,0.1057269368769123,0.8167009619363953,5,22.05,4,0.327,0.152,2441,1,4,Medium activity / continuing,C3: Medium activity / continuing
E01002569,0,532.20068,6.2788978636225705,-0.3388289921012502,0.0370547628762894,0.0127359288605193,0.056208442013148,0.8300253514203888,6,8.235,9,0.097,0.065,2135,1,9,Low activity / early-stop,C0: Low activity / early-stop
E01002570,1,4362.0507,8.380926793500741,0.0808797935338074,0.1014873898645882,0.0486178645287181,0.1731266512449766,0.845684224287278,3,16.188,6,0.147,0.067,1655,1,6,High activity / full-night,C1: High activity / full-night
E01002571,2,255.61241,5.5475668142232974,-0.4226201302198121,0.0549643892485501,0.0205860505755569,0.0819020354750763,0.750918004935503,6,4.833,10,0.036,0.032,1283,1,10,Partial-night transition,C2: Partial-night transition
E01002572,2,696.55456,6.5475807328585445,-0.2079272584189241,0.0436206605265781,0.0158249915125098,0.0623064366962844,0.7548387855726136,7,30.664,3,0.348,0.169,1561,1,3,Partial-night transition,C2: Partial-night transition
E01002573,3,321.74308,5.776856588753287,-0.2946731907955875,0.0544953756270375,0.0190006262139344,0.0803949541150422,0.7874754654118828,4,11.208,7,0.072,0.051,1562,1,7,Medium activity / continuing,C3: Medium activity / continuing
E01002575,1,1361.45625,7.217044415930116,-0.0031812186399672,0.099311211799865,0.0432509748293417,0.1590132171807826,0.7382468273487027,3,10.496,8,0.073,0.052,1600,1,8,High activity / full-night,C1: High activity / full-night
E01002576,2,707.53141,6.563194391246147,-0.4129245795603618,0.0659557856237082,0.0263716207312972,0.1031518917889212,0.7972857256903207,6,21.301,5,0.254,0.139,1594,1,5,Partial-night transition,C2: Partial-night transition
E01002578,2,884.0122,6.785601430223648,-0.2599889232297925,0.0617916811555315,0.0324761920706524,0.0920469581943667,0.656076005769629,6,12.984,7,0.111,0.069,1512,1,7,Partial-night transition,C2: Partial-night transition
E01002581,3,714.44755,6.572908290928682,0.1583621778813574,0.0947352958240251,0.0538106401232672,0.1464538864372943,1.1067439849501468,2,14.627,6,0.168,0.085,1837,1,6,Medium activity / continuing,C3: Medium activity / continuing
E01002583,1,3797.65493,8.242402317264327,-0.2319371523310044,0.2500237429418054,0.1793148989447548,0.5301136596982865,0.8878161539142158,5,28.666,3,0.294,0.124,1809,1,3,High activity / full-night,C1: High activity / full-night
E01002584,1,3646.86816,8.201898210190267,-0.0797825770592156,0.2102953346139061,0.1736204524596798,0.4295543039915867,0.8765115044701932,5,29.226,3,0.338,0.101,2205,1,3,High activity / full-night,C1: High activity / full-night
E01002585,3,1412.67203,7.253945874715813,-0.1104924757376275,0.22118769492449,0.1872543339022575,0.5162838875375452,0.8552819126617438,5,31.79,3,0.34,0.14,1880,1,3,Medium activity / continuing,C3: Medium activity / continuing
E01002587,1,1997.26674,7.600035453801203,-0.2147503142219251,0.2042678435630485,0.1547431416196316,0.4055523937944497,0.8282073946360141,5,30.775,3,0.318,0.139,2499,1,3,High activity / full-night,C1: High activity / full-night
E01002588,3,1721.6044,7.451592610630227,-0.0878122058702916,0.3130187341528635,0.2873665982730992,0.9806820740710332,0.8982343048762841,3,46.093,1,0.542,0.238,1991,1,1,Medium activity / continuing,C3: Medium activity / continuing
E01002589,3,932.81859,6.839282190241868,-0.0237748799581706,0.2607210583142431,0.2318538698933948,0.5819687902779124,0.8462277337821901,5,31.456,3,0.404,0.166,2448,1,3,Medium activity / continuing,C3: Medium activity / continuing
E01002590,2,440.38001,6.089906205076228,-0.3177615396302843,0.1016874948524571,0.0619702515561503,0.1694053546769063,0.8849975874662219,5,28.34,3,0.397,0.132,2785,1,3,Partial-night transition,C2: Partial-night transition
E01002591,2,224.44158,5.418061056642489,-0.3600153768299083,0.1755115072706225,0.1160414215583405,0.3006151945592668,0.7096776332050831,6,26.649,3,0.343,0.152,1940,1,3,Partial-night transition,C2: Partial-night transition
E01002592,3,3561.32963,8.178170000275447,-0.0192866982661191,0.197586545786833,0.1507915907239398,0.4060199778652524,0.7749881364760463,5,29.685,3,0.332,0.131,2437,1,3,Medium activity / continuing,C3: Medium activity / continuing
E01002593,1,8593.50278,9.05887806623084,-0.1115377610897798,0.1754795440934272,0.1367066713161638,0.3248871891018147,0.7997363309465725,5,27.108,3,0.289,0.093,2986,1,3,High activity / full-night,C1: High activity / full-night
E01002594,2,269.53667,5.600407652869394,-0.4189408068297348,0.0547351497664492,0.0266522918755358,0.0761257460546333,0.8062072214757581,5,23.833,4,0.274,0.12,2424,1,4,Partial-night transition,C2: Partial-night transition
E01002595,0,328.88907,5.7987564464337895,-0.204607924489555,0.0656875888274426,0.0404484709692541,0.096205477825131,0.8326586617506717,5,31.581,3,0.323,0.173,2295,1,3,Low activity / early-stop,C0: Low activity / early-stop
E01002596,2,475.61701,6.166713254334095,-0.1058349658268108,0.2763647162240896,0.2535769904444754,0.515451212001168,0.7517067843292127,5,26.605,3,0.289,0.13,2126,1,3,Partial-night transition,C2: Partial-night transition
E01002601,0,244.39327,5.502862107287872,-0.3033161674214679,0.0661521898700401,0.0275612335806137,0.1016010995717358,0.8077970718237958,7,23.786,4,0.293,0.124,1927,1,4,Low activity / early-stop,C0: Low activity / early-stop
E01002602,0,140.24072,4.950465668753225,-0.283649142702633,0.0605931002065591,0.0417206928201737,0.0948282163273636,0.9682038757703216,7,17.695,5,0.206,0.116,1554,1,5,Low activity / early-stop,C0: Low activity / early-stop
E01002603,2,382.33886,5.948919349976561,-0.1818093510034527,0.1962679388644931,0.1575028235424461,0.3486575814777968,0.7566153267298332,5,25.226,4,0.308,0.15,1998,1,4,Partial-night transition,C2: Partial-night transition
E01002604,2,221.11498,5.403195175721831,-0.3865453168301849,0.0780784730188791,0.0315766484930148,0.1152631822810977,0.8467848800961482,6,45.114,1,0.568,0.238,1596,1,1,Partial-night transition,C2: Partial-night transition
E01002605,1,1327.86422,7.192079886450948,-0.1730104151763348,0.2008177236675599,0.1526765515227152,0.373500904496914,0.7608508544638285,6,37.111,2,0.417,0.192,2357,1,2,High activity / full-night,C1: High activity / full-night
E01002606,3,632.28539,6.450921173621032,-0.2449872042749556,0.1441474394972181,0.0966917802734616,0.2425259845981027,0.7577156761699761,5,36.036,2,0.428,0.201,1657,1,2,Medium activity / continuing,C3: Medium activity / continuing
E01002607,1,2766.11962,7.925562209788528,-0.2167900388920996,0.1993238672736792,0.1353230342222148,0.3691386917668331,0.7920928309960917,5,25.728,4,0.276,0.13,2498,1,4,High activity / full-night,C1: High activity / full-night
E01002608,1,1780.65483,7.485297891176825,-0.243875164733639,0.1509816644251036,0.1012017528405547,0.2535315765252062,0.7515567224646319,5,36.531,2,0.41,0.196,1891,1,2,High activity / full-night,C1: High activity / full-night
E01002609,3,343.7892,5.8429332157931775,-0.2010635005404475,0.12100211408619,0.074239999394978,0.2011079612738088,0.8256706801019913,5,18.12,5,0.215,0.123,1731,1,5,Medium activity / continuing,C3: Medium activity / continuing
E01002610,2,154.64951,5.047606748794001,-0.196902596070301,0.1251357343453593,0.0975102345943417,0.2069182901685536,0.7481842957014059,7,31.703,3,0.38,0.187,1790,1,3,Partial-night transition,C2: Partial-night transition
E01002611,1,680.90278,6.524887096362409,-0.0561634364306752,0.2145631128132565,0.1583538401767136,0.4202792749914094,0.827053583160626,5,23.761,4,0.252,0.116,2039,1,4,High activity / full-night,C1: High activity / full-night
E01002612,1,8794.26456,9.081968737446928,0.0495277572136174,0.1406887297463791,0.0984911420495177,0.246500384975703,0.8407252914750328,6,29.36,3,0.318,0.147,2099,1,3,High activity / full-night,C1: High activity / full-night
E01002613,3,213.31661,5.367454407642051,0.5750415309900153,0.1880332244169828,0.1308000347464737,0.3032259010703311,0.7674215902626824,5,22.527,4,0.294,0.116,1932,1,4,Medium activity / continuing,C3: Medium activity / continuing
E01002614,2,2224.63281,7.707796563152535,-0.0729950440675196,0.1060510161225213,0.0799858876485778,0.1726450630787338,0.7767671261613727,5,20.155,5,0.252,0.11,2173,1,5,Partial-night transition,C2: Partial-night transition
E01002615,3,1001.30422,6.91005684833823,-0.3328077854300863,0.1746748056250077,0.138059559960708,0.3144260464118252,0.7090572240641292,5,36.1,2,0.416,0.202,1769,1,2,Medium activity / continuing,C3: Medium activity / continuing
E01002616,0,1028.36435,6.936696754794595,-0.5830432861660363,0.0775756958124812,0.0504312503637451,0.1323588864735827,0.731426035274945,6,20.007,5,0.26,0.115,1593,1,5,Low activity / early-stop,C0: Low activity / early-stop
E01002619,1,3030.03607,8.016659777349911,-0.2840015465558467,0.1744519727780006,0.1395257185832774,0.3151472837055817,0.8544443864826629,5,23.033,4,0.246,0.115,2184,1,4,High activity / full-night,C1: High activity / full-night
E01002620,1,1082.80068,6.988229290553851,-0.2190473319614095,0.1616046269937695,0.1129356697485635,0.2962852992876782,0.7930855339717408,5,32.692,3,0.435,0.166,2834,1,3,High activity / full-night,C1: High activity / full-night
E01002621,0,515.1597399999999,6.24641629121694,-0.4229168607003335,0.08619881670101,0.0505633456527484,0.1478893160728257,0.7849111606048973,5,28.507,3,0.339,0.121,2215,1,3,Low activity / early-stop,C0: Low activity / early-stop
E01002622,1,2766.80132,7.925808536704788,-0.0054708734922824,0.2134579507862891,0.1629348362462108,0.4383193373555347,0.90912910281076,4,23.543,4,0.239,0.102,1930,1,4,High activity / full-night,C1: High activity / full-night
E01002623,3,1071.08793,6.9773633625206735,-0.0818799162455318,0.1579735941940826,0.111482854633606,0.2548856407362916,0.7518751515188066,6,31.677,3,0.295,0.149,1965,1,3,Medium activity / continuing,C3: Medium activity / continuing
E01002624,1,11717.28636,9.36890583742348,0.0256529481967871,0.1916264125510371,0.1390915959486715,0.3692290263199645,0.8791460251205173,5,30.828,3,0.299,0.126,1785,1,3,High activity / full-night,C1: High activity / full-night
E01002626,2,485.41164,6.18705526128667,-0.3015367740254437,0.082242959810358,0.0513581833348701,0.1344724269089762,0.7960727321273613,5,22.608,4,0.277,0.123,1659,1,4,Partial-night transition,C2: Partial-night transition
E01002628,1,2610.50171,7.867680702672233,-0.189948839374635,0.1263715471766536,0.0934746869022353,0.2116598380515136,0.8176649453967677,5,23.068,4,0.269,0.098,2203,1,4,High activity / full-night,C1: High activity / full-night
E01002629,1,2692.75714,7.898692204428592,-0.1446578877143001,0.1080763154155075,0.0701340336990063,0.1815478672597945,0.7730334841690227,4,23.211,4,0.311,0.124,2683,1,4,High activity / full-night,C1: High activity / full-night
E01002630,0,187.85372,5.240972747137612,-0.4209752141187302,0.0383145992530783,0.0237249493914733,0.0577566580076964,0.7628121978318647,5,23.966,4,0.243,0.115,2109,1,4,Low activity / early-stop,C0: Low activity / early-stop
E01002631,3,790.11602,6.67344463210673,-0.1884526781269414,0.1329622199028441,0.1028635769212729,0.2266576146516472,0.8701538099561498,5,27.433,3,0.353,0.127,1832,1,3,Medium activity / continuing,C3: Medium activity / continuing
E01002633,1,2522.36635,7.833349142222037,-0.0591324690007857,0.2702132344891137,0.2271413746064285,0.6422674702847408,0.7569324306288024,5,37.124,2,0.468,0.205,2178,1,2,High activity / full-night,C1: High activity / full-night
E01002634,3,935.8063,6.842476537282244,-0.3350354020912234,0.1645554213516194,0.1285109536022572,0.3165039768838149,0.8251943985353005,5,40.905,2,0.54,0.217,1772,1,2,Medium activity / continuing,C3: Medium activity / continuing
E01002635,0,108.15855,4.692801412497976,-0.2362837704462569,0.013934265945688,0.0030505216647227,0.0192841804744713,0.7959306083119441,5,23.366,4,0.26,0.103,1992,1,4,Low activity / early-stop,C0: Low activity / early-stop
E01002636,3,573.95046,6.3542838805639255,-0.2866309053920786,0.2058520695322728,0.1439349660944605,0.3875302770098349,0.737643008623968,5,23.378,4,0.29,0.111,2129,1,4,Medium activity / continuing,C3: Medium activity / continuing
E01002637,1,3012.32863,8.010800603876186,-0.0674359988405382,0.1360887606741632,0.099472334132415,0.2392475659965013,0.811640465762007,3,36.142,2,0.413,0.153,1924,1,2,High activity / full-night,C1: High activity / full-night
E01002638,3,809.3786,6.697501545873076,-0.2094234515219453,0.1514843115446837,0.1221760125607472,0.2558998361995234,0.8031612978618928,5,34.272,2,0.455,0.157,2214,1,2,Medium activity / continuing,C3: Medium activity / continuing
E01002640,3,497.29904,6.211200378735232,-0.0318065765821707,0.2290399152992533,0.1723483520096881,0.4337859062662441,0.7513916569031256,4,21.92,4,0.207,0.072,2369,1,4,Medium activity / continuing,C3: Medium activity / continuing
E01002641,2,957.60864,6.8654828998290816,0.1730279501237582,0.0895187098562519,0.0650950058261796,0.1557047781742612,0.8798407716156751,2,26.282,4,0.322,0.134,2898,1,4,Partial-night transition,C2: Partial-night transition
E01002643,3,1252.47478,7.133674797731007,-0.0884657493861872,0.1378522448172569,0.1023836503917468,0.2148048755162433,0.8014299413011584,5,26.402,4,0.338,0.166,2694,1,4,Medium activity / continuing,C3: Medium activity / continuing
E01002646,0,171.45179,5.150117719149217,-0.1614165124785224,0.0070177161754916,0.0,0.0094365874187827,0.8822606017354142,5,36.732,2,0.458,0.187,2297,1,2,Low activity / early-stop,C0: Low activity / early-stop
E01002649,1,1475.13271,7.297180913042702,-0.1638320731156453,0.1437907779836297,0.091174664549334,0.2622644163373088,0.8531687425190261,5,38.293,2,0.392,0.191,2073,1,2,High activity / full-night,C1: High activity / full-night
E01002650,3,1164.98475,7.061321287922678,-0.1925264601103147,0.1255441498268539,0.0961838599174796,0.1996420375090341,0.8257599207401412,5,29.373,3,0.367,0.151,2508,1,3,Medium activity / continuing,C3: Medium activity / continuing
E01002652,3,1404.2861,7.247996190931332,-0.1431670654576727,0.1157975643282376,0.0767951060684856,0.2032825017413901,0.8833810541966443,6,26.414,4,0.292,0.109,1860,1,4,Medium activity / continuing,C3: Medium activity / continuing
E01002653,2,415.53089,6.031960624523027,-0.2411838263095194,0.1071525392492481,0.081519763789402,0.1644451735852207,0.8197892369104426,6,17.427,6,0.199,0.103,1855,1,6,Partial-night transition,C2: Partial-night transition
E01002654,2,329.13033,5.799487515886431,-0.4906076872344156,0.0678539410208715,0.0369155282650492,0.1004756407603719,0.6619877345509061,5,15.744,6,0.223,0.106,1907,1,6,Partial-night transition,C2: Partial-night transition
E01002655,0,159.45167999999998,5.077992838052624,-0.3109579027326648,0.0418820297158361,0.0231115783791051,0.0613036245840555,0.7181884273547918,5,16.184,6,0.196,0.088,1934,1,6,Low activity / early-stop,C0: Low activity / early-stop
E01002657,3,557.36306,6.325009395964808,-0.2529396906928134,0.1269954094194904,0.0794184853226548,0.224250212147695,0.7938825293156709,5,15.468,6,0.171,0.083,1934,1,6,Medium activity / continuing,C3: Medium activity / continuing
E01002659,0,181.29585,5.205630916751884,-0.2977240240193032,0.0675915637340843,0.0330040649027542,0.1126452330627957,0.974419176964117,6,16.373,6,0.172,0.101,1379,1,6,Low activity / early-stop,C0: Low activity / early-stop
E01002662,1,5236.20343,8.563542938283499,0.538123143546392,0.112509889632,0.0721970059135002,0.1761110600776123,0.9422611951327216,4,23.73,4,0.253,0.107,2576,1,4,High activity / full-night,C1: High activity / full-night
E01002663,1,1253.39503,7.134408687534723,-0.1570633401985007,0.2126828522688493,0.1594337102166425,0.4166113504370896,0.8146534090396573,4,28.448,3,0.315,0.122,2170,1,3,High activity / full-night,C1: High activity / full-night
E01002665,3,1898.24267,7.549210490957692,-0.1590965237337121,0.1226785877698134,0.0894242778769692,0.2042412547079455,0.9769092353473154,4,34.156,2,0.39,0.151,1769,1,2,Medium activity / continuing,C3: Medium activity / continuing
E01002666,3,476.45558,6.168471129415571,-0.2542074541345491,0.310145869211984,0.2829960979783257,0.8008653335091467,0.9492363500537774,5,21.369,5,0.245,0.092,1792,1,5,Medium activity / continuing,C3: Medium activity / continuing
E01002667,2,717.97334,6.57782427775682,-0.1952656905060012,0.0532752789957354,0.0284794418689696,0.0788766408923412,0.7527470115378095,6,19.854,5,0.271,0.12,2232,1,5,Partial-night transition,C2: Partial-night transition
E01002668,2,1056.51347,6.963675648427963,-0.1255413336093103,0.056111305424246,0.0339842709246291,0.0808730113776504,0.783493212150766,4,19.817,5,0.242,0.107,2269,1,5,Partial-night transition,C2: Partial-night transition
E01002670,0,1295.44478,7.167381012478922,-0.1095632343356233,0.0680647383518732,0.0516310467513713,0.1013442142621867,0.6955562909983464,6,16.074,6,0.176,0.095,1939,1,6,Low activity / early-stop,C0: Low activity / early-stop
E01002671,0,217.76062,5.387978072630709,-0.5325123523252276,0.0697511790699346,0.034423763121174,0.1098183063335175,0.7558569388320517,5,15.765,6,0.189,0.125,1865,1,6,Low activity / early-stop,C0: Low activity / early-stop
E01002672,0,730.65412,6.595307888630351,-0.3291176405054692,0.0519884018446375,0.0294101947991479,0.0806312091091911,0.8298519008539069,2,26.006,4,0.39,0.146,1575,1,4,Low activity / early-stop,C0: Low activity / early-stop
E01002675,0,307.92693,5.733104776441808,-0.2404623395556862,0.0633946176776419,0.04536082634929,0.093223560067582,0.8247036089703371,5,12.121,7,0.155,0.072,2523,1,7,Low activity / early-stop,C0: Low activity / early-stop
E01002676,0,456.03378,6.124757305011505,0.0464966871533069,0.0683724788983833,0.0436091379020212,0.1058200311200249,0.730581340231562,7,12.748,7,0.129,0.072,1619,1,7,Low activity / early-stop,C0: Low activity / early-stop
E01002677,1,3683.71405,8.21194820324075,-0.1854699308161555,0.1266277359394929,0.0834622546231567,0.2070217555477989,0.758598614400858,5,21.326,5,0.24,0.112,2077,1,5,High activity / full-night,C1: High activity / full-night
E01002678,0,587.42738,6.3774535206154255,-0.0398763162861084,0.0524625188563733,0.0376781211662282,0.080327702846678,0.6944157545895432,7,13.332,7,0.169,0.073,1998,1,7,Low activity / early-stop,C0: Low activity / early-stop
E01002679,0,477.14838,6.169921102731672,-0.143043637704481,0.0728067650570248,0.0513240346744968,0.1105970060683192,0.7730299544445025,4,14.016,7,0.164,0.079,1965,1,7,Low activity / early-stop,C0: Low activity / early-stop
E01002680,0,311.88786,5.745844851584034,-0.0901164925111224,0.0878463817091181,0.0716178885577656,0.1327452369586167,0.7078757181892639,5,17.512,5,0.204,0.092,2102,1,5,Low activity / early-stop,C0: Low activity / early-stop
E01002681,1,2542.81355,7.841419631679823,-0.0952879026462636,0.0600967263211256,0.037530026533011,0.0854260291621529,0.7893641753604225,3,29.307,3,0.304,0.161,2371,1,3,High activity / full-night,C1: High activity / full-night
E01002682,1,1781.92078,7.486008186141349,-0.0766103417908398,0.1089809278726745,0.0779553230194666,0.1741067062271856,0.794055097854595,3,21.831,4,0.251,0.112,2413,1,4,High activity / full-night,C1: High activity / full-night
E01002686,1,1673.23121,7.423109359791539,-0.093434911484827,0.1071097639877276,0.0606760257597633,0.1792049327857761,0.8112857402749389,6,43.878,2,0.461,0.246,1841,1,2,High activity / full-night,C1: High activity / full-night
E01002687,2,160.83256,5.086562220473068,-0.3977091454615906,0.0568822631437315,0.0134956503832308,0.0928880510802445,0.7462523912663453,3,14.348,6,0.132,0.07,1648,1,6,Partial-night transition,C2: Partial-night transition
E01002691,3,333.66475,5.813129284475531,0.1167563849642493,0.1040344837145667,0.0613371655231785,0.1606294678469574,0.5899288234280339,4,12.286,7,0.119,0.071,1643,1,7,Medium activity / continuing,C3: Medium activity / continuing
E01002692,1,4099.40172,8.318840228380429,0.0930404400571896,0.0850093657081258,0.0527948600265504,0.131562743798539,0.6857967766520051,2,15.919,6,0.16,0.089,2093,1,6,High activity / full-night,C1: High activity / full-night
E01002693,1,3335.206,8.112589512171668,0.2019453371096118,0.0663098231413591,0.0336321444612416,0.1011946932939498,0.8620483805150556,2,15.108,6,0.161,0.093,1818,1,6,High activity / full-night,C1: High activity / full-night
E01002694,0,130.62861,4.879984396478802,-0.2176331050295949,0.013395687208185,0.0057236312933284,0.019180697281801,0.840579738404062,2,35.432,2,0.427,0.216,1627,1,2,Low activity / early-stop,C0: Low activity / early-stop
E01002695,1,1134.82536,7.035114855068695,0.014725701935318,0.1203335374880942,0.0473713329776133,0.2110446127662923,0.8166490966548046,1,25.375,4,0.334,0.164,1517,1,4,High activity / full-night,C1: High activity / full-night
E01002696,1,2440.5348,7.800382136932798,0.0908007539986727,0.1082116550847789,0.0562760260578951,0.1710334544499926,0.7998619785167116,1,21.63,4,0.176,0.098,1793,1,4,High activity / full-night,C1: High activity / full-night
E01002697,1,2783.37119,7.931777342308069,-0.0615330540947361,0.0964438307633701,0.0402448765735769,0.1622794485210261,0.8761813297122621,2,24.831,4,0.302,0.147,2274,1,4,High activity / full-night,C1: High activity / full-night
E01002700,0,162.50878,5.096866689201309,0.0024015933169888,0.0550815777461377,0.0498728745609929,0.0799966540113702,0.8681265457942359,4,14.392,6,0.102,0.087,1374,1,6,Low activity / early-stop,C0: Low activity / early-stop
E01002704,1,16226.12815,9.69443969783996,-0.08643383665129,0.1843779811390186,0.1027528227675189,0.3505185601730216,0.7311500529782612,1,23.601,4,0.379,0.162,2444,1,4,High activity / full-night,C1: High activity / full-night
E01002706,3,1074.66315,6.980692634088146,0.0689181256470923,0.0920301584733783,0.043003298289329,0.1537314804411908,0.8070117534389502,1,24.579,4,0.356,0.165,2072,1,4,Medium activity / continuing,C3: Medium activity / continuing
E01002707,1,3725.12501,8.223124101323359,-0.1548867671423461,0.1356880718480908,0.0666797971432373,0.2317026433641541,0.7467032866299705,2,24.725,4,0.305,0.156,1884,1,4,High activity / full-night,C1: High activity / full-night
E01002708,1,1171.07773,7.066533290463314,-0.4320849906350794,0.1303939577093657,0.0542337270814636,0.2450093972319433,0.7186826425946164,2,25.965,4,0.329,0.159,2162,1,4,High activity / full-night,C1: High activity / full-night
E01002710,1,2474.73846,7.814293998176775,-0.0170019016878252,0.0896498533424821,0.0509840704540551,0.1447815922495977,0.7738418704342741,1,31.79,3,0.386,0.2,1621,1,3,High activity / full-night,C1: High activity / full-night
E01002711,1,2453.36805,7.805624593650139,-0.2204273468059551,0.2179091881464748,0.1643208282589316,0.4399961397049534,0.8305487781987518,2,20.069,5,0.224,0.128,2179,1,5,High activity / full-night,C1: High activity / full-night
E01002712,1,1755.29583,7.470962228115243,-0.0608942311450714,0.0850511221233858,0.0442898334692676,0.143072175020431,0.9047212591210864,2,28.559,3,0.253,0.127,1436,1,3,High activity / full-night,C1: High activity / full-night
E01002713,1,1681.56073,7.428072155964053,-0.2769667854933791,0.0979372359629259,0.0576577035073838,0.1623392378600495,0.8210779308055134,2,34.135,2,0.324,0.183,2871,1,2,High activity / full-night,C1: High activity / full-night
E01002714,1,1728.45798,7.455563332042752,-0.0434938545627819,0.075457773060818,0.0358839270133717,0.1226270722870745,0.8065491823751308,2,18.279,5,0.143,0.102,1566,1,5,High activity / full-night,C1: High activity / full-night
E01002716,1,4677.54451,8.450742338403746,-0.3099158985875689,0.1047199463207246,0.0470938992732321,0.182011004253252,0.7603896507309339,2,39.199,2,0.485,0.228,2234,1,2,High activity / full-night,C1: High activity / full-night
E01002717,3,231.99515,5.4510176378984125,-0.308710893309623,0.1130340009263124,0.0455381071543952,0.1982816718596187,0.9786424121750902,5,20.473,5,0.278,0.145,1213,1,5,Medium activity / continuing,C3: Medium activity / continuing
E01002718,2,298.08685,5.700733999440383,-0.4697218612629172,0.0662304291517723,0.0092172130370729,0.1043330922974147,0.5626685915565564,2,19.097,5,0.201,0.117,1417,1,5,Partial-night transition,C2: Partial-night transition
E01002719,3,421.08497,6.045206644478578,0.2756521326325183,0.110228987750382,0.0854025495139377,0.1852918736719605,1.0056559763302864,2,16.096,6,0.15,0.103,1524,1,6,Medium activity / continuing,C3: Medium activity / continuing
E01002720,1,1765.42442,7.476712680715476,0.0234683963417703,0.1003570291612936,0.0516117931573643,0.1608622449305708,0.8096372777760847,4,44.946,1,0.53,0.286,2023,1,1,High activity / full-night,C1: High activity / full-night
E01002723,0,243.41308,5.498859744686963,0.1748035890265223,0.0577935253109652,0.0470317371605502,0.0834336242541047,0.5409227433930617,1,28.035,3,0.348,0.191,1719,1,3,Low activity / early-stop,C0: Low activity / early-stop
E01002724,1,6173.45165,8.728175355933647,-0.0200345474480228,0.1671933544664596,0.1026754878690918,0.3183884581553495,0.623203684222814,1,10.893,8,0.136,0.07,2007,1,8,High activity / full-night,C1: High activity / full-night
E01002726,1,5163.03043,8.549472644667993,0.0565823258182888,0.1389919621294968,0.0677320199331073,0.2712231700158179,0.7118198901043798,1,24.739,4,0.297,0.171,1693,1,4,High activity / full-night,C1: High activity / full-night
E01002727,1,3472.68924,8.152972489719861,-0.2198234702970427,0.1420826586832745,0.0746535730908072,0.262491932269581,0.7898698264106998,1,23.729,4,0.253,0.158,1518,1,4,High activity / full-night,C1: High activity / full-night
E01002728,1,776.24044,6.655749749088373,-0.1083906424663986,0.1380888761734701,0.0404360406680177,0.2585138005127001,0.8040938753520551,2,24.128,4,0.265,0.134,1409,1,4,High activity / full-night,C1: High activity / full-night
E01002730,1,3531.32377,8.169711225133051,0.1165900825910392,0.1162555055097652,0.0468822630783582,0.1952111815194273,0.8817373042583296,3,31.787,3,0.332,0.158,1790,1,3,High activity / full-night,C1: High activity / full-night
E01002732,1,1363.15819,7.218292806752133,0.2288391562244144,0.1485532137689757,0.066116765215635,0.2654102341596537,0.8596554998874101,2,46.965,1,0.502,0.295,1825,1,1,High activity / full-night,C1: High activity / full-night
E01002734,1,30423.38466,10.322999692836085,0.0668998562371002,0.0969967264648193,0.0450797774582652,0.1652443587888347,0.8120901591161447,2,40.881,2,0.46,0.191,2411,1,2,High activity / full-night,C1: High activity / full-night
E01002738,1,2455.84577,7.806633598878183,-0.2278160773915375,0.0537538926966085,0.0222195264322319,0.0833183220630203,0.7642926526670821,2,20.591,5,0.257,0.138,1857,1,5,High activity / full-night,C1: High activity / full-night
E01002741,3,732.8104,6.5982506846198765,-0.2303504153325335,0.0685768788215887,0.036646928045781,0.1055781519843778,0.7579956609379007,2,40.229,2,0.49,0.254,1478,1,2,Medium activity / continuing,C3: Medium activity / continuing
E01002743,3,944.41304,6.85162191136746,-0.0932968905215455,0.0677692993311485,0.0277311291678056,0.1065627535877024,0.764760477707525,2,19.097,5,0.277,0.127,1476,1,5,Medium activity / continuing,C3: Medium activity / continuing
E01002745,3,453.75594,6.119760879434968,0.0640865219307101,0.0784704658632127,0.0591971754683806,0.1265542340888877,0.9943009835483811,2,16.027,6,0.166,0.085,1434,1,6,Medium activity / continuing,C3: Medium activity / continuing
E01002747,3,1262.45097,7.141602121168315,-0.1475328503252685,0.0754400069889446,0.0334812289779459,0.1198402252972292,0.8532854953075777,3,15.832,6,0.163,0.101,1591,1,6,Medium activity / continuing,C3: Medium activity / continuing
E01002748,3,786.1014700000001,6.668357172761957,-0.7759699902354845,0.0594691420688985,0.0153851385114443,0.084042229311117,0.7989788898231002,2,38.213,2,0.419,0.211,1619,1,2,Medium activity / continuing,C3: Medium activity / continuing
E01002749,3,1140.05486,7.0397084293372645,-0.1463998671081495,0.0713563994630925,0.0317381481098199,0.1156835470022602,0.829403223461112,2,21.232,5,0.285,0.127,1534,1,5,Medium activity / continuing,C3: Medium activity / continuing
E01002752,3,327.35,5.794080112636982,-0.2455731174583778,0.0859295249732702,0.0395923629143118,0.138654063778731,0.8181207926135949,3,20.247,5,0.275,0.122,1613,1,5,Medium activity / continuing,C3: Medium activity / continuing
E01002756,2,864.05503,6.762793123405419,-0.6723607754473693,0.039924586747675,0.007214100703748,0.0601768468432904,0.5615949649988384,4,27.223,3,0.279,0.166,1258,1,3,Partial-night transition,C2: Partial-night transition
E01002758,1,2713.616,7.906405785900867,-0.2155197198129727,0.1017148004728745,0.0552467482503051,0.1622564207099586,0.8096038782423822,2,42.135,2,0.515,0.253,1734,1,2,High activity / full-night,C1: High activity / full-night
E01002759,3,199.72565,5.301939050326808,0.1450538275879939,0.0570579192006635,0.0341458896240918,0.0842335809477784,0.9109538264081376,1,18.759,5,0.219,0.115,1544,1,5,Medium activity / continuing,C3: Medium activity / continuing
E01002762,3,1301.08358,7.171721014256584,0.2584214459151041,0.106129976676825,0.075874341600714,0.1843136679631877,0.9002617083524669,2,18.723,5,0.194,0.115,1874,1,5,Medium activity / continuing,C3: Medium activity / continuing
E01002763,1,3465.64022,8.150941167586101,-0.2390601122467351,0.1355229308828831,0.0578428420939782,0.2512120563459574,0.8557494795881289,2,32.437,3,0.333,0.176,1363,1,3,High activity / full-night,C1: High activity / full-night
E01002764,1,2193.23812,7.693590167306949,-0.3393120579173592,0.133511503985714,0.0540683562439631,0.2313496583683417,0.853003994821068,2,25.354,4,0.354,0.173,1885,1,4,High activity / full-night,C1: High activity / full-night
E01002765,1,3360.83625,8.120242606655074,-0.1623786788184041,0.1098864575743611,0.0587943283461073,0.1912320228249943,0.7579352313323104,2,29.039,3,0.35,0.178,3146,1,3,High activity / full-night,C1: High activity / full-night
E01002766,3,403.91866,6.003686207429412,0.3144678188425363,0.1149796842760371,0.0851458558512746,0.1835688502557279,0.7404488012210441,2,29.61,3,0.368,0.185,2215,1,3,Medium activity / continuing,C3: Medium activity / continuing
E01002767,3,1185.10031,7.078426154395959,-0.3913293803796238,0.0914456093594305,0.0264199154584644,0.1510340667173643,0.7614386408560486,2,31.264,3,0.339,0.175,2211,1,3,Medium activity / continuing,C3: Medium activity / continuing
E01002768,1,794.04604,6.6784000249271855,-0.1461694337018544,0.1232192405367326,0.0441388511930618,0.2091495789058893,0.7588709425802961,2,26.418,4,0.307,0.171,1641,1,4,High activity / full-night,C1: High activity / full-night
E01002770,1,17866.31697,9.790728455303034,-0.0344522517446414,0.0943542898533944,0.0456850990257562,0.148538630324181,0.7531382606176343,2,22.387,4,0.194,0.108,1929,1,4,High activity / full-night,C1: High activity / full-night
E01002771,1,1135.69242,7.035877938244285,-0.0613082017400451,0.1576498679105386,0.094064324212008,0.2698502818915993,0.7595598535924081,3,26.53,4,0.304,0.161,1572,1,4,High activity / full-night,C1: High activity / full-night
E01002772,3,1548.50308,7.345689564963807,0.1735277788404528,0.0750569898769591,0.0365008831625959,0.1162056916482951,0.8424173906068974,2,27.638,3,0.281,0.147,1917,1,3,Medium activity / continuing,C3: Medium activity / continuing
E01002773,2,157.93549,5.068498396621836,-0.0756296763950901,0.0268916125185035,0.0075301631064683,0.0338365009160331,0.9649599837638396,3,37.852,2,0.393,0.252,1644,1,2,Partial-night transition,C2: Partial-night transition
E01002774,1,2848.68153,7.954962523159237,-0.2106578372065339,0.0994316728693782,0.042673538168375,0.1617373840159691,0.7677821112082874,2,28.886,3,0.3,0.148,2144,1,3,High activity / full-night,C1: High activity / full-night
E01002775,2,262.9229,5.5756570150381926,-0.1728850548963212,0.0418915583237519,0.0168964361795796,0.066652014126227,0.952543691294226,4,22.845,4,0.218,0.136,1369,1,4,Partial-night transition,C2: Partial-night transition
E01002776,3,817.92074,6.70798730261314,-0.4240447796934455,0.0899155094172083,0.0548998671925106,0.1501822290779833,0.9548468883181194,2,27.989,3,0.342,0.172,1862,1,3,Medium activity / continuing,C3: Medium activity / continuing
E01002778,3,286.97836,5.662885338423989,0.2942119398828539,0.0952134857833879,0.0358456993063867,0.1599393424579146,0.8241853984585136,2,34.674,2,0.412,0.189,1924,1,2,Medium activity / continuing,C3: Medium activity / continuing
E01002779,1,6523.92418,8.783384612200011,-0.1805852593461624,0.095204365173968,0.047975899376562,0.1613540190059723,0.802722235883925,2,20.954,5,0.23,0.115,1820,1,5,High activity / full-night,C1: High activity / full-night
E01002780,3,904.27732,6.808241327698782,-0.3492423983385982,0.0849415641652938,0.0197094736380206,0.144274793517234,0.9885587979504749,2,26.839,3,0.294,0.161,1644,1,3,Medium activity / continuing,C3: Medium activity / continuing
E01002781,0,310.5744,5.741638154010515,-0.3215590209624489,0.0624527649413473,0.0372522010828967,0.0945347190917756,0.7786129701564589,2,21.293,5,0.303,0.146,1706,1,5,Low activity / early-stop,C0: Low activity / early-stop
E01002782,2,185.98609,5.231034229061145,-0.4625597000291797,0.1059204481367396,0.0441951868551029,0.1823431977418753,0.8116264778234624,1,40.371,2,0.496,0.253,1372,1,2,Partial-night transition,C2: Partial-night transition
E01002784,3,343.92398,5.843324044925124,-0.3925387232376178,0.1499062089244257,0.0563608271804716,0.2501955337315037,0.75385839905514,3,33.706,2,0.407,0.217,1788,1,2,Medium activity / continuing,C3: Medium activity / continuing
E01002785,1,1503.72769,7.316367223934848,-0.0284978924608351,0.0887842532180809,0.0397356053209341,0.1486848153439461,0.7982333680391622,2,18.554,5,0.141,0.109,1840,1,5,High activity / full-night,C1: High activity / full-night
E01002786,1,7992.87547,8.986430961216481,-0.102423108313484,0.1045571288001062,0.0424188930845434,0.1719727106701285,0.7818975653231289,1,36.789,2,0.403,0.215,1987,1,2,High activity / full-night,C1: High activity / full-night
E01002788,2,322.92887,5.78052395465351,-0.0061237943823355,0.028994248795408,0.0110484392429825,0.0410510720867414,0.8297001191064325,2,17.555,5,0.179,0.118,1792,1,5,Partial-night transition,C2: Partial-night transition
E01002789,1,1728.12987,7.455373595644422,-0.342184184340266,0.0986735620743596,0.0462179731897117,0.1619056356051262,0.7810537069870359,2,13.343,7,0.149,0.087,1859,1,7,High activity / full-night,C1: High activity / full-night
E01002790,1,2494.71055,7.822328757219923,0.3038528096977023,0.120130369433039,0.066873208998134,0.202132633656617,0.8939798151548226,2,45.973,1,0.448,0.276,1448,1,1,High activity / full-night,C1: High activity / full-night
E01002791,1,6988.5335,8.852169094803338,-0.2710465822335973,0.0977421557756001,0.0387128372497606,0.165249948112808,0.7539860136828571,2,18.215,5,0.195,0.098,1908,1,5,High activity / full-night,C1: High activity / full-night
E01002793,1,5469.99422,8.607215637583648,-0.1094564556962183,0.1082857652452875,0.0568797273793097,0.1818858541394388,0.9462862571259816,1,34.862,2,0.371,0.224,1855,1,2,High activity / full-night,C1: High activity / full-night
E01002794,1,24352.83228,10.100444499289525,0.1321330604589538,0.1104619601970995,0.0606827576771698,0.1904979937858611,0.8504306554849669,2,18.625,5,0.184,0.086,2133,1,5,High activity / full-night,C1: High activity / full-night
E01002795,1,5748.4390300000005,8.656857569032109,0.1769413165368477,0.0833533760207594,0.0337802991362683,0.1366794883230957,0.8135383604021152,3,30.885,3,0.296,0.161,1931,1,3,High activity / full-night,C1: High activity / full-night
E01002796,0,109.64953,4.706367818860382,-0.2177473081735963,0.0462132395825134,0.0313343796366477,0.0653077205823598,0.8382665315986038,2,29.454,3,0.282,0.162,1100,1,3,Low activity / early-stop,C0: Low activity / early-stop
E01002797,3,726.41791,6.589501154190934,-0.2143293383281257,0.1240182527988606,0.0774843230393369,0.2112755951189374,0.6975250188196703,2,32.985,3,0.373,0.193,1853,1,3,Medium activity / continuing,C3: Medium activity / continuing
E01002798,1,982.96687,6.891592227786263,-0.1074206397210518,0.0792176647825373,0.0401847826264989,0.1224137712030139,0.7756192295425826,4,19.057,5,0.209,0.115,1943,1,5,High activity / full-night,C1: High activity / full-night
E01002801,1,1737.27723,7.460649804036927,0.0264189210607451,0.114068967564837,0.0421304721757045,0.2038223660613302,0.7110077002919576,2,19.521,5,0.191,0.111,1464,1,5,High activity / full-night,C1: High activity / full-night
E01002804,3,1126.00959,7.027323023320342,-0.5389446194681167,0.0821337054509455,0.0296264261834572,0.1386246443712288,0.7188569968182258,2,43.108,2,0.453,0.279,1528,1,2,Medium activity / continuing,C3: Medium activity / continuing
E01002805,2,1887.89504,7.54374730216742,-0.1539751489574335,0.0406624194531492,0.0163646756548499,0.0629053358212254,0.7935754034339895,4,27.527,3,0.274,0.131,1407,1,3,Partial-night transition,C2: Partial-night transition
E01002807,1,777.3741,6.657207256936929,-0.0296961269998576,0.1088860305482263,0.0538556661458106,0.1787175612322497,0.7978155970644816,2,37.073,2,0.483,0.214,1757,1,2,High activity / full-night,C1: High activity / full-night
E01002808,3,525.88941,6.266990678322805,-0.2292107954788441,0.1371100437257331,0.0574215403957269,0.259203335875948,0.7717463821121775,1,29.612,3,0.332,0.165,1921,1,3,Medium activity / continuing,C3: Medium activity / continuing
E01002810,3,604.6197,6.406252231316748,0.3613643088374396,0.1189135749298278,0.0776039384757063,0.1899992428834012,0.7488681339432084,1,34.758,2,0.325,0.179,1805,1,2,Medium activity / continuing,C3: Medium activity / continuing
E01002811,2,1108.38432,7.011560473755252,-0.2523675181547137,0.0390147796388891,0.0181909646646751,0.0585477065290146,0.7363325209533663,2,35.61,2,0.431,0.206,1668,1,2,Partial-night transition,C2: Partial-night transition
E01002814,1,1318.84286,7.185267963039399,0.3037128775144599,0.1139933759811233,0.0647109011910638,0.1816663297112651,0.8230522565985487,2,23.673,4,0.33,0.162,2440,1,4,High activity / full-night,C1: High activity / full-night
E01002815,3,543.20069,6.2993180942645495,0.0280027810715778,0.1851118230354236,0.1103374334815369,0.3213941761329811,0.8531074002226545,2,15.176,6,0.165,0.082,1204,1,6,Medium activity / continuing,C3: Medium activity / continuing
E01002817,1,3658.42538,8.205061414069622,0.208219843478125,0.0801285032633356,0.0460692654608688,0.1199226928899691,0.8932941231258545,1,9.465,8,0.07,0.039,1427,1,8,High activity / full-night,C1: High activity / full-night
E01002818,1,2888.20021,7.968734998861169,0.1852129738609776,0.1435502561645475,0.0838731259561815,0.2359905158653581,0.8208954448446889,2,11.79,7,0.046,0.03,1460,1,7,High activity / full-night,C1: High activity / full-night
E01002819,1,2242.93989,7.7159884792962865,0.5637667133380021,0.097449249966302,0.0298080614188907,0.1542922936709115,1.00525016874622,2,12.631,7,0.054,0.024,1159,1,7,High activity / full-night,C1: High activity / full-night
E01002821,1,9446.99842,9.153558190646024,0.0677821559326565,0.1195837322898589,0.0635999365394199,0.1971841166772232,0.7890576228803015,1,12.329,7,0.047,0.031,1198,1,7,High activity / full-night,C1: High activity / full-night
E01002825,1,5288.27115,8.573435736531993,0.0854747226794526,0.1170322516461736,0.0661474988853398,0.1874561853266601,0.8943909119188596,4,7.398,9,0.07,0.07,1866,1,9,High activity / full-night,C1: High activity / full-night
E01002826,1,6550.1385900000005,8.787394144056872,0.2191072402942851,0.1026558981555839,0.0613753945013856,0.1621292088400963,0.8501357581220017,2,10.646,8,0.076,0.044,1344,1,8,High activity / full-night,C1: High activity / full-night
E01002827,1,6107.49759,8.717436128311828,-0.1849569374942644,0.1278155101163126,0.0753630718993046,0.209231714273813,0.8989103145153379,3,11.278,7,0.026,0.016,1748,1,7,High activity / full-night,C1: High activity / full-night
E01002830,3,385.14729,5.95621887699246,0.0518707271703768,0.129613089060032,0.0590512528336886,0.2400545103129159,0.7853837275382495,2,31.839,3,0.31,0.18,1681,1,3,Medium activity / continuing,C3: Medium activity / continuing
E01002831,1,4201.94488,8.343540720477057,0.0452994709440357,0.1075970492026063,0.0537346958249485,0.1752505513567734,0.7991529720687598,2,37.467,2,0.4,0.19,1724,1,2,High activity / full-night,C1: High activity / full-night
E01002833,3,2449.58212,7.804080875316363,0.3702933870206401,0.0738618715913879,0.0382217682091833,0.1046088989597286,1.0562301188658207,3,18.283,5,0.143,0.074,1204,1,5,Medium activity / continuing,C3: Medium activity / continuing
E01002835,1,1924.30902,7.562841763708474,-0.0591223960484267,0.1501612615212914,0.0749778484123095,0.2755179802010932,0.9038300254687116,2,12.17,7,0.056,0.028,1570,1,7,High activity / full-night,C1: High activity / full-night
E01002837,2,153.67079,5.041298922685547,0.0730256543875384,0.0491687457323542,0.0163040093696401,0.0760712527422519,0.7273248369591955,3,10.244,8,0.027,0.018,1088,1,8,Partial-night transition,C2: Partial-night transition
E01002839,3,303.35876,5.718207137177274,0.4659173184911488,0.255674832004192,0.132710754751239,0.4925706557413695,0.8410852171717257,2,23.198,4,0.16,0.107,1580,1,4,Medium activity / continuing,C3: Medium activity / continuing
E01002840,3,1422.87214,7.261135298614776,-0.0405846164083302,0.0899761801506634,0.0522485667615925,0.1391488733802487,0.7683859526656444,2,44.173,2,0.535,0.269,1058,1,2,Medium activity / continuing,C3: Medium activity / continuing
E01002843,3,1126.88449,7.028099024332242,0.0636201586198067,0.1065438481631777,0.0505705602532518,0.1754990985146705,0.7735896656648317,3,42.708,2,0.488,0.266,1318,1,2,Medium activity / continuing,C3: Medium activity / continuing
E01002844,1,1997.87575,7.600340176490592,0.1429883965506864,0.0872579188170235,0.0311621130593331,0.1453162544539709,0.8332749027196016,3,15.092,6,0.11,0.085,1130,1,6,High activity / full-night,C1: High activity / full-night
E01002845,1,3452.46136,8.147132299817239,0.0064884665356544,0.110628250449123,0.0456731425952874,0.1881100578394711,0.8047298875441385,3,26.774,3,0.249,0.158,1207,1,3,High activity / full-night,C1: High activity / full-night
E01002846,3,832.92344,6.72614159958385,-0.4600698954996391,0.1128878663806123,0.0655984540427869,0.1683188302287082,0.8627557250654462,2,26.017,4,0.258,0.139,1365,1,4,Medium activity / continuing,C3: Medium activity / continuing
E01002849,1,3675.95624,8.2098405802242,-0.027293915773056,0.0949863674111637,0.0427978272124371,0.1526848015942627,0.8209770249246681,3,16.247,6,0.119,0.079,1565,1,6,High activity / full-night,C1: High activity / full-night
E01002850,3,235.99448,5.468036849724648,-0.6546318371514452,0.1284865646010025,0.0621061560422938,0.2079766358152978,1.2796274941384036,2,22.032,4,0.146,0.108,1539,1,4,Medium activity / continuing,C3: Medium activity / continuing
E01002851,3,484.03843,6.184228124911791,0.090432881537939,0.1323821540368189,0.0575421666416032,0.2191396993460936,1.039128993380808,2,42.803,2,0.409,0.216,1325,1,2,Medium activity / continuing,C3: Medium activity / continuing
E01002852,1,5595.55866,8.62990716282536,-0.1596041672092845,0.0939534355627682,0.0538440839077898,0.1480803269177345,0.7086699393244762,4,37.371,2,0.419,0.199,2326,1,2,High activity / full-night,C1: High activity / full-night
E01002854,3,544.472,6.301651474899832,-0.4656896222395275,0.11983925711515,0.0502938259451358,0.1989324879579434,1.0004161423207287,2,44.897,2,0.519,0.268,1072,1,2,Medium activity / continuing,C3: Medium activity / continuing
E01002858,0,151.49484,5.02713075940944,-0.0550820080736743,0.0408475298564624,0.0098501044656042,0.0584867997606916,0.829544251811445,3,21.595,4,0.251,0.115,1412,1,4,Low activity / early-stop,C0: Low activity / early-stop
E01002859,1,2711.79068,7.905733155240797,-0.4755011917070236,0.0822179498013467,0.0545236957595856,0.1222155838154324,0.7507534295566588,2,9.837,8,0.031,0.021,1275,1,8,High activity / full-night,C1: High activity / full-night
E01002861,3,473.55888,6.162385698865865,0.409584759555137,0.0798704482112129,0.0408546240332353,0.1206757099046462,0.8367523592933271,3,16.596,6,0.129,0.081,1311,1,6,Medium activity / continuing,C3: Medium activity / continuing
E01002862,0,134.81657,4.911305225354094,0.2186408540137165,0.0737862563926674,0.03673851070384,0.1182973785424306,0.6983769676789101,3,27.746,3,0.311,0.148,1142,1,3,Low activity / early-stop,C0: Low activity / early-stop
E01002863,3,198.61556,5.296393316750783,0.0104191232549957,0.1267272815886126,0.0683772207978065,0.2111247340705948,0.6571162726856545,1,8.896,8,0.051,0.026,1145,1,8,Medium activity / continuing,C3: Medium activity / continuing
E01002864,3,1247.07816,7.129360175173437,-0.2226853848519005,0.0497808012290103,0.0218409085121015,0.0770712082989859,0.9660338656344616,4,7.056,9,0.041,0.027,1486,1,9,Medium activity / continuing,C3: Medium activity / continuing
E01002866,0,413.70413,6.027565326209256,-0.3149823764147581,0.0289478618451307,0.0134947649664507,0.0417329307788157,0.7111909826223788,4,14.956,6,0.15,0.095,1846,1,6,Low activity / early-stop,C0: Low activity / early-stop
E01002867,2,506.26164,6.229026925707302,-0.1628485618622022,0.0595309571548814,0.0126131223372957,0.0980913191729019,0.843140549893639,2,24.928,4,0.262,0.179,1747,1,4,Partial-night transition,C2: Partial-night transition
E01002868,1,1047.23723,6.954865203768225,-0.0006356439409626,0.1312223305888389,0.0712651611898862,0.2090130350294066,0.8619102057105757,4,6.364,9,0.021,0.015,1387,1,9,High activity / full-night,C1: High activity / full-night
E01002869,1,774.09975,6.652991730748386,0.0227065697928464,0.0679403009754233,0.0321983439472755,0.0972781159738564,0.7168132585750859,3,17.931,5,0.186,0.092,1663,1,5,High activity / full-night,C1: High activity / full-night
E01002870,3,830.07649,6.722721836347539,-0.0577741094679118,0.0844837082423572,0.0512808163016398,0.1255336140848377,0.7051332697952701,2,36.554,2,0.408,0.229,1540,1,2,Medium activity / continuing,C3: Medium activity / continuing
E01002873,1,1251.48716,7.132886581409466,-0.0336881282905051,0.1561186452763926,0.087619660436628,0.2648154443652689,0.7846309731102987,3,16.161,6,0.142,0.078,1340,1,6,High activity / full-night,C1: High activity / full-night
E01002874,3,498.62025,6.213848309855947,-0.5150171698802846,0.061037713570598,0.0262416939544673,0.0886253086707356,0.8372766193732671,2,20.15,5,0.236,0.125,1060,1,5,Medium activity / continuing,C3: Medium activity / continuing
E01002877,3,349.65581,5.859805144074227,0.3182946395199325,0.0703485521947998,0.0524996567338606,0.0987846067483686,0.5516429147393885,2,31.03,3,0.382,0.166,2142,1,3,Medium activity / continuing,C3: Medium activity / continuing
E01002878,1,1176.60897,7.071241365133101,-0.3403361356322143,0.1082707197107293,0.0617688729672016,0.1667892873328081,0.8657336646510313,2,32.669,3,0.315,0.191,1420,1,3,High activity / full-night,C1: High activity / full-night
E01002880,3,820.92243,6.711646023206703,-0.212893890595729,0.0580557897534849,0.0338281048064431,0.0878138670966796,0.8504196533610728,3,42.871,2,0.544,0.234,1066,1,2,Medium activity / continuing,C3: Medium activity / continuing
E01002882,3,180.96284,5.203802490405899,-0.0502181552853612,0.0498746593499527,0.0237348728611907,0.0929921685523624,1.2279736942668955,2,18.612,5,0.196,0.11,1036,1,5,Medium activity / continuing,C3: Medium activity / continuing
E01002883,1,2863.85956,7.960274608750152,0.0222223885866805,0.1705931208442358,0.0866787441210979,0.2994836609724108,0.8637224645265725,2,11.461,7,0.071,0.041,1572,1,7,High activity / full-night,C1: High activity / full-night
E01002884,1,3780.77908,8.237949833974454,0.2880881471656895,0.083794343254777,0.0321772146496324,0.1396839135035108,0.844232260613604,3,17.872,5,0.121,0.067,1423,1,5,High activity / full-night,C1: High activity / full-night
E01002885,1,581.99045,6.368170805427304,0.2110310744789713,0.2386137779408579,0.1590609605363799,0.4230242173404333,0.8920421766041612,3,18.364,5,0.158,0.082,1349,1,5,High activity / full-night,C1: High activity / full-night
E01002886,1,2179.18604,7.687165491591473,-0.0773003942334359,0.1055784663525102,0.0433469094726763,0.1711584716462181,0.8590333728398485,1,11.448,7,0.085,0.047,1325,1,7,High activity / full-night,C1: High activity / full-night
E01002887,0,515.43356,6.246946645241934,0.4645163190382869,0.0810850577909595,0.0366835834282889,0.1350828814459602,0.7492994901376967,1,16.741,6,0.045,0.126,1273,1,6,Low activity / early-stop,C0: Low activity / early-stop
E01002891,3,1088.50726,6.993480817969632,0.1773693452444221,0.0785972249739519,0.028476420083776,0.1249803717606429,0.9548551500539756,3,8.777,8,0.05,0.026,1197,1,8,Medium activity / continuing,C3: Medium activity / continuing
E01002894,1,1945.17017,7.573618704965933,-0.1485271645924941,0.0871398773301155,0.0373540583341353,0.1398846340134731,0.7550525122875668,2,20.963,5,0.159,0.107,1401,1,5,High activity / full-night,C1: High activity / full-night
E01002896,3,856.31933,6.753810462963471,-0.4185917302602523,0.0933369681144532,0.0589943356761548,0.1433860258496608,0.8334939936974173,1,9.013,8,0.063,0.04,1599,1,8,Medium activity / continuing,C3: Medium activity / continuing
E01002897,3,577.52164,6.360475953021399,0.4960988474821479,0.0545024079097711,0.0234412168520646,0.0770756980169787,0.7514638110813348,1,14.913,6,0.143,0.064,1548,1,6,Medium activity / continuing,C3: Medium activity / continuing
E01002898,2,274.7933,5.619651672098205,0.1338329573537637,0.0464630323956224,0.0026883843237808,0.071025737249726,0.6234233260420782,2,8.076,9,0.053,0.019,1726,1,9,Partial-night transition,C2: Partial-night transition
E01002899,1,1926.87981,7.564176134015703,0.084685930670476,0.0592633019492793,0.0285239897759891,0.0867847144736348,0.840512190245669,3,28.423,3,0.312,0.201,1283,1,3,High activity / full-night,C1: High activity / full-night
E01002900,2,316.55037,5.760636451419145,0.4286055012350799,0.0333799957333804,0.0051211439114729,0.0482111113255561,0.6091558386133364,3,9.971,8,0.023,0.014,1742,1,8,Partial-night transition,C2: Partial-night transition
E01002901,1,2214.06931,7.703038973186065,0.0869507964951648,0.0934131235485125,0.0534007672957627,0.1437566414413792,0.7722238657312831,3,12.478,7,0.091,0.036,1118,1,7,High activity / full-night,C1: High activity / full-night
E01002902,1,8464.85301,9.0437960585394,0.2142604210442161,0.0751017352869544,0.040877294572183,0.1156747241244682,0.7922674056282786,2,14.38,6,0.142,0.071,1205,1,6,High activity / full-night,C1: High activity / full-night
E01002903,1,1926.27927,7.563864582667292,0.3144794524004819,0.0585069370548747,0.0316775978178906,0.0833967629484824,0.6971556759139234,3,9.381,8,0.013,0.014,1342,1,8,High activity / full-night,C1: High activity / full-night
E01002905,1,1491.62323,7.308290408022513,-0.1162739936679586,0.0944942577758057,0.0619671161865721,0.1441108746544798,0.707713876149138,2,36.602,2,0.414,0.219,1635,1,2,High activity / full-night,C1: High activity / full-night
E01002906,3,1397.02484,7.242815690876245,-0.0288324579826368,0.0763810899740336,0.0461187504726115,0.1159041518431862,0.8299521606530796,2,30.969,3,0.328,0.187,1723,1,3,Medium activity / continuing,C3: Medium activity / continuing
E01002908,3,391.60394,5.972801317451708,-0.3182591063818203,0.0673726878233145,0.0348781986207799,0.1064535262106918,0.7866264802544578,2,21.372,5,0.226,0.108,1417,1,5,Medium activity / continuing,C3: Medium activity / continuing
E01002909,1,1060.63597,6.967566365262376,-0.0685836347790467,0.1174515795461849,0.0685428007877198,0.1817573120686873,0.9056911064757012,2,25.005,4,0.235,0.139,2165,1,4,High activity / full-night,C1: High activity / full-night
E01002910,3,480.82431,6.177579545528883,0.1565314990001233,0.0825791233392504,0.0449662164544051,0.1404486314004485,0.8112105286409204,2,16.564,6,0.168,0.092,1414,1,6,Medium activity / continuing,C3: Medium activity / continuing
E01002911,1,2838.55507,7.951402653388974,0.1804029717133513,0.0729370947169962,0.0369714546351922,0.113908817513391,0.8104275397303442,3,12.86,7,0.056,0.031,1317,1,7,High activity / full-night,C1: High activity / full-night
E01002912,1,3241.24673,8.084021803656471,0.1665461579964324,0.0672958210743802,0.0351149849058235,0.0960684690699344,0.6950584499852279,3,14.71,6,0.116,0.06,1536,1,6,High activity / full-night,C1: High activity / full-night
E01002913,1,2704.2655,7.902955338035196,-0.2110250565264394,0.0846399327284987,0.0349196075607221,0.1275108770711701,0.7219771749844476,3,20.276,5,0.216,0.127,1736,1,5,High activity / full-night,C1: High activity / full-night
E01002914,2,1128.99427,7.029967840897069,0.2166990360367374,0.0463450624953127,0.0288919624011909,0.063799533768553,0.8453117007702728,2,8.257,9,0.067,0.036,1220,1,9,Partial-night transition,C2: Partial-night transition
E01002915,2,187.64009,5.239840913888184,-0.3156186399185803,0.1516246341600028,0.0673317732900256,0.2482332997915863,0.7242950682803203,6,7.533,9,0.159,0.067,1442,1,9,Partial-night transition,C2: Partial-night transition
E01002916,1,1540.57842,7.340562118559002,-0.2185155624859396,0.0952077402200661,0.0556211283291895,0.1474039793278454,0.7905658482541708,5,3.783,10,0.055,0.063,1477,1,10,High activity / full-night,C1: High activity / full-night
E01002918,0,90.57943,4.51720668314319,0.017271581417547,0.0565863574102862,0.0514061525889487,0.0726662951284592,0.7905306539290194,6,12.349,7,0.241,0.075,1775,1,7,Low activity / early-stop,C0: Low activity / early-stop
E01002919,1,2868.07531,7.961745065201159,-0.2407400975813288,0.0694096069604253,0.0346021178920856,0.1045618735620587,0.807295571575958,6,19.961,5,0.338,0.124,2130,1,5,High activity / full-night,C1: High activity / full-night
E01002920,0,268.59141,5.596907516512743,-0.241297404112812,0.0201771530965938,0.0101718070581631,0.0272651587895487,0.7514899077110833,7,3.128,10,0.058,0.048,1570,1,10,Low activity / early-stop,C0: Low activity / early-stop
E01002921,1,828.6993,6.721063345991445,-0.3750939333483207,0.0727427065523043,0.0251040636814825,0.1118777324118807,0.7561667349244632,3,14.903,6,0.218,0.095,1680,1,6,High activity / full-night,C1: High activity / full-night
E01002922,0,211.41935,5.358562386913191,-0.3674817371257645,0.0107142510843969,0.0076947545245976,0.0134275013033603,0.760132889533772,6,6.862,9,0.141,0.069,1630,1,9,Low activity / early-stop,C0: Low activity / early-stop
E01002926,0,423.98989,6.052065380406178,-0.2537079598761187,0.0263673739956393,0.0066899708386914,0.037642968022855,0.857120803403945,6,4.311,10,0.076,0.047,1648,1,10,Low activity / early-stop,C0: Low activity / early-stop
E01002928,3,631.65996,6.449933089813332,-0.1752224092215692,0.1024337841518401,0.0644840303001,0.1575447805974005,0.8769607675369805,5,17.117,6,0.242,0.124,1895,1,6,Medium activity / continuing,C3: Medium activity / continuing
E01002929,3,152.52561,5.033867393501821,0.247824283410504,0.0363199334197057,0.0129313365801323,0.0616665343848936,0.9087772684248212,6,6.603,9,0.078,0.07,1704,1,9,Medium activity / continuing,C3: Medium activity / continuing
E01002930,1,1981.78954,7.5922599907643376,0.2867656572655035,0.0701804239011171,0.0264611902230546,0.1099371597974373,0.7172335855448737,2,13.662,7,0.191,0.087,1885,1,7,High activity / full-night,C1: High activity / full-night
E01002931,1,2916.17295,7.978370258476932,-0.139555333986621,0.0936814601479655,0.0456002858129522,0.1543336465223086,0.8791261387555642,5,9.256,8,0.128,0.067,1982,1,8,High activity / full-night,C1: High activity / full-night
E01002932,1,570.44057,6.34816048832627,-0.0203322319799239,0.1452661405201246,0.0706326865916987,0.2368709391726912,0.9469057594624306,5,25.254,4,0.326,0.167,2080,1,4,High activity / full-night,C1: High activity / full-night
E01002935,1,1253.55494,7.134536159187907,-0.2334939384467664,0.084112005493752,0.0357839202484416,0.1368262840647766,0.860667236323636,3,9.525,8,0.136,0.064,1948,1,8,High activity / full-night,C1: High activity / full-night
E01002938,2,286.90572,5.662633065430489,-0.130752987427368,0.0509775127522727,0.0117257334569697,0.0747725368360726,0.8108721910017386,5,7.478,9,0.093,0.056,1967,1,9,Partial-night transition,C2: Partial-night transition
E01002940,3,709.06303,6.565353740743013,-0.2635830696179435,0.1055960709162907,0.0542358836562103,0.1687980478887492,0.7205818245941935,6,14.712,6,0.198,0.124,1682,1,6,Medium activity / continuing,C3: Medium activity / continuing
E01002941,3,1352.22826,7.210248320519408,-0.3104250017670832,0.0762936503042762,0.0431324516173031,0.1156614964476442,0.7830254835492187,7,9.737,8,0.119,0.077,1609,1,8,Medium activity / continuing,C3: Medium activity / continuing
E01002946,3,413.74875,6.027672915202238,-0.2349043229737854,0.1332857924042066,0.085602748044556,0.2116593832846719,0.9439075050473226,7,7.428,9,0.127,0.067,1485,1,9,Medium activity / continuing,C3: Medium activity / continuing
E01002947,3,326.94158,5.79283548276462,-0.2619512024135933,0.1593030473517623,0.0853405063987272,0.2794856301746745,0.779945827085142,5,4.76,10,0.092,0.049,1679,1,10,Medium activity / continuing,C3: Medium activity / continuing
E01002948,3,683.2048,6.528257288011442,-0.0874274887998444,0.1067748206687072,0.0833276054266597,0.1712846529178084,0.832204659204865,7,14.28,6,0.2,0.11,2202,1,6,Medium activity / continuing,C3: Medium activity / continuing
E01002949,3,469.60543,6.154020014688233,-0.2511961371485844,0.1253772981287716,0.0742271016755492,0.2049604030514588,0.8398742655528186,6,11.145,7,0.162,0.088,1816,1,7,Medium activity / continuing,C3: Medium activity / continuing
E01002950,3,167.80518,5.128745268894805,-0.4577392664517269,0.1496910286082944,0.0879028287446192,0.2519989726992828,0.6945343837318267,7,18.979,5,0.265,0.132,1634,1,5,Medium activity / continuing,C3: Medium activity / continuing
E01002951,3,290.68576,5.675677058404048,-0.2533995473324871,0.1140407772296792,0.0606612790389181,0.181632584516469,0.765007237048816,3,5.49,9,0.124,0.043,1510,1,9,Medium activity / continuing,C3: Medium activity / continuing
E01002952,3,380.18296,5.943279469836543,0.028633266467282,0.0495204466817765,0.0220134274297827,0.0713092391504022,0.6966516676664392,7,2.76,10,0.038,0.028,1370,1,10,Medium activity / continuing,C3: Medium activity / continuing
E01002953,3,493.49112,6.203529193368667,-0.0898929245170612,0.0595642328883243,0.0355128578605426,0.092728766649314,0.6679946938241483,7,4.928,10,0.067,0.052,1395,1,10,Medium activity / continuing,C3: Medium activity / continuing
E01002954,1,3648.63375,8.202382099076141,-0.110053433014481,0.0887482115737157,0.0492782318861135,0.1331074340251719,0.7888400413399937,3,14.922,6,0.264,0.089,1388,1,6,High activity / full-night,C1: High activity / full-night
E01002955,3,804.69034,6.691699475136992,-0.2023140479106534,0.0913430873297174,0.0435674672073235,0.138975569247943,0.8137431690902285,7,16.049,6,0.206,0.091,1494,1,6,Medium activity / continuing,C3: Medium activity / continuing
E01002956,1,797.71879,6.683008931375928,-0.1897334648466786,0.1156923857842185,0.0422556550285094,0.187026981173034,0.7232391345356851,7,7.509,9,0.108,0.065,1426,1,9,High activity / full-night,C1: High activity / full-night
E01002957,3,538.0702,6.289845803615735,-0.472329930183831,0.1254890532870989,0.0499648744717696,0.2071366612752948,0.8496616403262806,6,21.662,4,0.318,0.141,1668,1,4,Medium activity / continuing,C3: Medium activity / continuing
E01002959,3,180.57484,5.201667910313267,-0.2457757680970394,0.0626097190505609,0.0281542544908249,0.1011874720477276,0.8039980981794633,7,1.127,10,0.027,0.033,1375,1,10,Medium activity / continuing,C3: Medium activity / continuing
E01002960,3,500.63783,6.217878405135154,-0.3153872930457532,0.0930398328068815,0.0491536965954011,0.1464209735250768,0.789703175835705,5,5.234,10,0.08,0.047,1614,1,10,Medium activity / continuing,C3: Medium activity / continuing
E01002961,3,332.07518,5.808368230264954,-0.3114871758858942,0.0708673258868669,0.0314173133927082,0.1072930944108271,0.6744069915434963,5,4.222,10,0.085,0.056,1767,1,10,Medium activity / continuing,C3: Medium activity / continuing
E01002964,1,3826.71502,8.250023303615592,-0.854226819325574,0.2089886562809686,0.1209845670713154,0.3768630709688073,0.9627730926860416,2,17.367,6,0.219,0.109,2603,1,6,High activity / full-night,C1: High activity / full-night
E01002965,1,1872.84261,7.535746473145402,0.0302818452000085,0.0719450845898898,0.0375021369254301,0.1101524572311311,0.5230836966122846,5,11.204,7,0.163,0.075,2547,1,7,High activity / full-night,C1: High activity / full-night
E01002966,0,365.55212,5.904140721311308,-0.235335032388815,0.0184428420220897,0.0065095505396056,0.0273739017918203,0.7587972214954418,6,9.344,8,0.125,0.067,2113,1,8,Low activity / early-stop,C0: Low activity / early-stop
E01002967,3,554.62845,6.320099815472739,-0.0425628184057273,0.0728970178143584,0.0371852002903926,0.1120138884636923,0.5154360887540088,5,4.977,10,0.082,0.05,1883,1,10,Medium activity / continuing,C3: Medium activity / continuing
E01002968,1,26797.58496,10.19610436510498,0.2334691476615808,0.1006999367304179,0.0543730956418245,0.1561681500239113,0.8785838952090288,2,12.881,7,0.158,0.069,3156,1,7,High activity / full-night,C1: High activity / full-night
E01002969,3,656.36874,6.488245109141216,-0.4342534959845893,0.1185958673168987,0.0557791493848412,0.1950978258352357,0.8768154051921168,2,33.439,3,0.435,0.198,1859,1,3,Medium activity / continuing,C3: Medium activity / continuing
E01002970,3,523.13797,6.261754951189996,-0.1688107441331395,0.113852278778388,0.071917719908574,0.1814557632562472,0.7171649778439004,5,21.416,5,0.307,0.127,1765,1,5,Medium activity / continuing,C3: Medium activity / continuing
E01002971,3,563.61999,6.336152920789508,0.3864452536539735,0.0833185139512173,0.0401282076599163,0.1325733961047175,0.6489995496309836,5,13.521,7,0.18,0.094,1807,1,7,Medium activity / continuing,C3: Medium activity / continuing
E01002972,3,687.82911,6.534993214125274,0.0609075268710276,0.1192930464952261,0.0699808852230752,0.2006476273869097,0.8478587412896013,2,17.873,5,0.221,0.109,2096,1,5,Medium activity / continuing,C3: Medium activity / continuing
E01002973,1,949.24398,6.856718772674337,-0.4577439827429825,0.1080589102076791,0.0599000480361223,0.170368046430394,0.8048055554539899,4,24.839,4,0.395,0.15,1640,1,4,High activity / full-night,C1: High activity / full-night
E01002974,3,1587.97257,7.370842903958517,-0.1970731962958277,0.0614231138765828,0.0316714979528897,0.08863651667581,0.7977131056201936,3,16.724,6,0.208,0.131,2073,1,6,Medium activity / continuing,C3: Medium activity / continuing
E01002975,0,703.67733,6.55774001009791,-0.3569416539253865,0.0245085059085248,0.0095345689195358,0.0327991467620929,0.6670349487892812,7,12.14,7,0.215,0.092,1474,1,7,Low activity / early-stop,C0: Low activity / early-stop
E01002978,1,2029.51931,7.616046857054046,-0.1834916219644148,0.0774041366475098,0.0370301822848879,0.1175405943029263,0.7729927206458951,5,6.638,9,0.117,0.057,1865,1,9,High activity / full-night,C1: High activity / full-night
E01002981,0,117.99221,4.779058028783913,-0.1949263430187467,0.1171950249935991,0.0917650410988996,0.1927846529580686,0.676442418614223,5,9.546,8,0.161,0.077,1601,1,8,Low activity / early-stop,C0: Low activity / early-stop
E01002982,3,708.22091,6.564167057690961,-0.1700617255144302,0.0951194451460067,0.0580931449764735,0.1446206590802497,0.757926210898513,6,9.942,8,0.162,0.078,1479,1,8,Medium activity / continuing,C3: Medium activity / continuing
E01002983,3,230.40693,5.4441777624528855,-0.224764376661761,0.1359160507889237,0.0808188798835174,0.2129415940564571,0.6797806124659121,7,3.56,10,0.079,0.042,1784,1,10,Medium activity / continuing,C3: Medium activity / continuing
E01002984,1,5030.55597,8.523484553230826,-0.0413536259690994,0.0817208520194637,0.0460492182934603,0.1286978924380591,0.8734442773468741,5,14.771,6,0.227,0.116,1365,1,6,High activity / full-night,C1: High activity / full-night
E01002987,1,7326.63688,8.899408352724459,0.1904064228716082,0.0718802512838605,0.0300684438997337,0.1116324014475739,0.8207388653293275,2,18.465,5,0.21,0.125,1892,1,5,High activity / full-night,C1: High activity / full-night
E01002988,0,225.19674,5.421405151553409,0.1294058697297305,0.0199093468226937,0.0,0.0270806806193007,0.5840260385668544,5,11.367,7,0.109,0.069,1469,1,7,Low activity / early-stop,C0: Low activity / early-stop
E01002990,3,684.2585,6.529796139337996,-0.1684619482257071,0.0656710731397563,0.0220391124114643,0.1008485228188236,0.9406649837466377,6,5.93,9,0.097,0.049,1742,1,9,Medium activity / continuing,C3: Medium activity / continuing
E01002991,0,105.31877,4.666441845489312,-0.1507105523545328,0.0132098010639508,0.0041126572215,0.0180062647367694,0.6290247436402103,6,6.612,9,0.084,0.062,1545,1,9,Low activity / early-stop,C0: Low activity / early-stop
E01002993,3,820.42907,6.711045591692421,0.248120742479298,0.1153910355711798,0.0654498870938349,0.1854014077636116,0.482034751307434,5,8.284,9,0.147,0.082,1564,1,9,Medium activity / continuing,C3: Medium activity / continuing
E01002994,3,605.66909,6.407983485900248,-0.4386667808984606,0.0589100890058629,0.0228164854838472,0.0850847576536832,0.7255789663809185,5,5.731,9,0.098,0.052,1610,1,9,Medium activity / continuing,C3: Medium activity / continuing
E01002995,3,672.13657,6.511948236249469,-0.2706738751024959,0.0712506239617344,0.0242365030071195,0.1020570580918718,0.5844532744173208,5,3.757,10,0.054,0.047,1612,1,10,Medium activity / continuing,C3: Medium activity / continuing
E01002996,3,1363.26691,7.2183725010784,-0.2773912043387013,0.0863087038472898,0.0467560604107965,0.1297577428241542,0.6785856500960632,5,6.245,9,0.097,0.061,1592,1,9,Medium activity / continuing,C3: Medium activity / continuing
E01002997,3,350.45802,5.862090273108311,-0.2867610791158382,0.0855051055758404,0.0306249233503059,0.128857141972547,0.6024089813842002,4,5.191,10,0.063,0.056,1488,1,10,Medium activity / continuing,C3: Medium activity / continuing
E01002998,0,275.51255,5.622256208720776,-0.527178562283279,0.0454139021979216,0.0142935049601188,0.0698721331196457,0.6534488013470663,5,14.222,6,0.241,0.11,1612,1,6,Low activity / early-stop,C0: Low activity / early-stop
E01002999,1,943.09416,6.850225906933935,-0.1752252606462964,0.0814613357376743,0.0419188472124564,0.1270311989378983,0.8081839389860677,5,11.666,7,0.182,0.089,1557,1,7,High activity / full-night,C1: High activity / full-night
E01003000,0,397.13751,5.986797448124752,0.008028126076532,0.0572561881651521,0.0457347884363781,0.0843248550534324,0.584486281957169,6,16.027,6,0.242,0.134,1981,1,6,Low activity / early-stop,C0: Low activity / early-stop
E01003001,3,706.80875,6.562173930084174,0.2670565835524814,0.0754183362896964,0.061290879604985,0.1162311645324213,0.7755433047004957,6,9.655,8,0.177,0.07,1907,1,8,Medium activity / continuing,C3: Medium activity / continuing
E01003002,3,1150.4568,7.048783202273878,-0.3033511036659524,0.1150597571329927,0.0589404921592883,0.1802693710687575,0.6856737773899381,5,18.33,5,0.262,0.128,1901,1,5,Medium activity / continuing,C3: Medium activity / continuing
E01003005,0,206.39508,5.334625573238254,-0.0876423023261988,0.0651929299865093,0.0310577170734883,0.0800993754921568,0.7748630786651273,5,6.721,9,0.12,0.061,1495,1,9,Low activity / early-stop,C0: Low activity / early-stop
E01003006,3,830.11968,6.722773803739582,-0.3133273987673681,0.0415568993617884,0.0214808423768486,0.0559014533920911,0.7238708514695655,5,4.738,10,0.088,0.07,1549,1,10,Medium activity / continuing,C3: Medium activity / continuing
E01003008,2,213.34472,5.367585560130381,-0.2385102382660325,0.0457747911455226,0.0210210030039646,0.0665373956500484,0.603331362268102,7,2.722,10,0.056,0.04,1481,1,10,Partial-night transition,C2: Partial-night transition
E01003009,2,397.97603,5.988901339897307,-0.3721458048616647,0.0312918845891296,0.0149968831037386,0.0428350221748808,0.6752370725880763,6,8.707,8,0.158,0.087,2085,1,8,Partial-night transition,C2: Partial-night transition
E01003010,3,570.87241,6.348915907057782,-0.3376953004262371,0.0669345186956924,0.0346319766968594,0.0969667586653525,0.5257294080933657,5,4.291,10,0.048,0.04,1386,1,10,Medium activity / continuing,C3: Medium activity / continuing
E01003011,3,304.65181,5.722446578263188,-0.3179001299877391,0.0381065846941792,0.0090198052655587,0.0574370854524849,0.907001472989935,5,6.937,9,0.079,0.052,1687,1,9,Medium activity / continuing,C3: Medium activity / continuing
E01003013,1,14853.96661,9.606089540166144,0.1907471172105994,0.1500581776250539,0.0757480880051608,0.2606766242689088,0.9105090565786216,1,11.626,7,0.051,0.02,2179,1,7,High activity / full-night,C1: High activity / full-night
E01003014,1,4761.60539,8.468550148323969,0.0360081014609234,0.1649704386780358,0.0941390483431051,0.303966884748113,0.8037777997799768,2,30.337,3,0.276,0.164,1588,1,3,High activity / full-night,C1: High activity / full-night
E01003016,3,581.77022,6.3677929748686175,-0.0880900022692808,0.1580112849365167,0.0807820826579951,0.2627453469844522,1.197891075149856,1,16.838,6,0.151,0.091,1324,1,6,Medium activity / continuing,C3: Medium activity / continuing
E01003018,1,4211.13571,8.345725092582871,-0.1434524250941321,0.1382962507280488,0.0626710579222819,0.2489744415065892,0.7901250771338811,2,19.441,5,0.153,0.078,2012,1,5,High activity / full-night,C1: High activity / full-night
E01003019,1,1314.00033,7.181592195562404,-0.2998516674649541,0.0687907818105342,0.0372640241269954,0.1047150187782688,0.6978747355537209,4,13.187,7,0.155,0.071,2025,1,7,High activity / full-night,C1: High activity / full-night
E01003020,1,9164.99292,9.123255492648958,-0.0574943924779375,0.242682281308298,0.1916043324122938,0.4779095824462036,0.8909049316427746,2,22.019,4,0.269,0.113,1752,1,4,High activity / full-night,C1: High activity / full-night
E01003023,1,3837.6749,8.252882507903616,-0.2910227335827742,0.1983391167396696,0.1344724901007117,0.3884323092952245,0.7453962840094029,2,18.598,5,0.221,0.094,2552,1,5,High activity / full-night,C1: High activity / full-night
E01003024,1,6164.65343,8.726749400249513,-0.2477493515803369,0.1472115424337812,0.0811556603596449,0.2629245936247856,0.7944862080814766,4,27.257,3,0.331,0.15,1781,1,3,High activity / full-night,C1: High activity / full-night
E01003026,3,390.2203,5.969270828429881,0.1921250637140097,0.063186230957231,0.0176898792810112,0.1013920368727175,0.7985697042077328,5,13.323,7,0.101,0.049,1589,1,7,Medium activity / continuing,C3: Medium activity / continuing
E01003030,3,825.79307,6.717554446059859,0.0414943782465987,0.093384084707807,0.0444631728382026,0.1549242007607798,0.7657583795655283,2,19.981,5,0.158,0.072,1735,1,5,Medium activity / continuing,C3: Medium activity / continuing
E01003031,0,244.47579,5.503198327300506,-0.1608724119472116,0.0654796943288331,0.0358990147858812,0.0951683974479398,0.6832757108924226,2,21.893,4,0.261,0.118,1580,1,4,Low activity / early-stop,C0: Low activity / early-stop
E01003032,1,16943.78761,9.73771554988175,0.115011549651973,0.1313269725292549,0.0659090438162072,0.2346079933541676,0.8486214595753634,2,25.653,4,0.317,0.158,1706,1,4,High activity / full-night,C1: High activity / full-night
E01003034,3,1276.00684,7.152274212322031,-0.2306798919667233,0.1052030332376588,0.0547640481300241,0.1751289611427443,0.7409251899616771,2,24.129,4,0.286,0.126,1645,1,4,Medium activity / continuing,C3: Medium activity / continuing
E01003035,3,413.72242,6.027609428969176,0.26854048663836,0.1538046934947349,0.0720854576844058,0.2875908273854385,0.7824871226609362,2,25.532,4,0.205,0.097,1663,1,4,Medium activity / continuing,C3: Medium activity / continuing
E01003037,1,3213.26675,8.075354539119793,-0.2203507287404632,0.1073289729214046,0.0557999612077024,0.1774240335720346,0.7956929121908621,4,37.223,2,0.34,0.195,1457,1,2,High activity / full-night,C1: High activity / full-night
E01003039,3,885.22376,6.786969469509566,-0.2545818471930758,0.0718793178348489,0.0182133385122875,0.1129203395400233,0.9173258794965908,1,9.884,8,0.08,0.051,2004,1,8,Medium activity / continuing,C3: Medium activity / continuing
E01003040,3,491.82401,6.200152132623361,0.0950998508592535,0.0752072677379048,0.0421512971682696,0.1077874087137912,0.8510119459006288,4,17.132,6,0.15,0.079,1204,1,6,Medium activity / continuing,C3: Medium activity / continuing
E01003041,1,1534.7385,7.336766651818051,0.1985941709287934,0.147762397307424,0.0823689117071084,0.2454680528034521,0.7871560214872086,2,34.042,2,0.305,0.142,1532,1,2,High activity / full-night,C1: High activity / full-night
E01003042,1,1437.49983,7.271356064812937,-0.3708934769056634,0.1072563535537948,0.0509917486390241,0.1757343813196167,0.7534446013258316,2,23.055,4,0.267,0.135,1100,1,4,High activity / full-night,C1: High activity / full-night
E01003043,0,82.06331,4.419603088118919,-0.1225330784244505,0.0183370619586268,0.0040763649431152,0.0258646871907749,0.7691275448027566,3,19.116,5,0.21,0.11,1602,1,5,Low activity / early-stop,C0: Low activity / early-stop
E01003044,0,187.9938,5.241714210288768,-0.1655149265560885,0.0155047666465596,0.0,0.0213543952668673,0.8942122856105428,3,35.321,2,0.444,0.238,1438,1,2,Low activity / early-stop,C0: Low activity / early-stop
E01003046,0,173.47895,5.1618041039935605,-0.427629807535727,0.0060824670658889,0.0,0.0084806266009475,0.8352217275786377,3,35.555,2,0.436,0.206,1548,1,2,Low activity / early-stop,C0: Low activity / early-stop
E01003047,1,56297.0055,10.938414387212513,0.2108649846393695,0.1378817939082035,0.0716148906001758,0.2502252658764297,0.8201903946569514,2,35.761,2,0.333,0.151,1812,1,2,High activity / full-night,C1: High activity / full-night
E01003048,0,128.52339,4.863861482590786,-0.2005721293221412,0.0242613426240935,0.0,0.0345806997962964,0.8699598914634947,3,37.083,2,0.441,0.23,1863,1,2,Low activity / early-stop,C0: Low activity / early-stop
E01003051,1,1949.36884,7.575773782389378,0.0209957700975665,0.1495768497048511,0.0910996658795469,0.2611693759700683,0.8255430267577248,3,27.54,3,0.268,0.151,2072,1,3,High activity / full-night,C1: High activity / full-night
E01003052,0,191.99636,5.262671328623405,0.1434081354459012,0.0145231920021817,3.197977294986217e-05,0.0192971702627865,0.7617506701863167,2,31.555,3,0.357,0.178,2161,1,3,Low activity / early-stop,C0: Low activity / early-stop
E01003053,3,745.8116,6.615812944487479,0.0237789811796974,0.1089704424012713,0.0666891343604738,0.1821412411954558,0.8417904034368874,1,16.367,6,0.148,0.074,1660,1,6,Medium activity / continuing,C3: Medium activity / continuing
E01003054,1,1281.00853,7.156183291124626,0.0034750354082341,0.1797277883856089,0.0756755928861769,0.3340921260737292,0.8885267073150004,2,13.139,7,0.095,0.048,2195,1,7,High activity / full-night,C1: High activity / full-night
E01003057,1,3718.36933,8.221309397948282,-0.1502019515635365,0.1155212196202145,0.0614827763760626,0.1916558475657711,0.8735120326726574,2,31.303,3,0.345,0.182,1752,1,3,High activity / full-night,C1: High activity / full-night
E01003060,1,1197.46076,7.088793312412285,-0.0625979092625966,0.2084878255217314,0.1420534648667736,0.3949123194675902,0.7953567505594231,1,26.577,4,0.404,0.148,1700,1,4,High activity / full-night,C1: High activity / full-night
E01003061,1,10297.21147,9.239725515450596,0.0452955221283806,0.171553588575568,0.0866326356993812,0.3249421232735415,0.831326012393037,2,28.378,3,0.3,0.121,1297,1,3,High activity / full-night,C1: High activity / full-night
E01003062,3,1879.48143,7.539283102828397,0.9397238950107636,0.1151252449458891,0.0748408777840385,0.1987145073947343,0.949156696583406,3,24.518,4,0.279,0.135,1740,1,4,Medium activity / continuing,C3: Medium activity / continuing
E01003064,3,202.54804,5.315902045818865,0.1591724116412087,0.0928600938325544,0.0683975515141988,0.1409847373092875,0.753597218256018,6,12.835,7,0.135,0.078,1401,1,7,Medium activity / continuing,C3: Medium activity / continuing
E01003067,3,805.07249,6.692173676427712,-0.3791465163590424,0.1049567474352526,0.0581109410408496,0.1727356911874425,0.7153333818215237,5,16.265,6,0.19,0.118,1505,1,6,Medium activity / continuing,C3: Medium activity / continuing
E01003068,0,243.49159,5.499180911595329,-0.160020270104606,0.1108733981325597,0.0875892674568349,0.1770758053363449,0.796455246469713,4,23.529,4,0.297,0.159,1536,1,4,Low activity / early-stop,C0: Low activity / early-stop
E01003069,1,998.07056,6.906825406784959,-0.2842784582284443,0.1253217808568564,0.0624399341064623,0.1994024207566156,0.7495627277833751,4,27.938,3,0.337,0.183,1269,1,3,High activity / full-night,C1: High activity / full-night
E01003072,1,994.25095,6.902994916414007,-0.2250938055427556,0.1028746615731169,0.0594377908313791,0.1623409801435062,0.7393385821157473,3,13.009,7,0.129,0.086,1807,1,7,High activity / full-night,C1: High activity / full-night
E01003074,1,7813.30054,8.963710736610729,0.0061751547573261,0.0781887688656604,0.0371010994029931,0.1261516794456175,0.8294824836351646,4,20.32,5,0.184,0.107,2278,1,5,High activity / full-night,C1: High activity / full-night
E01003076,1,9022.64035,9.107603118112054,0.1024661023976202,0.1080556679841505,0.0641939473958972,0.1668332031308221,0.7394227610398987,2,18.144,5,0.178,0.097,2638,1,5,High activity / full-night,C1: High activity / full-night
E01003077,1,3061.1727,8.026879975672218,-0.1520905762683692,0.1541492872976425,0.0886214913650575,0.2911904647508218,0.8256976331642928,3,24.218,4,0.225,0.111,1843,1,4,High activity / full-night,C1: High activity / full-night
E01003078,2,124.16329,4.829619204808669,-0.0779868993484306,0.06765534321779,0.0228579638957698,0.1090724831317189,0.8548584179915543,3,11.647,7,0.129,0.069,1619,1,7,Partial-night transition,C2: Partial-night transition
E01003079,3,598.73858,6.396493860271322,-0.7988274949644968,0.1116724597903813,0.0235675810301049,0.1913194054084508,0.5992839306905657,4,28.62,3,0.296,0.168,1672,1,3,Medium activity / continuing,C3: Medium activity / continuing
E01003081,1,6078.10059,8.712612034741282,-0.1593803254249861,0.1685524342399868,0.1131364592964066,0.3031622311396552,0.719105418480895,4,29.978,3,0.345,0.172,1862,1,3,High activity / full-night,C1: High activity / full-night
E01003082,3,353.82535,5.871625696586582,-0.0084488858698224,0.1446784691939116,0.1126083249829329,0.237092534844202,0.7344994714501804,3,34.426,2,0.391,0.228,1420,1,2,Medium activity / continuing,C3: Medium activity / continuing
E01003083,3,714.37125,6.572801638709586,-0.4802280186947613,0.1356636202814713,0.0763872006327242,0.2422082832201377,0.7445329547087799,4,15.522,6,0.172,0.11,1519,1,6,Medium activity / continuing,C3: Medium activity / continuing
E01003084,3,289.01367,5.669928059800597,0.4432284811995224,0.0982805415397825,0.0330721726761229,0.1919979721680058,1.0520540759469523,2,18.511,5,0.211,0.105,1512,1,5,Medium activity / continuing,C3: Medium activity / continuing
E01003086,3,343.10087,5.840934841135025,-0.3105077815745555,0.1362156849092221,0.0779274619735006,0.223001404264517,0.8039372801297868,3,33.753,2,0.402,0.232,1478,1,2,Medium activity / continuing,C3: Medium activity / continuing
E01003087,1,2878.5227,7.965379830228729,-0.2575865738352524,0.1159819653324255,0.064211051731501,0.1832787427848451,0.7725231505877476,4,46.461,1,0.511,0.257,1553,1,1,High activity / full-night,C1: High activity / full-night
E01003089,1,4063.1861,8.309968780532715,-0.2395392276026933,0.1448338337247215,0.0928131054592847,0.261578167945577,0.7982184759639995,4,26.585,4,0.343,0.147,1903,1,4,High activity / full-night,C1: High activity / full-night
E01003090,1,2227.05211,7.708882989463071,-0.0230642066116719,0.1386283682423578,0.0766290556173829,0.2391420634419117,0.9630218418334732,2,17.574,5,0.19,0.085,2369,1,5,High activity / full-night,C1: High activity / full-night
E01003091,3,384.28985,5.953995908175861,-0.1149298895091816,0.1728360767269809,0.088535697729201,0.3147893105054291,0.8599046420861509,2,23.622,4,0.29,0.095,1691,1,4,Medium activity / continuing,C3: Medium activity / continuing
E01003096,1,1904.17915,7.55233132513388,-0.0032239561072812,0.1213447379675384,0.0771446951301824,0.2024272917424378,0.866312362488289,1,21.777,4,0.163,0.081,2141,1,4,High activity / full-night,C1: High activity / full-night
E01003097,1,661.0788,6.495384582085744,-0.2286633605555041,0.1501359595860584,0.0956514261234817,0.261221577506536,0.7387879164927856,2,27.736,3,0.328,0.174,1575,1,3,High activity / full-night,C1: High activity / full-night
E01003099,1,8030.94873,8.991182458694006,-0.0345935728567401,0.1439312027584068,0.0763378139509054,0.2592981375988143,0.8666906333988683,4,27.882,3,0.296,0.123,1676,1,3,High activity / full-night,C1: High activity / full-night
E01003100,1,1066.30453,6.972891618265826,-0.1343321030437711,0.1315914975996585,0.0759861444084833,0.224173490061527,0.7775444628633073,2,16.824,6,0.098,0.056,2034,1,6,High activity / full-night,C1: High activity / full-night
E01003101,1,2578.80593,7.855469454156195,-0.17097924464599,0.1619403132053446,0.0898964700302205,0.2998707220043717,0.7171817764197599,2,32.435,3,0.385,0.154,1421,1,3,High activity / full-night,C1: High activity / full-night
E01003102,1,23398.83395,10.06048420516677,0.0249783297427947,0.1376222189909595,0.0757467168572303,0.2495156728102856,0.8575345349048689,2,25.399,4,0.223,0.135,1749,1,4,High activity / full-night,C1: High activity / full-night
E01003104,1,1149.01167,7.047527369131894,-0.205526432990885,0.1982394573938487,0.127463083120818,0.3977803148214039,0.9098364974372894,2,19.436,5,0.228,0.104,1712,1,5,High activity / full-night,C1: High activity / full-night
E01003105,2,108.8952,4.699527184386595,-0.1055319242721442,0.1390945606417913,0.1112032486280387,0.2366996846760827,0.8150472918613462,2,29.713,3,0.356,0.178,1739,1,3,Partial-night transition,C2: Partial-night transition
E01003106,1,1966.03943,7.584284863943102,-0.2018856712349863,0.1321289929571758,0.0718044601984406,0.2240865911986235,0.7939213347672099,2,25.541,4,0.303,0.154,2076,1,4,High activity / full-night,C1: High activity / full-night
E01003107,0,187.56071,5.239420024000506,-0.3696123244575051,0.022028973978612,0.0053069750055861,0.0325028876238209,0.716708715483254,2,18.768,5,0.192,0.098,1802,1,5,Low activity / early-stop,C0: Low activity / early-stop
E01003108,1,2327.07442,7.752796775694335,-0.107458187778971,0.1699164137604159,0.0983322398430214,0.3175593765784028,0.8390452711146216,2,32.973,3,0.362,0.19,1551,1,3,High activity / full-night,C1: High activity / full-night
E01003110,3,1068.63658,6.97507422490376,-0.0654720054595173,0.1087509095000285,0.0654048544735386,0.1777782781705844,0.7973020803735014,1,17.035,6,0.193,0.096,2109,1,6,Medium activity / continuing,C3: Medium activity / continuing
E01003112,0,353.49757,5.870701491223723,0.0537528730395515,0.0634373243357797,0.036292922749087,0.0935073142513409,0.7178295957019104,1,28.076,3,0.348,0.181,1758,1,3,Low activity / early-stop,C0: Low activity / early-stop
E01003115,1,939.33094,6.846231877133909,-0.0964924672874077,0.1744443443968746,0.1235242927269062,0.2957828681396371,0.8308957853521275,4,22.531,4,0.255,0.106,1622,1,4,High activity / full-night,C1: High activity / full-night
E01003117,1,8274.88496,9.02110113833383,-0.0949456003071733,0.1211729933221935,0.0580595539783794,0.2148507156383817,0.8266481691558257,2,23.288,4,0.222,0.118,1856,1,4,High activity / full-night,C1: High activity / full-night
E01003118,1,7540.59209,8.92818859123234,-0.0487296097725927,0.1542630507148942,0.0937887597630281,0.2695916583823553,0.8165576431272736,4,26.257,4,0.278,0.129,1927,1,4,High activity / full-night,C1: High activity / full-night
E01003119,3,1752.68362,7.469473780379588,-0.2307438349883134,0.0866355446398249,0.0492539834428303,0.1333531319368169,0.8204791879701121,4,25.656,4,0.249,0.114,2029,1,4,Medium activity / continuing,C3: Medium activity / continuing
E01003120,1,14275.37594,9.566361417970246,-0.0883462814079836,0.1487773119900056,0.0813085557170972,0.2721933602544996,0.7787959037276561,3,32.41,3,0.358,0.16,2432,1,3,High activity / full-night,C1: High activity / full-night
E01003121,1,2034.27278,7.618385133119615,-0.1489647125888397,0.092713524879392,0.0451050374866639,0.1559298338814004,0.9062564129378758,2,31.369,3,0.433,0.209,1508,1,3,High activity / full-night,C1: High activity / full-night
E01003125,1,880.11497,6.781188116854333,0.1830576634777613,0.1853989371411328,0.1372569995031444,0.3134730548125106,0.8570741510220053,2,29.042,3,0.401,0.157,1788,1,3,High activity / full-night,C1: High activity / full-night
E01003126,1,2474.7216,7.814287188064284,-0.0212196070863082,0.1587220275605951,0.0946624379889843,0.2775416993347618,0.8097829703215624,2,25.848,4,0.292,0.142,1709,1,4,High activity / full-night,C1: High activity / full-night
E01003127,1,2996.75232,8.005618060173012,-0.0883097939839086,0.1572829315437053,0.0877529678528788,0.2892278158131439,0.8703353418674342,1,17.764,5,0.18,0.096,2110,1,5,High activity / full-night,C1: High activity / full-night
E01003128,1,3226.96262,8.079606449397142,-0.2012412092954457,0.1722553513805499,0.1005166864932572,0.3232156113778084,0.8540939105511036,2,31.496,3,0.396,0.186,1612,1,3,High activity / full-night,C1: High activity / full-night
E01003131,1,7938.8115,8.979644813405214,-0.1879370608560236,0.164343303780421,0.0851782297639892,0.2998113096096611,0.7697626275709493,2,13.821,7,0.167,0.074,2161,1,7,High activity / full-night,C1: High activity / full-night
E01003134,0,136.27259,4.921968657010099,-0.1554367609803263,0.0239062749155938,0.0,0.0328134019475293,0.8124918494524278,4,19.248,5,0.203,0.124,1617,1,5,Low activity / early-stop,C0: Low activity / early-stop
E01003137,1,12544.5449,9.437120893488949,-0.2143857335151313,0.2096659528876172,0.1196477601989371,0.4171606794200755,0.7892889421545272,3,30.5,3,0.398,0.165,1593,1,3,High activity / full-night,C1: High activity / full-night
E01003139,1,1507.91449,7.319145790495566,-0.1333013319608063,0.2142851150664385,0.1414731414909342,0.4026307597298651,0.837090910774056,2,21.769,4,0.272,0.124,1529,1,4,High activity / full-night,C1: High activity / full-night
E01003141,3,1309.93225,7.178493804320026,-0.3296770882616257,0.0859607815595043,0.0360820034776607,0.1328996741465999,0.657407841007833,3,23.759,4,0.315,0.154,1812,1,4,Medium activity / continuing,C3: Medium activity / continuing
E01003144,1,1605.42733,7.381767942549898,-0.250743850237058,0.1359479036650011,0.0861169156750309,0.2341855692567366,0.7934692244081593,5,13.359,7,0.114,0.082,1566,1,7,High activity / full-night,C1: High activity / full-night
E01003145,1,1166.46534,7.062590301736207,0.0567055168565916,0.1402460959534382,0.0691270346704,0.2350391431363585,0.7188908087990962,2,28.179,3,0.298,0.136,1665,1,3,High activity / full-night,C1: High activity / full-night
E01003146,1,1265.555,7.144055895265495,0.1428859117146232,0.1813542753969602,0.1108518555100331,0.323163108150918,0.7063537218937042,3,25.809,4,0.298,0.162,1584,1,4,High activity / full-night,C1: High activity / full-night
E01003147,1,1692.17812,7.434362586285931,-0.1879610404134052,0.1431756132149965,0.0864726640006431,0.2426350514798197,0.8169616739429701,4,22.691,4,0.259,0.144,2055,1,4,High activity / full-night,C1: High activity / full-night
E01003150,1,15094.68975,9.622164535035392,-0.0750557294494906,0.1630451073033813,0.0992637559841201,0.2892763526537931,0.7748677460742869,3,30.356,3,0.388,0.148,1894,1,3,High activity / full-night,C1: High activity / full-night
E01003151,3,138.358,4.93704616168089,-0.3686861619855737,0.1963924745948914,0.1122129547984214,0.3501323153058856,0.8727618132544668,4,32.514,3,0.421,0.179,1933,1,3,Medium activity / continuing,C3: Medium activity / continuing
E01003152,3,453.97921,6.120251725599333,0.0322652440405806,0.2002059301349945,0.141307748431916,0.350229193924363,0.6884582383352195,4,13.756,7,0.159,0.081,1844,1,7,Medium activity / continuing,C3: Medium activity / continuing
E01003153,1,1023.43571,6.931897213147704,0.0955523136866116,0.1659079689529301,0.0889456651849679,0.3016286308994363,0.7684325422675461,2,14.884,6,0.183,0.08,2322,1,6,High activity / full-night,C1: High activity / full-night
E01003154,3,542.63623,6.298280328326879,-0.3238912926989781,0.1172181776362407,0.0640670085740496,0.1701801572889766,0.7307495140610435,4,24.176,4,0.333,0.173,2005,1,4,Medium activity / continuing,C3: Medium activity / continuing
E01003156,0,235.65527,5.466604525278188,-0.1211824798146886,0.0282613242640404,0.0211595098212741,0.0393413038707583,0.7547359432251205,5,15.265,6,0.168,0.106,1530,1,6,Low activity / early-stop,C0: Low activity / early-stop
E01003159,1,1255.39239,7.135999710657927,-0.3813402676433303,0.102009834550614,0.0540008610375597,0.166193160324169,0.7310153802742719,2,19.21,5,0.255,0.131,1756,1,5,High activity / full-night,C1: High activity / full-night
E01003160,2,528.62932,6.272177365628114,-0.1753809266576435,0.0676479503634039,0.0399633716873668,0.1052241796732934,0.7380211701587965,4,21.913,4,0.271,0.14,1352,1,4,Partial-night transition,C2: Partial-night transition
E01003162,1,3705.72456,8.217903897719529,-0.2682558576344918,0.1770831801918921,0.1166062568881266,0.3245345928476689,0.7642028394400506,3,27.944,3,0.331,0.16,1842,1,3,High activity / full-night,C1: High activity / full-night
E01003163,0,313.28559,5.750302094836471,-0.1268497220060457,0.0707167859204759,0.0523222596992092,0.1089741265918944,0.7446217788715874,2,11.223,7,0.15,0.072,1583,1,7,Low activity / early-stop,C0: Low activity / early-stop
E01003164,1,6032.40228,8.705066356144822,-0.1749404782732758,0.1095251276909205,0.0511431492264471,0.1860595212824106,0.753354448454191,2,26.58,4,0.268,0.133,2220,1,4,High activity / full-night,C1: High activity / full-night
E01003165,3,743.53594,6.612761124968314,-0.3561860910180078,0.1037533975829063,0.0448617184530447,0.1781909810131589,0.798824333442731,6,19.57,5,0.229,0.113,1611,1,5,Medium activity / continuing,C3: Medium activity / continuing
E01003166,1,5658.60467,8.641109322468111,-0.0740792287933413,0.1204375901382769,0.0712588303151419,0.2016008404899336,0.8005951984471827,2,22.464,4,0.236,0.111,2530,1,4,High activity / full-night,C1: High activity / full-night
E01003167,0,289.36964,5.671154732030838,0.0102340383738943,0.0220444342398877,0.0070520183112506,0.0334014278805543,0.664526366733581,5,11.844,7,0.115,0.069,1721,1,7,Low activity / early-stop,C0: Low activity / early-stop
E01003169,1,1945.32323,7.573697348644599,-0.2668930499534516,0.1451767426845563,0.0929837659934796,0.2540996164514603,0.7782629748417879,3,22.2,4,0.234,0.124,2264,1,4,High activity / full-night,C1: High activity / full-night
E01003172,1,3044.53498,8.021431856009297,-0.349558223830951,0.1295704344313363,0.0780923955749721,0.2225086345952658,0.7715588052625032,3,24.991,4,0.341,0.166,1888,1,4,High activity / full-night,C1: High activity / full-night
E01003175,0,162.91056,5.099320913204492,-0.1491510433700552,0.0809493871974904,0.0466461474320633,0.1278189695128606,0.8212586715666047,2,29.742,3,0.386,0.219,1518,1,3,Low activity / early-stop,C0: Low activity / early-stop
E01003176,1,5324.4474,8.580252005827589,0.0883471437805922,0.1293539419696399,0.0629635011513119,0.2281627657534051,0.8458664765126905,2,31.248,3,0.363,0.161,1932,1,3,High activity / full-night,C1: High activity / full-night
E01003177,1,1521.84301,7.328334268133653,-0.0009999520252749,0.116716644774023,0.0601509284456351,0.1974914713976807,0.8177853231993212,3,24.645,4,0.256,0.13,1579,1,4,High activity / full-night,C1: High activity / full-night
E01003179,3,1218.78689,7.106431442141048,-0.4017573654734667,0.1310894228604641,0.0877431246409288,0.2296461013836283,0.7623033592855394,3,32.57,3,0.457,0.182,1566,1,3,Medium activity / continuing,C3: Medium activity / continuing
E01003180,1,1665.45505,7.418453924686755,-0.374711397944964,0.0666260731564025,0.0289104830538656,0.107026121939357,0.7063958525229457,2,25.008,4,0.292,0.16,1603,1,4,High activity / full-night,C1: High activity / full-night
E01003181,1,1912.29169,7.556580435600283,-0.0654073490221567,0.1505785343866656,0.0850594607771369,0.2560836593911654,0.7893446097279239,2,27.63,3,0.333,0.169,1473,1,3,High activity / full-night,C1: High activity / full-night
E01003183,1,6762.52843,8.819299989965376,-0.104385283892995,0.1630533108161735,0.0913958360985404,0.2958664527861318,0.7903307380924105,2,33.463,3,0.374,0.208,1585,1,3,High activity / full-night,C1: High activity / full-night
E01003185,3,541.72754,6.296607426050468,0.3231504530856969,0.1682058475373062,0.1291712989153182,0.3292782032218418,0.9240678415930328,2,23.906,4,0.232,0.117,1835,1,4,Medium activity / continuing,C3: Medium activity / continuing
E01003186,1,5146.82175,8.54632894301943,-0.1255886761572809,0.1612407598922577,0.0931131974795902,0.2920094651498821,0.8116039363670196,1,17.852,5,0.207,0.106,2443,1,5,High activity / full-night,C1: High activity / full-night
E01003190,2,2191.68926,7.692884042071588,-0.1741466671237873,0.0731939070596166,0.0476275090201427,0.113876220007412,0.6972291817393081,2,39.757,2,0.466,0.227,2290,1,2,Partial-night transition,C2: Partial-night transition
E01003191,2,327.30474,5.793942262417332,-0.1804519543468878,0.0738010393616664,0.0257921715401982,0.1084824976677015,0.6966020503605329,6,31.905,3,0.376,0.204,1608,1,3,Partial-night transition,C2: Partial-night transition
E01003192,2,519.04581,6.253916903849081,-0.1372986133921396,0.0856794509139761,0.0621767469811576,0.1251628756010499,0.7358135294828846,7,44.188,2,0.478,0.268,1762,1,2,Partial-night transition,C2: Partial-night transition
E01003193,2,1464.49996,7.289951732856508,-0.0060459271026541,0.0508989839781217,0.0226887134909856,0.0725056111398659,0.6564515079298937,5,26.057,4,0.294,0.154,1843,1,4,Partial-night transition,C2: Partial-night transition
E01003194,2,372.72736,5.923526547619305,-0.1571076510186963,0.0805471591889578,0.041889707264849,0.1208663189356144,0.7089477231253004,5,36.122,2,0.42,0.219,1727,1,2,Partial-night transition,C2: Partial-night transition
E01003195,2,399.73612,5.993303155830591,-0.2576863957152533,0.0700239197798787,0.0486342340041725,0.1083142436429193,0.7875482561497985,5,18.668,5,0.243,0.126,1511,1,5,Partial-night transition,C2: Partial-night transition
E01003198,3,226.58746,5.42753460407349,-0.1312765499026292,0.1326168270741902,0.0646424122499983,0.1993029740732381,0.5373166237677864,6,16.285,6,0.202,0.111,1560,1,6,Medium activity / continuing,C3: Medium activity / continuing
E01003199,1,2601.40055,7.864189586502494,0.0455381044645354,0.1619228649736389,0.0876462296434895,0.26918854682749,0.8494134249333827,3,10.484,8,0.142,0.076,1964,1,8,High activity / full-night,C1: High activity / full-night
E01003200,1,1800.22382,7.496221612856962,0.0519900464376702,0.0846994403173712,0.0449697027117439,0.1413967083483146,0.9415725607652992,5,13.447,7,0.096,0.053,1496,1,7,High activity / full-night,C1: High activity / full-night
E01003202,1,2896.2211,7.97150731518848,0.213142615389412,0.088650465946816,0.050961647921148,0.1376704057090938,0.7505082068569198,3,9.308,8,0.111,0.058,1593,1,8,High activity / full-night,C1: High activity / full-night
E01003203,1,628.311,6.444625570119512,-0.1905707523821801,0.1533397473544152,0.1015200434179888,0.2591265440304438,0.6946027185586563,4,27.005,3,0.326,0.177,1985,1,3,High activity / full-night,C1: High activity / full-night
E01003207,3,441.44566,6.092317654647283,0.2102227938994802,0.119301138898953,0.0641273265660829,0.1933283279261451,1.2083813016070128,2,29.212,3,0.327,0.151,2356,1,3,Medium activity / continuing,C3: Medium activity / continuing
E01003209,1,736.16156,6.602807081191452,-0.3123378243221502,0.1015461877688913,0.0413745863068427,0.1773704353202026,0.840994683102876,2,26.55,4,0.301,0.148,1915,1,4,High activity / full-night,C1: High activity / full-night
E01003210,1,2139.9385700000003,7.668999595978147,-0.1123680433499546,0.1515567430517409,0.084796480863467,0.2709872699732551,0.8818556001841719,2,21.836,4,0.198,0.109,1759,1,4,High activity / full-night,C1: High activity / full-night
E01003211,3,1017.59,6.926174597005887,-0.1705326703289144,0.1622275376133806,0.0831363319215008,0.276446584269241,0.6106716842102344,4,21.944,4,0.232,0.127,1536,1,4,Medium activity / continuing,C3: Medium activity / continuing
E01003212,3,491.68143,6.199862778561561,-0.0706933552483362,0.120225895047531,0.0797939430008572,0.1979578336918628,0.8229487842080068,3,19.779,5,0.193,0.112,2031,1,5,Medium activity / continuing,C3: Medium activity / continuing
E01003213,2,149.77071,5.015760205939387,-0.2474164007101254,0.0581157023292471,0.0098278228099472,0.0862220527196901,0.974833320105161,4,19.628,5,0.18,0.096,1968,1,5,Partial-night transition,C2: Partial-night transition
E01003214,1,2041.47396,7.62191707757088,-0.0683787022196452,0.110708446166024,0.035024424215531,0.19910435621566,0.8453692708466854,3,28.029,3,0.263,0.138,1745,1,3,High activity / full-night,C1: High activity / full-night
E01003215,1,902.79147,6.806598659003896,-0.1277417585702266,0.237954253156601,0.1730308439888117,0.4606726651186181,0.8361611089259248,1,25.499,4,0.197,0.105,1909,1,4,High activity / full-night,C1: High activity / full-night
E01003217,3,1190.62201,7.083070691631952,-0.2596473670094508,0.0800764383651869,0.0426633554338542,0.1208325036251993,0.6972348408647291,5,16.36,6,0.209,0.093,1973,1,6,Medium activity / continuing,C3: Medium activity / continuing
E01003218,0,119.78893,4.794044642228751,-0.2309798576546264,0.0587777184419294,0.031001696066573,0.0847473498849921,0.7064427377219006,5,18.875,5,0.219,0.111,1492,1,5,Low activity / early-stop,C0: Low activity / early-stop
E01003219,0,121.5228,4.808297135115127,-0.2065353991185193,0.0731930962749377,0.0509157129361732,0.1126378176911161,0.6898995599862213,5,22.308,4,0.257,0.144,1751,1,4,Low activity / early-stop,C0: Low activity / early-stop
E01003220,3,888.7050399999999,6.790889992065519,-0.3632851907760082,0.0624938956124295,0.0209419876813121,0.089830405616372,0.699520788291383,5,25.686,4,0.273,0.143,1670,1,4,Medium activity / continuing,C3: Medium activity / continuing
E01003221,1,2906.276,7.974971839292506,-0.1510564034523906,0.1375434645573923,0.0955522324789524,0.2262216920377826,0.7988523901038813,4,28.383,3,0.268,0.176,2201,1,3,High activity / full-night,C1: High activity / full-night
E01003223,1,3062.7654,8.027399961349477,-0.2348895805078638,0.140620443864228,0.0707127160310743,0.2495856175425319,0.8419346938535156,5,22.039,4,0.252,0.132,1677,1,4,High activity / full-night,C1: High activity / full-night
E01003224,3,1029.07054,6.937382564315554,-0.3742627594800256,0.1503066641087597,0.0845090658216685,0.2469310062621265,0.7570611577821947,5,24.985,4,0.264,0.145,1738,1,4,Medium activity / continuing,C3: Medium activity / continuing
E01003226,3,1242.26668,7.125497613953672,0.0972787260139666,0.0813078798829249,0.0483243098816753,0.1273835690821881,0.7719902948110865,3,13.509,7,0.141,0.08,1767,1,7,Medium activity / continuing,C3: Medium activity / continuing
E01003227,3,1110.93507,7.013857082817979,-0.4267439230269326,0.1015567543474885,0.0304680902728185,0.1751033283519228,0.8089589016375244,5,10.858,8,0.123,0.084,1597,1,8,Medium activity / continuing,C3: Medium activity / continuing
E01003229,1,2436.81658,7.798858073412817,-0.1410309921643754,0.1507802774388542,0.0909055083661651,0.2579144674610698,0.7606825955891536,2,33.671,2,0.385,0.2,1689,1,2,High activity / full-night,C1: High activity / full-night
E01003231,3,1668.80411,7.42046159912949,-0.0874564900250635,0.1181451428712025,0.065508533533034,0.2014297818073816,0.8047816235033751,5,19.845,5,0.195,0.111,1557,1,5,Medium activity / continuing,C3: Medium activity / continuing
E01003232,3,862.2135,6.760662053302631,-0.0874772895576327,0.1023589169039918,0.0585282763491873,0.1642047067000827,0.826546145174494,2,11.25,7,0.119,0.072,1721,1,7,Medium activity / continuing,C3: Medium activity / continuing
E01003233,2,258.87868,5.560214906732076,-0.3802403504220587,0.0654113347611321,0.0292647505773747,0.0972906773289441,0.7498554267939124,3,14.198,6,0.164,0.087,1841,1,6,Partial-night transition,C2: Partial-night transition
E01003235,3,212.16445,5.362063933547698,-0.2383824905633343,0.1230635481109111,0.087321650728951,0.2055974953206561,0.9102354384413504,5,29.085,3,0.297,0.163,1456,1,3,Medium activity / continuing,C3: Medium activity / continuing
E01003236,3,118.52877,4.783557095533254,-0.1894227873958364,0.1712266144329347,0.0931296258283959,0.2965412906315869,0.6694131503664061,3,37.246,2,0.387,0.227,1674,1,2,Medium activity / continuing,C3: Medium activity / continuing
E01003237,1,1334.72132,7.197226739523713,-0.2954976099430254,0.1842500200716056,0.1299107217377781,0.3301436986189411,0.7649952378860089,5,33.961,2,0.373,0.191,1700,1,2,High activity / full-night,C1: High activity / full-night
E01003238,2,642.38241,6.466739275295364,-0.2218069607478822,0.0948376839895102,0.0642348223700583,0.145210055975964,0.7016170534630226,3,34.934,2,0.396,0.213,1484,1,2,Partial-night transition,C2: Partial-night transition
E01003239,3,260.38875,5.566008762773546,-0.0806430001296138,0.144314376101118,0.1100519511691653,0.2422296880697728,0.7352726275289078,5,32.034,3,0.353,0.189,1594,1,3,Medium activity / continuing,C3: Medium activity / continuing
E01003240,1,1839.39818,7.5177372293653715,-0.2926375299555858,0.1263447210761076,0.0659703164433923,0.2110808929926165,0.7532602616151021,5,32.479,3,0.376,0.181,2009,1,3,High activity / full-night,C1: High activity / full-night
E01003241,1,3126.74953,8.048069024929733,-0.2435912255498123,0.1313427206303921,0.0850805404934369,0.2130820831076066,0.7850286745453386,5,29.236,3,0.333,0.184,1601,1,3,High activity / full-night,C1: High activity / full-night
E01003243,1,2135.10994,7.6667416687930015,-0.0362985898515371,0.1596103945823042,0.1035193672509435,0.2627961051586527,0.8066001450710452,5,35.975,2,0.366,0.197,1469,1,2,High activity / full-night,C1: High activity / full-night
E01003244,3,520.50514,6.256719130576339,-0.3475576821393157,0.1184368515553948,0.0799180772739343,0.19416432899563,0.8305235237559114,3,28.313,3,0.382,0.153,1981,1,3,Medium activity / continuing,C3: Medium activity / continuing
E01003245,2,121.84899,4.810955877525171,-0.1710984227280013,0.0950065322658809,0.0599783387617738,0.1525572508923646,0.7630924740625931,3,32.227,3,0.411,0.181,1934,1,3,Partial-night transition,C2: Partial-night transition
E01003247,3,614.65206,6.422681966290296,-0.0670817893297225,0.1818701624460511,0.1189565361580338,0.3282208642095617,0.8830814812614634,2,17.943,5,0.191,0.095,2098,1,5,Medium activity / continuing,C3: Medium activity / continuing
E01003248,1,2853.96375,7.956814424986735,-0.3375916214773226,0.1571253839506546,0.0940239447680441,0.2756913337669667,0.8051761538233019,4,32.193,3,0.394,0.194,1606,1,3,High activity / full-night,C1: High activity / full-night
E01003249,3,207.47819,5.339834431450896,-0.3390224774951045,0.1133950031085194,0.0691638480169891,0.1841561606081609,0.833999974796002,3,21.787,4,0.297,0.149,2027,1,4,Medium activity / continuing,C3: Medium activity / continuing
E01003251,1,1762.72866,7.475185403873416,-0.0885808142473839,0.1784683242172961,0.1224222564123964,0.3304695482362692,0.925447186653561,4,36.585,2,0.432,0.192,1665,1,2,High activity / full-night,C1: High activity / full-night
E01003253,1,2384.90636,7.777334356288403,-0.138208311038258,0.1565703694966036,0.0839086822679277,0.2931396234776842,0.963645586834641,1,35.663,2,0.349,0.19,1439,1,2,High activity / full-night,C1: High activity / full-night
E01003254,2,163.55603,5.103251120114459,-0.451357556184263,0.0628409726012547,0.0201411100526223,0.1059051212311431,0.743219969230395,5,14.269,6,0.152,0.087,1414,1,6,Partial-night transition,C2: Partial-night transition
E01003255,1,5555.37193,8.622700643678352,-0.098612488399134,0.1263423545433077,0.0639543912589125,0.2137422297446495,0.7728697685656557,3,24.739,4,0.244,0.137,1933,1,4,High activity / full-night,C1: High activity / full-night
E01003256,1,1130.39962,7.031210747041931,-0.0411053924451955,0.1386668636707432,0.0675532958866352,0.2456832310602571,0.7564435490860894,3,32.525,3,0.356,0.21,2082,1,3,High activity / full-night,C1: High activity / full-night
E01003257,1,1296.27638,7.168022253365814,-0.2915704134021172,0.1032826888352312,0.0451292185081703,0.1644382238439257,0.8166625827680172,4,20.463,5,0.264,0.14,1700,1,5,High activity / full-night,C1: High activity / full-night
E01003258,3,601.12384,6.400463138438253,-0.3882875116049298,0.139935009065686,0.0803790114196768,0.2445627284318682,0.7292693811958978,5,26.247,4,0.418,0.179,1499,1,4,Medium activity / continuing,C3: Medium activity / continuing
E01003259,3,1014.04335,6.922686599923475,-0.2369719696894615,0.1495769386979363,0.0988754277615449,0.2558452787958287,0.7810962071218122,3,21.889,4,0.298,0.14,1783,1,4,Medium activity / continuing,C3: Medium activity / continuing
E01003260,2,125.82804,4.84283215320293,-0.247992418859898,0.0909672438671062,0.0337044111948338,0.1300545238601397,0.6890793133831766,5,14.301,6,0.154,0.106,1679,1,6,Partial-night transition,C2: Partial-night transition
E01003261,0,131.76674,4.888593753866813,-0.3039336026678659,0.0594795014280538,0.0214085891477621,0.088338191466855,0.9062664021336247,5,13.315,7,0.132,0.095,1489,1,7,Low activity / early-stop,C0: Low activity / early-stop
E01003263,3,1594.51138,7.3749495782531875,0.1776781298356114,0.098315102649189,0.0633317399089368,0.1538576180153836,0.6576301614599769,5,29.364,3,0.327,0.174,1816,1,3,Medium activity / continuing,C3: Medium activity / continuing
E01003264,3,692.68656,6.542020215834246,-0.2518534212645903,0.1200141951649819,0.0718917658803716,0.1853556823254777,0.7527315938201861,5,22.261,4,0.274,0.137,1707,1,4,Medium activity / continuing,C3: Medium activity / continuing
E01003265,1,4805.48506,8.477721339210184,0.0284422692597029,0.1114658839455428,0.066613381584418,0.1785327799860449,0.7046069839116247,5,30.195,3,0.384,0.176,1617,1,3,High activity / full-night,C1: High activity / full-night
E01003266,3,918.74263,6.824093880905756,-0.3932030779936705,0.121309403047946,0.0676948886109704,0.2039811905283515,0.7666518734327857,5,35.238,2,0.395,0.267,1745,1,2,Medium activity / continuing,C3: Medium activity / continuing
E01003268,2,801.67045,6.687944231204643,-0.2242894570954935,0.0761742933146656,0.0470996529808476,0.1125365222245362,0.810513906475848,5,22.223,4,0.259,0.133,1812,1,4,Partial-night transition,C2: Partial-night transition
E01003269,0,82.36745,4.423257945412823,-0.0558959880389645,0.0806958331234,0.0513479535908905,0.1196510436665257,0.8980968523939479,5,21.551,4,0.269,0.156,1583,1,4,Low activity / early-stop,C0: Low activity / early-stop
E01003270,2,115.578,4.758560576868941,-0.1732423125508314,0.1760720033224316,0.1350225821523127,0.3201459736197219,0.7503575448342832,5,13.656,7,0.152,0.078,1664,1,7,Partial-night transition,C2: Partial-night transition
E01003272,1,1149.57173,7.048014254337676,-0.1722045043679005,0.1252646496447855,0.0669965935922937,0.2177901865822145,0.8620500376125102,3,19.609,5,0.187,0.107,1984,1,5,High activity / full-night,C1: High activity / full-night
E01003273,2,116.99035,4.770602841460509,-0.366796321235042,0.044008245124491,0.0253841449316118,0.0655506986184742,0.9742949957292324,4,16.953,6,0.199,0.102,1483,1,6,Partial-night transition,C2: Partial-night transition
E01003274,2,1076.79068,6.982668558217622,0.0601753536722661,0.0576308479935951,0.0254255451022291,0.0879409976806929,0.8208021391095865,4,21.579,4,0.247,0.128,1513,1,4,Partial-night transition,C2: Partial-night transition
E01003276,2,517.3589,6.250667859487641,-0.0483550973995034,0.070880253533862,0.0435288926120725,0.1068817129460418,0.7797684201975276,5,15.717,6,0.159,0.109,1935,1,6,Partial-night transition,C2: Partial-night transition
E01003278,1,930.76755,6.837083373706532,-0.2136392808279575,0.1398094185814707,0.0764942546611127,0.2419673862426637,0.8167804105815794,2,23.73,4,0.25,0.143,2129,1,4,High activity / full-night,C1: High activity / full-night
E01003279,2,210.05675,5.352127054659495,-0.2119300141509378,0.0693233138187656,0.0195030152565913,0.1131740939749207,1.0826061464774903,2,15.523,6,0.188,0.11,1573,1,6,Partial-night transition,C2: Partial-night transition
E01003280,2,1760.876,7.474134429445371,-0.0636147690126959,0.0909925855085764,0.0583906021775525,0.1445380817793722,0.7623045727461223,5,25.647,4,0.317,0.181,1628,1,4,Partial-night transition,C2: Partial-night transition
E01003281,0,248.21057,5.518298201744114,-0.1160318434464737,0.0594193873371307,0.0403252770419889,0.0828491694393963,0.650958468305521,4,13.518,7,0.134,0.095,1523,1,7,Low activity / early-stop,C0: Low activity / early-stop
E01003282,1,1158.19967,7.055485106327343,-0.2646033649793735,0.156640331282429,0.084366644656357,0.2797614552702108,0.8825216294508179,3,20.156,5,0.214,0.128,2347,1,5,High activity / full-night,C1: High activity / full-night
E01003284,0,142.86648,4.968885647217345,0.0618221993010537,0.0311508339814909,0.0022885704190374,0.0520274029389618,0.9910827153298812,3,18.29,5,0.208,0.113,1902,1,5,Low activity / early-stop,C0: Low activity / early-stop
E01003285,2,288.71112,5.668884288574364,0.1220151132384509,0.0715433129143068,0.0467016303355409,0.106611383497591,0.7279971546611139,5,15.706,6,0.208,0.102,1751,1,6,Partial-night transition,C2: Partial-night transition
E01003286,1,2697.25497,7.900360535638346,-0.1279360586366813,0.1313167586822539,0.0804608768595576,0.2149212926542454,0.7413139683955534,5,28.59,3,0.35,0.194,1778,1,3,High activity / full-night,C1: High activity / full-night
E01003288,1,3713.75871,8.220069004840619,0.0638454376051803,0.1205081145403762,0.0745734932251427,0.1927080340019328,0.8245465761805858,2,28.806,3,0.371,0.154,2171,1,3,High activity / full-night,C1: High activity / full-night
E01003290,2,254.61644,5.543678039683812,-0.332432422666816,0.1091541457417282,0.0670410755880492,0.1927411952261524,0.7617979410135161,3,43.338,2,0.427,0.247,1842,1,2,Partial-night transition,C2: Partial-night transition
E01003291,1,3042.50435,8.020764877208462,0.1350710805064255,0.0806776989488938,0.0500359646157942,0.1117610167596825,0.7219844745658625,1,42.344,2,0.483,0.263,1490,1,2,High activity / full-night,C1: High activity / full-night
E01003292,2,799.5572999999999,6.685308110137361,-0.3617199667866206,0.0988960390956345,0.048019297678853,0.1588317959228143,0.673121138679626,3,23.497,4,0.257,0.141,1767,1,4,Partial-night transition,C2: Partial-night transition
E01003295,3,332.89704,5.810832681980696,-0.5769263673837411,0.2621605466963599,0.1389263779575811,0.5674437224503044,0.7113789559661836,3,27.967,3,0.314,0.188,1812,1,3,Medium activity / continuing,C3: Medium activity / continuing
E01003298,2,306.66519,5.729012146256594,-0.2755165331937413,0.100224743473493,0.0422160076270802,0.1742513337817446,0.8336672881296227,3,29.55,3,0.367,0.183,1252,1,3,Partial-night transition,C2: Partial-night transition
E01003299,1,709.41733,6.565852586087622,0.658585673400451,0.2828950485322934,0.2363243931466969,0.6144214776242194,0.9244085987522936,3,28.519,3,0.275,0.154,1792,1,3,High activity / full-night,C1: High activity / full-night
E01003301,3,491.17507,6.198834486531975,-0.2900125000236677,0.1091654957162219,0.0805901854912953,0.1620545702358713,0.8119560628401156,2,15.897,6,0.199,0.076,2689,1,6,Medium activity / continuing,C3: Medium activity / continuing
E01003302,3,616.2959099999999,6.425348503750167,0.6067250551768225,0.3307459398846246,0.2778410617717713,0.6768562900398502,0.8768747448084351,2,30.12,3,0.354,0.161,1833,1,3,Medium activity / continuing,C3: Medium activity / continuing
E01003303,1,20529.21805,9.929653130998954,-0.0077874096134899,0.2046538845155868,0.1221612539694369,0.4019121197319891,0.8634483218991251,2,38.525,2,0.4,0.175,1813,1,2,High activity / full-night,C1: High activity / full-night
E01003304,1,1354.28744,7.21176884365814,-0.371187286503964,0.1592745333294976,0.050247102638713,0.2933682377389333,0.9730606758264488,2,29.409,3,0.302,0.133,2235,1,3,High activity / full-night,C1: High activity / full-night
E01003305,1,3192.64747,8.068918950109882,-0.5144178007226085,0.1344720467994545,0.0620861344268617,0.2503112450037447,0.7708277939941316,4,27.482,3,0.318,0.155,2255,1,3,High activity / full-night,C1: High activity / full-night
E01003307,2,285.96394,5.659356563266374,-0.1171412031880662,0.1074303983921888,0.0743940302403163,0.163086670646701,0.6936368129952183,4,16.399,6,0.18,0.11,1572,1,6,Partial-night transition,C2: Partial-night transition
E01003308,1,1260.52498,7.1400765697082855,-0.2548318875838541,0.1087360839132279,0.0636213095911832,0.172359516535659,0.7766438598414814,4,22.979,4,0.235,0.143,1709,1,4,High activity / full-night,C1: High activity / full-night
E01003309,2,310.81298,5.742403585006722,-0.305678610976929,0.102085183186365,0.0487512458456529,0.1667875939012723,0.8712169580513368,5,33.106,3,0.393,0.188,1648,1,3,Partial-night transition,C2: Partial-night transition
E01003310,2,840.84859,6.735600176219707,0.1992502478954029,0.0701809585005072,0.0413071394934491,0.1114126319704944,0.7169379609964398,3,29.374,3,0.339,0.194,1520,1,3,Partial-night transition,C2: Partial-night transition
E01003311,2,154.67866,5.047794011000857,-0.3719432273333632,0.1434615479601387,0.0703717629826893,0.2241789646107334,0.6775876662534771,3,15.979,6,0.155,0.117,1605,1,6,Partial-night transition,C2: Partial-night transition
E01003313,2,409.66963,6.017789071308412,-0.2674865842508267,0.1358693101072686,0.0894464888695801,0.2236341715513814,0.8179738373898001,5,36.397,2,0.465,0.23,1475,1,2,Partial-night transition,C2: Partial-night transition
E01003318,1,22920.87033,10.03984677002991,0.0083417316728043,0.1131995523138583,0.0666404651310638,0.1848824631088505,0.7923321070108594,2,66.923,1,0.614,0.376,2011,1,1,High activity / full-night,C1: High activity / full-night
E01003319,3,727.92228,6.591567114528234,0.1109756112974038,0.1019153308509804,0.0619231217926177,0.1494486080920745,0.6509854040416994,3,36.629,2,0.418,0.202,1761,1,2,Medium activity / continuing,C3: Medium activity / continuing
E01003320,2,286.12265,5.659909476387175,-0.1315550167035011,0.1045155285679061,0.0724407522438366,0.1742792641240943,0.806258964125965,5,35.085,2,0.381,0.199,1561,1,2,Partial-night transition,C2: Partial-night transition
E01003321,1,1450.63591,7.280446413252826,-0.0862423363006365,0.1682348398503384,0.1121559716524596,0.3036900857529788,0.8406928983353141,3,38.732,2,0.389,0.249,1726,1,2,High activity / full-night,C1: High activity / full-night
E01003322,3,2852.09507,7.956159673476393,-0.0083657625059462,0.1159881286846444,0.06914155915567,0.1940447578340745,0.9430202818341218,2,24.714,4,0.248,0.135,1561,1,4,Medium activity / continuing,C3: Medium activity / continuing
E01003325,1,2966.06895,7.995329858982716,-0.3192461759865697,0.113470319022759,0.0584851036588343,0.1825650721908477,0.7388584998774745,3,35.666,2,0.363,0.196,1750,1,2,High activity / full-night,C1: High activity / full-night
E01003326,0,152.63076,5.034552061080798,0.3581959494927497,0.0735062840544068,0.061057744847762,0.0977911203244491,0.7684607364199417,3,22.041,4,0.25,0.149,1823,1,4,Low activity / early-stop,C0: Low activity / early-stop
E01003327,2,3645.76136,8.20159475406396,0.0903292968138758,0.0747539795089605,0.040069858000799,0.1159643539835535,0.7193136377411624,3,21.281,5,0.193,0.124,1675,1,5,Partial-night transition,C2: Partial-night transition
E01003328,3,84.26266999999999,4.445736726821395,-0.0841659776506014,0.202664002932734,0.1314862204105329,0.3249628073177387,0.9725500277164768,3,23.158,4,0.255,0.15,1703,1,4,Medium activity / continuing,C3: Medium activity / continuing
E01003330,1,626.3518,6.441507467813357,-0.3367136487833194,0.1020112179768621,0.0621586303416067,0.1594572919139928,0.771771163309811,5,27.641,3,0.397,0.194,1581,1,3,High activity / full-night,C1: High activity / full-night
E01003331,2,378.05919,5.937692367030995,-0.3323455514994888,0.0668520185952892,0.0517694332466828,0.1018393976160477,0.7188966134487731,4,22.136,4,0.289,0.168,1509,1,4,Partial-night transition,C2: Partial-night transition
E01003332,0,342.47382,5.839110893328457,-0.3326619243479691,0.0898387795014521,0.0628032239077427,0.142777007631203,0.675418765936293,6,21.373,5,0.307,0.139,1582,1,5,Low activity / early-stop,C0: Low activity / early-stop
E01003333,2,457.48935,6.127937063509626,-0.1436619016377102,0.0641656466975679,0.0359591321634044,0.0915942877684584,0.7483018606597476,4,23.677,4,0.253,0.149,1562,1,4,Partial-night transition,C2: Partial-night transition
E01003334,1,4525.47754,8.417699331012098,-0.0472976074034388,0.1365855016485177,0.0760777944331594,0.237955446770283,0.7511993491640914,2,33.098,3,0.378,0.179,1843,1,3,High activity / full-night,C1: High activity / full-night
E01003336,3,792.10452,6.675955016228247,-0.3102957927824979,0.1426606680643609,0.0850462007210866,0.2447167688180836,0.834938126198442,3,32.095,3,0.408,0.198,1462,1,3,Medium activity / continuing,C3: Medium activity / continuing
E01003337,1,1102.15307,7.005927785690272,-0.4390762800306857,0.1389303574684049,0.0733465180113321,0.2511920640625024,0.8201082486946457,4,42.165,2,0.538,0.257,1378,1,2,High activity / full-night,C1: High activity / full-night
E01003339,1,1161.37044,7.058216681788193,-0.2419236535760286,0.1322648008847203,0.0688626963847986,0.2219897703883198,0.8291856284160248,5,25.889,4,0.314,0.152,1678,1,4,High activity / full-night,C1: High activity / full-night
E01003340,1,15839.19533,9.67030599673178,-0.094615154291427,0.1986425468243783,0.1168487534524268,0.3893603975384509,0.8446979482040284,2,15.647,6,0.152,0.072,2028,1,6,High activity / full-night,C1: High activity / full-night
E01003342,1,972.01345,6.880397905317597,-0.3441052899010811,0.1081550054682885,0.0576593976143025,0.1790554271532762,0.8876907452330127,4,18.61,5,0.19,0.096,1655,1,5,High activity / full-night,C1: High activity / full-night
E01003344,2,300.5442,5.708916605754137,-0.4473776569303283,0.0828837821525086,0.0391421295104014,0.1312258451421408,0.7724018813367831,4,20.635,5,0.227,0.128,1575,1,5,Partial-night transition,C2: Partial-night transition
E01003346,2,399.11578,5.991753955225413,-0.3627558399219394,0.1309296765966006,0.0861661746373445,0.2094847553188986,0.6209752093115849,5,37.096,2,0.391,0.222,1645,1,2,Partial-night transition,C2: Partial-night transition
E01003347,0,518.24738,6.252380417004445,-0.3668860226558211,0.0688773380774254,0.0438356292317387,0.1057027046691217,0.8264645202156775,6,54.7,1,0.616,0.324,1655,1,1,Low activity / early-stop,C0: Low activity / early-stop
E01003348,3,600.28756,6.3990732893232805,-0.3205491714670882,0.1172986493339958,0.075070387932077,0.2029095697129581,0.88795716540857,5,28.433,3,0.394,0.158,1860,1,3,Medium activity / continuing,C3: Medium activity / continuing
E01003350,0,190.61056,5.255464978840541,-0.4362715266142652,0.1110770568010502,0.062888435981721,0.181008382527069,0.7300245655724227,5,34.734,2,0.398,0.214,1320,1,2,Low activity / early-stop,C0: Low activity / early-stop
E01003351,2,620.074,6.431450237475077,-0.3401778497405148,0.1098667739656879,0.0687968532788022,0.1724222342543532,0.7188207335348027,4,39.095,2,0.479,0.225,1674,1,2,Partial-night transition,C2: Partial-night transition
E01003352,2,165.22239,5.113326590555983,-0.340965349793088,0.0366515095199869,0.0070379081188693,0.0503264510537834,0.5738452593296838,5,32.142,3,0.385,0.199,2330,1,3,Partial-night transition,C2: Partial-night transition
E01003354,2,265.21077,5.5842883634446245,-0.1130258397877281,0.1513946812944286,0.1189057292054919,0.2498320307915963,0.7483225523186884,5,27.018,3,0.283,0.157,2051,1,3,Partial-night transition,C2: Partial-night transition
E01003355,1,1789.23789,7.490103789445793,-0.0054117845671153,0.1206639995758194,0.073685769084624,0.2042201746848752,0.7614744826925517,4,7.034,9,0.087,0.057,1735,1,9,High activity / full-night,C1: High activity / full-night
E01003356,3,584.69965,6.372807115520008,-0.1103070439669324,0.2168681133980497,0.1800097879312908,0.4155566467143657,0.7005558369470489,4,7.519,9,0.114,0.065,1761,1,9,Medium activity / continuing,C3: Medium activity / continuing
E01003358,1,2096.52674,7.648514186770231,0.2712186633021431,0.0714186836462672,0.0222477725230444,0.1183143159826265,0.8717374933715466,4,5.147,10,0.089,0.039,1814,1,10,High activity / full-night,C1: High activity / full-night
E01003359,1,3485.13236,8.156548194378095,-0.0203230961362971,0.0994323727779452,0.0663400112585681,0.1536084011138264,0.6892621615250417,2,15.13,6,0.227,0.091,1747,1,6,High activity / full-night,C1: High activity / full-night
E01003360,1,3662.54199,8.206185715251271,0.032800909949431,0.1388470060926181,0.0752114353233667,0.2462243116097172,0.8493286101491085,3,7.861,9,0.084,0.042,1825,1,9,High activity / full-night,C1: High activity / full-night
E01003361,2,964.76189,6.872917313145467,-0.3654303239527838,0.0718364818494229,0.0446273432297372,0.1097499494205565,0.7633678516489841,5,8.62,8,0.145,0.079,1665,1,8,Partial-night transition,C2: Partial-night transition
E01003363,2,409.4167,6.01717298503646,-0.4166871551648967,0.0586561808543715,0.0192584718698577,0.090353057925567,0.722690818295009,6,4.282,10,0.079,0.041,1688,1,10,Partial-night transition,C2: Partial-night transition
E01003364,2,528.91526,6.272717106970459,-0.3885337700409703,0.0808977793531614,0.0535104999617519,0.124859785386725,0.6638503503706807,6,3.944,10,0.081,0.053,1850,1,10,Partial-night transition,C2: Partial-night transition
E01003366,2,301.63074,5.7125133824472005,-0.4019697064032664,0.0666474511185431,0.0387375305315366,0.1006067356485069,0.7141344172269726,5,14.137,7,0.189,0.122,1834,1,7,Partial-night transition,C2: Partial-night transition
E01003370,1,799.19783,6.684858984597413,-0.3546916412423192,0.1558169270804952,0.0915012744716786,0.2631046075576785,0.7737623059367972,2,14.23,6,0.196,0.078,1939,1,6,High activity / full-night,C1: High activity / full-night
E01003374,1,3700.98941,8.216625632513468,-0.2052057830665341,0.1221561236512697,0.0813354583470694,0.1889250573674214,0.750348917941707,6,29.996,3,0.385,0.202,1918,1,3,High activity / full-night,C1: High activity / full-night
E01003375,3,1729.71251,7.456288458193961,-0.0258810812439576,0.0773464198394448,0.0529316285051323,0.1143371949254197,0.7227383939128893,5,22.858,4,0.313,0.152,1818,1,4,Medium activity / continuing,C3: Medium activity / continuing
E01003376,0,233.48629,5.4573971213584365,-0.298196309513505,0.0586833599523124,0.046508854973883,0.0881219703522451,0.6071116875278987,4,26.354,4,0.378,0.166,1547,1,4,Low activity / early-stop,C0: Low activity / early-stop
E01003377,0,910.88778,6.815516934257661,-0.4011806811152961,0.0742214480031777,0.0557269195114243,0.1166122124899068,0.7256088985808687,6,35.983,2,0.461,0.227,1541,1,2,Low activity / early-stop,C0: Low activity / early-stop
E01003378,0,511.71212,6.23971451806554,-0.4078244619259751,0.0759980240452385,0.0589706767156502,0.1231324263668494,0.7652070227241325,4,20.069,5,0.304,0.144,2228,1,5,Low activity / early-stop,C0: Low activity / early-stop
E01003379,0,133.21158,4.8994175099356045,-0.276439931123105,0.1131287535212779,0.069338266237815,0.1779751072038887,0.4770928323268147,3,33.776,2,0.405,0.181,1989,1,2,Low activity / early-stop,C0: Low activity / early-stop
E01003380,2,870.77709,6.77053376049593,-0.2206049885855402,0.0717223508946474,0.0440167184462788,0.1045622364259969,0.7294485727248553,4,4.967,10,0.078,0.044,1731,1,10,Partial-night transition,C2: Partial-night transition
E01003382,2,292.11263,5.680556937883642,-0.3596447370317401,0.0528854229959177,0.0344895049556741,0.0746418402000267,0.8443799523831176,6,4.347,10,0.083,0.033,1808,1,10,Partial-night transition,C2: Partial-night transition
E01003383,1,1338.30778,7.199908177380908,0.3411514651734297,0.1234867513061905,0.0557169891069451,0.2111193455588587,0.8366932684026925,1,7.372,9,0.065,0.034,1598,1,9,High activity / full-night,C1: High activity / full-night
E01003384,2,583.0761699999999,6.370031402405416,-0.2200077049967588,0.0425843333641983,0.0288017258534163,0.0594598198272325,0.7169299086929246,2,5.257,10,0.082,0.045,1646,1,10,Partial-night transition,C2: Partial-night transition
E01003386,0,172.12937,5.154039118500289,-0.1599858873590254,0.0512392510354276,0.020154840513272,0.0750402309050605,0.5842219896116375,6,19.219,5,0.334,0.115,2265,1,5,Low activity / early-stop,C0: Low activity / early-stop
E01003387,0,484.02297,6.184196250640737,0.312642001267006,0.0392215683482955,0.0209161147868664,0.0570286941675883,0.6079053904684464,5,23.778,4,0.314,0.155,2074,1,4,Low activity / early-stop,C0: Low activity / early-stop
E01003388,2,161.9223,5.093273400038775,-0.0807763970743992,0.0635489985011329,0.0376634966277035,0.0916235098268662,0.6576555463152874,3,21.936,4,0.318,0.129,1685,1,4,Partial-night transition,C2: Partial-night transition
E01003389,1,7476.63925,8.919672412864974,-0.0776300969717109,0.1463003848955264,0.0957727270310654,0.2503468696245988,0.7734350998722589,3,27.638,3,0.32,0.148,1750,1,3,High activity / full-night,C1: High activity / full-night
E01003390,1,2565.31117,7.85022480438613,-0.3704138979755817,0.094545391933876,0.0468858013821379,0.1502185085958007,0.7430311816936674,3,38.703,2,0.47,0.208,1790,1,2,High activity / full-night,C1: High activity / full-night
E01003392,1,4624.6435,8.439370775403265,-0.2489437985868532,0.1262560043817431,0.0749810834067534,0.2086798610622719,0.813360708777126,5,17.388,6,0.246,0.093,1378,1,6,High activity / full-night,C1: High activity / full-night
E01003393,1,3042.27168,8.0206884262272,-0.4691420064101573,0.0991081342215958,0.0302054121609546,0.1711279447983786,0.7287220084096694,4,18.049,5,0.262,0.094,1641,1,5,High activity / full-night,C1: High activity / full-night
E01003394,0,900.91324,6.804518329183658,-0.3041600099028404,0.0398613522429751,0.0156345021636045,0.0594061017587068,0.8322703522933022,4,18.681,5,0.253,0.12,2077,1,5,Low activity / early-stop,C0: Low activity / early-stop
E01003399,3,451.16534,6.114047909405194,-0.3790393118407543,0.1246155123529657,0.0585753329367012,0.203238332589806,0.7239256677146794,6,7.534,9,0.114,0.051,1382,1,9,Medium activity / continuing,C3: Medium activity / continuing
E01003400,1,2162.55592,7.679508406338075,-0.0058120485504023,0.0747265115807964,0.0385351792429025,0.1110873431629342,0.7926119784261736,2,12.441,7,0.112,0.101,1415,1,7,High activity / full-night,C1: High activity / full-night
E01003401,3,1852.80911,7.524997779659888,0.324792471470523,0.0593396801681313,0.0344867961060489,0.0881471272629215,0.6212332786500805,4,6.674,9,0.1,0.051,1393,1,9,Medium activity / continuing,C3: Medium activity / continuing
E01003402,1,2380.60176,7.775528548700286,0.3961316654659618,0.0764227276720151,0.0408444039796055,0.1166150481278511,0.7667455944120289,4,5.48,9,0.058,0.047,1439,1,9,High activity / full-night,C1: High activity / full-night
E01003404,3,846.98218,6.742859621420159,-0.0973688017851804,0.0740246860919789,0.0380492184617154,0.1083384783128959,0.7564923673825996,6,6.207,9,0.122,0.048,1871,1,9,Medium activity / continuing,C3: Medium activity / continuing
E01003410,0,444.31272,6.098776776932036,-0.3142726141173721,0.0992859038561849,0.0826419959347551,0.163046596986413,0.7331028258421868,5,22.169,4,0.325,0.145,1644,1,4,Low activity / early-stop,C0: Low activity / early-stop
E01003411,0,222.81573,5.410823079377497,-0.3667276542818588,0.0582316158737985,0.0443480359308564,0.083562861588714,0.6173672853943727,5,18.541,5,0.268,0.12,2065,1,5,Low activity / early-stop,C0: Low activity / early-stop
E01003412,2,277.54974,5.629596643061255,-0.1712789210323165,0.0919341160254735,0.0664412800386698,0.1407110115647961,0.7269874540802113,5,22.821,4,0.317,0.164,1697,1,4,Partial-night transition,C2: Partial-night transition
E01003413,1,1607.6439,7.383146804909467,-0.1942263582127857,0.1647747053934021,0.1089050317672962,0.279614102865489,0.7571977414663621,4,16.382,6,0.248,0.125,2077,1,6,High activity / full-night,C1: High activity / full-night
E01003414,0,427.75625,6.060888575633378,-0.362378130068234,0.1105542233456553,0.0781122192837626,0.1793356894983243,0.7493874366998452,5,15.205,6,0.24,0.122,1747,1,6,Low activity / early-stop,C0: Low activity / early-stop
E01003415,1,1557.48687,7.351470674404498,-0.3345876874069571,0.1397799905690376,0.0800927072983928,0.2345983576611718,0.7692231848570088,4,19.055,5,0.262,0.134,2416,1,5,High activity / full-night,C1: High activity / full-night
E01003416,3,283.31564,5.650085029454772,-0.2205369248234936,0.2050461104088712,0.1570044632904841,0.3553998222535018,0.7222064332049074,5,15.838,6,0.217,0.114,1584,1,6,Medium activity / continuing,C3: Medium activity / continuing
E01003417,3,711.27936,6.568470194009657,0.1373230906067624,0.1494222607556052,0.1167986654357579,0.2362624256718256,0.8642375118010066,5,8.706,8,0.144,0.074,1598,1,8,Medium activity / continuing,C3: Medium activity / continuing
E01003421,2,806.30144,6.693697130122902,-0.4112075503672672,0.0766834547635187,0.0339564567812256,0.1178347541513227,0.664053155685732,6,10.73,8,0.17,0.099,1599,1,8,Partial-night transition,C2: Partial-night transition
E01003422,2,731.80789,6.596883580223355,-0.2112524230915302,0.052336959635677,0.0239855845227358,0.0784216295177829,0.8141159564279905,5,7.799,9,0.105,0.079,1473,1,9,Partial-night transition,C2: Partial-night transition
E01003423,2,1124.9659,7.026396524049231,-0.2309188927415489,0.0477392248067252,0.026643332033442,0.0702640536349771,0.589401600386239,3,6.458,9,0.095,0.06,1664,1,9,Partial-night transition,C2: Partial-night transition
E01003426,3,622.68755,6.4356495218128815,-0.5861085387045236,0.0935672152109031,0.0294250463173705,0.1494474909039067,0.6966897404797555,5,7.241,9,0.124,0.062,1764,1,9,Medium activity / continuing,C3: Medium activity / continuing
E01003427,1,21689.73854,9.98464065303377,0.1971788130185546,0.1292813361870981,0.0788161515569841,0.2170054819632294,0.7610232501804578,4,19.363,5,0.283,0.125,1961,1,5,High activity / full-night,C1: High activity / full-night
E01003428,2,227.68623,5.432350889334106,-0.1778628861306193,0.0448023141320403,0.0310607277392225,0.0625403642162785,0.5609545216730192,5,6.277,9,0.09,0.058,1534,1,9,Partial-night transition,C2: Partial-night transition
E01003430,2,1880.51703,7.539833661281395,-0.3628059832034597,0.0930325688143329,0.0592853657911303,0.1504360792759469,0.7613415274917511,5,34.728,2,0.396,0.21,1630,1,2,Partial-night transition,C2: Partial-night transition
E01003431,2,1362.63856,7.217911817951347,-0.2955543691644832,0.1060617130928688,0.0707915751334675,0.1769271702980104,0.7605496444075833,4,28.478,3,0.383,0.193,1723,1,3,Partial-night transition,C2: Partial-night transition
E01003432,2,142.52883,4.966535920944128,0.3546289547174421,0.2256158982010867,0.2071973087830721,0.3956995103588073,0.792802190117225,5,33.021,3,0.456,0.229,1691,1,3,Partial-night transition,C2: Partial-night transition
E01003433,1,2996.48484,8.005528829340923,-0.2998817507783554,0.1502762817248226,0.0958542276489541,0.2596733139909361,0.736261753612318,4,22.079,4,0.307,0.134,1635,1,4,High activity / full-night,C1: High activity / full-night
E01003435,1,1230.90747,7.116319035753424,-0.2579513551900046,0.2164788958507173,0.1493380489436789,0.3858136356117848,0.7607171264550291,7,17.848,5,0.263,0.11,2177,1,5,High activity / full-night,C1: High activity / full-night
E01003436,2,1064.99488,6.97166380171238,-0.5488176619215297,0.0905159844524323,0.0517649436962551,0.1432501335181535,0.7316657632094647,6,20.929,5,0.263,0.145,1724,1,5,Partial-night transition,C2: Partial-night transition
E01003437,3,743.60055,6.612847900089969,-0.2801778320362995,0.1815425365137236,0.1093439750683347,0.3155791968486199,0.7214588912860668,6,14.306,6,0.187,0.093,2062,1,6,Medium activity / continuing,C3: Medium activity / continuing
E01003438,3,499.08543,6.214778943827285,-0.3697550737956827,0.1457700738729239,0.0920525369774869,0.2283741108295487,0.702321721873258,5,24.908,4,0.327,0.169,1815,1,4,Medium activity / continuing,C3: Medium activity / continuing
E01003439,3,1644.1765,7.40560295227662,0.1250180743977304,0.1159725187654731,0.0582906518856096,0.195313297195527,0.7395066744189336,5,25.298,4,0.319,0.15,1554,1,4,Medium activity / continuing,C3: Medium activity / continuing
E01003440,3,249.9228,5.525145322101401,-0.2416632656164223,0.1072308328811937,0.0726380306238566,0.1559405144109847,0.6951556568552972,5,20.932,5,0.313,0.137,1646,1,5,Medium activity / continuing,C3: Medium activity / continuing
E01003441,3,966.09901,6.8743008790433535,0.1943741873827197,0.1220141090921933,0.0868478169747839,0.1838014683540285,0.6814713622348193,5,24.654,4,0.299,0.142,1911,1,4,Medium activity / continuing,C3: Medium activity / continuing
E01003444,0,179.54985,5.196006916928328,-0.2281986311879403,0.051497787383281,0.0380944901931135,0.0709621068357134,0.7794386939923552,4,5.429,10,0.092,0.04,1628,1,10,Low activity / early-stop,C0: Low activity / early-stop
E01003445,3,818.47323,6.708661731390416,-0.24663774281292,0.0960624210030668,0.053086818734438,0.1479052611967364,0.7008236437804836,5,7.74,9,0.121,0.064,1823,1,9,Medium activity / continuing,C3: Medium activity / continuing
E01003446,1,5785.66427,8.663311285375638,0.0177519616083772,0.0787224471979256,0.0329284592242681,0.1219277969310365,0.7320822611402223,3,14.404,6,0.208,0.1,2011,1,6,High activity / full-night,C1: High activity / full-night
E01003447,3,811.44212,6.700044674743346,-0.1161280609885027,0.1248493238186846,0.0698799687647468,0.1963216263247247,0.7030713763848428,6,26.751,3,0.335,0.174,1610,1,3,Medium activity / continuing,C3: Medium activity / continuing
E01003448,2,436.865,6.081910643689071,-0.1619251256108866,0.120879997253156,0.0953393611298684,0.1828748116648721,0.712363154195032,5,16.404,6,0.251,0.12,2271,1,6,Partial-night transition,C2: Partial-night transition
E01003449,3,741.72525,6.610326191673757,-0.0778440129953779,0.0736760680588937,0.0514635978753588,0.1025782972438894,0.689206245241413,4,17.02,6,0.266,0.115,1891,1,6,Medium activity / continuing,C3: Medium activity / continuing
E01003451,3,772.38339,6.650774902345726,-0.5098003855313357,0.1041871705708223,0.0437303293122344,0.1630686502254329,0.7920067025209024,5,10.3,8,0.181,0.083,1935,1,8,Medium activity / continuing,C3: Medium activity / continuing
E01003452,3,1077.12281,6.982976668913314,-0.1302464757941575,0.1426640477514351,0.1072605639091423,0.2202076553918508,0.689867332657171,5,22.772,4,0.326,0.164,2222,1,4,Medium activity / continuing,C3: Medium activity / continuing
E01003454,0,653.92159,6.484515518545783,-0.3361677506319985,0.0208261819280198,0.0122332403797831,0.0291751440538121,0.6513811645542802,5,6.442,9,0.102,0.053,1326,1,9,Low activity / early-stop,C0: Low activity / early-stop
E01003456,1,15856.18127,9.671377753668656,0.2162756209459001,0.0900362751718213,0.0526870849780591,0.1419907858666194,0.8235993345470062,1,14.05,7,0.157,0.102,1586,1,7,High activity / full-night,C1: High activity / full-night
E01003458,0,309.63839,5.738629502561667,-0.2077304755395479,0.0295149448361361,0.0197630532828955,0.0403877024277274,0.7747718684167082,5,4.891,10,0.075,0.037,1711,1,10,Low activity / early-stop,C0: Low activity / early-stop
E01003459,0,158.30992,5.070851487419088,-0.0897675900537376,0.0290567388322854,0.0158209921399745,0.0386954077841199,0.9787508504853324,5,14.802,6,0.25,0.113,2166,1,6,Low activity / early-stop,C0: Low activity / early-stop
E01003460,1,1604.89548,7.381436811442399,0.0329390671596881,0.037188178759155,0.0187396938771364,0.0534492981181409,0.8120037819561783,7,8.211,9,0.108,0.06,1392,1,9,High activity / full-night,C1: High activity / full-night
E01003461,3,1620.55429,7.391140406531319,0.2196630450436807,0.0371183121547874,0.0182390557245693,0.0589018341671263,0.908897432155928,5,5.051,10,0.027,0.028,1451,1,10,Medium activity / continuing,C3: Medium activity / continuing
E01003462,0,168.46319,5.132635735094497,-0.1539726868522434,0.0361591158282114,0.0259337366222258,0.047722722044374,0.9719935934627456,5,4.47,10,0.071,0.042,1422,1,10,Low activity / early-stop,C0: Low activity / early-stop
E01003463,0,214.10239,5.371114147323068,-0.4504444345530192,0.0304105899985516,0.0243498449503529,0.0422649897715943,0.6963339841108952,7,3.424,10,0.07,0.037,1543,1,10,Low activity / early-stop,C0: Low activity / early-stop
E01003464,3,470.73692,6.156421457314192,0.245364990704362,0.0636702768076912,0.0426837775970493,0.0844911466255918,0.4769921553288634,6,2.752,10,0.033,0.033,1432,1,10,Medium activity / continuing,C3: Medium activity / continuing
E01003467,2,647.42101,6.474540192174315,-0.3718257614160529,0.0524845648737905,0.0217308363224109,0.0779511388486989,0.6599834984533159,5,6.744,9,0.131,0.074,1710,1,9,Partial-night transition,C2: Partial-night transition
E01003469,3,756.4569,6.62996663807502,-0.0633341833487142,0.1237365010485065,0.0705252870322155,0.1943316828039603,0.7650598782857768,5,16.172,6,0.258,0.103,1693,1,6,Medium activity / continuing,C3: Medium activity / continuing
E01003470,3,1327.77833,7.1920152502190895,-0.1807074604086963,0.0987494802690446,0.0534329024634706,0.160412550243687,0.7552413468235315,6,10.425,8,0.173,0.075,2038,1,8,Medium activity / continuing,C3: Medium activity / continuing
E01003471,2,235.14147,5.464431074580279,-0.1907896977934177,0.0473425210789062,0.0195254371761816,0.0618815563201492,0.7103396455148688,5,6.687,9,0.116,0.054,1736,1,9,Partial-night transition,C2: Partial-night transition
E01003478,3,422.29849,6.048077580310499,-0.0629726855049848,0.1005928531735929,0.0551872681334948,0.1642660279812338,0.9129555066315128,5,4.714,10,0.077,0.049,1927,1,10,Medium activity / continuing,C3: Medium activity / continuing
E01003480,1,1884.12354,7.541748636196099,0.0724172258895507,0.1492665549945838,0.0861744925706941,0.247184785216225,0.5756256119717182,4,23.78,4,0.326,0.133,2010,1,4,High activity / full-night,C1: High activity / full-night
E01003481,3,111.63987,4.724195738289748,-0.1237736124200072,0.1046317950746449,0.0420639149794782,0.1527699815908267,0.6935431209114901,6,27.194,3,0.366,0.148,1482,1,3,Medium activity / continuing,C3: Medium activity / continuing
E01003483,3,102.69859,4.641488518228868,-0.0244571030624665,0.1730054911172587,0.1162392784555269,0.2704097294672976,0.9111481132264732,4,34.413,2,0.448,0.232,1692,1,2,Medium activity / continuing,C3: Medium activity / continuing
E01003485,1,1548.70244,7.34581821729034,-0.3207463920570823,0.1723903463340575,0.1166236878919103,0.3111827171452104,0.8584444438323886,3,21.194,5,0.326,0.113,1683,1,5,High activity / full-night,C1: High activity / full-night
E01003486,1,5234.92197,8.563298224321343,-0.0477855852357624,0.1181781129776801,0.0734588714414018,0.1872241741271626,0.7648150025734475,4,53.606,1,0.572,0.3,1158,1,1,High activity / full-night,C1: High activity / full-night
E01003488,1,858.29043,6.756106967285207,0.247060834640787,0.2632120691360848,0.2103835994070212,0.5280170351056428,0.9313664874395065,4,40.27,2,0.488,0.212,1930,1,2,High activity / full-night,C1: High activity / full-night
E01003491,2,1270.7409,7.1481420281828765,0.4151724556910067,0.0600051828031977,0.0161138907231206,0.0929276932960451,0.7972568560834835,2,36.486,2,0.416,0.15,2047,1,2,Partial-night transition,C2: Partial-night transition
E01003497,3,408.69569,6.015414664604887,-0.169313872627333,0.3469299125713804,0.1901848292062977,0.8111751031655672,0.8949478191175604,4,34.11,2,0.373,0.178,1708,1,2,Medium activity / continuing,C3: Medium activity / continuing
E01003498,1,1010.76622,6.919452815255837,-0.2648289730141555,0.1583206549977501,0.1053743268151561,0.2662952288299387,0.8140256883707075,4,35.858,2,0.427,0.165,1850,1,2,High activity / full-night,C1: High activity / full-night
E01003499,1,5206.26502,8.557810048737297,-0.1855812826063165,0.1381564263895271,0.0802378131722537,0.2380858520182762,0.8170286787445018,2,47.265,1,0.585,0.23,2441,1,1,High activity / full-night,C1: High activity / full-night
E01003500,2,646.29795,6.472806698545059,-0.0978583484598704,0.3051532501379588,0.2570885610885815,0.5707005428689111,0.8639419004069806,4,31.143,3,0.39,0.172,2034,1,3,Partial-night transition,C2: Partial-night transition
E01003501,1,1548.65827,7.345789714638253,-0.1992292399019701,0.1742403571060257,0.1050707978332753,0.3189493200765931,0.8435022051311004,3,35.455,2,0.439,0.186,2331,1,2,High activity / full-night,C1: High activity / full-night
E01003502,1,1439.72304,7.272900377665555,-0.2164203331774144,0.1755703166353439,0.0932207766849379,0.3141776454310293,0.8756835667696354,1,35.814,2,0.398,0.156,2709,1,2,High activity / full-night,C1: High activity / full-night
E01003503,1,4575.30035,8.428646166832264,0.0974469643288008,0.1985176448580037,0.1049718714094912,0.3580762104657793,0.8909235624737831,2,29.178,3,0.36,0.149,2957,1,3,High activity / full-night,C1: High activity / full-night
E01003507,2,435.49494,6.078776783001699,-0.2580527342062803,0.1227271894364605,0.0884242650442735,0.2049171619614097,0.8036521663538165,4,35.238,2,0.399,0.172,2355,1,2,Partial-night transition,C2: Partial-night transition
E01003509,2,647.72043,6.475001853479836,-0.3268968835829371,0.1154340152587127,0.0813010329163154,0.1781630688962527,0.7701571125182125,3,39.215,2,0.468,0.201,2089,1,2,Partial-night transition,C2: Partial-night transition
E01003512,3,1015.06785,6.923695407404705,-0.1570084305201864,0.1339193335696722,0.0904177292187906,0.234247049411409,0.9424004856372804,3,38.984,2,0.456,0.2,1986,1,2,Medium activity / continuing,C3: Medium activity / continuing
E01003513,0,95.85147,4.573178567848299,-0.1366698914476742,0.0,0.0,0.0,0.56720481467329,5,30.147,3,0.356,0.166,1545,1,3,Low activity / early-stop,C0: Low activity / early-stop
E01003515,1,6819.59135,8.827701455289711,0.11541552706087,0.0989028719440791,0.0609991667609233,0.1625950891641383,0.8782169455508914,3,38.504,2,0.484,0.178,2365,1,2,High activity / full-night,C1: High activity / full-night
E01003516,1,2185.42578,7.690023425616426,-0.2881983665443902,0.135416408421795,0.0906385116405097,0.2407765559790574,0.8148263470235221,3,39.196,2,0.444,0.2,1874,1,2,High activity / full-night,C1: High activity / full-night
E01003517,2,547.87392,6.3078687612188205,-0.1162257915105722,0.0951891997341286,0.0617667656091386,0.1465790424860354,0.8236759421329655,4,40.341,2,0.48,0.225,1921,1,2,Partial-night transition,C2: Partial-night transition
E01003518,3,669.66415,6.50826849005939,-0.2642588378069813,0.1428479335499742,0.1025655322895812,0.2289535707442282,0.7793205418373967,5,23.854,4,0.323,0.139,1607,1,4,Medium activity / continuing,C3: Medium activity / continuing
E01003520,1,2793.49624,7.935407133208758,0.2625461418197577,0.0938646117526186,0.0481852518978153,0.1463709373955118,0.909819444253928,4,41.159,2,0.46,0.149,2080,1,2,High activity / full-night,C1: High activity / full-night
E01003521,1,8798.93304,9.08249939134644,0.0037094724839501,0.1548132829068557,0.0862798303554313,0.2578763497413489,0.7779633797656396,4,41.39,2,0.477,0.141,2277,1,2,High activity / full-night,C1: High activity / full-night
E01003523,1,4441.78611,8.399036960881308,-0.2683358271837182,0.1746713958723239,0.1071024691911605,0.3252646612226134,0.8962398456223781,4,37.219,2,0.426,0.149,2599,1,2,High activity / full-night,C1: High activity / full-night
E01003525,1,7788.05526,8.9604748555154,-0.178546000712378,0.2172783286080586,0.1061943813172173,0.4247986860904399,0.9425896514391012,4,37.376,2,0.492,0.149,2092,1,2,High activity / full-night,C1: High activity / full-night
E01003528,2,671.82535,6.511485786308023,-0.2787918764899241,0.0876473922872961,0.0411405732159407,0.1460602972927057,0.8601040968765714,3,39.883,2,0.524,0.213,1266,1,2,Partial-night transition,C2: Partial-night transition
E01003529,1,648.5779,6.476322767332783,0.1023788198765329,0.1013453742410896,0.0595483904092322,0.1616201292816061,0.8864098729769291,2,30.389,3,0.361,0.119,2423,1,3,High activity / full-night,C1: High activity / full-night
E01003530,2,281.0912,5.642230422909549,-0.2553704278184447,0.0857519552373037,0.0327495133252126,0.1373648555157322,1.0174882090012165,3,27.706,3,0.329,0.131,1859,1,3,Partial-night transition,C2: Partial-night transition
E01003531,1,9980.14015,9.208452606267194,0.0330111566619633,0.1240534943790343,0.0698633686020932,0.2134562296435597,0.9856765243284094,4,33.541,2,0.318,0.146,2288,1,2,High activity / full-night,C1: High activity / full-night
E01003532,2,1121.24717,7.023088355939103,0.1684579235102996,0.0594938580759138,0.014755658201572,0.098912780170659,0.8298769334413448,4,26.334,4,0.293,0.099,2396,1,4,Partial-night transition,C2: Partial-night transition
E01003533,3,362.8906,5.8968532730121535,0.0191542575090123,0.0760814967375842,0.0593074607057884,0.1119378035649314,1.3073998030087386,1,27.635,3,0.29,0.117,2379,1,3,Medium activity / continuing,C3: Medium activity / continuing
E01003535,2,1233.70859,7.118590261705082,-0.2182851057233864,0.1256348794653363,0.0772796110627713,0.2180508737160673,0.7604096113711306,6,49.671,1,0.603,0.249,1825,1,1,Partial-night transition,C2: Partial-night transition
E01003537,3,430.54053,6.067361434270099,0.3628395914317288,0.2295881876672563,0.2065266654454111,0.4301908276981785,0.7688825547990722,4,36.066,2,0.471,0.157,2195,1,2,Medium activity / continuing,C3: Medium activity / continuing
E01003538,1,893.05051,6.795762272458944,-0.0490124237205798,0.2056980965163997,0.1565890937120678,0.384621073198688,0.7868406244221793,4,35.941,2,0.428,0.181,2162,1,2,High activity / full-night,C1: High activity / full-night
E01003539,2,975.49009,6.883964601775734,-0.5121978942912685,0.1163827815001175,0.0676410151947315,0.1980132856104866,0.767373838570973,4,30.726,3,0.391,0.125,2519,1,3,Partial-night transition,C2: Partial-night transition
E01003540,1,880.09297,6.78116314817782,-0.1628548742981096,0.1939335340901541,0.1332705679946517,0.3637260807049571,0.8820514197586407,3,37.586,2,0.469,0.19,1978,1,2,High activity / full-night,C1: High activity / full-night
E01003541,2,1695.96477,7.436596504853734,-0.4769064689946359,0.1353611844189428,0.0699854514076963,0.2416889580377224,0.7770666149403782,6,30.728,3,0.43,0.15,1973,1,3,Partial-night transition,C2: Partial-night transition
E01003542,3,1031.06398,6.939315940243858,-0.5872620242247237,0.0905408217247585,0.0377910204951588,0.1530648181194243,0.7754858736767407,3,38.03,2,0.488,0.183,2187,1,2,Medium activity / continuing,C3: Medium activity / continuing
E01003543,2,1458.41351,7.28578992851767,0.0630738603072869,0.074192716440209,0.0444070488622942,0.116163399143005,0.8104204904880743,4,25.305,4,0.3,0.129,2356,1,4,Partial-night transition,C2: Partial-night transition
E01003544,2,1422.1296,7.260613669136013,0.0243544751476939,0.0740808924868732,0.0311391943462818,0.1167282897615103,0.7254741165968379,4,32.405,3,0.367,0.158,1842,1,3,Partial-night transition,C2: Partial-night transition
E01003545,0,171.84921,5.152419595920394,-0.192973770435139,0.1101472622422878,0.1101472622422878,0.1867858940569156,0.8410594894695326,4,28.752,3,0.317,0.151,1741,1,3,Low activity / early-stop,C0: Low activity / early-stop
E01003549,0,210.54224,5.354424694857742,-0.0269390123331072,0.096962870728458,0.096962870728458,0.1560073606617259,0.7929248764230221,4,30.223,3,0.363,0.15,2125,1,3,Low activity / early-stop,C0: Low activity / early-stop
E01003550,2,729.05446,6.593119134099517,-0.0853876951798635,0.110844284527112,0.0758091652028299,0.1733870570637805,0.8557298925780543,4,31.303,3,0.376,0.14,1757,1,3,Partial-night transition,C2: Partial-night transition
E01003551,1,1703.00919,7.440739100567206,-0.2491321787875965,0.2383243451551779,0.1403200178855171,0.4750821634518608,0.7775581151523906,4,36.73,2,0.394,0.197,1851,1,2,High activity / full-night,C1: High activity / full-night
E01003553,1,1763.80301,7.475794354073487,-0.2477919855687286,0.1978105196679531,0.1136945105904995,0.380780472802423,0.8602543833309076,2,41.426,2,0.516,0.176,2039,1,2,High activity / full-night,C1: High activity / full-night
E01003555,1,2295.33144,7.739068102421916,-0.2630652329669653,0.2103111609885847,0.1198274790328319,0.4148026730221635,0.8773908337152767,4,22.539,4,0.268,0.125,1927,1,4,High activity / full-night,C1: High activity / full-night
E01003556,1,5615.55217,8.633473261741413,-0.1955889352907569,0.1761294223716561,0.08943771419009,0.3297317717486371,0.9032960059480506,1,54.139,1,0.656,0.224,1997,1,1,High activity / full-night,C1: High activity / full-night
E01003558,1,6501.67738,8.779969275689695,-0.0450903794306692,0.2048292420809105,0.1024293303215238,0.3910450549071436,0.9280104706694696,1,44.012,2,0.456,0.172,1748,1,2,High activity / full-night,C1: High activity / full-night
E01003559,1,2020.43866,7.611564744816337,-0.1951734184298373,0.221576298683574,0.1284968136572876,0.4348314125567709,0.7859872613573086,4,27.604,3,0.306,0.117,2468,1,3,High activity / full-night,C1: High activity / full-night
E01003561,0,283.83406,5.6519067650838135,0.1583358952762751,0.0627914070636906,0.0394627762432739,0.0939085090804244,0.8696693538175507,3,31.769,3,0.374,0.128,1755,1,3,Low activity / early-stop,C0: Low activity / early-stop
E01003562,0,271.1812,5.6064680209695394,-0.2088204492051808,0.0537904913762458,0.044327741008595,0.080322314115573,1.026570988164089,3,31.952,3,0.334,0.126,2141,1,3,Low activity / early-stop,C0: Low activity / early-stop
E01003564,0,275.11473,5.620816467748457,-0.1341628272684635,0.0462981753103514,0.0195522064558302,0.0705826593316128,1.008766500530261,2,32.011,3,0.413,0.141,2429,1,3,Low activity / early-stop,C0: Low activity / early-stop
E01003565,3,620.52607,6.432177856973674,-0.2013724097039146,0.1201661680386772,0.0767258013833327,0.2106974247107956,0.840367761589158,1,33.676,2,0.416,0.125,2166,1,2,Medium activity / continuing,C3: Medium activity / continuing
E01003566,1,4655.84118,8.446092638900732,0.1565540472323413,0.1002433871681164,0.0402810432635934,0.1615026814126982,0.8676708225518117,1,44.9,2,0.54,0.172,1954,1,2,High activity / full-night,C1: High activity / full-night
E01003567,2,1016.82074,6.925419091231457,-0.0430803565238057,0.1128744285841376,0.0599548746419157,0.1894144519819275,0.8524913118703938,4,37.172,2,0.445,0.15,2033,1,2,Partial-night transition,C2: Partial-night transition
E01003569,1,5364.65895,8.587774471380907,0.07734173856476,0.1020828006223955,0.055047044509698,0.1664909446145283,0.8308830471005315,2,31.461,3,0.371,0.115,2498,1,3,High activity / full-night,C1: High activity / full-night
E01003570,2,1070.08741,6.976429682430192,0.0588008506706942,0.1019207393534328,0.0353052747345191,0.1738105077394801,0.8203652917892326,2,36.052,2,0.452,0.147,2040,1,2,Partial-night transition,C2: Partial-night transition
E01003571,2,215.57217,5.3779238406239935,0.3548800849386078,0.1522223392750557,0.1080748502925957,0.2792927874832873,0.8926451735772578,4,34.784,2,0.396,0.154,2245,1,2,Partial-night transition,C2: Partial-night transition
E01003572,0,211.8453,5.360565610752471,0.0394943857616855,0.0712531738962346,0.0407810794008646,0.1104458273520842,0.8661440015435803,4,36.416,2,0.433,0.178,1671,1,2,Low activity / early-stop,C0: Low activity / early-stop
E01003573,2,1196.81734,7.088256296265902,0.0526574255683828,0.0990414961735096,0.0659167170823243,0.1537079338692661,0.7716545673519406,2,30.784,3,0.334,0.131,2333,1,3,Partial-night transition,C2: Partial-night transition
E01003574,1,1714.08544,7.447218177601085,-0.2020747577203619,0.170401552445367,0.0895889122073168,0.2903793588557636,0.7802378871146686,4,31.142,3,0.394,0.16,2646,1,3,High activity / full-night,C1: High activity / full-night
E01003575,2,1033.98512,6.942142328784528,-0.3031149809970185,0.0630558977483157,0.0256027088668355,0.0935921327374396,0.9162300990098794,3,39.613,2,0.555,0.183,1664,1,2,Partial-night transition,C2: Partial-night transition
E01003576,1,4244.80226,8.353686070288495,-0.1630108018270797,0.1791431057144225,0.1112972574604688,0.329765690993344,0.8608519433883841,2,53.35,1,0.648,0.226,1851,1,1,High activity / full-night,C1: High activity / full-night
E01003578,1,2199.12792,7.696270783110571,-0.1152948574269386,0.1909179798872272,0.1020914736055918,0.3637867452152644,0.8595624726202271,5,45.995,1,0.623,0.156,1995,1,1,High activity / full-night,C1: High activity / full-night
E01003583,2,846.68632,6.742510661699551,-0.343895269265718,0.1345154247915568,0.0769048211384825,0.2283541868357122,0.8351062712564747,4,32.535,3,0.435,0.15,2075,1,3,Partial-night transition,C2: Partial-night transition
E01003586,1,1465.27508,7.290480504680734,-0.1417643982589262,0.2440183381812512,0.1441578669310338,0.5039815720852775,0.8345695533321116,4,36.364,2,0.43,0.144,1837,1,2,High activity / full-night,C1: High activity / full-night
E01003587,1,1891.29423,7.545545250205969,-0.0481843430569763,0.1919877955742507,0.0899031294564886,0.3563564255464749,0.9040045259073588,4,37.487,2,0.527,0.167,2419,1,2,High activity / full-night,C1: High activity / full-night
E01003589,3,797.51307,6.682751335711466,-0.0632011585716081,0.1232385069250338,0.0782617518732326,0.2173669583261852,0.8149822149715171,4,37.193,2,0.483,0.145,1808,1,2,Medium activity / continuing,C3: Medium activity / continuing
E01003590,3,3217.10863,8.076549083974495,-0.0608838782046348,0.0684922038209197,0.0329412003722112,0.102874427634664,0.7745962946656829,4,40.293,2,0.495,0.205,1554,1,2,Medium activity / continuing,C3: Medium activity / continuing
E01003591,1,7897.90574,8.974479514937123,-0.0396086216141648,0.2251451395518934,0.1084647599250785,0.4641862633331521,0.9517354425013208,2,45.136,1,0.569,0.179,2212,1,1,High activity / full-night,C1: High activity / full-night
E01003593,3,219.98395,5.398090074446082,-0.0853072690075799,0.2289165641402475,0.1404990227696156,0.4173244875096773,0.8486657779536892,4,32.224,3,0.401,0.184,1529,1,3,Medium activity / continuing,C3: Medium activity / continuing
E01003594,2,491.25347,6.198993766757974,-0.1121578438926854,0.0749604883198076,0.0473081849172485,0.1108281197152921,0.8082540996332654,4,29.331,3,0.367,0.163,1814,1,3,Partial-night transition,C2: Partial-night transition
E01003595,2,195.52301,5.280779523690376,-0.5578997070472677,0.0613636216013654,0.0245846256151641,0.0906221347774262,0.7776819865035155,2,30.601,3,0.377,0.16,1837,1,3,Partial-night transition,C2: Partial-night transition
E01003596,3,779.89478,6.660440416051589,-0.0785957562121393,0.1119472039548719,0.0620157119143687,0.1813981268715042,0.9173122092368812,4,32.38,3,0.47,0.131,1698,1,3,Medium activity / continuing,C3: Medium activity / continuing
E01003598,0,129.41389999999998,4.870713238903724,-0.1412293424431223,0.0901912391172818,0.0551414492569963,0.1551539848799304,0.8746556029044394,3,37.177,2,0.458,0.207,1831,1,2,Low activity / early-stop,C0: Low activity / early-stop
E01003600,3,1969.74078,7.586164781507153,0.0326813460195508,0.1034673405096481,0.0655605708686195,0.164135978635729,0.7756926776510188,4,38.171,2,0.483,0.18,1624,1,2,Medium activity / continuing,C3: Medium activity / continuing
E01003601,1,8448.49585,9.041862055849435,-0.0930157419678438,0.1412297527494198,0.0811181164277899,0.2352623661092116,0.8031515898737934,3,48.635,1,0.495,0.227,2225,1,1,High activity / full-night,C1: High activity / full-night
E01003602,1,1497.7201,7.312366756184423,-0.2463827520242266,0.2232202064991983,0.1278521801236426,0.422820631891627,0.852526416264531,3,33.323,3,0.34,0.137,2211,1,3,High activity / full-night,C1: High activity / full-night
E01003603,3,1183.80664,7.07733486725929,0.2007227633053317,0.0758282872952968,0.0671292315103081,0.1035309275273946,0.6773407083764109,3,29.897,3,0.393,0.116,2012,1,3,Medium activity / continuing,C3: Medium activity / continuing
E01003604,2,323.88186,5.783461608552494,-0.1683199546896512,0.0843498922724477,0.0372641431662767,0.1323020007678721,0.7816781387044155,4,36.177,2,0.47,0.16,2269,1,2,Partial-night transition,C2: Partial-night transition
E01003605,1,4514.56143,8.415284805850337,-0.2820470891233392,0.2152459292153213,0.1113884411137584,0.4031586917181191,0.876361725927107,4,36.834,2,0.478,0.18,2114,1,2,High activity / full-night,C1: High activity / full-night
E01003607,2,1702.16351,7.440242688972122,-0.2951259423955106,0.1360161104616794,0.08874362487068,0.2346753232101809,0.7830568998259627,4,33.718,2,0.403,0.167,1924,1,2,Partial-night transition,C2: Partial-night transition
E01003611,1,1182.27378,7.076040265774354,-0.1598199192068693,0.1646149591510013,0.1011775546608163,0.309481434162332,0.8857926460801194,3,40.789,2,0.498,0.215,1927,1,2,High activity / full-night,C1: High activity / full-night
E01003615,1,1461.93742,7.288201624985626,-0.2029928613497013,0.1705319711975085,0.10198575394561,0.2976269478432936,0.8069724655422789,4,31.558,3,0.347,0.156,1687,1,3,High activity / full-night,C1: High activity / full-night
E01003616,1,2210.09651,7.701243829836973,-0.1383444427049024,0.1904471945435541,0.0902539274178574,0.3443574398696328,0.8214221930902873,4,32.675,3,0.34,0.149,1909,1,3,High activity / full-night,C1: High activity / full-night
E01003618,3,486.36012,6.189003315931323,0.2469647799248013,0.1759860368485804,0.0487515505999957,0.3423385088251389,0.8063113494942813,4,28.772,3,0.337,0.106,2216,1,3,Medium activity / continuing,C3: Medium activity / continuing
E01003619,1,8229.80444,9.015639033730366,0.1708193153615202,0.1701783791110351,0.0877400739306024,0.294874099329115,0.8226881483097865,1,33.993,2,0.361,0.191,2454,1,2,High activity / full-night,C1: High activity / full-night
E01003622,1,2103.76049,7.651956958170195,-0.174786346519893,0.2044483780565724,0.137073355722162,0.3887171370939865,0.8427661972921977,4,42.184,2,0.481,0.174,1882,1,2,High activity / full-night,C1: High activity / full-night
E01003623,2,374.2323,5.927545300846803,-0.1233385787383932,0.1127230065389866,0.0877158919740492,0.1774049240616698,0.8509078421770453,5,36.837,2,0.456,0.179,1735,1,2,Partial-night transition,C2: Partial-night transition
E01003630,1,6807.43757,8.825917941102013,-0.0937981734586806,0.1352153465286939,0.0826317838710638,0.2270552575176348,0.8010607915875908,3,37.109,2,0.478,0.192,1933,1,2,High activity / full-night,C1: High activity / full-night
E01003635,1,1495.76957,7.311064444715809,-0.3227023464583519,0.1160770238159076,0.0578297498056468,0.1955105882545827,0.8235849586366418,4,26.785,3,0.314,0.135,1856,1,3,High activity / full-night,C1: High activity / full-night
E01003636,1,3176.05249,8.063709156009015,-0.0680464792948053,0.1162037029180207,0.0640379435290756,0.1919530319219063,0.8364754279924494,4,33.722,2,0.368,0.155,2179,1,2,High activity / full-night,C1: High activity / full-night
E01003639,0,161.90469000000002,5.093165305862678,-0.3380495648396596,0.0773311137558769,0.0564085574049769,0.1055885320508257,0.776458265990744,5,19.952,5,0.281,0.119,2240,1,5,Low activity / early-stop,C0: Low activity / early-stop
E01003640,2,1271.76648,7.148948141038825,-0.1984584151014893,0.1062846694937265,0.079290358399759,0.1631939228611286,0.6743013904471655,7,17.116,6,0.211,0.084,1878,1,6,Partial-night transition,C2: Partial-night transition
E01003641,2,2078.64218,7.639951129050551,0.0835731717904425,0.1391413360042564,0.1044606580628514,0.2373168104901881,0.6333341002875097,6,18.223,5,0.2,0.135,2008,1,5,Partial-night transition,C2: Partial-night transition
E01003643,2,273.10041,5.613494499112073,0.0186167790813642,0.1077920388328966,0.0928643790758131,0.1669209866522975,1.0112991996047496,3,12.488,7,0.22,0.078,2303,1,7,Partial-night transition,C2: Partial-night transition
E01003645,2,472.35621,6.159848191745208,-0.2390876368493176,0.0815905860536902,0.0478827408662627,0.1229639818182195,0.6548276245316145,4,20.15,5,0.307,0.104,2879,1,5,Partial-night transition,C2: Partial-night transition
E01003646,1,1722.9052,7.452347461312649,0.078694567756833,0.2070413566573483,0.1023308943521675,0.3736804424823185,0.7761154584955902,1,17.334,6,0.282,0.085,1940,1,6,High activity / full-night,C1: High activity / full-night
E01003647,3,1162.42015,7.059119351251033,0.589936513058553,0.0903111667498193,0.0456644613395595,0.1451250124710897,0.787699051514868,5,13.488,7,0.204,0.093,2053,1,7,Medium activity / continuing,C3: Medium activity / continuing
E01003648,3,512.06613,6.240404745244865,-0.1049556821889391,0.1483594511513581,0.0970200665292976,0.2405674769038774,0.7323371495073285,5,6.238,9,0.119,0.063,1568,1,9,Medium activity / continuing,C3: Medium activity / continuing
E01003650,3,746.35345,6.616538232532133,-0.2740779318431502,0.1908563697267025,0.1172938371223446,0.333287692755303,0.8123561927311752,5,17.496,5,0.278,0.109,1786,1,5,Medium activity / continuing,C3: Medium activity / continuing
E01003651,3,553.0946799999999,6.317335574672186,-0.1628063752122874,0.0995226531558755,0.0605048669063314,0.1536145162507871,0.7142742416563783,4,8.842,8,0.138,0.083,1535,1,8,Medium activity / continuing,C3: Medium activity / continuing
E01003653,1,2153.07761,7.675117887707914,0.0382388027341011,0.116492493737836,0.0652879345115664,0.1788838165147518,0.7441518505349146,4,20.595,5,0.292,0.103,2271,1,5,High activity / full-night,C1: High activity / full-night
E01003655,2,864.62913,6.763456560483455,0.1806679471925726,0.1083932020657226,0.0811125112104423,0.1672216848098721,0.5948700544716857,6,10.311,8,0.131,0.065,1528,1,8,Partial-night transition,C2: Partial-night transition
E01003656,0,124.87804,4.835313501690493,0.027135275345449,0.0642570142836963,0.046794936884019,0.0950742557130169,0.7671137621794699,7,24.759,4,0.305,0.151,1504,1,4,Low activity / early-stop,C0: Low activity / early-stop
E01003657,0,624.16325,6.43801281562962,-0.1919022787708183,0.0986638030995897,0.0725054543022198,0.1522231165700633,0.658910655650438,5,13.9,7,0.194,0.094,2178,1,7,Low activity / early-stop,C0: Low activity / early-stop
E01003659,0,531.37684,6.277351584447783,-0.2574316562234816,0.1305140622989891,0.1051242654836066,0.2028094629511642,0.7100172848278488,6,9.461,8,0.144,0.071,1791,1,8,Low activity / early-stop,C0: Low activity / early-stop
E01003661,0,122.30822,4.814687074614842,-0.2095541902253176,0.0364904337582543,0.0310258787185358,0.0501316676843336,0.5851920545501715,4,24.115,4,0.326,0.131,2151,1,4,Low activity / early-stop,C0: Low activity / early-stop
E01003662,1,3439.43263,8.143352506994631,-0.0361230538189084,0.0972866359065739,0.0489712048815446,0.1575535861555242,0.8837454850069216,4,27.94,3,0.351,0.132,2148,1,3,High activity / full-night,C1: High activity / full-night
E01003663,0,546.18529,6.304787483637064,-0.1245818429126862,0.0941837338753667,0.078216991160637,0.1416879974040919,0.790683293661043,5,16.235,6,0.203,0.115,2019,1,6,Low activity / early-stop,C0: Low activity / early-stop
E01003665,0,441.76645,6.093042430122942,-0.5216417634249952,0.0822437738311725,0.0731976364434193,0.1180035340773174,0.7001013453619895,3,13.396,7,0.212,0.086,1766,1,7,Low activity / early-stop,C0: Low activity / early-stop
E01003668,0,93.53494,4.548969501614125,-0.0173406857373298,0.0146328206336583,0.0015406007637359,0.0183025148908184,1.1496328248483347,4,10.769,8,0.153,0.074,1657,1,8,Low activity / early-stop,C0: Low activity / early-stop
E01003670,3,302.80541,5.716387397771385,-0.0240540946742001,0.0895322180670417,0.0504856237542123,0.1332345269306011,0.743041820056573,5,8.229,9,0.132,0.08,1501,1,9,Medium activity / continuing,C3: Medium activity / continuing
E01003672,3,747.55155,6.618140072563664,-0.2166293816125456,0.0734176659790217,0.0402092136655993,0.1135457954263691,0.8533609519414928,3,17.549,5,0.25,0.12,1668,1,5,Medium activity / continuing,C3: Medium activity / continuing
E01003673,3,903.44372,6.807320080677245,-0.0951573164955975,0.099635326481654,0.0508006519764175,0.1517152358722155,0.7675857720060004,4,9.425,8,0.113,0.068,1811,1,8,Medium activity / continuing,C3: Medium activity / continuing
E01003674,3,998.96567,6.907720948392849,0.4429526492136612,0.0465294067612954,0.0182153406733186,0.063594193966199,0.7673327924000249,4,12.99,7,0.173,0.075,2402,1,7,Medium activity / continuing,C3: Medium activity / continuing
E01003675,1,1438.17068,7.271822309999675,-0.1166461827743561,0.1475308619141088,0.0944025781418378,0.2465839237733277,0.7336600022735078,5,15.585,6,0.205,0.098,1752,1,6,High activity / full-night,C1: High activity / full-night
E01003677,0,309.84992,5.739310223356458,-0.4999393900117838,0.066321850268672,0.0442309296061783,0.096548880542336,0.666239076927084,5,9.878,8,0.145,0.082,1796,1,8,Low activity / early-stop,C0: Low activity / early-stop
E01003680,0,129.56383,4.871862225957098,-0.1343919055186929,0.0,0.0,0.0,0.4492939194085302,5,8.879,8,0.169,0.084,1645,1,8,Low activity / early-stop,C0: Low activity / early-stop
E01003681,1,1464.08736,7.289670151072604,-0.2296417202864178,0.1456064684555435,0.1000989927267728,0.238520988233646,0.6853863409928903,5,14.997,6,0.221,0.098,2069,1,6,High activity / full-night,C1: High activity / full-night
E01003684,2,746.02154,6.616094020058452,-0.25363088041667,0.1354816242973359,0.1130975119029404,0.2256085734651234,0.6795369404492078,3,26.417,4,0.454,0.14,1883,1,4,Partial-night transition,C2: Partial-night transition
E01003686,1,840.24292,6.734880464875975,-0.0552498794039228,0.1044865929962254,0.0653832465497001,0.1573771876490858,0.7924965287273213,2,28.696,3,0.36,0.152,2015,1,3,High activity / full-night,C1: High activity / full-night
E01003689,1,14886.1867,9.608256168941695,0.1899628814946947,0.1553317069441296,0.0801622211281281,0.2825097446479415,0.8907149779133577,1,36.745,2,0.421,0.172,2283,1,2,High activity / full-night,C1: High activity / full-night
E01003690,1,8614.68805,9.061340012284768,-0.0570498324660751,0.1430898185570399,0.0790638948325006,0.2432300607325265,0.842596234712648,4,20.872,5,0.244,0.108,2154,1,5,High activity / full-night,C1: High activity / full-night
E01003692,1,564.56099,6.33781814119951,-0.2749805472744406,0.1218817297312731,0.052112261599938,0.2016961729953529,0.7837677206750457,3,17.751,5,0.281,0.117,1627,1,5,High activity / full-night,C1: High activity / full-night
E01003693,0,374.08642,5.9271564527534535,-0.2570358474921383,0.0345753796676179,0.0208901996495889,0.0508459258195233,0.7753191925153466,5,12.352,7,0.186,0.1,1654,1,7,Low activity / early-stop,C0: Low activity / early-stop
E01003694,0,350.00714,5.860806565139314,-0.3278421691626062,0.0614444322478678,0.0390201182753014,0.0934346670842105,0.8912220133576848,4,13.187,7,0.195,0.105,1461,1,7,Low activity / early-stop,C0: Low activity / early-stop
E01003695,2,1029.80403,6.938094388355356,-0.3765693459172032,0.0777753802342373,0.0453692534102823,0.1239708219527976,0.7853934022355422,4,27.949,3,0.346,0.17,1544,1,3,Partial-night transition,C2: Partial-night transition
E01003696,1,634.78347,6.454858049396987,-0.1964482313945572,0.1454113321507883,0.0814615730305642,0.2590258828297978,0.8623155632510313,4,40.119,2,0.249,0.557,1759,1,2,High activity / full-night,C1: High activity / full-night
E01003700,3,702.8561,6.556573931855728,-0.1378489565645087,0.0830441963867141,0.0605901691683404,0.1213891466870894,0.6549367617428451,6,17.926,5,0.222,0.116,2602,1,5,Medium activity / continuing,C3: Medium activity / continuing
E01003701,1,4023.17363,8.30007485945705,0.1025580369992631,0.0876818035815173,0.0582822546488007,0.1326652023890822,0.8099009482173083,6,17.638,5,0.227,0.087,2086,1,5,High activity / full-night,C1: High activity / full-night
E01003702,3,469.60589,6.15402099215204,-0.3292538132347531,0.1120708899115383,0.0637111898234496,0.1738940130757325,0.792193510045,3,15.865,6,0.216,0.09,2326,1,6,Medium activity / continuing,C3: Medium activity / continuing
E01003704,3,971.31657,6.879681440735603,-0.1900980542316909,0.0938025797294902,0.0686696717219598,0.1400676383784775,0.7457186701969077,6,23.499,4,0.319,0.129,2032,1,4,Medium activity / continuing,C3: Medium activity / continuing
E01003705,3,484.07118,6.184295643055463,-0.2653647341698797,0.0567349619946388,0.038115468886208,0.0750294018437385,0.7055549481625337,3,15.121,6,0.216,0.092,2411,1,6,Medium activity / continuing,C3: Medium activity / continuing
E01003706,2,469.01369,6.152761821939476,-0.4491454183352302,0.0910629069270877,0.0697963635133976,0.142271085532738,0.7744925453058005,5,18.142,5,0.337,0.114,1704,1,5,Partial-night transition,C2: Partial-night transition
E01003708,2,556.70439,6.323829054980091,-0.47052553330862,0.0924196232761879,0.0756789613245191,0.1373424975062992,0.7029506004139051,5,25.887,4,0.389,0.168,2020,1,4,Partial-night transition,C2: Partial-night transition
E01003709,3,433.06151,6.073186252168524,-0.3463113357730637,0.1489063759095099,0.0917178254885778,0.239190987707033,0.7430362114193255,5,8.387,8,0.164,0.081,1761,1,8,Medium activity / continuing,C3: Medium activity / continuing
E01003710,3,759.11275,6.633466777539981,-0.228313527865261,0.1129323542517234,0.0615274608416206,0.1728944073709539,0.7184523100222222,5,10.403,8,0.146,0.097,1505,1,8,Medium activity / continuing,C3: Medium activity / continuing
E01003711,1,2107.68166,7.653818225510492,-0.2275427684843071,0.1272062309447623,0.0694716487688183,0.2025778080444949,0.8155736399766991,4,17.256,6,0.235,0.114,1962,1,6,High activity / full-night,C1: High activity / full-night
E01003713,3,264.19775,5.580475774112821,-0.0140205206138204,0.1483084924076756,0.1045537670173194,0.2439227500588598,0.9174605479062824,3,21.114,5,0.296,0.123,1879,1,5,Medium activity / continuing,C3: Medium activity / continuing
E01003714,3,319.92443,5.771205674853498,-0.0097907809041028,0.1693693726359065,0.0727626521050611,0.2826549620850783,0.8982684211621271,4,27.543,3,0.403,0.135,2467,1,3,Medium activity / continuing,C3: Medium activity / continuing
E01003715,3,815.96282,6.705593585868548,-0.2211922842268719,0.1391978742364756,0.0826643302203401,0.2223311037640375,0.8232596145759405,4,24.341,4,0.328,0.127,2180,1,4,Medium activity / continuing,C3: Medium activity / continuing
E01003716,0,170.29452,5.1433844141587,-0.0795079019571504,0.0425410635644646,0.0330869131901601,0.0706763053099007,0.8256017826375918,5,25.764,4,0.322,0.154,1827,1,4,Low activity / early-stop,C0: Low activity / early-stop
E01003719,1,4177.8905,8.33780105966385,0.0869844386778446,0.0759512892930056,0.0516614832293952,0.1181531086392185,0.7263879206230407,4,28.648,3,0.363,0.154,2440,1,3,High activity / full-night,C1: High activity / full-night
E01003720,1,1817.01493,7.505500487024935,-0.1707744635868237,0.1432433964645519,0.1054929636709149,0.2231197318394162,0.8195226823867465,6,30.68,3,0.381,0.189,1939,1,3,High activity / full-night,C1: High activity / full-night
E01003721,1,2293.14808,7.738116846608605,0.0540559596133888,0.1575824662836427,0.1159940661136894,0.2689768964983237,0.6544140235019491,6,24.229,4,0.284,0.139,1981,1,4,High activity / full-night,C1: High activity / full-night
E01003722,2,974.42901,6.882877384478132,-0.310140981947982,0.1095841656027872,0.0863554749873466,0.1741489038665897,0.7056471230866953,4,22.479,4,0.281,0.138,2365,1,4,Partial-night transition,C2: Partial-night transition
E01003723,2,350.20235,5.861362553082539,-0.4799077162103566,0.1268114848458326,0.104835447277838,0.2003902064480717,0.5370577453686739,5,25.552,4,0.307,0.158,1990,1,4,Partial-night transition,C2: Partial-night transition
E01003724,0,167.42924,5.126515720939828,-0.1796289584782204,0.0282954160217175,0.0,0.0359256453164173,0.6804982468361616,5,16.593,6,0.203,0.111,1486,1,6,Low activity / early-stop,C0: Low activity / early-stop
E01003726,0,265.91191,5.586918678869359,-0.0693478152219658,0.131370685878643,0.1103577496773273,0.2241290537743093,0.6426463707842148,7,21.062,5,0.293,0.129,2671,1,5,Low activity / early-stop,C0: Low activity / early-stop
E01003729,1,2546.79439,7.842983318773584,0.1138055318238705,0.0844268743657787,0.0491850070393786,0.1413045361212164,0.8835346465424623,3,48.45,1,0.595,0.195,1775,1,1,High activity / full-night,C1: High activity / full-night
E01003733,1,1715.3421,7.447950619152907,-0.137135560306017,0.1316707436959659,0.0787485481759003,0.2347383943822432,0.7881257813102515,3,33.625,2,0.435,0.147,1849,1,2,High activity / full-night,C1: High activity / full-night
E01003734,1,1636.53361,7.400946492489608,0.0079124742204347,0.1416954583658077,0.1058420975539879,0.2426049291879211,0.819917075906489,3,37.122,2,0.508,0.174,1838,1,2,High activity / full-night,C1: High activity / full-night
E01003735,3,1696.50615,7.436915482401251,-0.3682362778348902,0.0685874083038249,0.0366063807077858,0.1089096193615029,0.8225972066442864,3,44.757,2,0.63,0.25,2080,1,2,Medium activity / continuing,C3: Medium activity / continuing
E01003738,1,3655.76575,8.204334360861225,-0.3025319414954308,0.1403393228901496,0.0889867191299114,0.235899791469255,0.8136869320962957,4,15.249,6,0.218,0.091,2401,1,6,High activity / full-night,C1: High activity / full-night
E01003739,2,1196.80224,7.088243689923788,-0.3437199114867967,0.0779400780533298,0.0497480937201454,0.1252714830595108,0.7178093539305537,5,22.527,4,0.372,0.133,2349,1,4,Partial-night transition,C2: Partial-night transition
E01003740,3,1012.36797,6.921034686069056,-0.1942230254479505,0.1057189116720079,0.0716746105667487,0.1665429521916041,0.8094343357014184,5,19.584,5,0.241,0.123,2271,1,5,Medium activity / continuing,C3: Medium activity / continuing
E01003741,1,989.00688,6.897711892599437,-0.2960331883636644,0.1310487445749618,0.0782241777731617,0.2193162958022136,0.828984828473865,5,19.973,5,0.271,0.123,2064,1,5,High activity / full-night,C1: High activity / full-night
E01003743,3,381.93759,5.947872025511144,0.1146766150982939,0.1391221534387332,0.1141733653396095,0.2238977573641136,0.871752473867796,3,28.356,3,0.45,0.166,1871,1,3,Medium activity / continuing,C3: Medium activity / continuing
E01003744,0,94.33542,4.55740141002409,-0.1425205930073772,0.0384262878142695,0.0252477807381363,0.0533168287123924,0.6438081859126527,7,5.393,10,0.083,0.059,1480,1,10,Low activity / early-stop,C0: Low activity / early-stop
E01003746,3,612.05024,6.4184468901635165,-0.0837400210806224,0.0633155212879256,0.0379354805906129,0.0906743045426791,0.6777738299508085,5,4.869,10,0.084,0.043,1603,1,10,Medium activity / continuing,C3: Medium activity / continuing
E01003750,3,1303.18528,7.1733338182829245,-0.2382556531025274,0.0642132943674747,0.0367609815236709,0.0947364720862078,0.7545243383358665,5,14.546,6,0.189,0.083,1892,1,6,Medium activity / continuing,C3: Medium activity / continuing
E01003751,0,612.83682,6.419729127352928,-0.0890635781316143,0.088589063561814,0.06634544249479,0.1407874075044898,0.7746564437374908,5,23.692,4,0.325,0.138,2194,1,4,Low activity / early-stop,C0: Low activity / early-stop
E01003752,0,133.09521999999998,4.898550144611319,0.2374454920319453,0.1070428374512623,0.0839030883302946,0.1445906961709607,0.8141385852844368,5,9.968,8,0.149,0.065,2937,1,8,Low activity / early-stop,C0: Low activity / early-stop
E01003754,0,724.3776799999999,6.58669245714465,-0.3021344059082549,0.0462228488321175,0.0308535735115416,0.0681863539317101,0.7821972227361317,4,14.167,6,0.213,0.094,1701,1,6,Low activity / early-stop,C0: Low activity / early-stop
E01003755,2,2166.84621,7.681489423696572,-0.045171701410226,0.066652279858846,0.0490202624947711,0.0968932119563012,0.7334462469293291,4,14.561,6,0.262,0.09,2336,1,6,Partial-night transition,C2: Partial-night transition
E01003756,0,583.40887,6.370600857721661,-0.0889509101909951,0.0778542499705223,0.0606413817465613,0.1152143707699725,0.7723169372250897,4,20.049,5,0.31,0.133,2502,1,5,Low activity / early-stop,C0: Low activity / early-stop
E01003760,0,305.32413,5.72464378971069,-0.2177943485829306,0.0665993545940833,0.0151628369497032,0.1026753603604263,0.7294471645664365,5,14.613,6,0.187,0.081,1916,1,6,Low activity / early-stop,C0: Low activity / early-stop
E01003761,0,386.6383,5.960072688344402,-0.3300008819612542,0.0906683585149221,0.06324143262579,0.1493332585868883,0.8130256081871432,6,40.837,2,0.534,0.227,1817,1,2,Low activity / early-stop,C0: Low activity / early-stop
E01003762,3,313.31756,5.75040381243056,-0.6239571762272117,0.1324257089197298,0.0666811014358722,0.2155049638862601,0.8443872126206212,5,13.424,7,0.169,0.082,1675,1,7,Medium activity / continuing,C3: Medium activity / continuing
E01003763,3,867.8104,6.767124919642095,-0.0259339828146793,0.129162533659426,0.0714145278738305,0.2117490081685063,0.6323624796306376,5,9.05,8,0.129,0.068,1963,1,8,Medium activity / continuing,C3: Medium activity / continuing
E01003764,1,881.626,6.7829015548198655,-0.2199456005154113,0.0968677874745073,0.0500018034858318,0.148830868371533,0.754390057874678,5,16.125,6,0.196,0.097,2103,1,6,High activity / full-night,C1: High activity / full-night
E01003765,3,1501.32493,7.314769140485706,0.1305102620256895,0.099210595270672,0.0673167733250123,0.1571055417066284,0.6660609510512627,4,12.475,7,0.17,0.074,1932,1,7,Medium activity / continuing,C3: Medium activity / continuing
E01003767,1,2317.68953,7.74875744730949,-0.0796895216590981,0.180426996190469,0.0874615721286879,0.33706485879804,0.9032834874921812,4,29.801,3,0.372,0.134,2273,1,3,High activity / full-night,C1: High activity / full-night
E01003769,1,2491.11094,7.820885397375496,-0.1389642646746194,0.1080450515784736,0.0553562299397231,0.174372967505069,0.8386389761401534,4,38.271,2,0.427,0.137,1931,1,2,High activity / full-night,C1: High activity / full-night
E01003770,0,1957.46362,7.579915577492972,-0.0904842052696744,0.0492294308897551,0.0385475005660641,0.066460962482608,0.6966597393401067,4,21.384,5,0.281,0.105,2789,1,5,Low activity / early-stop,C0: Low activity / early-stop
E01003771,0,250.57868,5.52775578355699,-0.0665306401965243,0.0199171374037088,0.016524709923446,0.0263671304379984,0.7327361909008655,5,26.46,4,0.332,0.135,1855,1,4,Low activity / early-stop,C0: Low activity / early-stop
E01003773,1,1228.85407,7.114650799051489,-0.0705673945483208,0.107592100012331,0.0591652595494923,0.1674878107210119,0.750915745471753,5,20.961,5,0.286,0.114,1880,1,5,High activity / full-night,C1: High activity / full-night
E01003774,3,94.40033,4.558082037567755,-0.2004907186235471,0.1336468844971198,0.0934378089568119,0.2111120593294645,0.7950015583862583,6,6.394,9,0.084,0.056,1958,1,9,Medium activity / continuing,C3: Medium activity / continuing
E01003775,0,130.62422999999998,4.879951120484511,-0.2192681250637803,0.0305545150390551,0.0068220115058285,0.0419136824887012,1.2946172294161515,5,6.651,9,0.104,0.064,1666,1,9,Low activity / early-stop,C0: Low activity / early-stop
E01003776,3,132.6658,4.895342654826916,0.0671411923796487,0.0755178802675595,0.0539594982278778,0.1127486645291029,0.6963436373460765,5,23.914,4,0.313,0.15,1672,1,4,Medium activity / continuing,C3: Medium activity / continuing
E01003778,3,1643.19079,7.4050036211940125,0.1783292431915346,0.0599627569723659,0.0404367833634218,0.0889058198217372,0.9488468747196104,4,10.253,8,0.12,0.057,1982,1,8,Medium activity / continuing,C3: Medium activity / continuing
E01003779,3,101.78533,4.632642638557685,-0.1590601513990277,0.1300907507987644,0.0840787174340349,0.1965409302131586,0.8904442494931252,6,12.21,7,0.152,0.088,1639,1,7,Medium activity / continuing,C3: Medium activity / continuing
E01003781,3,2430.78752,7.796381870848162,0.1852147323843427,0.0656152290925041,0.0368138018085595,0.1011277763433608,0.8607512496102402,4,33.621,2,0.534,0.152,2072,1,2,Medium activity / continuing,C3: Medium activity / continuing
E01003782,0,125.24657,4.838236899469572,0.0975965249986486,0.0691365040974774,0.0498578124734274,0.1027427784929905,0.7887218266375241,4,26.635,3,0.41,0.125,1755,1,3,Low activity / early-stop,C0: Low activity / early-stop
E01003783,1,11278.40035,9.33073336317799,0.314685755059227,0.1126991861039939,0.0647304677387161,0.1864830132551524,0.8559933626733525,2,48.72,1,0.595,0.216,2614,1,1,High activity / full-night,C1: High activity / full-night
E01003788,3,756.39881,6.62988994430195,0.0404004205136176,0.0935082777298393,0.0563012123194641,0.1544367843729329,0.8628878110214339,4,41.972,2,0.568,0.18,1971,1,2,Medium activity / continuing,C3: Medium activity / continuing
E01003789,1,1974.08752,7.58836799027744,0.014066661036386,0.1189118909986321,0.0823406806198744,0.1902253608633971,0.9241345094421848,6,7.344,9,0.072,0.046,1420,1,9,High activity / full-night,C1: High activity / full-night
E01003791,3,476.04772,6.167616527813203,-0.2432089371208415,0.0814830916530805,0.0564809973252261,0.1172420978303654,0.7720226777839568,7,5.442,10,0.076,0.055,1542,1,10,Medium activity / continuing,C3: Medium activity / continuing
E01003792,2,767.03034,6.643829237575695,-0.3562986830481829,0.0668837819374915,0.0256091825520226,0.0997791325370097,0.7184207832569491,7,7.618,9,0.11,0.069,1434,1,9,Partial-night transition,C2: Partial-night transition
E01003793,2,646.8215299999999,6.473615241751473,-0.3554839771644583,0.070725104032947,0.0417579482859823,0.1069053889415757,0.7043321035205545,6,24.865,4,0.292,0.144,1594,1,4,Partial-night transition,C2: Partial-night transition
E01003796,3,77.05461,4.357408709919304,0.0632256785155359,0.2727343633301109,0.2222212272568766,0.4583462193935169,0.6741780102797288,6,8.047,9,0.125,0.068,1598,1,9,Medium activity / continuing,C3: Medium activity / continuing
E01003798,3,535.4336999999999,6.284942975683105,0.2145649405332536,0.0517958245810825,0.0315558396865942,0.0764632922995957,0.873578356353475,5,12.076,7,0.12,0.105,1408,1,7,Medium activity / continuing,C3: Medium activity / continuing
E01003799,3,1617.35075,7.389162854100332,0.0399006276158711,0.0331565555585268,0.0159390534180665,0.0501652876581688,0.752559193278371,7,7.985,9,0.052,0.038,1557,1,9,Medium activity / continuing,C3: Medium activity / continuing
E01003800,2,252.21981,5.534257925756149,-0.0291306618619687,0.0478822817287825,0.0297250640225286,0.0651883242185393,0.6577983159902158,6,14.282,6,0.182,0.11,1461,1,6,Partial-night transition,C2: Partial-night transition
E01003801,2,2037.16474,7.619805044666895,0.1222099985885284,0.0330328120640847,0.0142348723353615,0.0463346419712744,0.6938882389681928,5,4.713,10,0.037,0.024,1243,1,10,Partial-night transition,C2: Partial-night transition
E01003804,3,715.74992,6.574726993148545,-0.1461852486130909,0.0483627018777731,0.0155124572001349,0.0730192842031934,0.9636626559340254,3,8.037,9,0.093,0.055,1899,1,9,Medium activity / continuing,C3: Medium activity / continuing
E01003807,3,1439.70821,7.272890084169918,-0.1747169379550874,0.047981000261157,0.0169659447868259,0.0706706251589493,0.7747131849711527,3,10.122,8,0.098,0.071,1936,1,8,Medium activity / continuing,C3: Medium activity / continuing
E01003808,3,431.48852,6.069555782667051,0.09299417745807,0.0573658599306419,0.0279276955039267,0.0898358311069491,0.9237039989494338,2,9.451,8,0.073,0.052,1862,1,8,Medium activity / continuing,C3: Medium activity / continuing
E01003809,3,529.70873,6.274213339670285,-0.1861629692227273,0.0503283757471771,0.0236391422131177,0.0734814536325654,0.7339862349321978,6,7.887,9,0.046,0.033,1682,1,9,Medium activity / continuing,C3: Medium activity / continuing
E01003810,2,126.56188,4.848601580195685,-0.1681236087833082,0.0666795562771349,0.0008583943285292,0.0950258404697665,0.8402693926878039,5,6.236,9,0.099,0.054,1603,1,9,Partial-night transition,C2: Partial-night transition
E01003811,3,166.91485,5.123457005675698,-0.3402857804443403,0.0965736721448091,0.0552936422373443,0.1466857484439485,0.7341048279149935,5,5.009,10,0.103,0.045,1810,1,10,Medium activity / continuing,C3: Medium activity / continuing
E01003812,1,1591.09752,7.372807620809646,-0.2379707436160166,0.0964974667297577,0.049589342581591,0.1442271894367565,0.7037461249089,4,8.823,8,0.123,0.066,1879,1,8,High activity / full-night,C1: High activity / full-night
E01003814,3,916.83879,6.822021765177459,-0.0658249963442318,0.0906016749138635,0.0519293473610556,0.1371627178224828,0.7846670489304886,5,6.511,9,0.104,0.061,1816,1,9,Medium activity / continuing,C3: Medium activity / continuing
E01003815,3,1732.3849,7.457831365458887,-0.0619214702229279,0.0608701103317166,0.0218237355913226,0.092065019149746,0.9343098178269906,6,9.486,8,0.146,0.084,2045,1,8,Medium activity / continuing,C3: Medium activity / continuing
E01003816,3,1122.30715,7.024032425801307,-0.1043240702868194,0.0440109643781561,0.023583543952295,0.0604211935478776,0.7446992762268988,7,8.741,8,0.123,0.075,1740,1,8,Medium activity / continuing,C3: Medium activity / continuing
E01003817,1,1824.73901,7.509740121038038,-0.3191243716546619,0.071633214001382,0.0393273666024162,0.104528890986029,0.7584671330406016,7,10.999,8,0.137,0.092,1964,1,8,High activity / full-night,C1: High activity / full-night
E01003818,2,283.28978,5.649994070068497,-0.3408531010190343,0.0326047413358858,0.0081624547133327,0.0494700572093557,0.687999356201056,7,4.831,10,0.106,0.063,1634,1,10,Partial-night transition,C2: Partial-night transition
E01003820,2,219.07048,5.393947858683252,-0.3943903350191226,0.0536687553704177,0.0180696185081623,0.0787203388661636,0.7216307862551754,5,12.505,7,0.202,0.127,2012,1,7,Partial-night transition,C2: Partial-night transition
E01003821,3,768.84646,6.646191092366986,0.4119030215733842,0.0575683602679265,0.0195315459994444,0.0825875332153218,1.0711552590140607,6,5.198,10,0.044,0.026,1747,1,10,Medium activity / continuing,C3: Medium activity / continuing
E01003822,3,265.72374,5.586213441099734,-0.2959384810706036,0.0660151403860264,0.0192061499661264,0.094655535146077,0.8366245463830158,6,1.965,10,0.034,0.022,1467,1,10,Medium activity / continuing,C3: Medium activity / continuing
E01003823,1,1712.0683,7.446041369099614,0.0478455795250692,0.0757278316525106,0.0454313884557058,0.114641383066611,1.0727271008632513,7,7.77,9,0.061,0.044,1689,1,9,High activity / full-night,C1: High activity / full-night
E01003824,3,244.39753,5.5028794670264825,-0.090425259207816,0.0914513743244459,0.0628940889869058,0.1424131185922272,0.8021696582238972,6,3.336,10,0.046,0.04,1589,1,10,Medium activity / continuing,C3: Medium activity / continuing
E01003827,3,819.72971,6.710193834784624,-0.1380565430524654,0.0834928991411083,0.0570066930964354,0.1284388052469508,0.8503311131731499,5,9.406,8,0.154,0.081,1948,1,8,Medium activity / continuing,C3: Medium activity / continuing
E01003828,3,546.17791,6.304773996341438,-0.4243453016984886,0.071928137847977,0.0254145943031639,0.1066755630039269,0.86317195839377,5,4.038,10,0.068,0.063,1546,1,10,Medium activity / continuing,C3: Medium activity / continuing
E01003829,3,560.32684,6.330303338371294,-0.0634468625490079,0.0910215901847571,0.0710692173874805,0.1204761252572013,0.6602054071885726,5,26.97,3,0.32,0.214,1670,1,3,Medium activity / continuing,C3: Medium activity / continuing
E01003830,3,428.23443,6.062003226551286,-0.2387374831117619,0.082955450359281,0.0458937643103568,0.1202110336874248,0.7771808734606392,5,8.149,9,0.132,0.082,1897,1,9,Medium activity / continuing,C3: Medium activity / continuing
E01003831,3,119.35145,4.790416212349273,-0.0623785467206305,0.2309033530803354,0.2204032711793614,0.4109033383058651,0.4528359518240499,6,6.324,9,0.11,0.065,1728,1,9,Medium activity / continuing,C3: Medium activity / continuing
E01003833,3,848.12136,6.74420212073649,-0.4926251592107054,0.0966861511423318,0.0415433234696506,0.1515242293539351,0.8181977803917603,6,14.483,6,0.213,0.12,1445,1,6,Medium activity / continuing,C3: Medium activity / continuing
E01003834,3,1387.78783,7.236186580906861,0.0095991114146028,0.0612179240684074,0.0253747505481439,0.0906131525015669,1.1103949456873936,5,10.908,8,0.133,0.088,1552,1,8,Medium activity / continuing,C3: Medium activity / continuing
E01003836,3,358.55559,5.884868796639439,-0.0663413726167259,0.0826720620922406,0.0352946944712255,0.1292207641613695,0.7967785636568563,3,14.057,7,0.19,0.124,1347,1,7,Medium activity / continuing,C3: Medium activity / continuing
E01003837,3,313.53437,5.751093354748067,-0.1940225245481061,0.0657240544314168,0.0345794306378595,0.0964607956326373,0.7615045657435773,6,5.683,9,0.106,0.074,2114,1,9,Medium activity / continuing,C3: Medium activity / continuing
E01003838,3,655.87716,6.487497029922669,-0.1623716855760002,0.0710318834703742,0.0403714317479815,0.1085753606483881,0.7354076586037829,5,5.739,9,0.106,0.062,1748,1,9,Medium activity / continuing,C3: Medium activity / continuing
E01003839,3,158.09981,5.069531741125555,0.0100771152096893,0.0837541803497423,0.0639187991434018,0.1248799441688515,0.7396311900677587,5,10.663,8,0.162,0.097,2284,1,8,Medium activity / continuing,C3: Medium activity / continuing
E01003840,3,458.0465,6.1291515121188604,-0.2765430147375867,0.1884922818971436,0.1251885780155508,0.3290738097500463,0.7602788279188025,5,16.169,6,0.267,0.106,1854,1,6,Medium activity / continuing,C3: Medium activity / continuing
E01003841,1,1183.5721,7.07713689131158,-0.2448785502801223,0.1382164888814124,0.0836247745278889,0.2346846785585643,0.8138686074667061,6,32.774,3,0.433,0.192,2178,1,3,High activity / full-night,C1: High activity / full-night
E01003842,2,93.77978,4.551556095371946,-0.2032676980048364,0.0620664710452509,0.0230740571155104,0.0876748124819621,0.5506978003189971,6,17.734,5,0.238,0.145,1697,1,5,Partial-night transition,C2: Partial-night transition
E01003843,3,237.46201,5.4742100104291005,-0.224422298118339,0.1719295225370997,0.1064806955857907,0.2922885694131416,0.8366112660077066,5,19.863,5,0.298,0.147,2185,1,5,Medium activity / continuing,C3: Medium activity / continuing
E01003844,2,614.8697599999999,6.42303551260792,-0.0705507130485648,0.0514556285871011,0.0232391653152693,0.0769144112086202,0.7120530957800066,6,7.808,9,0.107,0.072,1445,1,9,Partial-night transition,C2: Partial-night transition
E01003845,2,350.06232,5.860963757563305,-0.1438130216356905,0.0727743277254175,0.0529639693869365,0.099842317210398,0.7350661048469126,6,6.36,9,0.108,0.059,1742,1,9,Partial-night transition,C2: Partial-night transition
E01003847,3,1290.381,7.163467467369251,0.0819322510173352,0.0493973795336416,0.0237915855859625,0.0700752657753845,0.9139722723668908,7,7.512,9,0.089,0.044,1700,1,9,Medium activity / continuing,C3: Medium activity / continuing
E01003848,3,425.93419,6.056629879570783,-0.3517734277213107,0.1228527580751383,0.0892447023330059,0.1969645133546514,0.8244355757812982,5,9.527,8,0.109,0.062,1893,1,8,Medium activity / continuing,C3: Medium activity / continuing
E01003852,3,2497.95675,7.823628623762417,-0.1259425688615305,0.0466280451012612,0.0235526936164927,0.0668928451015952,0.8087836221619402,5,9.978,8,0.129,0.061,1387,1,8,Medium activity / continuing,C3: Medium activity / continuing
E01003854,3,945.28049,6.852539026161209,-0.1180636553706931,0.0674643776896315,0.0324245452267823,0.1037771050828792,0.9784199101368648,6,14.513,6,0.174,0.104,1434,1,6,Medium activity / continuing,C3: Medium activity / continuing
E01003855,3,1214.30461,7.102750032171626,-0.3609899578656791,0.0757649680667851,0.0313577332132503,0.1195739867840765,0.901459005269572,4,18.891,5,0.275,0.148,1941,1,5,Medium activity / continuing,C3: Medium activity / continuing
E01003856,3,994.3623,6.903106791485789,-0.1949497079686146,0.0669159319495519,0.0317844512005332,0.1065013241623214,0.8887310647985198,6,7.124,9,0.112,0.05,1665,1,9,Medium activity / continuing,C3: Medium activity / continuing
E01003857,1,1448.79736,7.2791790739243,-0.2408509220364675,0.0726178090219601,0.0409103796268651,0.1075027513681022,0.8283475588479303,6,7.013,9,0.08,0.045,1861,1,9,High activity / full-night,C1: High activity / full-night
E01003859,3,477.53711,6.17073376274472,-0.195260573570921,0.0464171883940077,0.0119542751347638,0.0666729311225779,0.7587790312514596,5,8.577,8,0.069,0.049,1619,1,8,Medium activity / continuing,C3: Medium activity / continuing
E01003860,3,1008.50908,6.9172194322642,0.1989244162283596,0.1069049075889331,0.0756451295411242,0.1714263213362679,1.2049159121403967,5,9.611,8,0.076,0.045,1743,1,8,Medium activity / continuing,C3: Medium activity / continuing
E01003861,3,1220.59197,7.107910180536387,-0.2565856057532477,0.0561293058482106,0.0309634185124124,0.0839325586362402,0.8415397764214623,3,7.402,9,0.106,0.053,2021,1,9,Medium activity / continuing,C3: Medium activity / continuing
E01003862,3,720.25095,6.580987134979154,-0.3887219447610586,0.0518683661576565,0.026302471381676,0.0730784599366124,0.8035908146678017,5,15.174,6,0.208,0.108,1952,1,6,Medium activity / continuing,C3: Medium activity / continuing
E01003866,2,238.79382,5.479779470785093,0.0539225847637095,0.0435133957821856,0.014025488599328,0.0623874185845847,0.7711161923953346,5,4.954,10,0.032,0.024,1678,1,10,Partial-night transition,C2: Partial-night transition
E01003867,3,649.50427,6.477747862112415,-0.120844948409654,0.1509435188162812,0.1105675409955349,0.2499921206876064,0.6276247354830251,2,9.908,8,0.135,0.07,1605,1,8,Medium activity / continuing,C3: Medium activity / continuing
E01003868,2,848.07089,6.744142681058779,-0.1726491166322193,0.0371942845485475,0.0161885759337878,0.05654027854871,0.7139681499134504,6,6.137,9,0.04,0.033,1609,1,9,Partial-night transition,C2: Partial-night transition
E01003869,0,168.11607,5.130585283914363,-0.1929406867529081,0.058113897142611,0.042864016509546,0.0774172403893477,0.5615672235541587,5,5.663,9,0.063,0.035,1682,1,9,Low activity / early-stop,C0: Low activity / early-stop
E01003870,3,300.98014,5.710361253623078,0.1644611501609376,0.063013626081774,0.0335043036394361,0.0956070708858993,0.6598382624060208,5,4.105,10,0.067,0.04,2093,1,10,Medium activity / continuing,C3: Medium activity / continuing
E01003871,2,288.71322,5.668891537148008,-0.3001631861540667,0.0561184209022364,0.033704137275044,0.0809677209143711,0.7456629013443915,6,4.75,10,0.096,0.039,1721,1,10,Partial-night transition,C2: Partial-night transition
E01003872,2,256.66475,5.551659321340547,-0.1286015707260151,0.0389268491290681,0.0059980577777041,0.053566496088541,0.7057985028004959,5,7.399,9,0.075,0.052,1554,1,9,Partial-night transition,C2: Partial-night transition
E01003874,3,444.24645,6.0986279490891375,0.1729096315794982,0.0505814058840537,0.0179129174808262,0.0802780567764451,0.812554079580679,3,6.349,9,0.062,0.038,1515,1,9,Medium activity / continuing,C3: Medium activity / continuing
E01003875,3,829.74312,6.722320625527224,-0.0756112084424394,0.043353501985048,0.0213844858394246,0.0577344582491051,0.9025251239590636,6,8.625,8,0.1,0.063,1704,1,8,Medium activity / continuing,C3: Medium activity / continuing
E01003876,1,24143.45724,10.091810118866745,0.2064648940062073,0.0682069574224739,0.0320991460459123,0.1057703449566161,0.891277713140265,2,9.843,8,0.071,0.044,1907,1,8,High activity / full-night,C1: High activity / full-night
E01003877,2,143.37733,4.972430219673972,-0.177070880033824,0.0375417787456357,0.0018058642883083,0.0538189998875154,0.6867141328052035,3,8.097,9,0.065,0.047,1470,1,9,Partial-night transition,C2: Partial-night transition
E01003878,2,336.77424,5.822377743324988,-0.1702851738303974,0.0398413489107717,0.0117646765382055,0.0535021504072052,0.765864986074796,7,18.982,5,0.25,0.151,1491,1,5,Partial-night transition,C2: Partial-night transition
E01003880,3,1343.58934,7.20384392199518,-0.1274275069791787,0.0486093466624258,0.0188080533595183,0.0715938696635088,0.8218665517707988,6,5.932,9,0.061,0.041,1573,1,9,Medium activity / continuing,C3: Medium activity / continuing
E01003881,3,557.82028,6.325827918778669,-0.0956533885788448,0.0788200636950668,0.0335861758199253,0.1148076321848756,0.6697029678969937,6,4.112,10,0.049,0.033,1849,1,10,Medium activity / continuing,C3: Medium activity / continuing
E01003882,1,4021.96652,8.299774849767507,0.1167053871945209,0.0818669097225602,0.0452264878624598,0.1290893498006998,0.7727182236432116,6,6.009,9,0.059,0.047,2001,1,9,High activity / full-night,C1: High activity / full-night
E01003885,3,2102.7636,7.651483210130585,-0.2215112911408586,0.0591237027310155,0.0247188699671232,0.0904106878590741,0.7358467879851796,6,6.589,9,0.1,0.06,1525,1,9,Medium activity / continuing,C3: Medium activity / continuing
E01003886,3,1298.58315,7.169798838183037,-0.0923550178515716,0.0726548469383727,0.0297169341832288,0.1112170884378414,0.8265678685974266,2,5.271,10,0.092,0.043,1601,1,10,Medium activity / continuing,C3: Medium activity / continuing
E01003887,3,906.42507,6.81061099523701,0.2078255072975861,0.0705580440311519,0.0467766519299824,0.1121504527598361,0.9329624965639256,2,4.419,10,0.053,0.033,1764,1,10,Medium activity / continuing,C3: Medium activity / continuing
E01003888,1,3377.85428,8.125291960599407,-0.0329682901537125,0.0970012803512648,0.0550642433278679,0.1513608345392311,0.8962548283752286,6,13.634,7,0.205,0.111,2012,1,7,High activity / full-night,C1: High activity / full-night
E01003890,3,327.51786,5.794591204787704,-0.2279051285935979,0.0725579056971122,0.0380201250704312,0.1161926722469831,0.7908037670654658,5,5.294,10,0.101,0.052,1630,1,10,Medium activity / continuing,C3: Medium activity / continuing
E01003891,3,1010.18173,6.918874955586966,-0.0368729594822507,0.06920315218926,0.0414156866606565,0.109028548677933,0.966247311190247,6,2.824,10,0.057,0.05,1831,1,10,Medium activity / continuing,C3: Medium activity / continuing
E01003893,1,2391.64894,7.780156374263043,0.2323363478253627,0.0504397355240606,0.0233564211978368,0.0726961468079848,0.8495778987497588,3,6.368,9,0.063,0.039,1642,1,9,High activity / full-night,C1: High activity / full-night
E01003894,3,832.44592,6.725568817062459,-0.0756685551416961,0.0378015787500045,0.017827404331563,0.0538440119632864,0.976534943152461,6,6.075,9,0.056,0.039,1657,1,9,Medium activity / continuing,C3: Medium activity / continuing
E01003895,3,699.84712,6.552289774804769,-0.0440963735051163,0.0503890049586829,0.0252692616638902,0.0742622066635887,0.8154829664696231,6,7.555,9,0.089,0.057,1689,1,9,Medium activity / continuing,C3: Medium activity / continuing
E01003896,3,2946.92804,7.988857843241969,0.1158733960806182,0.0683856874903535,0.0309253971467861,0.1037102611109176,0.967928973615636,6,9.295,8,0.089,0.05,1939,1,8,Medium activity / continuing,C3: Medium activity / continuing
E01003897,3,3788.39877,8.239962649608565,0.3614895772970594,0.0615310093134678,0.0303994317894892,0.0961167027906978,0.651435818805595,3,8.552,8,0.124,0.068,2003,1,8,Medium activity / continuing,C3: Medium activity / continuing
E01003898,3,452.99141,6.118078277157504,-0.1885368863837837,0.0340870922916617,0.0129557865125963,0.0498794761407465,0.862681568729517,6,7.385,9,0.113,0.064,1713,1,9,Medium activity / continuing,C3: Medium activity / continuing
E01003899,3,485.98518,6.188233691408052,-0.2765467868793859,0.0765248232466677,0.0554182948541764,0.1156352633679699,0.7517075769457898,6,6.767,9,0.113,0.055,1427,1,9,Medium activity / continuing,C3: Medium activity / continuing
E01003900,1,1436.64595,7.270762297952422,-0.1762473837064727,0.077656634886278,0.0488018290101329,0.1187488781984058,0.8088654238023715,7,19.21,5,0.251,0.145,1683,1,5,High activity / full-night,C1: High activity / full-night
E01003903,3,526.48836,6.268126798756045,-0.1668988085510571,0.079465612497112,0.0557213648560055,0.1172214141797225,0.6685196120544529,6,14.114,7,0.193,0.099,1608,1,7,Medium activity / continuing,C3: Medium activity / continuing
E01003904,3,315.6352,5.757750322568056,0.0920953683239384,0.0695052706415507,0.0504835645707449,0.0979358278060876,0.7202250546121256,5,9.971,8,0.153,0.091,1592,1,8,Medium activity / continuing,C3: Medium activity / continuing
E01003905,3,1660.19933,7.415295108433618,-0.2883124100525929,0.0890992047322414,0.0475219322007556,0.1468460496453367,0.7946941677224956,6,8.603,8,0.129,0.064,1271,1,8,Medium activity / continuing,C3: Medium activity / continuing
E01003906,3,118.75902,4.785481557045159,-0.0148052754224479,0.0678728234705877,0.0349909421616985,0.0959344801816784,1.0633872124507522,5,12.362,7,0.161,0.089,1711,1,7,Medium activity / continuing,C3: Medium activity / continuing
E01003909,0,380.27749,5.94352743024022,0.2775640756438147,0.0457876694200332,0.0232738992781297,0.0689280111247433,0.746794110140895,6,12.523,7,0.144,0.091,1652,1,7,Low activity / early-stop,C0: Low activity / early-stop
E01003911,1,5114.66857,8.540063377566602,-0.1115431747320433,0.1470334860817775,0.0884768766160736,0.2624339118692175,0.8291154402387572,2,24.357,4,0.293,0.139,2103,1,4,High activity / full-night,C1: High activity / full-night
E01003912,1,1440.97486,7.27376888357364,-0.3719396187106275,0.1214727923844556,0.0852737777812445,0.2095171269982854,0.6989195690816529,2,28.871,3,0.36,0.178,1908,1,3,High activity / full-night,C1: High activity / full-night
E01003916,1,2128.80195,7.663784273159792,-0.0584990210103856,0.1315513545071677,0.0835970720526632,0.2227500835511326,0.8275223912562599,2,17.687,5,0.212,0.097,2445,1,5,High activity / full-night,C1: High activity / full-night
E01003919,1,4895.81896,8.496341081445717,-0.030958669272362,0.1573610291341328,0.1010855434082472,0.2799054729541331,0.8582139212653669,2,26.077,4,0.234,0.13,1548,1,4,High activity / full-night,C1: High activity / full-night
E01003920,1,5900.6565,8.682988353199201,-0.1206925703944976,0.1673566051506302,0.1090776153466991,0.3061745626873896,0.7704237129319279,2,29.186,3,0.368,0.177,2046,1,3,High activity / full-night,C1: High activity / full-night
E01003921,1,10975.09021,9.303474568773,-0.0188963868206783,0.2213182847268824,0.133685680201803,0.4349469750312644,0.9286475469193352,1,35.724,2,0.304,0.161,1969,1,2,High activity / full-night,C1: High activity / full-night
E01003922,1,17212.61105,9.75345568997332,-0.0853605885668345,0.1670746565786136,0.0847629622119417,0.3093669724949081,0.8254326355929282,2,29.373,3,0.363,0.146,2271,1,3,High activity / full-night,C1: High activity / full-night
E01003924,1,2914.47328,7.977787445811433,-0.2261495497395673,0.1629997856765391,0.0812754543421307,0.2970817712900109,0.7817244463405373,2,28.811,3,0.373,0.162,2155,1,3,High activity / full-night,C1: High activity / full-night
E01003926,3,387.5421,5.96240152944495,0.2364536394884581,0.1529076969960166,0.1076208752545852,0.2585597098736076,0.8105661822190471,1,27.152,3,0.317,0.169,1463,1,3,Medium activity / continuing,C3: Medium activity / continuing
E01003929,1,3670.61418,8.208386675413957,0.7109851191170411,0.1833873970377349,0.0631896349291605,0.3902493760421858,0.768207831628865,1,24.153,4,0.234,0.177,2071,1,4,High activity / full-night,C1: High activity / full-night
E01003930,1,2794.38922,7.935726631707962,-0.073570102020362,0.1244777633374924,0.0608271026754104,0.2084753411049884,0.8369074375570822,2,18.122,5,0.188,0.096,2117,1,5,High activity / full-night,C1: High activity / full-night
E01003932,1,41214.83959,10.62657791752128,0.0419788757450311,0.2167929689617894,0.126455992595069,0.4584318231459143,0.7456835405765093,2,38.556,2,0.386,0.233,1561,1,2,High activity / full-night,C1: High activity / full-night
E01003933,1,19789.56115,9.892960393424524,-0.0292259169173137,0.2254179946784721,0.1522351227076099,0.4540303666335539,0.8351610438147286,1,19.236,5,0.196,0.1,2608,1,5,High activity / full-night,C1: High activity / full-night
E01003934,1,2294.64251,7.7387680440972515,0.1860807982677877,0.2438672026519721,0.1680089374793287,0.4729110975251904,0.7819452050254762,1,10.682,8,0.133,0.074,2150,1,8,High activity / full-night,C1: High activity / full-night
E01003936,3,305.60018,5.72554455352169,0.000247643833194,0.1785289524371353,0.0800792067596295,0.3244010172062788,0.9217467954190376,1,9.363,8,0.053,0.037,1760,1,8,Medium activity / continuing,C3: Medium activity / continuing
E01003938,2,300.46952,5.708668916529481,-0.075524931780102,0.0981716548154368,0.0453306212224121,0.1586072457816838,0.8474318751400821,1,19.951,5,0.251,0.125,1895,1,5,Partial-night transition,C2: Partial-night transition
E01003939,1,6535.23369,8.785116390184635,-0.0018397582351795,0.2082737136214022,0.120390235042995,0.3850143746339443,0.7208743406654959,1,16.439,6,0.178,0.079,2079,1,6,High activity / full-night,C1: High activity / full-night
E01003941,1,3490.65739,8.15813179931679,-0.0344658488526139,0.1011868254420695,0.0593528401250516,0.1663685145232079,0.8822590901127586,3,17.046,6,0.223,0.09,1942,1,6,High activity / full-night,C1: High activity / full-night
E01003942,1,2808.237,7.940668195207668,-0.2112708507152352,0.1753360026237101,0.1123548083726551,0.322056300342447,0.919192538701369,2,26.227,4,0.335,0.151,1993,1,4,High activity / full-night,C1: High activity / full-night
E01003945,3,394.16156,5.979294693936474,-0.316796696258255,0.0633033317607125,0.0249732368625697,0.0949847115732456,0.8677780988001313,5,12.905,7,0.149,0.091,1761,1,7,Medium activity / continuing,C3: Medium activity / continuing
E01003946,1,2042.73039,7.622532039492497,-0.3126494975188576,0.1387294384943281,0.0771913321365919,0.2405341858790386,0.7797230088368173,6,12.52,7,0.152,0.102,1827,1,7,High activity / full-night,C1: High activity / full-night
E01003947,0,180.72427,5.202490538303888,-0.0378804130734627,0.0635188621871318,0.0531516879276922,0.0986647418587449,0.5918962573227882,5,33.803,2,0.459,0.232,1579,1,2,Low activity / early-stop,C0: Low activity / early-stop
E01003948,3,989.83023,6.8985432078481885,-0.2843056328962593,0.1602276988448817,0.0963375608360637,0.2696671652618,0.7910198732470585,6,14.277,6,0.175,0.086,1737,1,6,Medium activity / continuing,C3: Medium activity / continuing
E01003949,1,2216.60859,7.704184682545081,-0.1760227456305219,0.0931771585347867,0.0508516616368431,0.1508056845011538,0.8139683721936916,3,15.933,6,0.173,0.111,1895,1,6,High activity / full-night,C1: High activity / full-night
E01003950,1,2456.98169,7.807095840952588,-0.202211238293762,0.0996616380971076,0.0514008429586628,0.1601659321506532,0.7647225795163057,6,27.522,3,0.31,0.191,1974,1,3,High activity / full-night,C1: High activity / full-night
E01003951,3,841.79939,6.736728958151889,-0.1002362926397463,0.0643046676477159,0.026064630434099,0.0953461422224285,0.7007860860943992,7,12.679,7,0.109,0.085,1426,1,7,Medium activity / continuing,C3: Medium activity / continuing
E01003952,1,2531.53365,7.836975523300111,-0.0436598778767961,0.064807777688438,0.0319321017123355,0.0971060126443204,0.7274590077294125,2,19.703,5,0.168,0.092,1675,1,5,High activity / full-night,C1: High activity / full-night
E01003953,1,3380.66844,8.126124487987923,-0.0724624979786542,0.0871505370103671,0.0426182994745264,0.1411861262997909,0.8860726568628277,4,17.098,6,0.122,0.093,2050,1,6,High activity / full-night,C1: High activity / full-night
E01003954,0,179.8261,5.197535795946483,0.0323389096465974,0.0043131669985613,0.0,0.0058515158060409,0.7460817870903598,4,12.66,7,0.11,0.077,1633,1,7,Low activity / early-stop,C0: Low activity / early-stop
E01003955,3,497.1543,6.210909868391782,-0.2292796823843222,0.1126446256222665,0.0625066302353213,0.1742632366350054,0.775852830243879,2,17.074,6,0.189,0.123,1889,1,6,Medium activity / continuing,C3: Medium activity / continuing
E01003957,3,540.37958,6.294120659438973,-0.2696993102515088,0.1086567519816348,0.0536141835707411,0.1644231454770081,0.6440870314739989,3,12.321,7,0.119,0.074,1813,1,7,Medium activity / continuing,C3: Medium activity / continuing
E01003958,1,1721.24636,7.451384740956773,-0.150136939142169,0.1453043247103802,0.0889155925360969,0.2416494948235579,0.6538603284195438,6,15.719,6,0.15,0.092,2012,1,6,High activity / full-night,C1: High activity / full-night
E01003960,1,2892.55523,7.970241208441888,-0.04635213482164,0.1213214034291749,0.071186640747392,0.2033982166266031,0.8365325854746517,4,20.308,5,0.263,0.095,2133,1,5,High activity / full-night,C1: High activity / full-night
E01003961,1,8541.05344,9.052756707527944,-0.0862056238346168,0.1568394319752669,0.0885742391514646,0.2901994626283657,0.8274093460310188,1,38.469,2,0.42,0.207,2021,1,2,High activity / full-night,C1: High activity / full-night
E01003966,1,10142.53735,9.224592067395594,-0.064083213851808,0.1448171300054418,0.0868226519274291,0.2627548892584371,0.7656740629786762,2,33.61,2,0.383,0.149,2168,1,2,High activity / full-night,C1: High activity / full-night
E01003969,1,8393.22041,9.03529870159026,-0.099736326357239,0.1615311303376101,0.0927769654508572,0.291729098521606,0.8567119099644637,2,25.154,4,0.245,0.116,2468,1,4,High activity / full-night,C1: High activity / full-night
E01003975,2,255.21749,5.546026654111472,0.0170255964824354,0.1013643696597752,0.0498789875255022,0.176765695239618,0.9045637378383132,2,27.402,3,0.334,0.169,1780,1,3,Partial-night transition,C2: Partial-night transition
E01003976,3,1216.31662,7.104404223489191,0.0276579136113424,0.0952108341658605,0.0543271866169188,0.1528969138848564,0.9393324627480928,2,25.94,4,0.317,0.145,2315,1,4,Medium activity / continuing,C3: Medium activity / continuing
E01003977,3,570.31224,6.3479358903214935,-0.177070336067134,0.1463903176968462,0.0962096833131268,0.2542134532529873,0.7765159896815493,3,29.188,3,0.32,0.177,1870,1,3,Medium activity / continuing,C3: Medium activity / continuing
E01003979,1,1723.26048,7.452553530297859,-0.3325672274454991,0.0683845543768287,0.026382732342356,0.1141336292380612,0.8350858250626048,2,30.85,3,0.292,0.149,2102,1,3,High activity / full-night,C1: High activity / full-night
E01003980,2,202.76812,5.316982680682048,-0.4255561475837523,0.0930439163710745,0.025847702291662,0.1546080540117018,0.7359041499506901,1,33.361,3,0.347,0.181,2016,1,3,Partial-night transition,C2: Partial-night transition
E01003981,1,9244.29832,9.131870411553724,-0.3979991506808058,0.1246766785431909,0.0750274500012024,0.2113278817088244,0.7799239008723673,1,24.388,4,0.273,0.132,1586,1,4,High activity / full-night,C1: High activity / full-night
E01003983,3,406.27477,6.0094880682230825,-0.1390264278532482,0.1199491418086336,0.0868828502444294,0.196032637142727,0.8404120701721417,2,31.061,3,0.434,0.19,1979,1,3,Medium activity / continuing,C3: Medium activity / continuing
E01003984,1,6199.00537,8.73230543716184,-0.1718412336203541,0.16988532468395,0.0982968869407512,0.3186622031568357,0.7931435182752813,1,26.38,4,0.27,0.136,2328,1,4,High activity / full-night,C1: High activity / full-night
E01003986,1,769.32673,6.646814749522798,-0.0127503824025456,0.1639545138383532,0.1109895401658538,0.2861974920001262,0.9386989310013644,4,36.48,2,0.439,0.226,1540,1,2,High activity / full-night,C1: High activity / full-night
E01003987,0,87.12562,4.478763296568677,0.1423188724510654,0.037659416369146,0.0,0.0630079997173271,0.7130925906433042,2,35.188,2,0.438,0.228,1863,1,2,Low activity / early-stop,C0: Low activity / early-stop
E01003989,1,4823.03873,8.481366766981758,-0.1888239595372272,0.1571713544999876,0.0965923199210967,0.2829207698972658,0.8416836096328137,4,25.895,4,0.321,0.152,2276,1,4,High activity / full-night,C1: High activity / full-night
E01003990,3,987.19858,6.895883669454536,-0.2498996706417467,0.1290301086130006,0.0828870620944369,0.2128309886225166,0.7289198978600779,2,28.669,3,0.382,0.181,2301,1,3,Medium activity / continuing,C3: Medium activity / continuing
E01003993,1,812.25817,6.701048611414281,-0.0427204690351098,0.1139138926728185,0.077587597549188,0.191823729672337,0.8793744154593532,1,26.022,4,0.36,0.14,2001,1,4,High activity / full-night,C1: High activity / full-night
E01003994,1,5299.27282,8.575513573687095,-0.0222956515003505,0.1316728490306336,0.0718942377456233,0.2063940475296765,0.8208105092959586,2,29.844,3,0.296,0.148,1884,1,3,High activity / full-night,C1: High activity / full-night
E01003999,0,109.01468,4.700613811433605,-0.1655085351807665,0.0156510114050694,0.0,0.0217178898060754,0.8128968117764233,4,22.941,4,0.318,0.123,1436,1,4,Low activity / early-stop,C0: Low activity / early-stop
E01004000,0,499.85567,6.216317975748411,-0.2684058580349803,0.0525826985217552,0.0158102837965207,0.0781999285531033,0.7201155509670303,2,27.916,3,0.332,0.175,1914,1,3,Low activity / early-stop,C0: Low activity / early-stop
E01004001,2,829.99585,6.722624800859825,-0.2351978868328076,0.0631898460697122,0.0342278458380243,0.0967239048895399,0.8349137236121622,3,32.517,3,0.388,0.235,1777,1,3,Partial-night transition,C2: Partial-night transition
E01004002,0,192.17362,5.2635893700125855,-0.2168017649873067,0.0269915298468124,0.0,0.0413530181095742,1.0516622667261792,5,14.701,6,0.165,0.117,1669,1,6,Low activity / early-stop,C0: Low activity / early-stop
E01004003,0,129.72767,4.87311630442098,-0.2340375804175007,0.0124380558133819,0.0,0.0179045796291964,0.9936653084158203,4,33.307,3,0.381,0.195,1811,1,3,Low activity / early-stop,C0: Low activity / early-stop
E01004004,1,1702.91189,7.440681998305891,-0.1120457676762125,0.1635381323222776,0.0992060487639204,0.2995263362738517,0.9309094053542006,3,26.668,3,0.309,0.168,2562,1,3,High activity / full-night,C1: High activity / full-night
E01004005,1,3969.22327,8.286577611394577,-0.111898792228939,0.1381224644488189,0.0727548642029401,0.2417289012693041,0.8182525455373179,2,37.067,2,0.409,0.214,2316,1,2,High activity / full-night,C1: High activity / full-night
E01004008,1,3005.70828,8.00860116464755,0.2041970753063235,0.1231642546494898,0.0499581416464008,0.2227871415799925,0.8565721807741526,2,33.22,3,0.402,0.196,2098,1,3,High activity / full-night,C1: High activity / full-night
E01004010,1,14591.69108,9.58827607139002,-0.1379454423044159,0.1212311870023498,0.0580412657694504,0.2072269418936352,0.8797527344139792,1,33.508,3,0.369,0.163,1552,1,3,High activity / full-night,C1: High activity / full-night
E01004012,3,920.66806,6.826185137041252,-0.4359438514680307,0.0901905731366416,0.0487829783081646,0.1576935183735357,0.7121623374850226,4,23.313,4,0.329,0.167,2356,1,4,Medium activity / continuing,C3: Medium activity / continuing
E01004013,1,3156.83901,8.057643215048756,-0.1308765663029487,0.1723259875707123,0.110399212280388,0.3221155724990875,0.8390137316943841,4,28.418,3,0.363,0.183,1721,1,3,High activity / full-night,C1: High activity / full-night
E01004014,1,1732.54969,7.457926429265743,-0.1668109213075441,0.1576818324904724,0.1051810006095698,0.2817158469783067,0.8380555802692932,4,30.811,3,0.387,0.195,2210,1,3,High activity / full-night,C1: High activity / full-night
E01004015,1,3085.41581,8.034765764611128,-0.2714145585453521,0.0931959118988244,0.0478757934412736,0.1486105697854477,0.7248569895287769,6,17.052,6,0.152,0.091,1707,1,6,High activity / full-night,C1: High activity / full-night
E01004016,1,727.65182,6.591196004746434,-0.1892697801539203,0.089051326773291,0.0551770488253571,0.1422633727003026,0.8268485160905394,5,14.843,6,0.169,0.111,2561,1,6,High activity / full-night,C1: High activity / full-night
E01004017,3,1209.35815,7.098671586529412,-0.337294514449669,0.1116404929342064,0.0585649503416336,0.18311607153223,0.7156822995176125,5,12.442,7,0.116,0.067,1663,1,7,Medium activity / continuing,C3: Medium activity / continuing
E01004018,3,293.84005,5.6864330059045765,-0.2074270338573655,0.0643633160285672,0.0250420254148472,0.1015731318525539,0.832019310831531,5,11.067,8,0.096,0.054,1871,1,8,Medium activity / continuing,C3: Medium activity / continuing
E01004019,2,232.21523,5.4519617610916695,-0.2037128658615544,0.0567207413570591,0.0358764582323045,0.084419732988085,0.6763523796372067,3,20.69,5,0.25,0.149,2069,1,5,Partial-night transition,C2: Partial-night transition
E01004020,3,1317.94937,7.184590766840328,-0.2649525527676377,0.1261556352502372,0.078479501833974,0.214967725506367,0.8099774758710373,5,25.484,4,0.36,0.164,1739,1,4,Medium activity / continuing,C3: Medium activity / continuing
E01004021,3,388.17574,5.964031015378319,0.0842047985791178,0.0658165036279701,0.0285219009307485,0.104784838393219,0.9012347519562018,3,14.306,6,0.142,0.073,2087,1,6,Medium activity / continuing,C3: Medium activity / continuing
E01004023,1,3980.94126,8.289524733134124,-0.1490560501261955,0.1559454559749017,0.088605919294574,0.2790392617973455,0.8316678286122163,3,30.217,3,0.34,0.169,1572,1,3,High activity / full-night,C1: High activity / full-night
E01004024,0,322.89987,5.780434424818759,-0.0667739197293576,0.005413102210292,0.0,0.007577327417675,0.9517273269233708,2,29.18,3,0.366,0.173,2035,1,3,Low activity / early-stop,C0: Low activity / early-stop
E01004028,1,2050.17402,7.626167600889509,-0.0638348348595305,0.1218704644398918,0.0750026234358388,0.1951500381980851,0.796620455283603,1,30.437,3,0.336,0.196,2339,1,3,High activity / full-night,C1: High activity / full-night
E01004031,1,14331.84082,9.570308744021874,-0.0186495666088482,0.1125325232296293,0.0523915259337913,0.1972502086927992,1.0121679945380206,4,19.623,5,0.223,0.102,2668,1,5,High activity / full-night,C1: High activity / full-night
E01004033,3,1129.89707,7.030766464017085,-0.3736971457054933,0.0823223570267334,0.035152591377195,0.1313522534328097,0.7781224083141903,2,27.102,3,0.32,0.165,2437,1,3,Medium activity / continuing,C3: Medium activity / continuing
E01004034,1,742.22989,6.611005404667226,-0.1280458134069486,0.1350423653781984,0.0783218121275067,0.2243190876743437,0.8346571177012283,4,30.945,3,0.358,0.167,1557,1,3,High activity / full-night,C1: High activity / full-night
E01004035,3,611.21728,6.417087252182876,-0.1494202192712876,0.1227882333431411,0.0821451088555611,0.2066287741336244,0.9218231304822212,4,30.983,3,0.333,0.171,1520,1,3,Medium activity / continuing,C3: Medium activity / continuing
E01004036,3,302.88344,5.716644206828944,-0.1239347387232527,0.2972802672869801,0.2357827486375616,0.5826414886784792,0.8592097215060814,2,30.685,3,0.351,0.181,2143,1,3,Medium activity / continuing,C3: Medium activity / continuing
E01004037,1,1357.0377,7.213796069147144,-0.2007543047624984,0.1854091231216347,0.1197789420293923,0.3361177095561393,0.7740152239181499,2,28.788,3,0.328,0.137,2038,1,3,High activity / full-night,C1: High activity / full-night
E01004038,3,367.59696,5.9097037977790325,-0.3024776918720981,0.0836765625047606,0.049253046053482,0.1271374260954359,0.8406118900858378,4,24.935,4,0.309,0.154,2432,1,4,Medium activity / continuing,C3: Medium activity / continuing
E01004040,2,590.72106,6.383035341410249,0.0291367299483109,0.0462744294235929,0.0089914349760951,0.0749904983745869,0.7925813116692146,2,37.46,2,0.425,0.208,1889,1,2,Partial-night transition,C2: Partial-night transition
E01004042,1,2615.17642,7.869469149141113,-0.1828386094120563,0.1008184258559504,0.057554304500803,0.1634436033399138,0.8289519228200045,4,40.625,2,0.427,0.233,2019,1,2,High activity / full-night,C1: High activity / full-night
E01004044,2,208.27653,5.343656487473881,-0.1855685323737629,0.041790594456322,0.0186788208925892,0.0596659079325701,0.7987629120809911,3,31.791,3,0.381,0.189,1441,1,3,Partial-night transition,C2: Partial-night transition
E01004046,3,769.78718,6.647412304331321,-0.5217054926791584,0.0958019721762578,0.0200411105833173,0.1665966669882013,0.5285803932476113,2,18.814,5,0.15,0.11,1542,1,5,Medium activity / continuing,C3: Medium activity / continuing
E01004047,1,1485.33267,7.304067069670862,-0.1465142956830001,0.1405222642817113,0.0924553285426624,0.2416839361892457,0.9508287416829724,5,24.881,4,0.308,0.131,1611,1,4,High activity / full-night,C1: High activity / full-night
E01004048,3,2878.58669,7.96540205241472,-0.1989596880961052,0.0757533551994572,0.0476843134434141,0.11630177956188,0.8687246400103465,4,19.232,5,0.212,0.116,1601,1,5,Medium activity / continuing,C3: Medium activity / continuing
E01004049,3,919.35729,6.824761953347019,-0.3115968221669292,0.1616972657061325,0.0929873411891909,0.2901544278895564,0.8092454912312506,3,24.337,4,0.315,0.141,1278,1,4,Medium activity / continuing,C3: Medium activity / continuing
E01004050,3,245.97877,5.509302381516939,-0.1570118835865387,0.0919467155641114,0.0157961193155002,0.1595586892801278,0.7156973016208622,3,12.905,7,0.107,0.064,1428,1,7,Medium activity / continuing,C3: Medium activity / continuing
E01004051,1,3710.37282,8.21915711950141,-0.0493591153462578,0.0737274428395581,0.0394579027775435,0.1105737698622982,0.6326310407759502,2,11.575,7,0.081,0.057,1262,1,7,High activity / full-night,C1: High activity / full-night
E01004052,3,904.50697,6.808494974698592,0.0305945569440995,0.1573461838552775,0.101616906279893,0.271347046521884,0.6354600136746243,2,18.23,5,0.14,0.101,1828,1,5,Medium activity / continuing,C3: Medium activity / continuing
E01004053,3,604.42845,6.405936389206606,-0.1413126235206168,0.0893268012119548,0.0562343483335372,0.1429319781712332,0.6562755027667813,6,7.194,9,0.11,0.057,1895,1,9,Medium activity / continuing,C3: Medium activity / continuing
E01004054,3,223.04368,5.411841032845011,-0.5710161345974922,0.1084115452184074,0.0501576193506132,0.1974151408341176,0.7737822542170212,5,6.332,9,0.087,0.051,1593,1,9,Medium activity / continuing,C3: Medium activity / continuing
E01004055,3,206.23784,5.33386711919395,-0.4210206041723477,0.1216669550068988,0.0813742036863846,0.2231055218690683,0.7266581589561972,5,31.99,3,0.395,0.211,1271,1,3,Medium activity / continuing,C3: Medium activity / continuing
E01004056,3,860.07244,6.758178635615665,-0.3193973986656286,0.0818436874921837,0.0419493967275593,0.1312190179001743,0.689286098499441,5,15.634,6,0.208,0.109,2390,1,6,Medium activity / continuing,C3: Medium activity / continuing
E01004057,3,543.0883,6.299111549860568,-0.3330627082189029,0.076160303950573,0.0456370722771969,0.1254297247417527,0.7393864833993486,5,18.753,5,0.251,0.146,2219,1,5,Medium activity / continuing,C3: Medium activity / continuing
E01004059,1,886.53868,6.788452103498447,-0.0550142944693625,0.1548435314745657,0.0783183763623263,0.2569676388541907,0.7514502284880432,4,8.798,8,0.12,0.051,2119,1,8,High activity / full-night,C1: High activity / full-night
E01004060,1,1396.28037,7.242283033465571,0.3733401408486464,0.1142738760983941,0.0327856575108908,0.1964895688846008,0.7251066550048701,4,23.838,4,0.297,0.139,1987,1,4,High activity / full-night,C1: High activity / full-night
E01004062,1,6949.59773,8.846582939177225,0.0161004124766801,0.1183633602919344,0.0630142142054602,0.2059931912574754,0.8648339096591364,2,28.106,3,0.32,0.131,2165,1,3,High activity / full-night,C1: High activity / full-night
E01004063,1,7118.9794600000005,8.870660119570399,0.2000341211828696,0.0652454797221735,0.0204498328472491,0.1019642065531985,0.7733030986380873,1,21.617,4,0.22,0.116,1911,1,4,High activity / full-night,C1: High activity / full-night
E01004064,1,3661.37745,8.205867792014645,-0.1601264545942947,0.1237804559046486,0.0748859886051901,0.2082869273565427,0.8573599196602878,3,26.584,4,0.342,0.161,1927,1,4,High activity / full-night,C1: High activity / full-night
E01004067,1,16162.59112,9.69051653015954,-0.007613362182239,0.1275882298011137,0.082750172919056,0.2105717042602767,0.9026060877317028,2,35.433,2,0.384,0.176,2252,1,2,High activity / full-night,C1: High activity / full-night
E01004069,3,568.73518,6.345171656378978,0.0064899800993495,0.0539968179918112,0.0246035070311634,0.0792996025374001,0.7989988392186499,7,8.091,9,0.042,0.023,1363,1,9,Medium activity / continuing,C3: Medium activity / continuing
E01004070,3,1109.8383199999998,7.012870252496958,-0.1563587748528992,0.0736848588900768,0.0449207142171843,0.1103778408247333,0.6808029978976305,5,14.462,6,0.14,0.073,1929,1,6,Medium activity / continuing,C3: Medium activity / continuing
E01004071,3,431.80439,6.070285870734064,-0.0362603307483743,0.1114309189862567,0.0694890341434462,0.1815111752307982,0.7722324335007508,2,22.742,4,0.205,0.117,1560,1,4,Medium activity / continuing,C3: Medium activity / continuing
E01004072,3,1284.05474,7.158556595643789,-0.3932325034678817,0.0883369115556553,0.0345396645628986,0.1427278223624982,0.6670688338029221,4,11.195,7,0.08,0.058,1663,1,7,Medium activity / continuing,C3: Medium activity / continuing
E01004073,3,443.66837,6.097328768384831,-0.2891991376351665,0.0999610587520584,0.048792006516038,0.1684432126339967,0.7292693751458424,6,11.176,7,0.101,0.064,1845,1,7,Medium activity / continuing,C3: Medium activity / continuing
E01004074,3,911.54775,6.816240412854667,0.0081505878326176,0.071460030481124,0.0357741215421792,0.1113568851541704,0.9146480239015348,6,11.309,7,0.072,0.055,1770,1,7,Medium activity / continuing,C3: Medium activity / continuing
E01004075,0,199.97509,5.303180970030817,0.376081890999524,0.033789408470825,0.0111835929164977,0.0547551534529009,1.1469523057321904,5,8.911,8,0.045,0.036,1735,1,8,Low activity / early-stop,C0: Low activity / early-stop
E01004076,2,913.91418,6.818830268527017,0.0920326020108365,0.051022952724073,0.0318747215411407,0.0733873910627142,0.7154674807712011,5,18.496,5,0.261,0.122,1650,1,5,Partial-night transition,C2: Partial-night transition
E01004077,2,949.63706,6.857132349323618,-0.2864237206580796,0.0806586360477549,0.0417008156779391,0.1307795249818462,0.7373545953355585,5,14.086,7,0.18,0.096,1627,1,7,Partial-night transition,C2: Partial-night transition
E01004080,0,197.63541,5.291471033804464,-0.3443071765327883,0.0819085506994925,0.0503521104846545,0.1210818812086324,0.7348798682164381,5,4.886,10,0.074,0.068,1415,1,10,Low activity / early-stop,C0: Low activity / early-stop
E01004083,2,556.02728,6.322614215388649,-0.3191128320178822,0.1022939557929603,0.0600379355487737,0.1535828651920902,0.6805830120825894,6,40.688,2,0.478,0.262,1502,1,2,Partial-night transition,C2: Partial-night transition
E01004084,0,104.76203,4.661191570321587,-0.26880378320275,0.05275995510969,0.0428428124197287,0.07801342162144,0.7058611127225782,7,3.335,10,0.062,0.062,1434,1,10,Low activity / early-stop,C0: Low activity / early-stop
E01004086,2,1435.32765,7.269844892105367,-0.195615677019808,0.1240925164369264,0.0952963387836916,0.1908847984081,0.6114903727800144,4,14.16,6,0.202,0.107,2022,1,6,Partial-night transition,C2: Partial-night transition
E01004087,2,212.69572,5.364553134047794,-0.1700540095494164,0.091024022486207,0.0594983763660124,0.129848436091341,0.6470821945423675,6,3.224,10,0.057,0.06,1611,1,10,Partial-night transition,C2: Partial-night transition
E01004088,2,751.96855,6.624023460659399,-0.3018064651773002,0.1306127762923063,0.0982370605791957,0.2109411881920425,0.6792933861519947,6,50.046,1,0.51,0.293,1929,1,1,Partial-night transition,C2: Partial-night transition
E01004090,2,1355.66889,7.212787628587827,-0.3635316511541398,0.0809106639601355,0.0619003435270982,0.1192835345339086,0.6436079713354669,6,40.288,2,0.482,0.276,1359,1,2,Partial-night transition,C2: Partial-night transition
E01004091,0,213.39583,5.367823979380635,0.091021506840129,0.0584570467004908,0.0530551135886769,0.078619475070179,0.7518407228576973,6,1.897,10,0.045,0.044,1269,1,10,Low activity / early-stop,C0: Low activity / early-stop
E01004094,2,620.87451,6.432738319972848,-0.35301898607498,0.0528796390755355,0.0224913082677528,0.0710498103195677,0.6957311627151673,6,6.906,9,0.109,0.064,1835,1,9,Partial-night transition,C2: Partial-night transition
E01004097,2,187.94069,5.241433156287321,-0.1835683906449423,0.1318935244943498,0.0951291601621767,0.1989255936572131,0.8131058437397207,6,6.549,9,0.1,0.064,1589,1,9,Partial-night transition,C2: Partial-night transition
E01004098,2,441.5914,6.092646996791028,-0.159065824198569,0.0767429574036088,0.0266454238012787,0.1181440499224319,0.8530761694991328,5,7.222,9,0.073,0.062,1292,1,9,Partial-night transition,C2: Partial-night transition
E01004099,2,3298.17708,8.101428346659809,-0.0024913034687633,0.061501440062157,0.042059282032243,0.0938147276022114,0.8690351501864662,5,20.975,5,0.214,0.137,1619,1,5,Partial-night transition,C2: Partial-night transition
E01004100,2,229.30283,5.439395095070722,-0.3311130089410584,0.1179994594920612,0.0728666104993122,0.1956317344726189,0.7270321204469403,5,8.76,8,0.105,0.078,1502,1,8,Partial-night transition,C2: Partial-night transition
E01004101,2,320.1062,5.771771909535655,-0.172811523175746,0.0870600756873812,0.0519540077636734,0.1273808779423992,0.7684596735909512,5,4.653,10,0.086,0.06,1435,1,10,Partial-night transition,C2: Partial-night transition
E01004103,2,327.53517,5.7946438945987655,-0.1531571403461802,0.1135223127336218,0.0778769192938883,0.1784902079297117,0.7508603085332891,6,11.893,7,0.157,0.084,1793,1,7,Partial-night transition,C2: Partial-night transition
E01004105,2,309.97511,5.739712876822149,-0.2549925056886019,0.068749971570298,0.0270074910208113,0.0985110354670199,0.7530540997401199,5,6.536,9,0.12,0.068,1857,1,9,Partial-night transition,C2: Partial-night transition
E01004107,2,272.76364,5.612265106373431,-0.0996755286005128,0.0996326709821001,0.06112581574289,0.1466357382447581,0.6631496457592214,7,14.466,6,0.2,0.109,1578,1,6,Partial-night transition,C2: Partial-night transition
E01004109,0,185.17461,5.226684996791239,-0.465456954384837,0.0349460976318513,0.0218001809211316,0.0477884424301149,0.7988575220264394,7,18.103,5,0.237,0.142,1724,1,5,Low activity / early-stop,C0: Low activity / early-stop
E01004110,3,2027.16361,7.614886036999383,0.0550600008057563,0.0631430829601366,0.0331186440348542,0.0960226930419897,0.9262097007442862,5,12.532,7,0.176,0.102,2002,1,7,Medium activity / continuing,C3: Medium activity / continuing
E01004111,3,256.13278,5.549592605172149,-0.1277951225141897,0.059750961981516,0.0198675468247367,0.0896892611910563,0.8193649644383671,5,8.488,8,0.108,0.075,1694,1,8,Medium activity / continuing,C3: Medium activity / continuing
E01004118,1,5317.40424,8.578928582453006,-0.1803707780546697,0.0995149543116172,0.0579424783397697,0.1628753327527155,0.8627594904818191,5,13.136,7,0.161,0.079,1795,1,7,High activity / full-night,C1: High activity / full-night
E01004119,3,178.99692,5.192939739632703,-0.0263575484985998,0.1237862081649226,0.0811574858383038,0.1856798568485136,0.6570852327526692,4,5.546,9,0.073,0.048,1475,1,9,Medium activity / continuing,C3: Medium activity / continuing
E01004120,3,524.24028,6.263855834080298,-0.1559699685800565,0.0991190337377356,0.0732662129663138,0.1432976032858884,0.7023409030955124,7,3.564,10,0.042,0.038,1574,1,10,Medium activity / continuing,C3: Medium activity / continuing
E01004121,1,942.24236,6.849323259156171,0.0199396469502814,0.0861013508244312,0.045198795774794,0.1365823113482828,0.867240951700866,5,11.074,8,0.159,0.082,1581,1,8,High activity / full-night,C1: High activity / full-night
E01004123,1,5053.77182,8.52808799096988,-0.0618478734562258,0.0764961367013202,0.0503011788134114,0.1076720763493837,0.7210268450885684,2,28.919,3,0.339,0.164,2290,1,3,High activity / full-night,C1: High activity / full-night
E01004125,0,659.73622,6.493354698178014,-0.3079471368117397,0.0739216955528074,0.0505609651081458,0.104612154085655,0.6656747990739287,5,34.046,2,0.388,0.217,1557,1,2,Low activity / early-stop,C0: Low activity / early-stop
E01004127,0,369.13389,5.913864805045836,-0.4177371251390654,0.0784376097247532,0.0602577021578809,0.1135711320606773,0.6712075586495525,5,19.63,5,0.239,0.121,1881,1,5,Low activity / early-stop,C0: Low activity / early-stop
E01004128,2,395.96317,5.9838435056028585,-0.4175674975023561,0.1303226762226396,0.07906351492236,0.2004789616473259,0.6922141475990007,3,24.081,4,0.317,0.182,1457,1,4,Partial-night transition,C2: Partial-night transition
E01004129,1,1612.33851,7.3860609197151055,-0.224735344192703,0.1209526466002477,0.0796489689996922,0.1913131565240858,0.7279433272946234,3,33.743,2,0.413,0.21,1859,1,2,High activity / full-night,C1: High activity / full-night
E01004130,2,663.15256,6.498511882122013,-0.2909199656863271,0.0981419117193787,0.0541637055581901,0.1534715878801535,0.6605062395147533,5,9.645,8,0.14,0.07,1820,1,8,Partial-night transition,C2: Partial-night transition
E01004131,3,1741.7211,7.46320302124235,-0.3409858673699251,0.1026219123142046,0.0692074982613462,0.155742989264045,0.6556108836645085,4,9.784,8,0.149,0.071,1927,1,8,Medium activity / continuing,C3: Medium activity / continuing
E01004134,3,1398.07148,7.243564066998559,-0.5907034166808124,0.0783199439845522,0.0204173466152102,0.1320273371656837,0.6917239328363729,5,12.495,7,0.161,0.077,1672,1,7,Medium activity / continuing,C3: Medium activity / continuing
E01004135,2,360.32101,5.889766787583836,-0.2854075869736266,0.0825144501010362,0.0451093873210446,0.1284873217274922,0.6689607847068487,5,7.783,9,0.105,0.069,1445,1,9,Partial-night transition,C2: Partial-night transition
E01004137,1,4252.02294,8.355385289078729,0.0697083209997921,0.0804448975997293,0.0430779119926385,0.1212831307911296,0.8540179389850072,3,10.013,8,0.14,0.067,3140,1,8,High activity / full-night,C1: High activity / full-night
E01004138,2,552.77866,6.316765076227714,-0.2868667180458811,0.1129799041084545,0.0639461009583836,0.1775183151653824,0.723510701129684,6,14.759,6,0.207,0.1,1811,1,6,Partial-night transition,C2: Partial-night transition
E01004139,0,155.74179999999998,5.054599865544997,0.0004733475534507,0.0913456117753872,0.0590795791495924,0.1464059440298922,0.7506906263692069,5,13.819,7,0.164,0.091,1499,1,7,Low activity / early-stop,C0: Low activity / early-stop
E01004140,3,2100.62538,7.650466314811543,0.0107814464281108,0.0999814302919638,0.0518375389713705,0.1509818084500068,0.7610126749512386,2,31.949,3,0.384,0.205,1865,1,3,Medium activity / continuing,C3: Medium activity / continuing
E01004144,3,826.6375499999999,6.718575317002567,-0.2507000680044114,0.08394064605461,0.0501460283288606,0.1229335978651218,0.6332466890026489,3,8.903,8,0.101,0.072,1784,1,8,Medium activity / continuing,C3: Medium activity / continuing
E01004146,1,1808.13559,7.500604435599173,-0.1096698118751149,0.1407392517504729,0.0983661573742929,0.2367376396498489,0.7525198595060729,5,10.031,8,0.135,0.059,1946,1,8,High activity / full-night,C1: High activity / full-night
E01004148,3,586.37161,6.375657685965593,-0.373088543628502,0.1032813986338799,0.0600923704338277,0.1737390486611101,0.7295352567852706,5,25.155,4,0.353,0.174,1817,1,4,Medium activity / continuing,C3: Medium activity / continuing
E01004152,3,477.1371,6.169897511450121,-0.3523968268239882,0.1711185108011932,0.112980105718042,0.2741688867385883,0.8495880950864332,5,15.973,6,0.231,0.111,1770,1,6,Medium activity / continuing,C3: Medium activity / continuing
E01004153,2,247.64628,5.516031324260577,0.4163888914462999,0.1265826807493333,0.1071821066724685,0.1861218563612329,0.7216536817046363,3,9.596,8,0.159,0.088,1973,1,8,Partial-night transition,C2: Partial-night transition
E01004156,1,3507.3852,8.162911153621174,-0.0014630329169433,0.0837666048200237,0.0455766364070875,0.1271724186673056,0.6797993310091786,2,10.178,8,0.145,0.073,2008,1,8,High activity / full-night,C1: High activity / full-night
E01004157,3,114.46062,4.748929519443418,-0.0128540278743903,0.1154566522529757,0.0997356121258123,0.185405986842096,0.7998731932076258,5,2.507,10,0.04,0.044,1256,1,10,Medium activity / continuing,C3: Medium activity / continuing
E01004158,3,241.56218,5.491258089880638,-0.1400350833065011,0.0979242694365483,0.0557507387952865,0.1446297489920465,0.6955523044463593,5,7.729,9,0.117,0.064,1696,1,9,Medium activity / continuing,C3: Medium activity / continuing
E01004159,2,204.45162,5.325210580428533,-0.183896317378165,0.1401285546184471,0.0995687879606921,0.2287685025180536,0.7422005068891305,5,10.794,8,0.138,0.093,1645,1,8,Partial-night transition,C2: Partial-night transition
E01004160,3,287.12902,5.663408365931239,-0.4083982176374927,0.0368530495454621,0.0178493974590238,0.0499556792164795,0.7447554963774816,5,8.782,8,0.147,0.07,1607,1,8,Medium activity / continuing,C3: Medium activity / continuing
E01004163,2,453.09584,6.118308277084186,-0.4918317502098452,0.0936901561488624,0.053153169536935,0.1402315501249942,0.6178839838444914,4,10.815,8,0.122,0.087,1748,1,8,Partial-night transition,C2: Partial-night transition
E01004164,2,864.4614,6.763262775123743,-0.1529253937769806,0.0747931023872205,0.0583005094270258,0.1097742127431314,0.7088672082652229,5,11.117,8,0.124,0.093,1484,1,8,Partial-night transition,C2: Partial-night transition
E01004165,2,838.7924,6.733154718435388,-0.1064855141749018,0.1177681867408431,0.0949629252720935,0.1761522650245176,0.7421779694038783,5,18.244,5,0.229,0.118,1816,1,5,Partial-night transition,C2: Partial-night transition
E01004166,0,145.01867,4.983734490245135,-0.4603170750359247,0.0379887637915862,0.0146985212317834,0.0517906091611547,0.5270832480491826,5,12.845,7,0.168,0.11,1492,1,7,Low activity / early-stop,C0: Low activity / early-stop
E01004167,2,502.17505,6.220938121486063,-0.2739915294477493,0.0979945140643685,0.0634570554630302,0.1459708992573757,0.6347024477981567,5,28.246,3,0.365,0.175,1635,1,3,Partial-night transition,C2: Partial-night transition
E01004169,2,443.79949,6.097623596352982,-0.4841338371073837,0.1601742940263406,0.0978865478191513,0.2661671647008526,0.7509963585759959,5,17.452,5,0.272,0.142,1797,1,5,Partial-night transition,C2: Partial-night transition
E01004170,2,1623.59969,7.393016719800634,-0.1211777947555533,0.0836289085519596,0.0539524123708104,0.1280512425009365,0.6685316707265402,4,12.882,7,0.198,0.089,2181,1,7,Partial-night transition,C2: Partial-night transition
E01004171,2,1713.20752,7.446706165341171,-0.179240014076053,0.074364867368782,0.0412913842451497,0.1093082611201278,0.804120393381638,5,8.392,8,0.114,0.063,1566,1,8,Partial-night transition,C2: Partial-night transition
E01004175,0,118.26955,4.781386057631335,0.331536139268307,0.044671261537733,0.016494862794354,0.0607549937080216,0.5515009840244502,7,9.84,8,0.122,0.081,1783,1,8,Low activity / early-stop,C0: Low activity / early-stop
E01004176,2,144.66291,4.981295116621242,-0.0655237061109859,0.1248702932907958,0.1038484570785974,0.1956439992080707,0.8352426260387934,6,14.843,6,0.18,0.097,1453,1,6,Partial-night transition,C2: Partial-night transition
E01004177,2,630.83865,6.448634060919192,-0.3048067045353038,0.0495545414029403,0.0264424984106474,0.0714620774763281,0.7099361239665872,6,23.678,4,0.303,0.18,1786,1,4,Partial-night transition,C2: Partial-night transition
E01004178,2,3565.77484,8.179417060293936,0.0523009411328955,0.0640701026428241,0.0458770161718904,0.0909678216021303,0.7552449176197554,3,21.271,5,0.245,0.122,2387,1,5,Partial-night transition,C2: Partial-night transition
E01004180,0,117.4994,4.774907897271228,0.087076019111587,0.077701673370247,0.0554737300786216,0.1011139266301338,0.6577988348247172,5,2.994,10,0.056,0.063,1852,1,10,Low activity / early-stop,C0: Low activity / early-stop
E01004181,0,585.44858,6.374084991615789,-0.2755113010949654,0.0516190508139929,0.0298386751574322,0.0705510032348784,0.6578723008031573,6,17.632,5,0.216,0.153,1777,1,5,Low activity / early-stop,C0: Low activity / early-stop
E01004182,2,363.89571,5.899611586727636,-0.1443242350947198,0.0879636366144574,0.0643770711119402,0.1379738277408533,0.7982477765237931,6,28.422,3,0.342,0.205,1751,1,3,Partial-night transition,C2: Partial-night transition
E01004183,2,442.51801,6.094738409718806,-0.4121110686545843,0.1550740273825239,0.0922723574572705,0.2706720323769632,0.630995919328335,6,28.119,3,0.328,0.184,1734,1,3,Partial-night transition,C2: Partial-night transition
E01004185,0,162.97486999999998,5.099713184375704,0.0326135556972678,0.0696287716014131,0.0593454684148543,0.0971755836384697,0.857817502516932,6,28.749,3,0.351,0.182,2202,1,3,Low activity / early-stop,C0: Low activity / early-stop
E01004186,0,328.48075,5.797517930384649,-0.1852128321065997,0.0488126929812477,0.0362219095030682,0.068560041705499,0.7778353950415526,5,14.963,6,0.191,0.097,1759,1,6,Low activity / early-stop,C0: Low activity / early-stop
E01004190,3,397.74166,5.988313738519824,-0.021826579594403,0.0517232969762332,0.0240688641969262,0.0731214314555112,0.8409338597433672,4,2.845,10,0.064,0.054,1345,1,10,Medium activity / continuing,C3: Medium activity / continuing
E01004191,3,690.41016,6.538733222201657,-0.0683597703718612,0.0788899021995852,0.0455858731858754,0.1215789697254997,0.7407935872475326,3,9.621,8,0.136,0.071,1954,1,8,Medium activity / continuing,C3: Medium activity / continuing
E01004196,3,767.2611899999999,6.64412976647562,-0.4168644969518137,0.0938323623536855,0.0567593285931743,0.1405092637273462,0.5846638891570959,6,5.364,10,0.111,0.056,1606,1,10,Medium activity / continuing,C3: Medium activity / continuing
E01004198,3,991.16232,6.899886722931361,0.209639769195423,0.0925135753748185,0.0241331712448471,0.1573981353285908,0.856428900402064,2,45.952,1,0.49,0.254,1521,1,1,Medium activity / continuing,C3: Medium activity / continuing
E01004200,1,996.26043,6.905011949492418,-0.0938826908943879,0.1318278896211906,0.0606039226108779,0.2436746002762531,0.8079694251480403,2,22.522,4,0.255,0.094,1524,1,4,High activity / full-night,C1: High activity / full-night
E01004201,2,173.32179,5.16090295905542,-0.3307013503610827,0.0884636605703183,0.0256379766214046,0.1579240154674624,0.8265079190143594,2,25.579,4,0.357,0.135,1673,1,4,Partial-night transition,C2: Partial-night transition
E01004203,3,419.1814,6.040686522795305,0.2228310702717248,0.1240348450575335,0.0358860149806265,0.2200077664585215,0.8669520631815538,2,30.953,3,0.383,0.136,1791,1,3,Medium activity / continuing,C3: Medium activity / continuing
E01004204,1,902.82753,6.806638556792097,-0.0959725386309387,0.1650017694963289,0.0970390324716836,0.3017183374632014,0.8946190878171719,2,37.469,2,0.472,0.191,1876,1,2,High activity / full-night,C1: High activity / full-night
E01004205,2,100.22924,4.617387647926645,0.0240430836350749,0.0291858942560075,0.0034526850647575,0.053888061353929,1.0329401871966175,1,47.599,1,0.605,0.232,2279,1,1,Partial-night transition,C2: Partial-night transition
E01004207,1,2816.46362,7.943592333674402,-0.0997282542566624,0.1914843267174883,0.0633899187378816,0.3922148754442818,0.946728562621652,3,43.476,2,0.536,0.199,1480,1,2,High activity / full-night,C1: High activity / full-night
E01004208,1,9313.72403,9.1393516561878,0.0078803591091586,0.1982317206364552,0.0786792756194645,0.3997531911928877,0.8693995021136971,2,30.764,3,0.326,0.109,2093,1,3,High activity / full-night,C1: High activity / full-night
E01004209,3,835.68502,6.729447679472104,0.0031699263916445,0.1106398078070132,0.040219770841411,0.2124999968398507,0.9747140332293598,2,48.711,1,0.599,0.225,1396,1,1,Medium activity / continuing,C3: Medium activity / continuing
E01004211,1,1534.00452,7.33628860464237,0.1221822084331277,0.137734965735303,0.0651685889426192,0.2390258649497572,0.8468823681009182,1,34.692,2,0.34,0.137,1617,1,2,High activity / full-night,C1: High activity / full-night
E01004212,1,8583.42068,9.05770429056544,-0.1776124853757021,0.1228240836961983,0.048361618925102,0.2220055438486368,0.8803699730625391,1,30.507,3,0.421,0.119,2387,1,3,High activity / full-night,C1: High activity / full-night
E01004216,3,492.91352,6.202360441134259,-0.3709841840004713,0.1529503796122289,0.0902570901281019,0.2618954173440604,0.9942789390904472,5,21.109,5,0.317,0.116,1857,1,5,Medium activity / continuing,C3: Medium activity / continuing
E01004217,1,2176.69667,7.686023023821491,-0.1900920030350393,0.1167870532920877,0.0479567968466639,0.1893518725218281,1.4111149834313006,5,26.389,4,0.293,0.137,2219,1,4,High activity / full-night,C1: High activity / full-night
E01004218,3,379.51957,5.941537608305031,-0.2273981022902192,0.1879713343899499,0.1203479704617076,0.3217044290164418,1.0805454837127668,5,16.025,6,0.232,0.099,1958,1,6,Medium activity / continuing,C3: Medium activity / continuing
E01004219,1,6618.042,8.797705925468183,-0.1909336598347366,0.1554068106548734,0.0728937561895195,0.2892663976331434,1.191786633039881,2,29.952,3,0.445,0.123,2846,1,3,High activity / full-night,C1: High activity / full-night
E01004221,3,922.72214,6.828411312132363,-0.1047993277803001,0.1175234507757665,0.0532187403674956,0.1933086051219908,1.0840226879754808,3,29.445,3,0.362,0.126,1943,1,3,Medium activity / continuing,C3: Medium activity / continuing
E01004223,3,1285.35076,7.159564620328921,-0.2186535603713339,0.1390911458285519,0.0715145179515045,0.241984480831084,0.8037925404223629,5,35.266,2,0.451,0.219,2118,1,2,Medium activity / continuing,C3: Medium activity / continuing
E01004226,0,201.29489,5.309726484339102,-0.3398110602807652,0.0046460195785397,0.0017059548804244,0.0064153959625028,1.1400340268851827,2,31.751,3,0.439,0.162,2456,1,3,Low activity / early-stop,C0: Low activity / early-stop
E01004228,1,2101.57417,7.650917668276012,-0.2811801355552443,0.1403380447904915,0.063152593848258,0.2519915828736933,0.7876499762116366,2,19.842,5,0.231,0.111,2059,1,5,High activity / full-night,C1: High activity / full-night
E01004229,3,754.4220399999999,6.627276586447909,-0.0048585006874931,0.1870256600668771,0.0886601748803627,0.3722856206257265,0.963288570502322,2,26.778,3,0.369,0.158,1474,1,3,Medium activity / continuing,C3: Medium activity / continuing
E01004230,1,2519.28774,7.832128356526821,-0.0260734012066441,0.1003483945029637,0.0636423650440183,0.1636442219826167,0.8729302483951522,2,27.27,3,0.366,0.147,2296,1,3,High activity / full-night,C1: High activity / full-night
E01004231,1,2469.22643,7.812065097485173,-0.1877239464021126,0.2251879589673758,0.1009296988611935,0.470492860340999,0.9927709477527416,2,38.278,2,0.465,0.192,1611,1,2,High activity / full-night,C1: High activity / full-night
E01004232,1,4307.15259,8.368264457797562,0.0802962195495376,0.1429648583682984,0.0732307953826172,0.2576837043872373,0.8362552252491581,2,20.741,5,0.202,0.103,1849,1,5,High activity / full-night,C1: High activity / full-night
E01004233,1,576.58847,6.358861625468018,-0.2362300619712357,0.1530317108144739,0.0842836486133689,0.2681261310143709,0.7539401605875812,2,29.1,3,0.442,0.17,2258,1,3,High activity / full-night,C1: High activity / full-night
E01004234,1,1413.22952,7.254340152944644,-0.2296902346053456,0.1040181357094776,0.0409887277191888,0.177209281736882,0.8841876030626226,4,17.914,5,0.178,0.083,2574,1,5,High activity / full-night,C1: High activity / full-night
E01004235,3,545.12572,6.302849205650222,-0.2832955671216541,0.1213382300141699,0.0724745660505617,0.2131050511800026,2.0370844108801207,3,50.465,1,0.812,0.243,1394,1,1,Medium activity / continuing,C3: Medium activity / continuing
E01004236,0,208.07776,5.3427062401848815,-0.2969767648402212,0.0828296113914336,0.0512327218439875,0.1308110642707736,1.001857059605341,3,50.945,1,0.705,0.249,1555,1,1,Low activity / early-stop,C0: Low activity / early-stop
E01004239,3,418.68565,6.039505978666144,-0.3075604095817471,0.1448894654020265,0.0954751613770378,0.2512655407106975,1.869014525210472,3,38.416,2,0.432,0.215,1783,1,2,Medium activity / continuing,C3: Medium activity / continuing
E01004241,0,278.6865,5.633669333043788,-0.2148188017718834,0.0816555161444849,0.0646834704946238,0.1381056367210173,0.8767625217108725,2,48.793,1,0.643,0.247,1750,1,1,Low activity / early-stop,C0: Low activity / early-stop
E01004244,2,213.03085,5.366120163510463,-0.3877727099150194,0.0930030087191596,0.0304846457684415,0.1606345794408435,1.2261663507888572,2,44.423,2,0.513,0.239,2056,1,2,Partial-night transition,C2: Partial-night transition
E01004245,1,839.628,6.73414923155707,-0.1600005002215267,0.2159471456406884,0.1313984526480774,0.409938889883567,1.0440787602498236,2,28.405,3,0.44,0.143,3018,1,3,High activity / full-night,C1: High activity / full-night
E01004247,1,3303.7378,8.103112414796746,-0.037056536387361,0.2417117817279567,0.0997496048263878,0.5109224409924545,1.1078170286709377,2,43.751,2,0.568,0.209,2695,1,2,High activity / full-night,C1: High activity / full-night
E01004249,2,1218.63642,7.1063080769181495,-0.2605244967157636,0.0791107654570179,0.0331522916408488,0.1284418234397122,1.1207141829478673,2,45.539,1,0.584,0.242,2421,1,1,Partial-night transition,C2: Partial-night transition
E01004255,1,1642.56314,7.404621810376665,-0.1055310908778825,0.1751534312403966,0.0732221228341943,0.3389732462979323,1.1364447023601338,3,40.668,2,0.514,0.201,1667,1,2,High activity / full-night,C1: High activity / full-night
E01004257,1,1163.8092,7.060312575762878,-0.2503003928822697,0.2209188069659528,0.1132694775054192,0.4504292182341717,1.1130074509322798,2,47.337,1,0.624,0.214,2290,1,1,High activity / full-night,C1: High activity / full-night
E01004259,1,1015.99259,6.924605109886323,0.2430151680535386,0.1358120535111383,0.0430981981866619,0.2527305381570545,0.8587482857379685,2,28.552,3,0.35,0.131,1737,1,3,High activity / full-night,C1: High activity / full-night
E01004266,2,80.64089,4.402330239401087,-0.0520327838643646,0.0759195490029933,0.0395893448100585,0.1216800787533188,1.052736224528109,2,29.541,3,0.404,0.151,1419,1,3,Partial-night transition,C2: Partial-night transition
E01004267,1,2075.8842,7.638624068831217,-0.3407679195207517,0.2267452731708252,0.0684893502248343,0.4964503777419267,0.9680036277270044,1,33.138,3,0.408,0.17,2267,1,3,High activity / full-night,C1: High activity / full-night
E01004270,1,9247.85256,9.132254775244368,-0.0040319263048459,0.185943798178374,0.08142494326272,0.3669619175241548,0.9921215307960142,4,24.945,4,0.304,0.103,2472,1,4,High activity / full-night,C1: High activity / full-night
E01004272,2,455.87231,6.124403942661812,-0.1264455610387918,0.0945028005758893,0.0340958853149032,0.1661197426727846,1.1450837264596916,2,41.976,2,0.575,0.197,2676,1,2,Partial-night transition,C2: Partial-night transition
E01004274,3,1033.29915,6.941479326571567,-0.3674269837539302,0.1086017829396259,0.0497424777713211,0.1891431601275394,1.1325388662432458,2,31.206,3,0.399,0.195,1948,1,3,Medium activity / continuing,C3: Medium activity / continuing
E01004276,3,728.04738,6.5917387230379845,-0.3801647909233599,0.1024927388654293,0.0426685966509487,0.1761986922543652,0.998403748169463,6,6.238,9,0.085,0.033,2030,1,9,Medium activity / continuing,C3: Medium activity / continuing
E01004277,1,7673.23608,8.945624033951116,0.2413966754949627,0.1153695495317016,0.0604043111886113,0.1887113720573534,1.1156280517123194,1,8.39,8,0.087,0.057,1737,1,8,High activity / full-night,C1: High activity / full-night
E01004280,1,1011.96826,6.9206401710825824,-0.2829170946527512,0.1158277236876974,0.0486169694689831,0.2022426238989487,0.8048690264974603,1,27.709,3,0.413,0.154,2017,1,3,High activity / full-night,C1: High activity / full-night
E01004281,2,305.26735,5.724458413315437,-0.4918933190857129,0.1014321380914139,0.0346001627753508,0.1696271605756623,1.1242490835552437,3,11.418,7,0.175,0.069,2007,1,7,Partial-night transition,C2: Partial-night transition
E01004287,1,1408.77879,7.251188084539413,0.046852884546906,0.1817484986411528,0.0906651994668375,0.3499494928123819,1.204077781145073,1,42.945,2,0.649,0.202,2338,1,2,High activity / full-night,C1: High activity / full-night
E01004288,0,84.32729,4.446494332991076,-0.0915681032794959,0.0435515003505982,0.0317019555591078,0.0791970617182358,1.5671685915591704,3,44.119,2,0.556,0.212,1796,1,2,Low activity / early-stop,C0: Low activity / early-stop
E01004289,3,1843.25524,7.519830811023762,-0.005172805042453,0.0948004900287168,0.0363901745913387,0.2173302077552737,1.984484554320524,2,38.598,2,0.454,0.185,1972,1,2,Medium activity / continuing,C3: Medium activity / continuing
E01004290,1,1143.31279,7.042559552400068,0.0753664533045239,0.1865685155153385,0.0749206085589229,0.3987998174061943,0.9160866160193982,2,31.305,3,0.404,0.154,2061,1,3,High activity / full-night,C1: High activity / full-night
E01004291,2,544.64867,6.301975307096218,-0.3317971381441177,0.0412099418144177,0.0152346649446513,0.0583560177955,0.7801502864615028,2,11.483,7,0.163,0.063,1906,1,7,Partial-night transition,C2: Partial-night transition
E01004293,1,3117.5142,8.04511194942703,0.2378829132518466,0.1239390409192041,0.0606034031857818,0.2133354102495994,1.2051534035434366,2,7.925,9,0.119,0.058,2017,1,9,High activity / full-night,C1: High activity / full-night
E01004295,2,107.42703,4.686077412165486,-0.0300448592872762,0.0646547707778945,0.0287119545239219,0.1177586277636699,1.0282740652559623,3,39.106,2,0.602,0.153,2052,1,2,Partial-night transition,C2: Partial-night transition
E01004296,3,610.04989,6.415178608865992,-0.0149418763111324,0.262504333866858,0.1378149088757314,0.5920377246144111,1.0271686875714456,3,26.423,4,0.397,0.149,2458,1,4,Medium activity / continuing,C3: Medium activity / continuing
E01004301,2,489.54354,6.195514041630629,-0.4097454947521113,0.0298735021608088,0.006059522305207,0.0479170155473634,1.096373687657858,3,45.921,1,0.578,0.192,1370,1,1,Partial-night transition,C2: Partial-night transition
E01004303,3,162.87908,5.09912883879911,-0.3706974523677319,0.1878190864044664,0.0561042584474322,0.3527286550898379,1.098103693261259,2,32.13,3,0.431,0.172,2911,1,3,Medium activity / continuing,C3: Medium activity / continuing
E01004305,3,998.77421,6.907529463487737,-0.1455939375927618,0.1471605979894094,0.0724873542739955,0.2844616096594649,1.1125230631625511,2,43.9,2,0.597,0.203,1962,1,2,Medium activity / continuing,C3: Medium activity / continuing
E01004307,0,523.51855,6.26248079422716,0.2880320668675446,0.0458174404708295,0.0203397377227607,0.0714665895657256,1.0137628990582908,1,16.323,6,0.125,0.057,2600,1,6,Low activity / early-stop,C0: Low activity / early-stop
E01004309,1,5140.63742,8.545126871920743,0.2105662063985831,0.1582164221183294,0.0530809854315693,0.3414701435490092,0.9812526888678376,1,47.715,1,0.571,0.221,2882,1,1,High activity / full-night,C1: High activity / full-night
E01004310,1,11049.79182,9.310257362297143,0.0230691676506173,0.3145773256749012,0.1719121066662774,0.7969660312866743,1.0008410382666746,1,33.152,3,0.391,0.158,2119,1,3,High activity / full-night,C1: High activity / full-night
E01004313,1,1349.60227,7.208305897873817,-0.0374522413925696,0.1018487691192161,0.0419245219556425,0.1700508946489019,0.8514726540943605,2,37.223,2,0.505,0.166,2156,1,2,High activity / full-night,C1: High activity / full-night
E01004319,2,128.36403,4.862630368154035,-0.0146713218648557,0.0781215734657131,0.0067180813815209,0.1465073883377898,0.9805983801128983,2,35.858,2,0.499,0.157,2540,1,2,Partial-night transition,C2: Partial-night transition
E01004321,1,2761.0876,7.92374204961401,-0.0133852109581746,0.1876386029910822,0.0714376066880311,0.4167968597177829,1.0583585754767564,1,37.217,2,0.457,0.169,2291,1,2,High activity / full-night,C1: High activity / full-night
E01004322,3,850.79977,6.747351487472641,-0.4934173289680132,0.157903580533408,0.079846977391637,0.3099921076162657,0.9845841563139812,2,45.199,1,0.666,0.146,1532,1,1,Medium activity / continuing,C3: Medium activity / continuing
E01004326,1,3011.66502,8.010580354721863,-0.0658345063887616,0.2032794968678156,0.0851590161245755,0.4295011111848839,1.105607616544652,2,36.528,2,0.442,0.146,1938,1,2,High activity / full-night,C1: High activity / full-night
E01004328,3,391.97979,5.973758185610567,-0.1847469483056766,0.1469723222210002,0.1187840066958554,0.2349332067528099,0.6698057276283265,3,25.91,4,0.292,0.133,1816,1,4,Medium activity / continuing,C3: Medium activity / continuing
E01004329,2,185.35832,5.2276712720979175,-0.2625521206709254,0.0776074146550314,0.0447225676193008,0.124113882401907,0.7315599533151095,4,24.652,4,0.309,0.117,1804,1,4,Partial-night transition,C2: Partial-night transition
E01004330,2,707.73835,6.563486417517096,-0.1318053345561957,0.1188342697551997,0.0650441791094123,0.2017059086722088,0.8117548289775314,4,17.297,6,0.217,0.093,1621,1,6,Partial-night transition,C2: Partial-night transition
E01004331,2,444.28919,6.098723936263851,-0.2888678655449618,0.1048064437489464,0.0783905185719238,0.1647000079548014,0.7776771798600277,4,30.697,3,0.386,0.128,1612,1,3,Partial-night transition,C2: Partial-night transition
E01004332,3,535.5596,6.285177646301417,0.37521172246749,0.2198717192260207,0.1598858278331673,0.3820168638475732,0.8027774118136087,4,30.341,3,0.348,0.15,1951,1,3,Medium activity / continuing,C3: Medium activity / continuing
E01004335,1,2179.26761,7.687202905129859,-0.2508850255430538,0.1360138739454765,0.0769828034107293,0.234955477850755,0.7750495315514359,4,39.88,2,0.468,0.218,1703,1,2,High activity / full-night,C1: High activity / full-night
E01004336,1,11505.64024,9.350679559886988,0.0847838955200983,0.1212867342356604,0.065175329174033,0.2072747893401895,0.7852278284782959,2,31.437,3,0.328,0.165,1608,1,3,High activity / full-night,C1: High activity / full-night
E01004337,3,394.58794,5.980373113945143,-0.1879828359680734,0.1442448038325753,0.0864772755092312,0.2557778605246107,0.7794567440909731,4,32.921,3,0.446,0.162,1764,1,3,Medium activity / continuing,C3: Medium activity / continuing
E01004340,0,111.94156,4.726870516793179,-0.3068145557378332,0.0358562092577591,0.0272540421984471,0.0524626178686855,0.5193758854759811,4,34.13,2,0.429,0.216,1851,1,2,Low activity / early-stop,C0: Low activity / early-stop
E01004341,1,2850.99945,7.955775588687043,-0.1221166107204966,0.1824438584160372,0.1198814261433828,0.3207375006063767,0.8041645582440187,2,34.935,2,0.415,0.184,1924,1,2,High activity / full-night,C1: High activity / full-night
E01004342,3,867.43578,6.766693639366312,-0.0762108291175169,0.0946876897330658,0.0606494696356657,0.1387042802532858,0.7146533238988041,4,23.965,4,0.324,0.147,2075,1,4,Medium activity / continuing,C3: Medium activity / continuing
E01004343,2,620.66841,6.432406847695418,-0.3448803685691045,0.0989866875937829,0.0540992250596417,0.1553553040279533,0.7270528935941336,5,13.478,7,0.174,0.106,1756,1,7,Partial-night transition,C2: Partial-night transition
E01004344,1,3040.85401,8.02022248021462,-0.0742887850771895,0.1437271991890199,0.1040142995881607,0.2292824041680648,0.7674987773947626,5,26.494,4,0.34,0.14,1846,1,4,High activity / full-night,C1: High activity / full-night
E01004345,2,487.00028,6.190315979623474,-0.3220333261410035,0.1210961110741045,0.0839327648846526,0.1990969278613162,0.6916714011311915,5,20.686,5,0.273,0.119,1764,1,5,Partial-night transition,C2: Partial-night transition
E01004347,3,722.01682,6.583432486065198,-0.7825420188964572,0.0774622951304652,0.0384992554605583,0.1239975636394763,0.6487163918392251,5,14.861,6,0.232,0.09,2121,1,6,Medium activity / continuing,C3: Medium activity / continuing
E01004348,1,1935.53871,7.568657488427105,-0.1179782397635436,0.1047348311623279,0.0684873980123084,0.1607712401152566,0.8895526924426659,4,21.066,5,0.28,0.116,2963,1,5,High activity / full-night,C1: High activity / full-night
E01004349,0,195.37324,5.280017134091319,-0.1872161202834123,0.1045284400258704,0.0892928837132454,0.1494222034069069,0.6265763706009787,7,23.331,4,0.291,0.16,1507,1,4,Low activity / early-stop,C0: Low activity / early-stop
E01004350,0,602.32159,6.402450371313936,-0.0986631576663224,0.0834881744816751,0.0495407445049412,0.1216390904036046,0.730239744972252,5,22.932,4,0.285,0.158,1934,1,4,Low activity / early-stop,C0: Low activity / early-stop
E01004352,1,1724.76164,7.453423762454363,0.1427175757457128,0.0772873694013742,0.0400608051556619,0.1177278990597667,0.8652365801494176,7,8.96,8,0.12,0.069,1859,1,8,High activity / full-night,C1: High activity / full-night
E01004353,2,133.30557,4.9001175769804,-0.2646601338563722,0.0882581275486088,0.0678877859342261,0.1263770884449494,0.681048394027352,7,13.189,7,0.156,0.124,1824,1,7,Partial-night transition,C2: Partial-night transition
E01004354,3,2743.06442,7.9171954652465875,-0.0947580370715464,0.0539969345670707,0.025814049237677,0.0798010892105144,0.7565732607105102,6,15.684,6,0.212,0.078,2027,1,6,Medium activity / continuing,C3: Medium activity / continuing
E01004356,3,550.6447499999999,6.312904270257195,-0.2843954654974918,0.114568676083809,0.0799330058081912,0.1774790921363881,0.6958638158628846,6,18.991,5,0.254,0.135,1705,1,5,Medium activity / continuing,C3: Medium activity / continuing
E01004357,0,114.46473,4.748965115362189,0.3636710626932856,0.1054145674392452,0.0576415110575982,0.1583600246997672,0.6848843124114558,5,15.453,6,0.212,0.116,1592,1,6,Low activity / early-stop,C0: Low activity / early-stop
E01004358,3,542.9240599999999,6.298809641523336,-0.3082008559355428,0.1710153534179347,0.129359012013577,0.2934200405751666,0.878184896443222,6,17.204,6,0.209,0.136,1934,1,6,Medium activity / continuing,C3: Medium activity / continuing
E01004359,2,373.20502,5.924803829035948,-0.2512148416438771,0.0623874244778379,0.04022603983194,0.0884142821990467,0.7723147956288323,5,12.111,7,0.165,0.096,1682,1,7,Partial-night transition,C2: Partial-night transition
E01004361,3,370.3815,5.917229836154007,-0.3894064363365881,0.1317738061971237,0.0974688260617768,0.2055752320970534,0.6338956397759354,6,10.791,8,0.14,0.08,1395,1,8,Medium activity / continuing,C3: Medium activity / continuing
E01004362,3,1019.68491,6.928229161328384,-0.259669028543337,0.0759170791298657,0.0400086532613295,0.1118328281137745,0.811898289466195,5,18.907,5,0.194,0.126,1633,1,5,Medium activity / continuing,C3: Medium activity / continuing
E01004363,3,3028.87978,8.016278221148623,0.029070569449937,0.0800052222607527,0.057422609226174,0.111013679868689,0.6529790541184323,2,17.642,5,0.208,0.108,1642,1,5,Medium activity / continuing,C3: Medium activity / continuing
E01004364,1,4437.77233,8.398133114940222,0.0209051260635536,0.1304955678066522,0.0772432933710233,0.2143407272450812,0.774958039575889,2,29.096,3,0.403,0.165,1971,1,3,High activity / full-night,C1: High activity / full-night
E01004365,1,6000.16555,8.699708987677818,-0.2414479830477344,0.124116880408408,0.0757219540384181,0.2049159178168339,0.7927104320581411,3,34.627,2,0.39,0.157,2429,1,2,High activity / full-night,C1: High activity / full-night
E01004366,2,332.71171,5.8102774765411,0.1335662937742708,0.0509302482921325,0.0331093245861409,0.0714847301707284,0.6008420168965858,2,15.246,6,0.189,0.101,1938,1,6,Partial-night transition,C2: Partial-night transition
E01004369,3,1125.91674,7.027240633759675,-0.1194898656538315,0.1281834925022964,0.0852010158406562,0.2201518399116366,0.8603096235660358,2,19.202,5,0.279,0.097,1724,1,5,Medium activity / continuing,C3: Medium activity / continuing
E01004370,3,395.83804,5.98352823775126,0.0375591491914218,0.1359693474634221,0.1124933066059037,0.2162236603429635,0.7359877809463098,4,17.595,5,0.241,0.103,2034,1,5,Medium activity / continuing,C3: Medium activity / continuing
E01004371,2,317.13789,5.762484905147975,-0.0575471130239278,0.0786466732183909,0.0444370112949922,0.1149210574998312,0.7736217974306997,2,17.313,6,0.166,0.103,1633,1,6,Partial-night transition,C2: Partial-night transition
E01004374,2,444.26368,6.098666646009973,-0.1307164700026794,0.0618205386494795,0.0344402225273063,0.0931695132922151,0.7526866870052922,4,16.24,6,0.208,0.093,1949,1,6,Partial-night transition,C2: Partial-night transition
E01004376,2,1137.19019,7.037194727259978,-0.150757746160297,0.0869475755853996,0.0351440949380683,0.1323752255244292,0.82466681348556,2,22.33,4,0.256,0.118,1876,1,4,Partial-night transition,C2: Partial-night transition
E01004377,3,447.11128,6.10504159442773,-0.181309315211193,0.081492084028835,0.0552759930369012,0.1172433270691631,0.7887043403481738,7,15.862,6,0.155,0.107,1820,1,6,Medium activity / continuing,C3: Medium activity / continuing
E01004378,3,662.61421,6.497700971589134,-0.3171144337517301,0.1510597395730465,0.0916955885989828,0.2486216859969179,0.7868498226803253,6,19.402,5,0.25,0.136,1849,1,5,Medium activity / continuing,C3: Medium activity / continuing
E01004379,2,357.19515,5.881077949613115,0.4891892009172017,0.0645386142561006,0.0279860182872023,0.092564839994258,0.5229405552924347,3,8.191,9,0.117,0.058,1939,1,9,Partial-night transition,C2: Partial-night transition
E01004381,2,1906.32681,7.553457964803276,0.0205843876265895,0.0651790812300436,0.0492851170676238,0.093691056942447,0.7041781139779899,5,14.081,7,0.209,0.091,1927,1,7,Partial-night transition,C2: Partial-night transition
E01004383,0,139.38252,4.944370982416264,-0.0599430975993259,0.0887979353508603,0.0510894766431256,0.1246240951651182,0.9088064477655388,6,10.764,8,0.145,0.096,1655,1,8,Low activity / early-stop,C0: Low activity / early-stop
E01004384,2,449.72032,6.110847014102961,-0.245952862436814,0.1002878633547178,0.0622221384170499,0.1488085628547098,0.7124558587064498,6,34.816,2,0.392,0.219,1927,1,2,Partial-night transition,C2: Partial-night transition
E01004385,0,183.2434,5.21625770953234,-0.2372631156156238,0.0524870745685792,0.0433310012802643,0.0767764784938833,0.7857103565261151,5,25.854,4,0.292,0.181,1515,1,4,Low activity / early-stop,C0: Low activity / early-stop
E01004386,0,136.09739,4.920691549187934,-0.3272633663290678,0.0558938712931967,0.043154097224054,0.0775970152679347,0.7626467959421595,6,5.31,10,0.081,0.054,1756,1,10,Low activity / early-stop,C0: Low activity / early-stop
E01004389,2,224.576,5.41865713098611,-0.1922981084354517,0.0887024882445141,0.0511039469934454,0.1268379708904518,0.6664825338749798,6,26.485,4,0.35,0.182,1668,1,4,Partial-night transition,C2: Partial-night transition
E01004390,2,432.89071,6.072792682111857,-0.1136286569882731,0.1577495622393929,0.1237874566538977,0.2507737859775041,0.7101170923133133,6,27.388,3,0.321,0.198,1572,1,3,Partial-night transition,C2: Partial-night transition
E01004391,1,8399.99706,9.036105675406448,0.2449038809544535,0.1480753292073176,0.0836906792917377,0.2621688368615097,0.8210848167259965,5,21.817,4,0.32,0.095,2389,1,4,High activity / full-night,C1: High activity / full-night
E01004392,2,372.9347,5.924081183239883,0.1463070612630039,0.0599966160295622,0.0211399475565025,0.0797056804442294,0.6942923581111582,2,27.393,3,0.336,0.133,2460,1,3,Partial-night transition,C2: Partial-night transition
E01004393,3,547.6321399999999,6.307428162277779,0.1542058141437791,0.1608578890201732,0.1180165576111,0.2766619433537874,0.9439177401197631,4,32.047,3,0.396,0.173,1562,1,3,Medium activity / continuing,C3: Medium activity / continuing
E01004394,3,877.6222,6.778354998693438,0.0470316498374813,0.1132584955120779,0.0725608467971753,0.1745670941748329,0.8398587199298944,2,30.266,3,0.35,0.171,1980,1,3,Medium activity / continuing,C3: Medium activity / continuing
E01004396,3,452.79133,6.117637466830487,0.0006014911990474,0.1486083004283672,0.0888609550010597,0.2363096120874286,0.9339805878128192,4,21.779,4,0.243,0.118,1994,1,4,Medium activity / continuing,C3: Medium activity / continuing
E01004397,1,23464.57793,10.063289857373332,0.0070035936930232,0.1620304640186639,0.1006965992334813,0.2842391908419981,0.8767986511010152,2,28.198,3,0.297,0.119,2838,1,3,High activity / full-night,C1: High activity / full-night
E01004398,3,1641.46917,7.403955980015176,-0.2474603954943607,0.1445217091710592,0.094668887384586,0.239123977494914,0.7461514491673623,5,32.938,3,0.461,0.196,1981,1,3,Medium activity / continuing,C3: Medium activity / continuing
E01004399,2,220.56973,5.40073734806992,-0.582834417034468,0.0695803091385205,0.0226188788461589,0.1045762122166697,0.7863113837268025,5,34.342,2,0.454,0.216,1876,1,2,Partial-night transition,C2: Partial-night transition
E01004400,3,752.15417,6.6242699478791645,-0.3860850362632437,0.0967121806956145,0.0575292695645096,0.1476580860690747,0.7863262135291386,5,26.426,4,0.363,0.169,1906,1,4,Medium activity / continuing,C3: Medium activity / continuing
E01004401,1,1197.45473,7.088788280945781,-0.0521158991956213,0.1163746958517588,0.0687780071652479,0.1936082749543844,0.9865148208337436,4,20.742,5,0.326,0.142,2294,1,5,High activity / full-night,C1: High activity / full-night
E01004403,1,3288.78565,8.098577689661251,-0.3687387075530448,0.1067446429657098,0.0748112665840657,0.1706400562212554,0.7343072320601098,5,23.92,4,0.364,0.141,2542,1,4,High activity / full-night,C1: High activity / full-night
E01004404,2,593.478,6.387683709558801,-0.2286986543730348,0.1074822992596187,0.0692300304307826,0.1800149947635161,0.7793156289318589,4,27.863,3,0.413,0.162,2784,1,3,Partial-night transition,C2: Partial-night transition
E01004405,3,948.26856,6.855691751198883,-0.1450141930256551,0.1028268827134794,0.0707405505461448,0.1603583369708577,0.8318508469731432,2,22.354,4,0.289,0.14,1690,1,4,Medium activity / continuing,C3: Medium activity / continuing
E01004406,1,1744.81367,7.464976012491696,0.2784795295648962,0.1581305240461578,0.0981425254422725,0.2699645631045589,0.8425395290462397,2,24.554,4,0.299,0.137,1797,1,4,High activity / full-night,C1: High activity / full-night
E01004407,1,1383.12252,7.2328216582709794,0.357770734583947,0.1121664189228875,0.0614009523899589,0.1874218725187108,0.7446877284931297,4,57.394,1,0.646,0.34,1570,1,1,High activity / full-night,C1: High activity / full-night
E01004408,1,3982.34903,8.289878209269556,-0.251872993161526,0.1449903475688066,0.0996554739452357,0.2532966829822925,0.8153743124798871,3,20.509,5,0.255,0.119,1671,1,5,High activity / full-night,C1: High activity / full-night
E01004409,1,5032.25379,8.523821930698775,0.4342144695369189,0.0986485401405003,0.0539137573981538,0.160315096112975,0.7744565656462921,2,25.173,4,0.305,0.144,1772,1,4,High activity / full-night,C1: High activity / full-night
E01004410,2,452.79148,6.117637797378836,-0.288686748257719,0.0570596425533448,0.0269250649327588,0.0872463343016406,0.6332620058954761,4,26.937,3,0.341,0.156,1850,1,3,Partial-night transition,C2: Partial-night transition
E01004411,3,607.29093,6.410653270809449,-0.4236826161721202,0.1238072664776995,0.0739751703520419,0.2030408835011841,0.8081815148024684,4,20.207,5,0.252,0.114,1912,1,5,Medium activity / continuing,C3: Medium activity / continuing
E01004413,2,1026.03066,6.934427063426463,-0.3039619888162017,0.0645552443822682,0.0377711714774683,0.089879652026256,0.715385654509209,5,28.286,3,0.324,0.202,1467,1,3,Partial-night transition,C2: Partial-night transition
E01004414,2,621.6335,6.4339580631773945,-0.1530034336952561,0.0400361306139389,0.0272542422504578,0.0568852063858408,0.71433284835566,6,19.966,5,0.259,0.118,1806,1,5,Partial-night transition,C2: Partial-night transition
E01004415,2,450.29221,6.112115045438687,-0.0974544285365273,0.115283850902062,0.0874040659064477,0.1817742141684274,0.6531551490433358,5,24.214,4,0.307,0.169,1602,1,4,Partial-night transition,C2: Partial-night transition
E01004417,1,2186.66797,7.690591401569568,-0.1240881440267312,0.1285874828083753,0.0865984148475911,0.200438805507369,0.7569960959832296,5,18.233,5,0.216,0.104,1889,1,5,High activity / full-night,C1: High activity / full-night
E01004418,1,1512.53548,7.32220357053917,-0.2779306307578319,0.1286117070126513,0.0824674010291646,0.207269207015397,0.7041205255851261,5,16.384,6,0.258,0.097,1775,1,6,High activity / full-night,C1: High activity / full-night
E01004419,1,1601.17813,7.379119313706579,-0.1158766326642245,0.1201130632479972,0.083346598045278,0.1863440620351297,0.6624426872789572,5,19.08,5,0.309,0.129,2631,1,5,High activity / full-night,C1: High activity / full-night
E01004420,1,4876.63926,8.492416623601725,-0.0550993636547968,0.1893203209785913,0.1205927850402451,0.3424226282679773,0.8593028060861533,4,44.627,2,0.441,0.211,2362,1,2,High activity / full-night,C1: High activity / full-night
E01004421,3,1112.72831,7.0154685038479085,-0.0659625439025633,0.1301799178633282,0.0795236979276639,0.2141287358311161,0.783126864750338,4,25.147,4,0.321,0.13,2155,1,4,Medium activity / continuing,C3: Medium activity / continuing
E01004422,3,670.21501,6.509089517835012,0.2522890825736654,0.0593904335266976,0.0473068933505383,0.0866797393560065,0.9287566718585666,5,21.535,5,0.302,0.128,2673,1,5,Medium activity / continuing,C3: Medium activity / continuing
E01004423,3,464.08275,6.142215346744137,0.020317389517279,0.1803404242023647,0.1713507558727403,0.3116565867408669,0.7936763718580561,4,37.652,2,0.379,0.186,2046,1,2,Medium activity / continuing,C3: Medium activity / continuing
E01004424,1,6814.22998,8.826915089709447,-0.2569353052566036,0.1891100951658811,0.1182358421075773,0.3540058985742026,0.8573198311857071,2,36.165,2,0.369,0.181,2179,1,2,High activity / full-night,C1: High activity / full-night
E01004426,3,613.19761,6.420316716758513,-0.0419776750271417,0.1024181258632107,0.0669246737605516,0.1540470125033754,0.7809766085072053,4,22.247,4,0.233,0.129,1830,1,4,Medium activity / continuing,C3: Medium activity / continuing
E01004427,1,3007.20257,8.009098026552241,-0.1612853802529172,0.1833714580790611,0.1275389539188908,0.3353512399895759,0.817597796062815,5,26.607,3,0.317,0.127,1969,1,3,High activity / full-night,C1: High activity / full-night
E01004428,1,737.2161,6.604236600165708,-0.1806085895302612,0.1208085933012043,0.0816093408703363,0.2026929921493199,0.8250402697760457,4,37.696,2,0.502,0.247,2054,1,2,High activity / full-night,C1: High activity / full-night
E01004429,1,2694.03369,7.899165984192606,-0.0864540302018272,0.1406885115827931,0.0878127994011834,0.2320726287329578,0.753669305494318,4,23.382,4,0.295,0.142,1825,1,4,High activity / full-night,C1: High activity / full-night
E01004430,1,4696.75101,8.45483916466578,-0.0051736338477946,0.1995612026280269,0.1081874425359414,0.3728037311441906,0.7502161002756175,4,23.092,4,0.29,0.108,2707,1,4,High activity / full-night,C1: High activity / full-night
E01004432,1,2487.31433,7.81936078430348,-0.2455253293217668,0.1400029203385806,0.0787372137240089,0.2420360857855386,0.794332737980824,4,23.378,4,0.285,0.116,1919,1,4,High activity / full-night,C1: High activity / full-night
E01004434,3,776.72771,6.656376475772067,-0.2325272649278857,0.1447509835847107,0.1009822219423586,0.2405978716548709,0.739141324681765,5,28.241,3,0.33,0.158,2099,1,3,Medium activity / continuing,C3: Medium activity / continuing
E01004435,3,1007.70192,6.91641955549905,-0.1933464014834863,0.1138193524529555,0.0825924793315864,0.1893038518643295,0.8257342780475608,2,33.586,2,0.373,0.172,2134,1,2,Medium activity / continuing,C3: Medium activity / continuing
E01004437,2,569.02423,6.345678868697053,-0.3003289156948553,0.0829273649735442,0.0532428996916352,0.1236116775214878,0.7444635866432796,4,28.053,3,0.345,0.169,1716,1,3,Partial-night transition,C2: Partial-night transition
E01004438,1,3961.38066,8.284600300381841,0.0987939997667378,0.1226392441669566,0.0653545498957426,0.2052590273392555,0.8139936629863452,3,21.151,5,0.203,0.107,2107,1,5,High activity / full-night,C1: High activity / full-night
E01004440,1,6371.17656,8.759696379371734,0.0262289325097592,0.1081626530845976,0.0597457151619103,0.1704340279513312,0.7486296781732571,2,22.925,4,0.23,0.126,2066,1,4,High activity / full-night,C1: High activity / full-night
E01004444,1,5092.42397,8.535705569051139,-0.1030155645112164,0.1124900682611467,0.0635815226515792,0.1788872762010478,0.800237250052115,2,29.793,3,0.418,0.153,2915,1,3,High activity / full-night,C1: High activity / full-night
E01004448,3,751.25236,6.623071852760136,-0.2037122652100553,0.1247085732948646,0.09105354424444,0.195125877417168,0.797611186922649,4,24.392,4,0.276,0.134,1896,1,4,Medium activity / continuing,C3: Medium activity / continuing
E01004451,3,353.46844,5.870619315210754,-0.1481917310637408,0.1361618593162094,0.0847031774604827,0.2193909783110764,0.7044341308569092,5,15.512,6,0.183,0.101,1795,1,6,Medium activity / continuing,C3: Medium activity / continuing
E01004452,1,2258.46124,7.722881674466535,-0.21185344761551,0.0939762242720623,0.0486653691696741,0.1429365901501242,0.6885706891406392,3,25.009,4,0.31,0.144,1897,1,4,High activity / full-night,C1: High activity / full-night
E01004453,2,735.61175,6.602060955553573,-0.0079129921456529,0.1096086080734844,0.0882422283222093,0.1622556489719446,0.6922890891147625,5,22.961,4,0.284,0.136,1840,1,4,Partial-night transition,C2: Partial-night transition
E01004454,1,1290.47622,7.163541199667967,-0.3469448666012613,0.1219138931517854,0.0808691538694141,0.1911520664472063,0.7407422815706755,4,20.043,5,0.289,0.13,1938,1,5,High activity / full-night,C1: High activity / full-night
E01004455,3,1627.0858,7.39516024787645,-0.2651008078369315,0.1226909484429155,0.0803073998924949,0.2020895955271327,0.7872042129847199,5,28.105,3,0.342,0.161,1775,1,3,Medium activity / continuing,C3: Medium activity / continuing
E01004457,3,260.7513,5.567394816309468,0.0517413336002543,0.1936756211761935,0.1376247021587236,0.3443521655055903,0.7774889009672025,4,21.557,4,0.303,0.123,1858,1,4,Medium activity / continuing,C3: Medium activity / continuing
E01004458,1,1219.30041,7.106852345120693,-0.195350405893819,0.1074539128548312,0.0632980595815595,0.1751695300055829,0.8246101488851311,4,25.806,4,0.344,0.14,2048,1,4,High activity / full-night,C1: High activity / full-night
E01004460,1,1277.32089,7.153302691057188,-0.172198757353761,0.1945969974702285,0.0958305551551732,0.3438959545531193,0.8376611526494085,5,26.018,4,0.276,0.128,2035,1,4,High activity / full-night,C1: High activity / full-night
E01004462,1,955.50529,6.863286319445255,0.1981280815305585,0.1178099076772248,0.0562147489523579,0.2045325899893599,0.9413381487286804,4,20.011,5,0.282,0.114,2337,1,5,High activity / full-night,C1: High activity / full-night
E01004464,2,683.62999,6.528878531738999,-0.1615417866615243,0.0666849913942482,0.0515690073807323,0.1058442489710116,0.8457887812991914,3,35.082,2,0.466,0.181,1789,1,2,Partial-night transition,C2: Partial-night transition
E01004466,0,224.15703,5.416798069888825,-0.0084257451127006,0.037790561375657,0.0298882439689712,0.0536237673953198,0.8762517419798322,3,10.441,8,0.145,0.065,1676,1,8,Low activity / early-stop,C0: Low activity / early-stop
E01004467,3,685.48365,6.531582408464104,-0.1379895348342735,0.1097585478515789,0.0583900870575104,0.1716689211643772,0.7325185858526578,6,33.406,3,0.442,0.191,2349,1,3,Medium activity / continuing,C3: Medium activity / continuing
E01004468,3,257.40771,5.554538608924619,0.0047462059314385,0.0703356165982751,0.0177329575714728,0.1032332693746446,0.6294389041874865,7,13.855,7,0.171,0.082,1819,1,7,Medium activity / continuing,C3: Medium activity / continuing
E01004469,3,246.62689,5.511923137498422,-0.3589771172154017,0.1118959493832971,0.067672101772844,0.1832954829549757,0.8816216071470787,6,37.424,2,0.553,0.206,1944,1,2,Medium activity / continuing,C3: Medium activity / continuing
E01004470,3,1180.68834,7.074699491455729,-0.1762116326142426,0.1102250742986078,0.0696616941266651,0.1815719740286625,0.5467809770702433,3,27.233,3,0.297,0.149,1624,1,3,Medium activity / continuing,C3: Medium activity / continuing
E01004474,1,1114.48215,7.017042011951639,0.2175830541565874,0.0882578962794514,0.0329111865990855,0.1481326168604457,0.961088984300744,2,15.221,6,0.161,0.07,2027,1,6,High activity / full-night,C1: High activity / full-night
E01004476,1,2482.14763,7.81728224004357,0.1108382058644916,0.0914001557594702,0.0502347114623476,0.136907007400281,0.6980920240198819,2,12.1,7,0.146,0.069,1816,1,7,High activity / full-night,C1: High activity / full-night
E01004477,0,120.83225,4.8026450985533256,-0.2502422159646948,0.0,0.0,0.0,0.5606506548823079,2,5.263,10,0.054,0.027,1615,1,10,Low activity / early-stop,C0: Low activity / early-stop
E01004479,0,226.75598,5.428274792655955,-0.2136851253051848,0.0063593471713513,0.0,0.0081502376563904,0.7199363164307074,4,7.049,9,0.054,0.045,1505,1,9,Low activity / early-stop,C0: Low activity / early-stop
E01004481,1,3527.9922,8.168767613414964,0.2563789965295274,0.0748273734845558,0.0350026142348047,0.1234353018204223,0.8345838048078805,3,13.461,7,0.159,0.074,1655,1,7,High activity / full-night,C1: High activity / full-night
E01004482,2,336.88694,5.822711342484984,0.1586956739848686,0.0668370819005331,0.0359283147040369,0.1082734231714475,0.9275069948011986,3,10.708,8,0.149,0.071,1550,1,8,Partial-night transition,C2: Partial-night transition
E01004483,2,1408.3618,7.250892256793525,-0.2935334088158313,0.0667175934479336,0.0403516127745015,0.1025406115070169,0.8023073102515264,4,9.217,8,0.184,0.059,2122,1,8,Partial-night transition,C2: Partial-night transition
E01004486,0,109.3841,4.703966101731738,-0.1759275799682037,0.0116303923513563,0.0,0.015323312277199,0.6044684159923618,6,9.894,8,0.136,0.069,1407,1,8,Low activity / early-stop,C0: Low activity / early-stop
E01004491,0,255.9161,5.5487495724518645,-0.3181988940906805,0.0121017786688684,0.0,0.0159422384693342,0.7477917571937324,6,11.917,7,0.193,0.063,2564,1,7,Low activity / early-stop,C0: Low activity / early-stop
E01004492,3,2096.05407,7.648288815023489,-0.1008298464361656,0.0702868795746285,0.0414759243305207,0.1084511912772808,0.7546809706344705,5,14.388,6,0.212,0.098,1683,1,6,Medium activity / continuing,C3: Medium activity / continuing
E01004493,3,724.8803,6.587385125198191,-0.0788977159401352,0.0982634926069862,0.0610926245340092,0.1496503214121823,0.7622263324389491,6,13.768,7,0.189,0.07,1926,1,7,Medium activity / continuing,C3: Medium activity / continuing
E01004494,1,1159.49645,7.056603166683531,-0.0649315743916249,0.1034987127386202,0.0505541176947975,0.1708966607032604,0.7892454980899316,3,15.808,6,0.197,0.107,1796,1,6,High activity / full-night,C1: High activity / full-night
E01004495,3,837.42747,6.7315280778201,0.0748952622726837,0.0949359948748755,0.0528812722133416,0.1491790378465531,0.7768077298276866,6,19.88,5,0.32,0.124,1616,1,5,Medium activity / continuing,C3: Medium activity / continuing
E01004496,3,3071.69742,8.030311093240929,-0.0220727404849661,0.0560033937196847,0.0224201705388026,0.0895769760783302,0.7492149728380004,3,12.713,7,0.146,0.074,1917,1,7,Medium activity / continuing,C3: Medium activity / continuing
E01004497,0,92.63066,4.539357893948703,-0.0435892392432484,0.00147143505185,0.0,0.0018071968864768,0.4477639764262912,6,10.942,8,0.147,0.094,1552,1,8,Low activity / early-stop,C0: Low activity / early-stop
E01004498,3,603.37505,6.404194948937648,0.0805079195767209,0.0898600132703531,0.054685589004716,0.1493412976457862,0.9009553498878586,3,7.542,9,0.11,0.051,1668,1,9,Medium activity / continuing,C3: Medium activity / continuing
E01004499,3,631.93809,6.450372613253617,-0.1325765155254369,0.0880976964056716,0.053274174373632,0.1322227412430202,0.8330168303534042,2,12.913,7,0.142,0.076,1595,1,7,Medium activity / continuing,C3: Medium activity / continuing
E01004500,1,2122.56507,7.660851592090531,-0.6507195042081795,0.122317512744144,0.0540046623870993,0.2109215316572424,0.8852574993681851,3,9.149,8,0.173,0.069,1909,1,8,High activity / full-night,C1: High activity / full-night
E01004502,3,465.47182,6.145197611174488,-0.1663642709885209,0.0893749701109725,0.0460813288331826,0.1446847239313539,0.8125822246488369,3,7.223,9,0.068,0.045,1644,1,9,Medium activity / continuing,C3: Medium activity / continuing
E01004503,2,694.2321499999999,6.544245818566578,-0.1858765688105917,0.0415916059202962,0.0156374780395866,0.0579817390905176,0.8270170920373141,3,15.342,6,0.18,0.093,1732,1,6,Partial-night transition,C2: Partial-night transition
E01004506,3,832.22761,6.725306846139757,-0.0831011482543819,0.0574417135716033,0.0168943685970716,0.0847469997516867,0.8917948205945352,4,6.392,9,0.08,0.04,2212,1,9,Medium activity / continuing,C3: Medium activity / continuing
E01004507,3,2208.02703,7.700307439651275,0.1269857507133868,0.0397208407362658,0.0157499702347393,0.0603430097176841,0.9192541985049008,2,6.391,9,0.103,0.044,2644,1,9,Medium activity / continuing,C3: Medium activity / continuing
E01004508,1,1589.03702,7.3715125779621,0.1260555779877299,0.0960188643056283,0.0444785358115822,0.1579568794756144,0.8524727630757835,2,10.418,8,0.106,0.049,2079,1,8,High activity / full-night,C1: High activity / full-night
E01004510,1,3638.72978,8.199664721611402,-0.1870304312621972,0.0720379186827113,0.0331017710251625,0.112530004822202,0.8531794633820667,3,9.647,8,0.116,0.06,1835,1,8,High activity / full-night,C1: High activity / full-night
E01004513,1,1797.34103,7.494619868903753,0.3180323157703688,0.1600352104575279,0.1281535035117959,0.2562006996013032,0.8461324340288459,2,17.51,5,0.263,0.095,1937,1,5,High activity / full-night,C1: High activity / full-night
E01004514,1,6767.60394,8.820050131938455,-0.1247516975705289,0.1161140112463496,0.058342490710235,0.1951335864249991,0.8771204347892017,2,9.984,8,0.11,0.059,1887,1,8,High activity / full-night,C1: High activity / full-night
E01004517,1,2361.47215,7.767463870938626,-0.2500343652157828,0.1294622212673564,0.0764689517934818,0.2261952612358818,0.8221919880345896,3,19.177,5,0.253,0.118,2257,1,5,High activity / full-night,C1: High activity / full-night
E01004519,1,2078.26462,7.639769562105584,-0.2718638014441106,0.116917238383243,0.0594379025708477,0.200339815497046,0.7204226392670515,3,17.519,5,0.262,0.107,1777,1,5,High activity / full-night,C1: High activity / full-night
E01004522,1,3463.34386,8.150278531499358,-0.3107330208903946,0.1231034044653019,0.0712980027342708,0.2112229623031523,0.7840245265784447,5,21.407,5,0.275,0.125,1732,1,5,High activity / full-night,C1: High activity / full-night
E01004523,2,777.01495,6.656745739932071,-0.2912199437089338,0.0392205323719961,0.0242149909728249,0.0545832581972483,0.6174904076008826,5,17.925,5,0.27,0.119,1663,1,5,Partial-night transition,C2: Partial-night transition
E01004525,1,26736.69211,10.193829538404588,-0.0048982607669337,0.1108767516117385,0.0554147844432053,0.1869395407140654,0.8259478299593015,2,25.626,4,0.299,0.092,1966,1,4,High activity / full-night,C1: High activity / full-night
E01004526,3,142.76922,4.968209375087656,0.1290248696462725,0.1357890026996015,0.0616549561593178,0.2127792519899669,0.3071396605166853,1,20.444,5,0.311,0.106,1783,1,5,Medium activity / continuing,C3: Medium activity / continuing
E01004528,1,2349.51925,7.762391540177512,-0.0745582186653716,0.1375968764673879,0.0740114642601885,0.2469021819724238,0.8549358822720016,2,33.117,3,0.426,0.209,1623,1,3,High activity / full-night,C1: High activity / full-night
E01004529,3,724.4683,6.586817377365497,0.473955782468329,0.2629610985049311,0.2529335099962276,0.4472166373705508,0.8057250428979634,4,14.761,6,0.232,0.079,2031,1,6,Medium activity / continuing,C3: Medium activity / continuing
E01004536,1,3490.46259,8.158076007636106,0.1861905730953558,0.1017183026161583,0.0598307916544666,0.1646999465208901,0.7435408006529114,2,23.669,4,0.275,0.121,2442,1,4,High activity / full-night,C1: High activity / full-night
E01004537,3,1644.09276,7.40555205066742,-0.0443741142683457,0.0660090371056679,0.035061780820688,0.1005986960663895,0.7352230207576984,2,29.192,3,0.363,0.171,2100,1,3,Medium activity / continuing,C3: Medium activity / continuing
E01004538,1,1691.78143,7.434128271613261,-0.1664033456142145,0.1214663586891363,0.0746561806154829,0.1999478837293221,0.8514719966704121,2,18.396,5,0.307,0.113,2483,1,5,High activity / full-night,C1: High activity / full-night
E01004540,1,2689.79792,7.897593053146841,-0.0938361867719787,0.1043219187261472,0.0595754531626673,0.169830728795017,0.748413963511233,2,20.761,5,0.261,0.128,2220,1,5,High activity / full-night,C1: High activity / full-night
E01004541,1,1761.24831,7.474345721652249,-0.0109598912830184,0.1250218602055039,0.0618125788293872,0.2063424146675648,0.8937762916514171,2,36.316,2,0.421,0.228,1706,1,2,High activity / full-night,C1: High activity / full-night
E01004543,2,190.09708,5.252781571171351,0.0237692235988054,0.0346591331124076,0.0051185425888709,0.0507243420024436,0.704216761839894,4,6.728,9,0.057,0.038,1718,1,9,Partial-night transition,C2: Partial-night transition
E01004545,1,4054.13069,8.307738195376645,0.1907724859259531,0.0890524720602926,0.0467737560774095,0.1421529548519311,0.7912440651427747,2,8.24,9,0.073,0.037,1947,1,9,High activity / full-night,C1: High activity / full-night
E01004547,2,435.10141,6.077874808046888,-0.0135957040451787,0.0535188566729765,0.0333958467291567,0.0762554805659968,0.7685462256630005,2,14.15,6,0.193,0.128,1428,1,6,Partial-night transition,C2: Partial-night transition
E01004548,1,4416.89258,8.39341806951516,-0.0704718564833197,0.0781476849953186,0.03281451322957,0.1213550036186067,0.8047410154004422,2,14.533,6,0.174,0.086,2038,1,6,High activity / full-night,C1: High activity / full-night
E01004549,0,324.06906,5.7840376520641374,-0.2886501414235596,0.0505233976980091,0.0285265122193399,0.0729257635113963,0.7917208057376535,2,14.842,6,0.141,0.1,1607,1,6,Low activity / early-stop,C0: Low activity / early-stop
E01004551,1,32441.89451,10.387236730821028,-0.0064341017425989,0.096837487065733,0.0502613153340162,0.1605196920162466,0.8730395660442748,2,17.292,6,0.205,0.067,1545,1,6,High activity / full-night,C1: High activity / full-night
E01004552,1,5234.77796,8.5632707197135,0.1695734120497443,0.077785161684298,0.041061615534119,0.129867576505466,0.8968500828632741,3,11.554,7,0.077,0.036,1995,1,7,High activity / full-night,C1: High activity / full-night
E01004553,2,159.22505999999998,5.076579451863617,0.0979867113882701,0.0453205670011994,0.0066183677368374,0.0727899720860664,0.9553363409206698,2,8.456,8,0.068,0.045,1785,1,8,Partial-night transition,C2: Partial-night transition
E01004554,3,490.6756,6.197819149432273,-0.1862329408676527,0.0767266601396115,0.0301031679586268,0.1226197694743513,0.6053030196884374,5,9.135,8,0.045,0.027,1692,1,8,Medium activity / continuing,C3: Medium activity / continuing
E01004557,2,488.847,6.194093097448125,0.184997923685734,0.0232480510261901,0.0067155572193344,0.0314285126432069,0.6689591414887559,3,7.472,9,0.082,0.057,1701,1,9,Partial-night transition,C2: Partial-night transition
E01004558,2,768.91854,6.646284717043547,-0.024729823786015,0.0348602467044168,0.0179658823157001,0.0494656102168916,0.645568355960581,5,6.765,9,0.092,0.048,1781,1,9,Partial-night transition,C2: Partial-night transition
E01004559,2,289.24078,5.670710854354252,-0.1969553532527467,0.044836831099681,0.0090279455061627,0.0633061704947078,0.7132995290527908,5,6.002,9,0.051,0.037,1432,1,9,Partial-night transition,C2: Partial-night transition
E01004560,3,420.85056,6.044651128096828,0.1480878153043208,0.1366922025718583,0.0891393134893298,0.235590335581244,0.9468417602428422,4,14.872,6,0.142,0.067,1957,1,6,Medium activity / continuing,C3: Medium activity / continuing
E01004563,1,589.36993,6.38074934041739,-0.1987533873674213,0.1647194318176361,0.0893886798737763,0.2828078968570585,0.7913732827572975,3,27.908,3,0.432,0.159,2146,1,3,High activity / full-night,C1: High activity / full-night
E01004564,1,2434.59093,7.79794468779909,-0.1339679393285179,0.1042021174374456,0.0583852992502522,0.1709351146446197,0.7555475931925242,4,18.66,5,0.216,0.107,1905,1,5,High activity / full-night,C1: High activity / full-night
E01004568,1,1486.98869,7.305180614557699,-0.3365122635868871,0.0952052634643778,0.0408785153571006,0.1507497927830124,0.7286918384544337,3,27.409,3,0.435,0.143,1806,1,3,High activity / full-night,C1: High activity / full-night
E01004569,1,7140.46978,8.873673885689724,-0.3321826060581689,0.1044916151161135,0.0453019549086306,0.1744903466702256,0.7954017428349486,5,34.257,2,0.462,0.163,2404,1,2,High activity / full-night,C1: High activity / full-night
E01004570,3,541.19555,6.295626729727307,-0.0994208285711144,0.2133507749647978,0.1731828911010077,0.3887533706949873,0.7537760700459779,3,36.76,2,0.516,0.212,2049,1,2,Medium activity / continuing,C3: Medium activity / continuing
E01004571,1,1073.90087,6.979983722356307,-0.4026538036047964,0.111746450116946,0.0497226713299897,0.1849252707163437,0.7218731547187351,3,31.288,3,0.484,0.193,1892,1,3,High activity / full-night,C1: High activity / full-night
E01004572,1,4483.73252,8.408434133918446,-0.0963097950365692,0.1391113357493502,0.0888784373783296,0.2258653756756514,0.7980026467285427,5,19.773,5,0.296,0.137,1746,1,5,High activity / full-night,C1: High activity / full-night
E01004573,1,3136.317,8.051123255045745,-0.1517807224205971,0.1084815087250427,0.0569035432323964,0.1760648274991625,0.7340347059687351,7,25.827,4,0.357,0.137,1673,1,4,High activity / full-night,C1: High activity / full-night
E01004574,1,1483.95266,7.303138171940782,-0.4423623594569384,0.1554763680938447,0.092862544550444,0.2808781529626656,0.8559993417162474,2,36.902,2,0.561,0.198,2060,1,2,High activity / full-night,C1: High activity / full-night
E01004575,3,958.5432,6.866457337883943,0.0060187584659721,0.0854452882248812,0.0468145827960596,0.1271720390511617,0.7367705704964871,5,26.658,3,0.377,0.149,1977,1,3,Medium activity / continuing,C3: Medium activity / continuing
E01004579,1,1824.79047,7.509768306487607,-0.3268751124067411,0.0967743217115771,0.0623417438167572,0.1542156199160986,0.79165826343539,3,13.258,7,0.138,0.083,1939,1,7,High activity / full-night,C1: High activity / full-night
E01004582,1,2379.78281,7.77518462435061,-0.0662474362523864,0.0946446201113621,0.0639295146433972,0.1437455581231096,0.6821670193008565,2,6.116,9,0.102,0.052,2244,1,9,High activity / full-night,C1: High activity / full-night
E01004583,3,1912.256,7.556561781710202,-0.2638814677532715,0.0576701341243013,0.0159981038103684,0.0884230188918788,0.6653699537811063,3,12.363,7,0.174,0.085,1773,1,7,Medium activity / continuing,C3: Medium activity / continuing
E01004585,3,817.57105,6.70756019817518,0.1687247242915463,0.0886158089868764,0.0415446706436095,0.1474343315385007,0.7940903783189386,2,11.74,7,0.108,0.062,1793,1,7,Medium activity / continuing,C3: Medium activity / continuing
E01004586,3,386.8488,5.960615572952463,-0.1529445095861742,0.083992014451124,0.0264719704442665,0.1418297313912755,0.9605047483823967,3,9.26,8,0.059,0.034,1880,1,8,Medium activity / continuing,C3: Medium activity / continuing
E01004588,3,1991.53199,7.597161465742513,0.0332140333834155,0.0515568770753212,0.0211384553255406,0.0773581517299162,0.715681680400485,2,13.135,7,0.06,0.04,2061,1,7,Medium activity / continuing,C3: Medium activity / continuing
E01004590,1,2689.28907,7.897403927788911,-0.285423028175993,0.0730062908410214,0.0371145040202018,0.1121078568662348,0.7729073947847098,2,24.48,4,0.303,0.15,1881,1,4,High activity / full-night,C1: High activity / full-night
E01004591,1,1845.19173,7.520880272074672,-0.0948939382033757,0.084264441180863,0.0408625991403072,0.1332913026887167,0.7364351228486756,2,20.608,5,0.243,0.129,1927,1,5,High activity / full-night,C1: High activity / full-night
E01004593,3,468.73031,6.152158721502358,-0.1602090336338608,0.205758360281843,0.0925478448364049,0.3820462030830154,0.7607650592642299,4,8.24,9,0.123,0.057,1948,1,9,Medium activity / continuing,C3: Medium activity / continuing
E01004594,2,576.30709,6.358374343301017,0.0572068790616475,0.0529567318007487,0.0302848260985302,0.0759123999716839,0.7090999438991242,5,4.893,10,0.048,0.027,1719,1,10,Partial-night transition,C2: Partial-night transition
E01004595,3,252.74727,5.536338771677433,-0.3929879440438664,0.1321706066300934,0.06763831712208,0.226110807952259,0.7966672905101706,5,6.833,9,0.122,0.049,1825,1,9,Medium activity / continuing,C3: Medium activity / continuing
E01004597,3,284.20793,5.653218493202676,-0.2389871035618182,0.1706432681171141,0.1025978057684738,0.3033047013314703,0.8428104664099807,5,8.847,8,0.147,0.079,1854,1,8,Medium activity / continuing,C3: Medium activity / continuing
E01004601,1,1848.02753,7.522415120405542,-0.3440368607495799,0.0910024808991887,0.0455106585993337,0.1441903429140745,0.7970223645575446,4,14.782,6,0.266,0.09,2523,1,6,High activity / full-night,C1: High activity / full-night
E01004602,3,233.16102,5.456008998370043,-0.1613032916050891,0.0770165613446021,0.0286998658695179,0.1219576317294159,0.6476098604239642,2,8.216,9,0.056,0.032,1673,1,9,Medium activity / continuing,C3: Medium activity / continuing
E01004605,3,661.1443,6.495483508014544,-0.2021814299843467,0.0663473768132009,0.0276752745202522,0.1035255947014005,0.9137138114797076,5,12.965,7,0.168,0.089,1836,1,7,Medium activity / continuing,C3: Medium activity / continuing
E01004606,3,418.5283,6.039130984895261,-0.0327981644252014,0.1028922536421073,0.0727395017254508,0.173138168402123,0.7394886035174575,4,7.86,9,0.047,0.031,1622,1,9,Medium activity / continuing,C3: Medium activity / continuing
E01004607,3,213.98069,5.37054821014066,0.1568324225891598,0.041209185744751,0.0232760722474537,0.0591567286311691,1.047631425654841,4,7.66,9,0.057,0.032,1583,1,9,Medium activity / continuing,C3: Medium activity / continuing
E01004608,1,1683.244,7.429072077417918,-0.0697917236003811,0.0798576736349572,0.0296725548999432,0.1256694375189264,0.9395203129205476,2,13.634,7,0.186,0.078,1657,1,7,High activity / full-night,C1: High activity / full-night
E01004609,1,13868.92496,9.53747810305632,0.0869902031685663,0.1216411383626088,0.0626524357515883,0.2016571718411303,0.7933286064150428,1,11.731,7,0.076,0.042,2127,1,7,High activity / full-night,C1: High activity / full-night
E01004612,3,574.03343,6.354428178237772,0.2678132003566413,0.0741808190509044,0.0379738511048041,0.1118169834746302,0.9713689306298152,2,21.288,5,0.27,0.108,1647,1,5,Medium activity / continuing,C3: Medium activity / continuing
E01004613,1,1623.06114,7.392685167796214,0.4502661187489215,0.0750097251419623,0.0397413864520223,0.1146689117950987,0.9163437821185088,2,28.828,3,0.316,0.134,1718,1,3,High activity / full-night,C1: High activity / full-night
E01004614,1,1422.38458,7.260792821590248,-0.131478590691696,0.0773153910315872,0.0379238714750408,0.1170782267766605,0.6837549870921537,2,16.005,6,0.239,0.099,1963,1,6,High activity / full-night,C1: High activity / full-night
E01004615,3,2079.62667,7.640424410972404,-0.2000723764520676,0.0745758756786861,0.0443826054606233,0.1132657831277152,0.7931747589105073,4,39.361,2,0.531,0.238,1612,1,2,Medium activity / continuing,C3: Medium activity / continuing
E01004616,1,3397.42199,8.13106648227872,0.5028134376677771,0.1023800343389194,0.0629671941341617,0.1833387127834578,0.869242319710233,1,17.933,5,0.262,0.088,1865,1,5,High activity / full-night,C1: High activity / full-night
E01004617,1,5548.38768,8.621442872725979,0.2304173453142697,0.1579858367070701,0.0925189856235857,0.2656122312616975,0.8180112952707087,1,18.037,5,0.238,0.1,1942,1,5,High activity / full-night,C1: High activity / full-night
E01004619,2,411.98243,6.023405049683199,-0.0285042495622932,0.0352287839071195,0.0158282720940308,0.0510257183171262,0.7373275288584414,5,7.839,9,0.082,0.047,1329,1,9,Partial-night transition,C2: Partial-night transition
E01004621,2,1215.02673,7.103344044192409,-0.3425590727538973,0.032698572812468,0.0172118435616638,0.0484653614691151,0.6487169520458,5,10.925,8,0.139,0.065,1757,1,8,Partial-night transition,C2: Partial-night transition
E01004622,0,327.54138,5.794662796506009,0.1101797275202296,0.0289291386633346,0.0197337508927879,0.0396430378208911,0.7661048680162554,6,22.984,4,0.149,0.137,1770,1,4,Low activity / early-stop,C0: Low activity / early-stop
E01004623,2,212.05645,5.361557154071086,-0.2908945707617004,0.0466117394684292,0.0167245561264465,0.071471599888848,0.8726592841571391,5,7.427,9,0.109,0.06,1779,1,9,Partial-night transition,C2: Partial-night transition
E01004625,0,224.18863,5.416938406536244,-0.0268603720001321,0.0278468181013461,0.0156430769927984,0.0402368395492425,0.8929571818537559,6,3.367,10,0.018,0.019,1315,1,10,Low activity / early-stop,C0: Low activity / early-stop
E01004626,0,144.08352,4.977309576596248,-0.1021543615813939,0.0065958966021929,0.0,0.0079238464956931,0.7765372027791116,2,11.275,7,0.128,0.082,1847,1,7,Low activity / early-stop,C0: Low activity / early-stop
E01004628,2,328.20907,5.796693020063716,-0.3913351023480247,0.0857026285105405,0.0526861125440561,0.1337907436016468,0.7218896638064616,3,20.974,5,0.276,0.13,2308,1,5,Partial-night transition,C2: Partial-night transition
E01004629,2,1945.41545,7.573744729169006,0.0336167937804749,0.0397887659419996,0.0101378551301214,0.0592554545772444,0.7010498292317526,4,7.275,9,0.127,0.057,1580,1,9,Partial-night transition,C2: Partial-night transition
E01004630,2,565.80278,6.340011412532796,-0.3343810364452433,0.0849172568575926,0.043832375655701,0.13653968893515,0.8099471032160085,5,32.654,3,0.547,0.199,1790,1,3,Partial-night transition,C2: Partial-night transition
E01004631,3,1194.19195,7.086062079081439,-0.5034923322000286,0.0992927477027457,0.0542011357554369,0.1546740449554796,0.7059400004148413,5,20.492,5,0.349,0.136,1873,1,5,Medium activity / continuing,C3: Medium activity / continuing
E01004632,2,511.68406,6.239659788000119,-0.2999743630864717,0.0466320174210625,0.0211339786508104,0.0664659519262356,0.7317753437547454,5,10.191,8,0.173,0.079,1550,1,8,Partial-night transition,C2: Partial-night transition
E01004635,2,998.32969,6.907084744223945,-0.4484640039103714,0.0790088392542948,0.0489149831855646,0.1187012300000129,0.7855426122618239,3,14.336,6,0.264,0.097,1654,1,6,Partial-night transition,C2: Partial-night transition
E01004637,2,143.51183,4.973361372713554,-0.1101079262942991,0.1576081219227711,0.0846714866642004,0.2919645382298571,1.1394854016716576,6,16.992,6,0.287,0.12,1411,1,6,Partial-night transition,C2: Partial-night transition
E01004639,3,762.51274,6.637929810832504,-0.0279164647137567,0.1041976819954509,0.0700971107708967,0.1694258733576032,0.9649515102427506,6,10.31,8,0.116,0.054,1686,1,8,Medium activity / continuing,C3: Medium activity / continuing
E01004640,3,533.18597,6.280744036759271,-0.1149735616636723,0.0614440398722419,0.0374779366381302,0.0917627594409673,0.573311888808082,4,6.517,9,0.069,0.039,1747,1,9,Medium activity / continuing,C3: Medium activity / continuing
E01004641,2,376.65924,5.933992307559309,-0.6826169457571253,0.046638335488597,0.0073856411965361,0.0747622201639786,0.7730222100340147,6,15.985,6,0.224,0.109,1847,1,6,Partial-night transition,C2: Partial-night transition
E01004642,3,1590.68668,7.372549537989661,-0.2753239500314418,0.1070560482721839,0.0454395959360142,0.1750895748399518,0.7184875843371367,6,15.282,6,0.264,0.117,2056,1,6,Medium activity / continuing,C3: Medium activity / continuing
E01004643,1,1919.63951,7.560413487688622,-0.1378368118709955,0.1118026686166716,0.0790558796114797,0.1772622012950878,0.7757822605370229,3,21.233,5,0.335,0.154,2397,1,5,High activity / full-night,C1: High activity / full-night
E01004644,2,352.81185,5.868765274663942,-0.4225404277095568,0.0867767054876416,0.0515258486924404,0.130022960954486,0.8222706447187106,5,14.031,7,0.193,0.099,2572,1,7,Partial-night transition,C2: Partial-night transition
E01004646,3,485.17657,6.186571870675596,-0.1718216730869753,0.0700236823060107,0.0242383716097419,0.0982944048757295,0.8029217201631557,4,13.972,7,0.149,0.05,1755,1,7,Medium activity / continuing,C3: Medium activity / continuing
E01004647,3,1156.84951,7.054319692865714,-0.1580108289106679,0.0593908450546865,0.039278030208095,0.0853681560882498,0.6624216245541654,3,19.357,5,0.192,0.123,1437,1,5,Medium activity / continuing,C3: Medium activity / continuing
E01004648,1,699.35054,6.551580981127809,-0.2324086001277699,0.1281305366547654,0.0384615846582459,0.2122861151558673,0.7911166186731411,2,11.576,7,0.126,0.064,2336,1,7,High activity / full-night,C1: High activity / full-night
E01004649,3,414.97821,6.0306328790817005,0.0318871923419785,0.0822397638661557,0.038787337773711,0.1271380121522739,0.7767783240761532,2,7.274,9,0.064,0.038,1488,1,9,Medium activity / continuing,C3: Medium activity / continuing
E01004651,3,417.59423,6.036902025874854,-0.5652039540872009,0.0701156479101734,0.0377626865198784,0.1165451833800371,0.6967348346869673,3,9.053,8,0.084,0.05,1847,1,8,Medium activity / continuing,C3: Medium activity / continuing
E01004652,1,1702.41798,7.440392088011142,0.1718942606562461,0.1011688386890744,0.0469097254247749,0.1632191844530169,0.849875096640648,1,19.287,5,0.202,0.082,1647,1,5,High activity / full-night,C1: High activity / full-night
E01004653,1,1353.9355799999998,7.2115091897482,-8.80839544818328e-05,0.0913694505317601,0.0454174415004294,0.1516979768387417,0.7547275360186027,1,10.645,8,0.091,0.042,2018,1,8,High activity / full-night,C1: High activity / full-night
E01004654,3,901.98432,6.805705188925138,0.5151025463502515,0.1128454428121322,0.0615743076331969,0.1767596178866566,0.967019399343024,2,13.114,7,0.103,0.067,2438,1,7,Medium activity / continuing,C3: Medium activity / continuing
E01004656,1,1636.30619,7.400807603252726,-0.1050477783745351,0.1456095145615748,0.0557820782918385,0.2671440533734335,0.889629806839385,2,24.544,4,0.222,0.128,1976,1,4,High activity / full-night,C1: High activity / full-night
E01004657,1,12618.58547,9.443005288487582,0.0029947136380571,0.1875735363228474,0.104456875387,0.3479765118570269,0.8764485314185032,1,13.845,7,0.061,0.04,1284,1,7,High activity / full-night,C1: High activity / full-night
E01004658,1,4995.75049,8.516543078138389,0.1833438382948544,0.2202520606668648,0.1006048322481373,0.4527823717183843,0.8757528940019172,1,20.74,5,0.192,0.103,1637,1,5,High activity / full-night,C1: High activity / full-night
E01004660,1,1355.80599,7.212888679827421,0.1837273414022901,0.2048067585244995,0.0916680933088369,0.4017313010704063,0.9107611758574816,1,10.759,8,0.081,0.039,1457,1,8,High activity / full-night,C1: High activity / full-night
E01004661,1,5953.29718,8.691868452993882,0.2134629570096482,0.2260807027274926,0.1179275129013465,0.4512395810615746,0.8807627907544601,1,18.096,5,0.187,0.091,2044,1,5,High activity / full-night,C1: High activity / full-night
E01004662,1,2268.26656,7.727211956945385,-0.1630171455686408,0.1945356986614483,0.106026123314184,0.3605071240788757,1.037371161341183,1,15.584,6,0.109,0.053,1347,1,6,High activity / full-night,C1: High activity / full-night
E01004668,3,375.43646,5.930749268057304,-0.468276895643007,0.1250932581241576,0.0727954871511413,0.2196482630464148,0.6962445138684614,3,28.874,3,0.328,0.131,1413,1,3,Medium activity / continuing,C3: Medium activity / continuing
E01004675,1,4325.56001,8.37252805028459,-0.2088717317321417,0.0966033551803619,0.0431311366779535,0.1556843292289683,0.8055260347012728,1,41.101,2,0.469,0.224,2412,1,2,High activity / full-night,C1: High activity / full-night
E01004676,3,574.2377,6.354783346679055,-0.183379879098847,0.0788640139788801,0.0427090558491718,0.1209571349359566,0.7537039914074299,2,26.072,4,0.292,0.145,1525,1,4,Medium activity / continuing,C3: Medium activity / continuing
E01004678,3,161.18675,5.088748449072059,0.3739850204809018,0.2029318166660721,0.1739419027928784,0.353284964172432,0.7360795419688102,2,29.194,3,0.327,0.173,1992,1,3,Medium activity / continuing,C3: Medium activity / continuing
E01004679,1,3220.14826,8.077493177455372,0.0496050762581968,0.1625985289261184,0.0817065453998692,0.2918956018953346,0.8778369083160387,1,43.313,2,0.476,0.227,1998,1,2,High activity / full-night,C1: High activity / full-night
E01004680,1,1658.05428,7.414003008160329,0.1030998575028557,0.1997535870779815,0.0773431193097007,0.3850386344420234,1.0070312978884872,2,12.435,7,0.088,0.028,1307,1,7,High activity / full-night,C1: High activity / full-night
E01004681,1,4905.52531,8.498321294096506,0.0820695164245314,0.0966665647475784,0.0514934760371259,0.1619249036584953,0.9198653903352052,1,12.138,7,0.119,0.06,2007,1,7,High activity / full-night,C1: High activity / full-night
E01004682,1,1941.06111,7.571505115915394,-0.2507794357901488,0.1712459016810655,0.0726043498960215,0.3323719209673818,0.9687254189186036,3,23.943,4,0.176,0.079,1445,1,4,High activity / full-night,C1: High activity / full-night
E01004683,3,246.90719,5.513054442251044,0.0012969650661044,0.0884356182580183,0.0418475865364633,0.1420829951588532,1.140425865806043,3,11.057,8,0.046,0.035,1536,1,8,Medium activity / continuing,C3: Medium activity / continuing
E01004684,1,4000.80273,8.294500221075173,-0.2222219714392167,0.2026017438755347,0.0801214335304155,0.4056576774239345,0.9695029422912322,1,24.2,4,0.251,0.131,1450,1,4,High activity / full-night,C1: High activity / full-night
E01004686,1,3846.00328,8.255049755364357,0.1353397909738652,0.1699548940582286,0.0652533010840282,0.331399264088054,0.9566656135960432,1,34.443,2,0.332,0.174,1479,1,2,High activity / full-night,C1: High activity / full-night
E01004691,1,10257.64421,9.235875966718217,0.0217626586991946,0.2742747440252658,0.165827557982731,0.5938212430163976,0.8958831398278894,1,9.639,8,0.027,0.018,1267,1,8,High activity / full-night,C1: High activity / full-night
E01004693,3,151.50244,5.027180595919468,-0.2311615575300305,0.1817209676623029,0.0753232093159687,0.3831785768715,0.8234109104605954,3,12.974,7,0.085,0.037,1242,1,7,Medium activity / continuing,C3: Medium activity / continuing
E01004694,3,902.6382,6.806429059043343,-0.0342216626772498,0.1046718164597953,0.0505326054226377,0.181731443575305,0.9336851171771176,3,16.062,6,0.151,0.055,1550,1,6,Medium activity / continuing,C3: Medium activity / continuing
E01004695,1,2503.63385,7.82589783517076,-0.227097125244572,0.1473834762219723,0.0650944426238685,0.2906520926031657,0.9520658524188153,3,22.094,4,0.161,0.073,1113,1,4,High activity / full-night,C1: High activity / full-night
E01004698,3,494.44062,6.205447508041908,-0.4480844636106151,0.1954027563512075,0.0586324602537712,0.4407644675491896,0.8935959380692198,3,26.054,4,0.238,0.128,1325,1,4,Medium activity / continuing,C3: Medium activity / continuing
E01004699,1,2139.79353,7.668931847694663,-0.2102154267192312,0.0912431770928852,0.0360401220579445,0.1555974987862073,0.8978111209818002,2,17.805,5,0.176,0.078,1829,1,5,High activity / full-night,C1: High activity / full-night
E01004702,3,700.48832,6.553204249368265,-0.0880307326180684,0.2160896701318303,0.125525490560642,0.3991467071501333,0.8502709935943463,1,45.693,1,0.585,0.261,3134,1,1,Medium activity / continuing,C3: Medium activity / continuing
E01004703,3,980.66472,6.88924982439354,-0.0152352783732242,0.0428606017355248,0.0220663184457171,0.0606701761222769,0.7677132949088757,1,11.712,7,0.097,0.05,1999,1,7,Medium activity / continuing,C3: Medium activity / continuing
E01004705,3,938.65789,6.845515862210826,-0.023657447762997,0.050150156411086,0.0279380488667708,0.0713550772984385,0.805388083267776,2,8.834,8,0.063,0.047,1287,1,8,Medium activity / continuing,C3: Medium activity / continuing
E01004708,3,282.7889,5.648230651910306,-0.2135832064129815,0.1180963962871244,0.0695589890550866,0.1827361358015767,1.0144046528107125,2,23.899,4,0.264,0.143,1508,1,4,Medium activity / continuing,C3: Medium activity / continuing
E01004710,3,923.41601,6.829162197592524,-0.0438220147385141,0.0713689055488652,0.0453417631344728,0.109601492463915,0.8578478258651085,2,30.467,3,0.442,0.18,2041,1,3,Medium activity / continuing,C3: Medium activity / continuing
E01004711,3,238.60693,5.478999789028369,-0.0709615181755198,0.1745766562605704,0.0830065161979997,0.3145865187692947,0.830253341788132,4,32.002,3,0.428,0.203,2006,1,3,Medium activity / continuing,C3: Medium activity / continuing
E01004712,3,833.77683,6.72716441966693,0.7213727563045857,0.0737881142607428,0.0238606654492905,0.1197751834080505,0.5944738168938264,1,12.695,7,0.119,0.056,1603,1,7,Medium activity / continuing,C3: Medium activity / continuing
E01004713,3,276.07735,5.624296709083838,-0.214419726935223,0.236573228481076,0.1762365510970023,0.4234409207537853,0.5353880102057655,1,7.879,9,0.033,0.021,1387,1,9,Medium activity / continuing,C3: Medium activity / continuing
E01004714,1,9409.61761,9.149593863794406,0.3865889838216284,0.1267120949455883,0.0736169639097587,0.2069313232134974,0.8934037975714801,1,8.79,8,0.086,0.037,1765,1,8,High activity / full-night,C1: High activity / full-night
E01004715,1,3017.7751,8.012606432066109,-0.0061261026376684,0.2048723113925885,0.1197291739864909,0.3949004869980151,0.8099928886133695,1,17.606,5,0.188,0.095,2006,1,5,High activity / full-night,C1: High activity / full-night
E01004716,1,2493.76127,7.82194832024094,0.3062652544924639,0.2134989168389803,0.1124007271153104,0.3924554181012579,0.6744901699561427,1,6.956,9,0.025,0.024,1043,1,9,High activity / full-night,C1: High activity / full-night
E01004720,3,477.98157,6.171662120679046,0.1012076051384157,0.220755603610407,0.1882564635284996,0.3677884545002687,1.1203660405642752,2,30.361,3,0.328,0.169,2243,1,3,Medium activity / continuing,C3: Medium activity / continuing
E01004721,1,1422.8452,7.261116378197625,-0.2681636624982113,0.1239154125831819,0.0496582059664677,0.2099858652452091,0.785483893058799,1,47.124,1,0.541,0.268,1887,1,1,High activity / full-night,C1: High activity / full-night
E01004723,3,320.66328,5.773505284118042,-0.6250461231482445,0.1087116990757407,0.0340328334444779,0.1739149241049666,0.6957859659734391,2,35.995,2,0.406,0.202,2168,1,2,Medium activity / continuing,C3: Medium activity / continuing
E01004725,3,3379.11377,8.1256646476739,0.1803019346105058,0.0595500162754212,0.0374520979801162,0.0970746571123974,0.9101254759096706,2,26.641,3,0.358,0.154,1340,1,3,Medium activity / continuing,C3: Medium activity / continuing
E01004726,1,1901.649,7.551002404671775,-0.0124624260313023,0.0861114590547467,0.0352116557787478,0.1322693425809297,0.8210965174247696,2,10.293,8,0.095,0.055,1736,1,8,High activity / full-night,C1: High activity / full-night
E01004727,1,15230.84368,9.631143494373443,0.0080493413612397,0.1499173445656426,0.0822515473417293,0.2717087659230864,0.9407225012113458,4,9.692,8,0.045,0.022,1619,1,8,High activity / full-night,C1: High activity / full-night
E01004728,1,1613.65715,7.386877922098156,-0.1608456232477884,0.0887807301569605,0.0387205919175582,0.1441969865433642,0.8416991805448403,4,15.846,6,0.23,0.083,1532,1,6,High activity / full-night,C1: High activity / full-night
E01004730,0,955.28528,6.8630562785778215,0.1525245107932574,0.0414725745590887,0.027093697078636,0.0553511357574785,1.0045828823426406,6,8.314,9,0.099,0.044,1511,1,9,Low activity / early-stop,C0: Low activity / early-stop
E01004731,1,6209.6919,8.734027585790347,0.1548720541191423,0.1489081640266242,0.0825611186925393,0.2611984499304495,0.7864516499743321,1,7.304,9,0.066,0.037,2121,1,9,High activity / full-night,C1: High activity / full-night
E01004733,1,9467.60315,9.155736672660623,0.1067797449875156,0.2280999346703711,0.1589616512390467,0.4152928339065648,0.8760015568944627,1,13.222,7,0.139,0.093,2173,1,7,High activity / full-night,C1: High activity / full-night
E01004734,1,36828.45193,10.514053128253176,0.249606902496811,0.2545147321917312,0.125466925375595,0.5589522690838123,1.13050216526109,1,28.233,3,0.232,0.139,1816,1,3,High activity / full-night,C1: High activity / full-night
E01004735,1,31532.66408,10.358810955111778,0.2636314692253557,0.2392111789496474,0.1383419906714079,0.5263657927432182,0.7995112028562416,1,21.893,4,0.181,0.119,2142,1,4,High activity / full-night,C1: High activity / full-night
E01004736,1,49866.20359,10.817118822975583,0.2220894496211638,0.3256052370358519,0.1697103739755537,0.7986504575083214,0.9911424440140764,1,10.324,8,0.028,0.028,1656,1,8,High activity / full-night,C1: High activity / full-night
E01004741,1,2911.81613,7.976875634472917,-0.2389361480733331,0.1080361245199915,0.0569155752289894,0.180079419279129,0.7961196365835633,2,28.035,3,0.293,0.138,1295,1,3,High activity / full-night,C1: High activity / full-night
E01004742,3,620.53361,6.43218998833007,-0.1373511581427475,0.103122117752816,0.0339603361693817,0.1731125432235298,0.9254067506915088,3,17.744,5,0.163,0.096,1296,1,5,Medium activity / continuing,C3: Medium activity / continuing
E01004743,3,702.69449,6.556344298900638,-0.0034586154219025,0.110656182888242,0.0709156549669259,0.179784802944663,0.7043604153329532,1,21.738,4,0.293,0.131,1510,1,4,Medium activity / continuing,C3: Medium activity / continuing
E01004744,1,1291.49821,7.1643322214686656,0.1700277308165994,0.1196522680430195,0.0769111402794743,0.2032056885661667,0.740864248014086,1,28.114,3,0.258,0.204,1507,1,3,High activity / full-night,C1: High activity / full-night
E01004747,3,293.01634,5.683635344025562,0.2506214499846663,0.1140913848012707,0.0493904196605554,0.2027472545799958,0.6029861326614302,2,22.34,4,0.226,0.142,2268,1,4,Medium activity / continuing,C3: Medium activity / continuing
E01004749,3,814.12962,6.70334714353966,-0.0904956633318413,0.079740877134528,0.0370833086750977,0.1357229018254979,0.915011563705219,1,20.403,5,0.205,0.085,2254,1,5,Medium activity / continuing,C3: Medium activity / continuing
E01004750,1,41373.54275,10.63042106125878,-0.1070134278022396,0.1619973213437227,0.0896221298332012,0.3027140211732155,0.9300526180220168,1,25.389,4,0.313,0.129,1631,1,4,High activity / full-night,C1: High activity / full-night
E01004751,2,153.44528,5.039839858845826,-0.0777151307619236,0.1097655789738205,0.0407583732780832,0.188660991644058,0.7766272110582197,2,15.363,6,0.094,0.068,1722,1,6,Partial-night transition,C2: Partial-night transition
E01004753,3,1030.65092,6.938915633006153,-0.3731992593573778,0.0629129210887426,0.0264449480140181,0.0992218337656479,0.8454557967807834,3,19.73,5,0.189,0.106,1743,1,5,Medium activity / continuing,C3: Medium activity / continuing
E01004755,1,5387.31284,8.591987598205503,-0.2313346146796257,0.1605148532640254,0.0817948470948644,0.2849627436068511,0.8314722802753319,3,28.828,3,0.34,0.164,2518,1,3,High activity / full-night,C1: High activity / full-night
E01004757,3,112.80382,4.734476088791415,0.0307000241658482,0.2148975096765339,0.1515623318430173,0.3765208578451358,0.9075412708818772,2,45.161,1,0.574,0.242,1647,1,1,Medium activity / continuing,C3: Medium activity / continuing
E01004760,3,246.71262,5.512269283925772,-0.1326783364385656,0.1057706735877556,0.0487769129929389,0.1752084527213416,0.8740557678818893,2,22.361,4,0.265,0.126,1685,1,4,Medium activity / continuing,C3: Medium activity / continuing
E01004761,1,9130.67242,9.119504135346189,0.1378294721474631,0.2586195343978839,0.1265696256355235,0.5307525698298269,0.7327388857035053,1,13.48,7,0.099,0.06,1319,1,7,High activity / full-night,C1: High activity / full-night
E01004763,1,6984.22853,8.851552988407118,0.3766613762279053,0.2987305585775269,0.1054019677102404,0.7496589341569386,0.94878246534058,1,23.754,4,0.161,0.108,2165,1,4,High activity / full-night,C1: High activity / full-night
E01004765,1,5308.40973,8.577235946098467,0.314675952867715,0.3682418218308856,0.1938814658905389,0.8441232550119129,0.7450026967660254,1,18.322,5,0.2,0.125,1918,1,5,High activity / full-night,C1: High activity / full-night
E01032512,1,3645.11013,8.201416160487307,0.0671772158499913,0.1281014436729789,0.072914441682452,0.2208027449108744,0.9208667107708038,4,56.543,1,0.626,0.317,2379,1,1,High activity / full-night,C1: High activity / full-night
E01032513,3,625.2701,6.439781747692399,-0.1131875328757924,0.0770392347243215,0.0326366637393983,0.1165680999024121,0.8669866875845524,2,44.263,2,0.528,0.239,1186,1,2,Medium activity / continuing,C3: Medium activity / continuing
E01032563,3,358.31935,5.884211547386866,-0.3427509287455449,0.1109486551591478,0.0641254791291622,0.1850355120657617,0.7538312747069805,5,6.76,9,0.08,0.064,1443,1,9,Medium activity / continuing,C3: Medium activity / continuing
E01032564,3,273.44732,5.6147593299637055,-0.3380566318953135,0.2161021362359667,0.1301551977177907,0.3822151311981393,0.7458736778779235,5,41.428,2,0.46,0.232,1266,1,2,Medium activity / continuing,C3: Medium activity / continuing
E01032565,0,168.76455,5.13441247705126,-0.5488481437600492,0.0244135394548203,0.0171618980407911,0.0355967273204497,0.7092040762749608,6,34.336,2,0.382,0.211,1448,1,2,Low activity / early-stop,C0: Low activity / early-stop
E01032566,2,584.97215,6.373272262850366,-0.2705739239038986,0.1366811736251033,0.1025074441578116,0.2138888650356796,0.7351274600318006,7,30.403,3,0.288,0.172,1937,1,3,Partial-night transition,C2: Partial-night transition
E01032567,2,563.63725,6.336183489555224,-0.4750733029089188,0.1431335845883145,0.0919917021098232,0.2434649209993263,0.6511262032926078,6,21.203,5,0.24,0.134,1538,1,5,Partial-night transition,C2: Partial-night transition
E01032568,0,267.00339,5.590999629684587,0.1123161395066931,0.0402181410505686,0.0145488789486905,0.0582088010999545,0.6991559396718144,6,27.705,3,0.313,0.167,1520,1,3,Low activity / early-stop,C0: Low activity / early-stop
E01032569,0,331.9052,5.807857764765382,-0.222597054821678,0.0589466510316801,0.0414064015869591,0.0878266019072648,0.9020798783525724,5,44.624,2,0.491,0.274,1753,1,2,Low activity / early-stop,C0: Low activity / early-stop
E01032570,0,369.06882,5.913688988342415,-0.3980993029972025,0.0622456809003805,0.0256483872032321,0.0914665794348287,0.7882693705272403,6,13.485,7,0.163,0.112,1725,1,7,Low activity / early-stop,C0: Low activity / early-stop
E01032572,3,994.22018,6.902963999110522,-0.4809999330329424,0.1239928463330929,0.0607150822466709,0.207013716543552,0.857945094621939,2,14.884,6,0.161,0.076,1582,1,6,Medium activity / continuing,C3: Medium activity / continuing
E01032573,1,2820.01245,7.944851124320865,0.1087287717470893,0.0738261598809608,0.0404411157830171,0.1089809061677612,0.7477718300523155,2,13.262,7,0.102,0.052,1812,1,7,High activity / full-night,C1: High activity / full-night
E01032574,0,1645.88295,7.406639659042554,0.0135773992919727,0.0474193076731246,0.0372156294589478,0.0621160161121179,0.7097300124240612,1,38.85,2,0.484,0.187,2103,1,2,Low activity / early-stop,C0: Low activity / early-stop
E01032577,0,111.10314,4.71941934039055,-0.1305383448208574,0.1279549794902286,0.0920004601130085,0.2209135835389995,0.5830727435826099,5,10.761,8,0.172,0.077,1822,1,8,Low activity / early-stop,C0: Low activity / early-stop
E01032579,1,4603.95486,8.434888146252655,-0.1025742506954119,0.1951482230648977,0.1113954492594655,0.3768900791632942,0.8848357994560995,2,28.491,3,0.315,0.16,2176,1,3,High activity / full-night,C1: High activity / full-night
E01032580,1,1400.24702,7.245117847711494,-0.1232363129756919,0.0945801905723748,0.064158879623968,0.1527088578741667,0.8236799699252465,2,35.649,2,0.434,0.182,1602,1,2,High activity / full-night,C1: High activity / full-night
E01032581,3,455.4427,6.123463171893826,0.0462863056099043,0.1341679425315193,0.1053057387899729,0.2207930812701441,0.912714641771141,4,29.724,3,0.394,0.175,1939,1,3,Medium activity / continuing,C3: Medium activity / continuing
E01032582,1,29754.52333,10.300770051892696,0.0345165653843461,0.1105147581606376,0.0507046583562258,0.1967712653747191,0.8559484134949352,1,17.177,6,0.183,0.085,2621,1,6,High activity / full-night,C1: High activity / full-night
E01032583,1,1878.69717,7.538865963062019,0.0466792474063289,0.1420395124138075,0.0865294112302303,0.2521398524254303,0.6209048101405029,2,23.302,4,0.238,0.146,2268,1,4,High activity / full-night,C1: High activity / full-night
E01032623,0,97.07399,4.585722193801447,-0.1819306077766042,0.0081259665951713,0.0,0.0091318830199325,0.4964233086340272,7,2.162,10,0.05,0.034,1794,1,10,Low activity / early-stop,C0: Low activity / early-stop
E01032639,1,5144.29669,8.545838312300397,-0.1001777504399731,0.1551168309462337,0.0857212125531585,0.2723199885912999,0.8439132558622823,2,16.844,6,0.178,0.077,2101,1,6,High activity / full-night,C1: High activity / full-night
E01032640,2,2119.92184,7.659606103343488,0.3224811627960774,0.0378972934209687,0.0161553597655279,0.0613912465834296,1.0048185356184516,2,7.579,9,0.026,0.016,961,1,9,Partial-night transition,C2: Partial-night transition
E01032719,1,1227.61838,7.113645548735132,0.3348440742635346,0.1397736322585851,0.0517501130929629,0.2474557783863662,0.9283800864829538,2,23.836,4,0.261,0.133,1514,1,4,High activity / full-night,C1: High activity / full-night
E01032739,1,69685.65898,11.15176417211532,0.0900800163459974,0.2702818084192278,0.1614864664367991,0.5660006119379568,0.7708144148405072,1,9.682,8,0.024,0.056,2548,1,8,High activity / full-night,C1: High activity / full-night
E01032740,1,12962.72829,9.469910605232789,0.0856624473766548,0.2911973919033676,0.197655266135336,0.6143155079844986,0.5832355586134401,1,9.196,8,0.04,0.04,1810,1,8,High activity / full-night,C1: High activity / full-night
E01032741,1,9231.52506,9.130487861047431,0.2731954756779916,0.0934246859965735,0.0636808659651734,0.1381708652398175,0.78290424496249,2,22.674,4,0.262,0.114,1559,1,4,High activity / full-night,C1: High activity / full-night
E01032742,3,510.97584,6.238277436426142,0.4049521402029498,0.0788372107769322,0.0485970726130613,0.119691674698076,0.7377418761294625,5,21.628,4,0.31,0.171,1740,1,4,Medium activity / continuing,C3: Medium activity / continuing
E01032743,0,122.48287,4.816102441994238,-0.405013778661457,0.0994630514454796,0.0796424838836647,0.1601121026019537,0.8706435136889925,5,34.513,2,0.501,0.188,2257,1,2,Low activity / early-stop,C0: Low activity / early-stop
E01032744,1,3877.76969,8.263273292127405,-0.1784321157041175,0.1162138254786348,0.0822228872493972,0.1856011554054734,0.8436822869342194,4,40.685,2,0.457,0.184,1639,1,2,High activity / full-night,C1: High activity / full-night
E01032764,1,4218.9541,8.347579530193654,-0.0905563348034528,0.2168980008576059,0.1313555414125031,0.430784246923737,1.040596518304549,2,26.645,3,0.341,0.137,2611,1,3,High activity / full-night,C1: High activity / full-night
E01032765,2,204.51349,5.325511676550622,-0.237406882059467,0.0748488033723349,0.0258828402957672,0.1244808145758674,0.9038477168008826,2,28.141,3,0.358,0.163,1889,1,3,Partial-night transition,C2: Partial-night transition
E01032767,3,1565.48706,7.356590849904889,-0.6678495700884299,0.1376461329549411,0.0812988323263432,0.2587134099908962,1.145107464604151,2,10.284,8,0.099,0.037,1746,1,8,Medium activity / continuing,C3: Medium activity / continuing
E01032769,1,2608.51534,7.866919789586979,-0.2049467265160878,0.153607453962682,0.0644708227017748,0.3028133270499544,1.3338987135647036,3,23.07,4,0.276,0.09,1368,1,4,High activity / full-night,C1: High activity / full-night
E01032771,1,5167.46933,8.550331855967523,0.4020861387483068,0.117522394661218,0.0560370582789699,0.2132069516167549,1.1604362199254097,1,11.288,7,0.152,0.061,2130,1,7,High activity / full-night,C1: High activity / full-night
E01032777,3,459.87692,6.133131022534239,-0.1794350105676101,0.1401814642056835,0.079974333132439,0.2214641545586828,0.8442276482365241,3,24.807,4,0.354,0.16,1352,1,4,Medium activity / continuing,C3: Medium activity / continuing
E01032780,3,1063.87005,6.970608051919286,-0.01682892567565,0.0927455848578498,0.0499945176574902,0.1442104711921134,0.906895851017556,3,19.011,5,0.3,0.072,3014,1,5,Medium activity / continuing,C3: Medium activity / continuing
E01032781,1,1566.34777,7.357140151363538,-0.1725184503566535,0.1218221161702806,0.0516639481665045,0.2090960172139712,0.9722301571740812,1,11.788,7,0.157,0.051,1721,1,7,High activity / full-night,C1: High activity / full-night
E01032783,1,2898.55425,7.972312297263898,-0.4380902065227863,0.0889639550475896,0.0391621892189873,0.1488379496883605,0.9142770905598075,3,24.849,4,0.339,0.13,1310,1,4,High activity / full-night,C1: High activity / full-night
E01032786,1,1077.2737,6.9831166153466775,-0.098081926626446,0.1293160503222161,0.0646569019553712,0.2257062796294742,0.8585554282455878,3,35.5,2,0.496,0.179,1678,1,2,High activity / full-night,C1: High activity / full-night
E01032788,0,746.1322,6.616242144039592,-0.0685085297216765,0.0384878309768697,0.0201625395606837,0.0538169091181576,0.7063558060235122,2,17.128,6,0.234,0.1,1547,1,6,Low activity / early-stop,C0: Low activity / early-stop
E01032789,0,378.60985,5.939144014765821,0.288192792659779,0.0795267740657037,0.0539559654879554,0.1158604579197086,0.9831692096128176,2,13.439,7,0.226,0.092,1242,1,7,Low activity / early-stop,C0: Low activity / early-stop
E01033081,3,1615.7391,7.388166498383455,-0.0727354806230783,0.0800240397722627,0.0395496834854092,0.1272552559066606,0.8336080272131662,3,23.32,4,0.289,0.137,1570,1,4,Medium activity / continuing,C3: Medium activity / continuing
E01033082,1,6168.24874,8.727332349356407,-0.0930754682892376,0.085024969340001,0.0484934075469855,0.1383890015261455,0.8699480676917704,6,27.402,3,0.359,0.16,1204,1,3,High activity / full-night,C1: High activity / full-night
E01033083,3,2894.65589,7.970966923931841,0.1836750930695254,0.0692702060692955,0.036682760934323,0.0999370642948181,0.7470614490179622,2,31.181,3,0.371,0.112,2228,1,3,Medium activity / continuing,C3: Medium activity / continuing
E01033084,1,18927.32751,9.84841488900592,-0.0671421355882693,0.1453436766784197,0.1003984608495845,0.2533828013780319,0.8239861970598149,2,38.936,2,0.432,0.172,1982,1,2,High activity / full-night,C1: High activity / full-night
E01033098,1,3717.80313,8.221157156250705,0.160833483939748,0.0511883694067469,0.0226059576209996,0.0755913445646644,1.0294523827875546,4,8.247,9,0.045,0.024,1911,1,9,High activity / full-night,C1: High activity / full-night
E01033099,3,294.29058,5.687959888478115,-0.0824150062839252,0.1615693237615692,0.0852091154259847,0.2870291816610222,0.7943621532753292,2,12.919,7,0.209,0.072,1964,1,7,Medium activity / continuing,C3: Medium activity / continuing
E01033100,1,4004.38292,8.29539446541896,-0.1121176393390469,0.1238833947478729,0.0708937346081777,0.208518799558237,0.8419749462088411,3,21.275,5,0.244,0.115,1879,1,5,High activity / full-night,C1: High activity / full-night
E01033132,0,3528.36238,8.168872504716795,0.1097665710855924,0.0513939699130337,0.0340280325741371,0.0800073235404665,0.9790083288456244,2,13.529,7,0.138,0.073,2139,1,7,Low activity / early-stop,C0: Low activity / early-stop
E01033133,3,644.03455,6.469303881252644,-0.2748421338575702,0.0471056094739016,0.0219408260007168,0.0727677959464896,0.8315318990223689,2,10.097,8,0.166,0.069,1200,1,8,Medium activity / continuing,C3: Medium activity / continuing
E01033146,0,431.76008,6.0701834866793245,-0.5711673019886414,0.0443046286261573,0.0244593247249722,0.0653921138333919,0.6591869820125765,6,48.596,1,0.66,0.262,1477,1,1,Low activity / early-stop,C0: Low activity / early-stop
E01033148,3,301.87949,5.713335003624413,-0.4439033271190435,0.0633340476360285,0.025059105539101,0.0964305818588298,0.7874598435785678,6,32.111,3,0.392,0.192,2140,1,3,Medium activity / continuing,C3: Medium activity / continuing
E01033150,3,838.83866,6.733209801960709,-0.3313744504813357,0.0770012197578018,0.0474605092712345,0.125244185209127,0.7439047841593981,6,39.214,2,0.529,0.265,1704,1,2,Medium activity / continuing,C3: Medium activity / continuing
E01033151,0,274.34614,5.618028997088349,-0.2481290241590423,0.036194750179463,0.028714090892622,0.0510177249767874,0.6209072011425693,7,48.554,1,0.572,0.272,1348,1,1,Low activity / early-stop,C0: Low activity / early-stop
E01033320,3,579.57785,6.364023900673334,-0.4366909294411442,0.0964579823055694,0.0421214682376146,0.1507928919075268,0.6790015981005063,3,20.965,5,0.234,0.134,1565,1,5,Medium activity / continuing,C3: Medium activity / continuing
E01033322,3,274.03411,5.616895126338334,-0.0365035943883045,0.106621507811564,0.0674903938053551,0.1805413212482777,0.648236042916894,2,19.584,5,0.248,0.116,1239,1,5,Medium activity / continuing,C3: Medium activity / continuing
E01033324,3,105.47005,4.667863724942259,-0.0826988325121681,0.1455866381024755,0.0779866891122171,0.2487840712400828,0.9505979948830928,2,30.076,3,0.319,0.182,1530,1,3,Medium activity / continuing,C3: Medium activity / continuing
E01033327,1,16671.75065,9.721530968131647,0.0139312382290218,0.1285311749789155,0.07944007667845,0.2055847472237205,0.8649952301169035,2,25.668,4,0.251,0.118,2134,1,4,High activity / full-night,C1: High activity / full-night
E01033341,2,397.59121,5.987936355352902,-0.247061623922722,0.1186593888733103,0.0736922227229319,0.2006959750949104,0.7250455689436441,2,33.916,2,0.384,0.174,1266,1,2,Partial-night transition,C2: Partial-night transition
E01033455,3,1011.58225,6.920259030249246,0.1992648546373762,0.3068920199024844,0.2374738781745132,0.6373730074710111,1.0409181419332982,1,65.239,1,0.755,0.312,1151,1,1,Medium activity / continuing,C3: Medium activity / continuing
E01033456,1,796.54124,6.681533544920747,-0.1057589686128492,0.1485205336009972,0.1077476540950974,0.2448382286845145,0.8512670751279845,4,50.044,1,0.636,0.249,2631,1,1,High activity / full-night,C1: High activity / full-night
E01033463,2,821.08965,6.711849452369556,-0.1334608833517752,0.0766661472349578,0.0429486597474465,0.1150475502599179,0.7547222681336931,5,16.24,6,0.201,0.074,3074,1,6,Partial-night transition,C2: Partial-night transition
E01033486,3,967.91811,6.87618009851569,-0.2100039124177561,0.1132498285417967,0.0563297550037574,0.1802328565831204,0.6688104721913203,3,36.388,2,0.378,0.207,1004,1,2,Medium activity / continuing,C3: Medium activity / continuing
E01033488,1,3098.90895,8.03912801907416,0.1314458980797096,0.0812391729030954,0.0362792072351786,0.1307788451002145,0.7812051774315414,2,24.966,4,0.217,0.114,1835,1,4,High activity / full-night,C1: High activity / full-night
E01033489,0,171.74996,5.151845231099272,-0.1260845708493905,0.0413218145727661,0.0244242269401401,0.0593796885725253,0.6271861345375555,1,10.096,8,0.076,0.049,1611,1,8,Low activity / early-stop,C0: Low activity / early-stop
E01033490,1,3035.33146,8.018405309104285,0.0010143274435009,0.1073912237578165,0.0509471443359269,0.1800040287315109,0.6418959450552739,1,18.01,5,0.229,0.092,1563,1,5,High activity / full-night,C1: High activity / full-night
E01033491,1,4254.63647,8.355999611489878,-0.0856787348508767,0.1838226592365011,0.1177704355079718,0.3359867643401125,0.9042933996544754,2,27.835,3,0.267,0.153,1917,1,3,High activity / full-night,C1: High activity / full-night
E01033569,3,537.68311,6.289127475937121,0.2333130568300722,0.0517047113494042,0.0258923327533944,0.0747655651790764,0.864330628522739,1,10.105,8,0.145,0.087,1932,1,8,Medium activity / continuing,C3: Medium activity / continuing
E01033570,2,226.83674,5.428629319834729,-0.3924195877616651,0.0260683520667771,0.0031402320453027,0.034666527998835,0.6781376598122765,5,8.607,8,0.145,0.076,1949,1,8,Partial-night transition,C2: Partial-night transition
E01033571,3,398.04021,5.9890621887545645,-0.2814295822022604,0.0579115863696283,0.0316194687968836,0.0829771521741908,0.8667989786716428,6,16.821,6,0.196,0.132,1528,1,6,Medium activity / continuing,C3: Medium activity / continuing
E01033579,3,2424.96891,7.793986274087995,-0.0466906398399969,0.1741910621031425,0.097246784908265,0.3263037940819365,1.278600929730999,4,13.616,7,0.162,0.061,1994,1,7,Medium activity / continuing,C3: Medium activity / continuing
E01033581,3,632.41861,6.4511315147907,0.133419840380725,0.2694257684795202,0.2231696186170106,0.5585272896956635,0.925121745848058,5,35.637,2,0.435,0.198,1920,1,2,Medium activity / continuing,C3: Medium activity / continuing
E01033582,3,333.66185,5.813120619049714,-0.2060653622822027,0.2040184396268257,0.1473653940359079,0.3546109254877692,1.02699166827148,5,11.553,7,0.193,0.06,1456,1,7,Medium activity / continuing,C3: Medium activity / continuing
E01033584,3,403.33898,6.002253585553529,-0.0632427840225113,0.2637772575316177,0.17283628277138,0.5008283616882179,1.0718053095151785,4,35.429,2,0.46,0.192,1735,1,2,Medium activity / continuing,C3: Medium activity / continuing
E01033587,3,199.81782,5.302398128899888,0.6001582841810605,0.2561004318834025,0.1907593627034866,0.5189491461896454,0.764014539298933,4,32.628,3,0.42,0.167,3081,1,3,Medium activity / continuing,C3: Medium activity / continuing
E01033589,1,6755.32052,8.818233719075875,0.0576317494998742,0.1519136400651497,0.0943326224289946,0.255470604147375,0.912924534238402,2,32.295,3,0.44,0.131,1938,1,3,High activity / full-night,C1: High activity / full-night
E01033591,1,1517.95053,7.325774934586836,-0.1836987467569183,0.1022844137087919,0.0539186873237561,0.1604032198319175,0.8405777258736896,4,32.377,3,0.458,0.168,3050,1,3,High activity / full-night,C1: High activity / full-night
E01033593,1,2315.75339,7.747922083722448,-0.1342615199626244,0.2086850923275556,0.1040705806761228,0.4230826442761021,0.9388581166627123,1,20.853,5,0.246,0.089,1940,1,5,High activity / full-night,C1: High activity / full-night
E01033594,1,7822.78071,8.964923183458879,-0.1328186444842833,0.1683269631113052,0.0798514713829936,0.3144033083228225,1.043925858834856,1,33.644,2,0.303,0.208,1668,1,2,High activity / full-night,C1: High activity / full-night
E01033598,1,2356.18429,7.765223088254633,-0.0088577154548466,0.0944396161812962,0.0507109314441613,0.1574633168630427,0.8811379276063657,2,50.198,1,0.62,0.289,1379,1,1,High activity / full-night,C1: High activity / full-night
E01033601,1,1071.04649,6.977324708227716,-0.2349714716865372,0.0993828381810018,0.0353369161407736,0.157481182611281,0.832255679392046,1,29.668,3,0.396,0.158,2007,1,3,High activity / full-night,C1: High activity / full-night
E01033604,1,6340.37257,8.754850517690747,0.0096337824513678,0.1550445701962905,0.0723256172941269,0.2964156043487951,0.8843824654551369,1,51.69,1,0.495,0.244,1231,1,1,High activity / full-night,C1: High activity / full-night
E01033699,1,8540.01468,9.052635094712963,0.0772336049427024,0.0883071151816802,0.0314893920065252,0.1451630290091912,0.8083626209445111,2,32.201,3,0.287,0.124,1463,1,3,High activity / full-night,C1: High activity / full-night
E01033700,1,12261.32371,9.414286727419617,-0.0034527797325399,0.1589655151515447,0.0933096798567436,0.2990380708712847,0.912147399668148,2,21.314,5,0.229,0.102,2526,1,5,High activity / full-night,C1: High activity / full-night
E01033702,0,303.98615,5.720266365740288,-0.0442215870690161,0.0363526759360582,0.0163985760535471,0.0541462139014338,0.7293751796122131,3,45.051,1,0.658,0.219,1401,1,1,Low activity / early-stop,C0: Low activity / early-stop
E01033703,3,969.98678,6.87831285336857,0.0578495306915419,0.0912468209102808,0.0631990468983505,0.1454905595084038,1.0166453786169165,3,31.994,3,0.34,0.168,1362,1,3,Medium activity / continuing,C3: Medium activity / continuing
E01033704,1,7557.01451,8.93036380372765,0.0076204948295117,0.1110375544323256,0.0450185942543598,0.195027472191675,0.8540384636561885,2,17.506,5,0.178,0.082,2441,1,5,High activity / full-night,C1: High activity / full-night
E01033705,1,1174.49853,7.069447617447653,-0.0468511186642353,0.1162424017678421,0.0805981340819557,0.193332456402338,0.8860676787070093,3,36.271,2,0.414,0.18,1424,1,2,High activity / full-night,C1: High activity / full-night
E01033706,1,8833.16719,9.086382117718836,-0.0059396328487246,0.1799156866179502,0.0799560763210234,0.3602489878348132,0.9405229398194112,1,22.297,4,0.188,0.072,1481,1,4,High activity / full-night,C1: High activity / full-night
E01033708,1,17222.79868,9.75404735063404,0.1226282161941871,0.1716393778342649,0.0786208992602589,0.3396388706106838,0.989258533928158,1,14.482,6,0.111,0.049,2230,1,6,High activity / full-night,C1: High activity / full-night
E01033709,3,1238.31172,7.122311439977617,-0.0596666080169216,0.1111827319214906,0.0558050520591051,0.1894514871106372,0.7095026726015182,1,23.083,4,0.283,0.128,1949,1,4,Medium activity / continuing,C3: Medium activity / continuing
E01033711,3,1394.27624,7.2408476961571715,-0.5634574824283027,0.1549420364503952,0.1010348566220995,0.2822748358004855,0.9157047721425816,1,10.678,8,0.087,0.029,2070,1,8,Medium activity / continuing,C3: Medium activity / continuing
E01033712,2,654.7554,6.485787853558674,0.2331102576626324,0.0361512864193254,0.0101854371876887,0.0563881836867015,1.0784709476229688,2,29.492,3,0.319,0.138,1542,1,3,Partial-night transition,C2: Partial-night transition
E01033713,1,4254.58282,8.355987004600506,-0.1795231194958851,0.1655893373818493,0.1155968824224228,0.3088931905597568,0.8960293020469083,4,25.989,4,0.257,0.142,1367,1,4,High activity / full-night,C1: High activity / full-night
E01033727,1,1233.28915,7.1182504963037285,-0.3782745433218155,0.1319695466387586,0.0458804895834849,0.2519994668202022,1.10410671319818,4,18.676,5,0.252,0.104,2723,1,5,High activity / full-night,C1: High activity / full-night
E01033729,0,297.29822,5.698093724355732,-0.3704453393632831,0.0633772378455545,0.0168379750137757,0.0976253220228806,1.0196250035780152,6,29.474,3,0.314,0.167,2594,1,3,Low activity / early-stop,C0: Low activity / early-stop
E01033732,1,3306.02715,8.103804922805969,-0.2224201486064625,0.0840198151427764,0.0431103598166155,0.1338558021027509,0.745165935302779,3,24.026,4,0.33,0.141,1021,1,4,High activity / full-night,C1: High activity / full-night
E01033735,1,3644.9674,8.201377013893094,0.2830482269882578,0.102753440263965,0.0709780120392846,0.1488525294080101,0.6670788503710077,2,38.025,2,0.44,0.201,1331,1,2,High activity / full-night,C1: High activity / full-night
E01033737,1,5269.82261,8.569941722333294,-0.3325627330746148,0.1444442908866718,0.1065505884267326,0.235727928183027,0.7565879880031914,1,30.202,3,0.314,0.16,2006,1,3,High activity / full-night,C1: High activity / full-night
E01033738,1,2199.43126,7.696408647408299,0.0392861834654474,0.0988667588547413,0.0542873160764296,0.1458476602499049,0.7669050623157054,4,19.337,5,0.244,0.101,1959,1,5,High activity / full-night,C1: High activity / full-night
E01033740,0,1222.99868,7.109878384640317,-0.1561524825194415,0.1213499429124486,0.0950688679402336,0.2011354651596159,0.7928322553940762,6,24.315,4,0.342,0.137,1621,1,4,Low activity / early-stop,C0: Low activity / early-stop
E01033741,1,2601.4233,7.864198328392963,-0.2726275035669896,0.1438135769753427,0.0963298552757638,0.2421766131840545,0.7822032006628163,5,21.578,4,0.229,0.108,2466,1,4,High activity / full-night,C1: High activity / full-night
E01033742,0,228.16906,5.434459984454446,-0.306154743329354,0.0697353532507869,0.0527009665552375,0.10212584030322,0.8753662966899812,6,13.616,7,0.207,0.083,1370,1,7,Low activity / early-stop,C0: Low activity / early-stop
E01033743,1,3847.53316,8.255447357281282,-0.2353818101986156,0.1170186067999996,0.0805347003169168,0.1840890469436443,0.7174791142506476,5,24.212,4,0.264,0.146,1931,1,4,High activity / full-night,C1: High activity / full-night
E01033744,0,650.11004,6.478678660182291,-0.2282630491293442,0.0751376951508086,0.0520283458474199,0.1160796388776989,0.7870272272235334,3,28.586,3,0.351,0.166,1775,1,3,Low activity / early-stop,C0: Low activity / early-stop
E01033745,0,159.20425,5.076449563620689,0.066301559160638,0.0810425601075348,0.0440498290717741,0.1121126249483418,0.6048511107135357,5,24.644,4,0.346,0.145,1675,1,4,Low activity / early-stop,C0: Low activity / early-stop
E01033746,3,191.60427,5.26063766941941,-0.0956587762892757,0.0824066707907918,0.0241504012410579,0.1443744249174299,1.217872994275558,3,15.808,6,0.177,0.084,1529,1,6,Medium activity / continuing,C3: Medium activity / continuing
E01033784,0,502.38055,6.22134644468819,-0.1379410687774437,0.0574931692717801,0.0364676936636977,0.0846425425551973,0.6084006875350885,5,15.838,6,0.172,0.1,1590,1,6,Low activity / early-stop,C0: Low activity / early-stop
E01033785,0,2604.71557,7.865462607445695,0.2864192231169409,0.0965804531202614,0.0823078621210069,0.1444284563304887,0.56528581033959,6,13.044,7,0.145,0.077,1431,1,7,Low activity / early-stop,C0: Low activity / early-stop
E01033786,2,421.77346,6.046836480029623,-0.0481277793059809,0.0707044487815805,0.0621089814423126,0.0959702655358015,0.7160802684240833,2,19.05,5,0.253,0.108,1418,1,5,Partial-night transition,C2: Partial-night transition
E01033788,1,3956.42515,8.283348878120842,0.1233816214114401,0.1181197652633463,0.0811813664666447,0.169856861362992,0.7483374143837784,2,14.878,6,0.211,0.095,1643,1,6,High activity / full-night,C1: High activity / full-night
E01033790,3,314.34439,5.753665343194008,-0.2090903865025236,0.1797564448342787,0.1372712584436452,0.3118927920498715,0.7893624123414796,6,30.161,3,0.359,0.192,1290,1,3,Medium activity / continuing,C3: Medium activity / continuing
E01033791,2,1848.7842,7.522824262619739,0.0813265063602339,0.0900632750972233,0.0712853452555468,0.1371889799258709,0.7109402284541317,6,33.003,3,0.36,0.189,1406,1,3,Partial-night transition,C2: Partial-night transition
E01033862,2,815.01261,6.7044298082760765,-0.0413432744310545,0.0473736473844251,0.0134144182137255,0.0734702675827923,0.8711413399077114,1,11.719,7,0.128,0.048,1699,1,7,Partial-night transition,C2: Partial-night transition
E01033865,1,1076.75801,6.982638245749939,-0.1162598920438957,0.1973362705702091,0.1335889481797307,0.3595605546064859,0.9013570657791266,1,12.402,7,0.121,0.05,2409,1,7,High activity / full-night,C1: High activity / full-night
E01033866,1,3043.41457,8.021063902218074,-0.0406714915608752,0.105637152811554,0.0564758714419902,0.1786539886719984,0.7892206000249811,1,7.176,9,0.078,0.028,1324,1,9,High activity / full-night,C1: High activity / full-night
E01033867,3,288.80122,5.669195239677583,0.3283761751421964,0.1465035708644167,0.1173798711792145,0.2336360154020468,0.7750103616228448,1,17.912,5,0.195,0.107,1743,1,5,Medium activity / continuing,C3: Medium activity / continuing
E01033868,3,1702.8505,7.440645968798559,0.1478914561201937,0.093803120121232,0.045628908703377,0.1672221363832735,0.90167701054636,1,10.983,8,0.071,0.033,1630,1,8,Medium activity / continuing,C3: Medium activity / continuing
E01033869,3,335.8707,5.819699177203318,0.5806077755517226,0.275357183582849,0.219936719696002,0.5032893188411641,0.856141786878121,4,22.19,4,0.35,0.113,1497,1,4,Medium activity / continuing,C3: Medium activity / continuing
E01033872,3,1136.44625,7.036540896961406,-0.3086872872342181,0.0643103270392242,0.0241644160469533,0.1046548141113108,0.7590246368375794,2,21.413,5,0.279,0.144,1268,1,5,Medium activity / continuing,C3: Medium activity / continuing
E01033873,1,14866.96011,9.60696384847031,-0.1291417381760904,0.1390596587805064,0.0780087275017246,0.2436835081037822,0.9205816196475664,1,29.078,3,0.31,0.133,2021,1,3,High activity / full-night,C1: High activity / full-night
E01033874,3,852.22508,6.749023381383167,-0.1196708738024935,0.1167073609239474,0.0757992947121434,0.1829658019986203,0.9447367172811432,1,16.167,6,0.073,0.03,1523,1,6,Medium activity / continuing,C3: Medium activity / continuing
E01033875,3,303.2538,5.717862221518482,-0.1163705780438695,0.0816700071029612,0.0427389533123739,0.1338808629981724,0.8246327853797667,1,21.223,5,0.295,0.116,1383,1,5,Medium activity / continuing,C3: Medium activity / continuing
E01033876,3,724.25687,6.586525895552305,0.4094345560022095,0.062662063530029,0.0226787355154808,0.1002170314253368,0.8635317851164327,1,15.0,6,0.166,0.046,1343,1,6,Medium activity / continuing,C3: Medium activity / continuing
E01033879,1,2374.93195,7.773145039499996,-0.1602947865516736,0.1229681844147155,0.0804355046888817,0.2126136386577471,0.8774192524998412,3,33.056,3,0.398,0.195,2480,1,3,High activity / full-night,C1: High activity / full-night
E01033880,1,8340.54919,9.02900423229926,-0.1169146260979008,0.151066596611008,0.0970717504994416,0.2650731220961635,0.7703418122162184,4,26.646,3,0.128,0.081,2103,1,3,High activity / full-night,C1: High activity / full-night
E01033883,1,1674.4407,7.423831514130866,-0.0453546667851539,0.1843475496026822,0.1132491404443286,0.3415017385411057,0.8749936256996025,2,29.372,3,0.355,0.165,1796,1,3,High activity / full-night,C1: High activity / full-night
E01033884,1,19534.71661,9.87999969020514,0.2347422489688218,0.1814343694233914,0.1137188639257152,0.333643235883845,0.8974653862331948,1,10.928,8,0.139,0.057,1133,1,8,High activity / full-night,C1: High activity / full-night
E01033885,1,3715.59987,8.220564515861344,0.0878997689274868,0.0970534564046047,0.0427297355891015,0.1613874471082943,0.9851378687714452,2,23.998,4,0.316,0.144,1311,1,4,High activity / full-night,C1: High activity / full-night
E01033911,2,236.5278,5.47028466925615,-0.2544516965870397,0.0396054924621968,0.0127295818926992,0.0553561268982392,0.5429895790909446,7,9.632,8,0.178,0.078,1912,1,8,Partial-night transition,C2: Partial-night transition
E01033916,3,1567.46995,7.3578558690155855,-0.0277787972904998,0.1061354126756943,0.057673188567347,0.1704194077183352,0.753088452584926,1,36.001,2,0.568,0.122,1774,1,2,Medium activity / continuing,C3: Medium activity / continuing
E01033918,2,1185.33516,7.078624136599257,-0.2429995074135825,0.0423768328950944,0.0170171700635286,0.0606038863293657,0.57230964829323,3,11.349,7,0.146,0.051,1912,1,7,Partial-night transition,C2: Partial-night transition
E01033922,3,835.08705,6.728732734458141,-0.3751650441711435,0.1393411381484122,0.0652865949723445,0.2267226875463615,0.8625934764062897,3,23.055,4,0.455,0.108,1822,1,4,Medium activity / continuing,C3: Medium activity / continuing
E01033924,3,294.12281,5.687391574793646,-0.0279323116762008,0.0948232134733106,0.0418135200054698,0.1455438121804025,0.7124867712740505,4,38.362,2,0.501,0.204,1615,1,2,Medium activity / continuing,C3: Medium activity / continuing
E01033925,1,1928.82337,7.565183759576176,-0.0855107899278512,0.1171672292626773,0.060119268463654,0.1833189705891156,0.8337831108786438,5,18.122,5,0.251,0.086,1790,1,5,High activity / full-night,C1: High activity / full-night
E01033926,0,934.92611,6.841536531053792,0.0133328932272519,0.0578010170236875,0.0406100328078333,0.0920813835217786,0.6020114559785062,6,39.071,2,0.525,0.233,2743,1,2,Low activity / early-stop,C0: Low activity / early-stop
E01033927,1,7629.15849,8.939863896015586,0.1370323884829924,0.0546311746631442,0.0191417100839387,0.0817432162928662,0.7399779494925102,4,24.045,4,0.375,0.115,1650,1,4,High activity / full-night,C1: High activity / full-night
E01033929,1,1778.0086,7.4838115218306545,0.1004945757855164,0.055835224868991,0.0300038874952573,0.0806425516769275,0.7477679938643236,4,18.907,5,0.286,0.103,1467,1,5,High activity / full-night,C1: High activity / full-night
E01033930,0,438.70581,6.086105889654163,0.0980222030795534,0.0381638209897425,0.0288368645038003,0.0551686062642224,0.8141267382518265,4,26.914,3,0.334,0.171,1765,1,3,Low activity / early-stop,C0: Low activity / early-stop
E01033931,1,8495.92408,9.04745950404542,0.1912015814529265,0.1206930818054108,0.0642061728498873,0.2116194910401039,0.8181079540557576,2,32.505,3,0.382,0.151,1355,1,3,High activity / full-night,C1: High activity / full-night
E01033934,2,924.90383,6.830770373961268,-0.3550701374001229,0.0761957489137005,0.043037101489784,0.1197877847726104,0.879669166578856,4,52.07,1,0.671,0.236,1622,1,1,Partial-night transition,C2: Partial-night transition
E01033936,1,4767.54262,8.469796006800143,0.0659567381067271,0.1440281261712139,0.0792522731553472,0.2475564667833995,0.8560200663122157,3,26.4,4,0.293,0.092,1812,1,4,High activity / full-night,C1: High activity / full-night
E01033937,1,1635.56201,7.400352985065704,-0.0956102605978234,0.1290378712085639,0.079497982470258,0.2112544941747707,0.7970296047460268,1,36.932,2,0.467,0.196,1210,1,2,High activity / full-night,C1: High activity / full-night
E01033938,2,3934.64643,8.277830424360785,0.0114851819099791,0.1568586303699974,0.1338237016635825,0.2687398757439712,0.6276836582527276,2,34.927,2,0.394,0.164,1478,1,2,Partial-night transition,C2: Partial-night transition
E01033939,2,260.21703,5.565351594358072,-0.2656620514037839,0.1482157797281753,0.1068223705420048,0.2420231836857636,0.655162688822557,4,25.395,4,0.425,0.142,2231,1,4,Partial-night transition,C2: Partial-night transition
E01033940,3,690.60769,6.539018872891332,0.245949491237203,0.1133617553549106,0.0737119507024313,0.1848873853895877,0.7864214051283346,1,9.109,8,0.105,0.029,2804,1,8,Medium activity / continuing,C3: Medium activity / continuing
E01033941,1,3789.52152,8.240258892831516,0.14674456315002,0.0983055322509423,0.0514326093601389,0.1712679029634794,0.853248070463832,3,25.378,4,0.397,0.155,1518,1,4,High activity / full-night,C1: High activity / full-night
E01033942,2,714.02073,6.572311535280711,-0.0376537667190699,0.0637488214102691,0.0370684195681545,0.1024973603844398,0.6435287234064021,1,18.504,5,0.248,0.085,3206,1,5,Partial-night transition,C2: Partial-night transition
E01033944,1,9060.44162,9.111783505584205,0.2021668895207781,0.1466240847540497,0.0802667011721223,0.2494415551649167,0.8199917777553146,3,27.093,3,0.34,0.128,3050,1,3,High activity / full-night,C1: High activity / full-night
E01034026,1,2547.39809,7.843220240752176,0.014456582245455,0.1128231748026473,0.0568562725113764,0.1850013122352308,0.7250196196123202,3,15.059,6,0.11,0.037,2825,1,6,High activity / full-night,C1: High activity / full-night
E01034027,1,1447.76307,7.278465416183587,-0.150047611036245,0.118433474062852,0.0694441736243486,0.2013403186830981,0.8230114273709153,4,33.981,2,0.535,0.141,2900,1,2,High activity / full-night,C1: High activity / full-night
E01034028,2,516.29617,6.248615573154495,-0.0401934223141728,0.043508767458027,0.0134936503596375,0.067672057728336,0.843238832758162,1,31.511,3,0.376,0.16,1234,1,3,Partial-night transition,C2: Partial-night transition
E01034029,3,705.91039,6.560903911045977,0.247221931384237,0.1152992379103528,0.0645953943247669,0.2040302725423738,0.8060644570233966,3,24.271,4,0.372,0.132,1519,1,4,Medium activity / continuing,C3: Medium activity / continuing
E01034030,1,10314.94686,9.241446215766564,0.1915944431729239,0.1121934951005651,0.0576408543902086,0.1796864997007644,0.8173732560219032,3,25.092,4,0.273,0.13,1878,1,4,High activity / full-night,C1: High activity / full-night
E01034032,2,976.54204,6.885041298607352,0.0478570692153714,0.0677211397883085,0.0349812692139705,0.0999294884235839,0.5793767450692622,2,27.033,3,0.296,0.144,1849,1,3,Partial-night transition,C2: Partial-night transition
E01034033,2,314.20364,5.753218906140394,-0.5341320679798617,0.0690246300138343,0.0276455104084726,0.1107375119243877,0.8128903108313282,2,12.681,7,0.174,0.073,1910,1,7,Partial-night transition,C2: Partial-night transition
E01034034,1,1005.41321,6.914148011853672,-0.0774919498024101,0.1158283368884719,0.0811777478038109,0.1777565595649952,0.8485126733712645,5,14.872,6,0.224,0.091,1620,1,6,High activity / full-night,C1: High activity / full-night
E01034036,1,4631.40635,8.440831742089008,0.7061207207612002,0.1526830117163008,0.1061029788500419,0.2801540632663583,0.856671926104161,3,31.795,3,0.37,0.124,1987,1,3,High activity / full-night,C1: High activity / full-night
E01034037,1,13228.73953,9.490222569084503,-0.2011871111351452,0.1454030019744443,0.0861188926893929,0.2595178179587091,0.8573707570901136,2,19.533,5,0.254,0.107,2018,1,5,High activity / full-night,C1: High activity / full-night
E01034038,3,3221.18107,8.077813760171527,0.0422381005734645,0.1426184526782904,0.1106231789695696,0.21892217461095,0.9002055121857718,4,30.799,3,0.332,0.135,1816,1,3,Medium activity / continuing,C3: Medium activity / continuing
E01034039,3,2289.29417,7.736435546813481,-0.2454092433214906,0.136508485495335,0.10167492367309,0.2421011993879127,0.8374048211729278,4,30.663,3,0.402,0.14,1694,1,3,Medium activity / continuing,C3: Medium activity / continuing
E01034040,1,8348.53647,9.02996130372917,-0.2062230159964793,0.1151569479818059,0.0794952172018241,0.1884882482919668,0.8878938675471231,2,30.484,3,0.344,0.107,1727,1,3,High activity / full-night,C1: High activity / full-night
E01034042,3,907.0372,6.811285346925076,0.0372322546418162,0.0777477042837934,0.0465215759618238,0.1119618852345928,1.0138735732076398,4,27.046,3,0.325,0.144,1568,1,3,Medium activity / continuing,C3: Medium activity / continuing
E01034044,1,3418.06534,8.137122500307818,-0.0436736823761245,0.0923012051021821,0.0567183306097946,0.1443806198400851,0.9802945381623028,3,13.696,7,0.232,0.085,1258,1,7,High activity / full-night,C1: High activity / full-night
E01034045,0,180.31712,5.200247542425657,-0.2065239285099496,0.0605565350644464,0.0424750572768686,0.0976671607546057,0.933825951169304,2,17.214,6,0.229,0.095,1803,1,6,Low activity / early-stop,C0: Low activity / early-stop
E01034046,1,2260.9798,7.723995726485882,-0.305111969598313,0.1399901361347854,0.092589115568392,0.2345644152989227,0.8920830636109819,3,39.66,2,0.483,0.218,1951,1,2,High activity / full-night,C1: High activity / full-night
E01034140,1,3302.91944,8.102864751777023,-0.3939905479499069,0.1261571671878258,0.0692245040042514,0.2148128802946865,0.8690473597901521,3,24.697,4,0.352,0.154,1320,1,4,High activity / full-night,C1: High activity / full-night
E01034142,0,218.00641,5.389100998794553,0.0211980464244147,0.10968727937862,0.087742374180649,0.171888710421169,0.7908651005104333,2,28.806,3,0.358,0.167,1469,1,3,Low activity / early-stop,C0: Low activity / early-stop
E01034143,1,24312.06837,10.098769277773924,-0.0223354739603341,0.1434869266123242,0.0935483696980077,0.2505533348171999,0.8171399413141693,2,27.254,3,0.396,0.11,1429,1,3,High activity / full-night,C1: High activity / full-night
E01034145,3,1651.71984,7.410177597673262,-0.0268536460759592,0.1004466290118547,0.0712206011886374,0.1516760943684694,0.7900747572041613,1,44.478,2,0.462,0.242,1336,1,2,Medium activity / continuing,C3: Medium activity / continuing
E01034146,0,487.69955,6.191747883465372,0.2038189906059991,0.0665288905843772,0.0491242610332529,0.0901628335921136,0.6821032887273344,3,18.792,5,0.283,0.101,1451,1,5,Low activity / early-stop,C0: Low activity / early-stop
E01034148,1,4554.37736,8.42406365148761,-0.0195355617172662,0.14512564676898,0.0924691361104078,0.2547881541204504,0.7960324993659671,1,20.984,5,0.238,0.117,1938,1,5,High activity / full-night,C1: High activity / full-night
E01034149,1,20841.31776,9.94474070657376,0.3007752807277384,0.1292262788281579,0.0858155482583074,0.2245230853417089,0.8007404140182193,2,27.539,3,0.354,0.148,2163,1,3,High activity / full-night,C1: High activity / full-night
E01034150,1,15650.91124,9.658348312473438,-0.051931610085599,0.128276476635363,0.0830212452217574,0.2165012759924952,0.830882548810371,3,46.3,1,0.512,0.24,1505,1,1,High activity / full-night,C1: High activity / full-night
E01034152,1,3752.03396,8.230319847855073,-0.0547160186151406,0.1059722417864256,0.0594204189985529,0.1844145749568907,0.9301371662939296,2,33.582,2,0.388,0.187,1628,1,2,High activity / full-night,C1: High activity / full-night
E01034153,0,588.13539,6.378656021413435,-0.2721295686695541,0.0419610355363923,0.027599121351973,0.0589676402052998,0.6730697541775903,6,17.066,6,0.225,0.115,1382,1,6,Low activity / early-stop,C0: Low activity / early-stop
E01034155,1,5240.23554,8.564312539597312,0.0510200310576115,0.0779046164783654,0.0459974572059026,0.1128664156913432,0.7183307392734846,3,22.501,4,0.323,0.151,2103,1,4,High activity / full-night,C1: High activity / full-night
E01034156,1,4302.08092,8.367086538146324,-0.0108339105811147,0.1201213737281352,0.0821593820694567,0.1968516061837975,0.825021035006268,2,25.397,4,0.297,0.143,1352,1,4,High activity / full-night,C1: High activity / full-night
E01034173,1,1815.90856,7.504891742418778,-0.0261363380543787,0.1773493925266809,0.129251722895122,0.3172578464234959,0.7967539656925893,4,39.498,2,0.452,0.244,1640,1,2,High activity / full-night,C1: High activity / full-night
E01034174,2,1835.66356,7.515705922007365,-0.1584042993150662,0.0854889988664371,0.0550495375089322,0.1290718169507148,0.7480483161000844,5,11.472,7,0.2,0.089,1241,1,7,Partial-night transition,C2: Partial-night transition
E01034175,0,574.22802,6.354766518711333,-0.4431855136571008,0.0800273905129185,0.0550878029253953,0.1160372532499176,0.9068569438893842,3,12.836,7,0.186,0.03,1525,1,7,Low activity / early-stop,C0: Low activity / early-stop
E01034179,3,777.35135,6.657178028918589,0.1379571155308342,0.144547340144196,0.0675536358173173,0.2567175847414934,1.291080473899693,3,23.898,4,0.291,0.118,1420,1,4,Medium activity / continuing,C3: Medium activity / continuing
E01034180,1,931.07113,6.837409131515877,0.0329613807271631,0.1400721124281879,0.074949977237507,0.2478013694664721,1.249244153170679,2,36.879,2,0.516,0.209,1264,1,2,High activity / full-night,C1: High activity / full-night
E01034182,3,1126.97276,7.028177282830244,0.0823538272566588,0.0797359024010482,0.0264106294814082,0.1362688807103133,1.12041465846139,2,19.608,5,0.263,0.112,1467,1,5,Medium activity / continuing,C3: Medium activity / continuing
E01034185,1,5062.38762,8.529791028391553,-0.1558581363629362,0.0915813396367305,0.048073266661473,0.1519583033606261,0.8345362378484714,3,18.817,5,0.242,0.118,1207,1,5,High activity / full-night,C1: High activity / full-night
E01034187,1,20616.97401,9.9339184991065,0.212166057340827,0.1500404636732624,0.1176916839892742,0.2667506537883719,0.8164913420071813,1,25.827,4,0.311,0.121,1229,1,4,High activity / full-night,C1: High activity / full-night
E01034188,1,37785.45351,10.539705944625496,0.2447004910911813,0.1155239359200693,0.0633361695491265,0.2010664469763763,1.026011907452589,2,15.412,6,0.138,0.043,1536,1,6,High activity / full-night,C1: High activity / full-night
E01034190,1,1546.68828,7.344517664363066,-0.3413911819387419,0.1236772286139001,0.071398472095489,0.2170550073596567,0.7805864602195847,3,32.337,3,0.378,0.198,1758,1,3,High activity / full-night,C1: High activity / full-night
E01034192,1,2497.42204,7.823414627575811,0.1754178400699947,0.104367946556602,0.0472571267930349,0.1733080639236878,1.1634896785352884,2,21.546,4,0.273,0.149,2209,1,4,High activity / full-night,C1: High activity / full-night
E01034198,1,2408.31505,7.787097774470667,-0.0178259360211198,0.1635018142663684,0.116627631422226,0.2830135226749125,0.7576505990756621,5,24.619,4,0.334,0.143,2233,1,4,High activity / full-night,C1: High activity / full-night
E01034199,1,866.89923,6.76607561345082,-0.0428549117525459,0.1653719314066065,0.0911800786811173,0.2993858551957471,0.8557743935605897,1,38.242,2,0.449,0.199,1867,1,2,High activity / full-night,C1: High activity / full-night
E01034200,1,1049.73656,6.957246682939753,0.3086712155666941,0.1041625243575397,0.0486053948621166,0.1614320888397864,0.7402730627696913,1,25.583,4,0.205,0.064,1563,1,4,High activity / full-night,C1: High activity / full-night
E01034202,1,1421.27777,7.260014928840033,0.0626437504893923,0.2258979186032017,0.1630877052273884,0.4501763962830378,0.8836852016208754,2,27.991,3,0.327,0.109,1642,1,3,High activity / full-night,C1: High activity / full-night
E01034203,1,5804.46206,8.666554487863552,-0.175952622214228,0.1229555026155171,0.0589960045324165,0.2082581261904256,0.8772028752511114,3,19.011,5,0.2,0.072,1530,1,5,High activity / full-night,C1: High activity / full-night
E01034204,3,542.29707,6.297656260574041,0.0653537552766051,0.2201280379405332,0.1032385072631869,0.4123692903636234,0.9173033894511496,4,36.816,2,0.475,0.165,1983,1,2,Medium activity / continuing,C3: Medium activity / continuing
E01034205,3,2334.77858,7.756100553496741,0.0595595064950441,0.0859493237255928,0.0597865173150594,0.1299522920696943,0.8405122668676894,5,26.667,3,0.385,0.148,1516,1,3,Medium activity / continuing,C3: Medium activity / continuing
E01034206,1,2696.14853,7.899950393925865,0.0792322557986076,0.1085457484050405,0.0655805524186013,0.1650655363944668,0.7932962869129887,6,24.82,4,0.407,0.101,1973,1,4,High activity / full-night,C1: High activity / full-night
E01034208,3,226.61541,5.427657406462831,-0.1904371375274081,0.1350559522849748,0.0846214738882938,0.2239197575800498,0.8770302066826754,1,43.363,2,0.604,0.225,1885,1,2,Medium activity / continuing,C3: Medium activity / continuing
E01034209,1,16264.13759,9.69677929814004,0.0967702481174102,0.2555272025339525,0.1595593203537329,0.5442031909384097,1.0079386475614809,2,18.113,5,0.173,0.033,1747,1,5,High activity / full-night,C1: High activity / full-night
E01034211,3,204.19482,5.323959869313271,0.0046939486515867,0.081214792814039,0.0292398210689183,0.1212238524071943,1.0659184014650374,2,18.142,5,0.299,0.054,1732,1,5,Medium activity / continuing,C3: Medium activity / continuing
E01034212,3,243.62589,5.49973006393139,0.2641742632525631,0.2244266403706108,0.1475312003991037,0.4870056161020339,1.0172229475388104,2,10.296,8,0.11,0.036,1994,1,8,Medium activity / continuing,C3: Medium activity / continuing
E01034215,3,396.85406,5.986085254622549,0.1737480523696796,0.1140985681235061,0.0861033146542585,0.1822811845864857,0.8050147964835693,2,16.301,6,0.273,0.075,1613,1,6,Medium activity / continuing,C3: Medium activity / continuing
E01034218,3,149.02772,5.01082007702284,-0.0734629772232978,0.1372489628104087,0.0817014445366271,0.2241660121061636,0.8845519800706194,4,31.079,3,0.47,0.14,1962,1,3,Medium activity / continuing,C3: Medium activity / continuing
E01034219,1,7540.65721,8.928197225976579,0.0768462209409994,0.1084677365940096,0.0542457545288681,0.174688365566293,0.9613265439792156,1,14.984,6,0.159,0.034,2108,1,6,High activity / full-night,C1: High activity / full-night
E01034220,1,42107.43102,10.648003261378484,0.2029053901659755,0.2240272515205084,0.1277952401666132,0.4407587493416831,0.9245116110226128,1,22.868,4,0.164,0.076,1601,1,4,High activity / full-night,C1: High activity / full-night
E01034221,1,909.54879,6.814047483673778,-0.1686843099422957,0.1966860953110608,0.0965537428728809,0.3562932789226191,0.6905891742856797,2,22.494,4,0.285,0.101,1946,1,4,High activity / full-night,C1: High activity / full-night
E01034222,3,250.8478,5.528824936795158,0.3475925242318251,0.1524736114887194,0.0959417622957028,0.2705896036183253,1.1483594326413384,4,28.946,3,0.327,0.13,1573,1,3,Medium activity / continuing,C3: Medium activity / continuing
E01034223,1,2171.35651,7.6835678066268445,0.054774473676826,0.2785913078824628,0.155267888275058,0.6018794102686486,0.962857004150598,2,17.452,5,0.207,0.093,1388,1,5,High activity / full-night,C1: High activity / full-night
E01034224,1,1753.20404,7.469770494558752,-0.1216774745739235,0.1935672473125261,0.132866406125781,0.3568431785330282,0.9819594589842716,3,35.346,2,0.504,0.198,1698,1,2,High activity / full-night,C1: High activity / full-night
E01034225,3,521.67635,6.258962438856339,-0.1130464702875643,0.198840526314831,0.1089415688481948,0.3656839138864766,1.0604221843766213,4,24.903,4,0.377,0.151,1682,1,4,Medium activity / continuing,C3: Medium activity / continuing
E01034227,2,449.84401,6.111121403842351,0.0961235651442818,0.0784848285520129,0.0556343075458535,0.1139101780362247,1.267605244739472,3,14.856,6,0.287,0.055,1677,1,6,Partial-night transition,C2: Partial-night transition
E01034229,0,316.08254,5.759162118533565,-0.364815152396586,0.0439720903280516,0.0225362653691659,0.0675059426100818,1.3273495746913888,4,16.86,6,0.223,0.084,1495,1,6,Low activity / early-stop,C0: Low activity / early-stop
E01034230,2,581.31287,6.367007880608102,-0.759307032029069,0.070265208475429,0.03192342877253,0.1120670759506788,1.039221449212827,3,5.404,10,0.043,0.012,1547,1,10,Partial-night transition,C2: Partial-night transition
E01034383,1,9254.41362,9.13296391552706,-0.4010676237745251,0.1004971441939937,0.0495627479853229,0.1669153613802314,0.860626673636418,5,27.634,3,0.3,0.126,1270,1,3,High activity / full-night,C1: High activity / full-night
E01034384,3,439.48252,6.087870762409534,-0.3702195482086524,0.1601395659604391,0.0874412251936664,0.2806853634861127,0.7706509079255803,5,13.985,7,0.206,0.069,1405,1,7,Medium activity / continuing,C3: Medium activity / continuing
E01034385,1,7772.57539,8.95848549067685,0.042974104880313,0.0667552650139042,0.0405167932375629,0.0959002995495315,0.7930139591717712,3,12.255,7,0.108,0.104,1438,1,7,High activity / full-night,C1: High activity / full-night
E01034386,1,12563.60895,9.438639327328644,0.325638003083501,0.0868655092930125,0.0510586999764904,0.1352060152210323,0.7861301206345298,2,17.1,6,0.269,0.112,1339,1,6,High activity / full-night,C1: High activity / full-night
E01034388,3,708.28646,6.564259478782923,-0.2175399484553185,0.0967437525206962,0.0542040574939128,0.1637005298755547,0.8260260779255442,3,9.32,8,0.125,0.057,1317,1,8,Medium activity / continuing,C3: Medium activity / continuing
E01034391,2,146.7733,4.995679342668623,-0.1109358445984385,0.0696794989279385,0.0163418005863464,0.0918534098223814,0.6538774189450195,5,19.025,5,0.203,0.118,1641,1,5,Partial-night transition,C2: Partial-night transition
E01034392,1,545.58053,6.303681652661968,0.0978704463665519,0.1602871898672777,0.0883068902770412,0.2759391577828493,1.0411658216882087,2,22.101,4,0.238,0.124,1906,1,4,High activity / full-night,C1: High activity / full-night
E01034394,1,22602.70137,10.025868949283948,0.0522406596747422,0.150015508079953,0.0802977246077732,0.2719683380253617,0.8229424872762249,1,13.494,7,0.084,0.033,1340,1,7,High activity / full-night,C1: High activity / full-night
E01034395,1,1180.21564,7.074299390554206,-0.0365910250096329,0.1424474852748096,0.0859781522637676,0.2403796110133686,0.6613960988787057,1,22.653,4,0.352,0.13,1709,1,4,High activity / full-night,C1: High activity / full-night
E01034470,3,587.57816,6.377709730116062,-0.2477081517121057,0.1657515146580669,0.1204019393777331,0.2646132632711504,0.7104662000801129,5,23.12,4,0.332,0.14,1471,1,4,Medium activity / continuing,C3: Medium activity / continuing
E01034471,1,2861.89596,7.959588964933802,-0.1495109067486855,0.1601121586544327,0.1101675652807448,0.2649048588832773,0.762102962239523,4,27.126,3,0.381,0.14,2612,1,3,High activity / full-night,C1: High activity / full-night
E01034473,1,10554.21246,9.264375088928723,0.1810514680505114,0.1192473616359244,0.076528972015786,0.1863683410254724,0.7697134424647192,2,48.32,1,0.603,0.192,1333,1,1,High activity / full-night,C1: High activity / full-night
E01034474,1,1872.1772,7.535391305550494,0.0553177231300541,0.1641319689183267,0.1158812691448224,0.2779717152021934,0.8526068306537588,1,27.848,3,0.312,0.115,2282,1,3,High activity / full-night,C1: High activity / full-night
E01034475,1,1995.18267,7.598991970719961,-0.1976934021785584,0.1458984555033249,0.10641674228255,0.2371192253806315,0.7170133391481115,5,32.299,3,0.41,0.172,1804,1,3,High activity / full-night,C1: High activity / full-night
E01034476,3,996.6464,6.905398904912102,-0.1455323773807842,0.1590444715397557,0.1178230212841786,0.2558344447095503,0.806221495231832,5,26.029,4,0.378,0.15,1806,1,4,Medium activity / continuing,C3: Medium activity / continuing
E01034477,1,767.29564,6.644174606990899,-0.3722535944554565,0.1525978304790054,0.0967767261130273,0.2663986275770045,0.6931779627346308,6,28.93,3,0.463,0.172,1585,1,3,High activity / full-night,C1: High activity / full-night
E01034478,3,747.4129,6.617954831023163,-0.1439074706898958,0.1727673284739934,0.1072338328653412,0.312220441892341,0.7232529731866398,7,14.134,7,0.197,0.067,1287,1,7,Medium activity / continuing,C3: Medium activity / continuing
E01034479,0,460.73622,6.134993775645408,-0.5762477280383991,0.0773352049465527,0.0557565888785561,0.1236262756383673,0.7224165235010271,3,40.746,2,0.534,0.217,2034,1,2,Low activity / early-stop,C0: Low activity / early-stop
E01034481,0,424.36775,6.052954088890927,-0.1250547667677385,0.0695291524862574,0.0459761610065797,0.1064216910903452,0.857224050967956,2,26.063,4,0.381,0.157,1663,1,4,Low activity / early-stop,C0: Low activity / early-stop
E01034482,1,7976.10559,8.984330916629341,-0.6218994964433515,0.2079009300076229,0.1069444292549793,0.3945176170921355,0.9024059457061364,2,14.505,6,0.158,0.066,1134,1,6,High activity / full-night,C1: High activity / full-night
E01034483,0,380.58738,5.944339867748439,-0.7166588130168688,0.049844190839959,0.0150207818241372,0.0773332164710582,0.8023790525059582,4,29.99,3,0.36,0.152,1716,1,3,Low activity / early-stop,C0: Low activity / early-stop
E01034484,1,11439.02825,9.344873734336334,0.027253642808339,0.1551162765945612,0.0769129659243563,0.2786002662352784,0.8486626306961276,4,36.529,2,0.452,0.171,1699,1,2,High activity / full-night,C1: High activity / full-night
E01034485,1,2343.79646,7.759953879671899,0.1092806924027865,0.1557124162564867,0.1124752658769695,0.2652539291530579,0.7814344525113058,4,17.69,5,0.211,0.102,1986,1,5,High activity / full-night,C1: High activity / full-night
E01034578,1,1367.54107,7.22150053899132,-0.2292012261101599,0.1532897655497834,0.1026470598064012,0.254319558375278,0.8197492032621406,5,20.73,5,0.302,0.154,1007,1,5,High activity / full-night,C1: High activity / full-night
E01034579,3,805.12766,6.6922421170614905,-0.2486345333111522,0.1061270457407959,0.0483290562890362,0.1676359289797863,0.8360798669190025,5,12.054,7,0.179,0.079,2133,1,7,Medium activity / continuing,C3: Medium activity / continuing
E01034580,1,4817.21429,8.48015865914714,0.1811589224526691,0.0965745682034004,0.0521075802089759,0.1607483783369444,0.7729466140108958,2,9.964,8,0.176,0.056,1673,1,8,High activity / full-night,C1: High activity / full-night
E01034581,2,862.35128,6.760821653454201,0.1522059780557176,0.0570560178214149,0.0357587455543638,0.0832464193891355,0.6444329428451913,2,8.112,9,0.128,0.052,1508,1,9,Partial-night transition,C2: Partial-night transition
E01034589,2,2541.68703,7.840976686672464,0.062126582909777,0.069353593860846,0.0460041022438549,0.1037795815744588,0.7228043617058075,5,17.097,6,0.216,0.098,1975,1,6,Partial-night transition,C2: Partial-night transition
E01034591,0,266.27977,5.588295937527328,0.1622134118562593,0.0344995040366754,0.0237933208369528,0.044421663740367,0.642159962411804,3,31.96,3,0.391,0.138,1842,1,3,Low activity / early-stop,C0: Low activity / early-stop
E01034593,0,118.95193,4.787091079193776,-0.1415964415205369,0.0316655644006785,0.0081838100483111,0.0427144522514594,0.7138977660561525,7,12.899,7,0.214,0.086,1492,1,7,Low activity / early-stop,C0: Low activity / early-stop
E01034594,0,935.69405,6.842356708107796,-0.6913892313411633,0.0444118138829674,0.0221769712012168,0.0664190091044322,0.6866339828110594,5,7.948,9,0.161,0.071,1715,1,9,Low activity / early-stop,C0: Low activity / early-stop
E01034595,3,1387.97396,7.236320595278395,-0.3232145796164648,0.0941851027233969,0.0614430907623079,0.1515900513052194,0.949330708867792,4,21.416,5,0.296,0.114,1528,1,5,Medium activity / continuing,C3: Medium activity / continuing
E01034597,2,931.36952,6.837729216794588,0.0340065670175678,0.0769230133277284,0.0321555938399186,0.1133515540690888,0.5450507463134051,3,19.513,5,0.277,0.128,1485,1,5,Partial-night transition,C2: Partial-night transition
E01034598,3,846.96128,6.7428349743720775,0.2629612536714784,0.1234453952841858,0.0817320362035912,0.1924321160033218,0.7196998802047311,3,11.454,7,0.156,0.047,1345,1,7,Medium activity / continuing,C3: Medium activity / continuing
E01034601,0,161.30267,5.089462925401865,-0.3044886361769461,0.1048304408104342,0.1001848264507958,0.1522582935168826,0.5644400550675285,6,19.452,5,0.247,0.122,1486,1,5,Low activity / early-stop,C0: Low activity / early-stop
E01034602,1,4985.0891,8.514407133959937,0.634659055542257,0.0903214548361833,0.0542233237115059,0.1406779668801392,0.7314099085636806,3,21.377,5,0.234,0.115,1454,1,5,High activity / full-night,C1: High activity / full-night
E01034605,1,2159.48257,7.678086887762495,-0.0063221765202763,0.1317518344220763,0.0904678429518419,0.2198865334075202,0.7165981644165775,6,15.389,6,0.23,0.104,1742,1,6,High activity / full-night,C1: High activity / full-night
E01034607,1,2394.45883,7.781330069784339,-0.2610705192204119,0.1470603902594558,0.0817533789044099,0.2689510359635289,0.7661431158147193,5,22.392,4,0.298,0.111,2293,1,4,High activity / full-night,C1: High activity / full-night
E01034608,1,1093.86707,6.998388237621083,-0.0215272135397585,0.1210597006087768,0.0828088736595754,0.1892017519010405,0.6426185351738845,5,26.445,4,0.305,0.138,2638,1,4,High activity / full-night,C1: High activity / full-night
E01034609,1,5610.46523,8.63256714623289,0.0944380632049652,0.1188005384002709,0.0839548309614958,0.1976344325770678,0.7482447218777832,5,29.993,3,0.304,0.154,2185,1,3,High activity / full-night,C1: High activity / full-night
E01034610,3,588.7019,6.379617154978544,-0.3144130161631888,0.1295168913163011,0.0956313033812189,0.2354415296793064,0.8161886840154398,4,26.563,4,0.378,0.158,1758,1,4,Medium activity / continuing,C3: Medium activity / continuing
E01034612,3,1840.05396,7.518093490961067,0.0314767399538652,0.092605507068934,0.0796548705560786,0.1408194800085232,0.8284633583585387,4,25.702,4,0.359,0.147,2160,1,4,Medium activity / continuing,C3: Medium activity / continuing
E01034613,3,286.60561,5.661590131915339,0.3697402503740244,0.1305456651738254,0.1161230235514231,0.206015875533002,0.491356104330405,5,18.03,5,0.222,0.077,1321,1,5,Medium activity / continuing,C3: Medium activity / continuing
E01034615,3,571.61385,6.350211580286266,-0.149439258688361,0.4342679240539746,0.3952527567342883,1.3749838397541714,0.7903955585101196,5,27.006,3,0.31,0.13,2189,1,3,Medium activity / continuing,C3: Medium activity / continuing
E01034616,1,16303.23848,9.69918038244091,0.1476146694997005,0.1028473693773753,0.0729262478407909,0.1753082506848617,0.8060523237651529,3,28.814,3,0.382,0.14,1627,1,3,High activity / full-night,C1: High activity / full-night
E01034617,1,3191.68434,8.068617327821546,-0.0821546155783061,0.1401936696534344,0.1039263582062128,0.2307100082455737,0.7479677131021972,3,28.442,3,0.375,0.123,2510,1,3,High activity / full-night,C1: High activity / full-night
E01035484,1,2854.59029,7.957033857286342,-0.0960531222153075,0.1043308950651548,0.0625319229261443,0.1593953050122712,0.6720749463714147,4,21.19,5,0.212,0.115,1788,1,5,High activity / full-night,C1: High activity / full-night
E01035485,1,2746.82336,7.918564371800243,0.130156035952745,0.1224524171805499,0.0790182663948219,0.1969081590470154,0.7051685055450574,2,34.087,2,0.474,0.132,1387,1,2,High activity / full-night,C1: High activity / full-night
E01035486,0,803.65723,6.690416385497237,-0.2055179793504751,0.0409304847540536,0.0157672693369535,0.0608144738021686,0.6955045891403134,2,12.295,7,0.183,0.078,2054,1,7,Low activity / early-stop,C0: Low activity / early-stop
E01035487,0,269.15905,5.599010859636424,-0.6023592741912264,0.0497899661928514,0.0151374809801119,0.0743271127946944,0.7604369473978788,2,20.633,5,0.297,0.133,1576,1,5,Low activity / early-stop,C0: Low activity / early-stop
E01035488,1,940.29812,6.8472599013133175,-0.3045945470995943,0.1053103243469209,0.0650933982511844,0.1678380811531549,0.7484272082634336,3,7.546,9,0.093,0.044,1676,1,9,High activity / full-night,C1: High activity / full-night
E01035489,3,1612.88396,7.3863989503344785,-0.2267111392192156,0.0609774865638815,0.0261812821301787,0.0933013094015553,0.8855026617395232,3,7.692,9,0.105,0.048,1359,1,9,Medium activity / continuing,C3: Medium activity / continuing
E01035490,1,4240.11568,8.352581645688302,0.0723027443439939,0.1651277377413439,0.1030957768586162,0.3063280053930405,0.9528285172479652,2,6.307,9,0.077,0.039,1782,1,9,High activity / full-night,C1: High activity / full-night
E01035493,1,9757.26404,9.18586979883323,-0.0001688075666752,0.1099263016356786,0.0599322010353221,0.181487104025757,0.8638684265704025,3,17.219,6,0.221,0.085,1728,1,6,High activity / full-night,C1: High activity / full-night
E01035495,1,1744.85979,7.465002429624071,0.3119731414063934,0.1139511043463268,0.056540967111174,0.1769358079045661,0.90749080334528,3,44.888,2,0.615,0.261,1307,1,2,High activity / full-night,C1: High activity / full-night
E01035496,1,971.60748,6.879980588666001,-0.0058061100970527,0.1053842545551419,0.065789273256727,0.183084387970331,0.8254009054508342,1,8.726,8,0.024,0.013,1471,1,8,High activity / full-night,C1: High activity / full-night
E01035498,0,411.61405,6.022512652408329,0.0612748034232553,0.06120342587917,0.0353448090511001,0.0943414187648505,0.8598285921226325,2,8.454,8,0.147,0.015,1313,1,8,Low activity / early-stop,C0: Low activity / early-stop
E01035638,1,1904.57104,7.552537001172373,0.0014542802246956,0.1275066746788295,0.0784717801862617,0.2071727011894329,0.8738406123010592,3,23.688,4,0.312,0.136,1941,1,4,High activity / full-night,C1: High activity / full-night
E01035640,2,291.87885,5.679759042281464,0.1284649778495427,0.0407189832356815,0.0134910083413032,0.0596990627280153,1.0017764848906945,2,29.462,3,0.326,0.173,1372,1,3,Partial-night transition,C2: Partial-night transition
E01035641,2,410.89354,6.020764917900744,-0.123661472020222,0.0994072333188786,0.0756858577041634,0.1619342949984183,0.701353314062259,2,25.216,4,0.216,0.117,1481,1,4,Partial-night transition,C2: Partial-night transition
E01035642,1,2721.39056,7.909265655652033,-0.1224459821746424,0.13545872298462,0.0670169334312675,0.2333199351011287,0.9098457161118934,2,15.386,6,0.254,0.1,1834,1,6,High activity / full-night,C1: High activity / full-night
E01035643,3,1451.84284,7.281277495297732,-0.0243955192836161,0.0858907015032012,0.0558299822589613,0.1433749920177828,0.8313897218719253,1,20.451,5,0.284,0.129,1659,1,5,Medium activity / continuing,C3: Medium activity / continuing
E01035645,1,1871.22902,7.534884989298231,0.0004110346685409,0.114205967156281,0.0552047284944309,0.1891690344715766,0.8982428204087022,2,31.247,3,0.388,0.158,1295,1,3,High activity / full-night,C1: High activity / full-night
E01035649,1,5257.09143,8.56752339387961,-0.0256033762760712,0.126182888167878,0.0578248474556205,0.2177594667373803,0.7896717308465946,1,22.505,4,0.294,0.15,1421,1,4,High activity / full-night,C1: High activity / full-night
E01035651,3,269.04051,5.598571984780981,0.0098668784117306,0.1950223035185296,0.1341786038095155,0.3479945094375012,0.8337118224227347,3,27.042,3,0.34,0.128,1601,1,3,Medium activity / continuing,C3: Medium activity / continuing
E01035652,1,3910.20779,8.27160150297855,0.1675464950163172,0.1138336384931604,0.0462845530774209,0.1925060017515667,0.7924834978956413,2,28.919,3,0.188,0.095,1349,1,3,High activity / full-night,C1: High activity / full-night
E01035655,1,2651.07572,7.883097902934351,0.0234483230829785,0.1255939645511143,0.061704816186842,0.2261961247519256,0.8707246762152279,1,22.457,4,0.237,0.126,1756,1,4,High activity / full-night,C1: High activity / full-night
E01035657,2,194.17174,5.273879888907976,0.0589182545307572,0.1051120518361734,0.0751725766066678,0.1952001874553179,0.8644152833379664,3,13.274,7,0.126,0.057,1052,1,7,Partial-night transition,C2: Partial-night transition
E01035658,2,472.08687,6.159279029134243,0.0451074820191462,0.0850610185366943,0.0359430246386644,0.1407243498967754,0.8864861797757232,3,15.341,6,0.208,0.054,1520,1,6,Partial-night transition,C2: Partial-night transition
E01035659,1,1215.1142,7.103415972590108,-0.1500375520259742,0.1434321152694948,0.0790139066764259,0.2487672712625545,0.8138240331082814,3,37.042,2,0.492,0.22,1596,1,2,High activity / full-night,C1: High activity / full-night
E01035660,1,3567.72496,8.179963656917359,-0.1667424049414392,0.1145351770614066,0.0425819427515511,0.2060780563523893,0.8875119601434155,2,33.974,2,0.411,0.157,1500,1,2,High activity / full-night,C1: High activity / full-night
E01035663,2,853.65831,6.7507017516335415,-0.2043622933864488,0.0900400067563332,0.0191281216485785,0.1635054563756383,0.7971023867180926,2,24.159,4,0.334,0.122,1358,1,4,Partial-night transition,C2: Partial-night transition
E01035665,2,953.45724,6.861142843838597,-0.1997766779766653,0.1180661651905857,0.0904606062879128,0.1914736550282138,0.9496910765148272,3,21.171,5,0.206,0.057,1509,1,5,Partial-night transition,C2: Partial-night transition
E01035667,0,332.87328,5.810761519788252,-0.269084499663055,0.2404781182797249,0.2053436070326822,0.6636157822171881,0.964697645242435,3,34.871,2,0.51,0.191,2001,1,2,Low activity / early-stop,C0: Low activity / early-stop
E01035669,1,1766.57972,7.477366500006789,0.3413753328946853,0.1053943435963365,0.0372323248452099,0.1837299909231098,1.0461520842616174,2,30.287,3,0.338,0.112,1370,1,3,High activity / full-night,C1: High activity / full-night
E01035670,1,2485.40764,7.81859423288418,0.1396678735565486,0.1732738457342152,0.0661466100587024,0.3313796512095184,0.8057435380682543,1,25.999,4,0.284,0.091,4759,1,4,High activity / full-night,C1: High activity / full-night
E01035671,3,312.27018,5.747066013089876,-0.1242905742712929,0.1448295191042577,0.0820422558439618,0.2479140841106628,1.5971275674972882,2,20.845,5,0.308,0.085,2267,1,5,Medium activity / continuing,C3: Medium activity / continuing
E01035672,2,216.664,5.38295258938473,-0.1386723221208877,0.1036209522578739,0.078834924122143,0.170954242280327,1.2200986152612312,2,42.87,2,0.632,0.207,3019,1,2,Partial-night transition,C2: Partial-night transition
E01035676,1,2299.5321,7.740895722986546,-0.2369128484877423,0.0917694082200461,0.039637120090648,0.1540350736405808,0.8611456705286439,2,40.375,2,0.524,0.215,1604,1,2,High activity / full-night,C1: High activity / full-night
E01035678,3,258.88046,5.5602217560584775,-0.2120021727402677,0.1221724884141507,0.0544775376248945,0.2139568735928838,1.9106741047799576,2,26.228,4,0.416,0.143,2002,1,4,Medium activity / continuing,C3: Medium activity / continuing
E01035679,3,571.4497,6.349924871306447,-0.322111149940231,0.107567542690109,0.0306213827743719,0.1904324466882653,1.658249044055119,2,26.218,4,0.384,0.117,1629,1,4,Medium activity / continuing,C3: Medium activity / continuing
E01035681,2,534.20499,6.282649832387893,-0.0309903320071944,0.0536359834452313,0.0190465461582453,0.0834101884080529,1.060549484731355,2,42.033,2,0.554,0.244,2070,1,2,Partial-night transition,C2: Partial-night transition
E01035685,2,219.02594,5.39374544849254,-0.1136199666578306,0.0846390158170306,0.0383650447978901,0.1392343684727341,1.0225264829146186,3,50.311,1,0.662,0.253,1560,1,1,Partial-night transition,C2: Partial-night transition
E01035687,1,1811.59501,7.50251480466533,0.1424594175714803,0.151824308679234,0.0640397491490109,0.2996857063183118,0.9726514396451216,2,21.918,4,0.329,0.072,1901,1,4,High activity / full-night,C1: High activity / full-night
E01035690,1,1836.65938,7.516247964740486,-0.1346737357473436,0.1544315963474947,0.0791397640644723,0.2867622335070707,1.245914429954459,2,16.612,6,0.237,0.073,2106,1,6,High activity / full-night,C1: High activity / full-night
E01035694,1,3778.24062,8.237278374251801,-0.1872481059716096,0.2035690913724812,0.1080610186230013,0.4130014570792037,0.9833337921507916,3,46.115,1,0.573,0.246,2300,1,1,High activity / full-night,C1: High activity / full-night
E01035695,1,2471.97541,7.813177324083384,-0.1594748185622121,0.1973236214352148,0.0847902285565211,0.4008533594501259,1.0858347023910366,3,43.263,2,0.583,0.188,1686,1,2,High activity / full-night,C1: High activity / full-night
E01035696,3,194.41528,5.275126935118376,0.4671067006667377,0.120345427581618,0.0413460814396893,0.1847342212928526,0.642146731055807,2,13.933,7,0.218,0.056,1403,1,7,Medium activity / continuing,C3: Medium activity / continuing
E01035702,3,429.39872,6.064712034865457,-0.6026118103006921,0.0728327741638354,0.0218489705791391,0.1135017520489929,1.0040612577184072,4,30.439,3,0.532,0.119,1847,1,3,Medium activity / continuing,C3: Medium activity / continuing
E01035703,2,274.07861,5.6170569113634,-0.1478570326958385,0.079178196357607,0.0353954655563963,0.1156207103861587,1.0329086529910774,2,7.068,9,0.032,0.018,1366,1,9,Partial-night transition,C2: Partial-night transition
E01035705,1,1850.42345,7.523710054643423,-0.3274610089922931,0.140076559232969,0.0664744331898733,0.2429936160036208,0.941858419432452,3,35.695,2,0.483,0.191,1428,1,2,High activity / full-night,C1: High activity / full-night
E01035706,2,579.31371,6.363568836628319,-0.0124093558911284,0.0724308078260395,0.0325475639097165,0.116781297073454,1.5064569116215614,2,13.535,7,0.193,0.06,1338,1,7,Partial-night transition,C2: Partial-night transition
E01035707,1,1205.34773,7.095352669060397,-0.3569811592875361,0.1114400323299235,0.0401474518892568,0.1926271288379657,0.7514240367515594,2,20.472,5,0.19,0.123,2466,1,5,High activity / full-night,C1: High activity / full-night
E01035708,1,10585.28684,9.267314748215584,0.0608070796501911,0.1511500608518229,0.0732570804855015,0.2882438528383447,0.8265625859704557,1,22.546,4,0.237,0.093,2145,1,4,High activity / full-night,C1: High activity / full-night
E01035709,3,727.16499,6.590527657134325,0.2726773053251642,0.0911212048313822,0.0438497183424631,0.1396135507349775,0.6936662614375132,1,41.399,2,0.507,0.229,1551,1,2,Medium activity / continuing,C3: Medium activity / continuing
E01035710,1,18338.28398,9.816800703608845,-0.0172048693511397,0.1850358437954563,0.1053064104638213,0.3576828050289531,0.8620980298195141,1,31.678,3,0.322,0.161,2762,1,3,High activity / full-night,C1: High activity / full-night
E01035711,1,4431.69367,8.396762730169252,0.1450568964979928,0.2029622954512558,0.115692222472588,0.3824002251138861,0.7567109287483899,1,23.038,4,0.171,0.107,2796,1,4,High activity / full-night,C1: High activity / full-night
E01035712,3,440.98046,6.091265672955693,-0.0665841293738956,0.1120483206897648,0.0470108131321737,0.1817216977445652,0.9859437309838792,1,25.026,4,0.283,0.142,2657,1,4,Medium activity / continuing,C3: Medium activity / continuing
E01035713,1,3329.55961,8.110895619906545,0.152581677310772,0.0867597501881037,0.045563773522589,0.1340317511010979,0.7580520254803966,2,11.451,7,0.055,0.033,2129,1,7,High activity / full-night,C1: High activity / full-night
E01035715,3,465.42131,6.14508932438702,-0.0676274792832326,0.0955511040093974,0.0405016693369712,0.152167392508036,0.9165140752564886,2,13.907,7,0.115,0.074,2802,1,7,Medium activity / continuing,C3: Medium activity / continuing
E01035716,1,27988.77176,10.239594428135415,0.205762865529902,0.2985118940424701,0.1602496897134295,0.6228448658304764,0.8992925354423208,1,22.193,4,0.221,0.128,2280,1,4,High activity / full-night,C1: High activity / full-night
E01035717,3,1090.5444,6.995348853128775,-0.184123984314623,0.0711900313274727,0.0293645173914973,0.1113954830786554,0.8405452592431535,2,23.742,4,0.211,0.131,1911,1,4,Medium activity / continuing,C3: Medium activity / continuing
E01035718,1,28564.75996,10.259964075390698,0.2269764979323845,0.17764072049286,0.098639423679582,0.3330352766119418,0.8529892815567867,4,10.466,8,0.025,0.01,2783,1,8,High activity / full-night,C1: High activity / full-night
E01035720,3,1184.66019,7.078055020797054,-0.2448739920938847,0.1045921784541438,0.0605761809215518,0.1678310271152086,0.7900378053562316,1,15.106,6,0.192,0.074,1263,1,6,Medium activity / continuing,C3: Medium activity / continuing
E01035721,3,525.80713,6.26683450432575,0.0623220343170318,0.127435928835731,0.0521887559797829,0.2219798210101115,0.8148880974882525,2,26.249,4,0.276,0.17,2236,1,4,Medium activity / continuing,C3: Medium activity / continuing
