{
"type": "FeatureCollection",
"name": "rail_catchments_1200m_allmodes",
"crs": { "type": "name", "properties": { "name": "urn:ogc:def:crs:OGC:1.3:CRS84" } },
"features": [
{ "type": "Feature", "properties": { "NLC": 500, "total_activity": 20020.017376020103, "log_total_activity": 9.9045378695610449, "direction_balance": -0.40423665112432589, "post_2300_share": 0.1748834720400288, "midnight_share_common_window": 0.047842867079563402, "night_tube_extension_share": 0.085603065447858701, "post_0100_share": 0.0439520951913644, "common_window_persistence": 0.075467145963734703, "weekend_common_ratio": 0.86066639130805023, "volume_band": "high", "cluster": 4, "Station": "Acton Town", "mode_label": "LU", "tot_entry": 5963.5962982434603, "tot_exit": 14056.421077776648, "easting": 519477.6064, "northing": 179592.1471, "lon": -0.2800217640856027, "lat": 51.502645550838338, "coord_source": "underground_stations_csv", "catchment_area_m2": 1467852.7798539633, "station_in_lnwc_extent": true }, "geometry": { "type": "Polygon", "coordinates": [ [ [ -0.292526070596893, 51.495197987480097 ], [ -0.29271362101179, 51.495333368486165 ], [ -0.293745646039192, 51.501662378009172 ], [ -0.275531849124743, 51.510014882290484 ], [ -0.271293598916995, 51.505445784554226 ], [ -0.278805312466722, 51.496979620085078 ], [ -0.29172526848442, 51.494723232837998 ], [ -0.292526070596893, 51.495197987480097 ] ] ] } },
{ "type": "Feature", "properties": { "NLC": 501, "total_activity": 17385.19949178, "log_total_activity": 9.7634320378501833, "direction_balance": 0.27140457700533982, "post_2300_share": 0.081099914913639104, "midnight_share_common_window": 0.019624107236268801, "night_tube_extension_share": 0.0030242846023452999, "post_0100_share": 0.0015360510867088999, "common_window_persistence": 0.028972524631285301, "weekend_common_ratio": 0.57869059174054338, "volume_band": "medium", "cluster": 2, "Station": "Barbican", "mode_label": "LU", "tot_entry": 11051.811102999998, "tot_exit": 6333.3883887800021, "easting": 532004.2025, "northing": 181856.32970000099, "lon": -0.098799962912152706, "lat": 51.520208600153815, "coord_source": "underground_stations_csv", "catchment_area_m2": 506176.47789219272, "station_in_lnwc_extent": true }, "geometry": { "type": "Polygon", "coordinates": [ [ [ -0.094745818064137, 51.517904796827366 ], [ -0.102327765172539, 51.517184767014967 ], [ -0.101408849642815, 51.52592050472451 ], [ -0.097736802104694, 51.526671185792942 ], [ -0.092635560063657, 51.522127448928572 ], [ -0.094745818064137, 51.517904796827366 ] ] ] } },
{ "type": "Feature", "properties": { "NLC": 502, "total_activity": 25375.977887714907, "log_total_activity": 10.14159765962032, "direction_balance": -0.034799851854443599, "post_2300_share": 0.1050819505156647, "midnight_share_common_window": 0.025212525354098798, "night_tube_extension_share": 0.0011259831342128001, "post_0100_share": 0.0006462421717327, "common_window_persistence": 0.037964377120645598, "weekend_common_ratio": 0.71862656185274898, "volume_band": "high", "cluster": 2, "Station": "Aldgate", "mode_label": "LU", "tot_entry": 12246.448808280393, "tot_exit": 13129.529079434513, "easting": 533613.1509, "northing": 181262.29549999899, "lon": -0.075848966888027503, "lat": 51.514492441579861, "coord_source": "underground_stations_csv", "catchment_area_m2": 290636.5934304191, "station_in_lnwc_extent": true }, "geometry": { "type": "Polygon", "coordinates": [ [ [ -0.07556043743776, 51.51898702455339 ], [ -0.072474731693049, 51.512951556359972 ], [ -0.076196894752005, 51.512219316610782 ], [ -0.08208510165364, 51.512560627285986 ], [ -0.082224063521878, 51.513222781689507 ], [ -0.076457258855607, 51.519003329880725 ], [ -0.07556043743776, 51.51898702455339 ] ] ] } },
{ "type": "Feature", "properties": { "NLC": 503, "total_activity": 51676.273256400003, "log_total_activity": 10.852773374997954, "direction_balance": -0.0244787692085233, "post_2300_share": 0.12582882507292059, "midnight_share_common_window": 0.035746022848114803, "night_tube_extension_share": 0.0055808327194923997, "post_0100_share": 0.0033319312816094998, "common_window_persistence": 0.056711513972464198, "weekend_common_ratio": 0.97158722668034958, "volume_band": "high", "cluster": 2, "Station": "Aldgate East", "mode_label": "LU", "tot_entry": 25205.650844899988, "tot_exit": 26470.6224115, "easting": 533936.1921, "northing": 181374.788000001, "lon": -0.071153641668070006, "lat": 51.515426916212078, "coord_source": "underground_stations_csv", "catchment_area_m2": 525377.62554964353, "station_in_lnwc_extent": true }, "geometry": { "type": "Polygon", "coordinates": [ [ [ -0.062926312306829, 51.514490753513542 ], [ -0.065049852480377, 51.511391210909032 ], [ -0.072474731693049, 51.512951556359972 ], [ -0.07556043743776, 51.51898702455339 ], [ -0.06889110237964, 51.520364256417359 ], [ -0.062926312306829, 51.514490753513542 ] ] ] } },
{ "type": "Feature", "properties": { "NLC": 504, "total_activity": 17004.300557321189, "log_total_activity": 9.7412803719291006, "direction_balance": -0.14066076164887861, "post_2300_share": 0.2667176403321278, "midnight_share_common_window": 0.1423957912181667, "night_tube_extension_share": 0.0074236059799021002, "post_0100_share": 0.0063382406714273002, "common_window_persistence": 0.2679403579262617, "weekend_common_ratio": 0.83383498162841163, "volume_band": "medium", "cluster": 3, "Station": "Stratford International DLR", "mode_label": "DLR", "tot_entry": 7306.2313448109699, "tot_exit": 9698.0692125102159, "easting": 538214.2, "northing": 184786.0, "lon": -0.008202, "lat": 51.54505, "coord_source": "naptan_rse_tmu", "catchment_area_m2": 1085267.0480059395, "station_in_lnwc_extent": true }, "geometry": { "type": "Polygon", "coordinates": [ [ [ -0.015760602327086, 51.540411285755468 ], [ -0.018677620045479, 51.551907369746452 ], [ -0.0023454493838, 51.55041593660669 ], [ -0.001237150150799, 51.545520979672453 ], [ -0.012983067466704, 51.539932314746174 ], [ -0.015760602327086, 51.540411285755468 ] ] ] } },
{ "type": "Feature", "properties": { "NLC": 505, "total_activity": 9844.4078494334208, "log_total_activity": 9.1947604172779638, "direction_balance": -0.445756849584725, "post_2300_share": 0.1249462443180076, "midnight_share_common_window": 0.041873503358667602, "night_tube_extension_share": 0.0126601953871513, "post_0100_share": 0.0078973250371204007, "common_window_persistence": 0.061850117388495399, "weekend_common_ratio": 0.68306092900466087, "volume_band": "medium", "cluster": 0, "Station": "Alperton", "mode_label": "LU", "tot_entry": 2728.0978102214176, "tot_exit": 7116.3100392120014, "easting": 517996.164, "northing": 183795.16400000101, "lon": -0.29994934997251299, "lat": 51.540730963558445, "coord_source": "underground_stations_csv", "catchment_area_m2": 2063533.0205897461, "station_in_lnwc_extent": true }, "geometry": { "type": "Polygon", "coordinates": [ [ [ -0.313301688245272, 51.542443257819926 ], [ -0.305424041519817, 51.547245575058014 ], [ -0.28938278901553, 51.545559475417242 ], [ -0.286545566821197, 51.538075819126355 ], [ -0.308798389669057, 51.532112932438835 ], [ -0.313301688245272, 51.542443257819926 ] ] ] } },
{ "type": "Feature", "properties": { "NLC": 506, "total_activity": 6726.8008428205103, "log_total_activity": 8.8140035999691939, "direction_balance": -0.68040646523145709, "post_2300_share": 0.14739004733560609, "midnight_share_common_window": 0.061164991346823197, "night_tube_extension_share": 0.019646867797510702, "post_0100_share": 0.0127133931618293, "common_window_persistence": 0.0908015876210264, "weekend_common_ratio": 0.63273921649746401, "volume_band": "low", "cluster": 0, "Station": "Amersham", "mode_label": "LU", "tot_entry": 1074.9210295205105, "tot_exit": 5651.8798133, "easting": 496371.5781, "northing": 198181.3279, "lon": -0.60770521342283412, "lat": 51.674145407023566, "coord_source": "underground_stations_csv", "catchment_area_m2": 4516629.8263861686, "station_in_lnwc_extent": false }, "geometry": { "type": "Polygon", "coordinates": [ [ [ -0.59047319559835, 51.67288227717011 ], [ -0.590755488465564, 51.671838226333257 ], [ -0.591200990984454, 51.670816405143164 ], [ -0.591805402750998, 51.66982665240775 ], [ -0.592562894340962, 51.668878497538785 ], [ -0.593466163780858, 51.667981068872571 ], [ -0.594506507135246, 51.667143005871132 ], [ -0.595673902520423, 51.666372376044926 ], [ -0.596957106728152, 51.665676597392562 ], [ -0.598343763524789, 51.66506236709921 ], [ -0.599820522582051, 51.664535597175153 ], [ -0.601373167896642, 51.66410135764896 ], [ -0.602986754467814, 51.663763827857608 ], [ -0.604645751925418, 51.66352625629797 ], [ -0.606334193736786, 51.663390929422583 ], [ -0.608035830569257, 51.663359149677198 ], [ -0.609734286346889, 51.66343122298909 ], [ -0.611413215515038, 51.663606455825779 ], [ -0.613056460015391, 51.663883161852205 ], [ -0.614648204476589, 51.664258678122899 ], [ -0.616173128142025, 51.664729390655296 ], [ -0.617616552086336, 51.665290769140555 ], [ -0.618964580315502, 51.665937410461154 ], [ -0.620204233401913, 51.66666309060065 ], [ -0.621323573374757, 51.66746082445011 ], [ -0.622311818667147, 51.66832293294091 ], [ -0.62315944801388, 51.669241116862089 ], [ -0.623858292296737, 51.670206536657155 ], [ -0.624401613447063, 51.671209897436235 ], [ -0.624784169636989, 51.672241538389891 ], [ -0.625002266119975, 51.673291525747111 ], [ -0.625053791217268, 51.67434974838536 ], [ -0.62493823708825, 51.675406015174119 ], [ -0.624656705067945, 51.676450153116051 ], [ -0.624211895503159, 51.677472105340136 ], [ -0.623608082168082, 51.678462028002905 ], [ -0.622851071489562, 51.679410385162385 ], [ -0.621948146959927, 51.680308040708368 ], [ -0.620907999259906, 51.681146346459968 ], [ -0.619740642754306, 51.681917225577955 ], [ -0.618457319157236, 51.682613250483591 ], [ -0.617070389290398, 51.683227714528307 ], [ -0.615593213976005, 51.683754696718928 ], [ -0.614040025213875, 51.684189118869583 ], [ -0.612425788889142, 51.684526794625114 ], [ -0.610766060341619, 51.684764469879376 ], [ -0.609076834199358, 51.684899854194818 ], [ -0.60737438993642, 51.684931642918357 ], [ -0.605675134657856, 51.684859529777725 ], [ -0.60399544464269, 51.68468420983595 ], [ -0.602351507188167, 51.684407372775496 ], [ -0.600759164295489, 51.684031686577413 ], [ -0.599233759718648, 51.683560771754451 ], [ -0.597789990864162, 51.682999166389422 ], [ -0.596441766980751, 51.682352282318639 ], [ -0.5952020750149, 51.681626352887385 ], [ -0.59408285443153, 51.680828372784653 ], [ -0.593094882209447, 51.679966030542516 ], [ -0.592247669119912, 51.679047634354767 ], [ -0.591549368284607, 51.678082031935304 ], [ -0.591006696887805, 51.677078525192059 ], [ -0.590624871787709, 51.676046780543842 ], [ -0.590407559635496, 51.674996735746532 ], [ -0.590356841968533, 51.673938504130142 ], [ -0.59047319559835, 51.67288227717011 ] ] ] } },
{ "type": "Feature", "properties": { "NLC": 507, "total_activity": 57649.752629100003, "log_total_activity": 10.962158580756826, "direction_balance": 0.1010869824159205, "post_2300_share": 0.1256461478282857, "midnight_share_common_window": 0.033333441216070098, "night_tube_extension_share": 0.0016221041040502999, "post_0100_share": 0.0010401452267417, "common_window_persistence": 0.054139550001357901, "weekend_common_ratio": 0.9995170764451784, "volume_band": "high", "cluster": 1, "Station": "Angel", "mode_label": "LU", "tot_entry": 31738.696079699999, "tot_exit": 25911.0565494, "easting": 531560.5615, "northing": 183099.9257, "lon": -0.10472643840232029, "lat": 51.531487587496471, "coord_source": "underground_stations_csv", "catchment_area_m2": 2053811.4213248473, "station_in_lnwc_extent": true }, "geometry": { "type": "Polygon", "coordinates": [ [ [ -0.101408849642815, 51.52592050472451 ], [ -0.113213904602995, 51.526114367802336 ], [ -0.113899431677816, 51.526732867997147 ], [ -0.115768530206059, 51.535296096307725 ], [ -0.104305664763028, 51.539457783748212 ], [ -0.095350614397385, 51.539241180390349 ], [ -0.092230466200636, 51.538341047283929 ], [ -0.090104802516125, 51.534890650952363 ], [ -0.09011741753404, 51.53458297395639 ], [ -0.097736802104694, 51.526671185792942 ], [ -0.101408849642815, 51.52592050472451 ] ] ] } },
{ "type": "Feature", "properties": { "NLC": 508, "total_activity": 29411.107245280709, "log_total_activity": 10.28916167961984, "direction_balance": -0.32282780452511273, "post_2300_share": 0.14718672707252611, "midnight_share_common_window": 0.038516840168211101, "night_tube_extension_share": 0.0535156528883775, "post_0100_share": 0.025537633074955199, "common_window_persistence": 0.059434689137175201, "weekend_common_ratio": 0.7869622795228649, "volume_band": "high", "cluster": 4, "Station": "Archway", "mode_label": "LU", "tot_entry": 9958.1920323170598, "tot_exit": 19452.91521296366, "easting": 529363.5176, "northing": 186721.2423, "lon": -0.13505202452388371, "lat": 51.564538192507868, "coord_source": "underground_stations_csv", "catchment_area_m2": 1413316.4867128483, "station_in_lnwc_extent": true }, "geometry": { "type": "Polygon", "coordinates": [ [ [ -0.151937055035818, 51.566910545722926 ], [ -0.151646497180804, 51.567563045317669 ], [ -0.132041284658001, 51.574095231481621 ], [ -0.129872870842673, 51.571816438966735 ], [ -0.133543019103218, 51.560136866146031 ], [ -0.147037257669528, 51.562462455343464 ], [ -0.152227340879485, 51.565872352662936 ], [ -0.151937055035818, 51.566910545722926 ] ] ] } },
{ "type": "Feature", "properties": { "NLC": 509, "total_activity": 12838.801213037006, "log_total_activity": 9.4603050952734087, "direction_balance": -0.51361779445309952, "post_2300_share": 0.1645031480994017, "midnight_share_common_window": 0.047323420823508197, "night_tube_extension_share": 0.070629740764561494, "post_0100_share": 0.035715806930618599, "common_window_persistence": 0.072818919740953197, "weekend_common_ratio": 0.80765439219129065, "volume_band": "medium", "cluster": 4, "Station": "Arnos Grove", "mode_label": "LU", "tot_entry": 3122.2822252875799, "tot_exit": 9716.5189877494195, "easting": 529355.1742, "northing": 192497.91479999901, "lon": -0.13304517429093191, "lat": 51.61645247794506, "coord_source": "underground_stations_csv", "catchment_area_m2": 3312758.9913813472, "station_in_lnwc_extent": true }, "geometry": { "type": "Polygon", "coordinates": [ [ [ -0.143034987327087, 51.607638675789296 ], [ -0.14437442902587, 51.608290682020041 ], [ -0.145604822470929, 51.609021282535707 ], [ -0.146714318667159, 51.609823444837524 ], [ -0.147692230658602, 51.610689447189657 ], [ -0.148529136522346, 51.611610952848316 ], [ -0.149216970263736, 51.61257909022104 ], [ -0.149749099731596, 51.613584538189492 ], [ -0.150120390794001, 51.61461761577776 ], [ -0.150327257144969, 51.615668375307131 ], [ -0.150367695248469, 51.616726698142898 ], [ -0.15024130406767, 51.617782392113341 ], [ -0.149949289372728, 51.618825289663377 ], [ -0.149494452568535, 51.619845345798588 ], [ -0.148881164133089, 51.620832734874554 ], [ -0.14811532190623, 51.6217779452979 ], [ -0.147204294615857, 51.622671871224007 ], [ -0.146156851172966, 51.623505900364648 ], [ -0.144983076406362, 51.624271997055722 ], [ -0.143694274041524, 51.624962779779835 ], [ -0.142302857853992, 51.625571592392276 ], [ -0.141629745509774, 51.625808438880313 ], [ -0.119169346756903, 51.62290025786568 ], [ -0.118394434759064, 51.622213637800769 ], [ -0.117557955526461, 51.621291923054187 ], [ -0.116870673562935, 51.620323607004941 ], [ -0.116339199815147, 51.61931801763793 ], [ -0.115968643216071, 51.618284841362879 ], [ -0.11576256184668, 51.617234029650987 ], [ -0.115731866860747, 51.616414374467077 ], [ -0.141662839228737, 51.607096604328234 ], [ -0.143034987327087, 51.607638675789296 ] ] ] } },
{ "type": "Feature", "properties": { "NLC": 510, "total_activity": 9476.0375814912604, "log_total_activity": 9.1566270550095794, "direction_balance": -0.41142430592017321, "post_2300_share": 0.1591433835651731, "midnight_share_common_window": 0.041675379155440902, "night_tube_extension_share": 0.058953269830480402, "post_0100_share": 0.028115567543519501, "common_window_persistence": 0.065804706562440196, "weekend_common_ratio": 0.77952475133017252, "volume_band": "medium", "cluster": 4, "Station": "Arsenal", "mode_label": "LU", "tot_entry": 2788.6826983263691, "tot_exit": 6687.3548831648895, "easting": 531305.0253, "northing": 186112.09689999899, "lon": -0.1072853032769284, "lat": 51.558615856035573, "coord_source": "underground_stations_csv", "catchment_area_m2": 1243860.4216126753, "station_in_lnwc_extent": true }, "geometry": { "type": "Polygon", "coordinates": [ [ [ -0.090229575074395, 51.560444700661868 ], [ -0.090032687902215, 51.559436708817984 ], [ -0.099448855677252, 51.553766982385227 ], [ -0.104015734227681, 51.553204364735507 ], [ -0.119528309754907, 51.559353617625106 ], [ -0.117904715661308, 51.562024347806322 ], [ -0.091348622907278, 51.560973897523056 ], [ -0.090281738716989, 51.56059055831976 ], [ -0.090229575074395, 51.560444700661868 ] ] ] } },
{ "type": "Feature", "properties": { "NLC": 511, "total_activity": 75030.761026723849, "log_total_activity": 11.225666783232269, "direction_balance": 0.3622115629022567, "post_2300_share": 0.1172525856390728, "midnight_share_common_window": 0.0309190431703475, "night_tube_extension_share": 0.028507631150523099, "post_0100_share": 0.0136539997478299, "common_window_persistence": 0.045736296897985002, "weekend_common_ratio": 0.73510393357578541, "volume_band": "high", "cluster": 2, "Station": "Baker Street", "mode_label": "LU", "tot_entry": 51103.885121979591, "tot_exit": 23926.875904744251, "easting": 527954.6729, "northing": 182063.56750000099, "lon": -0.15705815977299459, "lat": 51.523002003710801, "coord_source": "underground_stations_csv", "catchment_area_m2": 1032424.172729218, "station_in_lnwc_extent": true }, "geometry": { "type": "Polygon", "coordinates": [ [ [ -0.152237661644186, 51.531490586281102 ], [ -0.151434169766946, 51.519335243478778 ], [ -0.154636571912236, 51.518268824414697 ], [ -0.159366541834266, 51.518327739282086 ], [ -0.163038578137731, 51.530500222852083 ], [ -0.157290801993201, 51.53363115727786 ], [ -0.15705354692882, 51.533611621832122 ], [ -0.153970464947086, 51.532545032141222 ], [ -0.152237661644186, 51.531490586281102 ] ] ] } },
{ "type": "Feature", "properties": { "NLC": 512, "total_activity": 45341.091658179917, "log_total_activity": 10.721991055731888, "direction_balance": -0.2734990845390407, "post_2300_share": 0.1570646322691073, "midnight_share_common_window": 0.042264308074841397, "night_tube_extension_share": 0.067571570199115694, "post_0100_share": 0.0342980506863984, "common_window_persistence": 0.063930744737675099, "weekend_common_ratio": 0.83304488181615111, "volume_band": "high", "cluster": 4, "Station": "Balham LU", "mode_label": "LU", "tot_entry": 16470.17229883347, "tot_exit": 28870.919359346441, "easting": 528480.3274, "northing": 173244.480799999, "lon": -0.1526912294756308, "lat": 51.443627372908779, "coord_source": "underground_stations_csv", "catchment_area_m2": 2441306.8943554848, "station_in_lnwc_extent": true }, "geometry": { "type": "Polygon", "coordinates": [ [ [ -0.135560399796993, 51.442298439627415 ], [ -0.135851510581635, 51.441255539910131 ], [ -0.136304771069544, 51.440235492231132 ], [ -0.136915806372933, 51.439248118271344 ], [ -0.1376787235205, 51.438302924499666 ], [ -0.138586168531116, 51.437409010716088 ], [ -0.139629397492618, 51.436574982528249 ], [ -0.140798360951454, 51.435808868600461 ], [ -0.142019444427411, 51.435151608260107 ], [ -0.169892656565042, 51.444368165887632 ], [ -0.169823116391417, 51.444953811721632 ], [ -0.169532751918016, 51.445996802613976 ], [ -0.169080168432014, 51.447016984604581 ], [ -0.168469714804398, 51.448004530851009 ], [ -0.167707261652996, 51.448949928263453 ], [ -0.166800145127824, 51.449844069216169 ], [ -0.165757096517525, 51.450678339371528 ], [ -0.164588158344852, 51.451444700766515 ], [ -0.164266930404124, 51.451617651750141 ], [ -0.135637302625654, 51.445244565611269 ], [ -0.135474296422344, 51.444412501625052 ], [ -0.135434253013301, 51.443354149003881 ], [ -0.135560399796993, 51.442298439627415 ] ] ] } },
{ "type": "Feature", "properties": { "NLC": 513, "total_activity": 123963.74310258112, "log_total_activity": 11.727752474339892, "direction_balance": 0.47486580022953451, "post_2300_share": 0.1046785428325625, "midnight_share_common_window": 0.031696376767585903, "night_tube_extension_share": 0.019706374035510999, "post_0100_share": 0.0079869830706521001, "common_window_persistence": 0.044581063421212701, "weekend_common_ratio": 0.36887434725126989, "volume_band": "high", "cluster": 1, "Station": "Bank and Monument", "mode_label": "DLR,LU", "tot_entry": 91414.942585218363, "tot_exit": 32548.80051736275, "easting": 532710.1551, "northing": 181119.8978, "lon": -0.088908087271181005, "lat": 51.513425435909184, "coord_source": "underground_stations_csv", "catchment_area_m2": 270882.80513192236, "station_in_lnwc_extent": true }, "geometry": { "type": "Polygon", "coordinates": [ [ [ -0.082224063521878, 51.513222781689507 ], [ -0.08208510165364, 51.512560627285986 ], [ -0.083499435406082, 51.510601511735786 ], [ -0.0919059992341, 51.513122774416736 ], [ -0.093045685303452, 51.514556048242234 ], [ -0.092484776216077, 51.51578684783 ], [ -0.087070774320613, 51.515959084867013 ], [ -0.082224063521878, 51.513222781689507 ] ] ] } },
{ "type": "Feature", "properties": { "NLC": 514, "total_activity": 69390.794122224237, "log_total_activity": 11.147523899190189, "direction_balance": -0.45702464592282599, "post_2300_share": 0.1338571657874689, "midnight_share_common_window": 0.043465321527161198, "night_tube_extension_share": 0.017141956919164199, "post_0100_share": 0.0128497330856328, "common_window_persistence": 0.066813016009873299, "weekend_common_ratio": 0.79322897962929484, "volume_band": "high", "cluster": 4, "Station": "Barking", "mode_label": "LO,LU", "tot_entry": 18838.745504105504, "tot_exit": 50552.048618118766, "easting": 544358.8052, "northing": 184382.179, "lon": 0.080182080144554996, "lat": 51.539885097485445, "coord_source": "underground_stations_csv", "catchment_area_m2": 3633796.0788009474, "station_in_lnwc_extent": true }, "geometry": { "type": "Polygon", "coordinates": [ [ [ 0.087897769260968, 51.5302309342025 ], [ 0.086343465503797, 51.529805807023848 ], [ 0.084729862643138, 51.529477728693372 ], [ 0.083072491110318, 51.529249856784404 ], [ 0.0813873017411, 51.529124384443861 ], [ 0.0796905125658, 51.52910251932407 ], [ 0.077998453053243, 51.529184471979882 ], [ 0.076327407292024, 51.529369453841625 ], [ 0.074693457602309, 51.529655684783336 ], [ 0.073112330067577, 51.530040410214575 ], [ 0.071599243458023, 51.530519927532957 ], [ 0.070168762986274, 51.531089621685837 ], [ 0.068834660291475, 51.531744009502056 ], [ 0.067609780990399, 51.532476792371369 ], [ 0.066799919608746, 51.533066752577625 ], [ 0.066208246223903, 51.546234303892064 ], [ 0.06712580709596, 51.546961807431174 ], [ 0.06830109806114, 51.547725761555995 ], [ 0.068897354814662, 51.54804402797518 ], [ 0.080033073356263, 51.55065940015718 ], [ 0.080673953634995, 51.550667652340749 ], [ 0.082366803366823, 51.550585652472151 ], [ 0.084038597223602, 51.55040057672489 ], [ 0.085673224136266, 51.550114208832916 ], [ 0.087254931996037, 51.54972930864961 ], [ 0.088768479731151, 51.549249585492888 ], [ 0.090199284408189, 51.548679662325753 ], [ 0.091533561928982, 51.548025031120225 ], [ 0.092411489884647, 51.547499645203409 ], [ 0.089323217760387, 51.530729908196008 ], [ 0.087897769260968, 51.5302309342025 ] ] ] } },
{ "type": "Feature", "properties": { "NLC": 515, "total_activity": 4761.8924933707785, "log_total_activity": 8.4686104293453663, "direction_balance": -0.69853122621060926, "post_2300_share": 0.14832734239417711, "midnight_share_common_window": 0.051155307937218703, "night_tube_extension_share": 0.061881572654424802, "post_0100_share": 0.032057174611248802, "common_window_persistence": 0.074569530538227194, "weekend_common_ratio": 0.63363957675756066, "volume_band": "low", "cluster": 0, "Station": "Barkingside", "mode_label": "LU", "tot_entry": 717.78094544669614, "tot_exit": 4044.1115479240812, "easting": 544798.7557, "northing": 189493.9487, "lon": 0.088625204234367205, "lat": 51.585703775188449, "coord_source": "underground_stations_csv", "catchment_area_m2": 2414786.2909222115, "station_in_lnwc_extent": true }, "geometry": { "type": "Polygon", "coordinates": [ [ [ 0.105801210864428, 51.584339074738693 ], [ 0.105503599731205, 51.583296873679124 ], [ 0.105043467089401, 51.582277862353465 ], [ 0.104537949494456, 51.581471597926488 ], [ 0.07842110473751, 51.580158379269086 ], [ 0.071416166012148, 51.586809544519419 ], [ 0.07144809741547, 51.587065972141914 ], [ 0.071744958556611, 51.588108267315221 ], [ 0.072204412307726, 51.589127415883375 ], [ 0.072822043660768, 51.590113600914208 ], [ 0.073591912872975, 51.591057322386654 ], [ 0.074506612347213, 51.591949488777949 ], [ 0.074671255105935, 51.592079863676901 ], [ 0.104996579255583, 51.589180965515446 ], [ 0.105332846667285, 51.588537741236969 ], [ 0.105698119829596, 51.587503921314479 ], [ 0.105898953061546, 51.586452776271848 ], [ 0.105933423536624, 51.585394429923795 ], [ 0.105801210864428, 51.584339074738693 ] ] ] } },
{ "type": "Feature", "properties": { "NLC": 516, "total_activity": 20384.784287502065, "log_total_activity": 9.922593088268572, "direction_balance": -0.27358295599557519, "post_2300_share": 0.1646991827852925, "midnight_share_common_window": 0.042548972281500202, "night_tube_extension_share": 0.089181449875138999, "post_0100_share": 0.042366167496757402, "common_window_persistence": 0.066351632546506903, "weekend_common_ratio": 0.70302811488827899, "volume_band": "high", "cluster": 4, "Station": "Barons Court", "mode_label": "LU", "tot_entry": 7403.9273723975466, "tot_exit": 12980.856915104529, "easting": 524045.7583, "northing": 178327.6646, "lon": -0.21468405012348479, "lat": 51.49029837209941, "coord_source": "underground_stations_csv", "catchment_area_m2": 1168873.5079104537, "station_in_lnwc_extent": true }, "geometry": { "type": "Polygon", "coordinates": [ [ [ -0.21846658950335, 51.479772291039851 ], [ -0.220100717035199, 51.480054416624952 ], [ -0.221682714786946, 51.480435176644626 ], [ -0.223197355667189, 51.48091090664694 ], [ -0.22403590419732, 51.481242256127594 ], [ -0.216815486704246, 51.495068680458623 ], [ -0.210483007235974, 51.493557817645176 ], [ -0.208956069800905, 51.482400804222507 ], [ -0.217321848636165, 51.479648415828507 ], [ -0.21846658950335, 51.479772291039851 ] ] ] } },
{ "type": "Feature", "properties": { "NLC": 517, "total_activity": 16717.594320579999, "log_total_activity": 9.7242768113688207, "direction_balance": -0.20995972537143259, "post_2300_share": 0.1211060855046372, "midnight_share_common_window": 0.029872124673778699, "night_tube_extension_share": 0.0012841002358597001, "post_0100_share": 0.00079072654070360001, "common_window_persistence": 0.047724965191230297, "weekend_common_ratio": 1.1123525396319067, "volume_band": "medium", "cluster": 2, "Station": "Bayswater", "mode_label": "LU", "tot_entry": 6603.7864040800014, "tot_exit": 10113.8079165, "easting": 525842.957, "northing": 180822.646199999, "lon": -0.1879225224209527, "lat": 51.512323946634481, "coord_source": "underground_stations_csv", "catchment_area_m2": 430477.21646151354, "station_in_lnwc_extent": true }, "geometry": { "type": "Polygon", "coordinates": [ [ [ -0.181664537538672, 51.51215242607114 ], [ -0.191909305712047, 51.510642595428578 ], [ -0.196622085503545, 51.515372970072015 ], [ -0.195992909705734, 51.515749952147779 ], [ -0.183055797209555, 51.515648090515697 ], [ -0.181438700343803, 51.513875342434176 ], [ -0.181664537538672, 51.51215242607114 ] ] ] } },
{ "type": "Feature", "properties": { "NLC": 518, "total_activity": 10009.019917568412, "log_total_activity": 9.2113418620743595, "direction_balance": -0.57279609307605328, "post_2300_share": 0.1085945941106958, "midnight_share_common_window": 0.036935153862338997, "night_tube_extension_share": 0.017481466078415199, "post_0100_share": 0.010495269531062799, "common_window_persistence": 0.053199983817949797, "weekend_common_ratio": 0.63241322812325462, "volume_band": "medium", "cluster": 0, "Station": "Becontree", "mode_label": "LU", "tot_entry": 2137.9462066324122, "tot_exit": 7871.0737109359989, "easting": 547627.5438, "northing": 184527.341, "lon": 0.12734178482833169, "lat": 51.540344707763779, "coord_source": "underground_stations_csv", "catchment_area_m2": 3520103.0979644009, "station_in_lnwc_extent": true }, "geometry": { "type": "Polygon", "coordinates": [ [ [ 0.137920212694486, 51.531810528228327 ], [ 0.136528052427723, 51.531205040104709 ], [ 0.135047475907378, 51.530687557234792 ], [ 0.133492735686967, 51.530263060283843 ], [ 0.131878796778545, 51.529935634854986 ], [ 0.130221192838207, 51.529708432239886 ], [ 0.128535876931679, 51.529583639146651 ], [ 0.126839068303269, 51.529562456693405 ], [ 0.125147096608316, 51.529645088868065 ], [ 0.123476245092678, 51.529830740564257 ], [ 0.121842594212544, 51.530117625212235 ], [ 0.120261867183857, 51.530502981932393 ], [ 0.11874927893296, 51.530983102048246 ], [ 0.117319389888804, 51.531553364706276 ], [ 0.115985966012514, 51.532208281263451 ], [ 0.115848237121568, 51.532290784816887 ], [ 0.113047342962029, 51.546404580696027 ], [ 0.113242503451312, 51.546594906050402 ], [ 0.114292856181102, 51.547426584960412 ], [ 0.115468935748729, 51.548190057185344 ], [ 0.116759416122188, 51.548877966491183 ], [ 0.118151867267137, 51.549483684422306 ], [ 0.119632874931666, 51.550001374272121 ], [ 0.121188169993631, 51.550426047421233 ], [ 0.122802766118732, 51.550753611495331 ], [ 0.1244611043944, 51.550980909874689 ], [ 0.126147203534809, 51.551105752171047 ], [ 0.127844814196405, 51.551126935375422 ], [ 0.129537575902157, 51.55104425547102 ], [ 0.131209175046527, 51.550858509398417 ], [ 0.132843502442367, 51.550571487354283 ], [ 0.134424808875612, 51.550185955498179 ], [ 0.135937857153726, 51.549705629237039 ], [ 0.136020368895514, 51.549672717294442 ], [ 0.138838282211959, 51.532299801569806 ], [ 0.137920212694486, 51.531810528228327 ] ] ] } },
{ "type": "Feature", "properties": { "NLC": 519, "total_activity": 18062.861970411297, "log_total_activity": 9.8016686452182729, "direction_balance": -0.14828846508673349, "post_2300_share": 0.1216838528751292, "midnight_share_common_window": 0.029442051583988601, "night_tube_extension_share": 0.038657399426413601, "post_0100_share": 0.017781695521475599, "common_window_persistence": 0.043405801060352897, "weekend_common_ratio": 0.73952065907699427, "volume_band": "medium", "cluster": 4, "Station": "Belsize Park", "mode_label": "LU", "tot_entry": 7692.1739468727392, "tot_exit": 10370.688023538569, "easting": 527353.7983, "northing": 185088.897399999, "lon": -0.1646209868164118, "lat": 51.550325700776213, "coord_source": "underground_stations_csv", "catchment_area_m2": 872100.22733306175, "station_in_lnwc_extent": true }, "geometry": { "type": "Polygon", "coordinates": [ [ [ -0.173731603229403, 51.551594870893254 ], [ -0.17302788408365, 51.552201877556286 ], [ -0.158454666199255, 51.553434009131259 ], [ -0.15505175814729, 51.549669240162167 ], [ -0.163734524371787, 51.543417177132966 ], [ -0.172933212391927, 51.548937181745252 ], [ -0.173713766257889, 51.550551838745385 ], [ -0.173731603229403, 51.551594870893254 ] ] ] } },
{ "type": "Feature", "properties": { "NLC": 520, "total_activity": 53180.236184223693, "log_total_activity": 10.88146090981123, "direction_balance": -0.14206173511128739, "post_2300_share": 0.17666289866515761, "midnight_share_common_window": 0.045864515342245699, "night_tube_extension_share": 0.080160647329178394, "post_0100_share": 0.040862314978505399, "common_window_persistence": 0.074853865959853993, "weekend_common_ratio": 0.91973389840950315, "volume_band": "high", "cluster": 4, "Station": "Bethnal Green LU", "mode_label": "LO,LU", "tot_entry": 22812.679779132399, "tot_exit": 30367.556405091291, "easting": 535043.5417, "northing": 182718.410700001, "lon": -0.054690301925830499, "lat": 51.527237667207054, "coord_source": "underground_stations_csv", "catchment_area_m2": 911148.0157407443, "station_in_lnwc_extent": true }, "geometry": { "type": "Polygon", "coordinates": [ [ [ -0.066021653168661, 51.527429065516678 ], [ -0.065794826770147, 51.527920399338683 ], [ -0.042723800346334, 51.532354034386152 ], [ -0.043633497608928, 51.528657001163708 ], [ -0.054380696218779, 51.522356776439089 ], [ -0.065208248807201, 51.525680274223866 ], [ -0.066021653168661, 51.527429065516678 ] ] ] } },
{ "type": "Feature", "properties": { "NLC": 521, "total_activity": 35737.953639238607, "log_total_activity": 10.483996511262976, "direction_balance": 0.15670374066702161, "post_2300_share": 0.086933179676101896, "midnight_share_common_window": 0.020613943827494902, "night_tube_extension_share": 0.0013067617286916999, "post_0100_share": 0.00065938321949249995, "common_window_persistence": 0.028986563332508802, "weekend_common_ratio": 0.53761920942445485, "volume_band": "high", "cluster": 2, "Station": "Blackfriars LU", "mode_label": "LU", "tot_entry": 20669.112329145944, "tot_exit": 15068.841310092659, "easting": 531693.8776, "northing": 180893.0855, "lon": -0.103629638137254, "lat": 51.511624767475567, "coord_source": "underground_stations_csv", "catchment_area_m2": 526642.61249176774, "station_in_lnwc_extent": true }, "geometry": { "type": "Polygon", "coordinates": [ [ [ -0.098886415575634, 51.512082385242714 ], [ -0.09864472469279, 51.507405417060951 ], [ -0.108479875540838, 51.508328224232606 ], [ -0.109374836677912, 51.514108339574079 ], [ -0.105358542516454, 51.515982353890855 ], [ -0.104430643020326, 51.516046156805267 ], [ -0.098886415575634, 51.512082385242714 ] ] ] } },
{ "type": "Feature", "properties": { "NLC": 522, "total_activity": 40149.850876836455, "log_total_activity": 10.600398911599578, "direction_balance": -0.46426870870691711, "post_2300_share": 0.1636144376935991, "midnight_share_common_window": 0.043395466112025799, "night_tube_extension_share": 0.066153868739834004, "post_0100_share": 0.032071948495474102, "common_window_persistence": 0.068107736711616101, "weekend_common_ratio": 0.8140081796458517, "volume_band": "high", "cluster": 4, "Station": "Blackhorse Road", "mode_label": "LO,LU", "tot_entry": 10754.765727736152, "tot_exit": 29395.085149100323, "easting": 535760.6278, "northing": 189370.2981, "lon": -0.041793873795218997, "lat": 51.586840594392974, "coord_source": "underground_stations_csv", "catchment_area_m2": 2424341.4431758355, "station_in_lnwc_extent": true }, "geometry": { "type": "Polygon", "coordinates": [ [ [ -0.050360987510487, 51.577466403044156 ], [ -0.051794490193614, 51.578034636359121 ], [ -0.052514022070335, 51.578386014846771 ], [ -0.049441656228929, 51.59651530998331 ], [ -0.04799116678867, 51.596913433059605 ], [ -0.046376068381386, 51.597243318786639 ], [ -0.044716811625826, 51.597472998361326 ], [ -0.043029386652776, 51.597600258436017 ], [ -0.041330055588821, 51.597623872689411 ], [ -0.039635195508417, 51.59754361366506 ], [ -0.037961140267973, 51.597360254963355 ], [ -0.036324022762287, 51.597075563765976 ], [ -0.034739619139458, 51.59669228376535 ], [ -0.033223196490596, 51.596214108666054 ], [ -0.031789365495684, 51.595645646515869 ], [ -0.030451939457166, 51.594992375213906 ], [ -0.029223801088732, 51.594260589628547 ], [ -0.028116778349183, 51.593457340839407 ], [ -0.02778533435634, 51.593162699362082 ], [ -0.030131975219248, 51.588201281305402 ], [ -0.049263043334798, 51.577120232625944 ], [ -0.050360987510487, 51.577466403044156 ] ] ] } },
{ "type": "Feature", "properties": { "NLC": 523, "total_activity": 5855.107481398567, "log_total_activity": 8.6752404095366771, "direction_balance": -0.31992878951089898, "post_2300_share": 0.15417994685503811, "midnight_share_common_window": 0.062603427554942304, "night_tube_extension_share": 0.015183504681113799, "post_0100_share": 0.0109139651721705, "common_window_persistence": 0.1018148474177267, "weekend_common_ratio": 0.87550312519207407, "volume_band": "low", "cluster": 3, "Station": "King George V", "mode_label": "DLR", "tot_entry": 1990.9450162092585, "tot_exit": 3864.1624651893089, "easting": 543247.0, "northing": 180125.0, "lon": 0.06243, "lat": 51.501915, "coord_source": "naptan_rse_tmu", "catchment_area_m2": 1219441.7833327681, "station_in_lnwc_extent": true }, "geometry": { "type": "Polygon", "coordinates": [ [ [ 0.068510779539627, 51.50462086364454 ], [ 0.076834575688731, 51.500100574861591 ], [ 0.060464987394142, 51.495046066253146 ], [ 0.053472293409398, 51.493564025326663 ], [ 0.056364895691921, 51.504677513502962 ], [ 0.058294179095425, 51.50545194732463 ], [ 0.068510779539627, 51.50462086364454 ] ] ] } },
{ "type": "Feature", "properties": { "NLC": 524, "total_activity": 153076.62950538771, "log_total_activity": 11.938700454087806, "direction_balance": 0.50074993639197085, "post_2300_share": 0.090314338680828707, "midnight_share_common_window": 0.021448964985088099, "night_tube_extension_share": 0.021794583445678702, "post_0100_share": 0.0101792877623332, "common_window_persistence": 0.030508887326179901, "weekend_common_ratio": 0.73759449026544222, "volume_band": "high", "cluster": 1, "Station": "Bond Street", "mode_label": "EZL,LU", "tot_entry": 114864.87099665396, "tot_exit": 38211.758508733779, "easting": 528490.674, "northing": 181117.635, "lon": -0.1496811425789451, "lat": 51.514379580029129, "coord_source": "underground_stations_csv", "catchment_area_m2": 569193.8607293953, "station_in_lnwc_extent": true }, "geometry": { "type": "Polygon", "coordinates": [ [ [ -0.151434169766946, 51.519335243478778 ], [ -0.146796545950512, 51.518652101564385 ], [ -0.144560378541303, 51.511197571690403 ], [ -0.151742326807776, 51.508539647870315 ], [ -0.152112849980594, 51.508595094328989 ], [ -0.154636571912236, 51.518268824414697 ], [ -0.151434169766946, 51.519335243478778 ] ] ] } },
{ "type": "Feature", "properties": { "NLC": 525, "total_activity": 17856.609618220002, "log_total_activity": 9.7901850055078352, "direction_balance": 0.0011946318162342001, "post_2300_share": 0.13285126186997159, "midnight_share_common_window": 0.040169160275786799, "night_tube_extension_share": 0.0033568765780519999, "post_0100_share": 0.0019604272688069999, "common_window_persistence": 0.064517216171218195, "weekend_common_ratio": 0.88297963944225155, "volume_band": "medium", "cluster": 2, "Station": "Borough", "mode_label": "LU", "tot_entry": 8938.9708461000009, "tot_exit": 8917.6387721200044, "easting": 532439.9633, "northing": 179751.461100001, "lon": -0.093312951273598801, "lat": 51.501191365275403, "coord_source": "underground_stations_csv", "catchment_area_m2": 1133270.5465824548, "station_in_lnwc_extent": true }, "geometry": { "type": "Polygon", "coordinates": [ [ [ -0.081415681246132, 51.493366859282077 ], [ -0.082701640204032, 51.49267671714891 ], [ -0.084089735178202, 51.492068564484001 ], [ -0.085273444892076, 51.4916515384352 ], [ -0.100797352789919, 51.500546721433096 ], [ -0.097613090118216, 51.505387439814044 ], [ -0.07910760277556, 51.498568045531592 ], [ -0.080539065053239, 51.493939695897069 ], [ -0.081415681246132, 51.493366859282077 ] ] ] } },
{ "type": "Feature", "properties": { "NLC": 526, "total_activity": 4990.3825038901559, "log_total_activity": 8.5154682052607527, "direction_balance": -0.49397783160273451, "post_2300_share": 0.16793488494376191, "midnight_share_common_window": 0.043716441936008099, "night_tube_extension_share": 0.076049064230575503, "post_0100_share": 0.035903454084473103, "common_window_persistence": 0.068400700686150895, "weekend_common_ratio": 0.83620068425009275, "volume_band": "low", "cluster": 4, "Station": "Boston Manor", "mode_label": "LU", "tot_entry": 1262.6220878751355, "tot_exit": 3727.7604160150199, "easting": 516333.5188, "northing": 178693.009, "lon": -0.32559520873087627, "lat": 51.495219674970095, "coord_source": "underground_stations_csv", "catchment_area_m2": 3285194.8358709505, "station_in_lnwc_extent": true }, "geometry": { "type": "Polygon", "coordinates": [ [ [ -0.312491712920181, 51.488186242030288 ], [ -0.313659159687948, 51.487418396654896 ], [ -0.314941498494958, 51.486725674305426 ], [ -0.31632638153996, 51.486114742762581 ], [ -0.317800475646613, 51.485591482304869 ], [ -0.319349590515249, 51.485160929205833 ], [ -0.320958815151417, 51.484827227347616 ], [ -0.322612661166197, 51.484593588412103 ], [ -0.324295211579808, 51.48446226102935 ], [ -0.325990273709148, 51.484434509177291 ], [ -0.327681534682315, 51.484510600038767 ], [ -0.329352718098868, 51.484689801431543 ], [ -0.330987740344072, 51.484970388836047 ], [ -0.332570865068438, 51.485349661954082 ], [ -0.334086854360741, 51.485823970640638 ], [ -0.335521115173096, 51.486388749962472 ], [ -0.336859839600362, 51.487038564048717 ], [ -0.338090137672892, 51.487767158316103 ], [ -0.339200161390871, 51.488567519570339 ], [ -0.340179218809708, 51.489431943409983 ], [ -0.341017877078451, 51.490352108289123 ], [ -0.341708053436309, 51.491319155530448 ], [ -0.342243093285069, 51.492323774523406 ], [ -0.342617834576701, 51.49335629229121 ], [ -0.342828657884576, 51.494406766567714 ], [ -0.342873521662326, 51.495465081491574 ], [ -0.342751982335409, 51.49652104499706 ], [ -0.342465199015338, 51.497564486966155 ], [ -0.342015922774175, 51.498585357195495 ], [ -0.341408470565783, 51.499573822234737 ], [ -0.340648684028973, 51.500520360161467 ], [ -0.340096552504054, 51.501066810606645 ], [ -0.327238078795134, 51.504936499404664 ], [ -0.325930030147858, 51.504779727743987 ], [ -0.311591637038209, 51.488908490466024 ], [ -0.312491712920181, 51.488186242030288 ] ] ] } },
{ "type": "Feature", "properties": { "NLC": 527, "total_activity": 17652.05632646356, "log_total_activity": 9.7786642103429031, "direction_balance": -0.55660223591209634, "post_2300_share": 0.170292878751756, "midnight_share_common_window": 0.048321742409549201, "night_tube_extension_share": 0.070446111029051905, "post_0100_share": 0.034711302363687802, "common_window_persistence": 0.075384755614876897, "weekend_common_ratio": 0.75616323385239448, "volume_band": "medium", "cluster": 4, "Station": "Bounds Green", "mode_label": "LU", "tot_entry": 3913.4411533538369, "tot_exit": 13738.615173109723, "easting": 529984.4864000001, "northing": 191469.27260000099, "lon": -0.12434197787111501, "lat": 51.607063786857431, "coord_source": "underground_stations_csv", "catchment_area_m2": 3022251.1900282558, "station_in_lnwc_extent": true }, "geometry": { "type": "Polygon", "coordinates": [ [ [ -0.128155695229833, 51.596541131840461 ], [ -0.129793400638245, 51.596824547325859 ], [ -0.131378641941398, 51.597206551786577 ], [ -0.132896160842143, 51.597683468806615 ], [ -0.134331349537724, 51.598250708363452 ], [ -0.135670391142195, 51.598902810919334 ], [ -0.136900392567376, 51.599633499873214 ], [ -0.138009508589682, 51.600435741873511 ], [ -0.138987055911864, 51.601301814415372 ], [ -0.139823616121768, 51.602223380077454 ], [ -0.140511126553795, 51.603191566687691 ], [ -0.141042958172042, 51.604197052651671 ], [ -0.141413979716014, 51.60523015662573 ], [ -0.14162060747955, 51.606280930675254 ], [ -0.141651766926032, 51.607100584991763 ], [ -0.115720790063653, 51.616418352632152 ], [ -0.114348713688029, 51.615875963209497 ], [ -0.113009490794952, 51.615223617200201 ], [ -0.111779464635216, 51.614492679312796 ], [ -0.110670481382936, 51.613690192465292 ], [ -0.109693219233077, 51.612823888571782 ], [ -0.108857085638773, 51.61190211394446 ], [ -0.10817012687102, 51.610933748785691 ], [ -0.107638950765575, 51.609928121551476 ], [ -0.107268663391944, 51.608894919014404 ], [ -0.107115414327259, 51.608112589247114 ], [ -0.127078482414001, 51.596423983207835 ], [ -0.128155695229833, 51.596541131840461 ] ] ] } },
{ "type": "Feature", "properties": { "NLC": 528, "total_activity": 18998.706032408489, "log_total_activity": 9.8521787860503842, "direction_balance": -0.31608731179167182, "post_2300_share": 0.15012089289005409, "midnight_share_common_window": 0.047961938970614897, "night_tube_extension_share": 0.0135152848333555, "post_0100_share": 0.0078148072086349999, "common_window_persistence": 0.0802860169932815, "weekend_common_ratio": 0.82162252328489316, "volume_band": "medium", "cluster": 4, "Station": "Bow Road", "mode_label": "LU", "tot_entry": 6496.7280575521354, "tot_exit": 12501.977974856343, "easting": 537089.8973, "northing": 182735.951300001, "lon": -0.025203212169073098, "lat": 51.526902665586434, "coord_source": "underground_stations_csv", "catchment_area_m2": 667342.8819610721, "station_in_lnwc_extent": true }, "geometry": { "type": "Polygon", "coordinates": [ [ [ -0.034019496623247, 51.53512676607901 ], [ -0.027330351930921, 51.535133839642342 ], [ -0.021575775793455, 51.524627001615613 ], [ -0.026876817930809, 51.520854976474432 ], [ -0.034019496623247, 51.53512676607901 ] ] ] } },
{ "type": "Feature", "properties": { "NLC": 529, "total_activity": 6647.9127703477534, "log_total_activity": 8.8022086271026438, "direction_balance": -0.37618176478926602, "post_2300_share": 0.140204317880813, "midnight_share_common_window": 0.036580477221383197, "night_tube_extension_share": 0.052109766589508902, "post_0100_share": 0.023918786789661299, "common_window_persistence": 0.054543897171735398, "weekend_common_ratio": 0.73441925563044475, "volume_band": "low", "cluster": 4, "Station": "Brent Cross", "mode_label": "LU", "tot_entry": 2073.5446061166176, "tot_exit": 4574.3681642311385, "easting": 523873.7006, "northing": 187934.037, "lon": -0.21378475842151329, "lat": 51.576668983672157, "coord_source": "underground_stations_csv", "catchment_area_m2": 2934695.3145640912, "station_in_lnwc_extent": true }, "geometry": { "type": "Polygon", "coordinates": [ [ [ -0.209166125669734, 51.566272424410165 ], [ -0.210823468775758, 51.566040399619908 ], [ -0.212509311688252, 51.565910710336915 ], [ -0.214207430079087, 51.565884604778141 ], [ -0.215901481698874, 51.565962334288997 ], [ -0.217575163318012, 51.566143150925377 ], [ -0.219212367297523, 51.566425314632234 ], [ -0.220797336298633, 51.566806109951379 ], [ -0.222314814657077, 51.567281872098292 ], [ -0.223750194978824, 51.567848022161037 ], [ -0.225089658557859, 51.568499111084712 ], [ -0.22632030827369, 51.569228872023039 ], [ -0.227430292695802, 51.570030280557177 ], [ -0.22840892020377, 51.570895622207495 ], [ -0.229246762024651, 51.571816566592723 ], [ -0.229811582795055, 51.57260986629317 ], [ -0.210316378199179, 51.587229648326655 ], [ -0.209992544297154, 51.587194659013385 ], [ -0.208354657163634, 51.586912360963758 ], [ -0.206769100789379, 51.586531393060113 ], [ -0.205251153411069, 51.586055426719192 ], [ -0.203815440446904, 51.58548904870009 ], [ -0.20247579338616, 51.584837716817866 ], [ -0.201245116400416, 51.584107707255619 ], [ -0.200135261968151, 51.583306053986647 ], [ -0.199287927478339, 51.582556392632476 ], [ -0.208512047306014, 51.566407115636004 ], [ -0.209166125669734, 51.566272424410165 ] ] ] } },
{ "type": "Feature", "properties": { "NLC": 530, "total_activity": 15791.65384053436, "log_total_activity": 9.6673001640921559, "direction_balance": -0.38973318993784267, "post_2300_share": 0.14196662773089869, "midnight_share_common_window": 0.044921775714280701, "night_tube_extension_share": 0.012958955390614899, "post_0100_share": 0.0072435916852967002, "common_window_persistence": 0.071925627607965295, "weekend_common_ratio": 0.86241373369753582, "volume_band": "medium", "cluster": 4, "Station": "Bromley-by-Bow", "mode_label": "LU", "tot_entry": 4818.5611074343624, "tot_exit": 10973.092733099998, "easting": 538049.5634, "northing": 182523.51359999899, "lon": -0.011461459462546701, "lat": 51.524760125717513, "coord_source": "underground_stations_csv", "catchment_area_m2": 783554.21219031722, "station_in_lnwc_extent": true }, "geometry": { "type": "Polygon", "coordinates": [ [ [ -0.016464523533562, 51.525965833507229 ], [ -0.013716999247214, 51.529285934137519 ], [ -0.005503711616456, 51.529851631570303 ], [ -0.002503144285578, 51.524628471629882 ], [ -0.006046077922285, 51.519168810470454 ], [ -0.010925538660419, 51.519720294767076 ], [ -0.016464523533562, 51.525965833507229 ] ] ] } },
{ "type": "Feature", "properties": { "NLC": 531, "total_activity": 8184.0413358660717, "log_total_activity": 9.0100635399899236, "direction_balance": -0.52766305359295373, "post_2300_share": 0.13368691410330799, "midnight_share_common_window": 0.038631987228467599, "night_tube_extension_share": 0.040247412701684103, "post_0100_share": 0.020187217998870799, "common_window_persistence": 0.056317847338310398, "weekend_common_ratio": 0.75636277525238071, "volume_band": "low", "cluster": 0, "Station": "Buckhurst Hill", "mode_label": "LU", "tot_entry": 1932.8125469260119, "tot_exit": 6251.2287889400586, "easting": 541777.5666, "northing": 193891.179, "lon": 0.0468240751565627, "lat": 51.625982897027001, "coord_source": "underground_stations_csv", "catchment_area_m2": 3058886.2356086005, "station_in_lnwc_extent": false }, "geometry": { "type": "Polygon", "coordinates": [ [ [ 0.029738763410653, 51.624174326255591 ], [ 0.029536024573519, 51.625225355318477 ], [ 0.029499771831711, 51.626283691915653 ], [ 0.029630365923601, 51.627339143714018 ], [ 0.029926560596797, 51.628381545462254 ], [ 0.030385514170484, 51.629400856913314 ], [ 0.031002816485712, 51.630387259569368 ], [ 0.031772531000129, 51.631331251314855 ], [ 0.032687251636275, 51.632223738023889 ], [ 0.033738173848447, 51.633056121255677 ], [ 0.034915179233686, 51.633820381189253 ], [ 0.036206932879021, 51.634509153993974 ], [ 0.037600992511306, 51.635115802885181 ], [ 0.03908392839894, 51.63563448217576 ], [ 0.040297687284794, 51.635966236205732 ], [ 0.061853236549774, 51.631329968252629 ], [ 0.062333018075902, 51.63079834691429 ], [ 0.063016576140594, 51.629829020752183 ], [ 0.063544152904124, 51.628822662187467 ], [ 0.063910677012433, 51.627788965015007 ], [ 0.064112629256319, 51.626737885696805 ], [ 0.064145848233901, 51.625746064517777 ], [ 0.059548722891694, 51.619594291037259 ], [ 0.029940446887278, 51.623606724691854 ], [ 0.029738763410653, 51.624174326255591 ] ] ] } },
{ "type": "Feature", "properties": { "NLC": 532, "total_activity": 11079.602180753254, "log_total_activity": 9.3129513072678858, "direction_balance": -0.57376571185385972, "post_2300_share": 0.13316042182704141, "midnight_share_common_window": 0.040021558007550299, "night_tube_extension_share": 0.053068590159586197, "post_0100_share": 0.0242438113911074, "common_window_persistence": 0.0580050158154733, "weekend_common_ratio": 0.69552216965394342, "volume_band": "medium", "cluster": 0, "Station": "Burnt Oak", "mode_label": "LU", "tot_entry": 2361.2531742278943, "tot_exit": 8718.3490065253645, "easting": 520325.5892, "northing": 190759.99159999899, "lon": -0.26399369483295398, "lat": 51.602834176714175, "coord_source": "underground_stations_csv", "catchment_area_m2": 2722252.5424372465, "station_in_lnwc_extent": true }, "geometry": { "type": "Polygon", "coordinates": [ [ [ -0.256984675012823, 51.612699609269903 ], [ -0.255465320519696, 51.612224281528562 ], [ -0.254028150089469, 51.611658506794129 ], [ -0.252687009273946, 51.611007737071446 ], [ -0.251454816654814, 51.61027824313102 ], [ -0.250343439328509, 51.609477053983476 ], [ -0.249363578604213, 51.608611889048333 ], [ -0.248524667016344, 51.60769108367618 ], [ -0.247834777640555, 51.606723508746221 ], [ -0.247510815697719, 51.606114059938633 ], [ -0.266378252491113, 51.592193644100213 ], [ -0.269867777654729, 51.593283956891362 ], [ -0.280078526743586, 51.603476618287928 ], [ -0.279789187349951, 51.604183196251583 ], [ -0.25751464290414, 51.612826619042401 ], [ -0.256984675012823, 51.612699609269903 ] ] ] } },
{ "type": "Feature", "properties": { "NLC": 533, "total_activity": 10490.789808579249, "log_total_activity": 9.2583483072919286, "direction_balance": -0.17129886534061689, "post_2300_share": 0.080356028109951294, "midnight_share_common_window": 0.028460959330187999, "night_tube_extension_share": 0.0043643684951953001, "post_0100_share": 0.0024990950491574002, "common_window_persistence": 0.0408577895778117, "weekend_common_ratio": 0.64908303633543951, "volume_band": "medium", "cluster": 2, "Station": "London City Airport", "mode_label": "DLR", "tot_entry": 4346.8647089213573, "tot_exit": 6143.9250996578912, "easting": 542325.0, "northing": 180248.33333333331, "lon": 0.04921, "lat": 51.503256666666665, "coord_source": "naptan_rse_tmu", "catchment_area_m2": 1284499.7757926304, "station_in_lnwc_extent": true }, "geometry": { "type": "Polygon", "coordinates": [ [ [ 0.050419577978485, 51.492495229310776 ], [ 0.048724152314749, 51.49247290076547 ], [ 0.047033379811411, 51.492554392703681 ], [ 0.045363532184317, 51.492738920987144 ], [ 0.04373068023312, 51.493024709851802 ], [ 0.042500674108126, 51.493323856632358 ], [ 0.041163150700204, 51.503901580640566 ], [ 0.05095902832936, 51.506654046675081 ], [ 0.056364895691921, 51.504677513502962 ], [ 0.053472293409398, 51.493564025326663 ], [ 0.051837957066485, 51.492601316104583 ], [ 0.050419577978485, 51.492495229310776 ] ] ] } },
{ "type": "Feature", "properties": { "NLC": 534, "total_activity": 17030.471174988088, "log_total_activity": 9.7428181571826507, "direction_balance": -0.2542732856456445, "post_2300_share": 0.15218239766414571, "midnight_share_common_window": 0.0392486695975309, "night_tube_extension_share": 0.063273203159343094, "post_0100_share": 0.029713814737532301, "common_window_persistence": 0.062564488814481095, "weekend_common_ratio": 0.78976342697845237, "volume_band": "medium", "cluster": 4, "Station": "Caledonian Road", "mode_label": "LU", "tot_entry": 6350.0386566152174, "tot_exit": 10680.432518372874, "easting": 530558.3633, "northing": 184969.7784, "lon": -0.11847347641237981, "lat": 51.548523531923458, "coord_source": "underground_stations_csv", "catchment_area_m2": 976863.18989396293, "station_in_lnwc_extent": true }, "geometry": { "type": "Polygon", "coordinates": [ [ [ -0.111037165753565, 51.548327737771473 ], [ -0.111285289357928, 51.547034530384195 ], [ -0.127330067842904, 51.543721631994096 ], [ -0.130120164576624, 51.546916389023998 ], [ -0.129052196374082, 51.55213941721717 ], [ -0.125648048276034, 51.555318005721219 ], [ -0.111037165753565, 51.548327737771473 ] ] ] } },
{ "type": "Feature", "properties": { "NLC": 535, "total_activity": 87890.993123741035, "log_total_activity": 11.383863988781831, "direction_balance": 0.2017742593917245, "post_2300_share": 0.1855416303751487, "midnight_share_common_window": 0.0383046184667978, "night_tube_extension_share": 0.094415139104939205, "post_0100_share": 0.0544350226949009, "common_window_persistence": 0.061588437536490001, "weekend_common_ratio": 1.4045596788438537, "volume_band": "high", "cluster": 3, "Station": "Camden Town", "mode_label": "LU", "tot_entry": 52812.566584243534, "tot_exit": 35078.426539497537, "easting": 528910.2525, "northing": 183893.5725, "lon": -0.1426229702612466, "lat": 51.539230598338783, "coord_source": "underground_stations_csv", "catchment_area_m2": 684795.72839044454, "station_in_lnwc_extent": true }, "geometry": { "type": "Polygon", "coordinates": [ [ [ -0.144397184110519, 51.542865052221735 ], [ -0.137033704397109, 51.538183438042836 ], [ -0.153970464947086, 51.532545032141222 ], [ -0.15705354692882, 51.533611621832122 ], [ -0.146618857961439, 51.542397721575568 ], [ -0.144397184110519, 51.542865052221735 ] ] ] } },
{ "type": "Feature", "properties": { "NLC": 536, "total_activity": 13879.225486608, "log_total_activity": 9.5382204793616925, "direction_balance": 0.1531125058406525, "post_2300_share": 0.088950671516161095, "midnight_share_common_window": 0.022744785213399399, "night_tube_extension_share": 0.00081730098569479995, "post_0100_share": 0.00056844304342569996, "common_window_persistence": 0.031220034539210802, "weekend_common_ratio": 0.34885641161473041, "volume_band": "medium", "cluster": 1, "Station": "Cannon Street LU", "mode_label": "LU", "tot_entry": 8002.154239995004, "tot_exit": 5877.0712466130008, "easting": 532611.4757, "northing": 180900.065, "lon": -0.090411920567854603, "lat": 51.511473069258997, "coord_source": "underground_stations_csv", "catchment_area_m2": 244434.78257941891, "station_in_lnwc_extent": true }, "geometry": { "type": "Polygon", "coordinates": [ [ [ -0.083499435406082, 51.510601511735786 ], [ -0.084080621672216, 51.50854489223773 ], [ -0.093098629528536, 51.508126650257481 ], [ -0.0919059992341, 51.513122774416736 ], [ -0.083499435406082, 51.510601511735786 ] ] ] } },
{ "type": "Feature", "properties": { "NLC": 537, "total_activity": 8646.4370544141566, "log_total_activity": 9.0650182617347195, "direction_balance": -0.56586210811174231, "post_2300_share": 0.14741158897609249, "midnight_share_common_window": 0.0434173531443122, "night_tube_extension_share": 0.063360876428810095, "post_0100_share": 0.0301243160009107, "common_window_persistence": 0.063979408578110797, "weekend_common_ratio": 0.73057648731833769, "volume_band": "medium", "cluster": 4, "Station": "Canons Park", "mode_label": "LU", "tot_entry": 1876.8729775739384, "tot_exit": 6769.5640768402127, "easting": 518186.8967, "northing": 191252.07, "lon": -0.2946941062058866, "lat": 51.60770907048488, "coord_source": "underground_stations_csv", "catchment_area_m2": 2877649.4810494906, "station_in_lnwc_extent": true }, "geometry": { "type": "Polygon", "coordinates": [ [ [ -0.303213584891816, 51.598316027402568 ], [ -0.304650963368721, 51.598881202766584 ], [ -0.305992507770839, 51.599531383425862 ], [ -0.307225300975819, 51.600260311281971 ], [ -0.308337470944655, 51.601060969942608 ], [ -0.309318305038958, 51.601925652155693 ], [ -0.310158353259599, 51.602846033898999 ], [ -0.310849519409815, 51.603813254416508 ], [ -0.311385139298948, 51.604818001436385 ], [ -0.311760045224736, 51.60585060075347 ], [ -0.311970616101599, 51.606901109318066 ], [ -0.312014812738297, 51.607959410937333 ], [ -0.311892197909733, 51.609015313669595 ], [ -0.311603941012932, 51.610058647975102 ], [ -0.311525068025975, 51.610237106285332 ], [ -0.289146599100072, 51.616429912663769 ], [ -0.279789187349951, 51.604183196251583 ], [ -0.280078526743586, 51.603476618287928 ], [ -0.302375758787114, 51.598054251287735 ], [ -0.303213584891816, 51.598316027402568 ] ] ] } },
{ "type": "Feature", "properties": { "NLC": 538, "total_activity": 12189.223321612755, "log_total_activity": 9.4083895423741808, "direction_balance": -0.35431304317116868, "post_2300_share": 0.14918172979393429, "midnight_share_common_window": 0.055565543549131298, "night_tube_extension_share": 0.0092383263815756997, "post_0100_share": 0.0055119621981623004, "common_window_persistence": 0.088198131845815805, "weekend_common_ratio": 0.78769158757324165, "volume_band": "medium", "cluster": 4, "Station": "Pontoon Dock", "mode_label": "DLR", "tot_entry": 3935.2112563195801, "tot_exit": 8254.0120652931782, "easting": 541229.0, "northing": 180131.0, "lon": 0.03338, "lat": 51.50248, "coord_source": "naptan_rse_tmu", "catchment_area_m2": 1474534.8999367813, "station_in_lnwc_extent": true }, "geometry": { "type": "Polygon", "coordinates": [ [ [ 0.041100118186126, 51.492824932823979 ], [ 0.039547515617564, 51.492399164045942 ], [ 0.037935560129211, 51.492070421622621 ], [ 0.036279766318804, 51.491841869519675 ], [ 0.034596069858397, 51.491715707429904 ], [ 0.03290067442934, 51.491693149642096 ], [ 0.031209896103322, 51.491774413374657 ], [ 0.029540006651685, 51.491958716684451 ], [ 0.02790707727503, 51.492244285971793 ], [ 0.027143963527963, 51.492429767373011 ], [ 0.028303741198446, 51.505318215398127 ], [ 0.030322248444378, 51.506007044248882 ], [ 0.039017746520808, 51.505738743530621 ], [ 0.041163150700204, 51.503901580640566 ], [ 0.042501582704876, 51.493316669560272 ], [ 0.041100118186126, 51.492824932823979 ] ] ] } },
{ "type": "Feature", "properties": { "NLC": 539, "total_activity": 5219.5066367962154, "log_total_activity": 8.5603497330244842, "direction_balance": -0.5458300166034612, "post_2300_share": 0.13970094580071771, "midnight_share_common_window": 0.048061699001605597, "night_tube_extension_share": 0.0164974520749036, "post_0100_share": 0.0094988211984879996, "common_window_persistence": 0.075439324768384997, "weekend_common_ratio": 0.68044285922513636, "volume_band": "low", "cluster": 0, "Station": "Chalfont & Latimer", "mode_label": "LU", "tot_entry": 1185.2716212859305, "tot_exit": 4034.2350155102849, "easting": 499633.5338, "northing": 197564.355, "lon": -0.56072345204647733, "lat": 51.668031426229057, "coord_source": "underground_stations_csv", "catchment_area_m2": 4516629.8263861686, "station_in_lnwc_extent": false }, "geometry": { "type": "Polygon", "coordinates": [ [ [ -0.543495198249281, 51.666761429928343 ], [ -0.54377852809625, 51.665717499124497 ], [ -0.544225021276873, 51.664695862920532 ], [ -0.544830367860143, 51.663706358336732 ], [ -0.545588729435276, 51.662758512389985 ], [ -0.546492795668584, 51.661861450437641 ], [ -0.547533854970591, 51.661023808407514 ], [ -0.548701878582685, 51.660253649754821 ], [ -0.549985617266286, 51.659558387940898 ], [ -0.551372709659286, 51.65894471517538 ], [ -0.552849801255486, 51.658418538102481 ], [ -0.554402672863802, 51.657984921045852 ], [ -0.556016377315954, 51.657648037353333 ], [ -0.557675383114951, 51.657411129306048 ], [ -0.55936372365249, 51.657276476973728 ], [ -0.561065150572036, 51.657245376313348 ], [ -0.562763289816103, 51.657318126719808 ], [ -0.564441798871516, 51.657494028147184 ], [ -0.56608452371541, 51.657771387828333 ], [ -0.567675653967401, 51.658147536528865 ], [ -0.569199874769834, 51.658618854180581 ], [ -0.570642513948091, 51.659180804650909 ], [ -0.57198968304637, 51.659827979316354 ], [ -0.573228410890909, 51.660554149025117 ], [ -0.57434676840165, 51.661352323953089 ], [ -0.575333983454511, 51.662214820781934 ], [ -0.576180544688924, 51.663133336557536 ], [ -0.576878293258403, 51.664099028522934 ], [ -0.577420501634781, 51.665102599161479 ], [ -0.577801938698367, 51.666134385636163 ], [ -0.57801892047569, 51.667184452767394 ], [ -0.578069346022393, 51.668242688656804 ], [ -0.577952718090232, 51.669298902038811 ], [ -0.577670148362458, 51.670342920422918 ], [ -0.577224347190027, 51.671364688082775 ], [ -0.576619597910463, 51.672354362946258 ], [ -0.575861715980503, 51.673302411452752 ], [ -0.57495799330134, 51.674199700460633 ], [ -0.573917128259851, 51.675037585316481 ], [ -0.572749142149318, 51.675807993233427 ], [ -0.571465282767149, 51.676503501171041 ], [ -0.570077916113824, 51.677117407461289 ], [ -0.568600407235205, 51.677643796485761 ], [ -0.567046991358303, 51.678077595775605 ], [ -0.565432636567332, 51.678414624979844 ], [ -0.563772899351443, 51.678651636225446 ], [ -0.562083774426885, 51.678786345476794 ], [ -0.56038154029375, 51.678817454589556 ], [ -0.558682602030301, 51.67874466384405 ], [ -0.557003332855587, 51.67856867483637 ], [ -0.555359916003435, 51.678291183699301 ], [ -0.553768188447725, 51.677914864719064 ], [ -0.552243488000156, 51.67744334450758 ], [ -0.550800505267842, 51.67688116698168 ], [ -0.549453141909167, 51.676233749490514 ], [ -0.548214376563204, 51.675507330517497 ], [ -0.547096139751162, 51.674708909465856 ], [ -0.546109198958734, 51.673846179112275 ], [ -0.545263055006806, 51.672927451385135 ], [ -0.544565850705927, 51.671961577186543 ], [ -0.544024292668329, 51.670957861036314 ], [ -0.543643587021548, 51.669925971363334 ], [ -0.543427389631123, 51.668875847313096 ], [ -0.54337777129787, 51.667817602971283 ], [ -0.543495198249281, 51.666761429928343 ] ] ] } },
{ "type": "Feature", "properties": { "NLC": 540, "total_activity": 23358.99228246096, "log_total_activity": 10.058780106568006, "direction_balance": 0.00054877549505400001, "post_2300_share": 0.1573155015286391, "midnight_share_common_window": 0.033451502562962199, "night_tube_extension_share": 0.035898269540682599, "post_0100_share": 0.017303121938887601, "common_window_persistence": 0.0560993262544855, "weekend_common_ratio": 0.86127962547555437, "volume_band": "high", "cluster": 1, "Station": "Chalk Farm", "mode_label": "LU", "tot_entry": 11685.905562507362, "tot_exit": 11673.086719953588, "easting": 528202.4569, "northing": 184390.60700000101, "lon": -0.1526421476691667, "lat": 51.543858359097648, "coord_source": "underground_stations_csv", "catchment_area_m2": 1180714.5858854214, "station_in_lnwc_extent": true }, "geometry": { "type": "Polygon", "coordinates": [ [ [ -0.15705354692882, 51.533611621832122 ], [ -0.157290801993201, 51.53363115727786 ], [ -0.163670384256224, 51.539797461366952 ], [ -0.163734524371787, 51.543417177132966 ], [ -0.15505175814729, 51.549669240162167 ], [ -0.15442317570357, 51.549633506689432 ], [ -0.146618857961439, 51.542397721575568 ], [ -0.15705354692882, 51.533611621832122 ] ] ] } },
{ "type": "Feature", "properties": { "NLC": 541, "total_activity": 23917.078064615067, "log_total_activity": 10.082389856367188, "direction_balance": 0.50513981081474602, "post_2300_share": 0.1044106895235513, "midnight_share_common_window": 0.022100273320251902, "night_tube_extension_share": 0.0776603996207679, "post_0100_share": 0.0291512974952647, "common_window_persistence": 0.030087704797181598, "weekend_common_ratio": 0.33032828573806478, "volume_band": "high", "cluster": 1, "Station": "Chancery Lane", "mode_label": "LU", "tot_entry": 17999.273176708124, "tot_exit": 5917.8048879069484, "easting": 531123.9465, "northing": 181615.46550000101, "lon": -0.1115693026029435, "lat": 51.518248903508308, "coord_source": "underground_stations_csv", "catchment_area_m2": 546686.63473548822, "station_in_lnwc_extent": true }, "geometry": { "type": "Polygon", "coordinates": [ [ [ -0.105358542516454, 51.515982353890855 ], [ -0.109374836677912, 51.514108339574079 ], [ -0.115421026575683, 51.514977502118526 ], [ -0.116758992241336, 51.521846393660837 ], [ -0.113553938921313, 51.525139370383236 ], [ -0.105358542516454, 51.515982353890855 ] ] ] } },
{ "type": "Feature", "properties": { "NLC": 542, "total_activity": 83089.294122872408, "log_total_activity": 11.327683176463481, "direction_balance": 0.35361507907692991, "post_2300_share": 0.1243621842881541, "midnight_share_common_window": 0.028646658860378201, "night_tube_extension_share": 0.0202597656114075, "post_0100_share": 0.010502857614201401, "common_window_persistence": 0.047806941148371598, "weekend_common_ratio": 1.0347540303687888, "volume_band": "high", "cluster": 1, "Station": "Embankment", "mode_label": "LU", "tot_entry": 56235.460717289097, "tot_exit": 26853.833405583289, "easting": 530419.3254, "northing": 180395.87140000099, "lon": -0.12216953430795729, "lat": 51.507451856556742, "coord_source": "underground_stations_csv", "catchment_area_m2": 341453.80195522588, "station_in_lnwc_extent": true }, "geometry": { "type": "Polygon", "coordinates": [ [ [ -0.120809371755303, 51.503557673842685 ], [ -0.124665622305709, 51.504365483303715 ], [ -0.124858559060062, 51.509666354454446 ], [ -0.123998588062133, 51.510188404561035 ], [ -0.120009424096176, 51.510787957183339 ], [ -0.115920376006445, 51.507219069626458 ], [ -0.120809371755303, 51.503557673842685 ] ] ] } },
{ "type": "Feature", "properties": { "NLC": 543, "total_activity": 3657.8552352026732, "log_total_activity": 8.2049056002033716, "direction_balance": -0.69396199362074529, "post_2300_share": 0.14562553990006619, "midnight_share_common_window": 0.056520067938778298, "night_tube_extension_share": 0.039808961956529998, "post_0100_share": 0.025705306756348498, "common_window_persistence": 0.081203291041394399, "weekend_common_ratio": 0.59995834419279692, "volume_band": "low", "cluster": 0, "Station": "Chesham", "mode_label": "LU", "tot_entry": 559.72136190267315, "tot_exit": 3098.1338732999989, "easting": 496079.3711, "northing": 201633.0847, "lon": -0.61098040239473517, "lat": 51.705221617961683, "coord_source": "underground_stations_csv", "catchment_area_m2": 4516629.8263861686, "station_in_lnwc_extent": false }, "geometry": { "type": "Polygon", "coordinates": [ [ [ -0.593736494908154, 51.703958885784481 ], [ -0.594018920094901, 51.702914833382472 ], [ -0.594464668123737, 51.701893006825401 ], [ -0.59506943620757, 51.700903244971286 ], [ -0.59582739147419, 51.699955077317398 ], [ -0.596731227471061, 51.699057632320326 ], [ -0.597772234796281, 51.698219549595926 ], [ -0.598940385165305, 51.697448896840882 ], [ -0.600224428096572, 51.696753092270654 ], [ -0.601611999280756, 51.696138833315956 ], [ -0.603089739589256, 51.695612032259106 ], [ -0.604643423578347, 51.695177759424794 ], [ -0.606258096257286, 51.694840194467389 ], [ -0.607918216812082, 51.694602586219581 ], [ -0.609607807912337, 51.694467221485041 ], [ -0.611310609177061, 51.694435403072589 ], [ -0.613010233337016, 51.694507437281075 ], [ -0.6146903236063, 51.694682630954674 ], [ -0.616334710764734, 51.694959298136268 ], [ -0.61792756845521, 51.695334776256097 ], [ -0.619453565216569, 51.69580545170124 ], [ -0.620898011802553, 51.696366794522945 ], [ -0.622247002380776, 51.697013401950507 ], [ -0.62348754826215, 51.697739050297628 ], [ -0.62460770288021, 51.698536754765584 ], [ -0.625596676820934, 51.699398836572705 ], [ -0.626444941796137, 51.70031699676904 ], [ -0.627144322556616, 51.701282396030237 ], [ -0.627688075854149, 51.702285739667602 ], [ -0.628070955683096, 51.703317367039631 ], [ -0.628289264161781, 51.704367344508334 ], [ -0.628340887549856, 51.705425561047882 ], [ -0.628225317039265, 51.70648182558736 ], [ -0.627943654101868, 51.707525965151035 ], [ -0.62749860032507, 51.708547922851409 ], [ -0.626894431816251, 51.709537854790781 ], [ -0.626136958406292, 51.710486224935508 ], [ -0.625233468030242, 51.711383897047462 ], [ -0.624192656807987, 51.712222222782827 ], [ -0.623024545487935, 51.712993125106173 ], [ -0.621740383051012, 51.713689176211297 ], [ -0.620352538399069, 51.714303669193278 ], [ -0.618874381169915, 51.714830682776231 ], [ -0.617320152829299, 51.715265138468226 ], [ -0.615704829287085, 51.715602849587782 ], [ -0.614043976369579, 51.715840561685255 ], [ -0.61235359955147, 51.715975983966082 ], [ -0.610649989408454, 51.716007811410016 ], [ -0.608949564294514, 51.715935737371105 ], [ -0.607268711775771, 51.715760456535811 ], [ -0.605623630365232, 51.715483658210857 ], [ -0.604030173099727, 51.715108010005771 ], [ -0.602503694481747, 51.714637132069747 ], [ -0.601058902275029, 51.714075562133175 ], [ -0.599709715593963, 51.713428711694604 ], [ -0.598469130663754, 51.712702813779153 ], [ -0.597349095551484, 51.711904862776329 ], [ -0.596360395078626, 51.711042546941947 ], [ -0.595512547024143, 51.710124174219544 ], [ -0.594813710615204, 51.709158592100685 ], [ -0.594270608180906, 51.708155102301205 ], [ -0.593888460714583, 51.70712337107954 ], [ -0.59367093795363, 51.706073336064556 ], [ -0.59362012344371, 51.705015110493527 ], [ -0.593736494908154, 51.703958885784481 ] ] ] } },
{ "type": "Feature", "properties": { "NLC": 544, "total_activity": 944.06538964813103, "log_total_activity": 6.8512541204947004, "direction_balance": -0.65826380548375552, "post_2300_share": 0.080688060235417094, "midnight_share_common_window": 0.019678932462287298, "night_tube_extension_share": 0.0, "post_0100_share": 0.0, "common_window_persistence": 0.026889411895241699, "weekend_common_ratio": 0.47951017575305083, "volume_band": "low", "cluster": 0, "Station": "Chigwell", "mode_label": "LU", "tot_entry": 161.310656816424, "tot_exit": 782.7547328317072, "easting": 543795.2009000001, "northing": 193021.03900000101, "lon": 0.075594974989197594, "lat": 51.61765286220907, "coord_source": "underground_stations_csv", "catchment_area_m2": 3584282.1665344583, "station_in_lnwc_extent": false }, "geometry": { "type": "Polygon", "coordinates": [ [ [ 0.076802812863997, 51.606892295373754 ], [ 0.075103124100379, 51.606870396488368 ], [ 0.073408167719026, 51.606952314227563 ], [ 0.071734255655466, 51.607137260358726 ], [ 0.070097497784747, 51.607423455102733 ], [ 0.068513647189691, 51.607808144222361 ], [ 0.066997948826014, 51.608287625471121 ], [ 0.065564993027354, 51.608857284151377 ], [ 0.064228575248644, 51.60951163744236 ], [ 0.063001563388744, 51.610244387075873 ], [ 0.061895773963156, 51.61104847985726 ], [ 0.060921858315558, 51.611916175453921 ], [ 0.06008919996358, 51.612839120803592 ], [ 0.059846656355139, 51.613183153032892 ], [ 0.059548722891694, 51.619594291037259 ], [ 0.064131330783577, 51.625726640554007 ], [ 0.064985203543835, 51.626181651981653 ], [ 0.066379378899691, 51.626787958440879 ], [ 0.06786235835843, 51.627306274188143 ], [ 0.069419853799173, 51.627731604563493 ], [ 0.071036857676878, 51.628059850850121 ], [ 0.072697787861276, 51.62828784984562 ], [ 0.07438663806661, 51.628413404402657 ], [ 0.076087132409418, 51.628435304642394 ], [ 0.077782882590126, 51.628353339633861 ], [ 0.079457546167934, 51.62816829942625 ], [ 0.081094984387516, 51.62788196741392 ], [ 0.082679418020623, 51.627497103109349 ], [ 0.08419557970571, 51.627017415491174 ], [ 0.085628861303963, 51.626447527187771 ], [ 0.086965454840157, 51.625792929844152 ], [ 0.088192485661177, 51.625059931107373 ], [ 0.089298136522866, 51.624255593744905 ], [ 0.089750427223235, 51.62385240967199 ], [ 0.078673661748967, 51.607732994555299 ], [ 0.077008490385228, 51.606907588481711 ], [ 0.076802812863997, 51.606892295373754 ] ] ] } },
{ "type": "Feature", "properties": { "NLC": 545, "total_activity": 7480.91863119764, "log_total_activity": 8.9202445395746484, "direction_balance": -0.2902979300311902, "post_2300_share": 0.11356295422900919, "midnight_share_common_window": 0.038614149869738601, "night_tube_extension_share": 0.0152620234169358, "post_0100_share": 0.0082570757414789, "common_window_persistence": 0.055230342537149001, "weekend_common_ratio": 0.61986497625095172, "volume_band": "low", "cluster": 0, "Station": "Chiswick Park", "mode_label": "LU", "tot_entry": 2654.6117189146003, "tot_exit": 4826.3069122830366, "easting": 520293.2801, "northing": 178723.68019999901, "lon": -0.26857152550054481, "lat": 51.494667485901772, "coord_source": "underground_stations_csv", "catchment_area_m2": 755793.88937979285, "station_in_lnwc_extent": true }, "geometry": { "type": "Polygon", "coordinates": [ [ [ -0.26209810054542, 51.484672528846723 ], [ -0.275178691263963, 51.496111564867412 ], [ -0.261742686776922, 51.498232368768342 ], [ -0.261037748674789, 51.484966623880439 ], [ -0.26209810054542, 51.484672528846723 ] ] ] } },
{ "type": "Feature", "properties": { "NLC": 546, "total_activity": 3946.174511664658, "log_total_activity": 8.2807552884337774, "direction_balance": -0.4850669117944354, "post_2300_share": 0.119037600006654, "midnight_share_common_window": 0.046932682375813599, "night_tube_extension_share": 0.0146523330776835, "post_0100_share": 0.0072064944852537997, "common_window_persistence": 0.0662046707839926, "weekend_common_ratio": 0.66903127559170661, "volume_band": "low", "cluster": 0, "Station": "Chorleywood", "mode_label": "LU", "tot_entry": 1016.007913944784, "tot_exit": 2930.1665977198732, "easting": 502580.7743, "northing": 196094.9067, "lon": -0.51855303101821815, "lat": 51.654293984511988, "coord_source": "underground_stations_csv", "catchment_area_m2": 4516629.8263861686, "station_in_lnwc_extent": false }, "geometry": { "type": "Polygon", "coordinates": [ [ [ -0.501331287617299, 51.653017850022273 ], [ -0.501615492085621, 51.651974025696276 ], [ -0.502062788704752, 51.650952554039023 ], [ -0.502668859823138, 51.64996327048123 ], [ -0.503427860071017, 51.649015699907324 ], [ -0.504332472983598, 51.648118965020068 ], [ -0.505373981726466, 51.64728169859616 ], [ -0.506542353231983, 51.646511960473596 ], [ -0.507826334929215, 51.645817160065185 ], [ -0.50921356313176, 51.645203985139723 ], [ -0.510690682038969, 51.644678337550907 ], [ -0.51224347220709, 51.644245276528125 ], [ -0.513856987259002, 51.643908970070243 ], [ -0.515515697524806, 51.643672654905721 ], [ -0.517203639241525, 51.64353860540141 ], [ -0.518904567888808, 51.643508111715676 ], [ -0.520602114199441, 51.643581467404822 ], [ -0.522279941358802, 51.643757966600134 ], [ -0.523921901896432, 51.644035910783458 ], [ -0.525512192775658, 51.644412625096166 ], [ -0.527035507203774, 51.644884484026818 ], [ -0.528477181715389, 51.645446946232603 ], [ -0.529823337125093, 51.646094598163053 ], [ -0.531061012002163, 51.646821206069973 ], [ -0.532178287389131, 51.647619775907749 ], [ -0.533164401567273, 51.648482620552144 ], [ -0.534009853764555, 51.649401433695417 ], [ -0.534706495804743, 51.650367369711802 ], [ -0.535247610809276, 51.651371128728485 ], [ -0.535627978185135, 51.652403046087734 ], [ -0.535843924261324, 51.65345318534262 ], [ -0.535893358072515, 51.654511433893184 ], [ -0.535775791929769, 51.655567600345023 ], [ -0.535492346563532, 51.656611512653214 ], [ -0.535045740772275, 51.657633116107114 ], [ -0.534440265659426, 51.658622570211122 ], [ -0.533681743690592, 51.659570343526781 ], [ -0.532777472950565, 51.660467305560147 ], [ -0.531736157124255, 51.661304814805341 ], [ -0.530567821865618, 51.662074802092967 ], [ -0.529283718352635, 51.662769848434884 ], [ -0.527896214953009, 51.663383256611226 ], [ -0.526418678043053, 51.663909115804579 ], [ -0.524865343130127, 51.664342358653712 ], [ -0.523251177525589, 51.664678810172333 ], [ -0.521591735899711, 51.664915228057325 ], [ -0.519903010121234, 51.66504933399434 ], [ -0.51820127484157, 51.665079835656314 ], [ -0.516502930326371, 51.665006439180488 ], [ -0.514824344064818, 51.664829852002939 ], [ -0.513181692699249, 51.664551776022925 ], [ -0.511590805814471, 51.664174891164009 ], [ -0.510067013107351, 51.663702829491555 ], [ -0.508624996423269, 51.663140140139653 ], [ -0.507278648097128, 51.662492245387881 ], [ -0.506040936973316, 51.661765388315928 ], [ -0.504923783402233, 51.660966572544645 ], [ -0.503937944421277, 51.660103494649412 ], [ -0.503092910226807, 51.659184469901589 ], [ -0.502396812931438, 51.658218352058846 ], [ -0.501856348479492, 51.657214447981502 ], [ -0.501476712463618, 51.656182427901804 ], [ -0.501261550449065, 51.655132232214235 ], [ -0.501212923270118, 51.65407397568741 ], [ -0.501331287617299, 51.653017850022273 ] ] ] } },
{ "type": "Feature", "properties": { "NLC": 547, "total_activity": 43497.499876009177, "log_total_activity": 10.680481730873147, "direction_balance": -0.26774714199301142, "post_2300_share": 0.23771784565007201, "midnight_share_common_window": 0.063625767986984799, "night_tube_extension_share": 0.1393069987219899, "post_0100_share": 0.077831046908891505, "common_window_persistence": 0.1066911739332579, "weekend_common_ratio": 0.96471511354619921, "volume_band": "high", "cluster": 3, "Station": "Clapham Common", "mode_label": "LU", "tot_entry": 15925.584300183176, "tot_exit": 27571.915575826009, "easting": 529504.8104, "northing": 175338.249199999, "lon": -0.13719253566731909, "lat": 51.462210512594631, "coord_source": "underground_stations_csv", "catchment_area_m2": 1537933.9773235163, "station_in_lnwc_extent": true }, "geometry": { "type": "Polygon", "coordinates": [ [ [ -0.126581806457124, 51.453699791367576 ], [ -0.127968134873721, 51.453091097465666 ], [ -0.129443246775887, 51.452570214006109 ], [ -0.130016415273482, 51.452411895724616 ], [ -0.153676053425281, 51.462722535999447 ], [ -0.153206268911176, 51.465428244296781 ], [ -0.138327539212154, 51.466289259123229 ], [ -0.125779243277109, 51.457398064043325 ], [ -0.12561255751122, 51.454221059718272 ], [ -0.126581806457124, 51.453699791367576 ] ] ] } },
{ "type": "Feature", "properties": { "NLC": 548, "total_activity": 28327.994884416548, "log_total_activity": 10.251641113353539, "direction_balance": -0.2926298914580393, "post_2300_share": 0.22221980913798259, "midnight_share_common_window": 0.059220419608575402, "night_tube_extension_share": 0.099770470345386997, "post_0100_share": 0.055271509488441901, "common_window_persistence": 0.098903730778598598, "weekend_common_ratio": 0.98666563510252336, "volume_band": "high", "cluster": 3, "Station": "Clapham North", "mode_label": "LU", "tot_entry": 10019.188408082928, "tot_exit": 18308.806476333611, "easting": 530038.9661, "northing": 175743.4515, "lon": -0.1293589507032176, "lat": 51.46572960060881, "coord_source": "underground_stations_csv", "catchment_area_m2": 560617.87230987614, "station_in_lnwc_extent": true }, "geometry": { "type": "Polygon", "coordinates": [ [ [ -0.125705118647492, 51.457603460079561 ], [ -0.132868072204256, 51.468842850680659 ], [ -0.130591798280775, 51.470553006111885 ], [ -0.120820640747668, 51.466605135953074 ], [ -0.125705118647492, 51.457603460079561 ] ] ] } },
{ "type": "Feature", "properties": { "NLC": 549, "total_activity": 28790.350817705537, "log_total_activity": 10.26783030218964, "direction_balance": -0.43638281583786992, "post_2300_share": 0.16991973282024109, "midnight_share_common_window": 0.047056821293357101, "night_tube_extension_share": 0.079392442712580405, "post_0100_share": 0.038033952883343297, "common_window_persistence": 0.072967912169252899, "weekend_common_ratio": 0.70203697327807879, "volume_band": "high", "cluster": 4, "Station": "Clapham South", "mode_label": "LU", "tot_entry": 8113.3682294575356, "tot_exit": 20676.982588248, "easting": 528834.0334, "northing": 174322.7074, "lon": -0.1472124126324337, "lat": 51.453236952455363, "coord_source": "underground_stations_csv", "catchment_area_m2": 2534245.6963379257, "station_in_lnwc_extent": true }, "geometry": { "type": "Polygon", "coordinates": [ [ [ -0.130078172517282, 51.451907185431558 ], [ -0.130369474706129, 51.450864302850917 ], [ -0.130822957574631, 51.449844280174574 ], [ -0.131434244089141, 51.448856938841239 ], [ -0.132197438855958, 51.447911785004202 ], [ -0.133105185218452, 51.447017918077293 ], [ -0.134148736361706, 51.446183943215466 ], [ -0.135318039730128, 51.445417888568052 ], [ -0.135639330889455, 51.445245017421328 ], [ -0.164268959244085, 51.451618103069862 ], [ -0.164432512387163, 51.452450131479601 ], [ -0.164473229349336, 51.453508479356827 ], [ -0.164387505481438, 51.45422951748413 ], [ -0.153676053425281, 51.462722535999447 ], [ -0.130017721017812, 51.452412465013637 ], [ -0.130078172517282, 51.451907185431558 ] ] ] } },
{ "type": "Feature", "properties": { "NLC": 550, "total_activity": 5979.6170225667611, "log_total_activity": 8.6962790226531119, "direction_balance": -0.50238430364847297, "post_2300_share": 0.1849075975190376, "midnight_share_common_window": 0.0553152549571614, "night_tube_extension_share": 0.079928455259030695, "post_0100_share": 0.041826674203191999, "common_window_persistence": 0.085342899740033604, "weekend_common_ratio": 0.92791990508954658, "volume_band": "low", "cluster": 4, "Station": "Cockfosters", "mode_label": "LU", "tot_entry": 1487.7756443000023, "tot_exit": 4491.8413782667594, "easting": 528140.5216, "northing": 196370.20560000101, "lon": -0.14916314678277609, "lat": 51.651528627657036, "coord_source": "underground_stations_csv", "catchment_area_m2": 3760349.8981097839, "station_in_lnwc_extent": true }, "geometry": { "type": "Polygon", "coordinates": [ [ [ -0.146212570130887, 51.640898645480412 ], [ -0.147901354078834, 51.640769915599819 ], [ -0.149602282111188, 51.640744773596531 ], [ -0.151298984971234, 51.640823461546255 ], [ -0.152975133941666, 51.641005222286168 ], [ -0.154614597659146, 51.641288306682029 ], [ -0.156201597050925, 51.641669990422571 ], [ -0.157720856917359, 51.642146600181427 ], [ -0.159157752715066, 51.642713548897476 ], [ -0.160498451139566, 51.643365379837434 ], [ -0.161730043163536, 51.644095819020698 ], [ -0.162840668256464, 51.644897835506647 ], [ -0.163819628593389, 51.645763708968609 ], [ -0.164657492153345, 51.646685103909185 ], [ -0.165346183711915, 51.647653149807518 ], [ -0.165879062845572, 51.648658526431213 ], [ -0.166250988187563, 51.649691553496282 ], [ -0.166458367304843, 51.650742283814836 ], [ -0.166499191701811, 51.651800599037138 ], [ -0.166373056598138, 51.652856307067502 ], [ -0.166081165273506, 51.653899240217406 ], [ -0.165626317920269, 51.654919353150447 ], [ -0.165012885094444, 51.65590681967511 ], [ -0.164246766004601, 51.656852127450975 ], [ -0.163335332025736, 51.657746169693709 ], [ -0.162287355969556, 51.658580332992017 ], [ -0.161112927782247, 51.659346580385836 ], [ -0.159823357474506, 51.660037528902109 ], [ -0.158431066214696, 51.660646520794515 ], [ -0.156949466633378, 51.661167687797516 ], [ -0.155392833494725, 51.661596007769162 ], [ -0.153776165986368, 51.661927353173461 ], [ -0.152115042962991, 51.662158530929929 ], [ -0.150425472549521, 51.662287313243404 ], [ -0.148723737566338, 51.662312459113856 ], [ -0.147026238280833, 51.662233726316913 ], [ -0.145349334016503, 51.662051873738861 ], [ -0.14370918516221, 51.66176865404325 ], [ -0.142121597120134, 51.661386796740828 ], [ -0.140601867711418, 51.660909981827828 ], [ -0.139164639523689, 51.660342804249375 ], [ -0.137823758634982, 51.659690729533793 ], [ -0.136592141084614, 51.658960041029829 ], [ -0.135481648384052, 51.658157779259355 ], [ -0.135121378219133, 51.657838953072023 ], [ -0.145307404046217, 51.641024622118735 ], [ -0.146212570130887, 51.640898645480412 ] ] ] } },
{ "type": "Feature", "properties": { "NLC": 551, "total_activity": 25842.767086211381, "log_total_activity": 10.159824732341027, "direction_balance": -0.55437733337546191, "post_2300_share": 0.15370085421079779, "midnight_share_common_window": 0.043593417222522302, "night_tube_extension_share": 0.063511978538344893, "post_0100_share": 0.0308122337034194, "common_window_persistence": 0.068169745387141101, "weekend_common_ratio": 0.76261875550728009, "volume_band": "high", "cluster": 4, "Station": "Colindale", "mode_label": "LU", "tot_entry": 5758.0613909571812, "tot_exit": 20084.705695254201, "easting": 521318.6301, "northing": 189961.52030000099, "lon": -0.2499380568695295, "lat": 51.595445394197213, "coord_source": "underground_stations_csv", "catchment_area_m2": 3596569.0740600149, "station_in_lnwc_extent": true }, "geometry": { "type": "Polygon", "coordinates": [ [ [ -0.23274708527674, 51.59413013545516 ], [ -0.233027252728171, 51.593122202791868 ], [ -0.243232955456048, 51.585510867730086 ], [ -0.243696027426668, 51.58538281397842 ], [ -0.245309336936116, 51.585050194709929 ], [ -0.24696719388858, 51.584817664756841 ], [ -0.248653642750514, 51.584687462074562 ], [ -0.250352453366862, 51.584660839818156 ], [ -0.252047276833683, 51.584738054303187 ], [ -0.253721802502819, 51.584918362540165 ], [ -0.255359914623609, 51.585200029365637 ], [ -0.256945847129938, 51.585580344102887 ], [ -0.258464335097884, 51.586055646593103 ], [ -0.259900761429869, 51.586621362349561 ], [ -0.261241297365135, 51.587272046499741 ], [ -0.262094137078218, 51.58777707036549 ], [ -0.266378252491113, 51.592193644100213 ], [ -0.247505517338186, 51.60611796742981 ], [ -0.246152504861154, 51.605972269242251 ], [ -0.2445137082961, 51.605690468330842 ], [ -0.242927187066319, 51.605309981191979 ], [ -0.241408228720048, 51.604834474609817 ], [ -0.239971468431238, 51.60426853091414 ], [ -0.238630747794413, 51.603617603737085 ], [ -0.237398981337855, 51.602887965365134 ], [ -0.236288032047769, 51.60208664619902 ], [ -0.235308597106106, 51.601221366909137 ], [ -0.234470104942984, 51.600300463945679 ], [ -0.233780624592361, 51.599332809125713 ], [ -0.233246788217862, 51.598327724076803 ], [ -0.232873727545779, 51.597294890365404 ], [ -0.232665024805737, 51.596244256179439 ], [ -0.23262267863751, 51.595185940466862 ], [ -0.23274708527674, 51.59413013545516 ] ] ] } },
{ "type": "Feature", "properties": { "NLC": 552, "total_activity": 23349.774336628721, "log_total_activity": 10.058385424715445, "direction_balance": -0.48508427167366452, "post_2300_share": 0.17321297136041899, "midnight_share_common_window": 0.048508024269824902, "night_tube_extension_share": 0.080538238074439703, "post_0100_share": 0.039441555017515603, "common_window_persistence": 0.075166674923443894, "weekend_common_ratio": 0.77124538220056316, "volume_band": "high", "cluster": 4, "Station": "Colliers Wood", "mode_label": "LU", "tot_entry": 6011.5830294003717, "tot_exit": 17338.191307228339, "easting": 526787.9528, "northing": 170368.2575, "lon": -0.17805799608697151, "lat": 51.418159716964162, "coord_source": "underground_stations_csv", "catchment_area_m2": 2699615.5404131301, "station_in_lnwc_extent": true }, "geometry": { "type": "Polygon", "coordinates": [ [ [ -0.160935841801075, 51.416834574147295 ], [ -0.161226199676264, 51.415791599707887 ], [ -0.16167863104262, 51.414771441521665 ], [ -0.162288769006048, 51.413783922338894 ], [ -0.163050729242282, 51.412838550032184 ], [ -0.163957166987103, 51.411944426125928 ], [ -0.164999348026322, 51.411110158255987 ], [ -0.166167232992117, 51.410343777399021 ], [ -0.167449574146928, 51.409652660663454 ], [ -0.168834023719086, 51.409043460380531 ], [ -0.170307252746326, 51.40852204017304 ], [ -0.171855079285455, 51.408093418612772 ], [ -0.173462604759452, 51.40776172100324 ], [ -0.175114357137812, 51.407530139749248 ], [ -0.176794439582812, 51.407400903689833 ], [ -0.178486683143887, 51.407375256687615 ], [ -0.179394793790782, 51.407417320909559 ], [ -0.181219323092543, 51.408180178753796 ], [ -0.190282250626816, 51.425222821963658 ], [ -0.185394581823137, 51.427749777623177 ], [ -0.160814132117591, 51.417988482613033 ], [ -0.160810364451717, 51.417890321736223 ], [ -0.160935841801075, 51.416834574147295 ] ] ] } },
{ "type": "Feature", "properties": { "NLC": 553, "total_activity": 61910.546917216605, "log_total_activity": 11.033461982749603, "direction_balance": 0.35735070273211511, "post_2300_share": 0.095951278499280104, "midnight_share_common_window": 0.021195853104322399, "night_tube_extension_share": 0.019295901334688802, "post_0100_share": 0.0102686880221988, "common_window_persistence": 0.033678617123799, "weekend_common_ratio": 1.0410102719553331, "volume_band": "high", "cluster": 1, "Station": "Covent Garden", "mode_label": "LU", "tot_entry": 42017.16218230674, "tot_exit": 19893.384734909847, "easting": 530250.6062, "northing": 181025.0034, "lon": -0.1243670278686055, "lat": 51.513144508444505, "coord_source": "underground_stations_csv", "catchment_area_m2": 284915.12177938229, "station_in_lnwc_extent": true }, "geometry": { "type": "Polygon", "coordinates": [ [ [ -0.128407084058492, 51.514100106382877 ], [ -0.125272594452088, 51.516360555582608 ], [ -0.118282808835852, 51.513935903749562 ], [ -0.120009424096176, 51.510787957183339 ], [ -0.123998588062133, 51.510188404561035 ], [ -0.128407084058492, 51.514100106382877 ] ] ] } },
{ "type": "Feature", "properties": { "NLC": 554, "total_activity": 2828.076169495092, "log_total_activity": 7.9477054954690098, "direction_balance": -0.68758411555091725, "post_2300_share": 0.14215693561008449, "midnight_share_common_window": 0.0621758891135498, "night_tube_extension_share": 0.0131443810713847, "post_0100_share": 0.0075312244183112003, "common_window_persistence": 0.088757927596192707, "weekend_common_ratio": 0.55152872774829587, "volume_band": "low", "cluster": 0, "Station": "Croxley", "mode_label": "LU", "tot_entry": 441.76795889109161, "tot_exit": 2386.3082106039988, "easting": 507909.4599, "northing": 195402.8332, "lon": -0.44176805492340049, "lat": 51.647077178580098, "coord_source": "underground_stations_csv", "catchment_area_m2": 4191966.0322920294, "station_in_lnwc_extent": false }, "geometry": { "type": "Polygon", "coordinates": [ [ [ -0.424551447919317, 51.645789822129842 ], [ -0.424837363210047, 51.644746197071989 ], [ -0.425286304571999, 51.64372503080795 ], [ -0.425893938534584, 51.642736155817325 ], [ -0.426654404702207, 51.641789093041304 ], [ -0.427560372521173, 51.64089296028569 ], [ -0.428243782937955, 51.640344674022437 ], [ -0.44581960554822, 51.636596012216486 ], [ -0.447153292270939, 51.636822742330033 ], [ -0.448742673234673, 51.637200489463609 ], [ -0.450264928983508, 51.63767333628909 ], [ -0.451705406219042, 51.638236731956241 ], [ -0.453050237255215, 51.638885253929296 ], [ -0.454286473383451, 51.639612660083174 ], [ -0.455402209469955, 51.640411948684374 ], [ -0.456386698589309, 51.641275425683801 ], [ -0.456458647375684, 51.641353822356443 ], [ -0.459005000837105, 51.645990794321612 ], [ -0.459057376826373, 51.646247674902952 ], [ -0.459105017289352, 51.647305942044149 ], [ -0.458985690039914, 51.64836201811972 ], [ -0.458700532778474, 51.649405731943098 ], [ -0.458252280805406, 51.650427030703874 ], [ -0.457645241098473, 51.651416076830714 ], [ -0.456885251216363, 51.652363342805735 ], [ -0.45597962340938, 51.653259703014299 ], [ -0.454937074462853, 51.65409652174209 ], [ -0.453767641938698, 51.654865736467585 ], [ -0.45248258761448, 51.655559935643197 ], [ -0.451094289045779, 51.656172430210489 ], [ -0.449616120295409, 51.656697318155629 ], [ -0.448062322980718, 51.657129541478149 ], [ -0.446447868886745, 51.657464935019341 ], [ -0.444788315477254, 51.657700266675405 ], [ -0.443099655706805, 51.65783326860457 ], [ -0.441398163594141, 51.657862659124127 ], [ -0.439700237059734, 51.657788155084575 ], [ -0.438022239557788, 51.657610474600482 ], [ -0.436380342045096, 51.65733133011156 ], [ -0.434790366825696, 51.656953411841734 ], [ -0.434731410212309, 51.656935097002581 ], [ -0.424466278077606, 51.647635710882248 ], [ -0.424431323130818, 51.646845856582324 ], [ -0.424551447919317, 51.645789822129842 ] ] ] } },
{ "type": "Feature", "properties": { "NLC": 555, "total_activity": 9097.9094687147517, "log_total_activity": 9.1159098467209478, "direction_balance": -0.51833178360252852, "post_2300_share": 0.1146189413059816, "midnight_share_common_window": 0.038373754398725299, "night_tube_extension_share": 0.017980874892881599, "post_0100_share": 0.0105765622535204, "common_window_persistence": 0.055614978153278198, "weekend_common_ratio": 0.70317523260555082, "volume_band": "medium", "cluster": 0, "Station": "Dagenham East", "mode_label": "LU", "tot_entry": 2191.0869133707506, "tot_exit": 6906.8225553440025, "easting": 550293.9749, "northing": 185030.270500001, "lon": 0.16597604681459349, "lat": 51.544160436228381, "coord_source": "underground_stations_csv", "catchment_area_m2": 3740622.4314718447, "station_in_lnwc_extent": true }, "geometry": { "type": "Polygon", "coordinates": [ [ [ 0.183133775923617, 51.542784614043768 ], [ 0.182834702327906, 51.541742620017594 ], [ 0.182373297413635, 51.540723920796509 ], [ 0.181754014490291, 51.539738325025176 ], [ 0.180982825916219, 51.538795322001775 ], [ 0.180067165262015, 51.537903990388166 ], [ 0.179015855467891, 51.537072910891624 ], [ 0.177839023696536, 51.536310083754927 ], [ 0.176548003708323, 51.535622851844337 ], [ 0.175155226702602, 51.535017830071077 ], [ 0.173674101676661, 51.534500841820872 ], [ 0.172118886451512, 51.534076862998418 ], [ 0.170504550600395, 51.533749974220889 ], [ 0.168846631590862, 51.53352332161635 ], [ 0.167161085514098, 51.533399086601513 ], [ 0.165464133825072, 51.533378464925768 ], [ 0.163772107553926, 51.533461655182649 ], [ 0.162101290472343, 51.533647856897254 ], [ 0.160467762708273, 51.533935278208787 ], [ 0.159867945917358, 51.534081723618932 ], [ 0.15362576331883, 51.551696295403765 ], [ 0.154108989173454, 51.552009626135039 ], [ 0.155400149724218, 51.552697101811212 ], [ 0.156793218712041, 51.553302353270979 ], [ 0.15827477591894, 51.553819548301966 ], [ 0.159830546915425, 51.554243703052954 ], [ 0.161445540770284, 51.554570730146004 ], [ 0.163104194729244, 51.55479747813753 ], [ 0.16479052445742, 51.554921761945288 ], [ 0.166488278384553, 51.554942383944713 ], [ 0.16818109465093, 51.554859145529896 ], [ 0.169852659125792, 51.554672849026403 ], [ 0.171486862959274, 51.554385289937663 ], [ 0.173067958133722, 51.553999239600898 ], [ 0.174580709500369, 51.553518418421042 ], [ 0.176010541822762, 51.552947459943958 ], [ 0.177343680398487, 51.552291866118402 ], [ 0.178567283895152, 51.551557954182101 ], [ 0.179669568114513, 51.550752795688148 ], [ 0.180639919489194, 51.549884148264454 ], [ 0.181406244098699, 51.549030302473327 ], [ 0.183236553384587, 51.544846470043822 ], [ 0.183267627201443, 51.543839869270244 ], [ 0.183133775923617, 51.542784614043768 ] ] ] } },
{ "type": "Feature", "properties": { "NLC": 556, "total_activity": 16823.395199294089, "log_total_activity": 9.7305852073167074, "direction_balance": -0.5327266368385597, "post_2300_share": 0.110738426612023, "midnight_share_common_window": 0.039902580420400603, "night_tube_extension_share": 0.0164868610889757, "post_0100_share": 0.010450185988125599, "common_window_persistence": 0.058127452083288497, "weekend_common_ratio": 0.65560071981034584, "volume_band": "medium", "cluster": 0, "Station": "Dagenham Heathway", "mode_label": "LU", "tot_entry": 3930.5622272840906, "tot_exit": 12892.832972010005, "easting": 549022.5413, "northing": 184709.7413, "lon": 0.14751917346847759, "lat": 51.541617327806051, "coord_source": "underground_stations_csv", "catchment_area_m2": 3074293.5006770589, "station_in_lnwc_extent": true }, "geometry": { "type": "Polygon", "coordinates": [ [ [ 0.159384734553103, 51.533768809971157 ], [ 0.158094059624673, 51.533081370557106 ], [ 0.156701599470433, 51.532476125625635 ], [ 0.155220760043975, 51.531958900710848 ], [ 0.153665796423211, 51.531534673995345 ], [ 0.15205167576501, 51.531207528481794 ], [ 0.150393933470297, 51.53098061276873 ], [ 0.14870852393305, 51.530856110804017 ], [ 0.147011667296622, 51.530835220905189 ], [ 0.145319693677633, 51.530918144245973 ], [ 0.143648886341057, 51.531104082919072 ], [ 0.142015325319825, 51.53139124759403 ], [ 0.140434732968244, 51.5317768746973 ], [ 0.138922322920791, 51.532257252950885 ], [ 0.138839844466425, 51.532290166639534 ], [ 0.136021932233169, 51.54966308241476 ], [ 0.136940346971243, 51.550152365319434 ], [ 0.138333098568252, 51.550757839989281 ], [ 0.139814369662607, 51.55127527177455 ], [ 0.141369888587641, 51.55169967454276 ], [ 0.142984666846456, 51.55202695852558 ], [ 0.144643143766902, 51.552253969803253 ], [ 0.146329336723739, 51.552378520755369 ], [ 0.148026995467232, 51.552399411181817 ], [ 0.149719759056231, 51.552316439888649 ], [ 0.151391313867649, 51.552130406625949 ], [ 0.153025551143507, 51.551843104359115 ], [ 0.153625622934924, 51.551696691397098 ], [ 0.159867805637525, 51.53408211961959 ], [ 0.159384734553103, 51.533768809971157 ] ] ] } },
{ "type": "Feature", "properties": { "NLC": 557, "total_activity": 5783.6556596935006, "log_total_activity": 8.6629641148991716, "direction_balance": -0.49365240594178189, "post_2300_share": 0.13146425207322829, "midnight_share_common_window": 0.046140738316317903, "night_tube_extension_share": 0.0210613801057443, "post_0100_share": 0.013109034321558801, "common_window_persistence": 0.0662204824509776, "weekend_common_ratio": 0.59911314766120061, "volume_band": "low", "cluster": 0, "Station": "Debden", "mode_label": "LU", "tot_entry": 1464.2700640735002, "tot_exit": 4319.3855956199986, "easting": 544272.9229, "northing": 196121.78209999899, "lon": 0.083766896562363205, "lat": 51.645391879390402, "coord_source": "underground_stations_csv", "catchment_area_m2": 4350555.4107738826, "station_in_lnwc_extent": false }, "geometry": { "type": "Polygon", "coordinates": [ [ [ 0.10096557288553, 51.644027647265737 ], [ 0.100667641700296, 51.642985447039557 ], [ 0.100206973849289, 51.64196643205301 ], [ 0.099588015619204, 51.640980413996047 ], [ 0.09881673631407, 51.640036886234462 ], [ 0.097900570445271, 51.639144932480662 ], [ 0.096848345877279, 51.638313139427083 ], [ 0.095670198630834, 51.637549514178716 ], [ 0.09437747517099, 51.636861407275418 ], [ 0.092982623124688, 51.636255442040039 ], [ 0.091499071480647, 51.635737450927458 ], [ 0.089941101422339, 51.635312419482403 ], [ 0.088323709031773, 51.634984438440718 ], [ 0.086662461177123, 51.634756664431315 ], [ 0.084973345960273, 51.6346312896531 ], [ 0.083272619150522, 51.63460952081617 ], [ 0.081576648067752, 51.634691567548131 ], [ 0.079901754401865, 51.634876640375957 ], [ 0.078264057465127, 51.635162958302828 ], [ 0.076679319370146, 51.635547765908115 ], [ 0.075162793608582, 51.636027359807684 ], [ 0.073729078474383, 51.636597124222583 ], [ 0.07239197673081, 51.637251575317599 ], [ 0.071649154550943, 51.637695016091634 ], [ 0.067451477576989, 51.649017906810442 ], [ 0.067942656502598, 51.649801243001797 ], [ 0.068713471931996, 51.650744977386047 ], [ 0.069629311689914, 51.651637161025498 ], [ 0.070681360444145, 51.652469198393355 ], [ 0.071859488930381, 51.653233072995818 ], [ 0.073152351404517, 51.653921424710454 ], [ 0.074547494897379, 51.654527620806483 ], [ 0.076031479220127, 51.655045819957131 ], [ 0.077590006561692, 51.655471028622927 ], [ 0.079208059423984, 51.655799149257518 ], [ 0.080870045557265, 51.656027019867473 ], [ 0.082559948488015, 51.656152444541661 ], [ 0.084261482175524, 51.656174214652438 ], [ 0.085958248292042, 51.656092120523283 ], [ 0.087633894594958, 51.65590695344865 ], [ 0.089272272848582, 51.655620498047213 ], [ 0.090857594757675, 51.655235515022682 ], [ 0.09237458439493, 51.654755714500475 ], [ 0.093808625639919, 51.654185720199877 ], [ 0.095145903197128, 51.653531024790553 ], [ 0.096373535825152, 51.652797936867692 ], [ 0.097479700487014, 51.651993520061346 ], [ 0.098453746222302, 51.651125524871688 ], [ 0.099286296644113, 51.650202313891832 ], [ 0.099969340076686, 51.649232781143716 ], [ 0.100496306471988, 51.648226266308662 ], [ 0.100862130373694, 51.647192464683179 ], [ 0.101063299334164, 51.646141333730817 ], [ 0.101097887332203, 51.645082997133152 ], [ 0.10096557288553, 51.644027647265737 ] ] ] } },
{ "type": "Feature", "properties": { "NLC": 558, "total_activity": 12178.695248356938, "log_total_activity": 9.4075255202905161, "direction_balance": -0.4447627713722031, "post_2300_share": 0.15973255912774309, "midnight_share_common_window": 0.044358628105476403, "night_tube_extension_share": 0.069323302146188495, "post_0100_share": 0.033867440731310101, "common_window_persistence": 0.069366227769846397, "weekend_common_ratio": 0.8291478407238001, "volume_band": "medium", "cluster": 4, "Station": "Dollis Hill", "mode_label": "LU", "tot_entry": 3381.0324990001118, "tot_exit": 8797.6627493568303, "easting": 522189.8506, "northing": 185144.020099999, "lon": -0.23904076572437891, "lat": 51.551961940990857, "coord_source": "underground_stations_csv", "catchment_area_m2": 2291547.005529969, "station_in_lnwc_extent": true }, "geometry": { "type": "Polygon", "coordinates": [ [ [ -0.235202949658244, 51.541456273484982 ], [ -0.245268592133431, 51.542563503852477 ], [ -0.249548143455513, 51.544694666737378 ], [ -0.240123161831851, 51.56272311109182 ], [ -0.238624178426469, 51.562746490522791 ], [ -0.236930199476409, 51.562669089846118 ], [ -0.235256561585569, 51.562488549710324 ], [ -0.233619393636376, 51.562206610121578 ], [ -0.23203447228614, 51.561825988243619 ], [ -0.230517069650963, 51.561350352155713 ], [ -0.229081805901708, 51.560784285431431 ], [ -0.227742508204137, 51.560133242883424 ], [ -0.227156321086025, 51.559785591012051 ], [ -0.234602713173212, 51.541540488409254 ], [ -0.235202949658244, 51.541456273484982 ] ] ] } },
{ "type": "Feature", "properties": { "NLC": 559, "total_activity": 9824.2325053553159, "log_total_activity": 9.1927091011246684, "direction_balance": -0.18950723873192399, "post_2300_share": 0.18234910047001079, "midnight_share_common_window": 0.073931503568095094, "night_tube_extension_share": 0.012673360968841, "post_0100_share": 0.0080856173460324005, "common_window_persistence": 0.1226463211823714, "weekend_common_ratio": 0.87035227383276259, "volume_band": "medium", "cluster": 3, "Station": "West Silvertown", "mode_label": "DLR", "tot_entry": 3981.2346653025079, "tot_exit": 5842.9978400528007, "easting": 540490.0, "northing": 180152.0, "lon": 0.02275, "lat": 51.50285, "coord_source": "naptan_rse_tmu", "catchment_area_m2": 1366896.0415996525, "station_in_lnwc_extent": true }, "geometry": { "type": "Polygon", "coordinates": [ [ [ 0.025650554354431, 51.49221481899869 ], [ 0.023966869193737, 51.492088504091875 ], [ 0.022271460867389, 51.492065792684599 ], [ 0.020580645571174, 51.492146903472943 ], [ 0.018910695431498, 51.492331055985083 ], [ 0.017277682231626, 51.492616478071966 ], [ 0.016367270288855, 51.492837664058619 ], [ 0.012753845537121, 51.504065931308048 ], [ 0.023108729297984, 51.506671065487694 ], [ 0.028303741198446, 51.505318215398127 ], [ 0.027143173869591, 51.492420989129393 ], [ 0.025650554354431, 51.49221481899869 ] ] ] } },
{ "type": "Feature", "properties": { "NLC": 560, "total_activity": 68851.427652816972, "log_total_activity": 11.139720763561572, "direction_balance": -0.38075545262842858, "post_2300_share": 0.13857965935157471, "midnight_share_common_window": 0.033119433499007797, "night_tube_extension_share": 0.065156499992231304, "post_0100_share": 0.032675147255703897, "common_window_persistence": 0.049221002019312197, "weekend_common_ratio": 0.87742219173681557, "volume_band": "high", "cluster": 4, "Station": "Ealing Broadway", "mode_label": "EZL,LU", "tot_entry": 21317.93557637756, "tot_exit": 47533.492076439412, "easting": 517989.3481, "northing": 180932.526699999, "lon": -0.30100554864828499, "lat": 51.515004541097582, "coord_source": "underground_stations_csv", "catchment_area_m2": 1802460.8574140791, "station_in_lnwc_extent": true }, "geometry": { "type": "Polygon", "coordinates": [ [ [ -0.311663112509895, 51.52349980497268 ], [ -0.31027702253864, 51.524110666757615 ], [ -0.308801590292371, 51.524633817159703 ], [ -0.307760692326723, 51.524922748459204 ], [ -0.298409409265524, 51.522928650956985 ], [ -0.293402646134316, 51.513348339379895 ], [ -0.300100335738476, 51.507206364259865 ], [ -0.309430061102837, 51.508880511468703 ], [ -0.31219561520747, 51.523212401519139 ], [ -0.311663112509895, 51.52349980497268 ] ] ] } },
{ "type": "Feature", "properties": { "NLC": 561, "total_activity": 7314.526526185191, "log_total_activity": 8.8977542898365485, "direction_balance": -0.3677702820450609, "post_2300_share": 0.1386777673160233, "midnight_share_common_window": 0.0457638196424646, "night_tube_extension_share": 0.020313292584541301, "post_0100_share": 0.012482917074325601, "common_window_persistence": 0.070043726214617297, "weekend_common_ratio": 0.72906286774295415, "volume_band": "low", "cluster": 4, "Station": "Ealing Common", "mode_label": "LU", "tot_entry": 2312.2305213119907, "tot_exit": 5002.2960048732011, "easting": 518895.9685, "northing": 180345.99620000101, "lon": -0.28814377331699448, "lat": 51.509543255669932, "coord_source": "underground_stations_csv", "catchment_area_m2": 1269379.7780627401, "station_in_lnwc_extent": true }, "geometry": { "type": "Polygon", "coordinates": [ [ [ -0.275531849124743, 51.510014882290484 ], [ -0.293745646039192, 51.501662378009172 ], [ -0.300100335738476, 51.507206364259865 ], [ -0.293402646134316, 51.513348339379895 ], [ -0.284227110344121, 51.513654939436222 ], [ -0.275473955369918, 51.510750346696987 ], [ -0.275531849124743, 51.510014882290484 ] ] ] } },
{ "type": "Feature", "properties": { "NLC": 562, "total_activity": 70999.694962988986, "log_total_activity": 11.170444944186659, "direction_balance": -0.2213915787620436, "post_2300_share": 0.1442311040354064, "midnight_share_common_window": 0.037571694813925, "night_tube_extension_share": 0.038496640795028098, "post_0100_share": 0.019107305721495899, "common_window_persistence": 0.061183920088569502, "weekend_common_ratio": 0.9655753231799572, "volume_band": "high", "cluster": 4, "Station": "Earl's Court", "mode_label": "LU", "tot_entry": 27640.480201754675, "tot_exit": 43359.214761234303, "easting": 525534.3012, "northing": 178551.8071, "lon": -0.19317540262977839, "lat": 51.49198454803539, "coord_source": "underground_stations_csv", "catchment_area_m2": 637520.21523374273, "station_in_lnwc_extent": true }, "geometry": { "type": "Polygon", "coordinates": [ [ [ -0.200509998941996, 51.496172270525861 ], [ -0.200182037137714, 51.496548974942314 ], [ -0.190413285562333, 51.496113141580679 ], [ -0.184693785650975, 51.487710149899819 ], [ -0.199112958981512, 51.490572694161088 ], [ -0.200509998941996, 51.496172270525861 ] ] ] } },
{ "type": "Feature", "properties": { "NLC": 563, "total_activity": 13792.352531971352, "log_total_activity": 9.5319420545085141, "direction_balance": -0.34787365755811839, "post_2300_share": 0.1493712943731498, "midnight_share_common_window": 0.042999690979463399, "night_tube_extension_share": 0.0642987617570034, "post_0100_share": 0.030505759887629699, "common_window_persistence": 0.065371056327877403, "weekend_common_ratio": 0.76858273306795433, "volume_band": "medium", "cluster": 4, "Station": "East Acton", "mode_label": "LU", "tot_entry": 4497.1782051717528, "tot_exit": 9295.1743267996062, "easting": 521720.9991, "northing": 181197.769, "lon": -0.24716252199343641, "lat": 51.516597450540978, "coord_source": "underground_stations_csv", "catchment_area_m2": 2342328.7658321103, "station_in_lnwc_extent": true }, "geometry": { "type": "Polygon", "coordinates": [ [ [ -0.244196993842815, 51.505969568405234 ], [ -0.24588053083975, 51.505839376420099 ], [ -0.246443050351286, 51.505830552602227 ], [ -0.257242226288064, 51.514372960655173 ], [ -0.257048974588057, 51.517596436843817 ], [ -0.247062314474242, 51.524576737795265 ], [ -0.23630599964168, 51.523890667326839 ], [ -0.232348243985459, 51.521390483706988 ], [ -0.237704687366667, 51.510589217439829 ], [ -0.243562657633455, 51.506058693318245 ], [ -0.244196993842815, 51.505969568405234 ] ] ] } },
{ "type": "Feature", "properties": { "NLC": 564, "total_activity": 7595.2165392428606, "log_total_activity": 8.9354055785351889, "direction_balance": -0.54655466144628961, "post_2300_share": 0.123602646811519, "midnight_share_common_window": 0.041551494151448001, "night_tube_extension_share": 0.015739178026018898, "post_0100_share": 0.0085379581989842995, "common_window_persistence": 0.060084914082869298, "weekend_common_ratio": 0.63569369241077089, "volume_band": "low", "cluster": 0, "Station": "Eastcote", "mode_label": "LU", "tot_entry": 1722.00776751286, "tot_exit": 5873.2087717300046, "easting": 511153.3473, "northing": 187621.8123, "lon": -0.39736801686353979, "lat": 51.576511969832765, "coord_source": "underground_stations_csv", "catchment_area_m2": 3012308.8508042959, "station_in_lnwc_extent": true }, "geometry": { "type": "Polygon", "coordinates": [ [ [ -0.38539855805499, 51.568717810558326 ], [ -0.386682139081135, 51.568024323397225 ], [ -0.38806857383107, 51.567412565874122 ], [ -0.389544514175292, 51.566888426208429 ], [ -0.391027402629098, 51.566475961133492 ], [ -0.398100027149954, 51.566685592030709 ], [ -0.400526299533333, 51.567485073641677 ], [ -0.409555356954731, 51.584164258846009 ], [ -0.409341569357089, 51.584304932963931 ], [ -0.408057863586054, 51.584998665170154 ], [ -0.406671151567082, 51.585610654831626 ], [ -0.405194792084959, 51.586135004808099 ], [ -0.403643009324171, 51.586566662291524 ], [ -0.402030755650266, 51.586901467584077 ], [ -0.400373567308613, 51.587136194258342 ], [ -0.398687414441867, 51.587268580309228 ], [ -0.396988546884385, 51.587297349994415 ], [ -0.395967051905183, 51.587252085025298 ], [ -0.383542355768602, 51.582461965119144 ], [ -0.385334898384155, 51.568759686297668 ], [ -0.38539855805499, 51.568717810558326 ] ] ] } },
{ "type": "Feature", "properties": { "NLC": 565, "total_activity": 21695.417960667291, "log_total_activity": 9.9849024549658516, "direction_balance": -0.50422482253053025, "post_2300_share": 0.1397843706535358, "midnight_share_common_window": 0.037855902385983999, "night_tube_extension_share": 0.0435180866208425, "post_0100_share": 0.0205432404861393, "common_window_persistence": 0.056895092546951097, "weekend_common_ratio": 0.69294264745298217, "volume_band": "high", "cluster": 4, "Station": "East Finchley", "mode_label": "LU", "tot_entry": 5378.024844862076, "tot_exit": 16317.393115805224, "easting": 527221.696, "northing": 189183.6545, "lon": -0.16504412190393461, "lat": 51.587154020260137, "coord_source": "underground_stations_csv", "catchment_area_m2": 4069043.0726155285, "station_in_lnwc_extent": true }, "geometry": { "type": "Polygon", "coordinates": [ [ [ -0.163779968595676, 51.576395347015378 ], [ -0.165478487842289, 51.576369950953513 ], [ -0.167172827800994, 51.576448386973105 ], [ -0.168846682469024, 51.57662990033382 ], [ -0.17048394254035, 51.576912744278665 ], [ -0.17206885013133, 51.577294196805575 ], [ -0.173586150160454, 51.577770586807503 ], [ -0.175021236938774, 51.578337329331546 ], [ -0.176360294571747, 51.578988969621555 ], [ -0.17759042983026, 51.579719235524422 ], [ -0.178699796218297, 51.580521097759927 ], [ -0.179677708046307, 51.581386837479087 ], [ -0.180514743412282, 51.582308120465648 ], [ -0.181202835096032, 51.583276077271066 ], [ -0.181735348485364, 51.584281388516622 ], [ -0.182107145774686, 51.585314374545028 ], [ -0.182314635806152, 51.586365088562395 ], [ -0.18235580905951, 51.587423412376424 ], [ -0.182230257438119, 51.588479153810802 ], [ -0.181939178643962, 51.58952214485906 ], [ -0.181485365082429, 51.590542339632378 ], [ -0.180873177386829, 51.591529911157487 ], [ -0.180108502801562, 51.592475346090225 ], [ -0.17919869881017, 51.593369536429798 ], [ -0.178152522538634, 51.594203867347204 ], [ -0.176980046603749, 51.594970300276863 ], [ -0.175692562209901, 51.595661450467169 ], [ -0.17430247042354, 51.596270658237458 ], [ -0.172823162671811, 51.596792053250034 ], [ -0.171268891618992, 51.597220611172965 ], [ -0.169654633670259, 51.597552202183003 ], [ -0.167995944436011, 51.597783630837256 ], [ -0.166308808560407, 51.597912666925531 ], [ -0.164609485374328, 51.597938067003284 ], [ -0.162914351874833, 51.597859586395877 ], [ -0.161239744560023, 51.597677981557169 ], [ -0.159601801659727, 51.597395002759605 ], [ -0.158016307298327, 51.597013377187515 ], [ -0.15649853910659, 51.596536782598001 ], [ -0.155063120764686, 51.595969811806178 ], [ -0.15372388090896, 51.595317928340371 ], [ -0.152493719771234, 51.594587413698818 ], [ -0.15138448484204, 51.593785306720598 ], [ -0.150406856759031, 51.592919335660049 ], [ -0.149570246520049, 51.591997843623744 ], [ -0.14888270500789, 51.591029708093849 ], [ -0.148350845691957, 51.590024255317402 ], [ -0.147979781242174, 51.588991170390635 ], [ -0.147899298153437, 51.5885820503605 ], [ -0.163619640839736, 51.576407611041198 ], [ -0.163779968595676, 51.576395347015378 ] ] ] } },
{ "type": "Feature", "properties": { "NLC": 566, "total_activity": 44681.423740799997, "log_total_activity": 10.707335498372538, "direction_balance": -0.45811685849904621, "post_2300_share": 0.14091493797299631, "midnight_share_common_window": 0.052405189109091102, "night_tube_extension_share": 0.0198470906701383, "post_0100_share": 0.012990760735002599, "common_window_persistence": 0.081512899181037601, "weekend_common_ratio": 0.80032622841972667, "volume_band": "high", "cluster": 4, "Station": "East Ham", "mode_label": "LU", "tot_entry": 12106.05513170001, "tot_exit": 32575.368609100002, "easting": 542463.3563, "northing": 184275.4352, "lon": 0.052826568311649003, "lat": 51.539407099138067, "coord_source": "underground_stations_csv", "catchment_area_m2": 2796396.1762713571, "station_in_lnwc_extent": true }, "geometry": { "type": "Polygon", "coordinates": [ [ [ 0.065882976460755, 51.532331971878847 ], [ 0.064708129315849, 51.53156798677503 ], [ 0.063418914979949, 51.530879488741782 ], [ 0.06202774730982, 51.530273104881424 ], [ 0.060548019848953, 51.529754671691435 ], [ 0.058993977000458, 51.529329178982969 ], [ 0.057380577083196, 51.529000721940797 ], [ 0.055723348580864, 51.528772461781941 ], [ 0.054038240956692, 51.528646595388402 ], [ 0.052341471456581, 51.528624334203229 ], [ 0.050649369360514, 51.528705892591226 ], [ 0.049017809829194, 51.528886112931524 ], [ 0.041326519106519, 51.541972374492246 ], [ 0.057405900265732, 51.547493498147155 ], [ 0.062294059630642, 51.548420733336407 ], [ 0.062838455017414, 51.548204060739813 ], [ 0.064173120535699, 51.547549736554259 ], [ 0.065398454045764, 51.546816986232912 ], [ 0.06620857295141, 51.546227034086556 ], [ 0.066800246207658, 51.533059482757238 ], [ 0.065882976460755, 51.532331971878847 ] ] ] } },
{ "type": "Feature", "properties": { "NLC": 567, "total_activity": 24259.95488002399, "log_total_activity": 10.096623541988244, "direction_balance": -0.43249274496805801, "post_2300_share": 0.1223129790429619, "midnight_share_common_window": 0.035994879929688701, "night_tube_extension_share": 0.0085491510289043993, "post_0100_share": 0.0045330075685678, "common_window_persistence": 0.053175284180739198, "weekend_common_ratio": 0.71423364557754199, "volume_band": "high", "cluster": 4, "Station": "East Putney", "mode_label": "LU", "tot_entry": 6883.8502005805894, "tot_exit": 17376.104679443401, "easting": 524381.7165, "northing": 174869.93, "lon": -0.21106368228054331, "lat": 51.459149587092405, "coord_source": "underground_stations_csv", "catchment_area_m2": 2951421.2223161459, "station_in_lnwc_extent": true }, "geometry": { "type": "Polygon", "coordinates": [ [ [ -0.193925143392982, 51.457829115813972 ], [ -0.19421503521007, 51.456786061810888 ], [ -0.194667162801203, 51.455765779864642 ], [ -0.195277162167591, 51.454778093919145 ], [ -0.196039150290616, 51.453832513453449 ], [ -0.196212635216486, 51.453661377865124 ], [ -0.221494548959091, 51.45056777825576 ], [ -0.22233948325725, 51.450979546164504 ], [ -0.223566971219697, 51.451709319202692 ], [ -0.224674104180466, 51.452510741365607 ], [ -0.225650217991435, 51.453376098027285 ], [ -0.226485908113968, 51.454297058647605 ], [ -0.227173120344165, 51.455264756872396 ], [ -0.227705228611335, 51.456269875805958 ], [ -0.228077099091595, 51.457302737639253 ], [ -0.22828514000759, 51.458353396774122 ], [ -0.228327336621021, 51.459411735549907 ], [ -0.228203271065571, 51.460467561652791 ], [ -0.227914126812698, 51.461510706270509 ], [ -0.227462677710354, 51.462531122047743 ], [ -0.226853261683388, 51.463518979897536 ], [ -0.226091739333014, 51.464464763734654 ], [ -0.225302275126624, 51.46524403602308 ], [ -0.194489945809179, 51.462159038454487 ], [ -0.194420095666617, 51.46202691377438 ], [ -0.194048952095384, 51.460993953066478 ], [ -0.193841688560638, 51.459943241246876 ], [ -0.19380028992636, 51.458884898000825 ], [ -0.193925143392982, 51.457829115813972 ] ] ] } },
{ "type": "Feature", "properties": { "NLC": 568, "total_activity": 14952.379218758941, "log_total_activity": 9.6126925879764311, "direction_balance": -0.52274254609068271, "post_2300_share": 0.14742388946191409, "midnight_share_common_window": 0.041580229693593297, "night_tube_extension_share": 0.067380599995006493, "post_0100_share": 0.031441042824618702, "common_window_persistence": 0.061805119688851801, "weekend_common_ratio": 0.82508415823475378, "volume_band": "medium", "cluster": 4, "Station": "Edgware", "mode_label": "LU", "tot_entry": 3568.0672179157391, "tot_exit": 11384.312000843192, "easting": 519550.4974, "northing": 191940.4673, "lon": -0.27477777123740049, "lat": 51.61360827412279, "coord_source": "underground_stations_csv", "catchment_area_m2": 3241701.377997777, "station_in_lnwc_extent": true }, "geometry": { "type": "Polygon", "coordinates": [ [ [ -0.257517061428103, 51.612825680968747 ], [ -0.279789187349951, 51.604183196251583 ], [ -0.289146599100072, 51.616429912663769 ], [ -0.28624364669398, 51.621680504920974 ], [ -0.285453037570773, 51.622105951180188 ], [ -0.284063568758891, 51.622716462372502 ], [ -0.282584619449358, 51.623239242249831 ], [ -0.281030438824712, 51.623669253131133 ], [ -0.279416002397707, 51.624002351185929 ], [ -0.277756867485057, 51.624235326441443 ], [ -0.276069023020037, 51.624365933775422 ], [ -0.274368735164239, 51.624392914593436 ], [ -0.272672390220994, 51.62431600897979 ], [ -0.270996336380008, 51.624135958203304 ], [ -0.269356725834486, 51.623854497554682 ], [ -0.267769358808231, 51.623474339584391 ], [ -0.266249531010938, 51.622999147905098 ], [ -0.264811886005388, 51.622433501813504 ], [ -0.263470273920918, 51.621782852076059 ], [ -0.262237617883851, 51.621053468308716 ], [ -0.261125789458369, 51.620252378462354 ], [ -0.260145494301298, 51.619387301001858 ], [ -0.259306169132596, 51.618466570437249 ], [ -0.258615891010988, 51.61749905692939 ], [ -0.2580812997824, 51.616494080749369 ], [ -0.257707534439017, 51.615461322419762 ], [ -0.257498183990106, 51.614410729407204 ], [ -0.257455253303811, 51.613352420267439 ], [ -0.257517061428103, 51.612825680968747 ] ] ] } },
{ "type": "Feature", "properties": { "NLC": 569, "total_activity": 22092.722980753621, "log_total_activity": 10.003048819142048, "direction_balance": 0.048586242131844599, "post_2300_share": 0.1163006274999336, "midnight_share_common_window": 0.032822080063765698, "night_tube_extension_share": 0.0064815661573475996, "post_0100_share": 0.0039998133039319999, "common_window_persistence": 0.049816707919563101, "weekend_common_ratio": 0.82773538299393856, "volume_band": "high", "cluster": 2, "Station": "Edgware Road (DIS)", "mode_label": "LU", "tot_entry": 11583.062684424143, "tot_exit": 10509.660296329484, "easting": 527220.0675, "northing": 181696.8814, "lon": -0.1677731663889066, "lat": 51.519872451298447, "coord_source": "underground_stations_csv", "catchment_area_m2": 324389.5444046781, "station_in_lnwc_extent": true }, "geometry": { "type": "Polygon", "coordinates": [ [ [ -0.166774862390091, 51.514015729793329 ], [ -0.167992518723365, 51.514460086265714 ], [ -0.170842626690219, 51.517213453682125 ], [ -0.167813946600523, 51.52210241269254 ], [ -0.160794433341986, 51.517880908724216 ], [ -0.166774862390091, 51.514015729793329 ] ] ] } },
{ "type": "Feature", "properties": { "NLC": 570, "total_activity": 64606.222333483951, "log_total_activity": 11.076081484349372, "direction_balance": -0.1315584355221692, "post_2300_share": 0.1339040157549089, "midnight_share_common_window": 0.038352764137545001, "night_tube_extension_share": 0.0030975625574837001, "post_0100_share": 0.0019340270591517001, "common_window_persistence": 0.062224344138041801, "weekend_common_ratio": 0.99314465786969264, "volume_band": "high", "cluster": 4, "Station": "Elephant & Castle LU", "mode_label": "LU", "tot_entry": 28053.364399146682, "tot_exit": 36552.857934337277, "easting": 531908.9646, "northing": 179141.8869, "lon": -0.1011862761028003, "lat": 51.495837467877877, "coord_source": "underground_stations_csv", "catchment_area_m2": 1137091.3026101354, "station_in_lnwc_extent": true }, "geometry": { "type": "Polygon", "coordinates": [ [ [ -0.08539808441924, 51.49145118191494 ], [ -0.086162957562036, 51.490506351705029 ], [ -0.08707246249183, 51.489612865667418 ], [ -0.088117835463403, 51.488779325280873 ], [ -0.088707160534321, 51.488394100119564 ], [ -0.109370579678814, 51.493527956797742 ], [ -0.105046213951654, 51.499721906378447 ], [ -0.100797352789919, 51.500546721433096 ], [ -0.08527362352418, 51.491651640822717 ], [ -0.08539808441924, 51.49145118191494 ] ] ] } },
{ "type": "Feature", "properties": { "NLC": 571, "total_activity": 8844.3491670795938, "log_total_activity": 9.0876470820249633, "direction_balance": -0.63173554615401184, "post_2300_share": 0.12647961735778721, "midnight_share_common_window": 0.0416367806940173, "night_tube_extension_share": 0.0295626780659464, "post_0100_share": 0.021657641114361501, "common_window_persistence": 0.0593113479580408, "weekend_common_ratio": 0.63038618736028995, "volume_band": "medium", "cluster": 0, "Station": "Elm Park", "mode_label": "LU", "tot_entry": 1628.5297078188937, "tot_exit": 7215.8194592607006, "easting": 552542.0054, "northing": 185716.105799999, "lon": 0.1986662037147443, "lat": 51.549719886941837, "coord_source": "underground_stations_csv", "catchment_area_m2": 3921337.2434142344, "station_in_lnwc_extent": true }, "geometry": { "type": "Polygon", "coordinates": [ [ [ 0.212754410565772, 51.543459552016458 ], [ 0.211702382889175, 51.542628774941839 ], [ 0.21052486821639, 51.541866284741545 ], [ 0.209233206871019, 51.541179421036055 ], [ 0.207839836215024, 51.540574795190821 ], [ 0.20635817094887, 51.540058226779742 ], [ 0.204802474082937, 51.539634687666386 ], [ 0.203187719816546, 51.539308254236353 ], [ 0.201529449635982, 51.539082068236389 ], [ 0.199843623005521, 51.538958306593926 ], [ 0.198146464075436, 51.538938160504493 ], [ 0.196454305867685, 51.539021823986651 ], [ 0.194783433423245, 51.539208492013302 ], [ 0.193149927404677, 51.539496368238012 ], [ 0.191569509643374, 51.539882682242002 ], [ 0.190057392103141, 51.5403637161387 ], [ 0.188628130700328, 51.540934840281977 ], [ 0.187295485376055, 51.541590557737948 ], [ 0.186072287758355, 51.542324557096705 ], [ 0.18497031768189, 51.543129773119958 ], [ 0.184000189750738, 51.543998454645653 ], [ 0.183233995957185, 51.544852316504858 ], [ 0.18140368621688, 51.549036148896072 ], [ 0.181372571154285, 51.550042748867931 ], [ 0.181506408112506, 51.551098005113808 ], [ 0.181805519287654, 51.552140000611395 ], [ 0.182267034841166, 51.553158699006786 ], [ 0.182886519863953, 51.554144287690697 ], [ 0.183658016712443, 51.555087272375552 ], [ 0.184574102063193, 51.555978568627786 ], [ 0.185625958148962, 51.556809589470291 ], [ 0.186803457500047, 51.557572328206767 ], [ 0.188095260381661, 51.558259435665612 ], [ 0.189488923992692, 51.558864291114112 ], [ 0.190971022374582, 51.55938106615482 ], [ 0.192527275872558, 51.559804780983484 ], [ 0.194142688896244, 51.560131352461887 ], [ 0.195801694643678, 51.560357633538167 ], [ 0.197488305383158, 51.560481443631147 ], [ 0.199186266831532, 51.560501589683341 ], [ 0.200879215126508, 51.560417877677693 ], [ 0.202550834864493, 51.560231114505953 ], [ 0.204185016664848, 51.559943100170983 ], [ 0.204541714878284, 51.559855904264616 ], [ 0.21322632358802, 51.543918421297938 ], [ 0.212754410565772, 51.543459552016458 ] ] ] } },
{ "type": "Feature", "properties": { "NLC": 572, "total_activity": 11854.947344342299, "log_total_activity": 9.3805849062593314, "direction_balance": -0.63024607668995225, "post_2300_share": 0.15331043009361681, "midnight_share_common_window": 0.056636849353567199, "night_tube_extension_share": 0.031807570100994997, "post_0100_share": 0.017972308994664701, "common_window_persistence": 0.083338191236139197, "weekend_common_ratio": 0.93919000712436862, "volume_band": "medium", "cluster": 0, "Station": "Epping", "mode_label": "LU", "tot_entry": 2191.7066456022994, "tot_exit": 9663.2406987400063, "easting": 546209.4306, "northing": 201538.4, "lon": 0.1139996191841897, "lat": 51.693560925252619, "coord_source": "underground_stations_csv", "catchment_area_m2": 4516629.8263861723, "station_in_lnwc_extent": false }, "geometry": { "type": "Polygon", "coordinates": [ [ [ 0.131215472464818, 51.692192076402385 ], [ 0.130916500177583, 51.691149972499645 ], [ 0.130454635959206, 51.690131097377524 ], [ 0.129834337638704, 51.689145261371706 ], [ 0.129061587440705, 51.688201956086907 ], [ 0.128143834050465, 51.687310263085223 ], [ 0.127089920622777, 51.68647876654024 ], [ 0.125909999437846, 51.685715470694262 ], [ 0.12461543403294, 51.685027722908508 ], [ 0.123218689756, 51.684422143041971 ], [ 0.121733213795563, 51.683904559834097 ], [ 0.120173305839362, 51.683479954898559 ], [ 0.118553980600972, 51.683152414862477 ], [ 0.116890823529218, 51.682925092107844 ], [ 0.115199841078071, 51.682800174489586 ], [ 0.113497306964944, 51.68277886431833 ], [ 0.111799605882335, 51.682861366809099 ], [ 0.1101230761512, 51.683046888105387 ], [ 0.108483852814284, 51.683333642898035 ], [ 0.106897712663591, 51.683718871566505 ], [ 0.105379922678512, 51.684198866679303 ], [ 0.103945093319746, 51.684769008601464 ], [ 0.102607038079467, 51.685423809869732 ], [ 0.101378640630491, 51.686156967912524 ], [ 0.100271730846912, 51.686961425611983 ], [ 0.09929697088643, 51.687829439129779 ], [ 0.098463752431041, 51.68875265234886 ], [ 0.097780106078647, 51.689722177219814 ], [ 0.097252623764315, 51.690728679242156 ], [ 0.096886394967546, 51.691762467262606 ], [ 0.096684957331685, 51.692813586728818 ], [ 0.096650262185107, 51.693871915503564 ], [ 0.096782655311919, 51.694927261318696 ], [ 0.097080873174159, 51.695969459931561 ], [ 0.097542054639066, 51.696988473038424 ], [ 0.098161768115449, 51.697974485000934 ], [ 0.098934053853916, 51.698917997452469 ], [ 0.099851481018129, 51.699809920869598 ], [ 0.100905218989984, 51.700641662224044 ], [ 0.102085122231955, 51.701405207865577 ], [ 0.103379827896318, 51.702093200833509 ], [ 0.104776865245047, 51.702699011846612 ], [ 0.106262775827025, 51.703216803282558 ], [ 0.107823243252262, 51.703641585525688 ], [ 0.109443231307105, 51.703969265135008 ], [ 0.111107129071057, 51.70419668436476 ], [ 0.112798901625757, 51.704321651652577 ], [ 0.11450224489055, 51.70434296277903 ], [ 0.116200743077686, 51.704260412492395 ], [ 0.117878027233919, 51.704074796485969 ], [ 0.119517933324365, 51.703787903708537 ], [ 0.121104658319185, 51.703402499083346 ], [ 0.122622912763751, 51.702922296803798 ], [ 0.124058068348452, 51.702351924466164 ], [ 0.125396299044438, 51.701696878388418 ], [ 0.126624714436237, 51.700963470550072 ], [ 0.127731483960228, 51.700158767668427 ], [ 0.128705950848819, 51.699290523004095 ], [ 0.129538734682606, 51.698367101556919 ], [ 0.130221821565954, 51.697397399378417 ], [ 0.130748641063881, 51.696390757782908 ], [ 0.131114129168544, 51.695356873287352 ], [ 0.131314776700975, 51.694305704151589 ], [ 0.131348662696025, 51.693247374421659 ], [ 0.131215472464818, 51.692192076402385 ] ] ] } },
{ "type": "Feature", "properties": { "NLC": 573, "total_activity": 28539.505512765722, "log_total_activity": 10.259079603304436, "direction_balance": -0.352109337061976, "post_2300_share": 0.22574248186381241, "midnight_share_common_window": 0.11772549312019941, "night_tube_extension_share": 0.031364019517161501, "post_0100_share": 0.0217555972285409, "common_window_persistence": 0.19111022975153941, "weekend_common_ratio": 0.79082150132256535, "volume_band": "high", "cluster": 3, "Station": "Woolwich Arsenal", "mode_label": "DLR", "tot_entry": 9245.2395732945879, "tot_exit": 19294.265939471134, "easting": 543720.0, "northing": 178850.66666666666, "lon": 0.068723333333333303, "lat": 51.49034666666666, "coord_source": "naptan_rse_tmu", "catchment_area_m2": 2386759.1418847335, "station_in_lnwc_extent": true }, "geometry": { "type": "Polygon", "coordinates": [ [ [ 0.082812344306101, 51.484099408312076 ], [ 0.081764046435643, 51.483267416270472 ], [ 0.080590223676568, 51.48250357306717 ], [ 0.079302180850208, 51.481815231361011 ], [ 0.077912320530027, 51.481209016755408 ], [ 0.076434023674496, 51.480690764124695 ], [ 0.074881520920984, 51.480265461547802 ], [ 0.073269755774002, 51.479937202384797 ], [ 0.07161424099628, 51.479709145952818 ], [ 0.069930909574001, 51.479583487176804 ], [ 0.068235961677574, 51.479561435504273 ], [ 0.066545709076332, 51.479643203285185 ], [ 0.064876418488974, 51.479828003727455 ], [ 0.063244155361436, 51.48011405844845 ], [ 0.061664629560021, 51.48049861454993 ], [ 0.060153044450018, 51.480977971054678 ], [ 0.058723950798976, 51.481547514452537 ], [ 0.057391106899323, 51.482201763017734 ], [ 0.056167346247656, 51.482934419474489 ], [ 0.055064454048152, 51.483738431509195 ], [ 0.054093053725655, 51.484606059550821 ], [ 0.053262504540975, 51.485528951172789 ], [ 0.052580811297252, 51.486498221404283 ], [ 0.052054547013027, 51.487504538182847 ], [ 0.051688789315784, 51.488538212129711 ], [ 0.051487071180182, 51.489589289786714 ], [ 0.051451346499259, 51.490647649420083 ], [ 0.051581970835683, 51.491703098470666 ], [ 0.051836566616843, 51.492600497029976 ], [ 0.053472293409398, 51.493564025326663 ], [ 0.060464987394142, 51.495046066253146 ], [ 0.083699953899243, 51.484967039701246 ], [ 0.082812344306101, 51.484099408312076 ] ] ] } },
{ "type": "Feature", "properties": { "NLC": 574, "total_activity": 183434.26864818644, "log_total_activity": 12.119617124832097, "direction_balance": 0.070363425675847899, "post_2300_share": 0.083925373733454003, "midnight_share_common_window": 0.018474983233804702, "night_tube_extension_share": 0.012514060451316599, "post_0100_share": 0.0059264726122716998, "common_window_persistence": 0.0267635212423811, "weekend_common_ratio": 0.98561852789503679, "volume_band": "high", "cluster": 2, "Station": "Euston LU", "mode_label": "LO,LU", "tot_entry": 98170.666088308222, "tot_exit": 85263.602559878113, "easting": 529498.32, "northing": 182668.2502, "lon": -0.13459860915117339, "lat": 51.528084584513458, "coord_source": "underground_stations_csv", "catchment_area_m2": 436065.35197004187, "station_in_lnwc_extent": true }, "geometry": { "type": "Polygon", "coordinates": [ [ [ -0.128517231897936, 51.526305093668739 ], [ -0.129325017020859, 51.52565908198951 ], [ -0.140358615780067, 51.527897684604163 ], [ -0.142687932370912, 51.528851147254272 ], [ -0.143637482657101, 51.529695964746999 ], [ -0.131359067056029, 51.532691074574728 ], [ -0.128517231897936, 51.526305093668739 ] ] ] } },
{ "type": "Feature", "properties": { "NLC": 575, "total_activity": 37237.470997756478, "log_total_activity": 10.525097672485703, "direction_balance": 0.26229551983616373, "post_2300_share": 0.087702937244923201, "midnight_share_common_window": 0.0243044714183384, "night_tube_extension_share": 0.0029042798058476998, "post_0100_share": 0.0017895467984705999, "common_window_persistence": 0.0347514120281322, "weekend_common_ratio": 0.65629205646477429, "volume_band": "high", "cluster": 2, "Station": "Euston Square", "mode_label": "LU", "tot_entry": 23502.346405248521, "tot_exit": 13735.124592507938, "easting": 529416.5999, "northing": 182393.38199999899, "lon": -0.13587687351584909, "lat": 51.525633154752434, "coord_source": "underground_stations_csv", "catchment_area_m2": 186683.38229365024, "station_in_lnwc_extent": true }, "geometry": { "type": "Polygon", "coordinates": [ [ [ -0.134877971773876, 51.523145012510085 ], [ -0.140358615780067, 51.527897684604163 ], [ -0.129325017020859, 51.52565908198951 ], [ -0.130459019460049, 51.523669209939932 ], [ -0.134877971773876, 51.523145012510085 ] ] ] } },
{ "type": "Feature", "properties": { "NLC": 576, "total_activity": 3517.6339655845072, "log_total_activity": 8.1658281153114576, "direction_balance": -0.62018008573259176, "post_2300_share": 0.1402183901633611, "midnight_share_common_window": 0.041972758612369897, "night_tube_extension_share": 0.063862905289536795, "post_0100_share": 0.030388010874648399, "common_window_persistence": 0.0600895820605701, "weekend_common_ratio": 0.57458586076149121, "volume_band": "low", "cluster": 0, "Station": "Fairlop", "mode_label": "LU", "tot_entry": 668.03371561621589, "tot_exit": 2849.6002499682909, "easting": 544935.5979000001, "northing": 190594.5734, "lon": 0.091053095971659004, "lat": 51.595558107334746, "coord_source": "underground_stations_csv", "catchment_area_m2": 2350740.1218562005, "station_in_lnwc_extent": true }, "geometry": { "type": "Polygon", "coordinates": [ [ [ 0.108232729239106, 51.594193012262338 ], [ 0.107934991619038, 51.593150820372152 ], [ 0.107474698801691, 51.592131821930778 ], [ 0.106856293432111, 51.591145828471213 ], [ 0.106085739463657, 51.590202333125838 ], [ 0.105170464400564, 51.589310419299402 ], [ 0.105005745792147, 51.589180088018168 ], [ 0.074680422876895, 51.592078988536343 ], [ 0.074343695104111, 51.592722129686152 ], [ 0.073977668585753, 51.593755859480112 ], [ 0.073776069284077, 51.594806957172914 ], [ 0.073740850018092, 51.595865300837595 ], [ 0.0738723615534, 51.596920698065752 ], [ 0.074169348778958, 51.597962984125182 ], [ 0.074628962355624, 51.598982119877732 ], [ 0.075246785741189, 51.599968288513693 ], [ 0.07601687734761, 51.600911990168704 ], [ 0.076567836432588, 51.601449220765801 ], [ 0.107992320598089, 51.597746961129474 ], [ 0.108129804980594, 51.597357854325757 ], [ 0.108330618783795, 51.596306706921055 ], [ 0.108365033485518, 51.595248362082074 ], [ 0.108232729239106, 51.594193012262338 ] ] ] } },
{ "type": "Feature", "properties": { "NLC": 577, "total_activity": 128582.0101124894, "log_total_activity": 11.764329967846992, "direction_balance": 0.31763044248189359, "post_2300_share": 0.093185854546891697, "midnight_share_common_window": 0.023104992401904799, "night_tube_extension_share": 0.0018015365352655, "post_0100_share": 0.0012085523691229001, "common_window_persistence": 0.033464450121832703, "weekend_common_ratio": 0.4940232980469676, "volume_band": "high", "cluster": 2, "Station": "Farringdon", "mode_label": "EZL,LU", "tot_entry": 84711.785439865416, "tot_exit": 43870.224672624048, "easting": 531559.9989, "northing": 181873.9267, "lon": -0.1051919886781835, "lat": 51.52047027577585, "coord_source": "underground_stations_csv", "catchment_area_m2": 600123.8572686211, "station_in_lnwc_extent": true }, "geometry": { "type": "Polygon", "coordinates": [ [ [ -0.101408849642815, 51.52592050472451 ], [ -0.102327765172539, 51.517184767014967 ], [ -0.104430643020326, 51.516046156805267 ], [ -0.105358542516454, 51.515982353890855 ], [ -0.113553938921313, 51.525139370383236 ], [ -0.113213904602995, 51.526114367802336 ], [ -0.101408849642815, 51.52592050472451 ] ] ] } },
{ "type": "Feature", "properties": { "NLC": 578, "total_activity": 20716.957511849112, "log_total_activity": 9.9387561158315592, "direction_balance": -0.45828839906727592, "post_2300_share": 0.1395421013793747, "midnight_share_common_window": 0.037760744987141499, "night_tube_extension_share": 0.049603658625821799, "post_0100_share": 0.0243181940488186, "common_window_persistence": 0.056907668733629797, "weekend_common_ratio": 0.72015782317569577, "volume_band": "high", "cluster": 4, "Station": "Finchley Central", "mode_label": "LU", "tot_entry": 5611.3081100994996, "tot_exit": 15105.64940174961, "easting": 525278.0259, "northing": 190668.344000001, "lon": -0.19255484880487289, "lat": 51.600931751537729, "coord_source": "underground_stations_csv", "catchment_area_m2": 2998033.9954240606, "station_in_lnwc_extent": true }, "geometry": { "type": "Polygon", "coordinates": [ [ [ -0.175363681799975, 51.599608083776012 ], [ -0.175654981169681, 51.598565112859802 ], [ -0.176109009348971, 51.597544944030517 ], [ -0.176721383959071, 51.596557400130834 ], [ -0.177486199042605, 51.595611989257414 ], [ -0.178396082265704, 51.594717813288554 ], [ -0.179442266176421, 51.59388348034129 ], [ -0.180614672823301, 51.593117021996854 ], [ -0.181902010912159, 51.592425816086603 ], [ -0.183291884561565, 51.59181651577704 ], [ -0.184770912609169, 51.591294985631514 ], [ -0.18632485732267, 51.590866245259129 ], [ -0.187938761281939, 51.590534421088847 ], [ -0.189597091123048, 51.590302706728444 ], [ -0.191283886771571, 51.590173332286767 ], [ -0.192982914741824, 51.590147542951165 ], [ -0.194677824041198, 51.590225587024911 ], [ -0.196352303194774, 51.590406713538272 ], [ -0.197990236895008, 51.590689179456206 ], [ -0.199575860784692, 51.591070266414491 ], [ -0.201093912898507, 51.591546306824604 ], [ -0.202529780319198, 51.592112719099262 ], [ -0.203869639648455, 51.592764051662563 ], [ -0.205100589949667, 51.593494035325669 ], [ -0.206210776889302, 51.594295643528049 ], [ -0.207189506885302, 51.595161159869654 ], [ -0.208027350163787, 51.596082252288667 ], [ -0.208716231728862, 51.597050053175685 ], [ -0.208944799345599, 51.597480892947758 ], [ -0.198898691503319, 51.60682210171106 ], [ -0.175399955652269, 51.602335231288151 ], [ -0.175278940660673, 51.601722136061554 ], [ -0.175237927457534, 51.600663813715194 ], [ -0.175363681799975, 51.599608083776012 ] ] ] } },
{ "type": "Feature", "properties": { "NLC": 579, "total_activity": 29612.932551995451, "log_total_activity": 10.296000223894501, "direction_balance": -0.063551862048698199, "post_2300_share": 0.12763116797010191, "midnight_share_common_window": 0.032751138649293701, "night_tube_extension_share": 0.0436350883760072, "post_0100_share": 0.020250036762661499, "common_window_persistence": 0.049210279922849598, "weekend_common_ratio": 0.75602086703053595, "volume_band": "high", "cluster": 4, "Station": "Finchley Road", "mode_label": "LU", "tot_entry": 13865.487773796811, "tot_exit": 15747.444778198636, "easting": 526220.4473, "northing": 184716.2096, "lon": -0.18109153879636949, "lat": 51.547230838366929, "coord_source": "underground_stations_csv", "catchment_area_m2": 370978.77845023404, "station_in_lnwc_extent": true }, "geometry": { "type": "Polygon", "coordinates": [ [ [ -0.185734691590132, 51.547872965784599 ], [ -0.173713766257889, 51.550551838745385 ], [ -0.172933212391927, 51.548937181745252 ], [ -0.179452734603978, 51.544442862020041 ], [ -0.185235906178482, 51.543768924399849 ], [ -0.185734691590132, 51.547872965784599 ] ] ] } },
{ "type": "Feature", "properties": { "NLC": 580, "total_activity": 96987.919852313105, "log_total_activity": 11.4823520226343, "direction_balance": -0.26554566966314369, "post_2300_share": 0.1576740652877863, "midnight_share_common_window": 0.040771008160653502, "night_tube_extension_share": 0.063449361184157005, "post_0100_share": 0.032772226971105899, "common_window_persistence": 0.063961206536861603, "weekend_common_ratio": 0.89497203118450008, "volume_band": "high", "cluster": 4, "Station": "Finsbury Park LU", "mode_label": "LU", "tot_entry": 35616.598862947634, "tot_exit": 61371.320989365457, "easting": 531329.8862, "northing": 186775.33280000099, "lon": -0.10667934765407899, "lat": 51.564570214521559, "coord_source": "underground_stations_csv", "catchment_area_m2": 1074266.9116345323, "station_in_lnwc_extent": true }, "geometry": { "type": "Polygon", "coordinates": [ [ [ -0.117904715661308, 51.562024347806322 ], [ -0.118068569984435, 51.564063248150973 ], [ -0.106593185946948, 51.571142548707833 ], [ -0.091348622907278, 51.560973897523056 ], [ -0.117904715661308, 51.562024347806322 ] ] ] } },
{ "type": "Feature", "properties": { "NLC": 581, "total_activity": 24260.60167008916, "log_total_activity": 10.096650201344683, "direction_balance": -0.053237715688824301, "post_2300_share": 0.1059170631221082, "midnight_share_common_window": 0.031077540600510201, "night_tube_extension_share": 0.0055164025960238996, "post_0100_share": 0.0034213980575484998, "common_window_persistence": 0.044574266602359698, "weekend_common_ratio": 0.68835464425769133, "volume_band": "high", "cluster": 4, "Station": "Fulham Broadway", "mode_label": "LU", "tot_entry": 11484.511327968568, "tot_exit": 12776.090342120591, "easting": 525454.6092, "northing": 177301.7324, "lon": -0.19476643999333529, "lat": 51.480767775659338, "coord_source": "underground_stations_csv", "catchment_area_m2": 1029405.786813386, "station_in_lnwc_extent": true }, "geometry": { "type": "Polygon", "coordinates": [ [ [ -0.20553641864188, 51.483523395242486 ], [ -0.180105996217027, 51.484748884364514 ], [ -0.192287943896668, 51.475055978700226 ], [ -0.208033591531383, 51.482484883957078 ], [ -0.20553641864188, 51.483523395242486 ] ] ] } },
{ "type": "Feature", "properties": { "NLC": 582, "total_activity": 19639.256602102665, "log_total_activity": 9.8853366471032835, "direction_balance": -0.57826072966686759, "post_2300_share": 0.15924960901931701, "midnight_share_common_window": 0.047398284277980499, "night_tube_extension_share": 0.070015782447194905, "post_0100_share": 0.034180646635138201, "common_window_persistence": 0.072037354830866901, "weekend_common_ratio": 0.70194942691703555, "volume_band": "medium", "cluster": 4, "Station": "Gants Hill", "mode_label": "LU", "tot_entry": 4141.3228746279628, "tot_exit": 15497.933727474699, "easting": 543273.6779, "northing": 188430.207599999, "lon": 0.066194132255611396, "lat": 51.576535009203191, "coord_source": "underground_stations_csv", "catchment_area_m2": 3104533.5933758458, "station_in_lnwc_extent": true }, "geometry": { "type": "Polygon", "coordinates": [ [ [ 0.077191550386312, 51.568219095564089 ], [ 0.057725018137788, 51.567131568515599 ], [ 0.057607022590879, 51.567168915177092 ], [ 0.056175225053656, 51.567738449962434 ], [ 0.056106847931876, 51.567771950937058 ], [ 0.055497494780189, 51.585012532065136 ], [ 0.055591938916774, 51.585062919239697 ], [ 0.056984717291787, 51.585669356543391 ], [ 0.058466240125294, 51.586187810374945 ], [ 0.060022233342475, 51.586613284748267 ], [ 0.061637703887288, 51.586941679562635 ], [ 0.063297084421026, 51.587169830187165 ], [ 0.064984383608659, 51.587295538015134 ], [ 0.066683340531599, 51.58731759169136 ], [ 0.068377581724109, 51.587235778805947 ], [ 0.07005077930427, 51.587050887940713 ], [ 0.071412936083606, 51.586812610787959 ], [ 0.07842110473751, 51.580158379269086 ], [ 0.077354203881161, 51.568305854454664 ], [ 0.077191550386312, 51.568219095564089 ] ] ] } },
{ "type": "Feature", "properties": { "NLC": 583, "total_activity": 49643.892184906006, "log_total_activity": 10.812650787744236, "direction_balance": -0.016602735710091399, "post_2300_share": 0.13335078165766381, "midnight_share_common_window": 0.032697596008134301, "night_tube_extension_share": 0.029354639078628099, "post_0100_share": 0.0142373367919146, "common_window_persistence": 0.051150441193583203, "weekend_common_ratio": 0.89420119552106647, "volume_band": "high", "cluster": 4, "Station": "Gloucester Road", "mode_label": "LU", "tot_entry": 24409.833881669863, "tot_exit": 25234.058303236143, "easting": 526182.7589, "northing": 178846.48949999901, "lon": -0.18373468987431099, "lat": 51.494488639199268, "coord_source": "underground_stations_csv", "catchment_area_m2": 979872.33425757405, "station_in_lnwc_extent": true }, "geometry": { "type": "Polygon", "coordinates": [ [ [ -0.177630685026367, 51.50272002172261 ], [ -0.179374105827159, 51.484771373485415 ], [ -0.180082274595152, 51.484758420299364 ], [ -0.184693785650975, 51.487710149899819 ], [ -0.190413285562333, 51.496113141580679 ], [ -0.178270786714132, 51.502840202074424 ], [ -0.177630685026367, 51.50272002172261 ] ] ] } },
{ "type": "Feature", "properties": { "NLC": 584, "total_activity": 24661.055774892106, "log_total_activity": 10.113021138000056, "direction_balance": -0.38527931282051259, "post_2300_share": 0.1443072614780489, "midnight_share_common_window": 0.039092737627860301, "night_tube_extension_share": 0.054350268144007098, "post_0100_share": 0.0252479969490206, "common_window_persistence": 0.0607183700522681, "weekend_common_ratio": 0.82192260798547401, "volume_band": "high", "cluster": 4, "Station": "Golders Green", "mode_label": "LU", "tot_entry": 7579.8305762566688, "tot_exit": 17081.225198635417, "easting": 525255.0926, "northing": 187480.2837, "lon": -0.19402225224523731, "lat": 51.572286203188888, "coord_source": "underground_stations_csv", "catchment_area_m2": 3741591.0474819439, "station_in_lnwc_extent": true }, "geometry": { "type": "Polygon", "coordinates": [ [ [ -0.176841827267595, 51.570962849884204 ], [ -0.177132893159665, 51.569919868309661 ], [ -0.17758658670394, 51.568899685886123 ], [ -0.178198528760336, 51.567912125589253 ], [ -0.178641243122923, 51.567364490711185 ], [ -0.193903999758624, 51.561510231578097 ], [ -0.194449532439084, 51.561501932912329 ], [ -0.196143380495251, 51.561579945868459 ], [ -0.197816816165235, 51.561761042182162 ], [ -0.199453734173085, 51.562043479107814 ], [ -0.201038379927291, 51.562424538558254 ], [ -0.202555500868901, 51.562900553207292 ], [ -0.203990493037634, 51.563466941712612 ], [ -0.205329541456908, 51.564118252723816 ], [ -0.206559752995773, 51.564848217255957 ], [ -0.207669280435272, 51.565649808929123 ], [ -0.208516446825206, 51.566399410124212 ], [ -0.199292330177218, 51.582548687517104 ], [ -0.198637989056716, 51.582683320791759 ], [ -0.19697998047331, 51.582915166340605 ], [ -0.19529346833171, 51.58304462557863 ], [ -0.193594705943433, 51.58307045098212 ], [ -0.191900064894363, 51.58299239377574 ], [ -0.190225876932142, 51.582811206330909 ], [ -0.188588276242895, 51.582528634895318 ], [ -0.187003043653198, 51.58214740272529 ], [ -0.185485454273763, 51.581671183784536 ], [ -0.184050130066672, 51.581104567266181 ], [ -0.18271089876855, 51.580453013283062 ], [ -0.18148066053827, 51.579722800157363 ], [ -0.18037126362052, 51.578920963822348 ], [ -0.179393390226501, 51.578055229924701 ], [ -0.178556453731321, 51.577133939286846 ], [ -0.177868508175296, 51.576165967452113 ], [ -0.177336170934603, 51.57516063909285 ], [ -0.176964559296963, 51.574127638109658 ], [ -0.176757241541382, 51.573076914292017 ], [ -0.176716202979161, 51.572018587441647 ], [ -0.176841827267595, 51.570962849884204 ] ] ] } },
{ "type": "Feature", "properties": { "NLC": 585, "total_activity": 7819.4356290452815, "log_total_activity": 8.9644955390268155, "direction_balance": -0.29106571765162098, "post_2300_share": 0.13121568652014781, "midnight_share_common_window": 0.0381888045274483, "night_tube_extension_share": 0.0115687725125024, "post_0100_share": 0.0077090842693772, "common_window_persistence": 0.059413931700304998, "weekend_common_ratio": 0.82146655397186319, "volume_band": "low", "cluster": 4, "Station": "Goldhawk Road", "mode_label": "LU", "tot_entry": 2771.7329930232822, "tot_exit": 5047.7026360220025, "easting": 523183.913, "northing": 179607.8456, "lon": -0.22664486415404561, "lat": 51.501991795196169, "coord_source": "underground_stations_csv", "catchment_area_m2": 782357.49081935443, "station_in_lnwc_extent": true }, "geometry": { "type": "Polygon", "coordinates": [ [ [ -0.23951134496237, 51.501853116549256 ], [ -0.242048020340506, 51.50455665327263 ], [ -0.22333354127854, 51.503937114652388 ], [ -0.219208658102278, 51.498621983881478 ], [ -0.219347527706376, 51.498412067688108 ], [ -0.2300284659753, 51.497542450738116 ], [ -0.23951134496237, 51.501853116549256 ] ] ] } },
{ "type": "Feature", "properties": { "NLC": 586, "total_activity": 18240.722646889844, "log_total_activity": 9.8114667025290156, "direction_balance": 0.44037513953231272, "post_2300_share": 0.092201214726358699, "midnight_share_common_window": 0.019864537071183099, "night_tube_extension_share": 0.033271934904480799, "post_0100_share": 0.014663475016734, "common_window_persistence": 0.0282677169265717, "weekend_common_ratio": 0.52734605525220302, "volume_band": "medium", "cluster": 1, "Station": "Goodge Street", "mode_label": "LU", "tot_entry": 13136.741713842086, "tot_exit": 5103.9809330477601, "easting": 529537.2731, "northing": 181836.5931, "lon": -0.13434290236565841, "lat": 51.520601842773736, "coord_source": "underground_stations_csv", "catchment_area_m2": 388843.30024757946, "station_in_lnwc_extent": true }, "geometry": { "type": "Polygon", "coordinates": [ [ [ -0.128193201842649, 51.52005453438673 ], [ -0.13638561541939, 51.517100891233518 ], [ -0.141368051253559, 51.519776490634001 ], [ -0.14036993347044, 51.52096756050237 ], [ -0.134877971773876, 51.523145012510085 ], [ -0.130459019460049, 51.523669209939932 ], [ -0.128193201842649, 51.52005453438673 ] ] ] } },
{ "type": "Feature", "properties": { "NLC": 587, "total_activity": 1217.7457387074801, "log_total_activity": 7.1055775258607996, "direction_balance": -0.73630757067580666, "post_2300_share": 0.088361165288151605, "midnight_share_common_window": 0.024856831967104798, "night_tube_extension_share": 0.0, "post_0100_share": 0.0, "common_window_persistence": 0.033833794413735199, "weekend_common_ratio": 0.49584916045365401, "volume_band": "low", "cluster": 0, "Station": "Grange Hill", "mode_label": "LU", "tot_entry": 160.55516606947992, "tot_exit": 1057.1905726379991, "easting": 544967.3103, "northing": 192558.69129999899, "lon": 0.092321842213341401, "lat": 51.613198154160507, "coord_source": "underground_stations_csv", "catchment_area_m2": 2676683.7764762477, "station_in_lnwc_extent": false }, "geometry": { "type": "Polygon", "coordinates": [ [ [ 0.109508078106545, 51.61183280211899 ], [ 0.109210184144399, 51.610790618040483 ], [ 0.108749672933122, 51.60977162981645 ], [ 0.108366953094093, 51.609161704241345 ], [ 0.078673661748967, 51.607732994555299 ], [ 0.08975402902001, 51.623857649090326 ], [ 0.091117556753845, 51.623958830534612 ], [ 0.09281788546552, 51.623980490151652 ], [ 0.094513432557951, 51.623898285550425 ], [ 0.096187857550309, 51.623713009090004 ], [ 0.097825023990262, 51.623426446442409 ], [ 0.099409155273199, 51.623041359343155 ], [ 0.100924986956345, 51.622561458918121 ], [ 0.102357914086411, 51.621991369846178 ], [ 0.103694132109492, 51.621336585706473 ], [ 0.104920769996342, 51.620603415945013 ], [ 0.106026014294033, 51.619798924975854 ], [ 0.10699922290564, 51.618930864009108 ], [ 0.107831027501813, 51.618007596266978 ], [ 0.108513423581001, 51.617038016313735 ], [ 0.109039847317261, 51.616031464281342 ], [ 0.109405238464797, 51.614997635821013 ], [ 0.109606088725345, 51.613946488651706 ], [ 0.109640475126691, 51.612888146608881 ], [ 0.109508078106545, 51.61183280211899 ] ] ] } },
{ "type": "Feature", "properties": { "NLC": 588, "total_activity": 18227.247113171608, "log_total_activity": 9.8107277090820713, "direction_balance": 0.32907457037750748, "post_2300_share": 0.1008612088263786, "midnight_share_common_window": 0.0258817397803618, "night_tube_extension_share": 0.0030193941574710999, "post_0100_share": 0.0019897586978920002, "common_window_persistence": 0.0377328642778628, "weekend_common_ratio": 0.60488517806191811, "volume_band": "medium", "cluster": 2, "Station": "Great Portland Street", "mode_label": "LU", "tot_entry": 12112.685313051605, "tot_exit": 6114.5618001199991, "easting": 528837.973, "northing": 182179.85789999901, "lon": -0.14429097119738621, "lat": 51.523846456203088, "coord_source": "underground_stations_csv", "catchment_area_m2": 383026.74617058557, "station_in_lnwc_extent": true }, "geometry": { "type": "Polygon", "coordinates": [ [ [ -0.143637482657101, 51.529695964746999 ], [ -0.142687932370912, 51.528851147254272 ], [ -0.14036993347044, 51.52096756050237 ], [ -0.141368051253559, 51.519776490634001 ], [ -0.142472445428275, 51.519642380413949 ], [ -0.150749883317579, 51.531107609357655 ], [ -0.143637482657101, 51.529695964746999 ] ] ] } },
{ "type": "Feature", "properties": { "NLC": 589, "total_activity": 11637.972736643227, "log_total_activity": 9.3621144645252112, "direction_balance": -0.53271427433889795, "post_2300_share": 0.1190608539381135, "midnight_share_common_window": 0.038379361825873801, "night_tube_extension_share": 0.016500970377574399, "post_0100_share": 0.0085960729148612004, "common_window_persistence": 0.056940774288452102, "weekend_common_ratio": 0.68132231858849501, "volume_band": "medium", "cluster": 4, "Station": "Greenford", "mode_label": "LU", "tot_entry": 2719.1292677332253, "tot_exit": 8918.8434689100013, "easting": 514763.0955, "northing": 183928.051899999, "lon": -0.3465040750206399, "lat": 51.542591271123548, "coord_source": "underground_stations_csv", "catchment_area_m2": 3316266.7156122713, "station_in_lnwc_extent": true }, "geometry": { "type": "Polygon", "coordinates": [ [ [ -0.340247581345705, 51.532533618061862 ], [ -0.341858338053031, 51.532199645567943 ], [ -0.343513806001238, 51.531965728051588 ], [ -0.345198052615351, 51.531834116820058 ], [ -0.346894868905477, 51.531806078580182 ], [ -0.348587925137271, 51.5318818832692 ], [ -0.350260927653411, 51.532060801458435 ], [ -0.35189777535278, 51.532341111354647 ], [ -0.353482714337159, 51.532720115332367 ], [ -0.355000489252058, 51.533194165840243 ], [ -0.356436489878649, 51.53375870043422 ], [ -0.35777689157756, 51.534408285604421 ], [ -0.359008788241975, 51.535136668977231 ], [ -0.360120316486769, 51.535936839395291 ], [ -0.361100769881683, 51.536801094301559 ], [ -0.361940702129101, 51.537721113783867 ], [ -0.362308842310366, 51.538236027941238 ], [ -0.352833724391644, 51.552629026378405 ], [ -0.352763285396588, 51.552648598290133 ], [ -0.352508249837218, 51.552701480199673 ], [ -0.331370129142255, 51.547053967343118 ], [ -0.330748215057677, 51.54614871239896 ], [ -0.339467137676374, 51.532750465420854 ], [ -0.340247581345705, 51.532533618061862 ] ] ] } },
{ "type": "Feature", "properties": { "NLC": 590, "total_activity": 115055.53815306824, "log_total_activity": 11.653178922645584, "direction_balance": 0.48989558298063068, "post_2300_share": 0.1710651270857001, "midnight_share_common_window": 0.046949261450436597, "night_tube_extension_share": 0.079887579546088702, "post_0100_share": 0.0360711968235626, "common_window_persistence": 0.073661017294530895, "weekend_common_ratio": 0.67185173791805752, "volume_band": "high", "cluster": 1, "Station": "Green Park", "mode_label": "LU", "tot_entry": 85710.36904585798, "tot_exit": 29345.169107210342, "easting": 529007.2306, "northing": 180294.83479999899, "lon": -0.14254189011089011, "lat": 51.506867699299832, "coord_source": "underground_stations_csv", "catchment_area_m2": 784210.12851958955, "station_in_lnwc_extent": true }, "geometry": { "type": "Polygon", "coordinates": [ [ [ -0.140487731067489, 51.511026588814765 ], [ -0.134766155932465, 51.50484775682186 ], [ -0.134761467938192, 51.504793517242952 ], [ -0.141466826400082, 51.501606856635519 ], [ -0.145504956184378, 51.501689097081488 ], [ -0.151742326807776, 51.508539647870315 ], [ -0.144560378541303, 51.511197571690403 ], [ -0.140487731067489, 51.511026588814765 ] ] ] } },
{ "type": "Feature", "properties": { "NLC": 591, "total_activity": 12454.386623135775, "log_total_activity": 9.4299084688151247, "direction_balance": -0.127296284301571, "post_2300_share": 0.1113123164531345, "midnight_share_common_window": 0.0358363549799669, "night_tube_extension_share": 0.0088873296696357004, "post_0100_share": 0.0043657732237343998, "common_window_persistence": 0.050406749407084298, "weekend_common_ratio": 0.56717404593840859, "volume_band": "medium", "cluster": 2, "Station": "Gunnersbury", "mode_label": "LO,LU", "tot_entry": 5434.4947413777027, "tot_exit": 7019.8918817580761, "easting": 519845.2545, "northing": 178387.583799999, "lon": -0.27513618239456988, "lat": 51.491741910939432, "coord_source": "underground_stations_csv", "catchment_area_m2": 2177250.6276477696, "station_in_lnwc_extent": true }, "geometry": { "type": "Polygon", "coordinates": [ [ [ -0.263209765970003, 51.48393558187572 ], [ -0.264492757032549, 51.483243417215284 ], [ -0.265878193322349, 51.482633086593772 ], [ -0.26735273635382, 51.482110464505588 ], [ -0.268902191520525, 51.481680581081051 ], [ -0.269416045423409, 51.481574263984328 ], [ -0.290765140682595, 51.487164962392555 ], [ -0.291251935484837, 51.487848351960174 ], [ -0.291785821730112, 51.488853191049856 ], [ -0.292159392420875, 51.489885859781545 ], [ -0.292369039397317, 51.490936414427793 ], [ -0.292412732439096, 51.491994738345234 ], [ -0.292290039247935, 51.493050639373529 ], [ -0.292002130053192, 51.494093947988382 ], [ -0.291724397299475, 51.494723385040565 ], [ -0.278805312466722, 51.496979620085078 ], [ -0.275178691263963, 51.496111564867412 ], [ -0.262093700235455, 51.484668679558013 ], [ -0.263209765970003, 51.48393558187572 ] ] ] } },
{ "type": "Feature", "properties": { "NLC": 592, "total_activity": 11540.465514010884, "log_total_activity": 9.3537015262807035, "direction_balance": -0.68251773691869855, "post_2300_share": 0.15344039591072381, "midnight_share_common_window": 0.048868984592317297, "night_tube_extension_share": 0.071681237113315296, "post_0100_share": 0.035731573138189802, "common_window_persistence": 0.071707929432373002, "weekend_common_ratio": 0.59626164050022401, "volume_band": "medium", "cluster": 0, "Station": "Hainault", "mode_label": "LU", "tot_entry": 1831.9465541999448, "tot_exit": 9708.5189598109355, "easting": 545079.8923, "northing": 191498.1822, "lon": 0.093508196158791204, "lat": 51.603640197514103, "coord_source": "underground_stations_csv", "catchment_area_m2": 2301633.9290347458, "station_in_lnwc_extent": true }, "geometry": { "type": "Polygon", "coordinates": [ [ [ 0.11069078945108, 51.602274710959982 ], [ 0.110392937446223, 51.601232527889842 ], [ 0.109932502856038, 51.600213541955938 ], [ 0.109313929694951, 51.599227564569837 ], [ 0.10854318353546, 51.598284088708169 ], [ 0.107991890782247, 51.597747011829497 ], [ 0.076567406543596, 51.601449271351463 ], [ 0.076429639868972, 51.601838344045454 ], [ 0.076228066872224, 51.602889444357309 ], [ 0.076192903792596, 51.603947786821401 ], [ 0.076324500860022, 51.605003179040601 ], [ 0.0766216021449, 51.606045456330328 ], [ 0.077011120929797, 51.606908892454818 ], [ 0.078673661748967, 51.607732994555299 ], [ 0.108372505349056, 51.609161970679246 ], [ 0.10901421442523, 51.608449525655175 ], [ 0.109696447642927, 51.607479939244705 ], [ 0.110222740609588, 51.606473381912863 ], [ 0.110588034333855, 51.605439549360987 ], [ 0.110788821450059, 51.604388399346817 ], [ 0.11082317958796, 51.603330055732712 ], [ 0.11069078945108, 51.602274710959982 ] ] ] } },
{ "type": "Feature", "properties": { "NLC": 593, "total_activity": 92622.924829854659, "log_total_activity": 11.436302754756168, "direction_balance": 0.053542012312162997, "post_2300_share": 0.14144157048832429, "midnight_share_common_window": 0.032730238027959199, "night_tube_extension_share": 0.037585841358834401, "post_0100_share": 0.018197036330972399, "common_window_persistence": 0.051508972132409701, "weekend_common_ratio": 0.82345649288944511, "volume_band": "high", "cluster": 2, "Station": "Hammersmith (DIS)", "mode_label": "LU", "tot_entry": 48791.071305741651, "tot_exit": 43831.853524113038, "easting": 523460.9489, "northing": 178502.7234, "lon": -0.2230418838988803, "lat": 51.491999519638057, "coord_source": "underground_stations_csv", "catchment_area_m2": 940090.9402926683, "station_in_lnwc_extent": true }, "geometry": { "type": "Polygon", "coordinates": [ [ [ -0.2251520279787, 51.481292496924809 ], [ -0.22682265550629, 51.481473154775294 ], [ -0.228456898024698, 51.481755164886174 ], [ -0.230039026669651, 51.482135813271519 ], [ -0.231553813092353, 51.482611436553569 ], [ -0.232986675793623, 51.483177457148123 ], [ -0.233604853394334, 51.483478412435083 ], [ -0.230702146371451, 51.490123069502154 ], [ -0.217418949060848, 51.495597961433788 ], [ -0.216815486704246, 51.495068680458623 ], [ -0.224036391406036, 51.48124132286268 ], [ -0.2251520279787, 51.481292496924809 ] ] ] } },
{ "type": "Feature", "properties": { "NLC": 594, "total_activity": 14566.802204192682, "log_total_activity": 9.5865690438985123, "direction_balance": -0.082915971253725004, "post_2300_share": 0.13223347855950621, "midnight_share_common_window": 0.031337884386375997, "night_tube_extension_share": 0.034311885377618902, "post_0100_share": 0.0168878047716523, "common_window_persistence": 0.047871627118715003, "weekend_common_ratio": 1.0015218428485226, "volume_band": "medium", "cluster": 4, "Station": "Hampstead", "mode_label": "LU", "tot_entry": 6679.4908256855761, "tot_exit": 7887.3113785071109, "easting": 526372.6132, "northing": 185761.4121, "lon": -0.17852309354375809, "lat": 51.556589879884903, "coord_source": "underground_stations_csv", "catchment_area_m2": 2003357.3013833521, "station_in_lnwc_extent": true }, "geometry": { "type": "Polygon", "coordinates": [ [ [ -0.195698166036436, 51.55791293814594 ], [ -0.195407607429924, 51.55895597267417 ], [ -0.194954415660876, 51.559976230488232 ], [ -0.194342945388847, 51.560963884011606 ], [ -0.193900482335568, 51.561511581144188 ], [ -0.178637724803161, 51.567365839809497 ], [ -0.178092120874272, 51.567374064223522 ], [ -0.176398095194714, 51.567295788899038 ], [ -0.174724549691643, 51.567114386064411 ], [ -0.173087612351869, 51.566831604043379 ], [ -0.171503057601235, 51.566450168121342 ], [ -0.169986154010414, 51.565973754224771 ], [ -0.169770708289327, 51.565888637278185 ], [ -0.17302788408365, 51.552201877556286 ], [ -0.173731603229403, 51.551594870893254 ], [ -0.195767739899297, 51.557325963873929 ], [ -0.195698166036436, 51.55791293814594 ] ] ] } },
{ "type": "Feature", "properties": { "NLC": 595, "total_activity": 11087.567171938335, "log_total_activity": 9.3136698719918112, "direction_balance": -0.44648062509876479, "post_2300_share": 0.1206678605858947, "midnight_share_common_window": 0.038004434395592701, "night_tube_extension_share": 0.0091641566081517006, "post_0100_share": 0.0055575672768183003, "common_window_persistence": 0.057369097517248099, "weekend_common_ratio": 0.85982610702670115, "volume_band": "medium", "cluster": 4, "Station": "Hanger Lane", "mode_label": "LU", "tot_entry": 3068.5916250933842, "tot_exit": 8018.9755468449594, "easting": 518527.3157, "northing": 182634.1785, "lon": -0.29268452494969588, "lat": 51.530185529338247, "coord_source": "underground_stations_csv", "catchment_area_m2": 1996047.1887586922, "station_in_lnwc_extent": true }, "geometry": { "type": "Polygon", "coordinates": [ [ [ -0.308122501554591, 51.52532245921924 ], [ -0.308812487980908, 51.526289692957391 ], [ -0.309347192327404, 51.52729445337399 ], [ -0.309721455750305, 51.52832706612871 ], [ -0.309931663398287, 51.529377588037839 ], [ -0.309957664247799, 51.530001332898166 ], [ -0.308798389669057, 51.532112932438835 ], [ -0.286545566821197, 51.538075819126355 ], [ -0.28060290303664, 51.535399790056125 ], [ -0.293609537874349, 51.523496353057219 ], [ -0.298409409265524, 51.522928650956985 ], [ -0.30775772466514, 51.524922115770913 ], [ -0.308122501554591, 51.52532245921924 ] ] ] } },
{ "type": "Feature", "properties": { "NLC": 596, "total_activity": 8866.723494646465, "log_total_activity": 9.0901733901245247, "direction_balance": -0.2038572784821498, "post_2300_share": 0.1100093813273194, "midnight_share_common_window": 0.028610154605055501, "night_tube_extension_share": 0.0048276543336119001, "post_0100_share": 0.002893801581269, "common_window_persistence": 0.042746545755041603, "weekend_common_ratio": 0.69922304665902646, "volume_band": "medium", "cluster": 4, "Station": "Harlesden", "mode_label": "LO,LU", "tot_entry": 3529.5886869870492, "tot_exit": 5337.134807659414, "easting": 520874.9265, "northing": 183414.18689999901, "lon": -0.25859014422365278, "lat": 51.536698482952602, "coord_source": "underground_stations_csv", "catchment_area_m2": 2299673.0117255077, "station_in_lnwc_extent": true }, "geometry": { "type": "Polygon", "coordinates": [ [ [ -0.255154156937293, 51.53001521289081 ], [ -0.270191156029177, 51.530537734081101 ], [ -0.27411832398925, 51.53433156824115 ], [ -0.260946818815526, 51.546549215391401 ], [ -0.249548143455513, 51.544694666737378 ], [ -0.245268592133431, 51.542563503852477 ], [ -0.255154156937293, 51.53001521289081 ] ] ] } },
{ "type": "Feature", "properties": { "NLC": 597, "total_activity": 19549.947789565445, "log_total_activity": 9.8807790445230577, "direction_balance": -0.47118967266941308, "post_2300_share": 0.10666114657150159, "midnight_share_common_window": 0.0281378810898536, "night_tube_extension_share": 0.0082917611879689997, "post_0100_share": 0.0054590295464959004, "common_window_persistence": 0.041367932876428898, "weekend_common_ratio": 0.75617572799347976, "volume_band": "medium", "cluster": 4, "Station": "Harrow & Wealdstone", "mode_label": "LO,LU", "tot_entry": 5169.1071449479887, "tot_exit": 14380.840644617463, "easting": 515443.4908, "northing": 189445.8062, "lon": -0.33488645488903879, "lat": 51.592043825104341, "coord_source": "underground_stations_csv", "catchment_area_m2": 3266893.1934245797, "station_in_lnwc_extent": true }, "geometry": { "type": "Polygon", "coordinates": [ [ [ -0.339536386483871, 51.602435664811047 ], [ -0.337878329017619, 51.602669500397539 ], [ -0.336191438844476, 51.602800981358165 ], [ -0.33449197291574, 51.602828840676366 ], [ -0.33279630960367, 51.602752809966432 ], [ -0.331120790523103, 51.602573622061577 ], [ -0.329481562712295, 51.602293003932544 ], [ -0.327894422709856, 51.601913660006232 ], [ -0.326374664045501, 51.601439246046652 ], [ -0.324936929627996, 51.600874333852751 ], [ -0.323595070464473, 51.600224367116539 ], [ -0.322362012081762, 51.599495608871386 ], [ -0.321249629943334, 51.598695081040802 ], [ -0.320268635065595, 51.597830496675911 ], [ -0.319428470935721, 51.59691018553864 ], [ -0.318737222721015, 51.59594301375315 ], [ -0.318201539638151, 51.594938298304008 ], [ -0.31782657122089, 51.593905717208919 ], [ -0.317615918088374, 51.592855216235193 ], [ -0.317595721668335, 51.592372961286188 ], [ -0.328089474833424, 51.585285780818531 ], [ -0.344861219133204, 51.586247256331717 ], [ -0.348719911944389, 51.588455782403727 ], [ -0.35153380764308, 51.592720007012502 ], [ -0.339608550370467, 51.602420727699254 ], [ -0.339536386483871, 51.602435664811047 ] ] ] } },
{ "type": "Feature", "properties": { "NLC": 598, "total_activity": 30529.93007509533, "log_total_activity": 10.326495549565433, "direction_balance": -0.42614200048881212, "post_2300_share": 0.1213784334122186, "midnight_share_common_window": 0.039080528936226003, "night_tube_extension_share": 0.0143180990447303, "post_0100_share": 0.0077914205880491002, "common_window_persistence": 0.057957050440542598, "weekend_common_ratio": 0.75336263696092864, "volume_band": "high", "cluster": 4, "Station": "Harrow-on-the-Hill", "mode_label": "LU", "tot_entry": 8759.9222990553317, "tot_exit": 21770.007776040009, "easting": 515346.2006, "northing": 188038.3989, "lon": -0.33675223223469858, "lat": 51.579414603144983, "coord_source": "underground_stations_csv", "catchment_area_m2": 2121649.8655200764, "station_in_lnwc_extent": true }, "geometry": { "type": "Polygon", "coordinates": [ [ [ -0.328941142242458, 51.569787134285136 ], [ -0.330493034548953, 51.56935646475403 ], [ -0.332105167192695, 51.569022640561386 ], [ -0.333762023821595, 51.568788874559338 ], [ -0.335447658510895, 51.568657416595357 ], [ -0.336101255071481, 51.568646687297459 ], [ -0.345191701366262, 51.572290082004045 ], [ -0.344861219133204, 51.586247256331717 ], [ -0.328089474833424, 51.585285780818531 ], [ -0.327059696260563, 51.581643044125165 ], [ -0.328578543187402, 51.569915647734085 ], [ -0.328941142242458, 51.569787134285136 ] ] ] } },
{ "type": "Feature", "properties": { "NLC": 599, "total_activity": 17895.201553783554, "log_total_activity": 9.7923437656112124, "direction_balance": 0.1337389930295895, "post_2300_share": 0.074162184092979602, "midnight_share_common_window": 0.018566425249392698, "night_tube_extension_share": 0.0038117294861107999, "post_0100_share": 0.0028179290957725, "common_window_persistence": 0.0255230719455544, "weekend_common_ratio": 0.81574678893150843, "volume_band": "medium", "cluster": 2, "Station": "Wood Lane", "mode_label": "LU", "tot_entry": 10144.243894824054, "tot_exit": 7750.9576589595008, "easting": 523373.9519, "northing": 180519.17710000099, "lon": -0.22358983250307199, "lat": 51.510140640931617, "coord_source": "underground_stations_csv", "catchment_area_m2": 275425.71164708456, "station_in_lnwc_extent": true }, "geometry": { "type": "Polygon", "coordinates": [ [ [ -0.22138784241688, 51.50719053785447 ], [ -0.231812969934304, 51.509902823609671 ], [ -0.220625326020147, 51.511734628161129 ], [ -0.216294989717446, 51.508819731353221 ], [ -0.22138784241688, 51.50719053785447 ] ] ] } },
{ "type": "Feature", "properties": { "NLC": 601, "total_activity": 19069.653033615639, "log_total_activity": 9.8559059420362392, "direction_balance": -0.40176943840189971, "post_2300_share": 0.15214299186551819, "midnight_share_common_window": 0.041941351117645402, "night_tube_extension_share": 0.066659574655546297, "post_0100_share": 0.0320362306791383, "common_window_persistence": 0.063624462542624799, "weekend_common_ratio": 0.75340747537562203, "volume_band": "medium", "cluster": 4, "Station": "Hendon Central", "mode_label": "LU", "tot_entry": 5704.0246218904022, "tot_exit": 13365.628411725253, "easting": 522985.7318, "northing": 188635.9596, "lon": -0.22634673982323819, "lat": 51.583171424820769, "coord_source": "underground_stations_csv", "catchment_area_m2": 3463597.494258815, "station_in_lnwc_extent": true }, "geometry": { "type": "Polygon", "coordinates": [ [ [ -0.230134830182804, 51.572645175026963 ], [ -0.23177234888948, 51.57292716612146 ], [ -0.233357651869164, 51.573307794495861 ], [ -0.234875480247933, 51.57378339697263 ], [ -0.236311223267648, 51.574349396176942 ], [ -0.237651058735874, 51.575000344506648 ], [ -0.238882085956719, 51.575729976469866 ], [ -0.239992449869476, 51.576531268890577 ], [ -0.240971455203502, 51.577396508408519 ], [ -0.241809669550577, 51.578317365627491 ], [ -0.242499014359419, 51.579284975204061 ], [ -0.243032842970083, 51.580290021109782 ], [ -0.243406004927808, 51.581322826250258 ], [ -0.243614895945329, 51.582373445582462 ], [ -0.243657493018651, 51.5834317618353 ], [ -0.243533374342605, 51.584487582915116 ], [ -0.243253496624008, 51.585495544773558 ], [ -0.233047800783776, 51.593106881706184 ], [ -0.232584620799472, 51.593234892244098 ], [ -0.230970931123391, 51.59356733247639 ], [ -0.229312678314672, 51.593799632283634 ], [ -0.227625842801383, 51.593929553057222 ], [ -0.225926681013242, 51.593955842823235 ], [ -0.224231568389346, 51.593878248329055 ], [ -0.222556841228178, 51.593697517484941 ], [ -0.22091863892016, 51.59341539213699 ], [ -0.219332748099048, 51.593034591241683 ], [ -0.217814450229184, 51.592558784606474 ], [ -0.216378374110982, 51.591992557451889 ], [ -0.215038354737661, 51.591341366140028 ], [ -0.213807299872476, 51.590611485500517 ], [ -0.212697065638481, 51.589809948265788 ], [ -0.211718342322832, 51.588944477204237 ], [ -0.210880551495934, 51.588023410610106 ], [ -0.210315878209326, 51.587230023113243 ], [ -0.229811083126996, 51.572610241166778 ], [ -0.230134830182804, 51.572645175026963 ] ] ] } },
{ "type": "Feature", "properties": { "NLC": 602, "total_activity": 13951.199997230857, "log_total_activity": 9.5433924807099295, "direction_balance": -0.53244927613392201, "post_2300_share": 0.15748253230022849, "midnight_share_common_window": 0.0453708237194968, "night_tube_extension_share": 0.066036909213397194, "post_0100_share": 0.033023889672526403, "common_window_persistence": 0.067841382033598394, "weekend_common_ratio": 0.79061891981505594, "volume_band": "medium", "cluster": 4, "Station": "High Barnet", "mode_label": "LU", "tot_entry": 3261.4468287528566, "tot_exit": 10689.753168478004, "easting": 525030.1427, "northing": 196180.328199999, "lon": -0.1941662468819022, "lat": 51.650521912227859, "coord_source": "underground_stations_csv", "catchment_area_m2": 4516629.8263861779, "station_in_lnwc_extent": true }, "geometry": { "type": "Polygon", "coordinates": [ [ [ -0.176956305109614, 51.649198307267326 ], [ -0.177247914537781, 51.648155343562166 ], [ -0.177702430529368, 51.647135181288817 ], [ -0.178315465979061, 51.646147643223792 ], [ -0.179081108540438, 51.645202237403417 ], [ -0.179991977890573, 51.644308065652368 ], [ -0.181039297066143, 51.643473736041372 ], [ -0.182212977174165, 51.64270728011342 ], [ -0.183501714654449, 51.642016075670227 ], [ -0.184893100153295, 51.641406775857774 ], [ -0.18637373795938, 51.640885245228546 ], [ -0.187929374854419, 51.640456503390702 ], [ -0.189545037143772, 51.640124676782392 ], [ -0.191205174556371, 51.639892959030924 ], [ -0.192893809639818, 51.639763580274717 ], [ -0.194594691225828, 51.639737785740998 ], [ -0.196291450503636, 51.639815823782484 ], [ -0.197967758214927, 51.639996943488164 ], [ -0.199607481473527, 51.64027940189051 ], [ -0.201194838716445, 51.640660480700738 ], [ -0.202714551310037, 51.641136512412892 ], [ -0.204151990365746, 51.641702915528441 ], [ -0.205493317364026, 51.642354238565318 ], [ -0.206725617242174, 51.643084212432555 ], [ -0.207837022671417, 51.643885810670412 ], [ -0.208816828330393, 51.644751316981079 ], [ -0.209655594075081, 51.645672399405477 ], [ -0.210345236008901, 51.646640190436038 ], [ -0.210879104569931, 51.647645372299756 ], [ -0.21125204887426, 51.64867826659399 ], [ -0.211460466684139, 51.649728927416021 ], [ -0.211502339505801, 51.650787237092374 ], [ -0.211377252463392, 51.651843003587985 ], [ -0.211086398740877, 51.652886058658389 ], [ -0.210632568532029, 51.653906355799926 ], [ -0.210020122587914, 51.654894067053156 ], [ -0.209254950600586, 51.65583967772622 ], [ -0.208344414809079, 51.656734078122128 ], [ -0.207297279358231, 51.65756865138335 ], [ -0.206123626080585, 51.658335356603679 ], [ -0.204834757505245, 51.659026806401165 ], [ -0.203443088023815, 51.65963633820099 ], [ -0.2019620242609, 51.660158078535545 ], [ -0.200405835804068, 51.660586999737831 ], [ -0.198789517544165, 51.660918968476793 ], [ -0.197128644960843, 51.661150785663146 ], [ -0.195439223758706, 51.661280217337172 ], [ -0.193737535316142, 51.66130601623815 ], [ -0.192039979450972, 51.661227933845453 ], [ -0.190362916033924, 51.661046722774508 ], [ -0.188722506992525, 51.660764129503946 ], [ -0.187134560244017, 51.660382877505477 ], [ -0.185614377076416, 51.659906640940612 ], [ -0.184176604462171, 51.659340009180227 ], [ -0.18283509373929, 51.658688442493066 ], [ -0.181602767030903, 51.657958219333437 ], [ -0.180491492696848, 51.657156375741344 ], [ -0.179511971020563, 51.656290637443306 ], [ -0.178673631232764, 51.655369345313581 ], [ -0.177984540860751, 51.654401374918613 ], [ -0.177451328270228, 51.653396050924265 ], [ -0.177079119136529, 51.652363057195217 ], [ -0.17687148744522, 51.651312343455331 ], [ -0.176830421479974, 51.650254029411748 ], [ -0.176956305109614, 51.649198307267326 ] ] ] } },
{ "type": "Feature", "properties": { "NLC": 603, "total_activity": 72618.84151358658, "log_total_activity": 11.192993462558711, "direction_balance": -0.036402396014635102, "post_2300_share": 0.16531299175499159, "midnight_share_common_window": 0.039275792817581999, "night_tube_extension_share": 0.067084765944459696, "post_0100_share": 0.035526067638471798, "common_window_persistence": 0.064312018624767597, "weekend_common_ratio": 1.0030248947914393, "volume_band": "high", "cluster": 3, "Station": "Highbury & Islington", "mode_label": "LO,LU", "tot_entry": 34987.670843342486, "tot_exit": 37631.170670244086, "easting": 531583.269, "northing": 184873.93480000101, "lon": -0.1037367147978817, "lat": 51.5474243924603, "coord_source": "underground_stations_csv", "catchment_area_m2": 1148949.5303033628, "station_in_lnwc_extent": true }, "geometry": { "type": "Polygon", "coordinates": [ [ [ -0.099448855677252, 51.553766982385227 ], [ -0.095350614397385, 51.539241180390349 ], [ -0.104305664763028, 51.539457783748212 ], [ -0.111285289357928, 51.547034530384195 ], [ -0.111037165753565, 51.548327737771473 ], [ -0.104015734227681, 51.553204364735507 ], [ -0.099448855677252, 51.553766982385227 ] ] ] } },
{ "type": "Feature", "properties": { "NLC": 604, "total_activity": 19159.437389026225, "log_total_activity": 9.8606028795015686, "direction_balance": -0.44854634419898071, "post_2300_share": 0.1480375487804643, "midnight_share_common_window": 0.038118431253737997, "night_tube_extension_share": 0.047760783300148803, "post_0100_share": 0.023552504450118399, "common_window_persistence": 0.058519927653502002, "weekend_common_ratio": 0.78362426078854264, "volume_band": "medium", "cluster": 4, "Station": "Highgate", "mode_label": "LU", "tot_entry": 5282.7708956346232, "tot_exit": 13876.666493391614, "easting": 528534.7964, "northing": 188180.79109999901, "lon": -0.14646788226539451, "lat": 51.57784395375154, "coord_source": "underground_stations_csv", "catchment_area_m2": 3605400.440848792, "station_in_lnwc_extent": true }, "geometry": { "type": "Polygon", "coordinates": [ [ [ -0.151910691657741, 51.567603554006531 ], [ -0.153495115478703, 51.567985253246356 ], [ -0.155011907615741, 51.56846187916409 ], [ -0.156446467261283, 51.569028844535623 ], [ -0.157784983587744, 51.569680692458846 ], [ -0.159014568570135, 51.570411148780536 ], [ -0.160123381003949, 51.57121318238557 ], [ -0.161100740527874, 51.572079072772951 ], [ -0.161937230553814, 51.573000484273187 ], [ -0.162624789110183, 51.573968546197563 ], [ -0.163156786717668, 51.574973938152063 ], [ -0.163528090538447, 51.576006979699017 ], [ -0.163608694944212, 51.576416091007502 ], [ -0.1478883463836, 51.588590528785126 ], [ -0.147727971882585, 51.588602770601021 ], [ -0.146028992871331, 51.588627905000592 ], [ -0.1443342445415, 51.588549159643755 ], [ -0.142660059674411, 51.588367293536812 ], [ -0.141022572422947, 51.588084059470759 ], [ -0.139437562513966, 51.587702187090237 ], [ -0.137920302902863, 51.58722535653061 ], [ -0.136485412361972, 51.586658162880276 ], [ -0.135146714434995, 51.586006071813969 ], [ -0.133917104125721, 51.585275366828768 ], [ -0.132808423611948, 51.584473088595821 ], [ -0.131831348185364, 51.583606967017026 ], [ -0.130995283516361, 51.582685346646393 ], [ -0.130308275230292, 51.581717106199427 ], [ -0.129776931659889, 51.58071157293071 ], [ -0.1294063605087, 51.579678432708448 ], [ -0.129244943025928, 51.578856013916585 ], [ -0.132041284658001, 51.574095231481621 ], [ -0.151656737082489, 51.56755963216699 ], [ -0.151910691657741, 51.567603554006531 ] ] ] } },
{ "type": "Feature", "properties": { "NLC": 605, "total_activity": 35002.806674330001, "log_total_activity": 10.463212096681094, "direction_balance": 0.20698894975308951, "post_2300_share": 0.086492123865891293, "midnight_share_common_window": 0.020977739313516101, "night_tube_extension_share": 0.0031383673508178001, "post_0100_share": 0.0017131100581706999, "common_window_persistence": 0.029603527660615501, "weekend_common_ratio": 0.90732540217169899, "volume_band": "high", "cluster": 2, "Station": "High Street Kensington", "mode_label": "LU", "tot_entry": 21124.000433130008, "tot_exit": 13878.806241200004, "easting": 525578.3546, "northing": 179494.316500001, "lon": -0.19220609592531959, "lat": 51.500445098932737, "coord_source": "underground_stations_csv", "catchment_area_m2": 1113199.4495713459, "station_in_lnwc_extent": true }, "geometry": { "type": "Polygon", "coordinates": [ [ [ -0.190413285562333, 51.496113141580679 ], [ -0.200182037137714, 51.496548974942314 ], [ -0.202050504173972, 51.501363959208348 ], [ -0.198652865392225, 51.504018176509568 ], [ -0.190283244777581, 51.505471586682027 ], [ -0.178832690844337, 51.503166530046506 ], [ -0.178270786714132, 51.502840202074424 ], [ -0.190413285562333, 51.496113141580679 ] ] ] } },
{ "type": "Feature", "properties": { "NLC": 606, "total_activity": 5048.1750742206004, "log_total_activity": 8.5269801572865891, "direction_balance": -0.56627329771615598, "post_2300_share": 0.1293291509860717, "midnight_share_common_window": 0.046587546483210097, "night_tube_extension_share": 0.022604576681302301, "post_0100_share": 0.0125673890376702, "common_window_persistence": 0.066607471527516601, "weekend_common_ratio": 0.74035094760461562, "volume_band": "low", "cluster": 0, "Station": "Hillingdon", "mode_label": "LU", "tot_entry": 1094.7641637466006, "tot_exit": 3953.4109104740019, "easting": 507602.2269, "northing": 185034.94229999901, "lon": -0.4493839489109262, "lat": 51.553949316486722, "coord_source": "underground_stations_csv", "catchment_area_m2": 3350866.0196344736, "station_in_lnwc_extent": true }, "geometry": { "type": "Polygon", "coordinates": [ [ [ -0.432202233906343, 51.552663352021398 ], [ -0.432487343680713, 51.55161968590722 ], [ -0.432935151406616, 51.550598465544283 ], [ -0.433541334582659, 51.549609523940319 ], [ -0.434300046828954, 51.548662382686913 ], [ -0.435203974517358, 51.547766160355984 ], [ -0.436244407467153, 51.546929484794958 ], [ -0.437411323015269, 51.546160410161306 ], [ -0.438693482644308, 51.545466339490474 ], [ -0.440078540233834, 51.544853953537846 ], [ -0.441553160891686, 51.54432914657486 ], [ -0.443103149223624, 51.543896969752019 ], [ -0.444713585811824, 51.543561582569886 ], [ -0.446368970596765, 51.543326212920505 ], [ -0.448053371793175, 51.543193126080489 ], [ -0.449750578919639, 51.543163602951246 ], [ -0.451444258483526, 51.543237927753829 ], [ -0.453118110838446, 51.543415385295596 ], [ -0.454756026720568, 51.543694267835178 ], [ -0.456342241973103, 51.544071891480002 ], [ -0.45786148898482, 51.544544621960846 ], [ -0.459299143398709, 51.545107909537727 ], [ -0.460395484155909, 51.545637551054533 ], [ -0.46661927205536, 51.55476554055231 ], [ -0.466566685495579, 51.555232772293643 ], [ -0.466282329754521, 51.556276526818621 ], [ -0.465835207826123, 51.55729787918267 ], [ -0.465229615856965, 51.558286991305344 ], [ -0.464471377507192, 51.559234335042056 ], [ -0.463567788193362, 51.560130784039622 ], [ -0.462527545092646, 51.560967701739933 ], [ -0.461360663572314, 51.561737024680248 ], [ -0.460078380842084, 51.562431340282849 ], [ -0.459278718313653, 51.562784968835075 ], [ -0.432149138237504, 51.553131974488586 ], [ -0.432202233906343, 51.552663352021398 ] ] ] } },
{ "type": "Feature", "properties": { "NLC": 607, "total_activity": 78112.439577901081, "log_total_activity": 11.265917402686693, "direction_balance": 0.44622705208113528, "post_2300_share": 0.13569619738799979, "midnight_share_common_window": 0.032438476606034203, "night_tube_extension_share": 0.054399329388635599, "post_0100_share": 0.0251028042814299, "common_window_persistence": 0.051586560578379702, "weekend_common_ratio": 0.65663082350913193, "volume_band": "high", "cluster": 1, "Station": "Holborn", "mode_label": "LU", "tot_entry": 56484.161610806885, "tot_exit": 21628.277967094251, "easting": 530512.0615, "northing": 181525.07090000101, "lon": -0.1204164211277831, "lat": 51.5175781351181, "coord_source": "underground_stations_csv", "catchment_area_m2": 422880.49938797869, "station_in_lnwc_extent": true }, "geometry": { "type": "Polygon", "coordinates": [ [ [ -0.116758992241336, 51.521846393660837 ], [ -0.115421026575683, 51.514977502118526 ], [ -0.118282808835852, 51.513935903749562 ], [ -0.125272594452088, 51.516360555582608 ], [ -0.126108370938422, 51.519288297832979 ], [ -0.116758992241336, 51.521846393660837 ] ] ] } },
{ "type": "Feature", "properties": { "NLC": 608, "total_activity": 9691.5513725482524, "log_total_activity": 9.1791129697681537, "direction_balance": -0.090536651066152302, "post_2300_share": 0.1300328988729175, "midnight_share_common_window": 0.030185128664828399, "night_tube_extension_share": 0.061172573410436797, "post_0100_share": 0.029435510665165001, "common_window_persistence": 0.043640611656973603, "weekend_common_ratio": 0.80793607719353988, "volume_band": "medium", "cluster": 4, "Station": "Holland Park", "mode_label": "LU", "tot_entry": 4407.0553838210844, "tot_exit": 5284.4959887271698, "easting": 524626.2477, "northing": 180217.3517, "lon": -0.2056604531683881, "lat": 51.507153573531603, "coord_source": "underground_stations_csv", "catchment_area_m2": 894697.83346197591, "station_in_lnwc_extent": true }, "geometry": { "type": "Polygon", "coordinates": [ [ [ -0.209523895694288, 51.511987579199982 ], [ -0.20357629517904, 51.513181263694875 ], [ -0.198652865392225, 51.504018176509568 ], [ -0.202050504173972, 51.501363959208348 ], [ -0.210727497453353, 51.502968015929376 ], [ -0.213866185160389, 51.508717779162943 ], [ -0.209523895694288, 51.511987579199982 ] ] ] } },
{ "type": "Feature", "properties": { "NLC": 609, "total_activity": 19465.290971758732, "log_total_activity": 9.8764395805660179, "direction_balance": -0.2869160279455974, "post_2300_share": 0.15230234604558149, "midnight_share_common_window": 0.039927692756499003, "night_tube_extension_share": 0.065372534997086396, "post_0100_share": 0.031236306727234799, "common_window_persistence": 0.063381068517519706, "weekend_common_ratio": 0.79172574864316481, "volume_band": "medium", "cluster": 4, "Station": "Holloway Road", "mode_label": "LU", "tot_entry": 6940.1935016682128, "tot_exit": 12525.097470090515, "easting": 530907.4434, "northing": 185449.7238, "lon": -0.1132635134211874, "lat": 51.552755764486477, "coord_source": "underground_stations_csv", "catchment_area_m2": 863353.93111311062, "station_in_lnwc_extent": true }, "geometry": { "type": "Polygon", "coordinates": [ [ [ -0.125340574266071, 51.55605450576779 ], [ -0.119528309754907, 51.559353617625106 ], [ -0.104015734227681, 51.553204364735507 ], [ -0.111037165753565, 51.548327737771473 ], [ -0.125648048276034, 51.555318005721219 ], [ -0.125340574266071, 51.55605450576779 ] ] ] } },
{ "type": "Feature", "properties": { "NLC": 610, "total_activity": 5251.1265354847092, "log_total_activity": 8.56638832795133, "direction_balance": -0.5423163032315742, "post_2300_share": 0.1116009920094669, "midnight_share_common_window": 0.034163934644171702, "night_tube_extension_share": 0.0257561486570962, "post_0100_share": 0.017414899974008601, "common_window_persistence": 0.047415098288727503, "weekend_common_ratio": 0.53064499545946242, "volume_band": "low", "cluster": 0, "Station": "Hornchurch", "mode_label": "LU", "tot_entry": 1201.6775024797082, "tot_exit": 4049.4490330049998, "easting": 553944.498, "northing": 186240.2941, "lon": 0.219106840074, "lat": 51.554048957107327, "coord_source": "underground_stations_csv", "catchment_area_m2": 2809632.3290412095, "station_in_lnwc_extent": true }, "geometry": { "type": "Polygon", "coordinates": [ [ [ 0.233193483301171, 51.547786188801439 ], [ 0.232140986603836, 51.54695560133684 ], [ 0.230963022505634, 51.546193322338283 ], [ 0.229670935649952, 51.545506689391608 ], [ 0.228277167487791, 51.544902311639923 ], [ 0.226795136538857, 51.544386006268518 ], [ 0.225239109326543, 51.543962742608997 ], [ 0.223624063223457, 51.543636594396055 ], [ 0.221965542519193, 51.543410700631973 ], [ 0.220279509084638, 51.543287235432537 ], [ 0.21858218905704, 51.543267387141455 ], [ 0.216889917006732, 51.543351346912509 ], [ 0.215218979069676, 51.543538306868562 ], [ 0.213585456539536, 51.543826467854906 ], [ 0.213228900941043, 51.543913689787253 ], [ 0.204544293989447, 51.559851172935367 ], [ 0.205016300133908, 51.560310073025491 ], [ 0.206068625772679, 51.561140904345613 ], [ 0.206989044422094, 51.561736726580087 ], [ 0.223903531789977, 51.561477355342525 ], [ 0.233241908156808, 51.547833242072208 ], [ 0.233193483301171, 51.547786188801439 ] ] ] } },
{ "type": "Feature", "properties": { "NLC": 611, "total_activity": 12969.395238467108, "log_total_activity": 9.4704247501281564, "direction_balance": -0.57468008717279706, "post_2300_share": 0.1746050435286724, "midnight_share_common_window": 0.040416550686431699, "night_tube_extension_share": 0.1047900900751295, "post_0100_share": 0.0525791999477122, "common_window_persistence": 0.064468170761684401, "weekend_common_ratio": 0.74550721098629891, "volume_band": "medium", "cluster": 4, "Station": "Hounslow Central", "mode_label": "LU", "tot_entry": 2758.0710261231852, "tot_exit": 10211.324212343919, "easting": 513567.6962, "northing": 175971.364700001, "lon": -0.36629391723799082, "lat": 51.471319799634692, "coord_source": "underground_stations_csv", "catchment_area_m2": 2376734.5277863513, "station_in_lnwc_extent": true }, "geometry": { "type": "Polygon", "coordinates": [ [ [ -0.357021648511561, 51.462218020381712 ], [ -0.358494512033835, 51.461694235268382 ], [ -0.360042441326041, 51.461263132242628 ], [ -0.361650536788357, 51.4609288604806 ], [ -0.363303320883703, 51.460694637149246 ], [ -0.364984886837702, 51.460562716502139 ], [ -0.366679051428772, 51.460534368225112 ], [ -0.36836951041226, 51.460609865238538 ], [ -0.370039995098259, 51.460788481072427 ], [ -0.371674428592093, 51.46106849683941 ], [ -0.373257080209492, 51.461447217739227 ], [ -0.374772716595237, 51.461920998938311 ], [ -0.376206748104361, 51.462485280577056 ], [ -0.377545369048628, 51.463134631572053 ], [ -0.378664586987334, 51.463797046267793 ], [ -0.373424861482025, 51.481131948125828 ], [ -0.372548100830857, 51.481376141211875 ], [ -0.370939359039305, 51.481710555692288 ], [ -0.369456621121429, 51.481920680127025 ], [ -0.364860665591274, 51.479379828579226 ], [ -0.356411264870444, 51.462487754970581 ], [ -0.357021648511561, 51.462218020381712 ] ] ] } },
{ "type": "Feature", "properties": { "NLC": 612, "total_activity": 15270.020755579329, "log_total_activity": 9.6337122431022362, "direction_balance": -0.59025349958114504, "post_2300_share": 0.1816956085857149, "midnight_share_common_window": 0.050361097144257801, "night_tube_extension_share": 0.098799199165347795, "post_0100_share": 0.0495911204261179, "common_window_persistence": 0.081254968131398, "weekend_common_ratio": 0.82581689929633806, "volume_band": "medium", "cluster": 4, "Station": "Hounslow East", "mode_label": "LU", "tot_entry": 3128.4187829609532, "tot_exit": 12141.601972618369, "easting": 514254.5504, "northing": 176202.92919999899, "lon": -0.35633446056928542, "lat": 51.473262922708727, "coord_source": "underground_stations_csv", "catchment_area_m2": 1989925.6929542813, "station_in_lnwc_extent": true }, "geometry": { "type": "Polygon", "coordinates": [ [ [ -0.339185967475685, 51.471963610258456 ], [ -0.339472651406752, 51.470920171145096 ], [ -0.339921698125089, 51.469899304082567 ], [ -0.340528773263011, 51.468910838668613 ], [ -0.341288021916154, 51.467964291904863 ], [ -0.342192125353307, 51.467068776637412 ], [ -0.343232371758808, 51.466232913907284 ], [ -0.344398740316313, 51.465464750050394 ], [ -0.345679997817107, 51.464771679340572 ], [ -0.347063806858695, 51.464160372915529 ], [ -0.34853684459102, 51.463636714664993 ], [ -0.35008493086944, 51.463205744693383 ], [ -0.351693164586172, 51.462871610896315 ], [ -0.353346066876141, 51.462637529113216 ], [ -0.355027729829595, 51.462505752235764 ], [ -0.356408769434436, 51.462482764191023 ], [ -0.364860665591274, 51.479379828579226 ], [ -0.339135350619634, 51.474208370884092 ], [ -0.339109185061722, 51.474077892934559 ], [ -0.339064418044198, 51.473019573819599 ], [ -0.339185967475685, 51.471963610258456 ] ] ] } },
{ "type": "Feature", "properties": { "NLC": 613, "total_activity": 13121.161865045167, "log_total_activity": 9.4820578252231318, "direction_balance": -0.59531338093007713, "post_2300_share": 0.20120424286497279, "midnight_share_common_window": 0.049126735656502003, "night_tube_extension_share": 0.1132895429492196, "post_0100_share": 0.059005065283748, "common_window_persistence": 0.086075437859930201, "weekend_common_ratio": 0.87501269118113123, "volume_band": "medium", "cluster": 3, "Station": "Hounslow West", "mode_label": "LU", "tot_entry": 2654.9793167171679, "tot_exit": 10466.182548328001, "easting": 512207.7403, "northing": 176196.9816, "lon": -0.38579398315426039, "lat": 51.47361867347103, "coord_source": "underground_stations_csv", "catchment_area_m2": 3815039.3839288931, "station_in_lnwc_extent": true }, "geometry": { "type": "Polygon", "coordinates": [ [ [ -0.379537893453548, 51.463563009425179 ], [ -0.381145933673956, 51.46322846981586 ], [ -0.382798707453336, 51.462993971560223 ], [ -0.384480308114635, 51.462861771556582 ], [ -0.386174552101588, 51.462833142178013 ], [ -0.387865134406088, 51.462908359048981 ], [ -0.389535785153314, 51.463086698394349 ], [ -0.39117042585352, 51.463366443986608 ], [ -0.39275332383241, 51.463744903625013 ], [ -0.394269243368739, 51.464218434989938 ], [ -0.395703592098053, 51.464782480626198 ], [ -0.39704256128506, 51.465431611722188 ], [ -0.398273258623753, 51.466159580267181 ], [ -0.399383832293439, 51.466959379089829 ], [ -0.400363585080002, 51.467823309203858 ], [ -0.401203077464039, 51.468743053818876 ], [ -0.401894218680511, 51.469709758307538 ], [ -0.402430344867141, 51.470714115364622 ], [ -0.402806283540169, 51.471746454541986 ], [ -0.403018403765046, 51.472796835300976 ], [ -0.403064651525229, 51.473855142689402 ], [ -0.402944569933076, 51.47491118472368 ], [ -0.402659304071686, 51.475954790539348 ], [ -0.402211590404104, 51.47697590836507 ], [ -0.401605730835066, 51.477964702375665 ], [ -0.40084755165911, 51.478911647489518 ], [ -0.399944347775864, 51.479807621194574 ], [ -0.398904812697175, 51.480643991514981 ], [ -0.397738955010107, 51.481412700267121 ], [ -0.396458002093104, 51.482106340798062 ], [ -0.395074292008544, 51.482718229452786 ], [ -0.393601154612069, 51.483242470076888 ], [ -0.392052783026308, 51.483674010927743 ], [ -0.39044409672259, 51.484008693441886 ], [ -0.388790597538142, 51.484243292383724 ], [ -0.38710822002693, 51.48437554698571 ], [ -0.385413177599134, 51.484404182776544 ], [ -0.383721805946501, 51.484328923885357 ], [ -0.382050405278067, 51.48415049570206 ], [ -0.380415082902633, 51.483870617868206 ], [ -0.378831597690897, 51.483491987666476 ], [ -0.377315207931132, 51.483018253971188 ], [ -0.375880524058216, 51.482453982012949 ], [ -0.374541367686812, 51.481804609300781 ], [ -0.373421775413779, 51.481142153847138 ], [ -0.378661503342244, 51.463807252176728 ], [ -0.379537893453548, 51.463563009425179 ] ] ] } },
{ "type": "Feature", "properties": { "NLC": 614, "total_activity": 12608.40574080312, "log_total_activity": 9.4421983018217848, "direction_balance": 0.45892081280048941, "post_2300_share": 0.14366991868931819, "midnight_share_common_window": 0.032080460319932502, "night_tube_extension_share": 0.052085197677929698, "post_0100_share": 0.025172250523305, "common_window_persistence": 0.048186737635856097, "weekend_common_ratio": 1.0019379599149771, "volume_band": "medium", "cluster": 2, "Station": "Hyde Park Corner", "mode_label": "LU", "tot_entry": 9197.3327757454153, "tot_exit": 3411.0729650576968, "easting": 528213.2383, "northing": 179816.724099999, "lon": -0.15414966922837581, "lat": 51.502751550495702, "coord_source": "underground_stations_csv", "catchment_area_m2": 801272.11354263674, "station_in_lnwc_extent": true }, "geometry": { "type": "Polygon", "coordinates": [ [ [ -0.151742326807776, 51.508539647870315 ], [ -0.145504956184378, 51.501689097081488 ], [ -0.152004349229026, 51.497279435126657 ], [ -0.15545798007936, 51.497561857885117 ], [ -0.160776469076211, 51.507596966255832 ], [ -0.152112849980594, 51.508595094328989 ], [ -0.151742326807776, 51.508539647870315 ] ] ] } },
{ "type": "Feature", "properties": { "NLC": 615, "total_activity": 2685.1153526734383, "log_total_activity": 7.8958513220558366, "direction_balance": -0.49997188760837219, "post_2300_share": 0.1334968530804449, "midnight_share_common_window": 0.045240821532634597, "night_tube_extension_share": 0.023143760218158602, "post_0100_share": 0.013412155491804899, "common_window_persistence": 0.065267339770139002, "weekend_common_ratio": 0.65911093601629966, "volume_band": "low", "cluster": 0, "Station": "Ickenham", "mode_label": "LU", "tot_entry": 671.31658067553997, "tot_exit": 2013.7987719978985, "easting": 508092.3561, "northing": 185937.6131, "lon": -0.44204013678137111, "lat": 51.561968972110819, "coord_source": "underground_stations_csv", "catchment_area_m2": 2193522.9803794199, "station_in_lnwc_extent": true }, "geometry": { "type": "Polygon", "coordinates": [ [ [ -0.42695447370139, 51.556681085804179 ], [ -0.427858706958755, 51.555784923828618 ], [ -0.428899459463175, 51.554948317209295 ], [ -0.430066705475781, 51.554179319438447 ], [ -0.431349203299435, 51.553485332810205 ], [ -0.432148913643656, 51.553131894532982 ], [ -0.459278493623914, 51.562784888930771 ], [ -0.45922566203943, 51.56325352506672 ], [ -0.458941084621852, 51.564297258603602 ], [ -0.458493716269541, 51.565318579615983 ], [ -0.457887855499267, 51.566307650323836 ], [ -0.457129328557976, 51.567254942979893 ], [ -0.456225433640803, 51.568151331721332 ], [ -0.455184870868535, 51.568988180568944 ], [ -0.45492741666301, 51.56915785792156 ], [ -0.42773209717282, 51.563100433598578 ], [ -0.426325336693133, 51.561913372743319 ], [ -0.426822269700712, 51.556846054724183 ], [ -0.42695447370139, 51.556681085804179 ] ] ] } },
{ "type": "Feature", "properties": { "NLC": 616, "total_activity": 24113.461860837597, "log_total_activity": 10.090567016717589, "direction_balance": -0.31057875279123331, "post_2300_share": 0.1929233763774473, "midnight_share_common_window": 0.046772991129844503, "night_tube_extension_share": 0.1115898479798616, "post_0100_share": 0.057393442963578803, "common_window_persistence": 0.077811265102585694, "weekend_common_ratio": 0.91813383326751363, "volume_band": "high", "cluster": 4, "Station": "Kennington", "mode_label": "LU", "tot_entry": 8312.1664753098394, "tot_exit": 15801.295385527756, "easting": 531598.8041, "northing": 178299.55629999901, "lon": -0.1059654128623501, "lat": 51.488340031919968, "coord_source": "underground_stations_csv", "catchment_area_m2": 1688045.2715477375, "station_in_lnwc_extent": true }, "geometry": { "type": "Polygon", "coordinates": [ [ [ -0.08881940212587, 51.487004118657957 ], [ -0.089111887603455, 51.485961356689337 ], [ -0.089566655592006, 51.484941512653521 ], [ -0.090179316670702, 51.483954406260928 ], [ -0.090943962202702, 51.483009541394303 ], [ -0.09185322156001, 51.48211601467716 ], [ -0.092898333362657, 51.481282427981164 ], [ -0.094069230036352, 51.480516805711567 ], [ -0.095354634867316, 51.479826517661785 ], [ -0.09545110504452, 51.479784225241723 ], [ -0.115263197716034, 51.487434934493074 ], [ -0.116875246265375, 51.49178251547783 ], [ -0.109370579678814, 51.493527956797742 ], [ -0.088704312362647, 51.488393392158187 ], [ -0.088692026716916, 51.488059757515749 ], [ -0.08881940212587, 51.487004118657957 ] ] ] } },
{ "type": "Feature", "properties": { "NLC": 617, "total_activity": 7721.2883043917491, "log_total_activity": 8.9518660115832986, "direction_balance": -0.44550363212630151, "post_2300_share": 0.1330475314490506, "midnight_share_common_window": 0.036601682176938197, "night_tube_extension_share": 0.0045046706116654003, "post_0100_share": 0.0024361843411811, "common_window_persistence": 0.056323219994618298, "weekend_common_ratio": 0.73868387967959925, "volume_band": "low", "cluster": 4, "Station": "Kensal Green", "mode_label": "LO,LU", "tot_entry": 2140.7131600454486, "tot_exit": 5580.5751443463041, "easting": 523257.1398, "northing": 182789.7245, "lon": -0.2244787816465951, "lat": 51.530571777558123, "coord_source": "underground_stations_csv", "catchment_area_m2": 1805803.3953294088, "station_in_lnwc_extent": true }, "geometry": { "type": "Polygon", "coordinates": [ [ [ -0.213391470994217, 51.5285968127112 ], [ -0.212290105249815, 51.52623972340416 ], [ -0.212550202276435, 51.525995137857855 ], [ -0.223362082652618, 51.521684352470963 ], [ -0.225294023667632, 51.521393233530304 ], [ -0.232348243985459, 51.521390483706988 ], [ -0.23630599964168, 51.523890667326839 ], [ -0.233102906704881, 51.537558552229804 ], [ -0.213391470994217, 51.5285968127112 ] ] ] } },
{ "type": "Feature", "properties": { "NLC": 618, "total_activity": 7333.8523326931008, "log_total_activity": 8.9003925584989183, "direction_balance": 0.13382379833010619, "post_2300_share": 0.055589704327928702, "midnight_share_common_window": 0.0086266269134529002, "night_tube_extension_share": 0.0, "post_0100_share": 0.0, "common_window_persistence": 0.0111805772481648, "weekend_common_ratio": 0.72257401621588491, "volume_band": "low", "cluster": 2, "Station": "Kensington (Olympia)", "mode_label": "LO,LU", "tot_entry": 4157.6481541231005, "tot_exit": 3176.2041785699994, "easting": 524341.6907, "northing": 179162.42390000101, "lon": -0.21012996310043211, "lat": 51.497735488084537, "coord_source": "underground_stations_csv", "catchment_area_m2": 929805.94888538215, "station_in_lnwc_extent": true }, "geometry": { "type": "Polygon", "coordinates": [ [ [ -0.202050504173972, 51.501363959208348 ], [ -0.200182037137714, 51.496548974942314 ], [ -0.200509998941996, 51.496172270525861 ], [ -0.210483007235974, 51.493557817645176 ], [ -0.216815486704246, 51.495068680458623 ], [ -0.217418949060848, 51.495597961433788 ], [ -0.219347527706376, 51.498412067688108 ], [ -0.219208658102278, 51.498621983881478 ], [ -0.210727497453353, 51.502968015929376 ], [ -0.202050504173972, 51.501363959208348 ] ] ] } },
{ "type": "Feature", "properties": { "NLC": 619, "total_activity": 36195.280876455217, "log_total_activity": 10.496711654316462, "direction_balance": -0.095663105282294394, "post_2300_share": 0.17483743179030681, "midnight_share_common_window": 0.042880370042096702, "night_tube_extension_share": 0.010430937569663699, "post_0100_share": 0.0055893846665043996, "common_window_persistence": 0.079510939793941804, "weekend_common_ratio": 0.67000409853727627, "volume_band": "high", "cluster": 3, "Station": "Kentish Town", "mode_label": "LU", "tot_entry": 16366.363955624334, "tot_exit": 19828.916920830889, "easting": 529009.0105, "northing": 185127.159, "lon": -0.14074793998214261, "lat": 51.550293877449789, "coord_source": "underground_stations_csv", "catchment_area_m2": 806492.25842762319, "station_in_lnwc_extent": true }, "geometry": { "type": "Polygon", "coordinates": [ [ [ -0.129052196374082, 51.55213941721717 ], [ -0.130120164576624, 51.546916389023998 ], [ -0.13956505494345, 51.546001995683973 ], [ -0.148036204815895, 51.550913979123457 ], [ -0.144089562457033, 51.554175988138631 ], [ -0.129052196374082, 51.55213941721717 ] ] ] } },
{ "type": "Feature", "properties": { "NLC": 620, "total_activity": 6298.4385766319565, "log_total_activity": 8.7482157935883382, "direction_balance": -0.30939813468713911, "post_2300_share": 0.1034183098469382, "midnight_share_common_window": 0.026861328888064299, "night_tube_extension_share": 0.0015067236143108001, "post_0100_share": 0.0011174454282354999, "common_window_persistence": 0.039780206760122103, "weekend_common_ratio": 0.76188857071080196, "volume_band": "low", "cluster": 2, "Station": "Kenton", "mode_label": "LO,LU", "tot_entry": 2174.8567147902536, "tot_exit": 4123.5818618417034, "easting": 516727.9918, "northing": 188314.4716, "lon": -0.31672815541742488, "lat": 51.581611621020151, "coord_source": "underground_stations_csv", "catchment_area_m2": 2141122.3807625561, "station_in_lnwc_extent": true }, "geometry": { "type": "Polygon", "coordinates": [ [ [ -0.316329521017061, 51.592396555867865 ], [ -0.314634282341535, 51.592320266399959 ], [ -0.312959223826635, 51.59214082301915 ], [ -0.311320488065957, 51.591859955158888 ], [ -0.309733866849491, 51.591480369652913 ], [ -0.308214648700494, 51.591005724593053 ], [ -0.306777471312046, 51.590440594004463 ], [ -0.305436180316978, 51.589790423682487 ], [ -0.304203695761348, 51.589061478620458 ], [ -0.303091887574511, 51.588260782539891 ], [ -0.302111461239011, 51.587396050110442 ], [ -0.301271854761954, 51.586475612517702 ], [ -0.300581147937326, 51.585508337101039 ], [ -0.300045984767083, 51.58450354184005 ], [ -0.299671509779132, 51.583470905517956 ], [ -0.299468409134511, 51.582455812347355 ], [ -0.304258605419059, 51.578271448049911 ], [ -0.305157864295105, 51.578015636149999 ], [ -0.327059696260563, 51.581643044125165 ], [ -0.328089474833424, 51.585285780818531 ], [ -0.317591125365375, 51.592376064799879 ], [ -0.316329521017061, 51.592396555867865 ] ] ] } },
{ "type": "Feature", "properties": { "NLC": 621, "total_activity": 10327.376597991091, "log_total_activity": 9.2426503956485888, "direction_balance": -0.28123565096101061, "post_2300_share": 0.1058056536359336, "midnight_share_common_window": 0.031357280266826999, "night_tube_extension_share": 0.0067755657274062003, "post_0100_share": 0.0039744523203767996, "common_window_persistence": 0.044599135665769403, "weekend_common_ratio": 0.74432934318095623, "volume_band": "medium", "cluster": 0, "Station": "Kew Gardens", "mode_label": "LO,LU", "tot_entry": 3711.4750588677798, "tot_exit": 6615.9015391233097, "easting": 519196.0695, "northing": 176731.8028, "lon": -0.28504091647405499, "lat": 51.476997744586541, "coord_source": "underground_stations_csv", "catchment_area_m2": 3946654.2592270165, "station_in_lnwc_extent": true }, "geometry": { "type": "Polygon", "coordinates": [ [ [ -0.267893305651974, 51.475688010748058 ], [ -0.268181637691384, 51.474644762272668 ], [ -0.268632308008081, 51.473624184352211 ], [ -0.269240966611519, 51.472636103789952 ], [ -0.270001743365887, 51.471690033872406 ], [ -0.270907304845914, 51.470795082846344 ], [ -0.271948925219927, 51.469959866313538 ], [ -0.273116570467608, 51.469192424383571 ], [ -0.274398995114391, 51.468500144376705 ], [ -0.275783850547043, 51.467889689817035 ], [ -0.277257803866728, 51.467366936393809 ], [ -0.278806666137655, 51.46693691550297 ], [ -0.28041552880217, 51.466603765907294 ], [ -0.282068906957459, 51.466370693976678 ], [ -0.283750888125565, 51.466239942887512 ], [ -0.285138877467139, 51.466217686528118 ], [ -0.301573184953589, 51.473897948114207 ], [ -0.301684570915009, 51.474107556272195 ], [ -0.302058253332353, 51.475140196907923 ], [ -0.302268068600545, 51.476190737861977 ], [ -0.302311984888971, 51.477249062623947 ], [ -0.302189567759312, 51.478304979026845 ], [ -0.30190198479133, 51.479348317400103 ], [ -0.30145199477527, 51.480369028532763 ], [ -0.300843921558107, 51.481357280502351 ], [ -0.300083612779587, 51.482303553435216 ], [ -0.299178383880931, 51.483198731282897 ], [ -0.298136947912889, 51.48403418972692 ], [ -0.296969331809156, 51.484801879361235 ], [ -0.295686779924306, 51.485494403346415 ], [ -0.294301645761248, 51.486105088782416 ], [ -0.292827272930268, 51.486628051107544 ], [ -0.291277866488737, 51.48705825089791 ], [ -0.290763999213092, 51.487164663615204 ], [ -0.269414904237218, 51.481573965001473 ], [ -0.268928502696636, 51.480890487762444 ], [ -0.268395210273041, 51.47988554887921 ], [ -0.268022254621373, 51.478852808556653 ], [ -0.26781321703764, 51.477802214081919 ], [ -0.267770099466482, 51.476743884022198 ], [ -0.267893305651974, 51.475688010748058 ] ] ] } },
{ "type": "Feature", "properties": { "NLC": 622, "total_activity": 23755.442449169401, "log_total_activity": 10.075609033695828, "direction_balance": -0.32642340838905781, "post_2300_share": 0.16750519069961309, "midnight_share_common_window": 0.045077202755633303, "night_tube_extension_share": 0.074168197439336198, "post_0100_share": 0.035749849652656797, "common_window_persistence": 0.0728098052890708, "weekend_common_ratio": 0.85678226729407347, "volume_band": "high", "cluster": 4, "Station": "Kilburn", "mode_label": "LU", "tot_entry": 8000.5549785607072, "tot_exit": 15754.887470608695, "easting": 524583.2751, "northing": 184644.8518, "lon": -0.20471489160119849, "lat": 51.546953022454446, "coord_source": "underground_stations_csv", "catchment_area_m2": 1332151.0354465593, "station_in_lnwc_extent": true }, "geometry": { "type": "Polygon", "coordinates": [ [ [ -0.209330656321858, 51.557349761109862 ], [ -0.207673623238849, 51.557581768114183 ], [ -0.205988076940913, 51.557711390926293 ], [ -0.204290261420468, 51.557737380446234 ], [ -0.202596539127469, 51.557659486316687 ], [ -0.20092323294543, 51.557478459336252 ], [ -0.199286468554138, 51.557196044204666 ], [ -0.197702018714093, 51.556814962669776 ], [ -0.197180957334809, 51.556651428640777 ], [ -0.197361861247114, 51.549884786518383 ], [ -0.20692619710076, 51.543812380755249 ], [ -0.214359585910135, 51.546300237512021 ], [ -0.210631350825399, 51.557081844467021 ], [ -0.209330656321858, 51.557349761109862 ] ] ] } },
{ "type": "Feature", "properties": { "NLC": 623, "total_activity": 11633.3917302096, "log_total_activity": 9.3617207950581864, "direction_balance": -0.34122493674663518, "post_2300_share": 0.1259410446259599, "midnight_share_common_window": 0.033282076648433301, "night_tube_extension_share": 0.0048923834632973, "post_0100_share": 0.0030445597123687001, "common_window_persistence": 0.052607384091078298, "weekend_common_ratio": 0.91819625883655143, "volume_band": "medium", "cluster": 4, "Station": "Kilburn Park", "mode_label": "LU", "tot_entry": 3831.8941864600019, "tot_exit": 7801.4975437495987, "easting": 525357.7486, "northing": 183328.0363, "lon": -0.19402032290999019, "lat": 51.534947545387965, "coord_source": "underground_stations_csv", "catchment_area_m2": 554082.58792836661, "station_in_lnwc_extent": true }, "geometry": { "type": "Polygon", "coordinates": [ [ [ -0.198532772552312, 51.528120930433076 ], [ -0.200587628376384, 51.537786195825703 ], [ -0.186235592530837, 51.534590624696733 ], [ -0.1972473259068, 51.5278666310953 ], [ -0.198532772552312, 51.528120930433076 ] ] ] } },
{ "type": "Feature", "properties": { "NLC": 624, "total_activity": 14089.998213639619, "log_total_activity": 9.5532914479219517, "direction_balance": -0.52353741763330386, "post_2300_share": 0.1346247263587434, "midnight_share_common_window": 0.039505684519968998, "night_tube_extension_share": 0.068081947958408995, "post_0100_share": 0.032349879565096197, "common_window_persistence": 0.056493425000353398, "weekend_common_ratio": 0.71805128901174975, "volume_band": "medium", "cluster": 0, "Station": "Kingsbury", "mode_label": "LU", "tot_entry": 3356.6784672064346, "tot_exit": 10733.319746433182, "easting": 519358.6236, "northing": 188712.7984, "lon": -0.27864474402888673, "lat": 51.584641087244194, "coord_source": "underground_stations_csv", "catchment_area_m2": 3274821.1293056984, "station_in_lnwc_extent": true }, "geometry": { "type": "Polygon", "coordinates": [ [ [ -0.261456913641733, 51.583330061987084 ], [ -0.261746132847297, 51.582286855498054 ], [ -0.262198068950937, 51.581266331634687 ], [ -0.262808359712196, 51.580278316671688 ], [ -0.263571119225898, 51.579332323253837 ], [ -0.26447899493177, 51.578437458879421 ], [ -0.265523238683318, 51.57760233830291 ], [ -0.266693791181532, 51.57683500069605 ], [ -0.267979378953278, 51.576142832360659 ], [ -0.269367622936527, 51.575532495731814 ], [ -0.270845157626115, 51.575009865350431 ], [ -0.272397759635362, 51.5745799714161 ], [ -0.27401048444143, 51.574246951459386 ], [ -0.275123524324128, 51.574090514035234 ], [ -0.278713704567343, 51.574184408758512 ], [ -0.295704714255682, 51.582795366272592 ], [ -0.295912720909872, 51.583835408416114 ], [ -0.295956534359911, 51.584893716461615 ], [ -0.295912600066068, 51.58527114383643 ], [ -0.269867777654729, 51.593283956891362 ], [ -0.266378252491113, 51.592193644100213 ], [ -0.262089048999048, 51.58777182437494 ], [ -0.261959171870032, 51.58752755922135 ], [ -0.261585540263687, 51.586494809743648 ], [ -0.261376217273054, 51.585444219077388 ], [ -0.261333207521071, 51.584385905755518 ], [ -0.261456913641733, 51.583330061987084 ] ] ] } },
{ "type": "Feature", "properties": { "NLC": 625, "total_activity": 313585.64886705001, "log_total_activity": 12.655830992786315, "direction_balance": 0.05630815371615, "post_2300_share": 0.12088617434279619, "midnight_share_common_window": 0.029970118769432799, "night_tube_extension_share": 0.0349435275080636, "post_0100_share": 0.017254765470723701, "common_window_persistence": 0.046075925807526903, "weekend_common_ratio": 1.0242774648187376, "volume_band": "high", "cluster": 2, "Station": "King's Cross St. Pancras", "mode_label": "LU", "tot_entry": 165621.53889331734, "tot_exit": 147964.10997373282, "easting": 530174.7976, "northing": 182874.774700001, "lon": -0.12477613021792849, "lat": 51.529785143075891, "coord_source": "underground_stations_csv", "catchment_area_m2": 1176738.0441491168, "station_in_lnwc_extent": true }, "geometry": { "type": "Polygon", "coordinates": [ [ [ -0.126404933450273, 51.538124339527798 ], [ -0.115768530206059, 51.535296096307725 ], [ -0.113899431677816, 51.526732867997147 ], [ -0.128517231897936, 51.526305093668739 ], [ -0.131359067056029, 51.532691074574728 ], [ -0.126465420652149, 51.538097016105738 ], [ -0.126404933450273, 51.538124339527798 ] ] ] } },
{ "type": "Feature", "properties": { "NLC": 626, "total_activity": 54051.027004476819, "log_total_activity": 10.897702324759658, "direction_balance": 0.52918280535638207, "post_2300_share": 0.078763385597912905, "midnight_share_common_window": 0.0193998586962386, "night_tube_extension_share": 0.017103542131421599, "post_0100_share": 0.0086255410718133994, "common_window_persistence": 0.026497183795379901, "weekend_common_ratio": 1.037334313803709, "volume_band": "high", "cluster": 2, "Station": "Knightsbridge", "mode_label": "LU", "tot_entry": 41326.950553549672, "tot_exit": 12724.076450927112, "easting": 527709.677, "northing": 179635.9859, "lon": -0.16146611606618971, "lat": 51.501241187291313, "coord_source": "underground_stations_csv", "catchment_area_m2": 1104630.2239670695, "station_in_lnwc_extent": true }, "geometry": { "type": "Polygon", "coordinates": [ [ [ -0.165186535029353, 51.508167559433332 ], [ -0.160776469076211, 51.507596966255832 ], [ -0.15545798007936, 51.497561857885117 ], [ -0.164107070761712, 51.495620074943915 ], [ -0.17542495798633, 51.502831372574612 ], [ -0.165186535029353, 51.508167559433332 ] ] ] } },
{ "type": "Feature", "properties": { "NLC": 627, "total_activity": 17958.508968414637, "log_total_activity": 9.7958750011937195, "direction_balance": 0.0091464908026655002, "post_2300_share": 0.10088166035949959, "midnight_share_common_window": 0.026806652915202001, "night_tube_extension_share": 0.0059100326228492999, "post_0100_share": 0.0039642268377134996, "common_window_persistence": 0.0385227020960109, "weekend_common_ratio": 0.91327774597327038, "volume_band": "medium", "cluster": 4, "Station": "Ladbroke Grove", "mode_label": "LU", "tot_entry": 9061.3831527619168, "tot_exit": 8897.1258156527219, "easting": 524234.8749, "northing": 181339.0615, "lon": -0.21090185775767431, "lat": 51.517320539198892, "coord_source": "underground_stations_csv", "catchment_area_m2": 1111323.8588756495, "station_in_lnwc_extent": true }, "geometry": { "type": "Polygon", "coordinates": [ [ [ -0.223362082652618, 51.521684352470963 ], [ -0.212550202276435, 51.525995137857855 ], [ -0.201670791641944, 51.514527073036831 ], [ -0.20357629517904, 51.513181263694875 ], [ -0.209523895694288, 51.511987579199982 ], [ -0.223362082652618, 51.521684352470963 ] ] ] } },
{ "type": "Feature", "properties": { "NLC": 628, "total_activity": 10095.077677967194, "log_total_activity": 9.2199022786863392, "direction_balance": -0.12934231158444481, "post_2300_share": 0.1093402289658717, "midnight_share_common_window": 0.0238331144295332, "night_tube_extension_share": 0.0018385869268323001, "post_0100_share": 0.0010508592046946999, "common_window_persistence": 0.038018090836177201, "weekend_common_ratio": 0.87406617625017025, "volume_band": "medium", "cluster": 4, "Station": "Lambeth North", "mode_label": "LU", "tot_entry": 4394.6784977371944, "tot_exit": 5700.3991802300015, "easting": 531133.5815, "northing": 179456.1932, "lon": -0.1122327661467621, "lat": 51.498842228801465, "coord_source": "underground_stations_csv", "catchment_area_m2": 836970.00554786564, "station_in_lnwc_extent": true }, "geometry": { "type": "Polygon", "coordinates": [ [ [ -0.118865236712033, 51.500101390924172 ], [ -0.109423019399804, 51.501862126090202 ], [ -0.105046213951654, 51.499721906378447 ], [ -0.109370579678814, 51.493527956797742 ], [ -0.116875246265375, 51.49178251547783 ], [ -0.121562523989537, 51.493452622561193 ], [ -0.118865236712033, 51.500101390924172 ] ] ] } },
{ "type": "Feature", "properties": { "NLC": 629, "total_activity": 13279.869120568805, "log_total_activity": 9.4940798667149036, "direction_balance": -0.15716836056381309, "post_2300_share": 0.1758257416956365, "midnight_share_common_window": 0.038159751118911102, "night_tube_extension_share": 0.078124524703631404, "post_0100_share": 0.040216977092619802, "common_window_persistence": 0.0639260141994515, "weekend_common_ratio": 1.1365098711981645, "volume_band": "medium", "cluster": 4, "Station": "Lancaster Gate", "mode_label": "LU", "tot_entry": 5596.3469311934978, "tot_exit": 7683.5221893753051, "easting": 526710.5082, "northing": 180773.3476, "lon": -0.17544510185673501, "lat": 51.511687195783409, "coord_source": "underground_stations_csv", "catchment_area_m2": 1087256.584283361, "station_in_lnwc_extent": true }, "geometry": { "type": "Polygon", "coordinates": [ [ [ -0.165186535029353, 51.508167559433332 ], [ -0.17542495798633, 51.502831372574612 ], [ -0.177630685026367, 51.50272002172261 ], [ -0.178270786714132, 51.502840202074424 ], [ -0.178832690844337, 51.503166530046506 ], [ -0.181664537538672, 51.51215242607114 ], [ -0.181438700343803, 51.513875342434176 ], [ -0.167992518723365, 51.514460086265714 ], [ -0.166774862390091, 51.514015729793329 ], [ -0.165186535029353, 51.508167559433332 ] ] ] } },
{ "type": "Feature", "properties": { "NLC": 630, "total_activity": 7284.8086023645801, "log_total_activity": 8.8936837079899469, "direction_balance": -0.0126164173867645, "post_2300_share": 0.083617479972618605, "midnight_share_common_window": 0.023855900586376801, "night_tube_extension_share": 0.0075587615254499004, "post_0100_share": 0.0042757702961306997, "common_window_persistence": 0.033293552223048299, "weekend_common_ratio": 0.61348174012787471, "volume_band": "low", "cluster": 2, "Station": "Latimer Road", "mode_label": "LU", "tot_entry": 3596.4502082272279, "tot_exit": 3688.3583941373522, "easting": 523762.9916, "northing": 180897.8333, "lon": -0.2178539357732128, "lat": 51.513458663999614, "coord_source": "underground_stations_csv", "catchment_area_m2": 667889.27963057172, "station_in_lnwc_extent": true }, "geometry": { "type": "Polygon", "coordinates": [ [ [ -0.216294989717446, 51.508819731353221 ], [ -0.220625326020147, 51.511734628161129 ], [ -0.225294023667632, 51.521393233530304 ], [ -0.223362082652618, 51.521684352470963 ], [ -0.209523895694288, 51.511987579199982 ], [ -0.213866185160389, 51.508717779162943 ], [ -0.216294989717446, 51.508819731353221 ] ] ] } },
{ "type": "Feature", "properties": { "NLC": 631, "total_activity": 177735.30840152336, "log_total_activity": 12.088056317421792, "direction_balance": 0.4209739489719897, "post_2300_share": 0.16801790235275149, "midnight_share_common_window": 0.039897213802099901, "night_tube_extension_share": 0.066929269141275005, "post_0100_share": 0.036989054656440902, "common_window_persistence": 0.072151164154185099, "weekend_common_ratio": 1.275902825984556, "volume_band": "high", "cluster": 1, "Station": "Leicester Square", "mode_label": "LU", "tot_entry": 126278.62152553344, "tot_exit": 51456.686875989821, "easting": 529980.4296, "northing": 180824.48200000101, "lon": -0.128332134429999, "lat": 51.511404657286057, "coord_source": "underground_stations_csv", "catchment_area_m2": 193801.64348538313, "station_in_lnwc_extent": true }, "geometry": { "type": "Polygon", "coordinates": [ [ [ -0.130017536602054, 51.509193207939276 ], [ -0.132715708548561, 51.513379066118269 ], [ -0.128407084058492, 51.514100106382877 ], [ -0.123998588062133, 51.510188404561035 ], [ -0.124858559060062, 51.509666354454446 ], [ -0.130017536602054, 51.509193207939276 ] ] ] } },
{ "type": "Feature", "properties": { "NLC": 632, "total_activity": 37323.285749063478, "log_total_activity": 10.527399486231356, "direction_balance": -0.44636971907469941, "post_2300_share": 0.15857245458331551, "midnight_share_common_window": 0.047947415637497097, "night_tube_extension_share": 0.055457780945625597, "post_0100_share": 0.0268548211373545, "common_window_persistence": 0.076196161532672405, "weekend_common_ratio": 0.76830522096955944, "volume_band": "high", "cluster": 4, "Station": "Leyton", "mode_label": "LU", "tot_entry": 10331.650587154649, "tot_exit": 26991.635161908835, "easting": 538367.4374000001, "northing": 186075.85359999901, "lon": -0.0054871553824250002, "lat": 51.556603565210629, "coord_source": "underground_stations_csv", "catchment_area_m2": 2234036.9728802531, "station_in_lnwc_extent": true }, "geometry": { "type": "Polygon", "coordinates": [ [ [ -0.022544501525126, 51.554787061779344 ], [ -0.022748184545518, 51.555838021680671 ], [ -0.022785641781519, 51.55689636614256 ], [ -0.022656500941874, 51.557951902764174 ], [ -0.022361994325547, 51.558994465486904 ], [ -0.021904947392135, 51.56001401252432 ], [ -0.021289751966421, 51.561000723121495 ], [ -0.020522324319148, 51.561945092209392 ], [ -0.020328132713908, 51.562135169325295 ], [ -0.002814452565455, 51.563499908713531 ], [ 0.007977197891283, 51.554745803885488 ], [ -0.0023454493838, 51.55041593660669 ], [ -0.018677620045479, 51.551907369746452 ], [ -0.022259065108056, 51.553985334906407 ], [ -0.022544501525126, 51.554787061779344 ] ] ] } },
{ "type": "Feature", "properties": { "NLC": 633, "total_activity": 28422.391445501384, "log_total_activity": 10.254967727589223, "direction_balance": -0.44746977951794942, "post_2300_share": 0.16618189964105479, "midnight_share_common_window": 0.047494411554171903, "night_tube_extension_share": 0.066252446687311894, "post_0100_share": 0.031979631284505802, "common_window_persistence": 0.074316702873022902, "weekend_common_ratio": 0.76768522792339544, "volume_band": "high", "cluster": 4, "Station": "Leytonstone", "mode_label": "LU", "tot_entry": 7852.1151060050152, "tot_exit": 20570.276339496369, "easting": 539279.2763, "northing": 187404.73540000099, "lon": 0.0081832198740443007, "lat": 51.568320494028455, "coord_source": "underground_stations_csv", "catchment_area_m2": 1529593.2211476052, "station_in_lnwc_extent": true }, "geometry": { "type": "Polygon", "coordinates": [ [ [ 0.016863844930211, 51.573637038030341 ], [ 0.023612688728388, 51.566280284562609 ], [ -0.000773803619657, 51.56555465262413 ], [ 0.001894284669389, 51.577177842546114 ], [ 0.006029149223803, 51.578133880033853 ], [ 0.016863844930211, 51.573637038030341 ] ] ] } },
{ "type": "Feature", "properties": { "NLC": 634, "total_activity": 378612.93823007093, "log_total_activity": 12.844272332267415, "direction_balance": 0.20297202036745471, "post_2300_share": 0.1269575777940552, "midnight_share_common_window": 0.031278634247783099, "night_tube_extension_share": 0.025326089060342099, "post_0100_share": 0.012236287339037, "common_window_persistence": 0.047630646265267598, "weekend_common_ratio": 0.70400967269910308, "volume_band": "high", "cluster": 2, "Station": "Liverpool Street LU", "mode_label": "EZL,LO,LU", "tot_entry": 227730.38561994344, "tot_exit": 150882.55261012763, "easting": 533093.853, "northing": 181566.9186, "lon": -0.083213309235549801, "lat": 51.517352371017459, "coord_source": "underground_stations_csv", "catchment_area_m2": 403078.02500127401, "station_in_lnwc_extent": true }, "geometry": { "type": "Polygon", "coordinates": [ [ [ -0.082334201446405, 51.521906970454168 ], [ -0.076457258855607, 51.519003329880725 ], [ -0.082224063521878, 51.513222781689507 ], [ -0.087070774320613, 51.515959084867013 ], [ -0.084768966487811, 51.521364922528861 ], [ -0.082334201446405, 51.521906970454168 ] ] ] } },
{ "type": "Feature", "properties": { "NLC": 635, "total_activity": 234170.29034949469, "log_total_activity": 12.363808136591739, "direction_balance": 0.085213141207542198, "post_2300_share": 0.13484702895987749, "midnight_share_common_window": 0.033815005030841103, "night_tube_extension_share": 0.025826136208411399, "post_0100_share": 0.012869503855744299, "common_window_persistence": 0.052973897758659003, "weekend_common_ratio": 0.98249649095430602, "volume_band": "high", "cluster": 2, "Station": "London Bridge LU", "mode_label": "LU", "tot_entry": 127062.33818382864, "tot_exit": 107107.95216566602, "easting": 532683.0478, "northing": 180188.85229999901, "lon": -0.089648517235708394, "lat": 51.505065005491687, "coord_source": "underground_stations_csv", "catchment_area_m2": 827088.44177792547, "station_in_lnwc_extent": true }, "geometry": { "type": "Polygon", "coordinates": [ [ [ -0.084080621672216, 51.50854489223773 ], [ -0.077108389564548, 51.501243108566484 ], [ -0.07910760277556, 51.498568045531592 ], [ -0.097613090118216, 51.505387439814044 ], [ -0.097806846049639, 51.506916039390852 ], [ -0.093098629528536, 51.508126650257481 ], [ -0.084080621672216, 51.50854489223773 ] ] ] } },
{ "type": "Feature", "properties": { "NLC": 636, "total_activity": 9990.8419397899215, "log_total_activity": 9.2095242330043483, "direction_balance": -0.57029783606212792, "post_2300_share": 0.18404448896376821, "midnight_share_common_window": 0.053718068817663799, "night_tube_extension_share": 0.1044446003387189, "post_0100_share": 0.052075242407342202, "common_window_persistence": 0.080274092943634898, "weekend_common_ratio": 0.68697952326409295, "volume_band": "medium", "cluster": 0, "Station": "Loughton", "mode_label": "LU", "tot_entry": 2146.5432005444882, "tot_exit": 7844.2987392454352, "easting": 542318.8891, "northing": 195612.3879, "lon": 0.055338101699993002, "lat": 51.641312243488471, "coord_source": "underground_stations_csv", "catchment_area_m2": 4029247.4617289221, "station_in_lnwc_extent": false }, "geometry": { "type": "Polygon", "coordinates": [ [ [ 0.071160680836996, 51.636904592307424 ], [ 0.070390058013616, 51.635960869865016 ], [ 0.069474528200781, 51.635068686591936 ], [ 0.06842291314712, 51.634236631393364 ], [ 0.067245343014384, 51.633472713900382 ], [ 0.065953158721497, 51.632784287467992 ], [ 0.064558802715087, 51.632177978496067 ], [ 0.063075699218799, 51.631659622748721 ], [ 0.061861896699687, 51.631328104606304 ], [ 0.040306349241256, 51.635964374132044 ], [ 0.03982625472043, 51.636495908383701 ], [ 0.039142102020437, 51.637465104912984 ], [ 0.038613886934487, 51.638471359353268 ], [ 0.038246705956212, 51.639504982939307 ], [ 0.038044105856882, 51.640556022708068 ], [ 0.038008049120296, 51.641614357297414 ], [ 0.038138894607574, 51.642669794392312 ], [ 0.038435393654804, 51.643712168881315 ], [ 0.03889470165824, 51.64473144077806 ], [ 0.039512405052416, 51.645717791963392 ], [ 0.040282563437419, 51.646661720815182 ], [ 0.041197766464146, 51.647554133810765 ], [ 0.042249204942179, 51.648386433216913 ], [ 0.043426755495478, 51.649150600017805 ], [ 0.044719077957552, 51.649839271277585 ], [ 0.046113724572017, 51.650445811187858 ], [ 0.047597259947329, 51.650964375109659 ], [ 0.049155390607556, 51.651389965988592 ], [ 0.050773102885392, 51.651718482594625 ], [ 0.052434807820236, 51.651946759117521 ], [ 0.054124491654024, 51.652072595733053 ], [ 0.055825870461391, 51.652094779842066 ], [ 0.057522547409241, 51.652013097776411 ], [ 0.059198171114419, 51.651828336857612 ], [ 0.060836593557183, 51.651542277788401 ], [ 0.062422026012722, 51.651157677451451 ], [ 0.063939191482923, 51.650678242282979 ], [ 0.06537347214588, 51.65010859248067 ], [ 0.066711050390617, 51.649454217394144 ], [ 0.067454110653611, 51.649010806051798 ], [ 0.071651786363392, 51.63768791524047 ], [ 0.071160680836996, 51.636904592307424 ] ] ] } },
{ "type": "Feature", "properties": { "NLC": 637, "total_activity": 11970.360893667006, "log_total_activity": 9.3902724841252443, "direction_balance": -0.28772324418244349, "post_2300_share": 0.1053525346204226, "midnight_share_common_window": 0.028283457961884501, "night_tube_extension_share": 0.0034963306548234001, "post_0100_share": 0.001834360051118, "common_window_persistence": 0.041933259580521, "weekend_common_ratio": 0.74032771030671685, "volume_band": "medium", "cluster": 4, "Station": "Maida Vale", "mode_label": "LU", "tot_entry": 4263.1049116532422, "tot_exit": 7707.2559820137631, "easting": 525940.2151, "northing": 182761.77370000101, "lon": -0.1858293287116454, "lat": 51.529729085515065, "coord_source": "underground_stations_csv", "catchment_area_m2": 928643.45473340433, "station_in_lnwc_extent": true }, "geometry": { "type": "Polygon", "coordinates": [ [ [ -0.193463281657193, 51.525305482679876 ], [ -0.1972473259068, 51.5278666310953 ], [ -0.186235592530837, 51.534590624696733 ], [ -0.183630551285664, 51.53548900579851 ], [ -0.17440118276845, 51.527829731416709 ], [ -0.193463281657193, 51.525305482679876 ] ] ] } },
{ "type": "Feature", "properties": { "NLC": 638, "total_activity": 28136.944102784302, "log_total_activity": 10.244874268396847, "direction_balance": -0.44520187131186129, "post_2300_share": 0.17549029307128569, "midnight_share_common_window": 0.049872381690011097, "night_tube_extension_share": 0.071465187161366295, "post_0100_share": 0.034356586802672499, "common_window_persistence": 0.0817216071358811, "weekend_common_ratio": 0.84650915555801931, "volume_band": "high", "cluster": 4, "Station": "Manor House", "mode_label": "LU", "tot_entry": 7805.1619676137461, "tot_exit": 20331.782135170568, "easting": 532047.6613, "northing": 187481.79, "lon": -0.096064830695959599, "lat": 51.57075126410129, "coord_source": "underground_stations_csv", "catchment_area_m2": 1449820.956627155, "station_in_lnwc_extent": true }, "geometry": { "type": "Polygon", "coordinates": [ [ [ -0.089860247111459, 51.560680850137942 ], [ -0.090288753956768, 51.560593078998558 ], [ -0.091348622907278, 51.560973897523056 ], [ -0.106593185946948, 51.571142548707833 ], [ -0.106530687140796, 51.572405778048626 ], [ -0.087836421866444, 51.575528333537761 ], [ -0.084349008931038, 51.568427690414687 ], [ -0.088913558729201, 51.560941300257333 ], [ -0.089860247111459, 51.560680850137942 ] ] ] } },
{ "type": "Feature", "properties": { "NLC": 639, "total_activity": 13054.549486845181, "log_total_activity": 9.4769685703926321, "direction_balance": 0.48890975749920279, "post_2300_share": 0.079923260583335806, "midnight_share_common_window": 0.018583777538318899, "night_tube_extension_share": 0.00084515094064510003, "post_0100_share": 0.00043603501436579998, "common_window_persistence": 0.0253772635621566, "weekend_common_ratio": 0.42701711260799718, "volume_band": "medium", "cluster": 1, "Station": "Mansion House", "mode_label": "LU", "tot_entry": 9718.5230553600031, "tot_exit": 3336.026431485182, "easting": 532354.1684, "northing": 180931.56320000099, "lon": -0.094105792133621996, "lat": 51.511816403196178, "coord_source": "underground_stations_csv", "catchment_area_m2": 286690.11114953959, "station_in_lnwc_extent": true }, "geometry": { "type": "Polygon", "coordinates": [ [ [ -0.0919059992341, 51.513122774416736 ], [ -0.093098629528536, 51.508126650257481 ], [ -0.097806846049639, 51.506916039390852 ], [ -0.09864472469279, 51.507405417060951 ], [ -0.098886415575634, 51.512082385242714 ], [ -0.093045685303452, 51.514556048242234 ], [ -0.0919059992341, 51.513122774416736 ] ] ] } },
{ "type": "Feature", "properties": { "NLC": 640, "total_activity": 36706.278568303511, "log_total_activity": 10.510730340490451, "direction_balance": 0.32071505424031788, "post_2300_share": 0.14555325490274679, "midnight_share_common_window": 0.032478869397061502, "night_tube_extension_share": 0.058801136277310199, "post_0100_share": 0.028976016554452599, "common_window_persistence": 0.049900525554473801, "weekend_common_ratio": 0.97759133363766237, "volume_band": "high", "cluster": 2, "Station": "Marble Arch", "mode_label": "LU", "tot_entry": 24239.267345148601, "tot_exit": 12467.011223154916, "easting": 527960.1312, "northing": 181017.4747, "lon": -0.15735899068029291, "lat": 51.513599760877092, "coord_source": "underground_stations_csv", "catchment_area_m2": 920031.8456297525, "station_in_lnwc_extent": true }, "geometry": { "type": "Polygon", "coordinates": [ [ [ -0.159366541834266, 51.518327739282086 ], [ -0.154636571912236, 51.518268824414697 ], [ -0.152112849980594, 51.508595094328989 ], [ -0.160776469076211, 51.507596966255832 ], [ -0.165186535029353, 51.508167559433332 ], [ -0.166774862390091, 51.514015729793329 ], [ -0.160794433341986, 51.517880908724216 ], [ -0.159366541834266, 51.518327739282086 ] ] ] } },
{ "type": "Feature", "properties": { "NLC": 641, "total_activity": 35056.006180238212, "log_total_activity": 10.464730763506823, "direction_balance": -0.21934873086777909, "post_2300_share": 0.089760341686777601, "midnight_share_common_window": 0.0163898514860145, "night_tube_extension_share": 0.00041360586664290002, "post_0100_share": 0.0002064164956131, "common_window_persistence": 0.024211353224243799, "weekend_common_ratio": 0.88215265522875097, "volume_band": "high", "cluster": 4, "Station": "Marylebone LU", "mode_label": "LU", "tot_entry": 13683.257857654969, "tot_exit": 21372.74832258324, "easting": 527458.7894, "northing": 181957.28759999899, "lon": -0.1642402663188004, "lat": 51.522158907002193, "coord_source": "underground_stations_csv", "catchment_area_m2": 619737.94401466136, "station_in_lnwc_extent": true }, "geometry": { "type": "Polygon", "coordinates": [ [ [ -0.167813946600523, 51.52210241269254 ], [ -0.171975443820916, 51.527859970284652 ], [ -0.163038578137731, 51.530500222852083 ], [ -0.159366541834266, 51.518327739282086 ], [ -0.160794433341986, 51.517880908724216 ], [ -0.167813946600523, 51.52210241269254 ] ] ] } },
{ "type": "Feature", "properties": { "NLC": 642, "total_activity": 47840.886500564979, "log_total_activity": 10.775656821387267, "direction_balance": -0.2444849414711773, "post_2300_share": 0.1797531204498774, "midnight_share_common_window": 0.048860376423507802, "night_tube_extension_share": 0.096358263960245397, "post_0100_share": 0.047367594856675799, "common_window_persistence": 0.078403139073095304, "weekend_common_ratio": 0.82387329177827484, "volume_band": "high", "cluster": 4, "Station": "Mile End", "mode_label": "LU", "tot_entry": 18072.255082272561, "tot_exit": 29768.631418292432, "easting": 536500.7831, "northing": 182534.4935, "lon": -0.033768063294587099, "lat": 51.525234918872158, "coord_source": "underground_stations_csv", "catchment_area_m2": 1483374.5384217384, "station_in_lnwc_extent": true }, "geometry": { "type": "Polygon", "coordinates": [ [ [ -0.039955568267797, 51.535308174833453 ], [ -0.038342608984867, 51.535637975643255 ], [ -0.037475040830535, 51.53575818466031 ], [ -0.034019496623247, 51.53512676607901 ], [ -0.026876817930809, 51.520854976474432 ], [ -0.028229757964556, 51.517497150214091 ], [ -0.029539765127726, 51.517247423076128 ], [ -0.036912125048081, 51.518714235404858 ], [ -0.043633497608928, 51.528657001163708 ], [ -0.042723800346334, 51.532354034386152 ], [ -0.040534416074122, 51.535149119610537 ], [ -0.039955568267797, 51.535308174833453 ] ] ] } },
{ "type": "Feature", "properties": { "NLC": 643, "total_activity": 5466.7492269499153, "log_total_activity": 8.6066223348590682, "direction_balance": -0.59376026304779006, "post_2300_share": 0.096951655661663805, "midnight_share_common_window": 0.028185438169057601, "night_tube_extension_share": 0.0077816438525677998, "post_0100_share": 0.0040002575598393998, "common_window_persistence": 0.039636017269801302, "weekend_common_ratio": 0.66264615229501056, "volume_band": "low", "cluster": 0, "Station": "Mill Hill East", "mode_label": "LU", "tot_entry": 1110.4053839699147, "tot_exit": 4356.3438429800026, "easting": 524045.7492, "northing": 191450.480699999, "lon": -0.2100614199314407, "lat": 51.608233232687525, "coord_source": "underground_stations_csv", "catchment_area_m2": 3606720.9171234616, "station_in_lnwc_extent": true }, "geometry": { "type": "Polygon", "coordinates": [ [ [ -0.210485451252576, 51.597448934053624 ], [ -0.212180668347279, 51.597526728118439 ], [ -0.213855491157859, 51.597707607887912 ], [ -0.215493801074278, 51.597989832700947 ], [ -0.217079830124144, 51.598370686513391 ], [ -0.218598312448762, 51.598846503980646 ], [ -0.220034630996482, 51.599412705661543 ], [ -0.221374958033062, 51.600063842008019 ], [ -0.222606388125841, 51.600793645721147 ], [ -0.223717062328106, 51.601595091974289 ], [ -0.224696282371625, 51.602460465928353 ], [ -0.225534613768238, 51.603381436894701 ], [ -0.226223976824866, 51.604349138435779 ], [ -0.226757724689463, 51.605354253638126 ], [ -0.227130707667346, 51.606387104739859 ], [ -0.227339323176857, 51.607437746254256 ], [ -0.227381550849406, 51.608496060694868 ], [ -0.227256972420334, 51.609551855983057 ], [ -0.226966776202356, 51.610594963600406 ], [ -0.226513746081425, 51.611615336541313 ], [ -0.225902235124034, 51.612603146121415 ], [ -0.22513812403411, 51.613548876707419 ], [ -0.224228764844952, 51.614443417453359 ], [ -0.223182910375897, 51.615278150156101 ], [ -0.22201063012307, 51.616045032379759 ], [ -0.220723213387038, 51.616736675043335 ], [ -0.219333060566361, 51.617346413719588 ], [ -0.217853563663283, 51.617868372952842 ], [ -0.21629897715512, 51.618297522971289 ], [ -0.214684280480895, 51.618629728242631 ], [ -0.213025033476608, 51.618861787400803 ], [ -0.211337226163062, 51.618991464155826 ], [ -0.209637124346853, 51.619017508885506 ], [ -0.207941112537091, 51.61893967069954 ], [ -0.206265535707417, 51.618758699858112 ], [ -0.204626541444403, 51.618476340522157 ], [ -0.203039924019502, 51.618095313905478 ], [ -0.20283013631614, 51.618029570635123 ], [ -0.200187603627906, 51.615478003301526 ], [ -0.198898691503319, 51.60682210171106 ], [ -0.208953926113507, 51.59747240440187 ], [ -0.210485451252576, 51.597448934053624 ] ] ] } },
{ "type": "Feature", "properties": { "NLC": 645, "total_activity": 71109.741811889267, "log_total_activity": 11.171993684715844, "direction_balance": 0.4528715669940635, "post_2300_share": 0.091654772729862, "midnight_share_common_window": 0.024718123067613899, "night_tube_extension_share": 0.0024532396892634001, "post_0100_share": 0.0012633851803983999, "common_window_persistence": 0.0345440953658563, "weekend_common_ratio": 0.40305024196758288, "volume_band": "high", "cluster": 1, "Station": "Moorgate", "mode_label": "LU", "tot_entry": 51656.66100739142, "tot_exit": 19453.080804497858, "easting": 532667.8252, "northing": 181668.245, "lon": -0.089311535155519803, "lat": 51.518363055525533, "coord_source": "underground_stations_csv", "catchment_area_m2": 357646.94884935475, "station_in_lnwc_extent": true }, "geometry": { "type": "Polygon", "coordinates": [ [ [ -0.087070774320613, 51.515959084867013 ], [ -0.092484776216077, 51.51578684783 ], [ -0.094745818064137, 51.517904796827366 ], [ -0.092635560063657, 51.522127448928572 ], [ -0.084768966487811, 51.521364922528861 ], [ -0.087070774320613, 51.515959084867013 ] ] ] } },
{ "type": "Feature", "properties": { "NLC": 646, "total_activity": 2197.0129783485463, "log_total_activity": 7.6953090395633073, "direction_balance": -0.49354405183010769, "post_2300_share": 0.1245336652107993, "midnight_share_common_window": 0.045151234080568897, "night_tube_extension_share": 0.0140970842270317, "post_0100_share": 0.0078075400547296002, "common_window_persistence": 0.064159435555859901, "weekend_common_ratio": 0.56116457523183372, "volume_band": "low", "cluster": 0, "Station": "Moor Park", "mode_label": "LU", "tot_entry": 556.34514554553607, "tot_exit": 1640.6678328030098, "easting": 508606.4789, "northing": 193502.84919999901, "lon": -0.43228696397287458, "lat": 51.629866296693372, "coord_source": "underground_stations_csv", "catchment_area_m2": 4277743.0257166103, "station_in_lnwc_extent": false }, "geometry": { "type": "Polygon", "coordinates": [ [ [ -0.415077162842399, 51.628577603978961 ], [ -0.415363178239825, 51.627533999958771 ], [ -0.415812153207326, 51.626512867388954 ], [ -0.416419753962605, 51.625524038424437 ], [ -0.417180120441061, 51.624577033563511 ], [ -0.418085923059089, 51.623680970055112 ], [ -0.419128433564336, 51.622844474207149 ], [ -0.420297609280542, 51.622075598436219 ], [ -0.421096761709309, 51.621643947685982 ], [ -0.435121105675278, 51.619236606428437 ], [ -0.436031679808641, 51.619333127415238 ], [ -0.437672208112774, 51.619612267057335 ], [ -0.439260909172396, 51.619990137942487 ], [ -0.440782491469276, 51.620463103429046 ], [ -0.442222308180691, 51.621026611523128 ], [ -0.443566497973304, 51.621675238604887 ], [ -0.444802118307455, 51.622402741535176 ], [ -0.445917269975298, 51.623202117646365 ], [ -0.446901211677504, 51.624065672044182 ], [ -0.447744463535819, 51.624985091578026 ], [ -0.44843889854206, 51.625951524772375 ], [ -0.448977821056983, 51.62695566695465 ], [ -0.44935603159421, 51.627987849764132 ], [ -0.449569877253756, 51.62903813418351 ], [ -0.449617287305666, 51.63009640620065 ], [ -0.449497793565576, 51.631152474181164 ], [ -0.449212535349316, 51.632196167015195 ], [ -0.448764248941727, 51.633217432093787 ], [ -0.448157241664136, 51.634206432169819 ], [ -0.447397350774131, 51.63515364016925 ], [ -0.446491887578717, 51.636049931036645 ], [ -0.445808760683993, 51.636598326271745 ], [ -0.428232936315737, 51.640346986437613 ], [ -0.426899245629508, 51.640120041442984 ], [ -0.425309951092184, 51.639741999446279 ], [ -0.423787893206893, 51.639268830821216 ], [ -0.422347737072951, 51.638705095368103 ], [ -0.421003357067507, 51.638056225444153 ], [ -0.419767703039988, 51.637328473520718 ], [ -0.418652675493045, 51.63652885183415 ], [ -0.417669010956109, 51.635665064716015 ], [ -0.416826178656119, 51.634745434260246 ], [ -0.416132289477863, 51.633778820047972 ], [ -0.41559401808472, 51.632774533708158 ], [ -0.415216538940827, 51.631742249141467 ], [ -0.41500347683914, 51.630691909275654 ], [ -0.414956872397929, 51.629633630253608 ], [ -0.415077162842399, 51.628577603978961 ] ] ] } },
{ "type": "Feature", "properties": { "NLC": 647, "total_activity": 36244.224656104081, "log_total_activity": 10.498062917980469, "direction_balance": -0.53230202740293708, "post_2300_share": 0.19443618966524701, "midnight_share_common_window": 0.0584574139676294, "night_tube_extension_share": 0.1015318953850855, "post_0100_share": 0.0510930850698222, "common_window_persistence": 0.0925846782341124, "weekend_common_ratio": 0.89379874215053812, "volume_band": "high", "cluster": 4, "Station": "Morden", "mode_label": "LU", "tot_entry": 8475.6751950061844, "tot_exit": 27768.549461097908, "easting": 525669.7872, "northing": 168602.37130000099, "lon": -0.19475485350439259, "lat": 51.40253820130652, "coord_source": "underground_stations_csv", "catchment_area_m2": 3821728.074987819, "station_in_lnwc_extent": true }, "geometry": { "type": "Polygon", "coordinates": [ [ [ -0.177637978947633, 51.401215548193882 ], [ -0.177927849809531, 51.400172524969406 ], [ -0.178379748060778, 51.399152294490811 ], [ -0.178989311946612, 51.398164680207842 ], [ -0.179750662674299, 51.397219190912367 ], [ -0.18065646134996, 51.396324929258505 ], [ -0.181697979912009, 51.395490504211679 ], [ -0.182865185368316, 51.394723948264769 ], [ -0.184146836518859, 51.394032640214512 ], [ -0.185530592228649, 51.393423234236167 ], [ -0.18700313020765, 51.392901595934504 ], [ -0.188550275156582, 51.392472745981863 ], [ -0.190157135050455, 51.392140811881063 ], [ -0.191808244256292, 51.391908988313482 ], [ -0.193487712118247, 51.391779506450199 ], [ -0.195179375592921, 51.391753612518912 ], [ -0.196866954480219, 51.39183155583116 ], [ -0.19853420777125, 51.392012586383451 ], [ -0.200165089624365, 51.392294962056113 ], [ -0.201743903483849, 51.392675965340601 ], [ -0.203255452872794, 51.393151929436989 ], [ -0.204685187422272, 51.39371827347226 ], [ -0.206019342742772, 51.394369546504656 ], [ -0.207245072800755, 51.395099479893851 ], [ -0.208350573532419, 51.395901047538175 ], [ -0.209325196508143, 51.396766533403046 ], [ -0.210159551553513, 51.397687605696348 ], [ -0.210845597335976, 51.3986553969808 ], [ -0.211376719038842, 51.399660589457469 ], [ -0.211747792365697, 51.400693504602565 ], [ -0.211955233247371, 51.401744196299049 ], [ -0.211997032759034, 51.402802546568417 ], [ -0.211872776895794, 51.403858362983172 ], [ -0.211583650999881, 51.40490147682285 ], [ -0.211132428779888, 51.405921841028508 ], [ -0.210523446011075, 51.406909627011338 ], [ -0.209762559154178, 51.407855319381184 ], [ -0.208857089276776, 51.408749807679854 ], [ -0.208045275973482, 51.409400506450794 ], [ -0.181219323092543, 51.408180178753796 ], [ -0.179362333297732, 51.407403748299366 ], [ -0.179346933490701, 51.407386735157338 ], [ -0.178661431457706, 51.406418766141613 ], [ -0.178130956426597, 51.405413432845755 ], [ -0.177760607842556, 51.404380419205097 ], [ -0.177553941923299, 51.403329675121832 ], [ -0.177512937812291, 51.40227132058763 ], [ -0.177637978947633, 51.401215548193882 ] ] ] } },
{ "type": "Feature", "properties": { "NLC": 648, "total_activity": 13916.129791498868, "log_total_activity": 9.5408757194882341, "direction_balance": 0.144299168113246, "post_2300_share": 0.1932873882000832, "midnight_share_common_window": 0.034101185451608798, "night_tube_extension_share": 0.14105464308588139, "post_0100_share": 0.075968699387104696, "common_window_persistence": 0.0552466049555062, "weekend_common_ratio": 0.91117940247771045, "volume_band": "medium", "cluster": 3, "Station": "Mornington Crescent", "mode_label": "LU", "tot_entry": 7962.1078718840608, "tot_exit": 5954.0219196148091, "easting": 529191.6489, "northing": 183397.12749999901, "lon": -0.13874979864115169, "lat": 51.534704942339104, "coord_source": "underground_stations_csv", "catchment_area_m2": 984343.48168320069, "station_in_lnwc_extent": true }, "geometry": { "type": "Polygon", "coordinates": [ [ [ -0.126465420652149, 51.538097016105738 ], [ -0.131359067056029, 51.532691074574728 ], [ -0.143637482657101, 51.529695964746999 ], [ -0.150749883317579, 51.531107609357655 ], [ -0.152237661644186, 51.531490586281102 ], [ -0.153970464947086, 51.532545032141222 ], [ -0.137033704397109, 51.538183438042836 ], [ -0.126465420652149, 51.538097016105738 ] ] ] } },
{ "type": "Feature", "properties": { "NLC": 649, "total_activity": 9457.5359335414087, "log_total_activity": 9.1546728861725004, "direction_balance": -0.45204094565116032, "post_2300_share": 0.14569609413320381, "midnight_share_common_window": 0.042501054456373602, "night_tube_extension_share": 0.072696116946449105, "post_0100_share": 0.034217537228169302, "common_window_persistence": 0.063640500168605896, "weekend_common_ratio": 0.77245875902865302, "volume_band": "medium", "cluster": 4, "Station": "Neasden", "mode_label": "LU", "tot_entry": 2591.1712233067624, "tot_exit": 6866.364710234644, "easting": 521342.3348, "northing": 185397.9068, "lon": -0.25117089538366028, "lat": 51.554426400499011, "coord_source": "underground_stations_csv", "catchment_area_m2": 3015251.5051468825, "station_in_lnwc_extent": true }, "geometry": { "type": "Polygon", "coordinates": [ [ [ -0.268470964102434, 51.554682976403548 ], [ -0.268347513980322, 51.555738834752034 ], [ -0.268321156215679, 51.55583402067144 ], [ -0.262902536937781, 51.562347552375051 ], [ -0.261828103899947, 51.562926136708597 ], [ -0.260440149180558, 51.5635363880371 ], [ -0.258962873492256, 51.564058890734628 ], [ -0.257410509887415, 51.564488609798069 ], [ -0.255798016360255, 51.564821404215564 ], [ -0.254140931490063, 51.565054066946075 ], [ -0.252455224435237, 51.565184355883851 ], [ -0.250757140736732, 51.565211015506392 ], [ -0.24906304543145, 51.565133788995361 ], [ -0.247389265003191, 51.564953420712712 ], [ -0.245751929710386, 51.564671649007856 ], [ -0.244166817826004, 51.564291189426228 ], [ -0.24264920330573, 51.563815708482885 ], [ -0.24121370836605, 51.563249788256378 ], [ -0.240124510373178, 51.562720532657359 ], [ -0.249548143455513, 51.544694666737378 ], [ -0.260946818815526, 51.546549215391401 ], [ -0.268432555185646, 51.553741219410149 ], [ -0.268470964102434, 51.554682976403548 ] ] ] } },
{ "type": "Feature", "properties": { "NLC": 650, "total_activity": 12631.776404290344, "log_total_activity": 9.4440500173375632, "direction_balance": -0.65608883120297878, "post_2300_share": 0.17455959885634989, "midnight_share_common_window": 0.057427319070466699, "night_tube_extension_share": 0.090730520658727096, "post_0100_share": 0.043599522090021901, "common_window_persistence": 0.087663555805314097, "weekend_common_ratio": 0.69054428422195002, "volume_band": "medium", "cluster": 4, "Station": "Newbury Park", "mode_label": "LU", "tot_entry": 2172.1044935910641, "tot_exit": 10459.671910699288, "easting": 544920.2921, "northing": 188384.718599999, "lon": 0.089920829906461996, "lat": 51.575705737515378, "coord_source": "underground_stations_csv", "catchment_area_m2": 2428525.0093040913, "station_in_lnwc_extent": true }, "geometry": { "type": "Polygon", "coordinates": [ [ [ 0.077352706259599, 51.568289211869867 ], [ 0.07842110473751, 51.580158379269086 ], [ 0.104548494057703, 51.581472126941627 ], [ 0.104585692997207, 51.58143892215729 ], [ 0.105416884159943, 51.580515673165515 ], [ 0.106098793362681, 51.579546107201402 ], [ 0.106624861450368, 51.578539564258847 ], [ 0.10699003158123, 51.577505739899017 ], [ 0.107190797562189, 51.576454591799688 ], [ 0.107196301571535, 51.576285452602313 ], [ 0.101326207781853, 51.571642354012667 ], [ 0.080535053746623, 51.566675114650899 ], [ 0.077930867386237, 51.56794350368591 ], [ 0.077352706259599, 51.568289211869867 ] ] ] } },
{ "type": "Feature", "properties": { "NLC": 653, "total_activity": 23789.001023896624, "log_total_activity": 10.077020646335953, "direction_balance": -0.36681567334971898, "post_2300_share": 0.1626945275763691, "midnight_share_common_window": 0.041534291206404103, "night_tube_extension_share": 0.093291965270436095, "post_0100_share": 0.043531657989057199, "common_window_persistence": 0.0638198619760805, "weekend_common_ratio": 0.79291987798995156, "volume_band": "high", "cluster": 4, "Station": "North Acton", "mode_label": "LU", "tot_entry": 7531.4112974994159, "tot_exit": 16257.589726397207, "easting": 520828.4021, "northing": 181956.9398, "lon": -0.25976007811947438, "lat": 51.523611766196801, "coord_source": "underground_stations_csv", "catchment_area_m2": 1575519.3158661728, "station_in_lnwc_extent": true }, "geometry": { "type": "Polygon", "coordinates": [ [ [ -0.247062314474242, 51.524576737795265 ], [ -0.257048974588057, 51.517596436843817 ], [ -0.272146970573759, 51.524115205837752 ], [ -0.270191156029177, 51.530537734081101 ], [ -0.255154156937293, 51.53001521289081 ], [ -0.247062314474242, 51.524576737795265 ] ] ] } },
{ "type": "Feature", "properties": { "NLC": 654, "total_activity": 1924.4890920319776, "log_total_activity": 7.5629352882334526, "direction_balance": -0.44979292588967013, "post_2300_share": 0.13910254976152001, "midnight_share_common_window": 0.049520317299068403, "night_tube_extension_share": 0.0148209496512016, "post_0100_share": 0.0079274006542387008, "common_window_persistence": 0.075786286188179106, "weekend_common_ratio": 0.7056619634076865, "volume_band": "low", "cluster": 4, "Station": "North Ealing", "mode_label": "LU", "tot_entry": 529.43375624207977, "tot_exit": 1395.0553357898968, "easting": 518828.0459, "northing": 181227.756, "lon": -0.28882511595801391, "lat": 51.517482284384883, "coord_source": "underground_stations_csv", "catchment_area_m2": 792893.26207353512, "station_in_lnwc_extent": true }, "geometry": { "type": "Polygon", "coordinates": [ [ [ -0.284227110344121, 51.513654939436222 ], [ -0.293402646134316, 51.513348339379895 ], [ -0.298409409265524, 51.522928650956985 ], [ -0.293609537874349, 51.523496353057219 ], [ -0.2855513589804, 51.521803568746158 ], [ -0.284227110344121, 51.513654939436222 ] ] ] } },
{ "type": "Feature", "properties": { "NLC": 655, "total_activity": 10282.992378229488, "log_total_activity": 9.2383438272565179, "direction_balance": -0.51674929912865064, "post_2300_share": 0.18167466566100321, "midnight_share_common_window": 0.050448738414186498, "night_tube_extension_share": 0.084277608690800102, "post_0100_share": 0.041035941429029603, "common_window_persistence": 0.080623304861517905, "weekend_common_ratio": 0.80034163613010589, "volume_band": "medium", "cluster": 4, "Station": "Northfields", "mode_label": "LU", "tot_entry": 2484.6316369170718, "tot_exit": 7798.3607413124137, "easting": 517196.8059, "northing": 179206.2903, "lon": -0.312994928337679, "lat": 51.499654705045963, "coord_source": "underground_stations_csv", "catchment_area_m2": 1370266.5970332837, "station_in_lnwc_extent": true }, "geometry": { "type": "Polygon", "coordinates": [ [ [ -0.305202135327459, 51.490025699226045 ], [ -0.306751516270991, 51.489595315361314 ], [ -0.308360985745512, 51.489261788928786 ], [ -0.310015053009629, 51.489028329922185 ], [ -0.311589080048267, 51.488905658994454 ], [ -0.325930030147858, 51.504779727743987 ], [ -0.314199066462402, 51.507059288498844 ], [ -0.304440617798027, 51.490295884024341 ], [ -0.305202135327459, 51.490025699226045 ] ] ] } },
{ "type": "Feature", "properties": { "NLC": 656, "total_activity": 5534.1544366180724, "log_total_activity": 8.6188747465815059, "direction_balance": -0.61982958866589244, "post_2300_share": 0.12997014283197739, "midnight_share_common_window": 0.0434464562083373, "night_tube_extension_share": 0.0132757323700128, "post_0100_share": 0.0072933972971681998, "common_window_persistence": 0.064847515695607705, "weekend_common_ratio": 0.64206444466772827, "volume_band": "low", "cluster": 0, "Station": "North Harrow", "mode_label": "LU", "tot_entry": 1051.9608842777843, "tot_exit": 4482.1935523402881, "easting": 513541.1687, "northing": 188613.229499999, "lon": -0.36260470099099668, "lat": 51.584947105274843, "coord_source": "underground_stations_csv", "catchment_area_m2": 2009382.2931689173, "station_in_lnwc_extent": true }, "geometry": { "type": "Polygon", "coordinates": [ [ [ -0.363202314990152, 51.578725523697827 ], [ -0.377495993302747, 51.583755429590511 ], [ -0.365742420793139, 51.594497664565608 ], [ -0.35153380764308, 51.592720007012502 ], [ -0.348719911944389, 51.588455782403727 ], [ -0.363202314990152, 51.578725523697827 ] ] ] } },
{ "type": "Feature", "properties": { "NLC": 657, "total_activity": 16549.605871729829, "log_total_activity": 9.7141779886988679, "direction_balance": -0.60521861384504672, "post_2300_share": 0.1195627236423053, "midnight_share_common_window": 0.040844378333278697, "night_tube_extension_share": 0.0159963678052196, "post_0100_share": 0.0092773969864908996, "common_window_persistence": 0.060797000402154897, "weekend_common_ratio": 0.79406112250942307, "volume_band": "medium", "cluster": 4, "Station": "Northolt", "mode_label": "LU", "tot_entry": 3266.7381731798291, "tot_exit": 13282.867698550001, "easting": 513213.3316, "northing": 184523.89760000099, "lon": -0.36865042407239051, "lat": 51.548259260590001, "coord_source": "underground_stations_csv", "catchment_area_m2": 3963540.0987186902, "station_in_lnwc_extent": true }, "geometry": { "type": "Polygon", "coordinates": [ [ [ -0.362388271777601, 51.538202748325631 ], [ -0.36399907437845, 51.537868472432066 ], [ -0.365654642223607, 51.537634243456239 ], [ -0.367339041775582, 51.53750231570136 ], [ -0.369036062573099, 51.537473958918973 ], [ -0.370729372915676, 51.537549446110525 ], [ -0.372402676703902, 51.537728050901556 ], [ -0.374039869941941, 51.538008054513895 ], [ -0.375625195411852, 51.538386762269198 ], [ -0.377143394046073, 51.538860529466717 ], [ -0.378579851554777, 51.539424796389333 ], [ -0.3799207389085, 51.54007413210411 ], [ -0.381153145333129, 51.540802286639725 ], [ -0.382265202543626, 51.54160225104318 ], [ -0.383246199024017, 51.542466324742747 ], [ -0.384086683253827, 51.54338618957329 ], [ -0.384778554884217, 51.544352989756518 ], [ -0.385315142979892, 51.545357417070925 ], [ -0.385691270564462, 51.546389800395268 ], [ -0.385903304836097, 51.547440198767404 ], [ -0.385949192556152, 51.548498497065303 ], [ -0.385828480254479, 51.549554503390645 ], [ -0.385750679171898, 51.549838225537627 ], [ -0.381742055725842, 51.555311384146684 ], [ -0.380611687242787, 51.556055082996686 ], [ -0.379328356471262, 51.556748507247491 ], [ -0.377942134301613, 51.557360164370877 ], [ -0.376466374805902, 51.557884160434071 ], [ -0.374915296390854, 51.55831544604294 ], [ -0.373303844634852, 51.558649865086785 ], [ -0.37164754805221, 51.558884194863872 ], [ -0.369962368185399, 51.559016177197236 ], [ -0.368264545482762, 51.559044540237885 ], [ -0.36690411538912, 51.558983889092438 ], [ -0.353846849057749, 51.553826789049396 ], [ -0.353210900241637, 51.553130267104429 ], [ -0.352842747028, 51.552615325501833 ], [ -0.362317859171666, 51.538222326253305 ], [ -0.362388271777601, 51.538202748325631 ] ] ] } },
{ "type": "Feature", "properties": { "NLC": 659, "total_activity": 5113.9158427974262, "log_total_activity": 8.5399162252293426, "direction_balance": -0.51597830817670864, "post_2300_share": 0.1280135702895896, "midnight_share_common_window": 0.037650000554983097, "night_tube_extension_share": 0.00014890284377460001, "post_0100_share": 8.2516403433675661e-05, "common_window_persistence": 0.058175741858039601, "weekend_common_ratio": 0.75291089897709018, "volume_band": "low", "cluster": 4, "Station": "North Wembley", "mode_label": "LO,LU", "tot_entry": 1237.6230990363724, "tot_exit": 3876.2927437610529, "easting": 517667.5472, "northing": 186197.87350000101, "lon": -0.30388264583420138, "lat": 51.562393713680144, "coord_source": "underground_stations_csv", "catchment_area_m2": 1706923.1063100158, "station_in_lnwc_extent": true }, "geometry": { "type": "Polygon", "coordinates": [ [ [ -0.321186212912545, 51.56264254559516 ], [ -0.321150514215199, 51.562950880093787 ], [ -0.300506112732319, 51.567557261614759 ], [ -0.292194170459006, 51.564619498680194 ], [ -0.291474383363897, 51.559744913512539 ], [ -0.307083272913882, 51.555512964820601 ], [ -0.320804930073348, 51.560971006229558 ], [ -0.321150016824502, 51.561779598569018 ], [ -0.321186212912545, 51.56264254559516 ] ] ] } },
{ "type": "Feature", "properties": { "NLC": 660, "total_activity": 10927.321450802639, "log_total_activity": 9.2991129967149408, "direction_balance": -0.21101282370541671, "post_2300_share": 0.1089178272321925, "midnight_share_common_window": 0.0337992707568626, "night_tube_extension_share": 0.0100738692634682, "post_0100_share": 0.0057396496627956, "common_window_persistence": 0.048941208951891899, "weekend_common_ratio": 0.67174772611175182, "volume_band": "medium", "cluster": 0, "Station": "Northwick Park", "mode_label": "LU", "tot_entry": 4310.7582479660041, "tot_exit": 6616.563202836639, "easting": 516643.3006, "northing": 187963.52349999899, "lon": -0.31806633884631419, "lat": 51.578475004012958, "coord_source": "underground_stations_csv", "catchment_area_m2": 1214027.9174229393, "station_in_lnwc_extent": true }, "geometry": { "type": "Polygon", "coordinates": [ [ [ -0.326575428897778, 51.569080127149832 ], [ -0.328012189789128, 51.569645013398215 ], [ -0.328578074782036, 51.569919265429974 ], [ -0.327059696260563, 51.581643044125165 ], [ -0.305157864295105, 51.578015636149999 ], [ -0.32550601265617, 51.568746048000506 ], [ -0.326575428897778, 51.569080127149832 ] ] ] } },
{ "type": "Feature", "properties": { "NLC": 661, "total_activity": 7195.9104205389749, "log_total_activity": 8.8814071046523768, "direction_balance": -0.4794461580487992, "post_2300_share": 0.1348990095793503, "midnight_share_common_window": 0.0421719083064796, "night_tube_extension_share": 0.0100978170815269, "post_0100_share": 0.0059117400573538001, "common_window_persistence": 0.062495747240538801, "weekend_common_ratio": 0.72005710674482459, "volume_band": "low", "cluster": 4, "Station": "Northwood", "mode_label": "LU", "tot_entry": 1872.929407874122, "tot_exit": 5322.9810126648536, "easting": 509229.7103, "northing": 191418.7435, "lon": -0.42393545931415821, "lat": 51.611014101617926, "coord_source": "underground_stations_csv", "catchment_area_m2": 3946132.368457213, "station_in_lnwc_extent": true }, "geometry": { "type": "Polygon", "coordinates": [ [ [ -0.427680456424352, 51.600481169218376 ], [ -0.429320253907938, 51.600760420297149 ], [ -0.430908228452034, 51.601138399282803 ], [ -0.432429095523479, 51.601611468491861 ], [ -0.433868215177275, 51.602175074930479 ], [ -0.435211732784618, 51.60282379403003 ], [ -0.436446712272953, 51.603551381763225 ], [ -0.437561260602077, 51.604350834643334 ], [ -0.43854464228159, 51.605214457034123 ], [ -0.439387382827583, 51.606133935127453 ], [ -0.440081360159638, 51.607100416881117 ], [ -0.440619883052101, 51.608104597152121 ], [ -0.440997755875283, 51.609136807210376 ], [ -0.441211328991528, 51.610187107773953 ], [ -0.441258534307055, 51.611245384673282 ], [ -0.441138905621687, 51.612301446225487 ], [ -0.44085358356387, 51.613345121381663 ], [ -0.440405305046348, 51.614366357702629 ], [ -0.439798377327088, 51.615355318218278 ], [ -0.439038636909178, 51.616302476236221 ], [ -0.438133393660803, 51.617198707183491 ], [ -0.437091360680807, 51.618035376593625 ], [ -0.435922570575111, 51.618804423386919 ], [ -0.435123607141487, 51.619236176867709 ], [ -0.421099263434326, 51.621643518426538 ], [ -0.420188677377686, 51.621546881517858 ], [ -0.418548192210389, 51.621267497936465 ], [ -0.416959624999777, 51.620889347883065 ], [ -0.415438283054854, 51.62041607561514 ], [ -0.413998824569736, 51.619852241929983 ], [ -0.412655117194321, 51.61920328012922 ], [ -0.411420104293836, 51.618475443566986 ], [ -0.410305680192487, 51.617675745292367 ], [ -0.409322575606665, 51.616811890371942 ], [ -0.408480254371714, 51.615892201549876 ], [ -0.407786822454164, 51.614925538966581 ], [ -0.407248950119691, 51.613921214714146 ], [ -0.40687180799741, 51.612888903055861 ], [ -0.406659017644555, 51.611838547178074 ], [ -0.406617579043951, 51.610893435578554 ], [ -0.426065282726636, 51.600309771483481 ], [ -0.427680456424352, 51.600481169218376 ] ] ] } },
{ "type": "Feature", "properties": { "NLC": 662, "total_activity": 4648.6242920382456, "log_total_activity": 8.4445416979059846, "direction_balance": -0.48938199272073563, "post_2300_share": 0.1186800544573469, "midnight_share_common_window": 0.039803342140783203, "night_tube_extension_share": 0.011663634893829501, "post_0100_share": 0.0063335486642753002, "common_window_persistence": 0.058368635251746098, "weekend_common_ratio": 0.67936018347902982, "volume_band": "low", "cluster": 0, "Station": "Northwood Hills", "mode_label": "LU", "tot_entry": 1186.8356362952743, "tot_exit": 3461.7886557429706, "easting": 510307.602, "northing": 190238.042400001, "lon": -0.40874635454418362, "lat": 51.600192233720477, "coord_source": "underground_stations_csv", "catchment_area_m2": 3893063.5561886895, "station_in_lnwc_extent": true }, "geometry": { "type": "Polygon", "coordinates": [ [ [ -0.399439886629984, 51.591093705918439 ], [ -0.400916472820542, 51.590569430722205 ], [ -0.402468417882649, 51.590137810969651 ], [ -0.404080783587404, 51.589803000796408 ], [ -0.405738051331722, 51.589568222539285 ], [ -0.407424271231522, 51.589435735782757 ], [ -0.409123215324288, 51.589406815653916 ], [ -0.410818533421053, 51.589481740572744 ], [ -0.412493910123421, 51.589659789574426 ], [ -0.414133221510527, 51.589939249229587 ], [ -0.415720690003777, 51.590317430096277 ], [ -0.417241035933945, 51.59079069254777 ], [ -0.418679624365521, 51.591354481729432 ], [ -0.42002260577686, 51.592003371312529 ], [ -0.421257049251392, 51.59273111562716 ], [ -0.42237106690437, 51.593530709677346 ], [ -0.423353928350928, 51.594394456465601 ], [ -0.424196164113797, 51.59531404098361 ], [ -0.424889656972223, 51.596280610161749 ], [ -0.42542772036651, 51.597284858012493 ], [ -0.425805163094264, 51.598317115152064 ], [ -0.426018339663758, 51.599367441842297 ], [ -0.426060176030726, 51.60031255168672 ], [ -0.406612469976556, 51.610896214910397 ], [ -0.40499701322295, 51.610724525048418 ], [ -0.403357014810468, 51.610444932795225 ], [ -0.401768954318928, 51.610066580800456 ], [ -0.400248134167719, 51.609593115267224 ], [ -0.398809207516398, 51.609029098854435 ], [ -0.397466036884198, 51.608379966623211 ], [ -0.396231560459336, 51.607651973568302 ], [ -0.395117667392812, 51.606852134244612 ], [ -0.394135083281699, 51.605988155075352 ], [ -0.393293266945413, 51.605068359999116 ], [ -0.392600319486376, 51.60410161017716 ], [ -0.392062906504892, 51.603097218539098 ], [ -0.391686194208356, 51.602064859994258 ], [ -0.391559460858889, 51.601438113935046 ], [ -0.398350569577515, 51.591574263926304 ], [ -0.399439886629984, 51.591093705918439 ] ] ] } },
{ "type": "Feature", "properties": { "NLC": 663, "total_activity": 45493.111302198682, "log_total_activity": 10.725338174633604, "direction_balance": 0.067699213832893401, "post_2300_share": 0.1280621223050335, "midnight_share_common_window": 0.033299663938679197, "night_tube_extension_share": 0.042209504783180099, "post_0100_share": 0.021437198733592299, "common_window_persistence": 0.048978307856735598, "weekend_common_ratio": 1.0132425726235901, "volume_band": "high", "cluster": 2, "Station": "Notting Hill Gate", "mode_label": "LU", "tot_entry": 24286.479586084926, "tot_exit": 21206.631716113759, "easting": 525284.9146, "northing": 180456.3574, "lon": -0.1960899733626558, "lat": 51.509156012573975, "coord_source": "underground_stations_csv", "catchment_area_m2": 727568.7565456708, "station_in_lnwc_extent": true }, "geometry": { "type": "Polygon", "coordinates": [ [ [ -0.201670791641944, 51.514527073036831 ], [ -0.196622085503545, 51.515372970072015 ], [ -0.191909305712047, 51.510642595428578 ], [ -0.190283244777581, 51.505471586682027 ], [ -0.198652865392225, 51.504018176509568 ], [ -0.20357629517904, 51.513181263694875 ], [ -0.201670791641944, 51.514527073036831 ] ] ] } },
{ "type": "Feature", "properties": { "NLC": 664, "total_activity": 9469.2601041700273, "log_total_activity": 9.1559116519243755, "direction_balance": -0.55228696819212364, "post_2300_share": 0.17764894361475861, "midnight_share_common_window": 0.055680049897526701, "night_tube_extension_share": 0.068150633443592096, "post_0100_share": 0.0359823850469373, "common_window_persistence": 0.087514188057063, "weekend_common_ratio": 0.88120038641423526, "volume_band": "medium", "cluster": 4, "Station": "Oakwood", "mode_label": "LU", "tot_entry": 2119.7555751076652, "tot_exit": 7349.504529062363, "easting": 529390.306, "northing": 195935.21440000099, "lon": -0.13126893872170819, "lat": 51.647333628194318, "coord_source": "underground_stations_csv", "catchment_area_m2": 3348987.3269480891, "station_in_lnwc_extent": true }, "geometry": { "type": "Polygon", "coordinates": [ [ [ -0.114062277459472, 51.646000833204852 ], [ -0.114355304034107, 51.644958039658604 ], [ -0.114811191815571, 51.643938134386978 ], [ -0.115425540503114, 51.642950937682947 ], [ -0.116192425122603, 51.642005954288301 ], [ -0.117104453411987, 51.641112281953873 ], [ -0.117386962666132, 51.640887612176648 ], [ -0.141642802754913, 51.638703385369624 ], [ -0.142606347480288, 51.639172124173591 ], [ -0.143837535188561, 51.639902747577914 ], [ -0.144947739576311, 51.640704929732493 ], [ -0.145307946695077, 51.641023725990145 ], [ -0.135121921277124, 51.657838056996944 ], [ -0.134216387871619, 51.657963944100104 ], [ -0.132526929712359, 51.658092469982584 ], [ -0.130825348769404, 51.658117357919451 ], [ -0.129128043824096, 51.658038368173251 ], [ -0.127451372324344, 51.657856262107622 ], [ -0.125811492412094, 51.657572794829832 ], [ -0.124224206893129, 51.657190698237123 ], [ -0.122704810667958, 51.656713654631979 ], [ -0.121267943107745, 51.656146261163187 ], [ -0.119927446809501, 51.65549398543898 ], [ -0.118696234100796, 51.654763112743993 ], [ -0.117586162586671, 51.65396068537359 ], [ -0.116607920941131, 51.653094434674387 ], [ -0.115770926043607, 51.652172706451495 ], [ -0.115083232448128, 51.651204380465465 ], [ -0.114551455050906, 51.650198784799606 ], [ -0.114180705691954, 51.649165605926477 ], [ -0.113974544289454, 51.648114795343687 ], [ -0.113934944963457, 51.647056473681076 ], [ -0.114062277459472, 51.646000833204852 ] ] ] } },
{ "type": "Feature", "properties": { "NLC": 665, "total_activity": 73536.948081315291, "log_total_activity": 11.20555685238978, "direction_balance": 0.14101468176269791, "post_2300_share": 0.1355139124053861, "midnight_share_common_window": 0.038916960946580301, "night_tube_extension_share": 0.0022107709234416, "post_0100_share": 0.0013000148014206999, "common_window_persistence": 0.062345812992895801, "weekend_common_ratio": 0.84068387390284305, "volume_band": "high", "cluster": 2, "Station": "Old Street", "mode_label": "LU", "tot_entry": 41953.368706401008, "tot_exit": 31583.57937491429, "easting": 532764.4507, "northing": 182418.81110000101, "lon": -0.087637202591825503, "lat": 51.525085276312062, "coord_source": "underground_stations_csv", "catchment_area_m2": 1055002.6654054872, "station_in_lnwc_extent": true }, "geometry": { "type": "Polygon", "coordinates": [ [ [ -0.092635560063657, 51.522127448928572 ], [ -0.097736802104694, 51.526671185792942 ], [ -0.09011741753404, 51.53458297395639 ], [ -0.080562401527799, 51.527165005572193 ], [ -0.082334201446405, 51.521906970454168 ], [ -0.084768966487811, 51.521364922528861 ], [ -0.092635560063657, 51.522127448928572 ] ] ] } },
{ "type": "Feature", "properties": { "NLC": 667, "total_activity": 6527.4226393859171, "log_total_activity": 8.7839206371012235, "direction_balance": -0.58967047639516268, "post_2300_share": 0.16266751439396421, "midnight_share_common_window": 0.045809670780754, "night_tube_extension_share": 0.074774223574931395, "post_0100_share": 0.037421169237299899, "common_window_persistence": 0.070310994363968995, "weekend_common_ratio": 0.77222275504998805, "volume_band": "low", "cluster": 4, "Station": "Osterley", "mode_label": "LU", "tot_entry": 1339.1971109933256, "tot_exit": 5188.2255283925924, "easting": 514520.2731, "northing": 177096.8334, "lon": -0.35222074679683529, "lat": 51.481243468780903, "coord_source": "underground_stations_csv", "catchment_area_m2": 3318780.3565640212, "station_in_lnwc_extent": true }, "geometry": { "type": "Polygon", "coordinates": [ [ [ -0.335069396150154, 51.479943530300716 ], [ -0.335356228052886, 51.478900103922236 ], [ -0.335805448818092, 51.477879255502515 ], [ -0.336412722398291, 51.476890814458677 ], [ -0.337172191975273, 51.47594429755646 ], [ -0.338076536688466, 51.475048817353155 ], [ -0.339117042397907, 51.474212994550946 ], [ -0.339126706267292, 51.47420663200301 ], [ -0.364860665591274, 51.479379828579226 ], [ -0.369444870315817, 51.481914184337683 ], [ -0.369373128615319, 51.482540906505477 ], [ -0.369087046632744, 51.483584422094388 ], [ -0.36863850734135, 51.484605403108802 ], [ -0.368031820599962, 51.485594015036078 ], [ -0.367272820674908, 51.486540734543475 ], [ -0.366368810378294, 51.487436441287727 ], [ -0.365328490998638, 51.488272505860806 ], [ -0.364161878688559, 51.489040873021381 ], [ -0.362880208107614, 51.489734139405002 ], [ -0.361495824244196, 51.490345624959744 ], [ -0.360022063457614, 51.490869437414155 ], [ -0.358473124888603, 51.49130052915109 ], [ -0.356863933482532, 51.491634745935137 ], [ -0.355209995953347, 51.491868867019711 ], [ -0.353527251086975, 51.492000636243709 ], [ -0.351831915839648, 51.492028783815257 ], [ -0.350140328728778, 51.491953038570628 ], [ -0.348468792041257, 51.491774130589022 ], [ -0.346833414395809, 51.491493784138051 ], [ -0.345249955192503, 51.49111470101856 ], [ -0.343733672463454, 51.490640534471297 ], [ -0.34229917560453, 51.490075853899413 ], [ -0.340960284418862, 51.489426100750322 ], [ -0.33972989583964, 51.488697535985878 ], [ -0.338619859622816, 51.487897179652016 ], [ -0.337640864210817, 51.487032743134577 ], [ -0.336802333867067, 51.486112554759117 ], [ -0.336112338069231, 51.485145479456804 ], [ -0.335577514027847, 51.484140833274267 ], [ -0.335203003067536, 51.483108293555915 ], [ -0.334992401471897, 51.482057805666862 ], [ -0.33494772625164, 51.480999487158449 ], [ -0.335069396150154, 51.479943530300716 ] ] ] } },
{ "type": "Feature", "properties": { "NLC": 668, "total_activity": 24960.822427301104, "log_total_activity": 10.125102833732283, "direction_balance": -0.23183663900564291, "post_2300_share": 0.20937479563673911, "midnight_share_common_window": 0.0515956197594932, "night_tube_extension_share": 0.087546276731981704, "post_0100_share": 0.044329777876663597, "common_window_persistence": 0.086001496968545602, "weekend_common_ratio": 0.83660518422982655, "volume_band": "high", "cluster": 4, "Station": "Oval", "mode_label": "LU", "tot_entry": 9586.9946244694711, "tot_exit": 15373.827802831633, "easting": 531170.2991, "northing": 177564.9022, "lon": -0.1124062491167189, "lat": 51.48183745351276, "coord_source": "underground_stations_csv", "catchment_area_m2": 1673722.9737180714, "station_in_lnwc_extent": true }, "geometry": { "type": "Polygon", "coordinates": [ [ [ -0.095554752976129, 51.479459722987727 ], [ -0.096009309339795, 51.478439850737779 ], [ -0.096153927499094, 51.47820675339154 ], [ -0.10590104106996, 51.471932496747584 ], [ -0.120141578374927, 51.477834488133873 ], [ -0.120877107655317, 51.480718856864044 ], [ -0.115263197716034, 51.487434934493074 ], [ -0.095462556006499, 51.479788648882703 ], [ -0.095554752976129, 51.479459722987727 ] ] ] } },
{ "type": "Feature", "properties": { "NLC": 669, "total_activity": 218750.25297820845, "log_total_activity": 12.295690532103841, "direction_balance": 0.42604200575860018, "post_2300_share": 0.1084571808189749, "midnight_share_common_window": 0.0262319875979777, "night_tube_extension_share": 0.0367008833019518, "post_0100_share": 0.017806945499324399, "common_window_persistence": 0.038437481383458399, "weekend_common_ratio": 0.83429590925219321, "volume_band": "high", "cluster": 1, "Station": "Oxford Circus", "mode_label": "LU", "tot_entry": 155973.52475862289, "tot_exit": 62776.728219585682, "easting": 529046.6139, "northing": 181236.3369, "lon": -0.1416304596960839, "lat": 51.515319726422334, "coord_source": "underground_stations_csv", "catchment_area_m2": 533854.12344046345, "station_in_lnwc_extent": true }, "geometry": { "type": "Polygon", "coordinates": [ [ [ -0.13638561541939, 51.517100891233518 ], [ -0.135552522413976, 51.513928670490316 ], [ -0.140487731067489, 51.511026588814765 ], [ -0.144560378541303, 51.511197571690403 ], [ -0.146796545950512, 51.518652101564385 ], [ -0.142472445428275, 51.519642380413949 ], [ -0.141368051253559, 51.519776490634001 ], [ -0.13638561541939, 51.517100891233518 ] ] ] } },
{ "type": "Feature", "properties": { "NLC": 670, "total_activity": 233216.78175191639, "log_total_activity": 12.359727981631767, "direction_balance": -0.025000377565334402, "post_2300_share": 0.1121111496031354, "midnight_share_common_window": 0.025647680214306599, "night_tube_extension_share": 0.0024649507146754001, "post_0100_share": 0.0015993108117636999, "common_window_persistence": 0.039214343563237497, "weekend_common_ratio": 0.94662605756726881, "volume_band": "high", "cluster": 2, "Station": "Paddington TfL", "mode_label": "EZL,LU", "tot_entry": 113693.13707677306, "tot_exit": 119523.64467514324, "easting": 526659.2098, "northing": 181314.446900001, "lon": -0.1759896922641174, "lat": 51.516561482784041, "coord_source": "underground_stations_csv", "catchment_area_m2": 498197.25820740976, "station_in_lnwc_extent": true }, "geometry": { "type": "Polygon", "coordinates": [ [ [ -0.181438700343803, 51.513875342434176 ], [ -0.183055797209555, 51.515648090515697 ], [ -0.181072150714598, 51.519311086362102 ], [ -0.177388020140642, 51.52095659430708 ], [ -0.170842626690219, 51.517213453682125 ], [ -0.167992518723365, 51.514460086265714 ], [ -0.181438700343803, 51.513875342434176 ] ] ] } },
{ "type": "Feature", "properties": { "NLC": 671, "total_activity": 6986.084032446488, "log_total_activity": 8.8518185854511433, "direction_balance": -0.1915789088618626, "post_2300_share": 0.13234125132053101, "midnight_share_common_window": 0.039311599166079098, "night_tube_extension_share": 0.0103714428062248, "post_0100_share": 0.0064987846789513999, "common_window_persistence": 0.061662232791981297, "weekend_common_ratio": 0.87379974147322803, "volume_band": "low", "cluster": 4, "Station": "Park Royal", "mode_label": "LU", "tot_entry": 2823.8488381465531, "tot_exit": 4162.2351942999348, "easting": 519141.6075, "northing": 182236.24180000101, "lon": -0.2839675301559994, "lat": 51.526479964901441, "coord_source": "underground_stations_csv", "catchment_area_m2": 1510294.0124957643, "station_in_lnwc_extent": true }, "geometry": { "type": "Polygon", "coordinates": [ [ [ -0.293609537874349, 51.523496353057219 ], [ -0.28060290303664, 51.535399790056125 ], [ -0.27411832398925, 51.53433156824115 ], [ -0.270191156029177, 51.530537734081101 ], [ -0.272146970573759, 51.524115205837752 ], [ -0.272970004397454, 51.523539204509184 ], [ -0.2855513589804, 51.521803568746158 ], [ -0.293609537874349, 51.523496353057219 ] ] ] } },
{ "type": "Feature", "properties": { "NLC": 672, "total_activity": 21654.81960199204, "log_total_activity": 9.9830295010965315, "direction_balance": -0.24336935871396581, "post_2300_share": 0.11530891021684329, "midnight_share_common_window": 0.0356782175134134, "night_tube_extension_share": 0.0082394039217851996, "post_0100_share": 0.0043447006458758996, "common_window_persistence": 0.051289404693035001, "weekend_common_ratio": 0.67117219592445576, "volume_band": "high", "cluster": 4, "Station": "Parsons Green", "mode_label": "LU", "tot_entry": 8192.3500211943119, "tot_exit": 13462.46958079774, "easting": 524984.5495, "northing": 176646.7489, "lon": -0.2017635248636348, "lat": 51.47498535708651, "coord_source": "underground_stations_csv", "catchment_area_m2": 1605520.2980932004, "station_in_lnwc_extent": true }, "geometry": { "type": "Polygon", "coordinates": [ [ [ -0.218619272151605, 51.47734785863323 ], [ -0.218167451370407, 51.478368232455843 ], [ -0.217557616127616, 51.479356035442393 ], [ -0.217322112528436, 51.479648328991715 ], [ -0.208956069800905, 51.482400804222507 ], [ -0.208033591531383, 51.482484883957078 ], [ -0.192287943896668, 51.475055978700226 ], [ -0.192374408481965, 51.466424660736301 ], [ -0.218701985374076, 51.477049798282209 ], [ -0.218619272151605, 51.47734785863323 ] ] ] } },
{ "type": "Feature", "properties": { "NLC": 673, "total_activity": 6281.0533568168421, "log_total_activity": 8.7454521736659672, "direction_balance": -0.49216665977023361, "post_2300_share": 0.1104962162805075, "midnight_share_common_window": 0.036314927109169601, "night_tube_extension_share": 0.0075929317394445002, "post_0100_share": 0.0045417233389496003, "common_window_persistence": 0.053118712731443703, "weekend_common_ratio": 0.77726342468645682, "volume_band": "low", "cluster": 4, "Station": "Perivale", "mode_label": "LU", "tot_entry": 1594.8641531768417, "tot_exit": 4686.1892036399986, "easting": 516378.3501, "northing": 183314.9891, "lon": -0.32342516922982101, "lat": 51.536750921663099, "coord_source": "underground_stations_csv", "catchment_area_m2": 3363280.0368337454, "station_in_lnwc_extent": true }, "geometry": { "type": "Polygon", "coordinates": [ [ [ -0.310310239378051, 51.529717188231487 ], [ -0.311478800924783, 51.528949379834209 ], [ -0.312762353750557, 51.528256696988549 ], [ -0.31414853836763, 51.527645807089584 ], [ -0.315624009075163, 51.527122590009839 ], [ -0.317174562331218, 51.52669208160075 ], [ -0.318785273308243, 51.526358425310335 ], [ -0.320440639325869, 51.526124832378734 ], [ -0.322124728791266, 51.525993550990961 ], [ -0.323821334226452, 51.525965844681053 ], [ -0.325514127924251, 51.52604198019327 ], [ -0.327186818750368, 51.526221224916505 ], [ -0.328823308598489, 51.526501853915995 ], [ -0.330407847008399, 51.52688116649594 ], [ -0.331925182474012, 51.527355512135159 ], [ -0.333360708998612, 51.527920325548934 ], [ -0.334700606498362, 51.528570170543105 ], [ -0.335931973711929, 51.529298792241889 ], [ -0.337042952343352, 51.530099177192184 ], [ -0.338022841246576, 51.530963620769583 ], [ -0.33886219955268, 51.531883801242977 ], [ -0.339473853745864, 51.532740141572496 ], [ -0.330748215057677, 51.54614871239896 ], [ -0.313301688245272, 51.542443257819926 ], [ -0.308798389669057, 51.532112932438835 ], [ -0.309959143008742, 51.529998639223919 ], [ -0.310310239378051, 51.529717188231487 ] ] ] } },
{ "type": "Feature", "properties": { "NLC": 674, "total_activity": 172934.9793351932, "log_total_activity": 12.060676743343926, "direction_balance": 0.39597939987512831, "post_2300_share": 0.1361483490403477, "midnight_share_common_window": 0.031813641551879497, "night_tube_extension_share": 0.033299578617550799, "post_0100_share": 0.018160576854251601, "common_window_persistence": 0.055116270818276601, "weekend_common_ratio": 1.1576311179623464, "volume_band": "high", "cluster": 1, "Station": "Piccadilly Circus", "mode_label": "LU", "tot_entry": 120706.83433488043, "tot_exit": 52228.145000312812, "easting": 529612.6446, "northing": 180665.529899999, "lon": -0.13368738643164721, "lat": 51.510060615198363, "coord_source": "underground_stations_csv", "catchment_area_m2": 401627.24900430924, "station_in_lnwc_extent": true }, "geometry": { "type": "Polygon", "coordinates": [ [ [ -0.134766155932465, 51.50484775682186 ], [ -0.140487731067489, 51.511026588814765 ], [ -0.135552522413976, 51.513928670490316 ], [ -0.132715708548561, 51.513379066118269 ], [ -0.130017536602054, 51.509193207939276 ], [ -0.134766155932465, 51.50484775682186 ] ] ] } },
{ "type": "Feature", "properties": { "NLC": 675, "total_activity": 8605.064167363289, "log_total_activity": 9.0602223694901163, "direction_balance": -0.56096375410720389, "post_2300_share": 0.1190433339283129, "midnight_share_common_window": 0.042388693434820997, "night_tube_extension_share": 0.011184534572314799, "post_0100_share": 0.0064244889253785003, "common_window_persistence": 0.060505377483144697, "weekend_common_ratio": 0.65882909016710312, "volume_band": "medium", "cluster": 0, "Station": "Pinner", "mode_label": "LU", "tot_entry": 1888.9675338528989, "tot_exit": 6716.0966335103922, "easting": 512236.1384, "northing": 189460.7521, "lon": -0.38116191894249879, "lat": 51.592825567877362, "coord_source": "underground_stations_csv", "catchment_area_m2": 3456721.2713611075, "station_in_lnwc_extent": true }, "geometry": { "type": "Polygon", "coordinates": [ [ [ -0.396612086084011, 51.587951004612933 ], [ -0.397304881055703, 51.588917731940406 ], [ -0.397842249780254, 51.589922101476795 ], [ -0.398219007742482, 51.590954442662323 ], [ -0.398345806949081, 51.591581183148904 ], [ -0.391554696138897, 51.601445032852979 ], [ -0.390465047313926, 51.601925513988554 ], [ -0.388987972374508, 51.602449652472067 ], [ -0.387435481083772, 51.602881088333646 ], [ -0.385822532643152, 51.603215664010008 ], [ -0.384164670001801, 51.603450155285884 ], [ -0.383440017918025, 51.603506928979861 ], [ -0.37147926967125, 51.600041380478146 ], [ -0.365742420793139, 51.594497664565608 ], [ -0.377495993302747, 51.583755429590511 ], [ -0.383542355768602, 51.582461965119144 ], [ -0.395975642433603, 51.587255396150717 ], [ -0.396612086084011, 51.587951004612933 ] ] ] } },
{ "type": "Feature", "properties": { "NLC": 676, "total_activity": 18046.79494749671, "log_total_activity": 9.8007787927248593, "direction_balance": -0.51636829148634578, "post_2300_share": 0.16129294720559059, "midnight_share_common_window": 0.057334325509955403, "night_tube_extension_share": 0.019537560600256, "post_0100_share": 0.011847639876594301, "common_window_persistence": 0.092967731105557505, "weekend_common_ratio": 0.79323738960440449, "volume_band": "medium", "cluster": 4, "Station": "Plaistow", "mode_label": "LU", "tot_entry": 4364.0011368267078, "tot_exit": 13682.793810669997, "easting": 540003.2462000001, "northing": 183297.1438, "lon": 0.016988720645060702, "lat": 51.531231341070843, "coord_source": "underground_stations_csv", "catchment_area_m2": 2099624.4448878034, "station_in_lnwc_extent": true }, "geometry": { "type": "Polygon", "coordinates": [ [ [ 0.030048494116341, 51.524160159409348 ], [ 0.028874451193935, 51.523395805476866 ], [ 0.027586000903107, 51.522706904199829 ], [ 0.026195549758026, 51.522100086564095 ], [ 0.024716484417487, 51.52158119324362 ], [ 0.023163042923512, 51.521155218478768 ], [ 0.021550177818136, 51.520826262093557 ], [ 0.021497365775303, 51.520818970019313 ], [ 0.021192784955355, 51.520881638828222 ], [ 0.013801031601181, 51.52445434849907 ], [ 0.010110891074753, 51.530633907840006 ], [ 0.01179957869891, 51.538118102576547 ], [ 0.012895392171019, 51.539210333236795 ], [ 0.018370656297176, 51.540813205990716 ], [ 0.022052967783818, 51.54021737142655 ], [ 0.031006299906669, 51.524920728343069 ], [ 0.030048494116341, 51.524160159409348 ] ] ] } },
{ "type": "Feature", "properties": { "NLC": 677, "total_activity": 9044.2580625259725, "log_total_activity": 9.1099959283815952, "direction_balance": -0.56600482393647178, "post_2300_share": 0.1204980551306379, "midnight_share_common_window": 0.039580971689224601, "night_tube_extension_share": 0.0090805391806728, "post_0100_share": 0.0053183451313807001, "common_window_persistence": 0.058512341778026798, "weekend_common_ratio": 0.70639393781058557, "volume_band": "medium", "cluster": 0, "Station": "Preston Road", "mode_label": "LU", "tot_entry": 1962.5821851049704, "tot_exit": 7081.6758774210002, "easting": 518249.3308, "northing": 187281.8291, "lon": -0.295129262413792, "lat": 51.572014075601601, "coord_source": "underground_stations_csv", "catchment_area_m2": 2090954.4783544124, "station_in_lnwc_extent": true }, "geometry": { "type": "Polygon", "coordinates": [ [ [ -0.298110629266676, 51.582640702129694 ], [ -0.296424381122404, 51.582771617646841 ], [ -0.295681404006126, 51.582783556646369 ], [ -0.278713704567343, 51.574184408758512 ], [ -0.292194170459006, 51.564619498680194 ], [ -0.300506112732319, 51.567557261614759 ], [ -0.304258605419059, 51.578271448049911 ], [ -0.299476874720444, 51.582448418295762 ], [ -0.298110629266676, 51.582640702129694 ] ] ] } },
{ "type": "Feature", "properties": { "NLC": 678, "total_activity": 18295.635543052787, "log_total_activity": 9.8144724718206042, "direction_balance": -0.267940569935262, "post_2300_share": 0.121867971383122, "midnight_share_common_window": 0.033020555418421603, "night_tube_extension_share": 0.0063421952831168998, "post_0100_share": 0.0035527879773184002, "common_window_persistence": 0.049455805649794099, "weekend_common_ratio": 0.69376709161123618, "volume_band": "medium", "cluster": 4, "Station": "Putney Bridge", "mode_label": "LU", "tot_entry": 6696.7462641596958, "tot_exit": 11598.889278893092, "easting": 524519.2741, "northing": 175886.506, "lon": -0.2087270375114135, "lat": 51.468255468258462, "coord_source": "underground_stations_csv", "catchment_area_m2": 2233865.9961957652, "station_in_lnwc_extent": true }, "geometry": { "type": "Polygon", "coordinates": [ [ [ -0.192327451525721, 51.46487130882899 ], [ -0.192937627481564, 51.463883638212508 ], [ -0.193699819999214, 51.462938076320683 ], [ -0.194489776490962, 51.462159021478648 ], [ -0.225302105784485, 51.465244019091514 ], [ -0.225372050276971, 51.465376126200923 ], [ -0.225743936858845, 51.466408994103652 ], [ -0.225951960343116, 51.46745965569783 ], [ -0.22599410615327, 51.468517993299109 ], [ -0.22586995690619, 51.469573814604637 ], [ -0.225580696873523, 51.470616950847798 ], [ -0.225129101012922, 51.471637354753227 ], [ -0.224519508657962, 51.472625197347334 ], [ -0.223757782104217, 51.473570962690758 ], [ -0.222851250475828, 51.474465539617128 ], [ -0.221808639400678, 51.475300309591027 ], [ -0.220639987161476, 51.47606722983501 ], [ -0.219356548123168, 51.476758910919862 ], [ -0.21869857403279, 51.477048422250562 ], [ -0.192374408481965, 51.466424660736301 ], [ -0.191934836289449, 51.465756998082327 ], [ -0.192327451525721, 51.46487130882899 ] ] ] } },
{ "type": "Feature", "properties": { "NLC": 679, "total_activity": 11877.068243037344, "log_total_activity": 9.3824489738899395, "direction_balance": -0.60666269707465237, "post_2300_share": 0.12531828800014619, "midnight_share_common_window": 0.036705297694751698, "night_tube_extension_share": 0.064106873908168896, "post_0100_share": 0.029716017954582501, "common_window_persistence": 0.050957531008130802, "weekend_common_ratio": 0.61576805052901773, "volume_band": "medium", "cluster": 0, "Station": "Queensbury", "mode_label": "LU", "tot_entry": 2335.8469946883042, "tot_exit": 9541.2212483490384, "easting": 518808.7824, "northing": 189763.2019, "lon": -0.28622177754727351, "lat": 51.594197452092949, "coord_source": "underground_stations_csv", "catchment_area_m2": 2836780.8877565763, "station_in_lnwc_extent": true }, "geometry": { "type": "Polygon", "coordinates": [ [ [ -0.296177243974365, 51.585370271671195 ], [ -0.297518271561866, 51.586020545896019 ], [ -0.298750566279804, 51.586749559808737 ], [ -0.299862260885982, 51.587550296186542 ], [ -0.300842647317925, 51.588415047027006 ], [ -0.301682279887533, 51.589335487644831 ], [ -0.302373066402687, 51.590302756714863 ], [ -0.302908346332346, 51.591307541495425 ], [ -0.303282955253468, 51.592340167415585 ], [ -0.303493274947508, 51.5933906911675 ], [ -0.303537268650214, 51.594448996410271 ], [ -0.303414501099744, 51.595504891165881 ], [ -0.303126143173401, 51.596548205970308 ], [ -0.302674961051227, 51.597568891834726 ], [ -0.302375488764353, 51.598054316987074 ], [ -0.280078526743586, 51.603476618287928 ], [ -0.269867777654729, 51.593283956891362 ], [ -0.29591970801611, 51.585268955859235 ], [ -0.296177243974365, 51.585370271671195 ] ] ] } },
{ "type": "Feature", "properties": { "NLC": 680, "total_activity": 20427.053972080183, "log_total_activity": 9.9246644298278888, "direction_balance": -0.39720493715083782, "post_2300_share": 0.13702289693216829, "midnight_share_common_window": 0.036635229662156397, "night_tube_extension_share": 0.0082768791794202001, "post_0100_share": 0.0045060999947195996, "common_window_persistence": 0.057601536734294301, "weekend_common_ratio": 0.75302775272618216, "volume_band": "high", "cluster": 4, "Station": "Queen's Park", "mode_label": "LO,LU", "tot_entry": 6156.6636414616532, "tot_exit": 14270.39033061852, "easting": 524547.4749, "northing": 183200.2402, "lon": -0.2057416029735368, "lat": 51.533978210095327, "coord_source": "underground_stations_csv", "catchment_area_m2": 1094910.8229692942, "station_in_lnwc_extent": true }, "geometry": { "type": "Polygon", "coordinates": [ [ [ -0.200587628376384, 51.537786195825703 ], [ -0.198532772552312, 51.528120930433076 ], [ -0.212290105249815, 51.52623972340416 ], [ -0.213391470994217, 51.5285968127112 ], [ -0.212542166710586, 51.53635381535387 ], [ -0.201369258078233, 51.538955172930862 ], [ -0.200587628376384, 51.537786195825703 ] ] ] } },
{ "type": "Feature", "properties": { "NLC": 681, "total_activity": 27975.420449229197, "log_total_activity": 10.239117307556114, "direction_balance": -0.2096998138873378, "post_2300_share": 0.1579511009848269, "midnight_share_common_window": 0.034546095962874002, "night_tube_extension_share": 0.057962422322374099, "post_0100_share": 0.029438411197136499, "common_window_persistence": 0.058406478634198303, "weekend_common_ratio": 1.0615998426400182, "volume_band": "high", "cluster": 4, "Station": "Queensway", "mode_label": "LU", "tot_entry": 11054.489993802894, "tot_exit": 16920.930455426289, "easting": 525903.0798, "northing": 180593.604, "lon": -0.18713829824007039, "lat": 51.510252176074523, "coord_source": "underground_stations_csv", "catchment_area_m2": 586071.62026792753, "station_in_lnwc_extent": true }, "geometry": { "type": "Polygon", "coordinates": [ [ [ -0.190283244777581, 51.505471586682027 ], [ -0.191909305712047, 51.510642595428578 ], [ -0.181664537538672, 51.51215242607114 ], [ -0.178832690844337, 51.503166530046506 ], [ -0.190283244777581, 51.505471586682027 ] ] ] } },
{ "type": "Feature", "properties": { "NLC": 682, "total_activity": 9242.3634903736165, "log_total_activity": 9.1316611125083664, "direction_balance": -0.1660032947164029, "post_2300_share": 0.1171235853592093, "midnight_share_common_window": 0.032247096609672801, "night_tube_extension_share": 0.0066446655671006001, "post_0100_share": 0.0036023650469715002, "common_window_persistence": 0.049129780862272501, "weekend_common_ratio": 0.73422344418669083, "volume_band": "medium", "cluster": 4, "Station": "Ravenscourt Park", "mode_label": "LU", "tot_entry": 3854.0503500024993, "tot_exit": 5388.3131403711168, "easting": 522571.1867, "northing": 178722.46, "lon": -0.2357753569718746, "lat": 51.494167735828484, "coord_source": "underground_stations_csv", "catchment_area_m2": 1294003.4068899525, "station_in_lnwc_extent": true }, "geometry": { "type": "Polygon", "coordinates": [ [ [ -0.234496550209795, 51.483409529384339 ], [ -0.236191595559148, 51.483383075927243 ], [ -0.237882636028136, 51.483460460316884 ], [ -0.239553397333416, 51.483640937927824 ], [ -0.24118779991192, 51.483922771963215 ], [ -0.242770113361893, 51.484303250131269 ], [ -0.242813608200548, 51.484316900810413 ], [ -0.23951134496237, 51.501853116549256 ], [ -0.2300284659753, 51.497542450738116 ], [ -0.230702146371451, 51.490123069502154 ], [ -0.233604840939122, 51.48347844095106 ], [ -0.234496550209795, 51.483409529384339 ] ] ] } },
{ "type": "Feature", "properties": { "NLC": 683, "total_activity": 12784.465723168672, "log_total_activity": 9.4560643143726359, "direction_balance": -0.57026105087670087, "post_2300_share": 0.1287908017437725, "midnight_share_common_window": 0.0439909488632085, "night_tube_extension_share": 0.017388079324822701, "post_0100_share": 0.0099019565971154994, "common_window_persistence": 0.065232349894132999, "weekend_common_ratio": 0.71236589876198686, "volume_band": "medium", "cluster": 0, "Station": "Rayners Lane", "mode_label": "LU", "tot_entry": 2746.9914324886731, "tot_exit": 10037.47429068, "easting": 512952.7879, "northing": 187515.078199999, "lon": -0.3714462140203309, "lat": 51.575195361923193, "coord_source": "underground_stations_csv", "catchment_area_m2": 2793734.4374584835, "station_in_lnwc_extent": true }, "geometry": { "type": "Polygon", "coordinates": [ [ [ -0.370133539758062, 51.564438483409063 ], [ -0.371831562920322, 51.564410095095049 ], [ -0.373525878415791, 51.564485550395723 ], [ -0.375200180482808, 51.56466412324388 ], [ -0.376838355528839, 51.564944095169707 ], [ -0.378424636896547, 51.565322771801348 ], [ -0.379943756326574, 51.565796508739759 ], [ -0.381381090672882, 51.566360746561784 ], [ -0.38272280247022, 51.567010054617676 ], [ -0.383955973010037, 51.567738183205677 ], [ -0.38506872665039, 51.568538123626148 ], [ -0.385333404952828, 51.568771105906599 ], [ -0.383542355768602, 51.582461965119144 ], [ -0.377495993302747, 51.583755429590511 ], [ -0.363202314990152, 51.578725523697827 ], [ -0.358947570552714, 51.571864194775806 ], [ -0.369381041233322, 51.564497403843397 ], [ -0.370133539758062, 51.564438483409063 ] ] ] } },
{ "type": "Feature", "properties": { "NLC": 684, "total_activity": 8421.6876083253865, "log_total_activity": 9.0386842496928139, "direction_balance": -0.59011460467192511, "post_2300_share": 0.17350873410570011, "midnight_share_common_window": 0.055654902856037303, "night_tube_extension_share": 0.054063456002950497, "post_0100_share": 0.028136422527402598, "common_window_persistence": 0.088414720511367298, "weekend_common_ratio": 0.73370324870402859, "volume_band": "medium", "cluster": 4, "Station": "Redbridge", "mode_label": "LU", "tot_entry": 1725.9633773340004, "tot_exit": 6695.724230991389, "easting": 541834.4862, "northing": 188358.00049999901, "lon": 0.045410274138932401, "lat": 51.576249813818855, "coord_source": "underground_stations_csv", "catchment_area_m2": 2915122.581460929, "station_in_lnwc_extent": true }, "geometry": { "type": "Polygon", "coordinates": [ [ [ 0.056012395462345, 51.567722813473864 ], [ 0.054620185179841, 51.567116356684217 ], [ 0.053139331131415, 51.56659784537905 ], [ 0.05158408855938, 51.566172270117143 ], [ 0.049969427321966, 51.565843726873986 ], [ 0.048310888031836, 51.565615377693028 ], [ 0.046624432754675, 51.565489420310513 ], [ 0.044926291691772, 51.565467067043514 ], [ 0.043232807307551, 51.565548533142234 ], [ 0.041560277386594, 51.565733034718043 ], [ 0.039924798514545, 51.566018796266796 ], [ 0.038342111473532, 51.566403067716259 ], [ 0.037949883433657, 51.566527131158182 ], [ 0.03621310267566, 51.583993180745978 ], [ 0.042702551950371, 51.586898677935388 ], [ 0.044195613293332, 51.587010182459437 ], [ 0.045894557987338, 51.587032537400511 ], [ 0.047588834419972, 51.586951024420202 ], [ 0.049262114368675, 51.586766429208751 ], [ 0.050898272424647, 51.586480530868691 ], [ 0.052481541705099, 51.586096084729071 ], [ 0.053996666073341, 51.585616795734317 ], [ 0.055429047386257, 51.585047282666629 ], [ 0.055497450596237, 51.585013781888108 ], [ 0.056106803767919, 51.567773200763348 ], [ 0.056012395462345, 51.567722813473864 ] ] ] } },
{ "type": "Feature", "properties": { "NLC": 685, "total_activity": 6437.0720904458767, "log_total_activity": 8.7699844094422037, "direction_balance": 0.26122911718228098, "post_2300_share": 0.072603442292892395, "midnight_share_common_window": 0.0142400990786285, "night_tube_extension_share": 0.00086125397881720001, "post_0100_share": 0.00045183467101980003, "common_window_persistence": 0.019885556227738299, "weekend_common_ratio": 0.73584755081596254, "volume_band": "low", "cluster": 2, "Station": "Regent's Park", "mode_label": "LU", "tot_entry": 4059.3113749358777, "tot_exit": 2377.7607155100004, "easting": 528699.2958, "northing": 182113.1305, "lon": -0.14631312455288231, "lat": 51.523278384742909, "coord_source": "underground_stations_csv", "catchment_area_m2": 504148.66371827497, "station_in_lnwc_extent": true }, "geometry": { "type": "Polygon", "coordinates": [ [ [ -0.150749883317579, 51.531107609357655 ], [ -0.142472445428275, 51.519642380413949 ], [ -0.146796545950512, 51.518652101564385 ], [ -0.151434169766946, 51.519335243478778 ], [ -0.152237661644186, 51.531490586281102 ], [ -0.150749883317579, 51.531107609357655 ] ] ] } },
{ "type": "Feature", "properties": { "NLC": 686, "total_activity": 53707.707086891431, "log_total_activity": 10.891330410498268, "direction_balance": -0.35648105597076829, "post_2300_share": 0.13716094129084069, "midnight_share_common_window": 0.052886203929593402, "night_tube_extension_share": 0.032545249942748801, "post_0100_share": 0.021000136507357599, "common_window_persistence": 0.075018863784180295, "weekend_common_ratio": 0.81316249970760257, "volume_band": "high", "cluster": 0, "Station": "Richmond", "mode_label": "LO,LU", "tot_entry": 17280.96347539383, "tot_exit": 36426.743611497652, "easting": 518077.1529, "northing": 175161.4717, "lon": -0.30166912590765971, "lat": 51.463118722979786, "coord_source": "underground_stations_csv", "catchment_area_m2": 4288535.6745441062, "station_in_lnwc_extent": true }, "geometry": { "type": "Polygon", "coordinates": [ [ [ -0.284526175064393, 51.461811462368907 ], [ -0.284814033634328, 51.460768166283941 ], [ -0.285264190215223, 51.45974751739459 ], [ -0.285872299768337, 51.458759343190664 ], [ -0.286632497447593, 51.457813157863725 ], [ -0.287537455404374, 51.456918070774897 ], [ -0.288578453616868, 51.456082698839168 ], [ -0.289745464051973, 51.455315083664928 ], [ -0.291027247342206, 51.454622614242858 ], [ -0.292411461042724, 51.454011955922574 ], [ -0.293884778425293, 51.453488986356369 ], [ -0.29543301666788, 51.453058739021905 ], [ -0.297041273211281, 51.452725354862288 ], [ -0.298694068978483, 51.452492042505334 ], [ -0.300375497089022, 51.452361047441173 ], [ -0.302069375649846, 51.45233363045206 ], [ -0.303759403166618, 51.452410055499946 ], [ -0.305429315095221, 51.45258958718739 ], [ -0.307063040042666, 51.452870497816114 ], [ -0.308644854129841, 51.453250083976243 ], [ -0.310159532045322, 51.453724692508139 ], [ -0.311592493349964, 51.454289755589755 ], [ -0.312929942635664, 51.454939834615452 ], [ -0.314159002198447, 51.455668672447331 ], [ -0.315267835955243, 51.456469253541513 ], [ -0.316245763414926, 51.457333871374757 ], [ -0.31708336260668, 51.458254202527662 ], [ -0.317772560971815, 51.459221386716145 ], [ -0.318306713337829, 51.46022611200511 ], [ -0.318680666214977, 51.46125870438852 ], [ -0.318890807784621, 51.46230922087647 ], [ -0.318935103084249, 51.463367545196306 ], [ -0.318813114034926, 51.464423485187837 ], [ -0.318526004101799, 51.465466870956249 ], [ -0.318076527525795, 51.466487652837216 ], [ -0.317469003213453, 51.467475998230064 ], [ -0.316709273520374, 51.468422386364622 ], [ -0.315804648310731, 51.469317700085909 ], [ -0.314763834819039, 51.470153313769671 ], [ -0.313596853979681, 51.47092117651718 ], [ -0.312314944022783, 51.471613889823686 ], [ -0.310930452260908, 51.472224778967274 ], [ -0.30945671610803, 51.472747957425163 ], [ -0.307907934479283, 51.473178383692179 ], [ -0.306299030815897, 51.473511909948883 ], [ -0.304645509063344, 51.473745322106787 ], [ -0.302963304001305, 51.473876370840401 ], [ -0.301575085795457, 51.473898836155868 ], [ -0.285140777667818, 51.466218574831416 ], [ -0.285029486266113, 51.466008951568696 ], [ -0.284656259374228, 51.464976259384372 ], [ -0.284446894755963, 51.463925689226961 ], [ -0.284403397516034, 51.462867359431613 ], [ -0.284526175064393, 51.461811462368907 ] ] ] } },
{ "type": "Feature", "properties": { "NLC": 687, "total_activity": 6072.7099523772213, "log_total_activity": 8.7117248921403956, "direction_balance": -0.51098351776178186, "post_2300_share": 0.13644056802237289, "midnight_share_common_window": 0.046989664624034498, "night_tube_extension_share": 0.019962672354128401, "post_0100_share": 0.0115037303588822, "common_window_persistence": 0.069162251356383694, "weekend_common_ratio": 0.69097761970011939, "volume_band": "low", "cluster": 0, "Station": "Rickmansworth", "mode_label": "LU", "tot_entry": 1484.8276292822629, "tot_exit": 4587.8823230949602, "easting": 505715.6061, "northing": 194601.2017, "lon": -0.47370581066277861, "lat": 51.640288366349878, "coord_source": "underground_stations_csv", "catchment_area_m2": 4505328.0788353411, "station_in_lnwc_extent": false }, "geometry": { "type": "Polygon", "coordinates": [ [ [ -0.456490767002982, 51.639005705600312 ], [ -0.456775904560457, 51.637961995230569 ], [ -0.457224060694731, 51.636940699262674 ], [ -0.45783090949438, 51.635951651430133 ], [ -0.458590598119721, 51.635004374343083 ], [ -0.459495803497171, 51.634107987874998 ], [ -0.460537803107506, 51.633271121445688 ], [ -0.46170655917621, 51.632501831040948 ], [ -0.462990815447937, 51.631807521763328 ], [ -0.464378205609099, 51.631194876654604 ], [ -0.465855372313724, 51.63066979247013 ], [ -0.467408095668932, 51.630237323018711 ], [ -0.469021429948561, 51.629901630608181 ], [ -0.470679847227209, 51.629665946060257 ], [ -0.472367386562989, 51.629532537675907 ], [ -0.47406780730609, 51.629502689446568 ], [ -0.475764745072188, 51.629576688719709 ], [ -0.477441868895204, 51.629753823435443 ], [ -0.479083038063011, 51.630032388961347 ], [ -0.480672457142554, 51.630409704460163 ], [ -0.482194827717486, 51.630882138634824 ], [ -0.483635495391593, 51.631445144605472 ], [ -0.484980590654915, 51.632093303586295 ], [ -0.486217162266071, 51.632820376945986 ], [ -0.487333301873492, 51.633619366154889 ], [ -0.488318258679496, 51.634482580047113 ], [ -0.489162543043721, 51.63540170875482 ], [ -0.489858018025585, 51.636367903607905 ], [ -0.49039797797839, 51.637371862234588 ], [ -0.490777213429306, 51.638403918048041 ], [ -0.490992061608901, 51.639454133260521 ], [ -0.49104044212978, 51.64051239453326 ], [ -0.490921877455256, 51.641568510341955 ], [ -0.490637497944256, 51.642612309122612 ], [ -0.49019003140676, 51.643633737251704 ], [ -0.489583777253378, 51.644622955916851 ], [ -0.488824565471871, 51.645570435942929 ], [ -0.487919700810979, 51.646467049657581 ], [ -0.486877892696374, 51.647304158908042 ], [ -0.485709171543493, 51.648073698377075 ], [ -0.484424792265878, 51.648768253390728 ], [ -0.483037125904156, 51.649381131463727 ], [ -0.481559540418527, 51.649906426887974 ], [ -0.480006271795386, 51.650339077736895 ], [ -0.478392286715234, 51.650674914731674 ], [ -0.476733138113375, 51.650910701494219 ], [ -0.475044815036042, 51.651044165795582 ], [ -0.473343588251802, 51.651074021495404 ], [ -0.471645853120696, 51.65099998095917 ], [ -0.469967971251098, 51.650822757832501 ], [ -0.468326112486449, 51.650544060145378 ], [ -0.466736098760625, 51.650166573813927 ], [ -0.465213251341899, 51.649693936700238 ], [ -0.463772242951322, 51.649130703483003 ], [ -0.462426956192391, 51.648482301680986 ], [ -0.461190349665549, 51.647754979256995 ], [ -0.460074333064148, 51.646955744312088 ], [ -0.459089652458809, 51.646092297455617 ], [ -0.459017691771195, 51.646013902357566 ], [ -0.456471335764611, 51.641376930663988 ], [ -0.456418979443457, 51.641120048889171 ], [ -0.45637140496358, 51.640061780145949 ], [ -0.456490767002982, 51.639005705600312 ] ] ] } },
{ "type": "Feature", "properties": { "NLC": 688, "total_activity": 596.68644528060327, "log_total_activity": 6.3930662774412221, "direction_balance": -0.76931292826668962, "post_2300_share": 0.087699822441410502, "midnight_share_common_window": 0.0198963667140242, "night_tube_extension_share": 0.0, "post_0100_share": 0.0, "common_window_persistence": 0.027838085074469599, "weekend_common_ratio": 0.53844952298189941, "volume_band": "low", "cluster": 0, "Station": "Roding Valley", "mode_label": "LU", "tot_entry": 68.823924402370253, "tot_exit": 527.862520878233, "easting": 541589.7031, "northing": 192894.9639, "lon": 0.043709650244648401, "lat": 51.617078614166488, "coord_source": "underground_stations_csv", "catchment_area_m2": 2626996.4223263157, "station_in_lnwc_extent": false }, "geometry": { "type": "Polygon", "coordinates": [ [ [ 0.05952503638775, 51.612672594061976 ], [ 0.058755077768596, 51.611728784381206 ], [ 0.057840274951542, 51.610836499007185 ], [ 0.056789442681644, 51.610004327831916 ], [ 0.055612703583137, 51.609240281606944 ], [ 0.054321390576027, 51.608551714930165 ], [ 0.052927937723484, 51.60794525555486 ], [ 0.051445760561613, 51.607426740695892 ], [ 0.051308138065363, 51.607389116207131 ], [ 0.026417264520747, 51.616546769495621 ], [ 0.026388703910547, 51.617378913292633 ], [ 0.026519194533043, 51.618434371123591 ], [ 0.026815254389282, 51.619476783617721 ], [ 0.027274043091689, 51.620496110425357 ], [ 0.027891152064743, 51.621482532901759 ], [ 0.028660646624627, 51.622426548741679 ], [ 0.029575122809756, 51.623319063588362 ], [ 0.029938524808947, 51.623606984902167 ], [ 0.059548722891694, 51.619594291037259 ], [ 0.059846528056444, 51.613185914124188 ], [ 0.05952503638775, 51.612672594061976 ] ] ] } },
{ "type": "Feature", "properties": { "NLC": 690, "total_activity": 8826.7723738981422, "log_total_activity": 9.0856579824835002, "direction_balance": -0.14505028075811049, "post_2300_share": 0.10364308752352309, "midnight_share_common_window": 0.0297693161184907, "night_tube_extension_share": 0.0068137234095328996, "post_0100_share": 0.0046151045231968999, "common_window_persistence": 0.044229557466530699, "weekend_common_ratio": 0.82446168780677487, "volume_band": "medium", "cluster": 4, "Station": "Royal Oak", "mode_label": "LU", "tot_entry": 3773.2232814381409, "tot_exit": 5053.5490924600008, "easting": 525833.8943, "northing": 181570.6391, "lon": -0.18778627332991851, "lat": 51.519048130119486, "coord_source": "underground_stations_csv", "catchment_area_m2": 617810.43193713482, "station_in_lnwc_extent": true }, "geometry": { "type": "Polygon", "coordinates": [ [ [ -0.195992909705734, 51.515749952147779 ], [ -0.193026038967113, 51.523995419645019 ], [ -0.181072150714598, 51.519311086362102 ], [ -0.183055797209555, 51.515648090515697 ], [ -0.195992909705734, 51.515749952147779 ] ] ] } },
{ "type": "Feature", "properties": { "NLC": 691, "total_activity": 4768.616259282785, "log_total_activity": 8.4700211318585339, "direction_balance": -0.4253994054246501, "post_2300_share": 0.12635388869252551, "midnight_share_common_window": 0.040739450019631397, "night_tube_extension_share": 0.015760584422425599, "post_0100_share": 0.0093612144622476998, "common_window_persistence": 0.059999952707644799, "weekend_common_ratio": 0.74155007518366989, "volume_band": "low", "cluster": 0, "Station": "Ruislip", "mode_label": "LU", "tot_entry": 1370.0248689427849, "tot_exit": 3398.5913903400001, "easting": 509473.5706, "northing": 187004.4778, "lon": -0.42179066690625527, "lat": 51.571291779405307, "coord_source": "underground_stations_csv", "catchment_area_m2": 1734711.325225044, "station_in_lnwc_extent": true }, "geometry": { "type": "Polygon", "coordinates": [ [ [ -0.431097678558514, 51.580388567853383 ], [ -0.429621764222806, 51.580913229381792 ], [ -0.428070384967446, 51.581345213700637 ], [ -0.426458489262137, 51.581680357962398 ], [ -0.424801609895979, 51.581915432472414 ], [ -0.423115714028549, 51.582048171872543 ], [ -0.422259398715683, 51.582062857248999 ], [ -0.41378993114417, 51.567041191262199 ], [ -0.426325336693133, 51.561913372743319 ], [ -0.42773209717282, 51.563100433598578 ], [ -0.432261180797628, 51.579874663448891 ], [ -0.431097678558514, 51.580388567853383 ] ] ] } },
{ "type": "Feature", "properties": { "NLC": 692, "total_activity": 3036.1771361526812, "log_total_activity": 8.0186837893747107, "direction_balance": -0.63888759514115956, "post_2300_share": 0.139632639185678, "midnight_share_common_window": 0.049193178642286103, "night_tube_extension_share": 0.022682997323392299, "post_0100_share": 0.0133146509159364, "common_window_persistence": 0.073026294993532401, "weekend_common_ratio": 0.74130478039187697, "volume_band": "low", "cluster": 0, "Station": "Ruislip Gardens", "mode_label": "LU", "tot_entry": 548.20061360676073, "tot_exit": 2487.97652254592, "easting": 510266.398, "northing": 185851.59930000099, "lon": -0.41071693462717618, "lat": 51.560775490097292, "coord_source": "underground_stations_csv", "catchment_area_m2": 2374910.7883648002, "station_in_lnwc_extent": true }, "geometry": { "type": "Polygon", "coordinates": [ [ [ -0.412786655667206, 51.550064873295746 ], [ -0.414460595401353, 51.550242883079811 ], [ -0.416098507267591, 51.550522305117227 ], [ -0.417684627143388, 51.550900450325528 ], [ -0.419203688328573, 51.551373679417736 ], [ -0.420641068245502, 51.55193743785631 ], [ -0.421982929000779, 51.55258629960386 ], [ -0.423216350464868, 51.553314019253541 ], [ -0.424329454595175, 51.554113592041887 ], [ -0.425311519809332, 51.554977321171179 ], [ -0.426153084307961, 51.555896891798504 ], [ -0.42682362868702, 51.556832195163082 ], [ -0.426325336693133, 51.561913372743319 ], [ -0.41378993114417, 51.567041191262199 ], [ -0.400526299533333, 51.567485073641677 ], [ -0.398100027149954, 51.566685592030709 ], [ -0.412252569087692, 51.550041264295743 ], [ -0.412786655667206, 51.550064873295746 ] ] ] } },
{ "type": "Feature", "properties": { "NLC": 693, "total_activity": 4755.9079300258963, "log_total_activity": 8.4673531416151473, "direction_balance": -0.52254536803923612, "post_2300_share": 0.13965130364482889, "midnight_share_common_window": 0.047225347138940901, "night_tube_extension_share": 0.018440914728724299, "post_0100_share": 0.0108097557029998, "common_window_persistence": 0.069624139408514002, "weekend_common_ratio": 0.7607872967229774, "volume_band": "low", "cluster": 0, "Station": "Ruislip Manor", "mode_label": "LU", "tot_entry": 1135.3651351848971, "tot_exit": 3620.5427948410006, "easting": 510159.7912, "northing": 187262.36669999899, "lon": -0.41181243175639198, "lat": 51.573476142150497, "coord_source": "underground_stations_csv", "catchment_area_m2": 1727703.1326821186, "station_in_lnwc_extent": true }, "geometry": { "type": "Polygon", "coordinates": [ [ [ -0.421117870121296, 51.582573705639746 ], [ -0.419641772216438, 51.583098239877209 ], [ -0.418090226318154, 51.58353009065911 ], [ -0.416478182505063, 51.58386509642478 ], [ -0.414821174996264, 51.584100028814518 ], [ -0.413135172188501, 51.584232623840137 ], [ -0.411436422467577, 51.584261603744665 ], [ -0.409741297294485, 51.584186689338381 ], [ -0.409556887995015, 51.584167086029254 ], [ -0.400526299533333, 51.567485073641677 ], [ -0.41378993114417, 51.567041191262199 ], [ -0.422262478606444, 51.582068317942394 ], [ -0.421117870121296, 51.582573705639746 ] ] ] } },
{ "type": "Feature", "properties": { "NLC": 694, "total_activity": 31451.886356070565, "log_total_activity": 10.356246033945103, "direction_balance": 0.078688134747166794, "post_2300_share": 0.11309643817926369, "midnight_share_common_window": 0.023920752027186101, "night_tube_extension_share": 0.029202906174118699, "post_0100_share": 0.0132385473289807, "common_window_persistence": 0.037102420769995197, "weekend_common_ratio": 0.7654498593488499, "volume_band": "high", "cluster": 2, "Station": "Russell Square", "mode_label": "LU", "tot_entry": 16963.388313854794, "tot_exit": 14488.498042215757, "easting": 530229.0927, "northing": 182127.7234, "lon": -0.1242697810208252, "lat": 51.523059183326119, "coord_source": "underground_stations_csv", "catchment_area_m2": 678322.10984003358, "station_in_lnwc_extent": true }, "geometry": { "type": "Polygon", "coordinates": [ [ [ -0.113553938921313, 51.525139370383236 ], [ -0.116758992241336, 51.521846393660837 ], [ -0.126108370938422, 51.519288297832979 ], [ -0.128193201842649, 51.52005453438673 ], [ -0.130459019460049, 51.523669209939932 ], [ -0.129325017020859, 51.52565908198951 ], [ -0.128517231897936, 51.526305093668739 ], [ -0.113899431677816, 51.526732867997147 ], [ -0.113213904602995, 51.526114367802336 ], [ -0.113553938921313, 51.525139370383236 ] ] ] } },
{ "type": "Feature", "properties": { "NLC": 695, "total_activity": 24502.40727575, "log_total_activity": 10.106567459342729, "direction_balance": 0.3277379774556945, "post_2300_share": 0.075205170838610794, "midnight_share_common_window": 0.0168511417069452, "night_tube_extension_share": 0.0010783922649017, "post_0100_share": 0.00068509724538830003, "common_window_persistence": 0.0228122854748261, "weekend_common_ratio": 0.51140762161301323, "volume_band": "high", "cluster": 2, "Station": "St. James's Park", "mode_label": "LU", "tot_entry": 16266.388339550009, "tot_exit": 8236.0189361999983, "easting": 529646.6061, "northing": 179498.07410000099, "lon": -0.1336270216533475, "lat": 51.499561277845729, "coord_source": "underground_stations_csv", "catchment_area_m2": 711170.92149575357, "station_in_lnwc_extent": true }, "geometry": { "type": "Polygon", "coordinates": [ [ [ -0.134761467938192, 51.504793517242952 ], [ -0.131188495074467, 51.503682095009246 ], [ -0.126948532013975, 51.494301024975776 ], [ -0.135225296693011, 51.494326347727913 ], [ -0.141466826400082, 51.501606856635519 ], [ -0.134761467938192, 51.504793517242952 ] ] ] } },
{ "type": "Feature", "properties": { "NLC": 696, "total_activity": 20073.566798526201, "log_total_activity": 9.9072089594302604, "direction_balance": -0.066105355065716104, "post_2300_share": 0.1124213720897816, "midnight_share_common_window": 0.026976115325850099, "night_tube_extension_share": 0.043362782357165099, "post_0100_share": 0.019541632641564201, "common_window_persistence": 0.038830692678208302, "weekend_common_ratio": 0.67501270434496907, "volume_band": "high", "cluster": 4, "Station": "St. John's Wood", "mode_label": "LU", "tot_entry": 9373.2982689371365, "tot_exit": 10700.26852958907, "easting": 526735.2854000001, "northing": 183390.8717, "lon": -0.17414757419359139, "lat": 51.535204969887033, "coord_source": "underground_stations_csv", "catchment_area_m2": 1556258.8388984802, "station_in_lnwc_extent": true }, "geometry": { "type": "Polygon", "coordinates": [ [ [ -0.17440118276845, 51.527829731416709 ], [ -0.183630551285664, 51.53548900579851 ], [ -0.183419808988835, 51.536182156008969 ], [ -0.173181962291925, 51.539496733296126 ], [ -0.163670384256224, 51.539797461366952 ], [ -0.157290801993201, 51.53363115727786 ], [ -0.163038578137731, 51.530500222852083 ], [ -0.171975443820916, 51.527859970284652 ], [ -0.173865152314435, 51.527665396344865 ], [ -0.17440118276845, 51.527829731416709 ] ] ] } },
{ "type": "Feature", "properties": { "NLC": 697, "total_activity": 26175.806832325707, "log_total_activity": 10.17262906228952, "direction_balance": 0.4932589530535828, "post_2300_share": 0.10161240188066981, "midnight_share_common_window": 0.0230252519970645, "night_tube_extension_share": 0.050550435409878802, "post_0100_share": 0.021553920427901298, "common_window_persistence": 0.031827482006847201, "weekend_common_ratio": 0.55530285078572283, "volume_band": "high", "cluster": 2, "Station": "St. Paul's", "mode_label": "LU", "tot_entry": 19543.628952885745, "tot_exit": 6632.1778794399524, "easting": 532108.3512, "northing": 181274.1885, "lon": -0.097517753107932995, "lat": 51.514952875698363, "coord_source": "underground_stations_csv", "catchment_area_m2": 322524.02923758997, "station_in_lnwc_extent": true }, "geometry": { "type": "Polygon", "coordinates": [ [ [ -0.092484776216077, 51.51578684783 ], [ -0.093045685303452, 51.514556048242234 ], [ -0.098886415575634, 51.512082385242714 ], [ -0.104430643020326, 51.516046156805267 ], [ -0.102327765172539, 51.517184767014967 ], [ -0.094745818064137, 51.517904796827366 ], [ -0.092484776216077, 51.51578684783 ] ] ] } },
{ "type": "Feature", "properties": { "NLC": 698, "total_activity": 54564.286584941365, "log_total_activity": 10.907153182708626, "direction_balance": -0.41338204511403798, "post_2300_share": 0.1883930517530609, "midnight_share_common_window": 0.054423370714839103, "night_tube_extension_share": 0.096422896892028098, "post_0100_share": 0.047120733058160197, "common_window_persistence": 0.0888322216049615, "weekend_common_ratio": 0.87501546075418024, "volume_band": "high", "cluster": 4, "Station": "Seven Sisters", "mode_label": "LO,LU", "tot_entry": 16004.195103134927, "tot_exit": 38560.091481806434, "easting": 533642.8986, "northing": 188930.9134, "lon": -0.072510027912781799, "lat": 51.58339794718637, "coord_source": "underground_stations_csv", "catchment_area_m2": 1214054.592362368, "station_in_lnwc_extent": true }, "geometry": { "type": "Polygon", "coordinates": [ [ [ -0.088695469336206, 51.585178071732045 ], [ -0.08583015315382, 51.590119419745655 ], [ -0.069107601166716, 51.588576747371178 ], [ -0.062371692487792, 51.58163752857088 ], [ -0.086928428520565, 51.582315112448903 ], [ -0.088695469336206, 51.585178071732045 ] ] ] } },
{ "type": "Feature", "properties": { "NLC": 700, "total_activity": 91919.555262714275, "log_total_activity": 11.428679953221476, "direction_balance": 0.1426882845164098, "post_2300_share": 0.092341011333010398, "midnight_share_common_window": 0.0183886067118957, "night_tube_extension_share": 0.0274362948887889, "post_0100_share": 0.0131259931508856, "common_window_persistence": 0.026185235383783499, "weekend_common_ratio": 0.95709404748352001, "volume_band": "high", "cluster": 2, "Station": "Shepherd's Bush LU", "mode_label": "LO,LU", "tot_entry": 52517.699458331168, "tot_exit": 39401.855804383122, "easting": 523719.5706, "northing": 179883.5582, "lon": -0.21883487498389029, "lat": 51.504352771713251, "coord_source": "underground_stations_csv", "catchment_area_m2": 611680.10276114196, "station_in_lnwc_extent": true }, "geometry": { "type": "Polygon", "coordinates": [ [ [ -0.210727497453353, 51.502968015929376 ], [ -0.219208658102278, 51.498621983881478 ], [ -0.22333354127854, 51.503937114652388 ], [ -0.22138784241688, 51.50719053785447 ], [ -0.216294989717446, 51.508819731353221 ], [ -0.213866185160389, 51.508717779162943 ], [ -0.210727497453353, 51.502968015929376 ] ] ] } },
{ "type": "Feature", "properties": { "NLC": 702, "total_activity": 47332.799319600002, "log_total_activity": 10.76497989264711, "direction_balance": 0.27485282993632038, "post_2300_share": 0.080095941653087893, "midnight_share_common_window": 0.020189149536781598, "night_tube_extension_share": 0.00091580003620450004, "post_0100_share": 0.0006109899134578, "common_window_persistence": 0.028569400029207902, "weekend_common_ratio": 0.76148851347168089, "volume_band": "high", "cluster": 2, "Station": "Sloane Square", "mode_label": "LU", "tot_entry": 30171.176580700016, "tot_exit": 17161.622738899987, "easting": 528090.7172, "northing": 178654.7576, "lon": -0.15633533949456771, "lat": 51.492336934610833, "coord_source": "underground_stations_csv", "catchment_area_m2": 1780240.9225665168, "station_in_lnwc_extent": true }, "geometry": { "type": "Polygon", "coordinates": [ [ [ -0.161765268273756, 51.482095811864234 ], [ -0.163346830040622, 51.48247735476275 ], [ -0.16486091150256, 51.482953832857866 ], [ -0.166292937927305, 51.483520660339401 ], [ -0.167217851928143, 51.483971788699712 ], [ -0.164107070761712, 51.495620074943915 ], [ -0.15545798007936, 51.497561857885117 ], [ -0.152004349229026, 51.497279435126657 ], [ -0.145599380574799, 51.489144730125332 ], [ -0.146274789356925, 51.487314804264308 ], [ -0.160253679486888, 51.481834044229828 ], [ -0.161765268273756, 51.482095811864234 ] ] ] } },
{ "type": "Feature", "properties": { "NLC": 703, "total_activity": 6620.2036114220791, "log_total_activity": 8.7980324468190272, "direction_balance": -0.45893253298200748, "post_2300_share": 0.14834549942956821, "midnight_share_common_window": 0.042879353346160699, "night_tube_extension_share": 0.0478837073274644, "post_0100_share": 0.024590069503125801, "common_window_persistence": 0.065932857775957407, "weekend_common_ratio": 0.80651072825704184, "volume_band": "low", "cluster": 4, "Station": "Snaresbrook", "mode_label": "LU", "tot_entry": 1790.9883995877565, "tot_exit": 4829.2152118343229, "easting": 540156.7713, "northing": 188804.041300001, "lon": 0.021393426338283401, "lat": 51.580677077117969, "coord_source": "underground_stations_csv", "catchment_area_m2": 1813609.1232882352, "station_in_lnwc_extent": true }, "geometry": { "type": "Polygon", "coordinates": [ [ [ 0.012584976402489, 51.588719734193134 ], [ 0.035563819165944, 51.583973762825273 ], [ 0.016863844930211, 51.573637038030341 ], [ 0.006029149223803, 51.578133880033853 ], [ 0.012584976402489, 51.588719734193134 ] ] ] } },
{ "type": "Feature", "properties": { "NLC": 704, "total_activity": 8886.8513324676878, "log_total_activity": 9.0924406044095072, "direction_balance": -0.43737388865506188, "post_2300_share": 0.1776467688102206, "midnight_share_common_window": 0.0456779795280342, "night_tube_extension_share": 0.092417395928454799, "post_0100_share": 0.045929882572604198, "common_window_persistence": 0.070696478373250493, "weekend_common_ratio": 0.78838635426094683, "volume_band": "medium", "cluster": 4, "Station": "South Ealing", "mode_label": "LU", "tot_entry": 2499.9873036434387, "tot_exit": 6386.8640288242459, "easting": 517574.6349, "northing": 179353.532600001, "lon": -0.30750525770727971, "lat": 51.500899666857592, "coord_source": "underground_stations_csv", "catchment_area_m2": 1900065.6520020077, "station_in_lnwc_extent": true }, "geometry": { "type": "Polygon", "coordinates": [ [ [ -0.293361216303376, 51.494699641135014 ], [ -0.29440298629291, 51.493864229623021 ], [ -0.295570880086093, 51.493096569220491 ], [ -0.296853649804809, 51.492404049348842 ], [ -0.298238943505879, 51.491793335838587 ], [ -0.299713424066453, 51.491270306868707 ], [ -0.30126289747346, 51.490839996484304 ], [ -0.302872449287587, 51.490506546231437 ], [ -0.304434923769559, 51.490286098862441 ], [ -0.314199066462402, 51.507059288498844 ], [ -0.309430061102837, 51.508880511468703 ], [ -0.300100335738476, 51.507206364259865 ], [ -0.293745646039192, 51.501662378009172 ], [ -0.292714515576831, 51.495338855217348 ], [ -0.293361216303376, 51.494699641135014 ] ] ] } },
{ "type": "Feature", "properties": { "NLC": 705, "total_activity": 18670.788036984133, "log_total_activity": 9.8347690025437444, "direction_balance": -0.51635506062266912, "post_2300_share": 0.1228482946318437, "midnight_share_common_window": 0.0378942345589812, "night_tube_extension_share": 0.0108863317342064, "post_0100_share": 0.0061957033123839003, "common_window_persistence": 0.055743856367295501, "weekend_common_ratio": 0.62595152574970558, "volume_band": "medium", "cluster": 0, "Station": "Southfields", "mode_label": "LU", "tot_entry": 4515.0160741370973, "tot_exit": 14155.771962847051, "easting": 524726.397, "northing": 173312.818499999, "lon": -0.2066534771013345, "lat": 51.445079857841328, "coord_source": "underground_stations_csv", "catchment_area_m2": 3273120.040885224, "station_in_lnwc_extent": true }, "geometry": { "type": "Polygon", "coordinates": [ [ [ -0.189520340616876, 51.443758791849461 ], [ -0.189704538801964, 51.443096050051679 ], [ -0.216031793390561, 51.436037831493557 ], [ -0.21659097420667, 51.436259049959226 ], [ -0.217926526506907, 51.436910196536672 ], [ -0.219153571244058, 51.437640013141142 ], [ -0.220260291699219, 51.438441474801003 ], [ -0.221236027696583, 51.439306866508062 ], [ -0.222071378337587, 51.440227857382709 ], [ -0.222758292691038, 51.441195580777489 ], [ -0.223290147559949, 51.442200719552538 ], [ -0.223661811567262, 51.443233595706047 ], [ -0.223869694931765, 51.444284263500542 ], [ -0.223911784441098, 51.445342605190888 ], [ -0.223787663269646, 51.446398428434357 ], [ -0.223498515433965, 51.447441564445811 ], [ -0.22304711482588, 51.448461965952752 ], [ -0.222437798912105, 51.449449804005937 ], [ -0.221676427337786, 51.450395562711549 ], [ -0.221503049407437, 51.450566737115089 ], [ -0.196221136770463, 51.453660338569776 ], [ -0.195376393361017, 51.453248384386754 ], [ -0.194149321787449, 51.452518320325446 ], [ -0.193042730564404, 51.451716615102256 ], [ -0.192067274901361, 51.450850993085311 ], [ -0.191232344923787, 51.449929794004881 ], [ -0.190545975397015, 51.448961892509729 ], [ -0.190014768580642, 51.447956612583951 ], [ -0.189643830947437, 51.446923637653711 ], [ -0.189436724364467, 51.445872917252409 ], [ -0.18939543219282, 51.444814571146864 ], [ -0.189520340616876, 51.443758791849461 ] ] ] } },
{ "type": "Feature", "properties": { "NLC": 706, "total_activity": 15840.395285777411, "log_total_activity": 9.6703817477123764, "direction_balance": -0.52586443065565536, "post_2300_share": 0.1478755234771561, "midnight_share_common_window": 0.042194256216925803, "night_tube_extension_share": 0.058618008379290598, "post_0100_share": 0.029243438297232801, "common_window_persistence": 0.062885972657096306, "weekend_common_ratio": 0.75207305096096944, "volume_band": "medium", "cluster": 4, "Station": "Southgate", "mode_label": "LU", "tot_entry": 3755.2474187307735, "tot_exit": 12085.147867046644, "easting": 529675.8503, "northing": 194264.9911, "lon": -0.1277625393853033, "lat": 51.632258543711721, "coord_source": "underground_stations_csv", "catchment_area_m2": 3777321.3238176424, "station_in_lnwc_extent": true }, "geometry": { "type": "Polygon", "coordinates": [ [ [ -0.110561689365488, 51.63092529034342 ], [ -0.110854689824631, 51.629882502815555 ], [ -0.111310495792732, 51.628862607911884 ], [ -0.111924707766316, 51.627875425826069 ], [ -0.112691402096274, 51.626930461160015 ], [ -0.113603188360236, 51.626036811485449 ], [ -0.114651280794811, 51.62520307984294 ], [ -0.115825583089904, 51.624437292016488 ], [ -0.117114785721457, 51.623746819375611 ], [ -0.118506474881504, 51.623138308022646 ], [ -0.119179664322172, 51.622901594857019 ], [ -0.141640064443645, 51.625809773909715 ], [ -0.142415391274198, 51.62649624418394 ], [ -0.143252471948296, 51.627417786932178 ], [ -0.143940423038637, 51.628385954001395 ], [ -0.144472611255077, 51.62939142398811 ], [ -0.144843901890029, 51.630424515704924 ], [ -0.145050708631072, 51.631475281337181 ], [ -0.145091028505431, 51.632533602191081 ], [ -0.144964461604213, 51.63358928611315 ], [ -0.144672215379747, 51.634632165644028 ], [ -0.144217093457516, 51.635652195961363 ], [ -0.1436034690535, 51.636639551667521 ], [ -0.14283724323684, 51.637584721488587 ], [ -0.1419257884252, 51.638478599968778 ], [ -0.141643414252349, 51.638703330238592 ], [ -0.117387574219157, 51.640887557172576 ], [ -0.116424259095001, 51.640418613759927 ], [ -0.115193505846868, 51.639687707219139 ], [ -0.114083858386757, 51.638885249100419 ], [ -0.113106001304992, 51.638018971044474 ], [ -0.112269347779626, 51.637097219117891 ], [ -0.111581949081184, 51.636128873307506 ], [ -0.111050417271698, 51.635123261885759 ], [ -0.110679861833407, 51.634090071475285 ], [ -0.110473840825542, 51.633039253683521 ], [ -0.110434327025598, 51.63198092920868 ], [ -0.110561689365488, 51.63092529034342 ] ] ] } },
{ "type": "Feature", "properties": { "NLC": 707, "total_activity": 7950.3779494249547, "log_total_activity": 8.9811005196006857, "direction_balance": -0.47496302431938719, "post_2300_share": 0.13671125403010201, "midnight_share_common_window": 0.048087242857867502, "night_tube_extension_share": 0.019969920039784698, "post_0100_share": 0.0122973244395519, "common_window_persistence": 0.073634251388851393, "weekend_common_ratio": 0.7380016985246578, "volume_band": "low", "cluster": 4, "Station": "South Harrow", "mode_label": "LU", "tot_entry": 2087.1211970419545, "tot_exit": 5863.2567523830021, "easting": 514320.5446, "northing": 186361.22729999901, "lon": -0.35209275690794739, "lat": 51.564549549948175, "coord_source": "underground_stations_csv", "catchment_area_m2": 2985002.0621222183, "station_in_lnwc_extent": true }, "geometry": { "type": "Polygon", "coordinates": [ [ [ -0.353842787699137, 51.553825184569078 ], [ -0.366900053105372, 51.558982285057446 ], [ -0.367536292376698, 51.559678734673973 ], [ -0.368228050295704, 51.560645628956159 ], [ -0.368764455711303, 51.561650127752635 ], [ -0.36914033339358, 51.562682559252877 ], [ -0.369352052934647, 51.563732982029329 ], [ -0.369384811538989, 51.564494741126744 ], [ -0.358947570552714, 51.571864194775806 ], [ -0.345191701366262, 51.572290082004045 ], [ -0.336091712279446, 51.568642861932794 ], [ -0.335954742747905, 51.56845122453467 ], [ -0.335566139976958, 51.567722525960008 ], [ -0.353144137460712, 51.553793949887385 ], [ -0.353842787699137, 51.553825184569078 ] ] ] } },
{ "type": "Feature", "properties": { "NLC": 708, "total_activity": 98068.02095885342, "log_total_activity": 11.493426805251527, "direction_balance": 0.32255609277950248, "post_2300_share": 0.1141049631851799, "midnight_share_common_window": 0.025137634241571401, "night_tube_extension_share": 0.018276719903000099, "post_0100_share": 0.0091667000055108, "common_window_persistence": 0.038619454472954999, "weekend_common_ratio": 0.91179892145338481, "volume_band": "high", "cluster": 2, "Station": "South Kensington", "mode_label": "LU", "tot_entry": 64850.229312979762, "tot_exit": 33217.791645873644, "easting": 526917.564, "northing": 178820.259, "lon": -0.1731650469113846, "lat": 51.494088587081883, "coord_source": "underground_stations_csv", "catchment_area_m2": 1655857.5534290751, "station_in_lnwc_extent": true }, "geometry": { "type": "Polygon", "coordinates": [ [ [ -0.168563580500555, 51.483690463134131 ], [ -0.170218108351788, 51.483458981290227 ], [ -0.171900997973242, 51.483329844851703 ], [ -0.172016817404016, 51.483328099985044 ], [ -0.179374105827159, 51.484771373485415 ], [ -0.177630685026367, 51.50272002172261 ], [ -0.17542495798633, 51.502831372574612 ], [ -0.164107070761712, 51.495620074943915 ], [ -0.167219037392952, 51.483967348532069 ], [ -0.168563580500555, 51.483690463134131 ] ] ] } },
{ "type": "Feature", "properties": { "NLC": 709, "total_activity": 3310.8413677582162, "log_total_activity": 8.1052596181498231, "direction_balance": -0.49652515862357899, "post_2300_share": 0.1061674668904436, "midnight_share_common_window": 0.030155584336903699, "night_tube_extension_share": 0.0023355192278710002, "post_0100_share": 0.0013410935295975, "common_window_persistence": 0.044126541100970203, "weekend_common_ratio": 0.85553372314064913, "volume_band": "low", "cluster": 0, "Station": "South Kenton", "mode_label": "LO,LU", "tot_entry": 833.46266622728069, "tot_exit": 2477.3787015309358, "easting": 517336.1598, "northing": 187060.2129, "lon": -0.30837349233977213, "lat": 51.570212909100526, "coord_source": "underground_stations_csv", "catchment_area_m2": 1592168.9641867909, "station_in_lnwc_extent": true }, "geometry": { "type": "Polygon", "coordinates": [ [ [ -0.322003541192257, 51.563563058619053 ], [ -0.322983846628542, 51.564427626998906 ], [ -0.323823499419159, 51.565347912845745 ], [ -0.324514407193464, 51.566315056324157 ], [ -0.32504990827026, 51.567319745902068 ], [ -0.325424836115121, 51.568352307926425 ], [ -0.32550400462371, 51.568746963122393 ], [ -0.305157864295105, 51.578015636149999 ], [ -0.304258605419059, 51.578271448049911 ], [ -0.300506112732319, 51.567557261614759 ], [ -0.321152825380403, 51.562950364147014 ], [ -0.322003541192257, 51.563563058619053 ] ] ] } },
{ "type": "Feature", "properties": { "NLC": 710, "total_activity": 6022.0645487003994, "log_total_activity": 8.7033514700210599, "direction_balance": -0.55622853886995782, "post_2300_share": 0.1221549980931463, "midnight_share_common_window": 0.042132203865066997, "night_tube_extension_share": 0.016796571005609801, "post_0100_share": 0.0090917819904882003, "common_window_persistence": 0.061172545379408701, "weekend_common_ratio": 0.71838469484971057, "volume_band": "low", "cluster": 0, "Station": "South Ruislip", "mode_label": "LU", "tot_entry": 1336.2101918981018, "tot_exit": 4685.8543568022978, "easting": 511097.3834, "northing": 185434.10469999901, "lon": -0.3988661306887068, "lat": 51.55686021118094, "coord_source": "underground_stations_csv", "catchment_area_m2": 3291748.9439427899, "station_in_lnwc_extent": true }, "geometry": { "type": "Polygon", "coordinates": [ [ [ -0.381684913246326, 51.555566851780142 ], [ -0.381762750144101, 51.555283132903099 ], [ -0.385771368562319, 51.549809973518286 ], [ -0.386901496902817, 51.549066222115037 ], [ -0.38818449552575, 51.548372711271725 ], [ -0.389570307077735, 51.547760928663848 ], [ -0.391045589425933, 51.547236762754657 ], [ -0.392596140822617, 51.546805258524827 ], [ -0.394207036444137, 51.546470569002643 ], [ -0.395862771824216, 51.546235915367546 ], [ -0.397547411811801, 51.546103556007736 ], [ -0.399244743632681, 51.546074764826265 ], [ -0.400938432596229, 51.54614981900324 ], [ -0.40261217896428, 51.546327996329744 ], [ -0.404249874488389, 51.546607582140219 ], [ -0.405835757124734, 51.546985885776287 ], [ -0.407354562452639, 51.54745926642633 ], [ -0.408791670352996, 51.548023168093891 ], [ -0.410133245546506, 51.548672163362617 ], [ -0.411366370648346, 51.549400005539752 ], [ -0.412254897833935, 51.550038524374557 ], [ -0.398100027149954, 51.566685592030709 ], [ -0.391069370745719, 51.566477206320748 ], [ -0.390374168020118, 51.566260496776323 ], [ -0.388936723009646, 51.565696368179871 ], [ -0.387594959351674, 51.565047130611553 ], [ -0.386361801673604, 51.56431904007556 ], [ -0.385249126420815, 51.56351911206005 ], [ -0.384267647462517, 51.562655053836664 ], [ -0.383426812980955, 51.56173519009954 ], [ -0.382734714634275, 51.560768382665536 ], [ -0.382198009861918, 51.559763945013856 ], [ -0.381821858071775, 51.558731552492439 ], [ -0.381609871312054, 51.557681149059789 ], [ -0.381564079889042, 51.556622851463494 ], [ -0.381684913246326, 51.555566851780142 ] ] ] } },
{ "type": "Feature", "properties": { "NLC": 711, "total_activity": 16040.910589223831, "log_total_activity": 9.6829599883683777, "direction_balance": -0.32904930618071448, "post_2300_share": 0.19851800285821011, "midnight_share_common_window": 0.053667381185526997, "night_tube_extension_share": 0.12558681747743769, "post_0100_share": 0.062265075154448998, "common_window_persistence": 0.083056442438599207, "weekend_common_ratio": 0.77214078716633028, "volume_band": "medium", "cluster": 4, "Station": "South Wimbledon", "mode_label": "LU", "tot_entry": 5381.3300446664243, "tot_exit": 10659.580544557391, "easting": 525736.3947, "northing": 169989.4476, "lon": -0.19330652029319109, "lat": 51.414989292576763, "coord_source": "underground_stations_csv", "catchment_area_m2": 1939425.2669543358, "station_in_lnwc_extent": true }, "geometry": { "type": "Polygon", "coordinates": [ [ [ -0.208715585328939, 51.410138939480021 ], [ -0.209175631858446, 51.410787787263828 ], [ -0.191310021965421, 51.425101097105639 ], [ -0.190282250626816, 51.425222821963658 ], [ -0.181219323092543, 51.408180178753796 ], [ -0.208046579170307, 51.409400565583361 ], [ -0.208715585328939, 51.410138939480021 ] ] ] } },
{ "type": "Feature", "properties": { "NLC": 712, "total_activity": 15511.787843033657, "log_total_activity": 9.6494199848948536, "direction_balance": -0.54479830043531774, "post_2300_share": 0.14952565833017761, "midnight_share_common_window": 0.045000941815616598, "night_tube_extension_share": 0.052655208337138902, "post_0100_share": 0.025635882467836098, "common_window_persistence": 0.068010508230178193, "weekend_common_ratio": 0.70988975063571547, "volume_band": "medium", "cluster": 4, "Station": "South Woodford", "mode_label": "LU", "tot_entry": 3530.4960947178483, "tot_exit": 11981.291748315791, "easting": 540535.7362, "northing": 190062.66960000101, "lon": 0.027362518469825299, "lat": 51.591892453017074, "coord_source": "underground_stations_csv", "catchment_area_m2": 3280743.0466627982, "station_in_lnwc_extent": true }, "geometry": { "type": "Polygon", "coordinates": [ [ [ 0.04454294323974, 51.590536677125428 ], [ 0.044246685533565, 51.589494306900356 ], [ 0.043787850628444, 51.588475042114332 ], [ 0.043170867140989, 51.587488696874232 ], [ 0.042682906040156, 51.58688988305812 ], [ 0.03621310267566, 51.583993180745978 ], [ 0.035563819165944, 51.583973762825273 ], [ 0.012584976402489, 51.588719734193134 ], [ 0.010288466751178, 51.593624835339149 ], [ 0.010476508662554, 51.594288187636437 ], [ 0.010934663491248, 51.59530758911604 ], [ 0.01155106385281, 51.596294108994449 ], [ 0.012319781880127, 51.59723824403244 ], [ 0.01323342108581, 51.598130898729458 ], [ 0.014283187336953, 51.59896347303215 ], [ 0.01545897336592, 51.599727945284428 ], [ 0.016749456010243, 51.600416949615372 ], [ 0.018142205249006, 51.601023847014488 ], [ 0.0191250482148, 51.601368099452365 ], [ 0.042250177078561, 51.597383939983956 ], [ 0.042857753546494, 51.596710650882081 ], [ 0.043541238196509, 51.59574143392075 ], [ 0.044068874311598, 51.59473515702085 ], [ 0.044435589942789, 51.59370151319073 ], [ 0.044637864012248, 51.592650458379673 ], [ 0.044673759815783, 51.591592115543115 ], [ 0.04454294323974, 51.590536677125428 ] ] ] } },
{ "type": "Feature", "properties": { "NLC": 713, "total_activity": 9102.1018389013716, "log_total_activity": 9.1163704958426202, "direction_balance": -0.30951127529106648, "post_2300_share": 0.124106687340879, "midnight_share_common_window": 0.038357633584723903, "night_tube_extension_share": 0.0098452576401484998, "post_0100_share": 0.0053003919830970003, "common_window_persistence": 0.057586786961851801, "weekend_common_ratio": 0.7321862375004623, "volume_band": "medium", "cluster": 4, "Station": "Stamford Brook", "mode_label": "LU", "tot_entry": 3142.4493454569219, "tot_exit": 5959.6524934444487, "easting": 521859.3453, "northing": 178788.8474, "lon": -0.24600122518353931, "lat": 51.494918105059803, "coord_source": "underground_stations_csv", "catchment_area_m2": 1477084.968413518, "station_in_lnwc_extent": true }, "geometry": { "type": "Polygon", "coordinates": [ [ [ -0.243037252091773, 51.484290171790164 ], [ -0.244719991781151, 51.484159988446741 ], [ -0.246415062647804, 51.484133387392518 ], [ -0.248106151736804, 51.484210624740186 ], [ -0.249776984297728, 51.484390957278812 ], [ -0.25040022203504, 51.484498370425015 ], [ -0.250168423195954, 51.503935714623246 ], [ -0.246511791655908, 51.505688296732579 ], [ -0.245587130345209, 51.505702800379808 ], [ -0.243895251560105, 51.505625519452508 ], [ -0.243549918811142, 51.50558824788429 ], [ -0.242048020340506, 51.50455665327263 ], [ -0.23951134496237, 51.501853116549256 ], [ -0.242812698033359, 51.48432173612489 ], [ -0.243037252091773, 51.484290171790164 ] ] ] } },
{ "type": "Feature", "properties": { "NLC": 714, "total_activity": 12830.215940520427, "log_total_activity": 9.4596362263473885, "direction_balance": -0.54166836396420803, "post_2300_share": 0.18111162231040129, "midnight_share_common_window": 0.054924134189110699, "night_tube_extension_share": 0.098893039854153403, "post_0100_share": 0.049841090287564303, "common_window_persistence": 0.081834521702414398, "weekend_common_ratio": 0.86294213757863725, "volume_band": "medium", "cluster": 4, "Station": "Stanmore", "mode_label": "LU", "tot_entry": 2940.2469313556107, "tot_exit": 9889.9690091648154, "easting": 517562.6021, "northing": 192572.9608, "lon": -0.3032624771028668, "lat": 51.619710927804022, "coord_source": "underground_stations_csv", "catchment_area_m2": 3839243.1301496355, "station_in_lnwc_extent": true }, "geometry": { "type": "Polygon", "coordinates": [ [ [ -0.3117825067648, 51.61031728554719 ], [ -0.313220369753309, 51.610882359233656 ], [ -0.314562388727432, 51.611532444953006 ], [ -0.315795641999792, 51.612261285522365 ], [ -0.316908253104584, 51.613061865391515 ], [ -0.317889505157328, 51.613926478068898 ], [ -0.318729944134314, 51.614846800203892 ], [ -0.31942147007445, 51.615813971616596 ], [ -0.319957415319286, 51.6168186805101 ], [ -0.320332609028825, 51.617851253048528 ], [ -0.32054342734018, 51.618901746441949 ], [ -0.320587828672212, 51.619960044645346 ], [ -0.32046537382061, 51.621015955751389 ], [ -0.320177230633234, 51.622059310140827 ], [ -0.319726163203581, 51.623080058445041 ], [ -0.319116505669503, 51.624068368376726 ], [ -0.318354120853418, 51.625014719493883 ], [ -0.31744634412768, 51.625909994982131 ], [ -0.316401913033096, 51.626745569567355 ], [ -0.315230883318289, 51.627513392707918 ], [ -0.313944532201278, 51.628206066260482 ], [ -0.312555249780889, 51.628816915865983 ], [ -0.311076419643081, 51.629340055363365 ], [ -0.309522289814687, 51.629770443605203 ], [ -0.30790783531329, 51.630103933123181 ], [ -0.306248613625978, 51.630337310170354 ], [ -0.304560614520433, 51.630468325750506 ], [ -0.302860105648711, 51.630495717332991 ], [ -0.301163475446261, 51.630419221041535 ], [ -0.299487074855886, 51.630239574198662 ], [ -0.297847059418129, 51.629958508200893 ], [ -0.296259233265829, 51.629578731794481 ], [ -0.294738896541393, 51.629103904914651 ], [ -0.293300697720879, 51.628538603342761 ], [ -0.291958492279681, 51.627888274526178 ], [ -0.290725209070994, 51.627159184989878 ], [ -0.28961272571105, 51.626358359851736 ], [ -0.288631754175161, 51.625493515028822 ], [ -0.287791737706924, 51.62457298279304 ], [ -0.287100760030654, 51.623605631398306 ], [ -0.286565467735326, 51.62260077955812 ], [ -0.28623646948241, 51.621693484765807 ], [ -0.289146599100072, 51.616429912663769 ], [ -0.311525427170035, 51.610237006851101 ], [ -0.3117825067648, 51.61031728554719 ] ] ] } },
{ "type": "Feature", "properties": { "NLC": 715, "total_activity": 21681.043906230003, "log_total_activity": 9.9842397272274894, "direction_balance": -0.14950921492477379, "post_2300_share": 0.14275495540418309, "midnight_share_common_window": 0.043264814222131798, "night_tube_extension_share": 0.0091426931839987992, "post_0100_share": 0.0053967670507958001, "common_window_persistence": 0.069818662392002004, "weekend_common_ratio": 0.78066858103941472, "volume_band": "high", "cluster": 4, "Station": "Stepney Green", "mode_label": "LU", "tot_entry": 9219.7640265300015, "tot_exit": 12461.279879699998, "easting": 535621.3116, "northing": 182135.557, "lon": -0.046590903238870197, "lat": 51.521861692164272, "coord_source": "underground_stations_csv", "catchment_area_m2": 1003086.1558483208, "station_in_lnwc_extent": true }, "geometry": { "type": "Polygon", "coordinates": [ [ [ -0.043633497608928, 51.528657001163708 ], [ -0.036912125048081, 51.518714235404858 ], [ -0.048806177131188, 51.515727749543295 ], [ -0.05207456727385, 51.51689415808174 ], [ -0.054380696218779, 51.522356776439089 ], [ -0.043633497608928, 51.528657001163708 ] ] ] } },
{ "type": "Feature", "properties": { "NLC": 716, "total_activity": 35628.464845955728, "log_total_activity": 10.480928238727213, "direction_balance": -0.34087487900434688, "post_2300_share": 0.22359833631372469, "midnight_share_common_window": 0.057857531656702599, "night_tube_extension_share": 0.13221232790440729, "post_0100_share": 0.068893840021550107, "common_window_persistence": 0.096515624661771507, "weekend_common_ratio": 0.89577182017052537, "volume_band": "high", "cluster": 4, "Station": "Stockwell", "mode_label": "LU", "tot_entry": 11741.808101239974, "tot_exit": 23886.656744715769, "easting": 530460.3355, "northing": 176432.88739999899, "lon": -0.1230421883655021, "lat": 51.471828457292581, "coord_source": "underground_stations_csv", "catchment_area_m2": 1257246.8528975789, "station_in_lnwc_extent": true }, "geometry": { "type": "Polygon", "coordinates": [ [ [ -0.120820640747668, 51.466605135953074 ], [ -0.130591798280775, 51.470553006111885 ], [ -0.131490888743235, 51.474403372261015 ], [ -0.120141578374927, 51.477834488133873 ], [ -0.10590104106996, 51.471932496747584 ], [ -0.1059487630054, 51.471763494271507 ], [ -0.120820640747668, 51.466605135953074 ] ] ] } },
{ "type": "Feature", "properties": { "NLC": 717, "total_activity": 9571.9389004675304, "log_total_activity": 9.1666955324406114, "direction_balance": -0.4271749491743223, "post_2300_share": 0.12567475169098419, "midnight_share_common_window": 0.0357476631719588, "night_tube_extension_share": 0.0078642581981887994, "post_0100_share": 0.0048413806412765997, "common_window_persistence": 0.0550400700933159, "weekend_common_ratio": 0.7208915387294661, "volume_band": "medium", "cluster": 4, "Station": "Stonebridge Park", "mode_label": "LO,LU", "tot_entry": 2741.5231935802963, "tot_exit": 6830.4157068872337, "easting": 519615.5138, "northing": 184218.2261, "lon": -0.27646679490996789, "lat": 51.544192649732523, "coord_source": "underground_stations_csv", "catchment_area_m2": 2902572.6770890951, "station_in_lnwc_extent": true }, "geometry": { "type": "Polygon", "coordinates": [ [ [ -0.271054758001862, 51.554439147900318 ], [ -0.269469780528045, 51.554059030905336 ], [ -0.26842182576476, 51.553730912945156 ], [ -0.260946818815526, 51.546549215391401 ], [ -0.27411832398925, 51.53433156824115 ], [ -0.28060290303664, 51.535399790056125 ], [ -0.286545566821197, 51.538075819126355 ], [ -0.28938278901553, 51.545559475417242 ], [ -0.280976844212185, 51.553783251865489 ], [ -0.271260518172768, 51.554474518726785 ], [ -0.271054758001862, 51.554439147900318 ] ] ] } },
{ "type": "Feature", "properties": { "NLC": 718, "total_activity": 73131.507727762451, "log_total_activity": 11.200028249045344, "direction_balance": 0.3031194933192794, "post_2300_share": 0.12549363990159421, "midnight_share_common_window": 0.0252569394593226, "night_tube_extension_share": 0.043361813767164602, "post_0100_share": 0.0218903314723525, "common_window_persistence": 0.042003725949540098, "weekend_common_ratio": 0.98483742060810919, "volume_band": "high", "cluster": 1, "Station": "Charing Cross LU", "mode_label": "LU", "tot_entry": 47649.546647938369, "tot_exit": 25481.961079824057, "easting": 530057.6992, "northing": 180378.38189999899, "lon": -0.12738368322038379, "lat": 51.507377950733407, "coord_source": "underground_stations_csv", "catchment_area_m2": 323781.51695745264, "station_in_lnwc_extent": true }, "geometry": { "type": "Polygon", "coordinates": [ [ [ -0.124665622305709, 51.504365483303715 ], [ -0.131188495074467, 51.503682095009246 ], [ -0.134761467938192, 51.504793517242952 ], [ -0.134766155932465, 51.50484775682186 ], [ -0.130017536602054, 51.509193207939276 ], [ -0.124858559060062, 51.509666354454446 ], [ -0.124665622305709, 51.504365483303715 ] ] ] } },
{ "type": "Feature", "properties": { "NLC": 719, "total_activity": 219531.13859923801, "log_total_activity": 12.299253918087995, "direction_balance": -0.0001482278325653, "post_2300_share": 0.1333516458149239, "midnight_share_common_window": 0.0361122352320246, "night_tube_extension_share": 0.055257248633972099, "post_0100_share": 0.029859726313689699, "common_window_persistence": 0.053930686171056001, "weekend_common_ratio": 0.94708502750819756, "volume_band": "high", "cluster": 4, "Station": "Stratford", "mode_label": "DLR,EZL,LO,LU", "tot_entry": 109749.29898719145, "tot_exit": 109781.8396120465, "easting": 538530.0487, "northing": 184394.6448, "lon": -0.0038044932283003998, "lat": 51.541456474970367, "coord_source": "underground_stations_csv", "catchment_area_m2": 460313.96354677493, "station_in_lnwc_extent": true }, "geometry": { "type": "Polygon", "coordinates": [ [ [ -0.001237150150799, 51.545520979672453 ], [ 0.003506340255031, 51.541893633020614 ], [ -0.007947063355184, 51.53748788419734 ], [ -0.012983067466704, 51.539932314746174 ], [ -0.001237150150799, 51.545520979672453 ] ] ] } },
{ "type": "Feature", "properties": { "NLC": 720, "total_activity": 6285.4056478433649, "log_total_activity": 8.7461447472263174, "direction_balance": -0.57792808074559165, "post_2300_share": 0.12632697558202699, "midnight_share_common_window": 0.046317879200607197, "night_tube_extension_share": 0.0185229068776546, "post_0100_share": 0.0105281180272609, "common_window_persistence": 0.068086342854506099, "weekend_common_ratio": 0.64346778914030589, "volume_band": "low", "cluster": 0, "Station": "Sudbury Hill", "mode_label": "LU", "tot_entry": 1326.4466125388751, "tot_exit": 4958.9590353044914, "easting": 515411.8716, "northing": 185542.0623, "lon": -0.33662394125643841, "lat": 51.556965186588663, "coord_source": "underground_stations_csv", "catchment_area_m2": 2936325.8721746011, "station_in_lnwc_extent": true }, "geometry": { "type": "Polygon", "coordinates": [ [ [ -0.352757811633516, 51.553063376157652 ], [ -0.353146570915332, 51.553792020867022 ], [ -0.335568574924442, 51.567720597322044 ], [ -0.334536002895379, 51.56767428217308 ], [ -0.33286176334039, 51.5674951295615 ], [ -0.331223781423464, 51.56721454534744 ], [ -0.32963784166492, 51.566835233628652 ], [ -0.3281192260187, 51.566360849855705 ], [ -0.326682566372439, 51.565795965533077 ], [ -0.325341703373427, 51.565146024080192 ], [ -0.324109552950072, 51.564417288282407 ], [ -0.32299798182146, 51.563616779842626 ], [ -0.322017693197875, 51.562752211620761 ], [ -0.321178123773638, 51.561831913219088 ], [ -0.321163762406419, 51.561811806021559 ], [ -0.320804930073348, 51.560971006229558 ], [ -0.331370129142255, 51.547053967343118 ], [ -0.352496917245287, 51.552698453838183 ], [ -0.352757811633516, 51.553063376157652 ] ] ] } },
{ "type": "Feature", "properties": { "NLC": 721, "total_activity": 6260.0361815950873, "log_total_activity": 8.7421009746129901, "direction_balance": -0.54849186852303788, "post_2300_share": 0.13815101874838109, "midnight_share_common_window": 0.048932766122547398, "night_tube_extension_share": 0.015597986455679599, "post_0100_share": 0.0094107519463472993, "common_window_persistence": 0.073548304706693296, "weekend_common_ratio": 0.7319308330040909, "volume_band": "low", "cluster": 4, "Station": "Sudbury Town", "mode_label": "LU", "tot_entry": 1413.2286196650866, "tot_exit": 4846.8075619299989, "easting": 516874.9001, "northing": 184890.216, "lon": -0.31574648733108518, "lat": 51.550805806993615, "coord_source": "underground_stations_csv", "catchment_area_m2": 2314426.0402942146, "station_in_lnwc_extent": true }, "geometry": { "type": "Polygon", "coordinates": [ [ [ -0.307083272913882, 51.555512964820601 ], [ -0.305424041519817, 51.547245575058014 ], [ -0.313301688245272, 51.542443257819926 ], [ -0.330748215057677, 51.54614871239896 ], [ -0.331370129142255, 51.547053967343118 ], [ -0.320804930073348, 51.560971006229558 ], [ -0.307083272913882, 51.555512964820601 ] ] ] } },
{ "type": "Feature", "properties": { "NLC": 723, "total_activity": 21573.159125194339, "log_total_activity": 9.9792515406935784, "direction_balance": -0.15285931166242719, "post_2300_share": 0.1345575127529158, "midnight_share_common_window": 0.0310945457943534, "night_tube_extension_share": 0.0503914512573242, "post_0100_share": 0.0232425744245057, "common_window_persistence": 0.048449810197335602, "weekend_common_ratio": 0.73484202111872399, "volume_band": "high", "cluster": 4, "Station": "Swiss Cottage", "mode_label": "LU", "tot_entry": 9137.7504354665598, "tot_exit": 12435.408689727774, "easting": 526663.6914, "northing": 184334.9639, "lon": -0.1748398347754522, "lat": 51.543705426489808, "coord_source": "underground_stations_csv", "catchment_area_m2": 706354.99626202369, "station_in_lnwc_extent": true }, "geometry": { "type": "Polygon", "coordinates": [ [ [ -0.172933212391927, 51.548937181745252 ], [ -0.163734524371787, 51.543417177132966 ], [ -0.163670384256224, 51.539797461366952 ], [ -0.173181962291925, 51.539496733296126 ], [ -0.179452734603978, 51.544442862020041 ], [ -0.172933212391927, 51.548937181745252 ] ] ] } },
{ "type": "Feature", "properties": { "NLC": 724, "total_activity": 27617.607928029403, "log_total_activity": 10.226245024825246, "direction_balance": 0.53319738377578296, "post_2300_share": 0.096278104075435897, "midnight_share_common_window": 0.024209256212709699, "night_tube_extension_share": 0.0012175992278816001, "post_0100_share": 0.0006576199643694, "common_window_persistence": 0.036330668576527697, "weekend_common_ratio": 0.49106519615003502, "volume_band": "high", "cluster": 1, "Station": "Temple", "mode_label": "LU", "tot_entry": 21171.622110700009, "tot_exit": 6445.9858173293987, "easting": 530958.661, "northing": 180802.82960000099, "lon": -0.1142517165435635, "lat": 51.510984403715121, "coord_source": "underground_stations_csv", "catchment_area_m2": 533441.12599393725, "station_in_lnwc_extent": true }, "geometry": { "type": "Polygon", "coordinates": [ [ [ -0.115920376006445, 51.507219069626458 ], [ -0.120009424096176, 51.510787957183339 ], [ -0.118282808835852, 51.513935903749562 ], [ -0.115421026575683, 51.514977502118526 ], [ -0.109374836677912, 51.514108339574079 ], [ -0.108479875540838, 51.508328224232606 ], [ -0.110725101052163, 51.507172208427598 ], [ -0.115920376006445, 51.507219069626458 ] ] ] } },
{ "type": "Feature", "properties": { "NLC": 725, "total_activity": 2574.9098369625503, "log_total_activity": 7.8539580854325548, "direction_balance": -0.57011945857552793, "post_2300_share": 0.15678317005941109, "midnight_share_common_window": 0.052680416600255499, "night_tube_extension_share": 0.0185836185329738, "post_0100_share": 0.0096561364148819995, "common_window_persistence": 0.080865652043999106, "weekend_common_ratio": 0.68586072216187843, "volume_band": "low", "cluster": 0, "Station": "Theydon Bois", "mode_label": "LU", "tot_entry": 553.45181741632962, "tot_exit": 2021.4580195462211, "easting": 545541.5127, "northing": 199100.82850000099, "lon": 0.1033276639997498, "lat": 51.671832474283256, "coord_source": "underground_stations_csv", "catchment_area_m2": 4516629.8263861723, "station_in_lnwc_extent": false }, "geometry": { "type": "Polygon", "coordinates": [ [ [ 0.120535661603782, 51.67046527496656 ], [ 0.120237091483615, 51.669423135877629 ], [ 0.119775701159841, 51.668404210017997 ], [ 0.119155943887631, 51.667418308214913 ], [ 0.118383796673488, 51.666474922709895 ], [ 0.117466702390815, 51.665583135840883 ], [ 0.116413497844976, 51.664751532688683 ], [ 0.115234328490388, 51.663988118525381 ], [ 0.113940550627865, 51.663300241854543 ], [ 0.112544622027764, 51.662694523778853 ], [ 0.111059982032618, 51.662176794370851 ], [ 0.109500922290934, 51.661752036653624 ], [ 0.107882449360817, 51.661424338726569 ], [ 0.106220140497416, 51.661196854492538 ], [ 0.104529994001162, 51.661071773361201 ], [ 0.102828275554009, 51.661050299216868 ], [ 0.101131362007879, 51.661132638852166 ], [ 0.09945558411298, 51.661317999976824 ], [ 0.09781706968352, 51.661604598821654 ], [ 0.096231588694326, 51.661989677265083 ], [ 0.094714401784254, 51.662469529319239 ], [ 0.093280113610864, 51.663039536723609 ], [ 0.091942532456309, 51.663694213307174 ], [ 0.090714537426591, 51.664427257696026 ], [ 0.089607954516226, 51.665231613864037 ], [ 0.088633442728085, 51.666099538948103 ], [ 0.087800391344738, 51.667022677680933 ], [ 0.087116829343523, 51.66799214272887 ], [ 0.086589347833863, 51.668998600166688 ], [ 0.086223036272987, 51.67003235927028 ], [ 0.086021433086124, 51.671083465766095 ], [ 0.085986491180735, 51.672141797642823 ], [ 0.086118558702595, 51.673197162604069 ], [ 0.086416375235815, 51.674239396224898 ], [ 0.086877083500572, 51.675258459866981 ], [ 0.087496256452838, 51.676244537408252 ], [ 0.088267939541195, 51.677188129853576 ], [ 0.089184707728338, 51.678080146912492 ], [ 0.090237736740575, 51.678911994658129 ], [ 0.091416887869155, 51.679675658418745 ], [ 0.092710805513688, 51.680363780098951 ], [ 0.094107026532078, 51.680969729180461 ], [ 0.095592100344329, 51.681487666713323 ], [ 0.097151718630588, 51.681912601676302 ], [ 0.098770853368197, 51.682240439158598 ], [ 0.100433901869112, 51.68246801989428 ], [ 0.102124837409044, 51.6825931507652 ], [ 0.103827363983524, 51.682614625975532 ], [ 0.105525073684742, 51.682532238691742 ], [ 0.107201605166691, 51.6823467830352 ], [ 0.108840801655229, 51.682060046407834 ], [ 0.110426866964375, 51.681674792226211 ], [ 0.111944518000189, 51.681194733231706 ], [ 0.113379132269017, 51.680624495637403 ], [ 0.114716888957049, 51.679969574460422 ], [ 0.115944902212637, 51.679236280474221 ], [ 0.117051345340863, 51.678431679296871 ], [ 0.11802556471061, 51.677563523206992 ], [ 0.118858182276792, 51.676640176349338 ], [ 0.119541185733423, 51.675670534055662 ], [ 0.120068005435638, 51.674663937062633 ], [ 0.120433577359091, 51.673630081457425 ], [ 0.120634391502401, 51.672578925222084 ], [ 0.1206685252806, 51.671520592279329 ], [ 0.120535661603782, 51.67046527496656 ] ] ] } },
{ "type": "Feature", "properties": { "NLC": 726, "total_activity": 29825.421525632821, "log_total_activity": 10.303149908047672, "direction_balance": -0.42621212975365602, "post_2300_share": 0.1748482867754598, "midnight_share_common_window": 0.049565752804296301, "night_tube_extension_share": 0.079815407081317499, "post_0100_share": 0.039040290781744903, "common_window_persistence": 0.077399712393871306, "weekend_common_ratio": 0.75701186939709675, "volume_band": "high", "cluster": 4, "Station": "Tooting Bec", "mode_label": "LU", "tot_entry": 8556.7325481961579, "tot_exit": 21268.688977436679, "easting": 528047.2745000001, "northing": 172373.6505, "lon": -0.15923362533504301, "lat": 51.435899274391033, "coord_source": "underground_stations_csv", "catchment_area_m2": 2419820.2149306247, "station_in_lnwc_extent": true }, "geometry": { "type": "Polygon", "coordinates": [ [ [ -0.142105467038869, 51.434571323074969 ], [ -0.142396375459331, 51.433528403790589 ], [ -0.142849409828919, 51.432508327275492 ], [ -0.143460197440406, 51.431520915489742 ], [ -0.144222847709795, 51.43057567526796 ], [ -0.145130009226925, 51.429681706858851 ], [ -0.146172940809494, 51.428847616397469 ], [ -0.147341595866408, 51.428081433149032 ], [ -0.148624719251058, 51.427390532316544 ], [ -0.150009955668016, 51.426781564150154 ], [ -0.151277744505588, 51.426333307561123 ], [ -0.176357406356236, 51.43724426206203 ], [ -0.176072677103162, 51.438267742197766 ], [ -0.17562031953223, 51.439287952927359 ], [ -0.175010113464711, 51.440275536900479 ], [ -0.174247927136199, 51.441220980665385 ], [ -0.173341094127862, 51.442115176151312 ], [ -0.17229834299759, 51.442949508496817 ], [ -0.171129713401788, 51.443715939141157 ], [ -0.169908808626837, 51.444373503748423 ], [ -0.142035589915348, 51.435156949904552 ], [ -0.142105467038869, 51.434571323074969 ] ] ] } },
{ "type": "Feature", "properties": { "NLC": 727, "total_activity": 54785.521398027588, "log_total_activity": 10.911199482793004, "direction_balance": -0.31013336110239331, "post_2300_share": 0.17664892696258991, "midnight_share_common_window": 0.0473056806098845, "night_tube_extension_share": 0.096423897550054594, "post_0100_share": 0.049600433806976797, "common_window_persistence": 0.072991417635345904, "weekend_common_ratio": 0.83920643115496074, "volume_band": "high", "cluster": 4, "Station": "Tooting Broadway", "mode_label": "LU", "tot_entry": 18897.351753555085, "tot_exit": 35888.169644472502, "easting": 527433.7399, "northing": 171443.25070000099, "lon": -0.16838983681417341, "lat": 51.427676004593167, "coord_source": "underground_stations_csv", "catchment_area_m2": 2677493.8156481031, "station_in_lnwc_extent": true }, "geometry": { "type": "Polygon", "coordinates": [ [ [ -0.151555091527219, 51.425306472010902 ], [ -0.152007836753307, 51.424286355861355 ], [ -0.152618313917494, 51.423298891938927 ], [ -0.15338063542695, 51.422353587582201 ], [ -0.154287453037762, 51.421459543659175 ], [ -0.155330028878444, 51.42062536703375 ], [ -0.156498319781462, 51.419859087802294 ], [ -0.157781074103621, 51.419168082093279 ], [ -0.159165940099165, 51.418559001167694 ], [ -0.160639584801374, 51.418037707498328 ], [ -0.160815495108286, 51.417989024135473 ], [ -0.185394581823137, 51.427749777623177 ], [ -0.181855843646803, 51.43440329489971 ], [ -0.181453675799923, 51.434725218172659 ], [ -0.180285410606909, 51.435491744723244 ], [ -0.179002526095741, 51.436182993776498 ], [ -0.177617379015261, 51.436792304719823 ], [ -0.176349548627196, 51.437240845185983 ], [ -0.151269890542653, 51.426329889035109 ], [ -0.151555091527219, 51.425306472010902 ] ] ] } },
{ "type": "Feature", "properties": { "NLC": 728, "total_activity": 305209.50901581504, "log_total_activity": 12.628757011010032, "direction_balance": 0.40937246579958819, "post_2300_share": 0.1410629061403329, "midnight_share_common_window": 0.033575082614976597, "night_tube_extension_share": 0.041799395286700299, "post_0100_share": 0.022502009038712901, "common_window_persistence": 0.055846222600250003, "weekend_common_ratio": 1.0260410223832748, "volume_band": "high", "cluster": 1, "Station": "Tottenham Court Road", "mode_label": "EZL,LU", "tot_entry": 215076.93915355048, "tot_exit": 90132.569862264558, "easting": 529815.381, "northing": 181382.49620000101, "lon": -0.13050387554071879, "lat": 51.516457246354733, "coord_source": "underground_stations_csv", "catchment_area_m2": 382232.94029154722, "station_in_lnwc_extent": true }, "geometry": { "type": "Polygon", "coordinates": [ [ [ -0.125272594452088, 51.516360555582608 ], [ -0.128407084058492, 51.514100106382877 ], [ -0.132715708548561, 51.513379066118269 ], [ -0.135552522413976, 51.513928670490316 ], [ -0.13638561541939, 51.517100891233518 ], [ -0.128193201842649, 51.52005453438673 ], [ -0.126108370938422, 51.519288297832979 ], [ -0.125272594452088, 51.516360555582608 ] ] ] } },
{ "type": "Feature", "properties": { "NLC": 729, "total_activity": 56937.499282646932, "log_total_activity": 10.949727004366803, "direction_balance": -0.19370482874071529, "post_2300_share": 0.144005295039801, "midnight_share_common_window": 0.0276250947574707, "night_tube_extension_share": 0.041532120332335699, "post_0100_share": 0.021407796455768999, "common_window_persistence": 0.044974760372896098, "weekend_common_ratio": 1.0728287884488532, "volume_band": "high", "cluster": 3, "Station": "Tottenham Hale LU", "mode_label": "LU", "tot_entry": 22954.2153675886, "tot_exit": 33983.283915058324, "easting": 534484.4517, "northing": 189470.7161, "lon": -0.060164650653709399, "lat": 51.588048703622064, "coord_source": "underground_stations_csv", "catchment_area_m2": 1791809.1320287127, "station_in_lnwc_extent": true }, "geometry": { "type": "Polygon", "coordinates": [ [ [ -0.053965801268794, 51.577976478003613 ], [ -0.055580160435714, 51.577646479081842 ], [ -0.056044349664432, 51.577582151623346 ], [ -0.062371692487792, 51.58163752857088 ], [ -0.069107601166716, 51.588576747371178 ], [ -0.053845872438713, 51.598078412099667 ], [ -0.053114148202221, 51.597901535024576 ], [ -0.051597486183497, 51.597423595046102 ], [ -0.050163381972281, 51.596855354740349 ], [ -0.049443580537938, 51.596503960019326 ], [ -0.052515944727111, 51.578374664783141 ], [ -0.053965801268794, 51.577976478003613 ] ] ] } },
{ "type": "Feature", "properties": { "NLC": 730, "total_activity": 8302.4752953754942, "log_total_activity": 9.0244294164362024, "direction_balance": -0.58817301981894277, "post_2300_share": 0.15735847173326711, "midnight_share_common_window": 0.045965438422120503, "night_tube_extension_share": 0.060835652522574002, "post_0100_share": 0.030201231079694899, "common_window_persistence": 0.069402085350711407, "weekend_common_ratio": 0.74015504038387803, "volume_band": "medium", "cluster": 0, "Station": "Totteridge & Whetstone", "mode_label": "LU", "tot_entry": 1709.5916644611602, "tot_exit": 6592.8836309143344, "easting": 526120.3494, "northing": 193989.2184, "lon": -0.1792054604098072, "lat": 51.630587794856972, "coord_source": "underground_stations_csv", "catchment_area_m2": 3891469.5536991362, "station_in_lnwc_extent": true }, "geometry": { "type": "Polygon", "coordinates": [ [ [ -0.16200354237231, 51.629262071104534 ], [ -0.162295354469695, 51.628219143278351 ], [ -0.162749993907085, 51.627199036930804 ], [ -0.163363072404982, 51.626211574299077 ], [ -0.164128677216439, 51.625266262692982 ], [ -0.165039428394971, 51.624372203030546 ], [ -0.166086550126553, 51.62353800230435 ], [ -0.167259955428852, 51.622771690818055 ], [ -0.168548343394931, 51.62208064498482 ], [ -0.169248208719253, 51.621774165451697 ], [ -0.195480641336132, 51.626900523759957 ], [ -0.19591185181885, 51.627713314042538 ], [ -0.196284302581691, 51.628746254377944 ], [ -0.196492293824566, 51.629796940963459 ], [ -0.196533811173353, 51.630855255874494 ], [ -0.196408443188733, 51.631911007023071 ], [ -0.196117385774505, 51.632954026310536 ], [ -0.195663431100824, 51.633974267576399 ], [ -0.195050941132106, 51.634961903398676 ], [ -0.194285805998455, 51.635907419811886 ], [ -0.193375387596896, 51.636801708027448 ], [ -0.192328448953016, 51.637636152269572 ], [ -0.191155070013187, 51.638402712876449 ], [ -0.189866550671241, 51.639094003861331 ], [ -0.188475301959529, 51.639703364181756 ], [ -0.186994726451622, 51.640224922024842 ], [ -0.185439089031228, 51.640653651484492 ], [ -0.183823379277881, 51.640985421079797 ], [ -0.182163166803793, 51.641217033642818 ], [ -0.18047445094678, 51.641346257187763 ], [ -0.178773506280783, 51.641371846461219 ], [ -0.177076725447485, 51.64129355496398 ], [ -0.175400460839411, 51.641112137327177 ], [ -0.173760866676383, 51.640829342020226 ], [ -0.172173743013228, 51.640447894461253 ], [ -0.170654383197131, 51.639971470695123 ], [ -0.169217426258299, 51.639404661894986 ], [ -0.167876715668081, 51.638752930033178 ], [ -0.166645165834719, 51.638022555152837 ], [ -0.165534637629586, 51.637220574752625 ], [ -0.164555824146458, 51.636354715873665 ], [ -0.163718147794581, 51.635433320548252 ], [ -0.163029669713722, 51.634465265333183 ], [ -0.162497012377431, 51.633459875707672 ], [ -0.162125296120845, 51.632426836164932 ], [ -0.161918090192434, 51.631376096866838 ], [ -0.161877378787133, 51.630317777763672 ], [ -0.16200354237231, 51.629262071104534 ] ] ] } },
{ "type": "Feature", "properties": { "NLC": 731, "total_activity": 57895.625494002648, "log_total_activity": 10.966414380239204, "direction_balance": -0.064606409146581806, "post_2300_share": 0.1095519644745875, "midnight_share_common_window": 0.0257369710305074, "night_tube_extension_share": 0.0021707219349057999, "post_0100_share": 0.0014565130589828999, "common_window_persistence": 0.039236904954125802, "weekend_common_ratio": 1.1519682628464851, "volume_band": "high", "cluster": 2, "Station": "Tower Hill", "mode_label": "LU", "tot_entry": 27077.59851276992, "tot_exit": 30818.026981232721, "easting": 533579.4477, "northing": 180755.3849, "lon": -0.076526271419432607, "lat": 51.509945115809252, "coord_source": "underground_stations_csv", "catchment_area_m2": 644828.62082351244, "station_in_lnwc_extent": true }, "geometry": { "type": "Polygon", "coordinates": [ [ [ -0.083499435406082, 51.510601511735786 ], [ -0.08208510165364, 51.512560627285986 ], [ -0.076196894752005, 51.512219316610782 ], [ -0.071674538676701, 51.503346766370562 ], [ -0.077108389564548, 51.501243108566484 ], [ -0.084080621672216, 51.50854489223773 ], [ -0.083499435406082, 51.510601511735786 ] ] ] } },
{ "type": "Feature", "properties": { "NLC": 733, "total_activity": 15574.615431191471, "log_total_activity": 9.6534618569161807, "direction_balance": -0.33198786476004788, "post_2300_share": 0.16597993691608659, "midnight_share_common_window": 0.0405106263514197, "night_tube_extension_share": 0.053061992762420698, "post_0100_share": 0.027280783510136901, "common_window_persistence": 0.067446136591074499, "weekend_common_ratio": 0.96179267155435022, "volume_band": "medium", "cluster": 3, "Station": "Tufnell Park", "mode_label": "LU", "tot_entry": 5202.0160548656586, "tot_exit": 10372.599376325812, "easting": 529148.7021, "northing": 185859.62010000099, "lon": -0.1384656557230477, "lat": 51.556844309753039, "coord_source": "underground_stations_csv", "catchment_area_m2": 1021573.9915593008, "station_in_lnwc_extent": true }, "geometry": { "type": "Polygon", "coordinates": [ [ [ -0.129052196374082, 51.55213941721717 ], [ -0.144089562457033, 51.554175988138631 ], [ -0.147037257669528, 51.562462455343464 ], [ -0.133543019103218, 51.560136866146031 ], [ -0.125340574266071, 51.55605450576779 ], [ -0.125648048276034, 51.555318005721219 ], [ -0.129052196374082, 51.55213941721717 ] ] ] } },
{ "type": "Feature", "properties": { "NLC": 734, "total_activity": 20360.111469656425, "log_total_activity": 9.9213820600219975, "direction_balance": -0.30291603158509162, "post_2300_share": 0.17591108074305931, "midnight_share_common_window": 0.046038391141427298, "night_tube_extension_share": 0.067959982483280404, "post_0100_share": 0.034031294834752597, "common_window_persistence": 0.072464046670457305, "weekend_common_ratio": 0.73252841349739661, "volume_band": "high", "cluster": 4, "Station": "Turnham Green", "mode_label": "LU", "tot_entry": 7096.3536503189953, "tot_exit": 13263.757819337428, "easting": 521265.8017, "northing": 178779.0811, "lon": -0.25455033012373313, "lat": 51.4949578319235, "coord_source": "underground_stations_csv", "catchment_area_m2": 1539278.3609721784, "station_in_lnwc_extent": true }, "geometry": { "type": "Polygon", "coordinates": [ [ [ -0.251584361276976, 51.484330096030625 ], [ -0.253267081062975, 51.484199789798232 ], [ -0.254962151420228, 51.484173065138584 ], [ -0.256653259398603, 51.484250179353431 ], [ -0.258324130066344, 51.484430390416257 ], [ -0.259958682810344, 51.484711964094529 ], [ -0.261037996725377, 51.484971292826344 ], [ -0.261742686776922, 51.498232368768342 ], [ -0.259248266562783, 51.501759118592396 ], [ -0.250168423195954, 51.503935714623246 ], [ -0.250400242816982, 51.484496626268289 ], [ -0.251584361276976, 51.484330096030625 ] ] ] } },
{ "type": "Feature", "properties": { "NLC": 735, "total_activity": 36384.94334657376, "log_total_activity": 10.501937807243875, "direction_balance": -0.51018665257006057, "post_2300_share": 0.16919304156600959, "midnight_share_common_window": 0.046740863044769397, "night_tube_extension_share": 0.072054255209260898, "post_0100_share": 0.035137586951118599, "common_window_persistence": 0.074428642894042801, "weekend_common_ratio": 0.80695564959342547, "volume_band": "high", "cluster": 4, "Station": "Turnpike Lane", "mode_label": "LU", "tot_entry": 8910.9154483170005, "tot_exit": 27474.027898256769, "easting": 531512.729, "northing": 189637.9518, "lon": -0.1029721135418456, "lat": 51.590252328536288, "coord_source": "underground_stations_csv", "catchment_area_m2": 2708772.892991533, "station_in_lnwc_extent": true }, "geometry": { "type": "Polygon", "coordinates": [ [ [ -0.114300042165982, 51.582093389833759 ], [ -0.115529247739548, 51.582824296711735 ], [ -0.116637580182014, 51.583626734938242 ], [ -0.11761436373545, 51.584492980116082 ], [ -0.118450187338813, 51.585414693158036 ], [ -0.119136995418767, 51.586383000469098 ], [ -0.119668165704596, 51.587388579288479 ], [ -0.120038573308721, 51.58842174737422 ], [ -0.120111165222009, 51.588791924293581 ], [ -0.092711080928265, 51.598932302195131 ], [ -0.09164011464691, 51.598410121108152 ], [ -0.090410884983783, 51.59767896543805 ], [ -0.089302685795731, 51.596876282550653 ], [ -0.088326187719782, 51.596009806245391 ], [ -0.087490790846234, 51.595087884491527 ], [ -0.087228333961773, 51.594717495128322 ], [ -0.08583015315382, 51.590119419745655 ], [ -0.088695469336206, 51.585178071732045 ], [ -0.114184284796647, 51.582036963987228 ], [ -0.114300042165982, 51.582093389833759 ] ] ] } },
{ "type": "Feature", "properties": { "NLC": 736, "total_activity": 15221.721141599961, "log_total_activity": 9.6305444026624745, "direction_balance": -0.51898665766293772, "post_2300_share": 0.1055330262344243, "midnight_share_common_window": 0.034112272373864397, "night_tube_extension_share": 0.018363095985953901, "post_0100_share": 0.0121694671488562, "common_window_persistence": 0.046645582711457002, "weekend_common_ratio": 0.77539774444327481, "volume_band": "medium", "cluster": 0, "Station": "Upminster", "mode_label": "LO,LU", "tot_entry": 3660.9254812218619, "tot_exit": 11560.7956603781, "easting": 556146.114, "northing": 186868.40630000099, "lon": 0.25111551581131542, "lat": 51.559087654869337, "coord_source": "underground_stations_csv", "catchment_area_m2": 3489013.0380622754, "station_in_lnwc_extent": true }, "geometry": { "type": "Polygon", "coordinates": [ [ [ 0.268275883921069, 51.557699343031302 ], [ 0.267974762446478, 51.556657593813732 ], [ 0.267511304144507, 51.55563925730047 ], [ 0.266889982089287, 51.554654138630582 ], [ 0.266116788259856, 51.553711722496303 ], [ 0.265199175515261, 51.55282108189806 ], [ 0.264145985567055, 51.551990790881007 ], [ 0.262967363652473, 51.551228842089579 ], [ 0.261674660736809, 51.550542569928815 ], [ 0.260280324190376, 51.549938580067447 ], [ 0.258797777993122, 51.549422685956387 ], [ 0.257241293617543, 51.548999852968841 ], [ 0.255625852827049, 51.548674150694879 ], [ 0.253967003701909, 51.548448713845971 ], [ 0.252280711267451, 51.548325712141946 ], [ 0.250583204149071, 51.548306329467636 ], [ 0.248890818715233, 51.548390752497816 ], [ 0.247219842192837, 51.548578168899006 ], [ 0.245586356248823, 51.548866775125703 ], [ 0.244431174613802, 51.549149688832188 ], [ 0.242510818802656, 51.568432244442178 ], [ 0.243430042544394, 51.568752145045679 ], [ 0.244987084946819, 51.569175153408686 ], [ 0.246603185719716, 51.569500993304217 ], [ 0.24826277142006, 51.569726524732083 ], [ 0.249949848716344, 51.569849574337823 ], [ 0.25164815882137, 51.569868956395808 ], [ 0.253341334508337, 51.56978448425491 ], [ 0.255013058181353, 51.56959697213594 ], [ 0.256647219460894, 51.569308227262738 ], [ 0.258228070749712, 51.568921032404816 ], [ 0.25974037926506, 51.568439119000644 ], [ 0.261169574058661, 51.56786713112421 ], [ 0.262501886596241, 51.567210580645281 ], [ 0.263724483533023, 51.566475794019453 ], [ 0.264825590399673, 51.565669851225877 ], [ 0.265794605003972, 51.564800517445306 ], [ 0.266622199455824, 51.563876168142187 ], [ 0.267300409836152, 51.56290570827742 ], [ 0.267822712652479, 51.561898486434337 ], [ 0.268184087354152, 51.560864204689949 ], [ 0.268381064317133, 51.559812825102533 ], [ 0.268411757850293, 51.558754473719397 ], [ 0.268275883921069, 51.557699343031302 ] ] ] } },
{ "type": "Feature", "properties": { "NLC": 737, "total_activity": 1985.2237864018125, "log_total_activity": 7.59399052023171, "direction_balance": -0.58356740059396639, "post_2300_share": 0.12160784748128679, "midnight_share_common_window": 0.041169921632741302, "night_tube_extension_share": 0.0291803459269642, "post_0100_share": 0.021632672396111201, "common_window_persistence": 0.057955029681844301, "weekend_common_ratio": 0.53026827727703818, "volume_band": "low", "cluster": 0, "Station": "Upminster Bridge", "mode_label": "LU", "tot_entry": 413.35595088699762, "tot_exit": 1571.8678355148138, "easting": 555088.411, "northing": 186770.1083, "lon": 0.23582667980199251, "lat": 51.558496054141202, "coord_source": "underground_stations_csv", "catchment_area_m2": 2318127.9606682258, "station_in_lnwc_extent": true }, "geometry": { "type": "Polygon", "coordinates": [ [ [ 0.243512118892998, 51.548832047899666 ], [ 0.24195579034989, 51.548409010052623 ], [ 0.240340473319033, 51.548083095629558 ], [ 0.238681714692789, 51.547857441383066 ], [ 0.23699547862785, 51.54773421912445 ], [ 0.235297993208503, 51.547714614860269 ], [ 0.233605594594777, 51.54779881739681 ], [ 0.233237224983466, 51.547840086749041 ], [ 0.223903531789977, 51.561477355342525 ], [ 0.236986026839259, 51.569246107795671 ], [ 0.238048884403023, 51.569193218120631 ], [ 0.239720656142971, 51.569005923438226 ], [ 0.241354899862119, 51.568717390680121 ], [ 0.242510593897131, 51.568434501937965 ], [ 0.244430949868994, 51.549151946336252 ], [ 0.243512118892998, 51.548832047899666 ] ] ] } },
{ "type": "Feature", "properties": { "NLC": 738, "total_activity": 7671.4636416742351, "log_total_activity": 8.9453930476979426, "direction_balance": -0.50992806513152256, "post_2300_share": 0.12439735201386851, "midnight_share_common_window": 0.049237022035104099, "night_tube_extension_share": 0.0207461131860622, "post_0100_share": 0.0141031337850657, "common_window_persistence": 0.0718183334197946, "weekend_common_ratio": 0.69372729665228816, "volume_band": "low", "cluster": 0, "Station": "Upney", "mode_label": "LU", "tot_entry": 1879.7845150742348, "tot_exit": 5791.6791265999991, "easting": 545845.6808, "northing": 184254.34490000099, "lon": 0.1015536636074823, "lat": 51.538354571191448, "coord_source": "underground_stations_csv", "catchment_area_m2": 3591414.8415376535, "station_in_lnwc_extent": true }, "geometry": { "type": "Polygon", "coordinates": [ [ [ 0.115652073776303, 51.532105780715021 ], [ 0.114602057595361, 51.531274108204251 ], [ 0.113426436719332, 51.530510620091682 ], [ 0.112347649765068, 51.529935264473067 ], [ 0.105530282931742, 51.527868700585756 ], [ 0.104438990434459, 51.527718858930697 ], [ 0.102753807947004, 51.527593693632078 ], [ 0.101057074504671, 51.52757213713776 ], [ 0.099365119040326, 51.527654397033821 ], [ 0.097694224643015, 51.527839681794973 ], [ 0.096060472179308, 51.528126208381352 ], [ 0.094479585838869, 51.528511219358045 ], [ 0.092966782075901, 51.52899100937509 ], [ 0.091536623386884, 51.529560960755433 ], [ 0.090202878320536, 51.530215587851842 ], [ 0.089325251340166, 51.530740955233703 ], [ 0.092413525076624, 51.547510692140996 ], [ 0.093839567062857, 51.548009603210815 ], [ 0.095394563259842, 51.548434621999419 ], [ 0.097008913385348, 51.548762544140494 ], [ 0.098667060903197, 51.548990209562717 ], [ 0.100353026370247, 51.549115424339313 ], [ 0.102050561733957, 51.549136981870213 ], [ 0.103743307244067, 51.549054674529472 ], [ 0.105414949450508, 51.548869295665646 ], [ 0.107049378748818, 51.548582631934963 ], [ 0.108630844938956, 51.548197446042643 ], [ 0.11014410928342, 51.547717450060617 ], [ 0.111574591585843, 51.547147269581025 ], [ 0.112908510861232, 51.546492399055289 ], [ 0.113046287315065, 51.546409898593119 ], [ 0.115847182080346, 51.532296102743729 ], [ 0.115652073776303, 51.532105780715021 ] ] ] } },
{ "type": "Feature", "properties": { "NLC": 739, "total_activity": 46666.767373481482, "log_total_activity": 10.750808999219776, "direction_balance": -0.37540490199185511, "post_2300_share": 0.1229423804319843, "midnight_share_common_window": 0.043921887350563397, "night_tube_extension_share": 0.0155645437765617, "post_0100_share": 0.010204621443592901, "common_window_persistence": 0.066284728642294899, "weekend_common_ratio": 0.8418304485131588, "volume_band": "high", "cluster": 4, "Station": "Upton Park", "mode_label": "LU", "tot_entry": 14573.917070681486, "tot_exit": 32092.850302800009, "easting": 541254.2061, "northing": 183793.48520000101, "lon": 0.0352101576549693, "lat": 51.535380041041932, "coord_source": "underground_stations_csv", "catchment_area_m2": 2582565.4636701518, "station_in_lnwc_extent": true }, "geometry": { "type": "Polygon", "coordinates": [ [ [ 0.048268218656593, 51.528306853060393 ], [ 0.047093767048041, 51.527542686605166 ], [ 0.045804928510346, 51.526853990306044 ], [ 0.044414113288788, 51.526247393174742 ], [ 0.042934711540371, 51.525728733762186 ], [ 0.041380964539036, 51.525303004057157 ], [ 0.039767827761628, 51.524974301525219 ], [ 0.038110827164081, 51.524745789745658 ], [ 0.036425910020213, 51.524619668021359 ], [ 0.034729291745741, 51.524597150251722 ], [ 0.033037300167149, 51.524678453269821 ], [ 0.031366218718631, 51.524862794755144 ], [ 0.031003057208398, 51.524926270385166 ], [ 0.022052967783818, 51.54021737142655 ], [ 0.034161406124104, 51.543717737834591 ], [ 0.041326519106519, 51.541972374492246 ], [ 0.049011553627108, 51.528896760661794 ], [ 0.048268218656593, 51.528306853060393 ] ] ] } },
{ "type": "Feature", "properties": { "NLC": 740, "total_activity": 15924.512619700001, "log_total_activity": 9.6756776695423845, "direction_balance": -0.2564146374469653, "post_2300_share": 0.1311320445698726, "midnight_share_common_window": 0.045642090056880802, "night_tube_extension_share": 0.026122598918359202, "post_0100_share": 0.0155611144477631, "common_window_persistence": 0.066666678039691299, "weekend_common_ratio": 0.76996779231341683, "volume_band": "medium", "cluster": 4, "Station": "Uxbridge", "mode_label": "LU", "tot_entry": 5920.6172449000042, "tot_exit": 10003.895374799989, "easting": 505661.0034, "northing": 184161.1754, "lon": -0.47763478482927529, "lat": 51.546462227221149, "coord_source": "underground_stations_csv", "catchment_area_m2": 4416358.7884295965, "station_in_lnwc_extent": true }, "geometry": { "type": "Polygon", "coordinates": [ [ [ -0.460455001445472, 51.54518041548598 ], [ -0.460739415662651, 51.544136673702006 ], [ -0.461186515992422, 51.54311533841198 ], [ -0.461791986744201, 51.542126243734764 ], [ -0.462549988394897, 51.541178912740143 ], [ -0.463453214153294, 51.540282465830799 ], [ -0.464492960590129, 51.539445533019723 ], [ -0.465659211643624, 51.53867617094388 ], [ -0.466940735184333, 51.537981785408142 ], [ -0.468325191205342, 51.537369060200454 ], [ -0.469799250595196, 51.536843892858876 ], [ -0.471348723352349, 51.53641133800307 ], [ -0.472958695012216, 51.536075558771898 ], [ -0.474613669981816, 51.535839786830032 ], [ -0.476297720413124, 51.535706291324722 ], [ -0.477994639195127, 51.535676357088882 ], [ -0.479688095606589, 51.535750272298287 ], [ -0.481361792147021, 51.535927325700349 ], [ -0.482999621052464, 51.536205813441143 ], [ -0.484585819005549, 51.536583055425936 ], [ -0.486105118565862, 51.537055421057083 ], [ -0.487542894876802, 51.537618364104858 ], [ -0.488885306248593, 51.538266466378303 ], [ -0.490119427273659, 51.538993489780374 ], [ -0.491233373199583, 51.539792436250458 ], [ -0.492216414365964, 51.540655615022445 ], [ -0.493059079603866, 51.541574716555488 ], [ -0.493753247599522, 51.542540892431141 ], [ -0.494292225336646, 51.543544840451773 ], [ -0.494670812853112, 51.544576894125889 ], [ -0.494885353676921, 51.545627115681746 ], [ -0.494933770441982, 51.546685391716998 ], [ -0.494815585325337, 51.547741530565133 ], [ -0.494531925092405, 51.548785360442537 ], [ -0.494085510684653, 51.5498068274308 ], [ -0.493480631433072, 51.550796092349913 ], [ -0.492723104129734, 51.551743625587847 ], [ -0.491820217336946, 51.552640298969777 ], [ -0.49078066145771, 51.55347747377953 ], [ -0.489614445230776, 51.554247084080224 ], [ -0.488332799447216, 51.554941714527914 ], [ -0.486948068811662, 51.555554671922749 ], [ -0.485473592988844, 51.556080049803917 ], [ -0.483923577983591, 51.556512785460804 ], [ -0.482312959098778, 51.556848708806463 ], [ -0.48065725679988, 51.557084582637948 ], [ -0.478972426885782, 51.55721813389254 ], [ -0.477274706422592, 51.557248075594806 ], [ -0.475580456939712, 51.557174119282102 ], [ -0.473906006414928, 51.556996977786589 ], [ -0.4722674915874, 51.556718358347524 ], [ -0.470680702134105, 51.556340946120812 ], [ -0.469160928226474, 51.555868378246338 ], [ -0.467722812950011, 51.55530520872594 ], [ -0.466626155551362, 51.554775633912882 ], [ -0.460402364931836, 51.545647644772671 ], [ -0.460455001445472, 51.54518041548598 ] ] ] } },
{ "type": "Feature", "properties": { "NLC": 741, "total_activity": 247086.36686834096, "log_total_activity": 12.41749726508634, "direction_balance": -0.037804952554423801, "post_2300_share": 0.1119920502973336, "midnight_share_common_window": 0.024617966553146398, "night_tube_extension_share": 0.019223759839701201, "post_0100_share": 0.0091024857815896996, "common_window_persistence": 0.0377225945406994, "weekend_common_ratio": 0.93874956164275125, "volume_band": "high", "cluster": 2, "Station": "Victoria LU", "mode_label": "LU", "tot_entry": 118872.6392460192, "tot_exit": 128213.72762232184, "easting": 528998.7715, "northing": 179129.9345, "lon": -0.14308928980094829, "lat": 51.496400978592632, "coord_source": "underground_stations_csv", "catchment_area_m2": 925498.01457961765, "station_in_lnwc_extent": true }, "geometry": { "type": "Polygon", "coordinates": [ [ [ -0.141466826400082, 51.501606856635519 ], [ -0.135225296693011, 51.494326347727913 ], [ -0.145599380574799, 51.489144730125332 ], [ -0.152004349229026, 51.497279435126657 ], [ -0.145504956184378, 51.501689097081488 ], [ -0.141466826400082, 51.501606856635519 ] ] ] } },
{ "type": "Feature", "properties": { "NLC": 742, "total_activity": 53582.330323663278, "log_total_activity": 10.888993297263729, "direction_balance": -0.47543160013941599, "post_2300_share": 0.1629503463146306, "midnight_share_common_window": 0.045228419845931803, "night_tube_extension_share": 0.073185236662857797, "post_0100_share": 0.036189187811234501, "common_window_persistence": 0.069046228809808, "weekend_common_ratio": 0.78886316424642655, "volume_band": "high", "cluster": 4, "Station": "Walthamstow Central", "mode_label": "LO,LU", "tot_entry": 14053.798639342647, "tot_exit": 39528.531684320667, "easting": 537176.4746, "northing": 188994.332599999, "lon": -0.0215170203946605, "lat": 51.583119606620031, "coord_source": "underground_stations_csv", "catchment_area_m2": 1599963.6660145915, "station_in_lnwc_extent": true }, "geometry": { "type": "Polygon", "coordinates": [ [ [ -0.027709313284787, 51.593193469364614 ], [ -0.02609420825637, 51.593523075964264 ], [ -0.024434993140865, 51.593752469231937 ], [ -0.022747657669255, 51.593879438580473 ], [ -0.02104846310566, 51.593902760491687 ], [ -0.019353785207743, 51.593822210327779 ], [ -0.017679956073549, 51.593638564496189 ], [ -0.016043106415031, 51.593353592946606 ], [ -0.015942264568185, 51.593329177346156 ], [ -0.009265867366726, 51.578610970072162 ], [ -0.013866745474485, 51.576819059685249 ], [ -0.029231733552545, 51.586230941373991 ], [ -0.030131975219248, 51.588201281305402 ], [ -0.027779943002677, 51.593174096763825 ], [ -0.027709313284787, 51.593193469364614 ] ] ] } },
{ "type": "Feature", "properties": { "NLC": 743, "total_activity": 7504.4547325902049, "log_total_activity": 8.923385332850307, "direction_balance": -0.4775603217459754, "post_2300_share": 0.16471071308536889, "midnight_share_common_window": 0.049105477495341499, "night_tube_extension_share": 0.051564515924749497, "post_0100_share": 0.025133765837499, "common_window_persistence": 0.075513103640905299, "weekend_common_ratio": 0.7989121758346035, "volume_band": "low", "cluster": 4, "Station": "Wanstead", "mode_label": "LU", "tot_entry": 1960.3124579831599, "tot_exit": 5544.1422746070457, "easting": 540673.1526, "northing": 188253.50730000099, "lon": 0.0286206777652704, "lat": 51.575601612896037, "coord_source": "underground_stations_csv", "catchment_area_m2": 1931480.8789056123, "station_in_lnwc_extent": true }, "geometry": { "type": "Polygon", "coordinates": [ [ [ 0.037833864408579, 51.566469437558005 ], [ 0.036353216667887, 51.565950711975383 ], [ 0.034798146890941, 51.565524912166453 ], [ 0.033183623277235, 51.565196136267417 ], [ 0.031525185118436, 51.564967548560197 ], [ 0.029838793509533, 51.56484134907577 ], [ 0.028140678040634, 51.56481875246017 ], [ 0.026447180930319, 51.564899976304524 ], [ 0.025647429120869, 51.564988085490803 ], [ 0.023612688728388, 51.566280284562609 ], [ 0.016863844930211, 51.573637038030341 ], [ 0.035563819165944, 51.583973762825273 ], [ 0.03621310267566, 51.583993180745978 ], [ 0.037950562581197, 51.566520299004338 ], [ 0.037833864408579, 51.566469437558005 ] ] ] } },
{ "type": "Feature", "properties": { "NLC": 745, "total_activity": 49928.544583632829, "log_total_activity": 10.818368182356178, "direction_balance": 0.41502292206261249, "post_2300_share": 0.1190547433051633, "midnight_share_common_window": 0.027337438466432801, "night_tube_extension_share": 0.059397354250547998, "post_0100_share": 0.025806094706811299, "common_window_persistence": 0.039842140527865, "weekend_common_ratio": 0.55822187053091898, "volume_band": "high", "cluster": 2, "Station": "Warren Street", "mode_label": "LU", "tot_entry": 35325.017525532763, "tot_exit": 14603.527058100046, "easting": 529248.7448, "northing": 182266.0339, "lon": -0.13834177714005541, "lat": 51.524527123997757, "coord_source": "underground_stations_csv", "catchment_area_m2": 209142.7616860866, "station_in_lnwc_extent": true }, "geometry": { "type": "Polygon", "coordinates": [ [ [ -0.14036993347044, 51.52096756050237 ], [ -0.142687932370912, 51.528851147254272 ], [ -0.140358615780067, 51.527897684604163 ], [ -0.134877971773876, 51.523145012510085 ], [ -0.14036993347044, 51.52096756050237 ] ] ] } },
{ "type": "Feature", "properties": { "NLC": 746, "total_activity": 13029.563186224699, "log_total_activity": 9.4750528914584127, "direction_balance": -0.24650981580874831, "post_2300_share": 0.1186805097352425, "midnight_share_common_window": 0.029909850460626199, "night_tube_extension_share": 0.0031512364518567, "post_0100_share": 0.0017112344556240999, "common_window_persistence": 0.0466261179485674, "weekend_common_ratio": 0.82104542258605351, "volume_band": "medium", "cluster": 4, "Station": "Warwick Avenue", "mode_label": "LU", "tot_entry": 4908.8239825599994, "tot_exit": 8120.7392036647007, "easting": 526112.4036, "northing": 182039.408, "lon": -0.18360675558678699, "lat": 51.523198862105232, "coord_source": "underground_stations_csv", "catchment_area_m2": 709163.20250043983, "station_in_lnwc_extent": true }, "geometry": { "type": "Polygon", "coordinates": [ [ [ -0.177388020140642, 51.52095659430708 ], [ -0.181072150714598, 51.519311086362102 ], [ -0.193026038967113, 51.523995419645019 ], [ -0.193463281657193, 51.525305482679876 ], [ -0.17440118276845, 51.527829731416709 ], [ -0.173865152314435, 51.527665396344865 ], [ -0.177388020140642, 51.52095659430708 ] ] ] } },
{ "type": "Feature", "properties": { "NLC": 747, "total_activity": 311619.13589489303, "log_total_activity": 12.649540211862943, "direction_balance": -0.091829129549104604, "post_2300_share": 0.1282323793918643, "midnight_share_common_window": 0.029476841351815199, "night_tube_extension_share": 0.022211845367769802, "post_0100_share": 0.0103813225482119, "common_window_persistence": 0.046021915461767197, "weekend_common_ratio": 0.76794138967469527, "volume_band": "high", "cluster": 2, "Station": "Waterloo LU", "mode_label": "LU", "tot_entry": 141501.71094741041, "tot_exit": 170117.42494748259, "easting": 530968.1802, "northing": 179961.9154, "lon": -0.11442663408154639, "lat": 51.503425257203759, "coord_source": "underground_stations_csv", "catchment_area_m2": 438507.56873594463, "station_in_lnwc_extent": true }, "geometry": { "type": "Polygon", "coordinates": [ [ [ -0.109423019399804, 51.501862126090202 ], [ -0.118865236712033, 51.500101390924172 ], [ -0.120809371755303, 51.503557673842685 ], [ -0.115920376006445, 51.507219069626458 ], [ -0.110725101052163, 51.507172208427598 ], [ -0.109423019399804, 51.501862126090202 ] ] ] } },
{ "type": "Feature", "properties": { "NLC": 748, "total_activity": 5514.1508986170002, "log_total_activity": 8.6152542928032201, "direction_balance": -0.57949975354944461, "post_2300_share": 0.1193544699456932, "midnight_share_common_window": 0.045183876822939797, "night_tube_extension_share": 0.0109266712158012, "post_0100_share": 0.0065575118686847997, "common_window_persistence": 0.064617967119845104, "weekend_common_ratio": 0.69421321409355474, "volume_band": "low", "cluster": 0, "Station": "Watford", "mode_label": "LU", "tot_entry": 1159.3509059170001, "tot_exit": 4354.7999927000019, "easting": 509569.47, "northing": 196595.9617, "lon": -0.41741206352620169, "lat": 51.65748010048808, "coord_source": "underground_stations_csv", "catchment_area_m2": 4366465.9050976913, "station_in_lnwc_extent": false }, "geometry": { "type": "Polygon", "coordinates": [ [ [ -0.400192290092441, 51.656189146885801 ], [ -0.400478834333423, 51.65514558829917 ], [ -0.400928429020702, 51.654124522504191 ], [ -0.401536734391112, 51.653135781008793 ], [ -0.402297883584752, 51.652188883464795 ], [ -0.403204539474086, 51.65129294608338 ], [ -0.404247965587081, 51.650456593953521 ], [ -0.405418110431299, 51.649687878103727 ], [ -0.406703704399698, 51.648994198100617 ], [ -0.408092368320924, 51.648382230924845 ], [ -0.409570732608031, 51.647857866803911 ], [ -0.41112456586085, 51.647426152614706 ], [ -0.412738911689437, 51.647091243395927 ], [ -0.414398232449842, 51.646856362432629 ], [ -0.416086558519573, 51.646723770294003 ], [ -0.417787641688968, 51.646694743118829 ], [ -0.419485111206773, 51.64676956035624 ], [ -0.421162630993726, 51.646947502078106 ], [ -0.422804056527208, 51.647226855889315 ], [ -0.424393589902953, 51.647604933369884 ], [ -0.424452530211271, 51.647623253290952 ], [ -0.434717656745951, 51.656922640585371 ], [ -0.434752794570414, 51.657712492066487 ], [ -0.434632869179368, 51.658768536594067 ], [ -0.434347083183192, 51.659812184232145 ], [ -0.433898177934202, 51.660833382803531 ], [ -0.43329046670084, 51.661822295697796 ], [ -0.432529793510656, 51.662769396676325 ], [ -0.431623477198638, 51.663665561710133 ], [ -0.430580241187046, 51.664502156961625 ], [ -0.429410129662822, 51.665271122059302 ], [ -0.428124410952533, 51.665965047858066 ], [ -0.426735469021285, 51.666577247931464 ], [ -0.425256684139787, 51.667101823101923 ], [ -0.423702303871411, 51.667533718381954 ], [ -0.422087305627602, 51.667868771773755 ], [ -0.420427252124263, 51.668103754451643 ], [ -0.418738141142791, 51.668236401937691 ], [ -0.417036251056572, 51.66826543596612 ], [ -0.41533798362623, 51.668190576824436 ], [ -0.413659705594366, 51.668012546051102 ], [ -0.412017590622532, 51.667733059463451 ], [ -0.410427463109726, 51.667354810583994 ], [ -0.408904645412703, 51.666881444626725 ], [ -0.407463809954152, 51.666317523296655 ], [ -0.406118837655711, 51.665668480745275 ], [ -0.404882684069289, 51.664940571110535 ], [ -0.403767254503168, 51.664140808151217 ], [ -0.402783289349476, 51.663276897562653 ], [ -0.401940260718069, 51.6623571626304 ], [ -0.401246281369576, 51.661390463943583 ], [ -0.400708026818647, 51.660386113945755 ], [ -0.400330671348582, 51.659353787150842 ], [ -0.400117838541849, 51.658303426892665 ], [ -0.400071566788992, 51.657245149509109 ], [ -0.400192290092441, 51.656189146885801 ] ] ] } },
{ "type": "Feature", "properties": { "NLC": 749, "total_activity": 4567.9701567990796, "log_total_activity": 8.4270431098717893, "direction_balance": 0.096902817481143599, "post_2300_share": 0.1698837396288736, "midnight_share_common_window": 0.077320383292648495, "night_tube_extension_share": 0.014931925990604999, "post_0100_share": 0.0094095403638201, "common_window_persistence": 0.1289185484431557, "weekend_common_ratio": 0.73619000044527738, "volume_band": "low", "cluster": 3, "Station": "Stratford High Street", "mode_label": "DLR", "tot_entry": 2505.3096675813454, "tot_exit": 2062.6604892177338, "easting": 538776.5, "northing": 184018.5, "lon": -0.0004, "lat": 51.538015, "coord_source": "naptan_rse_tmu", "catchment_area_m2": 679237.01354754227, "station_in_lnwc_extent": true }, "geometry": { "type": "Polygon", "coordinates": [ [ [ -0.004621359178721, 51.533387943060227 ], [ -0.007947063355184, 51.53748788419734 ], [ 0.003506340255031, 51.541893633020614 ], [ 0.012895392171019, 51.539210333236795 ], [ 0.01179957869891, 51.538118102576547 ], [ -0.004621359178721, 51.533387943060227 ] ] ] } },
{ "type": "Feature", "properties": { "NLC": 750, "total_activity": 5359.1593884757194, "log_total_activity": 8.5867489902786396, "direction_balance": -0.15248883407022071, "post_2300_share": 0.21219053451200981, "midnight_share_common_window": 0.1039849119993944, "night_tube_extension_share": 0.026122998561458, "post_0100_share": 0.01750177166759, "common_window_persistence": 0.1811693468120317, "weekend_common_ratio": 0.82810619064793223, "volume_band": "low", "cluster": 3, "Station": "Abbey Road", "mode_label": "DLR", "tot_entry": 2270.9737108652894, "tot_exit": 3088.1856776104291, "easting": 539082.5, "northing": 183401.0, "lon": 0.003765, "lat": 51.532395, "coord_source": "naptan_rse_tmu", "catchment_area_m2": 652758.34724613768, "station_in_lnwc_extent": true }, "geometry": { "type": "Polygon", "coordinates": [ [ [ -0.004621359178721, 51.533387943060227 ], [ 0.01179957869891, 51.538118102576547 ], [ 0.010110891074753, 51.530633907840006 ], [ -0.005489204523483, 51.529868751105568 ], [ -0.004621359178721, 51.533387943060227 ] ] ] } },
{ "type": "Feature", "properties": { "NLC": 751, "total_activity": 19956.647813721949, "log_total_activity": 9.9013676979172764, "direction_balance": -0.30778556863916962, "post_2300_share": 0.1005564366733033, "midnight_share_common_window": 0.027692227401656701, "night_tube_extension_share": 0.00036502494857760002, "post_0100_share": 0.0001934273277772, "common_window_persistence": 0.039202101885019998, "weekend_common_ratio": 0.86816474814382905, "volume_band": "medium", "cluster": 2, "Station": "Wembley Central", "mode_label": "LO,LU", "tot_entry": 6907.139809121948, "tot_exit": 13049.5080046, "easting": 518182.8112, "northing": 185084.709899999, "lon": -0.29682655954893378, "lat": 51.552281640277037, "coord_source": "underground_stations_csv", "catchment_area_m2": 1915120.2190652704, "station_in_lnwc_extent": true }, "geometry": { "type": "Polygon", "coordinates": [ [ [ -0.280976844212185, 51.553783251865489 ], [ -0.28938278901553, 51.545559475417242 ], [ -0.305424041519817, 51.547245575058014 ], [ -0.307083272913882, 51.555512964820601 ], [ -0.291474383363897, 51.559744913512539 ], [ -0.280976844212185, 51.553783251865489 ] ] ] } },
{ "type": "Feature", "properties": { "NLC": 752, "total_activity": 71749.072378698067, "log_total_activity": 11.1809441423837, "direction_balance": -0.28752724221633769, "post_2300_share": 0.16660916423453531, "midnight_share_common_window": 0.045944728900675399, "night_tube_extension_share": 0.058751909019934399, "post_0100_share": 0.032043602673311397, "common_window_persistence": 0.0758500520961332, "weekend_common_ratio": 1.0542749661768214, "volume_band": "high", "cluster": 3, "Station": "Wembley Park", "mode_label": "LU", "tot_entry": 25559.62973303529, "tot_exit": 46189.442645662763, "easting": 519315.8795, "northing": 186388.4845, "lon": -0.28005006150968609, "lat": 51.56376083873252, "coord_source": "underground_stations_csv", "catchment_area_m2": 3288402.1239313325, "station_in_lnwc_extent": true }, "geometry": { "type": "Polygon", "coordinates": [ [ [ -0.262870047034872, 51.562450088188633 ], [ -0.262896420312068, 51.562354903739347 ], [ -0.268315041356282, 51.555841372342343 ], [ -0.269389224334261, 51.555262725608841 ], [ -0.270776807213186, 51.554652364125552 ], [ -0.271284076404694, 51.554472843679541 ], [ -0.280976844212185, 51.553783251865489 ], [ -0.291474383363897, 51.559744913512539 ], [ -0.292194170459006, 51.564619498680194 ], [ -0.278713704567343, 51.574184408758512 ], [ -0.275119204225127, 51.574090400984446 ], [ -0.274636397198429, 51.574007455259419 ], [ -0.27305071188987, 51.573627381273319 ], [ -0.271532478395842, 51.573152269013399 ], [ -0.270096324907276, 51.572586697005875 ], [ -0.268756087177415, 51.571936115297554 ], [ -0.267524675091146, 51.57120679284283 ], [ -0.266413948233621, 51.57040575699564 ], [ -0.265434601660359, 51.569540725694623 ], [ -0.264596062969559, 51.568620032999505 ], [ -0.263906401665043, 51.567652548701389 ], [ -0.263372251676716, 51.566647592785834 ], [ -0.262998747775655, 51.565614845577144 ], [ -0.262789476484504, 51.56456425443281 ], [ -0.262746441942009, 51.563505937889921 ], [ -0.262870047034872, 51.562450088188633 ] ] ] } },
{ "type": "Feature", "properties": { "NLC": 753, "total_activity": 3817.4795719537469, "log_total_activity": 8.2476076045573521, "direction_balance": -0.54409753799075844, "post_2300_share": 0.15531099243352589, "midnight_share_common_window": 0.041353016439097702, "night_tube_extension_share": 0.0849752455438499, "post_0100_share": 0.040492739208451901, "common_window_persistence": 0.062641959318180895, "weekend_common_ratio": 0.87934050248833906, "volume_band": "low", "cluster": 4, "Station": "West Acton", "mode_label": "LU", "tot_entry": 870.19916776184891, "tot_exit": 2947.2804041918962, "easting": 519372.862, "northing": 181295.9254, "lon": -0.28095387030547558, "lat": 51.517980197246935, "coord_source": "underground_stations_csv", "catchment_area_m2": 880934.60916292958, "station_in_lnwc_extent": true }, "geometry": { "type": "Polygon", "coordinates": [ [ [ -0.272970004397454, 51.523539204509184 ], [ -0.275089004842999, 51.51104178032643 ], [ -0.275473955369918, 51.510750346696987 ], [ -0.284227110344121, 51.513654939436222 ], [ -0.2855513589804, 51.521803568746158 ], [ -0.272970004397454, 51.523539204509184 ] ] ] } },
{ "type": "Feature", "properties": { "NLC": 754, "total_activity": 14694.904236253453, "log_total_activity": 9.5953241105600018, "direction_balance": -0.19719881707539899, "post_2300_share": 0.1170420341229767, "midnight_share_common_window": 0.034718309749301103, "night_tube_extension_share": 0.0076040227980618998, "post_0100_share": 0.0049835567060573004, "common_window_persistence": 0.052529204242186003, "weekend_common_ratio": 0.84516906112695789, "volume_band": "medium", "cluster": 4, "Station": "Westbourne Park", "mode_label": "LU", "tot_entry": 5898.543251914004, "tot_exit": 8796.3609843394534, "easting": 524901.4238, "northing": 181755.9263, "lon": -0.20115293263288991, "lat": 51.520920062506264, "coord_source": "underground_stations_csv", "catchment_area_m2": 1261528.0243140534, "station_in_lnwc_extent": true }, "geometry": { "type": "Polygon", "coordinates": [ [ [ -0.196622085503545, 51.515372970072015 ], [ -0.201670791641944, 51.514527073036831 ], [ -0.212550202276435, 51.525995137857855 ], [ -0.212290105249815, 51.52623972340416 ], [ -0.198532772552312, 51.528120930433076 ], [ -0.1972473259068, 51.5278666310953 ], [ -0.193463281657193, 51.525305482679876 ], [ -0.193026038967113, 51.523995419645019 ], [ -0.195992909705734, 51.515749952147779 ], [ -0.196622085503545, 51.515372970072015 ] ] ] } },
{ "type": "Feature", "properties": { "NLC": 755, "total_activity": 20549.472051278703, "log_total_activity": 9.9306391905256977, "direction_balance": -0.038699387629769502, "post_2300_share": 0.1050229315317327, "midnight_share_common_window": 0.022162441519648302, "night_tube_extension_share": 0.0023282508171298998, "post_0100_share": 0.0013526498528213999, "common_window_persistence": 0.035034456597700298, "weekend_common_ratio": 1.0001266973766996, "volume_band": "high", "cluster": 2, "Station": "West Brompton", "mode_label": "LO,LU", "tot_entry": 9877.1100333895793, "tot_exit": 10672.362017889129, "easting": 525380.8439, "northing": 178024.49070000101, "lon": -0.1955717597038599, "lat": 51.487279564113926, "coord_source": "underground_stations_csv", "catchment_area_m2": 776625.27699219156, "station_in_lnwc_extent": true }, "geometry": { "type": "Polygon", "coordinates": [ [ [ -0.199112958981512, 51.490572694161088 ], [ -0.184693785650975, 51.487710149899819 ], [ -0.180082274595152, 51.484758420299364 ], [ -0.180105996217027, 51.484748884364514 ], [ -0.20553641864188, 51.483523395242486 ], [ -0.199112958981512, 51.490572694161088 ] ] ] } },
{ "type": "Feature", "properties": { "NLC": 756, "total_activity": 5222.7700000477162, "log_total_activity": 8.5609746424310753, "direction_balance": -0.59756823244730739, "post_2300_share": 0.158318894299531, "midnight_share_common_window": 0.041444282069681697, "night_tube_extension_share": 0.066469893842910799, "post_0100_share": 0.031537794861829303, "common_window_persistence": 0.063536103100699806, "weekend_common_ratio": 0.64851581789646051, "volume_band": "low", "cluster": 0, "Station": "West Finchley", "mode_label": "LU", "tot_entry": 1050.9042813201884, "tot_exit": 4171.8657187275294, "easting": 525546.1518, "northing": 191626.9482, "lon": -0.1883426849145049, "lat": 51.609486894075047, "coord_source": "underground_stations_csv", "catchment_area_m2": 1962942.9608718688, "station_in_lnwc_extent": true }, "geometry": { "type": "Polygon", "coordinates": [ [ [ -0.171148430110315, 51.608162580543933 ], [ -0.171439885546233, 51.607119623028261 ], [ -0.171894098005047, 51.606099473691344 ], [ -0.172506683329321, 51.605111955186906 ], [ -0.173271733529389, 51.604166575365831 ], [ -0.174181874005159, 51.60327243580609 ], [ -0.175228334826411, 51.602438144272789 ], [ -0.175389007729565, 51.602333139583727 ], [ -0.198898691503319, 51.60682210171106 ], [ -0.200187603627906, 51.615478003301526 ], [ -0.171444416814844, 51.611809781188455 ], [ -0.171270801044603, 51.611327352648992 ], [ -0.171063467223942, 51.610276624763763 ], [ -0.17102254942273, 51.609218303304353 ], [ -0.171148430110315, 51.608162580543933 ] ] ] } },
{ "type": "Feature", "properties": { "NLC": 757, "total_activity": 20194.542278977915, "log_total_activity": 9.9132171797775275, "direction_balance": -0.4320873373731528, "post_2300_share": 0.14454657193076789, "midnight_share_common_window": 0.041608652320192299, "night_tube_extension_share": 0.049940003157308101, "post_0100_share": 0.026482987623652698, "common_window_persistence": 0.063887921028776107, "weekend_common_ratio": 0.67988875932252468, "volume_band": "high", "cluster": 4, "Station": "West Ham", "mode_label": "DLR,LU", "tot_entry": 5734.3681380923981, "tot_exit": 14460.174140885529, "easting": 539130.9809, "northing": 182944.644300001, "lon": 0.0042827258459676, "lat": 51.528279231688799, "coord_source": "underground_stations_csv", "catchment_area_m2": 711206.01002150064, "station_in_lnwc_extent": true }, "geometry": { "type": "Polygon", "coordinates": [ [ [ -0.005489204523483, 51.529868751105568 ], [ 0.010110891074753, 51.530633907840006 ], [ 0.013801031601181, 51.52445434849907 ], [ -0.002503144285578, 51.524628471629882 ], [ -0.005503711616456, 51.529851631570303 ], [ -0.005489204523483, 51.529868751105568 ] ] ] } },
{ "type": "Feature", "properties": { "NLC": 758, "total_activity": 50523.846960816358, "log_total_activity": 10.830220513287845, "direction_balance": -0.16769894396404589, "post_2300_share": 0.11946052994817111, "midnight_share_common_window": 0.030128241093362901, "night_tube_extension_share": 0.0311742904056873, "post_0100_share": 0.014974175752655699, "common_window_persistence": 0.044053572011621397, "weekend_common_ratio": 0.86029194709244305, "volume_band": "high", "cluster": 4, "Station": "West Hampstead LU", "mode_label": "LO,LU", "tot_entry": 21025.5255902432, "tot_exit": 29498.32137057318, "easting": 525592.1984, "northing": 184652.8993, "lon": -0.19016960275566849, "lat": 51.546801915703966, "coord_source": "underground_stations_csv", "catchment_area_m2": 871082.19602923014, "station_in_lnwc_extent": true }, "geometry": { "type": "Polygon", "coordinates": [ [ [ -0.196411152975351, 51.556862686440816 ], [ -0.185734691590132, 51.547872965784599 ], [ -0.185235906178482, 51.543768924399849 ], [ -0.187817981280534, 51.541733178404492 ], [ -0.194833159046031, 51.54244396972944 ], [ -0.197361861247114, 51.549884786518383 ], [ -0.197180994808994, 51.556650027239002 ], [ -0.196411152975351, 51.556862686440816 ] ] ] } },
{ "type": "Feature", "properties": { "NLC": 759, "total_activity": 4766.0546503246196, "log_total_activity": 8.4694839194404778, "direction_balance": -0.590229364513011, "post_2300_share": 0.12659040312761871, "midnight_share_common_window": 0.042112061869603097, "night_tube_extension_share": 0.018467743725388501, "post_0100_share": 0.0099175486140297003, "common_window_persistence": 0.063483338485104804, "weekend_common_ratio": 0.75128231820185731, "volume_band": "low", "cluster": 0, "Station": "West Harrow", "mode_label": "LU", "tot_entry": 976.49462141461902, "tot_exit": 3789.5600289099998, "easting": 514199.9396, "northing": 188029.3693, "lon": -0.35329028029996579, "lat": 51.579566616167092, "coord_source": "underground_stations_csv", "catchment_area_m2": 1616023.3669974769, "station_in_lnwc_extent": true }, "geometry": { "type": "Polygon", "coordinates": [ [ [ -0.345191701366262, 51.572290082004045 ], [ -0.358947570552714, 51.571864194775806 ], [ -0.363202314990152, 51.578725523697827 ], [ -0.348719911944389, 51.588455782403727 ], [ -0.344861219133204, 51.586247256331717 ], [ -0.345191701366262, 51.572290082004045 ] ] ] } },
{ "type": "Feature", "properties": { "NLC": 760, "total_activity": 16951.547464499999, "log_total_activity": 9.7381733944066085, "direction_balance": -0.27161166969766121, "post_2300_share": 0.1437578811340619, "midnight_share_common_window": 0.041423932034254297, "night_tube_extension_share": 0.0078918905953975996, "post_0100_share": 0.0045309560561386996, "common_window_persistence": 0.067316758954834993, "weekend_common_ratio": 0.87336069651729087, "volume_band": "medium", "cluster": 4, "Station": "West Kensington", "mode_label": "LU", "tot_entry": 6173.6546768539993, "tot_exit": 10777.892787646004, "easting": 524684.9763, "northing": 178398.05890000099, "lon": -0.20545700029973241, "lat": 51.490790555082114, "coord_source": "underground_stations_csv", "catchment_area_m2": 770293.72735071299, "station_in_lnwc_extent": true }, "geometry": { "type": "Polygon", "coordinates": [ [ [ -0.210483007235974, 51.493557817645176 ], [ -0.200509998941996, 51.496172270525861 ], [ -0.199112958981512, 51.490572694161088 ], [ -0.20553641864188, 51.483523395242486 ], [ -0.208033591531383, 51.482484883957078 ], [ -0.208956069800905, 51.482400804222507 ], [ -0.210483007235974, 51.493557817645176 ] ] ] } },
{ "type": "Feature", "properties": { "NLC": 761, "total_activity": 58783.672284395565, "log_total_activity": 10.981636424469524, "direction_balance": 0.43885885838004007, "post_2300_share": 0.084019350904802795, "midnight_share_common_window": 0.019137301848888899, "night_tube_extension_share": 0.025033859354010601, "post_0100_share": 0.0119034967590704, "common_window_persistence": 0.027080728344477101, "weekend_common_ratio": 0.90767722289580122, "volume_band": "high", "cluster": 2, "Station": "Westminster", "mode_label": "LU", "tot_entry": 42290.703797255963, "tot_exit": 16492.968487139668, "easting": 530195.6727, "northing": 179668.226399999, "lon": -0.12565865262198089, "lat": 51.500964295838799, "coord_source": "underground_stations_csv", "catchment_area_m2": 710734.14261876186, "station_in_lnwc_extent": true }, "geometry": { "type": "Polygon", "coordinates": [ [ [ -0.12347524714063, 51.493383996292714 ], [ -0.126948532013975, 51.494301024975776 ], [ -0.131188495074467, 51.503682095009246 ], [ -0.124665622305709, 51.504365483303715 ], [ -0.120809371755303, 51.503557673842685 ], [ -0.118865236712033, 51.500101390924172 ], [ -0.121562523989537, 51.493452622561193 ], [ -0.12347524714063, 51.493383996292714 ] ] ] } },
{ "type": "Feature", "properties": { "NLC": 762, "total_activity": 5187.5105889645765, "log_total_activity": 8.5542019578960158, "direction_balance": -0.51567325554096255, "post_2300_share": 0.1205079792508976, "midnight_share_common_window": 0.044528799828657102, "night_tube_extension_share": 0.018401748172065999, "post_0100_share": 0.0103165911010054, "common_window_persistence": 0.063841079316277097, "weekend_common_ratio": 0.87501834764388386, "volume_band": "low", "cluster": 0, "Station": "West Ruislip", "mode_label": "LU", "tot_entry": 1256.2250576999991, "tot_exit": 3931.2855312645775, "easting": 508378.6627, "northing": 186795.99740000101, "lon": -0.43764707604605591, "lat": 51.569629260588542, "coord_source": "underground_stations_csv", "catchment_area_m2": 2368162.0535277035, "station_in_lnwc_extent": true }, "geometry": { "type": "Polygon", "coordinates": [ [ [ -0.454954530276033, 51.569858392031918 ], [ -0.454835348102466, 51.570914478291556 ], [ -0.4545506187558, 51.571958198623797 ], [ -0.454103073464746, 51.572979500158205 ], [ -0.453497012446655, 51.573968545301192 ], [ -0.452738263874418, 51.574915806550557 ], [ -0.451834128076033, 51.575812158344711 ], [ -0.450793307491584, 51.576648965059078 ], [ -0.449625823052053, 51.577418164297384 ], [ -0.448342917777996, 51.578112344671098 ], [ -0.446956948522393, 51.578724817312811 ], [ -0.445481266899468, 51.57924968042952 ], [ -0.443930090548812, 51.579681876268836 ], [ -0.442318365980417, 51.580017239944567 ], [ -0.44066162433043, 51.580252539647063 ], [ -0.438975831428336, 51.580385507847282 ], [ -0.437277233633363, 51.580414863190406 ], [ -0.435582200940321, 51.580340322866952 ], [ -0.433907068882541, 51.580162605340163 ], [ -0.432267980771612, 51.579883423403864 ], [ -0.432263242095934, 51.579882295071414 ], [ -0.42773209717282, 51.563100433598578 ], [ -0.454923042636718, 51.56915688429477 ], [ -0.454954530276033, 51.569858392031918 ] ] ] } },
{ "type": "Feature", "properties": { "NLC": 763, "total_activity": 74604.433391322775, "log_total_activity": 11.219968617203454, "direction_balance": 0.0396188793577242, "post_2300_share": 0.12605058522509391, "midnight_share_common_window": 0.036232271818511901, "night_tube_extension_share": 0.0165920594335561, "post_0100_share": 0.0082748108085181002, "common_window_persistence": 0.056037193514865302, "weekend_common_ratio": 0.78964968053264273, "volume_band": "high", "cluster": 2, "Station": "Whitechapel", "mode_label": "EZL,LO,LU", "tot_entry": 38780.088718702471, "tot_exit": 35824.344672620296, "easting": 534644.6261, "northing": 181850.3379, "lon": -0.060768713947413497, "lat": 51.519532097334128, "coord_source": "underground_stations_csv", "catchment_area_m2": 894508.76927905774, "station_in_lnwc_extent": true }, "geometry": { "type": "Polygon", "coordinates": [ [ [ -0.054380696218779, 51.522356776439089 ], [ -0.05207456727385, 51.51689415808174 ], [ -0.062926312306829, 51.514490753513542 ], [ -0.06889110237964, 51.520364256417359 ], [ -0.065208248807201, 51.525680274223866 ], [ -0.054380696218779, 51.522356776439089 ] ] ] } },
{ "type": "Feature", "properties": { "NLC": 764, "total_activity": 28168.68094537509, "log_total_activity": 10.246001534763506, "direction_balance": 0.2034564221912287, "post_2300_share": 0.1195859516338936, "midnight_share_common_window": 0.028717863216206702, "night_tube_extension_share": 0.061792806122782103, "post_0100_share": 0.028036949188118901, "common_window_persistence": 0.040893159887856398, "weekend_common_ratio": 0.69583255942773481, "volume_band": "high", "cluster": 2, "Station": "White City", "mode_label": "LU", "tot_entry": 16949.889994183661, "tot_exit": 11218.790951191424, "easting": 523307.8235, "northing": 180748.416200001, "lon": -0.22446214525403541, "lat": 51.5122152625013, "coord_source": "underground_stations_csv", "catchment_area_m2": 1022826.8592767738, "station_in_lnwc_extent": true }, "geometry": { "type": "Polygon", "coordinates": [ [ [ -0.220625326020147, 51.511734628161129 ], [ -0.231812969934304, 51.509902823609671 ], [ -0.237704687366667, 51.510589217439829 ], [ -0.232348243985459, 51.521390483706988 ], [ -0.225294023667632, 51.521393233530304 ], [ -0.220625326020147, 51.511734628161129 ] ] ] } },
{ "type": "Feature", "properties": { "NLC": 765, "total_activity": 24539.743481983885, "log_total_activity": 10.108090014545326, "direction_balance": -0.49209156164484991, "post_2300_share": 0.15723863047291889, "midnight_share_common_window": 0.0437349744389137, "night_tube_extension_share": 0.0686653036410491, "post_0100_share": 0.032499335296561599, "common_window_persistence": 0.068352865408254804, "weekend_common_ratio": 0.7921328146919604, "volume_band": "high", "cluster": 4, "Station": "Willesden Green", "mode_label": "LU", "tot_entry": 6231.9713947852042, "tot_exit": 18307.772087198675, "easting": 523328.566, "northing": 184883.4222, "lon": -0.2227167285540804, "lat": 51.549372414541878, "coord_source": "underground_stations_csv", "catchment_area_m2": 2371776.6324213422, "station_in_lnwc_extent": true }, "geometry": { "type": "Polygon", "coordinates": [ [ [ -0.234013161555936, 51.541201565573992 ], [ -0.234599166374684, 51.541549182465516 ], [ -0.227152771368028, 51.559794284790101 ], [ -0.225679811979585, 51.560000743398092 ], [ -0.223994220919675, 51.560130624507906 ], [ -0.222296319119282, 51.560156873851959 ], [ -0.220602469860612, 51.560079238567717 ], [ -0.218928997252707, 51.559898466958252 ], [ -0.217292028582247, 51.559616301261272 ], [ -0.215707338582352, 51.559235460820133 ], [ -0.214190197135207, 51.558759615820655 ], [ -0.212755221889774, 51.558193351849681 ], [ -0.211416237226474, 51.557542125620159 ], [ -0.210632914824746, 51.557077322707102 ], [ -0.214359585910135, 51.546300237512021 ], [ -0.221756035615519, 51.541936355550405 ], [ -0.233646837640196, 51.541023446256489 ], [ -0.234013161555936, 51.541201565573992 ] ] ] } },
{ "type": "Feature", "properties": { "NLC": 766, "total_activity": 17779.063582529801, "log_total_activity": 9.7858330851317916, "direction_balance": -0.2683602545573045, "post_2300_share": 0.1032376652795922, "midnight_share_common_window": 0.0274145768968409, "night_tube_extension_share": 0.0049684645838070996, "post_0100_share": 0.003000498175203, "common_window_persistence": 0.039575431787684898, "weekend_common_ratio": 0.77465037229030986, "volume_band": "medium", "cluster": 4, "Station": "Willesden Junction", "mode_label": "LO,LU", "tot_entry": 6503.934776865799, "tot_exit": 11275.128805664006, "easting": 521858.4876, "northing": 182959.8201, "lon": -0.24457316031635959, "lat": 51.532403751974151, "coord_source": "underground_stations_csv", "catchment_area_m2": 2212134.5427927286, "station_in_lnwc_extent": true }, "geometry": { "type": "Polygon", "coordinates": [ [ [ -0.234619622467692, 51.541226645136526 ], [ -0.233845320006665, 51.540850156259673 ], [ -0.233102906704881, 51.537558552229804 ], [ -0.23630599964168, 51.523890667326839 ], [ -0.247062314474242, 51.524576737795265 ], [ -0.255154156937293, 51.53001521289081 ], [ -0.245268592133431, 51.542563503852477 ], [ -0.235201203503517, 51.541456081326878 ], [ -0.234619622467692, 51.541226645136526 ] ] ] } },
{ "type": "Feature", "properties": { "NLC": 767, "total_activity": 72663.465698544809, "log_total_activity": 11.193607764092274, "direction_balance": -0.42292629152687988, "post_2300_share": 0.1522216129620185, "midnight_share_common_window": 0.064753856635875504, "night_tube_extension_share": 0.023069055379007799, "post_0100_share": 0.018128129417875199, "common_window_persistence": 0.095247955261088896, "weekend_common_ratio": 0.91178636399340796, "volume_band": "high", "cluster": 0, "Station": "Wimbledon", "mode_label": "LU,TRM", "tot_entry": 20966.087810584297, "tot_exit": 51697.377887960509, "easting": 524800.3804, "northing": 170683.6656, "lon": -0.20651505609221771, "lat": 51.421434967600668, "coord_source": "underground_stations_csv", "catchment_area_m2": 3012650.61037547, "station_in_lnwc_extent": true }, "geometry": { "type": "Polygon", "coordinates": [ [ [ -0.210293385685289, 51.410908994710326 ], [ -0.211925013604016, 51.411191213064498 ], [ -0.213504576231016, 51.411572063973225 ], [ -0.215016869890771, 51.41204788210424 ], [ -0.216447337057847, 51.412614087991088 ], [ -0.217782206296835, 51.413265232023875 ], [ -0.219008624706373, 51.413995046806498 ], [ -0.220114781598783, 51.414796507381823 ], [ -0.221090022228076, 51.415661898749164 ], [ -0.221924950471718, 51.416582890029296 ], [ -0.222611519474558, 51.41755061456827 ], [ -0.223143109376094, 51.418555755212935 ], [ -0.22351459136366, 51.419588633941657 ], [ -0.223722377423163, 51.420639304990864 ], [ -0.223764455294523, 51.421697650583305 ], [ -0.223640408279821, 51.422753478338478 ], [ -0.223351419696884, 51.423796619428238 ], [ -0.222900261918523, 51.424817026532139 ], [ -0.222291270086225, 51.425804870648641 ], [ -0.221530300735559, 51.426750635827467 ], [ -0.220624675717319, 51.427645210908352 ], [ -0.219583111942017, 51.428479977379006 ], [ -0.218415637614388, 51.429246892501368 ], [ -0.217133495757547, 51.429938566901583 ], [ -0.215749035951957, 51.430548335870547 ], [ -0.215450541540864, 51.430654084344376 ], [ -0.191310021965421, 51.425101097105639 ], [ -0.209175625626896, 51.410787792258411 ], [ -0.210293385685289, 51.410908994710326 ] ] ] } },
{ "type": "Feature", "properties": { "NLC": 768, "total_activity": 7042.9579616646633, "log_total_activity": 8.8599255016347254, "direction_balance": -0.43150000484443352, "post_2300_share": 0.13633911448395239, "midnight_share_common_window": 0.049018772599855098, "night_tube_extension_share": 0.0129488979474992, "post_0100_share": 0.0081823633049675996, "common_window_persistence": 0.071833608710566099, "weekend_common_ratio": 0.64965784912455771, "volume_band": "low", "cluster": 0, "Station": "Wimbledon Park", "mode_label": "LU", "tot_entry": 2001.9607835436088, "tot_exit": 5040.9971781210534, "easting": 525282.3792, "northing": 172099.7465, "lon": -0.1990863401084273, "lat": 51.434055248289113, "coord_source": "underground_stations_csv", "catchment_area_m2": 3120235.2612570236, "station_in_lnwc_extent": true }, "geometry": { "type": "Polygon", "coordinates": [ [ [ -0.215719436655915, 51.431177144851368 ], [ -0.216090845951466, 51.432210044350299 ], [ -0.216298511448725, 51.433260725296883 ], [ -0.216340422039873, 51.434319069817811 ], [ -0.216216162629539, 51.435374885541783 ], [ -0.216032381079962, 51.43603767384576 ], [ -0.189705126669932, 51.443095892537848 ], [ -0.189145996339914, 51.442874546498999 ], [ -0.187810689852453, 51.44222307491065 ], [ -0.186584032125352, 51.44149293442932 ], [ -0.185477836919857, 51.440691160270873 ], [ -0.184502755629653, 51.43982547746586 ], [ -0.183668174774402, 51.438904226328177 ], [ -0.182982125758366, 51.437936282006014 ], [ -0.182451207757124, 51.436930968894167 ], [ -0.182080524466075, 51.435897970736505 ], [ -0.181873635308164, 51.434847237288487 ], [ -0.181856352154649, 51.434402338956644 ], [ -0.185394581823137, 51.427749777623177 ], [ -0.190282250626816, 51.425222821963658 ], [ -0.191310021965421, 51.425101097105639 ], [ -0.215441755002993, 51.430652064342219 ], [ -0.215719436655915, 51.431177144851368 ] ] ] } },
{ "type": "Feature", "properties": { "NLC": 769, "total_activity": 16991.560627547427, "log_total_activity": 9.7405309171148193, "direction_balance": -0.59015806209073129, "post_2300_share": 0.16193001370625559, "midnight_share_common_window": 0.051043093600842297, "night_tube_extension_share": 0.055790456387637598, "post_0100_share": 0.027733322178276901, "common_window_persistence": 0.078073117028559805, "weekend_common_ratio": 0.72802443825393137, "volume_band": "medium", "cluster": 4, "Station": "Woodford", "mode_label": "LU", "tot_entry": 3481.9270678484327, "tot_exit": 13509.633559698996, "easting": 540949.981, "northing": 191740.0184, "lon": 0.034011853480110002, "lat": 51.606861120704089, "coord_source": "underground_stations_csv", "catchment_area_m2": 3373876.2363638286, "station_in_lnwc_extent": true }, "geometry": { "type": "Polygon", "coordinates": [ [ [ 0.051197691445903, 51.605504314319482 ], [ 0.05090117462795, 51.604461966152769 ], [ 0.050442031009842, 51.603442733140064 ], [ 0.049824692188272, 51.602456429080348 ], [ 0.049055111866992, 51.601512550102953 ], [ 0.048140708197247, 51.600620183311278 ], [ 0.047090292080985, 51.599787919383374 ], [ 0.045913982137065, 51.599023769965576 ], [ 0.044623107156351, 51.598335090650991 ], [ 0.043230096988704, 51.597728510278685 ], [ 0.042247156780102, 51.597384460683941 ], [ 0.019122027372032, 51.601368619562464 ], [ 0.018514036048858, 51.602041789714427 ], [ 0.017829923430588, 51.603010866677941 ], [ 0.017301612971312, 51.604017031535115 ], [ 0.016934202059187, 51.605050596383542 ], [ 0.01673123965516, 51.60610160882716 ], [ 0.016696198161474, 51.607116325146052 ], [ 0.01672570129157, 51.607411275495238 ], [ 0.016824921785236, 51.608215420855949 ], [ 0.017120687129243, 51.609257862633463 ], [ 0.017579150183504, 51.610277232471951 ], [ 0.018195905505008, 51.611263711314294 ], [ 0.018965021813584, 51.612207796314422 ], [ 0.019879098789736, 51.613100392451486 ], [ 0.020929338086176, 51.613932900233941 ], [ 0.022105627879134, 51.614697298644167 ], [ 0.023396640152149, 51.615386222520435 ], [ 0.024789939779295, 51.615993033625344 ], [ 0.026272104357795, 51.616511884711123 ], [ 0.026409734779094, 51.616549538431208 ], [ 0.05130061138411, 51.607391886710474 ], [ 0.051328715028754, 51.606559740607835 ], [ 0.051197691445903, 51.605504314319482 ] ] ] } },
{ "type": "Feature", "properties": { "NLC": 770, "total_activity": 36556.580393490513, "log_total_activity": 10.506643841580669, "direction_balance": -0.39119321539513818, "post_2300_share": 0.1726763138180874, "midnight_share_common_window": 0.048547176477089997, "night_tube_extension_share": 0.061925260643506397, "post_0100_share": 0.031798218573679697, "common_window_persistence": 0.0769598239745726, "weekend_common_ratio": 0.83274234755233623, "volume_band": "high", "cluster": 4, "Station": "Wood Green", "mode_label": "LU", "tot_entry": 11127.947082755049, "tot_exit": 25428.633310735451, "easting": 531014.9221, "northing": 190428.39650000099, "lon": -0.1098590191239897, "lat": 51.597471465987297, "coord_source": "underground_stations_csv", "catchment_area_m2": 2730914.9475981509, "station_in_lnwc_extent": true }, "geometry": { "type": "Polygon", "coordinates": [ [ [ -0.121187560775518, 51.589311877613177 ], [ -0.122417070653963, 51.590042714554698 ], [ -0.123525698592401, 51.590845089768059 ], [ -0.124502765989171, 51.591711279463915 ], [ -0.125338859050657, 51.592632945090664 ], [ -0.126025919608395, 51.593601213511306 ], [ -0.126557322958977, 51.594606762340995 ], [ -0.126927941968041, 51.595639909628069 ], [ -0.127081495841587, 51.596422218092606 ], [ -0.107118429301686, 51.608110824663605 ], [ -0.106041002597794, 51.607993480902167 ], [ -0.104403053677961, 51.607709731858854 ], [ -0.102817684822435, 51.607327362223373 ], [ -0.101300172442647, 51.606850056925936 ], [ -0.099865137740508, 51.606282415632379 ], [ -0.098526405639616, 51.605629908333199 ], [ -0.097296871461014, 51.604898822537891 ], [ -0.096188376634515, 51.604096202587698 ], [ -0.095211594646355, 51.603229781677008 ], [ -0.094375928322051, 51.602307907242917 ], [ -0.09368941943079, 51.601339460446816 ], [ -0.093158671475752, 51.600333770528316 ], [ -0.092788786404815, 51.599300524861114 ], [ -0.092716402625058, 51.59893033378102 ], [ -0.120116484569431, 51.588789954609773 ], [ -0.121187560775518, 51.589311877613177 ] ] ] } },
{ "type": "Feature", "properties": { "NLC": 771, "total_activity": 11351.904927479907, "log_total_activity": 9.3372289309094327, "direction_balance": -0.45935363759093317, "post_2300_share": 0.1266385938199226, "midnight_share_common_window": 0.036841557740380997, "night_tube_extension_share": 0.043093576899416799, "post_0100_share": 0.021880184021298502, "common_window_persistence": 0.052777351623392997, "weekend_common_ratio": 0.7566740215477078, "volume_band": "medium", "cluster": 0, "Station": "Woodside Park", "mode_label": "LU", "tot_entry": 3068.6830527277866, "tot_exit": 8283.2218747521238, "easting": 525718.4454, "northing": 192588.1262, "lon": -0.18551143635325351, "lat": 51.61808637995582, "coord_source": "underground_stations_csv", "catchment_area_m2": 2750675.2438262133, "station_in_lnwc_extent": true }, "geometry": { "type": "Polygon", "coordinates": [ [ [ -0.168314030224859, 51.616761622311273 ], [ -0.168605610549699, 51.615718674472788 ], [ -0.169059977025338, 51.614698538999086 ], [ -0.169672744006796, 51.613711038409505 ], [ -0.170438001751537, 51.612765680381294 ], [ -0.171348373658286, 51.611871566281351 ], [ -0.171428453316545, 51.611807741803148 ], [ -0.200187603627906, 51.615478003301526 ], [ -0.202822052090575, 51.618021765218778 ], [ -0.202835085749962, 51.618352865275583 ], [ -0.202709905563939, 51.619408627042645 ], [ -0.202419079440303, 51.620451666238893 ], [ -0.2019653973287, 51.621471936513601 ], [ -0.20135321857439, 51.62245961016707 ], [ -0.20058843031467, 51.623405172871351 ], [ -0.199678391108764, 51.624299515393908 ], [ -0.198631860331505, 51.625134021437816 ], [ -0.197458914000664, 51.625900650747909 ], [ -0.196170847841496, 51.626592016677463 ], [ -0.195471085027358, 51.626898657533026 ], [ -0.169238654613209, 51.621772297108649 ], [ -0.168807977010182, 51.620959413294415 ], [ -0.168436211869932, 51.61992639123369 ], [ -0.168228909483655, 51.618875660069598 ], [ -0.168188054983991, 51.617817339674602 ], [ -0.168314030224859, 51.616761622311273 ] ] ] } },
{ "type": "Feature", "properties": { "NLC": 773, "total_activity": 35555.305334906108, "log_total_activity": 10.478872784761585, "direction_balance": -0.12179055256058879, "post_2300_share": 0.096218790688023803, "midnight_share_common_window": 0.0222622946255762, "night_tube_extension_share": 0.0065660382439194998, "post_0100_share": 0.0044364788881552002, "common_window_persistence": 0.032307112726502302, "weekend_common_ratio": 0.76088397648658379, "volume_band": "high", "cluster": 2, "Station": "Hammersmith (H&C)", "mode_label": "LU", "tot_entry": 15612.502525853732, "tot_exit": 19942.802809052391, "easting": 523325.1097, "northing": 178697.98630000101, "lon": -0.2249293587788519, "lat": 51.493783994198509, "coord_source": "underground_stations_csv", "catchment_area_m2": 488896.04159484431, "station_in_lnwc_extent": true }, "geometry": { "type": "Polygon", "coordinates": [ [ [ -0.219347527706376, 51.498412067688108 ], [ -0.217418949060848, 51.495597961433788 ], [ -0.230702146371451, 51.490123069502154 ], [ -0.2300284659753, 51.497542450738116 ], [ -0.219347527706376, 51.498412067688108 ] ] ] } },
{ "type": "Feature", "properties": { "NLC": 774, "total_activity": 14095.212913778791, "log_total_activity": 9.5536614526148664, "direction_balance": -0.5460657737379887, "post_2300_share": 0.1238167261803695, "midnight_share_common_window": 0.026281513028247099, "night_tube_extension_share": 0.0016179354460462, "post_0100_share": 0.00088634274738680005, "common_window_persistence": 0.044166777856239001, "weekend_common_ratio": 1.0485205500782886, "volume_band": "medium", "cluster": 2, "Station": "Edgware Road (Bak)", "mode_label": "LU", "tot_entry": 3199.1497840072439, "tot_exit": 10896.06312977155, "easting": 527046.7044, "northing": 181758.9463, "lon": -0.1702481178612425, "lat": 51.520469201471983, "coord_source": "underground_stations_csv", "catchment_area_m2": 444717.4747838481, "station_in_lnwc_extent": true }, "geometry": { "type": "Polygon", "coordinates": [ [ [ -0.170842626690219, 51.517213453682125 ], [ -0.177388020140642, 51.52095659430708 ], [ -0.173865152314435, 51.527665396344865 ], [ -0.171975443820916, 51.527859970284652 ], [ -0.167813946600523, 51.52210241269254 ], [ -0.170842626690219, 51.517213453682125 ] ] ] } },
{ "type": "Feature", "properties": { "NLC": 775, "total_activity": 14090.518480402172, "log_total_activity": 9.5533283691641717, "direction_balance": -0.1594820240287099, "post_2300_share": 0.12580820583484831, "midnight_share_common_window": 0.033655905071376599, "night_tube_extension_share": 0.0097689739527130007, "post_0100_share": 0.0067441010787799996, "common_window_persistence": 0.052535923096117397, "weekend_common_ratio": 0.87380646483377111, "volume_band": "medium", "cluster": 2, "Station": "Shepherd's Bush Market", "mode_label": "LU", "tot_entry": 5921.6670367668457, "tot_exit": 8168.8514436353262, "easting": 523197.0859, "northing": 180064.2324, "lon": -0.22629592219219621, "lat": 51.506090541894757, "coord_source": "underground_stations_csv", "catchment_area_m2": 773948.34648511675, "station_in_lnwc_extent": true }, "geometry": { "type": "Polygon", "coordinates": [ [ [ -0.243565617772778, 51.506056403656075 ], [ -0.237704687366667, 51.510589217439829 ], [ -0.231812969934304, 51.509902823609671 ], [ -0.22138784241688, 51.50719053785447 ], [ -0.22333354127854, 51.503937114652388 ], [ -0.242048020340506, 51.50455665327263 ], [ -0.243546699263788, 51.505586036574478 ], [ -0.243565617772778, 51.506056403656075 ] ] ] } },
{ "type": "Feature", "properties": { "NLC": 776, "total_activity": 25640.613898125299, "log_total_activity": 10.151971853598351, "direction_balance": -0.1012658839731717, "post_2300_share": 0.13175799478858441, "midnight_share_common_window": 0.031412473955857903, "night_tube_extension_share": 0.055377379446152702, "post_0100_share": 0.024952402992701898, "common_window_persistence": 0.048146445084708299, "weekend_common_ratio": 0.76317419411620857, "volume_band": "high", "cluster": 4, "Station": "Pimlico", "mode_label": "LU", "tot_entry": 11522.047233058416, "tot_exit": 14118.566665066886, "easting": 529670.6464, "northing": 178332.5964, "lon": -0.1337087125034068, "lat": 51.489081972458365, "coord_source": "underground_stations_csv", "catchment_area_m2": 1142599.5025994468, "station_in_lnwc_extent": true }, "geometry": { "type": "Polygon", "coordinates": [ [ [ -0.131518797946249, 51.484625023365666 ], [ -0.13691073660597, 51.483632218465509 ], [ -0.146274789356925, 51.487314804264308 ], [ -0.145599380574799, 51.489144730125332 ], [ -0.135225296693011, 51.494326347727913 ], [ -0.126948532013975, 51.494301024975776 ], [ -0.12347524714063, 51.493383996292714 ], [ -0.131518797946249, 51.484625023365666 ] ] ] } },
{ "type": "Feature", "properties": { "NLC": 777, "total_activity": 91147.160584330879, "log_total_activity": 11.42024159980808, "direction_balance": -0.13114439453563301, "post_2300_share": 0.1468635860429128, "midnight_share_common_window": 0.0364630978889958, "night_tube_extension_share": 0.056535410543114901, "post_0100_share": 0.028372609654225101, "common_window_persistence": 0.055501446886092903, "weekend_common_ratio": 0.99324854059287737, "volume_band": "high", "cluster": 4, "Station": "Vauxhall LU", "mode_label": "LU", "tot_entry": 39596.860697928307, "tot_exit": 51550.299886402558, "easting": 530336.7953, "northing": 177973.00479999901, "lon": -0.1242521229828271, "lat": 51.485697438105049, "coord_source": "underground_stations_csv", "catchment_area_m2": 937905.19508164364, "station_in_lnwc_extent": true }, "geometry": { "type": "Polygon", "coordinates": [ [ [ -0.116875246265375, 51.49178251547783 ], [ -0.115263197716034, 51.487434934493074 ], [ -0.120877107655317, 51.480718856864044 ], [ -0.131518797946249, 51.484625023365666 ], [ -0.12347524714063, 51.493383996292714 ], [ -0.121562523989537, 51.493452622561193 ], [ -0.116875246265375, 51.49178251547783 ] ] ] } },
{ "type": "Feature", "properties": { "NLC": 778, "total_activity": 108923.27134341258, "log_total_activity": 11.598408161437565, "direction_balance": -0.305312388985161, "post_2300_share": 0.20687499040658111, "midnight_share_common_window": 0.051417421582193902, "night_tube_extension_share": 0.093176542566763096, "post_0100_share": 0.051959991182136699, "common_window_persistence": 0.087879521553218903, "weekend_common_ratio": 1.021861279475202, "volume_band": "high", "cluster": 3, "Station": "Brixton LU", "mode_label": "LU", "tot_entry": 37833.823576738192, "tot_exit": 71089.447766674377, "easting": 531052.3817, "northing": 175428.6555, "lon": -0.1148949328839154, "lat": 51.462667093564662, "coord_source": "underground_stations_csv", "catchment_area_m2": 2823586.2042674809, "station_in_lnwc_extent": true }, "geometry": { "type": "Polygon", "coordinates": [ [ [ -0.099116745389597, 51.458282734629641 ], [ -0.099880764592078, 51.45733780121995 ], [ -0.100789327571256, 51.456444194423852 ], [ -0.101833679657328, 51.455610516887795 ], [ -0.103003760592764, 51.454844793895418 ], [ -0.104288301516666, 51.45415439621344 ], [ -0.105674933502856, 51.453545969244203 ], [ -0.107150306605956, 51.453025369161296 ], [ -0.108700218271798, 51.452597606638527 ], [ -0.110309749881572, 51.452266798709168 ], [ -0.111963410123682, 51.452036129214655 ], [ -0.113645283824203, 51.45190781822 ], [ -0.115339184816399, 51.451883100687354 ], [ -0.117028811392504, 51.451962214611221 ], [ -0.118697902857177, 51.452144398728201 ], [ -0.120330395691834, 51.452427899823647 ], [ -0.121910577842597, 51.452809989565424 ], [ -0.123423239661783, 51.453286990704896 ], [ -0.124853820063664, 51.453854312395407 ], [ -0.125612772647376, 51.454225160394337 ], [ -0.125779243277109, 51.457398064043325 ], [ -0.125705118647492, 51.457603460079561 ], [ -0.120820640747668, 51.466605135953074 ], [ -0.1059487630054, 51.471763494271507 ], [ -0.098716169289481, 51.458928756606355 ], [ -0.099116745389597, 51.458282734629641 ] ] ] } },
{ "type": "Feature", "properties": { "NLC": 779, "total_activity": 13613.953326688041, "log_total_activity": 9.5189239770217817, "direction_balance": -0.4968615796606044, "post_2300_share": 0.19206583906249911, "midnight_share_common_window": 0.0435008198469558, "night_tube_extension_share": 0.10573865781419101, "post_0100_share": 0.0558492665663788, "common_window_persistence": 0.078615033905053505, "weekend_common_ratio": 1.0232625627745415, "volume_band": "medium", "cluster": 3, "Station": "Hatton Cross", "mode_label": "LU", "tot_entry": 3424.8514856820407, "tot_exit": 10189.101841006008, "easting": 509608.3222, "northing": 175362.56179999901, "lon": -0.42346421038625748, "lat": 51.466627846277632, "coord_source": "underground_stations_csv", "catchment_area_m2": 4095734.9649452441, "station_in_lnwc_extent": true }, "geometry": { "type": "Polygon", "coordinates": [ [ [ -0.406316078390806, 51.465338356900176 ], [ -0.406601189421261, 51.464294739066894 ], [ -0.407048675046757, 51.463273600424941 ], [ -0.407654215923108, 51.462284773197197 ], [ -0.408411971906183, 51.461337777878171 ], [ -0.409314638620181, 51.460441731640842 ], [ -0.410353518062545, 51.459605260645063 ], [ -0.411518602555596, 51.458836417088079 ], [ -0.412798671229312, 51.458142601790897 ], [ -0.414181398102142, 51.457530493061277 ], [ -0.415653470718319, 51.457005982512726 ], [ -0.417200718201792, 51.45657411845292 ], [ -0.418808247499405, 51.456239057381495 ], [ -0.420460586510072, 51.456004024059901 ], [ -0.422141832733024, 51.455871280534318 ], [ -0.423835806017226, 51.455842104406649 ], [ -0.425526203956274, 51.455916776560905 ], [ -0.427196758448674, 51.456094578461801 ], [ -0.42880034438505, 51.456368495895532 ], [ -0.438741362780925, 51.467040615752857 ], [ -0.435790689940966, 51.474169345470955 ], [ -0.435413886244827, 51.474418082599726 ], [ -0.434133694338623, 51.475112142015924 ], [ -0.432750692637022, 51.475724482058467 ], [ -0.431278204157304, 51.476249202224537 ], [ -0.429730415756915, 51.476681246151017 ], [ -0.428122241276147, 51.477016450426113 ], [ -0.426469177610113, 51.477251584785087 ], [ -0.424787155107689, 51.477384383298975 ], [ -0.423092383751899, 51.477413566252693 ], [ -0.421401196618599, 51.477338852499926 ], [ -0.419729892137582, 51.47716096217458 ], [ -0.418094576692291, 51.476881609732281 ], [ -0.416511009090808, 51.476503487390389 ], [ -0.41499444842199, 51.476030239127148 ], [ -0.413559506776505, 51.475466425493899 ], [ -0.412220008263694, 51.474817479582427 ], [ -0.410988855692018, 51.47408965457597 ], [ -0.409877906204172, 51.473289963393746 ], [ -0.408897857068535, 51.472426111015686 ], [ -0.408058142727513, 51.471506420143896 ], [ -0.407366844091566, 51.470539750922583 ], [ -0.406830610946565, 51.469535415493894 ], [ -0.406454598212815, 51.468503088217531 ], [ -0.406242416658039, 51.467452712422165 ], [ -0.406196098525212, 51.466394404590218 ], [ -0.406316078390806, 51.465338356900176 ] ] ] } },
{ "type": "Feature", "properties": { "NLC": 780, "total_activity": 57528.452476651117, "log_total_activity": 10.960052312632335, "direction_balance": 0.2514849043646013, "post_2300_share": 0.067487448326581906, "midnight_share_common_window": 0.0080473734024073002, "night_tube_extension_share": 0.030684483164230801, "post_0100_share": 0.0133682634701711, "common_window_persistence": 0.011863208287890999, "weekend_common_ratio": 1.0904427034345074, "volume_band": "high", "cluster": 1, "Station": "Heathrow Terminals 123 LU", "mode_label": "EZL,LU", "tot_entry": 35997.994922992635, "tot_exit": 21530.457553658522, "easting": 507585.6702, "northing": 175839.6403, "lon": -0.45242581148442329, "lat": 51.471303659887951, "coord_source": "underground_stations_csv", "catchment_area_m2": 3834517.5975930961, "station_in_lnwc_extent": true }, "geometry": { "type": "Polygon", "coordinates": [ [ [ -0.462322155044146, 51.462461721493902 ], [ -0.463662018472598, 51.463110099154719 ], [ -0.464893729165774, 51.463837376800257 ], [ -0.466005425571289, 51.464636553912001 ], [ -0.466986399689948, 51.465499937492481 ], [ -0.467827200266696, 51.466419216017982 ], [ -0.468519723962275, 51.467385539355149 ], [ -0.469057293621778, 51.468389603876354 ], [ -0.469434722877598, 51.469421741959074 ], [ -0.469648366453154, 51.470472015010834 ], [ -0.469696155669306, 51.471530309126997 ], [ -0.469577618796142, 51.472586432462379 ], [ -0.469293886037649, 51.473630213380098 ], [ -0.468847679084317, 51.474651598432601 ], [ -0.468243285317448, 51.475640749230493 ], [ -0.467486516897637, 51.476588137264095 ], [ -0.466584655116845, 51.47748463576238 ], [ -0.465546380537397, 51.478321607700259 ], [ -0.464381689580631, 51.479090989103099 ], [ -0.463101798361234, 51.479785366840694 ], [ -0.46171903468933, 51.480398050157092 ], [ -0.460246719279609, 51.480923135241518 ], [ -0.458699037314096, 51.481355562213515 ], [ -0.45709090160128, 51.481691163968819 ], [ -0.455437808658302, 51.481926706410668 ], [ -0.453755689113706, 51.482059919675585 ], [ -0.452060753885227, 51.482089520049549 ], [ -0.450369337629457, 51.482015222361632 ], [ -0.448697740987639, 51.481837742734264 ], [ -0.447062073163887, 51.481558791663765 ], [ -0.445478096368747, 51.481181057498326 ], [ -0.443961073642218, 51.480708180474821 ], [ -0.442525621536341, 51.480144717567143 ], [ -0.441185569088654, 51.479496098487921 ], [ -0.439953824454704, 51.478768573272262 ], [ -0.438842250491191, 51.477969151952635 ], [ -0.437861550491927, 51.47710553691136 ], [ -0.437021165177705, 51.476186048566966 ], [ -0.436329181929475, 51.475219545116111 ], [ -0.435792257133054, 51.47421533710807 ], [ -0.435782602300362, 51.474188881694708 ], [ -0.438741362780925, 51.467040615752857 ], [ -0.461887859381062, 51.462291277615229 ], [ -0.462322155044146, 51.462461721493902 ] ] ] } },
{ "type": "Feature", "properties": { "NLC": 781, "total_activity": 21850.720846844812, "log_total_activity": 9.9920349547152121, "direction_balance": 0.043598396360565402, "post_2300_share": 0.033754287946583202, "midnight_share_common_window": 0.0044950508380639, "night_tube_extension_share": 0.00075954194930170004, "post_0100_share": 0.00094681805442529997, "common_window_persistence": 0.0057651917657312998, "weekend_common_ratio": 1.268304275512153, "volume_band": "high", "cluster": 1, "Station": "Heathrow Terminal 4 LU", "mode_label": "EZL,LU", "tot_entry": 11401.688617544813, "tot_exit": 10449.032229300004, "easting": 508081.9464, "northing": 174430.16259999899, "lon": -0.4457139637605832, "lat": 51.458540506400247, "coord_source": "underground_stations_csv", "catchment_area_m2": 3614770.1158781471, "station_in_lnwc_extent": true }, "geometry": { "type": "Polygon", "coordinates": [ [ [ -0.428852710254223, 51.45621061235105 ], [ -0.429299618050808, 51.455189382522327 ], [ -0.429904569695422, 51.454200434049731 ], [ -0.430661730716291, 51.453253288598795 ], [ -0.431563802463178, 51.452357064791258 ], [ -0.432602092657315, 51.451520390499496 ], [ -0.433766599288146, 51.45075131988051 ], [ -0.435046107041825, 51.450057255943193 ], [ -0.436428295328866, 51.44944487939037 ], [ -0.437899856869906, 51.448920084414574 ], [ -0.439446625700186, 51.448487922061787 ], [ -0.441053713365845, 51.448152551702691 ], [ -0.442705652009195, 51.447917201075121 ], [ -0.444386542976479, 51.447784135278347 ], [ -0.446080209530572, 51.447754635014739 ], [ -0.447770352213292, 51.447828984286375 ], [ -0.449440705377493, 51.448006467663895 ], [ -0.451075193398384, 51.44828537715361 ], [ -0.45265808507634, 51.448663028597686 ], [ -0.454174144760144, 51.449135787451482 ], [ -0.455608778749687, 51.44969910369236 ], [ -0.456948175580674, 51.450347555527351 ], [ -0.458179438850319, 51.451074901483267 ], [ -0.459290711312007, 51.451874140382138 ], [ -0.460271289047871, 51.452737578629673 ], [ -0.461111724620494, 51.453656904173812 ], [ -0.461803918207792, 51.454623266426346 ], [ -0.46234119583762, 51.455627361383009 ], [ -0.46271837395993, 51.456659521126284 ], [ -0.462931809723164, 51.457709806853458 ], [ -0.462979436457063, 51.458768104536318 ], [ -0.462860784004825, 51.459824222294223 ], [ -0.462576983692304, 51.460867988543114 ], [ -0.462130757869469, 51.46188934997631 ], [ -0.46188479396771, 51.462291906964879 ], [ -0.438741362780925, 51.467040615752857 ], [ -0.428807554589305, 51.456376238455292 ], [ -0.428852710254223, 51.45621061235105 ] ] ] } },
{ "type": "Feature", "properties": { "NLC": 783, "total_activity": 38883.861839361205, "log_total_activity": 10.568360298065285, "direction_balance": 0.35973975110968559, "post_2300_share": 0.090622342606201597, "midnight_share_common_window": 0.011417625025299499, "night_tube_extension_share": 0.025066038055263001, "post_0100_share": 0.0107604949109929, "common_window_persistence": 0.018074701709825398, "weekend_common_ratio": 1.1268206975554489, "volume_band": "high", "cluster": 1, "Station": "Heathrow Terminal 5 LU", "mode_label": "EZL,LU", "tot_entry": 26435.966309818185, "tot_exit": 12447.895529542997, "easting": 505109.3841, "northing": 175923.8204, "lon": -0.48803963963122932, "lat": 51.472525218798303, "coord_source": "underground_stations_csv", "catchment_area_m2": 4516629.8263861686, "station_in_lnwc_extent": true }, "geometry": { "type": "Polygon", "coordinates": [ [ [ -0.470887279996291, 51.471245143024113 ], [ -0.471170960512166, 51.470201357414368 ], [ -0.471617070228613, 51.469179961978249 ], [ -0.472221303035028, 51.468190791420064 ], [ -0.472977831363795, 51.467243369547973 ], [ -0.47387936263826, 51.466346817648365 ], [ -0.474917209764916, 51.465509766754664 ], [ -0.476081374980982, 51.464740274650538 ], [ -0.477360646242715, 51.464045748402675 ], [ -0.478742705222263, 51.463432873163327 ], [ -0.48021424587226, 51.462907547923756 ], [ -0.481761102418944, 51.462474828831581 ], [ -0.483368385557009, 51.462138880613352 ], [ -0.485020625543333, 51.461902936565529 ], [ -0.486701920823008, 51.461769267495427 ], [ -0.488396090769943, 51.461739159908262 ], [ -0.490086831086443, 51.461812903648166 ], [ -0.49175787038159, 51.461989789110902 ], [ -0.493393126437419, 51.462268114055277 ], [ -0.49497686067467, 51.462645199948092 ], [ -0.496493829346443, 51.463117417687442 ], [ -0.497929430018155, 51.463680222459359 ], [ -0.499269841935608, 51.46432819739524 ], [ -0.500502158939393, 51.465055105614866 ], [ -0.501614513652776, 51.465853950157339 ], [ -0.502596191751148, 51.466717041228996 ], [ -0.503437735213333, 51.467636070125238 ], [ -0.504131033557886, 51.468602189119771 ], [ -0.504669402179968, 51.469606096556873 ], [ -0.505047647025632, 51.470638126331501 ], [ -0.50526211496927, 51.471688340899419 ], [ -0.505310729395399, 51.472746626924796 ], [ -0.505193010626774, 51.473802792646062 ], [ -0.504910080985602, 51.47484666602373 ], [ -0.50446465442216, 51.475868192725109 ], [ -0.503861010793873, 51.476857533001414 ], [ -0.503104955026569, 51.477805156522344 ], [ -0.502203761536631, 51.47870193425225 ], [ -0.501166104436687, 51.479539226479211 ], [ -0.500001974186896, 51.480308966145166 ], [ -0.498722581487255, 51.481003736669884 ], [ -0.497340249332399, 51.481616843513628 ], [ -0.495868294267667, 51.482142378784701 ], [ -0.494320897992538, 51.482575278264086 ], [ -0.492712970553782, 51.48291137029306 ], [ -0.491060006454636, 51.483147416048624 ], [ -0.489377935077264, 51.483281140814853 ], [ -0.48768296687276, 51.483311255946184 ], [ -0.48599143681542, 51.483237471308549 ], [ -0.484319646645465, 51.483060498077862 ], [ -0.482683707436566, 51.482782041868212 ], [ -0.481099384021175, 51.482404786257241 ], [ -0.479581942787978, 51.481932366868989 ], [ -0.478146004331826, 51.481369336266809 ], [ -0.47680540238778, 51.480721119997646 ], [ -0.475573050417856, 51.479993964216156 ], [ -0.474460817142509, 51.479194875396864 ], [ -0.473479412219548, 51.478331552720853 ], [ -0.472638283172163, 51.477412313793138 ], [ -0.471945524556067, 51.476446014411422 ], [ -0.471407800234637, 51.475441963163568 ], [ -0.47103027950171, 51.474409831681264 ], [ -0.470816587655651, 51.47335956141719 ], [ -0.470768771486955, 51.472301267847655 ], [ -0.470887279996291, 51.471245143024113 ] ] ] } },
{ "type": "Feature", "properties": { "NLC": 784, "total_activity": 30962.127359151928, "log_total_activity": 10.340552335494708, "direction_balance": 0.092132961311313197, "post_2300_share": 0.10650433324462701, "midnight_share_common_window": 0.021540414358808602, "night_tube_extension_share": 0.0340532747978778, "post_0100_share": 0.014826005338014, "common_window_persistence": 0.032460154657339299, "weekend_common_ratio": 0.6696701087630812, "volume_band": "high", "cluster": 2, "Station": "Southwark", "mode_label": "LU", "tot_entry": 16907.379920624317, "tot_exit": 14054.747438527607, "easting": 531592.3412, "northing": 180073.990499999, "lon": -0.1053973366341109, "lat": 51.504287579539543, "coord_source": "underground_stations_csv", "catchment_area_m2": 637867.9408261606, "station_in_lnwc_extent": true }, "geometry": { "type": "Polygon", "coordinates": [ [ [ -0.108479875540838, 51.508328224232606 ], [ -0.09864472469279, 51.507405417060951 ], [ -0.097806846049639, 51.506916039390852 ], [ -0.097613090118216, 51.505387439814044 ], [ -0.100797352789919, 51.500546721433096 ], [ -0.105046213951654, 51.499721906378447 ], [ -0.109423019399804, 51.501862126090202 ], [ -0.110725101052163, 51.507172208427598 ], [ -0.108479875540838, 51.508328224232606 ] ] ] } },
{ "type": "Feature", "properties": { "NLC": 787, "total_activity": 31920.316148519789, "log_total_activity": 10.371029283436751, "direction_balance": -0.20805276770853229, "post_2300_share": 0.16007011406422819, "midnight_share_common_window": 0.0405382682345908, "night_tube_extension_share": 0.060822472105781601, "post_0100_share": 0.030762077335042999, "common_window_persistence": 0.064667158261503904, "weekend_common_ratio": 0.90431035100918555, "volume_band": "high", "cluster": 4, "Station": "Bermondsey", "mode_label": "LU", "tot_entry": 12639.603013844438, "tot_exit": 19280.713134675345, "easting": 534459.7378, "northing": 179416.223200001, "lon": -0.064359176466292994, "lat": 51.497702381206572, "coord_source": "underground_stations_csv", "catchment_area_m2": 2322143.5570092034, "station_in_lnwc_extent": true }, "geometry": { "type": "Polygon", "coordinates": [ [ [ -0.063120699523303, 51.486942743934669 ], [ -0.064815906929754, 51.486918770641928 ], [ -0.06650671985915, 51.486998625096057 ], [ -0.06817686621044, 51.487181538910562 ], [ -0.069810272320291, 51.487465751852497 ], [ -0.071391217348187, 51.487848528743399 ], [ -0.07290448430221, 51.488326185725967 ], [ -0.074335506265419, 51.48889412564575 ], [ -0.075670506426924, 51.489546882211386 ], [ -0.076896630578937, 51.490278172511978 ], [ -0.07800207081072, 51.491080957390942 ], [ -0.078976179212048, 51.49194750909983 ], [ -0.079809570491665, 51.492869485586084 ], [ -0.080494212519689, 51.493838010704117 ], [ -0.080542270344595, 51.493929331099629 ], [ -0.07910760277556, 51.498568045531592 ], [ -0.077108389564548, 51.501243108566484 ], [ -0.071674538676701, 51.503346766370562 ], [ -0.067413726308527, 51.504575664185737 ], [ -0.059026361157263, 51.500479758833357 ], [ -0.057163410758392, 51.497561593561862 ], [ -0.057038204711647, 51.494354159079279 ], [ -0.061886296494154, 51.487036297258079 ], [ -0.063120699523303, 51.486942743934669 ] ] ] } },
{ "type": "Feature", "properties": { "NLC": 788, "total_activity": 45061.056426159113, "log_total_activity": 10.715795850453956, "direction_balance": -0.31434571262293531, "post_2300_share": 0.1634026415747023, "midnight_share_common_window": 0.0430352101503527, "night_tube_extension_share": 0.075686489862761899, "post_0100_share": 0.038402971143212603, "common_window_persistence": 0.0690587138979325, "weekend_common_ratio": 0.9436510400951228, "volume_band": "high", "cluster": 4, "Station": "Canada Water", "mode_label": "LO,LU", "tot_entry": 15448.153266167918, "tot_exit": 29612.903159991201, "easting": 535456.6419, "northing": 179467.0078, "lon": -0.049987164956990703, "lat": 51.497920963447051, "coord_source": "underground_stations_csv", "catchment_area_m2": 741672.9422467706, "station_in_lnwc_extent": true }, "geometry": { "type": "Polygon", "coordinates": [ [ [ -0.057038204711647, 51.494354159079279 ], [ -0.057163410758392, 51.497561593561862 ], [ -0.037815454084034, 51.503169771541913 ], [ -0.037360172700103, 51.503051169755217 ], [ -0.036510222607532, 51.502340708684528 ], [ -0.03454181189424, 51.498155893450665 ], [ -0.057038204711647, 51.494354159079279 ] ] ] } },
{ "type": "Feature", "properties": { "NLC": 789, "total_activity": 130959.76297984402, "log_total_activity": 11.78265303808061, "direction_balance": 0.0237887672837853, "post_2300_share": 0.217908002933971, "midnight_share_common_window": 0.044846083263440799, "night_tube_extension_share": 0.050938549162524702, "post_0100_share": 0.029838566607862799, "common_window_persistence": 0.080267766929148304, "weekend_common_ratio": 1.222234977134641, "volume_band": "high", "cluster": 1, "Station": "North Greenwich", "mode_label": "LU", "tot_entry": 67037.567152455595, "tot_exit": 63922.195827388401, "easting": 539215.8219, "northing": 179859.37439999901, "lon": 0.0042875767123523, "lat": 51.500534312056338, "coord_source": "underground_stations_csv", "catchment_area_m2": 2002919.4874138043, "station_in_lnwc_extent": true }, "geometry": { "type": "Polygon", "coordinates": [ [ [ 0.016167680876382, 51.492700088432564 ], [ 0.014880297222601, 51.492011032634174 ], [ 0.013490956534018, 51.491404049351857 ], [ 0.012013034787291, 51.490884980857842 ], [ 0.010460759026296, 51.490458823081767 ], [ 0.008849070584242, 51.490129677611684 ], [ 0.007193481495098, 51.489900712291231 ], [ 0.006942336414061, 51.489881831031887 ], [ -0.00218913411854, 51.493885069089394 ], [ -0.005950011260628, 51.499521536691034 ], [ -0.006063587928447, 51.501565608800988 ], [ -0.000944731002688, 51.504480349293956 ], [ 0.008106035262908, 51.507032226702933 ], [ 0.012753845537121, 51.504065931308048 ], [ 0.016369263739269, 51.492831468168561 ], [ 0.016167680876382, 51.492700088432564 ] ] ] } },
{ "type": "Feature", "properties": { "NLC": 831, "total_activity": 17140.893705462157, "log_total_activity": 9.7492806706148567, "direction_balance": -0.31829415046697201, "post_2300_share": 0.1175461163188999, "midnight_share_common_window": 0.0314923429118441, "night_tube_extension_share": 0.0064745550368988996, "post_0100_share": 0.0033404405829915002, "common_window_persistence": 0.050158841160075497, "weekend_common_ratio": 0.8318326746424316, "volume_band": "medium", "cluster": 4, "Station": "Nine Elms", "mode_label": "LU", "tot_entry": 5842.5237526187038, "tot_exit": 11298.36995284345, "easting": 529989.2567, "northing": 177345.62879999899, "lon": -0.12948529538068779, "lat": 51.480139315742143, "coord_source": "underground_stations_csv", "catchment_area_m2": 895406.85371720558, "station_in_lnwc_extent": true }, "geometry": { "type": "Polygon", "coordinates": [ [ [ -0.131490888743235, 51.474403372261015 ], [ -0.135979039378105, 51.476012046480513 ], [ -0.13691073660597, 51.483632218465509 ], [ -0.131518797946249, 51.484625023365666 ], [ -0.120877107655317, 51.480718856864044 ], [ -0.120141578374927, 51.477834488133873 ], [ -0.131490888743235, 51.474403372261015 ] ] ] } },
{ "type": "Feature", "properties": { "NLC": 832, "total_activity": 39181.235827682605, "log_total_activity": 10.575978755405901, "direction_balance": 0.052548962482453498, "post_2300_share": 0.099364484061047698, "midnight_share_common_window": 0.025564657090323899, "night_tube_extension_share": 0.0050554284068813002, "post_0100_share": 0.0028433665599734998, "common_window_persistence": 0.037925158912468303, "weekend_common_ratio": 1.0378741100890445, "volume_band": "high", "cluster": 2, "Station": "Battersea Power Station", "mode_label": "LU", "tot_entry": 20620.084559603834, "tot_exit": 18561.151268078778, "easting": 529024.8784, "northing": 177247.2655, "lon": -0.14340082383987421, "lat": 51.479475938064823, "coord_source": "underground_stations_csv", "catchment_area_m2": 2042754.1761687109, "station_in_lnwc_extent": true }, "geometry": { "type": "Polygon", "coordinates": [ [ [ -0.155920577014842, 51.472043078946207 ], [ -0.157026991238417, 51.472845130362103 ], [ -0.158002234704489, 51.473711038918481 ], [ -0.158836911225397, 51.474632468758855 ], [ -0.15952297632788, 51.475600549006835 ], [ -0.160053814959039, 51.476605959082214 ], [ -0.160424305494958, 51.477639018364904 ], [ -0.160630869423977, 51.478689779346524 ], [ -0.160671506212402, 51.479748123375707 ], [ -0.16054581300137, 51.480803858077394 ], [ -0.160259148302604, 51.481831899460133 ], [ -0.146274789356925, 51.487314804264308 ], [ -0.13691073660597, 51.483632218465509 ], [ -0.135979039378105, 51.476012046480513 ], [ -0.155523260169845, 51.471806533113309 ], [ -0.155920577014842, 51.472043078946207 ] ] ] } },
{ "type": "Feature", "properties": { "NLC": 850, "total_activity": 6761.1856250836654, "log_total_activity": 8.819101434101297, "direction_balance": -0.18293920494645799, "post_2300_share": 0.2006929899882573, "midnight_share_common_window": 0.091716945910020095, "night_tube_extension_share": 0.024411206897442, "post_0100_share": 0.017448984103458701, "common_window_persistence": 0.1540910680989393, "weekend_common_ratio": 0.88400318625526764, "volume_band": "low", "cluster": 3, "Station": "All Saints", "mode_label": "DLR", "tot_entry": 2762.1498511677187, "tot_exit": 3999.0357739159472, "easting": 537983.0, "northing": 181009.0, "lon": -0.01301, "lat": 51.511165, "coord_source": "naptan_rse_tmu", "catchment_area_m2": 340941.92717899341, "station_in_lnwc_extent": true }, "geometry": { "type": "Polygon", "coordinates": [ [ [ -0.02020414190025, 51.512028925054643 ], [ -0.020321362080157, 51.512320275548582 ], [ -0.006185189447092, 51.514058293319984 ], [ -0.007023050493611, 51.511898128491559 ], [ -0.012265468316656, 51.507747183928899 ], [ -0.02020414190025, 51.512028925054643 ] ] ] } },
{ "type": "Feature", "properties": { "NLC": 851, "total_activity": 12565.711321365899, "log_total_activity": 9.4388066381860192, "direction_balance": 0.060447406449895297, "post_2300_share": 0.1496227686976549, "midnight_share_common_window": 0.062306756929693903, "night_tube_extension_share": 0.010668595436836001, "post_0100_share": 0.0060034833325065002, "common_window_persistence": 0.1047495913181785, "weekend_common_ratio": 0.88379224357669572, "volume_band": "medium", "cluster": 3, "Station": "Bow Church", "mode_label": "DLR", "tot_entry": 6662.6379904702799, "tot_exit": 5903.0733308956214, "easting": 537383.0, "northing": 182845.0, "lon": -0.02094, "lat": 51.52781, "coord_source": "naptan_rse_tmu", "catchment_area_m2": 513395.71982628369, "station_in_lnwc_extent": true }, "geometry": { "type": "Polygon", "coordinates": [ [ [ -0.021575775793455, 51.524627001615613 ], [ -0.027330351930921, 51.535133839642342 ], [ -0.02591478907088, 51.535286329239867 ], [ -0.013716999247214, 51.529285934137519 ], [ -0.016464523533562, 51.525965833507229 ], [ -0.021575775793455, 51.524627001615613 ] ] ] } },
{ "type": "Feature", "properties": { "NLC": 852, "total_activity": 242131.60092148531, "log_total_activity": 12.397240792767869, "direction_balance": 0.1417028172737734, "post_2300_share": 0.1187485797081794, "midnight_share_common_window": 0.031331903682782603, "night_tube_extension_share": 0.028060726377963901, "post_0100_share": 0.013098994188938401, "common_window_persistence": 0.0463628206327871, "weekend_common_ratio": 0.73308444632329361, "volume_band": "high", "cluster": 2, "Station": "Canary Wharf LU", "mode_label": "DLR,EZL,LU", "tot_entry": 138221.16546153431, "tot_exit": 103910.43545995098, "easting": 537677.3398, "northing": 180139.73179999899, "lon": -0.017753639711347899, "lat": 51.503430115405727, "coord_source": "underground_stations_csv", "catchment_area_m2": 239221.3985114168, "station_in_lnwc_extent": true }, "geometry": { "type": "Polygon", "coordinates": [ [ [ -0.019907490813513, 51.505225103601646 ], [ -0.018625524745377, 51.505568655376109 ], [ -0.012075255271901, 51.505593733790775 ], [ -0.009339411998377, 51.503082207250863 ], [ -0.019191356195859, 51.50138446562881 ], [ -0.019907490813513, 51.505225103601646 ] ] ] } },
{ "type": "Feature", "properties": { "NLC": 853, "total_activity": 14900.748084215091, "log_total_activity": 9.6092338061402316, "direction_balance": 0.24393067006852859, "post_2300_share": 0.16578152350699329, "midnight_share_common_window": 0.067915100932119499, "night_tube_extension_share": 0.011286680736435, "post_0100_share": 0.0068493779592691002, "common_window_persistence": 0.1103287364613554, "weekend_common_ratio": 0.9006071462644909, "volume_band": "medium", "cluster": 3, "Station": "Langdon Park", "mode_label": "DLR", "tot_entry": 9267.7487744600094, "tot_exit": 5632.9993097550832, "easting": 537884.5, "northing": 181446.0, "lon": -0.01426, "lat": 51.51512, "coord_source": "naptan_rse_tmu", "catchment_area_m2": 840456.49527343083, "station_in_lnwc_extent": true }, "geometry": { "type": "Polygon", "coordinates": [ [ [ -0.02663879482787, 51.517112541421731 ], [ -0.010925538660419, 51.519720294767076 ], [ -0.006046077922285, 51.519168810470454 ], [ -0.00365421045765, 51.516182565822866 ], [ -0.006185189447092, 51.514058293319984 ], [ -0.020321362080157, 51.512320275548582 ], [ -0.02663879482787, 51.517112541421731 ] ] ] } },
{ "type": "Feature", "properties": { "NLC": 854, "total_activity": 12669.889513447695, "log_total_activity": 9.447062477121376, "direction_balance": -0.27536175619029918, "post_2300_share": 0.15446771429935979, "midnight_share_common_window": 0.056696156830074902, "night_tube_extension_share": 0.0077895969924972998, "post_0100_share": 0.0054975503689104, "common_window_persistence": 0.091714906457529999, "weekend_common_ratio": 0.83107411584728275, "volume_band": "medium", "cluster": 4, "Station": "Crossharbour", "mode_label": "DLR", "tot_entry": 4590.543243143843, "tot_exit": 8079.3462703038585, "easting": 537939.5, "northing": 179286.5, "lon": -0.01431, "lat": 51.4957, "coord_source": "naptan_rse_tmu", "catchment_area_m2": 820457.92487961543, "station_in_lnwc_extent": true }, "geometry": { "type": "Polygon", "coordinates": [ [ [ -0.005950011260628, 51.499521536691034 ], [ -0.00218913411854, 51.493885069089394 ], [ -0.006223170475742, 51.493026283771407 ], [ -0.031106007307915, 51.494095743331911 ], [ -0.03117995382856, 51.494537230727552 ], [ -0.028124634999114, 51.495658004889918 ], [ -0.005950011260628, 51.499521536691034 ] ] ] } },
{ "type": "Feature", "properties": { "NLC": 855, "total_activity": 19977.922763178824, "log_total_activity": 9.9024331349922221, "direction_balance": 0.23001735050998059, "post_2300_share": 0.1440711639826755, "midnight_share_common_window": 0.052394276645724602, "night_tube_extension_share": 0.0051963888918813003, "post_0100_share": 0.0028921545418687002, "common_window_persistence": 0.080591606867058699, "weekend_common_ratio": 0.77439347436249839, "volume_band": "high", "cluster": 2, "Station": "Heron Quays", "mode_label": "DLR", "tot_entry": 12286.595812929119, "tot_exit": 7691.3269502497023, "easting": 537429.0, "northing": 180104.0, "lon": -0.02134, "lat": 51.50317, "coord_source": "naptan_rse_tmu", "catchment_area_m2": 899639.52526474488, "station_in_lnwc_extent": true }, "geometry": { "type": "Polygon", "coordinates": [ [ [ -0.03117995382856, 51.494537230727552 ], [ -0.03454181189424, 51.498155893450665 ], [ -0.036510222607532, 51.502340708684528 ], [ -0.02536958179861, 51.505640512108378 ], [ -0.019907490813513, 51.505225103601646 ], [ -0.019191356195859, 51.50138446562881 ], [ -0.028124634999114, 51.495658004889918 ], [ -0.03117995382856, 51.494537230727552 ] ] ] } },
{ "type": "Feature", "properties": { "NLC": 856, "total_activity": 8089.5522933402926, "log_total_activity": 8.9984522763676171, "direction_balance": -0.26402104205661231, "post_2300_share": 0.14260895024438211, "midnight_share_common_window": 0.058665458485475303, "night_tube_extension_share": 0.0084549740746291003, "post_0100_share": 0.0054782952118152999, "common_window_persistence": 0.091501797897875395, "weekend_common_ratio": 0.84399971069573365, "volume_band": "low", "cluster": 4, "Station": "Island Gardens", "mode_label": "DLR", "tot_entry": 2976.8701335405653, "tot_exit": 5112.6821597997287, "easting": 538262.0, "northing": 178419.0, "lon": -0.01001, "lat": 51.48782, "coord_source": "naptan_rse_tmu", "catchment_area_m2": 1271952.1181125813, "station_in_lnwc_extent": true }, "geometry": { "type": "Polygon", "coordinates": [ [ [ 0.007133652009034, 51.486475038169701 ], [ 0.006838987499353, 51.485432539560634 ], [ 0.006382094344163, 51.484413091147012 ], [ 0.00620131005004, 51.484122946159573 ], [ -0.020043211631762, 51.485040625910514 ], [ -0.006223170475742, 51.493026283771407 ], [ -0.00218913411854, 51.493885069089394 ], [ 0.00693707710721, 51.489884137116462 ], [ 0.007023746859314, 51.489639918197994 ], [ 0.007226490160754, 51.488588906021072 ], [ 0.007263239344638, 51.487530548481189 ], [ 0.007133652009034, 51.486475038169701 ] ] ] } },
{ "type": "Feature", "properties": { "NLC": 857, "total_activity": 6566.2346123938541, "log_total_activity": 8.7898481115150293, "direction_balance": -0.36259194683795021, "post_2300_share": 0.15985489776264589, "midnight_share_common_window": 0.066198554251704303, "night_tube_extension_share": 0.0109263623611185, "post_0100_share": 0.0066009222006422003, "common_window_persistence": 0.10679591332485951, "weekend_common_ratio": 0.83243646198080423, "volume_band": "low", "cluster": 4, "Station": "Mudchute", "mode_label": "DLR", "tot_entry": 2092.6854104456165, "tot_exit": 4473.5492019482372, "easting": 537918.0, "northing": 178771.0, "lon": -0.014825, "lat": 51.491075, "coord_source": "naptan_rse_tmu", "catchment_area_m2": 1205938.4422573, "station_in_lnwc_extent": true }, "geometry": { "type": "Polygon", "coordinates": [ [ [ -0.03148778644852, 51.488220402320209 ], [ -0.031855446494805, 51.489253835429977 ], [ -0.031935087206786, 51.489664840529024 ], [ -0.031106007307915, 51.494095743331911 ], [ -0.006223170475742, 51.493026283771407 ], [ -0.020043211631762, 51.485040625910514 ], [ -0.02265259444652, 51.484584793933628 ], [ -0.025204947985591, 51.484579835476794 ], [ -0.030987463426667, 51.487267393796103 ], [ -0.03148778644852, 51.488220402320209 ] ] ] } },
{ "type": "Feature", "properties": { "NLC": 858, "total_activity": 5761.7553274779448, "log_total_activity": 8.6591709947793554, "direction_balance": 0.076799248387837901, "post_2300_share": 0.155755471899852, "midnight_share_common_window": 0.065502203405887402, "night_tube_extension_share": 0.015522000770622799, "post_0100_share": 0.0096006679428334001, "common_window_persistence": 0.10774375651780251, "weekend_common_ratio": 0.76240606363313723, "volume_band": "low", "cluster": 3, "Station": "Poplar", "mode_label": "DLR", "tot_entry": 3102.1269030114372, "tot_exit": 2659.628424466508, "easting": 537661.5, "northing": 180616.0, "lon": -0.017795, "lat": 51.507715, "coord_source": "naptan_rse_tmu", "catchment_area_m2": 229329.68365788003, "station_in_lnwc_extent": true }, "geometry": { "type": "Polygon", "coordinates": [ [ [ -0.012075255271901, 51.505593733790775 ], [ -0.018625524745377, 51.505568655376109 ], [ -0.020280292408194, 51.511861801529335 ], [ -0.02020414190025, 51.512028925054643 ], [ -0.012265468316656, 51.507747183928899 ], [ -0.012075255271901, 51.505593733790775 ] ] ] } },
{ "type": "Feature", "properties": { "NLC": 859, "total_activity": 16324.280188999688, "log_total_activity": 9.7004701171826255, "direction_balance": 0.082375347800582893, "post_2300_share": 0.106562674848543, "midnight_share_common_window": 0.052411615916028803, "night_tube_extension_share": 0.0060695094588344, "post_0100_share": 0.0084474944296671992, "common_window_persistence": 0.097030603588663597, "weekend_common_ratio": 1.3443396941143011, "volume_band": "medium", "cluster": 1, "Station": "Pudding Mill Lane", "mode_label": "DLR", "tot_entry": 8834.4992235813497, "tot_exit": 7489.7809654183384, "easting": 537908.0, "northing": 183549.0, "lon": -0.0131, "lat": 51.53401, "coord_source": "naptan_rse_tmu", "catchment_area_m2": 1112481.2999458807, "station_in_lnwc_extent": true }, "geometry": { "type": "Polygon", "coordinates": [ [ [ -0.013716999247214, 51.529285934137519 ], [ -0.02591478907088, 51.535286329239867 ], [ -0.015760602327086, 51.540411285755468 ], [ -0.012983067466704, 51.539932314746174 ], [ -0.007947063355184, 51.53748788419734 ], [ -0.004621359178721, 51.533387943060227 ], [ -0.005489204523483, 51.529868751105568 ], [ -0.005503711616456, 51.529851631570303 ], [ -0.013716999247214, 51.529285934137519 ] ] ] } },
{ "type": "Feature", "properties": { "NLC": 861, "total_activity": 14881.924742969541, "log_total_activity": 9.6079698443797117, "direction_balance": -0.1260109949236301, "post_2300_share": 0.14317260014341279, "midnight_share_common_window": 0.051930021595933698, "night_tube_extension_share": 0.0052849480544959002, "post_0100_share": 0.0031330347887835999, "common_window_persistence": 0.081852993825025394, "weekend_common_ratio": 0.67100461118753718, "volume_band": "medium", "cluster": 2, "Station": "South Quay", "mode_label": "DLR", "tot_entry": 6503.3192998646773, "tot_exit": 8378.605443104856, "easting": 537790.0, "northing": 179771.0, "lon": -0.016275, "lat": 51.50009, "coord_source": "naptan_rse_tmu", "catchment_area_m2": 539937.05277126306, "station_in_lnwc_extent": true }, "geometry": { "type": "Polygon", "coordinates": [ [ [ -0.019191356195859, 51.50138446562881 ], [ -0.009339411998377, 51.503082207250863 ], [ -0.006063587928447, 51.501565608800988 ], [ -0.005950011260628, 51.499521536691034 ], [ -0.028124634999114, 51.495658004889918 ], [ -0.019191356195859, 51.50138446562881 ] ] ] } },
{ "type": "Feature", "properties": { "NLC": 862, "total_activity": 22226.205220089352, "log_total_activity": 10.009072277961089, "direction_balance": -0.43015520002927082, "post_2300_share": 0.17874360766631761, "midnight_share_common_window": 0.075880196928602803, "night_tube_extension_share": 0.0051094045619008996, "post_0100_share": 0.0032476452870005001, "common_window_persistence": 0.12340502099867839, "weekend_common_ratio": 0.90310938796159557, "volume_band": "high", "cluster": 3, "Station": "Limehouse DLR", "mode_label": "DLR", "tot_entry": 6332.743733875096, "tot_exit": 15893.461486214252, "easting": 536079.5, "northing": 181079.5, "lon": -0.040395, "lat": 51.51226, "coord_source": "naptan_rse_tmu", "catchment_area_m2": 1482815.5215745696, "station_in_lnwc_extent": true }, "geometry": { "type": "Polygon", "coordinates": [ [ [ -0.037360172700103, 51.503051169755217 ], [ -0.037815454084034, 51.503169771541913 ], [ -0.045410121393782, 51.506176059896347 ], [ -0.047751937207837, 51.507979662068387 ], [ -0.048806177131188, 51.515727749543295 ], [ -0.036912125048081, 51.518714235404858 ], [ -0.029539765127726, 51.517247423076128 ], [ -0.037360172700103, 51.503051169755217 ] ] ] } },
{ "type": "Feature", "properties": { "NLC": 864, "total_activity": 9750.6109450582644, "log_total_activity": 9.1851877754779032, "direction_balance": 0.29761457776988332, "post_2300_share": 0.17675491490452311, "midnight_share_common_window": 0.077200728010196798, "night_tube_extension_share": 0.0054388650200695998, "post_0100_share": 0.0038547833790335, "common_window_persistence": 0.1265678942874757, "weekend_common_ratio": 0.86920155430417156, "volume_band": "medium", "cluster": 3, "Station": "Tower Gateway", "mode_label": "DLR", "tot_entry": 6326.2674522350899, "tot_exit": 3424.34349282317, "easting": 533765.5, "northing": 180820.0, "lon": -0.073825, "lat": 51.51048, "coord_source": "naptan_rse_tmu", "catchment_area_m2": 557181.41517850489, "station_in_lnwc_extent": true }, "geometry": { "type": "Polygon", "coordinates": [ [ [ -0.065049852480377, 51.511391210909032 ], [ -0.064559672930424, 51.507823344064846 ], [ -0.067413726308527, 51.504575664185737 ], [ -0.071674538676701, 51.503346766370562 ], [ -0.076196894752005, 51.512219316610782 ], [ -0.072474731693049, 51.512951556359972 ], [ -0.065049852480377, 51.511391210909032 ] ] ] } },
{ "type": "Feature", "properties": { "NLC": 865, "total_activity": 18676.788362273412, "log_total_activity": 9.8350903087495638, "direction_balance": -0.213366056948011, "post_2300_share": 0.18584887052555879, "midnight_share_common_window": 0.076420408789627303, "night_tube_extension_share": 0.0076140070325297999, "post_0100_share": 0.0045927538241513997, "common_window_persistence": 0.13069341252319891, "weekend_common_ratio": 0.88806185337399035, "volume_band": "medium", "cluster": 3, "Station": "Westferry", "mode_label": "DLR", "tot_entry": 7345.8978364813156, "tot_exit": 11330.890525792092, "easting": 537095.5, "northing": 180760.5, "lon": -0.02589, "lat": 51.50915, "coord_source": "naptan_rse_tmu", "catchment_area_m2": 1018268.7804955889, "station_in_lnwc_extent": true }, "geometry": { "type": "Polygon", "coordinates": [ [ [ -0.037360172700103, 51.503051169755217 ], [ -0.029539765127726, 51.517247423076128 ], [ -0.028229757964556, 51.517497150214091 ], [ -0.02663879482787, 51.517112541421731 ], [ -0.020321362080157, 51.512320275548582 ], [ -0.02020414190025, 51.512028925054643 ], [ -0.020280292408194, 51.511861801529335 ], [ -0.02536958179861, 51.505640512108378 ], [ -0.036510222607532, 51.502340708684528 ], [ -0.037360172700103, 51.503051169755217 ] ] ] } },
{ "type": "Feature", "properties": { "NLC": 866, "total_activity": 13223.875920487029, "log_total_activity": 9.4898548744886888, "direction_balance": 0.28477731079288499, "post_2300_share": 0.16601527440850719, "midnight_share_common_window": 0.060813952291934599, "night_tube_extension_share": 0.0058144062760547002, "post_0100_share": 0.0033472251797384998, "common_window_persistence": 0.10009554483277069, "weekend_common_ratio": 1.1237661479317635, "volume_band": "medium", "cluster": 3, "Station": "West India Quay", "mode_label": "DLR", "tot_entry": 8494.8678716910581, "tot_exit": 4729.0080487959749, "easting": 537474.0, "northing": 180580.0, "lon": -0.02051, "lat": 51.50744, "coord_source": "naptan_rse_tmu", "catchment_area_m2": 172724.03655834618, "station_in_lnwc_extent": true }, "geometry": { "type": "Polygon", "coordinates": [ [ [ -0.020280292408194, 51.511861801529335 ], [ -0.018625524745377, 51.505568655376109 ], [ -0.019907490813513, 51.505225103601646 ], [ -0.02536958179861, 51.505640512108378 ], [ -0.020280292408194, 51.511861801529335 ] ] ] } },
{ "type": "Feature", "properties": { "NLC": 867, "total_activity": 9388.1802517685937, "log_total_activity": 9.1473132682602927, "direction_balance": -0.34974338022375712, "post_2300_share": 0.1709588550652546, "midnight_share_common_window": 0.072801166532054498, "night_tube_extension_share": 0.020688911417468599, "post_0100_share": 0.0144185882034611, "common_window_persistence": 0.1175570274596084, "weekend_common_ratio": 0.84824070729387946, "volume_band": "medium", "cluster": 4, "Station": "Devons Road", "mode_label": "DLR", "tot_entry": 3052.3631781825616, "tot_exit": 6335.8170735860367, "easting": 537638.0, "northing": 182281.0, "lon": -0.01748, "lat": 51.52268, "coord_source": "naptan_rse_tmu", "catchment_area_m2": 659326.61065343535, "station_in_lnwc_extent": true }, "geometry": { "type": "Polygon", "coordinates": [ [ [ -0.026876817930809, 51.520854976474432 ], [ -0.021575775793455, 51.524627001615613 ], [ -0.016464523533562, 51.525965833507229 ], [ -0.010925538660419, 51.519720294767076 ], [ -0.02663879482787, 51.517112541421731 ], [ -0.028229757964556, 51.517497150214091 ], [ -0.026876817930809, 51.520854976474432 ] ] ] } },
{ "type": "Feature", "properties": { "NLC": 879, "total_activity": 20555.030090445387, "log_total_activity": 9.9309096119389046, "direction_balance": 0.095171662056902598, "post_2300_share": 0.125626218408004, "midnight_share_common_window": 0.042655461853126901, "night_tube_extension_share": 0.0056060051332946998, "post_0100_share": 0.0037384391029507001, "common_window_persistence": 0.063142623364629502, "weekend_common_ratio": 0.82070316011109923, "volume_band": "high", "cluster": 2, "Station": "Cutty Sark", "mode_label": "DLR", "tot_entry": 11255.64323389136, "tot_exit": 9299.3868565540342, "easting": 538242.0, "northing": 177723.0, "lon": -0.01057, "lat": 51.481575, "coord_source": "naptan_rse_tmu", "catchment_area_m2": 1399424.4234595597, "station_in_lnwc_extent": true }, "geometry": { "type": "Polygon", "coordinates": [ [ [ 0.006571219448591, 51.480225729687589 ], [ 0.006276611989272, 51.479183228038167 ], [ 0.005819797668642, 51.478163775591682 ], [ 0.005205185590103, 51.477177188274815 ], [ 0.004438703149381, 51.47623296496085 ], [ 0.003527738630165, 51.475340196086563 ], [ 0.002481069796226, 51.474507476219671 ], [ 0.001308779177434, 51.473742821414731 ], [ 0.000796941027506, 51.473468639641169 ], [ -0.02265259444652, 51.484584793933628 ], [ -0.020043211631762, 51.485040625910514 ], [ 0.006201405632188, 51.484122942806636 ], [ 0.00646127830744, 51.483390612635922 ], [ 0.006664010850199, 51.482339600533734 ], [ 0.006700772071252, 51.481281242017346 ], [ 0.006571219448591, 51.480225729687589 ] ] ] } },
{ "type": "Feature", "properties": { "NLC": 882, "total_activity": 5679.2090141113204, "log_total_activity": 8.6447433092971924, "direction_balance": -0.16133610795574199, "post_2300_share": 0.17639172436200179, "midnight_share_common_window": 0.072339685867548298, "night_tube_extension_share": 0.0084227654456274, "post_0100_share": 0.0057268518856517002, "common_window_persistence": 0.1192286297597748, "weekend_common_ratio": 0.81083236730125607, "volume_band": "low", "cluster": 3, "Station": "Blackwall", "mode_label": "DLR", "tot_entry": 2381.473767753715, "tot_exit": 3297.7352463576035, "easting": 538426.0, "northing": 180679.0, "lon": -0.006765, "lat": 51.508095, "coord_source": "naptan_rse_tmu", "catchment_area_m2": 502350.24070530041, "station_in_lnwc_extent": true }, "geometry": { "type": "Polygon", "coordinates": [ [ [ -0.007023050493611, 51.511898128491559 ], [ -0.000944731002688, 51.504480349293956 ], [ -0.006063587928447, 51.501565608800988 ], [ -0.009339411998377, 51.503082207250863 ], [ -0.012075255271901, 51.505593733790775 ], [ -0.012265468316656, 51.507747183928899 ], [ -0.007023050493611, 51.511898128491559 ] ] ] } },
{ "type": "Feature", "properties": { "NLC": 883, "total_activity": 12908.621496080965, "log_total_activity": 9.4657281647494607, "direction_balance": -0.20965441951269409, "post_2300_share": 0.14122122465628231, "midnight_share_common_window": 0.0497510268873433, "night_tube_extension_share": 0.0080373293827254999, "post_0100_share": 0.0047016258977990001, "common_window_persistence": 0.076304650364170307, "weekend_common_ratio": 0.65283996991462012, "volume_band": "medium", "cluster": 4, "Station": "East India", "mode_label": "DLR", "tot_entry": 5101.1359748055147, "tot_exit": 7807.4855212754474, "easting": 538736.0, "northing": 180848.33333333331, "lon": -0.0022333333333332999, "lat": 51.509536666666669, "coord_source": "naptan_rse_tmu", "catchment_area_m2": 706955.55558611581, "station_in_lnwc_extent": true }, "geometry": { "type": "Polygon", "coordinates": [ [ [ -0.00365421045765, 51.516182565822866 ], [ -0.001679556967947, 51.515753207518792 ], [ 0.008114391367225, 51.50728350030856 ], [ 0.008106035262908, 51.507032226702933 ], [ -0.000944731002688, 51.504480349293956 ], [ -0.007023050493611, 51.511898128491559 ], [ -0.006185189447092, 51.514058293319984 ], [ -0.00365421045765, 51.516182565822866 ] ] ] } },
{ "type": "Feature", "properties": { "NLC": 884, "total_activity": 58850.2953582345, "log_total_activity": 10.982769123631131, "direction_balance": -0.42876323069089473, "post_2300_share": 0.20443080856240961, "midnight_share_common_window": 0.052802153275938297, "night_tube_extension_share": 0.1250972546431898, "post_0100_share": 0.065355784987089494, "common_window_persistence": 0.087870278879200306, "weekend_common_ratio": 0.93439902017324183, "volume_band": "high", "cluster": 4, "Station": "Canning Town", "mode_label": "DLR,LU", "tot_entry": 16808.726296662255, "tot_exit": 42041.569061572249, "easting": 539428.3256, "northing": 181377.274, "lon": 0.0079466982897017993, "lat": 51.514121718013861, "coord_source": "underground_stations_csv", "catchment_area_m2": 1078408.5023894866, "station_in_lnwc_extent": true }, "geometry": { "type": "Polygon", "coordinates": [ [ [ 0.021608752048425, 51.52073290245913 ], [ 0.022539230127146, 51.519903247793444 ], [ 0.02216615234841, 51.519295528597695 ], [ 0.008114391367225, 51.50728350030856 ], [ -0.001679556967947, 51.515753207518792 ], [ 0.021192784955355, 51.520881638828222 ], [ 0.021487772178538, 51.520820943957574 ], [ 0.021608752048425, 51.52073290245913 ] ] ] } },
{ "type": "Feature", "properties": { "NLC": 886, "total_activity": 10674.14370350297, "log_total_activity": 9.2756732996926807, "direction_balance": -0.047333654529850597, "post_2300_share": 0.12276002989966139, "midnight_share_common_window": 0.036925763193851199, "night_tube_extension_share": 0.0072843889315700999, "post_0100_share": 0.0051556720097463002, "common_window_persistence": 0.056911091344463302, "weekend_common_ratio": 1.1234570836808091, "volume_band": "medium", "cluster": 4, "Station": "Royal Victoria", "mode_label": "DLR", "tot_entry": 5084.4487365196892, "tot_exit": 5589.694966983282, "easting": 540182.5, "northing": 180858.0, "lon": 0.018605, "lat": 51.50927, "coord_source": "naptan_rse_tmu", "catchment_area_m2": 908629.66249619063, "station_in_lnwc_extent": true }, "geometry": { "type": "Polygon", "coordinates": [ [ [ 0.023108729297984, 51.506671065487694 ], [ 0.012753845537121, 51.504065931308048 ], [ 0.008106035262908, 51.507032226702933 ], [ 0.008114391367225, 51.50728350030856 ], [ 0.02216615234841, 51.519295528597695 ], [ 0.023108729297984, 51.506671065487694 ] ] ] } },
{ "type": "Feature", "properties": { "NLC": 887, "total_activity": 47665.836285871083, "log_total_activity": 10.771991179012453, "direction_balance": -0.076837634127937399, "post_2300_share": 0.1017458302170491, "midnight_share_common_window": 0.023594674139054601, "night_tube_extension_share": 0.00063664897340790004, "post_0100_share": 0.00041813330402089998, "common_window_persistence": 0.035780201030150602, "weekend_common_ratio": 0.83784382960477655, "volume_band": "high", "cluster": 4, "Station": "Custom House DLR", "mode_label": "DLR,EZL", "tot_entry": 22001.653098467585, "tot_exit": 25664.183187403487, "easting": 540779.0, "northing": 180902.33333333331, "lon": 0.02721, "lat": 51.50952, "coord_source": "naptan_rse_tmu", "catchment_area_m2": 901329.54859553103, "station_in_lnwc_extent": true }, "geometry": { "type": "Polygon", "coordinates": [ [ [ 0.022650008547852, 51.51992463466113 ], [ 0.024306762122502, 51.520153367838496 ], [ 0.025991485414447, 51.520279665953069 ], [ 0.027687942359584, 51.520302311960847 ], [ 0.029379783613488, 51.520221087741582 ], [ 0.031050704448338, 51.520036776200463 ], [ 0.031320904314267, 51.519989544235131 ], [ 0.030322248444378, 51.506007044248882 ], [ 0.028303741198446, 51.505318215398127 ], [ 0.023108729297984, 51.506671065487694 ], [ 0.02216615234841, 51.519295528597695 ], [ 0.022538382677283, 51.51990186737352 ], [ 0.022650008547852, 51.51992463466113 ] ] ] } },
{ "type": "Feature", "properties": { "NLC": 888, "total_activity": 5300.9714553882868, "log_total_activity": 8.5758340030902858, "direction_balance": -0.23229480979863351, "post_2300_share": 0.1272965393391372, "midnight_share_common_window": 0.034251070706185001, "night_tube_extension_share": 0.0080218180139974993, "post_0100_share": 0.0046949481980777001, "common_window_persistence": 0.054324554143994203, "weekend_common_ratio": 0.80960493189176808, "volume_band": "low", "cluster": 4, "Station": "Prince Regent", "mode_label": "DLR", "tot_entry": 2034.79164970544, "tot_exit": 3266.1798056828461, "easting": 541245.5, "northing": 180894.5, "lon": 0.033925, "lat": 51.509335, "coord_source": "naptan_rse_tmu", "catchment_area_m2": 1083375.4875911709, "station_in_lnwc_extent": true }, "geometry": { "type": "Polygon", "coordinates": [ [ [ 0.03270757753132, 51.520093017296958 ], [ 0.03440402812509, 51.52011556618217 ], [ 0.036095847774943, 51.520034245269549 ], [ 0.0377667319617, 51.519849838396539 ], [ 0.039400578389081, 51.519564122847157 ], [ 0.040981642471821, 51.519179852184045 ], [ 0.042494689339665, 51.518700729654547 ], [ 0.042524688684034, 51.518688789451446 ], [ 0.039017746520808, 51.505738743530621 ], [ 0.030322248444378, 51.506007044248882 ], [ 0.031320875628977, 51.519989142751044 ], [ 0.03270757753132, 51.520093017296958 ] ] ] } },
{ "type": "Feature", "properties": { "NLC": 889, "total_activity": 5378.167243843046, "log_total_activity": 8.5902888537852569, "direction_balance": -0.045116903490851602, "post_2300_share": 0.26941923778711929, "midnight_share_common_window": 0.12505968904986389, "night_tube_extension_share": 0.025815725490444998, "post_0100_share": 0.0148180506099422, "common_window_persistence": 0.23913792448203389, "weekend_common_ratio": 0.87460165415707003, "volume_band": "low", "cluster": 3, "Station": "Star Lane", "mode_label": "DLR", "tot_entry": 2567.760495672459, "tot_exit": 2810.4067481705888, "easting": 539139.5, "northing": 182116.5, "lon": 0.00408, "lat": 51.520835, "coord_source": "naptan_rse_tmu", "catchment_area_m2": 1177269.3851280259, "station_in_lnwc_extent": true }, "geometry": { "type": "Polygon", "coordinates": [ [ [ 0.013801031601181, 51.52445434849907 ], [ 0.021192784955355, 51.520881638828222 ], [ -0.001679556967947, 51.515753207518792 ], [ -0.00365421045765, 51.516182565822866 ], [ -0.006046077922285, 51.519168810470454 ], [ -0.002503144285578, 51.524628471629882 ], [ 0.013801031601181, 51.52445434849907 ] ] ] } },
{ "type": "Feature", "properties": { "NLC": 890, "total_activity": 5553.0061949702167, "log_total_activity": 8.6222747832730757, "direction_balance": -0.3527581981528381, "post_2300_share": 0.12240218586185039, "midnight_share_common_window": 0.034501776712271399, "night_tube_extension_share": 0.0079641850261350997, "post_0100_share": 0.0045263481554477002, "common_window_persistence": 0.053680409643384899, "weekend_common_ratio": 0.94567384803192878, "volume_band": "low", "cluster": 4, "Station": "Royal Albert", "mode_label": "DLR", "tot_entry": 1797.0688676504881, "tot_exit": 3755.9373273197289, "easting": 542068.0, "northing": 180779.0, "lon": 0.04572, "lat": 51.50809, "coord_source": "naptan_rse_tmu", "catchment_area_m2": 868190.94691108225, "station_in_lnwc_extent": true }, "geometry": { "type": "Polygon", "coordinates": [ [ [ 0.042823119873628, 51.518723218113664 ], [ 0.044507833941183, 51.518849250246603 ], [ 0.044974811353842, 51.518855412964747 ], [ 0.047775258186606, 51.516245167575164 ], [ 0.05095902832936, 51.506654046675081 ], [ 0.041163150700204, 51.503901580640566 ], [ 0.039017746520808, 51.505738743530621 ], [ 0.042522796798258, 51.518681805428521 ], [ 0.042823119873628, 51.518723218113664 ] ] ] } },
{ "type": "Feature", "properties": { "NLC": 891, "total_activity": 1609.5520454983136, "log_total_activity": 7.3843322846094228, "direction_balance": -0.38710164105154521, "post_2300_share": 0.1183302714736459, "midnight_share_common_window": 0.037165184121676298, "night_tube_extension_share": 0.0126601141733637, "post_0100_share": 0.0068466201081772001, "common_window_persistence": 0.053603914325421803, "weekend_common_ratio": 0.84197029533640377, "volume_band": "low", "cluster": 0, "Station": "Beckton Park", "mode_label": "DLR", "tot_entry": 493.24590366402282, "tot_exit": 1116.3061418342909, "easting": 542698.0, "northing": 180928.0, "lon": 0.05485, "lat": 51.50927, "coord_source": "naptan_rse_tmu", "catchment_area_m2": 574135.76646696276, "station_in_lnwc_extent": true }, "geometry": { "type": "Polygon", "coordinates": [ [ [ 0.056364895691921, 51.504677513502962 ], [ 0.05095902832936, 51.506654046675081 ], [ 0.047775258186606, 51.516245167575164 ], [ 0.059936359391512, 51.510817962558235 ], [ 0.058294179095425, 51.50545194732463 ], [ 0.056364895691921, 51.504677513502962 ] ] ] } },
{ "type": "Feature", "properties": { "NLC": 893, "total_activity": 4640.8541624493209, "log_total_activity": 8.442869169376042, "direction_balance": 0.025492447368637799, "post_2300_share": 0.092314742489240695, "midnight_share_common_window": 0.028690567458067601, "night_tube_extension_share": 0.0085984438644430006, "post_0100_share": 0.0051527708308249003, "common_window_persistence": 0.040475569191153998, "weekend_common_ratio": 0.47884812073912408, "volume_band": "low", "cluster": 2, "Station": "Cyprus", "mode_label": "DLR", "tot_entry": 2379.5804464655434, "tot_exit": 2261.2737159837784, "easting": 543318.5, "northing": 180827.5, "lon": 0.06375, "lat": 51.50821, "coord_source": "naptan_rse_tmu", "catchment_area_m2": 438767.60924115422, "station_in_lnwc_extent": true }, "geometry": { "type": "Polygon", "coordinates": [ [ [ 0.059936359391512, 51.510817962558235 ], [ 0.067214815979025, 51.512257068835453 ], [ 0.068510779539627, 51.50462086364454 ], [ 0.058294179095425, 51.50545194732463 ], [ 0.059936359391512, 51.510817962558235 ] ] ] } },
{ "type": "Feature", "properties": { "NLC": 894, "total_activity": 8298.4196673992956, "log_total_activity": 9.0239408717497565, "direction_balance": -0.34719471629652032, "post_2300_share": 0.13684094085858761, "midnight_share_common_window": 0.0453514910345355, "night_tube_extension_share": 0.014259440487172899, "post_0100_share": 0.0090076344238525004, "common_window_persistence": 0.072218259305634594, "weekend_common_ratio": 0.80256154656503864, "volume_band": "medium", "cluster": 4, "Station": "Gallions Reach", "mode_label": "DLR", "tot_entry": 2708.6261026335678, "tot_exit": 5589.7935647657287, "easting": 543887.0, "northing": 180904.0, "lon": 0.07196, "lat": 51.50875, "coord_source": "naptan_rse_tmu", "catchment_area_m2": 2376274.753061201, "station_in_lnwc_extent": true }, "geometry": { "type": "Polygon", "coordinates": [ [ [ 0.089112070190293, 51.50739019043948 ], [ 0.088815391848849, 51.506347924286302 ], [ 0.088356455685557, 51.505328822051943 ], [ 0.087739691235417, 51.504342696277369 ], [ 0.0869710466123, 51.503399041378977 ], [ 0.08605793090546, 51.502506942308898 ], [ 0.085009142571955, 51.501674987175733 ], [ 0.083834784524294, 51.500911184662868 ], [ 0.082546166737919, 51.50022288703493 ], [ 0.081851288108516, 51.499919962601354 ], [ 0.076834575688731, 51.500100574861591 ], [ 0.068510779539627, 51.50462086364454 ], [ 0.067214815979025, 51.512257068835453 ], [ 0.076026914803144, 51.519231076602686 ], [ 0.077449757691076, 51.518981757366809 ], [ 0.079030466521672, 51.518596977479106 ], [ 0.080543080588594, 51.518117368674758 ], [ 0.081973025959361, 51.517547552811394 ], [ 0.083306526816728, 51.516893020823552 ], [ 0.084530738306429, 51.516160079715036 ], [ 0.08563387033647, 51.515355791684392 ], [ 0.086605301132098, 51.514487905974526 ], [ 0.087435679452435, 51.513564784108404 ], [ 0.088117014487399, 51.512595319235757 ], [ 0.088642752575357, 51.511588850372561 ], [ 0.089007840011869, 51.5105550723638 ], [ 0.089208771356451, 51.509503942439935 ], [ 0.089243622786148, 51.508445584270362 ], [ 0.089112070190293, 51.50739019043948 ] ] ] } },
{ "type": "Feature", "properties": { "NLC": 895, "total_activity": 7387.3565515161317, "log_total_activity": 8.9076606010528412, "direction_balance": -0.33278109390978988, "post_2300_share": 0.1042145031226533, "midnight_share_common_window": 0.034563840625740402, "night_tube_extension_share": 0.0092799653806433999, "post_0100_share": 0.0060308376709710997, "common_window_persistence": 0.050276598302848398, "weekend_common_ratio": 0.59692445822348439, "volume_band": "low", "cluster": 0, "Station": "Beckton", "mode_label": "DLR", "tot_entry": 2464.4919786004702, "tot_exit": 4922.8645729156606, "easting": 543084.0, "northing": 181501.0, "lon": 0.06064, "lat": 51.51432, "coord_source": "naptan_rse_tmu", "catchment_area_m2": 2235702.0807485459, "station_in_lnwc_extent": true }, "geometry": { "type": "Polygon", "coordinates": [ [ [ 0.045630220385837, 51.519670088840783 ], [ 0.046542907785201, 51.520562505202982 ], [ 0.047591448557206, 51.52139480482635 ], [ 0.048765747211148, 51.522158968708609 ], [ 0.050054494893413, 51.522847633958364 ], [ 0.05144527828665, 51.523454164841333 ], [ 0.05292469923239, 51.523972716821199 ], [ 0.054478503922153, 51.524398292972947 ], [ 0.056091720406787, 51.524726792220953 ], [ 0.057748803090596, 51.524955048932604 ], [ 0.059433782806929, 51.525080863482067 ], [ 0.061130421015959, 51.525103023487333 ], [ 0.062822366623994, 51.525021315514039 ], [ 0.064493313897389, 51.524836527131498 ], [ 0.066127159933151, 51.524550439302082 ], [ 0.067708160152877, 51.524165809177688 ], [ 0.069221080306552, 51.52368634347097 ], [ 0.070651343507934, 51.523116662661025 ], [ 0.071985170873095, 51.52246225638158 ], [ 0.073209714397913, 51.521729430426134 ], [ 0.074313180787915, 51.520925245884882 ], [ 0.075284945044269, 51.520057451005123 ], [ 0.076027931079908, 51.519231880733336 ], [ 0.067214815979025, 51.512257068835453 ], [ 0.059936359391512, 51.510817962558235 ], [ 0.047775258186606, 51.516245167575164 ], [ 0.044970564165114, 51.518859371417854 ], [ 0.045630220385837, 51.519670088840783 ] ] ] } },
{ "type": "Feature", "properties": { "NLC": 897, "total_activity": 12504.289624921736, "log_total_activity": 9.4339070037729602, "direction_balance": -0.19100936058042531, "post_2300_share": 0.14046462818736319, "midnight_share_common_window": 0.047764352044534997, "night_tube_extension_share": 0.0046108094761298001, "post_0100_share": 0.0033124229331062999, "common_window_persistence": 0.071770193735458704, "weekend_common_ratio": 0.85411560887348714, "volume_band": "medium", "cluster": 2, "Station": "Deptford Bridge", "mode_label": "DLR", "tot_entry": 5057.9266295764946, "tot_exit": 7446.3629953452373, "easting": 537433.0, "northing": 176899.0, "lon": -0.022535, "lat": 51.47437, "coord_source": "naptan_rse_tmu", "catchment_area_m2": 719767.09270309366, "station_in_lnwc_extent": true }, "geometry": { "type": "Polygon", "coordinates": [ [ [ -0.030650003761158, 51.469651338526496 ], [ -0.024306712534117, 51.480809476400765 ], [ -0.015134512527201, 51.473416318561675 ], [ -0.027820047235588, 51.467951586911312 ], [ -0.030650003761158, 51.469651338526496 ] ] ] } },
{ "type": "Feature", "properties": { "NLC": 898, "total_activity": 5112.8009856417339, "log_total_activity": 8.539698239497838, "direction_balance": -0.33173618127905219, "post_2300_share": 0.156139114443335, "midnight_share_common_window": 0.061117862134417097, "night_tube_extension_share": 0.0133368874830133, "post_0100_share": 0.0095358558145635999, "common_window_persistence": 0.095117190258643694, "weekend_common_ratio": 0.79739908844591378, "volume_band": "low", "cluster": 4, "Station": "Elverson Road", "mode_label": "DLR", "tot_entry": 1708.3499555125863, "tot_exit": 3404.4510301291475, "easting": 537880.0, "northing": 176287.0, "lon": -0.01634, "lat": 51.46876, "coord_source": "naptan_rse_tmu", "catchment_area_m2": 948196.80259387265, "station_in_lnwc_extent": true }, "geometry": { "type": "Polygon", "coordinates": [ [ [ 0.000201864359449, 51.471834268261844 ], [ -0.02552508707118, 51.463526968019387 ], [ -0.027820047235588, 51.467951586911312 ], [ -0.015134512527201, 51.473416318561675 ], [ -0.000109472578291, 51.472428348720413 ], [ 0.000201864359449, 51.471834268261844 ] ] ] } },
{ "type": "Feature", "properties": { "NLC": 928, "total_activity": 15782.293350555605, "log_total_activity": 9.6667072767151723, "direction_balance": -0.29731424023574099, "post_2300_share": 0.1068634202638381, "midnight_share_common_window": 0.036403326888179197, "night_tube_extension_share": 0.0052718985414832, "post_0100_share": 0.0049988884249368998, "common_window_persistence": 0.053363557009110003, "weekend_common_ratio": 0.73142346931488922, "volume_band": "medium", "cluster": 4, "Station": "Greenwich", "mode_label": "DLR", "tot_entry": 5544.9963969287901, "tot_exit": 10237.296953626812, "easting": 537961.33333333337, "northing": 177331.66666666666, "lon": -0.01476, "lat": 51.478126666666668, "coord_source": "naptan_rse_tmu", "catchment_area_m2": 971375.45228506811, "station_in_lnwc_extent": true }, "geometry": { "type": "Polygon", "coordinates": [ [ [ 0.000246103034265, 51.472785413558597 ], [ -0.000117622407866, 51.472428885144268 ], [ -0.015134512527201, 51.473416318561675 ], [ -0.024306712534117, 51.480809476400765 ], [ -0.025204947985591, 51.484579835476794 ], [ -0.02265259444652, 51.484584793933628 ], [ 0.000799577359312, 51.473467389335667 ], [ 0.000246103034265, 51.472785413558597 ] ] ] } },
{ "type": "Feature", "properties": { "NLC": 940, "total_activity": 25724.660628902599, "log_total_activity": 10.155244240796328, "direction_balance": -0.2280680626989347, "post_2300_share": 0.19748389836015609, "midnight_share_common_window": 0.098407669755488397, "night_tube_extension_share": 0.0146459740841407, "post_0100_share": 0.0127296264036868, "common_window_persistence": 0.15651305596327031, "weekend_common_ratio": 0.78244290795093474, "volume_band": "high", "cluster": 3, "Station": "Lewisham DLR", "mode_label": "DLR", "tot_entry": 9928.8435578406079, "tot_exit": 15795.817071061983, "easting": 538096.33333333337, "northing": 175895.0, "lon": -0.013383333333333299, "lat": 51.465186666666661, "coord_source": "naptan_rse_tmu", "catchment_area_m2": 2663394.2195302732, "station_in_lnwc_extent": true }, "geometry": { "type": "Polygon", "coordinates": [ [ [ 0.003754993753544, 51.463835174135639 ], [ 0.003460566302865, 51.462792660811893 ], [ 0.003003988359575, 51.46177319224067 ], [ 0.002389666742042, 51.460786584505463 ], [ 0.001623526041587, 51.459842336677902 ], [ 0.000712951245398, 51.45894953943278 ], [ -0.000333283639391, 51.45811678761315 ], [ -0.001505100263384, 51.45735209758346 ], [ -0.002791213091948, 51.456662830161541 ], [ -0.004179238102281, 51.456055619867008 ], [ -0.005655811973274, 51.455536311161595 ], [ -0.007206720623212, 51.455109902290658 ], [ -0.008817035863533, 51.454780497261865 ], [ -0.010471258861632, 51.454551266418932 ], [ -0.01215346904276, 51.454424415986438 ], [ -0.013847477010826, 51.454401166876224 ], [ -0.015536980030863, 51.454481742957242 ], [ -0.017205718592251, 51.454665368900756 ], [ -0.018837632561844, 51.454950277621798 ], [ -0.020417015439811, 51.455333727246 ], [ -0.021928665248444, 51.455812027440352 ], [ -0.023358030615105, 51.456380574857342 ], [ -0.02469135065473, 51.45703389735467 ], [ -0.025008516152724, 51.457223461142654 ], [ -0.02552508707118, 51.463526968019387 ], [ 0.000211459441737, 51.471837364908843 ], [ 0.000264947599373, 51.471798421987181 ], [ 0.001237116519416, 51.470931230173491 ], [ 0.002068469227307, 51.47000869655885 ], [ 0.002751005483739, 51.469039708630334 ], [ 0.003278160013088, 51.468033600815922 ], [ 0.00364486542575, 51.467000064491252 ], [ 0.003847600658401, 51.4659490545693 ], [ 0.003884424479591, 51.464890693575754 ], [ 0.003754993753544, 51.463835174135639 ] ] ] } },
{ "type": "Feature", "properties": { "NLC": 1022, "total_activity": 14249.315758208964, "log_total_activity": 9.5645343439221033, "direction_balance": -0.17702555172851919, "post_2300_share": 0.12780762220528341, "midnight_share_common_window": 0.0300036543948431, "night_tube_extension_share": 0.028247862274525901, "post_0100_share": 0.013830329882722699, "common_window_persistence": 0.045703548425292, "weekend_common_ratio": 0.84815306072538499, "volume_band": "medium", "cluster": 4, "Station": "Haggerston", "mode_label": "LO", "tot_entry": 5863.4113871790714, "tot_exit": 8385.9043710298993, "easting": 533561.0, "northing": 183929.0, "lon": -0.07559, "lat": 51.53847, "coord_source": "naptan_rse_tmu", "catchment_area_m2": 1342748.5911140954, "station_in_lnwc_extent": true }, "geometry": { "type": "Polygon", "coordinates": [ [ [ -0.090104802516125, 51.534890650952363 ], [ -0.092230466200636, 51.538341047283929 ], [ -0.085833873632234, 51.542310970298672 ], [ -0.0676273748216, 51.541998554958276 ], [ -0.065548265760923, 51.536438535970952 ], [ -0.067063281206648, 51.534660822600863 ], [ -0.090104802516125, 51.534890650952363 ] ] ] } },
{ "type": "Feature", "properties": { "NLC": 1023, "total_activity": 16113.756692924951, "log_total_activity": 9.6874906959614968, "direction_balance": 0.028990442942991999, "post_2300_share": 0.1237155176756668, "midnight_share_common_window": 0.027270846633737501, "night_tube_extension_share": 0.027610919204758801, "post_0100_share": 0.0137976448428325, "common_window_persistence": 0.041562393436438597, "weekend_common_ratio": 0.85221176913284558, "volume_band": "medium", "cluster": 2, "Station": "Hoxton", "mode_label": "LO", "tot_entry": 8290.4508184642218, "tot_exit": 7823.3058744607288, "easting": 533569.5, "northing": 183101.0, "lon": -0.07578, "lat": 51.531025, "coord_source": "naptan_rse_tmu", "catchment_area_m2": 1105407.1741864923, "station_in_lnwc_extent": true }, "geometry": { "type": "Polygon", "coordinates": [ [ [ -0.09011741753404, 51.53458297395639 ], [ -0.090104802516125, 51.534890650952363 ], [ -0.067063281206648, 51.534660822600863 ], [ -0.065794826770147, 51.527920399338683 ], [ -0.066021653168661, 51.527429065516678 ], [ -0.080562401527799, 51.527165005572193 ], [ -0.09011741753404, 51.53458297395639 ] ] ] } },
{ "type": "Feature", "properties": { "NLC": 1024, "total_activity": 34606.03848189571, "log_total_activity": 10.451812364690138, "direction_balance": 0.29865274492454208, "post_2300_share": 0.1401631339031558, "midnight_share_common_window": 0.031723611242011902, "night_tube_extension_share": 0.041514008142559802, "post_0100_share": 0.0215429893622473, "common_window_persistence": 0.049398145904939898, "weekend_common_ratio": 0.97053166546914216, "volume_band": "high", "cluster": 1, "Station": "Shoreditch High Street", "mode_label": "LO", "tot_entry": 22470.613432739086, "tot_exit": 12135.425049156614, "easting": 533616.0, "northing": 182263.0, "lon": -0.07543, "lat": 51.52348, "coord_source": "naptan_rse_tmu", "catchment_area_m2": 839364.50497033878, "station_in_lnwc_extent": true }, "geometry": { "type": "Polygon", "coordinates": [ [ [ -0.080562401527799, 51.527165005572193 ], [ -0.066021653168661, 51.527429065516678 ], [ -0.065208248807201, 51.525680274223866 ], [ -0.06889110237964, 51.520364256417359 ], [ -0.07556043743776, 51.51898702455339 ], [ -0.076457258855607, 51.519003329880725 ], [ -0.082334201446405, 51.521906970454168 ], [ -0.080562401527799, 51.527165005572193 ] ] ] } },
{ "type": "Feature", "properties": { "NLC": 1039, "total_activity": 7131.2868117706812, "log_total_activity": 8.872387192948791, "direction_balance": -0.21687879890649181, "post_2300_share": 0.1232821168179024, "midnight_share_common_window": 0.0253680833310003, "night_tube_extension_share": 0.021149398647754, "post_0100_share": 0.010036492921489599, "common_window_persistence": 0.039798748897994903, "weekend_common_ratio": 0.89635357930831017, "volume_band": "low", "cluster": 4, "Station": "Rotherhithe", "mode_label": "LO", "tot_entry": 2792.3309466880778, "tot_exit": 4338.9558650826084, "easting": 535302.0, "northing": 179778.0, "lon": -0.05209, "lat": 51.50075, "coord_source": "naptan_rse_tmu", "catchment_area_m2": 583478.0819246131, "station_in_lnwc_extent": true }, "geometry": { "type": "Polygon", "coordinates": [ [ [ -0.057163410758392, 51.497561593561862 ], [ -0.059026361157263, 51.500479758833357 ], [ -0.045410121393782, 51.506176059896347 ], [ -0.037815454084034, 51.503169771541913 ], [ -0.057163410758392, 51.497561593561862 ] ] ] } },
{ "type": "Feature", "properties": { "NLC": 1082, "total_activity": 40721.214563491332, "log_total_activity": 10.614529034900087, "direction_balance": -0.072559685078778996, "post_2300_share": 0.16464247158285189, "midnight_share_common_window": 0.0560789904973166, "night_tube_extension_share": 0.017434819294275899, "post_0100_share": 0.0089104496922033007, "common_window_persistence": 0.091802489503111095, "weekend_common_ratio": 0.89001093739619841, "volume_band": "high", "cluster": 4, "Station": "Shadwell LO", "mode_label": "DLR,LO", "tot_entry": 18883.248029369512, "tot_exit": 21837.966534121835, "easting": 534988.5, "northing": 180957.5, "lon": -0.056155, "lat": 51.511425, "coord_source": "naptan_rse_tmu", "catchment_area_m2": 973385.85242785187, "station_in_lnwc_extent": true }, "geometry": { "type": "Polygon", "coordinates": [ [ [ -0.05207456727385, 51.51689415808174 ], [ -0.048806177131188, 51.515727749543295 ], [ -0.047751937207837, 51.507979662068387 ], [ -0.064559672930424, 51.507823344064846 ], [ -0.065049852480377, 51.511391210909032 ], [ -0.062926312306829, 51.514490753513542 ], [ -0.05207456727385, 51.51689415808174 ] ] ] } },
{ "type": "Feature", "properties": { "NLC": 1083, "total_activity": 19957.453891172659, "log_total_activity": 9.9014080865031566, "direction_balance": -0.3203015654659857, "post_2300_share": 0.14873764204088261, "midnight_share_common_window": 0.036919572907325601, "night_tube_extension_share": 0.044375968558695002, "post_0100_share": 0.021136502950538601, "common_window_persistence": 0.058366360794294803, "weekend_common_ratio": 0.83350811203276631, "volume_band": "high", "cluster": 4, "Station": "Surrey Quays", "mode_label": "LO", "tot_entry": 6782.5250835574161, "tot_exit": 13174.928807615244, "easting": 535603.0, "northing": 178978.5, "lon": -0.048065, "lat": 51.493495, "coord_source": "naptan_rse_tmu", "catchment_area_m2": 2429319.4773158086, "station_in_lnwc_extent": true }, "geometry": { "type": "Polygon", "coordinates": [ [ [ -0.032285484237896, 51.489102676169338 ], [ -0.033051405481746, 51.488158203460124 ], [ -0.033961889626338, 51.487265139735349 ], [ -0.033999928311142, 51.487234853530282 ], [ -0.040336865092185, 51.484926140914915 ], [ -0.050596696869294, 51.483263069694083 ], [ -0.0578077635992, 51.484594570797967 ], [ -0.058046068895005, 51.484689201494277 ], [ -0.059380710134152, 51.485342140255916 ], [ -0.060606457981347, 51.486073597494254 ], [ -0.061711508143038, 51.486876532444541 ], [ -0.061888040509942, 51.487033664316449 ], [ -0.057038204711647, 51.494354159079279 ], [ -0.03454181189424, 51.498155893450665 ], [ -0.03117995382856, 51.494537230727552 ], [ -0.031106007307915, 51.494095743331911 ], [ -0.031934818646075, 51.489666275965511 ], [ -0.032285484237896, 51.489102676169338 ] ] ] } },
{ "type": "Feature", "properties": { "NLC": 1085, "total_activity": 9919.6666351966796, "log_total_activity": 9.2023753991497195, "direction_balance": -0.16142106258912581, "post_2300_share": 0.1377598310792009, "midnight_share_common_window": 0.030443106494169699, "night_tube_extension_share": 0.031698702307655598, "post_0100_share": 0.015255049703034901, "common_window_persistence": 0.048353347454836097, "weekend_common_ratio": 0.90183357167051881, "volume_band": "medium", "cluster": 4, "Station": "Wapping", "mode_label": "LO", "tot_entry": 4159.2117532066677, "tot_exit": 5760.4548819900137, "easting": 535021.0, "northing": 180174.0, "lon": -0.05599, "lat": 51.50438, "coord_source": "naptan_rse_tmu", "catchment_area_m2": 776590.35543860891, "station_in_lnwc_extent": true }, "geometry": { "type": "Polygon", "coordinates": [ [ [ -0.064559672930424, 51.507823344064846 ], [ -0.047751937207837, 51.507979662068387 ], [ -0.045410121393782, 51.506176059896347 ], [ -0.059026361157263, 51.500479758833357 ], [ -0.067413726308527, 51.504575664185737 ], [ -0.064559672930424, 51.507823344064846 ] ] ] } },
{ "type": "Feature", "properties": { "NLC": 1335, "total_activity": 3835.1107865399999, "log_total_activity": 8.2522143163318571, "direction_balance": -0.49124281021349581, "post_2300_share": 0.096983531173440496, "midnight_share_common_window": 0.025150919540194602, "night_tube_extension_share": 0.0, "post_0100_share": 0.0, "common_window_persistence": 0.036709690234335297, "weekend_common_ratio": 0.62653907902638639, "volume_band": "low", "cluster": 0, "Station": "Barking Riverside", "mode_label": "LO", "tot_entry": 975.57009313999959, "tot_exit": 2859.5406934000011, "easting": 546928.5, "northing": 182180.5, "lon": 0.116295, "lat": 51.51944, "coord_source": "naptan_rse_tmu", "catchment_area_m2": 4506305.3285432439, "station_in_lnwc_extent": true }, "geometry": { "type": "Polygon", "coordinates": [ [ [ 0.133441192453587, 51.518071465044997 ], [ 0.133143428690271, 51.51702932536908 ], [ 0.13268339367973, 51.516010411090875 ], [ 0.132065527535661, 51.515024532934504 ], [ 0.131295788974353, 51.514081182925594 ], [ 0.13038159760937, 51.513189443074829 ], [ 0.129331762243048, 51.512357898027155 ], [ 0.128156395855038, 51.511594552513735 ], [ 0.126866818113472, 51.510906754396423 ], [ 0.125475446351197, 51.510301124041135 ], [ 0.123995676057383, 51.509783490694723 ], [ 0.122441752032446, 51.509358836473012 ], [ 0.120828631440929, 51.509031248494445 ], [ 0.119171840072086, 51.508803879616295 ], [ 0.117487323180704, 51.508678918147361 ], [ 0.115791292330707, 51.50865756682623 ], [ 0.114100069701019, 51.508740031265496 ], [ 0.112429931336519, 51.508925517971967 ], [ 0.1107969508367, 51.509212241962274 ], [ 0.109216844970692, 51.509597443901157 ], [ 0.107704822689637, 51.510077416599636 ], [ 0.106275438976179, 51.510647540620731 ], [ 0.104942454926308, 51.511302328653414 ], [ 0.103718705401265, 51.512035478231901 ], [ 0.102615975517227, 51.512839932297453 ], [ 0.101644887158519, 51.513707947024535 ], [ 0.100814796606876, 51.514631166263335 ], [ 0.100133704275524, 51.515600701887095 ], [ 0.099608177423491, 51.516607219275052 ], [ 0.099243286603562, 51.517641027112447 ], [ 0.099042556467593, 51.518692170646268 ], [ 0.099007931416887, 51.519750527501891 ], [ 0.099139756443959, 51.520805905139454 ], [ 0.09943677336684, 51.521848139012867 ], [ 0.099896132509193, 51.522867190486231 ], [ 0.100513419730552, 51.523853243563046 ], [ 0.101282698562304, 51.524796799495626 ], [ 0.102196567058036, 51.525688768359736 ], [ 0.103246228823101, 51.526520556709592 ], [ 0.104421577549253, 51.527284150464048 ], [ 0.105500203011187, 51.527859581086908 ], [ 0.112317567158392, 51.529926146757013 ], [ 0.113408936393394, 51.530075914142884 ], [ 0.115094235505642, 51.530200924890735 ], [ 0.11679106741427, 51.530222277078003 ], [ 0.118483079156113, 51.530139765058827 ], [ 0.120153964361148, 51.529954184154811 ], [ 0.121787620729214, 51.529667322969331 ], [ 0.12336830551794, 51.529281946109961 ], [ 0.124880787528507, 51.528801767487792 ], [ 0.126310494111125, 51.528231414453316 ], [ 0.127643651762132, 51.527576383118472 ], [ 0.128867418948897, 51.526842985298948 ], [ 0.129970009876522, 51.526038287593259 ], [ 0.130940808000703, 51.525170043189895 ], [ 0.131770468193265, 51.52424661706501 ], [ 0.132451006579443, 51.523276905295887 ], [ 0.132975877188009, 51.522270249272466 ], [ 0.133340034685248, 51.521236345637135 ], [ 0.133539982600475, 51.520185152824389 ], [ 0.133573806592685, 51.519126795102622 ], [ 0.133441192453587, 51.518071465044997 ] ] ] } },
{ "type": "Feature", "properties": { "NLC": 1398, "total_activity": 2795.6662982175349, "log_total_activity": 7.9361833790473177, "direction_balance": -0.44025500150973118, "post_2300_share": 0.11535498182776931, "midnight_share_common_window": 0.034516933167597699, "night_tube_extension_share": 0.0020848452860666002, "post_0100_share": 0.0014296792596910999, "common_window_persistence": 0.052101283390821901, "weekend_common_ratio": 0.8865723333479445, "volume_band": "low", "cluster": 2, "Station": "Hatch End", "mode_label": "LO", "tot_entry": 782.430113937535, "tot_exit": 2013.2361842800001, "easting": 513048.0, "northing": 191312.0, "lon": -0.36885, "lat": 51.6093, "coord_source": "naptan_rse_tmu", "catchment_area_m2": 3420304.8242906942, "station_in_lnwc_extent": true }, "geometry": { "type": "Polygon", "coordinates": [ [ [ -0.384308056110948, 51.604428937862188 ], [ -0.385000831148483, 51.605395735107102 ], [ -0.385538113553982, 51.606400157586535 ], [ -0.38591471963164, 51.607432534230519 ], [ -0.386127011934559, 51.608482924144688 ], [ -0.38617293469951, 51.609541212290466 ], [ -0.386052034078099, 51.610597206867752 ], [ -0.385765462952808, 51.611640737464022 ], [ -0.385315970274494, 51.612661753024 ], [ -0.384707875007034, 51.613650418696231 ], [ -0.383947024913999, 51.614597210621433 ], [ -0.38304074056955, 51.615493007747254 ], [ -0.381997745120169, 51.616329179781587 ], [ -0.380828080463479, 51.617097670432862 ], [ -0.379543010644183, 51.617791075131016 ], [ -0.378154913393378, 51.618402712475458 ], [ -0.376677160855075, 51.618926688716378 ], [ -0.375123990651203, 51.619357954643824 ], [ -0.373510368532749, 51.619692354330759 ], [ -0.371851843948695, 51.619926665257147 ], [ -0.370164399935369, 51.620058629424072 ], [ -0.368464298785734, 51.620086975155559 ], [ -0.36676792500053, 51.620011429375971 ], [ -0.365091627050442, 51.619832720243288 ], [ -0.363451559490392, 51.619552570113022 ], [ -0.361863526963484, 51.619173678901511 ], [ -0.360342831613039, 51.618699698010332 ], [ -0.358904125386886, 51.618135195066294 ], [ -0.357561268668929, 51.617485609819845 ], [ -0.356327196609487, 51.616757201631202 ], [ -0.355213794448934, 51.615956989054688 ], [ -0.354231783039261, 51.615092682108326 ], [ -0.353390615666729, 51.614172607886339 ], [ -0.352698387166492, 51.613205630235996 ], [ -0.352581671441552, 51.612987143876516 ], [ -0.37147926967125, 51.600041380478146 ], [ -0.383473335201829, 51.603516580015956 ], [ -0.384308056110948, 51.604428937862188 ] ] ] } },
{ "type": "Feature", "properties": { "NLC": 1404, "total_activity": 5540.5793861093998, "log_total_activity": 8.6200348268569194, "direction_balance": -0.16880899694993229, "post_2300_share": 0.096332118741031106, "midnight_share_common_window": 0.0190728235426737, "night_tube_extension_share": 0.0, "post_0100_share": 0.0, "common_window_persistence": 0.0274168728307564, "weekend_common_ratio": 0.77500999155659045, "volume_band": "low", "cluster": 2, "Station": "Acton Central", "mode_label": "LO", "tot_entry": 2302.6398687094002, "tot_exit": 3237.9395174000001, "easting": 520639.0, "northing": 180301.5, "lon": -0.263055, "lat": 51.50877, "coord_source": "naptan_rse_tmu", "catchment_area_m2": 1703949.0224243717, "station_in_lnwc_extent": true }, "geometry": { "type": "Polygon", "coordinates": [ [ [ -0.2465069104818, 51.505690636056229 ], [ -0.250168423195954, 51.503935714623246 ], [ -0.259248266562783, 51.501759118592396 ], [ -0.271293598916995, 51.505445784554226 ], [ -0.275531849124743, 51.510014882290484 ], [ -0.275473955369918, 51.510750346696987 ], [ -0.275089004842999, 51.51104178032643 ], [ -0.257242226288064, 51.514372960655173 ], [ -0.246444500209582, 51.505831699753813 ], [ -0.2465069104818, 51.505690636056229 ] ] ] } },
{ "type": "Feature", "properties": { "NLC": 1409, "total_activity": 8294.5903379677839, "log_total_activity": 9.0234793680208316, "direction_balance": 0.0097443086562350005, "post_2300_share": 0.087654589295354607, "midnight_share_common_window": 0.016127315227145601, "night_tube_extension_share": 0.0012327659302698, "post_0100_share": 0.00069992720600910001, "common_window_persistence": 0.022912258448475099, "weekend_common_ratio": 0.8622439876036968, "volume_band": "low", "cluster": 2, "Station": "Gospel Oak", "mode_label": "LO", "tot_entry": 4187.7076931989832, "tot_exit": 4106.8826447688016, "easting": 528285.0, "northing": 185645.0, "lon": -0.151, "lat": 51.55511, "coord_source": "naptan_rse_tmu", "catchment_area_m2": 1343791.8128480769, "station_in_lnwc_extent": true }, "geometry": { "type": "Polygon", "coordinates": [ [ [ -0.157212945843518, 51.565179792542736 ], [ -0.155599731741592, 51.565511202155797 ], [ -0.153942146881227, 51.565742444209761 ], [ -0.152256165253811, 51.565871290295263 ], [ -0.152226396723603, 51.565871732416952 ], [ -0.147037257669528, 51.562462455343464 ], [ -0.144089562457033, 51.554175988138631 ], [ -0.148036204815895, 51.550913979123457 ], [ -0.15442317570357, 51.549633506689432 ], [ -0.15505175814729, 51.549669240162167 ], [ -0.158454666199255, 51.553434009131259 ], [ -0.157860118168564, 51.565001312606547 ], [ -0.157212945843518, 51.565179792542736 ] ] ] } },
{ "type": "Feature", "properties": { "NLC": 1413, "total_activity": 9045.7145170258009, "log_total_activity": 9.1101569339874313, "direction_balance": 0.30049203175334382, "post_2300_share": 0.052863114758459701, "midnight_share_common_window": 0.0097414978169296992, "night_tube_extension_share": 0.00065265859644539998, "post_0100_share": 0.00034688945701899997, "common_window_persistence": 0.0125042962373705, "weekend_common_ratio": 0.8122659988747456, "volume_band": "medium", "cluster": 2, "Station": "Hampstead Heath", "mode_label": "LO", "tot_entry": 5881.9398254538009, "tot_exit": 3163.774691571999, "easting": 527263.0, "northing": 185652.0, "lon": -0.16573, "lat": 51.55541, "coord_source": "naptan_rse_tmu", "catchment_area_m2": 1328749.6620261725, "station_in_lnwc_extent": true }, "geometry": { "type": "Polygon", "coordinates": [ [ [ -0.168676371754324, 51.566036272308203 ], [ -0.166990415535322, 51.566165330439233 ], [ -0.165292277120717, 51.566190752191034 ], [ -0.163598322076346, 51.566112292680309 ], [ -0.161924875530237, 51.565930708157026 ], [ -0.160288064513592, 51.565647748696527 ], [ -0.158703662232222, 51.565266141294707 ], [ -0.157860129382883, 51.565001094494285 ], [ -0.158454666199255, 51.553434009131259 ], [ -0.17302788408365, 51.552201877556286 ], [ -0.169771981656902, 51.565883288262619 ], [ -0.168676371754324, 51.566036272308203 ] ] ] } },
{ "type": "Feature", "properties": { "NLC": 1415, "total_activity": 2944.2363644294001, "log_total_activity": 7.9879443524336171, "direction_balance": -0.1224652640482346, "post_2300_share": 0.098591635934566602, "midnight_share_common_window": 0.0133641437303329, "night_tube_extension_share": 0.0, "post_0100_share": 0.0, "common_window_persistence": 0.019929750564507201, "weekend_common_ratio": 0.93291481059949155, "volume_band": "low", "cluster": 2, "Station": "Kilburn High Road", "mode_label": "LO", "tot_entry": 1291.8348403195689, "tot_exit": 1652.4015241098307, "easting": 525448.0, "northing": 183602.0, "lon": -0.19262, "lat": 51.53739, "coord_source": "naptan_rse_tmu", "catchment_area_m2": 662845.48264823179, "station_in_lnwc_extent": true }, "geometry": { "type": "Polygon", "coordinates": [ [ [ -0.183630551285664, 51.53548900579851 ], [ -0.186235592530837, 51.534590624696733 ], [ -0.200587628376384, 51.537786195825703 ], [ -0.201369258078233, 51.538955172930862 ], [ -0.201036725278066, 51.53958672663677 ], [ -0.194833159046031, 51.54244396972944 ], [ -0.187817981280534, 51.541733178404492 ], [ -0.183419808988835, 51.536182156008969 ], [ -0.183630551285664, 51.53548900579851 ] ] ] } },
{ "type": "Feature", "properties": { "NLC": 1429, "total_activity": 27342.537065493289, "log_total_activity": 10.216235475190601, "direction_balance": -0.099233263913623901, "post_2300_share": 0.11984674941534711, "midnight_share_common_window": 0.022668587847114601, "night_tube_extension_share": 0.0, "post_0100_share": 0.0, "common_window_persistence": 0.036256180404818997, "weekend_common_ratio": 1.0825525498820967, "volume_band": "high", "cluster": 2, "Station": "Dalston Kingsland", "mode_label": "LO", "tot_entry": 12314.62393440258, "tot_exit": 15027.913131090711, "easting": 533525.0, "northing": 185013.0, "lon": -0.0757, "lat": 51.54822, "coord_source": "naptan_rse_tmu", "catchment_area_m2": 877971.79975095193, "station_in_lnwc_extent": true }, "geometry": { "type": "Polygon", "coordinates": [ [ [ -0.083983942031248, 51.546418409827311 ], [ -0.083198434855637, 51.556355635927375 ], [ -0.068371259416275, 51.55238628042985 ], [ -0.068196678240192, 51.547511974965403 ], [ -0.083983942031248, 51.546418409827311 ] ] ] } },
{ "type": "Feature", "properties": { "NLC": 1434, "total_activity": 1896.592803514508, "log_total_activity": 7.5483414163818541, "direction_balance": -0.53068669453594997, "post_2300_share": 0.1226258103815327, "midnight_share_common_window": 0.034065463431655701, "night_tube_extension_share": 0.0024899741768197002, "post_0100_share": 0.0018480990283591, "common_window_persistence": 0.050613572722460601, "weekend_common_ratio": 0.76112227112689113, "volume_band": "low", "cluster": 4, "Station": "Headstone Lane", "mode_label": "LO", "tot_entry": 445.0481188683616, "tot_exit": 1451.5446846461473, "easting": 513890.5, "northing": 190580.0, "lon": -0.356925, "lat": 51.60255, "coord_source": "naptan_rse_tmu", "catchment_area_m2": 3019635.4860146032, "station_in_lnwc_extent": true }, "geometry": { "type": "Polygon", "coordinates": [ [ [ -0.351525914352793, 51.612803484065289 ], [ -0.349938219148401, 51.612424434051434 ], [ -0.348417875578825, 51.611950301232973 ], [ -0.346979532197368, 51.611385654700257 ], [ -0.345637045887118, 51.610735935586597 ], [ -0.344403348225264, 51.61000740454103 ], [ -0.343290320841363, 51.609207081300276 ], [ -0.342308680973884, 51.608342676946982 ], [ -0.341467878327814, 51.607422519511971 ], [ -0.340776004223898, 51.606455473642143 ], [ -0.340239713908457, 51.605450855112835 ], [ -0.339864162762966, 51.604418341012021 ], [ -0.339652957016037, 51.603367876465562 ], [ -0.339612685976101, 51.602417364489078 ], [ -0.35153380764308, 51.592720007012502 ], [ -0.365742420793139, 51.594497664565608 ], [ -0.37147926967125, 51.600041380478146 ], [ -0.352585382404651, 51.612984602722975 ], [ -0.351525914352793, 51.612803484065289 ] ] ] } },
{ "type": "Feature", "properties": { "NLC": 1437, "total_activity": 9020.7176808466884, "log_total_activity": 9.1073900251762101, "direction_balance": -0.23375580167153751, "post_2300_share": 0.076669813556804994, "midnight_share_common_window": 0.016007699876606, "night_tube_extension_share": 0.0029260413786820999, "post_0100_share": 0.0016881022915593001, "common_window_persistence": 0.022649798172509599, "weekend_common_ratio": 0.83561535187531111, "volume_band": "medium", "cluster": 2, "Station": "Brondesbury", "mode_label": "LO", "tot_entry": 3456.0362938538774, "tot_exit": 5564.6813869928119, "easting": 524781.0, "northing": 184460.0, "lon": -0.20193, "lat": 51.54525, "coord_source": "naptan_rse_tmu", "catchment_area_m2": 499842.85375222389, "station_in_lnwc_extent": true }, "geometry": { "type": "Polygon", "coordinates": [ [ [ -0.20692619710076, 51.543812380755249 ], [ -0.197361861247114, 51.549884786518383 ], [ -0.194833159046031, 51.54244396972944 ], [ -0.201036725278066, 51.53958672663677 ], [ -0.20692619710076, 51.543812380755249 ] ] ] } },
{ "type": "Feature", "properties": { "NLC": 1438, "total_activity": 4205.3161164932608, "log_total_activity": 8.3443425119008854, "direction_balance": -0.14238668701226009, "post_2300_share": 0.077710057359866094, "midnight_share_common_window": 0.016957903398378601, "night_tube_extension_share": 0.0035805105691524, "post_0100_share": 0.001959208136045, "common_window_persistence": 0.023327586602939401, "weekend_common_ratio": 0.82814308715645124, "volume_band": "low", "cluster": 2, "Station": "Brondesbury Park", "mode_label": "LO", "tot_entry": 1803.2675434132609, "tot_exit": 2402.0485730799987, "easting": 524240.0, "northing": 183966.0, "lon": -0.2099, "lat": 51.54093, "coord_source": "naptan_rse_tmu", "catchment_area_m2": 867136.62299524562, "station_in_lnwc_extent": true }, "geometry": { "type": "Polygon", "coordinates": [ [ [ -0.212542166710586, 51.53635381535387 ], [ -0.221756035615519, 51.541936355550405 ], [ -0.214359585910135, 51.546300237512021 ], [ -0.20692619710076, 51.543812380755249 ], [ -0.201036725278066, 51.53958672663677 ], [ -0.201369258078233, 51.538955172930862 ], [ -0.212542166710586, 51.53635381535387 ] ] ] } },
{ "type": "Feature", "properties": { "NLC": 1439, "total_activity": 8483.481346681936, "log_total_activity": 9.0459940498933964, "direction_balance": 0.0125492268152158, "post_2300_share": 0.098080938626109698, "midnight_share_common_window": 0.0186865006374984, "night_tube_extension_share": 0.0011062111071337001, "post_0100_share": 0.000650510337853, "common_window_persistence": 0.027738462566619101, "weekend_common_ratio": 0.867176971219208, "volume_band": "medium", "cluster": 2, "Station": "Caledonian Road & Barnsbury", "mode_label": "LO", "tot_entry": 4294.9712391420544, "tot_exit": 4188.5101075398861, "easting": 530771.0, "northing": 184379.0, "lon": -0.11563, "lat": 51.54317, "coord_source": "naptan_rse_tmu", "catchment_area_m2": 1336134.7216089098, "station_in_lnwc_extent": true }, "geometry": { "type": "Polygon", "coordinates": [ [ [ -0.104305664763028, 51.539457783748212 ], [ -0.115768530206059, 51.535296096307725 ], [ -0.126404933450273, 51.538124339527798 ], [ -0.127330067842904, 51.543721631994096 ], [ -0.111285289357928, 51.547034530384195 ], [ -0.104305664763028, 51.539457783748212 ] ] ] } },
{ "type": "Feature", "properties": { "NLC": 1440, "total_activity": 17631.743858511109, "log_total_activity": 9.7775128990454618, "direction_balance": 0.1934999313968418, "post_2300_share": 0.096908458888209995, "midnight_share_common_window": 0.018968223708968199, "night_tube_extension_share": 0.0016728192298964, "post_0100_share": 0.00092125455444510001, "common_window_persistence": 0.027947417427922502, "weekend_common_ratio": 0.95018124393405401, "volume_band": "medium", "cluster": 2, "Station": "Camden Road", "mode_label": "LO", "tot_entry": 10521.742542769838, "tot_exit": 7110.001315741265, "easting": 529182.0, "northing": 184174.0, "lon": -0.1386, "lat": 51.54169, "coord_source": "naptan_rse_tmu", "catchment_area_m2": 879889.77893226896, "station_in_lnwc_extent": true }, "geometry": { "type": "Polygon", "coordinates": [ [ [ -0.13956505494345, 51.546001995683973 ], [ -0.130120164576624, 51.546916389023998 ], [ -0.127330067842904, 51.543721631994096 ], [ -0.126404933450273, 51.538124339527798 ], [ -0.126465420652149, 51.538097016105738 ], [ -0.137033704397109, 51.538183438042836 ], [ -0.144397184110519, 51.542865052221735 ], [ -0.13956505494345, 51.546001995683973 ] ] ] } },
{ "type": "Feature", "properties": { "NLC": 1441, "total_activity": 11526.984072564601, "log_total_activity": 9.3525327560479905, "direction_balance": -0.28584776721998362, "post_2300_share": 0.1162805427739597, "midnight_share_common_window": 0.027903497115195901, "night_tube_extension_share": 0.017175014912183598, "post_0100_share": 0.0089421377441279998, "common_window_persistence": 0.041410256869809099, "weekend_common_ratio": 0.89405870616724326, "volume_band": "medium", "cluster": 4, "Station": "Canonbury", "mode_label": "LO", "tot_entry": 4116.0107063208488, "tot_exit": 7410.973366243752, "easting": 532397.0, "northing": 185039.0, "lon": -0.09195, "lat": 51.54872, "coord_source": "naptan_rse_tmu", "catchment_area_m2": 1857852.4789346112, "station_in_lnwc_extent": true }, "geometry": { "type": "Polygon", "coordinates": [ [ [ -0.089801356241652, 51.559421724565034 ], [ -0.08812847685632, 51.559239092764393 ], [ -0.087212040852337, 51.559080026457302 ], [ -0.085182834226811, 51.558185562854483 ], [ -0.083198434855637, 51.556355635927375 ], [ -0.083983942031248, 51.546418409827311 ], [ -0.085833873632234, 51.542310970298672 ], [ -0.092230466200636, 51.538341047283929 ], [ -0.095350614397385, 51.539241180390349 ], [ -0.099448855677252, 51.553766982385227 ], [ -0.090039037242634, 51.559432886449734 ], [ -0.089801356241652, 51.559421724565034 ] ] ] } },
{ "type": "Feature", "properties": { "NLC": 1443, "total_activity": 30748.784176192468, "log_total_activity": 10.333638254549626, "direction_balance": -0.1207002420353835, "post_2300_share": 0.19620842805285391, "midnight_share_common_window": 0.044391533888204902, "night_tube_extension_share": 0.089599816857857603, "post_0100_share": 0.049914813205228198, "common_window_persistence": 0.074512365321247803, "weekend_common_ratio": 1.1028887561306744, "volume_band": "high", "cluster": 3, "Station": "Dalston Junction", "mode_label": "LO", "tot_entry": 13518.699241916136, "tot_exit": 17230.084934276336, "easting": 533562.0, "northing": 184744.5, "lon": -0.075265, "lat": 51.545795, "coord_source": "naptan_rse_tmu", "catchment_area_m2": 658354.31160632672, "station_in_lnwc_extent": true }, "geometry": { "type": "Polygon", "coordinates": [ [ [ -0.0676273748216, 51.541998554958276 ], [ -0.085833873632234, 51.542310970298672 ], [ -0.083983942031248, 51.546418409827311 ], [ -0.068196678240192, 51.547511974965403 ], [ -0.06642013131896, 51.543700267357579 ], [ -0.0676273748216, 51.541998554958276 ] ] ] } },
{ "type": "Feature", "properties": { "NLC": 1445, "total_activity": 7386.995123979872, "log_total_activity": 8.9076116813270172, "direction_balance": -0.0099385890300586009, "post_2300_share": 0.072635715967600295, "midnight_share_common_window": 0.0145583615014068, "night_tube_extension_share": 0.0011091586860649, "post_0100_share": 0.00059412493422290001, "common_window_persistence": 0.020128814316659398, "weekend_common_ratio": 0.86563570749193486, "volume_band": "low", "cluster": 2, "Station": "Finchley Road & Frognal", "mode_label": "LO", "tot_entry": 3656.7894076377934, "tot_exit": 3730.205716342075, "easting": 526094.0, "northing": 185044.0, "lon": -0.1828, "lat": 51.5502, "coord_source": "naptan_rse_tmu", "catchment_area_m2": 671674.36271217396, "station_in_lnwc_extent": true }, "geometry": { "type": "Polygon", "coordinates": [ [ [ -0.195897463224094, 51.557252717986934 ], [ -0.195780497678347, 51.557329280270629 ], [ -0.173731603229403, 51.551594870893254 ], [ -0.173713766257889, 51.550551838745385 ], [ -0.185734691590132, 51.547872965784599 ], [ -0.19639884824904, 51.556852328273685 ], [ -0.195897463224094, 51.557252717986934 ] ] ] } },
{ "type": "Feature", "properties": { "NLC": 1448, "total_activity": 11179.220135998212, "log_total_activity": 9.3219014366760842, "direction_balance": -0.17697024818316029, "post_2300_share": 0.063585011597478494, "midnight_share_common_window": 0.0138009537441159, "night_tube_extension_share": 0.0023965050199322002, "post_0100_share": 0.0014754620451333, "common_window_persistence": 0.018556787820429101, "weekend_common_ratio": 0.83258113153562807, "volume_band": "medium", "cluster": 2, "Station": "Kensal Rise", "mode_label": "LO", "tot_entry": 4600.4153870182117, "tot_exit": 6578.8047489799956, "easting": 523571.0, "northing": 183243.0, "lon": -0.2198, "lat": 51.534575, "coord_source": "naptan_rse_tmu", "catchment_area_m2": 1183216.0108350746, "station_in_lnwc_extent": true }, "geometry": { "type": "Polygon", "coordinates": [ [ [ -0.233646272912232, 51.54102348964269 ], [ -0.221756035615519, 51.541936355550405 ], [ -0.212542166710586, 51.53635381535387 ], [ -0.213391470994217, 51.5285968127112 ], [ -0.233102906704881, 51.537558552229804 ], [ -0.233848024707681, 51.540862147137055 ], [ -0.233646272912232, 51.54102348964269 ] ] ] } },
{ "type": "Feature", "properties": { "NLC": 1449, "total_activity": 10770.26964507149, "log_total_activity": 9.2846376503955526, "direction_balance": 0.13750532077171559, "post_2300_share": 0.096614625063976195, "midnight_share_common_window": 0.0152511681577034, "night_tube_extension_share": 0.0012313075403359, "post_0100_share": 0.00065245634900939998, "common_window_persistence": 0.022484128654694499, "weekend_common_ratio": 0.77158546978174269, "volume_band": "medium", "cluster": 2, "Station": "Kentish Town West", "mode_label": "LO", "tot_entry": 6125.6195137074592, "tot_exit": 4644.6501313640329, "easting": 528620.0, "northing": 184687.0, "lon": -0.14652, "lat": 51.54643, "coord_source": "naptan_rse_tmu", "catchment_area_m2": 486445.29781677091, "station_in_lnwc_extent": true }, "geometry": { "type": "Polygon", "coordinates": [ [ [ -0.15442317570357, 51.549633506689432 ], [ -0.148036204815895, 51.550913979123457 ], [ -0.13956505494345, 51.546001995683973 ], [ -0.144397184110519, 51.542865052221735 ], [ -0.146618857961439, 51.542397721575568 ], [ -0.15442317570357, 51.549633506689432 ] ] ] } },
{ "type": "Feature", "properties": { "NLC": 1451, "total_activity": 2134.1915767604114, "log_total_activity": 7.6663116531407987, "direction_balance": 0.059820346761084997, "post_2300_share": 0.085978325548054499, "midnight_share_common_window": 0.0102868731318093, "night_tube_extension_share": 0.0, "post_0100_share": 0.0, "common_window_persistence": 0.015625131928553599, "weekend_common_ratio": 0.81060595632453569, "volume_band": "low", "cluster": 1, "Station": "South Hampstead", "mode_label": "LO", "tot_entry": 1130.9298284684039, "tot_exit": 1003.2617482920084, "easting": 526356.0, "northing": 184079.0, "lon": -0.17937, "lat": 51.54147, "coord_source": "naptan_rse_tmu", "catchment_area_m2": 539396.46917630301, "station_in_lnwc_extent": true }, "geometry": { "type": "Polygon", "coordinates": [ [ [ -0.179452734603978, 51.544442862020041 ], [ -0.173181962291925, 51.539496733296126 ], [ -0.183419808988835, 51.536182156008969 ], [ -0.187817981280534, 51.541733178404492 ], [ -0.185235906178482, 51.543768924399849 ], [ -0.179452734603978, 51.544442862020041 ] ] ] } },
{ "type": "Feature", "properties": { "NLC": 1452, "total_activity": 3246.8648846427241, "log_total_activity": 8.0857531008604706, "direction_balance": -0.16086238409478759, "post_2300_share": 0.075829566335711293, "midnight_share_common_window": 0.0165813576355337, "night_tube_extension_share": 0.0, "post_0100_share": 0.0, "common_window_persistence": 0.022386232077689298, "weekend_common_ratio": 0.75530094621415422, "volume_band": "low", "cluster": 0, "Station": "South Acton", "mode_label": "LO", "tot_entry": 1362.2832292327239, "tot_exit": 1884.5816554099999, "easting": 520149.5, "northing": 179240.5, "lon": -0.270465, "lat": 51.499345, "coord_source": "naptan_rse_tmu", "catchment_area_m2": 795753.9438898965, "station_in_lnwc_extent": true }, "geometry": { "type": "Polygon", "coordinates": [ [ [ -0.259248266562783, 51.501759118592396 ], [ -0.261742686776922, 51.498232368768342 ], [ -0.275178691263963, 51.496111564867412 ], [ -0.278805312466722, 51.496979620085078 ], [ -0.271293598916995, 51.505445784554226 ], [ -0.259248266562783, 51.501759118592396 ] ] ] } },
{ "type": "Feature", "properties": { "NLC": 1524, "total_activity": 6468.4772984747224, "log_total_activity": 8.7748505957421568, "direction_balance": 0.1622317674459095, "post_2300_share": 0.052955252165190703, "midnight_share_common_window": 0.0070770819545371002, "night_tube_extension_share": 0.0, "post_0100_share": 0.0, "common_window_persistence": 0.0093616373231050001, "weekend_common_ratio": 0.85203173606516813, "volume_band": "low", "cluster": 2, "Station": "Upper Holloway", "mode_label": "LO", "tot_entry": 3758.9349016450096, "tot_exit": 2709.5423968297109, "easting": 529751.5, "northing": 186655.5, "lon": -0.12948, "lat": 51.56386, "coord_source": "naptan_rse_tmu", "catchment_area_m2": 1110693.1570398449, "station_in_lnwc_extent": true }, "geometry": { "type": "Polygon", "coordinates": [ [ [ -0.133543019103218, 51.560136866146031 ], [ -0.129872870842673, 51.571816438966735 ], [ -0.118068569984435, 51.564063248150973 ], [ -0.117904715661308, 51.562024347806322 ], [ -0.119528309754907, 51.559353617625106 ], [ -0.125340574266071, 51.55605450576779 ], [ -0.133543019103218, 51.560136866146031 ] ] ] } },
{ "type": "Feature", "properties": { "NLC": 3000, "total_activity": 13057.448204672, "log_total_activity": 9.477190575301492, "direction_balance": -0.4166178236526768, "post_2300_share": 0.082573850772022506, "midnight_share_common_window": 0.0099380535741715008, "night_tube_extension_share": 0.0, "post_0100_share": 0.0, "common_window_persistence": 0.015049960959447301, "weekend_common_ratio": 0.82766021427573522, "volume_band": "medium", "cluster": 4, "Station": "Acton Main Line", "mode_label": "EZL", "tot_entry": 3808.7412755920009, "tot_exit": 9248.7069290799991, "easting": 520341.5, "northing": 181216.5, "lon": -0.267025, "lat": 51.51706, "coord_source": "naptan_rse_tmu", "catchment_area_m2": 1090498.0596025456, "station_in_lnwc_extent": true }, "geometry": { "type": "Polygon", "coordinates": [ [ [ -0.272146970573759, 51.524115205837752 ], [ -0.257048974588057, 51.517596436843817 ], [ -0.257242226288064, 51.514372960655173 ], [ -0.275089004842999, 51.51104178032643 ], [ -0.272970004397454, 51.523539204509184 ], [ -0.272146970573759, 51.524115205837752 ] ] ] } },
{ "type": "Feature", "properties": { "NLC": 3174, "total_activity": 15917.433870161, "log_total_activity": 9.6752330795693506, "direction_balance": -0.51617836597174405, "post_2300_share": 0.0983042936776575, "midnight_share_common_window": 0.028986005800643099, "night_tube_extension_share": 0.0091036847108222005, "post_0100_share": 0.0061762935369810996, "common_window_persistence": 0.042591210679648599, "weekend_common_ratio": 0.80103540910241866, "volume_band": "medium", "cluster": 4, "Station": "West Drayton", "mode_label": "EZL", "tot_entry": 3850.5994322989991, "tot_exit": 12066.834437862004, "easting": 506117.0, "northing": 180097.0, "lon": -0.472285, "lat": 51.509845, "coord_source": "naptan_rse_tmu", "catchment_area_m2": 4516629.8263861686, "station_in_lnwc_extent": true }, "geometry": { "type": "Polygon", "coordinates": [ [ [ -0.455118527171861, 51.508564570027204 ], [ -0.455402817118911, 51.507520833976542 ], [ -0.455849660331357, 51.50649951084845 ], [ -0.456454743616799, 51.50551043464629 ], [ -0.45721223120315, 51.504563128264472 ], [ -0.45811482126615, 51.50366671187183 ], [ -0.459153816510977, 51.502829815191383 ], [ -0.460319208118237, 51.502060494516442 ], [ -0.461599772238752, 51.501366155257806 ], [ -0.462983178103893, 51.500753480762583 ], [ -0.464456106709588, 51.500228368085097 ], [ -0.46600437893368, 51.499795871323066 ], [ -0.467613091858604, 51.499460153059978 ], [ -0.469266761995403, 51.49922444437685 ], [ -0.470949474041209, 51.499091013814528 ], [ -0.472645033751293, 51.499061145582473 ], [ -0.474337123468803, 51.499135127221962 ], [ -0.476009458830855, 51.499312246840816 ], [ -0.477645945158722, 51.499590799946688 ], [ -0.479230832042789, 51.499968105813664 ], [ -0.480748864649454, 51.500440533226431 ], [ -0.48218543030732, 51.501003535356986 ], [ -0.483526698973485, 51.501651693441552 ], [ -0.484759756237226, 51.502378768841233 ], [ -0.48587272758736, 51.503177762990013 ], [ -0.486854892750603, 51.504040984657806 ], [ -0.487696789000565, 51.504960123885965 ], [ -0.488390302439908, 51.505926331888503 ], [ -0.488928746370826, 51.506930306154317 ], [ -0.489306925990315, 51.507962379935684 ], [ -0.489521188775742, 51.509012615264353 ], [ -0.489569460061795, 51.51007089860331 ], [ -0.489451263450794, 51.511127038214596 ], [ -0.489167725843295, 51.512170862307066 ], [ -0.488721567023509, 51.513192317018742 ], [ -0.488117073883015, 51.514181563289526 ], [ -0.487360059514959, 51.515129071689408 ], [ -0.486457807558087, 51.516025714286094 ], [ -0.485419002313986, 51.516862852663678 ], [ -0.484253645300424, 51.517632421240549 ], [ -0.482972959037151, 51.518327005079207 ], [ -0.481589278986672, 51.518939911433428 ], [ -0.480115934689836, 51.519465234338732 ], [ -0.478567121243578, 51.519897911618401 ], [ -0.476957762364323, 51.520233773751791 ], [ -0.475303366364697, 51.52046958412901 ], [ -0.473619876442069, 51.520603070301227 ], [ -0.47192351673455, 51.520632945921818 ], [ -0.47023063564245, 51.52055892316563 ], [ -0.468557547940744, 51.520381715504925 ], [ -0.466920377220153, 51.520103030815463 ], [ -0.465334900191126, 51.519725554879798 ], [ -0.463816394366205, 51.51925292544896 ], [ -0.462379490602297, 51.518689697114333 ], [ -0.461038031935525, 51.518041297332616 ], [ -0.459804940078222, 51.517313974031005 ], [ -0.458692090870975, 51.516514735302223 ], [ -0.457710199893176, 51.515651281775419 ], [ -0.456868719334419, 51.514731932319506 ], [ -0.456175747117256, 51.513765543799344 ], [ -0.455637949140627, 51.512761425663243 ], [ -0.455260495383881, 51.51172925018782 ], [ -0.455047010475154, 51.51067895924929 ], [ -0.454999539186401, 51.509620668521812 ], [ -0.455118527171861, 51.508564570027204 ] ] ] } },
{ "type": "Feature", "properties": { "NLC": 3186, "total_activity": 36725.250420959193, "log_total_activity": 10.51124704868462, "direction_balance": -0.52932831684167125, "post_2300_share": 0.107056890290408, "midnight_share_common_window": 0.027099362148870699, "night_tube_extension_share": 0.0060180599854881001, "post_0100_share": 0.0044890901767738996, "common_window_persistence": 0.040694045705409798, "weekend_common_ratio": 0.79640455336818694, "volume_band": "high", "cluster": 4, "Station": "Hayes & Harlington", "mode_label": "EZL", "tot_entry": 8642.7677150219861, "tot_exit": 28082.482705937207, "easting": 509734.5, "northing": 179436.0, "lon": -0.42038, "lat": 51.503215, "coord_source": "naptan_rse_tmu", "catchment_area_m2": 4516629.8263861686, "station_in_lnwc_extent": true }, "geometry": { "type": "Polygon", "coordinates": [ [ [ -0.403222173812726, 51.501925718428467 ], [ -0.403507602157775, 51.500882117005212 ], [ -0.403955533078671, 51.499861000031231 ], [ -0.404561642922703, 51.498872199517841 ], [ -0.405320086049239, 51.497925235698851 ], [ -0.406223551451588, 51.497029225439789 ], [ -0.407263333426288, 51.496192794549636 ], [ -0.408429415599243, 51.495423994834709 ], [ -0.40971056749244, 51.494730226689086 ], [ -0.411094452697269, 51.494118167961886 ], [ -0.412567747612077, 51.493593709780832 ], [ -0.414116269603069, 51.493161899945484 ], [ -0.415725113360197, 51.492826894430067 ], [ -0.417378794143714, 51.492591917458626 ], [ -0.419061396553352, 51.492459230533065 ], [ -0.420756727401111, 51.492430110709513 ], [ -0.422448471230791, 51.492504838329957 ], [ -0.424120347003017, 51.492682694326092 ], [ -0.425756264453709, 51.492961967121367 ], [ -0.42734047863697, 51.493339969065566 ], [ -0.428857741179929, 51.493813062245323 ], [ -0.430293446807401, 51.494376693425188 ], [ -0.431633773737708, 51.495025437786026 ], [ -0.432865816607623, 51.495753051044012 ], [ -0.433977710653441, 51.496552529452813 ], [ -0.434958745956295, 51.497416177116563 ], [ -0.43579947065223, 51.498335679970452 ], [ -0.436491782110461, 51.499302185721568 ], [ -0.43702900519598, 51.500306388985152 ], [ -0.43740595685396, 51.501338620800865 ], [ -0.437618996382541, 51.502388941670702 ], [ -0.437666060896146, 51.503447237225544 ], [ -0.43754668562237, 51.504503315601482 ], [ -0.437262008820503, 51.505547005589023 ], [ -0.436814761257271, 51.506568254610102 ], [ -0.436209240324338, 51.507557225578921 ], [ -0.435451269030814, 51.508504391711163 ], [ -0.434548140251109, 51.509400628366521 ], [ -0.433508546752462, 51.510237301035758 ], [ -0.432342497665931, 51.511006348621095 ], [ -0.431061222198032, 51.511700361202884 ], [ -0.42967706150627, 51.512312651538558 ], [ -0.428203349779103, 51.512837319599761 ], [ -0.426654285668187, 51.513269309521341 ], [ -0.425044795316934, 51.51360445840848 ], [ -0.423390388313342, 51.513839536527414 ], [ -0.421707007965915, 51.513972278489241 ], [ -0.420010877358373, 51.514001405122791 ], [ -0.418318342681243, 51.513926635824362 ], [ -0.416645715365734, 51.513748691263942 ], [ -0.415009114557313, 51.513469286421525 ], [ -0.41342431146294, 51.513091114021876 ], [ -0.411906577087009, 51.512617818528845 ], [ -0.410470534836979, 51.512053960952656 ], [ -0.409130019430739, 51.511404974812706 ], [ -0.407897943474534, 51.510677113684359 ], [ -0.40678617300355, 51.509877390839371 ], [ -0.405805413187731, 51.509013511567154 ], [ -0.40496510530422, 51.508093798833151 ], [ -0.404273335965925, 51.507127112995846 ], [ -0.403736759474492, 51.506122766360562 ], [ -0.4033605340365, 51.505090433397356 ], [ -0.403148272445587, 51.504040057491274 ], [ -0.403102007691631, 51.502981755126441 ], [ -0.403222173812726, 51.501925718428467 ] ] ] } },
{ "type": "Feature", "properties": { "NLC": 3187, "total_activity": 32270.13532724683, "log_total_activity": 10.381928466554395, "direction_balance": -0.46710173294928198, "post_2300_share": 0.098103914261921499, "midnight_share_common_window": 0.0228222365208447, "night_tube_extension_share": 0.0070259249767225, "post_0100_share": 0.0049082838561291002, "common_window_persistence": 0.033097192765067202, "weekend_common_ratio": 0.76103106118614838, "volume_band": "high", "cluster": 0, "Station": "Southall", "mode_label": "EZL", "tot_entry": 8598.3495966909959, "tot_exit": 23671.785730555835, "easting": 512618.0, "northing": 179793.0, "lon": -0.37874, "lat": 51.50586, "coord_source": "naptan_rse_tmu", "catchment_area_m2": 4516629.8263861686, "station_in_lnwc_extent": true }, "geometry": { "type": "Polygon", "coordinates": [ [ [ -0.361582033674377, 51.504561685400105 ], [ -0.361868428925961, 51.503518194413317 ], [ -0.362317314228202, 51.502497245464703 ], [ -0.362924356744643, 51.501508668941582 ], [ -0.363683701862882, 51.500561982915436 ], [ -0.364588029902444, 51.499666301572319 ], [ -0.365628626867102, 51.498830247550401 ], [ -0.366795468550313, 51.498061869024703 ], [ -0.368077317176723, 51.497368562332341 ], [ -0.369461829645125, 51.496757000879008 ], [ -0.370935676329783, 51.49623307100542 ], [ -0.372484669298716, 51.495801815426361 ], [ -0.374093898720002, 51.495467384782508 ], [ -0.375747876151353, 51.495232997766685 ], [ -0.377430683344501, 51.495100910205132 ], [ -0.379126125145077, 51.495072393388135 ], [ -0.380817885030855, 51.495147721856952 ], [ -0.382489681806945, 51.49532617076347 ], [ -0.384125425965804, 51.495606022827459 ], [ -0.385709374222987, 51.495984584825848 ], [ -0.38722628075629, 51.496458213456791 ], [ -0.388661543706227, 51.497022350332379 ], [ -0.39000134553946, 51.497671565766524 ], [ -0.391232785933399, 51.49839961094056 ], [ -0.392344005909353, 51.499199477949226 ], [ -0.393324302022794, 51.50006346715363 ], [ -0.39416422951174, 51.50098326119776 ], [ -0.394855693407274, 51.501950004981211 ], [ -0.395392026722952, 51.502954390822673 ], [ -0.395768054961276, 51.503986747998326 ], [ -0.395980146304519, 51.505037135796982 ], [ -0.396026246992807, 51.506095439198624 ], [ -0.395905901533374, 51.507151466257113 ], [ -0.395620257529792, 51.508195046250542 ], [ -0.395172055067703, 51.509216127653801 ], [ -0.394565600742406, 51.510204874989462 ], [ -0.393806726562447, 51.511151763621776 ], [ -0.392902734110404, 51.512047671578699 ], [ -0.391862324486058, 51.512883967513353 ], [ -0.390695514696565, 51.513652593954241 ], [ -0.389413541291611, 51.514346145036917 ], [ -0.388028752167567, 51.514957937963928 ], [ -0.386554487581881, 51.515482077499186 ], [ -0.385004951526237, 51.515913512870696 ], [ -0.383395074703071, 51.516248086528478 ], [ -0.381740370433965, 51.516482574283721 ], [ -0.380056784899159, 51.516614716438866 ], [ -0.378360543164264, 51.516643239605642 ], [ -0.376667992492539, 51.516567868998671 ], [ -0.374995444468345, 51.516389331085527 ], [ -0.373359017469269, 51.51610934656685 ], [ -0.371774481020929, 51.51573061375592 ], [ -0.370257103549387, 51.515256782518776 ], [ -0.368821505012018, 51.514692419029352 ], [ -0.367481515838592, 51.514042961682449 ], [ -0.366250043551071, 51.513314668593253 ], [ -0.365138948353791, 51.512514557194251 ], [ -0.364158928896097, 51.511650336516176 ], [ -0.363319419308241, 51.510730332810418 ], [ -0.362628498499431, 51.50976340923453 ], [ -0.362092812585593, 51.508758880379176 ], [ -0.361717511184936, 51.507726422464117 ], [ -0.36150619818323, 51.506675980071883 ], [ -0.361460897429127, 51.505617670320497 ], [ -0.361582033674377, 51.504561685400105 ] ] ] } },
{ "type": "Feature", "properties": { "NLC": 3188, "total_activity": 12161.075263852001, "log_total_activity": 9.4060778041045836, "direction_balance": -0.36986046641037701, "post_2300_share": 0.069107756679222795, "midnight_share_common_window": 0.0088948187173488995, "night_tube_extension_share": 0.0, "post_0100_share": 0.0, "common_window_persistence": 0.0130046839804417, "weekend_common_ratio": 0.88093483622197966, "volume_band": "medium", "cluster": 4, "Station": "West Ealing", "mode_label": "EZL", "tot_entry": 3831.5871473560001, "tot_exit": 8329.4881164960007, "easting": 516679.0, "northing": 180744.0, "lon": -0.31994, "lat": 51.51358, "coord_source": "naptan_rse_tmu", "catchment_area_m2": 2551351.0555072716, "station_in_lnwc_extent": true }, "geometry": { "type": "Polygon", "coordinates": [ [ [ -0.330603809096579, 51.522075591062602 ], [ -0.329218011152457, 51.522686679505171 ], [ -0.327742836921729, 51.523210070675418 ], [ -0.326192499179986, 51.523640721012541 ], [ -0.324581936371802, 51.523974480532431 ], [ -0.322926668443738, 51.524208132893875 ], [ -0.321242647019331, 51.524339426452727 ], [ -0.319546101372817, 51.52436709600201 ], [ -0.317853381700458, 51.524290874986534 ], [ -0.316180801215512, 51.52411149807314 ], [ -0.314544478604626, 51.523830694051753 ], [ -0.312960182379788, 51.523451169136379 ], [ -0.312195528851294, 51.523211954130176 ], [ -0.309430061102837, 51.508880511468703 ], [ -0.314199066462402, 51.507059288498844 ], [ -0.325930030147858, 51.504779727743987 ], [ -0.327238078795134, 51.504936499404664 ], [ -0.331404638216149, 51.521643123424198 ], [ -0.330603809096579, 51.522075591062602 ] ] ] } },
{ "type": "Feature", "properties": { "NLC": 3191, "total_activity": 8982.5602653442165, "log_total_activity": 9.1031515487983032, "direction_balance": -0.47883662554987172, "post_2300_share": 0.082485640794990697, "midnight_share_common_window": 0.0116973015641741, "night_tube_extension_share": 0.0, "post_0100_share": 0.0, "common_window_persistence": 0.0171215161685031, "weekend_common_ratio": 0.95057667214856123, "volume_band": "medium", "cluster": 4, "Station": "Hanwell", "mode_label": "EZL", "tot_entry": 2340.6907095442152, "tot_exit": 6641.8695558000036, "easting": 515403.0, "northing": 180515.5, "lon": -0.338395, "lat": 51.51179, "coord_source": "naptan_rse_tmu", "catchment_area_m2": 3603576.9784800662, "station_in_lnwc_extent": true }, "geometry": { "type": "Polygon", "coordinates": [ [ [ -0.340481854612182, 51.501080857466249 ], [ -0.342153697108918, 51.501259881803506 ], [ -0.343789392787719, 51.501540295945915 ], [ -0.345373198825714, 51.501919401263166 ], [ -0.346889870761945, 51.502393549226255 ], [ -0.348324808985064, 51.502958176450228 ], [ -0.34966419907554, 51.503607848530073 ], [ -0.350895144660779, 51.504336312251681 ], [ -0.352005791510833, 51.505136555680004 ], [ -0.352985441683563, 51.506000875550761 ], [ -0.353824656620686, 51.506920951321995 ], [ -0.354515348199203, 51.507887925177464 ], [ -0.35505085685551, 51.508892487216322 ], [ -0.35542601602096, 51.509924965013155 ], [ -0.355637202236826, 51.51097541668959 ], [ -0.3556823704523, 51.512033726604393 ], [ -0.355561074150167, 51.513089702742299 ], [ -0.355274470089784, 51.514133174865293 ], [ -0.354825307604679, 51.515154092480863 ], [ -0.354217902541012, 51.51614262168296 ], [ -0.353458096071862, 51.517089239931366 ], [ -0.352553198769431, 51.517984827853475 ], [ -0.351511920461215, 51.518820757181196 ], [ -0.350344286535599, 51.519588973971324 ], [ -0.349061541495713, 51.520282076303516 ], [ -0.347676040686347, 51.520893385702252 ], [ -0.346201131235959, 51.521417011589591 ], [ -0.344651023362997, 51.521847908142924 ], [ -0.343040653291821, 51.522181923005149 ], [ -0.341385539107347, 51.5224158373737 ], [ -0.339701630948166, 51.522547397078583 ], [ -0.338005156994743, 51.522575334346897 ], [ -0.336312466751386, 51.522499380042227 ], [ -0.33463987314794, 51.522320266259904 ], [ -0.333003494998906, 51.522039719252874 ], [ -0.331419101354108, 51.521660442757359 ], [ -0.33140810107633, 51.521657003507215 ], [ -0.327238078795134, 51.504936499404664 ], [ -0.34010591564926, 51.501063992060274 ], [ -0.340481854612182, 51.501080857466249 ] ] ] } },
{ "type": "Feature", "properties": { "NLC": 5131, "total_activity": 55432.083659886455, "log_total_activity": 10.922931872471857, "direction_balance": -0.63738556297430593, "post_2300_share": 0.11984897872603011, "midnight_share_common_window": 0.035213056387278799, "night_tube_extension_share": 0.0031003131441080002, "post_0100_share": 0.0017575045352122001, "common_window_persistence": 0.053725721111256897, "weekend_common_ratio": 0.68535566616960564, "volume_band": "high", "cluster": 4, "Station": "Abbey Wood", "mode_label": "EZL", "tot_entry": 10050.236904745459, "tot_exit": 45381.846755141007, "easting": 547351.33333333337, "northing": 179059.66666666666, "lon": 0.1210766666666666, "lat": 51.49129, "coord_source": "naptan_rse_tmu", "catchment_area_m2": 4516629.8263861723, "station_in_lnwc_extent": true }, "geometry": { "type": "Polygon", "coordinates": [ [ [ 0.138217563358223, 51.489919254747598 ], [ 0.137919893522338, 51.488877121653907 ], [ 0.13746005463712, 51.487858219490391 ], [ 0.136842484910604, 51.486872358865725 ], [ 0.136073140189494, 51.485929031638598 ], [ 0.135159436282058, 51.485037319602796 ], [ 0.134110177286743, 51.484205807138324 ], [ 0.132935470626382, 51.483442498665873 ], [ 0.131646629613106, 51.482754741694166 ], [ 0.130256064485886, 51.482149156196563 ], [ 0.128777162970408, 51.481631570991574 ], [ 0.127224161508577, 51.481206967734828 ], [ 0.125612008391577, 51.480879433057176 ], [ 0.123956220105472, 51.480652119305311 ], [ 0.122272732261077, 51.480527214259311 ], [ 0.120577746529817, 51.48050592011603 ], [ 0.118887575044182, 51.480588441938231 ], [ 0.117218483744709, 51.480773985680393 ], [ 0.11558653616524, 51.481060765809254 ], [ 0.114007439144186, 51.48144602244772 ], [ 0.11249639193189, 51.481926047878147 ], [ 0.111067940132964, 51.482496222153209 ], [ 0.109735835877981, 51.483151057474956 ], [ 0.108512905561351, 51.483884250918884 ], [ 0.107410926412318, 51.484688745000213 ], [ 0.10644051308403, 51.485556795504309 ], [ 0.10561101535248, 51.486480045933213 ], [ 0.104930427913436, 51.48744960785627 ], [ 0.104405313152122, 51.488456146396231 ], [ 0.104040737638556, 51.489489970031912 ], [ 0.103840222971756, 51.490541123855969 ], [ 0.103805711460139, 51.49159948539306 ], [ 0.103937546984133, 51.492654862057272 ], [ 0.104234471241906, 51.493697089311802 ], [ 0.104693635431346, 51.494716128584898 ], [ 0.105310627272597, 51.495702163998857 ], [ 0.10607951312676, 51.496645696977964 ], [ 0.10699289481957, 51.497537637821523 ], [ 0.108041980635113, 51.498369393356519 ], [ 0.109216669805763, 51.499132949821224 ], [ 0.110505649691518, 51.499820950176726 ], [ 0.111896504716621, 51.500426765096535 ], [ 0.113375836014781, 51.500944556945598 ], [ 0.114929390627785, 51.501369336127027 ], [ 0.116542199007166, 51.501697009249327 ], [ 0.118198719485486, 51.501924418645444 ], [ 0.119882988314193, 51.502049372859751 ], [ 0.121578773809061, 51.50207066780586 ], [ 0.123269733103131, 51.501988098390129 ], [ 0.124939569980818, 51.501802460487163 ], [ 0.126572192256124, 51.501515543248686 ], [ 0.128151867162451, 51.501130111820871 ], [ 0.12966337324165, 51.500649880638449 ], [ 0.131092147255111, 51.50007947755563 ], [ 0.132424424689743, 51.499424399163324 ], [ 0.133647372495949, 51.498690957727142 ], [ 0.134749212772375, 51.497886220262053 ], [ 0.135719336202679, 51.497017940335745 ], [ 0.136548404151489, 51.496094483262823 ], [ 0.137228438439351, 51.495124745415112 ], [ 0.137752897938329, 51.494118068430502 ], [ 0.13811674125977, 51.49308414915059 ], [ 0.138316474942381, 51.49203294615824 ], [ 0.138350186690523, 51.49097458381835 ], [ 0.138217563358223, 51.489919254747598 ] ] ] } },
{ "type": "Feature", "properties": { "NLC": 5150, "total_activity": 17203.457531574863, "log_total_activity": 9.752923788038192, "direction_balance": -0.49016379576058811, "post_2300_share": 0.1308679316010958, "midnight_share_common_window": 0.030229601618737001, "night_tube_extension_share": 0.0008380150658356, "post_0100_share": 0.00037348344837109999, "common_window_persistence": 0.046250188916306799, "weekend_common_ratio": 0.7684053166755711, "volume_band": "medium", "cluster": 4, "Station": "New Cross", "mode_label": "LO", "tot_entry": 4385.4727438460268, "tot_exit": 12817.984787728839, "easting": 536756.0, "northing": 177119.0, "lon": -0.03219, "lat": 51.47651, "coord_source": "naptan_rse_tmu", "catchment_area_m2": 1353593.2739920293, "station_in_lnwc_extent": true }, "geometry": { "type": "Polygon", "coordinates": [ [ [ -0.033419915855619, 51.487268694571043 ], [ -0.031724691453271, 51.487292213566931 ], [ -0.030962978204891, 51.487256014979053 ], [ -0.025204947985591, 51.484579835476794 ], [ -0.024306712534117, 51.480809476400765 ], [ -0.030650003761158, 51.469651338526496 ], [ -0.033843186411564, 51.470236698322793 ], [ -0.040336865092185, 51.484926140914915 ], [ -0.034034465667579, 51.487222272238874 ], [ -0.033419915855619, 51.487268694571043 ] ] ] } },
{ "type": "Feature", "properties": { "NLC": 5301, "total_activity": 6695.5032850241641, "log_total_activity": 8.8093407713854326, "direction_balance": -0.1435672660739328, "post_2300_share": 0.1115158461379871, "midnight_share_common_window": 0.028144294694483998, "night_tube_extension_share": 0.0014642164605932, "post_0100_share": 0.0010755366595555, "common_window_persistence": 0.041198539622362897, "weekend_common_ratio": 1.0751687954876703, "volume_band": "low", "cluster": 2, "Station": "Clapham High Street", "mode_label": "LO", "tot_entry": 2867.1240917021041, "tot_exit": 3828.37919332206, "easting": 529858.0, "northing": 175666.0, "lon": -0.13199, "lat": 51.46508, "coord_source": "naptan_rse_tmu", "catchment_area_m2": 320326.013011528, "station_in_lnwc_extent": true }, "geometry": { "type": "Polygon", "coordinates": [ [ [ -0.125779243277109, 51.457398064043325 ], [ -0.138327539212154, 51.466289259123229 ], [ -0.132868072204256, 51.468842850680659 ], [ -0.125705118647492, 51.457603460079561 ], [ -0.125779243277109, 51.457398064043325 ] ] ] } },
{ "type": "Feature", "properties": { "NLC": 5345, "total_activity": 24782.552473657131, "log_total_activity": 10.117935505426848, "direction_balance": -0.17471139307738401, "post_2300_share": 0.15059411975464779, "midnight_share_common_window": 0.0400610000995777, "night_tube_extension_share": 0.060331084020320398, "post_0100_share": 0.030318236307110599, "common_window_persistence": 0.063242137165468101, "weekend_common_ratio": 0.93347837325412863, "volume_band": "high", "cluster": 4, "Station": "New Cross Gate", "mode_label": "LO", "tot_entry": 10226.379103485568, "tot_exit": 14556.173370171562, "easting": 536189.0, "northing": 176946.0, "lon": -0.04041, "lat": 51.47509, "coord_source": "naptan_rse_tmu", "catchment_area_m2": 1412498.3668984829, "station_in_lnwc_extent": true }, "geometry": { "type": "Polygon", "coordinates": [ [ [ -0.050596696869294, 51.483263069694083 ], [ -0.040336865092185, 51.484926140914915 ], [ -0.033843186411564, 51.470236698322793 ], [ -0.047841747134595, 51.468940792407622 ], [ -0.050596696869294, 51.483263069694083 ] ] ] } },
{ "type": "Feature", "properties": { "NLC": 5356, "total_activity": 15895.057505241886, "log_total_activity": 9.6738264018170756, "direction_balance": -0.60336004480860606, "post_2300_share": 0.1153345596304584, "midnight_share_common_window": 0.032766707622177399, "night_tube_extension_share": 0.0040355353030046004, "post_0100_share": 0.0017210114038893999, "common_window_persistence": 0.047637335696521302, "weekend_common_ratio": 0.62501452622217701, "volume_band": "medium", "cluster": 0, "Station": "Crystal Palace", "mode_label": "LO", "tot_entry": 3152.3074483218884, "tot_exit": 12742.750056920004, "easting": 534088.0, "northing": 170540.0, "lon": -0.07307, "lat": 51.41803, "coord_source": "naptan_rse_tmu", "catchment_area_m2": 2622485.4264671914, "station_in_lnwc_extent": true }, "geometry": { "type": "Polygon", "coordinates": [ [ [ -0.083030434149413, 51.409215720799558 ], [ -0.084363268528312, 51.409868363931544 ], [ -0.085587434553219, 51.410599552047898 ], [ -0.08669114317306, 51.41140224696592 ], [ -0.087663763166075, 51.412268721793652 ], [ -0.088495923597093, 51.413190635209858 ], [ -0.089179604220836, 51.414159111668354 ], [ -0.089708212954692, 51.41516482675987 ], [ -0.090076649665864, 51.416198096913028 ], [ -0.090281355647074, 51.417248972575088 ], [ -0.090320348290577, 51.418307333977467 ], [ -0.090193240611132, 51.419362988566128 ], [ -0.089901245413445, 51.420405769159714 ], [ -0.089447164047004, 51.421425631889683 ], [ -0.088835359839895, 51.422412752979199 ], [ -0.088071716451574, 51.423357623425794 ], [ -0.087163581531275, 51.424251140673903 ], [ -0.086119696212306, 51.425084696390144 ], [ -0.084950111111294, 51.425850259492208 ], [ -0.083666089634421, 51.426540453626551 ], [ -0.082279999517979, 51.427148628343616 ], [ -0.080805193647234, 51.427668923280088 ], [ -0.079255881304177, 51.42809632472467 ], [ -0.077646991090105, 51.428426714017689 ], [ -0.075994026852204, 51.428656907314277 ], [ -0.07431291801325, 51.428784686324001 ], [ -0.072619865759703, 51.428808819728218 ], [ -0.071420257541977, 51.428752173041168 ], [ -0.066554281396705, 51.424922689323353 ], [ -0.067227341227805, 51.416163570778963 ], [ -0.082304046392338, 51.408927026127273 ], [ -0.083030434149413, 51.409215720799558 ] ] ] } },
{ "type": "Feature", "properties": { "NLC": 5362, "total_activity": 21062.261941505072, "log_total_activity": 9.9552856617047443, "direction_balance": -0.64027757054416667, "post_2300_share": 0.13650872836773839, "midnight_share_common_window": 0.048642570213610403, "night_tube_extension_share": 0.0049005872812203002, "post_0100_share": 0.0089246585700003996, "common_window_persistence": 0.072639270959093796, "weekend_common_ratio": 0.63933263902744031, "volume_band": "high", "cluster": 0, "Station": "Forest Hill", "mode_label": "LO", "tot_entry": 3788.2840177166686, "tot_exit": 17273.977923788399, "easting": 535400.25, "northing": 172965.25, "lon": -0.0532875, "lat": 51.439505, "coord_source": "naptan_rse_tmu", "catchment_area_m2": 2982131.3246276956, "station_in_lnwc_extent": true }, "geometry": { "type": "Polygon", "coordinates": [ [ [ -0.036161606688212, 51.438164222315564 ], [ -0.036454946349545, 51.437121593014908 ], [ -0.03691036757277, 51.436101952589894 ], [ -0.037523474685031, 51.435115118786101 ], [ -0.038288354792426, 51.434170592859211 ], [ -0.039197635044406, 51.433277468168654 ], [ -0.039616642557223, 51.432943393643285 ], [ -0.068014063717324, 51.43389450699722 ], [ -0.068719319395842, 51.434675963453074 ], [ -0.069402887271681, 51.435644550898871 ], [ -0.069931294642705, 51.43665034974061 ], [ -0.070299443299063, 51.437683675599487 ], [ -0.070503777291306, 51.438734578384555 ], [ -0.070542317578462, 51.439792938063633 ], [ -0.070414681517276, 51.440848562096249 ], [ -0.070122086988371, 51.441891283591751 ], [ -0.069667341102707, 51.442911059246924 ], [ -0.069054813580299, 51.443898066119353 ], [ -0.068290395041735, 51.444842796302439 ], [ -0.067381440599733, 51.445736148587315 ], [ -0.066336699281616, 51.44656951622553 ], [ -0.065166229952475, 51.447334869942665 ], [ -0.063881304541793, 51.448024835398797 ], [ -0.062946705237449, 51.448434477015425 ], [ -0.036211129574135, 51.441002026211564 ], [ -0.036070927386531, 51.440278163125484 ], [ -0.036033184334744, 51.439219800731642 ], [ -0.036161606688212, 51.438164222315564 ] ] ] } },
{ "type": "Feature", "properties": { "NLC": 5372, "total_activity": 3083.6167488912547, "log_total_activity": 8.0341826981169735, "direction_balance": -0.1736157317553649, "post_2300_share": 0.099858057998143707, "midnight_share_common_window": 0.022315153970154499, "night_tube_extension_share": 0.0009036141188242, "post_0100_share": 0.0006300638663922, "common_window_persistence": 0.0329088596418943, "weekend_common_ratio": 0.56421098981896145, "volume_band": "low", "cluster": 2, "Station": "Wandsworth Road", "mode_label": "LO", "tot_entry": 1274.1261852896996, "tot_exit": 1809.4905636015544, "easting": 529397.0, "northing": 176250.0, "lon": -0.13841, "lat": 51.47043, "coord_source": "naptan_rse_tmu", "catchment_area_m2": 1413026.8639700834, "station_in_lnwc_extent": true }, "geometry": { "type": "Polygon", "coordinates": [ [ [ -0.155677337046083, 51.470701725307919 ], [ -0.155551558863126, 51.471757455306005 ], [ -0.155538804820701, 51.47180318661092 ], [ -0.135979039378105, 51.476012046480513 ], [ -0.131490888743235, 51.474403372261015 ], [ -0.130591798280775, 51.470553006111885 ], [ -0.132868072204256, 51.468842850680659 ], [ -0.138327539212154, 51.466289259123229 ], [ -0.153206268911176, 51.465428244296781 ], [ -0.155668818610013, 51.470479225654927 ], [ -0.155677337046083, 51.470701725307919 ] ] ] } },
{ "type": "Feature", "properties": { "NLC": 5376, "total_activity": 17545.009101094478, "log_total_activity": 9.7725818013872985, "direction_balance": -0.5928920259642475, "post_2300_share": 0.098410290668720299, "midnight_share_common_window": 0.025589951644755499, "night_tube_extension_share": 0.0029499079833723001, "post_0100_share": 0.0014660872509336001, "common_window_persistence": 0.036780732614507802, "weekend_common_ratio": 0.65535926157380453, "volume_band": "medium", "cluster": 0, "Station": "Norwood Junction", "mode_label": "LO", "tot_entry": 3571.3565547927078, "tot_exit": 13973.652546301775, "easting": 534090.66666666663, "northing": 168267.0, "lon": -0.073893333333333297, "lat": 51.397596666666665, "coord_source": "naptan_rse_tmu", "catchment_area_m2": 4120532.267236263, "station_in_lnwc_extent": true }, "geometry": { "type": "Polygon", "coordinates": [ [ [ -0.056782701826985, 51.396257785931837 ], [ -0.057075279640542, 51.395215090166879 ], [ -0.057529802552052, 51.394195353458926 ], [ -0.058141883558864, 51.393208394486408 ], [ -0.058905619663378, 51.392263715716425 ], [ -0.059813649041584, 51.391370411986586 ], [ -0.060857222195698, 51.390537083029486 ], [ -0.06202628639597, 51.389771750778259 ], [ -0.063309582591542, 51.389081782244702 ], [ -0.064694753853357, 51.388473818707446 ], [ -0.066168464304332, 51.387953711887057 ], [ -0.067716527394249, 51.387526467717564 ], [ -0.069324042290106, 51.387196198250713 ], [ -0.070975537077332, 51.386966082152568 ], [ -0.072655117404404, 51.386838334168033 ], [ -0.074346619153062, 51.386814183845594 ], [ -0.076033763679216, 51.386893863724076 ], [ -0.077700314145905, 51.387076607094862 ], [ -0.079330231459597, 51.387360655360695 ], [ -0.08090782832467, 51.387743274921135 ], [ -0.082417919948224, 51.388220783424323 ], [ -0.083845969958116, 51.388788585134613 ], [ -0.085178230141228, 51.389441215079387 ], [ -0.086401872666023, 51.390172391554465 ], [ -0.087505113522902, 51.390975076486647 ], [ -0.088477325997433, 51.391841543077597 ], [ -0.089309143084115, 51.392763450082988 ], [ -0.089992547851648, 51.393731922016251 ], [ -0.090520950883508, 51.394737634509774 ], [ -0.090889254039057, 51.395770904015798 ], [ -0.091093899909632, 51.396821780986855 ], [ -0.091132906479579, 51.397880145641231 ], [ -0.091005886643017, 51.398935805393606 ], [ -0.090714052371918, 51.39997859301333 ], [ -0.090260203478458, 51.400998464565262 ], [ -0.089648701063159, 51.40198559618905 ], [ -0.088885425888673, 51.402930478782679 ], [ -0.087977722065725, 51.403824009675681 ], [ -0.086934326581188, 51.404657580405733 ], [ -0.085765285337063, 51.405423159748523 ], [ -0.084481856502011, 51.406113371196646 ], [ -0.083096402102338, 51.406721564136383 ], [ -0.081622268895954, 51.407241878031392 ], [ -0.081283852826341, 51.407335284365281 ], [ -0.05846006015235, 51.402409131299663 ], [ -0.057792310810379, 51.40146191494442 ], [ -0.057264556289148, 51.400456062741512 ], [ -0.05689697910624, 51.39942269597455 ], [ -0.056693108771597, 51.398371767928779 ], [ -0.056654897497474, 51.397313400348608 ], [ -0.056782701826985, 51.396257785931837 ] ] ] } },
{ "type": "Feature", "properties": { "NLC": 5378, "total_activity": 6046.0293599687575, "log_total_activity": 8.7073224155564084, "direction_balance": -0.60538060992937603, "post_2300_share": 0.16854171781571789, "midnight_share_common_window": 0.058585660269365097, "night_tube_extension_share": 0.019125698682122799, "post_0100_share": 0.0206597314412925, "common_window_persistence": 0.095516401178969895, "weekend_common_ratio": 0.78185106845508046, "volume_band": "low", "cluster": 0, "Station": "Penge West", "mode_label": "LO", "tot_entry": 1192.9402091899783, "tot_exit": 4853.0891507787792, "easting": 534920.0, "northing": 170522.0, "lon": -0.06112, "lat": 51.41767, "coord_source": "naptan_rse_tmu", "catchment_area_m2": 1594689.1332071905, "station_in_lnwc_extent": true }, "geometry": { "type": "Polygon", "coordinates": [ [ [ -0.044004630098925, 51.416323861722596 ], [ -0.044297638350807, 51.415281205724582 ], [ -0.044752655436281, 51.414261527057754 ], [ -0.045365289585083, 51.413274643838562 ], [ -0.046129632466511, 51.412330057801356 ], [ -0.047038316409546, 51.411436862887399 ], [ -0.048082585611936, 51.410603657778175 ], [ -0.048968498497313, 51.410024161670549 ], [ -0.067227341227805, 51.416163570778963 ], [ -0.066554281396705, 51.424922689323353 ], [ -0.043968871270781, 51.418719007436664 ], [ -0.043914383345142, 51.418437820371267 ], [ -0.043876463222601, 51.417379455032417 ], [ -0.044004630098925, 51.416323861722596 ] ] ] } },
{ "type": "Feature", "properties": { "NLC": 5397, "total_activity": 5116.5604301535204, "log_total_activity": 8.5404331259959676, "direction_balance": -0.46249520953006978, "post_2300_share": 0.1394634523535242, "midnight_share_common_window": 0.0617352899869692, "night_tube_extension_share": 0.026489478670014999, "post_0100_share": 0.0258209675122914, "common_window_persistence": 0.091416869107201398, "weekend_common_ratio": 0.81664030439169188, "volume_band": "low", "cluster": 0, "Station": "Anerley", "mode_label": "LO", "tot_entry": 1375.0878709682015, "tot_exit": 3741.4725591853198, "easting": 534606.5, "northing": 169900.0, "lon": -0.065865, "lat": 51.412155, "coord_source": "naptan_rse_tmu", "catchment_area_m2": 2024530.8673353922, "station_in_lnwc_extent": true }, "geometry": { "type": "Polygon", "coordinates": [ [ [ -0.049040971338079, 51.40976677642368 ], [ -0.049495825273574, 51.40874707672527 ], [ -0.050108280989263, 51.407760165958635 ], [ -0.050872431874162, 51.406815546124449 ], [ -0.051780912106813, 51.405922311490535 ], [ -0.05282496784652, 51.405089061121764 ], [ -0.053994541717023, 51.404323816192417 ], [ -0.055278369762063, 51.403633942871373 ], [ -0.056664089935411, 51.403026081518696 ], [ -0.058138361080144, 51.402506082869579 ], [ -0.058476786585136, 51.402412743441289 ], [ -0.081300582932376, 51.40733889328294 ], [ -0.081968904112881, 51.408285980696554 ], [ -0.08230535500391, 51.408926397831955 ], [ -0.067227341227805, 51.416163570778963 ], [ -0.048968663513543, 51.410024217176286 ], [ -0.049040971338079, 51.40976677642368 ] ] ] } },
{ "type": "Feature", "properties": { "NLC": 5404, "total_activity": 18590.61394889314, "log_total_activity": 9.8304658950692918, "direction_balance": -0.4143831718303162, "post_2300_share": 0.1548590764858816, "midnight_share_common_window": 0.055088894021924698, "night_tube_extension_share": 0.0020159788658563002, "post_0100_share": 0.0037760351387523001, "common_window_persistence": 0.088225063815871696, "weekend_common_ratio": 0.91517422375388835, "volume_band": "medium", "cluster": 4, "Station": "Brockley", "mode_label": "LO", "tot_entry": 5443.4881872389396, "tot_exit": 13147.125761654206, "easting": 536397.0, "northing": 175762.0, "lon": -0.03788, "lat": 51.4644, "coord_source": "naptan_rse_tmu", "catchment_area_m2": 2579413.6063333703, "station_in_lnwc_extent": true }, "geometry": { "type": "Polygon", "coordinates": [ [ [ -0.026000107012113, 51.456571094928051 ], [ -0.027285835814537, 51.455881554459026 ], [ -0.028673519617594, 51.455274050283926 ], [ -0.030149798376534, 51.454754429693374 ], [ -0.030385323262996, 51.454689616087713 ], [ -0.053370043063621, 51.459642337432996 ], [ -0.054003684272806, 51.460540220935371 ], [ -0.054532024009149, 51.461546084610944 ], [ -0.054900008713445, 51.46257945311504 ], [ -0.055010031693222, 51.463146042123498 ], [ -0.047841747134595, 51.468940792407622 ], [ -0.033843186411564, 51.470236698322793 ], [ -0.030650003761158, 51.469651338526496 ], [ -0.027820047235588, 51.467951586911312 ], [ -0.02552508707118, 51.463526968019387 ], [ -0.025008139839247, 51.457218868610632 ], [ -0.026000107012113, 51.456571094928051 ] ] ] } },
{ "type": "Feature", "properties": { "NLC": 5411, "total_activity": 17415.880985732001, "log_total_activity": 9.7651951864841156, "direction_balance": -0.2179527433182249, "post_2300_share": 0.070197440526699503, "midnight_share_common_window": 0.018839144741789601, "night_tube_extension_share": 0.0030140134432849, "post_0100_share": 0.0058636830182097997, "common_window_persistence": 0.026140695208493901, "weekend_common_ratio": 0.72489091135681805, "volume_band": "medium", "cluster": 0, "Station": "West Croydon NR", "mode_label": "LO,TRM", "tot_entry": 6810.0209737940013, "tot_exit": 10605.860011937988, "easting": 532169.0, "northing": 166102.25, "lon": -0.102305, "lat": 51.378595, "coord_source": "naptan_rse_tmu", "catchment_area_m2": 4516629.8263861723, "station_in_lnwc_extent": true }, "geometry": { "type": "Polygon", "coordinates": [ [ [ -0.085200587245699, 51.377258581316362 ], [ -0.085492388187413, 51.376215803386771 ], [ -0.085946082721372, 51.375195944751681 ], [ -0.086557291827092, 51.374208825268774 ], [ -0.087320120904983, 51.373263948955987 ], [ -0.088227216863967, 51.372370412557927 ], [ -0.089269839190099, 51.371536818051979 ], [ -0.090437944302068, 51.37077118993205 ], [ -0.091720282374275, 51.3700808980619 ], [ -0.093104505691338, 51.369472586835712 ], [ -0.094577287490046, 51.368952111323225 ], [ -0.096124450147079, 51.368524481008826 ], [ -0.097731101484011, 51.368193811661804 ], [ -0.099381777885838, 51.367963285797011 ], [ -0.10106059286632, 51.367835122102562 ], [ -0.102751389663066, 51.367810554126635 ], [ -0.104437896408172, 51.367889818425851 ], [ -0.106103882396416, 51.368072152289066 ], [ -0.107733313962905, 51.368355801057717 ], [ -0.109310508485572, 51.368738034973667 ], [ -0.110820285045145, 51.369215175394032 ], [ -0.112248110305919, 51.369782630123439 ], [ -0.11358023822471, 51.370434937526831 ], [ -0.114803842252286, 51.371165819002861 ], [ -0.115907138761065, 51.371968239316722 ], [ -0.116879500514219, 51.37283447421688 ], [ -0.117711559083955, 51.373756184689562 ], [ -0.118395295229898, 51.374724497141258 ], [ -0.118924116361257, 51.375730088741484 ], [ -0.119292920327859, 51.376763277109056 ], [ -0.119498144914197, 51.377814113480937 ], [ -0.119537802546126, 51.378872478470257 ], [ -0.119411499860595, 51.379928179492836 ], [ -0.119120441933488, 51.380971048925453 ], [ -0.118667421107982, 51.381991042050117 ], [ -0.118056790514328, 51.382978333840754 ], [ -0.117294422520221, 51.383923413657755 ], [ -0.116387652497544, 51.384817176935982 ], [ -0.115345208434689, 51.38565101297916 ], [ -0.114177127062403, 51.386416888011226 ], [ -0.112894657293974, 51.387107422679755 ], [ -0.111510151905789, 51.387715963259907 ], [ -0.110036948500887, 51.388236645868034 ], [ -0.108489240904676, 51.388664453061196 ], [ -0.106881942237288, 51.388995262272715 ], [ -0.105230540990274, 51.389225885612866 ], [ -0.103550951505276, 51.389354100647544 ], [ -0.101859360308463, 51.38937867185566 ], [ -0.100172069796098, 51.389299362556336 ], [ -0.098505340793146, 51.38911693719006 ], [ -0.096875235518143, 51.38883315393182 ], [ -0.095297462483401, 51.38845074770812 ], [ -0.093787224840088, 51.387973403783477 ], [ -0.092359073643093, 51.387405722173902 ], [ -0.091026767461144, 51.386753173233267 ], [ -0.089803139694019, 51.386022044845106 ], [ -0.088699974881589, 51.385219381732888 ], [ -0.087727895199659, 51.384352917478758 ], [ -0.086896258236176, 51.383430999910438 ], [ -0.086213067029422, 51.382462510580041 ], [ -0.085684893228477, 51.381456779115311 ], [ -0.085316814106973, 51.380423493272417 ], [ -0.085112364025033, 51.379372605560313 ], [ -0.085073500793036, 51.378314237338849 ], [ -0.085200587245699, 51.377258581316362 ] ] ] } },
{ "type": "Feature", "properties": { "NLC": 5418, "total_activity": 10484.136324895411, "log_total_activity": 9.2577139451490087, "direction_balance": -0.55037714448215391, "post_2300_share": 0.133700696732651, "midnight_share_common_window": 0.038861344470824503, "night_tube_extension_share": 0.0053928077412811002, "post_0100_share": 0.0045388858654554004, "common_window_persistence": 0.058894860122313403, "weekend_common_ratio": 0.6720613224408295, "volume_band": "medium", "cluster": 0, "Station": "Honor Oak Park", "mode_label": "LO", "tot_entry": 2356.9536560189244, "tot_exit": 8127.1826688764895, "easting": 535885.0, "northing": 174138.0, "lon": -0.04587, "lat": 51.44993, "coord_source": "naptan_rse_tmu", "catchment_area_m2": 3301217.5290162102, "station_in_lnwc_extent": true }, "geometry": { "type": "Polygon", "coordinates": [ [ [ -0.028738003051452, 51.448585835135766 ], [ -0.029031584634205, 51.447543228700546 ], [ -0.029487280519787, 51.446523621723472 ], [ -0.030100692385968, 51.445536831626363 ], [ -0.030865904400977, 51.444592359242215 ], [ -0.031775540516303, 51.443699297412977 ], [ -0.032820835756722, 51.44286624353375 ], [ -0.033991720811312, 51.442101216881007 ], [ -0.035276919103854, 51.441411581516611 ], [ -0.036211614902383, 51.441002161208964 ], [ -0.062947190725771, 51.448434611903586 ], [ -0.063087840416115, 51.449158446595639 ], [ -0.063126211417815, 51.450216805213394 ], [ -0.062998368948855, 51.451272417279945 ], [ -0.062705532871375, 51.452315116018539 ], [ -0.062250512617203, 51.453334858343503 ], [ -0.061637680544433, 51.454321821631773 ], [ -0.060872930203703, 51.455266498394664 ], [ -0.059963619901638, 51.456159787936066 ], [ -0.058918502092634, 51.456993084110053 ], [ -0.057747639269017, 51.457758358328903 ], [ -0.056462307152676, 51.458448237016917 ], [ -0.055074886116606, 51.459056072759104 ], [ -0.05359874188151, 51.459576008454412 ], [ -0.053363223281301, 51.459640868737758 ], [ -0.030378504989328, 51.454688146069707 ], [ -0.029745408908487, 51.453790139835561 ], [ -0.029217702151802, 51.452784169971842 ], [ -0.02885037253035, 51.451750726266795 ], [ -0.028646947133657, 51.450699762745316 ], [ -0.028609373852696, 51.449641401490737 ], [ -0.028738003051452, 51.448585835135766 ] ] ] } },
{ "type": "Feature", "properties": { "NLC": 5421, "total_activity": 20779.493713242569, "log_total_activity": 9.9417700234298128, "direction_balance": -0.26121844366959879, "post_2300_share": 0.065963790668962893, "midnight_share_common_window": 0.016178624118860199, "night_tube_extension_share": 0.0011823678434882, "post_0100_share": 0.00059368681379419995, "common_window_persistence": 0.020923155001338602, "weekend_common_ratio": 0.49844283578166371, "volume_band": "high", "cluster": 0, "Station": "Denmark Hill", "mode_label": "LO", "tot_entry": 7675.7533526135603, "tot_exit": 13103.740360629001, "easting": 532776.0, "northing": 176086.0, "lon": -0.08985, "lat": 51.46817, "coord_source": "naptan_rse_tmu", "catchment_area_m2": 3510495.8807888092, "station_in_lnwc_extent": true }, "geometry": { "type": "Polygon", "coordinates": [ [ [ -0.077963312435754, 51.460348191357696 ], [ -0.079248380694626, 51.459658074285926 ], [ -0.080635506574959, 51.459049949315222 ], [ -0.08211133538588, 51.458529669711467 ], [ -0.083661660195222, 51.458102243063621 ], [ -0.085271558415429, 51.457771783172433 ], [ -0.086925535213243, 51.457541470530415 ], [ -0.088607672373734, 51.457413521769197 ], [ -0.090301781198812, 51.457389168366177 ], [ -0.091991557983156, 51.457468644813012 ], [ -0.093660740586763, 51.45765118635908 ], [ -0.095293264613112, 51.457935036351458 ], [ -0.096873417705571, 51.458317463101736 ], [ -0.098385990491907, 51.458794786119078 ], [ -0.098714031903738, 51.458924962560729 ], [ -0.1059487630054, 51.471763494271507 ], [ -0.10590104106996, 51.471932496747584 ], [ -0.096136539134255, 51.478217944058677 ], [ -0.09604409694833, 51.478243431256189 ], [ -0.094433547852464, 51.478574031371828 ], [ -0.092778842321483, 51.478804441701769 ], [ -0.091095926575127, 51.478932441860238 ], [ -0.089401019232113, 51.478956798394719 ], [ -0.087710454684364, 51.478877276693183 ], [ -0.086040525345198, 51.478694643245383 ], [ -0.084407324307769, 51.478410658235966 ], [ -0.08282658994587, 51.478028058541966 ], [ -0.081698303192429, 51.477671964264609 ], [ -0.077551547648726, 51.460617444153335 ], [ -0.077963312435754, 51.460348191357696 ] ] ] } },
{ "type": "Feature", "properties": { "NLC": 5423, "total_activity": 37044.12587066675, "log_total_activity": 10.519892066622464, "direction_balance": -0.32824438094363362, "post_2300_share": 0.10159167392832889, "midnight_share_common_window": 0.0273239149377268, "night_tube_extension_share": 0.0018724742248969, "post_0100_share": 0.0011577117660538001, "common_window_persistence": 0.039225873284253303, "weekend_common_ratio": 0.77374121276390606, "volume_band": "high", "cluster": 2, "Station": "Peckham Rye", "mode_label": "LO", "tot_entry": 12442.299853325851, "tot_exit": 24601.826017340911, "easting": 534191.0, "northing": 176339.0, "lon": -0.0694, "lat": 51.47011, "coord_source": "naptan_rse_tmu", "catchment_area_m2": 2700854.794188322, "station_in_lnwc_extent": true }, "geometry": { "type": "Polygon", "coordinates": [ [ [ -0.057511401256359, 51.462286247081842 ], [ -0.05879682727719, 51.46159635828613 ], [ -0.060184278004823, 51.460988479026753 ], [ -0.061660395628295, 51.46046846020419 ], [ -0.063210970441879, 51.460041306897324 ], [ -0.064821077457389, 51.459711130276673 ], [ -0.066475219836728, 51.459481108109117 ], [ -0.068157477774984, 51.459353454231753 ], [ -0.069851661414086, 51.459329397285167 ], [ -0.071541466329779, 51.459409168909239 ], [ -0.07321063011103, 51.459592001513904 ], [ -0.074843088540818, 51.459876135646326 ], [ -0.076423129890873, 51.460258836884563 ], [ -0.077550948234575, 51.460614978037718 ], [ -0.081697703354949, 51.477669498172375 ], [ -0.081285801479408, 51.477938761937814 ], [ -0.080000242150192, 51.478628894276277 ], [ -0.078612506992089, 51.479237003525917 ], [ -0.077135964746563, 51.479757229947829 ], [ -0.075584841437322, 51.480184560485107 ], [ -0.073974083130931, 51.480514877156537 ], [ -0.072319211694236, 51.480744996813051 ], [ -0.070636174949416, 51.480872701871128 ], [ -0.07044242242581, 51.480875453382424 ], [ -0.056342545320662, 51.463050088205016 ], [ -0.057511401256359, 51.462286247081842 ] ] ] } },
{ "type": "Feature", "properties": { "NLC": 5424, "total_activity": 17838.59258761715, "log_total_activity": 9.7891755688562565, "direction_balance": -0.51333027840802548, "post_2300_share": 0.099722510054408506, "midnight_share_common_window": 0.025076126359527801, "night_tube_extension_share": 0.0026497413982970001, "post_0100_share": 0.0013766866521479999, "common_window_persistence": 0.036996108271978703, "weekend_common_ratio": 0.79116593318477335, "volume_band": "medium", "cluster": 4, "Station": "Queens Road Peckham", "mode_label": "LO", "tot_entry": 4340.7514441041494, "tot_exit": 13497.841143513007, "easting": 535014.0, "northing": 176773.0, "lon": -0.05739, "lat": 51.47382, "coord_source": "naptan_rse_tmu", "catchment_area_m2": 2292397.0043781195, "station_in_lnwc_extent": true }, "geometry": { "type": "Polygon", "coordinates": [ [ [ -0.05615283990281, 51.463057840296173 ], [ -0.056346517126375, 51.46305511160854 ], [ -0.070446397289954, 51.480880476326021 ], [ -0.069277270222255, 51.481644441422745 ], [ -0.06799142738003, 51.482334438667507 ], [ -0.0666034224305, 51.482942402540615 ], [ -0.065126626718887, 51.483462474703465 ], [ -0.063575268715439, 51.483889643585343 ], [ -0.061964296752269, 51.484219792762758 ], [ -0.06030923475875, 51.484449740701088 ], [ -0.058626032396518, 51.484577271472013 ], [ -0.057778741899995, 51.484589213071438 ], [ -0.050596696869294, 51.483263069694083 ], [ -0.047841747134595, 51.468940792407622 ], [ -0.055012224570573, 51.463144269132719 ], [ -0.05615283990281, 51.463057840296173 ] ] ] } },
{ "type": "Feature", "properties": { "NLC": 5437, "total_activity": 18243.485583737121, "log_total_activity": 9.8116181535559424, "direction_balance": -0.61908654730823631, "post_2300_share": 0.13872399929358059, "midnight_share_common_window": 0.047980468516891403, "night_tube_extension_share": 0.0036299102114376001, "post_0100_share": 0.0081368321904981, "common_window_persistence": 0.0735480033310245, "weekend_common_ratio": 0.6249759259821055, "volume_band": "medium", "cluster": 0, "Station": "Sydenham", "mode_label": "LO", "tot_entry": 3474.5945414168609, "tot_exit": 14768.89104232026, "easting": 535363.66666666663, "northing": 171609.33333333334, "lon": -0.05433, "lat": 51.42733333333333, "coord_source": "naptan_rse_tmu", "catchment_area_m2": 2835432.5253361422, "station_in_lnwc_extent": true }, "geometry": { "type": "Polygon", "coordinates": [ [ [ -0.037209926195826, 51.425988377366139 ], [ -0.037503156494967, 51.424945742302576 ], [ -0.037958426001696, 51.423926094256721 ], [ -0.038571340510864, 51.422939251048504 ], [ -0.039335988989014, 51.421994714025352 ], [ -0.040245000820635, 51.421101576654891 ], [ -0.041289617045656, 51.420268437062816 ], [ -0.042459774892409, 51.419503315354227 ], [ -0.043744204785058, 51.418813576509329 ], [ -0.043963382963042, 51.418717499197953 ], [ -0.066554281396705, 51.424922689323353 ], [ -0.071429535656751, 51.428759474045691 ], [ -0.071161495721521, 51.429715048919043 ], [ -0.070706901093748, 51.430734832129339 ], [ -0.070094565787208, 51.431721848324919 ], [ -0.069330378576929, 51.432666589510504 ], [ -0.068421692352156, 51.433559954372683 ], [ -0.068002886509429, 51.433894133999893 ], [ -0.039605465886805, 51.4329430179423 ], [ -0.03890073781631, 51.432161391653544 ], [ -0.038217870089772, 51.431192633200133 ], [ -0.037690223028158, 51.430186698604359 ], [ -0.037322868794653, 51.429153277576177 ], [ -0.037119334730872, 51.428102323922069 ], [ -0.037081569789655, 51.427043959631014 ], [ -0.037209926195826, 51.425988377366139 ] ] ] } },
{ "type": "Feature", "properties": { "NLC": 5595, "total_activity": 104137.68731775388, "log_total_activity": 11.55347882166101, "direction_balance": -0.22934034915113291, "post_2300_share": 0.10784861800835251, "midnight_share_common_window": 0.026146903683915701, "night_tube_extension_share": 0.0111968631254471, "post_0100_share": 0.0072726002178208002, "common_window_persistence": 0.038608404167958299, "weekend_common_ratio": 0.87021849974214993, "volume_band": "high", "cluster": 2, "Station": "Clapham Junction", "mode_label": "LO", "tot_entry": 40127.356874254343, "tot_exit": 64010.330443499581, "easting": 527223.0, "northing": 175527.66666666666, "lon": -0.16995, "lat": 51.464433333333339, "coord_source": "naptan_rse_tmu", "catchment_area_m2": 3695449.1922638095, "station_in_lnwc_extent": true }, "geometry": { "type": "Polygon", "coordinates": [ [ [ -0.165354592327184, 51.454031532137577 ], [ -0.167008058668356, 51.45380008397229 ], [ -0.168689862892843, 51.453670982254415 ], [ -0.170383819498916, 51.453645469552605 ], [ -0.172073626243579, 51.453723791510477 ], [ -0.173743020701169, 51.45390519448307 ], [ -0.175375936444167, 51.454187932770438 ], [ -0.176956657358806, 51.454569285379321 ], [ -0.178469968625177, 51.455045582153794 ], [ -0.179901302922163, 51.455612239025662 ], [ -0.181236880461539, 51.456263802049122 ], [ -0.182463841512524, 51.456993999799749 ], [ -0.183570370147479, 51.4577958036379 ], [ -0.184545808020935, 51.458661495261559 ], [ -0.185380757086753, 51.459582740903087 ], [ -0.186067170261495, 51.460550671460553 ], [ -0.186598429154973, 51.461555967796833 ], [ -0.186969408110428, 51.462588950389495 ], [ -0.187176523926096, 51.463639672471714 ], [ -0.187209555740439, 51.4644872309634 ], [ -0.165559694632773, 51.474850257979028 ], [ -0.164526607768891, 51.474671365979269 ], [ -0.162945304140713, 51.474289841099903 ], [ -0.161431527916697, 51.473813340648476 ], [ -0.159999864286019, 51.473246456520293 ], [ -0.158664105693005, 51.47259465139453 ], [ -0.157437118826222, 51.471864205999495 ], [ -0.156330720605386, 51.471062158491641 ], [ -0.155664673507958, 51.470470724516744 ], [ -0.153206268911176, 51.465428244296781 ], [ -0.153676053425281, 51.462722535999447 ], [ -0.164385326614892, 51.454231245515466 ], [ -0.165354592327184, 51.454031532137577 ] ] ] } },
{ "type": "Feature", "properties": { "NLC": 6562, "total_activity": 57441.056568315151, "log_total_activity": 10.958532006847101, "direction_balance": -0.48732409859803649, "post_2300_share": 0.12246345990143601, "midnight_share_common_window": 0.0319762297868839, "night_tube_extension_share": 0.0, "post_0100_share": 0.0, "common_window_persistence": 0.050360537761538898, "weekend_common_ratio": 0.79176720289156488, "volume_band": "high", "cluster": 4, "Station": "Woolwich EL", "mode_label": "EZL", "tot_entry": 14724.322726821076, "tot_exit": 42716.733841494082, "easting": 543832.0, "northing": 179022.0, "lon": 0.07041, "lat": 51.49186, "coord_source": "naptan_rse_tmu", "catchment_area_m2": 1766577.281021232, "station_in_lnwc_extent": true }, "geometry": { "type": "Polygon", "coordinates": [ [ [ 0.087547208668634, 51.490493601892382 ], [ 0.087250686815591, 51.489451327316502 ], [ 0.08679196603801, 51.488432213889489 ], [ 0.08617547378746, 51.487446074261477 ], [ 0.08540715554868, 51.486502402983916 ], [ 0.084494417261709, 51.485610285168597 ], [ 0.083689553804033, 51.484971553137221 ], [ 0.060464987394142, 51.495046066253146 ], [ 0.076834575688731, 51.500100574861591 ], [ 0.08187220911193, 51.499919208948945 ], [ 0.08296717562639, 51.499263438093273 ], [ 0.084069936071179, 51.498459166878447 ], [ 0.085041046838867, 51.497591295487965 ], [ 0.085871159766007, 51.496668185304927 ], [ 0.08655228659186, 51.495698729364818 ], [ 0.087077875651776, 51.494692266596189 ], [ 0.087442874666996, 51.493658491784274 ], [ 0.087643779038067, 51.492607362128005 ], [ 0.087678665190714, 51.491549001293947 ], [ 0.087547208668634, 51.490493601892382 ] ] ] } },
{ "type": "Feature", "properties": { "NLC": 6867, "total_activity": 10691.858790684057, "log_total_activity": 9.2773313948978409, "direction_balance": -0.2028611278914681, "post_2300_share": 0.14164351670736311, "midnight_share_common_window": 0.040204587666165199, "night_tube_extension_share": 0.010821538605050701, "post_0100_share": 0.0062017182388557001, "common_window_persistence": 0.063519135280540706, "weekend_common_ratio": 0.76185912119565025, "volume_band": "medium", "cluster": 2, "Station": "Hackney Downs", "mode_label": "LO", "tot_entry": 4261.4481285747888, "tot_exit": 6430.4106621092642, "easting": 534560.5, "northing": 185063.5, "lon": -0.060755, "lat": 51.548425, "coord_source": "naptan_rse_tmu", "catchment_area_m2": 801620.02116533672, "station_in_lnwc_extent": true }, "geometry": { "type": "Polygon", "coordinates": [ [ [ -0.068196678240192, 51.547511974965403 ], [ -0.068371259416275, 51.55238628042985 ], [ -0.059624018460059, 51.555005113129162 ], [ -0.053931725953275, 51.554402315719571 ], [ -0.060759586030506, 51.544525057586299 ], [ -0.06642013131896, 51.543700267357579 ], [ -0.068196678240192, 51.547511974965403 ] ] ] } },
{ "type": "Feature", "properties": { "NLC": 6874, "total_activity": 17397.247841627366, "log_total_activity": 9.7641247813751129, "direction_balance": -0.56184706052163158, "post_2300_share": 0.11835147583228101, "midnight_share_common_window": 0.040249342019461003, "night_tube_extension_share": 0.0129317104578364, "post_0100_share": 0.010412733478898499, "common_window_persistence": 0.059524827418906398, "weekend_common_ratio": 0.65353079141092985, "volume_band": "medium", "cluster": 0, "Station": "Chadwell Heath", "mode_label": "EZL", "tot_entry": 3811.3276403213663, "tot_exit": 13585.920201305997, "easting": 547701.0, "northing": 187615.0, "lon": 0.1297, "lat": 51.56807, "coord_source": "naptan_rse_tmu", "catchment_area_m2": 3804877.2817316107, "station_in_lnwc_extent": true }, "geometry": { "type": "Polygon", "coordinates": [ [ [ 0.146863769404922, 51.566698016785551 ], [ 0.146565349109011, 51.565655926514864 ], [ 0.146104492615087, 51.564637081955581 ], [ 0.145485647972588, 51.563651293155274 ], [ 0.144714783340921, 51.562708051273262 ], [ 0.143799329192444, 51.561816437272597 ], [ 0.14274810649885, 51.560985034579723 ], [ 0.141571241602206, 51.560221846548245 ], [ 0.140280068597359, 51.559534219517126 ], [ 0.138887020169428, 51.55892877219884 ], [ 0.137405507937976, 51.558411332072374 ], [ 0.135849793457234, 51.557986879388537 ], [ 0.134234851108486, 51.557659499321787 ], [ 0.132576224195852, 51.557432342725143 ], [ 0.130889875619567, 51.557307595862341 ], [ 0.129192034550878, 51.557286459405823 ], [ 0.127499040569601, 51.55736913690081 ], [ 0.12582718674873, 51.557554832805351 ], [ 0.124192563180306, 51.55784176012552 ], [ 0.12276976547016, 51.558188449252988 ], [ 0.11726360276635, 51.575555745708535 ], [ 0.11781628490722, 51.575914273257304 ], [ 0.119107597630558, 51.57660214433205 ], [ 0.120500937460448, 51.577207821680609 ], [ 0.121982881578917, 51.577725468984063 ], [ 0.123539151834563, 51.578150098029894 ], [ 0.125154752487985, 51.578477616866202 ], [ 0.12681411493678, 51.578704869307053 ], [ 0.128501248014466, 51.578829665405522 ], [ 0.130199892401838, 51.578850802597046 ], [ 0.13189367764799, 51.578768077308169 ], [ 0.133566280272052, 51.578582286917538 ], [ 0.135201581405891, 51.578295222050095 ], [ 0.136783822442683, 51.577909649280102 ], [ 0.138297757176407, 51.577429284411153 ], [ 0.139728798952598, 51.576858756593694 ], [ 0.141063161400862, 51.576203563629448 ], [ 0.142287991384014, 51.575470018897271 ], [ 0.143391492876591, 51.57466519041683 ], [ 0.144363040576059, 51.573796832641854 ], [ 0.14519328215227, 51.572873311645381 ], [ 0.145874228153454, 51.571903524422616 ], [ 0.146399328709208, 51.570896813093185 ], [ 0.146763536301001, 51.569862874834136 ], [ 0.146963354007598, 51.568811668413971 ], [ 0.146996868774822, 51.567753318231546 ], [ 0.146863769404922, 51.566698016785551 ] ] ] } },
{ "type": "Feature", "properties": { "NLC": 6876, "total_activity": 23544.698826190011, "log_total_activity": 10.066698442686976, "direction_balance": -0.46324317129171672, "post_2300_share": 0.13979693575588881, "midnight_share_common_window": 0.045463488112193799, "night_tube_extension_share": 0.0105442827890057, "post_0100_share": 0.0080459231422405006, "common_window_persistence": 0.071715925100137301, "weekend_common_ratio": 0.74624543462649728, "volume_band": "high", "cluster": 4, "Station": "Forest Gate", "mode_label": "EZL", "tot_entry": 6318.8889374186947, "tot_exit": 17225.80988877132, "easting": 540477.0, "northing": 185355.0, "lon": 0.024635, "lat": 51.549605, "coord_source": "naptan_rse_tmu", "catchment_area_m2": 1304763.57184963, "station_in_lnwc_extent": true }, "geometry": { "type": "Polygon", "coordinates": [ [ [ 0.018370656297176, 51.540813205990716 ], [ 0.013351724688852, 51.551914225153297 ], [ 0.034324107143067, 51.549814971840838 ], [ 0.034161406124104, 51.543717737834591 ], [ 0.022052967783818, 51.54021737142655 ], [ 0.018370656297176, 51.540813205990716 ] ] ] } },
{ "type": "Feature", "properties": { "NLC": 6877, "total_activity": 13739.434385595649, "log_total_activity": 9.5280981799487794, "direction_balance": -0.6462608714446153, "post_2300_share": 0.1338755232929294, "midnight_share_common_window": 0.044149902630406898, "night_tube_extension_share": 0.0181199732931751, "post_0100_share": 0.0136605270034193, "common_window_persistence": 0.063824047697163197, "weekend_common_ratio": 0.60980803589326527, "volume_band": "medium", "cluster": 0, "Station": "Gidea Park", "mode_label": "EZL", "tot_entry": 2430.0877732022464, "tot_exit": 11309.346612393399, "easting": 552909.5, "northing": 189300.0, "lon": 0.20552, "lat": 51.58182, "coord_source": "naptan_rse_tmu", "catchment_area_m2": 3734400.419936534, "station_in_lnwc_extent": true }, "geometry": { "type": "Polygon", "coordinates": [ [ [ 0.222690649869478, 51.580438964949685 ], [ 0.22247223357963, 51.579681058549582 ], [ 0.202753975303441, 51.571184418514754 ], [ 0.201632836825015, 51.571309656446289 ], [ 0.199998232242622, 51.571597639713183 ], [ 0.199695421653751, 51.571671631046321 ], [ 0.188974557529542, 51.584961904626056 ], [ 0.189110034512123, 51.58526060219841 ], [ 0.189730124261816, 51.586246142821423 ], [ 0.190502325459464, 51.587189069602289 ], [ 0.191419208008373, 51.588080298661147 ], [ 0.192471946469924, 51.588911243663802 ], [ 0.193650404878569, 51.589673898640079 ], [ 0.194943234260941, 51.59036091522087 ], [ 0.196337981923677, 51.590965673544773 ], [ 0.197821211457823, 51.591482346146215 ], [ 0.1993786323011, 51.591905954204599 ], [ 0.200995237604088, 51.592232415607654 ], [ 0.202655449063337, 51.592458584362056 ], [ 0.204343267314707, 51.592582280967648 ], [ 0.206042426424492, 51.592602313460006 ], [ 0.207736550974749, 51.592518488916667 ], [ 0.209409314213261, 51.592331615314848 ], [ 0.211044595727881, 51.592043493723473 ], [ 0.212626637109866, 51.591656900904724 ], [ 0.21414019409111, 51.591175562495891 ], [ 0.215570683675654, 51.590604117031596 ], [ 0.216641247656449, 51.590077486977194 ], [ 0.222037263483879, 51.585014666830354 ], [ 0.222233108416292, 51.584637969686682 ], [ 0.222595687315941, 51.583603817687376 ], [ 0.222793801208498, 51.58255250478004 ], [ 0.222825553464301, 51.581494156377673 ], [ 0.222690649869478, 51.580438964949685 ] ] ] } },
{ "type": "Feature", "properties": { "NLC": 6878, "total_activity": 16671.943336391905, "log_total_activity": 9.7215425250296352, "direction_balance": -0.54516790951796246, "post_2300_share": 0.1124825713777437, "midnight_share_common_window": 0.039665321675354498, "night_tube_extension_share": 0.0096960543406068994, "post_0100_share": 0.0076834340182628004, "common_window_persistence": 0.057843730327551898, "weekend_common_ratio": 0.64460653135529988, "volume_band": "medium", "cluster": 0, "Station": "Goodmayes", "mode_label": "EZL", "tot_entry": 3791.4674200446029, "tot_exit": 12880.475916347305, "easting": 546367.0, "northing": 187311.0, "lon": 0.11034, "lat": 51.56568, "coord_source": "naptan_rse_tmu", "catchment_area_m2": 2544360.5199239296, "station_in_lnwc_extent": true }, "geometry": { "type": "Polygon", "coordinates": [ [ [ 0.122214140278255, 51.557839798435651 ], [ 0.120923321638438, 51.557151953968713 ], [ 0.119530597375367, 51.556546272775044 ], [ 0.118049375994804, 51.556028584585214 ], [ 0.116493916257582, 51.555603872037608 ], [ 0.114879190098593, 51.555276222807414 ], [ 0.113220738745873, 51.555048790337494 ], [ 0.111534523413647, 51.554923763545716 ], [ 0.109836771993277, 51.554902345797444 ], [ 0.108143823203013, 51.554984743343816 ], [ 0.107214434468336, 51.555087822030629 ], [ 0.101326207781853, 51.571642354012667 ], [ 0.107196691198786, 51.57628576074594 ], [ 0.107449831554677, 51.576320472860282 ], [ 0.109136831156939, 51.576445549092334 ], [ 0.11083538577075, 51.576466967789699 ], [ 0.11252912581158, 51.576384522664839 ], [ 0.114201728234116, 51.576199008395051 ], [ 0.115837074170762, 51.575912212943194 ], [ 0.11726047674789, 51.575565601992025 ], [ 0.122766641728141, 51.558198305683362 ], [ 0.122214140278255, 51.557839798435651 ] ] ] } },
{ "type": "Feature", "properties": { "NLC": 6879, "total_activity": 14122.912961969188, "log_total_activity": 9.5556245946085294, "direction_balance": -0.62844327470655836, "post_2300_share": 0.1237708619379152, "midnight_share_common_window": 0.044449282892438401, "night_tube_extension_share": 0.0148007863145226, "post_0100_share": 0.013444998066550799, "common_window_persistence": 0.062110315990598401, "weekend_common_ratio": 0.53284724236031689, "volume_band": "medium", "cluster": 0, "Station": "Harold Wood", "mode_label": "EZL", "tot_entry": 2623.7316458767864, "tot_exit": 11499.181316092399, "easting": 554786.5, "northing": 190630.0, "lon": 0.233175, "lat": 51.59326, "coord_source": "naptan_rse_tmu", "catchment_area_m2": 4494492.9498596098, "station_in_lnwc_extent": true }, "geometry": { "type": "Polygon", "coordinates": [ [ [ 0.250348364136427, 51.591872333528578 ], [ 0.250047400983943, 51.590830541700846 ], [ 0.249583969714585, 51.589812139220783 ], [ 0.248962543165403, 51.588826931862805 ], [ 0.248189114343409, 51.587884405172424 ], [ 0.24727113838995, 51.586993633212828 ], [ 0.246217460530493, 51.586163191291433 ], [ 0.245038230713336, 51.585401073502304 ], [ 0.243744805766161, 51.584714615873743 ], [ 0.24234964001622, 51.584110425855798 ], [ 0.240866165427825, 51.583594318821874 ], [ 0.239308662408424, 51.583171262190419 ], [ 0.237692122521141, 51.582845327700149 ], [ 0.236032104416751, 51.582619652293999 ], [ 0.234344584360623, 51.582496407984792 ], [ 0.232645802780176, 51.582476780989936 ], [ 0.230952108295008, 51.582560960334114 ], [ 0.229279800715148, 51.582748136028592 ], [ 0.227644974502387, 51.583036506844792 ], [ 0.226063364185478, 51.583423297608405 ], [ 0.224550193202072, 51.583904785849199 ], [ 0.223120027608789, 51.584476337553177 ], [ 0.222049670111071, 51.585003024731968 ], [ 0.216653657021239, 51.590065845425997 ], [ 0.216457743658784, 51.590442533757134 ], [ 0.216094975029271, 51.591476667967861 ], [ 0.215896673558263, 51.592527970373077 ], [ 0.215864760316414, 51.593586317052079 ], [ 0.215999554230511, 51.594641515544687 ], [ 0.216299768566853, 51.595683403010263 ], [ 0.216762522884784, 51.596701944128156 ], [ 0.217383370362114, 51.597687327796187 ], [ 0.218156340245239, 51.598630061693342 ], [ 0.219073995029577, 51.599521063793603 ], [ 0.220127501832015, 51.600351749945361 ], [ 0.221306717277889, 51.601114116668924 ], [ 0.222600285091802, 51.601800818369611 ], [ 0.223995745456225, 51.602405238217763 ], [ 0.225479655084977, 51.602921552007757 ], [ 0.227037716852263, 51.603344784375643 ], [ 0.228654917722585, 51.603670856829211 ], [ 0.230315673643963, 51.603896627123703 ], [ 0.232003979997126, 51.604019919599764 ], [ 0.233703566137697, 51.604039546188957 ], [ 0.235398052527273, 51.603955317882232 ], [ 0.237071108923378, 51.603768046549924 ], [ 0.238706612087625, 51.603479537095843 ], [ 0.240288801476393, 51.603092570022163 ], [ 0.241802431398621, 51.602610874574566 ], [ 0.243232918160934, 51.602039092729932 ], [ 0.24456648077065, 51.6013827343766 ], [ 0.245790273831879, 51.600648124123623 ], [ 0.246892511347991, 51.59984234025584 ], [ 0.24786258023461, 51.598973146428349 ], [ 0.248691142449653, 51.598048916762899 ], [ 0.249370224759935, 51.597078555073459 ], [ 0.249893295286228, 51.59607140900313 ], [ 0.250255326098845, 51.595037179904068 ], [ 0.250452841272942, 51.593985829332027 ], [ 0.250483949954803, 51.592927483058659 ], [ 0.250348364136427, 51.591872333528578 ] ] ] } },
{ "type": "Feature", "properties": { "NLC": 6881, "total_activity": 44437.485086944223, "log_total_activity": 10.701861154219875, "direction_balance": -0.42780598033530748, "post_2300_share": 0.1164270189454143, "midnight_share_common_window": 0.039994268899679497, "night_tube_extension_share": 0.0087076734790837006, "post_0100_share": 0.0075251911185401001, "common_window_persistence": 0.060458407274354801, "weekend_common_ratio": 0.81016133049696848, "volume_band": "high", "cluster": 4, "Station": "Ilford", "mode_label": "EZL", "tot_entry": 12713.431607844224, "tot_exit": 31724.053479099995, "easting": 543506.0, "northing": 186465.0, "lon": 0.068743333333333295, "lat": 51.558816666666665, "coord_source": "naptan_rse_tmu", "catchment_area_m2": 3727383.5910612936, "station_in_lnwc_extent": true }, "geometry": { "type": "Polygon", "coordinates": [ [ [ 0.085152839196588, 51.555394555866371 ], [ 0.084535435033988, 51.554408427982253 ], [ 0.083765982228749, 51.553464768383677 ], [ 0.082851897673707, 51.55257266206322 ], [ 0.081801989171264, 51.551740697193623 ], [ 0.080626370430456, 51.550976882545967 ], [ 0.080029994567628, 51.550658677251405 ], [ 0.068894276372045, 51.548043304772868 ], [ 0.068253433289656, 51.548034987785911 ], [ 0.066560646934965, 51.548116783215562 ], [ 0.064888858502278, 51.548301609761047 ], [ 0.063254157450622, 51.548587688791272 ], [ 0.062516612625028, 51.54876700023199 ], [ 0.052599756585915, 51.562669903356799 ], [ 0.05294672031807, 51.563224694086848 ], [ 0.053715711221168, 51.5641685595862 ], [ 0.054629470911433, 51.565060895021844 ], [ 0.055679204070841, 51.565893103416215 ], [ 0.056854803728694, 51.566657166639736 ], [ 0.057745867177642, 51.567132735037248 ], [ 0.077212400323329, 51.568220258614581 ], [ 0.077330381928986, 51.568182892388322 ], [ 0.077926557526835, 51.56794560273056 ], [ 0.080535053746623, 51.566675114650899 ], [ 0.085419516999885, 51.555986140189141 ], [ 0.085152839196588, 51.555394555866371 ] ] ] } },
{ "type": "Feature", "properties": { "NLC": 6883, "total_activity": 16565.360568387692, "log_total_activity": 9.7151294464886302, "direction_balance": -0.55518667609808825, "post_2300_share": 0.14857608781238729, "midnight_share_common_window": 0.0504334373628052, "night_tube_extension_share": 0.012400063598246301, "post_0100_share": 0.0091989618641540004, "common_window_persistence": 0.081576020887328404, "weekend_common_ratio": 0.76926525378177713, "volume_band": "medium", "cluster": 4, "Station": "Manor Park", "mode_label": "EZL", "tot_entry": 3684.246548029093, "tot_exit": 12881.114020358606, "easting": 541975.0, "northing": 185732.0, "lon": 0.04638, "lat": 51.55262, "coord_source": "naptan_rse_tmu", "catchment_area_m2": 2107246.4614697048, "station_in_lnwc_extent": true }, "geometry": { "type": "Polygon", "coordinates": [ [ [ 0.062301135275797, 51.548422075339914 ], [ 0.057405900265732, 51.547493498147155 ], [ 0.035673232071998, 51.55374897561304 ], [ 0.03506533611895, 51.560764604070094 ], [ 0.035776342524155, 51.561144355994315 ], [ 0.037168123602821, 51.561751041745353 ], [ 0.03864864252321, 51.562269758786563 ], [ 0.040203634894213, 51.562695508597876 ], [ 0.041818117315455, 51.563024188426105 ], [ 0.043476531982205, 51.563252630894723 ], [ 0.045162896879221, 51.563378634584808 ], [ 0.046860960103065, 51.563400985289498 ], [ 0.048554356811023, 51.563319467735326 ], [ 0.050226767268399, 51.563134867656302 ], [ 0.051862074454972, 51.56284896420091 ], [ 0.052599889424471, 51.562669717185535 ], [ 0.06251674538387, 51.548766814049934 ], [ 0.062301135275797, 51.548422075339914 ] ] ] } },
{ "type": "Feature", "properties": { "NLC": 6886, "total_activity": 57167.522754412799, "log_total_activity": 10.953758724400169, "direction_balance": -0.5280340501028461, "post_2300_share": 0.12944759068017461, "midnight_share_common_window": 0.044201892664866703, "night_tube_extension_share": 0.012679764278700699, "post_0100_share": 0.0090158727761378999, "common_window_persistence": 0.0664707999461914, "weekend_common_ratio": 0.79044624332408198, "volume_band": "high", "cluster": 4, "Station": "Romford", "mode_label": "EZL,LO", "tot_entry": 13490.5620900268, "tot_exit": 43676.960664386017, "easting": 551383.0, "northing": 188474.5, "lon": 0.18315, "lat": 51.574815, "coord_source": "naptan_rse_tmu", "catchment_area_m2": 4139611.0533365211, "station_in_lnwc_extent": true }, "geometry": { "type": "Polygon", "coordinates": [ [ [ 0.199557072806319, 51.571376474554562 ], [ 0.198936984208226, 51.5703909836664 ], [ 0.198164905425848, 51.569448108587338 ], [ 0.197248278608888, 51.568556926742282 ], [ 0.196195936003971, 51.567726017391507 ], [ 0.195018014717815, 51.566963379134691 ], [ 0.193725858996763, 51.566276353015112 ], [ 0.192331910967358, 51.565671551958708 ], [ 0.190849590890459, 51.565154797222831 ], [ 0.189293168079105, 51.564731062461419 ], [ 0.187677623716988, 51.564404425940197 ], [ 0.186018506889467, 51.564178031357883 ], [ 0.184331785201796, 51.564054057647027 ], [ 0.18263369140922, 51.564033698042344 ], [ 0.180940567520366, 51.56411714861607 ], [ 0.179268707858657, 51.564303606389608 ], [ 0.177634202576167, 51.564591277040101 ], [ 0.176052783110165, 51.564977392128206 ], [ 0.174539671054857, 51.56545823568343 ], [ 0.17310943188941, 51.566029179893839 ], [ 0.171775834958657, 51.566684729560372 ], [ 0.170551721045162, 51.567418574891605 ], [ 0.169448878801155, 51.568223652135707 ], [ 0.168477931226666, 51.569092211470789 ], [ 0.167648233286744, 51.570015891505122 ], [ 0.166967781656724, 51.570985799674546 ], [ 0.166443137470877, 51.571992597768407 ], [ 0.166079362827598, 51.573026591764048 ], [ 0.165879971674372, 51.574077825108937 ], [ 0.165846895559498, 51.575136174554693 ], [ 0.165980464596033, 51.576191447622442 ], [ 0.16627940383793, 51.577233480761585 ], [ 0.166740845120386, 51.578252237256876 ], [ 0.167360354267196, 51.579237903939919 ], [ 0.168131973419048, 51.580180985771548 ], [ 0.169048278089586, 51.581072397381497 ], [ 0.170100448412095, 51.581903550679755 ], [ 0.171278353900582, 51.582666437691834 ], [ 0.172570650915807, 51.583353707814972 ], [ 0.173964891901378, 51.583958738746325 ], [ 0.175447645338301, 51.584475700394535 ], [ 0.177004625259757, 51.584899611154157 ], [ 0.178620829072626, 51.585226385995952 ], [ 0.180280682349226, 51.585452875905617 ], [ 0.18196818918297, 51.585576898287236 ], [ 0.183667086645882, 51.585597258035655 ], [ 0.18536100184473, 51.585513759073201 ], [ 0.187033610046481, 51.585327206237956 ], [ 0.188668792333085, 51.585039397505945 ], [ 0.188971709941545, 51.584965433539573 ], [ 0.199692575703978, 51.571675160207867 ], [ 0.199557072806319, 51.571376474554562 ] ] ] } },
{ "type": "Feature", "properties": { "NLC": 6893, "total_activity": 15597.870787761569, "log_total_activity": 9.6549538052177795, "direction_balance": -0.58615492287601523, "post_2300_share": 0.13976797418261139, "midnight_share_common_window": 0.048199750251246898, "night_tube_extension_share": 0.011968355794160199, "post_0100_share": 0.0094336110732614002, "common_window_persistence": 0.0749778224407118, "weekend_common_ratio": 0.69860623964478175, "volume_band": "medium", "cluster": 4, "Station": "Seven Kings", "mode_label": "EZL", "tot_entry": 3227.5510195655693, "tot_exit": 12370.319768196005, "easting": 545462.5, "northing": 187083.0, "lon": 0.097205, "lat": 51.56387, "coord_source": "naptan_rse_tmu", "catchment_area_m2": 2601666.2193592852, "station_in_lnwc_extent": true }, "geometry": { "type": "Polygon", "coordinates": [ [ [ 0.106398264446847, 51.554732449782968 ], [ 0.104917246942438, 51.554214593248503 ], [ 0.10336196690244, 51.553789704344226 ], [ 0.101747394535956, 51.553461872442377 ], [ 0.100089069594057, 51.553234252743515 ], [ 0.098402952076889, 51.553109035966784 ], [ 0.09670526893619, 51.55308742730525 ], [ 0.095012358233997, 51.553169634846526 ], [ 0.093340512241764, 51.553354867569368 ], [ 0.09170582097392, 51.553641342935514 ], [ 0.090124017645979, 51.554026304004481 ], [ 0.088610327529645, 51.554506045908639 ], [ 0.087179321646165, 51.555075951436514 ], [ 0.085844776694613, 51.555730535385173 ], [ 0.085420272076467, 51.555984487416552 ], [ 0.080535053746623, 51.566675114650899 ], [ 0.101326207781853, 51.571642354012667 ], [ 0.10721451877677, 51.555087584915732 ], [ 0.106398264446847, 51.554732449782968 ] ] ] } },
{ "type": "Feature", "properties": { "NLC": 6913, "total_activity": 6723.9152095941954, "log_total_activity": 8.8135745961517742, "direction_balance": -0.46147680168421612, "post_2300_share": 0.066301734964147305, "midnight_share_common_window": 0.016962006962759301, "night_tube_extension_share": 0.0, "post_0100_share": 0.0, "common_window_persistence": 0.0224874937572597, "weekend_common_ratio": 0.69907502398281818, "volume_band": "low", "cluster": 0, "Station": "Bush Hill Park", "mode_label": "LO", "tot_entry": 1810.4921619374047, "tot_exit": 4913.4230476567891, "easting": 533694.0, "northing": 195397.5, "lon": -0.06931, "lat": 51.641495, "coord_source": "naptan_rse_tmu", "catchment_area_m2": 3031406.8644583635, "station_in_lnwc_extent": true }, "geometry": { "type": "Polygon", "coordinates": [ [ [ -0.053473507394259, 51.637104831620661 ], [ -0.054241567275191, 51.636160264547513 ], [ -0.055154680270423, 51.635267084243601 ], [ -0.055320296277001, 51.635135588279425 ], [ -0.074863982559134, 51.63128040020554 ], [ -0.076362714362693, 51.631642102887788 ], [ -0.077880776956153, 51.632119734543423 ], [ -0.079316337012243, 51.632687647843206 ], [ -0.080655574057275, 51.633340376768523 ], [ -0.081885593103806, 51.634071638692426 ], [ -0.082994548736402, 51.634874394750028 ], [ -0.083971759176083, 51.635740917488853 ], [ -0.084807809225471, 51.636662865152935 ], [ -0.085494641100423, 51.637631361890584 ], [ -0.086025632267377, 51.638637083117928 ], [ -0.086395659527699, 51.639670345221106 ], [ -0.086601148720194, 51.640721198736522 ], [ -0.086640109549174, 51.641779524115179 ], [ -0.086550766798152, 51.642516594693731 ], [ -0.066565550435803, 51.650079742353981 ], [ -0.052863458787653, 51.63808278747527 ], [ -0.053473507394259, 51.637104831620661 ] ] ] } },
{ "type": "Feature", "properties": { "NLC": 6914, "total_activity": 8557.9774203300003, "log_total_activity": 9.0547360017580232, "direction_balance": -0.61578529618588207, "post_2300_share": 0.098614613023535705, "midnight_share_common_window": 0.029679261961253901, "night_tube_extension_share": 0.018508555482904102, "post_0100_share": 0.0093029998958479992, "common_window_persistence": 0.040254022462308199, "weekend_common_ratio": 0.47753312548818527, "volume_band": "medium", "cluster": 0, "Station": "Chingford", "mode_label": "LO", "tot_entry": 1644.0503799000007, "tot_exit": 6913.9270404300014, "easting": 539213.0, "northing": 194655.0, "lon": 0.0101, "lat": 51.63349, "coord_source": "naptan_rse_tmu", "catchment_area_m2": 4516629.8263861723, "station_in_lnwc_extent": true }, "geometry": { "type": "Polygon", "coordinates": [ [ [ 0.027299363618877, 51.632132703732104 ], [ 0.027003202153499, 51.63109029559444 ], [ 0.026544305932385, 51.630070970557398 ], [ 0.025927104190076, 51.629084543307762 ], [ 0.025157549329994, 51.62814051116159 ], [ 0.024243059276642, 51.62724796269702 ], [ 0.02319244578028, 51.626415490340023 ], [ 0.022015829374354, 51.625651107741845 ], [ 0.020724541811598, 51.624962172737895 ], [ 0.01933101692213, 51.624355316625696 ], [ 0.01784867094499, 51.623836380436998 ], [ 0.016291773482703, 51.62341035881321 ], [ 0.014675310315418, 51.623081352019184 ], [ 0.013014839386693, 51.622852526553714 ], [ 0.011326341336046, 51.622726084731653 ], [ 0.009626066003769, 51.62270324352825 ], [ 0.007930376370638, 51.622784222886828 ], [ 0.006255591418791, 51.622968243601882 ], [ 0.004617829410044, 51.623253534797449 ], [ 0.003032853074128, 51.623637350930103 ], [ 0.001515918181806, 51.624115998154494 ], [ 0.000081626946761, 51.624684869800596 ], [ -0.001256212344353, 51.625338490624692 ], [ -0.002484718131731, 51.626070569412327 ], [ -0.003592059540152, 51.626874059431124 ], [ -0.004567570304674, 51.627741226157163 ], [ -0.005401851567598, 51.628663721627049 ], [ -0.006086862553853, 51.629632664705866 ], [ -0.006615998245515, 51.630638726501779 ], [ -0.006984153298251, 51.631672220110111 ], [ -0.00718777157247, 51.632723193825754 ], [ -0.007224880788159, 51.633781526929525 ], [ -0.00709511195407, 51.634837027127901 ], [ -0.006799703367417, 51.635879528709069 ], [ -0.006341489128432, 51.636898990469739 ], [ -0.005724872263468, 51.637885592468983 ], [ -0.00495578269944, 51.638829830675121 ], [ -0.004041620479781, 51.639722608591363 ], [ -0.002991184756283, 51.640555324973967 ], [ -0.001814589230671, 51.641319956793964 ], [ -0.000523164853255, 51.642009136638443 ], [ 0.000870649288147, 51.642616223800822 ], [ 0.002353425838708, 51.64313536837021 ], [ 0.003910878649212, 51.643561567697276 ], [ 0.005528000597792, 51.643890714688098 ], [ 0.007189208424291, 51.644119637456186 ], [ 0.008878493170617, 51.644246129947426 ], [ 0.010579574764196, 51.644268973239363 ], [ 0.012276059240077, 51.644187947308446 ], [ 0.013951597070752, 51.644003833149874 ], [ 0.015590041061688, 51.643718405230629 ], [ 0.017175602274958, 51.643334414348345 ], [ 0.01869300246329, 51.642855561063953 ], [ 0.020127621531938, 51.642286459966172 ], [ 0.021465638595792, 51.641632595116455 ], [ 0.022694165263347, 51.640900267107 ], [ 0.023801369856977, 51.640096532247661 ], [ 0.024776591369464, 51.639229134471506 ], [ 0.025610442058905, 51.638306430620915 ], [ 0.026294897696933, 51.63733730983887 ], [ 0.026823374607344, 51.63633110784621 ], [ 0.027190792762398, 51.635297516935275 ], [ 0.027393624341062, 51.634246492550446 ], [ 0.027429927295584, 51.633188157358127 ], [ 0.027299363618877, 51.632132703732104 ] ] ] } },
{ "type": "Feature", "properties": { "NLC": 6919, "total_activity": 9417.7439998898553, "log_total_activity": 9.1504570253357045, "direction_balance": -0.62145953349513383, "post_2300_share": 0.1117393954851313, "midnight_share_common_window": 0.032300612014620998, "night_tube_extension_share": 0.020458021700653001, "post_0100_share": 0.010331765246920499, "common_window_persistence": 0.045135912117271498, "weekend_common_ratio": 0.62038559476178867, "volume_band": "medium", "cluster": 0, "Station": "Highams Park", "mode_label": "LO", "tot_entry": 1782.498603570855, "tot_exit": 7635.2453963190001, "easting": 538553.66666666663, "northing": 191823.0, "lon": -0.00053666666666659995, "lat": 51.6082, "coord_source": "naptan_rse_tmu", "catchment_area_m2": 4516623.1557742497, "station_in_lnwc_extent": true }, "geometry": { "type": "Polygon", "coordinates": [ [ [ 0.016650698639225, 51.606849210403354 ], [ 0.016354961226239, 51.60580676675184 ], [ 0.015896573302985, 51.604787390614817 ], [ 0.015279959196814, 51.603800897174274 ], [ 0.014511065642612, 51.602856784387264 ], [ 0.013597304189937, 51.601964141612036 ], [ 0.012547479569337, 51.601131562186552 ], [ 0.011371704717483, 51.600367060796714 ], [ 0.010081303286422, 51.599677996425285 ], [ 0.008688700579521, 51.59907100161859 ], [ 0.007207303964864, 51.598551918746566 ], [ 0.005651373914839, 51.598125743865076 ], [ 0.004035886907728, 51.597796578716256 ], [ 0.002376391502497, 51.597567591324413 ], [ 0.0006888589611, 51.597440985563708 ], [ -0.001010470157053, 51.597417979987277 ], [ -0.002705241966688, 51.597498796119936 ], [ -0.004379146308843, 51.597682656325937 ], [ -0.006016073388192, 51.597967791272389 ], [ -0.007600268503819, 51.598351456917548 ], [ -0.009116483399243, 51.598829960861814 ], [ -0.010550122788521, 51.599398697811452 ], [ -0.011887384659708, 51.60005219381636 ], [ -0.013115393014378, 51.600784158860527 ], [ -0.014222321771766, 51.601587547303716 ], [ -0.01519750864815, 51.602454625597247 ], [ -0.016031557915191, 51.60337704662701 ], [ -0.0167164310448, 51.604345929972979 ], [ -0.017245524361521, 51.60535194731743 ], [ -0.017613732945486, 51.606385412183229 ], [ -0.01781750015884, 51.607436373142221 ], [ -0.017854852304718, 51.608494709598943 ], [ -0.017725418069405, 51.609550229229178 ], [ -0.017430432543738, 51.610592766136079 ], [ -0.016972725767929, 51.611612278778928 ], [ -0.01635669589322, 51.612598946729918 ], [ -0.015588267202809, 51.61354326532561 ], [ -0.014674833381797, 51.614436137298661 ], [ -0.013625186570026, 51.615268960503144 ], [ -0.012449432871066, 51.616033710884921 ], [ -0.011158895124063, 51.61672301989254 ], [ -0.009766003870921, 51.617330245578515 ], [ -0.008284177568389, 51.617849536700312 ], [ -0.006727693201516, 51.618275889199133 ], [ -0.005111548550668, 51.618605194507133 ], [ -0.003451317447693, 51.618834279213736 ], [ -0.001762999427005, 51.618960935705054 ], [ -0.000062865233546, 51.618983943478383 ], [ 0.001632700308809, 51.618903080924483 ], [ 0.003307356538386, 51.618719127463066 ], [ 0.00494496476524, 51.618433856010732 ], [ 0.006529744112338, 51.618050015855161 ], [ 0.008046423871509, 51.617571306102157 ], [ 0.009480390892359, 51.617002339954681 ], [ 0.010817830572253, 51.616348600170767 ], [ 0.01204586007968, 51.615616386134668 ], [ 0.013152652520996, 51.614812753055283 ], [ 0.014127550851037, 51.613945443882493 ], [ 0.014961170430142, 51.613022814602992 ], [ 0.015645489242892, 51.612053753639707 ], [ 0.01617392491592, 51.611047596136089 ], [ 0.016541397802233, 51.610014033955579 ], [ 0.016744379536417, 51.608963022265982 ], [ 0.016779420229599, 51.607948306230469 ], [ 0.016749916306344, 51.607653355927816 ], [ 0.016650698639225, 51.606849210403354 ] ] ] } },
{ "type": "Feature", "properties": { "NLC": 6926, "total_activity": 8449.3651930432443, "log_total_activity": 9.0419649375289701, "direction_balance": -0.39384397830225532, "post_2300_share": 0.11134882059990391, "midnight_share_common_window": 0.030419727246968599, "night_tube_extension_share": 0.010946462110928701, "post_0100_share": 0.0064058918125468999, "common_window_persistence": 0.0443431650085475, "weekend_common_ratio": 0.60444020370594032, "volume_band": "medium", "cluster": 0, "Station": "Clapton", "mode_label": "LO", "tot_entry": 2560.8167956432449, "tot_exit": 5888.5483974000008, "easting": 534768.0, "northing": 186518.0, "lon": -0.05721, "lat": 51.56145, "coord_source": "naptan_rse_tmu", "catchment_area_m2": 2606384.7261063368, "station_in_lnwc_extent": true }, "geometry": { "type": "Polygon", "coordinates": [ [ [ -0.040034230812755, 51.560104098881411 ], [ -0.040328342238603, 51.559061487802424 ], [ -0.040784968857859, 51.55804186439412 ], [ -0.040987631810935, 51.557716539736113 ], [ -0.048959489570147, 51.554536513434869 ], [ -0.053931725953275, 51.554402315719571 ], [ -0.059624018460059, 51.555005113129162 ], [ -0.065124408239979, 51.563438724249174 ], [ -0.059693829337586, 51.572112548667953 ], [ -0.058444680186498, 51.572206979915229 ], [ -0.056746298888309, 51.572230827477377 ], [ -0.05505234936104, 51.572150800378481 ], [ -0.053379156676271, 51.571967669982456 ], [ -0.051742845408298, 51.571683201268812 ], [ -0.050159183929695, 51.571300135783574 ], [ -0.04864343217633, 51.570822165161388 ], [ -0.047210194362443, 51.570253895476782 ], [ -0.045873278076687, 51.569600802771291 ], [ -0.044645561125973, 51.568869180189552 ], [ -0.043538867416504, 51.5680660772381 ], [ -0.042563853071062, 51.567199231756966 ], [ -0.041729903879763, 51.566276995264722 ], [ -0.041045045068973, 51.565308252401181 ], [ -0.040515864251162, 51.564302335248136 ], [ -0.040147448288641, 51.563268933358046 ], [ -0.039943334667361, 51.562218000360829 ], [ -0.039905477835127, 51.561159658051061 ], [ -0.040034230812755, 51.560104098881411 ] ] ] } },
{ "type": "Feature", "properties": { "NLC": 6934, "total_activity": 8202.635105333924, "log_total_activity": 9.0123326405500084, "direction_balance": -0.2244337916763898, "post_2300_share": 0.082764940546052296, "midnight_share_common_window": 0.0149129138362175, "night_tube_extension_share": 0.0013686123614636001, "post_0100_share": 0.00060947173487809999, "common_window_persistence": 0.020946958631134299, "weekend_common_ratio": 0.71914244972184871, "volume_band": "low", "cluster": 2, "Station": "Stoke Newington", "mode_label": "LO", "tot_entry": 3180.8433034529839, "tot_exit": 5021.7918018809405, "easting": 533654.0, "northing": 186919.0, "lon": -0.07311, "lat": 51.56532, "coord_source": "naptan_rse_tmu", "catchment_area_m2": 1698739.8823329462, "station_in_lnwc_extent": true }, "geometry": { "type": "Polygon", "coordinates": [ [ [ -0.087752498582324, 51.559560053480475 ], [ -0.088587268432981, 51.560481972045913 ], [ -0.08891308224121, 51.560942081894154 ], [ -0.084349008931038, 51.568427690414687 ], [ -0.059811171783925, 51.572199274035142 ], [ -0.05969313336828, 51.572113660049681 ], [ -0.065124408239979, 51.563438724249174 ], [ -0.085182834226811, 51.558185562854483 ], [ -0.087211898414959, 51.559079963674094 ], [ -0.087752498582324, 51.559560053480475 ] ] ] } },
{ "type": "Feature", "properties": { "NLC": 6941, "total_activity": 14804.520309985972, "log_total_activity": 9.6027553841252384, "direction_balance": -0.47509093452164508, "post_2300_share": 0.072183673023125602, "midnight_share_common_window": 0.017910785440697199, "night_tube_extension_share": 0.0, "post_0100_share": 0.0, "common_window_persistence": 0.024669828222994801, "weekend_common_ratio": 0.69511648945091364, "volume_band": "medium", "cluster": 0, "Station": "Edmonton Green", "mode_label": "LO", "tot_entry": 3885.5134603850311, "tot_exit": 10919.006849600935, "easting": 534327.0, "northing": 193570.0, "lon": -0.06087, "lat": 51.62492, "coord_source": "naptan_rse_tmu", "catchment_area_m2": 3425770.1919082166, "station_in_lnwc_extent": true }, "geometry": { "type": "Polygon", "coordinates": [ [ [ -0.04367116603743, 51.623580000093718 ], [ -0.043965644116628, 51.622537394018067 ], [ -0.044422865215663, 51.621517772734869 ], [ -0.045038416221502, 51.620530953794081 ], [ -0.045806360612098, 51.619586438293076 ], [ -0.046719295951869, 51.61869331947242 ], [ -0.047768425438651, 51.617860195256625 ], [ -0.048943642803262, 51.617095085578377 ], [ -0.050100719192713, 51.616476421537463 ], [ -0.077964985103744, 51.623185408860394 ], [ -0.078153282909276, 51.624149580803241 ], [ -0.078192043026463, 51.625207909655984 ], [ -0.07806394958047, 51.626263506776191 ], [ -0.077770224734438, 51.627306205529976 ], [ -0.077313686368186, 51.62832596282621 ], [ -0.076698721357712, 51.629312955888004 ], [ -0.075931243705589, 51.630257676926682 ], [ -0.075018637910899, 51.631151024802953 ], [ -0.074853092974288, 51.63128254937947 ], [ -0.055309404888456, 51.635137735619608 ], [ -0.053810733348951, 51.63477576487039 ], [ -0.052292844124203, 51.634297823836725 ], [ -0.050857580311679, 51.63372958318358 ], [ -0.049518769030405, 51.633076518680092 ], [ -0.048289306348234, 51.632344923207093 ], [ -0.047181032986588, 51.631541846018166 ], [ -0.046204620275697, 51.630675024713405 ], [ -0.045369467459117, 51.629752810586481 ], [ -0.044683611333596, 51.628784088069082 ], [ -0.044153649088322, 51.62777818905348 ], [ -0.043784675077506, 51.626744802922801 ], [ -0.043580232123323, 51.625693883159187 ], [ -0.043542277804208, 51.624635551432242 ], [ -0.04367116603743, 51.623580000093718 ] ] ] } },
{ "type": "Feature", "properties": { "NLC": 6947, "total_activity": 4495.04661817946, "log_total_activity": 8.4109537603319282, "direction_balance": -0.387660602658286, "post_2300_share": 0.087836706388902799, "midnight_share_common_window": 0.017467572042373199, "night_tube_extension_share": 0.0, "post_0100_share": 0.0, "common_window_persistence": 0.025663730627734301, "weekend_common_ratio": 0.65653924430673227, "volume_band": "low", "cluster": 2, "Station": "Southbury", "mode_label": "LO", "tot_entry": 1376.2470685994606, "tot_exit": 3118.799549580001, "easting": 534826.0, "northing": 196248.0, "lon": -0.05263, "lat": 51.64887, "coord_source": "naptan_rse_tmu", "catchment_area_m2": 3749987.033604844, "station_in_lnwc_extent": true }, "geometry": { "type": "Polygon", "coordinates": [ [ [ -0.035427550113369, 51.647524147002528 ], [ -0.035722386809014, 51.646481569259443 ], [ -0.03618004744411, 51.645461988505282 ], [ -0.036796114660837, 51.64447522189694 ], [ -0.037564646956398, 51.643530770024796 ], [ -0.038478236226823, 51.642637725513353 ], [ -0.039528079368761, 51.641804685568161 ], [ -0.040704063239861, 51.64103966930702 ], [ -0.041994862152554, 51.640350040666242 ], [ -0.043388046958568, 51.639742437619802 ], [ -0.04487020467322, 51.639222708387457 ], [ -0.046427067490319, 51.638795855241071 ], [ -0.048043649951362, 51.638465986445233 ], [ -0.049704392957116, 51.638236276790863 ], [ -0.051393313246457, 51.638108937098146 ], [ -0.05286978323235, 51.638088326693762 ], [ -0.066565550435803, 51.650079742353981 ], [ -0.064234669319081, 51.65687224971083 ], [ -0.063273445764008, 51.657385923133639 ], [ -0.061879973154782, 51.657993757604991 ], [ -0.060397386031099, 51.658513695703874 ], [ -0.058839968701097, 51.658940727131885 ], [ -0.057222727932897, 51.659270736773102 ], [ -0.055561248124108, 51.659500544423956 ], [ -0.053871540850787, 51.659627935498435 ], [ -0.052169890258829, 51.659651682409958 ], [ -0.050472695802467, 51.659571556422414 ], [ -0.048796313861226, 51.659388329854529 ], [ -0.047156899777839, 51.659103768616497 ], [ -0.045570251855422, 51.658720615151857 ], [ -0.044051658832355, 51.658242561950679 ], [ -0.042615752318391, 51.657674215892278 ], [ -0.04127636562561, 51.657021053764232 ], [ -0.040046400363676, 51.656289369390841 ], [ -0.038937702091195, 51.655486212884995 ], [ -0.037960946224488, 51.654619322613492 ], [ -0.037125535302984, 51.6536970505366 ], [ -0.036439508597692, 51.652728281646091 ], [ -0.03590946492706, 51.651722348282206 ], [ -0.035540499414387, 51.650688940159583 ], [ -0.035336154783939, 51.649638010972275 ], [ -0.035298387650802, 51.64857968248014 ], [ -0.035427550113369, 51.647524147002528 ] ] ] } },
{ "type": "Feature", "properties": { "NLC": 6952, "total_activity": 4520.0131777631241, "log_total_activity": 8.4164914020798118, "direction_balance": -0.49349407619354801, "post_2300_share": 0.10805559808057261, "midnight_share_common_window": 0.029326883258744101, "night_tube_extension_share": 0.0, "post_0100_share": 0.0, "common_window_persistence": 0.044778318271736998, "weekend_common_ratio": 0.64018577370498009, "volume_band": "low", "cluster": 0, "Station": "Turkey Street", "mode_label": "LO", "tot_entry": 1144.7067251101239, "tot_exit": 3375.3064526530002, "easting": 535140.0, "northing": 198897.0, "lon": -0.04707, "lat": 51.6726, "coord_source": "naptan_rse_tmu", "catchment_area_m2": 4516629.8263861723, "station_in_lnwc_extent": true }, "geometry": { "type": "Polygon", "coordinates": [ [ [ -0.029859827558574, 51.671251823850412 ], [ -0.030154960596266, 51.670209267047376 ], [ -0.030612999288235, 51.669189715730781 ], [ -0.031229522623467, 51.668202986771725 ], [ -0.031998584696461, 51.667258580395227 ], [ -0.032912772293823, 51.666365588784686 ], [ -0.033963276545545, 51.665532608633065 ], [ -0.035139977941093, 51.664767658479107 ], [ -0.036431543884569, 51.664078101619381 ], [ -0.037825537845683, 51.663470575333719 ], [ -0.039308539054954, 51.662950927100098 ], [ -0.04086627159328, 51.662524158408104 ], [ -0.042483741638872, 51.662194376707326 ], [ -0.044145381558887, 51.661964755948908 ], [ -0.045835199469908, 51.661837506096354 ], [ -0.047536932840866, 51.661813851896525 ], [ -0.049234204674778, 51.661894021113007 ], [ -0.050910680781873, 51.662077242334142 ], [ -0.052550226646591, 51.662361752376661 ], [ -0.054137062394605, 51.662744813214886 ], [ -0.055655914383485, 51.663222738274044 ], [ -0.057092161971557, 51.663790927837717 ], [ -0.05843197806399, 51.664443913231821 ], [ -0.059662462092504, 51.665175409364217 ], [ -0.060771764155042, 51.66597837511852 ], [ -0.061749199123751, 51.666845081026203 ], [ -0.062585349622871, 51.667767183569836 ], [ -0.063272156881953, 51.668735805407678 ], [ -0.063802998583437, 51.669741620751616 ], [ -0.064172752945724, 51.670774945080879 ], [ -0.064377848412897, 51.671825828331102 ], [ -0.064416298458586, 51.672884150664409 ], [ -0.064287721153115, 51.673939719900417 ], [ -0.063993343288782, 51.674982369670737 ], [ -0.063535989006368, 51.676002057351745 ], [ -0.062920053015413, 51.676988960832077 ], [ -0.062151458650111, 51.677933573179828 ], [ -0.061237601150107, 51.67882679429632 ], [ -0.060187276699946, 51.679660018668784 ], [ -0.059010597900484, 51.680425218373216 ], [ -0.057718896479257, 51.681115020522945 ], [ -0.056324614172879, 51.681722778411796 ], [ -0.054841182831774, 51.682242635661382 ], [ -0.053282894904764, 51.682669582749803 ], [ -0.051664765556915, 51.68299950537174 ], [ -0.050002387757687, 51.68322922416057 ], [ -0.048311781746787, 51.683356525385499 ], [ -0.046609240341528, 51.683380182325465 ], [ -0.044911171591204, 51.683299967111566 ], [ -0.043233940310644, 51.683116652923189 ], [ -0.041593710036312, 51.682832006516179 ], [ -0.04000628694401, 51.682448771156693 ], [ -0.038486967247483, 51.681970640126231 ], [ -0.037050389562143, 51.681402221056594 ], [ -0.035710393668272, 51.680748991441611 ], [ -0.034479887043809, 51.680017245758762 ], [ -0.033370720459155, 51.679214034714462 ], [ -0.032393573835813, 51.678347097203606 ], [ -0.031557853468589, 51.677424785644014 ], [ -0.0308716015982, 51.676455985409788 ], [ -0.030341419198929, 51.675450029144699 ], [ -0.029972402715765, 51.674416606785059 ], [ -0.029768095348347, 51.67336567216249 ], [ -0.029730453336822, 51.672307347089038 ], [ -0.029859827558574, 51.671251823850412 ] ] ] } },
{ "type": "Feature", "properties": { "NLC": 6954, "total_activity": 7724.9230212941702, "log_total_activity": 8.9523365795853618, "direction_balance": -0.54157037904409511, "post_2300_share": 0.1311080018572377, "midnight_share_common_window": 0.039479268833707698, "night_tube_extension_share": 0.019124585474392001, "post_0100_share": 0.010677991131927401, "common_window_persistence": 0.0583746100678844, "weekend_common_ratio": 0.70193172251491276, "volume_band": "low", "cluster": 0, "Station": "Wood Street", "mode_label": "LO", "tot_entry": 1770.6667662827151, "tot_exit": 5954.256255011459, "easting": 538476.0, "northing": 189400.0, "lon": -0.00261, "lat": 51.58645, "coord_source": "naptan_rse_tmu", "catchment_area_m2": 3224225.5153400744, "station_in_lnwc_extent": true }, "geometry": { "type": "Polygon", "coordinates": [ [ [ -0.015695755327188, 51.593515080165254 ], [ -0.014520607873586, 51.594279860324143 ], [ -0.013230726789316, 51.59496920142761 ], [ -0.011838536289016, 51.595576461221739 ], [ -0.010357448074832, 51.596095788138051 ], [ -0.008801732015171, 51.59652217777527 ], [ -0.007186378480568, 51.596851521209715 ], [ -0.005526953671625, 51.597080644665013 ], [ -0.003839449344061, 51.597207340154988 ], [ -0.002140128392115, 51.597230386801705 ], [ -0.000445367793108, 51.597149562621354 ], [ 0.00122849955756, 51.596965646663321 ], [ 0.002865342580599, 51.596680411481756 ], [ 0.004449387780202, 51.596296606013269 ], [ 0.005965371528457, 51.595817929027554 ], [ 0.007398687385683, 51.595248993409491 ], [ 0.008735527025494, 51.5945952816204 ], [ 0.009963013397514, 51.59386309277221 ], [ 0.010287149673544, 51.593627648169836 ], [ 0.012584976402489, 51.588719734193134 ], [ 0.006029149223803, 51.578133880033853 ], [ 0.001894284669389, 51.577177842546114 ], [ -0.009265867366726, 51.578610970072162 ], [ -0.015938998435801, 51.593321979464875 ], [ -0.015695755327188, 51.593515080165254 ] ] ] } },
{ "type": "Feature", "properties": { "NLC": 6956, "total_activity": 5701.23086474104, "log_total_activity": 8.6486127570326836, "direction_balance": -0.3738176191540778, "post_2300_share": 0.084911911417049499, "midnight_share_common_window": 0.018373775006073199, "night_tube_extension_share": 0.0, "post_0100_share": 0.0, "common_window_persistence": 0.0258194799393936, "weekend_common_ratio": 0.599181266136807, "volume_band": "low", "cluster": 0, "Station": "White Hart Lane", "mode_label": "LO", "tot_entry": 1785.0051583178999, "tot_exit": 3916.2257064231412, "easting": 533683.0, "northing": 191373.0, "lon": -0.071, "lat": 51.60533, "coord_source": "naptan_rse_tmu", "catchment_area_m2": 2673034.6458787778, "station_in_lnwc_extent": true }, "geometry": { "type": "Polygon", "coordinates": [ [ [ -0.053813225362516, 51.603992122518989 ], [ -0.054107332839, 51.602949483957993 ], [ -0.054564119064946, 51.601929815524137 ], [ -0.055179175124288, 51.600942935224133 ], [ -0.055720575822231, 51.600276526255684 ], [ -0.085230165398839, 51.599203009540183 ], [ -0.085653118894282, 51.599578322182985 ], [ -0.086488558215586, 51.600500256812857 ], [ -0.087174900565368, 51.601468744164364 ], [ -0.087705528141524, 51.602474459740783 ], [ -0.0880753212671, 51.603507719980094 ], [ -0.088280708058108, 51.604558575434936 ], [ -0.088319699228808, 51.60561690653681 ], [ -0.08819190768366, 51.606672521024308 ], [ -0.087898552690605, 51.607715252098281 ], [ -0.08744244857838, 51.608735056358739 ], [ -0.08682797804981, 51.609722110579192 ], [ -0.086061050352041, 51.610666906384807 ], [ -0.085149044692019, 51.611560341919251 ], [ -0.08410480337706, 51.612390578602302 ], [ -0.054115890547927, 51.607684630427457 ], [ -0.053927428078066, 51.607156932385152 ], [ -0.053722826175113, 51.606106025443061 ], [ -0.053684639881743, 51.605047691362373 ], [ -0.053813225362516, 51.603992122518989 ] ] ] } },
{ "type": "Feature", "properties": { "NLC": 6958, "total_activity": 4637.6208597457471, "log_total_activity": 8.4421723725360831, "direction_balance": -0.28865508831850578, "post_2300_share": 0.1043058807766503, "midnight_share_common_window": 0.025616396327612902, "night_tube_extension_share": 0.0, "post_0100_share": 0.0, "common_window_persistence": 0.037895808601414997, "weekend_common_ratio": 0.76879454919957146, "volume_band": "low", "cluster": 4, "Station": "Bruce Grove", "mode_label": "LO", "tot_entry": 1649.4740004440466, "tot_exit": 2988.1468593016998, "easting": 533788.5, "northing": 190131.0, "lon": -0.06995, "lat": 51.59415, "coord_source": "naptan_rse_tmu", "catchment_area_m2": 2133238.4706369829, "station_in_lnwc_extent": true }, "geometry": { "type": "Polygon", "coordinates": [ [ [ -0.087138437780974, 51.595486736950662 ], [ -0.086845137594531, 51.596529467772392 ], [ -0.086389128713912, 51.597549270694131 ], [ -0.085774792931403, 51.59853632250293 ], [ -0.085233850038575, 51.599202875031246 ], [ -0.055724260611167, 51.600276392675205 ], [ -0.055301550507408, 51.599900974718366 ], [ -0.054466759617834, 51.598978824701064 ], [ -0.053834482800919, 51.598085500821128 ], [ -0.069107601166716, 51.588576747371178 ], [ -0.08583015315382, 51.590119419745655 ], [ -0.08723063568856, 51.594725063868808 ], [ -0.087138437780974, 51.595486736950662 ] ] ] } },
{ "type": "Feature", "properties": { "NLC": 6959, "total_activity": 8255.7005815871689, "log_total_activity": 9.0187803413870569, "direction_balance": -0.46703615864564879, "post_2300_share": 0.098756372681783902, "midnight_share_common_window": 0.033368999181154303, "night_tube_extension_share": 0.0041002352471182996, "post_0100_share": 0.0026085934100453, "common_window_persistence": 0.046050625981444299, "weekend_common_ratio": 0.68909343124962652, "volume_band": "low", "cluster": 0, "Station": "Enfield Town", "mode_label": "LO", "tot_entry": 2199.994947517026, "tot_exit": 6055.7056340701465, "easting": 532916.5, "northing": 196603.0, "lon": -0.08008, "lat": 51.652515, "coord_source": "naptan_rse_tmu", "catchment_area_m2": 3768566.2194070499, "station_in_lnwc_extent": true }, "geometry": { "type": "Polygon", "coordinates": [ [ [ -0.087133831166065, 51.642658433162701 ], [ -0.088652375577421, 51.643135929574612 ], [ -0.090088418082589, 51.643703715045483 ], [ -0.091428133568784, 51.644356324788276 ], [ -0.092658622446979, 51.645087477324807 ], [ -0.093768034781748, 51.645890134845047 ], [ -0.094745684399061, 51.64675657084716 ], [ -0.095582151873636, 51.647678444412456 ], [ -0.096269375401221, 51.648646880404911 ], [ -0.096800728674662, 51.649652554827981 ], [ -0.09717108500466, 51.650685784520697 ], [ -0.097376867056028, 51.651736620333857 ], [ -0.097416081706507, 51.652794942890957 ], [ -0.097288339676824, 51.653850560014611 ], [ -0.096994859726211, 51.654893304880837 ], [ -0.096538457355845, 51.655913133956105 ], [ -0.095923518112033, 51.656900223773057 ], [ -0.095155955730182, 51.657845065611006 ], [ -0.094243155508036, 51.658738557166295 ], [ -0.093193903440988, 51.659572090326208 ], [ -0.09201830179188, 51.660337634196715 ], [ -0.090727671901347, 51.66102781257937 ], [ -0.089334445170747, 51.661635975146446 ], [ -0.08785204326704, 51.662156261622869 ], [ -0.086294748706133, 51.662583658352446 ], [ -0.084677567067102, 51.662914046697878 ], [ -0.083016082173411, 51.663144242804634 ], [ -0.081326305647579, 51.663272028341396 ], [ -0.079624522302216, 51.663296171918333 ], [ -0.077927132872119, 51.663216440974828 ], [ -0.076250495618809, 51.663033604020811 ], [ -0.074610768350156, 51.66274942321035 ], [ -0.073023752393569, 51.6623666373197 ], [ -0.071504740041444, 51.661888935296169 ], [ -0.070068366952667, 51.661320920634765 ], [ -0.068728470944161, 51.660668066930164 ], [ -0.067497958542317, 51.659936665035865 ], [ -0.066388680586554, 51.659133762344617 ], [ -0.065411318086785, 51.658267094780008 ], [ -0.064575279434519, 51.657345012159524 ], [ -0.06423644901507, 51.65686706425948 ], [ -0.066565550435803, 51.650079742353981 ], [ -0.086548799319347, 51.642517339554921 ], [ -0.087133831166065, 51.642658433162701 ] ] ] } },
{ "type": "Feature", "properties": { "NLC": 6962, "total_activity": 6073.2158227203936, "log_total_activity": 8.7118081771970921, "direction_balance": -0.0090692154449460004, "post_2300_share": 0.099626988186463206, "midnight_share_common_window": 0.022400171950617501, "night_tube_extension_share": 0.0015555719011311, "post_0100_share": 0.00070892018522570005, "common_window_persistence": 0.032947959130508103, "weekend_common_ratio": 0.75820816870647167, "volume_band": "low", "cluster": 2, "Station": "Cambridge Heath", "mode_label": "LO", "tot_entry": 3009.0682599902434, "tot_exit": 3064.1475627301515, "easting": 534852.0, "northing": 183286.0, "lon": -0.05723, "lat": 51.53238, "coord_source": "naptan_rse_tmu", "catchment_area_m2": 1272517.8692943878, "station_in_lnwc_extent": true }, "geometry": { "type": "Polygon", "coordinates": [ [ [ -0.040553110494166, 51.535238956972385 ], [ -0.040525263822975, 51.535160803041784 ], [ -0.042723800346334, 51.532354034386152 ], [ -0.065794826770147, 51.527920399338683 ], [ -0.067063281206648, 51.534660822600863 ], [ -0.065548265760923, 51.536438535970952 ], [ -0.043495860791582, 51.537181448930824 ], [ -0.041067756482152, 51.536217836640468 ], [ -0.040553110494166, 51.535238956972385 ] ] ] } },
{ "type": "Feature", "properties": { "NLC": 6966, "total_activity": 7557.2943616017301, "log_total_activity": 8.9304008301742694, "direction_balance": -0.19384905768254029, "post_2300_share": 0.085525119260372595, "midnight_share_common_window": 0.016591146579818701, "night_tube_extension_share": 0.00094468469118160002, "post_0100_share": 0.00047167186882269999, "common_window_persistence": 0.023695200182649499, "weekend_common_ratio": 0.95650404557189661, "volume_band": "low", "cluster": 2, "Station": "London Fields", "mode_label": "LO", "tot_entry": 3046.1599854878291, "tot_exit": 4511.1343761139042, "easting": 534774.5, "northing": 184246.0, "lon": -0.057985, "lat": 51.541025, "coord_source": "naptan_rse_tmu", "catchment_area_m2": 1111968.4174566856, "station_in_lnwc_extent": true }, "geometry": { "type": "Polygon", "coordinates": [ [ [ -0.060759586030506, 51.544525057586299 ], [ -0.049446275761188, 51.543267026250966 ], [ -0.043495860791582, 51.537181448930824 ], [ -0.065548265760923, 51.536438535970952 ], [ -0.0676273748216, 51.541998554958276 ], [ -0.06642013131896, 51.543700267357579 ], [ -0.060759586030506, 51.544525057586299 ] ] ] } },
{ "type": "Feature", "properties": { "NLC": 6967, "total_activity": 7492.5983454495208, "log_total_activity": 8.9218043810997543, "direction_balance": -0.45089349015331393, "post_2300_share": 0.091769181186272197, "midnight_share_common_window": 0.0187920365553782, "night_tube_extension_share": 0.0013424312588421999, "post_0100_share": 0.00057473585016220002, "common_window_persistence": 0.027271475394283502, "weekend_common_ratio": 0.69693812930232446, "volume_band": "low", "cluster": 4, "Station": "Rectory Road", "mode_label": "LO", "tot_entry": 2057.1172635764201, "tot_exit": 5435.4810818731003, "easting": 533989.0, "northing": 186177.0, "lon": -0.06857, "lat": 51.55857, "coord_source": "naptan_rse_tmu", "catchment_area_m2": 1203665.2534110108, "station_in_lnwc_extent": true }, "geometry": { "type": "Polygon", "coordinates": [ [ [ -0.068371259416275, 51.55238628042985 ], [ -0.083198434855637, 51.556355635927375 ], [ -0.085182834226811, 51.558185562854483 ], [ -0.065124408239979, 51.563438724249174 ], [ -0.059624018460059, 51.555005113129162 ], [ -0.068371259416275, 51.55238628042985 ] ] ] } },
{ "type": "Feature", "properties": { "NLC": 6968, "total_activity": 2927.6059057978459, "log_total_activity": 7.9822817887133484, "direction_balance": -0.19391268548325841, "post_2300_share": 0.072575983639417196, "midnight_share_common_window": 0.0158749966209033, "night_tube_extension_share": 0.00048756181712900001, "post_0100_share": 0.00019503565656469999, "common_window_persistence": 0.022075671904841099, "weekend_common_ratio": 0.74184300661967939, "volume_band": "low", "cluster": 2, "Station": "Stamford Hill", "mode_label": "LO", "tot_entry": 1179.9529912839689, "tot_exit": 1747.652914513877, "easting": 533377.0, "northing": 187927.0, "lon": -0.07673, "lat": 51.57444, "coord_source": "naptan_rse_tmu", "catchment_area_m2": 1415777.0379254806, "station_in_lnwc_extent": true }, "geometry": { "type": "Polygon", "coordinates": [ [ [ -0.059549007527411, 51.573098940324783 ], [ -0.059802085990223, 51.572200669494642 ], [ -0.084349008931038, 51.568427690414687 ], [ -0.087836421866444, 51.575528333537761 ], [ -0.086309894428915, 51.580442078674842 ], [ -0.059500604534739, 51.573497036792688 ], [ -0.059549007527411, 51.573098940324783 ] ] ] } },
{ "type": "Feature", "properties": { "NLC": 6970, "total_activity": 16193.555760678, "log_total_activity": 9.6924304005825839, "direction_balance": -0.4639484899802786, "post_2300_share": 0.1563039352702377, "midnight_share_common_window": 0.053575882665467499, "night_tube_extension_share": 0.0085379698547135997, "post_0100_share": 0.0058759434677746001, "common_window_persistence": 0.089133339666342695, "weekend_common_ratio": 0.75370342115601763, "volume_band": "medium", "cluster": 4, "Station": "Maryland", "mode_label": "EZL", "tot_entry": 4340.2900090499988, "tot_exit": 11853.265751627998, "easting": 539172.0, "northing": 184948.0, "lon": 0.00566, "lat": 51.54627, "coord_source": "naptan_rse_tmu", "catchment_area_m2": 1589881.2517317026, "station_in_lnwc_extent": true }, "geometry": { "type": "Polygon", "coordinates": [ [ [ 0.003506340255031, 51.541893633020614 ], [ -0.001237150150799, 51.545520979672453 ], [ -0.0023454493838, 51.55041593660669 ], [ 0.007977197891283, 51.554745803885488 ], [ 0.011421656213423, 51.554518187511192 ], [ 0.013351724688852, 51.551914225153297 ], [ 0.018370656297176, 51.540813205990716 ], [ 0.012895392171019, 51.539210333236795 ], [ 0.003506340255031, 51.541893633020614 ] ] ] } },
{ "type": "Feature", "properties": { "NLC": 6972, "total_activity": 10361.209431750416, "log_total_activity": 9.2459207586885697, "direction_balance": -0.34724751602625958, "post_2300_share": 0.078827013871684101, "midnight_share_common_window": 0.019238876214613398, "night_tube_extension_share": 0.0, "post_0100_share": 0.0, "common_window_persistence": 0.0266456654854536, "weekend_common_ratio": 0.77549678147603973, "volume_band": "medium", "cluster": 0, "Station": "Silver Street", "mode_label": "LO", "tot_entry": 3381.6525967736152, "tot_exit": 6979.5568349768009, "easting": 533919.0, "northing": 192426.0, "lon": -0.06719, "lat": 51.61474, "coord_source": "naptan_rse_tmu", "catchment_area_m2": 2640201.4450774873, "station_in_lnwc_extent": true }, "geometry": { "type": "Polygon", "coordinates": [ [ [ -0.050002141719826, 51.61339795150213 ], [ -0.050296402895781, 51.612355325625821 ], [ -0.050753374250393, 51.611335675455386 ], [ -0.051368645080195, 51.610348818820512 ], [ -0.05213628156456, 51.609404257183222 ], [ -0.05304888423503, 51.608511084230031 ], [ -0.054093593873146, 51.607681128365847 ], [ -0.084082501946616, 51.612387082193948 ], [ -0.084271335543579, 51.612914735157304 ], [ -0.084476671010195, 51.613965595202359 ], [ -0.084515575921032, 51.615023925129719 ], [ -0.084387664004925, 51.616079532688786 ], [ -0.084094155683095, 51.617122251146299 ], [ -0.083637866755575, 51.618142037222846 ], [ -0.083023181700542, 51.619129067865856 ], [ -0.082256011827632, 51.620073834926316 ], [ -0.081343738673679, 51.620967236823432 ], [ -0.080295143173519, 51.621800666311501 ], [ -0.079120321277923, 51.622566093499138 ], [ -0.077963474962165, 51.6231850454895 ], [ -0.050099209504777, 51.616476057812278 ], [ -0.049911535046866, 51.615511846230369 ], [ -0.049873435454317, 51.614453513362633 ], [ -0.050002141719826, 51.61339795150213 ] ] ] } },
{ "type": "Feature", "properties": { "NLC": 6973, "total_activity": 5937.5257488377993, "log_total_activity": 8.6892161911210017, "direction_balance": -0.457670714734013, "post_2300_share": 0.1175582740644022, "midnight_share_common_window": 0.032908943267159603, "night_tube_extension_share": 0.016704537046725899, "post_0100_share": 0.0106696992620292, "common_window_persistence": 0.048238063998164903, "weekend_common_ratio": 0.66226310324894255, "volume_band": "low", "cluster": 0, "Station": "St James Street", "mode_label": "LO", "tot_entry": 1610.0470478077991, "tot_exit": 4327.4787010300015, "easting": 536376.0, "northing": 188743.0, "lon": -0.03316, "lat": 51.58106, "coord_source": "naptan_rse_tmu", "catchment_area_m2": 1819944.5122773836, "station_in_lnwc_extent": true }, "geometry": { "type": "Polygon", "coordinates": [ [ [ -0.028582873985365, 51.570651997907682 ], [ -0.030241225178503, 51.570422536013979 ], [ -0.031927671988497, 51.570295449025664 ], [ -0.033625984291392, 51.570271960126121 ], [ -0.035319817975845, 51.570352295489769 ], [ -0.036992871901889, 51.570535682105231 ], [ -0.038629044452005, 51.570820355194542 ], [ -0.040212588183601, 51.571203575157554 ], [ -0.04172826110945, 51.571681653880731 ], [ -0.043161473163571, 51.572249990159584 ], [ -0.0444984264544, 51.572903113897368 ], [ -0.045726247964435, 51.573634738658605 ], [ -0.04683311342533, 51.574437822076526 ], [ -0.047808361179316, 51.575304633537378 ], [ -0.048642594930888, 51.576226828495386 ], [ -0.049271180061022, 51.57711551785723 ], [ -0.030131975219248, 51.588201281305402 ], [ -0.029231733552545, 51.586230941373991 ], [ -0.02738437352193, 51.570896726320342 ], [ -0.028582873985365, 51.570651997907682 ] ] ] } },
{ "type": "Feature", "properties": { "NLC": 6977, "total_activity": 25231.67471549358, "log_total_activity": 10.1358950493135, "direction_balance": -0.17308389146142289, "post_2300_share": 0.10755359608571639, "midnight_share_common_window": 0.020395873266734699, "night_tube_extension_share": 0.0, "post_0100_share": 0.0, "common_window_persistence": 0.031738846029232, "weekend_common_ratio": 1.0442019730765728, "volume_band": "high", "cluster": 2, "Station": "Hackney Central", "mode_label": "LO", "tot_entry": 10432.239133823585, "tot_exit": 14799.435581669995, "easting": 534878.75, "northing": 184936.25, "lon": -0.0562175, "lat": 51.547205, "coord_source": "naptan_rse_tmu", "catchment_area_m2": 680136.60087329277, "station_in_lnwc_extent": true }, "geometry": { "type": "Polygon", "coordinates": [ [ [ -0.060759586030506, 51.544525057586299 ], [ -0.053931725953275, 51.554402315719571 ], [ -0.048959489570147, 51.554536513434869 ], [ -0.049446275761188, 51.543267026250966 ], [ -0.060759586030506, 51.544525057586299 ] ] ] } },
{ "type": "Feature", "properties": { "NLC": 6978, "total_activity": 19003.345108095, "log_total_activity": 9.8524229219027646, "direction_balance": -0.12541429151911629, "post_2300_share": 0.12634559658174249, "midnight_share_common_window": 0.031347216455961897, "night_tube_extension_share": 0.0, "post_0100_share": 0.0, "common_window_persistence": 0.050869073667405298, "weekend_common_ratio": 1.229698633653753, "volume_band": "medium", "cluster": 3, "Station": "Hackney Wick", "mode_label": "LO", "tot_entry": 8310.027022434997, "tot_exit": 10693.318085660008, "easting": 537037.5, "northing": 184567.0, "lon": -0.025245, "lat": 51.543365, "coord_source": "naptan_rse_tmu", "catchment_area_m2": 2238545.3661657777, "station_in_lnwc_extent": true }, "geometry": { "type": "Polygon", "coordinates": [ [ [ -0.037802467145538, 51.535949527434042 ], [ -0.038515105464656, 51.536467114383761 ], [ -0.029075872455106, 51.55387570344233 ], [ -0.028162567747132, 51.554002118720291 ], [ -0.026476716012048, 51.55412915820532 ], [ -0.024779004571365, 51.554152550019644 ], [ -0.023085794872865, 51.554072068851944 ], [ -0.022250533705022, 51.553980385312798 ], [ -0.018677620045479, 51.551907369746452 ], [ -0.015760602327086, 51.540411285755468 ], [ -0.02591478907088, 51.535286329239867 ], [ -0.027330351930921, 51.535133839642342 ], [ -0.034019496623247, 51.53512676607901 ], [ -0.037484605204038, 51.535759932157383 ], [ -0.037802467145538, 51.535949527434042 ] ] ] } },
{ "type": "Feature", "properties": { "NLC": 6979, "total_activity": 17517.935576149401, "log_total_activity": 9.7710376078587444, "direction_balance": -0.30314425674876738, "post_2300_share": 0.1091025208113883, "midnight_share_common_window": 0.025038980834280099, "night_tube_extension_share": 0.0, "post_0100_share": 0.0, "common_window_persistence": 0.037657677962001299, "weekend_common_ratio": 0.85749236919500449, "volume_band": "medium", "cluster": 4, "Station": "Homerton", "mode_label": "LO", "tot_entry": 6103.7370080724022, "tot_exit": 11414.198568077005, "easting": 535841.0, "northing": 184936.0, "lon": -0.04235, "lat": 51.54697, "coord_source": "naptan_rse_tmu", "catchment_area_m2": 2283344.9001346231, "station_in_lnwc_extent": true }, "geometry": { "type": "Polygon", "coordinates": [ [ [ -0.039427459159915, 51.536341669618302 ], [ -0.041067729751496, 51.536217826031688 ], [ -0.043495860791582, 51.537181448930824 ], [ -0.049446275761188, 51.543267026250966 ], [ -0.048959489570147, 51.554536513434869 ], [ -0.040990923124164, 51.557715227015059 ], [ -0.040190518143849, 51.557677299056884 ], [ -0.038517920736817, 51.557493962506605 ], [ -0.036882225083596, 51.557209292312812 ], [ -0.035299193616581, 51.55682603196297 ], [ -0.033784080193007, 51.556347874968843 ], [ -0.032351482868996, 51.555779429199731 ], [ -0.031015203055323, 51.555126172392207 ], [ -0.029788112421118, 51.554394399270116 ], [ -0.029075299946172, 51.553876758870267 ], [ -0.038514533402408, 51.536468169865351 ], [ -0.039427459159915, 51.536341669618302 ] ] ] } },
{ "type": "Feature", "properties": { "NLC": 7401, "total_activity": 7980.8112458249734, "log_total_activity": 8.984920637850367, "direction_balance": -0.0080609956032535995, "post_2300_share": 0.083752012875135007, "midnight_share_common_window": 0.0112477675403376, "night_tube_extension_share": 0.0, "post_0100_share": 0.0, "common_window_persistence": 0.016428576995881398, "weekend_common_ratio": 0.99617637313707619, "volume_band": "low", "cluster": 2, "Station": "Harringay Green Lanes", "mode_label": "LO", "tot_entry": 3958.2389807309896, "tot_exit": 4022.5722650939829, "easting": 531840.0, "northing": 188183.0, "lon": -0.098795, "lat": 51.5771, "coord_source": "naptan_rse_tmu", "catchment_area_m2": 1837816.3995139559, "station_in_lnwc_extent": true }, "geometry": { "type": "Polygon", "coordinates": [ [ [ -0.114167175633045, 51.582039074440019 ], [ -0.088695469336206, 51.585178071732045 ], [ -0.086928428520565, 51.582315112448903 ], [ -0.086309894428915, 51.580442078674842 ], [ -0.087836421866444, 51.575528333537761 ], [ -0.106530687140796, 51.572405778048626 ], [ -0.114366876957528, 51.581792664592072 ], [ -0.114167175633045, 51.582039074440019 ] ] ] } },
{ "type": "Feature", "properties": { "NLC": 7402, "total_activity": 6499.784320066, "log_total_activity": 8.7796781132298758, "direction_balance": -0.27100455993532319, "post_2300_share": 0.0631177297559673, "midnight_share_common_window": 0.011374392353014099, "night_tube_extension_share": 0.0, "post_0100_share": 0.0, "common_window_persistence": 0.015142987675763201, "weekend_common_ratio": 0.72341620740262302, "volume_band": "low", "cluster": 0, "Station": "Leyton Midland Road", "mode_label": "LO", "tot_entry": 2369.1565653660009, "tot_exit": 4130.6277547, "easting": 538144.5, "northing": 187535.5, "lon": -0.008125, "lat": 51.569775, "coord_source": "naptan_rse_tmu", "catchment_area_m2": 2531591.629894142, "station_in_lnwc_extent": true }, "geometry": { "type": "Polygon", "coordinates": [ [ [ -0.020694321698222, 51.562356636386717 ], [ -0.021800470954012, 51.563159949817447 ], [ -0.022775001240151, 51.564026963305302 ], [ -0.023608523163658, 51.56494933035605 ], [ -0.024293003291321, 51.565918171066009 ], [ -0.024821841752394, 51.566924157525179 ], [ -0.025189936104146, 51.567957603551896 ], [ -0.025393730833553, 51.569008557898535 ], [ -0.025431252004504, 51.570066900033225 ], [ -0.025349949925493, 51.570731511992982 ], [ -0.013866745474485, 51.576819059685249 ], [ -0.009265867366726, 51.578610970072162 ], [ 0.001894284669389, 51.577177842546114 ], [ -0.000773803619657, 51.56555465262413 ], [ -0.002814452565455, 51.563499908713531 ], [ -0.020323585477266, 51.562135524015794 ], [ -0.020694321698222, 51.562356636386717 ] ] ] } },
{ "type": "Feature", "properties": { "NLC": 7403, "total_activity": 5272.540260781353, "log_total_activity": 8.5704571922340982, "direction_balance": -0.23327353275966209, "post_2300_share": 0.065904545803309705, "midnight_share_common_window": 0.0109959746914166, "night_tube_extension_share": 0.0, "post_0100_share": 0.0, "common_window_persistence": 0.014844616316922399, "weekend_common_ratio": 0.85697839499282458, "volume_band": "low", "cluster": 2, "Station": "Leytonstone High Road", "mode_label": "LO", "tot_entry": 2021.298083765668, "tot_exit": 3251.2421770156843, "easting": 539321.0, "northing": 186851.0, "lon": 0.00857, "lat": 51.56333, "coord_source": "naptan_rse_tmu", "catchment_area_m2": 1650738.9131319684, "station_in_lnwc_extent": true }, "geometry": { "type": "Polygon", "coordinates": [ [ [ 0.025821445722825, 51.562675076693388 ], [ 0.011421656213423, 51.554518187511192 ], [ 0.007977197891283, 51.554745803885488 ], [ -0.002814452565455, 51.563499908713531 ], [ -0.000773803619657, 51.56555465262413 ], [ 0.023612688728388, 51.566280284562609 ], [ 0.02565912768847, 51.564980655790627 ], [ 0.025829787810739, 51.564095320051251 ], [ 0.025866116867494, 51.563036973616668 ], [ 0.025821445722825, 51.562675076693388 ] ] ] } },
{ "type": "Feature", "properties": { "NLC": 7404, "total_activity": 6393.8943070421074, "log_total_activity": 8.7632551864396326, "direction_balance": 0.1273108855810183, "post_2300_share": 0.0513463374355222, "midnight_share_common_window": 0.0066875147053274001, "night_tube_extension_share": 0.0, "post_0100_share": 0.0, "common_window_persistence": 0.0087082362791476003, "weekend_common_ratio": 0.82378796221798445, "volume_band": "low", "cluster": 2, "Station": "South Tottenham", "mode_label": "LO", "tot_entry": 3603.9533267915349, "tot_exit": 2789.9409802505725, "easting": 533637.0, "northing": 188602.0, "lon": -0.07272, "lat": 51.58044, "coord_source": "naptan_rse_tmu", "catchment_area_m2": 1103501.3133245734, "station_in_lnwc_extent": true }, "geometry": { "type": "Polygon", "coordinates": [ [ [ -0.05629106862769, 51.577040207118976 ], [ -0.0569057368578, 51.576053309901738 ], [ -0.057672662228479, 51.575108699590679 ], [ -0.05858445213116, 51.574215470345102 ], [ -0.059491049728077, 51.573494560123748 ], [ -0.086309894428915, 51.580442078674842 ], [ -0.086928428520565, 51.582315112448903 ], [ -0.062371692487792, 51.58163752857088 ], [ -0.056047541967925, 51.577584197928715 ], [ -0.05629106862769, 51.577040207118976 ] ] ] } },
{ "type": "Feature", "properties": { "NLC": 7406, "total_activity": 4150.4652628207523, "log_total_activity": 8.3312166262867944, "direction_balance": 0.00049325754851880003, "post_2300_share": 0.070573610260137698, "midnight_share_common_window": 0.010711707651996, "night_tube_extension_share": 0.0, "post_0100_share": 0.0, "common_window_persistence": 0.0147052310814918, "weekend_common_ratio": 1.03937738137751, "volume_band": "low", "cluster": 2, "Station": "Crouch Hill", "mode_label": "LO", "tot_entry": 2076.2562555707518, "tot_exit": 2074.2090072499982, "easting": 530586.0, "northing": 187489.0, "lon": -0.11714, "lat": 51.57116, "coord_source": "naptan_rse_tmu", "catchment_area_m2": 2196605.785922735, "station_in_lnwc_extent": true }, "geometry": { "type": "Polygon", "coordinates": [ [ [ -0.129063751706321, 51.578977214686581 ], [ -0.127776012168171, 51.579667838133112 ], [ -0.126385787869341, 51.580276478282116 ], [ -0.12490647152811, 51.580797270266949 ], [ -0.12335231590284, 51.581225195568955 ], [ -0.121738296294397, 51.581556130464151 ], [ -0.120079966020825, 51.58178688583579 ], [ -0.118393306267849, 51.58191523796561 ], [ -0.116694571775201, 51.581939950003949 ], [ -0.115000133860503, 51.581860783910123 ], [ -0.114366104895475, 51.581791739960586 ], [ -0.106530687140796, 51.572405778048626 ], [ -0.106593185946948, 51.571142548707833 ], [ -0.118068569984435, 51.564063248150973 ], [ -0.129872870842673, 51.571816438966735 ], [ -0.132041284658001, 51.574095231481621 ], [ -0.129242204962437, 51.578860674945936 ], [ -0.129063751706321, 51.578977214686581 ] ] ] } },
{ "type": "Feature", "properties": { "NLC": 7407, "total_activity": 5014.3559083001783, "log_total_activity": 8.520259666631647, "direction_balance": 0.0164880041612856, "post_2300_share": 0.076183717450616306, "midnight_share_common_window": 0.0100383321580739, "night_tube_extension_share": 0.0, "post_0100_share": 0.0, "common_window_persistence": 0.0138929363781581, "weekend_common_ratio": 0.86863798774387191, "volume_band": "low", "cluster": 2, "Station": "Walthamstow Queen's Road", "mode_label": "LO", "tot_entry": 2548.5163146912009, "tot_exit": 2465.8395936089792, "easting": 537002.0, "northing": 188807.0, "lon": -0.02411, "lat": 51.58148, "coord_source": "naptan_rse_tmu", "catchment_area_m2": 896628.7006527409, "station_in_lnwc_extent": true }, "geometry": { "type": "Polygon", "coordinates": [ [ [ -0.026268095105397, 51.570775909874584 ], [ -0.027384572647386, 51.570898379679818 ], [ -0.029231733552545, 51.586230941373991 ], [ -0.013866745474485, 51.576819059685249 ], [ -0.025348592765475, 51.570732231623651 ], [ -0.026268095105397, 51.570775909874584 ] ] ] } },
{ "type": "Feature", "properties": { "NLC": 7408, "total_activity": 6065.9046408778004, "log_total_activity": 8.7106038101457557, "direction_balance": -0.049174769650186502, "post_2300_share": 0.064421962318035098, "midnight_share_common_window": 0.010208918504016, "night_tube_extension_share": 0.0, "post_0100_share": 0.0, "common_window_persistence": 0.013783567065723999, "weekend_common_ratio": 0.78771830489600592, "volume_band": "low", "cluster": 2, "Station": "Wanstead Park", "mode_label": "LO", "tot_entry": 2883.8075887213172, "tot_exit": 3182.0970521564823, "easting": 540511.0, "northing": 185612.0, "lon": 0.02523, "lat": 51.55191, "coord_source": "naptan_rse_tmu", "catchment_area_m2": 1640641.9113712471, "station_in_lnwc_extent": true }, "geometry": { "type": "Polygon", "coordinates": [ [ [ 0.027399787735459, 51.562607806606614 ], [ 0.029072266298997, 51.562423507464189 ], [ 0.030707689072721, 51.562137897723424 ], [ 0.032290296264329, 51.561753729929627 ], [ 0.033804838119465, 51.561274706342168 ], [ 0.035064530377341, 51.560773901796288 ], [ 0.035673232071998, 51.55374897561304 ], [ 0.034324107143067, 51.549814971840838 ], [ 0.013351724688852, 51.551914225153297 ], [ 0.011421656213423, 51.554518187511192 ], [ 0.025835160571886, 51.562682843328304 ], [ 0.027399787735459, 51.562607806606614 ] ] ] } },
{ "type": "Feature", "properties": { "NLC": 7467, "total_activity": 3585.8174603265579, "log_total_activity": 8.1850205870058677, "direction_balance": -0.33979112425310282, "post_2300_share": 0.078269111530829896, "midnight_share_common_window": 0.013753717144376801, "night_tube_extension_share": 0.0, "post_0100_share": 0.0, "common_window_persistence": 0.019325514075878, "weekend_common_ratio": 0.79653006331624954, "volume_band": "low", "cluster": 2, "Station": "Woodgrange Park", "mode_label": "LO", "tot_entry": 1183.6942570578949, "tot_exit": 2402.123203268663, "easting": 541820.0, "northing": 185370.0, "lon": 0.044, "lat": 51.5494, "coord_source": "naptan_rse_tmu", "catchment_area_m2": 1167738.9147240291, "station_in_lnwc_extent": true }, "geometry": { "type": "Polygon", "coordinates": [ [ [ 0.041326519106519, 51.541972374492246 ], [ 0.034161406124104, 51.543717737834591 ], [ 0.034324107143067, 51.549814971840838 ], [ 0.035673232071998, 51.55374897561304 ], [ 0.057405900265732, 51.547493498147155 ], [ 0.041326519106519, 51.541972374492246 ] ] ] } },
{ "type": "Feature", "properties": { "NLC": 7473, "total_activity": 1214.8259049840001, "log_total_activity": 7.1031788820328536, "direction_balance": -0.61222349678639398, "post_2300_share": 0.0, "midnight_share_common_window": 0.0, "night_tube_extension_share": 0.0, "post_0100_share": 0.0, "common_window_persistence": 0.0, "weekend_common_ratio": 0.40140454491965238, "volume_band": "low", "cluster": 0, "Station": "Emerson Park", "mode_label": "LO", "tot_entry": 235.54047072400007, "tot_exit": 979.28543426, "easting": 553935.0, "northing": 187909.0, "lon": 0.2197, "lat": 51.56904, "coord_source": "naptan_rse_tmu", "catchment_area_m2": 3394376.178942699, "station_in_lnwc_extent": true }, "geometry": { "type": "Polygon", "coordinates": [ [ [ 0.205995276758027, 51.562456700644653 ], [ 0.205025154690303, 51.56332555353471 ], [ 0.204196307068692, 51.564249482859708 ], [ 0.203516722390282, 51.565219593651008 ], [ 0.202992953448484, 51.566226545741998 ], [ 0.20263005391822, 51.567260643621729 ], [ 0.202431529321801, 51.5683119297316 ], [ 0.202399302861686, 51.569370280309194 ], [ 0.202533696464813, 51.570425502858853 ], [ 0.202751733016513, 51.571183451935354 ], [ 0.222469990461936, 51.57968009235843 ], [ 0.223591270856488, 51.579554653662655 ], [ 0.22522600015335, 51.579266340365706 ], [ 0.22680747463615, 51.578879562277685 ], [ 0.22832045550659, 51.578398046820546 ], [ 0.229750365326718, 51.577826434233963 ], [ 0.231083428661508, 51.577170232772588 ], [ 0.232306804921388, 51.576435765530967 ], [ 0.233408712118496, 51.575630109413503 ], [ 0.23437854034127, 51.574761026842253 ], [ 0.235206953854249, 51.573836890865401 ], [ 0.235885980842896, 51.572866604393155 ], [ 0.23640908994551, 51.571859514343394 ], [ 0.236771252844412, 51.570825321528766 ], [ 0.236968992325619, 51.569773987156168 ], [ 0.236984689037602, 51.569245313584652 ], [ 0.223903531789977, 51.561477355342525 ], [ 0.206980239397731, 51.561736860962981 ], [ 0.205995276758027, 51.562456700644653 ] ] ] } },
{ "type": "Feature", "properties": { "NLC": 9586, "total_activity": 10405.573640261964, "log_total_activity": 9.2501929662449562, "direction_balance": 0.16251720276513171, "post_2300_share": 0.070584262720519597, "midnight_share_common_window": 0.0127143043199913, "night_tube_extension_share": 0.0, "post_0100_share": 0.0, "common_window_persistence": 0.0170086347061825, "weekend_common_ratio": 0.68876100095198467, "volume_band": "medium", "cluster": 2, "Station": "Imperial Wharf", "mode_label": "LO", "tot_entry": 6048.3291807219603, "tot_exit": 4357.2444595399966, "easting": 526300.66666666663, "northing": 176671.0, "lon": -0.1828133333333333, "lat": 51.47491, "coord_source": "naptan_rse_tmu", "catchment_area_m2": 2602338.2772831139, "station_in_lnwc_extent": true }, "geometry": { "type": "Polygon", "coordinates": [ [ [ -0.188236408021683, 51.464668842792086 ], [ -0.189817600541396, 51.465050025915104 ], [ -0.191331393932989, 51.465526160538147 ], [ -0.191941886793968, 51.465767707200705 ], [ -0.192374408481965, 51.466424660736301 ], [ -0.192287943896668, 51.475055978700226 ], [ -0.180105996217027, 51.484748884364514 ], [ -0.180082274595152, 51.484758420299364 ], [ -0.179374105827159, 51.484771373485415 ], [ -0.172055397517733, 51.483335669651972 ], [ -0.171525770319908, 51.483077376748099 ], [ -0.170298297373369, 51.482347062399846 ], [ -0.169191421354755, 51.481545132898553 ], [ -0.168215800203387, 51.480679314775522 ], [ -0.167380825622329, 51.479757949651912 ], [ -0.166694532787693, 51.478789913776765 ], [ -0.166163523199805, 51.47778453242865 ], [ -0.165792901410215, 51.476751490009654 ], [ -0.165586226222171, 51.475700736701292 ], [ -0.165553592569835, 51.474853177582958 ], [ -0.187203456430949, 51.464490151726295 ], [ -0.188236408021683, 51.464668842792086 ] ] ] } }
]
}
