lsoa,private_rented_share,social_rented_share
E01000001,0.3930704898446834,0.026284348864994027
E01000002,0.4406779661016949,0.03268765133171913
E01000003,0.32807881773399017,0.2975369458128079
E01000005,0.2175732217573222,0.696652719665272
E01000006,0.46473779385171793,0.039783001808318265
E01000007,0.35042016806722687,0.3798319327731092
E01000008,0.26824817518248173,0.5656934306569343
E01000009,0.4682274247491639,0.1939799331103679
E01000011,0.5221987315010571,0.05919661733615222
E01000012,0.42455242966751916,0.2851662404092072
E01000013,0.27948303715670436,0.3053311793214863
E01000014,0.20347003154574134,0.33753943217665616
E01000015,0.2637889688249401,0.3105515587529976
E01000016,0.1767515923566879,0.3200636942675159
E01000017,0.17420435510887772,0.35510887772194305
E01000018,0.19069767441860466,0.3829457364341085
E01000019,0.2874251497005988,0.24750499001996007
E01000020,0.22439759036144577,0.3147590361445783
E01000021,0.36717428087986465,0.26903553299492383
E01000022,0.22129436325678498,0.24843423799582465
E01000024,0.18736383442265794,0.3159041394335512
E01000025,0.1839080459770115,0.40804597701149425
E01000027,0.138763197586727,0.4555052790346908
E01000028,0.1706924315619968,0.5088566827697263
E01000029,0.16715542521994134,0.07331378299120235
E01000030,0.11602209944751381,0.585635359116022
E01000031,0.23529411764705882,0.06386554621848739
E01000032,0.334716459197787,0.14522821576763487
E01000033,0.12093862815884476,0.4891696750902527
E01000034,0.1487279843444227,0.38747553816046965
E01000035,0.292436974789916,0.20504201680672268
E01000036,0.28662420382165604,0.04670912951167728
E01000037,0.16808149405772496,0.03225806451612903
E01000038,0.1413427561837456,0.12367491166077739
E01000039,0.18847352024922118,0.13239875389408098
E01000040,0.2530487804878049,0.4115853658536585
E01000041,0.21322314049586777,0.3090909090909091
E01000042,0.2147239263803681,0.4371165644171779
E01000043,0.18936170212765957,0.2978723404255319
E01000044,0.367624810892587,0.18456883509833585
E01000045,0.2231833910034602,0.34256055363321797
E01000046,0.1933534743202417,0.36555891238670696
E01000049,0.1582608695652174,0.6139130434782609
E01000050,0.2836767036450079,0.2329635499207607
E01000051,0.14814814814814814,0.44675925925925924
E01000052,0.3601003764115433,0.21580928481806774
E01000053,0.30568356374807987,0.3533026113671275
E01000054,0.1890625,0.3515625
E01000055,0.18838028169014084,0.3626760563380282
E01000056,0.16341030195381884,0.4511545293072824
E01000057,0.2018867924528302,0.4
E01000058,0.27507163323782235,0.30802292263610315
E01000059,0.17017543859649123,0.3473684210526316
E01000060,0.17160493827160495,0.43209876543209874
E01000061,0.058666666666666666,0.6733333333333333
E01000062,0.18985695708712613,0.2808842652795839
E01000063,0.1744,0.3184
E01000064,0.2607052896725441,0.26448362720403024
E01000065,0.18309859154929578,0.45710627400768244
E01000066,0.16312056737588654,0.22127659574468084
E01000067,0.19969742813918306,0.15279878971255673
E01000068,0.3025210084033613,0.012605042016806723
E01000069,0.13992537313432835,0.024253731343283583
E01000070,0.21626297577854672,0.05190311418685121
E01000071,0.2642679900744417,0.12655086848635236
E01000072,0.2483130904183536,0.4156545209176788
E01000073,0.22255639097744362,0.34135338345864663
E01000074,0.19488817891373802,0.402555910543131
E01000075,0.2015625,0.296875
E01000076,0.23203026481715006,0.4073139974779319
E01000077,0.22466216216216217,0.3918918918918919
E01000078,0.2231139646869984,0.3258426966292135
E01000079,0.2459807073954984,0.3215434083601286
E01000080,0.16776315789473684,0.36348684210526316
E01000081,0.17177914110429449,0.2898773006134969
E01000082,0.21377331420373027,0.33428981348637016
E01000083,0.1990521327014218,0.31437598736176936
E01000084,0.21485943775100402,0.3795180722891566
E01000085,0.2465277777777778,0.421875
E01000086,0.2069672131147541,0.35655737704918034
E01000087,0.21001926782273603,0.325626204238921
E01000088,0.3503289473684211,0.12171052631578948
E01000089,0.32450331125827814,0.11092715231788079
E01000090,0.3225806451612903,0.12903225806451613
E01000091,0.15327380952380953,0.5461309523809523
E01000093,0.1593984962406015,0.5172932330827068
E01000094,0.2843601895734597,0.4158767772511848
E01000095,0.19131614654002713,0.32700135685210313
E01000096,0.16563146997929606,0.4554865424430642
E01000097,0.2364963503649635,0.38686131386861317
E01000098,0.2282958199356913,0.3102893890675241
E01000099,0.23687031082529475,0.2754555198285102
E01000100,0.21951219512195122,0.375
E01000101,0.21783876500857632,0.35334476843910806
E01000102,0.20985691573926868,0.3799682034976153
E01000103,0.1951219512195122,0.31144465290806755
E01000104,0.14285714285714285,0.5252525252525253
E01000105,0.16149732620320856,0.5689839572192513
E01000106,0.2747126436781609,0.4241379310344828
E01000107,0.2433774834437086,0.13741721854304637
E01000108,0.32653061224489793,0.1836734693877551
E01000110,0.22796934865900384,0.019157088122605363
E01000111,0.21390374331550802,0.3382352941176471
E01000112,0.36428571428571427,0.10714285714285714
E01000113,0.43769470404984423,0.06386292834890965
E01000114,0.29271523178807946,0.09536423841059603
E01000115,0.0893970893970894,0.002079002079002079
E01000116,0.15483870967741936,0.07419354838709677
E01000117,0.18011527377521613,0.012968299711815562
E01000118,0.16822429906542055,0.02403204272363151
E01000119,0.17038216560509553,0.06210191082802548
E01000120,0.1342685370741483,0.006012024048096192
E01000121,0.10666666666666667,0.4685714285714286
E01000122,0.14671814671814673,0.009652509652509652
E01000123,0.2872777017783858,0.036935704514363885
E01000124,0.3161209068010076,0.2128463476070529
E01000126,0.24869791666666666,0.4427083333333333
E01000127,0.24564796905222436,0.38104448742746616
E01000128,0.2204724409448819,0.28976377952755905
E01000129,0.3472949389179756,0.39965095986038396
E01000130,0.26259541984732826,0.34045801526717556
E01000131,0.36044880785413747,0.1402524544179523
E01000132,0.2,0.401980198019802
E01000133,0.2099827882960413,0.4010327022375215
E01000134,0.31811023622047246,0.28503937007874014
E01000135,0.3865814696485623,0.022364217252396165
E01000136,0.32149200710479575,0.0017761989342806395
E01000137,0.23179791976225855,0.45468053491827637
E01000138,0.481651376146789,0.06116207951070336
E01000139,0.37362637362637363,0.040293040293040296
E01000140,0.44930875576036866,0.12327188940092165
E01000141,0.5542929292929293,0.1590909090909091
E01000142,0.5257847533632287,0.10089686098654709
E01000143,0.2673559822747415,0.3707533234859675
E01000144,0.6648721399730821,0.04306864064602961
E01000145,0.4344262295081967,0.014344262295081968
E01000146,0.6048387096774194,0.08640552995391705
E01000147,0.33154121863799285,0.005376344086021506
E01000150,0.30283505154639173,0.15206185567010308
E01000151,0.16030534351145037,0.7282442748091603
E01000152,0.15102481121898598,0.36461704422869473
E01000153,0.15135135135135136,0.5702702702702702
E01000154,0.21216407355021216,0.4893917963224894
E01000156,0.3783422459893048,0.05080213903743316
E01000157,0.31736526946107785,0.11526946107784432
E01000158,0.28807339449541286,0.14311926605504588
E01000159,0.19783616692426584,0.1205564142194745
E01000160,0.40671641791044777,0.043532338308457715
E01000161,0.3589108910891089,0.1311881188118812
E01000162,0.2737226277372263,0.08394160583941605
E01000163,0.3383458646616541,0.3433583959899749
E01000164,0.28129829984544047,0.29984544049459044
E01000165,0.3059490084985836,0.06232294617563739
E01000166,0.23124042879019907,0.11944869831546708
E01000167,0.14559386973180077,0.30842911877394635
E01000168,0.08064516129032258,0.010752688172043012
E01000169,0.3429811866859624,0.05209840810419682
E01000170,0.2636103151862464,0.16905444126074498
E01000171,0.5681362725450901,0.0841683366733467
E01000172,0.18945634266886327,0.04118616144975288
E01000173,0.128500823723229,0.07907742998352553
E01000174,0.40551181102362205,0.1062992125984252
E01000175,0.17757009345794392,0.017133956386292833
E01000176,0.1262135922330097,0.521497919556172
E01000177,0.32318840579710145,0.03188405797101449
E01000178,0.2529585798816568,0.14349112426035504
E01000179,0.37305699481865284,0.03626943005181347
E01000180,0.2818590704647676,0.31784107946026985
E01000181,0.39941690962099125,0.021865889212827987
E01000182,0.35704514363885087,0.04240766073871409
E01000183,0.2966666666666667,0.13666666666666666
E01000184,0.18820224719101122,0.48174157303370785
E01000185,0.2118380062305296,0.5685358255451713
E01000186,0.16666666666666666,0.00784313725490196
E01000187,0.209106239460371,0.1973018549747049
E01000188,0.13948919449901767,0.019646365422396856
E01000189,0.26272912423625255,0.3258655804480652
E01000190,0.1616871704745167,0.09314586994727592
E01000191,0.2292418772563177,0.01263537906137184
E01000192,0.4140845070422535,0.036619718309859155
E01000193,0.45569620253164556,0.0379746835443038
E01000194,0.47592067988668557,0.09773371104815864
E01000195,0.3743016759776536,0.2723463687150838
E01000196,0.6373626373626373,0.03388278388278388
E01000197,0.48700410396716826,0.01094391244870041
E01000198,0.28442728442728443,0.04118404118404118
E01000199,0.2359208523592085,0.0136986301369863
E01000200,0.3382857142857143,0.04114285714285714
E01000201,0.19165085388994307,0.007590132827324478
E01000202,0.2987012987012987,0.025974025974025976
E01000203,0.3206442166910688,0.16251830161054173
E01000204,0.27482014388489207,0.08920863309352518
E01000205,0.19669421487603306,0.01652892561983471
E01000206,0.236084452975048,0.023032629558541268
E01000207,0.27060653188180406,0.04665629860031104
E01000208,0.29523809523809524,0.01746031746031746
E01000209,0.1700404858299595,0.14439946018893388
E01000210,0.2705479452054795,0.0273972602739726
E01000211,0.5924324324324325,0.06486486486486487
E01000212,0.37725631768953066,0.010830324909747292
E01000213,0.11504424778761062,0.12168141592920353
E01000214,0.5116279069767442,0.012919896640826873
E01000215,0.45544554455445546,0.09335219236209336
E01000216,0.39779005524861877,0.062154696132596686
E01000217,0.46098003629764067,0.021778584392014518
E01000218,0.5042881646655232,0.0274442538593482
E01000219,0.5575757575757576,0.04242424242424243
E01000220,0.5330396475770925,0.13656387665198239
E01000221,0.2746212121212121,0.5625
E01000222,0.3972602739726027,0.11506849315068493
E01000223,0.4099462365591398,0.271505376344086
E01000224,0.4578096947935368,0.01436265709156194
E01000225,0.24567474048442905,0.17301038062283736
E01000226,0.1877076411960133,0.3920265780730897
E01000227,0.20469798657718122,0.01174496644295302
E01000228,0.16122004357298475,0.1328976034858388
E01000229,0.21575342465753425,0.2226027397260274
E01000230,0.21699544764795145,0.054628224582701064
E01000231,0.2820097244732577,0.05186385737439222
E01000232,0.21134751773049645,0.12340425531914893
E01000233,0.25835866261398177,0.0243161094224924
E01000234,0.34323922734026746,0.010401188707280832
E01000235,0.3099236641221374,0.2732824427480916
E01000236,0.5043103448275862,0.07614942528735633
E01000237,0.5694635488308115,0.017881705639614855
E01000238,0.44031007751937984,0.07286821705426356
E01000239,0.6038543897216274,0.09314775160599571
E01000240,0.36741214057507987,0.027156549520766772
E01000241,0.39514978601997147,0.05563480741797432
E01000242,0.2823529411764706,0.10756302521008404
E01000243,0.614190687361419,0.04434589800443459
E01000244,0.46006389776357826,0.12619808306709265
E01000245,0.408675799086758,0.3812785388127854
E01000246,0.16485225505443235,0.02177293934681182
E01000247,0.3118131868131868,0.04395604395604396
E01000248,0.2360335195530726,0.07541899441340782
E01000249,0.11147011308562198,0.04038772213247173
E01000250,0.36331877729257644,0.13362445414847163
E01000251,0.391304347826087,0.17296786389413987
E01000252,0.2572877059569075,0.19011406844106463
E01000253,0.11706629055007052,0.015514809590973202
E01000254,0.17851500789889416,0.03317535545023697
E01000255,0.12995245641838352,0.2329635499207607
E01000256,0.23042836041358936,0.07385524372230429
E01000257,0.23574561403508773,0.2905701754385965
E01000258,0.3128205128205128,0.028205128205128206
E01000259,0.30173292558613657,0.06829765545361875
E01000260,0.4064362336114422,0.04410011918951132
E01000261,0.18114874815905743,0.10456553755522828
E01000263,0.07341269841269842,0.003968253968253968
E01000264,0.44677871148459386,0.056022408963585436
E01000265,0.3533246414602347,0.10821382007822686
E01000266,0.10256410256410256,0.0019723865877712033
E01000267,0.21761658031088082,0.025906735751295335
E01000268,0.4667381974248927,0.08369098712446352
E01000269,0.14705882352941177,0.034926470588235295
E01000270,0.26614173228346455,0.048818897637795275
E01000271,0.23127035830618892,0.014657980456026058
E01000272,0.136,0.016
E01000273,0.3535762483130904,0.1417004048582996
E01000274,0.18168812589413447,0.1988555078683834
E01000275,0.362406015037594,0.058646616541353384
E01000276,0.1595959595959596,0.010101010101010102
E01000277,0.4203480589022758,0.2101740294511379
E01000278,0.21272365805168986,0.005964214711729622
E01000279,0.1279527559055118,0.013779527559055118
E01000280,0.11439842209072978,0.011834319526627219
E01000281,0.23047375160051217,0.07554417413572344
E01000282,0.2420749279538905,0.023054755043227664
E01000283,0.10084033613445378,0.012605042016806723
E01000284,0.4145141451414514,0.13776137761377613
E01000285,0.1715686274509804,0.16830065359477125
E01000286,0.18263473053892215,0.3008982035928144
E01000287,0.12438625204582651,0.33878887070376434
E01000288,0.13074204946996468,0.12367491166077739
E01000289,0.13090909090909092,0.5218181818181818
E01000290,0.11578947368421053,0.162406015037594
E01000291,0.08414239482200647,0.4482200647249191
E01000292,0.20916030534351146,0.09312977099236641
E01000293,0.2446958981612447,0.03253182461103253
E01000294,0.2640218878248974,0.16826265389876882
E01000295,0.39814814814814814,0.035493827160493825
E01000296,0.5749674054758801,0.03911342894393742
E01000297,0.3685185185185185,0.06851851851851852
E01000298,0.5068306010928961,0.06284153005464481
E01000299,0.5320088300220751,0.06070640176600441
E01000300,0.31277533039647576,0.0631424375917768
E01000301,0.2641509433962264,0.0018867924528301887
E01000302,0.5387365911799762,0.10727056019070322
E01000303,0.2752808988764045,0.03745318352059925
E01000304,0.42454394693200664,0.04975124378109453
E01000305,0.40735068912710565,0.10719754977029096
E01000306,0.49596122778675283,0.035541195476575124
E01000307,0.32368896925858953,0.1609403254972875
E01000308,0.30552659019812306,0.26903023983315955
E01000309,0.4449152542372881,0.05508474576271186
E01000310,0.5335689045936396,0.12014134275618374
E01000311,0.3179190751445087,0.019267822736030827
E01000312,0.35833333333333334,0.25277777777777777
E01000313,0.5514809590973202,0.09590973201692525
E01000314,0.5761843790012804,0.023047375160051217
E01000315,0.1848341232227488,0.4186413902053712
E01000316,0.40022421524663676,0.1468609865470852
E01000317,0.3516483516483517,0.07535321821036106
E01000318,0.2665615141955836,0.04100946372239748
E01000319,0.19477911646586346,0.05421686746987952
E01000320,0.2908415841584158,0.06311881188118812
E01000321,0.5211097708082026,0.05186972255729795
E01000322,0.45905707196029777,0.07692307692307693
E01000323,0.5992141453831041,0.05697445972495088
E01000324,0.23919753086419754,0.08487654320987655
E01000325,0.05299145299145299,0.020512820512820513
E01000326,0.16574585635359115,0.03867403314917127
E01000327,0.09424920127795527,0.04952076677316294
E01000328,0.08333333333333333,0.06862745098039216
E01000329,0.15933232169954475,0.13960546282245828
E01000330,0.18252933507170796,0.16427640156453716
E01000331,0.08427876823338736,0.2901134521880065
E01000332,0.13866231647634583,0.09135399673735727
E01000333,0.23674475955610358,0.20098643649815043
E01000334,0.15590551181102363,0.05669291338582677
E01000335,0.3952153110047847,0.16555023923444975
E01000336,0.26329113924050634,0.41012658227848103
E01000337,0.2367601246105919,0.14641744548286603
E01000338,0.2952243125904486,0.07091172214182344
E01000339,0.08985024958402663,0.20133111480865223
E01000340,0.1233974358974359,0.028846153846153848
E01000341,0.10112359550561797,0.025682182985553772
E01000342,0.14037854889589904,0.012618296529968454
E01000343,0.14336917562724014,0.012544802867383513
E01000344,0.13500784929356358,0.018838304552590265
E01000345,0.07566462167689161,0.010224948875255624
E01000346,0.09120521172638436,0.013029315960912053
E01000347,0.14992025518341306,0.03987240829346093
E01000348,0.045714285714285714,0.009523809523809525
E01000349,0.056402439024390245,0.010670731707317074
E01000350,0.10076045627376426,0.011406844106463879
E01000351,0.08814102564102565,0.004807692307692308
E01000352,0.18590704647676162,0.06296851574212893
E01000353,0.04128440366972477,0.0030581039755351682
E01000354,0.128500823723229,0.2273476112026359
E01000355,0.06156405990016639,0.011647254575707155
E01000356,0.14149443561208266,0.011128775834658187
E01000357,0.036885245901639344,0.010245901639344262
E01000358,0.16691729323308271,0.03007518796992481
E01000359,0.09696969696969697,0.00808080808080808
E01000360,0.33896103896103896,0.02857142857142857
E01000361,0.14381270903010032,0.06688963210702341
E01000362,0.1093951093951094,0.07979407979407979
E01000363,0.11190053285968028,0.008880994671403197
E01000364,0.14660493827160495,0.06944444444444445
E01000365,0.20709219858156028,0.06099290780141844
E01000366,0.17095310136157338,0.04084720121028744
E01000367,0.09022556390977443,0.3483709273182957
E01000368,0.10223642172523961,0.43769968051118213
E01000369,0.0890302066772655,0.07631160572337042
E01000370,0.09794628751974724,0.09004739336492891
E01000371,0.11428571428571428,0.03968253968253968
E01000372,0.07288135593220339,0.33220338983050846
E01000373,0.12636165577342048,0.42701525054466233
E01000374,0.07265774378585087,0.4187380497131931
E01000375,0.17961783439490445,0.16050955414012738
E01000376,0.12111292962356793,0.11129296235679215
E01000377,0.14176829268292682,0.08689024390243902
E01000379,0.13004484304932734,0.15844544095665172
E01000380,0.15316315205327413,0.3795782463928968
E01000381,0.1326219512195122,0.2774390243902439
E01000382,0.061016949152542375,0.03559322033898305
E01000383,0.0848,0.1072
E01000384,0.18073878627968337,0.15435356200527706
E01000385,0.089058524173028,0.3893129770992366
E01000386,0.15038759689922482,0.4945736434108527
E01000387,0.0864,0.0496
E01000388,0.09181969949916527,0.01669449081803005
E01000389,0.16292134831460675,0.12640449438202248
E01000390,0.0912621359223301,0.062135922330097085
E01000391,0.1125,0.0640625
E01000392,0.27356020942408377,0.25392670157068065
E01000393,0.152,0.0032
E01000394,0.2,0.07313432835820896
E01000395,0.07720588235294118,0.03308823529411765
E01000396,0.08678500986193294,0.009861932938856016
E01000398,0.06557377049180328,0.19836065573770492
E01000399,0.15434083601286175,0.05466237942122187
E01000400,0.1455160744500846,0.050761421319796954
E01000401,0.19826338639652677,0.25180897250361794
E01000402,0.1987673343605547,0.2896764252696456
E01000403,0.14124293785310735,0.4058380414312618
E01000404,0.3383991894630192,0.3677811550151976
E01000405,0.23049645390070922,0.16134751773049646
E01000406,0.2296954314720812,0.09517766497461928
E01000407,0.11989459815546773,0.11198945981554677
E01000408,0.270223752151463,0.0981067125645439
E01000409,0.0888208269525268,0.009188361408882083
E01000410,0.11872909698996656,0.011705685618729096
E01000411,0.08483754512635379,0.009025270758122744
E01000412,0.14463452566096424,0.01088646967340591
E01000413,0.10919540229885058,0.044061302681992334
E01000414,0.2910344827586207,0.023448275862068966
E01000415,0.05029013539651837,0.013539651837524178
E01000416,0.299412915851272,0.22113502935420742
E01000417,0.20933521923620935,0.19236209335219237
E01000418,0.28060522696011003,0.17881705639614856
E01000419,0.08747855917667238,0.008576329331046312
E01000420,0.1288135593220339,0.04745762711864407
E01000421,0.06197654941373534,0.005025125628140704
E01000422,0.11553784860557768,0.7430278884462151
E01000423,0.07248764415156507,0.008237232289950576
E01000424,0.123342175066313,0.0649867374005305
E01000425,0.03289473684210526,0.018092105263157895
E01000426,0.18811881188118812,0.0876944837340877
E01000427,0.10584343991179714,0.1730981256890849
E01000428,0.27342888643880925,0.3175303197353914
E01000429,0.3135593220338983,0.327683615819209
E01000430,0.15864022662889518,0.20113314447592068
E01000431,0.1740139211136891,0.33874709976798145
E01000433,0.14285714285714285,0.4495798319327731
E01000434,0.0975609756097561,0.5958188153310104
E01000435,0.13162393162393163,0.3435897435897436
E01000436,0.07234726688102894,0.02090032154340836
E01000437,0.09163346613545817,0.0697211155378486
E01000438,0.16805324459234608,0.06156405990016639
E01000439,0.23106796116504855,0.14951456310679612
E01000440,0.06614785992217899,0.017509727626459144
E01000441,0.15857142857142856,0.35428571428571426
E01000442,0.08146964856230032,0.07827476038338659
E01000443,0.09073359073359073,0.18146718146718147
E01000444,0.08661417322834646,0.015748031496062992
E01000445,0.10714285714285714,0.005952380952380952
E01000446,0.09882747068676717,0.01507537688442211
E01000447,0.264472190692395,0.09875141884222474
E01000448,0.04678362573099415,0.007797270955165692
E01000449,0.09797822706065319,0.03110419906687403
E01000450,0.08846761453396525,0.20537124802527645
E01000451,0.08520900321543408,0.011254019292604502
E01000452,0.059063136456211814,0.014256619144602852
E01000453,0.09922178988326848,0.0038910505836575876
E01000454,0.11075949367088607,0.19145569620253164
E01000455,0.12641815235008103,0.011345218800648298
E01000456,0.08074534161490683,0.004140786749482402
E01000457,0.4,0.054271356783919596
E01000458,0.10787172011661808,0.08163265306122448
E01000459,0.21630804077010193,0.16081540203850508
E01000460,0.09109730848861283,0.018633540372670808
E01000461,0.0632688927943761,0.007029876977152899
E01000462,0.325748502994012,0.11736526946107785
E01000463,0.059602649006622516,0.01545253863134658
E01000464,0.1869328493647913,0.4863883847549909
E01000465,0.12225274725274725,0.657967032967033
E01000466,0.15,0.5516666666666666
E01000467,0.2630691399662732,0.2900505902192243
E01000468,0.3425238600212089,0.1855779427359491
E01000469,0.29577464788732394,0.19405320813771518
E01000470,0.13446969696969696,0.7140151515151515
E01000471,0.2793522267206478,0.10323886639676114
E01000472,0.44687842278203727,0.12814895947426067
E01000473,0.38783269961977185,0.22686945500633712
E01000474,0.25626204238921,0.1599229287090559
E01000475,0.3572593800978793,0.14355628058727568
E01000476,0.30505415162454874,0.09747292418772563
E01000477,0.4574780058651026,0.093841642228739
E01000478,0.37656903765690375,0.15341701534170155
E01000479,0.22762645914396887,0.017509727626459144
E01000480,0.27984344422700586,0.025440313111545987
E01000481,0.3973509933774834,0.22350993377483444
E01000483,0.3429878048780488,0.3871951219512195
E01000484,0.1715686274509804,0.630718954248366
E01000485,0.3540489642184557,0.22598870056497175
E01000486,0.28076923076923077,0.021153846153846155
E01000487,0.4232424677187948,0.1606886657101865
E01000488,0.40619307832422585,0.1930783242258652
E01000489,0.2875912408759124,0.2291970802919708
E01000490,0.5197294250281849,0.20293122886133033
E01000491,0.3190751445086705,0.24046242774566473
E01000492,0.19955654101995565,0.10864745011086474
E01000493,0.225177304964539,0.05673758865248227
E01000494,0.4515235457063712,0.1786703601108033
E01000495,0.3452685421994885,0.38618925831202044
E01000497,0.2997076023391813,0.23976608187134502
E01000498,0.3684210526315789,0.1539961013645224
E01000499,0.454855195911414,0.17035775127768313
E01000501,0.2813738441215324,0.41215323645970936
E01000502,0.3100303951367781,0.2006079027355623
E01000503,0.3256113256113256,0.23552123552123552
E01000504,0.3237822349570201,0.23925501432664756
E01000505,0.22942206654991243,0.3362521891418564
E01000506,0.45714285714285713,0.29473684210526313
E01000507,0.30828516377649323,0.1599229287090559
E01000508,0.3109048723897912,0.41299303944315546
E01000509,0.42070484581497797,0.06828193832599119
E01000510,0.5828970331588132,0.08202443280977312
E01000511,0.45357142857142857,0.10714285714285714
E01000512,0.37480798771121354,0.0890937019969278
E01000513,0.27078891257995735,0.053304904051172705
E01000514,0.32388663967611336,0.0465587044534413
E01000515,0.3425925925925926,0.2993827160493827
E01000516,0.41767068273092367,0.058902275769745646
E01000517,0.2965235173824131,0.032719836400818
E01000518,0.27910685805422647,0.25199362041467305
E01000519,0.40189873417721517,0.14715189873417722
E01000520,0.3825944170771757,0.13957307060755336
E01000521,0.4538545059717698,0.38762214983713356
E01000522,0.2822349570200573,0.42406876790830944
E01000523,0.4447004608294931,0.2799539170506912
E01000524,0.4316109422492401,0.4194528875379939
E01000525,0.36507936507936506,0.421957671957672
E01000526,0.16604708798017348,0.6864931846344485
E01000527,0.34657534246575344,0.36164383561643837
E01000528,0.15332428765264586,0.5359565807327001
E01000530,0.25522388059701495,0.11641791044776119
E01000531,0.3410942956926659,0.3492433061699651
E01000532,0.24835526315789475,0.3256578947368421
E01000533,0.3416856492027335,0.44419134396355353
E01000534,0.31363636363636366,0.14393939393939395
E01000535,0.40189125295508277,0.2033096926713948
E01000536,0.23274161735700197,0.03747534516765286
E01000538,0.15463917525773196,0.012371134020618556
E01000539,0.22407407407407406,0.07222222222222222
E01000540,0.20910973084886128,0.002070393374741201
E01000541,0.3967280163599182,0.08997955010224949
E01000543,0.3212121212121212,0.08888888888888889
E01000544,0.29499323410013534,0.5006765899864682
E01000545,0.5137211855104281,0.2491767288693743
E01000546,0.4747340425531915,0.1875
E01000547,0.31149927219796214,0.24599708879184862
E01000548,0.46153846153846156,0.3116883116883117
E01000549,0.4264870931537598,0.18181818181818182
E01000550,0.24642464246424642,0.5511551155115512
E01000551,0.14540816326530612,0.717687074829932
E01000552,0.10344827586206896,0.6896551724137931
E01000553,0.4899057873485868,0.12920592193808883
E01000554,0.34564643799472294,0.20580474934036938
E01000555,0.3517110266159696,0.11406844106463879
E01000556,0.6635622817229336,0.18277066356228172
E01000557,0.5030084235860409,0.22382671480144403
E01000558,0.38975155279503104,0.2422360248447205
E01000559,0.4496951219512195,0.24085365853658536
E01000560,0.4358974358974359,0.16440422322775264
E01000561,0.3839611178614824,0.36087484811664644
E01000562,0.15271966527196654,0.08158995815899582
E01000563,0.14699792960662525,0.020703933747412008
E01000564,0.47443762781186094,0.06339468302658487
E01000565,0.24435318275154005,0.23613963039014374
E01000566,0.21120689655172414,0.03017241379310345
E01000567,0.3137254901960784,0.10675381263616558
E01000568,0.4117647058823529,0.28808446455505277
E01000569,0.14583333333333334,0.025
E01000570,0.3138401559454191,0.16764132553606237
E01000571,0.32796780684104626,0.03621730382293763
E01000572,0.27801724137931033,0.03017241379310345
E01000573,0.36666666666666664,0.03333333333333333
E01000574,0.34573304157549234,0.024070021881838075
E01000575,0.518910741301059,0.0680786686838124
E01000576,0.356140350877193,0.05087719298245614
E01000577,0.4419953596287703,0.3642691415313225
E01000578,0.2860576923076923,0.2848557692307692
E01000579,0.2996845425867508,0.23817034700315456
E01000580,0.295906432748538,0.2409356725146199
E01000581,0.327150084317032,0.21079258010118043
E01000582,0.2686131386861314,0.1591240875912409
E01000583,0.3736141906873614,0.2006651884700665
E01000584,0.25045372050816694,0.10526315789473684
E01000585,0.3614864864864865,0.14527027027027026
E01000586,0.48938134810710987,0.1819021237303786
E01000587,0.27114967462039047,0.015184381778741865
E01000589,0.3283582089552239,0.06343283582089553
E01000590,0.2764612954186414,0.044233807266982623
E01000591,0.4158878504672897,0.102803738317757
E01000592,0.25728155339805825,0.18446601941747573
E01000593,0.27844311377245506,0.2275449101796407
E01000594,0.4597495527728086,0.0626118067978533
E01000595,0.3108728943338438,0.47320061255742724
E01000596,0.2364217252396166,0.5990415335463258
E01000599,0.10616929698708752,0.6843615494978479
E01000601,0.20857699805068225,0.6471734892787524
E01000602,0.17928286852589642,0.5219123505976095
E01000603,0.38010657193605685,0.3481349911190053
E01000604,0.11306042884990253,0.6686159844054581
E01000605,0.11578947368421053,0.7140350877192982
E01000606,0.42387543252595156,0.11245674740484429
E01000607,0.3915574963609898,0.03056768558951965
E01000608,0.46534653465346537,0.1707920792079208
E01000609,0.3370253164556962,0.10917721518987342
E01000610,0.43231441048034935,0.16593886462882096
E01000611,0.2528925619834711,0.19008264462809918
E01000612,0.3664825046040516,0.1860036832412523
E01000613,0.45754716981132076,0.17767295597484276
E01000615,0.5429262394195888,0.1003627569528416
E01000616,0.5388513513513513,0.0945945945945946
E01000617,0.4390581717451524,0.15512465373961218
E01000618,0.2910602910602911,0.09563409563409564
E01000619,0.2578616352201258,0.06079664570230608
E01000620,0.3333333333333333,0.052941176470588235
E01000621,0.38372093023255816,0.04263565891472868
E01000622,0.5028328611898017,0.1501416430594901
E01000623,0.38095238095238093,0.03350970017636684
E01000624,0.24829931972789115,0.027210884353741496
E01000625,0.34295415959252973,0.1731748726655348
E01000626,0.21818181818181817,0.5322314049586777
E01000627,0.42380261248185774,0.30043541364296084
E01000628,0.4664586583463339,0.18876755070202808
E01000629,0.3162118780096308,0.03691813804173355
E01000630,0.4002205071664829,0.3296582138919515
E01000631,0.39690721649484534,0.06013745704467354
E01000632,0.4288107202680067,0.020100502512562814
E01000633,0.5211726384364821,0.11889250814332247
E01000634,0.46062992125984253,0.16535433070866143
E01000636,0.41361256544502617,0.12172774869109948
E01000637,0.43902439024390244,0.24878048780487805
E01000638,0.5609137055837563,0.24111675126903553
E01000639,0.5851063829787234,0.13962765957446807
E01000640,0.5483476132190942,0.20807833537331702
E01000641,0.41496598639455784,0.3034013605442177
E01000642,0.5301556420233463,0.20428015564202334
E01000643,0.16722408026755853,0.5763656633221851
E01000644,0.42070773263433814,0.2346002621231979
E01000645,0.09040590405904059,0.01107011070110701
E01000646,0.2886334610472541,0.04342273307790549
E01000647,0.17901234567901234,0.06635802469135803
E01000648,0.18457300275482094,0.024793388429752067
E01000649,0.12974296205630356,0.06731946144430845
E01000650,0.0855614973262032,0.1537433155080214
E01000651,0.1632,0.1056
E01000652,0.07578008915304606,0.03714710252600297
E01000653,0.10420168067226891,0.08571428571428572
E01000654,0.05327868852459016,0.022540983606557378
E01000655,0.10204081632653061,0.022448979591836733
E01000656,0.05486725663716814,0.012389380530973451
E01000657,0.1277860326894502,0.1352154531946508
E01000658,0.060498220640569395,0.026690391459074734
E01000659,0.07265774378585087,0.011472275334608031
E01000661,0.1636980491942324,0.39609838846480067
E01000662,0.10889570552147239,0.15030674846625766
E01000663,0.053973013493253376,0.2773613193403298
E01000664,0.0667779632721202,0.15525876460767946
E01000665,0.16129032258064516,0.06182795698924731
E01000666,0.10224438902743142,0.018703241895261846
E01000667,0.03189792663476874,0.007974481658692184
E01000668,0.23668032786885246,0.09836065573770492
E01000669,0.17402945113788487,0.05756358768406961
E01000670,0.33613445378151263,0.062424969987995196
E01000671,0.3182711198428291,0.10510805500982318
E01000672,0.2377521613832853,0.023054755043227664
E01000673,0.15723270440251572,0.07075471698113207
E01000674,0.32916145181476847,0.17647058823529413
E01000676,0.48132780082987553,0.2053941908713693
E01000677,0.3358302122347066,0.062421972534332085
E01000678,0.1994261119081779,0.058823529411764705
E01000679,0.20266272189349113,0.03106508875739645
E01000680,0.08964451313755796,0.030911901081916538
E01000681,0.0724191063174114,0.0061633281972265025
E01000682,0.07993730407523511,0.004702194357366771
E01000683,0.2159090909090909,0.08664772727272728
E01000684,0.09345794392523364,0.006675567423230975
E01000685,0.10310965630114566,0.12438625204582651
E01000686,0.09316770186335403,0.10403726708074534
E01000687,0.11800302571860817,0.025718608169440244
E01000688,0.04339250493096647,0.03155818540433925
E01000689,0.20521172638436483,0.20684039087947884
E01000690,0.07476635514018691,0.052336448598130844
E01000691,0.14150943396226415,0.18396226415094338
E01000692,0.19411764705882353,0.04852941176470588
E01000693,0.11937984496124031,0.06821705426356589
E01000694,0.11010215664018161,0.03745743473325766
E01000695,0.12317666126418152,0.03889789303079417
E01000696,0.1438953488372093,0.01744186046511628
E01000697,0.26417525773195877,0.023195876288659795
E01000698,0.0365296803652968,0.01141552511415525
E01000699,0.30015082956259426,0.18552036199095023
E01000700,0.13493253373313344,0.1724137931034483
E01000701,0.21287128712871287,0.066006600660066
E01000702,0.25117739403453687,0.11616954474097331
E01000703,0.2785714285714286,0.09428571428571429
E01000704,0.17696160267111852,0.05342237061769616
E01000705,0.2268760907504363,0.15532286212914484
E01000706,0.16721311475409836,0.17049180327868851
E01000707,0.10377358490566038,0.016981132075471698
E01000708,0.1949509116409537,0.07012622720897616
E01000709,0.26865671641791045,0.16960651289009498
E01000710,0.29965457685664937,0.05267702936096719
E01000711,0.3742690058479532,0.12183235867446393
E01000712,0.3720136518771331,0.027303754266211604
E01000713,0.3310810810810811,0.038288288288288286
E01000714,0.4298808432630614,0.06232813932172319
E01000715,0.33117583603020495,0.0593311758360302
E01000716,0.2517580872011252,0.04922644163150492
E01000717,0.3491329479768786,0.06473988439306358
E01000718,0.26082251082251084,0.29004329004329005
E01000719,0.1907514450867052,0.23699421965317918
E01000720,0.1652046783625731,0.31140350877192985
E01000721,0.09740259740259741,0.4805194805194805
E01000722,0.17391304347826086,0.12648221343873517
E01000723,0.05434782608695652,0.021739130434782608
E01000724,0.09355828220858896,0.5199386503067485
E01000725,0.23329129886506936,0.25598991172761665
E01000726,0.14705882352941177,0.02768166089965398
E01000727,0.14435695538057744,0.1089238845144357
E01000728,0.1659513590844063,0.15736766809728184
E01000729,0.07194244604316546,0.5587529976019184
E01000730,0.11958146487294469,0.5186846038863976
E01000731,0.0914396887159533,0.2704280155642023
E01000732,0.06484641638225255,0.14675767918088736
E01000733,0.09779179810725552,0.18769716088328076
E01000734,0.15459882583170254,0.10176125244618395
E01000735,0.09712230215827339,0.3273381294964029
E01000736,0.08426073131955485,0.3195548489666137
E01000737,0.09948542024013722,0.313893653516295
E01000738,0.10973724884080371,0.14528593508500773
E01000739,0.11145996860282574,0.4897959183673469
E01000741,0.35875402792696026,0.25671321160042965
E01000742,0.38258317025440314,0.23581213307240703
E01000743,0.26321974148061106,0.43243243243243246
E01000744,0.1555891238670695,0.5574018126888217
E01000745,0.27474972191323693,0.24916573971078976
E01000746,0.3378238341968912,0.17512953367875647
E01000747,0.1390644753476612,0.07585335018963338
E01000748,0.07670454545454546,0.01278409090909091
E01000749,0.08006279434850863,0.05023547880690738
E01000750,0.039755351681957186,0.5688073394495413
E01000751,0.12950450450450451,0.04279279279279279
E01000752,0.13358778625954199,0.07251908396946564
E01000753,0.0873015873015873,0.006613756613756613
E01000754,0.16870748299319727,0.0326530612244898
E01000755,0.0873015873015873,0.01746031746031746
E01000756,0.1123076923076923,0.018461538461538463
E01000757,0.03814262023217247,0.013266998341625208
E01000758,0.06159420289855073,0.025362318840579712
E01000759,0.050347222222222224,0.010416666666666666
E01000760,0.14188034188034188,0.037606837606837605
E01000761,0.02626970227670753,0.008756567425569177
E01000762,0.214190093708166,0.020080321285140562
E01000763,0.05736137667304015,0.0057361376673040155
E01000764,0.06818181818181818,0.1318181818181818
E01000765,0.1806543385490754,0.03556187766714083
E01000766,0.034055727554179564,0.010835913312693499
E01000767,0.03826955074875208,0.013311148086522463
E01000768,0.1468189233278956,0.0799347471451876
E01000769,0.06607929515418502,0.15198237885462554
E01000770,0.21397379912663755,0.03202328966521106
E01000771,0.11916264090177134,0.00322061191626409
E01000772,0.17748344370860927,0.03708609271523179
E01000773,0.06435643564356436,0.16336633663366337
E01000774,0.18900343642611683,0.037800687285223365
E01000775,0.14988290398126464,0.026932084309133488
E01000777,0.11985688729874776,0.01073345259391771
E01000778,0.08634222919937205,0.14285714285714285
E01000779,0.22033898305084745,0.08305084745762711
E01000780,0.15254237288135594,0.2650231124807396
E01000781,0.14057507987220447,0.4329073482428115
E01000782,0.19295558958652373,0.43950995405819293
E01000783,0.17767295597484276,0.35377358490566035
E01000784,0.14745762711864407,0.08983050847457627
E01000785,0.16139240506329114,0.36550632911392406
E01000786,0.04874213836477988,0.03773584905660377
E01000787,0.10222222222222223,0.1451851851851852
E01000788,0.12866449511400652,0.14332247557003258
E01000789,0.11027190332326284,0.6555891238670695
E01000790,0.36555023923444974,0.07655502392344497
E01000791,0.07108239095315025,0.061389337641357025
E01000792,0.11169284467713787,0.1256544502617801
E01000793,0.05741626794258373,0.007974481658692184
E01000794,0.04297520661157025,0.01487603305785124
E01000795,0.06179775280898876,0.1947565543071161
E01000796,0.11272141706924316,0.71658615136876
E01000797,0.1837916063675832,0.12301013024602026
E01000798,0.2537313432835821,0.49525101763907736
E01000799,0.2864721485411141,0.15915119363395225
E01000800,0.327909887359199,0.27909887359199
E01000801,0.21044546850998463,0.20430107526881722
E01000802,0.1980074719800747,0.199252801992528
E01000803,0.22623828647925034,0.24497991967871485
E01000804,0.11150442477876106,0.04247787610619469
E01000805,0.2619047619047619,0.19674185463659147
E01000806,0.3406451612903226,0.3793548387096774
E01000807,0.1918238993710692,0.07075471698113207
E01000808,0.06774193548387097,0.07580645161290323
E01000809,0.08892355694227769,0.015600624024960999
E01000810,0.03697478991596639,0.010084033613445379
E01000811,0.17688266199649738,0.0070052539404553416
E01000812,0.16420118343195267,0.09911242603550297
E01000813,0.0853462157809984,0.001610305958132045
E01000814,0.03620689655172414,0.0
E01000815,0.030303030303030304,0.0142602495543672
E01000816,0.13658536585365855,0.05853658536585366
E01000818,0.078003120124805,0.0343213728549142
E01000819,0.1725955204216074,0.33201581027667987
E01000820,0.20970042796005706,0.1825962910128388
E01000822,0.27349228611500703,0.12482468443197756
E01000823,0.26021798365122617,0.06267029972752043
E01000824,0.2694300518134715,0.13126079447322972
E01000825,0.31396786155747836,0.11372064276885044
E01000826,0.055062166962699825,0.015985790408525755
E01000827,0.2705128205128205,0.05897435897435897
E01000828,0.19170984455958548,0.12046632124352331
E01000829,0.2642857142857143,0.05857142857142857
E01000830,0.04136690647482014,0.014388489208633094
E01000831,0.2351421188630491,0.08656330749354005
E01000832,0.11092150170648464,0.006825938566552901
E01000833,0.04024144869215292,0.008048289738430584
E01000834,0.05411255411255411,0.017316017316017316
E01000835,0.3090128755364807,0.030042918454935622
E01000836,0.056451612903225805,0.014112903225806451
E01000837,0.13803680981595093,0.09815950920245399
E01000838,0.08872458410351201,0.022181146025878003
E01000839,0.04066543438077634,0.0018484288354898336
E01000840,0.037900874635568516,0.20262390670553937
E01000841,0.09969788519637462,0.015105740181268883
E01000842,0.45454545454545453,0.12215909090909091
E01000843,0.45468509984639016,0.12903225806451613
E01000844,0.5225885225885226,0.10744810744810745
E01000845,0.4218077474892396,0.13916786226685796
E01000846,0.2109777015437393,0.5437392795883362
E01000847,0.26742301458670986,0.4035656401944895
E01000848,0.4932249322493225,0.0921409214092141
E01000849,0.557980900409277,0.08594815825375171
E01000850,0.5933682373472949,0.16928446771378708
E01000851,0.606973058637084,0.14580031695721077
E01000853,0.20277777777777778,0.6555555555555556
E01000855,0.4388133498145859,0.2373300370828183
E01000856,0.3395061728395062,0.42901234567901236
E01000857,0.3270440251572327,0.26572327044025157
E01000858,0.2928660826032541,0.5807259073842302
E01000859,0.4340974212034384,0.1318051575931232
E01000860,0.22518518518518518,0.5185185185185185
E01000861,0.4339080459770115,0.33189655172413796
E01000862,0.3358116480793061,0.12391573729863693
E01000863,0.5043227665706052,0.22334293948126802
E01000866,0.26105717367853293,0.44336569579288027
E01000867,0.38070404172099087,0.423728813559322
E01000868,0.15147453083109919,0.6876675603217158
E01000869,0.42093287827076226,0.2502844141069397
E01000870,0.2548209366391185,0.4462809917355372
E01000871,0.29493087557603687,0.1382488479262673
E01000872,0.5665887850467289,0.16822429906542055
E01000873,0.36186186186186187,0.13363363363363365
E01000874,0.3640699523052464,0.06836248012718601
E01000875,0.5252918287937743,0.17639429312581065
E01000876,0.343409915356711,0.4207980652962515
E01000877,0.529500756429652,0.06505295007564296
E01000878,0.3769633507853403,0.1400523560209424
E01000879,0.4642233856893543,0.09773123909249563
E01000880,0.46286701208981,0.05008635578583765
E01000881,0.5963455149501661,0.10299003322259136
E01000882,0.48721804511278194,0.042105263157894736
E01000883,0.6344370860927152,0.04768211920529802
E01000884,0.3658119658119658,0.05982905982905983
E01000885,0.31309297912713474,0.07969639468690702
E01000886,0.2668918918918919,0.16216216216216217
E01000887,0.3709923664122137,0.2183206106870229
E01000888,0.2421875,0.325
E01000889,0.10906515580736544,0.6968838526912181
E01000890,0.08085808580858085,0.7854785478547854
E01000891,0.1886178861788618,0.6487804878048781
E01000892,0.2982885085574572,0.2995110024449878
E01000893,0.3744292237442922,0.0410958904109589
E01000894,0.37168141592920356,0.0584070796460177
E01000895,0.41687979539641945,0.24808184143222506
E01000896,0.3767019667170953,0.04236006051437216
E01000897,0.4030534351145038,0.03969465648854962
E01000898,0.28140096618357485,0.5217391304347826
E01000899,0.3234463276836158,0.046610169491525424
E01000900,0.24162011173184358,0.41899441340782123
E01000901,0.20109439124487005,0.6443228454172366
E01000902,0.25594149908592323,0.5776965265082267
E01000903,0.3258785942492013,0.3258785942492013
E01000904,0.2787068004459309,0.5016722408026756
E01000905,0.13761467889908258,0.7247706422018348
E01000906,0.4815825375170532,0.11596180081855388
E01000907,0.15309446254071662,0.5309446254071661
E01000908,0.16472114137483787,0.5214007782101168
E01000909,0.1875968992248062,0.17984496124031008
E01000910,0.24731182795698925,0.16845878136200718
E01000911,0.1550632911392405,0.41139240506329117
E01000912,0.15588235294117647,0.5323529411764706
E01000913,0.2591508052708638,0.017569546120058566
E01000914,0.506544502617801,0.24083769633507854
E01000915,0.22920203735144312,0.6112054329371817
E01000916,0.3669527896995708,0.40772532188841204
E01000917,0.13066666666666665,0.7533333333333333
E01000918,0.3276073619631902,0.4723926380368098
E01000919,0.35524475524475524,0.42377622377622376
E01000920,0.44539877300613495,0.3226993865030675
E01000921,0.5195227765726681,0.1963123644251627
E01000922,0.32801161103047893,0.3599419448476052
E01000923,0.21800947867298578,0.3412322274881517
E01000924,0.3526170798898072,0.2465564738292011
E01000925,0.1681260945709282,0.647985989492119
E01000926,0.3694581280788177,0.367816091954023
E01000927,0.3289855072463768,0.21884057971014492
E01000928,0.28856382978723405,0.3098404255319149
E01000929,0.2541436464088398,0.5400552486187845
E01000930,0.4067028985507246,0.43478260869565216
E01000931,0.39761646803900325,0.39761646803900325
E01000932,0.4556818181818182,0.26477272727272727
E01000933,0.48166259168704156,0.20660146699266504
E01000934,0.30180806675938804,0.4951321279554937
E01000935,0.2425531914893617,0.6312056737588653
E01000937,0.49160671462829736,0.23741007194244604
E01000938,0.4249201277955272,0.46645367412140576
E01000939,0.26337448559670784,0.6008230452674898
E01000941,0.12969924812030076,0.75
E01000942,0.42209072978303747,0.2879684418145957
E01000943,0.4328018223234624,0.3439635535307517
E01000944,0.23851590106007067,0.6007067137809188
E01000946,0.33915574963609896,0.37554585152838427
E01000947,0.5507955936352509,0.26438188494492043
E01000948,0.3302013422818792,0.34496644295302015
E01000949,0.10678210678210678,0.823953823953824
E01000951,0.18650088809946713,0.6518650088809946
E01000952,0.24430955993930198,0.6145675265553869
E01000954,0.11384615384615385,0.8461538461538461
E01000955,0.11214953271028037,0.8317757009345794
E01000956,0.31125827814569534,0.5596026490066225
E01000957,0.42024539877300615,0.3205521472392638
E01000958,0.3081761006289308,0.48846960167714887
E01000959,0.2558139534883721,0.6017441860465116
E01000960,0.5307262569832403,0.1776536312849162
E01000961,0.3168044077134986,0.39669421487603307
E01000962,0.5596816976127321,0.05570291777188329
E01000963,0.5513905683192262,0.10519951632406288
E01000964,0.363395225464191,0.33554376657824936
E01000965,0.46002460024600245,0.23247232472324722
E01000966,0.47639484978540775,0.05293276108726753
E01000967,0.3981191222570533,0.17084639498432602
E01000968,0.4814305364511692,0.1829436038514443
E01000969,0.5483146067415731,0.04044943820224719
E01000970,0.6026315789473684,0.08289473684210526
E01000971,0.38648180242634317,0.10398613518197573
E01000972,0.38605619146722164,0.48074921956295524
E01000973,0.4919642857142857,0.2580357142857143
E01000974,0.44575163398692813,0.32679738562091504
E01000975,0.48265895953757226,0.1001926782273603
E01000976,0.4415137614678899,0.15711009174311927
E01000977,0.4069767441860465,0.24735729386892177
E01000978,0.5273809523809524,0.12857142857142856
E01000979,0.45161290322580644,0.08645161290322581
E01000980,0.22625215889464595,0.19170984455958548
E01000981,0.2507598784194529,0.07750759878419453
E01000982,0.3136094674556213,0.1390532544378698
E01000983,0.23480662983425415,0.04005524861878453
E01000984,0.33969465648854963,0.30788804071246817
E01000985,0.08445297504798464,0.07869481765834933
E01000986,0.20930232558139536,0.055232558139534885
E01000987,0.1245136186770428,0.009727626459143969
E01000989,0.10333863275039745,0.04133545310015898
E01000990,0.09158878504672897,0.5401869158878505
E01000991,0.0804093567251462,0.02046783625730994
E01000992,0.12554744525547445,0.3708029197080292
E01000993,0.22,0.07333333333333333
E01000994,0.26256983240223464,0.05772811918063315
E01000995,0.4271523178807947,0.06622516556291391
E01000996,0.22767857142857142,0.05357142857142857
E01000997,0.3421588594704684,0.09775967413441955
E01000998,0.3969335604770017,0.1890971039182283
E01000999,0.271264367816092,0.04597701149425287
E01001000,0.4518664047151277,0.0825147347740668
E01001001,0.3797250859106529,0.19415807560137457
E01001002,0.2925430210325048,0.12619502868068833
E01001003,0.33500837520938026,0.19430485762144054
E01001004,0.32605905006418484,0.220795892169448
E01001005,0.37437603993344426,0.129783693843594
E01001006,0.23043478260869565,0.2956521739130435
E01001007,0.2696817420435511,0.08207705192629816
E01001008,0.18267419962335216,0.3126177024482109
E01001009,0.2908545727136432,0.18290854572713644
E01001010,0.2158154859967051,0.3986820428336079
E01001011,0.44405594405594406,0.28554778554778554
E01001012,0.47044334975369456,0.1896551724137931
E01001013,0.3148558758314856,0.4656319290465632
E01001015,0.08617594254937164,0.34290843806104127
E01001016,0.10122699386503067,0.07208588957055215
E01001017,0.07142857142857142,0.03015873015873016
E01001018,0.07244094488188976,0.026771653543307086
E01001019,0.04384485666104553,0.08263069139966273
E01001020,0.08255451713395638,0.056074766355140186
E01001021,0.07142857142857142,0.46153846153846156
E01001022,0.048465266558966075,0.012924071082390954
E01001023,0.258266309204647,0.14387846291331546
E01001024,0.12333965844402277,0.03415559772296015
E01001025,0.0673469387755102,0.026530612244897958
E01001026,0.08345752608047691,0.17585692995529062
E01001027,0.06754032258064516,0.07661290322580645
E01001028,0.07434944237918216,0.007434944237918215
E01001029,0.25585023400936036,0.078003120124805
E01001030,0.08113590263691683,0.014198782961460446
E01001031,0.11067961165048544,0.009708737864077669
E01001032,0.09532374100719425,0.007194244604316547
E01001033,0.28885630498533726,0.09237536656891496
E01001034,0.34789156626506024,0.04969879518072289
E01001035,0.4916467780429594,0.0954653937947494
E01001036,0.2087745839636914,0.04084720121028744
E01001037,0.3519061583577713,0.18475073313782991
E01001038,0.4320337197049526,0.12644889357218125
E01001039,0.13590604026845637,0.030201342281879196
E01001040,0.31409395973154364,0.08993288590604027
E01001041,0.3782668500687758,0.1499312242090784
E01001042,0.4305408271474019,0.20890774125132555
E01001044,0.3513189448441247,0.047961630695443645
E01001046,0.5301507537688442,0.020100502512562814
E01001047,0.5254437869822485,0.10532544378698225
E01001049,0.18497109826589594,0.0038535645472061657
E01001050,0.38149556400506973,0.3574144486692015
E01001051,0.10301953818827708,0.6483126110124334
E01001052,0.09050772626931568,0.5982339955849889
E01001053,0.06928838951310862,0.3895131086142322
E01001054,0.09780775716694773,0.4536256323777403
E01001055,0.10296684118673648,0.5340314136125655
E01001056,0.10590277777777778,0.703125
E01001057,0.06478405315614617,0.7807308970099668
E01001058,0.12380952380952381,0.05523809523809524
E01001059,0.24287856071964017,0.06746626686656672
E01001060,0.17337461300309598,0.10835913312693499
E01001061,0.23006134969325154,0.16717791411042945
E01001062,0.11648745519713262,0.03763440860215054
E01001063,0.1391304347826087,0.006956521739130435
E01001064,0.11658456486042693,0.009852216748768473
E01001065,0.24461538461538462,0.06
E01001066,0.10836501901140684,0.5513307984790875
E01001067,0.050434782608695654,0.008695652173913044
E01001068,0.14627659574468085,0.17154255319148937
E01001069,0.11857707509881422,0.03162055335968379
E01001070,0.10046367851622875,0.17465224111282843
E01001071,0.08298755186721991,0.13692946058091288
E01001072,0.05762081784386617,0.013011152416356878
E01001073,0.27147766323024053,0.07388316151202749
E01001074,0.21323529411764705,0.21568627450980393
E01001075,0.2115085536547434,0.08553654743390357
E01001076,0.17894736842105263,0.3350877192982456
E01001077,0.12403100775193798,0.10271317829457365
E01001078,0.0784313725490196,0.4392156862745098
E01001079,0.09183673469387756,0.4302721088435374
E01001080,0.06357388316151202,0.7285223367697594
E01001081,0.10526315789473684,0.35020242914979755
E01001082,0.08986615678776291,0.384321223709369
E01001083,0.1559633027522936,0.01651376146788991
E01001084,0.21353383458646616,0.03609022556390978
E01001085,0.34418604651162793,0.12558139534883722
E01001086,0.19015280135823429,0.03225806451612903
E01001087,0.3645189761694616,0.23742277140335394
E01001088,0.185121107266436,0.15397923875432526
E01001089,0.3457364341085271,0.22790697674418606
E01001090,0.3704954954954955,0.22297297297297297
E01001091,0.24598930481283424,0.024955436720142603
E01001092,0.1797432239657632,0.06704707560627675
E01001093,0.2222222222222222,0.10407876230661041
E01001094,0.10229276895943562,0.031746031746031744
E01001095,0.29747899159663865,0.10084033613445378
E01001096,0.07344632768361582,0.022598870056497175
E01001097,0.3598290598290598,0.19145299145299147
E01001098,0.07076350093109869,0.024208566108007448
E01001099,0.12687813021702837,0.24207011686143573
E01001100,0.22795341098169716,0.05823627287853577
E01001101,0.045454545454545456,0.005928853754940711
E01001102,0.12735849056603774,0.06132075471698113
E01001103,0.055900621118012424,0.046583850931677016
E01001104,0.09813084112149532,0.037383177570093455
E01001105,0.0656,0.2304
E01001106,0.09481216457960644,0.09660107334525939
E01001107,0.16167664670658682,0.023952095808383235
E01001108,0.037383177570093455,0.010903426791277258
E01001109,0.3146417445482866,0.32191069574247144
E01001110,0.4276094276094276,0.29854096520763185
E01001111,0.33073322932917315,0.11544461778471139
E01001112,0.3255269320843091,0.297423887587822
E01001113,0.44522144522144524,0.1655011655011655
E01001114,0.26788685524126454,0.3777038269550749
E01001115,0.2227342549923195,0.3932411674347158
E01001116,0.3655737704918033,0.11967213114754098
E01001118,0.32917139614074914,0.376844494892168
E01001119,0.04844290657439446,0.039792387543252594
E01001120,0.1062992125984252,0.027559055118110236
E01001121,0.04638218923933209,0.016697588126159554
E01001122,0.07439824945295405,0.002188183807439825
E01001123,0.08471760797342193,0.009966777408637873
E01001124,0.05306799336650083,0.01658374792703151
E01001125,0.14942528735632185,0.052545155993431854
E01001126,0.09045226130653267,0.04522613065326633
E01001127,0.059625212947189095,0.04258943781942078
E01001128,0.08084358523725835,0.5676625659050967
E01001129,0.033663366336633666,0.013861386138613862
E01001130,0.09660107334525939,0.6958855098389982
E01001131,0.1274658573596358,0.1441578148710167
E01001132,0.06811145510835913,0.05263157894736842
E01001133,0.11401098901098901,0.06868131868131869
E01001134,0.14074074074074075,0.04888888888888889
E01001135,0.12206572769953052,0.0297339593114241
E01001136,0.4841997961264016,0.13863404689092762
E01001137,0.2603305785123967,0.1322314049586777
E01001138,0.2611111111111111,0.19583333333333333
E01001139,0.26153846153846155,0.07552447552447553
E01001140,0.29882044560943644,0.12057667103538663
E01001141,0.30244755244755245,0.3129370629370629
E01001142,0.2774798927613941,0.0871313672922252
E01001143,0.28484848484848485,0.27636363636363637
E01001144,0.3967459324155194,0.23028785982478098
E01001145,0.3138602520045819,0.4444444444444444
E01001146,0.22075782537067545,0.08731466227347612
E01001147,0.2835820895522388,0.23432835820895523
E01001148,0.2361308677098151,0.12375533428165007
E01001149,0.27724358974358976,0.08173076923076923
E01001150,0.1946624803767661,0.10204081632653061
E01001151,0.2727272727272727,0.33979135618479883
E01001152,0.4310998735777497,0.18584070796460178
E01001153,0.25040916530278234,0.11129296235679215
E01001154,0.3686382393397524,0.15818431911966988
E01001155,0.3057324840764331,0.40254777070063696
E01001156,0.21220527045769763,0.31761442441054094
E01001157,0.19101123595505617,0.13162118780096307
E01001158,0.2701492537313433,0.14925373134328357
E01001159,0.20512820512820512,0.06747638326585695
E01001160,0.17065390749601275,0.03508771929824561
E01001161,0.13743218806509946,0.4448462929475588
E01001162,0.20474406991260924,0.3470661672908864
E01001163,0.18585131894484413,0.11151079136690648
E01001164,0.3951612903225806,0.1814516129032258
E01001165,0.30248618784530384,0.08977900552486189
E01001166,0.3458904109589041,0.3150684931506849
E01001167,0.23565323565323565,0.14774114774114774
E01001168,0.3328785811732606,0.08321964529331514
E01001169,0.10641627543035993,0.4475743348982786
E01001170,0.4145251396648045,0.20335195530726258
E01001171,0.22026431718061673,0.2966226138032305
E01001172,0.1589041095890411,0.5095890410958904
E01001173,0.2714285714285714,0.22678571428571428
E01001174,0.28627450980392155,0.056862745098039215
E01001175,0.3039568345323741,0.14388489208633093
E01001176,0.3225806451612903,0.17903225806451614
E01001177,0.24684684684684685,0.3279279279279279
E01001178,0.41903171953255425,0.337228714524207
E01001179,0.2956204379562044,0.09671532846715329
E01001180,0.40029761904761907,0.14434523809523808
E01001181,0.3059617547806524,0.4364454443194601
E01001182,0.3600867678958785,0.021691973969631236
E01001183,0.38110236220472443,0.18425196850393702
E01001184,0.23198198198198197,0.06306306306306306
E01001185,0.3082099596231494,0.06998654104979811
E01001186,0.31862745098039214,0.24387254901960784
E01001187,0.2685643564356436,0.18811881188118812
E01001188,0.2906666666666667,0.19866666666666666
E01001189,0.1786492374727669,0.11982570806100218
E01001190,0.16611295681063123,0.19102990033222592
E01001191,0.44495944380069524,0.19351100811123986
E01001192,0.251088534107402,0.2467343976777939
E01001193,0.11091549295774648,0.5422535211267606
E01001194,0.2032520325203252,0.08780487804878048
E01001195,0.3814935064935065,0.06655844155844155
E01001196,0.3477633477633478,0.37806637806637805
E01001197,0.4325452016689847,0.20445062586926285
E01001198,0.40336134453781514,0.10588235294117647
E01001199,0.40238450074515647,0.28017883755588674
E01001200,0.3821656050955414,0.08280254777070063
E01001201,0.312202852614897,0.19809825673534073
E01001202,0.3963963963963964,0.3203203203203203
E01001203,0.4262295081967213,0.30679156908665106
E01001204,0.19696969696969696,0.10942760942760943
E01001205,0.3119266055045872,0.3486238532110092
E01001206,0.23369565217391305,0.5507246376811594
E01001207,0.44517833553500663,0.059445178335535004
E01001208,0.13725490196078433,0.045098039215686274
E01001209,0.2561349693251534,0.013803680981595092
E01001210,0.15211640211640212,0.5873015873015873
E01001211,0.3110181311018131,0.12552301255230125
E01001212,0.3342541436464088,0.0787292817679558
E01001213,0.3221601489757914,0.15456238361266295
E01001214,0.3152610441767068,0.020080321285140562
E01001215,0.3579454253611557,0.20385232744783308
E01001216,0.40606060606060607,0.08888888888888889
E01001217,0.2164009111617312,0.015945330296127564
E01001218,0.27900552486187846,0.35220994475138123
E01001219,0.19869281045751633,0.4888888888888889
E01001220,0.13829787234042554,0.6127659574468085
E01001223,0.4509493670886076,0.07753164556962025
E01001224,0.2620689655172414,0.03103448275862069
E01001225,0.45454545454545453,0.18536009445100354
E01001226,0.49177877428998507,0.09118086696562033
E01001227,0.3383084577114428,0.06135986733001658
E01001228,0.5387409200968523,0.0774818401937046
E01001229,0.20270270270270271,0.36824324324324326
E01001230,0.38385502471169686,0.10378912685337727
E01001231,0.43765903307888043,0.03689567430025445
E01001232,0.2755267423014587,0.20421393841166938
E01001233,0.30917874396135264,0.23027375201288244
E01001234,0.458128078817734,0.11330049261083744
E01001235,0.573076923076923,0.06923076923076923
E01001236,0.446064139941691,0.1661807580174927
E01001237,0.47032640949554894,0.06973293768545995
E01001239,0.3191489361702128,0.3528368794326241
E01001240,0.5525114155251142,0.1537290715372907
E01001241,0.382262996941896,0.20030581039755352
E01001242,0.27586206896551724,0.31198686371100165
E01001243,0.4583333333333333,0.23125
E01001244,0.3798118049615056,0.3378956372968349
E01001245,0.3528773072747014,0.08034744842562432
E01001246,0.5317848410757946,0.18704156479217604
E01001247,0.3985239852398524,0.10947109471094711
E01001248,0.21693121693121692,0.17989417989417988
E01001249,0.44036697247706424,0.3220183486238532
E01001250,0.3524590163934426,0.3012295081967213
E01001251,0.3383356070941337,0.08185538881309687
E01001252,0.3778467908902691,0.19047619047619047
E01001253,0.27906976744186046,0.13178294573643412
E01001254,0.23790322580645162,0.1303763440860215
E01001255,0.18600682593856654,0.06484641638225255
E01001257,0.138442521631644,0.4857849196538937
E01001258,0.26625386996904027,0.08668730650154799
E01001259,0.333976833976834,0.055984555984555984
E01001260,0.34492753623188405,0.05652173913043478
E01001261,0.37995337995337997,0.17016317016317017
E01001262,0.20848708487084872,0.32287822878228783
E01001263,0.2054421768707483,0.37006802721088433
E01001264,0.18298555377207062,0.19903691813804172
E01001265,0.38704581358609796,0.11532385466034756
E01001266,0.2953020134228188,0.02181208053691275
E01001267,0.2573170731707317,0.27682926829268295
E01001268,0.25585023400936036,0.0171606864274571
E01001269,0.4521410579345088,0.06423173803526448
E01001270,0.23116438356164384,0.030821917808219176
E01001271,0.32385466034755134,0.09004739336492891
E01001272,0.4375,0.05067567567567568
E01001273,0.35665529010238906,0.02218430034129693
E01001274,0.4324786324786325,0.0905982905982906
E01001275,0.523756906077348,0.1270718232044199
E01001276,0.47988505747126436,0.05028735632183908
E01001277,0.49441340782122906,0.06424581005586592
E01001278,0.49875,0.0625
E01001279,0.1366906474820144,0.023381294964028777
E01001280,0.4573643410852713,0.01937984496124031
E01001281,0.2395498392282958,0.02090032154340836
E01001282,0.16202945990180032,0.4026186579378069
E01001283,0.1870967741935484,0.4503225806451613
E01001284,0.26440677966101694,0.03559322033898305
E01001285,0.23867595818815332,0.23693379790940766
E01001286,0.21533442088091354,0.23491027732463296
E01001287,0.12475247524752475,0.4910891089108911
E01001288,0.2630597014925373,0.09888059701492537
E01001289,0.25157232704402516,0.09853249475890985
E01001290,0.3454773869346734,0.15829145728643215
E01001291,0.2888015717092338,0.0412573673870334
E01001292,0.2573099415204678,0.02729044834307992
E01001293,0.3303886925795053,0.1431095406360424
E01001294,0.3450087565674256,0.03502626970227671
E01001295,0.3041825095057034,0.028517110266159697
E01001296,0.30935251798561153,0.09592326139088729
E01001297,0.32432432432432434,0.1138996138996139
E01001298,0.3402061855670103,0.09621993127147767
E01001299,0.2,0.037209302325581395
E01001300,0.23785594639865998,0.020100502512562814
E01001301,0.4783683559950556,0.17181705809641531
E01001302,0.30258899676375406,0.038834951456310676
E01001303,0.337442218798151,0.03543913713405239
E01001304,0.30802292263610315,0.17478510028653296
E01001305,0.16455696202531644,0.028481012658227847
E01001306,0.2557471264367816,0.028735632183908046
E01001307,0.3245469522240527,0.004942339373970346
E01001308,0.28905109489051095,0.013138686131386862
E01001309,0.25418060200668896,0.026755852842809364
E01001310,0.3716931216931217,0.07539682539682539
E01001311,0.21151832460732983,0.4827225130890052
E01001312,0.32401315789473684,0.06578947368421052
E01001313,0.302504816955684,0.03468208092485549
E01001314,0.25440313111545987,0.03522504892367906
E01001315,0.232,0.13
E01001316,0.18433931484502447,0.4192495921696574
E01001317,0.3041095890410959,0.2232876712328767
E01001318,0.16178521617852162,0.4281729428172943
E01001319,0.2485207100591716,0.09270216962524655
E01001320,0.15636363636363637,0.509090909090909
E01001321,0.27742749054224464,0.17654476670870115
E01001322,0.32472826086956524,0.16032608695652173
E01001323,0.463130659767141,0.06727037516170763
E01001324,0.4254658385093168,0.14440993788819875
E01001325,0.1518578352180937,0.26978998384491115
E01001326,0.26222222222222225,0.33925925925925926
E01001327,0.22542372881355932,0.2440677966101695
E01001328,0.1973018549747049,0.3524451939291737
E01001329,0.25585023400936036,0.23088923556942278
E01001330,0.20155038759689922,0.4511627906976744
E01001331,0.2795527156549521,0.43450479233226835
E01001332,0.23235800344234078,0.46471600688468157
E01001333,0.44585091420534456,0.2869198312236287
E01001334,0.1996124031007752,0.4806201550387597
E01001335,0.18446601941747573,0.1029126213592233
E01001336,0.3008849557522124,0.2761061946902655
E01001337,0.21801566579634465,0.31201044386422977
E01001338,0.3007518796992481,0.14097744360902256
E01001339,0.12268188302425106,0.4037089871611983
E01001340,0.23486238532110093,0.3944954128440367
E01001341,0.3730834752981261,0.030664395229982964
E01001342,0.4290171606864275,0.0234009360374415
E01001343,0.2710084033613445,0.018907563025210083
E01001344,0.37472283813747226,0.1385809312638581
E01001345,0.24427480916030533,0.1183206106870229
E01001346,0.3323529411764706,0.030882352941176472
E01001347,0.4650145772594752,0.037900874635568516
E01001348,0.4334828101644245,0.07025411061285501
E01001349,0.1673469387755102,0.34285714285714286
E01001350,0.3760129659643436,0.15721231766612642
E01001351,0.4369747899159664,0.19447779111644659
E01001352,0.46967340590979784,0.12441679626749612
E01001353,0.38836477987421386,0.22169811320754718
E01001354,0.4444444444444444,0.10325476992143659
E01001355,0.3632286995515695,0.20515695067264575
E01001356,0.24881141045958796,0.6101426307448494
E01001357,0.19525065963060687,0.33421284080914687
E01001358,0.18902439024390244,0.3573170731707317
E01001359,0.40384615384615385,0.14903846153846154
E01001360,0.352622061482821,0.04159132007233273
E01001361,0.543046357615894,0.19370860927152317
E01001362,0.34265734265734266,0.22937062937062938
E01001363,0.42314990512333966,0.08918406072106262
E01001364,0.2331511839708561,0.4426229508196721
E01001365,0.39497041420118345,0.10059171597633136
E01001366,0.4326241134751773,0.12056737588652482
E01001367,0.6010709504685409,0.12717536813922356
E01001368,0.3205944798301486,0.18259023354564755
E01001369,0.4981949458483754,0.12274368231046931
E01001370,0.4105263157894737,0.07894736842105263
E01001371,0.38349514563106796,0.17637540453074432
E01001372,0.4347202295552367,0.10473457675753228
E01001373,0.40512820512820513,0.11452991452991453
E01001374,0.40022172949002216,0.11197339246119734
E01001375,0.2623413258110014,0.015514809590973202
E01001376,0.3583106267029973,0.23705722070844687
E01001377,0.24533715925394547,0.10473457675753228
E01001379,0.25314685314685315,0.05454545454545454
E01001380,0.33553875236294894,0.09735349716446125
E01001381,0.47841306884480744,0.07701283547257877
E01001382,0.1847246891651865,0.017761989342806393
E01001383,0.30246913580246915,0.047839506172839504
E01001384,0.36142857142857143,0.05142857142857143
E01001385,0.3158682634730539,0.023952095808383235
E01001386,0.3156498673740053,0.05570291777188329
E01001387,0.46482758620689657,0.14482758620689656
E01001388,0.2914798206278027,0.3976083707025411
E01001389,0.4021024967148489,0.1616294349540079
E01001390,0.37727910238429174,0.015427769985974754
E01001391,0.5593451568894953,0.06548431105047749
E01001392,0.26047904191616766,0.040419161676646706
E01001393,0.4695121951219512,0.041463414634146344
E01001394,0.37555886736214605,0.14754098360655737
E01001395,0.24373956594323873,0.3789649415692821
E01001396,0.3969465648854962,0.03625954198473282
E01001397,0.3733681462140992,0.1475195822454308
E01001398,0.144,0.01
E01001399,0.15,0.024
E01001400,0.12347826086956522,0.01217391304347826
E01001401,0.17,0.026
E01001402,0.23319027181688126,0.012875536480686695
E01001403,0.1809672386895476,0.0483619344773791
E01001404,0.1650485436893204,0.08737864077669903
E01001405,0.28365384615384615,0.0625
E01001406,0.3210445468509985,0.1443932411674347
E01001407,0.17200674536256325,0.12310286677908938
E01001408,0.2073342736248237,0.076163610719323
E01001409,0.31202046035805625,0.2071611253196931
E01001410,0.2331288343558282,0.4331288343558282
E01001411,0.1902834008097166,0.10661268556005399
E01001412,0.18333333333333332,0.2015151515151515
E01001413,0.090311986863711,0.06403940886699508
E01001414,0.12842712842712842,0.5382395382395382
E01001415,0.23880597014925373,0.1446613088404133
E01001416,0.10641891891891891,0.028716216216216218
E01001417,0.11826347305389222,0.017964071856287425
E01001418,0.2263888888888889,0.1486111111111111
E01001419,0.3424479166666667,0.0703125
E01001420,0.2251968503937008,0.25826771653543307
E01001421,0.36553945249597425,0.11594202898550725
E01001422,0.1426256077795786,0.004862236628849271
E01001423,0.28846153846153844,0.2724358974358974
E01001424,0.3368200836820084,0.4686192468619247
E01001425,0.39648173207036536,0.37077131258457374
E01001426,0.30483870967741933,0.3096774193548387
E01001427,0.265625,0.4734375
E01001428,0.2973451327433628,0.2902654867256637
E01001429,0.19367588932806323,0.6650197628458498
E01001430,0.28110599078341014,0.49923195084485406
E01001431,0.3996937212863706,0.30474732006125577
E01001432,0.42349726775956287,0.15437158469945356
E01001433,0.2694300518134715,0.37305699481865284
E01001434,0.27932960893854747,0.1005586592178771
E01001435,0.2639175257731959,0.08453608247422681
E01001436,0.3205521472392638,0.07515337423312883
E01001437,0.296875,0.38839285714285715
E01001438,0.2859744990892532,0.21493624772313297
E01001439,0.43060959792477305,0.27626459143968873
E01001440,0.2643478260869565,0.19304347826086957
E01001441,0.2568218298555377,0.34831460674157305
E01001442,0.2794348508634223,0.4317111459968603
E01001444,0.3220338983050847,0.11710323574730354
E01001445,0.33596491228070174,0.15263157894736842
E01001446,0.3521923620933522,0.1272984441301273
E01001447,0.28609986504723345,0.3832658569500675
E01001448,0.32428355957767724,0.22021116138763197
E01001449,0.28440366972477066,0.1798165137614679
E01001450,0.5229522952295229,0.0747074707470747
E01001451,0.22655122655122656,0.031746031746031744
E01001452,0.1037344398340249,0.04149377593360996
E01001453,0.13425925925925927,0.041666666666666664
E01001454,0.1981981981981982,0.02252252252252252
E01001455,0.16725978647686832,0.03202846975088968
E01001456,0.109979633401222,0.012219959266802444
E01001457,0.3167259786476868,0.033214709371293
E01001458,0.30265210608424337,0.42121684867394693
E01001459,0.3112701252236136,0.05366726296958855
E01001460,0.53125,0.14285714285714285
E01001461,0.3827751196172249,0.3141945773524721
E01001462,0.3799621928166352,0.1833648393194707
E01001463,0.2475633528265107,0.1189083820662768
E01001464,0.19858156028368795,0.32860520094562645
E01001465,0.29116465863453816,0.05622489959839357
E01001466,0.4012841091492777,0.11235955056179775
E01001467,0.4421052631578947,0.07819548872180451
E01001468,0.16521739130434782,0.15478260869565216
E01001469,0.19821162444113263,0.16095380029806258
E01001470,0.12461538461538461,0.05384615384615385
E01001471,0.32091097308488614,0.052795031055900624
E01001472,0.27212681638044917,0.0607661822985469
E01001473,0.11517367458866545,0.1846435100548446
E01001474,0.24767441860465117,0.05581395348837209
E01001475,0.10832025117739404,0.012558869701726845
E01001476,0.3169129720853859,0.14942528735632185
E01001477,0.22913256955810146,0.29623567921440264
E01001478,0.21541155866900175,0.14886164623467601
E01001479,0.4671875,0.121875
E01001480,0.3586206896551724,0.10344827586206896
E01001481,0.35135135135135137,0.09009009009009009
E01001482,0.395738203957382,0.1887366818873668
E01001483,0.5112781954887218,0.18233082706766918
E01001484,0.304,0.028
E01001485,0.3493253373313343,0.2818590704647676
E01001486,0.286425902864259,0.43212951432129515
E01001487,0.41679160419790107,0.14392803598200898
E01001488,0.40601503759398494,0.13082706766917293
E01001489,0.42290076335877863,0.12061068702290076
E01001491,0.4098124098124098,0.215007215007215
E01001492,0.3684210526315789,0.14736842105263157
E01001493,0.2612859097127223,0.26265389876880985
E01001494,0.178,0.018
E01001495,0.4279778393351801,0.008310249307479225
E01001496,0.235202492211838,0.029595015576323987
E01001497,0.22682445759368836,0.07100591715976332
E01001498,0.4648493543758967,0.010043041606886656
E01001499,0.2336448598130841,0.056074766355140186
E01001500,0.308529945553539,0.039927404718693285
E01001501,0.40933767643865365,0.18675352877307275
E01001502,0.2854984894259819,0.2190332326283988
E01001503,0.30793157076205285,0.16329704510108864
E01001504,0.30017761989342806,0.13143872113676733
E01001505,0.3417085427135678,0.17252931323283083
E01001507,0.479064039408867,0.23645320197044334
E01001508,0.3700887198986058,0.2420785804816223
E01001509,0.4652241112828439,0.14064914992272023
E01001511,0.30700447093889716,0.040238450074515646
E01001512,0.36629667003027244,0.09485368314833502
E01001513,0.21408839779005526,0.39226519337016574
E01001514,0.2701492537313433,0.16716417910447762
E01001515,0.30294906166219837,0.39812332439678283
E01001516,0.23802395209580837,0.2410179640718563
E01001517,0.21574344023323616,0.5379008746355685
E01001518,0.3086232980332829,0.06202723146747353
E01001520,0.23563218390804597,0.1839080459770115
E01001521,0.3,0.0661764705882353
E01001522,0.3208053691275168,0.11409395973154363
E01001523,0.2659279778393352,0.013850415512465374
E01001524,0.26958105646630237,0.1493624772313297
E01001525,0.3100263852242744,0.055408970976253295
E01001526,0.19339622641509435,0.006289308176100629
E01001527,0.29209183673469385,0.09056122448979592
E01001528,0.25,0.35526315789473684
E01001529,0.4900763358778626,0.22748091603053436
E01001530,0.2168284789644013,0.23624595469255663
E01001531,0.17735849056603772,0.0018867924528301887
E01001532,0.2319277108433735,0.007530120481927711
E01001533,0.07835820895522388,0.005597014925373134
E01001534,0.3201320132013201,0.019801980198019802
E01001535,0.18108651911468812,0.03621730382293763
E01001536,0.282172373081464,0.14521841794569068
E01001537,0.3309143686502177,0.03483309143686502
E01001538,0.07550335570469799,0.03691275167785235
E01001539,0.14953271028037382,0.056074766355140186
E01001540,0.35714285714285715,0.02882205513784461
E01001541,0.16589147286821707,0.027906976744186046
E01001542,0.2595419847328244,0.216793893129771
E01001543,0.1095890410958904,0.03424657534246575
E01001544,0.17573872472783825,0.013996889580093312
E01001545,0.22289156626506024,0.5
E01001546,0.28827361563517917,0.2003257328990228
E01001547,0.32044198895027626,0.1574585635359116
E01001548,0.2878338278931751,0.24629080118694363
E01001549,0.4095940959409594,0.3234932349323493
E01001550,0.22876949740034663,0.2807625649913345
E01001551,0.22152886115444617,0.3712948517940718
E01001552,0.26132930513595165,0.12084592145015106
E01001553,0.25137614678899084,0.3467889908256881
E01001554,0.20583941605839415,0.5708029197080292
E01001555,0.4560723514211886,0.14728682170542637
E01001556,0.224105461393597,0.062146892655367235
E01001557,0.31204379562043794,0.1843065693430657
E01001558,0.43140495867768597,0.2991735537190083
E01001559,0.4017857142857143,0.17559523809523808
E01001560,0.25,0.208984375
E01001562,0.29854368932038833,0.5364077669902912
E01001563,0.39942938659058486,0.025677603423680456
E01001564,0.24375,0.03125
E01001565,0.2584745762711864,0.12429378531073447
E01001566,0.27910685805422647,0.028708133971291867
E01001567,0.1254125412541254,0.03135313531353135
E01001568,0.059964726631393295,0.007054673721340388
E01001569,0.388,0.07733333333333334
E01001570,0.24551724137931036,0.12275862068965518
E01001571,0.35509554140127386,0.1178343949044586
E01001572,0.3220858895705521,0.12883435582822086
E01001573,0.2338403041825095,0.12927756653992395
E01001574,0.15220293724966621,0.57543391188251
E01001575,0.15112540192926044,0.5
E01001576,0.17313432835820897,0.5253731343283582
E01001577,0.2139917695473251,0.4444444444444444
E01001578,0.36,0.2576470588235294
E01001579,0.1728,0.4528
E01001580,0.4110970996216898,0.09079445145018916
E01001581,0.25925925925925924,0.299039780521262
E01001582,0.1933534743202417,0.30513595166163143
E01001583,0.3468057366362451,0.1864406779661017
E01001584,0.30271084337349397,0.10090361445783133
E01001585,0.2113144758735441,0.18136439267886856
E01001586,0.17043740573152338,0.3650075414781297
E01001587,0.2578947368421053,0.18
E01001588,0.1643192488262911,0.4616588419405321
E01001589,0.25333333333333335,0.4014814814814815
E01001590,0.26153846153846155,0.21818181818181817
E01001591,0.1670792079207921,0.5742574257425742
E01001592,0.26222826086956524,0.1331521739130435
E01001593,0.19869281045751633,0.13333333333333333
E01001594,0.19497607655502391,0.5717703349282297
E01001595,0.11748633879781421,0.5519125683060109
E01001596,0.10815047021943573,0.025078369905956112
E01001597,0.18167456556082148,0.13428120063191154
E01001598,0.12046204620462046,0.08415841584158416
E01001599,0.08637873754152824,0.21428571428571427
E01001600,0.22570532915360503,0.1206896551724138
E01001601,0.09171075837742504,0.12345679012345678
E01001602,0.07703081232492998,0.4271708683473389
E01001603,0.08660351826792964,0.5345060893098782
E01001604,0.2003338898163606,0.11018363939899833
E01001605,0.0564373897707231,0.03527336860670194
E01001606,0.10491803278688525,0.027868852459016394
E01001607,0.11659192825112108,0.24962630792227206
E01001608,0.1013745704467354,0.15292096219931273
E01001609,0.16891891891891891,0.26756756756756755
E01001610,0.125,0.14772727272727273
E01001611,0.1209563994374121,0.3009845288326301
E01001613,0.22778473091364204,0.23529411764705882
E01001614,0.05850091407678245,0.04753199268738574
E01001615,0.3272921108742004,0.21855010660980811
E01001617,0.167574931880109,0.06948228882833787
E01001618,0.10700132100396301,0.2800528401585205
E01001619,0.2584541062801932,0.11473429951690821
E01001620,0.125,0.39087301587301587
E01001621,0.12912912912912913,0.3768768768768769
E01001623,0.19161676646706588,0.3652694610778443
E01001624,0.07987220447284345,0.3753993610223642
E01001625,0.09369951534733441,0.4894991922455573
E01001629,0.23747016706443913,0.5143198090692124
E01001631,0.15374841168996187,0.6861499364675985
E01001632,0.4199395770392749,0.2039274924471299
E01001633,0.2185089974293059,0.5526992287917738
E01001634,0.1035007610350076,0.680365296803653
E01001635,0.2620904836193448,0.19032761310452417
E01001636,0.37251655629139074,0.2152317880794702
E01001637,0.30914368650217705,0.26850507982583455
E01001638,0.19558823529411765,0.6323529411764706
E01001641,0.27205882352941174,0.3247549019607843
E01001642,0.2192866578599736,0.130779392338177
E01001644,0.3969465648854962,0.15182357930449533
E01001645,0.13636363636363635,0.3409090909090909
E01001646,0.3170947741364039,0.3525243578387954
E01001647,0.13028169014084506,0.18309859154929578
E01001648,0.2266857962697274,0.1678622668579627
E01001649,0.10434782608695652,0.3582608695652174
E01001650,0.1377049180327869,0.36721311475409835
E01001651,0.13458950201884254,0.4939434724091521
E01001652,0.256011315417256,0.2050919377652051
E01001653,0.10535117056856187,0.5635451505016722
E01001654,0.11599297012302284,0.45166959578207383
E01001655,0.11708860759493671,0.5822784810126582
E01001656,0.16524701873935263,0.29642248722316866
E01001657,0.22017045454545456,0.18181818181818182
E01001658,0.253077975376197,0.18878248974008208
E01001659,0.11573236889692586,0.1609403254972875
E01001660,0.09042553191489362,0.41312056737588654
E01001661,0.12802768166089964,0.32525951557093424
E01001664,0.33785310734463275,0.27231638418079096
E01001665,0.31994818652849744,0.20854922279792745
E01001666,0.2032301480484522,0.31763122476446837
E01001669,0.1912568306010929,0.4262295081967213
E01001671,0.21376281112737922,0.21815519765739386
E01001672,0.43302180685358255,0.2118380062305296
E01001673,0.3995006242197253,0.3470661672908864
E01001674,0.340365682137834,0.16877637130801687
E01001675,0.4157142857142857,0.2357142857142857
E01001676,0.2655786350148368,0.4465875370919881
E01001677,0.37037037037037035,0.2085048010973937
E01001678,0.20865533230293662,0.12982998454404945
E01001679,0.14388489208633093,0.17086330935251798
E01001680,0.1672077922077922,0.045454545454545456
E01001681,0.25616698292220114,0.174573055028463
E01001682,0.1306715063520871,0.18148820326678766
E01001683,0.23076923076923078,0.28929765886287623
E01001684,0.13932980599647266,0.3403880070546737
E01001685,0.19938650306748465,0.21319018404907975
E01001686,0.3182423435419441,0.28761651131824234
E01001687,0.24951267056530213,0.4093567251461988
E01001688,0.34545454545454546,0.3016042780748663
E01001690,0.08476658476658476,0.687960687960688
E01001692,0.11469534050179211,0.7114695340501792
E01001693,0.08482871125611746,0.7830342577487766
E01001694,0.2642740619902121,0.3132137030995106
E01001695,0.2281639928698752,0.5151515151515151
E01001696,0.2792321116928447,0.38394415357766143
E01001697,0.44337606837606836,0.30235042735042733
E01001698,0.247682119205298,0.5245033112582781
E01001699,0.30873493975903615,0.44126506024096385
E01001700,0.3889585947302384,0.3212045169385194
E01001701,0.36304909560723514,0.3023255813953488
E01001702,0.12244897959183673,0.6394557823129252
E01001703,0.16644823066841416,0.6671035386631717
E01001704,0.2665589660743134,0.2455573505654281
E01001705,0.22786304604486424,0.5442739079102715
E01001708,0.19359534206695778,0.2780203784570597
E01001710,0.14746543778801843,0.7342549923195084
E01001712,0.22502744237102085,0.5949506037321625
E01001714,0.3598130841121495,0.40420560747663553
E01001715,0.5759878419452887,0.17477203647416414
E01001716,0.30668257756563244,0.47494033412887826
E01001717,0.27634660421545665,0.34894613583138173
E01001718,0.5430303030303031,0.08727272727272728
E01001719,0.1530758226037196,0.46924177396280403
E01001720,0.4841571609632446,0.15462610899873258
E01001722,0.2943722943722944,0.5
E01001723,0.43923865300146414,0.23133235724743778
E01001724,0.5331465919701214,0.1858076563958917
E01001725,0.40176991150442476,0.3185840707964602
E01001726,0.2619047619047619,0.5800865800865801
E01001727,0.3672014260249554,0.26024955436720143
E01001728,0.3833049403747871,0.46678023850085176
E01001729,0.2991967871485944,0.4899598393574297
E01001730,0.14690265486725665,0.6380530973451327
E01001731,0.3633217993079585,0.421280276816609
E01001732,0.1388888888888889,0.6481481481481481
E01001733,0.4108843537414966,0.18775510204081633
E01001734,0.46650998824911866,0.28554641598119856
E01001735,0.23394495412844038,0.42813455657492355
E01001736,0.3799705449189985,0.2268041237113402
E01001737,0.31586402266288954,0.23371104815864022
E01001738,0.3299620733249052,0.28824273072060685
E01001739,0.3058690744920993,0.208803611738149
E01001740,0.1365079365079365,0.6111111111111112
E01001741,0.2708333333333333,0.1840277777777778
E01001742,0.20843989769820973,0.4475703324808184
E01001744,0.24785276073619633,0.44785276073619634
E01001745,0.23851203501094093,0.5481400437636762
E01001746,0.08514190317195326,0.7979966611018364
E01001747,0.4143389199255121,0.2541899441340782
E01001749,0.286144578313253,0.29066265060240964
E01001750,0.31317494600431967,0.3952483801295896
E01001751,0.34775888717156106,0.11282843894899536
E01001753,0.13738019169329074,0.7172523961661342
E01001755,0.26521739130434785,0.5608695652173913
E01001756,0.43573667711598746,0.2089864158829676
E01001757,0.13486842105263158,0.7105263157894737
E01001758,0.27567067530064754,0.5217391304347826
E01001759,0.2593103448275862,0.45517241379310347
E01001760,0.383199079401611,0.35903337169159955
E01001761,0.21513513513513513,0.5762162162162162
E01001762,0.4117647058823529,0.3053817271589487
E01001763,0.2607626076260763,0.46863468634686345
E01001764,0.2253731343283582,0.46865671641791046
E01001765,0.16910785619174434,0.7057256990679095
E01001767,0.314785373608903,0.3068362480127186
E01001768,0.4077540106951872,0.19786096256684493
E01001769,0.30757097791798105,0.3753943217665615
E01001770,0.2607003891050584,0.48638132295719844
E01001772,0.1976592977893368,0.6007802340702211
E01001773,0.33557046979865773,0.4170661553211889
E01001774,0.41431924882629106,0.3615023474178404
E01001775,0.20821529745042494,0.6473087818696884
E01001776,0.21409574468085107,0.6023936170212766
E01001777,0.4576419213973799,0.37903930131004365
E01001780,0.2240566037735849,0.6179245283018868
E01001781,0.2046783625730994,0.6681286549707602
E01001783,0.1781437125748503,0.6991017964071856
E01001784,0.2751322751322751,0.5185185185185185
E01001785,0.23076923076923078,0.3367521367521368
E01001786,0.17261904761904762,0.6226190476190476
E01001787,0.13846153846153847,0.66
E01001788,0.1545595054095827,0.6970633693972179
E01001789,0.1952,0.3616
E01001790,0.1794871794871795,0.7042735042735043
E01001791,0.16396761133603238,0.4433198380566802
E01001792,0.24578651685393257,0.3103932584269663
E01001793,0.3074380165289256,0.24958677685950414
E01001794,0.33540372670807456,0.17080745341614906
E01001795,0.36893203883495146,0.1941747572815534
E01001796,0.40536277602523657,0.25709779179810727
E01001798,0.3557692307692308,0.4519230769230769
E01001799,0.48552338530066813,0.20935412026726058
E01001800,0.29954614220877457,0.6051437216338881
E01001801,0.2376599634369287,0.4826325411334552
E01001802,0.2570806100217865,0.4553376906318083
E01001803,0.37280701754385964,0.1564327485380117
E01001804,0.4400871459694989,0.22875816993464052
E01001805,0.38976377952755903,0.27755905511811024
E01001806,0.23293768545994065,0.40801186943620177
E01001807,0.46390168970814133,0.35176651305683565
E01001808,0.5753676470588235,0.21691176470588236
E01001809,0.43936731107205623,0.30052724077328646
E01001811,0.31547619047619047,0.5461309523809523
E01001812,0.4088495575221239,0.40707964601769914
E01001813,0.2068095838587642,0.6784363177805801
E01001814,0.5009074410163339,0.16878402903811252
E01001815,0.13323353293413173,0.6107784431137725
E01001816,0.19611021069692058,0.3646677471636953
E01001819,0.15013404825737264,0.5067024128686327
E01001820,0.15706806282722513,0.62478184991274
E01001821,0.125,0.696917808219178
E01001822,0.33875739644970415,0.5044378698224852
E01001823,0.38653846153846155,0.27884615384615385
E01001824,0.2757936507936508,0.5059523809523809
E01001825,0.5298507462686567,0.11940298507462686
E01001826,0.33969465648854963,0.4541984732824427
E01001827,0.2550335570469799,0.5536912751677853
E01001828,0.20245398773006135,0.561963190184049
E01001829,0.2824773413897281,0.09818731117824774
E01001830,0.3407821229050279,0.4949720670391061
E01001831,0.4872773536895674,0.227735368956743
E01001832,0.37720706260032105,0.26003210272873195
E01001833,0.31127982646420826,0.37310195227765725
E01001834,0.4032258064516129,0.3163771712158809
E01001835,0.3075356415478615,0.17718940936863545
E01001836,0.27955665024630544,0.49261083743842365
E01001837,0.3072100313479624,0.3103448275862069
E01001838,0.10201149425287356,0.7327586206896551
E01001839,0.480269489894129,0.29547641963426374
E01001840,0.15757575757575756,0.6257575757575757
E01001841,0.14556962025316456,0.5142405063291139
E01001842,0.2208398133748056,0.5723172628304821
E01001843,0.20292887029288703,0.4916317991631799
E01001844,0.2740112994350282,0.3827683615819209
E01001845,0.09793103448275862,0.7737931034482759
E01001846,0.15427509293680297,0.6189591078066915
E01001847,0.32014388489208634,0.44244604316546765
E01001848,0.19799139167862267,0.5294117647058824
E01001849,0.36578171091445427,0.29793510324483774
E01001850,0.173974540311174,0.7001414427157001
E01001851,0.357032457496136,0.16537867078825347
E01001852,0.5249457700650759,0.18112798264642083
E01001853,0.40150375939849625,0.18796992481203006
E01001854,0.4660633484162896,0.2171945701357466
E01001855,0.49321266968325794,0.1832579185520362
E01001856,0.38482758620689655,0.3779310344827586
E01001857,0.3175416133162612,0.5134443021766966
E01001858,0.3453038674033149,0.3729281767955801
E01001859,0.29852045256744997,0.31766753698868583
E01001860,0.36610608020698576,0.4165588615782665
E01001861,0.32854864433811803,0.3939393939393939
E01001862,0.3070489844683393,0.4324970131421744
E01001863,0.34076433121019106,0.24044585987261147
E01001864,0.38273381294964026,0.2762589928057554
E01001865,0.30538922155688625,0.1497005988023952
E01001866,0.46189024390243905,0.1448170731707317
E01001867,0.4860335195530726,0.17318435754189945
E01001868,0.23440134907251264,0.6188870151770658
E01001869,0.3401360544217687,0.23469387755102042
E01001870,0.594059405940594,0.1353135313531353
E01001871,0.49002849002849,0.1267806267806268
E01001872,0.4600280504908836,0.2131837307152875
E01001873,0.3700564971751412,0.3587570621468927
E01001875,0.24311926605504589,0.5244648318042814
E01001876,0.11467324290998766,0.717632552404439
E01001877,0.33114754098360655,0.27377049180327867
E01001878,0.18104906937394247,0.571912013536379
E01001879,0.32171156893819336,0.329635499207607
E01001880,0.37986577181208053,0.3691275167785235
E01001881,0.4768292682926829,0.1329268292682927
E01001882,0.447887323943662,0.11690140845070422
E01001883,0.45396825396825397,0.2571428571428571
E01001884,0.32096069868995636,0.47925764192139736
E01001885,0.13733075435203096,0.7408123791102514
E01001886,0.3004769475357711,0.3751987281399046
E01001887,0.31240188383045525,0.43956043956043955
E01001888,0.2996742671009772,0.1449511400651466
E01001889,0.3483535528596187,0.19064124783362218
E01001890,0.41486486486486485,0.34459459459459457
E01001891,0.5337954939341422,0.058925476603119586
E01001892,0.22375215146299485,0.5180722891566265
E01001893,0.31357254290171604,0.46489859594383776
E01001894,0.4099290780141844,0.35319148936170214
E01001895,0.3188180404354588,0.28771384136858474
E01001896,0.38243626062322944,0.32577903682719545
E01001897,0.2777777777777778,0.27598566308243727
E01001898,0.4952681388012618,0.17770767613038907
E01001899,0.29924242424242425,0.5328282828282829
E01001900,0.32222222222222224,0.4847222222222222
E01001901,0.3733528550512445,0.1478770131771596
E01001902,0.4795031055900621,0.2248447204968944
E01001903,0.367003367003367,0.26430976430976433
E01001904,0.4050632911392405,0.07735583684950774
E01001905,0.4265536723163842,0.134180790960452
E01001906,0.41346153846153844,0.14262820512820512
E01001907,0.37316176470588236,0.1213235294117647
E01001908,0.5753604193971167,0.15858453473132372
E01001909,0.413472706155633,0.29732868757259
E01001910,0.46132971506105835,0.22116689280868385
E01001911,0.19154929577464788,0.6309859154929578
E01001912,0.2418426103646833,0.6391554702495201
E01001913,0.561624649859944,0.08263305322128851
E01001914,0.5966183574879227,0.1932367149758454
E01001915,0.28821656050955413,0.15445859872611464
E01001916,0.3256198347107438,0.05785123966942149
E01001917,0.2994269340974212,0.2693409742120344
E01001918,0.3088235294117647,0.1650326797385621
E01001919,0.24040066777963273,0.14357262103505844
E01001920,0.3053040103492885,0.46959896507115134
E01001921,0.3383084577114428,0.18407960199004975
E01001922,0.3644859813084112,0.13551401869158877
E01001923,0.3472222222222222,0.24382716049382716
E01001924,0.34918032786885245,0.07377049180327869
E01001925,0.3192868719611021,0.11831442463533225
E01001926,0.36769759450171824,0.06357388316151202
E01001927,0.19186046511627908,0.06589147286821706
E01001928,0.2547584187408492,0.3279648609077599
E01001929,0.28522920203735147,0.11544991511035653
E01001930,0.2951885565669701,0.35240572171651496
E01001931,0.46656534954407297,0.1641337386018237
E01001932,0.45308310991957107,0.24396782841823056
E01001933,0.32023289665211063,0.20087336244541484
E01001934,0.30402010050251255,0.39824120603015073
E01001935,0.31601731601731603,0.26406926406926406
E01001937,0.430939226519337,0.10497237569060773
E01001938,0.22857142857142856,0.4714285714285714
E01001940,0.3587570621468927,0.4293785310734463
E01001941,0.5654993514915694,0.18028534370946822
E01001942,0.46997690531177827,0.279445727482679
E01001943,0.4690909090909091,0.3145454545454546
E01001944,0.14125,0.7475
E01001945,0.3484646194926569,0.3177570093457944
E01001946,0.4238875878220141,0.2857142857142857
E01001947,0.16524701873935263,0.7035775127768313
E01001948,0.39429928741092635,0.16270783847980996
E01001949,0.4549689440993789,0.09472049689440994
E01001950,0.403035413153457,0.07251264755480608
E01001951,0.40889526542324245,0.2309899569583931
E01001952,0.5308343409915357,0.16928657799274485
E01001953,0.47723935389133626,0.2922173274596182
E01001954,0.25413533834586466,0.4120300751879699
E01001955,0.21289537712895376,0.4537712895377129
E01001956,0.205685618729097,0.4180602006688963
E01001957,0.14505119453924914,0.7098976109215017
E01001958,0.14691151919866444,0.7145242070116862
E01001959,0.17993079584775087,0.45674740484429066
E01001960,0.4444444444444444,0.22997416020671835
E01001961,0.149812734082397,0.6797752808988764
E01001962,0.1703125,0.1828125
E01001963,0.2274741506646972,0.03692762186115214
E01001964,0.3286384976525822,0.10954616588419405
E01001965,0.18124006359300476,0.1192368839427663
E01001966,0.18604651162790697,0.03294573643410853
E01001967,0.16583747927031509,0.08291873963515754
E01001968,0.3366906474820144,0.08201438848920864
E01001969,0.4379310344827586,0.2482758620689655
E01001970,0.3279785809906292,0.4190093708165997
E01001971,0.249079754601227,0.5521472392638037
E01001972,0.27671232876712326,0.3452054794520548
E01001973,0.291,0.239
E01001974,0.5416238437821171,0.06783144912641316
E01001975,0.48034398034398035,0.1547911547911548
E01001976,0.4119359534206696,0.21688500727802038
E01001977,0.41487603305785126,0.27603305785123966
E01001978,0.3702290076335878,0.36768447837150126
E01001979,0.43149946062567424,0.33225458468176916
E01001980,0.4366998577524893,0.16358463726884778
E01001981,0.49304482225656876,0.16383307573415765
E01001982,0.4421199442119944,0.18131101813110181
E01001983,0.3697996918335901,0.15408320493066255
E01001984,0.378803777544596,0.20041972717733472
E01001985,0.2979310344827586,0.08275862068965517
E01001986,0.2859195402298851,0.16666666666666666
E01001987,0.3223684210526316,0.07236842105263158
E01001988,0.3924050632911392,0.14050632911392405
E01001989,0.262532981530343,0.1345646437994723
E01001990,0.5645677694770544,0.061899679829242264
E01001991,0.5196211096075778,0.11096075778078485
E01001992,0.28276877761413843,0.050073637702503684
E01001993,0.15614617940199335,0.05647840531561462
E01001994,0.37112010796221323,0.08367071524966262
E01001995,0.16826411075612355,0.32800851970181044
E01001996,0.3804878048780488,0.08130081300813008
E01001997,0.5,0.04131054131054131
E01001998,0.5072815533980582,0.0691747572815534
E01001999,0.5519750519750519,0.07484407484407485
E01002000,0.44925575101488496,0.10148849797023005
E01002001,0.3819241982507289,0.08454810495626822
E01002002,0.5665829145728644,0.10301507537688442
E01002003,0.5329236172080772,0.24495171202809482
E01002004,0.383008356545961,0.12256267409470752
E01002005,0.5292517006802722,0.07210884353741497
E01002006,0.49740932642487046,0.07901554404145078
E01002007,0.38394160583941606,0.06423357664233577
E01002008,0.21062618595825428,0.07210626185958255
E01002009,0.3552833078101072,0.05666156202143951
E01002010,0.22063037249283668,0.28939828080229224
E01002011,0.34318766066838047,0.18123393316195371
E01002013,0.23374340949033393,0.1054481546572935
E01002014,0.447242206235012,0.18105515587529977
E01002015,0.20985691573926868,0.4165341812400636
E01002016,0.2733485193621868,0.3348519362186788
E01002017,0.300763358778626,0.17251908396946564
E01002018,0.16638655462184873,0.3058823529411765
E01002019,0.16483516483516483,0.05860805860805861
E01002020,0.3594864479315264,0.14550641940085593
E01002021,0.15901060070671377,0.0989399293286219
E01002022,0.473953013278856,0.08069458631256383
E01002023,0.21805792163543442,0.08517887563884156
E01002024,0.21755725190839695,0.17938931297709923
E01002025,0.22986577181208054,0.02348993288590604
E01002026,0.17989417989417988,0.6587301587301587
E01002027,0.33516483516483514,0.28205128205128205
E01002028,0.3595505617977528,0.2391653290529695
E01002029,0.3081155433287483,0.39339752407152684
E01002030,0.445141065830721,0.13949843260188088
E01002031,0.536813922356091,0.16198125836680052
E01002032,0.29918032786885246,0.430327868852459
E01002033,0.29624277456647397,0.40895953757225434
E01002034,0.29676787463271304,0.5034280117531832
E01002036,0.3793103448275862,0.3204022988505747
E01002037,0.3313782991202346,0.48240469208211145
E01002038,0.40730337078651685,0.4002808988764045
E01002039,0.18940609951845908,0.6468699839486356
E01002040,0.4043280182232346,0.3097949886104784
E01002041,0.32558139534883723,0.3433652530779754
E01002042,0.38917089678510997,0.11844331641285956
E01002043,0.45493562231759654,0.12732474964234622
E01002044,0.4978902953586498,0.14064697609001406
E01002045,0.3804347826086957,0.3357487922705314
E01002046,0.3201820940819423,0.36418816388467373
E01002047,0.4834123222748815,0.14218009478672985
E01002048,0.3902439024390244,0.23306233062330622
E01002049,0.2822349570200573,0.330945558739255
E01002050,0.49148936170212765,0.09361702127659574
E01002051,0.5065693430656935,0.3167883211678832
E01002052,0.42209072978303747,0.1834319526627219
E01002053,0.3544827586206897,0.4386206896551724
E01002054,0.24963289280469897,0.5653450807635829
E01002055,0.5737051792828686,0.13745019920318724
E01002056,0.43661971830985913,0.31852654387865653
E01002057,0.42857142857142855,0.19327731092436976
E01002058,0.39969135802469136,0.2222222222222222
E01002059,0.2017167381974249,0.32761087267525035
E01002060,0.27163781624500666,0.16910785619174434
E01002061,0.35260115606936415,0.1199421965317919
E01002062,0.353584447144593,0.16160388821385177
E01002063,0.3084507042253521,0.3112676056338028
E01002064,0.28549618320610687,0.3603053435114504
E01002065,0.4614343707713126,0.22462787550744248
E01002066,0.2983425414364641,0.5016574585635359
E01002067,0.2997275204359673,0.43869209809264303
E01002068,0.4627039627039627,0.24358974358974358
E01002069,0.42012448132780084,0.3360995850622407
E01002070,0.4102325581395349,0.15906976744186047
E01002071,0.3376251788268956,0.4434907010014306
E01002072,0.32988165680473375,0.40976331360946744
E01002073,0.34441087613293053,0.3942598187311178
E01002074,0.33761682242990654,0.38901869158878505
E01002075,0.3698060941828255,0.3573407202216066
E01002076,0.39085545722713866,0.2374631268436578
E01002077,0.2882147024504084,0.5075845974329055
E01002078,0.3250883392226148,0.3330388692579505
E01002079,0.425531914893617,0.1407528641571195
E01002081,0.26392961876832843,0.5102639296187683
E01002082,0.1056338028169014,0.7711267605633803
E01002083,0.40262172284644193,0.035580524344569285
E01002084,0.3926940639269406,0.1080669710806697
E01002085,0.39348370927318294,0.2506265664160401
E01002086,0.24959481361426256,0.15559157212317667
E01002087,0.5471698113207547,0.18160377358490565
E01002088,0.417910447761194,0.13134328358208955
E01002089,0.09765625,0.783203125
E01002090,0.18769716088328076,0.3138801261829653
E01002091,0.1889763779527559,0.47874015748031495
E01002092,0.43478260869565216,0.3338509316770186
E01002093,0.2106060606060606,0.5060606060606061
E01002094,0.18285714285714286,0.46095238095238095
E01002095,0.18932038834951456,0.5533980582524272
E01002096,0.1678082191780822,0.5068493150684932
E01002097,0.2214765100671141,0.4312080536912752
E01002098,0.3746130030959752,0.14705882352941177
E01002099,0.2456359102244389,0.5486284289276808
E01002100,0.36818181818181817,0.27121212121212124
E01002101,0.5210884353741496,0.061224489795918366
E01002102,0.4783821478382148,0.19665271966527198
E01002103,0.4239766081871345,0.12134502923976608
E01002104,0.3521400778210117,0.19455252918287938
E01002105,0.5606741573033708,0.20224719101123595
E01002106,0.18914728682170542,0.040310077519379844
E01002107,0.16666666666666666,0.014184397163120567
E01002108,0.15942028985507245,0.005434782608695652
E01002109,0.16820987654320987,0.032407407407407406
E01002110,0.20943396226415095,0.009433962264150943
E01002111,0.26725403817914833,0.06461086637298091
E01002112,0.23465211459754434,0.06412005457025921
E01002113,0.1588628762541806,0.21906354515050167
E01002114,0.315893385982231,0.22606120434353405
E01002115,0.1893491124260355,0.08481262327416174
E01002116,0.2568218298555377,0.006420545746388443
E01002118,0.5066666666666667,0.02666666666666667
E01002119,0.39376443418013857,0.11778290993071594
E01002120,0.2609603340292276,0.35073068893528186
E01002121,0.2895238095238095,0.01904761904761905
E01002122,0.3392857142857143,0.023214285714285715
E01002123,0.41682974559686886,0.011741682974559686
E01002124,0.3144016227180527,0.02636916835699797
E01002125,0.44665461121157324,0.08318264014466546
E01002127,0.41203703703703703,0.032407407407407406
E01002128,0.546583850931677,0.04720496894409938
E01002129,0.5811036789297659,0.10117056856187291
E01002130,0.5913591359135913,0.135013501350135
E01002131,0.20949263502454993,0.37152209492635024
E01002132,0.449079754601227,0.025766871165644172
E01002133,0.24351050679851668,0.4400494437577256
E01002134,0.4112627986348123,0.02901023890784983
E01002135,0.3323943661971831,0.13661971830985917
E01002136,0.3980309423347398,0.02109704641350211
E01002137,0.4311111111111111,0.011111111111111112
E01002138,0.31640625,0.052734375
E01002139,0.10978043912175649,0.5688622754491018
E01002140,0.2564935064935065,0.1461038961038961
E01002141,0.1993911719939117,0.1095890410958904
E01002142,0.2926829268292683,0.019817073170731708
E01002143,0.27001862197392923,0.15083798882681565
E01002144,0.13986013986013987,0.09090909090909091
E01002145,0.22347266881028938,0.13183279742765272
E01002146,0.12079207920792079,0.007920792079207921
E01002147,0.15682281059063136,0.014256619144602852
E01002148,0.10309278350515463,0.049484536082474224
E01002149,0.06157112526539278,0.014861995753715499
E01002150,0.4176931690929451,0.0851063829787234
E01002151,0.155893536121673,0.4448669201520912
E01002152,0.19365079365079366,0.006349206349206349
E01002153,0.21955128205128205,0.004807692307692308
E01002155,0.15055467511885895,0.03169572107765452
E01002156,0.11324376199616124,0.007677543186180422
E01002157,0.3219178082191781,0.030821917808219176
E01002158,0.102880658436214,0.00411522633744856
E01002159,0.28093158660844253,0.05822416302765648
E01002160,0.5,0.08085106382978724
E01002161,0.3108298171589311,0.11251758087201125
E01002162,0.2897058823529412,0.1411764705882353
E01002163,0.15769944341372913,0.027829313543599257
E01002164,0.32770745428973275,0.040787623066104076
E01002165,0.39325842696629215,0.056179775280898875
E01002166,0.27459016393442626,0.03483606557377049
E01002167,0.30021141649048627,0.16913319238900634
E01002168,0.19881889763779528,0.37598425196850394
E01002169,0.29601518026565465,0.20872865275142316
E01002170,0.21621621621621623,0.12039312039312039
E01002171,0.33766233766233766,0.016697588126159554
E01002172,0.21428571428571427,0.07142857142857142
E01002173,0.19190140845070422,0.017605633802816902
E01002174,0.2210953346855984,0.002028397565922921
E01002175,0.22332506203473945,0.02729528535980149
E01002176,0.30426356589147285,0.011627906976744186
E01002177,0.22784810126582278,0.02109704641350211
E01002178,0.15779092702169625,0.011834319526627219
E01002179,0.41822173435784854,0.12843029637760703
E01002181,0.3462897526501767,0.030624263839811542
E01002182,0.447178002894356,0.02170767004341534
E01002183,0.375186846038864,0.0343796711509716
E01002184,0.3655913978494624,0.12903225806451613
E01002185,0.1731066460587326,0.42967542503863987
E01002186,0.33885350318471336,0.15414012738853503
E01002187,0.2,0.12368421052631579
E01002188,0.10685805422647528,0.007974481658692184
E01002189,0.2815934065934066,0.05631868131868132
E01002190,0.1044776119402985,0.013266998341625208
E01002191,0.1884498480243161,0.0243161094224924
E01002192,0.18468468468468469,0.06606606606606606
E01002193,0.2628032345013477,0.16442048517520216
E01002194,0.13871951219512196,0.057926829268292686
E01002195,0.15946843853820597,0.05149501661129568
E01002196,0.0851063829787234,0.027823240589198037
E01002197,0.18588235294117647,0.007058823529411765
E01002198,0.35070140280561124,0.006012024048096192
E01002199,0.25738396624472576,0.010548523206751054
E01002200,0.3929824561403509,0.04912280701754386
E01002201,0.21031746031746032,0.007936507936507936
E01002202,0.5991501416430595,0.07507082152974505
E01002203,0.3702359346642468,0.038112522686025406
E01002204,0.5290423861852434,0.0565149136577708
E01002206,0.3010989010989011,0.02857142857142857
E01002207,0.20512820512820512,0.027472527472527472
E01002208,0.11704312114989733,0.004106776180698152
E01002209,0.37894736842105264,0.019548872180451128
E01002210,0.24032586558044808,0.018329938900203666
E01002211,0.20425531914893616,0.3553191489361702
E01002212,0.3852080123266564,0.14329738058551617
E01002214,0.254071661237785,0.1482084690553746
E01002215,0.23089430894308943,0.3886178861788618
E01002216,0.25096525096525096,0.02702702702702703
E01002217,0.12419974391805377,0.4942381562099872
E01002218,0.3167701863354037,0.07608695652173914
E01002219,0.4792332268370607,0.08626198083067092
E01002220,0.21818181818181817,0.07474747474747474
E01002221,0.3742802303262956,0.12476007677543186
E01002222,0.24798387096774194,0.028225806451612902
E01002223,0.24956672443674177,0.029462738301559793
E01002224,0.17169811320754716,0.2528301886792453
E01002225,0.1536231884057971,0.014492753623188406
E01002226,0.27923844061650044,0.1115140525838622
E01002227,0.1267387944358578,0.45904173106646057
E01002228,0.2719186785260483,0.1588310038119441
E01002229,0.260752688172043,0.15994623655913978
E01002230,0.16930379746835442,0.004746835443037975
E01002231,0.29022556390977444,0.11578947368421053
E01002232,0.35994587280108253,0.11096075778078485
E01002233,0.4699519230769231,0.14302884615384615
E01002234,0.3957654723127036,0.07003257328990228
E01002235,0.22425249169435216,0.36046511627906974
E01002236,0.4182058047493404,0.11081794195250659
E01002237,0.4610630407911001,0.09147095179233622
E01002238,0.2988691437802908,0.061389337641357025
E01002239,0.356763925729443,0.017241379310344827
E01002240,0.21771771771771772,0.23273273273273273
E01002241,0.1872146118721461,0.2450532724505327
E01002242,0.1888,0.0096
E01002243,0.281437125748503,0.3461077844311377
E01002244,0.24517906336088155,0.081267217630854
E01002245,0.20032051282051283,0.1233974358974359
E01002246,0.18110236220472442,0.03622047244094488
E01002247,0.28331466965285557,0.1612541993281075
E01002248,0.2662440570522979,0.19809825673534073
E01002250,0.25,0.11571428571428571
E01002251,0.1245136186770428,0.29961089494163423
E01002252,0.07570977917981073,0.03785488958990536
E01002253,0.0425531914893617,0.009819967266775777
E01002254,0.06750392464678179,0.012558869701726845
E01002255,0.13836477987421383,0.0110062893081761
E01002256,0.09477124183006536,0.021241830065359478
E01002257,0.06259541984732825,0.025954198473282442
E01002258,0.15404699738903394,0.21671018276762402
E01002259,0.10596026490066225,0.029801324503311258
E01002260,0.1488,0.04
E01002261,0.21646341463414634,0.021341463414634148
E01002262,0.10534124629080119,0.18397626112759644
E01002263,0.06765676567656766,0.0297029702970297
E01002264,0.11697574893009986,0.43937232524964337
E01002265,0.14126984126984127,0.023809523809523808
E01002266,0.11461794019933555,0.07807308970099668
E01002267,0.1206896551724138,0.29310344827586204
E01002268,0.10246679316888045,0.07020872865275142
E01002269,0.11061946902654868,0.029498525073746312
E01002270,0.06646058732612056,0.15765069551777433
E01002271,0.046153846153846156,0.007692307692307693
E01002272,0.133086876155268,0.005545286506469501
E01002273,0.06818181818181818,0.010330578512396695
E01002274,0.13146233382570163,0.007385524372230428
E01002275,0.06187624750499002,0.007984031936127744
E01002276,0.12698412698412698,0.24242424242424243
E01002277,0.12664473684210525,0.3832236842105263
E01002278,0.1035031847133758,0.40923566878980894
E01002279,0.13097072419106318,0.2773497688751926
E01002280,0.13855421686746988,0.5015060240963856
E01002281,0.16666666666666666,0.4104938271604938
E01002282,0.12552301255230125,0.5467224546722455
E01002283,0.09421487603305785,0.3256198347107438
E01002284,0.14524421593830333,0.2879177377892031
E01002285,0.10642201834862386,0.023853211009174313
E01002286,0.044407894736842105,0.009868421052631578
E01002287,0.11774461028192372,0.013266998341625208
E01002288,0.08032786885245902,0.05901639344262295
E01002289,0.09004739336492891,0.06003159557661927
E01002290,0.0738362760834671,0.025682182985553772
E01002291,0.24234354194407456,0.018641810918774968
E01002292,0.10939907550077041,0.1694915254237288
E01002294,0.12995245641838352,0.11410459587955626
E01002295,0.19975186104218362,0.11786600496277916
E01002296,0.12338593974175036,0.047345767575322814
E01002297,0.1394658753709199,0.4732937685459941
E01002298,0.1574074074074074,0.07561728395061729
E01002299,0.12898330804248861,0.21699544764795145
E01002300,0.18623962040332148,0.0711743772241993
E01002301,0.08520900321543408,0.04662379421221865
E01002302,0.11802232854864433,0.09728867623604466
E01002303,0.15375153751537515,0.3025830258302583
E01002304,0.12476370510396975,0.06427221172022685
E01002305,0.13821138211382114,0.0975609756097561
E01002306,0.11178247734138973,0.47129909365558914
E01002307,0.0962406015037594,0.2075187969924812
E01002308,0.12835820895522387,0.21641791044776118
E01002309,0.14701378254211334,0.26952526799387444
E01002310,0.11202185792349727,0.40710382513661203
E01002311,0.12960235640648013,0.26362297496318116
E01002312,0.08273894436519258,0.23109843081312412
E01002313,0.1395076201641266,0.2485345838218054
E01002314,0.11455108359133127,0.47678018575851394
E01002315,0.14797507788161993,0.2507788161993769
E01002316,0.11965811965811966,0.568986568986569
E01002317,0.04900181488203267,0.025408348457350273
E01002318,0.0673076923076923,0.05448717948717949
E01002319,0.1643835616438356,0.14657534246575343
E01002320,0.1,0.012962962962962963
E01002321,0.16285714285714287,0.017142857142857144
E01002322,0.10150891632373114,0.038408779149519894
E01002323,0.1035031847133758,0.012738853503184714
E01002324,0.1202435312024353,0.2070015220700152
E01002325,0.12725090036014405,0.3133253301320528
E01002326,0.2177293934681182,0.09797822706065319
E01002327,0.09602649006622517,0.0695364238410596
E01002328,0.1294851794071763,0.031201248049921998
E01002329,0.15432098765432098,0.024691358024691357
E01002330,0.18544935805991442,0.14835948644793154
E01002331,0.1,0.05737704918032787
E01002332,0.14037626628075253,0.08393632416787265
E01002333,0.061895551257253385,0.007736943907156673
E01002334,0.08295625942684766,0.016591251885369532
E01002335,0.11072056239015818,0.19156414762741653
E01002336,0.14054927302100162,0.030694668820678513
E01002337,0.10080645161290322,0.04838709677419355
E01002338,0.17509727626459143,0.013618677042801557
E01002339,0.04187604690117253,0.02680067001675042
E01002340,0.18271119842829076,0.009823182711198428
E01002341,0.06227106227106227,0.014652014652014652
E01002342,0.2528548123980424,0.12071778140293637
E01002343,0.08176100628930817,0.014150943396226415
E01002344,0.17828418230563003,0.08310991957104558
E01002345,0.3486005089058524,0.2099236641221374
E01002346,0.19746376811594202,0.18659420289855072
E01002347,0.13003663003663005,0.016483516483516484
E01002348,0.07418856259659969,0.0061823802163833074
E01002349,0.09045226130653267,0.08710217755443886
E01002350,0.3923865300146413,0.1683748169838946
E01002351,0.26906474820143883,0.050359712230215826
E01002352,0.28465346534653463,0.1373762376237624
E01002353,0.2400932400932401,0.14219114219114218
E01002354,0.10896309314586995,0.0351493848857645
E01002355,0.1195079086115993,0.007029876977152899
E01002356,0.43400211193241817,0.18796198521647306
E01002358,0.37299771167048057,0.10411899313501144
E01002359,0.057803468208092484,0.007707129094412331
E01002360,0.1550068587105624,0.1906721536351166
E01002361,0.33743016759776534,0.17653631284916202
E01002362,0.20063694267515925,0.01910828025477707
E01002363,0.11483253588516747,0.24401913875598086
E01002364,0.07992565055762081,0.026022304832713755
E01002365,0.18198874296435272,0.0600375234521576
E01002366,0.12190812720848057,0.06007067137809187
E01002367,0.27698863636363635,0.022727272727272728
E01002368,0.11991869918699187,0.4380081300813008
E01002369,0.1662162162162162,0.09864864864864865
E01002370,0.1375722543352601,0.26242774566473986
E01002371,0.15114503816793892,0.035114503816793895
E01002372,0.1388888888888889,0.06045751633986928
E01002373,0.12980769230769232,0.05448717948717949
E01002374,0.13765822784810128,0.14082278481012658
E01002375,0.13275613275613277,0.2683982683982684
E01002376,0.07428571428571429,0.007619047619047619
E01002377,0.1925133689839572,0.0855614973262032
E01002378,0.0859504132231405,0.01818181818181818
E01002379,0.30884557721139433,0.017991004497751123
E01002380,0.28116213683223995,0.232427366447985
E01002381,0.13543307086614173,0.16692913385826771
E01002382,0.2297476759628154,0.05179282868525897
E01002383,0.1334355828220859,0.027607361963190184
E01002384,0.14623338257016247,0.026587887740029542
E01002385,0.10333333333333333,0.021666666666666667
E01002386,0.32786885245901637,0.03278688524590164
E01002387,0.046357615894039736,0.013245033112582781
E01002388,0.041736227045075125,0.01335559265442404
E01002389,0.04862236628849271,0.008103727714748784
E01002390,0.03225806451612903,0.009487666034155597
E01002391,0.09538950715421304,0.028616852146263912
E01002392,0.16721311475409836,0.48032786885245904
E01002393,0.296398891966759,0.1745152354570637
E01002394,0.2928709055876686,0.08670520231213873
E01002395,0.2702078521939954,0.08545034642032333
E01002396,0.21602787456445993,0.2874564459930314
E01002397,0.4496527777777778,0.1423611111111111
E01002398,0.3727810650887574,0.05128205128205128
E01002399,0.2920892494929006,0.02434077079107505
E01002400,0.23427672955974843,0.22641509433962265
E01002401,0.37270341207349084,0.16666666666666666
E01002402,0.228515625,0.287109375
E01002403,0.26875852660300137,0.24283765347885403
E01002404,0.25,0.34911242603550297
E01002405,0.2693498452012384,0.22445820433436534
E01002408,0.29003021148036257,0.31419939577039274
E01002409,0.24714285714285714,0.26285714285714284
E01002410,0.2861356932153392,0.06489675516224189
E01002411,0.21288515406162464,0.31932773109243695
E01002412,0.27525252525252525,0.09848484848484848
E01002413,0.1652754590984975,0.34891485809682804
E01002414,0.3992467043314501,0.08851224105461393
E01002415,0.115625,0.0234375
E01002416,0.1281618887015177,0.050590219224283306
E01002417,0.2103861517976032,0.03462050599201065
E01002418,0.0837138508371385,0.1385083713850837
E01002419,0.19875776397515527,0.021739130434782608
E01002420,0.15671641791044777,0.18955223880597014
E01002421,0.1419457735247209,0.05741626794258373
E01002422,0.28888888888888886,0.048484848484848485
E01002423,0.19370860927152317,0.07781456953642384
E01002424,0.256120527306968,0.030131826741996232
E01002425,0.24958402662229617,0.22462562396006655
E01002426,0.3717357910906298,0.05069124423963134
E01002427,0.17884615384615385,0.04807692307692308
E01002428,0.17704280155642024,0.04669260700389105
E01002429,0.20076481835564053,0.27915869980879543
E01002430,0.04397705544933078,0.021032504780114723
E01002431,0.07597535934291581,0.014373716632443531
E01002432,0.27287066246056785,0.03627760252365931
E01002433,0.18163869693978282,0.19743336623889438
E01002434,0.06854838709677419,0.05040322580645161
E01002435,0.07192982456140351,0.02280701754385965
E01002436,0.128698224852071,0.13165680473372782
E01002437,0.057432432432432436,0.0625
E01002438,0.1453900709219858,0.0797872340425532
E01002439,0.17391304347826086,0.20128824476650564
E01002440,0.07255520504731862,0.2618296529968454
E01002441,0.157001414427157,0.21782178217821782
E01002442,0.1273006134969325,0.22699386503067484
E01002443,0.545985401459854,0.02335766423357664
E01002444,0.3849624060150376,0.12180451127819548
E01002445,0.2144,0.4112
E01002446,0.4470774091627172,0.11374407582938388
E01002447,0.601115760111576,0.12133891213389121
E01002448,0.4409448818897638,0.12598425196850394
E01002449,0.5251700680272109,0.09387755102040816
E01002450,0.1717171717171717,0.022222222222222223
E01002451,0.19760479041916168,0.06187624750499002
E01002452,0.17450980392156862,0.06470588235294118
E01002453,0.17258064516129032,0.06935483870967742
E01002454,0.1549079754601227,0.21932515337423314
E01002455,0.3166904422253923,0.14978601997146934
E01002456,0.23113207547169812,0.16666666666666666
E01002457,0.26285714285714284,0.31238095238095237
E01002458,0.10861423220973783,0.003745318352059925
E01002459,0.07753164556962025,0.007911392405063292
E01002460,0.20678513731825526,0.08239095315024232
E01002461,0.14041745730550284,0.03415559772296015
E01002462,0.1988527724665392,0.015296367112810707
E01002463,0.06500956022944551,0.05927342256214149
E01002464,0.12439418416801293,0.07431340872374798
E01002465,0.3140625,0.05625
E01002466,0.12341772151898735,0.006329113924050633
E01002467,0.11164274322169059,0.012759170653907496
E01002468,0.14420062695924765,0.023510971786833857
E01002469,0.12286158631415241,0.012441679626749611
E01002470,0.29790209790209793,0.12167832167832168
E01002471,0.12183544303797468,0.030063291139240507
E01002472,0.40625,0.115
E01002473,0.08199121522693997,0.23865300146412885
E01002474,0.28509406657018815,0.1389290882778582
E01002475,0.2556497175141243,0.2401129943502825
E01002476,0.20031545741324921,0.031545741324921134
E01002477,0.30985915492957744,0.1056338028169014
E01002478,0.3044776119402985,0.09253731343283582
E01002479,0.11854103343465046,0.2857142857142857
E01002480,0.17266187050359713,0.02446043165467626
E01002481,0.13935681470137826,0.3124042879019908
E01002482,0.13183279742765272,0.012861736334405145
E01002483,0.3356164383561644,0.07123287671232877
E01002484,0.20137693631669534,0.2306368330464716
E01002485,0.38489208633093525,0.16786570743405277
E01002486,0.22655122655122656,0.2510822510822511
E01002487,0.3089171974522293,0.21815286624203822
E01002488,0.2633587786259542,0.10877862595419847
E01002489,0.36936936936936937,0.07927927927927927
E01002490,0.35650887573964496,0.0695266272189349
E01002491,0.259047619047619,0.2780952380952381
E01002492,0.3473895582329317,0.09236947791164658
E01002493,0.2679738562091503,0.34477124183006536
E01002494,0.17111459968602827,0.10989010989010989
E01002495,0.340941512125535,0.10128388017118402
E01002496,0.3166023166023166,0.10167310167310167
E01002497,0.3373737373737374,0.10505050505050505
E01002498,0.14285714285714285,0.045714285714285714
E01002499,0.24193548387096775,0.09970674486803519
E01002501,0.2587548638132296,0.18093385214007782
E01002502,0.30565371024734983,0.25265017667844525
E01002503,0.304029304029304,0.2875457875457875
E01002505,0.2586989409984871,0.4069591527987897
E01002506,0.4601226993865031,0.2883435582822086
E01002507,0.3193430656934307,0.11496350364963503
E01002508,0.1751412429378531,0.4915254237288136
E01002509,0.10609037328094302,0.007858546168958742
E01002511,0.2115085536547434,0.27527216174183516
E01002512,0.18335500650195058,0.04681404421326398
E01002513,0.1326530612244898,0.12244897959183673
E01002514,0.3469387755102041,0.12698412698412698
E01002516,0.13682092555331993,0.03822937625754527
E01002518,0.26789366053169733,0.049079754601226995
E01002519,0.29436325678496866,0.18580375782881003
E01002520,0.33248081841432225,0.24040920716112532
E01002521,0.352015732546706,0.3726647000983284
E01002523,0.3229357798165138,0.10825688073394496
E01002525,0.23323615160349853,0.08746355685131195
E01002526,0.26926926926926925,0.2852852852852853
E01002527,0.2679425837320574,0.19617224880382775
E01002528,0.15,0.3258620689655172
E01002529,0.40308370044052866,0.16409691629955947
E01002530,0.1672077922077922,0.4383116883116883
E01002531,0.19815668202764977,0.19815668202764977
E01002533,0.125,0.22945205479452055
E01002534,0.09698996655518395,0.1705685618729097
E01002535,0.405,0.057
E01002536,0.4423728813559322,0.02711864406779661
E01002537,0.287776708373436,0.059672762271414825
E01002538,0.16272965879265092,0.13517060367454067
E01002539,0.10632183908045977,0.12643678160919541
E01002540,0.2670807453416149,0.25
E01002541,0.23815461346633415,0.07356608478802992
E01002542,0.34801136363636365,0.3068181818181818
E01002543,0.27301092043681746,0.2542901716068643
E01002544,0.30700179533213645,0.04488330341113106
E01002545,0.13414634146341464,0.6890243902439024
E01002546,0.29385964912280704,0.09429824561403509
E01002547,0.3865877712031558,0.13609467455621302
E01002548,0.18144611186903137,0.41609822646657574
E01002549,0.20279720279720279,0.2111888111888112
E01002550,0.4037735849056604,0.19874213836477989
E01002551,0.25510204081632654,0.24052478134110788
E01002552,0.23022847100175747,0.29349736379613356
E01002553,0.20673076923076922,0.3814102564102564
E01002555,0.3053977272727273,0.061079545454545456
E01002556,0.2854984894259819,0.1299093655589124
E01002557,0.2547683923705722,0.20027247956403268
E01002558,0.21978021978021978,0.3540903540903541
E01002559,0.2219804134929271,0.3416757344940152
E01002560,0.17700453857791226,0.26021180030257185
E01002561,0.1490787269681742,0.5276381909547738
E01002562,0.15678776290630975,0.38049713193116635
E01002563,0.2479892761394102,0.10455764075067024
E01002564,0.16986301369863013,0.37945205479452054
E01002565,0.27609108159392787,0.23529411764705882
E01002567,0.3256880733944954,0.11811926605504587
E01002569,0.37863070539419086,0.08091286307053942
E01002570,0.4452773613193403,0.14842578710644677
E01002571,0.2546689303904924,0.035653650254668934
E01002572,0.1938610662358643,0.46365105008077545
E01002573,0.26959247648902823,0.11285266457680251
E01002574,0.3347953216374269,0.14473684210526316
E01002575,0.3263157894736842,0.08721804511278196
E01002576,0.2059659090909091,0.3352272727272727
E01002577,0.34508076358296624,0.0881057268722467
E01002578,0.20508474576271185,0.13898305084745763
E01002579,0.245136186770428,0.1219195849546044
E01002580,0.3720588235294118,0.2867647058823529
E01002581,0.40309155766944116,0.06777645659928656
E01002582,0.21181556195965417,0.09221902017291066
E01002583,0.3925233644859813,0.07663551401869159
E01002584,0.5653543307086614,0.029921259842519685
E01002585,0.3416506717850288,0.21497120921305182
E01002586,0.44488977955911824,0.018036072144288578
E01002587,0.36265223274695535,0.18673883626522328
E01002588,0.13844086021505375,0.7244623655913979
E01002589,0.33700980392156865,0.3284313725490196
E01002590,0.2094188376753507,0.3406813627254509
E01002591,0.12643678160919541,0.25287356321839083
E01002592,0.26417525773195877,0.25902061855670105
E01002593,0.29124820659971307,0.10616929698708752
E01002594,0.27202472952086554,0.07418856259659969
E01002595,0.17902097902097902,0.35104895104895106
E01002596,0.3835978835978836,0.16137566137566137
E01002598,0.2237442922374429,0.2648401826484018
E01002599,0.14542190305206462,0.289048473967684
E01002600,0.15984405458089668,0.3060428849902534
E01002601,0.272863568215892,0.12743628185907047
E01002602,0.12181818181818181,0.06545454545454546
E01002603,0.24691358024691357,0.29475308641975306
E01002604,0.10053859964093358,0.7019748653500898
E01002605,0.23826714801444043,0.31528279181708785
E01002606,0.1185064935064935,0.5535714285714286
E01002607,0.27249357326478146,0.15167095115681234
E01002608,0.1870286576168929,0.32428355957767724
E01002609,0.1822289156626506,0.0677710843373494
E01002610,0.12519809825673534,0.4009508716323296
E01002611,0.1901931649331352,0.22585438335809807
E01002612,0.28606060606060607,0.2496969696969697
E01002613,0.19936708860759494,0.17246835443037975
E01002614,0.3722627737226277,0.07177615571776155
E01002615,0.10725552050473186,0.5694006309148265
E01002616,0.17989417989417988,0.14991181657848324
E01002617,0.18025078369905956,0.05799373040752351
E01002618,0.25357142857142856,0.02142857142857143
E01002619,0.26540284360189575,0.10742496050552923
E01002620,0.32441471571906355,0.25195094760312153
E01002621,0.30477759472817134,0.20757825370675453
E01002622,0.32111692844677137,0.18673647469458987
E01002623,0.31860036832412525,0.2523020257826888
E01002624,0.37209302325581395,0.19573643410852712
E01002625,0.28688524590163933,0.0430327868852459
E01002626,0.29896907216494845,0.05567010309278351
E01002627,0.22824302134646962,0.3842364532019704
E01002628,0.3563748079877112,0.043010752688172046
E01002629,0.3091732729331823,0.24688561721404303
E01002630,0.5463917525773195,0.055964653902798235
E01002631,0.3303411131059246,0.08976660682226212
E01002632,0.22044728434504793,0.22843450479233227
E01002633,0.1827956989247312,0.4932795698924731
E01002634,0.17962962962962964,0.5185185185185185
E01002635,0.36151079136690645,0.09352517985611511
E01002636,0.3268608414239482,0.06310679611650485
E01002637,0.247557003257329,0.3485342019543974
E01002638,0.2645161290322581,0.33064516129032256
E01002639,0.4562043795620438,0.0072992700729927005
E01002640,0.5136,0.0256
E01002641,0.5121457489878543,0.23178137651821862
E01002643,0.2492836676217765,0.29512893982808025
E01002645,0.39253539253539255,0.20205920205920205
E01002646,0.32754010695187163,0.36764705882352944
E01002647,0.28514588859416445,0.2718832891246684
E01002649,0.5136986301369864,0.14246575342465753
E01002650,0.37610062893081764,0.1861635220125786
E01002651,0.4734042553191489,0.0726950354609929
E01002652,0.3783303730017762,0.07460035523978685
E01002653,0.31719532554257096,0.018363939899833055
E01002654,0.2583081570996979,0.0256797583081571
E01002655,0.31160572337042924,0.028616852146263912
E01002656,0.19120458891013384,0.08604206500956023
E01002657,0.2932551319648094,0.04252199413489736
E01002658,0.22672064777327935,0.03643724696356275
E01002659,0.21526418786692758,0.09980430528375733
E01002660,0.4495114006514658,0.15960912052117263
E01002661,0.5105348460291734,0.014586709886547812
E01002662,0.5550708833151581,0.0752453653217012
E01002663,0.3633720930232558,0.28343023255813954
E01002665,0.31040564373897706,0.2927689594356261
E01002666,0.3064182194616977,0.10351966873706005
E01002667,0.23329682365826945,0.25958378970427165
E01002668,0.3414882772680938,0.1600407747196738
E01002669,0.1619718309859155,0.428169014084507
E01002670,0.22802197802197802,0.12362637362637363
E01002671,0.13363363363363365,0.23273273273273273
E01002672,0.3146747352496218,0.3978819969742814
E01002673,0.09931506849315068,0.7482876712328768
E01002674,0.4117647058823529,0.026737967914438502
E01002675,0.2465753424657534,0.10730593607305935
E01002676,0.28520499108734404,0.0142602495543672
E01002677,0.3532219570405728,0.1431980906921241
E01002678,0.425,0.03289473684210526
E01002679,0.355877616747182,0.04830917874396135
E01002680,0.3706199460916442,0.0673854447439353
E01002681,0.28865979381443296,0.3356242840778923
E01002682,0.26918798665183535,0.20689655172413793
E01002686,0.16292974588938713,0.5097159940209267
E01002687,0.4710526315789474,0.09736842105263158
E01002689,0.22281167108753316,0.27718832891246686
E01002690,0.2109777015437393,0.18524871355060035
E01002691,0.3890784982935154,0.017064846416382253
E01002692,0.4906219151036525,0.13425468904244817
E01002693,0.38305084745762713,0.16610169491525423
E01002694,0.18018018018018017,0.7132132132132132
E01002695,0.47043010752688175,0.33736559139784944
E01002696,0.3918604651162791,0.26395348837209304
E01002697,0.26964933494558646,0.6203143893591294
E01002698,0.35934489402697495,0.2880539499036609
E01002699,0.26756756756756755,0.42027027027027025
E01002700,0.26108374384236455,0.15599343185550082
E01002701,0.2323529411764706,0.6102941176470589
E01002702,0.2839173405211141,0.5516621743036837
E01002703,0.3099467140319716,0.4573712255772647
E01002704,0.3048128342245989,0.47058823529411764
E01002706,0.2606790799561884,0.5575027382256298
E01002707,0.36179775280898874,0.4303370786516854
E01002708,0.35135135135135137,0.42242242242242245
E01002709,0.32571428571428573,0.51
E01002710,0.22945736434108527,0.5581395348837209
E01002711,0.4397089397089397,0.3191268191268191
E01002712,0.3704918032786885,0.36885245901639346
E01002713,0.1895238095238095,0.6085714285714285
E01002714,0.4473684210526316,0.18282548476454294
E01002715,0.1965065502183406,0.6433770014556041
E01002716,0.22749273959341723,0.5808325266214908
E01002717,0.27102803738317754,0.34392523364485983
E01002718,0.37866666666666665,0.2
E01002719,0.2826086956521739,0.263768115942029
E01002720,0.15417558886509636,0.6531049250535332
E01002721,0.27965043695380776,0.43196004993757803
E01002722,0.2994269340974212,0.498567335243553
E01002723,0.25,0.5230978260869565
E01002724,0.4766355140186916,0.23156801661474558
E01002725,0.15892857142857142,0.6946428571428571
E01002726,0.29411764705882354,0.4641943734015345
E01002727,0.300498753117207,0.385286783042394
E01002728,0.2745995423340961,0.5080091533180778
E01002729,0.27921092564491656,0.36722306525037934
E01002730,0.5157629255989912,0.23455233291298866
E01002732,0.24477244772447723,0.6150061500615006
E01002733,0.36468646864686466,0.18976897689768976
E01002734,0.4044823906083244,0.4610458911419424
E01002735,0.48010610079575594,0.2634836427939876
E01002736,0.13541666666666666,0.7118055555555556
E01002737,0.19656992084432717,0.6029023746701847
E01002738,0.282172373081464,0.31641086186540734
E01002739,0.2822085889570552,0.252760736196319
E01002740,0.4336734693877551,0.15918367346938775
E01002741,0.1911532385466035,0.5781990521327014
E01002742,0.3225806451612903,0.22720897615708274
E01002743,0.304140127388535,0.31687898089171973
E01002744,0.2717872968980798,0.3293943870014771
E01002745,0.272992700729927,0.29927007299270075
E01002747,0.3235747303543914,0.1987673343605547
E01002748,0.30071942446043165,0.479136690647482
E01002749,0.21926910299003322,0.4069767441860465
E01002751,0.24571428571428572,0.5817142857142857
E01002752,0.26449787835926447,0.38189533239038187
E01002753,0.31738437001594894,0.4481658692185008
E01002754,0.2904761904761905,0.23333333333333334
E01002755,0.15711947626841244,0.613747954173486
E01002756,0.2376068376068376,0.3299145299145299
E01002757,0.18030050083472454,0.42070116861435725
E01002758,0.20662251655629138,0.633112582781457
E01002759,0.24552845528455283,0.2682926829268293
E01002760,0.1683599419448476,0.5500725689404935
E01002762,0.39348079161816063,0.28754365541327126
E01002763,0.3409090909090909,0.4195804195804196
E01002764,0.28391959798994976,0.4610552763819096
E01002765,0.2753488372093023,0.5227906976744187
E01002766,0.19185423365487675,0.6184351554126474
E01002767,0.26299045599151644,0.4687168610816543
E01002768,0.2617924528301887,0.4811320754716981
E01002769,0.2099290780141844,0.32340425531914896
E01002770,0.49504950495049505,0.20132013201320131
E01002771,0.3115727002967359,0.43768545994065283
E01002772,0.3833902161547213,0.3014789533560865
E01002773,0.16204379562043797,0.6437956204379562
E01002774,0.311284046692607,0.4708171206225681
E01002775,0.394856278366112,0.2692889561270802
E01002776,0.2879640044994376,0.3847019122609674
E01002777,0.3293963254593176,0.3569553805774278
E01002778,0.22913907284768212,0.6264900662251656
E01002779,0.3638709677419355,0.28258064516129033
E01002780,0.23927178153446033,0.46293888166449937
E01002781,0.3167701863354037,0.4720496894409938
E01002782,0.17531305903398928,0.6565295169946332
E01002783,0.27854454203262236,0.49435382685069007
E01002784,0.22177954847277556,0.5152722443559097
E01002785,0.3337595907928389,0.20076726342711
E01002786,0.29524886877828055,0.498868778280543
E01002787,0.3088,0.4272
E01002788,0.344206974128234,0.24971878515185603
E01002789,0.28498074454428757,0.19127086007702182
E01002790,0.16305916305916307,0.7142857142857143
E01002791,0.3952941176470588,0.24588235294117647
E01002792,0.39071347678369195,0.2718006795016987
E01002793,0.26918798665183535,0.5461624026696329
E01002794,0.4104330708661417,0.29232283464566927
E01002795,0.3532163742690059,0.33801169590643276
E01002796,0.29446640316205536,0.42292490118577075
E01002797,0.32224770642201833,0.46674311926605505
E01002798,0.2594654788418708,0.21937639198218262
E01002799,0.239813736903376,0.5878928987194412
E01002800,0.2641509433962264,0.5433962264150943
E01002801,0.3311345646437995,0.25857519788918204
E01002802,0.34549878345498786,0.29683698296836986
E01002804,0.2915492957746479,0.49859154929577465
E01002805,0.479108635097493,0.24233983286908078
E01002806,0.2653352353780314,0.30099857346647646
E01002807,0.3027295285359802,0.46153846153846156
E01002808,0.37341040462427744,0.2832369942196532
E01002809,0.31614654002713705,0.3812754409769335
E01002810,0.28463476070528965,0.4282115869017632
E01002811,0.1800818553888131,0.5470668485675307
E01002812,0.6584699453551912,0.017759562841530054
E01002813,0.4032258064516129,0.06158357771260997
E01002814,0.3872549019607843,0.3235294117647059
E01002815,0.5587301587301587,0.09206349206349207
E01002816,0.6458715596330276,0.023853211009174313
E01002817,0.4497528830313015,0.039538714991762765
E01002818,0.7023643949930459,0.03616133518776078
E01002819,0.5508771929824562,0.09298245614035087
E01002821,0.44320297951582865,0.07635009310986965
E01002823,0.21947194719471946,0.5594059405940595
E01002824,0.39344262295081966,0.07285974499089254
E01002825,0.40054869684499317,0.10425240054869685
E01002826,0.584251968503937,0.04566929133858268
E01002827,0.47474747474747475,0.02904040404040404
E01002828,0.391653290529695,0.17335473515248795
E01002829,0.22959889349930843,0.5933609958506224
E01002830,0.25786924939467315,0.5617433414043583
E01002831,0.24632768361581922,0.5615819209039548
E01002832,0.2909783989834816,0.5120711562897078
E01002833,0.42857142857142855,0.21812596006144394
E01002834,0.5163934426229508,0.10163934426229508
E01002835,0.5526315789473685,0.04024767801857585
E01002836,0.5296610169491526,0.0847457627118644
E01002837,0.5172413793103449,0.05476673427991886
E01002839,0.5672514619883041,0.20116959064327486
E01002840,0.10720887245841035,0.6210720887245841
E01002841,0.3113673805601318,0.30971993410214166
E01002842,0.07425742574257425,0.7797029702970297
E01002843,0.12678288431061807,0.7242472266244057
E01002844,0.40487804878048783,0.17886178861788618
E01002845,0.31869918699186994,0.2991869918699187
E01002846,0.5600558659217877,0.22206703910614525
E01002847,0.5638148667601683,0.11360448807854137
E01002848,0.49014084507042255,0.2774647887323944
E01002849,0.5087956698240866,0.15020297699594046
E01002850,0.5784469096671949,0.10935023771790808
E01002851,0.33877038895859474,0.5156838143036386
E01002852,0.17550058892815076,0.6548881036513545
E01002853,0.20954003407155025,0.6950596252129472
E01002854,0.1193058568329718,0.7462039045553145
E01002855,0.18421052631578946,0.6537396121883656
E01002856,0.32985658409387225,0.5136897001303781
E01002857,0.061371841155234655,0.8429602888086642
E01002858,0.44654088050314467,0.3018867924528302
E01002859,0.603030303030303,0.024242424242424242
E01002860,0.5182608695652174,0.043478260869565216
E01002861,0.41335740072202165,0.24007220216606498
E01002862,0.4838255977496484,0.3924050632911392
E01002863,0.6072072072072072,0.04504504504504504
E01002864,0.4124293785310734,0.07344632768361582
E01002865,0.5480427046263345,0.030249110320284697
E01002866,0.412532637075718,0.26370757180156656
E01002867,0.48084054388133496,0.18046971569839307
E01002868,0.31379962192816635,0.03780718336483932
E01002869,0.47459893048128343,0.2179144385026738
E01002870,0.1,0.763768115942029
E01002871,0.40993788819875776,0.06366459627329192
E01002872,0.14220183486238533,0.6941896024464832
E01002873,0.30441400304414,0.3211567732115677
E01002874,0.33560477001703576,0.33049403747870526
E01002875,0.33678756476683935,0.18134715025906736
E01002876,0.24132947976878613,0.2817919075144509
E01002877,0.15921052631578947,0.6302631578947369
E01002878,0.2838196286472148,0.42838196286472147
E01002879,0.2315340909090909,0.640625
E01002880,0.1425438596491228,0.7149122807017544
E01002881,0.138671875,0.666015625
E01002882,0.32021466905187834,0.3023255813953488
E01002883,0.4398148148148148,0.05864197530864197
E01002884,0.5008403361344538,0.1865546218487395
E01002885,0.6450809464508095,0.08717310087173101
E01002886,0.4150375939849624,0.1443609022556391
E01002887,0.6098003629764065,0.041742286751361164
E01002888,0.605072463768116,0.059178743961352656
E01002889,0.4920353982300885,0.05663716814159292
E01002890,0.4148936170212766,0.024822695035460994
E01002891,0.5519713261648745,0.05017921146953405
E01002892,0.578125,0.0515625
E01002893,0.47619047619047616,0.23255813953488372
E01002894,0.5426829268292683,0.14176829268292682
E01002896,0.5,0.051451187335092345
E01002897,0.4755747126436782,0.19540229885057472
E01002898,0.4258160237388724,0.09940652818991098
E01002899,0.36908517350157727,0.35173501577287064
E01002900,0.3873239436619718,0.09507042253521127
E01002901,0.42045454545454547,0.16590909090909092
E01002902,0.5406162464985994,0.17366946778711484
E01002903,0.37809187279151946,0.026501766784452298
E01002904,0.03621730382293763,0.9094567404426559
E01002905,0.12557427258805512,0.6707503828483921
E01002906,0.19689922480620156,0.48372093023255813
E01002907,0.03696498054474708,0.9202334630350194
E01002908,0.26013513513513514,0.34121621621621623
E01002909,0.23408423114593535,0.5288932419196866
E01002910,0.34335443037974683,0.2389240506329114
E01002911,0.39565943238731216,0.041736227045075125
E01002912,0.47514619883040937,0.1652046783625731
E01002913,0.41646191646191644,0.1891891891891892
E01002914,0.4467713787085515,0.055846422338568937
E01002915,0.12190082644628099,0.026859504132231406
E01002916,0.13320825515947468,0.016885553470919325
E01002917,0.10526315789473684,0.006072874493927126
E01002918,0.2413793103448276,0.04597701149425287
E01002919,0.44430538172715894,0.11889862327909888
E01002920,0.0735042735042735,0.05982905982905983
E01002921,0.5176991150442478,0.13827433628318583
E01002922,0.24022346368715083,0.11452513966480447
E01002923,0.27473806752037255,0.5017462165308498
E01002924,0.08664259927797834,0.01263537906137184
E01002925,0.36795994993742176,0.09261576971214018
E01002926,0.245,0.018333333333333333
E01002927,0.21739130434782608,0.06987577639751552
E01002928,0.3795423956931359,0.08209959623149395
E01002929,0.19402985074626866,0.026865671641791045
E01002930,0.3706030150753769,0.0942211055276382
E01002931,0.15416666666666667,0.05138888888888889
E01002932,0.22700296735905046,0.41543026706231456
E01002933,0.1814814814814815,0.28641975308641976
E01002934,0.3092006033182504,0.04675716440422323
E01002935,0.4623921085080148,0.04932182490752158
E01002937,0.1689291101055807,0.033182503770739065
E01002938,0.20790816326530612,0.08418367346938775
E01002939,0.22203672787979967,0.1318864774624374
E01002940,0.11363636363636363,0.19967532467532467
E01002941,0.178125,0.06875
E01002942,0.06653992395437262,0.06844106463878327
E01002943,0.09215686274509804,0.21568627450980393
E01002944,0.10586011342155009,0.1342155009451796
E01002945,0.1640625,0.0484375
E01002946,0.12706270627062707,0.024752475247524754
E01002947,0.13290113452188007,0.029173419773095625
E01002948,0.18681318681318682,0.21611721611721613
E01002949,0.13119533527696792,0.08746355685131195
E01002950,0.14366197183098592,0.2605633802816901
E01002951,0.31088082901554404,0.010362694300518135
E01002952,0.16382978723404254,0.031914893617021274
E01002953,0.23853211009174313,0.006880733944954129
E01002954,0.5166931637519873,0.1478537360890302
E01002955,0.3150943396226415,0.03773584905660377
E01002956,0.13122171945701358,0.083710407239819
E01002957,0.2926829268292683,0.3710801393728223
E01002958,0.17304747320061256,0.03522205206738132
E01002959,0.10993657505285412,0.010570824524312896
E01002960,0.23499142367066894,0.005145797598627788
E01002961,0.15166666666666667,0.018333333333333333
E01002962,0.1893939393939394,0.19507575757575757
E01002963,0.4670116429495472,0.08667529107373868
E01002964,0.3450570342205323,0.3070342205323194
E01002965,0.4868881118881119,0.11625874125874126
E01002966,0.2923076923076923,0.1076923076923077
E01002967,0.44549266247379454,0.03878406708595388
E01002968,0.5239755884917175,0.05666957279860506
E01002969,0.13677811550151975,0.71580547112462
E01002970,0.30265210608424337,0.25273010920436817
E01002971,0.28708791208791207,0.14148351648351648
E01002972,0.453318335208099,0.13835770528683913
E01002973,0.3396584440227704,0.2675521821631879
E01002974,0.21896792189679218,0.1910739191073919
E01002975,0.21485943775100402,0.07028112449799197
E01002976,0.11937984496124031,0.034108527131782945
E01002977,0.17465224111282843,0.29520865533230295
E01002978,0.22130013831258644,0.022130013831258646
E01002979,0.17696160267111852,0.08347245409015025
E01002980,0.1440501043841336,0.008350730688935281
E01002981,0.16061185468451242,0.0057361376673040155
E01002982,0.1450676982591876,0.08704061895551257
E01002983,0.10606060606060606,0.005050505050505051
E01002984,0.25170068027210885,0.18197278911564627
E01002985,0.3277591973244147,0.06354515050167224
E01002986,0.19246861924686193,0.09414225941422594
E01002987,0.5759162303664922,0.09319371727748692
E01002988,0.33174603174603173,0.10476190476190476
E01002989,0.3879781420765027,0.036065573770491806
E01002990,0.48703494926719276,0.07328072153325817
E01002991,0.325,0.054411764705882354
E01002992,0.3347022587268994,0.055441478439425054
E01002993,0.5460122699386503,0.06625766871165645
E01002994,0.2948073701842546,0.018425460636515914
E01002995,0.29763779527559053,0.007874015748031496
E01002996,0.26644182124789206,0.03204047217537943
E01002997,0.22185430463576158,0.026490066225165563
E01002998,0.18407960199004975,0.21724709784411278
E01002999,0.5176010430247718,0.11603650586701435
E01003000,0.1324404761904762,0.17261904761904762
E01003001,0.17452830188679244,0.02830188679245283
E01003002,0.24090338770388958,0.21957340025094102
E01003003,0.3696969696969697,0.05909090909090909
E01003004,0.22532894736842105,0.04276315789473684
E01003005,0.11876075731497418,0.039586919104991396
E01003006,0.18257956448911222,0.07872696817420435
E01003007,0.13392857142857142,0.03214285714285714
E01003008,0.12007874015748031,0.003937007874015748
E01003009,0.18404118404118405,0.14414414414414414
E01003010,0.12830188679245283,0.06981132075471698
E01003011,0.23529411764705882,0.06886657101865136
E01003013,0.6486111111111111,0.12638888888888888
E01003014,0.1974921630094044,0.5047021943573667
E01003015,0.1625,0.5875
E01003016,0.39856801909307876,0.36992840095465396
E01003017,0.23859191655801826,0.5645371577574967
E01003018,0.4941050375133976,0.13719185423365488
E01003019,0.36741573033707864,0.21460674157303372
E01003020,0.30759951749095293,0.2955367913148372
E01003021,0.2062992125984252,0.525984251968504
E01003022,0.2901907356948229,0.2956403269754768
E01003023,0.38642533936651585,0.22624434389140272
E01003024,0.26947637292464877,0.5197956577266922
E01003025,0.24823529411764705,0.34705882352941175
E01003026,0.3782051282051282,0.1778846153846154
E01003027,0.23416506717850288,0.05182341650671785
E01003028,0.27378964941569284,0.2270450751252087
E01003029,0.42665173572228443,0.25755879059350506
E01003030,0.47050938337801607,0.1032171581769437
E01003031,0.39943741209563993,0.35443037974683544
E01003032,0.3128834355828221,0.42822085889570555
E01003033,0.28862478777589134,0.18505942275042445
E01003034,0.2898134863701578,0.3629842180774749
E01003035,0.47774869109947643,0.2617801047120419
E01003036,0.3487450462351387,0.3104359313077939
E01003037,0.23578595317725753,0.5217391304347826
E01003038,0.37094682230869,0.13359273670557717
E01003039,0.4760914760914761,0.10291060291060292
E01003040,0.37478991596638656,0.20336134453781513
E01003041,0.2791728212703102,0.5228951255539144
E01003042,0.34122287968441817,0.398422090729783
E01003043,0.2555720653789004,0.33580980683506684
E01003044,0.050946142649199416,0.7307132459970888
E01003045,0.09728183118741059,0.7811158798283262
E01003046,0.15994623655913978,0.6975806451612904
E01003047,0.39390243902439026,0.4524390243902439
E01003048,0.14304993252361672,0.6977058029689609
E01003049,0.21304926764314247,0.4940079893475366
E01003050,0.40318302387267907,0.32360742705570295
E01003051,0.3242320819112628,0.36746302616609783
E01003052,0.11337579617834395,0.6980891719745222
E01003053,0.46288798920377866,0.16194331983805668
E01003054,0.5413758723828515,0.15553339980059822
E01003055,0.3027744270205066,0.3884197828709288
E01003056,0.4213263979193758,0.293888166449935
E01003057,0.26286509040333794,0.541029207232267
E01003058,0.4224037339556593,0.2590431738623104
E01003059,0.1981672394043528,0.5223367697594502
E01003060,0.2194767441860465,0.5159883720930233
E01003061,0.33487654320987653,0.375
E01003062,0.3851508120649652,0.228538283062645
E01003063,0.18302828618968386,0.5440931780366056
E01003064,0.3524720893141946,0.08931419457735247
E01003065,0.11695906432748537,0.5847953216374269
E01003066,0.2857142857142857,0.39627329192546584
E01003067,0.3069620253164557,0.16139240506329114
E01003068,0.18351477449455678,0.3561430793157076
E01003069,0.1781609195402299,0.3275862068965517
E01003070,0.20757575757575758,0.5454545454545454
E01003071,0.3253493013972056,0.2275449101796407
E01003072,0.2869318181818182,0.21306818181818182
E01003073,0.19062027231467474,0.491679273827534
E01003074,0.2933088909257562,0.2804766269477543
E01003075,0.11624441132637854,0.6959761549925484
E01003076,0.40540540540540543,0.30353430353430355
E01003077,0.4177215189873418,0.2379746835443038
E01003078,0.17552334943639292,0.13687600644122383
E01003079,0.2773224043715847,0.33879781420765026
E01003080,0.31101190476190477,0.14732142857142858
E01003081,0.38976857490864797,0.27527405602923266
E01003082,0.17981072555205047,0.4195583596214511
E01003083,0.2,0.17391304347826086
E01003084,0.2917981072555205,0.138801261829653
E01003085,0.15151515151515152,0.19480519480519481
E01003086,0.1266025641025641,0.5112179487179487
E01003087,0.21428571428571427,0.5415282392026578
E01003088,0.32213740458015266,0.4381679389312977
E01003089,0.3202170963364993,0.4966078697421981
E01003090,0.3974706413730804,0.25022583559168926
E01003091,0.34268833087149186,0.43131462333825704
E01003092,0.3486910994764398,0.4848167539267016
E01003093,0.1750524109014675,0.6708595387840671
E01003094,0.28024502297090353,0.3905053598774885
E01003095,0.3318903318903319,0.22655122655122656
E01003096,0.49243306169965073,0.17229336437718276
E01003097,0.27365356622998543,0.5283842794759825
E01003098,0.2684049079754601,0.3450920245398773
E01003099,0.3662714097496706,0.4176548089591568
E01003100,0.5959595959595959,0.10662177328843996
E01003101,0.30672926447574334,0.5023474178403756
E01003102,0.3346055979643766,0.3893129770992366
E01003104,0.4658959537572254,0.2971098265895954
E01003105,0.23128342245989306,0.5588235294117647
E01003106,0.20781893004115226,0.4444444444444444
E01003107,0.34841628959276016,0.23076923076923078
E01003108,0.22019635343618513,0.5708274894810659
E01003110,0.2691891891891892,0.3210810810810811
E01003111,0.12686567164179105,0.681592039800995
E01003112,0.23048327137546468,0.5105328376703842
E01003113,0.3967611336032389,0.14439946018893388
E01003114,0.38745019920318724,0.11254980079681275
E01003115,0.3593984962406015,0.22105263157894736
E01003116,0.21800947867298578,0.1627172195892575
E01003117,0.43309002433090027,0.15693430656934307
E01003118,0.38516405135520687,0.1326676176890157
E01003119,0.4776470588235294,0.10470588235294118
E01003120,0.6291629162916291,0.12061206120612061
E01003121,0.14442700156985872,0.7582417582417582
E01003122,0.39417693169092943,0.3135498320268757
E01003123,0.33,0.2571428571428571
E01003124,0.3524590163934426,0.43934426229508194
E01003125,0.16810344827586207,0.6724137931034483
E01003126,0.3230769230769231,0.47692307692307695
E01003127,0.26422250316055623,0.3868520859671302
E01003128,0.2314165497896213,0.5511921458625526
E01003129,0.4389937106918239,0.2792452830188679
E01003130,0.38491048593350385,0.12276214833759591
E01003131,0.41077085533262936,0.13621964097148892
E01003132,0.18738404452690166,0.46382189239332094
E01003133,0.3709449929478138,0.19322990126939352
E01003134,0.22186495176848875,0.2202572347266881
E01003135,0.2546419098143236,0.40318302387267907
E01003136,0.3919463087248322,0.2644295302013423
E01003137,0.3882978723404255,0.35638297872340424
E01003138,0.375,0.06635802469135803
E01003139,0.35064935064935066,0.055658627087198514
E01003140,0.2408906882591093,0.07894736842105263
E01003141,0.2798913043478261,0.22418478260869565
E01003142,0.2847682119205298,0.07947019867549669
E01003143,0.22896281800391388,0.36007827788649704
E01003144,0.17300380228136883,0.034220532319391636
E01003145,0.4839572192513369,0.1483957219251337
E01003146,0.28415300546448086,0.26229508196721313
E01003147,0.3341677096370463,0.18147684605757197
E01003148,0.3513157894736842,0.13289473684210526
E01003149,0.3294964028776978,0.03884892086330935
E01003150,0.3672248803827751,0.30861244019138756
E01003151,0.2674846625766871,0.48588957055214727
E01003152,0.33069828722002637,0.06455862977602109
E01003153,0.5475956820412169,0.053974484789008834
E01003154,0.2593939393939394,0.3575757575757576
E01003155,0.3315068493150685,0.09315068493150686
E01003156,0.2719033232628399,0.32779456193353473
E01003157,0.2222222222222222,0.1753472222222222
E01003158,0.31077348066298344,0.143646408839779
E01003159,0.2154761904761905,0.44285714285714284
E01003160,0.32242990654205606,0.5155763239875389
E01003161,0.29056603773584905,0.2339622641509434
E01003162,0.23822341857335128,0.6056527590847914
E01003163,0.22795341098169716,0.19800332778702162
E01003164,0.4089108910891089,0.2881188118811881
E01003165,0.22031473533619456,0.29756795422031473
E01003166,0.4367713004484305,0.17130044843049327
E01003167,0.212298682284041,0.09077598828696926
E01003168,0.12537764350453173,0.7643504531722054
E01003169,0.2890625,0.2705078125
E01003170,0.2189119170984456,0.12435233160621761
E01003171,0.30434782608695654,0.2595907928388747
E01003172,0.20565552699228792,0.493573264781491
E01003173,0.3458083832335329,0.08982035928143713
E01003174,0.21039903264812576,0.6094316807738815
E01003175,0.13442622950819672,0.601639344262295
E01003176,0.3185378590078329,0.5156657963446475
E01003177,0.4041916167664671,0.3068862275449102
E01003178,0.36447166921898927,0.18683001531393567
E01003179,0.1695447409733124,0.6546310832025117
E01003180,0.2225609756097561,0.43902439024390244
E01003181,0.25894134477825465,0.5150214592274678
E01003182,0.27956989247311825,0.41263440860215056
E01003183,0.16200294550810015,0.646539027982327
E01003184,0.16275167785234898,0.5989932885906041
E01003185,0.3479899497487437,0.3969849246231156
E01003186,0.4005037783375315,0.24685138539042822
E01003187,0.21580547112462006,0.42451874366767983
E01003188,0.12522686025408347,0.6642468239564429
E01003189,0.18461538461538463,0.4969230769230769
E01003190,0.21518987341772153,0.5031645569620253
E01003191,0.24289772727272727,0.3508522727272727
E01003192,0.21109607577807848,0.5520974289580515
E01003193,0.2222222222222222,0.25292397660818716
E01003194,0.22252747252747251,0.3914835164835165
E01003195,0.22132471728594508,0.10339256865912763
E01003196,0.24328358208955222,0.4164179104477612
E01003197,0.19384615384615383,0.47384615384615386
E01003198,0.2744186046511628,0.2527131782945736
E01003199,0.3488372093023256,0.1461794019933555
E01003200,0.4115942028985507,0.14347826086956522
E01003201,0.2318840579710145,0.39855072463768115
E01003202,0.3674293405114401,0.05383580080753701
E01003203,0.3329886246122027,0.3846949327817994
E01003204,0.3125,0.33152173913043476
E01003205,0.2097053726169844,0.4662045060658579
E01003206,0.34488188976377954,0.18740157480314962
E01003207,0.3633633633633634,0.44244244244244246
E01003209,0.31258644536652835,0.38450899031811897
E01003210,0.4163568773234201,0.18835192069392812
E01003211,0.36324786324786323,0.24216524216524216
E01003212,0.27327690447400244,0.2140266021765417
E01003213,0.3455233291298865,0.201765447667087
E01003214,0.2630890052356021,0.35471204188481675
E01003215,0.45625,0.2890625
E01003216,0.30258899676375406,0.1488673139158576
E01003217,0.2217125382262997,0.05045871559633028
E01003218,0.16058394160583941,0.09854014598540146
E01003219,0.17095310136157338,0.07715582450832073
E01003220,0.315,0.15
E01003221,0.25326370757180156,0.21409921671018275
E01003222,0.24271844660194175,0.1262135922330097
E01003223,0.20268006700167504,0.06532663316582915
E01003224,0.2413793103448276,0.11912225705329153
E01003225,0.1362862010221465,0.03577512776831346
E01003226,0.3049645390070922,0.08368794326241134
E01003227,0.256838905775076,0.09574468085106383
E01003228,0.26417910447761195,0.12985074626865672
E01003229,0.26187419768934533,0.35173299101412064
E01003230,0.2747126436781609,0.2735632183908046
E01003231,0.3225806451612903,0.2073732718894009
E01003232,0.1977491961414791,0.07234726688102894
E01003233,0.24018126888217523,0.1283987915407855
E01003235,0.1338432122370937,0.27724665391969405
E01003236,0.2542372881355932,0.36517719568567025
E01003237,0.19055374592833876,0.38273615635179153
E01003238,0.1763668430335097,0.36684303350970016
E01003239,0.17739130434782607,0.38956521739130434
E01003240,0.19747899159663865,0.3627450980392157
E01003241,0.12981455064194009,0.37375178316690444
E01003243,0.22108843537414966,0.3486394557823129
E01003244,0.23633879781420766,0.6475409836065574
E01003245,0.09813084112149532,0.7554517133956387
E01003246,0.28487229862475444,0.38605108055009824
E01003247,0.482837528604119,0.20594965675057209
E01003248,0.24926686217008798,0.5278592375366569
E01003249,0.27134502923976606,0.4865497076023392
E01003251,0.21978021978021978,0.6389324960753532
E01003252,0.0924092409240924,0.764026402640264
E01003253,0.3,0.4584615384615385
E01003254,0.16805324459234608,0.15973377703826955
E01003255,0.45824847250509165,0.12729124236252545
E01003256,0.20600858369098712,0.34120171673819744
E01003257,0.17795275590551182,0.26614173228346455
E01003258,0.17487266553480477,0.534804753820034
E01003259,0.30238726790450926,0.15649867374005305
E01003260,0.18524332810047095,0.18838304552590268
E01003261,0.2,0.22295081967213115
E01003262,0.32533733133433285,0.21739130434782608
E01003263,0.24696356275303644,0.34143049932523617
E01003264,0.23333333333333334,0.24722222222222223
E01003265,0.32781954887218046,0.2631578947368421
E01003266,0.1547945205479452,0.5054794520547945
E01003267,0.13464696223316913,0.3973727422003284
E01003268,0.23529411764705882,0.23006535947712417
E01003269,0.16169544740973313,0.29984301412872844
E01003270,0.2404870624048706,0.0350076103500761
E01003271,0.13043478260869565,0.03542673107890499
E01003272,0.34005037783375314,0.15994962216624686
E01003273,0.18858131487889274,0.19550173010380623
E01003274,0.2854984894259819,0.1691842900302115
E01003275,0.18344155844155843,0.35714285714285715
E01003276,0.1661631419939577,0.22658610271903323
E01003277,0.2985468956406869,0.27873183619550856
E01003278,0.32690124858115777,0.2542565266742338
E01003279,0.1760797342192691,0.14285714285714285
E01003280,0.18124006359300476,0.32273449920508746
E01003281,0.12048192771084337,0.1514629948364888
E01003282,0.33268101761252444,0.20743639921722112
E01003283,0.2764976958525346,0.08870967741935484
E01003284,0.22955145118733508,0.18997361477572558
E01003285,0.38145695364238413,0.06887417218543046
E01003286,0.19165580182529335,0.529335071707953
E01003287,0.19738562091503267,0.12287581699346405
E01003288,0.25684210526315787,0.4431578947368421
E01003290,0.29975429975429974,0.37346437346437344
E01003291,0.17682926829268292,0.5777439024390244
E01003292,0.3306122448979592,0.15510204081632653
E01003293,0.3364632237871675,0.23630672926447574
E01003295,0.3462603878116344,0.22160664819944598
E01003297,0.6270753512132823,0.15197956577266922
E01003298,0.18565400843881857,0.5611814345991561
E01003299,0.31285714285714283,0.37142857142857144
E01003300,0.18864774624373956,0.5943238731218697
E01003301,0.3933547695605573,0.2508038585209003
E01003302,0.24719101123595505,0.41448189762796506
E01003303,0.35802469135802467,0.345679012345679
E01003304,0.4308118081180812,0.3145756457564576
E01003305,0.17579617834394903,0.5286624203821656
E01003307,0.19938176197836166,0.20865533230293662
E01003308,0.24220963172804533,0.23371104815864022
E01003309,0.20030581039755352,0.4434250764525994
E01003310,0.2855191256830601,0.3401639344262295
E01003311,0.14093959731543623,0.07885906040268456
E01003312,0.23246753246753246,0.15194805194805194
E01003313,0.21474358974358973,0.4358974358974359
E01003314,0.24096385542168675,0.1686746987951807
E01003315,0.3350253807106599,0.233502538071066
E01003316,0.234375,0.11631944444444445
E01003318,0.51875808538163,0.2095730918499353
E01003319,0.374167776298269,0.24900133155792276
E01003320,0.3027375201288245,0.2995169082125604
E01003321,0.3136482939632546,0.2585301837270341
E01003322,0.3470394736842105,0.14638157894736842
E01003323,0.26121794871794873,0.22916666666666666
E01003324,0.278393351800554,0.4307479224376731
E01003325,0.2884371029224905,0.3202033036848793
E01003326,0.24782608695652175,0.2594202898550725
E01003327,0.3134978229317852,0.14658925979680695
E01003328,0.2360774818401937,0.3026634382566586
E01003329,0.1951588502269289,0.24357034795763993
E01003330,0.11261261261261261,0.566066066066066
E01003331,0.14795918367346939,0.3197278911564626
E01003332,0.19662921348314608,0.37640449438202245
E01003333,0.24483306836248012,0.23052464228934816
E01003334,0.3316582914572864,0.3542713567839196
E01003335,0.0970873786407767,0.6116504854368932
E01003336,0.14335060449050085,0.5924006908462867
E01003337,0.13427561837455831,0.6413427561837456
E01003338,0.23013048635824437,0.561091340450771
E01003339,0.2650957290132548,0.38438880706921946
E01003340,0.4639580602883355,0.17169069462647443
E01003341,0.2730496453900709,0.225177304964539
E01003342,0.3133047210300429,0.2017167381974249
E01003343,0.21182266009852216,0.3054187192118227
E01003344,0.22895125553914328,0.33382570162481534
E01003345,0.29577464788732394,0.23047375160051217
E01003346,0.16203703703703703,0.3395061728395062
E01003347,0.21044546850998463,0.6405529953917051
E01003348,0.1796116504854369,0.2524271844660194
E01003349,0.18382352941176472,0.42830882352941174
E01003350,0.24369747899159663,0.3088235294117647
E01003351,0.165,0.4116666666666667
E01003352,0.17514792899408285,0.4319526627218935
E01003353,0.189792663476874,0.06539074960127592
E01003354,0.34143377885783716,0.09356014580801944
E01003355,0.4927007299270073,0.02068126520681265
E01003356,0.31098430813124106,0.06704707560627675
E01003357,0.22375690607734808,0.5331491712707183
E01003358,0.44627054361567636,0.056890012642225034
E01003359,0.3032581453634085,0.22681704260651628
E01003360,0.3691275167785235,0.03087248322147651
E01003361,0.300163132137031,0.0701468189233279
E01003362,0.10119047619047619,0.0496031746031746
E01003363,0.11616161616161616,0.015151515151515152
E01003364,0.11463046757164404,0.07390648567119155
E01003365,0.13654618473895583,0.012048192771084338
E01003366,0.33024691358024694,0.16049382716049382
E01003368,0.31569965870307165,0.1075085324232082
E01003369,0.4306864064602961,0.07133243606998654
E01003370,0.49658314350797267,0.09453302961275627
E01003371,0.35771065182829886,0.057233704292527825
E01003372,0.2942097026604069,0.37245696400625977
E01003373,0.16758747697974216,0.5580110497237569
E01003374,0.30434782608695654,0.24287856071964017
E01003375,0.334716459197787,0.16874135546334718
E01003376,0.19864176570458403,0.400679117147708
E01003377,0.1773308957952468,0.5648994515539305
E01003378,0.2807244501940492,0.20439844760672704
E01003379,0.30987821380243574,0.38294993234100133
E01003380,0.3029850746268657,0.03582089552238806
E01003381,0.4050632911392405,0.016877637130801686
E01003382,0.2988980716253444,0.03305785123966942
E01003383,0.4650817236255572,0.02823179791976226
E01003384,0.36578171091445427,0.051622418879056046
E01003385,0.24786324786324787,0.035897435897435895
E01003386,0.44473684210526315,0.11052631578947368
E01003387,0.2087067861715749,0.29833546734955185
E01003388,0.25967741935483873,0.27741935483870966
E01003389,0.3629283489096573,0.07476635514018691
E01003390,0.2237871674491393,0.5273865414710485
E01003391,0.13692946058091288,0.5373443983402489
E01003392,0.3617021276595745,0.07156673114119923
E01003393,0.5531295487627366,0.06695778748180495
E01003394,0.39078751857355126,0.02823179791976226
E01003395,0.2691588785046729,0.022429906542056073
E01003396,0.30566037735849055,0.052830188679245285
E01003397,0.30978260869565216,0.05253623188405797
E01003398,0.3150684931506849,0.0700152207001522
E01003399,0.4142857142857143,0.1
E01003400,0.42857142857142855,0.06190476190476191
E01003401,0.4488817891373802,0.11980830670926518
E01003402,0.42625368731563423,0.06047197640117994
E01003403,0.3594674556213018,0.07840236686390532
E01003404,0.4348302300109529,0.16538882803943045
E01003405,0.24105011933174225,0.2756563245823389
E01003406,0.24647887323943662,0.3257042253521127
E01003407,0.48223350253807107,0.10786802030456853
E01003408,0.4302191464821223,0.10841983852364476
E01003409,0.2204861111111111,0.234375
E01003410,0.3744,0.2032
E01003411,0.2895805142083897,0.14208389715832206
E01003412,0.23237179487179488,0.2724358974358974
E01003413,0.30864197530864196,0.09190672153635117
E01003414,0.2429078014184397,0.02127659574468085
E01003415,0.26463104325699743,0.07251908396946564
E01003416,0.208955223880597,0.03731343283582089
E01003417,0.14072847682119205,0.026490066225165563
E01003418,0.06628787878787878,0.011363636363636364
E01003419,0.20512820512820512,0.03619909502262444
E01003420,0.15612648221343872,0.007905138339920948
E01003421,0.21895424836601307,0.09967320261437909
E01003422,0.155893536121673,0.039923954372623575
E01003423,0.30214723926380366,0.03067484662576687
E01003424,0.1048951048951049,0.006993006993006993
E01003425,0.0888030888030888,0.003861003861003861
E01003426,0.24040066777963273,0.015025041736227046
E01003427,0.5054945054945055,0.05357142857142857
E01003428,0.23222748815165878,0.1406003159557662
E01003429,0.20683111954459202,0.04554079696394687
E01003430,0.2495697074010327,0.39759036144578314
E01003431,0.16695957820738136,0.4165202108963093
E01003432,0.10416666666666667,0.5511363636363636
E01003433,0.2421602787456446,0.12020905923344948
E01003434,0.202,0.04
E01003435,0.15832205683355885,0.19485791610284167
E01003436,0.17105263157894737,0.2779605263157895
E01003437,0.23476005188067445,0.10765239948119326
E01003438,0.14329268292682926,0.29878048780487804
E01003439,0.36585365853658536,0.2264808362369338
E01003440,0.25434439178515006,0.25118483412322273
E01003441,0.2089783281733746,0.24148606811145512
E01003442,0.27529761904761907,0.05654761904761905
E01003443,0.19873817034700317,0.031545741324921134
E01003444,0.3288690476190476,0.0625
E01003445,0.19846153846153847,0.10153846153846154
E01003446,0.47555555555555556,0.08333333333333333
E01003447,0.29558823529411765,0.3161764705882353
E01003448,0.2737556561085973,0.2228506787330317
E01003449,0.30243161094224924,0.18541033434650456
E01003450,0.16830065359477125,0.33169934640522875
E01003451,0.14027149321266968,0.1689291101055807
E01003452,0.17220172201722017,0.5190651906519065
E01003453,0.3072289156626506,0.22590361445783133
E01003454,0.317157712305026,0.09878682842287695
E01003455,0.3914209115281501,0.128686327077748
E01003456,0.4865269461077844,0.06287425149700598
E01003457,0.250814332247557,0.04234527687296417
E01003458,0.3883495145631068,0.03467406380027739
E01003459,0.33089770354906056,0.29436325678496866
E01003460,0.25972006220839816,0.13530326594090203
E01003461,0.40384615384615385,0.016272189349112426
E01003462,0.17391304347826086,0.10608695652173913
E01003463,0.16515426497277677,0.038112522686025406
E01003464,0.2011070110701107,0.03690036900369004
E01003465,0.16559139784946236,0.012903225806451613
E01003466,0.184,0.0256
E01003467,0.18018018018018017,0.07357357357357357
E01003468,0.12578616352201258,0.03773584905660377
E01003469,0.30849220103986136,0.08838821490467938
E01003470,0.27540106951871657,0.0427807486631016
E01003471,0.2113564668769716,0.12302839116719243
E01003472,0.1504237288135593,0.014830508474576272
E01003473,0.38652482269503546,0.008865248226950355
E01003474,0.19361702127659575,0.02553191489361702
E01003476,0.25918367346938775,0.22040816326530613
E01003477,0.31313131313131315,0.045454545454545456
E01003478,0.26576576576576577,0.03453453453453453
E01003479,0.4426229508196721,0.25901639344262295
E01003480,0.3247863247863248,0.37094017094017095
E01003481,0.31262939958592134,0.3747412008281574
E01003483,0.1806020066889632,0.4882943143812709
E01003484,0.4919786096256685,0.13012477718360071
E01003485,0.42132867132867136,0.17832167832167833
E01003486,0.09029345372460497,0.8329571106094809
E01003487,0.15048543689320387,0.6771844660194175
E01003488,0.1925373134328358,0.6059701492537314
E01003489,0.3333333333333333,0.37175493250259606
E01003490,0.4353982300884956,0.184070796460177
E01003491,0.4112,0.3184
E01003492,0.39811320754716983,0.10566037735849057
E01003494,0.3469721767594108,0.11620294599018004
E01003495,0.2896890343698854,0.07528641571194762
E01003496,0.28776978417266186,0.5179856115107914
E01003497,0.32263513513513514,0.40202702702702703
E01003498,0.2934306569343066,0.4554744525547445
E01003499,0.23995127892813642,0.5140073081607796
E01003500,0.23439667128987518,0.4868238557558946
E01003501,0.29077117572692796,0.3944374209860936
E01003502,0.3432098765432099,0.45555555555555555
E01003503,0.38169257340241797,0.3238341968911917
E01003506,0.2203742203742204,0.5343035343035343
E01003507,0.35697115384615385,0.31971153846153844
E01003508,0.27102803738317754,0.3333333333333333
E01003509,0.6404639175257731,0.17783505154639176
E01003511,0.20417287630402384,0.5022354694485842
E01003512,0.291970802919708,0.38686131386861317
E01003513,0.43875685557586835,0.13711151736745886
E01003514,0.2727272727272727,0.49053030303030304
E01003515,0.2204433497536946,0.5467980295566502
E01003516,0.1864406779661017,0.6302003081664098
E01003517,0.24208860759493672,0.5158227848101266
E01003518,0.39191564147627417,0.15289982425307558
E01003519,0.35353535353535354,0.301010101010101
E01003520,0.4816753926701571,0.2111692844677138
E01003521,0.5681114551083591,0.08978328173374613
E01003522,0.4037735849056604,0.16037735849056603
E01003523,0.4,0.2619718309859155
E01003524,0.4766187050359712,0.1420863309352518
E01003525,0.4344569288389513,0.14232209737827714
E01003526,0.3367768595041322,0.15702479338842976
E01003527,0.32014388489208634,0.09172661870503597
E01003528,0.2078239608801956,0.49877750611246946
E01003529,0.44089456869009586,0.0670926517571885
E01003530,0.384297520661157,0.08471074380165289
E01003531,0.39177101967799643,0.23434704830053668
E01003532,0.41843971631205673,0.0851063829787234
E01003533,0.31216931216931215,0.2310405643738977
E01003534,0.4165341812400636,0.12082670906200318
E01003535,0.20458553791887124,0.5379188712522046
E01003536,0.32689210950080516,0.22705314009661837
E01003537,0.33229329173166927,0.15756630265210608
E01003538,0.36227544910179643,0.29790419161676646
E01003539,0.3328611898016997,0.2096317280453258
E01003540,0.271523178807947,0.3841059602649007
E01003541,0.2992831541218638,0.18458781362007168
E01003542,0.24962406015037594,0.4
E01003543,0.324582338902148,0.24105011933174225
E01003544,0.38461538461538464,0.20673076923076922
E01003545,0.30078740157480316,0.415748031496063
E01003546,0.288695652173913,0.35130434782608694
E01003547,0.24925816023738873,0.1943620178041543
E01003548,0.3837638376383764,0.24477244772447723
E01003549,0.3628205128205128,0.3333333333333333
E01003550,0.3366174055829228,0.28407224958949095
E01003551,0.45,0.27419354838709675
E01003552,0.3988657844990548,0.21739130434782608
E01003553,0.30327868852459017,0.49453551912568305
E01003554,0.41424418604651164,0.20203488372093023
E01003555,0.33125,0.14375
E01003556,0.40950920245398775,0.37423312883435583
E01003557,0.44135802469135804,0.2762345679012346
E01003558,0.5370370370370371,0.17222222222222222
E01003559,0.40089086859688194,0.27616926503340755
E01003560,0.40268456375838924,0.08277404921700224
E01003561,0.4444444444444444,0.09401709401709402
E01003562,0.4500846023688663,0.08121827411167512
E01003563,0.4395229982964225,0.1141396933560477
E01003564,0.45871559633027525,0.15749235474006115
E01003565,0.49423076923076925,0.1423076923076923
E01003566,0.4896810506566604,0.22326454033771106
E01003567,0.45866141732283466,0.17716535433070865
E01003568,0.4073482428115016,0.11980830670926518
E01003569,0.5076142131979695,0.10490693739424704
E01003570,0.46863468634686345,0.15129151291512916
E01003571,0.49312714776632305,0.08419243986254296
E01003572,0.3797752808988764,0.18202247191011237
E01003573,0.4079861111111111,0.13194444444444445
E01003574,0.38910505836575876,0.23086900129701687
E01003575,0.3842887473460722,0.16348195329087048
E01003576,0.32755905511811023,0.4409448818897638
E01003577,0.2261904761904762,0.5119047619047619
E01003578,0.5666104553119731,0.18549747048903878
E01003579,0.402834008097166,0.14777327935222673
E01003580,0.33115823817292006,0.32137030995106036
E01003581,0.4397463002114165,0.11839323467230443
E01003582,0.39514348785871967,0.2869757174392936
E01003583,0.5,0.11886792452830189
E01003584,0.2784184514003295,0.16803953871499178
E01003585,0.3844282238442822,0.11435523114355231
E01003586,0.47842401500938087,0.11632270168855535
E01003587,0.4399008674101611,0.298636926889715
E01003588,0.4014084507042254,0.1596244131455399
E01003589,0.48919449901768175,0.0962671905697446
E01003590,0.287215411558669,0.47285464098073554
E01003591,0.46345029239766083,0.26169590643274854
E01003592,0.32965299684542587,0.29652996845425866
E01003593,0.2886405959031657,0.4171322160148976
E01003594,0.3391003460207612,0.27854671280276816
E01003595,0.27259036144578314,0.4879518072289157
E01003596,0.36988847583643125,0.2788104089219331
E01003597,0.33271028037383177,0.2261682242990654
E01003598,0.2546875,0.5359375
E01003599,0.2920168067226891,0.38235294117647056
E01003600,0.30887372013651876,0.4197952218430034
E01003601,0.23916083916083916,0.3832167832167832
E01003602,0.3787638668779715,0.23613312202852615
E01003603,0.34983498349834985,0.14686468646864687
E01003604,0.34130146082337315,0.31208499335989376
E01003605,0.30116959064327486,0.32456140350877194
E01003607,0.3996683250414594,0.3150912106135987
E01003608,0.3967551622418879,0.11651917404129794
E01003611,0.23109243697478993,0.5994397759103641
E01003615,0.37216828478964403,0.3446601941747573
E01003616,0.4120234604105572,0.3225806451612903
E01003618,0.4813027744270205,0.19782870928829915
E01003619,0.3101503759398496,0.44548872180451127
E01003621,0.4326710816777042,0.10154525386313466
E01003622,0.4333958724202627,0.2776735459662289
E01003623,0.3022774327122153,0.3064182194616977
E01003624,0.2657200811359026,0.30425963488843816
E01003625,0.4575569358178054,0.18426501035196688
E01003626,0.5238095238095238,0.049783549783549784
E01003627,0.45414847161572053,0.12008733624454149
E01003628,0.46604215456674475,0.05152224824355972
E01003629,0.5235294117647059,0.08235294117647059
E01003630,0.27419354838709675,0.48533724340175954
E01003631,0.38095238095238093,0.3189033189033189
E01003632,0.4125786163522013,0.1811320754716981
E01003633,0.19941775836972345,0.6273653566229985
E01003634,0.2516891891891892,0.4797297297297297
E01003635,0.4026186579378069,0.19312602291325695
E01003636,0.23088023088023088,0.46320346320346323
E01003637,0.3955479452054795,0.22773972602739725
E01003638,0.16792738275340394,0.17095310136157338
E01003639,0.33799237611181704,0.17153748411689962
E01003640,0.2816,0.0416
E01003641,0.2138157894736842,0.20888157894736842
E01003642,0.23741007194244604,0.18345323741007194
E01003643,0.25857142857142856,0.022857142857142857
E01003644,0.24652087475149106,0.03180914512922465
E01003645,0.5132450331125827,0.0640176600441501
E01003646,0.3648424543946932,0.05140961857379768
E01003647,0.3854660347551343,0.052132701421800945
E01003648,0.15860735009671179,0.017408123791102514
E01003649,0.166015625,0.078125
E01003650,0.2796610169491525,0.1288135593220339
E01003651,0.1488469601677149,0.006289308176100629
E01003652,0.18997912317327767,0.016701461377870562
E01003653,0.42265193370165743,0.09944751381215469
E01003654,0.1652754590984975,0.15358931552587646
E01003655,0.20408163265306123,0.03924646781789639
E01003656,0.1901840490797546,0.2837423312883436
E01003657,0.19732441471571907,0.0802675585284281
E01003658,0.17732558139534885,0.373546511627907
E01003659,0.1892744479495268,0.015772870662460567
E01003660,0.17040358744394618,0.01195814648729447
E01003661,0.26180257510729615,0.07296137339055794
E01003662,0.46788990825688076,0.0891218872870249
E01003663,0.13615023474178403,0.06259780907668232
E01003664,0.16843971631205673,0.0975177304964539
E01003665,0.1760154738878143,0.015473887814313346
E01003666,0.33614232209737827,0.30243445692883897
E01003668,0.4267990074441687,0.038461538461538464
E01003669,0.22435897435897437,0.02564102564102564
E01003670,0.15834767641996558,0.16351118760757316
E01003671,0.08422939068100359,0.008960573476702509
E01003672,0.38430851063829785,0.20079787234042554
E01003673,0.3333333333333333,0.047979797979797977
E01003674,0.49624060150375937,0.09680451127819549
E01003675,0.3393574297188755,0.018072289156626505
E01003676,0.23518164435946462,0.04206500956022945
E01003677,0.19011406844106463,0.005703422053231939
E01003678,0.13107822410147993,0.0507399577167019
E01003679,0.11313131313131314,0.006060606060606061
E01003680,0.17463617463617465,0.012474012474012475
E01003681,0.2974963181148748,0.12371134020618557
E01003682,0.2019607843137255,0.0058823529411764705
E01003683,0.40597539543058,0.08084358523725835
E01003684,0.398406374501992,0.055776892430278883
E01003685,0.5100548446069469,0.04753199268738574
E01003686,0.3719723183391003,0.08823529411764706
E01003688,0.38740458015267176,0.20419847328244276
E01003689,0.6024759284731774,0.10178817056396149
E01003690,0.4812332439678284,0.09517426273458444
E01003691,0.3508771929824561,0.03289473684210526
E01003692,0.29497907949790797,0.02301255230125523
E01003693,0.18693693693693694,0.015765765765765764
E01003694,0.18344519015659955,0.08053691275167785
E01003695,0.501010101010101,0.046464646464646465
E01003696,0.22179732313575526,0.06692160611854685
E01003697,0.2628458498023715,0.05731225296442688
E01003698,0.17049808429118773,0.040229885057471264
E01003699,0.27411167512690354,0.03722504230118443
E01003700,0.25519630484988454,0.13856812933025403
E01003701,0.402046783625731,0.05116959064327485
E01003702,0.33876221498371334,0.06188925081433225
E01003703,0.21144024514811033,0.14096016343207354
E01003704,0.2589928057553957,0.20863309352517986
E01003705,0.2733900364520049,0.07411907654921021
E01003706,0.28044871794871795,0.10256410256410256
E01003707,0.15714285714285714,0.06326530612244897
E01003708,0.17328042328042328,0.35714285714285715
E01003709,0.14335664335664336,0.02097902097902098
E01003710,0.10317460317460317,0.017857142857142856
E01003711,0.2,0.1296875
E01003712,0.16420664206642066,0.4797047970479705
E01003713,0.35845213849287166,0.018329938900203666
E01003714,0.45894428152492667,0.04985337243401759
E01003715,0.3798076923076923,0.052884615384615384
E01003716,0.3440134907251265,0.09443507588532883
E01003718,0.5289634146341463,0.06554878048780488
E01003719,0.4083333333333333,0.09305555555555556
E01003720,0.1984732824427481,0.3104325699745547
E01003721,0.22322775263951736,0.19909502262443438
E01003722,0.146163215590743,0.23020706455542023
E01003723,0.11420612813370473,0.31754874651810583
E01003724,0.15643564356435644,0.12079207920792079
E01003725,0.24702380952380953,0.23958333333333334
E01003726,0.1182108626198083,0.22364217252396165
E01003727,0.1435257410296412,0.2948517940717629
E01003729,0.4707070707070707,0.12121212121212122
E01003730,0.4672489082969432,0.06550218340611354
E01003731,0.34688995215311,0.1674641148325359
E01003732,0.3815580286168522,0.4117647058823529
E01003733,0.43558282208588955,0.06952965235173825
E01003734,0.4342629482071713,0.07370517928286853
E01003735,0.3145275035260931,0.46685472496473907
E01003736,0.4634146341463415,0.12195121951219512
E01003737,0.18618618618618618,0.07807807807807808
E01003738,0.22970903522205208,0.016845329249617153
E01003739,0.2965722801788376,0.09239940387481371
E01003740,0.24065040650406505,0.07317073170731707
E01003741,0.20839580209895053,0.1634182908545727
E01003742,0.41823899371069184,0.0440251572327044
E01003743,0.36893203883495146,0.05048543689320388
E01003744,0.15284552845528454,0.030894308943089432
E01003745,0.06289308176100629,0.012578616352201259
E01003746,0.16715976331360946,0.026627218934911243
E01003747,0.05785123966942149,0.06198347107438017
E01003748,0.2416,0.0128
E01003749,0.3119533527696793,0.02040816326530612
E01003750,0.29304446978335236,0.18015963511972635
E01003751,0.36281859070464767,0.0944527736131934
E01003752,0.2818955042527339,0.07168894289185905
E01003753,0.41346153846153844,0.035256410256410256
E01003754,0.27289048473967686,0.05026929982046679
E01003755,0.3015151515151515,0.06363636363636363
E01003756,0.25695364238410595,0.14437086092715232
E01003757,0.45,0.0640625
E01003759,0.12839059674502712,0.0054249547920434
E01003760,0.2429210134128167,0.07898658718330849
E01003761,0.17994100294985252,0.6489675516224189
E01003762,0.22085889570552147,0.09355828220858896
E01003763,0.17647058823529413,0.030165912518853696
E01003764,0.34418604651162793,0.1127906976744186
E01003765,0.3225806451612903,0.0739247311827957
E01003766,0.3984,0.0368
E01003767,0.5220030349013657,0.030349013657056147
E01003768,0.593558282208589,0.08128834355828221
E01003769,0.5714285714285714,0.08433734939759036
E01003770,0.30469644902634596,0.2027491408934708
E01003771,0.4,0.0761904761904762
E01003772,0.30902111324376197,0.02495201535508637
E01003773,0.3123877917414722,0.04129263913824058
E01003774,0.31887456037514655,0.07268464243845252
E01003775,0.29127725856697817,0.029595015576323987
E01003776,0.28587319243604004,0.3581757508342603
E01003777,0.35510688836104515,0.03681710213776722
E01003778,0.4271412680756396,0.041156840934371525
E01003779,0.21359223300970873,0.10679611650485436
E01003780,0.07072691552062868,0.011787819253438114
E01003781,0.48466257668711654,0.13190184049079753
E01003782,0.4365904365904366,0.07068607068607069
E01003783,0.5850340136054422,0.15532879818594103
E01003784,0.4112627986348123,0.06655290102389079
E01003785,0.6356821589205397,0.06896551724137931
E01003786,0.27571115973741794,0.0262582056892779
E01003787,0.3306122448979592,0.04897959183673469
E01003788,0.6151419558359621,0.05993690851735016
E01003789,0.19795221843003413,0.17064846416382254
E01003790,0.13636363636363635,0.17636363636363636
E01003791,0.10634328358208955,0.014925373134328358
E01003792,0.18217821782178217,0.011881188118811881
E01003793,0.2540983606557377,0.26366120218579236
E01003794,0.1342512908777969,0.10671256454388985
E01003795,0.08139534883720931,0.0069767441860465115
E01003796,0.18302828618968386,0.1064891846921797
E01003797,0.10894941634241245,0.07198443579766536
E01003798,0.2822085889570552,0.16717791411042945
E01003799,0.325434439178515,0.03317535545023697
E01003800,0.20065789473684212,0.26644736842105265
E01003801,0.35185185185185186,0.012962962962962963
E01003802,0.4073482428115016,0.038338658146964855
E01003803,0.1400329489291598,0.5370675453047776
E01003804,0.324468085106383,0.057180851063829786
E01003805,0.129783693843594,0.018302828618968387
E01003806,0.12941176470588237,0.00784313725490196
E01003807,0.36428571428571427,0.1130952380952381
E01003808,0.21382842509603073,0.08194622279129321
E01003809,0.1515625,0.0234375
E01003810,0.1527331189710611,0.08520900321543408
E01003811,0.18662952646239556,0.04596100278551532
E01003812,0.28,0.09466666666666666
E01003813,0.12,0.0368
E01003814,0.23241206030150754,0.0829145728643216
E01003815,0.30010718113612006,0.11468381564844587
E01003816,0.14054927302100162,0.16639741518578352
E01003817,0.23522595596755505,0.12630359212050984
E01003818,0.1779788838612368,0.08144796380090498
E01003819,0.14168937329700274,0.44005449591280654
E01003820,0.13910761154855644,0.2532808398950131
E01003821,0.468586387434555,0.05366492146596859
E01003822,0.05714285714285714,0.0019047619047619048
E01003823,0.25561097256857856,0.026184538653366583
E01003824,0.13765822784810128,0.04746835443037975
E01003825,0.09119010819165378,0.04482225656877898
E01003826,0.14678899082568808,0.42463958060288337
E01003827,0.2887882219705549,0.1291053227633069
E01003828,0.12297734627831715,0.042071197411003236
E01003829,0.14121037463976946,0.37896253602305474
E01003830,0.19840213049267644,0.12250332889480692
E01003831,0.1608187134502924,0.05847953216374269
E01003832,0.12334801762114538,0.5080763582966226
E01003833,0.22072072072072071,0.2147147147147147
E01003834,0.367816091954023,0.1123882503192848
E01003835,0.13949579831932774,0.025210084033613446
E01003836,0.11724137931034483,0.2896551724137931
E01003837,0.21773288439955107,0.09427609427609428
E01003838,0.25500667556742324,0.1068090787716956
E01003839,0.26763285024154587,0.18937198067632852
E01003840,0.2637931034482759,0.07586206896551724
E01003841,0.2099514563106796,0.4211165048543689
E01003842,0.10049423393739704,0.3031301482701812
E01003843,0.12907268170426064,0.2706766917293233
E01003844,0.10909090909090909,0.07090909090909091
E01003845,0.1024,0.0112
E01003846,0.13584288052373159,0.01800327332242226
E01003847,0.4710843373493976,0.05903614457831325
E01003848,0.30036630036630035,0.1330891330891331
E01003849,0.25736434108527134,0.05271317829457364
E01003851,0.22900763358778625,0.021374045801526718
E01003852,0.3211567732115677,0.1232876712328767
E01003853,0.13949579831932774,0.2184873949579832
E01003854,0.2971698113207547,0.1320754716981132
E01003855,0.271412680756396,0.3337041156840934
E01003856,0.38024357239512857,0.10013531799729364
E01003857,0.28894806924101196,0.08921438082556592
E01003858,0.25675675675675674,0.024024024024024024
E01003859,0.16584564860426929,0.07060755336617405
E01003860,0.355584082156611,0.1245186136071887
E01003861,0.366369710467706,0.08463251670378619
E01003862,0.27577639751552796,0.24472049689440994
E01003863,0.1495176848874598,0.36977491961414793
E01003864,0.27682737169517885,0.08398133748055987
E01003865,0.20783645655877342,0.21805792163543442
E01003866,0.20566318926974664,0.020864381520119227
E01003867,0.2453781512605042,0.08739495798319327
E01003868,0.34150076569678406,0.016845329249617153
E01003869,0.34934497816593885,0.008733624454148471
E01003870,0.26373626373626374,0.030525030525030524
E01003871,0.2524964336661912,0.08701854493580599
E01003872,0.3782991202346041,0.0469208211143695
E01003873,0.3706030150753769,0.0829145728643216
E01003874,0.4440104166666667,0.0546875
E01003875,0.22720247295208656,0.1035548686244204
E01003876,0.49575371549893843,0.054140127388535034
E01003877,0.3225806451612903,0.08211143695014662
E01003878,0.15530903328050713,0.5483359746434231
E01003879,0.37435008665511266,0.05719237435008666
E01003880,0.18932874354561102,0.05163511187607573
E01003881,0.23255813953488372,0.048625792811839326
E01003882,0.2987012987012987,0.04014167650531287
E01003883,0.23858447488584475,0.07191780821917808
E01003884,0.19891745602165087,0.11366711772665765
E01003885,0.28837209302325584,0.06356589147286822
E01003886,0.2600297176820208,0.0475482912332838
E01003887,0.2848258706467662,0.022388059701492536
E01003888,0.2691489361702128,0.2680851063829787
E01003889,0.2526595744680851,0.03324468085106383
E01003890,0.22077922077922077,0.06782106782106782
E01003891,0.26573426573426573,0.039627039627039624
E01003892,0.3734533183352081,0.02249718785151856
E01003893,0.3968042609853529,0.0559254327563249
E01003894,0.33514246947082765,0.05563093622795115
E01003895,0.26177285318559557,0.12049861495844875
E01003896,0.4635535307517084,0.018223234624145785
E01003897,0.36228571428571427,0.10628571428571429
E01003898,0.2585034013605442,0.08979591836734693
E01003899,0.2604501607717042,0.03054662379421222
E01003900,0.15235008103727715,0.3192868719611021
E01003901,0.1342062193126023,0.03927986906710311
E01003902,0.134,0.006
E01003903,0.13620689655172413,0.1396551724137931
E01003904,0.19754977029096477,0.14854517611026033
E01003905,0.2669172932330827,0.03195488721804511
E01003906,0.21547799696509864,0.06980273141122914
E01003907,0.13312693498452013,0.35139318885448917
E01003908,0.14114114114114115,0.018018018018018018
E01003909,0.24646781789638933,0.05337519623233909
E01003910,0.1126331811263318,0.015220700152207
E01003911,0.20079787234042554,0.5824468085106383
E01003912,0.10944527736131934,0.8125937031484258
E01003913,0.37203791469194314,0.17180094786729858
E01003914,0.2756232686980609,0.27977839335180055
E01003915,0.2371392722710163,0.4642409033877039
E01003916,0.3098901098901099,0.29120879120879123
E01003917,0.2396788990825688,0.40022935779816515
E01003918,0.14329738058551617,0.588597842835131
E01003919,0.28885630498533726,0.39882697947214074
E01003920,0.1251372118551043,0.6388583973655324
E01003921,0.24493927125506074,0.4534412955465587
E01003922,0.21074380165289255,0.5144628099173554
E01003923,0.28864569083447333,0.4240766073871409
E01003924,0.1902654867256637,0.6803097345132744
E01003925,0.1807372175980975,0.525564803804994
E01003926,0.21754385964912282,0.6140350877192983
E01003929,0.46455223880597013,0.30783582089552236
E01003930,0.29906542056074764,0.3711615487316422
E01003932,0.21770682148040638,0.5500725689404935
E01003933,0.37414299706170423,0.33104799216454456
E01003934,0.4451382694023194,0.2783229259589652
E01003935,0.21904761904761905,0.6285714285714286
E01003936,0.5421686746987951,0.24440619621342513
E01003937,0.5536649214659686,0.15706806282722513
E01003938,0.23435419440745672,0.5605858854860186
E01003939,0.5233219567690558,0.2821387940841866
E01003940,0.1984126984126984,0.6587301587301587
E01003941,0.4158004158004158,0.2796257796257796
E01003942,0.16797488226059654,0.609105180533752
E01003943,0.24444444444444444,0.6102564102564103
E01003945,0.1889655172413793,0.16827586206896553
E01003946,0.21031746031746032,0.18253968253968253
E01003947,0.13953488372093023,0.6445182724252492
E01003948,0.3228247162673392,0.1223203026481715
E01003949,0.33179190751445087,0.18265895953757225
E01003950,0.21905940594059406,0.4876237623762376
E01003951,0.20363636363636364,0.14727272727272728
E01003952,0.32848837209302323,0.13517441860465115
E01003953,0.32346723044397463,0.2135306553911205
E01003954,0.23100303951367782,0.13069908814589665
E01003955,0.22867737948084055,0.24351050679851668
E01003956,0.2578875171467764,0.14540466392318244
E01003957,0.2542857142857143,0.15
E01003958,0.2716688227684347,0.1927554980595084
E01003960,0.370757180156658,0.33550913838120106
E01003961,0.1868629671574179,0.6489241223103058
E01003963,0.2063953488372093,0.6642441860465116
E01003966,0.3848964677222899,0.4579780755176614
E01003969,0.408062930186824,0.3058013765978368
E01003971,0.15264187866927592,0.6418786692759295
E01003972,0.36688311688311687,0.487012987012987
E01003973,0.35419440745672437,0.5459387483355526
E01003975,0.20974289580514208,0.5899864682002707
E01003976,0.35814360770577935,0.37478108581436076
E01003977,0.25542168674698795,0.5036144578313253
E01003979,0.3438202247191011,0.44269662921348313
E01003980,0.3073446327683616,0.5853107344632769
E01003981,0.29154078549848944,0.540785498489426
E01003983,0.12184249628528974,0.7473997028231798
E01003984,0.23856858846918488,0.44731610337972166
E01003986,0.17790530846484937,0.6169296987087518
E01003987,0.13276492082825822,0.6516443361753959
E01003988,0.19336384439359267,0.5892448512585813
E01003989,0.23515981735159816,0.5319634703196348
E01003990,0.16180048661800486,0.6618004866180048
E01003991,0.16723549488054607,0.6331058020477816
E01003992,0.14241486068111456,0.6873065015479877
E01003993,0.13801756587202008,0.6976160602258469
E01003994,0.19653179190751446,0.44739884393063584
E01003995,0.1856368563685637,0.6029810298102981
E01003997,0.2837573385518591,0.41682974559686886
E01003998,0.27896341463414637,0.41310975609756095
E01003999,0.2587646076794658,0.4741235392320534
E01004000,0.26879271070615035,0.3553530751708428
E01004001,0.1102257636122178,0.6733067729083665
E01004002,0.19207317073170732,0.16158536585365854
E01004003,0.16729559748427672,0.6138364779874214
E01004004,0.23539668700959024,0.43330427201394944
E01004005,0.16484607745779542,0.5501489572989077
E01004006,0.19240506329113924,0.3632911392405063
E01004007,0.11049723756906077,0.7182320441988951
E01004008,0.17042606516290726,0.6278195488721805
E01004010,0.33438985736925514,0.4183835182250396
E01004011,0.14043583535108958,0.7191283292978208
E01004012,0.2917570498915401,0.4360086767895879
E01004013,0.1430745814307458,0.6179604261796042
E01004014,0.12867647058823528,0.6801470588235294
E01004015,0.3446808510638298,0.20709219858156028
E01004016,0.19211324570273003,0.22851365015166836
E01004017,0.2630769230769231,0.13692307692307693
E01004018,0.2682926829268293,0.0821566110397946
E01004019,0.21140142517814728,0.3491686460807601
E01004020,0.17320703653585928,0.543978349120433
E01004021,0.45490981963927857,0.156312625250501
E01004023,0.28792134831460675,0.4789325842696629
E01004024,0.22358722358722358,0.6302211302211302
E01004028,0.23055809698078683,0.48215919487648673
E01004029,0.47798066595059074,0.16648764769065522
E01004030,0.20592193808882908,0.5423956931359354
E01004031,0.47363552266419984,0.3367252543940796
E01004032,0.49013657056145676,0.030349013657056147
E01004033,0.3409090909090909,0.4291958041958042
E01004034,0.25535168195718655,0.536697247706422
E01004035,0.21452702702702703,0.5945945945945946
E01004036,0.2877030162412993,0.580046403712297
E01004037,0.37257142857142855,0.384
E01004038,0.3536821705426357,0.34593023255813954
E01004039,0.49133858267716535,0.2204724409448819
E01004040,0.10911424903722722,0.7458279845956355
E01004041,0.191027496382055,0.6758321273516642
E01004042,0.2342233009708738,0.5788834951456311
E01004043,0.2281303602058319,0.34476843910806176
E01004044,0.16134751773049646,0.6187943262411347
E01004045,0.11912225705329153,0.6755485893416928
E01004046,0.26666666666666666,0.22015503875968992
E01004047,0.1983739837398374,0.5723577235772358
E01004048,0.20319303338171263,0.37445573294629897
E01004049,0.17248062015503876,0.5368217054263565
E01004050,0.35340729001584786,0.12044374009508717
E01004051,0.2208904109589041,0.125
E01004052,0.2777777777777778,0.25193798449612403
E01004053,0.45382882882882886,0.10698198198198199
E01004054,0.4348422496570645,0.102880658436214
E01004055,0.10227272727272728,0.7007575757575758
E01004056,0.3759765625,0.322265625
E01004057,0.34138655462184875,0.27205882352941174
E01004058,0.5312868949232585,0.021251475796930343
E01004059,0.48940914158305465,0.12040133779264214
E01004060,0.3115693012600229,0.4261168384879725
E01004061,0.28065395095367845,0.22752043596730245
E01004062,0.34419551934826886,0.3258655804480652
E01004063,0.28421052631578947,0.26198830409356727
E01004064,0.2329268292682927,0.46219512195121953
E01004065,0.3004769475357711,0.19236883942766295
E01004066,0.1957547169811321,0.46462264150943394
E01004067,0.30752688172043013,0.4881720430107527
E01004068,0.15233415233415235,0.5417690417690417
E01004069,0.158004158004158,0.060291060291060294
E01004070,0.18767123287671234,0.20684931506849316
E01004071,0.2335423197492163,0.31974921630094044
E01004072,0.2064,0.0928
E01004073,0.2374821173104435,0.12017167381974249
E01004074,0.18181818181818182,0.08766233766233766
E01004075,0.1664,0.1056
E01004076,0.16990291262135923,0.18122977346278318
E01004077,0.16037735849056603,0.08647798742138364
E01004078,0.1833810888252149,0.166189111747851
E01004079,0.05656565656565657,0.012121212121212121
E01004080,0.08984375,0.005859375
E01004081,0.14668769716088328,0.09305993690851735
E01004082,0.08450704225352113,0.026156941649899398
E01004083,0.06721311475409836,0.6704918032786885
E01004084,0.050682261208576995,0.007797270955165692
E01004085,0.10517241379310345,0.015517241379310345
E01004086,0.18344827586206897,0.12827586206896552
E01004087,0.05390334572490706,0.007434944237918215
E01004088,0.0374331550802139,0.8475935828877005
E01004089,0.10649819494584838,0.5451263537906137
E01004090,0.13485113835376533,0.5779334500875657
E01004091,0.027083333333333334,0.008333333333333333
E01004092,0.17869415807560138,0.006872852233676976
E01004093,0.18270799347471453,0.040783034257748776
E01004094,0.23876765083440307,0.038510911424903725
E01004095,0.22044728434504793,0.009584664536741214
E01004096,0.45970937912813736,0.1202113606340819
E01004097,0.1958266452648475,0.008025682182985553
E01004098,0.185546875,0.03125
E01004099,0.2535575679172057,0.21216041397153945
E01004100,0.12369337979094076,0.08188153310104529
E01004101,0.11007462686567164,0.016791044776119403
E01004102,0.17412935323383086,0.06965174129353234
E01004103,0.2891566265060241,0.038821954484605084
E01004104,0.08828828828828829,0.009009009009009009
E01004105,0.12023460410557185,0.0747800586510264
E01004106,0.028985507246376812,0.010869565217391304
E01004107,0.12258064516129032,0.1693548387096774
E01004108,0.11350574712643678,0.03879310344827586
E01004109,0.08333333333333333,0.2610062893081761
E01004110,0.40559440559440557,0.05244755244755245
E01004111,0.0967741935483871,0.12316715542521994
E01004112,0.14561664190193166,0.005943536404160475
E01004114,0.05084745762711865,0.010169491525423728
E01004115,0.16296296296296298,0.013333333333333334
E01004116,0.09841269841269841,0.06825396825396825
E01004117,0.08333333333333333,0.013565891472868217
E01004118,0.22655122655122656,0.05339105339105339
E01004119,0.09,0.014
E01004120,0.06066176470588235,0.012867647058823529
E01004121,0.24600638977635783,0.04792332268370607
E01004122,0.07692307692307693,0.07129455909943715
E01004123,0.2493857493857494,0.32063882063882065
E01004124,0.11194029850746269,0.3238805970149254
E01004125,0.1032258064516129,0.4338709677419355
E01004126,0.11091549295774648,0.43309859154929575
E01004127,0.10122699386503067,0.2822085889570552
E01004128,0.10815939278937381,0.3700189753320683
E01004129,0.11065573770491803,0.48770491803278687
E01004130,0.1402439024390244,0.06707317073170732
E01004131,0.2259970457902511,0.03988183161004431
E01004132,0.04892367906066536,0.011741682974559686
E01004133,0.07050092764378478,0.011131725417439703
E01004134,0.19107142857142856,0.05
E01004135,0.1588235294117647,0.011764705882352941
E01004136,0.06846846846846846,0.04864864864864865
E01004137,0.5051724137931034,0.06551724137931035
E01004138,0.2769640479360852,0.12250332889480692
E01004139,0.3422712933753943,0.0583596214511041
E01004140,0.2868020304568528,0.366751269035533
E01004141,0.2170439414114514,0.2782956058588549
E01004143,0.2340764331210191,0.11146496815286625
E01004144,0.15337423312883436,0.013803680981595092
E01004145,0.14727722772277227,0.07673267326732673
E01004146,0.2708618331053352,0.07113543091655267
E01004147,0.08249158249158249,0.09090909090909091
E01004148,0.14896755162241887,0.3421828908554572
E01004149,0.241423125794155,0.0698856416772554
E01004150,0.4659090909090909,0.23958333333333334
E01004151,0.4958579881656805,0.06627218934911243
E01004152,0.4021479713603819,0.17780429594272076
E01004153,0.4348314606741573,0.1
E01004154,0.13805309734513274,0.03185840707964602
E01004155,0.465311004784689,0.028708133971291867
E01004156,0.565677966101695,0.05826271186440678
E01004157,0.060133630289532294,0.0066815144766146995
E01004158,0.32684283727399166,0.04728789986091794
E01004159,0.13636363636363635,0.05032467532467533
E01004160,0.34457478005865105,0.024926686217008796
E01004161,0.19601328903654486,0.013289036544850499
E01004162,0.4228187919463087,0.08456375838926175
E01004163,0.08544303797468354,0.061708860759493674
E01004164,0.16181229773462782,0.05663430420711974
E01004165,0.1864406779661017,0.17372881355932204
E01004166,0.14666666666666667,0.12148148148148148
E01004167,0.13917525773195877,0.4072164948453608
E01004168,0.09450171821305842,0.027491408934707903
E01004169,0.15669515669515668,0.22507122507122507
E01004170,0.3223684210526316,0.07236842105263158
E01004171,0.14185639229422067,0.04903677758318739
E01004172,0.26564344746162927,0.3116883116883117
E01004173,0.06666666666666667,0.18476190476190477
E01004174,0.2859237536656892,0.0689149560117302
E01004175,0.13976945244956773,0.12968299711815562
E01004176,0.20616883116883117,0.1396103896103896
E01004177,0.2488938053097345,0.27323008849557523
E01004178,0.3333333333333333,0.13653483992467044
E01004179,0.16501650165016502,0.02145214521452145
E01004180,0.07692307692307693,0.003205128205128205
E01004181,0.24102564102564103,0.1423076923076923
E01004182,0.19672131147540983,0.3561847988077496
E01004183,0.16886930983847284,0.38472834067547723
E01004184,0.09586776859504133,0.4049586776859504
E01004185,0.12158808933002481,0.41811414392059554
E01004186,0.2955729166666667,0.11848958333333333
E01004187,0.11737089201877934,0.25821596244131456
E01004189,0.10779220779220779,0.39090909090909093
E01004190,0.10317460317460317,0.00992063492063492
E01004191,0.25666199158485276,0.019635343618513323
E01004192,0.1746905089408528,0.12242090784044017
E01004193,0.20340586565752128,0.12677388836329234
E01004194,0.2222222222222222,0.09812409812409813
E01004195,0.3124087591240876,0.05547445255474453
E01004196,0.11570247933884298,0.011570247933884297
E01004198,0.23183391003460208,0.615916955017301
E01004199,0.21071428571428572,0.5696428571428571
E01004200,0.4817391304347826,0.20869565217391303
E01004201,0.22271386430678466,0.551622418879056
E01004202,0.41190765492102066,0.28797083839611176
E01004203,0.3997050147492625,0.3230088495575221
E01004204,0.21971830985915494,0.5661971830985916
E01004205,0.242503259452412,0.5280312907431551
E01004206,0.27056672760511885,0.56672760511883
E01004207,0.2622309197651663,0.5714285714285714
E01004208,0.6615598885793872,0.08495821727019498
E01004209,0.2290748898678414,0.6123348017621145
E01004211,0.4932795698924731,0.2647849462365591
E01004212,0.38903061224489793,0.3354591836734694
E01004214,0.14937106918238993,0.6713836477987422
E01004216,0.4147339699863574,0.2660300136425648
E01004217,0.34416365824308065,0.35980746089049337
E01004218,0.40609137055837563,0.21573604060913706
E01004219,0.41033138401559455,0.34990253411306044
E01004221,0.4400977995110024,0.30317848410757947
E01004222,0.23035714285714284,0.5767857142857142
E01004223,0.13312034078807242,0.6549520766773163
E01004226,0.3032967032967033,0.3912087912087912
E01004228,0.32230392156862747,0.2855392156862745
E01004229,0.30297397769516726,0.3996282527881041
E01004230,0.3097238895558223,0.3985594237695078
E01004231,0.3140916808149406,0.44821731748726656
E01004232,0.3575949367088608,0.16930379746835442
E01004233,0.23927038626609443,0.5472103004291845
E01004234,0.31483457844183566,0.2518676627534685
E01004235,0.2074688796680498,0.6804979253112033
E01004236,0.23588709677419356,0.5403225806451613
E01004237,0.23870967741935484,0.5
E01004239,0.2300556586270872,0.5435992578849722
E01004240,0.22426470588235295,0.5551470588235294
E01004241,0.21507352941176472,0.6158088235294118
E01004243,0.2788671023965142,0.42919389978213507
E01004244,0.28753541076487255,0.5325779036827195
E01004245,0.45173383317713217,0.39456419868791004
E01004247,0.41898148148148145,0.41087962962962965
E01004248,0.21753246753246752,0.6314935064935064
E01004249,0.1935483870967742,0.6683870967741935
E01004251,0.34371643394199786,0.44038668098818473
E01004255,0.31766612641815234,0.42949756888168555
E01004256,0.2687813021702838,0.5041736227045075
E01004257,0.29027962716378164,0.5499334221038615
E01004258,0.35807860262008734,0.24163027656477437
E01004259,0.40153452685422,0.29411764705882354
E01004260,0.27860696517412936,0.46766169154228854
E01004263,0.23553719008264462,0.609504132231405
E01004264,0.3047404063205418,0.49887133182844245
E01004266,0.27355072463768115,0.44565217391304346
E01004267,0.3274139844617092,0.42508324084350724
E01004268,0.2962962962962963,0.5857338820301783
E01004270,0.4618138424821002,0.23747016706443913
E01004271,0.2160970231532525,0.4410143329658214
E01004272,0.2545871559633027,0.4736238532110092
E01004274,0.3533834586466165,0.4421052631578947
E01004275,0.29365079365079366,0.3469387755102041
E01004276,0.5542797494780793,0.033402922755741124
E01004277,0.6510538641686182,0.04449648711943794
E01004280,0.38451268357810414,0.3871829105473965
E01004281,0.5640394088669951,0.11699507389162561
E01004283,0.29058663028649384,0.5156889495225102
E01004286,0.18053927315357562,0.5838218053927315
E01004287,0.2684869169510808,0.5108077360637088
E01004288,0.19836065573770492,0.6540983606557377
E01004289,0.25835866261398177,0.4635258358662614
E01004290,0.40258064516129033,0.327741935483871
E01004291,0.45878848063555117,0.13306852035749753
E01004292,0.49934810951760106,0.05345501955671447
E01004293,0.4955134596211366,0.1415752741774676
E01004295,0.32983508245877063,0.5082458770614693
E01004296,0.47037374658158615,0.31267092069279856
E01004297,0.43827859569648925,0.12117780294450736
E01004298,0.2887323943661972,0.5686619718309859
E01004300,0.18761726078799248,0.6435272045028143
E01004301,0.33755274261603374,0.39029535864978904
E01004302,0.321880650994575,0.3924050632911392
E01004303,0.2800397219463754,0.42800397219463754
E01004304,0.3161290322580645,0.5209677419354839
E01004305,0.2822822822822823,0.506006006006006
E01004306,0.4294032023289665,0.32023289665211063
E01004307,0.5838206627680312,0.1949317738791423
E01004308,0.3353174603174603,0.31746031746031744
E01004309,0.4470338983050847,0.3569915254237288
E01004310,0.498812351543943,0.334916864608076
E01004311,0.2523117569352708,0.4953764861294584
E01004312,0.22153209109730848,0.5755693581780539
E01004313,0.3711083437110834,0.42963885429638854
E01004315,0.30618401206636503,0.4675716440422323
E01004316,0.35079726651480636,0.42596810933940776
E01004319,0.4311163895486936,0.35985748218527314
E01004321,0.49406175771971494,0.39311163895486934
E01004322,0.35181644359464626,0.4818355640535373
E01004323,0.39832285115303984,0.3270440251572327
E01004324,0.32375478927203066,0.41379310344827586
E01004326,0.5124183006535947,0.2954248366013072
E01004327,0.211864406779661,0.3305084745762712
E01004328,0.3924242424242424,0.13787878787878788
E01004329,0.37285491419656785,0.15132605304212168
E01004330,0.31475409836065577,0.08360655737704918
E01004331,0.3338870431893688,0.18604651162790697
E01004332,0.41347626339969373,0.25114854517611024
E01004333,0.2847341337907376,0.3584905660377358
E01004334,0.19838709677419356,0.6080645161290322
E01004335,0.13658536585365855,0.6845528455284553
E01004336,0.45532646048109965,0.14604810996563575
E01004337,0.2550231839258114,0.3987635239567233
E01004338,0.5255023183925811,0.06646058732612056
E01004339,0.3697841726618705,0.17266187050359713
E01004340,0.2720897615708275,0.47545582047685836
E01004341,0.3027027027027027,0.49324324324324326
E01004342,0.23578363384188628,0.2288488210818308
E01004343,0.19142419601837674,0.04900459418070444
E01004344,0.2560240963855422,0.2545180722891566
E01004345,0.27435064935064934,0.09253246753246754
E01004346,0.14664310954063603,0.17137809187279152
E01004347,0.2512437810945274,0.1480099502487562
E01004348,0.31636060100166946,0.15358931552587646
E01004349,0.10488245931283906,0.31103074141048825
E01004350,0.15108695652173912,0.3391304347826087
E01004351,0.10188087774294671,0.0768025078369906
E01004352,0.23164556962025318,0.04556962025316456
E01004353,0.15802781289506954,0.0986093552465234
E01004354,0.30512820512820515,0.04358974358974359
E01004355,0.18529411764705883,0.26323529411764707
E01004356,0.12162162162162163,0.21114864864864866
E01004357,0.1232638888888889,0.1284722222222222
E01004358,0.19727891156462585,0.17006802721088435
E01004359,0.10535117056856187,0.12876254180602006
E01004360,0.08210526315789474,0.02736842105263158
E01004361,0.10040160642570281,0.03815261044176707
E01004362,0.2992592592592593,0.14074074074074075
E01004363,0.23892100192678228,0.05394990366088632
E01004364,0.19579288025889968,0.30097087378640774
E01004365,0.4641509433962264,0.15849056603773584
E01004366,0.2593703148425787,0.06896551724137931
E01004367,0.33962264150943394,0.10566037735849057
E01004368,0.36538461538461536,0.11794871794871795
E01004369,0.4377952755905512,0.09448818897637795
E01004370,0.36691542288557216,0.09328358208955224
E01004371,0.3950413223140496,0.10413223140495868
E01004372,0.40783744557329465,0.062409288824383166
E01004373,0.4102941176470588,0.16323529411764706
E01004374,0.37906647807637905,0.10042432814710042
E01004375,0.47249647390691113,0.1156558533145275
E01004376,0.4817073170731707,0.12347560975609756
E01004377,0.1426256077795786,0.07941653160453808
E01004378,0.20857988165680474,0.21597633136094674
E01004379,0.19119669876203577,0.0577716643741403
E01004380,0.15434083601286175,0.24115755627009647
E01004381,0.21159029649595687,0.1091644204851752
E01004382,0.1271860095389507,0.48807631160572335
E01004383,0.12736660929432014,0.10327022375215146
E01004384,0.13386880856760375,0.3748326639892905
E01004385,0.1450381679389313,0.3801526717557252
E01004386,0.07727975270479134,0.027820710973724884
E01004387,0.10192307692307692,0.023076923076923078
E01004388,0.30197268588770865,0.18057663125948406
E01004389,0.1907514450867052,0.2976878612716763
E01004390,0.08585055643879173,0.3688394276629571
E01004391,0.38996929375639716,0.1668372569089048
E01004392,0.46083418107833163,0.11597151576805696
E01004393,0.37777777777777777,0.35294117647058826
E01004394,0.2723833543505675,0.34047919293820933
E01004395,0.23953098827470687,0.08710217755443886
E01004396,0.37392550143266473,0.05730659025787966
E01004397,0.43312666076173606,0.13020372010628875
E01004398,0.1568627450980392,0.497737556561086
E01004399,0.13043478260869565,0.5484949832775919
E01004400,0.3012232415902141,0.1834862385321101
E01004401,0.26297968397291194,0.2020316027088036
E01004402,0.23547400611620795,0.25229357798165136
E01004403,0.13919821826280623,0.29175946547884185
E01004404,0.2613019891500904,0.38517179023508136
E01004405,0.3081967213114754,0.1885245901639344
E01004406,0.49864864864864866,0.10810810810810811
E01004407,0.25263157894736843,0.5578947368421052
E01004408,0.2380281690140845,0.21690140845070421
E01004409,0.38533333333333336,0.21333333333333335
E01004410,0.24238733252131547,0.4238733252131547
E01004411,0.5214564369310793,0.10663198959687907
E01004412,0.32754010695187163,0.18449197860962566
E01004413,0.11789772727272728,0.40482954545454547
E01004414,0.2614173228346457,0.04251968503937008
E01004415,0.12379421221864952,0.2717041800643087
E01004416,0.1376912378303199,0.1376912378303199
E01004417,0.22031473533619456,0.19599427753934193
E01004418,0.16897081413210446,0.1336405529953917
E01004419,0.24487594390507011,0.18230852211434737
E01004420,0.3858695652173913,0.2105978260869565
E01004421,0.292436974789916,0.08403361344537816
E01004422,0.26272912423625255,0.12830957230142567
E01004423,0.3146067415730337,0.3258426966292135
E01004424,0.39295392953929537,0.21680216802168023
E01004425,0.35167464114832536,0.19856459330143542
E01004426,0.287375415282392,0.09136212624584718
E01004427,0.5042219541616405,0.06755126658624849
E01004428,0.13012729844413012,0.6718528995756718
E01004429,0.2947067238912732,0.33905579399141633
E01004430,0.44846796657381616,0.1095636025998143
E01004432,0.35988620199146515,0.112375533428165
E01004434,0.2826666666666667,0.2853333333333333
E01004435,0.39975550122249387,0.2603911980440098
E01004436,0.2881944444444444,0.18055555555555555
E01004437,0.4613333333333333,0.22266666666666668
E01004438,0.4269521410579345,0.11712846347607053
E01004439,0.3640483383685801,0.1782477341389728
E01004440,0.391304347826087,0.168944099378882
E01004441,0.25779967159277506,0.11822660098522167
E01004442,0.32045088566827695,0.11755233494363929
E01004443,0.3852040816326531,0.1326530612244898
E01004444,0.34956521739130436,0.29130434782608694
E01004445,0.30837004405286345,0.16299559471365638
E01004446,0.3659147869674185,0.12280701754385964
E01004447,0.29510703363914376,0.07339449541284404
E01004448,0.2712975098296199,0.2162516382699869
E01004449,0.13479623824451412,0.5971786833855799
E01004450,0.1188118811881188,0.01155115511551155
E01004451,0.10317460317460317,0.1365079365079365
E01004452,0.26109660574412535,0.16971279373368145
E01004453,0.26515151515151514,0.05303030303030303
E01004454,0.1927536231884058,0.13623188405797101
E01004455,0.25207296849087896,0.19734660033167495
E01004456,0.08718861209964412,0.6708185053380783
E01004457,0.2635761589403974,0.18543046357615894
E01004458,0.32189973614775724,0.14907651715039577
E01004459,0.07265774378585087,0.7323135755258127
E01004460,0.31054131054131057,0.20512820512820512
E01004462,0.3241296518607443,0.16926770708283315
E01004463,0.2721164613661814,0.1702127659574468
E01004464,0.16593245227606462,0.4919236417033774
E01004465,0.17781690140845072,0.14788732394366197
E01004466,0.20535714285714285,0.11607142857142858
E01004467,0.32201533406352684,0.3778751369112815
E01004468,0.25225225225225223,0.06006006006006006
E01004469,0.17829457364341086,0.49147286821705427
E01004470,0.2725752508361204,0.2725752508361204
E01004471,0.2450229709035222,0.3108728943338438
E01004472,0.33112582781456956,0.06357615894039735
E01004473,0.3421750663129973,0.129973474801061
E01004474,0.5458248472505092,0.12321792260692464
E01004475,0.33385826771653543,0.15905511811023623
E01004476,0.5152542372881356,0.15141242937853108
E01004477,0.18719211822660098,0.09688013136288999
E01004478,0.21923076923076923,0.06538461538461539
E01004479,0.30049261083743845,0.11001642036124795
E01004480,0.4396423248882265,0.04769001490312966
E01004481,0.5050798258345428,0.07692307692307693
E01004482,0.39408866995073893,0.14285714285714285
E01004483,0.4656964656964657,0.06964656964656965
E01004484,0.40415335463258784,0.14376996805111822
E01004485,0.3885180240320427,0.1842456608811749
E01004486,0.38263229308005425,0.18181818181818182
E01004487,0.37945791726105566,0.25106990014265335
E01004488,0.27598566308243727,0.17204301075268819
E01004489,0.3060200668896321,0.2692307692307692
E01004490,0.3101160862354892,0.029850746268656716
E01004491,0.28355555555555556,0.4177777777777778
E01004492,0.3310810810810811,0.1635135135135135
E01004493,0.3609467455621302,0.1301775147928994
E01004494,0.3848069738480697,0.25404732254047324
E01004495,0.31679389312977096,0.3931297709923664
E01004496,0.487152034261242,0.10171306209850108
E01004497,0.15708812260536398,0.1475095785440613
E01004498,0.3655913978494624,0.06989247311827956
E01004499,0.4133522727272727,0.13494318181818182
E01004500,0.44308943089430897,0.12703252032520326
E01004501,0.3288084464555053,0.27601809954751133
E01004502,0.3323572474377745,0.03367496339677892
E01004503,0.42141863699582754,0.16133518776077885
E01004504,0.3817204301075269,0.043010752688172046
E01004505,0.4358974358974359,0.03974358974358974
E01004506,0.5063405797101449,0.06340579710144928
E01004507,0.4768856447688564,0.07948094079480941
E01004508,0.45286885245901637,0.17315573770491804
E01004510,0.4039125431530495,0.12658227848101267
E01004511,0.4165390505359878,0.06738131699846861
E01004512,0.27182866556836904,0.19439868204283361
E01004513,0.38134592680047225,0.20188902007083825
E01004514,0.3775,0.11375
E01004515,0.4112271540469974,0.2245430809399478
E01004516,0.1852589641434263,0.06772908366533864
E01004517,0.5056433408577878,0.09255079006772009
E01004518,0.27633587786259545,0.06717557251908397
E01004519,0.2761437908496732,0.16830065359477125
E01004520,0.2505694760820046,0.11617312072892938
E01004521,0.2874015748031496,0.16010498687664043
E01004522,0.3568075117370892,0.1111111111111111
E01004523,0.2148876404494382,0.28792134831460675
E01004524,0.3243574051407589,0.4320685434516524
E01004525,0.628099173553719,0.05647382920110193
E01004526,0.4647137150466045,0.1384820239680426
E01004527,0.3758278145695364,0.11092715231788079
E01004528,0.34265734265734266,0.3300699300699301
E01004529,0.42117117117117114,0.12725225225225226
E01004530,0.37771739130434784,0.11684782608695653
E01004531,0.27607361963190186,0.25153374233128833
E01004532,0.26570048309178745,0.214170692431562
E01004533,0.3158756137479542,0.28477905073649756
E01004534,0.36742424242424243,0.11363636363636363
E01004535,0.1591549295774648,0.7267605633802817
E01004536,0.3904653802497162,0.3847900113507378
E01004537,0.26180257510729615,0.5107296137339056
E01004538,0.28978840846366144,0.37718491260349585
E01004539,0.17647058823529413,0.6035805626598465
E01004540,0.3154875717017208,0.3479923518164436
E01004541,0.1987012987012987,0.5636363636363636
E01004542,0.2529313232830821,0.08207705192629816
E01004543,0.36605890603085556,0.04908835904628331
E01004544,0.2597623089983022,0.14431239388794567
E01004545,0.5833333333333334,0.04411764705882353
E01004546,0.3463414634146341,0.10894308943089431
E01004547,0.2715827338129496,0.2589928057553957
E01004548,0.4863013698630137,0.10763209393346379
E01004549,0.33633633633633636,0.15315315315315314
E01004550,0.23754789272030652,0.26436781609195403
E01004551,0.4714104193138501,0.2744599745870394
E01004552,0.6134831460674157,0.07865168539325842
E01004553,0.41312741312741313,0.13256113256113256
E01004554,0.3607085346215781,0.04508856682769726
E01004555,0.2339688041594454,0.03292894280762565
E01004556,0.28888888888888886,0.05299145299145299
E01004557,0.3776435045317221,0.0891238670694864
E01004558,0.3482810164424514,0.10762331838565023
E01004559,0.24564796905222436,0.14313346228239845
E01004560,0.44847112117780297,0.14722536806342015
E01004563,0.3467278989667049,0.44202066590126293
E01004564,0.4149577804583836,0.25814234016887816
E01004565,0.3783783783783784,0.2985842985842986
E01004566,0.434010152284264,0.12563451776649745
E01004567,0.2769857433808554,0.5091649694501018
E01004568,0.17429193899782136,0.6884531590413944
E01004569,0.28236914600550966,0.3939393939393939
E01004570,0.2364394993045897,0.6175243393602226
E01004571,0.32558139534883723,0.4113372093023256
E01004572,0.2818590704647676,0.28785607196401797
E01004573,0.2985781990521327,0.22274881516587677
E01004574,0.22759601706970128,0.6586059743954481
E01004575,0.2316715542521994,0.4633431085043988
E01004576,0.20304568527918782,0.4602368866328257
E01004577,0.35931790499390986,0.18270401948842874
E01004579,0.2914147521160822,0.2914147521160822
E01004580,0.4306487695749441,0.15548098434004473
E01004581,0.4133811230585424,0.1971326164874552
E01004582,0.37398373983739835,0.08841463414634146
E01004583,0.3452088452088452,0.1769041769041769
E01004584,0.15502793296089384,0.6843575418994413
E01004585,0.38564476885644766,0.18613138686131386
E01004586,0.4294117647058823,0.13176470588235295
E01004587,0.3615494978479197,0.0975609756097561
E01004588,0.4642451759364359,0.0510783200908059
E01004589,0.44596443228454175,0.07523939808481532
E01004590,0.24294478527607363,0.43558282208588955
E01004591,0.38927738927738925,0.2902097902097902
E01004592,0.20897435897435898,0.5089743589743589
E01004593,0.4241338112305854,0.06690561529271206
E01004594,0.27229299363057324,0.012738853503184714
E01004595,0.3939393939393939,0.06565656565656566
E01004596,0.3359253499222395,0.026438569206842923
E01004597,0.26007802340702213,0.17685305591677503
E01004598,0.3692468619246862,0.07635983263598327
E01004599,0.19400352733686066,0.03880070546737213
E01004601,0.3595608417200366,0.15187557182067704
E01004602,0.4305750350631136,0.04628330995792426
E01004604,0.20642978003384094,0.028764805414551606
E01004605,0.24129353233830847,0.17661691542288557
E01004606,0.46,0.012
E01004607,0.33819241982507287,0.04664723032069971
E01004608,0.40816326530612246,0.20918367346938777
E01004609,0.5291214215202369,0.05725567620927937
E01004610,0.39664804469273746,0.06983240223463687
E01004611,0.33273056057866185,0.09403254972875226
E01004612,0.46494464944649444,0.1088560885608856
E01004613,0.4363376251788269,0.30042918454935624
E01004614,0.4019138755980861,0.18899521531100477
E01004615,0.29036827195467424,0.4263456090651558
E01004616,0.6201044386422977,0.08093994778067885
E01004617,0.5358126721763086,0.18044077134986225
E01004618,0.27735849056603773,0.026415094339622643
E01004619,0.2151394422310757,0.14342629482071714
E01004620,0.3323529411764706,0.1411764705882353
E01004621,0.30735930735930733,0.11976911976911978
E01004622,0.36293436293436293,0.2277992277992278
E01004623,0.3031161473087819,0.1048158640226629
E01004624,0.25779967159277506,0.16584564860426929
E01004625,0.09263157894736843,0.018947368421052633
E01004626,0.29357798165137616,0.03669724770642202
E01004627,0.2631578947368421,0.18092105263157895
E01004628,0.345679012345679,0.21997755331088664
E01004629,0.2574750830564784,0.10465116279069768
E01004630,0.22610015174506828,0.5341426403641881
E01004631,0.46008119079837617,0.19485791610284167
E01004632,0.3327495621716287,0.12259194395796848
E01004633,0.2895174708818636,0.4825291181364393
E01004634,0.35450516986706054,0.1831610044313146
E01004635,0.4026946107784431,0.12574850299401197
E01004636,0.3974151857835218,0.172859450726979
E01004637,0.3538732394366197,0.2323943661971831
E01004638,0.1485148514851485,0.06534653465346535
E01004639,0.41383812010443866,0.08224543080939947
E01004640,0.3424479166666667,0.061197916666666664
E01004641,0.22802547770700637,0.23312101910828026
E01004642,0.22946859903381642,0.23550724637681159
E01004643,0.27582644628099173,0.30785123966942146
E01004644,0.199812382739212,0.20075046904315197
E01004645,0.24724602203182375,0.44920440636474906
E01004646,0.31825273010920435,0.18408736349453977
E01004647,0.3719806763285024,0.2753623188405797
E01004648,0.5514563106796116,0.06796116504854369
E01004649,0.4696969696969697,0.06060606060606061
E01004650,0.5181286549707602,0.05146198830409357
E01004651,0.6798418972332015,0.06126482213438735
E01004652,0.6564705882352941,0.10352941176470588
E01004653,0.3613550815558344,0.15181932245922208
E01004654,0.5175292153589316,0.15108514190317196
E01004656,0.45561594202898553,0.25181159420289856
E01004657,0.6672212978369384,0.0632279534109817
E01004658,0.7979274611398963,0.01683937823834197
E01004659,0.6192170818505338,0.06880189798339265
E01004660,0.46686746987951805,0.05120481927710843
E01004661,0.5265017667844523,0.1248527679623086
E01004662,0.6696542893725992,0.07170294494238157
E01004663,0.4375,0.21944444444444444
E01004665,0.1701388888888889,0.6197916666666666
E01004668,0.31569965870307165,0.34982935153583616
E01004669,0.27209944751381215,0.4861878453038674
E01004670,0.07650862068965517,0.7758620689655172
E01004674,0.16883116883116883,0.6142857142857143
E01004675,0.3131407269338304,0.5125815470643057
E01004676,0.46563814866760167,0.2552594670406732
E01004677,0.3595505617977528,0.37453183520599254
E01004678,0.3017964071856287,0.4179640718562874
E01004679,0.2875816993464052,0.5305010893246187
E01004680,0.5352112676056338,0.03345070422535211
E01004681,0.5490196078431373,0.11764705882352941
E01004682,0.6646795827123696,0.09090909090909091
E01004683,0.44301765650080255,0.06260032102728733
E01004684,0.6059322033898306,0.05508474576271186
E01004686,0.6684491978609626,0.08422459893048129
E01004687,0.4035608308605341,0.028189910979228485
E01004690,0.41839080459770117,0.04367816091954023
E01004691,0.5441176470588235,0.023109243697478993
E01004692,0.4809843400447427,0.03803131991051454
E01004693,0.5076400679117148,0.06112054329371817
E01004694,0.716321243523316,0.029792746113989636
E01004695,0.6617915904936015,0.07678244972577697
E01004696,0.2741702741702742,0.4199134199134199
E01004697,0.5209580838323353,0.1122754491017964
E01004698,0.6624605678233438,0.0804416403785489
E01004699,0.6952169076751946,0.06117908787541713
E01004700,0.592496765847348,0.10866752910737387
E01004701,0.5304798962386511,0.057068741893644616
E01004702,0.271455223880597,0.5597014925373134
E01004703,0.43352601156069365,0.06936416184971098
E01004705,0.5008517887563884,0.06643952299829642
E01004706,0.533724340175953,0.060117302052785926
E01004707,0.5106382978723404,0.017287234042553192
E01004708,0.45379310344827584,0.22620689655172413
E01004709,0.3972027972027972,0.2909090909090909
E01004710,0.29763560500695413,0.45897079276773295
E01004711,0.3889570552147239,0.46134969325153374
E01004712,0.5122282608695652,0.12364130434782608
E01004713,0.6329479768786127,0.028901734104046242
E01004714,0.6492082825822169,0.08526187576126674
E01004715,0.5096385542168674,0.2855421686746988
E01004716,0.49056603773584906,0.045283018867924525
E01004717,0.6684563758389261,0.07651006711409396
E01004718,0.3055555555555556,0.45454545454545453
E01004719,0.191025641025641,0.5307692307692308
E01004720,0.16181606519208383,0.5343422584400466
E01004721,0.2315035799522673,0.5871121718377088
E01004722,0.17090069284064666,0.6778290993071594
E01004723,0.34303534303534305,0.47401247401247404
E01004724,0.5770114942528736,0.1482758620689655
E01004725,0.43100511073253833,0.3270868824531516
E01004726,0.5606060606060606,0.050505050505050504
E01004727,0.5777777777777777,0.018300653594771243
E01004728,0.4691358024691358,0.2139917695473251
E01004729,0.2886178861788618,0.46883468834688347
E01004730,0.4589928057553957,0.034532374100719423
E01004731,0.6231884057971014,0.09468599033816426
E01004732,0.15942028985507245,0.7681159420289855
E01004733,0.5,0.14587737843551796
E01004734,0.5258964143426295,0.3247011952191235
E01004735,0.427209705372617,0.3665511265164645
E01004736,0.6355785837651122,0.02936096718480138
E01004737,0.20764119601328904,0.5664451827242525
E01004740,0.15477996965098634,0.5887708649468892
E01004741,0.29429429429429427,0.45645645645645644
E01004742,0.4110169491525424,0.2627118644067797
E01004743,0.34305555555555556,0.4027777777777778
E01004744,0.3619047619047619,0.42857142857142855
E01004746,0.23248882265275708,0.5961251862891207
E01004747,0.36424474187380496,0.3403441682600382
E01004748,0.4145873320537428,0.1017274472168906
E01004749,0.4976258309591643,0.15479582146248813
E01004750,0.3599523241954708,0.4100119189511323
E01004751,0.4427083333333333,0.12890625
E01004752,0.2966101694915254,0.5042372881355932
E01004753,0.3767643865363735,0.36373507057546145
E01004754,0.20176730486008837,0.6656848306332842
E01004755,0.3329969727547931,0.43693239152371344
E01004756,0.4521276595744681,0.300531914893617
E01004757,0.25884244372990356,0.5562700964630225
E01004760,0.2883787661406026,0.42037302725968434
E01004761,0.5616045845272206,0.07736389684813753
E01004762,0.40921052631578947,0.2802631578947368
E01004763,0.6069829901521934,0.1727842435094002
E01004765,0.5210325047801148,0.24282982791587
E01032512,0.18253079507278835,0.6539753639417694
E01032513,0.15413533834586465,0.6353383458646616
E01032562,0.1421647819063005,0.43295638126009695
E01032563,0.12169312169312169,0.014109347442680775
E01032564,0.20689655172413793,0.40365111561866124
E01032565,0.16943521594684385,0.42524916943521596
E01032566,0.150066401062417,0.2682602921646746
E01032567,0.13833333333333334,0.16166666666666665
E01032568,0.16536661466458658,0.3042121684867395
E01032569,0.09090909090909091,0.5821114369501467
E01032570,0.09822646657571624,0.08458390177353342
E01032572,0.4230769230769231,0.13660477453580902
E01032573,0.5,0.08758314855875832
E01032574,0.33861671469740634,0.20028818443804033
E01032575,0.20485584218512898,0.5766312594840668
E01032576,0.195357833655706,0.013539651837524178
E01032577,0.13628899835796388,0.10016420361247948
E01032579,0.29012345679012347,0.4454732510288066
E01032580,0.3360655737704918,0.2848360655737705
E01032581,0.4032258064516129,0.1868279569892473
E01032582,0.4892703862660944,0.3158798283261803
E01032583,0.3064340239912759,0.440567066521265
E01032584,0.27992957746478875,0.49295774647887325
E01032623,0.048013245033112585,0.018211920529801324
E01032637,0.6849557522123894,0.01415929203539823
E01032638,0.5963149078726968,0.018425460636515914
E01032639,0.4519846350832266,0.2496798975672215
E01032640,0.6229508196721312,0.019672131147540985
E01032646,0.4851116625310174,0.18610421836228289
E01032719,0.3595505617977528,0.3732833957553059
E01032739,0.7417519908987485,0.011376564277588168
E01032740,0.6765714285714286,0.04
E01032741,0.518467852257182,0.1094391244870041
E01032742,0.3713942307692308,0.10216346153846154
E01032743,0.37758830694275275,0.2850182704019488
E01032744,0.3742802303262956,0.18809980806142035
E01032764,0.3664772727272727,0.2708333333333333
E01032765,0.31351351351351353,0.4608108108108108
E01032767,0.690176322418136,0.06801007556675064
E01032768,0.5439882697947214,0.1217008797653959
E01032769,0.45396825396825397,0.19365079365079366
E01032770,0.5652173913043478,0.18408880666049954
E01032771,0.5774647887323944,0.14596670934699105
E01032772,0.5144312393887945,0.3140916808149406
E01032774,0.4271978021978022,0.3791208791208791
E01032775,0.5904255319148937,0.06382978723404255
E01032776,0.6079923882017126,0.13225499524262607
E01032777,0.4253472222222222,0.2916666666666667
E01032779,0.5557251908396946,0.17862595419847327
E01032780,0.5466269841269841,0.15873015873015872
E01032781,0.5526315789473685,0.15526315789473685
E01032782,0.5738137082601055,0.210896309314587
E01032783,0.48709122203098104,0.3029259896729776
E01032784,0.4609164420485175,0.24663072776280323
E01032785,0.2825024437927664,0.2991202346041056
E01032786,0.21508828250401285,0.5104333868378812
E01032787,0.32989690721649484,0.4742268041237113
E01032788,0.41935483870967744,0.270687237026648
E01032789,0.4114671163575042,0.2866779089376054
E01032790,0.42915811088295686,0.29774127310061604
E01032803,0.49301143583227447,0.18678526048284624
E01032834,0.5919354838709677,0.037096774193548385
E01033000,0.125,0.7019230769230769
E01033030,0.5228848821081831,0.14424410540915394
E01033081,0.36970474967907574,0.24133504492939667
E01033082,0.2996941896024465,0.25229357798165136
E01033083,0.6653992395437263,0.07604562737642585
E01033084,0.6102418207681366,0.13513513513513514
E01033086,0.14396887159533073,0.6459143968871596
E01033098,0.6044303797468354,0.04008438818565401
E01033099,0.3626373626373626,0.2153846153846154
E01033100,0.4435294117647059,0.2964705882352941
E01033132,0.6075174825174825,0.12412587412587413
E01033133,0.5193199381761978,0.1561051004636785
E01033135,0.41416309012875535,0.032188841201716736
E01033146,0.3176895306859206,0.41155234657039713
E01033148,0.26814814814814814,0.36
E01033150,0.4230769230769231,0.2630769230769231
E01033151,0.1848906560636183,0.5308151093439364
E01033208,0.46016771488469604,0.1960167714884696
E01033320,0.3181818181818182,0.1724137931034483
E01033322,0.37302977232924694,0.2136602451838879
E01033324,0.1573926868044515,0.43402225755166934
E01033325,0.649025069637883,0.055710306406685235
E01033327,0.49252243270189433,0.11365902293120637
E01033341,0.37742504409171074,0.31393298059964725
E01033455,0.5562248995983936,0.27309236947791166
E01033456,0.14416475972540047,0.7116704805491991
E01033457,0.6079447322970639,0.018998272884283247
E01033463,0.2989010989010989,0.045054945054945054
E01033485,0.40479548660084624,0.34837799717912554
E01033486,0.27078384798099764,0.498812351543943
E01033487,0.5075885328836425,0.19224283305227655
E01033488,0.2827140549273021,0.518578352180937
E01033489,0.48823529411764705,0.12352941176470589
E01033490,0.4262589928057554,0.3597122302158273
E01033491,0.4813664596273292,0.2484472049689441
E01033493,0.5793304221251819,0.05822416302765648
E01033494,0.2980030721966206,0.19815668202764977
E01033569,0.48443337484433374,0.07970112079701121
E01033570,0.34615384615384615,0.1502403846153846
E01033571,0.12828947368421054,0.2598684210526316
E01033579,0.546875,0.12165178571428571
E01033580,0.555366269165247,0.05281090289608177
E01033581,0.29852744310575635,0.4404283801874163
E01033582,0.655,0.05
E01033584,0.19572953736654805,0.6227758007117438
E01033586,0.44579646017699115,0.3075221238938053
E01033587,0.36284889316650626,0.4340712223291627
E01033589,0.7132132132132132,0.09009009009009009
E01033590,0.42105263157894735,0.21770334928229665
E01033591,0.6587771203155819,0.10256410256410256
E01033592,0.23482428115015974,0.10862619808306709
E01033593,0.48394495412844035,0.3463302752293578
E01033594,0.4950071326676177,0.2867332382310984
E01033597,0.3030821917808219,0.4931506849315068
E01033598,0.23809523809523808,0.63003663003663
E01033599,0.17142857142857143,0.6761904761904762
E01033601,0.15296052631578946,0.6726973684210527
E01033602,0.21642969984202212,0.6461295418641391
E01033603,0.41385135135135137,0.38175675675675674
E01033604,0.6022099447513812,0.3259668508287293
E01033605,0.25178826895565093,0.5236051502145923
E01033699,0.5652173913043478,0.20897615708274894
E01033700,0.5662544169611308,0.17579505300353357
E01033702,0.3184257602862254,0.32737030411449014
E01033703,0.4186046511627907,0.3613595706618962
E01033704,0.4701086956521739,0.15942028985507245
E01033705,0.2558983666061706,0.5063520871143375
E01033706,0.635743519781719,0.14733969986357434
E01033708,0.7008547008547008,0.09508547008547008
E01033709,0.356651376146789,0.4793577981651376
E01033710,0.5242718446601942,0.21165048543689322
E01033711,0.6186152099886493,0.11804767309875142
E01033712,0.329971181556196,0.43515850144092216
E01033713,0.32459016393442625,0.26721311475409837
E01033727,0.32124352331606215,0.38238341968911915
E01033728,0.4930555555555556,0.1111111111111111
E01033729,0.11842105263157894,0.5236842105263158
E01033732,0.45695364238410596,0.23620309050772628
E01033734,0.42789223454833597,0.21711568938193343
E01033735,0.6081081081081081,0.28040540540540543
E01033736,0.6306769494430163,0.044558697514995714
E01033737,0.2988929889298893,0.4182041820418204
E01033738,0.3975741239892183,0.15498652291105122
E01033739,0.5123076923076924,0.21846153846153846
E01033740,0.4157509157509158,0.19047619047619047
E01033741,0.3824451410658307,0.17398119122257052
E01033742,0.5406360424028268,0.09363957597173145
E01033743,0.37104072398190047,0.27149321266968324
E01033744,0.3101361573373676,0.3812405446293495
E01033745,0.30560271646859083,0.21561969439728354
E01033746,0.20880681818181818,0.31676136363636365
E01033784,0.23122238586156113,0.07952871870397643
E01033785,0.26498422712933756,0.08832807570977919
E01033786,0.482078853046595,0.22043010752688172
E01033787,0.3397548161120841,0.3922942206654991
E01033788,0.13980582524271845,0.14757281553398058
E01033789,0.1371900826446281,0.12727272727272726
E01033790,0.12627291242362526,0.32382892057026474
E01033791,0.3253968253968254,0.2920634920634921
E01033792,0.15586690017513136,0.07005253940455342
E01033862,0.5113788487282463,0.1606425702811245
E01033863,0.17744610281923714,0.6517412935323383
E01033864,0.15212981744421908,0.6795131845841785
E01033865,0.5394957983193277,0.17983193277310924
E01033866,0.6089743589743589,0.10416666666666667
E01033867,0.3884297520661157,0.39834710743801655
E01033868,0.51,0.115
E01033869,0.16925465838509315,0.5388198757763976
E01033870,0.3464658169177289,0.2572421784472769
E01033871,0.2921511627906977,0.4476744186046512
E01033872,0.33990895295902884,0.40212443095599393
E01033873,0.28,0.5022222222222222
E01033874,0.7507987220447284,0.14696485623003194
E01033875,0.28012519561815336,0.45539906103286387
E01033876,0.5707692307692308,0.10923076923076923
E01033877,0.34210526315789475,0.3684210526315789
E01033878,0.22327790973871733,0.5368171021377672
E01033879,0.15995260663507108,0.7535545023696683
E01033880,0.4363295880149813,0.26779026217228463
E01033881,0.17275280898876405,0.6474719101123596
E01033882,0.29845626072041165,0.3927958833619211
E01033883,0.11746522411128284,0.4760432766615147
E01033884,0.5480607082630692,0.25463743676222594
E01033885,0.34181240063593005,0.48807631160572335
E01033911,0.15821812596006143,0.0629800307219662
E01033912,0.21473354231974923,0.15673981191222572
E01033913,0.4033457249070632,0.38104089219330856
E01033914,0.30434782608695654,0.3528428093645485
E01033915,0.3230240549828179,0.4690721649484536
E01033916,0.6620583717357911,0.08602150537634409
E01033917,0.6171428571428571,0.13
E01033918,0.3866877971473851,0.1838351822503962
E01033919,0.7021604938271605,0.05246913580246913
E01033920,0.396875,0.0328125
E01033921,0.4892086330935252,0.20575539568345325
E01033922,0.565597667638484,0.10204081632653061
E01033923,0.25383304940374785,0.33560477001703576
E01033924,0.33275862068965517,0.43103448275862066
E01033925,0.38287560581583197,0.1631663974151858
E01033926,0.2517911975435005,0.37871033776867963
E01033927,0.6573529411764706,0.061764705882352944
E01033928,0.6539130434782608,0.02608695652173913
E01033929,0.18297101449275363,0.24456521739130435
E01033930,0.16440677966101694,0.3525423728813559
E01033931,0.368,0.474
E01033932,0.22413793103448276,0.5727969348659003
E01033933,0.38609112709832133,0.11510791366906475
E01033934,0.38738738738738737,0.11711711711711711
E01033935,0.4137323943661972,0.23943661971830985
E01033936,0.6605839416058394,0.1624087591240876
E01033937,0.2074688796680498,0.6307053941908713
E01033938,0.15401785714285715,0.6651785714285714
E01033939,0.4981132075471698,0.14088050314465408
E01033940,0.5867418899858956,0.17207334273624825
E01033941,0.4191780821917808,0.3082191780821918
E01033942,0.7023121387283237,0.2138728323699422
E01033943,0.5137741046831956,0.081267217630854
E01033944,0.1645021645021645,0.5108225108225108
E01033945,0.375,0.27232142857142855
E01033946,0.5422222222222223,0.13037037037037036
E01034026,0.7006369426751592,0.10191082802547771
E01034027,0.5,0.2058165548098434
E01034028,0.539906103286385,0.22065727699530516
E01034029,0.5315186246418339,0.12464183381088825
E01034030,0.6141552511415526,0.13356164383561644
E01034031,0.6116352201257862,0.11006289308176101
E01034032,0.3218543046357616,0.31390728476821195
E01034033,0.3590963139120095,0.06539833531510107
E01034034,0.3397745571658615,0.15619967793880837
E01034035,0.2237442922374429,0.0806697108066971
E01034036,0.5722713864306784,0.24778761061946902
E01034037,0.30275229357798167,0.22782874617737003
E01034038,0.3473491773308958,0.3071297989031079
E01034039,0.441340782122905,0.25884543761638734
E01034040,0.5812274368231047,0.14620938628158844
E01034041,0.46275395033860045,0.10835214446952596
E01034042,0.3065326633165829,0.47571189279731996
E01034043,0.352112676056338,0.4287949921752739
E01034044,0.3854166666666667,0.16493055555555555
E01034045,0.4295942720763723,0.1801909307875895
E01034046,0.136986301369863,0.6589041095890411
E01034139,0.44916540212443096,0.21851289833080426
E01034140,0.4340344168260038,0.20267686424474188
E01034141,0.6904761904761905,0.07993197278911565
E01034142,0.5178849144634525,0.24261275272161742
E01034143,0.7731343283582089,0.11641791044776119
E01034144,0.30560271646859083,0.23769100169779286
E01034145,0.3881932021466905,0.3631484794275492
E01034146,0.3495798319327731,0.24873949579831933
E01034147,0.8609375,0.0390625
E01034148,0.7670250896057348,0.0955794504181601
E01034149,0.538038496791934,0.153987167736022
E01034150,0.5179640718562875,0.20808383233532934
E01034151,0.40965732087227413,0.1542056074766355
E01034152,0.46164383561643835,0.20684931506849316
E01034153,0.35334476843910806,0.08747855917667238
E01034154,0.10551181102362205,0.08346456692913386
E01034155,0.35962877030162416,0.35498839907192575
E01034156,0.39473684210526316,0.2309941520467836
E01034173,0.1357254290171607,0.6614664586583463
E01034174,0.30333333333333334,0.245
E01034175,0.4901065449010654,0.0258751902587519
E01034176,0.09075907590759076,0.40594059405940597
E01034177,0.3446153846153846,0.4676923076923077
E01034178,0.4627906976744186,0.29767441860465116
E01034179,0.2810810810810811,0.4072072072072072
E01034180,0.12267657992565056,0.7304832713754646
E01034181,0.5521390374331551,0.19117647058823528
E01034182,0.32,0.31448275862068964
E01034183,0.22655122655122656,0.240981240981241
E01034184,0.22125435540069685,0.24912891986062718
E01034185,0.3053571428571429,0.14821428571428572
E01034186,0.6820652173913043,0.05298913043478261
E01034187,0.2335243553008596,0.3524355300859599
E01034188,0.4550898203592814,0.17065868263473055
E01034189,0.13297872340425532,0.11702127659574468
E01034190,0.1955617198335645,0.5839112343966713
E01034191,0.23249669749009247,0.22985468956406868
E01034192,0.23163841807909605,0.3832391713747646
E01034193,0.41904761904761906,0.2965986394557823
E01034194,0.572139303482587,0.1691542288557214
E01034195,0.2475442043222004,0.35952848722986247
E01034196,0.49740034662045063,0.1386481802426343
E01034198,0.3929679420889349,0.33505687693898656
E01034199,0.29454022988505746,0.5100574712643678
E01034200,0.6144244105409153,0.1276005547850208
E01034201,0.3395784543325527,0.3395784543325527
E01034202,0.3795180722891566,0.20481927710843373
E01034203,0.3097713097713098,0.2681912681912682
E01034204,0.47653429602888087,0.1263537906137184
E01034205,0.42704626334519574,0.2669039145907473
E01034206,0.41063515509601184,0.413589364844904
E01034207,0.3856942496493689,0.10659186535764376
E01034208,0.21021021021021022,0.6081081081081081
E01034209,0.5985401459854015,0.13138686131386862
E01034210,0.4682651622002821,0.19887165021156558
E01034211,0.7056451612903226,0.021505376344086023
E01034212,0.6829025844930418,0.10039761431411531
E01034213,0.2751159196290572,0.27202472952086554
E01034214,0.6893353941267388,0.2117465224111283
E01034215,0.5841121495327103,0.26635514018691586
E01034216,0.5630914826498423,0.3501577287066246
E01034217,0.5774436090225564,0.20902255639097744
E01034218,0.3717532467532468,0.29545454545454547
E01034219,0.3452914798206278,0.21524663677130046
E01034220,0.6763754045307443,0.03559870550161812
E01034221,0.37169517884914466,0.3094867807153966
E01034222,0.5153203342618384,0.37047353760445684
E01034223,0.42053445850914206,0.2911392405063291
E01034224,0.36437908496732024,0.4117647058823529
E01034225,0.31504702194357365,0.45454545454545453
E01034226,0.5081967213114754,0.16393442622950818
E01034227,0.24921135646687698,0.5977917981072555
E01034228,0.6,0.050393700787401574
E01034229,0.4773462783171521,0.28317152103559873
E01034230,0.6336779911373708,0.07828655834564253
E01034231,0.6666666666666666,0.03379416282642089
E01034383,0.4857142857142857,0.23492063492063492
E01034384,0.2491961414790997,0.21864951768488747
E01034385,0.27241379310344827,0.03620689655172414
E01034386,0.5555555555555556,0.09259259259259259
E01034387,0.4078014184397163,0.1276595744680851
E01034388,0.4813008130081301,0.18048780487804877
E01034389,0.2079343365253078,0.4801641586867305
E01034390,0.23631123919308358,0.2478386167146974
E01034391,0.3191823899371069,0.08647798742138364
E01034392,0.36,0.2651851851851852
E01034393,0.7438825448613376,0.021207177814029365
E01034394,0.6442451420029895,0.043348281016442454
E01034395,0.24679029957203993,0.5805991440798859
E01034469,0.11623616236162361,0.22140221402214022
E01034470,0.24946236559139784,0.14408602150537633
E01034471,0.29404145077720206,0.3873056994818653
E01034472,0.3868065967016492,0.35082458770614694
E01034473,0.5807962529274004,0.13817330210772832
E01034474,0.5098493626882966,0.31170336037079954
E01034475,0.20170940170940171,0.347008547008547
E01034476,0.18235294117647058,0.4470588235294118
E01034477,0.25181159420289856,0.45108695652173914
E01034478,0.1331923890063425,0.10359408033826638
E01034479,0.264,0.504
E01034480,0.4146341463414634,0.2951219512195122
E01034481,0.3905579399141631,0.296137339055794
E01034482,0.5456674473067916,0.17096018735362997
E01034483,0.3985239852398524,0.4151291512915129
E01034484,0.5327102803738317,0.06542056074766354
E01034485,0.3803921568627451,0.0457516339869281
E01034486,0.4709066305818674,0.08525033829499323
E01034487,0.17763157894736842,0.5482456140350878
E01034488,0.13403614457831325,0.6716867469879518
E01034576,0.5119047619047619,0.04591836734693878
E01034577,0.48738170347003157,0.2334384858044164
E01034578,0.28794642857142855,0.234375
E01034579,0.4250559284116331,0.18120805369127516
E01034580,0.4839797639123103,0.1163575042158516
E01034581,0.4649122807017544,0.07163742690058479
E01034589,0.1912479740680713,0.08265802269043761
E01034590,0.44227642276422763,0.0991869918699187
E01034591,0.3942307692307692,0.20384615384615384
E01034592,0.32169576059850374,0.29177057356608477
E01034593,0.24716981132075472,0.14150943396226415
E01034594,0.1440677966101695,0.0211864406779661
E01034595,0.5262135922330097,0.0970873786407767
E01034596,0.46551724137931033,0.1206896551724138
E01034597,0.3421487603305785,0.15702479338842976
E01034598,0.5916666666666667,0.09
E01034599,0.37347294938917974,0.17102966841186737
E01034600,0.5024509803921569,0.11887254901960784
E01034601,0.2799325463743676,0.25463743676222594
E01034602,0.48484848484848486,0.19298245614035087
E01034603,0.20388349514563106,0.04271844660194175
E01034604,0.33004926108374383,0.28078817733990147
E01034605,0.3027681660899654,0.17993079584775087
E01034606,0.3477366255144033,0.08641975308641975
E01034607,0.2899305555555556,0.2534722222222222
E01034608,0.37645811240721105,0.1823966065747614
E01034609,0.5769682726204466,0.20799059929494712
E01034610,0.20848056537102475,0.24028268551236748
E01034611,0.41025641025641024,0.1445221445221445
E01034612,0.3225806451612903,0.15645161290322582
E01034613,0.6884875846501128,0.2076749435665914
E01034614,0.43783068783068785,0.2698412698412698
E01034615,0.2088698140200286,0.24606580829756797
E01034616,0.6370157819225251,0.15925394548063126
E01034617,0.4057377049180328,0.15027322404371585
E01035484,0.26953748006379585,0.4768740031897927
E01035485,0.43771626297577854,0.41695501730103807
E01035486,0.3654937570942111,0.1532349602724177
E01035487,0.25267379679144386,0.40641711229946526
E01035488,0.4650537634408602,0.06182795698924731
E01035489,0.43597122302158275,0.11079136690647481
E01035490,0.4467265725288832,0.06803594351732992
E01035491,0.5634028892455859,0.02086677367576244
E01035492,0.2937720329024677,0.10928319623971798
E01035493,0.42427884615384615,0.21995192307692307
E01035494,0.5125,0.06875
E01035495,0.1512770137524558,0.7544204322200393
E01035496,0.5954738330975955,0.055162659123055166
E01035497,0.37883435582822084,0.3895705521472393
E01035498,0.5606758832565284,0.027649769585253458
E01035499,0.20032840722495895,0.5582922824302134
E01035638,0.4592680047225502,0.34710743801652894
E01035639,0.3193069306930693,0.4207920792079208
E01035640,0.3081761006289308,0.36163522012578614
E01035641,0.46818923327895595,0.2822185970636215
E01035642,0.3793911007025761,0.28688524590163933
E01035643,0.28975741239892183,0.3706199460916442
E01035644,0.5297029702970297,0.18811881188118812
E01035645,0.2706645056726094,0.6061588330632091
E01035646,0.3138138138138138,0.4339339339339339
E01035647,0.5117056856187291,0.08361204013377926
E01035648,0.17304964539007092,0.6042553191489362
E01035649,0.3641791044776119,0.29402985074626864
E01035650,0.3402625820568928,0.5076586433260394
E01035651,0.4438040345821326,0.2737752161383285
E01035652,0.5582922824302134,0.14285714285714285
E01035653,0.47688243064729197,0.18361955085865259
E01035654,0.22420634920634921,0.3869047619047619
E01035655,0.28112449799196787,0.4002677376171352
E01035656,0.4174757281553398,0.23717059639389737
E01035657,0.46653543307086615,0.0688976377952756
E01035658,0.11016949152542373,0.16440677966101694
E01035659,0.24451939291736932,0.47217537942664417
E01035660,0.44082332761578047,0.37221269296740994
E01035661,0.2605210420841683,0.4529058116232465
E01035662,0.536547433903577,0.05754276827371695
E01035663,0.3608617594254937,0.2621184919210054
E01035664,0.2953929539295393,0.4065040650406504
E01035665,0.35014836795252224,0.16913946587537093
E01035666,0.42818057455540354,0.3912448700410397
E01035667,0.3225806451612903,0.5043988269794721
E01035668,0.4223300970873786,0.33495145631067963
E01035669,0.5647425897035881,0.24024960998439937
E01035670,0.326555023923445,0.4784688995215311
E01035671,0.31655480984340045,0.24608501118568232
E01035672,0.3438735177865613,0.5158102766798419
E01035673,0.40969162995594716,0.33480176211453744
E01035674,0.2275132275132275,0.400352733686067
E01035675,0.4058192955589586,0.48392036753445633
E01035676,0.16666666666666666,0.5833333333333334
E01035677,0.2571428571428571,0.42521008403361343
E01035678,0.22739361702127658,0.300531914893617
E01035679,0.4569640062597809,0.24100156494522693
E01035680,0.2938775510204082,0.3687074829931973
E01035681,0.14992025518341306,0.6778309409888357
E01035682,0.3474747474747475,0.4
E01035683,0.21792260692464357,0.639511201629328
E01035684,0.21146245059288538,0.44466403162055335
E01035685,0.16363636363636364,0.6868686868686869
E01035686,0.6695804195804196,0.21503496503496503
E01035687,0.5096296296296297,0.26666666666666666
E01035688,0.6464646464646465,0.18037518037518038
E01035689,0.4618705035971223,0.2517985611510791
E01035690,0.5407047387606319,0.1919805589307412
E01035691,0.5,0.1741424802110818
E01035692,0.3769633507853403,0.32111692844677137
E01035693,0.4184168012924071,0.27463651050080773
E01035694,0.3765281173594132,0.45354523227383864
E01035695,0.22789115646258504,0.5952380952380952
E01035696,0.5199335548172758,0.14451827242524917
E01035697,0.6050670640834576,0.13859910581222057
E01035698,0.48739495798319327,0.25210084033613445
E01035699,0.524788391777509,0.31197097944377267
E01035700,0.7616,0.0464
E01035701,0.6807228915662651,0.0783132530120482
E01035702,0.5320623916811091,0.2512998266897747
E01035703,0.7305389221556886,0.029940119760479042
E01035704,0.5143338954468802,0.3086003372681282
E01035705,0.33273703041144903,0.39177101967799643
E01035706,0.4234875444839858,0.22419928825622776
E01035707,0.35221238938053095,0.27079646017699116
E01035708,0.328804347826087,0.391304347826087
E01035709,0.1795275590551181,0.6692913385826772
E01035710,0.26082130965593786,0.6015538290788013
E01035711,0.37846836847946724,0.35738068812430634
E01035712,0.2816711590296496,0.5444743935309974
E01035713,0.5411646586345381,0.1144578313253012
E01035714,0.4490889603429796,0.0707395498392283
E01035715,0.4735494880546075,0.1612627986348123
E01035716,0.444972288202692,0.39429928741092635
E01035717,0.4744232698094283,0.27883650952858574
E01035718,0.5122950819672131,0.025956284153005466
E01035719,0.3854660347551343,0.26224328593996843
E01035720,0.30677966101694915,0.411864406779661
E01035721,0.306044376434583,0.48355011476664117
E01035722,0.6745762711864407,0.13644067796610168
