lsoa,total_activity,tot_boardings_Weekday,tot_boardings_Saturday,tot_boardings_Sunday,tot_boardings,tv_boardings,tot_alightings_Weekday,tot_alightings_Saturday,tot_alightings_Sunday,tot_alightings,tv_alightings
E01000001,2639.39277,854.1910999999999,499.51659000000006,388.79609999999997,1742.5037899999995,0.00039343426934924735,351.25649999999996,332.81432,212.81816,896.88898,0.00039361558929611813
E01000002,186.04697,3.4571999999999994,13.71861,3.13185,20.307660000000006,0.09278238413708963,46.66832,68.14139999999999,50.92959,165.73931,0.004506816067763738
E01000005,12380.10901,2426.8226500000005,1975.8019,1618.74892,6021.37347,7.967960372313185e-05,2220.1169100000006,2261.76558,1876.8530500000002,6358.735539999999,7.828491060158391e-05
E01000007,135.92386,12.069919999999998,7.15475,12.99139,32.21606,0.038557315630843456,41.55949,31.917540000000002,30.23077,103.70779999999996,0.006925463349720503
E01000008,422.68066,45.57725,32.25834,43.25626,121.09185000000002,0.012523573717920664,127.27691999999999,102.44972999999999,71.86215999999999,301.5888100000001,0.002227995290998439
E01000009,31483.76693,6624.805899999999,5821.18123,5029.271699999999,17475.25883,2.302738756410018e-05,5091.9141899999995,4554.59262,4362.001289999999,14008.5081,4.419306270242885e-05
E01000011,440.40113,62.91236,71.69189999999999,52.47741,187.08167000000003,0.007646405413312542,92.05456000000002,100.07107,61.19383,253.31946,0.0033328359832269523
E01000013,7928.70168,2140.42508,1312.7527599999999,1077.0565,4530.23434,0.00014560399943029428,1376.0470100000002,1050.84227,971.57806,3398.467340000001,0.0001953985043093882
E01000017,1630.97699,254.97524999999996,168.29629,194.59253,617.86407,0.0014450762670063415,422.32699999999994,339.20354000000003,251.58238000000003,1013.1129199999998,0.0005147939735475847
E01000019,211.85787,42.72685,25.318730000000002,30.220439999999996,98.26602000000003,0.011926328122561844,51.4771,36.79119,25.323559999999997,113.59185000000001,0.007079275798024509
E01000020,106.56273,15.958489999999998,10.18289,9.68106,35.82244000000001,0.03594823358434158,31.037480000000002,24.03379,15.669019999999998,70.74029,0.010474853752353627
E01000021,529.83531,99.68038,77.94894,52.03586,229.66518,0.003989250331107342,118.84242,108.48648999999999,72.84122000000002,300.17013,0.001956377530649118
E01000024,2780.44804,385.78909000000004,345.3637,354.84841,1086.0012000000002,0.0009624725136014641,698.3835700000001,563.3733199999998,432.68994999999995,1694.4468400000003,0.00019797311852478205
E01000027,1813.19829,239.34363,243.62427999999997,194.97179,677.9397000000001,0.0008079468909279753,486.05170000000004,400.41981000000004,248.78707999999997,1135.2585900000001,0.0004512810771947257
E01000029,1086.15141,142.20154000000002,107.28743999999999,120.19595999999999,369.68494,0.004107757421035961,316.88730999999996,226.06161999999998,173.51754,716.4664700000001,0.0007481252844198712
E01000030,586.74213,64.71392,49.36125,55.54821999999999,169.62338999999997,0.006482837362615854,179.20217999999997,149.05797999999996,88.85857999999999,417.11873999999995,0.0015385840240315623
E01000031,326.12029,55.20652,36.2125,39.41295,130.83196999999998,0.007527203180818368,91.16917,59.76659999999999,44.35255,195.28832,0.0036482968133446244
E01000032,1031.2933,217.90267999999998,191.00375,127.50978,536.4162100000002,0.0014317935395719828,198.44459999999995,177.46101999999996,118.97147,494.87709000000007,0.0012479597974552484
E01000034,935.89282,181.40339,91.69987000000002,99.83384,372.9371,0.0037399679135044716,267.11992,177.4458,118.39000000000003,562.9557200000003,0.0013266013723653265
E01000035,1559.36796,281.65638,227.13019,185.33073,694.1173,0.0010548330399426527,349.55964,297.44403000000005,218.24698999999998,865.2506599999998,0.0006438604520542613
E01000036,1377.68542,330.92383,211.09823999999998,146.22543000000002,688.2474999999998,0.001177691717655745,283.32435,206.14371,199.96985999999998,689.43792,0.0011585810081275183
E01000038,119.95133,16.60912,16.79864,15.587049999999998,48.99481,0.02680829130403434,33.10430999999999,21.74967,16.10254,70.95652,0.010978026102989159
E01000040,917.44285,119.49015999999999,114.21587,97.40719,331.11322,0.00202741516271575,227.44471000000004,208.12689000000003,150.75803000000002,586.32963,0.0008708291545744352
E01000041,457.29978,48.75520000000001,46.460950000000004,51.74474,146.96089,0.008558071630666153,112.08519,109.20788,89.04582,310.33889000000005,0.0017759227666406879
E01000042,501.4594,80.91221999999999,56.944100000000006,58.425760000000004,196.28208000000004,0.0036352261472484275,114.56260999999999,94.51666,96.09805,305.1773200000001,0.0017671150803213473
E01000043,232.72266,48.07753999999999,34.975139999999996,25.036689999999997,108.08937000000003,0.008527954211396014,46.092859999999995,49.64234,28.89809,124.63328999999999,0.005556881791680409
E01000045,1363.51447,249.55237000000002,186.58536,197.91419000000005,634.0519199999999,0.0012163759695035994,306.92977,235.19457000000006,187.33821,729.46255,0.0007317572423690546
E01000049,172.56324999999998,41.00431999999999,35.0205,27.37642,103.40123999999997,0.010872084175529815,24.114529999999995,26.093500000000002,18.953979999999998,69.16201000000001,0.012482836396568232
E01000050,2528.45067,436.11298999999997,363.68646,328.95649999999995,1128.75595,0.0004831560324137907,582.8402300000001,460.69941,356.15508000000005,1399.6947200000006,0.00031157692217894956
E01000052,1066.69421,141.27966,100.0952,116.59816000000001,357.97301999999996,0.0029572850664561024,298.42224,227.16328,183.13567000000006,708.72119,0.0007407858655639294
E01000057,383.26941,72.20194,63.99681999999999,49.27549,185.47424999999998,0.00560012659687061,66.91422,77.69893,53.18201,197.79515999999998,0.003551958903290634
E01000058,332.64933,49.69471,46.27594,40.90588,136.87653000000003,0.008265961037562216,82.58738,62.74280999999999,50.442609999999995,195.77280000000002,0.003263970696815457
E01000060,4320.63502,712.5873099999999,596.6637400000002,520.8518,1830.1028499999993,0.000306327502100624,1001.4449,829.37021,659.7170600000001,2490.5321700000004,0.00012252657904173234
E01000061,1594.3102,287.85972,227.39307999999997,205.00535,720.2581499999999,0.0010942388711574916,346.59388999999993,303.15760000000006,224.30056000000005,874.0520500000001,0.000515108727588408
E01000062,262.85855,32.87253,20.93716,28.171,81.98069,0.019383208106348852,87.61336999999999,56.98498,36.27951,180.87786000000003,0.004297336021517656
E01000063,300.84599000000003,79.87123,59.60410999999999,85.97968,225.45502,0.008005529055328489,26.94379,24.099870000000006,24.347310000000004,75.39097,0.010468206555194284
E01000064,846.65155,140.12745,119.03101999999998,114.54606000000001,373.70453000000003,0.002641161889508681,205.14775000000003,155.04709,112.75218000000001,472.94701999999995,0.0012936591005568796
E01000065,387.33546,57.83064,31.640260000000005,45.6685,135.1394,0.011676148316942253,135.008,64.12795999999999,53.06009999999999,252.19606,0.0038955154795288706
E01000067,932.78253,143.6983,139.10646,108.60142,391.40617999999995,0.001735745846463742,194.10244000000006,192.75332999999998,154.52058000000002,541.3763500000001,0.0006871541290009008
E01000068,356.51837,56.45768999999999,60.84182,58.802310000000006,176.10181999999998,0.0040282421116790805,65.83814000000001,61.403400000000005,53.17501000000001,180.41654999999997,0.0025891857067072387
E01000070,2044.36725,342.60453,310.1652200000001,272.63986,925.4096099999998,0.0005647505689596265,437.1823999999999,369.5684299999999,312.2068099999999,1118.9576399999996,0.0002457475491613937
E01000071,172.35817,28.09899,29.8723,18.24633,76.21761999999998,0.014950293310308525,31.926839999999995,42.76137000000001,21.452339999999996,96.14054999999998,0.008196039615843162
E01000072,588.9061399999999,89.48438999999999,66.41752000000001,67.82694000000001,223.72885000000002,0.0050928997482150625,150.51734,132.91209,81.74786,365.17729,0.002040849988645002
E01000073,178.48488,34.50826,24.5199,29.371899999999997,88.40006,0.014116118802539459,38.525059999999996,27.052259999999997,24.5075,90.08482000000001,0.008364203765962645
E01000074,248.53352,47.2654,34.23588,30.520089999999996,112.02137000000003,0.009462732987472154,61.96287,44.335480000000004,30.213799999999996,136.51215,0.006288460287345626
E01000075,2451.90586,554.5709,401.92564999999996,315.64179,1272.13834,0.0003819631297269641,412.65227999999996,428.45023999999995,338.665,1179.7675199999996,0.000466867016675842
E01000077,248.14658,37.726820000000004,25.404339999999998,36.71997999999999,99.85113999999999,0.01354525493892497,66.06615,45.23568,36.99361000000001,148.29543999999999,0.005069920829087135
E01000078,944.23233,156.71475,141.99525,112.87168999999999,411.58169000000015,0.0017389419271341179,220.65497999999997,176.35353999999998,135.64212,532.65064,0.0010856472024757195
E01000079,190.02383,37.54578,20.643409999999996,21.532230000000002,79.72142000000001,0.014542600053209192,49.841,35.17583,25.28558,110.30240999999998,0.006436921142838651
E01000080,150.17558,25.67861,20.645049999999994,20.15254,66.47619999999998,0.01901466412332481,39.64782999999999,23.169549999999997,20.881999999999998,83.69938000000002,0.009492246590687451
E01000082,2130.38171,254.45979,226.22440999999998,232.57753000000002,713.2617299999998,0.0021116543087114593,588.0177199999999,448.85364,380.2486200000001,1417.1199799999997,0.00022079888232253613
E01000083,3707.97441,572.03349,492.61694,469.74222,1534.3926499999998,0.00041175292362930676,881.2973700000001,734.90157,557.38282,2173.58176,0.00013684720846079826
E01000084,492.38879,141.64124999999999,84.91184999999999,95.6072,322.16029999999995,0.0031417745734302156,68.68288,57.924060000000004,43.621550000000006,170.22849000000005,0.004720011361368518
E01000085,365.29094,51.80777,38.233219999999996,42.64006,132.68105,0.006633439253109313,90.37487,80.06177000000001,62.17325,232.60989000000004,0.003807945860462792
E01000086,460.19189,70.56071999999999,55.51519000000001,62.14277,188.21868,0.003865319485748305,113.7902,89.67035,68.51266,271.97320999999994,0.0024070208805678835
E01000087,4075.67162,683.6014600000001,531.0386400000002,443.65195,1658.29205,0.0003534214450535655,1051.10984,785.23306,581.03667,2417.3795700000005,0.00021155110949470444
E01000088,569.3558400000001,98.83998,64.38602,86.37728000000001,249.60328,0.005883611088610274,135.41876,110.70391000000001,73.62989,319.75255999999996,0.0020566480576041744
E01000090,694.37927,92.94356,58.2344,71.42176,222.59972,0.0048240627025335995,216.40956999999997,143.33534,112.03464,471.77955000000003,0.0015257629966616748
E01000091,1882.5985600000001,149.36992,129.62386999999998,129.11653,408.11031999999994,0.0026066374623813643,591.8907,475.4046000000001,407.19293999999996,1474.48824,0.00024698919855891234
E01000093,1785.10476,255.31246000000004,237.71913,221.70666000000006,714.7382500000001,0.0011359067655140969,445.87199999999996,368.89478999999994,255.59972000000002,1070.36651,0.00036216743274769634
E01000094,1899.96005,296.3147,242.36747000000003,222.40328,761.0854499999998,0.001131181397060782,461.27368,376.3875699999999,301.21335000000005,1138.8746,0.0003774063711275749
E01000095,2911.23072,634.8338800000001,528.8098600000001,357.81577999999996,1521.45952,0.0003906965030021543,579.65121,435.35516,374.76483,1389.7711999999997,0.0004890446338196201
E01000096,689.84582,153.89500999999998,91.56725999999999,82.05945,327.52171999999996,0.003350470907650779,162.1649,118.91325,81.24595,362.32410000000016,0.0016414195033635924
E01000097,163.92717,39.35601,25.397679999999998,17.2331,81.98678999999998,0.011394260297184511,33.04478999999999,27.593269999999997,21.302319999999995,81.94037999999999,0.00761215516429503
E01000098,1071.16598,145.32569,160.2721,115.23412000000002,420.8319100000001,0.0015327441397370023,274.89303,220.432,155.00904,650.3340700000001,0.0008274945934535016
E01000099,1255.98559,176.45907000000003,152.87828,147.94771,477.28506,0.001652043386725111,319.74482000000006,250.56534000000002,208.39036999999996,778.7005300000001,0.0005758319050656352
E01000101,876.97961,117.44439,110.51475,87.02752999999998,314.98667,0.0022689419706313596,223.29121999999998,192.87623,145.82548999999997,561.9929399999997,0.0008474413397528762
E01000103,74.24595,13.769849999999998,5.77276,12.92735,32.46995999999999,0.039952027774487156,19.6849,13.849680000000001,8.24141,41.77598999999999,0.02475301003252604
E01000104,1155.84378,159.34171,139.59497,113.10074999999999,412.0374300000001,0.0019227199730393494,280.65105,270.1507,193.0046,743.80635,0.0007166645105200811
E01000105,981.07857,198.38929999999996,167.92639,112.04440999999998,478.36010000000005,0.001517688287028218,190.24636,160.74277000000004,151.72934000000004,502.71846999999997,0.0011393754256835667
E01000106,470.59413,66.15426,56.181990000000006,49.07352,171.40976999999998,0.0055631267664147796,118.82171,113.18327000000001,67.17938000000001,299.18435999999997,0.002175841266278608
E01000108,84.88645,19.746579999999998,24.236520000000002,15.67169,59.65478999999999,0.01743290604828684,9.362749999999998,10.447959999999998,5.420949999999999,25.23166,0.03503743058630728
E01000110,449.95845,63.34850999999999,56.40785000000002,47.564370000000004,167.32072999999994,0.005879835001899784,113.88534000000001,95.77168999999999,72.98069000000001,282.63771999999994,0.00238941982798315
E01000111,956.5851700000001,161.54686999999996,135.77955,133.72589,431.0523099999999,0.0018003751760271626,231.92793000000003,170.53346000000002,123.07147,525.53286,0.0012885065985151598
E01000112,1749.22865,281.92633,246.93718000000004,210.09604,738.9595499999998,0.0006211616058192709,405.15812000000005,343.1966699999999,261.91431,1010.2691000000001,0.00028410129311378296
E01000113,2953.30215,745.45303,626.76137,431.0176900000001,1803.2320900000002,0.0002848132121249096,451.60711000000003,372.6461300000001,325.81681999999995,1150.0700599999998,0.0006958344889299305
E01000114,2011.63745,355.33356999999995,255.58857,240.39824,851.3203799999999,0.0008910857375710173,501.4120000000001,366.1589400000001,292.74613,1160.3170700000003,0.0003953775933038482
E01000117,93.97646,10.7298,9.67817,8.86654,29.274509999999996,0.04643339984627539,28.36698,22.35248,13.982490000000002,64.70195,0.01155273373174189
E01000118,1245.77555,165.43322999999998,154.46712,120.15681,440.05715999999995,0.001987056767549541,345.84414000000004,268.7292,191.14504999999997,805.7183900000001,0.0006404381974558439
E01000120,384.81483000000003,71.52888,77.16375,50.379000000000005,199.07162999999997,0.004208172395186708,75.06468000000001,63.15036,47.52816,185.7432,0.0029929920483042064
E01000121,159.61935,20.50789,13.859509999999998,17.90276,52.27015999999999,0.020188933633365966,48.14816,26.818029999999997,32.383,107.34919,0.00814525918004293
E01000123,183.53364,21.04143,18.57584,10.077830000000002,49.69509999999999,0.02190551960257902,61.42969999999998,42.3047,30.10414,133.83853999999997,0.005713690207608288
E01000124,347.31354,57.45921,51.43512,38.24862,147.14294999999998,0.005506158735837049,77.55532,68.11505000000001,54.50022,200.17059,0.002758783640784694
E01000126,689.69366,96.92872000000001,75.23002000000001,79.56465000000001,251.72338999999994,0.003767798877699687,182.67138999999997,149.28981000000005,106.00907000000001,437.97026999999997,0.001336324991483243
E01000127,407.94238,52.906530000000004,47.49177000000001,50.02816,150.42646000000002,0.006927402959875323,105.14061,92.32396999999999,60.05134000000001,257.51592000000005,0.002554953858554082
E01000128,175.85193,17.866509999999998,18.72121,19.535059999999998,56.122780000000006,0.025317697085326295,54.20360000000001,36.15160000000001,29.373950000000004,119.72914999999999,0.00766174838105126
E01000129,8335.30012,1614.07876,1412.2911,1175.09203,4201.4618900000005,6.260349076555043e-05,1605.84531,1436.3222899999998,1091.67063,4133.83823,8.019729818416156e-05
E01000130,1070.64712,156.17746,105.79058000000002,100.20774,362.1757799999999,0.0023881458671359303,315.89738,224.97035999999994,167.60360000000003,708.4713400000002,0.0007192879283346288
E01000131,673.35157,121.46348999999998,133.09434,85.66874999999999,340.2265799999999,0.0016351621222448229,124.50572000000001,130.92353,77.69574,333.12499,0.001845972916333774
E01000133,676.92957,60.83543999999999,57.768080000000005,60.32345,178.92696999999993,0.005576125754315143,197.02763,164.76899,136.20598,498.0025999999999,0.0010766890994428247
E01000134,198.29953,22.48918,17.02176,9.77904,49.289979999999986,0.02272279850337811,59.37771999999999,56.37724000000001,33.25459,149.00954999999993,0.004063710925437896
E01000135,351.19986,36.65192,31.003070000000005,24.783029999999993,92.43802000000001,0.008827221732081017,98.21048,97.13253000000003,63.418829999999986,258.7618400000001,0.001856406384115272
E01000136,672.60646,121.33725,123.37938000000001,92.15878000000001,336.87540999999993,0.0026198931110373723,126.35150999999996,127.55073000000002,81.82880999999998,335.73105,0.0013924386895823868
E01000138,806.34834,97.76012999999999,95.93835999999999,76.65854,270.35703,0.0027605894855525707,225.53478,177.17936,133.27717,535.9913099999999,0.0008357063363623636
E01000139,3278.256,424.84359,418.30510999999996,293.79592999999994,1136.9446299999995,0.000492114530604376,886.8838899999998,675.44676,578.98072,2141.31137,0.00018795297011306022
E01000140,2788.01492,416.91213,362.61881000000005,286.11158,1065.6425200000003,0.0005251718023714502,721.9946199999999,537.0541099999999,463.32367,1722.3724000000004,0.0002681637392988001
E01000141,13337.33686,2105.0034600000004,2056.1350199999997,1672.4532000000004,5833.591680000001,6.370035267344565e-05,2788.3748,2569.81223,2145.55815,7503.745179999999,4.053654637618429e-05
E01000143,892.29094,132.42492,113.86797999999997,89.15508999999999,335.44799000000006,0.0016580470110365369,211.57872999999995,179.96210000000002,165.30212,556.8429499999999,0.0009739175634876937
E01000144,1412.7100599999999,291.3480200000001,261.28758999999997,269.73278000000005,822.3683900000001,0.0006840116559890682,202.67354000000006,218.71891999999994,168.94921,590.34167,0.000907285801812606
E01000146,12464.71686,2802.8908300000003,2425.0683299999996,2150.43843,7378.397589999999,5.5733304330825057e-05,1864.50706,1752.87002,1468.9421899999998,5086.319270000001,4.8391887426812866e-05
E01000150,1173.64326,184.24045,142.68679000000003,146.86180000000002,473.7890400000001,0.0018094726786991484,277.46765,232.55062999999998,189.83593999999997,699.8542199999999,0.0006704698397906124
E01000151,1243.1433299999999,183.30081,160.6214,128.58954,472.51175,0.0015665216368677263,318.70339000000007,268.13972,183.78846999999996,770.6315800000003,0.0004860840217693363
E01000152,163.56078,17.16575,21.248410000000003,11.63877,50.05292999999999,0.02680679060513476,44.009510000000006,36.730959999999996,32.767379999999996,113.50785,0.006418067201410274
E01000154,1383.21973,273.46631,171.35881999999995,141.29167,586.1167999999999,0.0010313003541121061,353.36144999999993,246.96703,196.77445,797.1029299999997,0.0007056251025443587
E01000156,2350.38875,263.20662999999996,279.55960000000005,171.93483,714.7010599999998,0.0012440107267805106,704.3787699999999,512.97329,418.33563,1635.68769,0.00031308150547805546
E01000159,68.4619,12.482299999999999,15.590610000000002,6.5199300000000004,34.59284000000001,0.04316260501107731,15.08574,13.839400000000001,4.943919999999999,33.86906,0.03755665900160576
E01000160,748.78141,130.34418,124.97579999999998,94.07150000000001,349.39148,0.002389539447953511,147.79674,134.8316,116.76159,399.38992999999994,0.0012903420042958789
E01000161,1132.46133,155.80361,164.12727999999998,97.21127000000004,417.1421600000001,0.0015245385163242587,289.11006,252.93766000000002,173.27145000000002,715.31917,0.0005142715801390494
E01000162,2737.34542,418.70860999999996,383.99409,307.80562,1110.50832,0.0006359036421885589,644.61321,564.9876699999998,417.23622,1626.8371000000002,0.00016066568053001222
E01000164,3036.6691,418.68606,445.5978400000001,251.96267999999998,1116.2465799999998,0.0006618290540288344,808.1510899999998,669.92177,442.34966000000003,1920.4225199999996,0.0001957787134459853
E01000167,99.6601,11.4145,13.7524,8.56776,33.734660000000005,0.02236665672310055,25.37642,28.85743,11.69159,65.92544,0.019421617521326276
E01000170,479.61152,68.01537,62.1788,50.34734,180.54151000000002,0.004188395468828926,130.19702,92.28462000000002,76.58837000000001,299.07000999999997,0.002095342100636949
E01000171,1963.27381,416.17785999999995,311.53337,195.62197999999998,923.3332099999999,0.000679276727374414,434.76461,374.37786000000006,230.79813,1039.9406,0.00054208438029511
E01000172,138.08132,22.00105,16.853330000000003,12.346239999999998,51.200619999999994,0.022931557249691283,43.91430999999999,25.131600000000002,17.834789999999998,86.88069999999999,0.00968535498486623
E01000173,128.67479,30.21877,27.404400000000003,15.62305,73.24622000000001,0.013333029464825225,22.08877,19.02984,14.309959999999998,55.42857,0.013000724680854968
E01000174,808.55397,127.46606000000003,109.80312,73.52279000000001,310.79197,0.002039140250759908,199.17071,186.67588,111.91541000000001,497.76200000000006,0.0009602725819553739
E01000175,138.18180999999998,21.736,14.124880000000001,10.38412,46.245000000000005,0.025338574133763943,41.73292,26.40774,23.79615,91.93680999999998,0.007773148922206545
E01000176,297.07122,38.01884,32.06547,26.248639999999998,96.33294999999998,0.009202753758679426,76.94020999999998,70.53298000000001,53.26508,200.73827,0.0028896390884801644
E01000178,460.39984,87.98324000000001,89.84069999999998,57.646,235.46993999999995,0.002970037684637582,83.91571,84.15987999999999,56.854310000000005,224.9299000000001,0.0015529672976130212
E01000180,81.14881,14.819139999999997,12.96558,9.820409999999997,37.605129999999996,0.026789862106423902,15.92905,16.34759,11.267040000000001,43.543679999999995,0.022164514672666495
E01000181,422.30198,82.93432,76.32474,53.143209999999996,212.40227000000002,0.0025488298331884512,79.69142,72.94443,57.263859999999994,209.89971000000003,0.0023518381250721217
E01000182,1786.49415,381.25584,339.95903,241.622,962.83687,0.00036470051212654346,314.9905099999999,314.13044999999994,194.53632,823.6572799999998,0.0005347256932886446
E01000183,543.0269000000001,84.53994999999998,81.34820999999998,63.038019999999996,228.92617999999996,0.003272475885117498,133.72289,101.69664999999998,78.68118,314.10072,0.001738578796913331
E01000184,460.3043,52.27828999999999,54.831,38.469789999999996,145.57907999999998,0.0072703986581462935,126.79484000000001,109.75838999999999,78.17199000000001,314.72522,0.0016620552421921131
E01000185,544.66455,57.48433,62.00434,38.12576,157.61442999999997,0.005569086825748106,169.35443999999995,125.35048,92.3452,387.05011999999994,0.0015431874969095718
E01000186,665.03004,100.38457000000001,76.87129,67.7605,245.01635999999996,0.003346834933013497,185.53576,120.00833000000002,114.46959000000001,420.01367999999985,0.0016252819913336143
E01000187,97.47479,1.0998399999999997,0.27574,0.38305999999999996,1.75864,0.43541903808634724,50.153,21.696740000000002,23.866410000000002,95.71615,0.01367913198478721
E01000188,774.62766,38.560770000000005,26.60731,24.581759999999996,89.74984,0.011388414868926385,314.87046000000004,198.60904,171.39831999999996,684.87782,0.0009410325646235676
E01000189,108.61426999999999,34.19551,27.151100000000003,21.26503,82.61164000000001,0.010347923587797854,7.830949999999999,7.55495,10.61673,26.00263,0.04255717652477051
E01000191,466.57572,81.69649,53.17085000000001,71.99875,206.86608999999999,0.004621489625677188,119.08693,71.11501,69.50769,259.70963000000006,0.002337710421215892
E01000192,308.11357,59.92028,47.01216000000001,41.257749999999994,148.19019,0.00646488206883874,68.24878,48.259930000000004,43.41467000000001,159.92338,0.004620617331243689
E01000193,14042.692790000001,2775.3703799999994,2387.7646,1978.9639899999997,7142.098969999998,5.515947353321052e-05,2624.4404099999997,2339.76904,1936.3843700000002,6900.593819999999,5.877944265466901e-05
E01000194,3120.1911,492.42796999999996,415.6975300000001,345.44266999999996,1253.5681699999998,0.0003486554996810045,775.08721,643.36176,448.17395999999997,1866.62293,0.00024453719648716103
E01000196,3200.616,635.91647,462.97536999999994,396.66514,1495.5569799999994,0.000367251341343687,695.62222,533.56889,475.86791,1705.0590199999995,0.00025349837368298755
E01000197,373.81559,60.87024000000001,55.951789999999995,43.98786000000001,160.80989000000005,0.0036663736794736246,82.31420999999997,73.83113999999999,56.86034999999999,213.00569999999996,0.0018825988411437335
E01000198,343.29256,42.05799,51.0857,38.40813000000001,131.55182000000002,0.008716373673015945,79.49264000000001,74.11791,58.13019,211.74073999999996,0.002756559247881125
E01000199,75.95717,14.96087,11.036320000000002,6.441339999999999,32.43852999999999,0.04019411797034092,17.27648,11.55205,14.690109999999997,43.518640000000005,0.031220090386485228
E01000200,374.78258,55.667049999999996,53.31967999999999,34.02977,143.01649999999998,0.007633634138064099,89.34271999999999,83.33529999999999,59.08806,231.76608,0.00324614317855918
E01000201,550.2304,88.39894000000001,78.78607999999997,47.13698999999999,214.32201000000003,0.003882786224236978,158.24527,92.3332,85.32992,335.90839,0.0022065461321123083
E01000202,394.36934,64.33972999999999,60.42578000000002,46.37599,171.1415,0.0047849864205881465,99.08614000000001,67.41204999999998,56.72965,223.22784000000001,0.0030588188314629294
E01000203,1789.07856,368.03436,258.3839899999999,249.07340000000002,875.4917500000003,0.0005453335705957244,381.80897,282.83582000000007,248.94202,913.5868099999998,0.0004407216630333675
E01000205,290.77562,37.05505999999999,29.52482,16.84343,83.42331,0.017373150905880968,104.05166,59.11725,44.1834,207.35231000000005,0.003647269888521868
E01000206,273.74607,61.71009,52.25434,49.2199,163.18433000000002,0.009369308139750678,37.69598,38.677569999999996,34.18819,110.56174000000001,0.008822998597145009
E01000207,68.37376,13.44018,10.47087,5.222660000000001,29.13371,0.05482911331057664,17.17918,16.028290000000002,6.032579999999999,39.24005,0.028105880280649465
E01000208,4891.97112,1355.2903500000002,1012.07104,740.6932999999999,3108.05469,0.000212421355106775,664.22494,692.6496999999999,427.04178999999993,1783.9164300000004,0.0002825224119803147
E01000209,64.89417999999999,13.000269999999999,6.339359999999999,3.62654,22.966169999999998,0.06837936004688223,21.16463,13.52961,7.233769999999999,41.92801,0.027093195087118712
E01000210,1206.21446,234.19878,171.04126000000005,129.69273,534.9327699999999,0.0013428269758165136,280.71936999999997,225.58363000000003,164.97869,671.2816899999998,0.0007728637918238343
E01000211,4185.06838,645.10833,501.32017999999994,459.33617999999984,1605.76469,0.00034692758353271685,1094.5255899999997,756.7008800000001,728.07722,2579.3036899999997,0.00017854866535681435
E01000213,118.5148,29.94516,18.232599999999994,6.87216,55.04992,0.030658361940040846,24.912349999999996,19.6977,18.854829999999996,63.464879999999994,0.015297454379865193
E01000214,11681.54068,1915.4249800000002,1556.25946,1509.0114400000002,4980.695880000001,8.831785939901883e-05,2552.38713,2290.5154099999995,1857.9422599999998,6700.844800000003,4.365794829842753e-05
E01000215,963.33649,180.41679,121.22600999999999,131.80452,433.44732000000005,0.0017517011763734987,201.13597999999996,177.24611000000002,151.50708,529.8891700000001,0.0008636461331519288
E01000218,1829.69961,348.98861,232.01570000000004,263.73534,844.73965,0.0009234572676282088,376.4618900000001,313.26934,295.22873,984.9599600000003,0.00047533566711485366
E01000219,773.4444,146.10932999999994,112.66169,82.17027999999999,340.9413,0.001854561046591559,171.7566,149.51468999999997,111.23181000000001,432.5031000000001,0.0015915782385346833
E01000221,2097.4364,423.88576,381.81292999999994,223.47186000000002,1029.17055,0.0008448145236794689,439.88089999999994,361.51619000000005,266.86876,1068.2658499999998,0.00023633968785544406
E01000222,1186.48898,134.92227,120.21433,111.70578,366.84238,0.0018429671132988378,341.39870999999994,245.60497999999998,232.64291000000003,819.6465999999999,0.0006879915309999657
E01000223,5097.78309,820.71029,818.7202799999999,659.31823,2298.7488,0.00022430498661044486,1082.53465,943.2331899999999,773.2664499999998,2799.0342900000005,6.833221840784796e-05
E01000224,157.5044,27.09662,25.09561,24.30266,76.49488999999998,0.009319361687493668,30.78775,29.60068,20.62108,81.00951,0.008236621329108611
E01000226,533.4284299999999,65.04359,42.66884,51.75117999999999,159.46361,0.007864152112059122,157.21786,120.22363999999999,96.52332,373.96482,0.0017310995057066895
E01000227,337.31252,53.73973,51.49277,47.33408000000001,152.56658,0.007238401412849743,77.09927000000002,58.10278,49.543890000000005,184.74594,0.0034919064240210482
E01000228,191.21096,33.555839999999996,26.01126,19.821749999999998,79.38884999999999,0.014195798888487897,45.720349999999996,32.89606,33.2057,111.82211000000001,0.007197753276776587
E01000229,519.14689,65.13971,50.429449999999996,56.27893,171.84809,0.0075259625417358755,144.39798000000002,108.57450999999999,94.32631,347.2988,0.0018000027947733465
E01000230,91.17793,26.78435,26.728560000000005,21.49425,75.00715999999998,0.014176746140360626,7.8977699999999995,6.113910000000001,2.1590899999999995,16.170769999999997,0.07352019263176537
E01000231,887.19387,102.88953000000001,69.8352,66.53316000000001,239.25789000000003,0.003558616601228348,282.9987599999999,186.63024000000001,178.30698,647.9359799999997,0.0007978029292544316
E01000232,460.37946999999997,76.26259999999999,60.876760000000004,52.780850000000015,189.92020999999997,0.003991127262742669,109.12537,82.76588000000001,78.56801,270.45926,0.0021004476551205005
E01000233,959.59432,136.05158999999998,132.50414,119.68934999999999,388.24508000000003,0.001936824894927884,232.90933,206.07529,132.36462000000003,571.34924,0.0010930830201638137
E01000234,260.66019,31.893060000000002,38.64798,19.89286,90.4339,0.008985475252834885,65.38625,73.21592,31.624119999999998,170.22629,0.004291678490698475
E01000235,1040.9791,134.05020000000002,115.34233999999998,111.89793,361.29047,0.0033134879664185254,271.67529,216.79546,191.21788,679.68863,0.0007590928630120143
E01000236,1114.73856,215.93109000000004,166.052,149.49921,531.4823000000001,0.001012717634634956,217.08534,189.60846,176.56245999999996,583.2562600000001,0.0008397456334878737
E01000237,9514.11709,1992.50111,1487.9127799999999,1242.92283,4723.336719999999,7.923557928682845e-05,1869.18085,1653.9162800000004,1267.68324,4790.7803699999995,3.488410788145941e-05
E01000238,91.90459,13.330019999999998,10.97076,10.273739999999997,34.57451999999999,0.034200912634770916,26.21116,17.092649999999995,14.026259999999999,57.330070000000006,0.01806231414409228
E01000239,1621.63415,240.54790999999997,165.93771999999998,147.29894,553.78457,0.0013667934067544752,439.33689000000004,359.99895999999995,268.51373,1067.8495800000003,0.00037126027356561536
E01000240,731.79626,86.09848,83.74841,69.32719,239.17408,0.004216615824729548,206.52918999999997,160.51510000000005,125.57789000000004,492.62217999999996,0.0010293133205551942
E01000242,378.26628999999997,65.54941,51.9313,36.45214000000001,153.93285,0.007005305579760016,94.91791,68.08386,61.331669999999995,224.33344,0.0031177849375494016
E01000243,2818.45495,490.36602999999997,373.19833000000006,311.06754,1174.6318999999999,0.0005632051475202798,688.0739899999999,505.49077000000005,450.25829,1643.82305,0.00034007780232775674
E01000244,1702.46786,328.25224,248.04258,186.61659,762.91141,0.0007558266287930271,366.88376000000005,315.01279999999997,257.65989,939.5564499999999,0.0005929338566252244
E01000246,94.26856,12.401419999999998,20.496999999999996,7.83192,40.73033999999999,0.03662365907352149,21.855290000000004,18.64428,13.038649999999999,53.538219999999995,0.012820747734258696
E01000247,86.41253,10.70523,9.692169999999999,7.45839,27.85579,0.04612641165685261,23.505440000000004,23.78039,11.270909999999999,58.556740000000005,0.01606097936456342
E01000248,2227.50767,495.16387000000003,371.3075099999999,290.59954,1157.0709200000003,0.0010324167414009551,448.69901,359.34342999999996,262.39431,1070.43675,0.0007889084900585814
E01000250,6880.9298,1450.1140199999998,1299.6690199999998,926.8719899999998,3676.6550299999994,0.00011894101064432942,1250.34943,1133.28961,820.6357300000001,3204.2747700000004,0.00015450789327942543
E01000251,1704.96708,291.9074,242.15770000000003,194.34874000000002,728.4138399999999,0.0008667909790426351,389.13301999999993,323.60891999999996,263.8113,976.55324,0.0005080356384377876
E01000252,92.43814,13.62107,18.845619999999997,7.614499999999999,40.08118999999999,0.04033858195620396,24.35085,20.828909999999997,7.1771899999999995,52.356950000000005,0.019605746340942223
E01000253,182.99031,24.168329999999994,42.18773000000001,28.757929999999998,95.11398999999999,0.013468621370467641,26.264909999999993,37.89016,23.72125,87.87631999999998,0.008470038960051173
E01000255,427.95487,92.92707999999999,64.13263,47.668440000000004,204.72814999999997,0.005257239023697697,107.55839,68.31119000000001,47.357139999999994,223.22672,0.003376328056707555
E01000256,609.96316,84.91434000000001,68.65504,53.01034,206.57972000000004,0.005375805266581947,180.40505000000002,130.36471,92.61368,403.3834399999999,0.0012897069876660497
E01000257,2180.48817,475.98062,384.09773,248.78531999999996,1108.8636700000002,0.000683561411707203,438.8677699999999,383.99879000000004,248.75794,1071.6245,0.0006547101763466347
E01000258,304.20109,48.55626999999999,35.4484,30.172210000000007,114.17688,0.008324687819273546,84.39386,55.06699,50.56336,190.02420999999998,0.0034914426708803513
E01000259,462.68442,71.50365,74.86372000000001,49.16019,195.52756000000005,0.004797828070803053,114.13253999999999,86.10509999999998,66.91922,267.15686,0.002293258028929359
E01000260,811.33798,84.83882999999999,81.33556999999999,81.73997,247.9143699999999,0.0037838614271897882,230.83246,176.77478,155.81636999999998,563.4236099999998,0.000910800829849409
E01000261,382.11927,88.57525,77.21299000000002,47.079229999999995,212.86747,0.004665421311024136,61.412079999999996,69.26499999999999,38.57471999999999,169.25179999999995,0.004635166096728242
E01000263,568.4509,97.52272000000002,70.21101000000002,66.96458000000001,234.69831000000002,0.002773837862681627,128.51614999999998,103.88722999999999,101.34921,333.7525899999999,0.001190411361094939
E01000264,4710.16776,1066.60474,775.5482100000002,618.7652999999998,2460.9182500000006,0.00023200734774423692,919.8815599999999,741.08659,588.2813600000001,2249.24951,0.00024485426362419596
E01000265,1210.09994,142.0494,123.39372999999999,109.19158999999999,374.63471999999996,0.0026132371720591946,348.54502,289.05643,197.86377000000002,835.46522,0.0006266022942737346
E01000266,102.81407,16.65431,22.51877,11.28252,50.4556,0.024132392273466412,21.365679999999998,22.078239999999997,8.914549999999998,52.358470000000004,0.02157582658997348
E01000267,72.26597,11.908959999999997,14.95044,7.89752,34.756919999999994,0.033591989981509585,16.701949999999997,10.88515,9.921949999999999,37.509049999999995,0.027881775597223178
E01000268,2407.74198,382.78718999999995,359.31613,291.33620999999994,1033.43953,0.00035613947029783204,502.2208299999999,504.3806400000001,367.7009799999999,1374.30245,0.0002781731788497913
E01000269,485.10003,58.58005,77.15802,47.755120000000005,183.49318999999994,0.004789876265724269,111.69509000000001,116.80909000000001,73.10266,301.60684000000003,0.0016473606179113443
E01000270,108.571,11.70971,10.224849999999998,8.698080000000001,30.632640000000006,0.039936016883171326,30.53697,27.33501,20.066380000000002,77.93835999999997,0.008490818527749956
E01000271,403.94971,44.661210000000004,50.46104999999999,35.11700999999999,130.23927000000003,0.007423510286504949,100.33628999999999,102.50149,70.87266,273.71043999999995,0.0020995863477640685
E01000273,2359.04093,467.29983999999996,440.19282000000015,303.83151,1211.3241699999994,0.00040857221339098555,458.5293099999999,415.9496899999999,273.23776000000004,1147.7167599999998,0.00045880510442887983
E01000274,934.5178,105.72599999999997,105.72839999999998,74.13451,285.58890999999994,0.002642004445786884,266.65162,222.03956999999997,160.23770000000002,648.92889,0.0008029124308829806
E01000277,61.458099999999995,26.16001,15.59665,0.0,41.75666,0.061686214510749474,9.58335,10.118089999999999,0.0,19.701439999999998,0.11150887196894688
E01000278,397.98922,67.6967,57.22271,46.0694,170.98880999999997,0.006857522354731723,91.11917,78.57916,57.30208,227.00041,0.0032145737591299925
E01000279,160.68262,32.762660000000004,30.28313,17.31846,80.36425000000001,0.011758080805997767,30.27007,31.52863,18.51967,80.31837,0.01080086194753648
E01000280,76.13776999999999,23.162719999999997,15.44181,5.9878,44.59232999999999,0.028255399235351083,12.249549999999997,11.107959999999999,8.18793,31.545439999999985,0.03341821836836375
E01000281,2604.5760999999998,460.05606,485.04064000000005,282.42777,1227.5244700000003,0.00039620377712723954,518.95549,531.01734,327.07880000000006,1377.0516300000004,0.00032423612442759013
E01000282,947.41409,240.21220000000002,222.59960000000004,150.92977,613.74157,0.0010165249749292565,130.82849,114.71118000000001,88.13284999999999,333.67251999999996,0.0021304063718137088
E01000283,69.39162,15.510190000000001,11.60681,6.00544,33.122440000000005,0.04697212145351084,14.685749999999999,13.45495,8.12848,36.26918,0.020480470481181897
E01000284,542.02842,92.86805,89.59196,72.92874,255.38874999999996,0.0018735301664000734,114.37709,109.81235000000001,62.45023,286.63967,0.0016557410159958178
E01000285,344.48546,16.891659999999998,22.71345,10.340200000000001,49.94531,0.026784185448824438,123.01504,109.73814,61.78697,294.54015000000004,0.002194701653817088
E01000286,511.51278,72.26366000000002,67.35359,60.94868,200.56593,0.004935669157071634,126.15268,120.87611,63.91806,310.9468500000001,0.0021098773044387663
E01000287,110.87782,26.85352,27.11438,21.687079999999998,75.65498000000001,0.013319494402256101,9.43413,16.05718,9.731530000000001,35.222840000000005,0.043414415120479256
E01000288,487.3798,65.77624,51.14719000000001,40.88301,157.80644000000004,0.004847021104705729,130.76629999999997,114.55680000000001,84.25026,329.5733600000001,0.001457558655999619
E01000289,154.84743,17.48275,22.67234,14.52914,54.68422999999999,0.021770863268568932,34.674699999999994,39.810340000000004,25.678160000000002,100.16319999999999,0.006569607366283764
E01000290,231.90961,24.864479999999993,25.79475,23.71211,74.37133999999999,0.012390158035622512,66.05328,46.82037,44.66462,157.53827,0.004381558634364787
E01000292,244.6229,32.610789999999994,30.71879,22.64812,85.9777,0.011358623342504105,65.66225000000001,56.11908000000001,36.86387,158.64520000000002,0.0037075799077252083
E01000296,4750.04233,1153.7098600000004,941.6349100000001,655.2188,2750.563570000001,0.0001867484521320041,791.5144200000002,727.04765,480.91668999999996,1999.47876,0.000219739676880674
E01000297,303.71393,45.71893,40.16876,33.54533000000001,119.43301999999998,0.009129108152373304,79.21533,68.55544,36.51014,184.28091,0.004116538093489096
E01000298,2027.21249,391.06379000000004,357.48238000000003,308.05419000000006,1056.6003599999997,0.00036322394699170465,399.33147,319.3385300000001,251.94213,970.6121299999999,0.0005496358436139065
E01000299,3345.95874,465.5951,435.7238999999999,315.87897999999996,1217.1979800000001,0.00034419154528741563,828.5411600000001,744.90378,555.31582,2128.7607600000006,0.00015576019767852092
E01000301,176.18777,33.359249999999996,29.81123,18.38456,81.55503999999998,0.01190700555608435,42.06564000000001,33.21713,19.349960000000003,94.63272999999998,0.011377224432591405
E01000302,1521.06896,244.82318,223.25227000000004,163.81457,631.89002,0.0005749754496988009,357.66978000000006,277.04724000000004,254.46192000000002,889.17894,0.0004418959550305888
E01000305,1820.61016,297.93269,237.59824000000003,236.98572000000004,772.5166499999998,0.0005953829657707454,413.4415100000001,338.43420999999995,296.2177900000001,1048.0935100000004,0.00033686265595449737
E01000307,11963.23501,2376.0159200000003,2503.62946,1672.6970599999995,6552.342440000001,0.00014992616643804001,2155.4706499999998,1940.49038,1314.93154,5410.89257,0.00010097831551733616
E01000309,819.42841,97.75339999999998,95.28274000000002,79.39506000000002,272.4312,0.0020020780690416682,204.09562,177.82466,165.07693,546.99721,0.0010950009780708843
E01000313,7118.86543,1397.3339400000002,1196.86659,869.94139,3464.1419200000005,8.923694778588485e-05,1425.1202,1283.9588299999998,945.64448,3654.72351,7.12626680382765e-05
E01000314,1634.6740399999999,364.41881000000006,281.8575,224.41953999999998,870.6958500000002,0.00048043553061577157,313.64057999999994,245.89327999999995,204.44432999999998,763.9781899999999,0.0005358540069625801
E01000315,161.96948,23.62686,32.77904,14.526790000000002,70.93269000000001,0.019233125099507326,46.64301000000001,28.5842,15.809579999999999,91.03678999999998,0.013236513517090678
E01000316,2927.76438,463.48071,573.14879,384.66718,1421.2966800000002,0.00029108441000061337,597.8389100000002,544.83996,363.78882999999996,1506.4677000000004,0.000267907946140483
E01000318,319.18626,74.05406000000002,39.97234999999999,40.81544,154.84185000000002,0.006515864128472291,78.19975000000001,43.875510000000006,42.269149999999996,164.34441,0.00471150464974545
E01000321,1227.82166,215.84581000000003,209.76194000000004,108.55605,534.1638,0.0013935249151365613,284.08707999999996,251.40892000000002,158.16186000000005,693.65786,0.0007283256780171895
E01000323,11392.4263,2240.0324499999992,1975.6291199999998,1602.2608100000002,5817.92238,5.170488136425585e-05,2059.8326899999997,1901.74368,1612.92755,5574.503919999999,5.568345812902186e-05
E01000324,417.02226,63.23568,61.52202,45.317710000000005,170.07541,0.004457145575503961,105.70190999999998,81.02914000000003,60.21580000000001,246.94684999999996,0.002221829537789966
E01000325,137.29124,35.48111,28.57917,16.24291,80.30318999999999,0.010899581425618298,22.325329999999997,21.946129999999997,12.71659,56.98804999999998,0.0156708521654247
E01000326,328.52466,46.986419999999995,33.246919999999996,30.99321,111.22654999999999,0.012223835655926909,99.82014,68.89337,48.584599999999995,217.29810999999995,0.00370106634132615
E01000327,173.14755,23.190429999999996,24.770880000000002,20.30807,68.26937999999997,0.013665167280192823,45.907120000000006,37.907250000000005,21.063799999999997,104.87817,0.006634415343351064
E01000329,203.62667,31.39861,28.798009999999998,23.2187,83.41532000000001,0.012613483743012452,49.78179,41.6673,28.762259999999994,120.21135000000002,0.005173712267584086
E01000330,516.1111999999999,84.14025999999998,82.53041,65.92584,232.59650999999994,0.0020309643288954882,116.13448,103.06992000000001,64.31029,283.51469000000003,0.0019722918036924313
E01000331,290.33471,48.25932999999999,46.97983,38.36858,133.60773999999995,0.007142646647453611,64.03730999999999,58.30907,34.380589999999984,156.72696999999997,0.003788008752109763
E01000332,853.48136,104.24266,96.48282999999999,80.38576,281.11125,0.003281456343615161,246.03673999999998,181.52443999999997,144.80892999999998,572.37011,0.0009203188577556527
E01000333,935.18222,138.79353,103.71927,100.10365999999999,342.6164600000001,0.0030834500471281848,258.89843,205.26720999999998,128.40012000000002,592.5657600000001,0.0008934636045880407
E01000334,131.25746999999998,18.76144,9.589690000000001,13.759839999999999,42.11097000000001,0.03719530061528094,38.2461,29.3394,21.561,89.14650000000003,0.01058103354725279
E01000335,2830.24788,635.9076099999999,528.9810500000001,427.02705000000003,1591.91571,0.0005033318759899872,505.80880999999994,407.43424,325.08912,1238.33217,0.000678102881188836
E01000336,669.22311,103.41752,91.38354,82.83804,277.6391,0.0043706765697654835,148.38655,146.27655,96.92090999999999,391.58401,0.0013939383357363837
E01000338,219.70367,22.222409999999996,19.799749999999996,15.89423,57.91638999999999,0.022819738113742685,67.15845999999999,60.99174,33.637080000000005,161.78727999999998,0.0034332745380572446
E01000340,472.38566,57.67109,60.83271,47.68877,166.19257000000002,0.005268584557557217,122.43884999999999,108.68209999999999,75.07214,306.19309000000004,0.001777514686716259
E01000343,256.37856999999997,36.00955,33.18067,22.670119999999997,91.86033999999997,0.010318843706730195,65.3552,56.64819,42.51484,164.51823000000002,0.0037089624336666847
E01000344,356.40596,43.04839,53.065250000000006,26.96297,123.07661000000002,0.007467796422845571,88.10336999999998,97.92097999999999,47.305,233.32935000000003,0.0034830809928628453
E01000345,134.84382,16.231830000000002,29.79563,9.150469999999999,55.177929999999996,0.03139472101363302,32.13912,35.69968,11.827089999999998,79.66589,0.01093249462311107
E01000347,1053.50505,165.15755,171.52782999999997,128.04398,464.7293600000001,0.0012882008215415247,237.75682999999998,203.49012,147.52873999999997,588.7756899999999,0.000671440052610587
E01000349,209.06674999999998,28.307029999999994,36.18066,17.413889999999995,81.90158,0.013941276992345729,57.631339999999994,47.419709999999995,22.11412,127.16516999999997,0.006274568305003132
E01000350,327.55365,50.29678,63.329530000000005,34.20807,147.83437999999998,0.005164729090924488,74.46257,71.30283000000001,33.95387,179.71926999999997,0.004639227028517786
E01000352,698.20173,113.03510999999997,104.13543000000001,86.78442,303.9549599999999,0.002903480237503044,164.17852,142.90293,87.16532,394.2467699999999,0.001421756683134975
E01000353,213.95934,18.601059999999997,19.293200000000002,18.369979999999998,56.264239999999994,0.016997069472686862,72.68605,51.607029999999995,33.40202000000001,157.69510000000002,0.005001711142697869
E01000354,255.07878,26.90475,27.499879999999997,25.00009,79.40471999999998,0.011945395107381728,75.8002,61.621309999999994,38.25255,175.67406,0.004187099865767319
E01000356,1606.69361,375.96316,359.4849199999999,193.65268999999998,929.1007699999998,0.0006396501988182108,280.95879999999994,255.23301,141.40103,677.59284,0.0009259117521790234
E01000358,233.07433999999998,26.752149999999997,31.686659999999996,14.855509999999999,73.29432000000001,0.012077824291857268,77.65460999999999,55.924049999999994,26.20136,159.78002,0.005974194220872602
E01000359,349.04991,25.632489999999997,26.972710000000003,21.51101,74.11620999999998,0.015428966338773723,132.2593,93.11846,49.55593999999999,274.9337,0.0034407533715416867
E01000360,4688.98768,871.1869,918.59414,596.7553599999999,2386.5364,0.00012392459034143654,891.26666,879.5308,531.65382,2302.45128,0.00018809850918475798
E01000362,11846.1363,2514.25801,2643.98084,1620.24316,6778.4820100000015,5.9906122031042476e-05,1933.7469,1915.1340899999996,1218.7733000000003,5067.654290000001,0.00010026100860671124
E01000363,96.77814,24.84258,18.43916,6.205889999999999,49.48763,0.030417222169619156,20.719479999999997,14.643989999999999,11.92704,47.29050999999999,0.01832639743237159
E01000364,94.31922,7.388479999999999,7.187519999999999,8.311639999999999,22.887639999999998,0.06646588974017291,30.24251,24.5503,16.638769999999997,71.43158,0.010549770964466649
E01000365,2062.57804,11.52052,9.07291,5.800319999999999,26.39375,0.05469742989403001,787.8450999999999,720.39201,527.94718,2036.1842900000001,0.000155347384836564
E01000367,429.12918,46.8121,48.69979,33.9512,129.46309,0.008861265067034996,119.07225999999999,113.13896999999999,67.45486,299.66609,0.0017127365822779384
E01000369,186.51172,25.747999999999998,32.247749999999996,23.731829999999995,81.72758000000002,0.01339333366690242,43.89369,39.40348,21.486970000000003,104.78414,0.005885973507491683
E01000370,1266.21623,229.15461999999997,220.10706000000002,144.29122999999998,593.55291,0.0011317810681912403,269.37937,246.02558999999997,157.25836000000004,672.66332,0.0007555008550804343
E01000374,280.01104,40.090770000000006,31.32284,20.368180000000002,91.78179000000003,0.015197330397701613,81.81616,71.16041000000001,35.25268,188.22925000000004,0.004087361828385741
E01000375,172.83764,24.425329999999995,12.92953,20.350309999999997,57.70517,0.019062020581136013,42.97427999999999,40.649049999999995,31.509140000000002,115.13247000000001,0.004460230112011642
E01000376,59.96211,18.407699999999995,13.035260000000001,8.10599,39.54895,0.034312924818170665,11.456090000000003,7.586250000000001,1.3708199999999995,20.41316,0.06596446770184361
E01000380,77.33782,14.437379999999997,7.668229999999999,7.562059999999999,29.66767,0.05501452099072648,21.365329999999997,14.394869999999997,11.90995,47.67014999999999,0.016207223458311854
E01000381,61.16364,10.39388,13.7387,8.759889999999999,32.89247,0.041023182247418834,12.501689999999998,7.459099999999999,8.31038,28.27117,0.04615938677134912
E01000383,224.75336,36.974230000000006,44.89947,25.180460000000004,107.05416000000001,0.010631971137076687,50.586209999999994,41.35225,25.76074,117.69920000000002,0.00731207940387967
E01000384,402.07388999999995,55.071760000000005,55.603010000000005,37.22785,147.90262,0.0074420147256752155,106.62976999999997,95.04364,52.497859999999996,254.17127,0.0023909994247567823
E01000385,191.63707,42.78583,27.27348,21.414949999999997,91.47425999999999,0.013626725244635545,47.143820000000005,28.528399999999998,24.490589999999997,100.16281000000002,0.007095825131688443
E01000386,1763.7427500000001,333.0203600000001,219.59085000000002,190.15491000000003,742.76612,0.0011530812420733347,455.21315000000004,312.12594,253.63754000000006,1020.9766300000002,0.00042950603295520374
E01000389,705.8817,139.14136,108.20955999999998,80.46046000000001,327.81138000000004,0.0026513765864642973,164.08159999999998,123.39795000000001,90.59076999999998,378.07032,0.0015214764630717358
E01000392,3536.4626399999997,641.4141599999999,637.5824799999999,367.4358399999999,1646.4324799999997,0.00030284115073061466,781.6826900000001,676.7844700000002,431.56299999999993,1890.0301599999998,0.00022951362560844004
E01000394,484.92408,73.88866,91.08482000000001,57.31355000000001,222.28702999999996,0.004011434128599812,101.37275999999999,99.95059999999998,61.31369,262.63705,0.002790020008744044
E01000398,229.28884,32.104260000000004,22.314009999999996,25.39105,79.80932000000001,0.020149412890538197,70.46354999999998,45.78039,33.23558,149.47952,0.006125180748525943
E01000399,667.82449,94.55286,88.46395000000001,72.59245,255.60926,0.003871409594728116,160.20587,147.32822,104.68113999999998,412.2152299999999,0.0011941577981141379
E01000400,942.92651,213.08583,143.55487,125.57352999999999,482.21423000000004,0.0014060566529453505,194.31051,152.66668,113.73509,460.71227999999985,0.0010072422117863705
E01000402,207.02062,29.917759999999998,27.74469,26.47668,84.13912999999997,0.015446833044848682,50.54051,41.466080000000005,30.8749,122.88148999999997,0.005194756012005955
E01000403,4163.57343,814.06623,596.1426699999998,479.74339,1889.9522900000004,0.0004230031537423054,939.4418999999998,736.6940100000002,597.48523,2273.62114,0.0002308285250597783
E01000404,1120.27159,158.75117,123.95623000000002,133.08858,415.79597999999993,0.0027690323903629874,298.3500399999999,233.68434000000002,172.44123000000002,704.4756099999997,0.0006592318687737628
E01000405,302.38291000000004,58.16252999999999,24.051910000000003,31.505410000000005,113.71985000000001,0.0175464269361275,63.77624,67.2033,57.68352,188.66306,0.013334016424891394
E01000406,856.22667,104.65843000000001,92.28076,85.49307999999999,282.43227,0.0038695853619710044,222.26426,201.00795999999997,150.52217999999996,573.7944000000001,0.0008338471921926464
E01000407,476.97988,77.29076,68.2393,50.06208,195.59214,0.0072291802367813246,125.38239999999999,94.57457000000001,61.430769999999995,281.38773999999995,0.0031464023271972896
E01000408,1372.78655,187.60966999999997,151.59187000000003,174.98686999999998,514.18841,0.0016512254066265442,352.69599999999997,232.86838999999998,273.03375,858.5981400000001,0.0014934637350132248
E01000409,535.0042,73.05922000000001,67.91180000000001,50.06354,191.03456,0.0064733419958893455,157.38266,120.77792000000001,65.80906,343.96963999999997,0.00245693145199221
E01000410,99.69512999999999,9.88429,15.57178,8.02612,33.482189999999996,0.0310062711168171,21.073009999999996,29.67346,15.46647,66.21294,0.012509855985051032
E01000412,173.39434,48.933980000000005,31.653730000000003,24.016129999999997,104.60383999999999,0.01088406370475713,33.93805,25.56239,9.290059999999999,68.7905,0.0190767746934625
E01000413,193.55277,27.867800000000003,21.69168,24.901699999999998,74.46118000000001,0.016756984931846068,47.647569999999995,42.61265,28.831370000000003,119.09158999999998,0.005117210313919359
E01000414,3875.11604,758.08778,768.29862,482.71963999999997,2009.1060399999997,0.00013611467377759335,728.54533,668.47302,468.99165000000005,1866.01,0.00014372127014454056
E01000416,8483.20313,3043.8968900000004,2137.3444299999996,1592.2278999999999,6773.46922,9.295939046322562e-05,689.17902,513.85942,506.69547,1709.7339100000004,0.0005222488378313849
E01000417,2028.5378699999999,142.09235999999999,115.67432000000001,104.42191999999997,362.1885999999999,0.0023016646899463367,705.9005099999999,521.3735399999999,439.07522,1666.3492700000004,0.0004537014011543351
E01000418,542.43716,42.59784,40.50502,31.32918,114.43204,0.011321603692793829,166.67819999999998,151.80928000000003,109.51763999999999,428.0051199999999,0.0011463509017834554
E01000420,353.35952,31.592240000000004,35.10639,26.271590000000003,92.97022,0.01195738120341574,111.36984,76.19353,72.82593,260.38930000000005,0.0029881895848834737
E01000421,195.00772,24.533050000000003,21.123339999999995,19.068109999999997,64.72449999999999,0.018169553055966473,48.85624000000001,44.108369999999994,37.31861,130.28322,0.004351006028520775
E01000422,1343.76675,214.54672,182.55501000000004,150.44896,547.55069,0.0014613099064638953,312.57381,291.4187399999999,192.22351000000003,796.21606,0.0004670525457419292
E01000423,117.98525,19.474729999999997,20.616,10.849649999999999,50.940380000000005,0.019221036857030024,27.86181,20.37837,18.804689999999994,67.04486999999999,0.011260988393914362
E01000426,552.5308699999999,77.30398,89.98241,56.08189000000001,223.36828,0.00443935214536309,147.48914,113.77319999999999,67.90025000000001,329.16259,0.002246646512868718
E01000427,119.22866,20.303749999999997,17.341660000000005,13.653049999999999,51.298460000000006,0.018543546819286813,31.28506,22.988129999999998,13.657009999999998,67.93020000000001,0.011213310349199113
E01000428,2919.20355,515.85406,449.47803999999996,324.74477,1290.0768700000003,0.0004667868724224943,647.39497,602.13581,379.5959,1629.1266799999999,0.00028231000088026973
E01000429,271.30512,41.982510000000005,34.55788,36.74673,113.28711999999999,0.012137581723969861,62.94438999999999,45.641029999999986,49.43258,158.01799999999997,0.004710964210983418
E01000430,458.63513,73.41902999999999,65.47082,56.102590000000006,194.99244000000002,0.00775025934607324,111.19255999999999,87.51700999999998,64.93312,263.64269000000013,0.0017981535331462602
E01000431,93.68356,14.171989999999997,12.754560000000001,13.69529,40.62183999999999,0.031775141678537025,21.89256,21.91973,9.249430000000002,53.061720000000015,0.018373177952057413
E01000433,1216.53761,212.54376000000002,159.88069000000002,149.47296,521.8974099999999,0.001675668040104849,284.4596200000001,238.93202000000005,171.24856000000003,694.6402000000002,0.0006220656164701192
E01000434,1314.11948,285.32872,220.25234999999998,169.04518,674.6262499999999,0.0007114385960755453,254.89190000000002,226.48134999999996,158.11998,639.49323,0.0006919928316106278
E01000436,193.76675,26.96135,24.97878,21.776729999999997,73.71686,0.014377148047219249,46.4494,45.12319,28.477300000000003,120.04988999999998,0.007467269187174559
E01000439,723.59953,119.02305000000001,103.58076,83.68325,306.28706000000005,0.0032983968785109358,175.87908000000002,144.08229999999998,97.35109,417.3124700000001,0.0011820834590818776
E01000441,148.5459,17.05222,23.46709,15.76816,56.28747000000001,0.019553909534432725,33.27447,35.987480000000005,22.99648,92.25843000000003,0.008414747857429749
E01000442,713.8265,104.56853000000001,88.53841000000001,78.94689,272.05382999999995,0.004117475475299691,181.66479,163.27514999999997,96.83273,441.77267,0.0012884081096261992
E01000443,184.73573,22.556359999999994,25.996570000000006,11.68939,60.24231999999999,0.018063693061377714,49.84817,50.05048000000001,24.59476,124.49341,0.005628170424449705
E01000444,281.19294,20.722659999999998,20.187739999999998,16.520229999999998,57.43062999999999,0.02700590813334831,99.82541,70.68102999999999,53.25587000000001,223.76231,0.004080318101142103
E01000445,342.5326,43.58513,47.794610000000006,37.20103,128.58076999999997,0.007340797904906808,82.11717999999999,79.383,52.45165000000001,213.95183,0.0030744471623393964
E01000447,1364.95924,290.40038000000004,301.42526,169.75184,761.5774799999998,0.0008881930713862716,208.97079999999994,248.09044999999995,146.32050999999996,603.3817599999998,0.0008571795574492984
E01000448,368.20117,75.6314,78.1287,42.70540999999999,196.46550999999997,0.0034753438984500887,66.90664000000001,62.112959999999994,42.71606,171.73566,0.0038741165081539104
E01000450,327.91107999999997,43.490179999999995,47.760259999999995,45.21894,136.46937999999997,0.006805637692307905,94.76836999999998,62.26047999999999,34.41285,191.44169999999997,0.004881237257257952
E01000451,913.10397,113.65884000000001,78.43211000000002,94.03714000000002,286.12808999999993,0.004705238050757287,264.15183,200.12778,162.69627000000003,626.9758800000001,0.0011127526604231461
E01000454,555.66019,75.31912999999999,65.84415,55.06962,196.2329,0.004784093173770036,155.11867999999998,116.68071,87.62790000000001,359.42729,0.0018417498880105771
E01000455,247.29282,50.975849999999994,43.19037,30.467950000000002,124.63416999999998,0.007617725386442186,52.259330000000006,37.916329999999995,32.48299,122.65865000000001,0.0055117678353142924
E01000456,73.46562999999999,9.579459999999997,12.801549999999999,7.82155,30.20256,0.03884723515567772,16.52553,16.264839999999996,10.4727,43.26307,0.01966312649278479
E01000457,2900.7834000000003,528.56015,515.4438900000001,356.18008999999995,1400.18413,0.00027321442043210496,590.1280999999999,529.4028000000002,381.06837,1500.5992700000002,0.0002686465437839334
E01000459,603.76589,112.39862000000001,111.93705999999999,78.55413000000001,302.88981000000007,0.0018945243671982474,115.50655,106.35965,79.00988,300.87607999999994,0.0014790717838577684
E01000461,226.85305,39.25803,40.701159999999994,24.57393,104.53312,0.010213990642047418,44.71941,46.443790000000014,31.156729999999996,122.31992999999996,0.006419924452088508
E01000462,4065.80626,1008.59625,756.0766100000001,481.72748999999993,2246.4003499999994,0.00027619577337708776,728.84706,645.4194600000001,445.13938999999993,1819.4059100000004,0.0002877413529228215
E01000463,200.91791999999998,29.3602,29.75075,15.53822,74.64916999999998,0.010293425279783944,48.5415,51.10604999999999,26.621200000000005,126.26875000000003,0.007231802528938042
E01000464,72.7097,7.99083,7.44451,4.37119,19.80653,0.05444889514370033,21.132669999999997,19.98538,11.78512,52.90316999999999,0.018815532134604827
E01000465,604.16222,106.82910000000001,55.21642000000001,70.09067,232.13619000000003,0.005404355250131192,163.81346,124.45310000000002,83.75947,372.02603,0.0016611081633552264
E01000466,1087.59389,141.08294,96.16686,114.72417999999999,351.97398,0.003247462282279896,310.1725,256.33500999999995,169.11239999999998,735.61991,0.0007502737605953726
E01000467,2645.66759,312.39009999999996,298.17046,275.43604000000005,885.9966000000002,0.0013167638075177474,739.09312,572.7345899999999,447.84327999999994,1759.6709900000003,0.0002666184138580429
E01000469,993.04926,119.77288999999999,105.89961999999998,94.10479000000001,319.77729999999997,0.0031372299134877035,280.14981,220.23824000000002,172.88391000000001,673.2719599999998,0.0007277238964995149
E01000470,1231.74051,197.65967,176.68718,131.1893,505.5361499999999,0.001499537034381267,296.53969,251.71715,177.94752,726.2043600000001,0.0006803283534058721
E01000472,3983.16678,725.1167200000001,584.0750899999999,428.2234400000001,1737.4152500000002,0.00027905669427311704,904.7136699999999,744.2765200000002,596.7613399999999,2245.75153,0.00012357654628347757
E01000473,7598.84975,1424.77235,1197.85482,979.7607999999999,3602.38797,6.772464160451828e-05,1571.3716099999997,1376.6496500000003,1048.4405199999999,3996.4617799999996,7.212318627611628e-05
E01000475,506.72871,67.94501,58.36425000000001,53.88257,180.19182999999998,0.004568736771243199,133.30294999999998,106.65673,86.5772,326.5368799999999,0.0013386598743867772
E01000476,335.7048,54.617239999999995,47.20048,46.907759999999996,148.72547999999995,0.006185964798302506,76.54481999999999,61.34572999999999,49.08876999999999,186.97932000000003,0.003066318639435412
E01000477,581.43079,81.1153,69.36125,60.09767,210.57422000000005,0.004120325360059424,138.33384999999998,127.69884,104.82388,370.85657,0.0017284020647122208
E01000478,444.41811,61.08828,45.81359,44.69909,151.60096,0.006445428458286208,112.08834999999999,108.41707000000001,72.31173000000001,292.81714999999997,0.0022697537454179793
E01000479,1266.9452,163.04276000000002,159.66889000000003,122.03688000000001,444.74852999999985,0.0013614710743195002,342.52524,264.54406,215.12737,822.19667,0.0004950233157696448
E01000480,523.23333,88.78827999999999,76.40329000000001,58.76639,223.95795999999999,0.0033693686699186897,129.80083000000002,94.06625999999999,75.40827999999999,299.27537,0.0029069505464250057
E01000481,3286.01612,701.7242399999999,644.4246899999997,320.68141,1666.8303399999998,0.00039338320670469863,677.99837,594.37045,346.81695999999994,1619.18578,0.00034125976221958834
E01000483,2610.602,435.94510999999994,440.20550000000003,301.19928,1177.34989,0.0004502971159872759,564.74919,488.20201,380.30091000000004,1433.25211,0.00021897339649007733
E01000485,817.52778,108.1723,97.74991999999999,83.53464,289.4568600000001,0.0038034852983592727,211.90419000000006,177.42414,138.74259000000004,528.0709200000001,0.001047431564747653
E01000487,2215.27311,400.55129000000005,397.82174000000003,269.39248,1067.7655099999997,0.00047087900179256686,457.82011,415.62341000000004,274.06408,1147.5075999999995,0.0004487440248394239
E01000489,894.82427,131.18664,107.02812999999999,142.31593999999998,380.53071,0.002277637254469112,201.44513999999998,183.20387000000002,129.64455000000004,514.2935600000001,0.0009536919170836744
E01000491,236.27249,43.14596,28.098469999999995,24.13985999999999,95.38429000000004,0.009398545894344253,65.67376999999999,44.632270000000005,30.58216,140.88819999999998,0.005995340011844004
E01000493,1086.60031,169.55792000000002,145.10352,114.05638999999998,428.71783000000016,0.001430977182179827,254.59388999999996,230.03152000000003,173.25706999999997,657.8824799999999,0.0006529317600252038
E01000494,903.31938,114.42496000000003,136.13335,100.75916000000001,351.31747,0.0024354084688914955,201.04451999999998,186.63193000000004,164.32545999999996,552.0019099999998,0.0010821902551977733
E01000495,338.0075,39.53129,40.142469999999996,35.73245,115.40621000000003,0.009221804356155995,73.42679,84.70862,64.46588,222.60129,0.004208140197642613
E01000497,3293.54506,518.4780499999999,461.09033,247.13567000000006,1226.7040499999998,0.000501584496779603,847.58282,701.9195,517.33869,2066.8410100000006,0.00018328722320210732
E01000498,236.38664,44.440599999999996,30.90669,35.01525,110.36253999999998,0.012988670732074176,52.34947999999999,44.7995,28.875120000000003,126.02409999999999,0.005449305489677489
E01000499,3388.93598,478.58801,408.97965999999997,363.07309000000004,1250.64076,0.000368181690207177,823.09524,707.7876199999998,607.4123599999999,2138.29522,0.00022574715547294457
E01000501,388.86023,48.571380000000005,50.854820000000004,36.61819,136.04439000000002,0.005666949108843179,113.49567999999998,85.99704999999999,53.32311,252.81583999999992,0.0031167518621009345
E01000502,119.02163,16.49373,11.5496,12.053560000000001,40.096889999999995,0.03472242913517948,37.25317,25.06619,16.605380000000004,78.92474,0.011850924756848511
E01000503,91.57804,10.308739999999997,13.4645,4.6058,28.379039999999996,0.03740021649866873,27.691029999999998,25.962909999999994,9.54506,63.19899999999999,0.019105971226838207
E01000506,672.47938,122.14972999999999,108.21409,96.52964,326.8934599999999,0.0010590394679374326,137.17135,116.88966,91.52491,345.58592,0.0016314448860133422
E01000507,521.30056,93.27051,70.39586000000001,63.879310000000004,227.54568,0.0031082783395298937,115.64686999999999,107.85045000000001,70.25756000000001,293.75488000000007,0.002216306162575213
E01000508,2283.36495,327.96611,324.35612,289.69412000000005,942.0163500000002,0.0005528217565648641,509.14536,436.70455000000004,395.49869,1341.3486000000003,0.0003038811979202983
E01000510,4260.83445,705.3575399999999,682.9349400000002,546.46179,1934.7542699999997,0.00018256186575614042,871.8192,837.5003399999998,616.7606400000001,2326.0801800000004,0.00015320386174870308
E01000511,641.18761,80.04421999999998,91.75747,102.05330000000001,273.85498999999993,0.004250073516808281,146.92525999999998,117.01942,103.38793999999997,367.3326199999999,0.002136757781812916
E01000512,120.32809999999999,17.50938,11.265789999999999,14.05592,42.83108999999999,0.02480994801141745,34.41816,24.77312,18.305729999999997,77.49701,0.00992492041025931
E01000513,1715.77807,232.03850999999997,219.1708,185.17526,636.3845699999998,0.0006478890496469064,426.52478,343.45369999999997,309.41502,1079.3935000000001,0.00037882294969566804
E01000515,2541.5441,357.89679,346.28459000000004,290.86639,995.04777,0.00041404305324633774,577.8788900000002,522.3661000000001,446.2513399999999,1546.49633,0.0002668985278907937
E01000516,3531.07557,588.5771599999999,528.57538,438.17625,1555.3287900000003,0.00015495077544820494,787.24676,673.6952100000001,514.80481,1975.7467799999997,0.0001401726569005276
E01000518,3666.35712,605.98219,561.20753,506.03976,1673.2294800000004,0.0002445464515278008,781.4605900000001,681.1548,530.5122500000001,1993.1276400000006,0.00012322468694349895
E01000519,2677.60249,340.26941999999997,304.817,301.67449,946.76091,0.001079441238695052,711.1677499999998,542.0249600000001,477.64887,1730.8415799999998,0.0002649879057043642
E01000520,1186.20679,179.0224,172.41304000000002,125.34334999999999,476.77878999999996,0.00128296957879973,312.60685000000007,228.14698,168.67417,709.428,0.0008338057423913067
E01000521,1823.97593,186.74613,187.15709999999999,159.35745000000003,533.26068,0.0010432630881731433,497.01153999999997,432.03296,361.67075,1290.7152500000002,0.00032194896067905287
E01000523,3499.87231,529.2358,573.32575,488.40405,1590.9656000000002,0.00033058889967939233,695.38925,672.5934000000001,540.9240599999999,1908.9067100000002,0.00017729174807321014
E01000524,7327.83193,1352.19875,1336.08511,957.11902,3645.402880000001,9.214329522121666e-05,1380.3987700000002,1303.31719,998.7130900000001,3682.42905,7.331997230142326e-05
E01000525,3225.4689399999997,515.0565,460.24890000000005,393.39344,1368.6988400000002,0.0003431909908663269,721.7252200000001,637.71,497.33488,1856.7701000000002,0.00017158330628659708
E01000526,1649.8745,258.82929,254.20941000000002,204.287,717.3257000000001,0.0008199918883113936,362.93982000000005,326.48400000000004,243.12498,932.5488,0.0004285261390059817
E01000528,607.06211,87.27769,105.19375999999998,89.78280000000001,282.25424999999996,0.0030029408269273456,129.93983,113.49174,81.37629000000001,324.80785999999995,0.0012771499343086862
E01000530,209.01214,28.88346,23.72788,20.243429999999996,72.85477,0.016942552416289045,55.844680000000004,43.82244,36.490249999999996,136.15737,0.004610833537200285
E01000531,399.98767,47.480230000000006,59.243179999999995,50.30566,157.02907000000002,0.0037340528409685707,88.15026000000002,80.81353,73.99480999999999,242.95860000000002,0.0029983402710604275
E01000532,619.96352,65.04958,58.65383000000001,53.529599999999995,177.23301,0.003801246523850232,179.25022,142.1088,121.37149000000001,442.73051,0.0013859937453626152
E01000533,3133.76955,425.31863,385.63948,329.01520999999997,1139.97332,0.00027448555672773215,736.9902199999999,732.5619399999999,524.24407,1993.7962300000002,0.0001951959389093472
E01000535,3423.43201,526.0115699999999,446.27416999999997,358.4155099999999,1330.7012500000003,0.0002247739333098703,818.41209,685.5013500000001,588.81732,2092.73076,0.00015134518540458925
E01000541,3251.85332,352.86852,306.46072000000004,335.9435699999999,995.2728100000002,0.0007833749162434532,901.2436400000001,731.2779900000002,624.05888,2256.5805100000002,0.00020766791344766118
E01000543,9432.34269,1992.76566,1690.05041,1371.04246,5053.8585299999995,7.490230883788567e-05,1671.2476100000001,1514.2076799999998,1193.02887,4378.484159999998,6.596898192260032e-05
E01000544,732.0941799999999,114.33767,111.00169999999999,110.83885000000002,336.1782199999999,0.0017927797472602227,144.94473999999997,139.14162999999996,111.82959,395.9159600000001,0.0011669615567442763
E01000545,2030.19014,362.52415999999994,424.5554399999999,328.69580999999994,1115.7754099999997,0.0004324840033087529,320.51504000000006,338.98089000000004,254.9188,914.41473,0.0004300835435774551
E01000547,462.00313,59.512510000000006,66.91425,58.813790000000004,185.24055000000004,0.003948510697930551,102.98515000000002,99.19795000000002,74.57948,276.76258,0.0018390482507299692
E01000548,3543.92477,770.8288399999998,834.8074100000001,628.9261499999999,2234.5624,0.00020403109170219003,471.38071,486.1327,351.84896000000003,1309.36237,0.0001950047848966207
E01000550,4002.10067,654.1970799999999,663.7788400000001,539.85288,1857.8288000000002,0.0001210755425706709,769.50718,784.2959699999999,590.4687199999998,2144.271870000001,0.00014009395877612082
E01000551,577.05177,97.42567,85.73503,99.26013999999999,282.42083999999994,0.003090946745348811,106.04419000000003,102.89581999999999,85.69092,294.63093000000015,0.002209941639463594
E01000552,853.05306,100.80399,111.44250000000001,90.39031000000001,302.6368,0.0024760377126954625,204.7917,184.47854000000004,161.14602,550.4162599999999,0.0007979736903073159
E01000553,2952.17496,441.0980799999999,459.72638,391.24244999999996,1292.06691,0.0007946166803779679,620.99104,574.47468,464.64232999999996,1660.1080499999998,0.00023658299371605198
E01000554,470.71999999999997,58.393049999999995,66.25238999999999,41.76581,166.41125,0.004409903069840284,117.2398,127.00831,60.06063999999999,304.30875,0.0021854167129082462
E01000555,343.17345,53.378699999999995,56.4353,43.46821,153.28220999999996,0.006812053875963902,76.90282000000002,65.06459,47.923829999999995,189.89124000000004,0.0031358584403781368
E01000556,1561.17029,230.40884999999997,198.43499999999997,183.19842999999997,612.0422799999999,0.0008355071508148715,367.19654,323.97506999999996,257.9564,949.1280100000001,0.0004381072020065831
E01000557,936.39582,146.64890000000003,159.40525,140.27681,446.3309599999999,0.0009647308497325379,184.11591000000007,159.68499000000003,146.26396000000005,490.0648600000001,0.0011865549654286093
E01000563,494.48347,83.71988999999999,80.54808999999999,64.78607,229.05405000000005,0.0024130341443803025,107.09736,86.01373000000001,72.31833,265.42941999999994,0.001614146484871814
E01000564,1732.2310400000001,272.33648,242.58779999999996,203.98223,718.90651,0.0008132190214675662,396.76274000000006,349.0712,267.49059,1013.3245300000001,0.0004531431289553192
E01000565,1981.69019,260.42762999999997,233.13519000000005,219.64440999999997,713.2072299999999,0.0011125807898698333,494.7492899999999,411.1221500000001,362.6115199999999,1268.4829599999996,0.0002919677684200524
E01000568,5445.08925,1290.9178499999996,904.53107,743.0083500000003,2938.4572699999994,0.00024437071045079275,1030.2296,793.4350399999997,682.9673399999999,2506.631979999999,0.000249468382790258
E01000571,1418.83405,205.3584,198.14367,171.65373999999997,575.15581,0.000871902721744472,329.94755,293.17708000000005,220.55361,843.6782399999997,0.0005390934676215192
E01000572,79.81179,11.72066,11.253219999999999,9.202449999999999,32.17633,0.043769722955025445,16.690549999999998,18.58842,12.356489999999999,47.63546000000001,0.025865041745144004
E01000574,291.29634,48.18607999999999,40.586749999999995,35.0019,123.77473,0.008842801778289909,63.40937,69.56343,34.548809999999996,167.52161000000004,0.004798326457425349
E01000575,657.01181,143.59109999999998,128.16688,98.11390999999998,369.87189,0.001866882994456146,108.80812,100.88448,77.44731999999999,287.13992,0.0016902832086153935
E01000576,1033.23588,151.61229,140.2699,114.83929,406.72148000000004,0.0016867326260070843,248.81070999999997,217.19579000000004,160.50789999999998,626.5143999999999,0.0008609175370959287
E01000577,411.78917,97.84492,68.40138,61.51320999999999,227.75950999999998,0.0037578403772510634,76.85267,53.6255,53.55149000000001,184.02965999999998,0.0030952906979791936
E01000578,1632.55443,322.07782999999995,378.32556999999997,294.31017999999995,994.7135799999999,0.0005706206054355754,247.5281999999999,224.03346000000002,166.27918999999994,637.8408499999998,0.0005225125777942555
E01000580,522.97258,76.01980999999999,64.87115,49.260130000000004,190.15109,0.004158601016225777,129.54988999999998,114.83490000000002,88.43669999999999,332.8214900000001,0.0014444978504199518
E01000581,1398.83211,344.9189699999999,272.31892999999997,204.55499999999998,821.7928999999999,0.0007559432008852657,240.41038999999998,193.75580999999994,142.87301,577.03921,0.0007364679083196589
E01000583,2910.06276,534.1223,442.49797,343.63793,1320.2581999999998,0.00024224573806754955,631.98331,554.1927999999999,403.62844999999993,1589.80456,0.0001783987488177093
E01000586,9738.71512,1689.8030199999998,1496.8591000000001,1212.77091,4399.433030000001,3.988242412893237e-05,2071.29961,1837.95744,1430.0250400000002,5339.282090000001,2.5935751791204094e-05
E01000587,194.10969,27.478129999999997,21.12061,26.07622,74.67495999999998,0.01655358524879036,53.489630000000005,31.17748,34.76762,119.43472999999999,0.007237680922122706
E01000589,670.9105,115.07525,118.44714000000002,65.79450999999999,299.3169,0.002917713395268509,140.95902000000004,157.24237000000002,73.39220999999999,371.5935999999999,0.002319404463084684
E01000590,371.34537,71.98736,45.5873,46.20197,163.77662999999998,0.005110890791951326,95.04699000000001,58.15776,54.36399,207.56874000000002,0.003296205232368522
E01000591,718.13248,186.26933000000002,137.97173,117.27667,441.51773000000014,0.0016207134413604193,117.52819000000001,85.70944999999999,73.37711000000002,276.61475,0.002143027035462505
E01000592,1612.37671,339.16760999999997,318.52204000000006,266.17506000000003,923.86471,0.0004403304909254706,274.74761000000007,225.28637999999998,188.47801,688.5119999999998,0.00041041838392454354
E01000594,3944.35866,986.8240599999999,673.2527600000001,536.37929,2196.4561099999996,0.000232438872669291,714.137,552.0615899999999,481.70395999999994,1747.9025499999998,0.00029541454764336677
E01000595,189.32274,24.720740000000003,22.845110000000002,17.65638,65.22223,0.011258908991202281,50.20491,46.58229,27.313309999999998,124.10051,0.007042966612180646
E01000596,1075.09212,128.07852,255.07892999999999,128.41675999999998,511.57421,0.002817760574856434,204.18682,220.08326,139.24783,563.51791,0.00096341802054511
E01000599,1051.1796,156.62999,191.4114,133.91373000000002,481.95512,0.0013577968974102436,206.77970000000002,199.19243,163.25235,569.2244800000001,0.0006625518352536615
E01000601,3062.34343,575.2051099999999,697.93467,170.62728,1443.7670599999997,0.0007320603690109527,689.7112699999999,683.56463,245.30046999999996,1618.57637,0.0004885257818635536
E01000602,648.23098,89.48280000000001,142.50161000000003,77.69273,309.67714000000007,0.00378930225999857,136.2291,119.00868,83.31606,338.55384,0.001490850070190561
E01000603,638.4891,136.32064999999997,165.87868,76.93140000000001,379.13072999999997,0.0017699797896903095,107.36004000000003,90.10170000000001,61.89662999999999,259.35837,0.002755313295576227
E01000604,344.8084,34.876239999999996,34.84165,30.48388,100.20177000000002,0.008388623461951107,113.80666999999998,79.41202,51.38794,244.60662999999997,0.0030264158988074896
E01000605,976.72327,176.00266,174.35767,128.83952999999997,479.19986000000006,0.0015259467966206972,201.42392,158.70923000000002,137.39026,497.52341,0.0010260134283273286
E01000606,465.12819,78.49283,76.4591,20.684669999999997,175.6366,0.009812287317891584,154.84373000000002,127.12747000000002,7.520389999999999,289.49159,0.005278025167996968
E01000608,7678.85817,1274.7374599999998,1198.1075700000001,881.1541500000001,3353.9991800000003,0.0001396326058563963,1716.3976499999999,1560.3489500000003,1048.11239,4324.85899,6.084062648122404e-05
E01000609,256.69822,41.37945,33.97918,8.21038,83.56901,0.019008398088591658,88.41555,79.72247,4.99119,173.12920999999997,0.008925534409350535
E01000612,3377.36567,500.79214,412.4576599999999,319.14335,1232.39315,0.00024170979259451034,882.9300300000002,738.7876600000001,523.25483,2144.9725200000003,0.0001506296695797674
E01000615,299.38534,115.41555000000001,79.95192,13.901969999999999,209.26944000000003,0.007986120452419872,48.986619999999995,32.34122,8.78806,90.11589999999998,0.015174670531442025
E01000616,1773.04205,237.50731,300.46711999999997,246.2312,784.20563,0.0008954442016465735,386.77351000000004,345.99997999999994,256.06293,988.8364199999997,0.00034111868454652446
E01000620,3657.83793,558.13419,512.93466,453.45854999999995,1524.5274000000004,0.000308242295236159,830.1318099999999,711.76584,591.4128799999999,2133.31053,0.0001406005836268334
E01000621,3640.54271,634.8430900000001,582.49027,496.32444999999996,1713.6578100000004,0.0005477088408618173,710.3053,636.7468700000001,579.8327300000001,1926.8849,0.0003561670663827425
E01000622,92.21649000000001,19.26264,17.223600000000005,17.85525,54.34148999999999,0.022993193778056833,13.81442,15.13477,8.925809999999998,37.87499999999999,0.02300928620423105
E01000623,1240.34372,164.86195999999998,145.17637,140.97755999999998,451.01588999999996,0.001731968342766494,319.13480999999996,267.73728,202.45574000000002,789.3278300000002,0.0004847536428224718
E01000625,599.84853,103.33880999999998,96.14549999999998,72.95903,272.44333999999986,0.0020785506751907668,127.57347,118.42625000000001,81.40547,327.40519,0.0024549424299212985
E01000626,2384.6359,344.3735700000001,331.49368,303.00605999999993,978.8733100000002,0.0006424489521949265,556.63929,468.72516,380.39813999999996,1405.7625899999998,0.00028910820237157316
E01000627,1347.58246,180.78235,171.47916,154.01837,506.27988000000005,0.0014170230481560648,330.35825,278.7088,232.23553000000004,841.3025800000001,0.000552135790825658
E01000628,2236.43989,348.31057000000004,332.8255800000001,271.93877,953.0749199999999,0.00033935710261569555,497.40022,424.3602199999999,361.60452999999995,1283.36497,0.00030829177500979205
E01000633,25083.98083,4637.97699,4478.091239999999,3330.50249,12446.570720000005,1.3467092542902674e-05,4827.967280000001,4465.80161,3343.6412200000004,12637.41011,1.3849777010112307e-05
E01000634,3668.57648,742.9347599999999,761.83693,582.4861,2087.2577899999997,0.00024553653187353987,608.1248199999999,588.6056699999999,384.5882,1581.3186900000005,0.00019436312475195326
E01000636,2875.68608,462.78929999999997,521.66851,442.02448,1426.4822900000001,0.0006011073547708692,556.08783,480.42518000000007,412.69077999999996,1449.20379,0.00045360915938269693
E01000638,6253.75704,811.40578,737.7896199999999,572.8868600000001,2122.0822599999997,0.00012104988301168181,1589.46296,1428.74408,1113.46774,4131.674780000001,5.286997904382787e-05
E01000640,6901.00641,1054.0313899999999,1102.66291,948.7920299999998,3105.4863299999997,0.0001743304451062612,1372.9781299999997,1331.55982,1090.98213,3795.5200800000007,8.570279639621894e-05
E01000642,9078.7485,1636.6948,1483.7348500000003,1234.21614,4354.645789999999,5.656520184363107e-05,1715.0996099999998,1696.64289,1312.3602099999998,4724.102709999999,3.82304024447843e-05
E01000643,3512.36754,636.25361,524.18118,456.33362999999997,1616.7684199999999,0.00032116016517944285,788.0253299999999,610.49502,497.07877000000013,1895.5991200000003,0.00019908257080936131
E01000645,54.659789999999994,10.80322,8.85114,3.7458199999999997,23.400180000000002,0.06012506084114923,17.40397,8.40974,5.4459,31.25961,0.035526172702549076
E01000646,327.79344,49.04671999999999,51.810129999999994,29.707929999999998,130.56477999999998,0.007264524367137756,87.65632999999998,70.41708,39.15525000000001,197.22866,0.004349141973289656
E01000648,193.5433,23.627229999999997,31.230420000000002,16.664540000000002,71.52219,0.013580401188869462,48.9741,47.93969,25.10732,122.02111,0.006145399710396313
E01000649,505.81485,104.22602,85.13636999999999,70.34371,259.7061,0.0040563184565358045,104.26371999999999,90.1504,51.69463,246.10874999999996,0.0027367479791926726
E01000650,163.58397,29.93508999999999,32.70953,19.07506,81.71968,0.018553521325391703,29.967230000000004,25.90461,25.99245,81.86428999999998,0.009771317897750997
E01000651,181.6291,20.627379999999995,24.34225,10.23188,55.20150999999999,0.01967826557920765,45.254039999999996,50.32691,30.846640000000004,126.42759,0.005546941049488177
E01000653,147.26821999999999,30.217879999999997,21.603060000000003,16.933889999999998,68.75483000000001,0.018493750664684123,39.47433,25.56598,13.47308,78.51339,0.014518104237079676
E01000656,156.14491,26.454459999999997,25.70234,13.13939,65.29619,0.014624709484212992,38.67433999999999,37.64412,14.530259999999998,90.84871999999997,0.010317356258983475
E01000657,259.24756,44.72721,45.38060999999999,26.526370000000004,116.63418999999999,0.008752642753454446,53.08615999999999,57.272969999999994,32.254239999999996,142.61336999999997,0.005173680468685715
E01000659,390.39441999999997,45.92199999999999,40.940250000000006,37.09727,123.95951999999998,0.010994346022133332,117.23701999999999,99.02432,50.173559999999995,266.4349,0.002740116931351355
E01000661,1141.87669,162.56663000000003,130.27722,104.72663999999999,397.57049000000006,0.0019525685938302111,324.6459899999999,259.35044999999997,160.30976000000004,744.3061999999999,0.0007115224394919058
E01000662,406.76885,60.47622000000001,79.67484,42.295609999999996,182.44667000000004,0.0040453871061053946,94.76186,85.81880000000001,43.74152,224.32218000000006,0.00280736224977283
E01000663,211.40744999999998,32.498599999999996,38.19853999999999,17.876780000000004,88.57392,0.012895761295625457,58.64728,40.0413,24.144950000000005,122.83353,0.00799505124087421
E01000664,73.68664,5.8670599999999995,12.5441,4.43619,22.84735,0.06445762764531424,19.96763,23.31896,7.5527,50.839289999999984,0.01862813804801483
E01000665,1036.72833,154.30931,134.15973,107.94730000000003,396.41634000000005,0.001542641963903987,283.53121,218.66837,138.11240999999998,640.3119899999999,0.0009251767120969347
E01000666,412.68336999999997,62.560869999999994,72.5695,42.62169999999999,177.75206999999997,0.005984030485025579,98.00714999999998,92.13941,44.78474,234.93129999999996,0.004041667693695173
E01000667,142.24123,16.465999999999998,17.40411,9.02625,42.896359999999994,0.03133928203611097,47.736869999999996,31.389879999999998,20.218119999999995,99.34486999999999,0.008520375610787978
E01000668,1998.22717,282.33778,216.25369999999998,169.92967999999996,668.5211599999999,0.0010873972304037928,616.34958,438.12608,275.23035000000004,1329.7060099999994,0.00038062281239156407
E01000670,608.2915399999999,145.40773999999996,135.26832000000002,78.95958999999999,359.63565,0.0018454318627654479,95.38935999999997,93.89087,59.37566,248.6558899999999,0.002893020291040777
E01000671,736.72797,98.90541,82.75835,64.18599999999999,245.84976,0.002450717301028967,205.21095999999997,163.36245,122.30479999999999,490.87821,0.0009410967227549054
E01000672,178.19995,28.43387,30.94827,15.78826,75.1704,0.019940369244409152,43.95990999999999,34.468689999999995,24.600949999999997,103.02955,0.006638034139677002
E01000673,137.24093,16.607879999999998,19.40478,13.11848,49.13114,0.036367816681952894,36.40604,34.23744,17.46631,88.10979,0.008805871533115005
E01000674,359.18103,63.57596999999999,44.98678999999999,51.95797999999999,160.52074,0.009176468453425622,82.94582000000001,64.95320000000001,50.76127,198.66028999999997,0.0029211636256859367
E01000676,7073.67341,1424.5008399999997,1519.6051200000004,846.7532300000003,3790.85919,0.00013039778276514128,1264.6620100000002,1240.0605399999997,778.0916699999999,3282.8142199999998,0.00014129291098201368
E01000677,329.20535,66.54110999999999,61.70621000000001,45.25015999999999,173.49748,0.004261163217525049,62.888929999999995,52.56898,40.24996,155.70787000000004,0.004409830380072647
E01000678,452.464,83.91893,68.10317,56.74388999999999,208.76598999999996,0.0022873710360338836,102.05215000000001,84.29987999999997,57.34597999999999,243.69800999999998,0.0030784593695087005
E01000679,111.66935,24.14943,18.262890000000002,10.08866,52.500980000000006,0.02411032574652695,24.346879999999995,17.58866,17.232829999999996,59.168369999999996,0.013456282077152864
E01000682,262.10181,38.41729999999999,29.545040000000004,21.445569999999996,89.40790999999999,0.012794470924965141,91.37548,55.7693,25.549120000000002,172.69389999999999,0.00657803982914127
E01000683,193.78978,31.344629999999995,22.092700000000004,21.94596,75.38328999999999,0.016050948864614147,53.151129999999995,39.387440000000005,25.86792,118.40649000000002,0.008643371684832276
E01000684,104.68093999999999,35.0135,18.44109,13.46495,66.91954,0.030069356880606173,16.056179999999998,9.45634,12.248880000000002,37.761399999999995,0.05611548950722365
E01000685,174.86838,23.64574,19.96477,8.2673,51.87781,0.02536743514774886,63.69252,42.00033,17.297719999999998,122.99056999999998,0.008228693438327824
E01000686,662.26206,110.60378000000003,76.76184,59.802099999999996,247.16772000000003,0.003765717514267031,177.84557999999998,145.46734999999998,91.78141,415.0943400000001,0.0011653416385202732
E01000687,156.09879,34.1138,33.952940000000005,22.003120000000003,90.06986,0.007131613280649088,32.64755,25.31688,8.0645,66.02893,0.020412772584927744
E01000689,84.35728,9.49561,11.67463,4.4924800000000005,25.662719999999993,0.06702773428844011,24.98726,22.74888,10.95842,58.69455999999999,0.014949494899953886
E01000690,467.10898,47.255729999999986,55.716770000000004,38.90781,141.88030999999995,0.00741342487445592,166.48966999999996,109.11975000000001,49.619249999999994,325.22867,0.0031614656295979216
E01000691,524.10598,53.89208000000001,59.12353,47.810120000000005,160.82572999999996,0.006478634710042286,167.58201999999997,119.65221000000003,76.04602,363.2802500000001,0.0017736935573719763
E01000692,1180.66883,214.41555999999997,243.38891,157.60306999999997,615.4075399999999,0.0011077274961437868,242.19451999999998,204.20601,118.86075999999997,565.26129,0.0011512455707363754
E01000693,814.7957,175.29053,189.13133999999994,119.44104,483.86291,0.0011592848089211052,139.2359,127.81036999999999,63.886520000000004,330.93279000000007,0.0026851014541819773
E01000694,165.72956,62.34515,36.00033,19.030369999999998,117.37585000000001,0.010973842435126346,24.56275,15.380889999999997,8.41007,48.35371,0.020277705164501277
E01000696,891.46145,129.60315999999997,152.03759,100.45191,382.0926600000001,0.0014296346443312684,198.12902,190.65106,120.58870999999999,509.36878999999993,0.0012141899063660663
E01000697,781.28617,246.91835000000003,191.93742999999998,93.99849999999998,532.85428,0.0016503633131782214,89.04023,107.92294999999999,51.46871,248.43189,0.0034476718250743697
E01000698,115.93041,16.81342,14.9531,9.11415,40.88067000000001,0.03707172366175304,34.270179999999996,26.249220000000005,14.530339999999999,75.04974,0.01200886542495673
E01000699,347.56709,59.53405,51.388619999999996,45.80250000000001,156.72517000000002,0.00308587784700436,87.96576999999999,59.58253,43.29362,190.84192000000002,0.0036407125444576902
E01000700,84.9208,14.376419999999998,21.8561,8.960209999999998,45.192730000000005,0.02078376091828008,16.03664,18.19967,5.49176,39.72807000000001,0.028980489374315337
E01000702,611.30426,135.26816000000002,143.31249,76.57713,355.15778000000006,0.001839476481458515,100.11071000000001,103.51617999999999,52.519589999999994,256.14648,0.0023400693634904025
E01000703,2106.25395,474.80461999999994,453.9830799999999,252.81506000000002,1181.6027600000004,0.0005139871241171929,370.18725,358.74518,195.71875999999997,924.6511899999999,0.0007703505726069779
E01000704,166.69216,26.489939999999994,27.965249999999997,16.16245,70.61764,0.01611596547232155,36.68488999999999,36.503,22.886630000000004,96.07451999999999,0.006475179440961528
E01000705,896.27041,120.79263,105.46713000000001,84.87804000000001,311.13779999999997,0.0021872529915005594,233.47675000000007,214.85527,136.80059000000003,585.13261,0.0007649455270199812
E01000706,978.21175,181.95069,160.15752,128.62087,470.72908,0.000998675262284059,184.93211999999994,173.51813000000004,149.03241999999997,507.48267,0.000861159110212145
E01000707,264.85176,46.94827,54.908339999999995,24.319149999999997,126.17576000000004,0.007821018054270414,54.107719999999986,55.20259,29.36569,138.67599999999996,0.0060832614406992665
E01000708,638.57283,129.60064,132.17851,89.83158,351.61073000000016,0.0015965329508497027,108.64932,106.9798,71.33298,286.9621,0.0017913802727746017
E01000709,64.73925,9.628119999999997,7.751239999999999,6.376870000000001,23.756229999999995,0.0390739887555261,15.749149999999997,17.397209999999998,7.83666,40.98301999999998,0.031667322350843304
E01000710,198.81627,26.46625,58.24667,17.62476,102.33767999999999,0.016497080378006148,38.4733,40.77431999999999,17.23097,96.47859000000003,0.011206915315809553
E01000711,80.05724,11.57251,12.203909999999999,7.20906,30.985479999999995,0.03770330398789343,17.94813,17.30019,13.82344,49.07175999999999,0.017156944043192516
E01000712,445.68302,101.50257999999998,111.89201000000001,71.53482,284.92941,0.002451372030188952,64.22981,61.15419,35.369609999999994,160.75361,0.004770840135939
E01000713,91.47843999999999,12.345799999999999,11.9145,9.02134,33.28164,0.0502837102972943,20.2686,23.18119,14.747010000000001,58.1968,0.014667868876025563
E01000714,4655.55044,933.3970800000001,1023.50295,588.55,2545.4500300000004,0.00021043367778956996,807.373,847.7956600000001,454.93175,2110.10041,0.0002795930772142777
E01000715,426.21806,70.86568,76.20960000000001,38.563250000000004,185.63852999999995,0.004415949221179082,107.15638,89.94283999999999,43.480309999999996,240.57953000000003,0.0033351604055308253
E01000716,128.61697,22.66964,22.011129999999994,17.731499999999997,62.41227000000001,0.022676959918693472,24.36698,21.40183,20.43589,66.2047,0.013761851956329865
E01000717,349.12766,63.16561999999998,47.899150000000006,24.99364,136.05841,0.008797080999945937,82.78128,83.84924999999998,46.43872,213.06924999999998,0.0028893379072124784
E01000718,293.3933,34.18316,38.86966,22.038659999999997,95.09147999999999,0.012110150038654661,78.32186,76.66952,43.31043999999999,198.30181999999994,0.003085274319507681
E01000719,120.50083,31.17606,25.97229,6.9521999999999995,64.10055,0.02098904114996184,23.27594,21.20223,11.922110000000002,56.400279999999995,0.02294714965718623
E01000721,50.57362,7.246439999999999,8.93016,4.56809,20.74469,0.06846119651463906,14.637459999999999,10.683720000000001,4.50775,29.828929999999996,0.0461009207677598
E01000722,1349.20374,219.33381,198.20818000000003,139.15569000000002,556.6976800000001,0.0013598295261093689,318.3843800000001,267.18321000000003,206.93847000000002,792.50606,0.0005263218955484922
E01000724,79.49403,12.612659999999996,17.06948,3.33363,33.015769999999996,0.05278134949769261,19.531779999999998,21.02002,5.9264600000000005,46.47826,0.025601134556076658
E01000727,1195.91469,159.71738,139.82111000000003,109.81863,409.3571199999999,0.002193193267849188,327.06399999999996,269.72105,189.77252000000007,786.55757,0.0006153190871414933
E01000728,250.7266,38.02264000000001,32.251889999999996,11.665239999999999,81.93977000000002,0.013988937511864946,75.27947,66.04871,27.458650000000002,168.78683000000004,0.005205898191621464
E01000730,1939.78439,399.66452000000004,334.3735500000001,190.34466999999998,924.38274,0.0007039434068637209,438.88183,338.89128999999997,237.62853,1015.4016500000002,0.00039014919504893464
E01000731,65.56255,8.82563,12.2144,5.5683,26.608330000000002,0.03865540858741349,14.053519999999997,16.0566,8.844099999999997,38.95421999999999,0.021366398495059134
E01000732,154.28855,14.73588,16.37367,6.404119999999999,37.51367,0.03518369219063897,46.80535999999999,45.429919999999996,24.539599999999997,116.77488,0.007377239887107162
E01000734,55.417049999999996,5.88716,4.42349,2.2462,12.556849999999997,0.08682456620530318,17.76266,15.87775,9.21979,42.8602,0.024750351175596295
E01000735,444.08119,68.22877,49.39722,39.349109999999996,156.97509999999997,0.006618262081543506,128.75402999999997,97.08892,61.26314,287.10608999999994,0.0023741710559522194
E01000736,183.17266,18.10505,14.899389999999999,18.10126,51.10570000000001,0.0218319420381925,62.796620000000004,40.41843,28.851909999999997,132.06696,0.005469079183957586
E01000737,305.84267,45.94065,38.96193,33.32722,118.22980000000001,0.009030200589361779,84.24219999999998,66.81458,36.55609,187.61287,0.004211326197381041
E01000738,527.54795,99.52752000000001,69.00512,76.23749000000001,244.77013000000002,0.0035837679396075552,118.39927000000002,90.88845999999998,73.49009,282.77782,0.0018207515237969154
E01000739,99.22198,9.3339,9.950469999999997,8.731959999999999,28.01633,0.04716129847647002,28.697989999999994,28.280189999999997,14.227469999999999,71.20564999999998,0.011793409657899566
E01000741,2096.7695,541.31667,360.65348000000006,245.82861,1147.7987600000001,0.0005539981249342496,400.06192000000004,306.9744299999999,241.93438999999998,948.97074,0.00038674013057466127
E01000742,122.12777,17.15411,12.171209999999999,9.276810000000001,38.602129999999995,0.02995214946041829,28.17333,33.45786,21.894450000000003,83.52564,0.009597403342898773
E01000743,2319.88982,393.2206900000001,287.93632999999994,241.16624999999996,922.3232700000001,0.000580817273624043,583.0314699999999,472.39750000000004,342.13758,1397.56655,0.00020628215061481306
E01000744,635.32814,97.5276,96.86043,91.91641,286.30444,0.002822506405466242,138.56036999999998,115.1559,95.30742999999998,349.02369999999996,0.0014494326812695823
E01000745,1031.79817,147.89029,139.5679,144.48406,431.94224999999994,0.0017788153316341646,229.96098999999998,228.61114999999995,141.28377999999998,599.85592,0.0006757989770144524
E01000747,145.55411999999998,20.668049999999997,30.114839999999997,13.353340000000003,64.13622999999998,0.013881034731252073,36.18555,30.14307,15.089269999999997,81.41789000000003,0.010471363906058084
E01000749,72.11283999999999,4.141899999999999,7.23013,3.02681,14.398839999999996,0.10311960504469622,18.176479999999998,20.6493,18.88822,57.714,0.01733777346967203
E01000751,889.64963,143.97924,122.6269,85.70127000000002,352.3074099999999,0.002853555445277043,212.54517,182.03291,142.76414000000003,537.34222,0.0018668698162466531
E01000752,391.87234,49.2997,52.49485000000001,36.7789,138.57345,0.006866196035512886,107.95822000000001,94.16412,51.17655,253.29889000000003,0.00295887847218456
E01000753,157.9351,23.11121,18.57037,11.78402,53.465599999999995,0.02784995882438031,49.57815999999999,43.85573,11.035609999999998,104.46949999999998,0.010483128798304178
E01000754,1706.77461,389.27939000000003,255.84268999999995,112.52117999999999,757.6432599999999,0.0014338707880772097,381.68514,344.57999,222.86621999999994,949.1313500000002,0.0009535642033088573
E01000755,263.94145,40.30053000000001,42.02946,15.666369999999997,97.99636000000002,0.0132205913281262,72.20658999999999,61.223299999999995,32.51519999999999,165.94509,0.004619091798855702
E01000756,1961.9553799999999,438.24864,431.30638,277.08967000000007,1146.6446899999999,0.0008019911621176437,312.62447000000003,315.8887399999999,186.79748,815.3106900000002,0.0012345943680102623
E01000757,265.89758,33.7802,49.83792,15.793920000000002,99.41204,0.011475538319423021,64.27512,69.29295,32.91747,166.48554000000001,0.0043640512954275686
E01000760,676.87317,88.88255999999997,112.87889999999999,62.946989999999985,264.70844999999997,0.0029017904473730284,171.62571999999994,147.79483999999997,92.74416000000001,412.16472,0.0016290678651304925
E01000761,178.2369,19.98134,23.088780000000003,10.927209999999999,53.997329999999984,0.029790470350281425,49.74434,61.40731,13.08792,124.23956999999999,0.008643405233098854
E01000762,297.68518,55.66294999999999,31.041900000000002,25.70156,112.40640999999998,0.010297249922113325,93.85318,57.66829999999999,33.75729,185.27876999999998,0.004704388518337612
E01000763,399.32923,67.38398,60.880449999999996,31.79678,160.06121,0.0066476239099614275,102.72917999999997,87.5819,48.95694,239.26801999999998,0.002820252018099993
E01000765,1279.7049299999999,274.42382000000003,315.73099999999994,132.56725,722.72207,0.0010608100323556851,228.58466999999996,223.25256,105.14563000000001,556.9828599999998,0.001451425166595433
E01000766,160.95553,16.000239999999998,18.612160000000003,10.979199999999999,45.591599999999985,0.02669214138104659,55.59579999999999,38.25352,21.514609999999998,115.36392999999995,0.007677142934833072
E01000767,800.41266,161.96027,178.29457,79.29012999999999,419.54497000000003,0.001910374079538296,155.65170999999998,141.63725999999997,83.57872,380.86769,0.001585030722992945
E01000768,57.601609999999994,6.091399999999998,7.464300000000001,7.4807500000000005,21.03645,0.057896472893508424,13.027189999999997,15.34644,8.191529999999997,36.56516,0.027734950968433442
E01000769,313.14213,83.23253,57.87760000000001,51.220380000000006,192.33050999999995,0.009132235485758769,48.92353,37.22298,34.665110000000006,120.81162,0.013310487744390226
E01000770,469.70523,87.95270999999998,83.88837,62.69310000000001,234.53418,0.004432426853226776,97.26075999999999,80.26847,57.641819999999996,235.17104999999992,0.003479230145693668
E01000771,506.58234,95.4882,79.72151,50.57153,225.78123999999997,0.0027957651256302557,117.84583999999998,101.35288,61.602380000000004,280.8011000000001,0.001970619886550111
E01000772,149.98802,20.489939999999997,23.166249999999998,11.531199999999998,55.18738999999999,0.01823925972982656,41.007439999999995,32.022589999999994,21.770599999999995,94.80063000000001,0.008269898295762777
E01000773,104.19085,13.350629999999997,16.35394,13.207279999999999,42.91184999999999,0.027851576425109024,25.603209999999997,26.83509,8.840699999999998,61.278999999999996,0.017126172995052064
E01000774,176.80838,28.306280000000005,19.354029999999998,13.70242,61.36273000000001,0.019810570625795287,51.27763000000001,42.684929999999994,21.483089999999994,115.44565,0.008492709328246754
E01000775,772.61609,175.98354,134.70756,101.93500999999999,412.62611000000004,0.001684520310399877,138.38599000000002,135.04482,86.55917,359.98998,0.0017470012551466644
E01000777,201.89183,35.89136,42.61818,19.122500000000002,97.63204,0.00810245214918664,39.44079,41.57702,23.24198,104.25978999999998,0.006960053709848511
E01000778,729.3196,107.19549,117.30928000000002,68.19169000000001,292.69646,0.0029672881493882954,187.58444999999998,151.25921000000002,97.77947999999999,436.62314000000015,0.001321759874071807
E01000779,532.72458,85.48116999999999,75.95798,56.472370000000005,217.91152,0.0034957227084355174,120.57802000000001,109.05176,85.18328000000001,314.81306,0.0014158471570375384
E01000780,385.24422,39.38821,43.186299999999996,32.55462,115.12913000000002,0.008086008136096317,106.18333000000001,97.24702,66.68473999999999,270.11509,0.001846473082456991
E01000781,1097.6536899999999,136.80383999999998,123.67977999999998,111.63956999999999,372.12319,0.00207172724258888,313.05308999999994,239.29323000000002,173.18418,725.5305,0.0005361183028262496
E01000782,236.85516,32.76891,27.56238,25.746140000000004,86.07743,0.01290128916569415,65.79664000000001,51.31748999999999,33.66360000000001,150.77773,0.0051270163100308975
E01000784,225.16377,18.02964,20.54473,17.24706,55.82143000000001,0.019529155890705852,68.96667,66.01975,34.35592,169.34233999999998,0.0054467231146565626
E01000785,179.30955,21.5764,20.274910000000002,15.123470000000001,56.97477999999999,0.026366046477169655,55.72532,37.58752,29.021929999999998,122.33477000000003,0.006533744721251222
E01000787,289.29819,21.90483,19.94393,14.51218,56.36094,0.020856262114148448,97.09923,83.82992999999999,52.00809,232.93725000000003,0.0027845214089971624
E01000788,959.42913,169.81462999999997,204.06861000000004,129.44935999999998,503.3326,0.0012000930080555464,192.96119000000002,166.98347999999996,96.15186000000001,456.0965300000001,0.001433024326220997
E01000789,256.00315,40.53038,29.959059999999997,30.4767,100.96613999999998,0.010437424455241637,61.837089999999996,51.94617,41.253750000000004,155.03701,0.004705178050932313
E01000790,8500.56005,2076.20174,1759.3903999999998,1070.0514999999998,4905.643640000002,0.00011375256698735638,1453.83162,1324.34241,816.74238,3594.9164099999985,0.0001428438864764926
E01000791,163.24940999999998,27.551269999999995,25.53683,15.8689,68.95700000000001,0.016510329217459385,48.46419000000001,30.470380000000002,15.35784,94.29241000000002,0.0108027967822429
E01000792,343.55851,10.31771,6.1119699999999995,7.46203,23.89171,0.07385578270291368,163.58786,108.18840999999999,47.890530000000005,319.6668,0.0034142189340231484
E01000794,142.84302,26.55032,20.224520000000002,16.25358,63.028420000000004,0.016833486008958277,31.810899999999997,31.587509999999998,16.41619,79.81459999999997,0.011136286986119437
E01000795,146.12796,15.833469999999998,17.213089999999998,7.74473,40.791290000000004,0.02597398406201163,46.53556,42.16991999999999,16.63119,105.33667,0.009292751933602735
E01000797,328.62986,76.29748000000001,52.40419,29.41085,158.11252,0.006193663766372479,64.88076999999998,67.50609,38.130479999999984,170.51734000000005,0.0036796919353916636
E01000798,411.93775,71.73803999999998,61.15510999999999,62.38935000000001,195.2825,0.003977380774086893,88.25122999999996,77.82836999999998,50.57564999999999,216.65524999999997,0.002178450922532667
E01000799,5482.89244,970.0413900000001,995.72435,677.2614799999999,2643.0272200000004,0.00010947592781823169,1056.92128,1035.25556,747.6883799999999,2839.86522,7.291776875321021e-05
E01000801,838.45154,153.15623,142.82198,77.02302999999999,373.00124,0.0019622567127790904,184.29981000000004,168.81217000000004,112.33832000000001,465.45029999999997,0.0009435879572293837
E01000802,530.46724,112.91915,91.62942000000001,66.62827,271.1768399999999,0.002311561792469582,101.04271000000001,94.78457999999999,63.46310999999999,259.29040000000003,0.0017998188949545906
E01000803,87.99731,12.59907,11.563999999999998,9.740619999999998,33.90369,0.026261694794280477,17.765710000000002,16.89962,19.428289999999997,54.09362,0.01454388910347183
E01000805,320.17872,73.32162,66.89261,51.65015,191.86438,0.002803552006716616,51.90766,42.62418000000001,33.7825,128.31434000000002,0.004416631963525564
E01000806,2527.21412,439.64796,444.14003,312.2696400000001,1196.0576299999998,0.0002709348797588732,507.51191,470.93243,352.71215,1331.15649,0.00023923354664948923
E01000807,1571.14805,414.40238000000005,372.06455000000005,214.23778000000001,1000.7047100000001,0.0007200050995182334,204.33312,242.81116,123.29906000000001,570.44334,0.0011993360065309646
E01000808,56.892219999999995,8.81402,8.03938,2.84655,19.699949999999998,0.07077056353337627,15.601179999999998,15.59194,5.999149999999999,37.19226999999999,0.02905378032297525
E01000809,167.73444999999998,29.375539999999997,44.19983,20.34379,93.91915999999998,0.010015575879870038,27.34471,26.522569999999998,19.94801,73.81528999999999,0.010110207882985
E01000813,345.25372,47.17311,48.36688999999999,22.70076,118.24076000000004,0.009521516980623741,92.36171000000002,87.34975000000001,47.30149999999999,227.01295999999994,0.0028517802129727704
E01000816,120.56272,12.514559999999998,12.3661,10.541229999999999,35.421890000000005,0.030692822467494486,35.621489999999994,27.422199999999997,22.097139999999996,85.14082999999998,0.007735387102389502
E01000819,1310.5036499999999,172.52771,163.23041999999995,108.64129999999999,444.39943000000005,0.002125798131938947,369.14752,311.3776,185.5791,866.1042199999998,0.0006583806075407009
E01000820,208.11579,34.1242,29.94088,25.408519999999996,89.47360000000002,0.012275025918714644,51.57511999999999,39.792559999999995,27.27451,118.64219,0.006318651443228784
E01000824,1018.10025,140.60039999999998,120.51033,86.24638,347.35711000000003,0.0017400858396014686,293.87394,235.05627,141.81293,670.7431399999999,0.0007896521639846016
E01000826,51.18629,9.27076,12.76948,4.534389999999999,26.574629999999996,0.055926637207534734,11.53696,9.270189999999998,3.804509999999999,24.61166,0.04707842221702174
E01000827,717.69601,72.74226999999999,83.63119999999999,53.86019000000001,210.23366,0.003194271114395138,214.08308,186.63194,106.74732999999999,507.46234999999996,0.0012224296499465002
E01000828,336.17035,66.75621,45.02521000000001,38.88819,150.66961,0.005355329391541565,77.44072999999999,69.21383999999999,38.84617,185.50073999999998,0.0038779541595446287
E01000831,73.93373,10.29812,8.57334,4.83951,23.710970000000003,0.05999436354740837,18.959319999999998,19.7712,11.492239999999999,50.22276,0.018607011592073994
E01000832,378.15909,63.67484,89.20213000000001,32.31184999999999,185.18882000000002,0.005431792187575266,76.82764999999999,74.06723,42.07538999999999,192.9702699999999,0.0037914290787635957
E01000834,130.17794,14.720229999999997,17.489459999999998,10.50035,42.710040000000006,0.023482361595264442,40.098220000000005,33.7526,13.61708,87.4679,0.01125878257346793
E01000835,1232.15839,216.47029999999998,275.55535999999995,114.11315,606.1388099999999,0.0012101477856148312,230.34333999999998,276.21089,119.46535,626.01958,0.001027883649615303
E01000838,257.46781,39.71986,40.97405,18.51515,99.20905999999997,0.010567599184659302,69.53345999999999,60.177769999999995,28.547520000000002,158.25875000000002,0.004806033637474618
E01000840,70.79293,11.56592,17.947280000000003,5.4622399999999995,34.97544,0.04342649872114464,16.698609999999995,14.134999999999998,4.983879999999998,35.81749000000001,0.03456723405466131
E01000841,94.88638,14.156709999999999,20.385879999999997,12.652069999999998,47.19466,0.022370695176019233,16.648539999999997,20.008100000000002,11.035079999999999,47.69172,0.015591729708832047
E01000843,117.30014,29.060950000000002,15.435769999999996,10.94593,55.44265000000001,0.02205663315186038,25.383149999999997,22.15306,14.321279999999998,61.85748999999999,0.013013914335195645
E01000846,518.63974,102.11713999999999,81.82874,62.13704,246.08291999999997,0.0024379796655981507,104.41731,86.20616999999999,81.93334,272.55682,0.0020899319143977166
E01000847,131.71899,37.50330999999999,30.510320000000004,23.869499999999995,91.88313,0.012866493885993736,13.135379999999998,10.28699,16.41349,39.835860000000004,0.025841867345008495
E01000848,553.0741,166.20213999999999,172.45738999999998,98.33516,436.99469,0.0023669728643589552,49.729970000000016,38.200750000000006,28.148689999999995,116.07941000000001,0.007174685922438965
E01000849,1214.10609,152.68141000000003,146.98055000000002,105.28435,404.9463099999999,0.0014016389592880062,330.09594999999996,276.10377000000005,202.96006000000003,809.1597799999998,0.0006165170341588385
E01000850,4547.27438,684.0660899999999,529.1221099999999,412.75793,1625.9461299999998,0.00034401880005445473,1049.53881,1133.04197,738.7474699999999,2921.3282500000005,0.0003526264135015047
E01000855,24097.558670000002,5133.420960000001,4820.627620000001,3712.36629,13666.414870000002,6.549857077450989e-05,3534.5333999999993,4160.947620000001,2735.6627799999997,10431.143799999998,7.401357954388635e-05
E01000856,4464.26053,794.0741999999999,970.0810099999999,692.75864,2456.91385,0.00018856507819775298,741.1499800000001,735.9965,530.2002,2007.3466800000003,0.00011931092703457375
E01000858,1851.7082699999999,352.24175,412.03076,328.3061,1092.5786099999996,0.000597579742840216,271.7699799999999,280.43848,206.92120000000003,759.12966,0.0004953069907607033
E01000861,5390.18238,983.9279300000001,1103.6664900000003,819.06412,2906.6585399999994,0.00013830290721280909,876.05794,967.9434500000001,639.5224499999999,2483.52384,0.0001159012051584721
E01000862,314.24667,55.19814999999999,65.19478000000001,49.91762,170.31055000000003,0.0046688163399829135,45.47622000000001,60.88253000000001,37.57737,143.93612000000002,0.005852591349481492
E01000863,19175.90748,3466.1704699999996,3837.13751,2751.2917,10054.59968,5.1696884133024985e-05,3220.61706,3528.63531,2372.05543,9121.3078,3.8564392351129496e-05
E01000867,1605.2843,275.54154000000005,248.12963000000002,198.39578999999998,722.06696,0.000566869609732622,367.4585,283.20883000000003,232.55001000000001,883.21734,0.0006004070178433621
E01000868,312.47344,99.80755,67.41421,61.04989999999999,228.27166000000003,0.0033955529458726094,31.50398,30.09317,22.60463,84.20177999999999,0.005640340534820813
E01000869,1919.7559999999999,237.39479000000003,237.47827000000004,145.5339,620.40696,0.0005978932807994329,507.48969999999986,447.15633999999994,344.703,1299.3490399999998,0.0004287818354604425
E01000871,1059.19328,159.11501,115.95138999999999,87.56248999999998,362.62888999999996,0.0016795784774539303,290.22523,224.02314999999996,182.31600999999998,696.5643899999999,0.0007251718361631013
E01000872,2581.22653,389.79967,412.99093999999997,331.81446,1134.6050699999998,0.00028714239786223035,545.559,518.49932,382.56314000000003,1446.62146,0.00023304888643038224
E01000873,102.96531,21.7954,17.09238,11.642830000000002,50.530609999999996,0.02249867183299856,16.624999999999996,19.402789999999996,16.406909999999996,52.4347,0.017352056446004578
E01000874,309.50734,75.24368,54.252269999999996,30.82348,160.31943000000004,0.005918888761982071,58.11392999999999,56.8944,34.17958,149.18791000000002,0.004248593534926983
E01000875,1411.94503,172.04249000000004,173.55074000000002,161.22689000000003,506.8201199999999,0.0011790272586028577,337.90649999999994,319.74091,247.4775,905.1249100000001,0.00042619157126180996
E01000876,4958.24915,1126.509,942.52122,815.94713,2884.97735,0.00019690775673646295,750.2358200000001,735.3548599999999,587.68112,2073.2718,0.00018131620265803862
E01000877,794.08182,194.50602,136.51297999999997,107.02673,438.04573,0.0014218971569144368,141.26864000000003,112.24104,102.52641000000001,356.03608999999994,0.0011234546046961678
E01000879,161.69567,31.070729999999998,30.983500000000003,29.411839999999998,91.46606999999999,0.010847695882445546,29.154290000000003,27.154450000000004,13.920859999999998,70.22959999999999,0.014808782574046438
E01000880,472.02007,109.24003999999998,71.86569,42.977869999999996,224.08360000000002,0.003765758547466485,122.24706,78.67267,47.01673999999999,247.93646999999999,0.0035876459739432906
E01000881,1336.49231,240.06161000000003,211.5154,238.47869000000003,690.0557,0.0008091338913464162,263.74278,202.96696000000003,179.72687000000002,646.4366099999999,0.0008193888271277054
E01000882,62.86796,14.196159999999999,5.2188799999999995,5.6852,25.100239999999996,0.06849437407482539,13.214170000000001,14.44685,10.106700000000002,37.76772,0.02456730526629048
E01000883,1869.9055,346.73500999999993,277.48012,226.68285999999998,850.8979899999999,0.0005840053015941597,379.83367,358.5284,280.64544,1019.0075100000003,0.0003949030127049298
E01000884,781.47993,140.33033,131.11721,103.86283999999999,375.31038000000007,0.0013491161736581747,171.77292,123.25920999999997,111.13742,406.16955,0.0010707988053935903
E01000886,456.97609,71.78897000000002,75.52959999999999,56.16922999999999,203.48780000000002,0.004292666574504757,102.94828,90.80891,59.7311,253.48829000000003,0.0033807111905734925
E01000887,1203.8888,224.80352,216.18825,168.99976999999998,609.9915400000001,0.0011119878159523756,233.64566000000005,212.54666000000003,147.70494,593.8972600000001,0.0010130942121665126
E01000888,1211.9629,125.03823000000001,101.79379999999999,80.93632,307.76835000000005,0.0025028481127985064,366.39380000000006,319.78246,218.01828999999998,904.1945499999996,0.00035342504978639775
E01000890,648.2570000000001,72.02656999999999,75.17956,52.68946000000001,199.89559000000003,0.0029047133736400748,176.49913999999998,142.44263,129.41964000000004,448.3614099999999,0.0009956168220629073
E01000895,960.99013,205.24946000000003,205.63119000000003,172.48963000000003,583.37028,0.0011510862297259724,151.04871999999997,131.17081,95.40031999999998,377.6198500000001,0.0018260598377940038
E01000896,198.21975,47.73542,54.306990000000006,35.64212,137.68452999999997,0.0049612609456657466,19.844949999999994,20.993090000000002,19.697179999999996,60.535219999999995,0.016828875099637815
E01000898,2741.91692,588.89622,505.1971500000001,358.69641,1452.78978,0.0006229455045839033,487.91151,469.56083000000007,331.6548000000001,1289.1271400000003,0.00036380690325327984
E01000899,645.62966,115.69077000000001,163.03787,132.46606,411.19470000000007,0.0020922176613755875,76.06709999999998,95.95553999999998,62.41232,234.43495999999996,0.00312007973062993
E01000900,800.97425,112.69027000000003,118.10959999999999,95.57528000000002,326.37514999999996,0.002101889866673742,178.99818999999997,162.91534000000001,132.68557,474.5991,0.0011960152981994685
E01000902,96.66333,19.0734,20.65736,11.059249999999999,50.790009999999995,0.01691368854127574,17.62321,22.447869999999998,5.802239999999999,45.87332,0.02335144529781197
E01000903,254.03264,80.85607,80.29343,67.50545,228.65495000000004,0.002801682425352183,11.015120000000001,8.11897,6.2436,25.377689999999998,0.0407495589332571
E01000904,2034.25353,360.26791,494.75076000000007,375.6036,1230.6222699999998,0.0005574879684034612,297.64832,298.42736,207.55558,803.6312599999999,0.00044863512193900383
E01000905,895.67623,96.79593,93.85784000000001,80.82833,271.48210000000006,0.001906673330194089,251.06808,202.84350999999998,170.28254,624.1941300000003,0.0008207771499954147
E01000906,1250.79776,213.26968999999997,169.07802000000004,148.18671999999998,530.5344299999998,0.0008408444880645806,295.98959999999994,250.90788999999998,173.36584,720.2633300000002,0.0005551388461470071
E01000908,130.24945,17.82769,23.708070000000003,19.19803,60.733790000000006,0.018408463390840714,28.628500000000003,23.825989999999997,17.06117,69.51566,0.013411437742617376
E01000909,1472.69243,193.31305000000003,247.08395,148.85931000000002,589.25631,0.0016780229999599214,367.62149000000005,312.9997,202.81492999999998,883.4361200000001,0.0006531994595342233
E01000911,116.09012,10.60437,10.73572,7.21237,28.552460000000007,0.04174493807143806,31.20171,35.18332999999999,21.15262,87.53766000000002,0.0077670729337290315
E01000912,1860.75677,272.10987,235.7179,161.05957,668.8873399999998,0.0010772454062617128,489.25830999999994,405.2482299999999,297.3628900000001,1191.86943,0.0003151184766141896
E01000913,341.58200999999997,26.852889999999995,32.27430999999999,28.909769999999995,88.03696999999998,0.010281770435009059,105.12306000000001,85.16216,63.25982,253.54503999999997,0.0022261368292431838
E01000914,25352.21489,6146.325460000001,4026.83028,3037.90961,13211.06535,4.952451866538344e-05,4664.934509999999,4182.12345,3294.0915800000002,12141.14954,4.939364719856428e-05
E01000916,1057.40094,183.03272000000004,139.26131000000004,81.47397,403.76800000000003,0.0013683331601220706,244.09430999999995,241.41165,168.12698,653.63294,0.000667432052793287
E01000917,397.72553,101.3585,78.01773000000003,40.66585,220.04207999999997,0.0036604441642831306,66.24051999999999,67.28359,44.15933999999999,177.68344999999997,0.002221780521656037
E01000918,3939.51111,947.01672,790.10736,634.97784,2372.101920000001,0.000427738388304749,555.68511,582.42831,429.29576999999995,1567.4091900000003,0.0009176216141897689
E01000919,8254.93911,1893.9693099999997,2121.2095400000003,1567.8259600000001,5583.0048099999985,0.0002030325350033395,892.36295,1049.6072,729.96415,2671.9343000000003,0.0003008463983567942
E01000920,734.77746,180.16263000000004,135.0198,70.282,385.46442999999994,0.0022075040585065662,129.08323,128.98067000000003,91.24912999999998,349.31302999999997,0.0013037227053051288
E01000921,610.91186,142.1,141.10080999999997,89.24928999999999,372.4501,0.0011176975339022743,94.91126000000001,91.48924999999998,52.061249999999994,238.46176000000006,0.002173994391618123
E01000922,1345.59842,282.87771999999995,252.67026,173.00161,708.5495899999999,0.0006922272842740333,242.91078,229.28826999999995,164.84978,637.0488300000001,0.0005440459290983027
E01000924,498.21665,51.23657,38.50828,36.615680000000005,126.36053000000001,0.006362006964993593,159.19258000000002,112.79134000000002,99.8722,371.85612,0.0016448730232327784
E01000926,2368.5713,337.9212299999999,325.12746,217.84295999999998,880.8916499999998,0.0004757867378950458,584.7346099999999,500.73499999999996,402.21004,1487.67965,0.00033138071919600444
E01000927,2053.99366,378.43701999999996,339.25539000000003,240.35014,958.0425499999997,0.00044516915724959164,445.6233299999999,371.20108,279.1266999999999,1095.9511099999997,0.00033377869362390193
E01000928,1777.98343,365.18183,357.94212,220.96026000000003,944.0842100000001,0.0003637366584915171,336.14228,321.6906499999999,176.06628999999998,833.8992200000001,0.0005438102794931373
E01000929,1509.39992,202.67808000000002,210.51463999999999,166.73802999999998,579.93075,0.0008636947991296888,349.56706999999994,326.03055,253.87155000000007,929.46917,0.000562642361867241
E01000930,5181.3718499999995,715.4536,727.3289899999999,614.8520799999999,2057.63467,0.00023830427141822378,1106.6682099999998,1087.60304,929.46593,3123.737180000001,0.00014406987779505597
E01000931,5125.93942,921.7043799999998,977.1383400000001,781.4658,2680.30852,0.00013791579198844158,872.9885400000001,867.8767700000001,704.7655900000001,2445.6308999999997,0.00015290612938546064
E01000932,462.27882,66.47564,61.996359999999996,40.81939,169.29138999999998,0.004108126751399526,109.44384000000001,100.15775000000001,83.38584,292.9874300000001,0.0014157403889702316
E01000933,4432.57832,770.6896300000001,699.8431300000001,554.73496,2025.2677200000005,0.00013734296918506503,916.1813,833.2670100000001,657.86229,2407.3105999999993,0.00013682128351753505
E01000934,378.5602,68.73306,68.26524,53.291820000000016,190.29011999999997,0.0028962498055602123,70.25265,63.47293000000001,54.544500000000006,188.27007999999998,0.002357219128113002
E01000935,715.15352,99.38566000000002,100.2298,79.25437,278.86983000000004,0.002795208803713628,160.14875999999998,153.52714999999992,122.60777999999999,436.28369000000004,0.0014876687033855132
E01000938,858.8502,193.08271999999997,137.62809999999996,113.97434999999999,444.68517,0.001319942267457417,164.28600999999998,132.3816,117.49742,414.16502999999994,0.0010812989792476405
E01000939,11180.300299999999,2308.1379499999994,2254.3797400000003,2102.0192799999995,6664.53697,9.169662621816982e-05,1608.2608599999999,1590.0720499999998,1317.43042,4515.76333,8.975328587568568e-05
E01000942,2127.6218,419.92078999999995,311.74782999999996,264.44045,996.1090700000001,0.0005297119983684647,443.0041899999999,399.51541,288.9931299999999,1131.5127300000001,0.00026553934498736893
E01000946,9870.064910000001,2565.00104,2057.07614,1497.0801000000001,6119.157279999998,7.080925806275326e-05,1397.69292,1350.1870700000002,1003.02764,3750.907629999999,0.00012017212593315191
E01000947,6018.30144,943.3247999999999,954.3058799999999,746.2323999999999,2643.86308,0.00023121784919308578,1203.5991,1263.84442,906.99484,3374.438359999999,0.0001459989793330843
E01000948,214.20399,63.81075,53.07848,40.83538,157.72460999999998,0.00556076349842159,24.881960000000003,16.34135,15.256069999999998,56.47938,0.01610770679410707
E01000954,499.14743,112.39676,83.38425000000001,78.42985999999999,274.21087000000006,0.0018012233071415425,78.96356999999999,77.99971,67.97327999999999,224.93656000000007,0.002517373588190066
E01000956,6296.82369,1338.4221,1188.2728,968.5228800000001,3495.21778,0.00010938811567798995,1014.97123,979.0525,807.58218,2801.6059099999998,0.0002067347188313088
E01000958,160.47009,29.353339999999996,23.02629,16.40755,68.78717999999999,0.012175230308639848,34.57789,32.06856,25.036459999999998,91.68291,0.007296036180149892
E01000959,276.90398,70.05167,63.096599999999995,53.07892999999999,186.2272,0.004770439987331907,33.80261,29.14931,27.72486,90.67678000000001,0.006669523766364963
E01000960,1130.20514,234.85084000000003,221.45123999999998,159.45171000000002,615.7537900000001,0.0009051064023285459,191.78346000000002,178.4086,144.25929000000002,514.45135,0.0009275211752477119
E01000963,4334.2734,818.83975,672.27624,511.93184,2003.0478299999993,0.00023056043743136987,908.8842199999999,769.61925,652.7221,2331.22557,0.00011686723914407389
E01000965,66.47618,6.936019999999999,3.86057,3.2467000000000006,14.043289999999997,0.10120270227185961,22.66816,19.018919999999998,10.745809999999999,52.43289,0.01976062322049724
E01000969,2124.33137,418.7887799999999,381.81737000000004,308.67566999999997,1109.2818200000002,0.00035562112259311413,402.42251000000005,333.03399,279.59305,1015.0495499999998,0.0004434298469614523
E01000972,4341.65955,1143.6714900000002,837.37426,599.40288,2580.4486300000003,0.00020802065503202851,747.33351,577.72746,436.14995,1761.2109199999995,0.00025877138557874545
E01000973,3773.39163,754.0564700000001,607.54892,451.9357399999999,1813.5411299999996,0.00026497073291421836,736.2912399999999,747.9254900000001,475.6337700000001,1959.8504999999996,0.0001684653688024015
E01000974,3305.43689,669.3291600000001,722.0870599999998,524.50481,1915.9210300000002,0.0002090873635992611,459.11539000000005,573.7320000000001,356.66847,1389.5158599999997,0.00035849440460420035
E01000975,2875.17734,834.34743,760.2119599999999,683.08181,2277.641199999999,0.0002522621169729367,223.63659000000004,204.24193999999997,169.65761000000003,597.5361399999999,0.0009889742251725149
E01000976,1676.68005,243.18449999999999,201.94197000000003,182.87082,627.9972899999999,0.0010588936049425906,415.9049999999999,355.47917,277.29859,1048.68276,0.0004642877242930617
E01000977,483.24377,76.06169999999999,72.56578999999999,72.68394999999998,221.31144,0.0035537340995380772,92.57456,85.66792,83.68984999999999,261.93233000000004,0.0025741436320034306
E01000978,656.9724,85.26223000000002,81.99313000000001,114.58294000000002,281.8383,0.003331920203002982,161.29964,123.22772000000003,90.60673999999999,375.1341,0.001300772306840859
E01000979,502.32662,68.4043,58.837589999999985,48.31746,175.55935000000002,0.004606114280508329,131.27373,117.89576,77.59778,326.76726999999994,0.0020254097191100963
E01000980,376.3212,42.550979999999996,31.09545,25.583890000000004,99.23031999999998,0.009191413563234814,112.28267999999997,96.28473,68.52347,277.0908799999999,0.0021614925472047673
E01000981,229.63922,31.29813,32.32239,24.066039999999994,87.68656000000003,0.011338724800347973,59.15163,54.85427,27.94675999999999,141.95265999999995,0.0040860897634275
E01000982,119.23966,27.43848,26.619829999999997,16.644869999999997,70.70317999999999,0.01871734540771928,19.939590000000003,19.26956,9.32733,48.53648000000001,0.022508019108691924
E01000983,459.98776,68.08887999999999,68.97355,56.908500000000004,193.97092999999992,0.003428606372696023,92.11758,94.10446999999999,79.79477999999999,266.01682999999997,0.0025409748787319692
E01000984,431.45472,50.5243,41.948769999999996,36.82773999999999,129.30080999999998,0.009585692476226655,129.71969,105.3881,67.04612,302.15391000000005,0.0018954558647404321
E01000985,165.86428,31.252879999999998,29.824049999999996,23.073809999999998,84.15074,0.0118106398775449,34.87441,27.81023,19.0289,81.71354000000001,0.009669027366508081
E01000989,59.39991,5.66479,6.90771,4.6185,17.191,0.05865584714145886,19.51249,12.22754,10.46888,42.20891,0.024702191848016496
E01000991,76.4444,9.748380000000001,6.08356,4.40605,20.23799,0.06851622189890659,22.653350000000003,20.42102,13.132039999999998,56.206410000000005,0.015509010102706637
E01000992,969.8275,150.74765,135.32433,112.59270000000001,398.6646800000001,0.0017374004416703006,234.88182000000003,191.40676000000002,144.87424000000001,571.1628200000001,0.0009755355098660088
E01000993,390.96439,71.78513,64.31743999999999,44.853019999999994,180.95559,0.0034001151372654594,83.47317,70.34037000000001,56.19525999999999,210.00879999999995,0.0031307328884266168
E01000994,209.57891,25.61874,22.474919999999997,20.944110000000002,69.03777,0.015212647289596376,65.03423999999998,48.4364,27.0705,140.54113999999998,0.0053489280160886245
E01000995,1315.21611,138.41206,152.80829,125.02895000000001,416.2492999999999,0.0015028051013981313,363.2036100000001,299.88398,235.87922,898.9668100000002,0.000494862519281764
E01000997,818.97832,112.23662999999999,95.41513,100.46747000000002,308.11922999999985,0.0031634292465081374,220.39271000000002,163.26200999999998,127.20436999999998,510.85909,0.0009148351270965592
E01000998,462.86424,55.793820000000004,47.41328,54.616279999999996,157.82338000000001,0.006988389006147541,125.52999000000001,102.7916,76.71927000000001,305.04086,0.002022771859701712
E01001000,1476.61038,254.20257,253.14945999999998,219.87806000000003,727.2300899999998,0.0011894162443887274,286.50372000000004,254.75285,208.12371999999996,749.3802900000003,0.0005222147840741825
E01001003,490.81333,57.98635999999999,49.86495999999999,46.821979999999996,154.67329999999998,0.005810475930999569,144.56647,108.56027,83.01329000000001,336.14002999999997,0.0016002043275683041
E01001004,448.32162,42.71827999999999,36.91580999999999,37.00076000000001,116.63485,0.008488910299661534,150.55083,106.19611,74.93983000000001,331.68677,0.0022627688562434256
E01001006,781.10844,93.66338999999999,88.6777,69.0681,251.40918999999997,0.0034244506480694877,209.73671000000004,183.39844000000005,136.56410000000002,529.6992500000001,0.0008541929948444132
E01001008,536.29979,83.66990999999999,75.38155000000002,60.73472000000001,219.78617999999997,0.00391219374053118,127.68748,112.74873999999998,76.07739000000001,316.51360999999997,0.001690247794130397
E01001010,1082.4560099999999,244.09359,265.6507,170.5039,680.2481899999999,0.0009091230263132801,151.32342,127.46486000000002,123.41954,402.20781999999997,0.0021395187200722804
E01001011,4122.17222,592.4772300000001,638.69757,543.05492,1774.2297199999998,0.0002791191058881884,873.0220900000002,797.9472299999999,676.9731800000001,2347.942499999999,0.00014714254630618048
E01001013,8474.94996,1775.39631,1909.8135,1170.23779,4855.4475999999995,0.00010168146546834199,1300.5388700000003,1368.0134999999998,950.94999,3619.5023600000004,7.001966516647804e-05
E01001015,192.69182,65.80623,37.631719999999994,19.801159999999992,123.23911,0.008134024073476399,24.869929999999997,25.397,19.185779999999998,69.45271000000001,0.014091860050737287
E01001016,327.21329,25.780970000000003,34.34345,18.667859999999997,78.79228,0.012704346293971807,105.0515,87.80306999999998,55.56644,248.42101000000005,0.0026579351876957584
E01001018,722.77949,109.23614000000002,87.10625000000002,48.58956,244.93194999999997,0.0035005599970101896,216.20899999999995,166.38253999999998,95.25600000000001,477.8475399999999,0.0014536597345746437
E01001019,163.38962999999998,20.555619999999998,18.744680000000002,15.07742,54.37772,0.026018586289287854,49.912130000000005,38.62454,20.475239999999996,109.01190999999999,0.00837903453513937
E01001020,366.0204,55.309349999999995,51.67745,48.759479999999996,155.74628,0.006831242855941862,89.02740999999999,79.11259999999999,42.13411,210.27412,0.003441396739781622
E01001021,208.96142,25.032359999999997,19.433480000000003,12.69287,57.15871,0.028574682419230054,64.21435,46.92781000000001,40.66054999999999,151.80271000000002,0.004531565311486414
E01001022,112.21222999999999,8.73632,11.03048,10.68593,30.452730000000003,0.04087328360099998,44.15815,26.509850000000004,11.0915,81.75950000000002,0.012137960533990433
E01001023,3017.56411,607.4431299999999,517.45352,322.75442,1447.6510699999997,0.0003594314408711292,593.7581799999998,578.6759699999999,397.47889,1569.9130399999997,0.00024016648571921668
E01001024,87.14439,14.69048,11.8212,5.821579999999999,32.33326,0.03943150127835386,21.610909999999997,21.1632,12.037019999999998,54.81112999999999,0.02152442371000194
E01001025,74.87526,18.91522,20.37777,9.1549,48.44789000000001,0.023773778748209063,13.25617,10.13345,3.03775,26.427369999999996,0.05301936777277074
E01001026,202.94137,19.21682,23.95564,10.687380000000001,53.85984,0.02083067627272105,61.45223,52.25585,35.37345,149.08153,0.004996157765370386
E01001027,134.16772,18.618939999999995,17.295799999999996,12.6471,48.56183999999999,0.02650110260257697,40.778009999999995,30.126369999999998,14.701499999999998,85.60588000000001,0.014182020637265562
E01001028,88.29432,14.443299999999999,10.47534,7.64932,32.56796000000001,0.039050468884707236,24.25619,21.62242,9.84775,55.72635999999999,0.02619826611745215
E01001029,539.57202,69.42046,66.42603000000001,50.57447,186.42096,0.00396078469284147,134.99320999999998,138.88535,79.2725,353.15106000000003,0.001941755795410959
E01001031,68.65778999999999,13.91972,12.43295,6.59953,32.9522,0.028300326345738754,17.63695,12.00335,6.065289999999999,35.70558999999999,0.02963417290355361
E01001032,116.65083,23.811099999999996,18.8395,19.773130000000002,62.423730000000006,0.018269907518899346,19.826399999999996,20.8769,13.523799999999998,54.2271,0.02138846383100435
E01001033,677.40854,103.24888999999999,94.44778000000001,70.36519,268.06186,0.0017468861089461774,155.1866,134.90320999999997,119.25687,409.34668000000016,0.0010050710766584985
E01001034,480.43956,105.27234999999999,84.72268,44.24855,234.24357999999995,0.00401045023475826,104.12961,78.60196,63.464409999999994,246.19598000000002,0.002269341247175162
E01001035,738.99517,80.09884,51.43935,58.20791,189.74609999999996,0.0061365200116598176,227.63899999999998,182.02313000000004,139.58694000000003,549.2490700000001,0.001001979601551586
E01001036,345.2109,29.898419999999994,24.21233,15.352479999999998,69.46322999999998,0.01613280802308613,125.17050000000002,83.28903000000001,67.28814,275.74766999999997,0.002566641588838138
E01001037,655.0889999999999,105.51752999999998,97.03208,71.46851000000001,274.01811999999995,0.0018195772242527212,154.82126,136.91312,89.33650000000002,381.07087999999993,0.0011817285493385932
E01001038,655.95567,146.05141,104.82615,83.31281,334.19037000000003,0.0016178447493495722,133.49064,92.70074,95.57392000000002,321.7653,0.001663470533303189
E01001039,151.0122,12.09256,11.358600000000001,8.418949999999999,31.870109999999993,0.035187406303105656,48.93641,42.87954,27.326140000000002,119.14208999999998,0.006293089415643116
E01001040,718.30187,116.92237000000003,90.12401000000003,78.08059999999999,285.12698,0.0033696420913647386,181.5057,138.29134,113.37784999999998,433.17489,0.0012209203383188798
E01001041,2085.60948,324.67801999999995,285.65549,247.96161000000004,858.29512,0.0006458085300746598,497.1511,405.9729600000001,324.19030000000015,1227.31436,0.0003697021524245152
E01001042,1626.99457,396.57271,368.78413,245.64909000000003,1011.0059300000001,0.0003722544122162697,250.39414999999997,200.32099999999997,165.27348999999995,615.9886400000001,0.0006981708526138098
E01001044,528.5094,107.35252,98.50611999999998,69.72328,275.58191999999997,0.003801113688826912,99.72071999999996,97.52209,55.684670000000004,252.92747999999997,0.0020729423364649197
E01001047,125.93472,18.696969999999997,12.406409999999997,11.067759999999998,42.17114,0.02362516378605777,32.752590000000005,32.32886,18.682129999999997,83.76357999999999,0.012019145026266907
E01001049,768.57967,82.03537,74.36807000000002,55.16992,211.57336,0.004748491346437222,198.2993,187.82894000000002,170.87807000000004,557.0063099999998,0.0009599121019878542
E01001050,688.1091,129.50098999999997,122.15170999999998,74.33915999999999,325.99186000000014,0.0019473189397666334,138.80191000000002,126.6058,96.70953,362.1172399999999,0.0010654713252634055
E01001051,496.82794,49.36407999999999,47.88909000000001,36.93733999999999,134.19051,0.009826351151939685,148.69008,129.25179000000003,84.69555999999999,362.63743000000005,0.0015168438606890484
E01001052,461.59812,63.739050000000006,47.33619,53.64994,164.72517999999997,0.007456685854547222,126.77214000000001,96.98716,73.11364,296.87293999999997,0.002031570948395042
E01001053,682.93015,92.84725,96.8236,77.27993000000001,266.95078,0.005144862191725619,156.39768000000004,149.60455,109.97714,415.9793700000002,0.0011014396278303284
E01001054,622.8956999999999,98.38326999999998,79.28940999999999,82.75853000000001,260.4312099999999,0.004686143292833993,140.70013,123.10358,98.66078,362.4644899999999,0.0011168518936687242
E01001055,747.18375,96.60007999999999,79.68719999999999,80.39080999999999,256.67809000000005,0.005264748188161663,207.58106999999998,177.42668,105.49790999999996,490.50566000000003,0.0011433316171019126
E01001058,197.12306999999998,21.601200000000002,14.36313,10.012459999999997,45.976789999999994,0.0293310550837836,72.8375,50.77940999999999,27.52937,151.14628000000008,0.006176324886787342
E01001059,194.58594,18.01349,16.80117,12.875999999999998,47.69066,0.029935359433408734,63.70838,50.55335,32.63355,146.89528,0.005834800441231164
E01001060,372.10377,37.519360000000006,22.41997,30.37228,90.31161,0.018729208112174173,126.98487999999999,91.17744,63.62984,281.79216,0.0025329094233250563
E01001061,426.25944,79.84902999999998,65.48525,59.51852000000001,204.8528,0.004814196763481059,95.63293,75.23442,50.539289999999994,221.40663999999998,0.002668215316452156
E01001062,1301.3569499999999,263.84731,192.73849999999996,112.55798999999998,569.1438000000002,0.0014095971749901164,351.40207999999996,208.66377,172.1473,732.2131499999999,0.0008380691545089444
E01001063,1273.4503,224.93566999999996,196.83883,130.18802,551.9625199999998,0.001460383465498771,323.53612999999996,260.24116,137.71049000000002,721.4877800000002,0.0008737848416957971
E01001064,981.5700899999999,141.5076,115.08973999999996,96.86847999999998,353.46581999999984,0.0018814599194975786,261.17021,202.76223,164.17183000000003,628.1042700000003,0.0008025224977944707
E01001065,3021.91091,645.1408500000001,500.9322699999999,365.74116,1511.8142800000003,0.0003501582079024607,621.4850499999999,533.15147,355.46010999999993,1510.0966300000002,0.0003140709394036422
E01001066,597.64964,58.794560000000004,51.64002000000001,44.8565,155.29108000000002,0.007019539238428386,195.07349999999997,136.40962999999996,110.87543000000001,442.35855999999995,0.001272329413358206
E01001067,61.03745,4.439010000000001,5.50127,1.03734,10.977620000000002,0.12868553197918586,21.938090000000003,21.24464,6.8770999999999995,50.05983000000001,0.020758625982440604
E01001068,154.61658,18.57346,20.930030000000002,9.615689999999999,49.11918,0.02621855277666671,45.67208999999999,39.82264,20.00267,105.4974,0.008365008276053323
E01001070,338.11976,29.079479999999993,26.118930000000002,26.650919999999996,81.84933,0.01640830663180414,108.70936000000002,86.48604,61.07502999999999,256.27043000000003,0.003094983294831832
E01001071,162.22719,23.441789999999997,18.73833,12.57275,54.75287,0.030870561527717295,42.76577,48.55172,16.15683,107.47432,0.009216911988074892
E01001074,1127.51535,186.44491,193.02098999999995,129.02074,508.48664,0.0014725837182572906,261.31064000000003,218.09098999999995,139.62708,619.02871,0.0010304957662968166
E01001075,578.27077,88.08024,82.75014,59.58043,230.41081,0.005672995794900126,129.11624,122.80234000000002,95.94138000000001,347.8599599999999,0.0014947706117134016
E01001076,762.82603,150.26307999999997,99.73024000000001,61.49625000000001,311.48956999999996,0.0029505103859530507,171.45206000000005,170.45609,109.42830999999998,451.33646000000005,0.0008326015508399371
E01001077,138.05204,9.943389999999999,13.81237,6.04318,29.798939999999998,0.03942019723314208,36.010639999999995,38.13914,34.10332,108.25309999999998,0.0054403568470564635
E01001078,445.76144,115.85514999999997,106.31568,62.78532000000001,284.9561499999999,0.0020246997115523223,69.40543,49.55095,41.84891,160.80528999999999,0.0058265298373852015
E01001079,695.70165,87.66491,69.87509999999999,58.34489,215.8849,0.004409142893078206,215.52585999999997,164.75753,99.53336000000002,479.81674999999996,0.0012443929346413192
E01001080,445.33793,86.82400000000003,69.91238,58.49191,215.22829000000002,0.0031985239638232708,90.45573,75.43964000000001,64.21427,230.10963999999996,0.0022556040710955774
E01001081,396.26564,44.458470000000005,42.62828,35.629999999999995,122.71675,0.011541983739607187,117.36811999999999,91.55595,64.62482,273.54889000000003,0.0019090529176659533
E01001083,367.03585,52.183730000000004,52.61687,38.43754,143.23814,0.007502679068830275,98.52682999999998,69.20656,56.06432,223.79771,0.002863027623689115
E01001084,1829.25485,332.12591000000003,281.92898,200.61321999999998,814.6681100000002,0.0006958502633751414,438.73644,355.4385500000001,220.41174999999998,1014.5867400000002,0.0004976088656663219
E01001085,2068.72995,428.5711900000001,337.14264,280.6251900000001,1046.3390200000001,0.0003669043607261685,398.32151000000005,359.54318,264.52624000000003,1022.3909300000001,0.00024659122886971707
E01001087,2534.97635,426.63161,436.78708,364.36336,1227.7820499999998,0.00047282822050433463,495.63912000000005,454.10172,357.45346000000006,1307.1943,0.00031439241279476103
E01001089,1738.44421,322.68972,246.68228,232.35990000000004,801.7319,0.0005156207185740328,368.19259,304.44055000000003,264.07917000000003,936.7123100000002,0.0004283374366392697
E01001091,763.5036699999999,116.67593999999998,119.55999,86.40321000000002,322.63914,0.002636020471812019,174.65804000000003,152.70985,113.49664,440.86453,0.0008046856085979568
E01001092,805.45147,189.69375000000002,157.31036000000003,118.25031999999999,465.2544300000001,0.0015822328993845246,149.45843,110.06959,80.66902,340.19704,0.002368471646065083
E01001093,617.67193,133.19966,120.23794000000001,84.13769000000002,337.57529,0.0017791505221460527,122.81127000000001,98.60028999999999,58.68508,280.0966399999999,0.002073315675313223
E01001094,407.85396,72.33721,63.34624,37.988220000000005,173.67167,0.007536367600620896,98.69803999999999,82.53358000000001,52.95067,234.18228999999997,0.003973723100813005
E01001095,1149.79775,211.65839999999997,164.1544,141.43627,517.2490700000001,0.0007297700283553761,247.74543000000006,226.22131,158.58193999999997,632.5486800000003,0.0006216884691123811
E01001097,8014.66664,1644.3551100000004,1448.44378,912.9240700000001,4005.7229600000014,0.00014052468264344784,1597.3987699999993,1472.1170300000003,939.4278800000001,4008.9436800000003,0.00012506274837373733
E01001099,229.77165,25.38527,27.79961,22.58723,75.77211,0.01362327894094105,63.94764,59.23918,30.81272,153.99954000000005,0.0046331387065870885
E01001102,468.07966999999996,85.21035999999998,94.06118,38.48885,217.76039,0.0041994505014967725,102.10106,102.44511999999997,45.77309999999999,250.31928,0.00355940699449366
E01001103,151.11601,15.370750000000001,21.50307,11.690820000000002,48.56464,0.025681730943261996,52.65056,35.15226,14.74855,102.55136999999999,0.009869195170817434
E01001104,202.22302,30.11748,31.063509999999997,9.19782,70.37881,0.02061018634109827,53.455609999999986,51.315039999999996,27.073559999999997,131.84420999999995,0.005416231510140189
E01001105,267.24357,29.187420000000003,24.79596,24.095130000000005,78.07851000000001,0.016340360501625996,77.97030999999998,69.46211000000001,41.732639999999996,189.16506000000007,0.0036131263977834996
E01001106,240.15432,55.29723,45.40134,26.31865,127.01722000000001,0.009184570418014687,48.11557,46.865379999999995,18.15615,113.13710000000002,0.008142514406935239
E01001107,107.89165999999999,18.068759999999997,13.78892,6.539599999999999,38.39728,0.032392248819407915,28.07146,28.589189999999995,12.833730000000001,69.49437999999999,0.014105232109189191
E01001108,137.51164,18.55086,18.22229,8.10614,44.879290000000005,0.03697564948126879,42.01822,29.380890000000004,21.233240000000002,92.63234999999999,0.011117884190178513
E01001109,507.11827999999997,95.2729,74.64104,68.30321,238.21715,0.003083819731284321,112.58391,90.95607,65.36115,268.9011299999999,0.0017571058795340802
E01001110,1218.36304,186.13454000000002,166.19325999999998,153.7023,506.0300999999999,0.0012563679718525286,288.89144999999996,235.79307000000003,187.64842000000004,712.33294,0.0005317908388236193
E01001111,1777.7823,236.68266000000006,248.97113000000004,200.9348300000001,686.5886200000002,0.0010900958083108264,439.33176000000014,373.54130000000004,278.3206200000001,1091.19368,0.0002842295999929529
E01001112,1481.14184,262.58447,239.55318,212.86888,715.00653,0.0005982663085519896,300.6548,243.89298,221.58753,766.13531,0.0004593470196153717
E01001114,1155.45235,176.65288999999999,171.36897999999997,138.97643000000002,486.9983,0.0016704463129431637,269.54125,231.74666000000002,167.16613999999998,668.4540499999999,0.000466294210168331
E01001115,187.69206,30.25398,23.155939999999998,21.89656,75.30648000000001,0.0171433372594944,49.110260000000004,35.83163,27.443689999999997,112.38558,0.0063163162616367225
E01001116,1219.37901,125.84639,126.94101,90.24591,343.0333100000001,0.0025465927111287283,342.55796,300.95771999999994,232.83002,876.3457000000002,0.0004692524187039556
E01001118,2394.03701,450.97088,406.54254999999995,336.39850000000007,1193.9119299999998,0.0003633981431060447,495.76991,409.28259,295.07258,1200.1250799999998,0.00029608875453510927
E01001119,299.53569999999996,35.242529999999995,25.406679999999998,18.605069999999998,79.25428,0.02303343909885681,109.77109999999999,66.44403,44.066289999999995,220.28142,0.003937724576118873
E01001120,177.01871,23.535209999999996,18.444539999999996,13.874950000000002,55.854700000000015,0.01843304850298887,56.052989999999994,38.192530000000005,26.918490000000002,121.16400999999999,0.005775848255032812
E01001121,71.61228,16.074849999999998,10.23518,11.48702,37.797049999999984,0.02863597547305615,14.60658,11.46858,7.740069999999999,33.81523,0.03139594440325257
E01001122,399.87059,55.913769999999985,34.668929999999996,31.12121,121.70390999999998,0.00978679255173841,129.32257,92.75325999999998,56.09084999999999,278.16668000000004,0.0025589616841984403
E01001123,100.02091999999999,8.81684,8.29567,5.88291,22.995420000000003,0.05052709982973254,29.32417,28.239230000000003,19.4621,77.02549999999997,0.008263884869220098
E01001124,86.57670999999999,12.595709999999999,13.881039999999999,8.614989999999999,35.09174,0.045013439909326665,25.35059,17.99813,8.13625,51.48496999999999,0.022477786902680704
E01001125,1880.72134,364.14441000000005,329.64716,170.13923999999997,863.9308100000002,0.0007389741467207731,448.62789,351.98154,216.1811,1016.79053,0.0005800236487538084
E01001127,799.08922,71.78021000000001,72.08933999999999,53.78956,197.65910999999994,0.004540663188472235,256.62573,202.11328999999998,142.69109,601.4301100000001,0.0008813211510125622
E01001129,161.94402,17.860129999999998,24.68031,11.683529999999998,54.22397000000001,0.030892858649308946,46.21082,40.53645,20.97278,107.72004999999999,0.007364117681748103
E01001130,387.97051,49.086679999999994,32.47415,42.571239999999996,124.13206999999998,0.01008344428624957,123.16768,84.53002000000001,56.14074000000001,263.83843999999993,0.002622314019396918
E01001132,149.32220999999998,23.22572,18.239739999999998,16.10801,57.573470000000015,0.0186118037782883,41.12339,30.620179999999994,20.00517,91.74874000000001,0.008310885744102285
E01001133,386.81537,63.17591999999999,64.57202,45.91190999999999,173.65985,0.003928633107101974,87.98370000000001,77.57758,47.59424,213.15551999999997,0.002665861799125082
E01001134,418.8674,36.75899999999999,38.93679,18.86196,94.55775,0.009178669312509498,148.72093,103.59449000000001,71.99422999999999,324.30965000000003,0.0021390516876148347
E01001135,1217.90321,189.12014000000008,168.74741000000003,117.89836,475.7659100000001,0.0012247808971091886,325.27326,258.25365000000005,158.61039,742.1373,0.0006455151001993352
E01001136,4963.54069,854.2967199999999,772.18947,497.08266,2123.568849999999,0.0001715115176734724,1108.36294,989.66539,741.94351,2839.9718399999992,0.00011539547946811025
E01001137,1027.3020999999999,139.2687,144.04784000000004,103.43492,386.7514599999999,0.0015237993677349872,249.68124999999995,218.8467,172.02268999999998,640.5506399999999,0.0007539594738139148
E01001138,208.71043,45.90829,25.87868,12.585550000000001,84.37252000000001,0.01642105859808573,56.367520000000006,41.14482999999999,26.825559999999996,124.33791000000001,0.005680092724806705
E01001139,1407.17848,195.97695,189.24249999999998,146.87554999999998,532.095,0.0023582223649385708,375.8533100000001,274.8584600000001,224.37171,875.08348,0.0006670781309654698
E01001140,180.61614,25.974269999999997,20.36852,15.21891,61.56170000000001,0.019989931189839306,49.464789999999994,42.17964,27.410010000000003,119.05444000000001,0.006461094590504749
E01001142,726.89618,127.39189999999999,107.45018,95.06905,329.9111299999999,0.001932994685552582,165.25898999999995,130.69504999999998,101.03101,396.98505,0.001422984621715013
E01001143,313.56855,51.28761,43.33658,40.51773,135.14192,0.006603833710236243,77.87865000000001,56.30218000000001,44.24580000000001,178.42663,0.003384324243937213
E01001144,85.54925,13.201080000000001,13.804139999999999,12.304180000000002,39.309400000000004,0.021107047092947515,17.14013,17.395059999999997,11.704659999999997,46.23984999999998,0.019757648739745136
E01001145,2236.50186,496.12144,492.42223,358.12187,1346.6655399999997,0.000214911101243101,322.04071,316.77346,251.02215,889.8363200000001,0.0004197788214276457
E01001147,750.52769,98.11862000000002,84.64710999999998,77.23170999999999,259.99744,0.0031915911237553212,208.48323000000002,170.76805,111.27897,490.5302500000001,0.0011537345496553833
E01001148,259.46528,40.12346,39.1307,30.607770000000002,109.86193000000003,0.009342220892553769,62.994189999999996,46.864639999999994,39.74451999999999,149.60335,0.00446930773863389
E01001149,270.46584,26.613310000000002,21.121519999999997,19.16027,66.8951,0.012497122524349626,90.70653000000001,64.44254,48.42167,203.57074000000003,0.0028632421983591162
E01001150,507.36749,49.624819999999985,48.23565,37.07767,134.93814,0.008267153561518626,158.98153,119.48107000000003,93.96674999999999,372.42934999999994,0.0015402386850617577
E01001151,738.756,110.35025999999998,90.51158000000001,84.01879000000001,284.88063,0.005046284864477179,197.42861,148.01176999999998,108.43499,453.87537000000003,0.0010671550102027412
E01001152,1712.3362,252.92633999999998,223.87264,190.09904,666.89802,0.001103379453497759,430.4059799999999,376.26441000000005,238.76779000000002,1045.4381799999999,0.00044437377290971173
E01001154,534.94293,80.84723000000001,84.5711,45.667429999999996,211.08575999999994,0.004055004796418663,133.49065,112.27311999999999,78.0934,323.85717,0.0015132197989475669
E01001155,6918.43649,1493.4091,1250.4605299999998,814.1621799999999,3558.0318100000013,0.00012655133515692871,1365.7057900000004,1142.61499,852.0839000000001,3360.40468,8.673925837100575e-05
E01001156,2402.36488,327.78587,281.85676,223.26349,832.9061200000001,0.00084814246560803,682.23824,508.39390999999995,378.82661,1569.4587600000002,0.0002627174298385218
E01001157,1742.13623,261.61269000000004,228.93155,215.83898000000005,706.3832200000002,0.001133482968191333,446.36491,303.61096,285.77714000000003,1035.75301,0.0005148241464268884
E01001158,339.30786,59.44212,60.942400000000006,53.38181,173.76632999999998,0.005568656563152114,71.87355,51.19373,42.474250000000005,165.54152999999997,0.0036662794098680633
E01001159,1387.93441,146.00172999999998,147.16660000000002,117.19926,410.36759,0.001990746609913656,424.14629000000014,325.0981299999999,228.32239999999996,977.5668200000002,0.0005635192272151656
E01001162,101.15773,14.485639999999997,12.4069,12.722079999999998,39.614619999999995,0.026759005683000065,21.68931,26.35831,13.495489999999998,61.54311,0.012830751549661887
E01001163,217.2974,46.49875,32.03808000000001,30.35973,108.89656,0.010735423735474058,51.051580000000016,28.320389999999996,29.02886999999999,108.40084000000002,0.007096976216539984
E01001164,3766.97935,643.20031,675.84945,501.0607599999999,1820.11052,0.000138964510994825,775.4471299999999,675.8372799999999,495.58442,1946.8688300000003,0.00015748573425686902
E01001165,1025.38604,170.02906,169.6161,116.20080999999998,455.84597,0.0012744943930622804,219.1255,201.41496,148.99961000000002,569.5400700000001,0.0007517753221861466
E01001166,630.2743399999999,100.44977999999999,94.52777999999998,78.08828,273.06584,0.0023464505516648717,143.12724999999998,115.81708000000002,98.26417000000001,357.20849999999996,0.001272047025728803
E01001167,1983.92716,393.91481999999996,325.10794000000004,195.95578,914.9785399999997,0.0007265504378964921,442.6524499999999,368.09239999999994,258.20377,1068.9486199999997,0.00032744246161148694
E01001168,645.75567,137.17678,108.56616,78.19413999999999,323.93708000000004,0.002095187588255275,135.2833,107.06869999999999,79.46659,321.8185899999999,0.0013090215999497245
E01001169,270.70338,36.64529,28.8888,27.51159,93.04568,0.013879868603968715,77.45501999999999,59.923880000000004,40.2788,177.6577,0.003485181606663258
E01001170,3174.26525,574.5718599999999,480.23571999999996,374.99091,1429.7984899999997,0.0002075666910179493,707.03259,599.3569200000001,438.07725,1744.4667599999996,0.0001504347106644231
E01001171,634.29332,91.14177000000002,76.83701,58.15832999999999,226.13710999999998,0.0036042138952887123,178.96813,139.57673000000003,89.61134999999999,408.15621000000004,0.0013796224949943158
E01001172,1419.75124,282.49631999999997,300.83319,190.04553999999996,773.3750499999999,0.0007991396619843686,266.45723999999996,211.6575,168.26144999999997,646.37619,0.0008905993608593051
E01001173,675.88024,89.75878999999999,68.38999,42.48731,200.63609000000002,0.006093288999197872,217.25933000000003,161.71525999999997,96.26956000000001,475.24415000000005,0.0018374847754864911
E01001175,366.21738,58.31252,53.42600000000001,55.91883000000001,167.65735,0.006780768272769761,92.58639000000001,55.11297999999999,50.86066,198.56003,0.003772490237081014
E01001176,852.18114,83.58749,69.21324,59.03911999999999,211.83985,0.0030090696237768787,264.1313,219.87827000000004,156.33172000000002,640.3412900000001,0.0008804517237914358
E01001177,1035.0035,136.58849,129.33968,104.42527000000001,370.35344000000003,0.0028760035877649364,261.86377,209.41440999999995,193.37188,664.65006,0.000802177776680248
E01001178,4721.32049,812.5242900000001,815.0721699999999,637.74141,2265.33787,0.00029032780017086517,900.83714,865.31766,689.82782,2455.9826200000007,0.00021478355699186644
E01001180,614.7024700000001,122.93353999999997,117.05613999999998,95.00321,334.99288999999993,0.0014636526246531065,107.97191000000001,99.27302000000002,72.46465,279.70957999999996,0.0017665445157962454
E01001181,1035.37971,214.76674000000003,187.77436,200.43288,602.9739800000001,0.0016475126600674248,163.27700999999996,140.19562,128.9331,432.40573,0.0014520930808006199
E01001182,1699.08597,262.34493999999995,275.69336,237.24787999999998,775.28618,0.0011023143326168282,349.60734999999994,331.12388999999996,243.06855,923.7997899999998,0.00044084077188052246
E01001183,9485.53348,1433.8796999999997,1393.29832,1184.25374,4011.4317600000004,0.00010606891675489527,2209.64487,1803.89583,1460.5610199999999,5474.101720000001,5.403090427870188e-05
E01001185,734.08641,112.72113999999999,92.72963999999999,84.22961000000001,289.68039,0.0027197000786556543,173.4493,149.5251,121.43162,444.40602,0.0013131294412795928
E01001186,1495.08728,259.20131,224.22463999999997,199.53163,682.95758,0.0009399647276459193,325.43057,275.22968999999995,211.46944,812.1297000000002,0.0005364430310612082
E01001187,348.25122,35.73853,29.45071,27.89052,93.07976,0.011533752453775173,99.03864999999999,90.75694999999999,65.37586,255.17145999999997,0.0025323114090591084
E01001191,106.63826,7.980009999999998,4.65826,4.360709999999999,16.998979999999996,0.06684054034013631,28.78248,31.55229,29.30451,89.63927999999997,0.011197921307969417
E01001192,849.87717,157.7628,120.63917,107.25898000000001,385.66094999999996,0.001541333415110299,193.38817,151.55195999999998,119.27608999999998,464.2162200000001,0.0010037354140921024
E01001193,378.15279,38.586969999999994,41.013,35.860119999999995,115.46008999999998,0.009531580838300146,101.80186000000002,94.40489,66.48594999999999,262.69270000000006,0.002126660610772312
E01001195,217.64999,28.516599999999997,26.143780000000003,18.3987,73.05908,0.013894362489775679,63.57714,49.48449,31.52928,144.59090999999998,0.005546447727921063
E01001196,86.37285,13.607489999999999,9.6003,8.87906,32.08684999999999,0.038873468362129716,22.379590000000004,11.799660000000001,20.10675,54.286,0.02009953891407144
E01001197,306.93492,62.646539999999995,40.6887,27.825380000000003,131.16062,0.0061844878294553905,80.54010000000001,53.02583999999999,42.20836,175.77430000000004,0.004177300460096504
E01001199,610.32754,114.05429999999998,95.81008000000001,83.73347,293.59784999999994,0.0019303313256164563,117.28737999999997,94.76648000000002,104.67582999999999,316.7296899999999,0.002036542900200807
E01001202,795.12271,179.31842999999998,175.30879,154.8404,509.4676199999999,0.000933890330775847,100.82248,108.87363,75.95898,285.65509,0.001830797539761738
E01001204,209.79728,25.141499999999997,20.14373,15.12516,60.41039,0.018920904834174985,62.00949,46.58149,40.79591,149.38689,0.004622484246292237
E01001205,249.2053,40.550709999999995,28.76059,32.27449,101.58579000000002,0.009734039446609668,60.225390000000004,49.07203,38.32209,147.61951,0.004091599023966677
E01001206,409.89344,37.68003,42.351960000000005,30.725429999999996,110.75742000000001,0.01199674781700822,115.85586,105.70433,77.57583000000001,299.1360199999999,0.0025637165813320304
E01001207,469.54175,82.59465,69.6406,55.6442,207.87945000000008,0.0025266635125007577,109.3403,83.95114000000001,68.37086000000001,261.66229999999996,0.0029109400795598057
E01001208,1708.77543,280.58974,210.46652999999998,178.02223000000004,669.0785000000001,0.0008138945291503927,431.58767000000006,325.64585000000005,282.46341000000007,1039.69693,0.00038673655665578716
E01001209,885.5284,124.32819,140.87484999999998,72.13102,337.3340600000001,0.002348984157635261,230.41724000000005,191.61146,126.16564,548.19434,0.0007698653374249357
E01001210,899.41533,122.1902,106.70356,100.65334000000003,329.5471,0.0023178324619066975,226.69269,187.87927,155.29627000000002,569.86823,0.0009234831163268284
E01001211,400.55655,43.721680000000006,76.08799,19.38643,139.19610000000003,0.009174380384885258,106.05134,96.58046000000002,58.72865000000001,261.36044999999996,0.0020267254461861207
E01001212,785.55732,126.85308,115.24127000000001,62.45899,304.5533399999999,0.0028653885260360467,208.42227999999992,148.31521,124.26649000000002,481.0039799999999,0.001047690573362073
E01001214,1185.2332099999999,150.16416,135.48359,141.19394,426.84169000000014,0.003208508708880968,278.98420999999996,239.11877,240.28854,758.39152,0.0007214238728243917
E01001215,3000.76995,557.28343,536.2305900000001,498.99659999999994,1592.51062,0.0003322085459609947,514.8270600000001,456.39047000000005,437.0418000000001,1408.25933,0.00030037765745705657
E01001216,776.6523099999999,115.67728,96.87418,87.32302,299.87448000000006,0.0038347175288961045,196.79046999999997,162.39709999999997,117.59026,476.77782999999994,0.0009597667304037847
E01001218,1180.55038,167.31036000000003,149.91882999999999,99.53521,416.7644000000001,0.002604121994423798,355.37678,291.94187000000005,116.46732999999999,763.7859800000001,0.0011469099602494388
E01001219,262.83288,37.315099999999994,32.08171000000001,26.047329999999995,95.44413999999999,0.014573939098623557,68.57050000000001,53.704589999999996,45.11365,167.38873999999998,0.0051093814151794
E01001220,589.21674,41.18846,38.09158,29.60037,108.88041,0.008566111659994442,224.09607,167.24029000000002,88.99997,480.33633,0.001600722524169588
E01001225,25698.054219999998,6133.3175900000015,5199.6199400000005,4190.86517,15523.802699999998,1.996456959888794e-05,3629.4939700000004,3769.81095,2774.9466,10174.25152,4.3274391527960056e-05
E01001226,1169.26294,172.40023999999994,122.67406,88.62435000000002,383.69865000000016,0.002914187404992645,334.28776999999997,251.53477,199.74174999999997,785.56429,0.0006609368032717865
E01001228,643.04741,105.28697,82.90702,73.58490999999998,261.77889999999996,0.0019054179529725968,145.20060999999995,119.19281000000001,116.87508999999999,381.26851,0.0013055214025555026
E01001229,311.55018,27.91304,39.04696,28.62855,95.58855000000001,0.010228209059743937,80.70607,77.52963,57.72593,215.96162999999996,0.0023832504617260753
E01001230,310.98857,84.24361999999999,62.995689999999996,27.24609,174.48539999999997,0.005837451105500827,55.89284,54.684850000000004,25.925479999999997,136.50317000000004,0.006202684832477655
E01001233,1758.21517,281.39162000000005,325.30791000000005,185.49244000000004,792.1919699999999,0.0006081568177323319,377.62872999999996,367.5132300000001,220.88124000000002,966.0231999999999,0.0006248481540996325
E01001235,1100.32942,215.16018,202.02875,190.05078,607.23971,0.0015832459408327369,174.31580000000002,158.13769,160.63622,493.0897099999999,0.0028005633024537234
E01001237,107.83032,12.42713,13.579930000000001,5.63746,31.644519999999996,0.039613732134129984,32.74082,29.44255,14.002429999999999,76.1858,0.012871266336062052
E01001239,126.71485,27.102259999999998,23.82171,17.72579,68.64975999999999,0.021693103853164475,19.958139999999997,19.691059999999997,18.415889999999997,58.06508999999999,0.0168099666658316
E01001240,934.1050299999999,129.12494999999998,86.50131999999999,109.26550999999999,324.8917800000001,0.0049920009987933,239.62308000000002,197.54911,172.04106000000002,609.2132500000001,0.0015647504276879065
E01001241,487.29064999999997,85.10974000000002,63.637820000000005,52.66828000000001,201.41584,0.0031615241028046994,118.72836,94.86281,72.28364,285.87481,0.001684849430904731
E01001243,1483.24465,279.50595,246.33762,183.00434,708.84791,0.0005660900781900575,306.66961999999995,253.41866999999996,214.30845,774.3967399999999,0.0005796741133658619
E01001244,4500.73394,718.31174,577.8068799999999,475.05074,1771.1693599999996,0.00019524265941833416,1145.51009,883.5245399999999,700.52995,2729.56458,0.00013082456114118428
E01001245,1505.0776,228.04288,194.89685,139.93431999999999,562.8740499999999,0.0008209264937921166,404.1920799999999,305.8285,232.18297,942.2035500000002,0.00037825681801829274
E01001246,1055.53191,227.33137000000002,158.41506999999996,150.14786,535.8943,0.0012338964746246457,202.50375,186.21379,130.92007,519.6376100000001,0.0011958098519379984
E01001247,5402.55121,1220.4464400000002,1065.9396499999998,754.81933,3041.20542,0.00013263364240412968,921.3226099999999,790.2339600000001,649.7892199999999,2361.3457900000003,0.00022065015117069111
E01001248,1068.1960100000001,165.22333999999998,162.86314000000002,114.12567999999997,442.21215999999987,0.0019016543693614316,264.7582,211.4021,149.82355000000004,625.9838500000001,0.000896369957681113
E01001249,7352.2926,1384.3610500000002,1356.90076,962.4936599999999,3703.7554699999987,9.695612539272901e-05,1377.56713,1286.69947,984.2705299999998,3648.5371300000006,9.381511959799266e-05
E01001250,1153.47466,181.07982999999996,186.57072999999997,146.78563,514.4361899999999,0.0008550678265674752,245.21882,212.33595,181.4837,639.03847,0.0006044712691205118
E01001251,1687.81063,223.94961000000004,200.94400999999996,168.57326000000003,593.46688,0.0006716536164811948,437.93793000000005,368.1858899999999,288.21993,1094.34375,0.0003036963611657318
E01001252,5029.75004,828.0846600000001,777.38982,571.75896,2177.23344,0.00010364228630267204,1142.29914,942.4876600000001,767.7298,2852.5166,9.216498719287632e-05
E01001253,303.56669,48.89218,53.326070000000016,35.963719999999995,138.18197,0.005170800554289341,69.98802,50.85671000000001,44.53999,165.38472,0.004213194413262757
E01001254,199.80628000000002,27.555130000000005,29.670450000000002,23.284150000000004,80.50973000000002,0.008705311420205614,55.05950000000001,36.09845,28.138600000000004,119.29654999999998,0.004481723278206519
E01001257,1753.52445,235.93182000000002,213.0824,185.34578999999997,634.3600099999999,0.0014451927654907982,459.70221999999995,370.31096,289.15126,1119.16444,0.0003761889293996117
E01001258,2012.55709,285.39242,225.9829,219.84613000000002,731.22145,0.000988359545835346,515.2341,431.06537999999995,335.03615999999994,1281.3356399999998,0.0002800202562298985
E01001259,1248.00093,194.23426999999998,171.19241,167.98718,533.4138599999999,0.0019048694841759565,287.91614000000004,234.37101,192.29991999999993,714.5870700000002,0.0004848666529063421
E01001260,351.49868,79.60591,61.08020000000001,36.95366,177.63977,0.005292444493951573,73.46830999999999,68.79332,31.597279999999998,173.85890999999998,0.004639423404237748
E01001261,14568.73713,2650.9306099999994,2442.4711500000008,1674.8036800000002,6768.20544,5.4495757982822124e-05,3226.9258700000005,2746.69473,1826.9110900000003,7800.531690000002,4.4032799496133794e-05
E01001262,79.46717,11.270020000000002,14.110789999999998,10.279110000000001,35.65991999999999,0.0264873369973855,17.770609999999998,12.339590000000001,13.69705,43.80724999999998,0.028727922886695328
E01001263,314.5738,34.295829999999995,51.418969999999995,31.70969,117.42448999999999,0.009868869427690954,89.16805,64.69776,43.2835,197.14931000000004,0.003411432978427949
E01001264,237.45347,39.83729999999999,32.36924,35.882349999999995,108.08889,0.013082237312224621,54.453059999999994,48.27013999999999,26.641379999999998,129.36458,0.005922437362640201
E01001266,312.94622,64.70885,61.896739999999994,24.91097,151.51656,0.00701912760466242,70.48255000000002,47.090529999999994,43.856579999999994,161.42966000000004,0.0050688910037845255
E01001267,1171.65542,216.06913999999998,162.98242000000002,133.56441999999998,512.61598,0.0016082877633116755,279.21352999999993,240.51175000000003,139.31416,659.03944,0.0008385955358956995
E01001268,254.54471,32.65178,29.858629999999998,24.38102,86.89143000000001,0.010860851290141454,58.683789999999995,70.29401999999999,38.67547,167.65327999999994,0.005220364869625371
E01001269,1052.57819,291.6484,153.68548,52.199160000000006,497.53303999999997,0.0033571373552156673,279.09130000000005,229.78528,46.16857,555.0451500000001,0.00216940740405387
E01001271,996.83005,201.75964999999997,167.45918,101.38798,470.60681,0.0016861641359081896,237.07987,166.11579999999998,123.02757,526.22324,0.0010688435472569141
E01001272,3547.16692,930.3963699999998,730.65666,373.57684,2034.6298700000002,0.00032767371351580726,612.4605099999999,544.65704,355.41949999999997,1512.5370499999997,0.0006997149589229595
E01001275,554.46651,79.09804000000003,72.02178,46.46644,197.58625999999998,0.0038627163209061697,140.60361999999992,138.52730000000003,77.74933,356.88024999999993,0.0021782207947359917
E01001276,669.39869,108.41718999999999,84.76462,72.3583,265.54011,0.004747653902253904,175.46127,118.0489,110.34841,403.85857999999996,0.003447742368054807
E01001277,656.66026,143.3862,117.41882,100.38407000000001,361.1890899999999,0.0014402395163351095,115.553,101.48778,78.43039,295.47117000000003,0.0013559503333780303
E01001278,5741.88875,1058.7797699999999,933.4812499999999,699.9475999999999,2692.2086200000003,0.00010401687935158283,1171.9787600000002,1049.11833,828.5830400000002,3049.6801300000006,0.00011321675315303334
E01001280,182.61687,31.046329999999998,25.48605,13.764179999999998,70.29655999999999,0.01719981414275723,34.80424,50.52110999999999,26.994959999999995,112.32031000000002,0.006916007379354364
E01001281,319.04909,41.15952000000001,42.47214,27.54958,111.18124000000003,0.01067211945971046,80.87093999999999,71.01693000000002,55.97997999999999,207.86784999999995,0.0022564043706368893
E01001282,147.74043,13.47688,17.72802,10.33226,41.53716,0.026102412697582664,41.773599999999995,37.69428,26.735390000000002,106.20327,0.0077169406620511355
E01001283,2137.8471,227.28725,186.50241,148.40327,562.19293,0.0010111768120752995,645.05729,552.2788199999998,378.31806000000006,1575.6541699999996,0.00025327268257642585
E01001285,1139.70258,212.36908000000003,195.04889,177.26293,584.6809000000001,0.0016512803443379895,206.54637000000002,200.86771000000002,147.60760000000002,555.0216800000003,0.0008015464292667556
E01001286,255.30866,43.9797,41.78638,34.69552,120.46159999999999,0.010867585632939991,52.96247000000001,50.21412000000001,31.670470000000005,134.84706000000003,0.005575562524544708
E01001289,963.01616,154.10689999999994,125.02914,101.20596000000002,380.34199999999987,0.0020741717527415467,234.12835,192.21738,156.32842999999997,582.6741599999998,0.0008403858024525466
E01001290,470.39507,75.89574000000002,78.29786000000001,49.685019999999994,203.87862000000004,0.002949551236347011,112.22456999999999,91.55196,62.739920000000005,266.51644999999985,0.0021553054242151935
E01001291,473.82315,68.20808000000001,47.043610000000015,57.8554,173.10709,0.008783294177896738,121.02650999999999,92.13409999999999,87.55545,300.71606,0.0024835337342144215
E01001293,896.48296,105.67851,81.41595,105.2589,292.35336,0.004840173885463634,241.30736000000005,197.30089999999996,165.52134000000007,604.1296,0.000775959833404468
E01001294,850.79194,91.10451,92.43145999999999,103.77036999999999,287.30634,0.004046650726047433,202.13079000000002,191.06873,170.28608,563.4856000000002,0.000987366551909305
E01001295,894.19034,121.80017,94.48293999999999,104.79104000000001,321.07415000000003,0.005346564666328475,220.46746,198.77314,153.87559,573.11619,0.0006927038798874682
E01001296,289.49518,40.18667,42.55159999999999,36.851600000000005,119.58986999999999,0.011752190876246713,64.27168,54.92600000000001,50.707629999999995,169.90531000000001,0.003546789908221563
E01001297,1758.70313,249.30155000000002,231.50937000000005,239.18753000000004,719.9984500000002,0.001159482020454362,393.91307,348.87368000000004,295.91793,1038.70468,0.0005044975832909991
E01001298,6640.80663,937.5958400000001,896.547,838.3770900000001,2672.5199299999995,0.00025732438902181256,1496.4989899999996,1381.96706,1089.82065,3968.2866999999997,9.336046453250037e-05
E01001299,115.80466,39.5879,16.79464,7.73383,64.11637,0.023769967207932355,27.483399999999996,16.24479,7.9601,51.688289999999995,0.021678697272675747
E01001301,1635.3537,257.41279,270.9611299999999,196.22402000000002,724.59794,0.0006649375941135661,358.56297,329.42246,222.77033,910.7557600000004,0.00033274176764446243
E01001302,968.0452,188.5882,158.95943,95.87176000000001,443.4193899999999,0.001533450130511903,214.16411,187.79743000000002,122.66427000000002,524.6258099999999,0.001050222463185117
E01001303,2500.51137,553.61527,496.57654,395.36412,1445.5559299999998,0.00036695919825879895,386.8934400000001,420.05271,248.00929,1054.95544,0.0004498478304541175
E01001308,228.98613,31.957669999999997,23.521530000000006,24.271939999999997,79.75113999999999,0.010904588432383356,51.01659,57.32441,40.89399,149.23498999999998,0.004855392084098603
E01001309,66.97225,5.609689999999999,8.267900000000001,5.53551,19.4131,0.07616135159475322,18.08891,19.867169999999998,9.60307,47.55915,0.01936490243330261
E01001310,51.81672,4.45466,4.95519,4.67672,14.086569999999998,0.10759411789825855,17.092320000000004,11.36128,9.276549999999999,37.73015000000001,0.024646404923083783
E01001311,78.02255,7.64955,5.242070000000001,3.3533600000000003,16.24498,0.08659451845203865,27.16317,19.46729,15.14711,61.77757,0.013338955573911241
E01001312,1235.26945,238.63941,165.87711000000004,109.32935,513.84587,0.0019475586292586776,334.47685000000007,253.33814999999998,133.60858,721.4235800000001,0.0009409339595910144
E01001313,406.14181,58.29269,37.2071,49.61507,145.11486,0.006365939685179298,113.53426999999999,82.61096,64.88172,261.02694999999994,0.0027964460774335563
E01001315,421.16787,65.55279,60.75081,50.38552,176.68912,0.006069981196358243,105.81242999999999,78.20655000000001,60.45977,244.47875,0.002039687458804706
E01001316,1619.5215699999999,237.69869,189.65846000000005,192.73611,620.09326,0.0014281190732088017,397.69512,325.92636999999996,275.80681999999996,999.4283099999999,0.00038404991496807653
E01001317,467.89519,60.24699,53.49221,50.96808,164.70727999999997,0.006413269118573961,117.26576000000001,114.77634,71.14581000000001,303.18791000000004,0.0022260279477785763
E01001318,278.45323,62.036719999999995,55.56955999999999,45.98928999999999,163.59556999999998,0.00412173258790444,41.62208,46.976379999999985,26.259199999999996,114.85766000000005,0.007027034694668844
E01001321,1241.8084900000001,233.04936000000004,190.02129,147.01267,570.08332,0.001113913460527696,267.69001,230.85855,173.17660999999998,671.7251699999999,0.0005794951705772144
E01001322,8842.87637,1991.41911,1495.12404,1236.5527799999998,4723.0959299999995,8.247167286713108e-05,1630.2583599999998,1295.9571600000002,1193.56492,4119.7804399999995,0.00010810131061109141
E01001323,1709.3678,412.79616000000004,324.91928,279.39607,1017.1115100000001,0.0003728126166002286,263.58749,237.28825000000003,191.38055,692.25629,0.0004887087159920246
E01001324,258.20316,53.69824,50.74031000000001,42.58665,147.0252,0.004321537062844558,44.15039999999999,32.30564,34.721920000000004,111.17796,0.007419951171392282
E01001325,265.43235,32.822939999999996,29.21445,28.80646,90.84384999999999,0.0174587299392735,69.19440999999999,59.79995,45.59414,174.58849999999998,0.0040095816487346145
E01001326,1548.03672,216.21609,183.61038,178.0358,577.86227,0.0017655337738506618,393.78194,330.95303999999993,245.43947,970.1744500000001,0.0003472186440154697
E01001327,1291.95399,212.20326,165.10757999999998,158.73815,536.0489900000001,0.0011695875518744183,319.40984,233.62780000000004,202.86736000000008,755.905,0.0006213057590267093
E01001328,5651.88572,993.6417299999999,781.08258,699.0283200000001,2473.7526300000004,0.0001701320513877887,1319.89234,1015.84113,842.39962,3178.1330900000003,0.00010796791560452584
E01001329,829.02153,97.44613999999999,82.33105,83.60983999999999,263.3870300000001,0.004104605589261114,239.03805000000003,192.33312000000004,134.26333,565.6344999999999,0.0010311949077849631
E01001330,2304.58875,393.59351000000004,316.74237000000005,262.11361,972.44949,0.000785623760395597,553.4922699999998,448.1897799999999,330.4572100000001,1332.1392600000001,0.0003199411423754941
E01001331,905.80823,122.37486,106.80678,99.27148,328.45312,0.004281198119125066,234.46650999999997,193.48592000000002,149.40268,577.3551100000002,0.0008508880248933018
E01001333,3874.10372,712.9652300000001,689.88567,586.17175,1989.0226500000006,0.0003204628194073371,692.2752900000002,625.0538300000001,567.75195,1885.0810700000006,0.00019899344555421208
E01001334,261.65659,28.90825,20.726850000000002,25.96807,75.60316999999999,0.01576028641589037,72.42043,60.291419999999995,53.341570000000004,186.05341999999996,0.0037358187655721
E01001336,968.06987,138.36151999999998,133.42024,138.23726,410.01902,0.0023133192173165128,221.90595000000005,184.69074999999998,151.45415000000003,558.0508500000002,0.0009127962937571475
E01001337,5814.95495,1079.19178,928.24939,718.10806,2725.5492300000005,0.00017610834889895542,1162.55982,1099.4260799999997,827.4198200000001,3089.405720000001,8.718903374876669e-05
E01001338,6225.46075,1427.44614,1180.76308,789.0567299999999,3397.26595,0.00013318497580799696,1102.36728,960.37802,765.4494999999998,2828.1948,0.00014701211681387202
E01001339,385.19594,50.66644,32.194770000000005,29.224009999999996,112.08521999999999,0.0081006201966612,113.07955,98.20459999999999,61.82656999999999,273.11072,0.0023775182753319225
E01001341,1226.32876,194.57069999999993,180.74681999999999,166.68276,542.00028,0.001893617662707514,268.65414,228.21251000000004,187.46183,684.32848,0.00048357010045522
E01001342,316.33216,46.11371,50.327259999999995,43.02367,139.46463999999997,0.005926990153457049,70.50154,56.23482,50.13115999999999,176.86752,0.0033972108581484125
E01001343,184.79292999999998,26.61224,22.84147,21.83429,71.28799999999998,0.014732249868232315,46.75285999999999,42.82049,23.931579999999997,113.50492999999999,0.004872487478537395
E01001344,1145.1786200000001,232.04926999999998,176.825,147.64892,556.5231899999999,0.0008383479276341714,210.368,209.79956,168.48787000000002,588.6554299999998,0.0006261174966711445
E01001346,52.90685,9.27764,8.49576,8.256120000000001,26.029519999999998,0.03805342860743285,9.67995,8.60485,8.59253,26.87733,0.03964828536789263
E01001347,527.46066,111.26874,94.11922,74.83945,280.22741,0.003770008891675662,92.23773,85.62171000000002,69.37380999999999,247.23324999999997,0.0020915175054057483
E01001348,913.65744,139.27218,148.18571999999995,125.92753000000002,413.38543000000004,0.0015162750957331047,190.43298999999996,161.75193,148.08708999999996,500.27200999999997,0.0008030125370630891
E01001349,720.40486,101.68539999999997,97.48296999999998,86.97945,286.14782,0.002537660357167203,167.49308000000005,148.82422999999997,117.93972999999997,434.25704,0.0008297470948416001
E01001350,57.4514,7.972119999999999,5.21311,6.597770000000001,19.782999999999994,0.06913885017556515,17.299399999999995,12.95428,7.41472,37.6684,0.0245234609537534
E01001351,5389.36291,991.0166299999999,886.6905300000002,701.8119999999999,2579.5191600000003,0.0001456396364919975,1104.1320899999998,957.17496,748.5367,2809.8437499999995,0.00010559152147962807
E01001352,2243.71873,417.36033,372.41381,303.52903000000003,1093.30317,0.0002773546050315038,467.01032,377.24988,306.15536,1150.41556,0.0002204244755874701
E01001353,1539.04357,389.82105999999993,323.87978,255.17575000000002,968.8765899999999,0.0005092398764009712,210.85572000000002,196.84784000000002,162.46342,570.1669800000001,0.0006736908851019582
E01001354,759.57267,127.89021999999999,130.40442,85.13934,343.43397999999996,0.0012213429888035493,171.58297,160.58446999999998,83.97125000000003,416.13869,0.0013824602666247712
E01001355,9876.47124,1707.4658300000003,1561.6900999999998,1197.5972900000002,4466.75322,5.0541418707878566e-05,2130.56478,1850.3378199999997,1428.8154200000004,5409.71802,3.534351125072683e-05
E01001357,103.96325999999999,16.15159,15.629480000000001,11.56818,43.34925,0.020001690639134186,24.8254,19.790799999999997,15.997810000000001,60.61400999999998,0.011887892230268551
E01001358,550.65595,46.709959999999995,45.17479,31.693399999999997,123.57815,0.007030084461861,189.04969,125.45637999999998,112.57172999999999,427.0778,0.0011976504000327098
E01001359,745.04521,129.14973999999998,168.72320999999997,125.68875000000001,423.5616999999999,0.0014682145488800235,119.80401000000002,118.57921999999999,83.10028000000003,321.4835100000001,0.002059988535056058
E01001361,15814.98991,2774.8084,2677.2271400000004,2365.7381800000003,7817.77372,4.893930098908068e-05,2885.1231,2738.3560800000005,2373.73701,7997.216190000001,4.3289166145845086e-05
E01001362,6760.22,1475.3972600000004,1278.7454199999997,1070.2640099999999,3824.406690000001,8.979153393469792e-05,1064.13166,1006.61622,865.06543,2935.81331,0.00013203351536305382
E01001363,5006.64427,744.1341500000002,740.4233600000001,671.58694,2156.1444500000002,0.00032999430665048323,1122.8771999999997,967.0137199999999,760.6089000000001,2850.4998199999986,0.00012168355191088205
E01001367,8906.67332,1370.8774199999998,1423.9277399999996,1309.79663,4104.601790000001,0.00021469533543819793,1753.5284300000003,1646.2321400000003,1402.3109600000003,4802.07153,7.567713936089241e-05
E01001369,759.95827,115.14125999999999,108.24081,89.61179999999999,312.9938700000001,0.0019947329767712753,187.13758000000004,142.48488,117.34193999999998,446.96439999999996,0.001317284593598935
E01001370,3658.7274,567.9788,540.85407,485.5631399999999,1594.39601,0.0005814751448388394,801.1610999999999,688.75256,574.4177299999999,2064.3313900000003,0.00013141527813220722
E01001375,208.99674,31.80544,28.171720000000008,17.61224,77.5894,0.011077394307649922,55.164440000000006,41.55044,34.69246,131.40734,0.004550389429976335
E01001376,487.96798,72.6602,62.19934000000001,40.12031999999999,174.97985999999995,0.004465737058918181,134.97601,99.62598999999997,78.38612,312.98812000000015,0.0017523846959175378
E01001377,238.34944,81.26731000000001,52.78823,32.99498,167.05052000000003,0.005034306158335238,27.41668,27.60775,16.27449,71.29891999999997,0.011754048181436522
E01001384,334.59854,57.26615,57.38629,35.69218,150.34462,0.005417234366568408,70.35919,64.87018,49.02455,184.25391999999997,0.0031382971391371597
E01001385,912.30763,171.71196,185.74508,106.57886999999997,464.03590999999994,0.001165282828841421,175.27554999999998,177.91325,95.08292,448.27171999999996,0.0017377281831798645
E01001386,338.5025,85.05024,85.48558,43.98834,214.52416000000002,0.0029254819142585766,44.766059999999996,51.154,28.058279999999996,123.97833999999997,0.006189332585326172
E01001387,131.29532,36.621069999999996,24.65466,18.53186,79.80759,0.010043416122267806,17.680030000000002,18.31991,15.487790000000002,51.48773,0.013805060327787534
E01001388,4309.8414,716.8188,621.60818,495.51640999999995,1833.9433900000004,0.00016599015976643335,1016.41349,808.2613800000001,651.22314,2475.8980099999994,0.00012389309355335064
E01001390,494.73446,68.52201,60.14227000000002,53.80667,182.47095,0.0053039889374285375,109.79285,123.39981999999999,79.07083999999999,312.26351,0.001515419762911837
E01001393,1027.51173,157.14226,135.03211000000002,104.4473,396.62167000000005,0.0014943793320659803,258.88259,225.16791,146.83956,630.8900600000001,0.000737747858990917
E01001394,4250.42171,573.49895,496.94542000000007,512.33019,1582.77456,0.0005016061222424494,1075.4081299999998,858.2698800000002,733.9691399999999,2667.64715,0.00011626773026372745
E01001395,198.82518,37.229,33.882819999999995,31.445479999999996,102.55730000000003,0.008490101351383412,40.728820000000006,33.67672,21.862339999999996,96.26788,0.007944002847517272
E01001396,2449.90778,285.22990000000004,304.09808999999996,253.87423999999996,843.2022300000002,0.0010250826629888334,620.8000600000001,570.8134899999999,415.092,1606.70555,0.00019810886945013885
E01001397,507.25354,39.08355,31.68496,35.77801,106.54652,0.011941756422752423,153.2864,138.11745000000002,109.30317,400.70702,0.001232158277628221
E01001398,109.6806,20.25699,12.127630000000002,18.2364,50.621019999999994,0.028421701170954466,19.2146,27.460379999999997,12.3846,59.059580000000004,0.01901056293094718
E01001399,108.26732,18.940610000000003,13.780140000000001,12.892570000000001,45.613319999999995,0.020300980754897203,28.355669999999996,17.10532,17.193009999999997,62.65400000000001,0.016080680488982382
E01001400,1080.62015,172.99422999999996,156.06119,117.07922000000002,446.13464,0.001531696418233967,245.56843999999998,226.82685999999998,162.09020999999998,634.4855100000001,0.0006429577772747081
E01001402,1232.49971,213.00240000000002,201.76358000000002,162.19574,576.96172,0.0008847993271121045,245.79592,229.98733000000004,179.75474,655.5379899999999,0.0005221843058012847
E01001403,289.0713,52.84684,40.59461999999999,35.54992,128.99138000000005,0.008682201511378225,64.41263000000001,57.705679999999994,37.96161,160.07992000000004,0.004903054370868785
E01001404,195.27693,31.194279999999996,21.274870000000004,22.731289999999994,75.20043999999999,0.019805439148593857,53.573809999999995,40.79233,25.710350000000002,120.07649,0.006458224546834377
E01001406,200.27382,46.81255999999999,41.703010000000006,25.015280000000008,113.53084999999999,0.007084893070991053,37.28798,34.84715,14.60784,86.74297,0.010396758051450166
E01001407,92.00169,9.370299999999997,6.07889,7.3378499999999995,22.787039999999998,0.0493063199195325,30.512310000000003,23.39153,15.31081,69.21464999999999,0.015152994482446348
E01001408,330.53318,43.943470000000005,38.97065,28.00432,110.91844,0.006768051289056065,87.47907,84.37306000000001,47.76260999999999,219.61473999999998,0.0030081084957093145
E01001409,664.50527,73.43463,65.81821,65.95921,205.21204999999995,0.004962126469153263,190.71426000000002,166.71762,101.86133999999998,459.29321999999996,0.0012249680255943462
E01001411,1211.56432,213.83111,190.68614,141.02612,545.54337,0.0010434882933517845,268.07604000000003,240.79516999999998,157.14974000000004,666.0209499999999,0.0008954128979541461
E01001412,464.45932999999997,70.85100999999999,51.375769999999996,41.474779999999996,163.70155999999994,0.007665110401401729,124.70497000000002,107.72030999999998,68.33249,300.7577700000001,0.0021781148436613375
E01001414,332.24343,64.44791,48.331179999999996,29.517599999999998,142.29669,0.005990117990326999,83.26545000000002,75.02042999999999,31.660859999999996,189.94674000000003,0.004400631183487171
E01001415,1224.62216,247.64417999999998,224.48565,155.05172,627.1815500000001,0.0008810586913146015,256.09495,200.43252000000004,140.91314000000003,597.44061,0.001006268157780901
E01001417,67.81611,11.025949999999998,9.926009999999998,7.786689999999999,28.738649999999996,0.04015920896875347,13.83122,15.41263,9.833609999999998,39.077459999999995,0.02482269648384058
E01001418,197.91322,31.565369999999994,25.71738,17.87701,75.15975999999999,0.013849313085807776,55.92358000000001,43.62315999999999,23.206719999999997,122.75346000000002,0.009282630979315112
E01001419,2049.41471,535.89315,422.6225699999999,280.55608000000007,1239.0717999999995,0.00044541212647141126,323.14107,291.42733999999996,195.77449999999996,810.3429100000002,0.0007275780539010412
E01001423,195.60358,37.280150000000006,33.98387,26.66812,97.93213999999999,0.007512552484771103,38.374230000000004,37.66973,21.627479999999995,97.67143999999999,0.006282988116082789
E01001425,956.44567,147.19001000000003,145.85014999999999,154.72208,447.76224000000013,0.0016825035854702772,182.00912999999997,185.80461999999997,140.86968000000002,508.68343000000016,0.0007708115361224279
E01001426,517.20421,66.08662,49.06205999999999,56.08579,171.23447,0.005166126426124017,164.27919,95.30470999999999,86.38583999999999,345.96974000000006,0.002248254258714848
E01001427,1884.29407,342.54022,370.31082000000004,253.36640999999997,966.2174499999999,0.0006112974268947483,362.01209,290.59470999999996,265.46981999999997,918.07662,0.0005140702011429375
E01001429,24341.15502,4318.19284,3878.70351,3163.54649,11360.442840000003,2.3011812302196075e-05,4839.790860000001,4468.80797,3672.1133499999996,12980.712180000004,1.4910806475311802e-05
E01001430,1851.39959,321.54810999999995,318.71435999999994,329.19670999999994,969.45918,0.0008035816348724873,318.14998999999995,319.29706,244.49336,881.9404099999999,0.00037584309039066744
E01001433,348.45778,83.20093,50.845960000000005,51.3784,185.42529,0.007065448102728595,75.40333999999999,50.53039,37.09876,163.03248999999997,0.004987792738618986
E01001436,160.61284,19.998639999999998,23.523049999999998,12.59189,56.11357999999999,0.021023630682543183,49.26160000000001,36.321419999999996,18.91624,104.49926000000002,0.007760777646067287
E01001437,275.96805,61.90532999999999,40.48102000000001,31.926679999999998,134.31303,0.009616388859463795,65.53076999999999,28.27873,47.84552,141.65502,0.01343118141392626
E01001438,799.05324,85.90426000000001,61.28617,73.76050000000001,220.95093,0.0054685730005539415,228.67698000000001,195.65013,153.7752,578.1023099999999,0.0009927020851191162
E01001439,4760.08337,706.16699,628.3652000000001,593.1844199999999,1927.7166099999997,0.0002603963415135503,1059.92455,988.0864900000001,784.35572,2832.3667600000003,6.906288989705367e-05
E01001440,457.27139,103.69082,76.03923999999999,60.25228,239.98234000000002,0.0035869142889890593,93.98998999999998,74.31323,48.98582999999998,217.28905,0.0027199524040637524
E01001441,961.22458,174.45864,165.53146999999998,127.03996,467.0300700000001,0.0008371062710175413,198.30190999999996,165.16394,130.72866,494.1945099999998,0.0008167838529054656
E01001442,219.21491,44.60771999999999,41.480740000000004,19.71684,105.8053,0.0084930751961202,47.34438,41.44585,24.619380000000003,113.40961,0.005286070462433573
E01001444,1412.07553,201.61377,188.41185,169.66513,559.6907500000002,0.0013380400682134557,329.67637,281.90257,240.80584000000002,852.38478,0.0006818945815259274
E01001445,439.58425,92.57644,66.17613999999999,56.85629,215.60887000000002,0.003488714379864582,94.40705,78.9104,50.65793000000001,223.97538000000003,0.0028616423519341487
E01001446,464.82207,69.47581000000001,57.9784,60.87362999999999,188.32784,0.00491968588401275,113.16016,92.8053,70.52877,276.4942300000001,0.002237126190382834
E01001447,1029.16282,203.49756000000002,164.04566999999997,100.11266,467.65588999999994,0.0013696171127639712,220.88305999999994,213.16952,127.45435,561.5069299999999,0.000815761620042796
E01001449,297.64846,24.315589999999997,17.10445,10.30639,51.72642999999999,0.02249619556413857,93.65230000000001,88.436,63.83373,245.92202999999998,0.0020639898341857123
E01001450,3773.08683,892.1116999999999,884.6958500000001,513.81984,2290.62739,0.0002589293589570314,619.17178,500.42656999999986,362.86109000000005,1482.4594399999999,0.0003698339136561023
E01001451,1610.85149,318.18955,297.0507999999999,125.1608,740.4011499999999,0.0017215964623867749,353.53528,313.34549999999996,203.56956,870.4503400000002,0.0008145279287770039
E01001453,306.56642,22.28959,24.65241,8.91393,55.85593,0.019017949141863714,114.86278,91.27565000000001,44.57205999999999,250.71049,0.0032677457423836895
E01001454,246.63696,32.60323,34.659679999999994,14.47068,81.73359,0.013651145486274373,68.98410000000001,58.88925,37.03002,164.90337,0.004857802455932289
E01001455,385.57635,52.955749999999995,52.49599,39.79521999999999,145.24696000000003,0.005111578328375449,97.70304,84.68145999999999,57.94489,240.32939,0.0023411942239256606
E01001456,57.07986,5.818229999999999,4.98319,3.3477200000000003,14.14914,0.08290438875657195,18.778899999999997,10.455279999999998,13.69654,42.93072,0.025880728503598297
E01001458,3087.90808,499.42285000000004,506.1922399999999,391.3275,1396.9425900000003,0.0004389615333466328,671.37833,588.04938,431.53778,1690.9654900000003,0.00021005677778753915
E01001461,877.4666599999999,137.50053000000003,107.34785,99.97028999999999,344.81867,0.0030810406285856785,223.23143999999996,176.407,133.00955,532.6479899999999,0.0009302324701290129
E01001465,2284.12166,353.03155999999996,253.61004,242.81079999999997,849.4524,0.0007431591272744631,634.24371,450.49969,349.92586000000006,1434.66926,0.0003437803102810333
E01001468,669.5485199999999,184.45301999999998,107.90896999999998,87.88801,380.25,0.003492286815589652,134.35326999999998,75.54004,79.40521,289.29852000000017,0.002843935095083735
E01001469,279.47303,32.81469,26.562900000000003,20.682229999999997,80.05981999999997,0.012121636646550313,82.85574,71.15234,45.40512999999999,199.41321000000005,0.0026877045763037356
E01001470,548.80194,82.44931,83.28513,55.76834,221.50277999999997,0.004419071311503759,140.87031,118.32854999999998,68.10029999999999,327.29916000000003,0.0020921775766156014
E01001471,163.98087,17.71306,18.72883,8.91941,45.36130000000001,0.023361224366608264,49.27437,41.25171,28.093489999999996,118.61957000000001,0.00683465323761262
E01001473,67.64345,19.72042,14.426240000000002,1.65734,35.804,0.062126592733977894,14.479109999999999,16.396720000000002,0.9636199999999999,31.839449999999996,0.06526578210675696
E01001474,720.41363,95.68172,91.47179,62.36236999999999,249.51588000000004,0.0035035647298716126,204.28264000000001,166.19995999999998,100.41515,470.8977500000001,0.001193144319399225
E01001476,733.89638,109.77082,90.78300999999998,93.69306999999999,294.2469000000001,0.003623088234541446,181.21168999999998,134.50474,123.93305000000002,439.64948,0.0011422269380863652
E01001478,429.43511,55.35981999999999,43.82547,51.25035000000001,150.43563999999998,0.006619591928273574,112.10035999999998,97.65766000000002,69.24145,278.99947,0.001986161280298783
E01001479,3016.32887,438.97318,415.25938,418.9221800000001,1273.1547399999997,0.0007080047450601439,675.42666,613.07896,454.6685100000001,1743.1741299999996,0.0001862211798600459
E01001480,574.7990599999999,86.61070000000001,64.30014999999999,70.04790000000001,220.95874999999998,0.004075025354407101,154.74533999999997,115.52136999999999,83.5736,353.84031000000004,0.002031922691403577
E01001481,209.24453,35.56827,30.020229999999998,26.00602,91.59451999999999,0.014924101372474092,57.82737000000001,34.59746,25.225179999999998,117.65001000000001,0.008855585578314363
E01001483,285.94169,35.684470000000005,27.06365,16.824910000000003,79.57303,0.012069485877948028,89.45066999999999,69.63499999999999,47.28299,206.36865999999992,0.0026482831756857355
E01001485,1017.0281699999999,181.12989,146.27506,163.37981000000002,490.78476,0.0009588281036909843,200.49301999999997,168.33162,157.41877,526.2434099999998,0.0008024665564252651
E01001486,1051.32176,130.66497999999999,98.42489,118.63228999999998,347.7221599999999,0.003820311232628915,296.696,219.60473,187.29886999999997,703.5996,0.0008189537838344254
E01001488,245.16033,58.696960000000004,42.72290000000001,50.96011,152.37997000000001,0.007492534455253232,38.00341,31.829029999999996,22.94792,92.78036000000002,0.010556962559866545
E01001489,277.47891,37.735569999999996,34.87142,32.5249,105.13188999999998,0.006988723917614392,75.65195,56.57224,40.12282999999999,172.34702,0.004285707493576839
E01001491,2279.09273,336.0054700000001,322.27333000000004,309.65724000000006,967.9360400000002,0.0006027135254295412,475.65622000000013,484.39978000000013,351.10069000000004,1311.1566900000003,0.00025469281693906213
E01001492,665.68165,156.43192,128.303,130.61738,415.3523,0.0023586728291600224,113.30770000000001,81.78949999999999,55.23214999999999,250.32935,0.002804854437536286
E01001493,320.02911,37.66459999999999,29.637089999999997,30.95291,98.25459999999998,0.013766540466219859,92.73919000000001,73.07776,55.957559999999994,221.77450999999996,0.0028846516196259784
E01001495,99.16389,27.63084,23.525309999999998,17.886490000000002,69.04264,0.0180828659831882,17.690280000000005,6.42388,6.007089999999999,30.121250000000003,0.042925600336596675
E01001498,1395.27753,290.3990100000001,298.5317799999999,217.57469,806.5054800000003,0.00031414126540313283,210.53287999999998,223.0464,155.19276999999997,588.7720499999997,0.0006364695420179737
E01001499,2137.293,327.52453999999994,268.27297999999996,237.78128000000004,833.5787999999998,0.000834737816553568,544.62742,418.95427000000007,340.13251,1303.7142000000001,0.00028292068849243866
E01001500,469.36115,80.03719999999998,76.47226999999998,67.38268,223.89215000000002,0.0037064732351662993,98.09640999999999,83.77668000000001,63.595909999999996,245.469,0.0022794570778711856
E01001501,7221.45996,1152.2610100000002,1063.7429,841.2429500000001,3057.24686,6.538502485174832e-05,1588.7137399999997,1474.80669,1100.69267,4164.213099999999,3.869142677209313e-05
E01001502,3467.06848,518.73743,463.85339000000005,411.41451000000006,1394.0053300000004,0.0003941878060101892,821.4656000000001,674.5152499999999,577.0823,2073.0631499999995,0.00014024121076699092
E01001504,258.54019,23.74682,23.837709999999998,16.66874,64.25326999999999,0.01288446177967531,79.82977,67.07477999999999,47.38237,194.28692000000004,0.0031190024363505955
E01001505,4584.00966,750.60749,690.5848000000001,478.70647,1919.8987599999996,0.00023066902479664954,1030.7054600000001,955.3454700000001,678.05997,2664.1109,0.00012765597768855838
E01001507,4807.24681,917.81851,867.1664300000001,684.5892999999999,2469.5742400000004,0.0001302263268289608,848.6656199999999,845.03412,643.97283,2337.6725700000006,0.00010966409998705074
E01001509,252.08593,39.46196,45.911530000000006,20.697309999999998,106.07079999999998,0.010513074868413498,62.14134999999999,53.02022,30.853559999999998,146.01512999999997,0.004570043016265936
E01001511,3386.28562,684.74586,585.29821,409.88753999999994,1679.9316099999999,0.00028740907051428183,693.4255,586.3792100000001,426.5493,1706.35401,0.00029382666702120256
E01001512,4853.36883,987.37835,929.2740500000001,627.9607100000001,2544.6131100000002,0.00020008724299464128,865.81978,867.50197,575.4339700000002,2308.755719999999,0.00019649179633745697
E01001513,1653.55995,404.81388999999996,390.01581999999996,213.44319000000002,1008.2729,0.0006226969479436126,266.40077,219.69046000000003,159.19582,645.2870500000002,0.001059940644892773
E01001514,196.67716,13.490969999999999,12.69675,7.057510000000001,33.24523,0.03825507981872425,59.19838,65.16323,39.07032,163.43192999999997,0.00445396656947348
E01001515,142.58506,15.562309999999998,14.627640000000001,12.104859999999999,42.29480999999999,0.023556521921873564,41.702870000000004,33.88057,24.706810000000004,100.29025,0.007394090022204186
E01001516,860.69642,140.85428,124.42983,113.23315,378.5172599999999,0.00175419910581049,204.52700999999996,162.51076999999998,115.14138,482.17915999999997,0.0014348130438887594
E01001518,1273.50922,194.39596,168.54974,157.16501,520.1107099999999,0.00124415321287603,307.84239999999994,259.40424,186.15187,753.39851,0.0005758574007711502
E01001520,235.41015,49.946619999999996,37.31085,23.231090000000005,110.48855999999998,0.00935873685871931,49.40823,40.21048,35.30288,124.92159,0.00652086709564197
E01001521,399.62926999999996,67.91390999999997,53.57897000000001,37.88154000000001,159.3744199999999,0.0038832288837210975,107.21211999999998,72.97240000000001,60.07033,240.25484999999995,0.0026440541030161723
E01001522,159.02053,19.37689,18.29254,18.2428,55.91223,0.030920291737473696,46.75629,31.763600000000004,24.588410000000003,103.10829999999997,0.010015922827173694
E01001523,480.92478,66.86779,76.07644,46.10123,189.04545999999993,0.004943911965791711,107.83399,120.30955,63.73578,291.87932000000006,0.002854209923624708
E01001524,380.18759,61.18054000000001,50.01771,40.81501000000001,152.01326,0.005019556725705218,76.41961,85.01098999999998,66.74373,228.17433,0.002616030148038105
E01001526,61.62502,5.060460000000001,5.539169999999999,4.853159999999999,15.452789999999998,0.083164664031082,14.184099999999999,19.36447,12.623660000000001,46.17222999999999,0.017186457056188424
E01001527,432.95034,60.13792000000001,69.13336000000001,45.02217000000001,174.29345000000004,0.006167628438758706,116.49571000000002,79.68233000000001,62.47885,258.65689000000003,0.002479811379859248
E01001528,1233.8970199999999,190.75599,174.98893000000004,103.21553999999998,468.96046,0.001565474957373631,305.26716,265.40825,194.26114999999993,764.9365600000001,0.00040108049428586577
E01001529,881.01456,140.37394,110.67786,92.97528,344.02708000000007,0.0022357274683626987,210.76917,191.49864,134.71966999999998,536.9874800000001,0.0010821357406160972
E01001530,160.35446,44.08560999999999,31.631589999999996,33.127269999999996,108.84447,0.0095528644273572,20.001929999999998,14.49372,17.01434,51.509989999999995,0.019090478097609612
E01001532,546.3399900000001,96.0747,91.51678000000001,58.576570000000004,246.1680499999999,0.0029613099567373565,121.30720999999998,121.36031999999997,57.50441,300.1719399999999,0.002286778804537966
E01001534,5661.44728,1318.4159100000002,1009.7656,790.1870899999999,3118.3685999999993,0.00015596416264635306,994.41656,859.8087899999999,688.85333,2543.078680000001,0.00017830264459390622
E01001535,179.7406,23.54177,19.307239999999997,16.27378,59.12279000000001,0.016526101319041767,55.907399999999996,41.18582000000001,23.524589999999996,120.61781000000002,0.007121582752192867
E01001536,2599.57522,549.2617699999998,419.01676000000003,265.79681,1234.0753399999994,0.0004361487875020407,565.7646299999999,472.14685000000003,327.5884,1365.49988,0.0003169024759390981
E01001537,219.77496,33.64757,37.18513000000001,24.909190000000002,95.74189,0.012597843331216161,48.74566000000001,47.59335000000001,27.69406,124.03306999999998,0.010270561670275647
E01001538,295.24532,41.25508999999999,40.26024,29.49561,111.01093999999999,0.011772094784715453,81.59987999999998,64.25072,38.38378,184.23438000000002,0.004741728359503267
E01001539,70.7123,12.994219999999999,13.897289999999998,7.6746300000000005,34.56614,0.03461738263990315,12.923350000000003,12.892989999999998,10.32982,36.14616000000001,0.02594472485522079
E01001540,331.03539,53.71086,65.69144,43.63091999999999,163.03321999999997,0.004741592388630923,66.21849999999999,56.22314,45.56053,168.00216999999998,0.002962167186319984
E01001542,284.82694,43.24034,39.493230000000004,34.715219999999995,117.44879,0.006767816575555974,67.20751,62.19911,37.97153,167.37815,0.004444559902863411
E01001544,110.30055999999999,19.013409999999997,14.36274,14.813030000000001,48.18918000000001,0.02384878043414058,28.32416,20.69457,13.092649999999999,62.11138000000001,0.015333536064875402
E01001547,2613.71816,421.79226,377.15151000000003,306.24328,1105.1870500000002,0.0005000197355812936,546.39547,543.38373,418.75191,1508.53111,0.00029373920134100973
E01001549,1622.87557,261.18009,239.80811,206.20287000000002,707.1910700000001,0.000762595369100937,367.3845100000001,305.67174,242.62825,915.6845,0.00031207918042366336
E01001550,186.01775999999998,23.226509999999994,22.0622,18.20236,63.49106999999999,0.011172844429990253,45.25932,37.46688999999999,39.80048000000001,122.52669000000003,0.006246172731467055
E01001551,467.61449,81.88458,79.99619,62.10932,223.99009000000004,0.002865535524989485,98.00344,85.47343,60.14752999999999,243.62439999999998,0.002243190400756757
E01001552,309.72104,48.96324,47.23713000000001,39.53247,135.73284,0.006065154455407787,72.25958,66.41857,35.310050000000004,173.9882,0.004270409189920459
E01001553,1063.43172,119.11282000000001,121.78240000000001,111.52081999999999,352.41604000000007,0.002440319765403913,280.11184000000003,248.49718,182.40665999999996,711.01568,0.0006415653930603609
E01001554,1753.32697,271.15236,294.78612,260.78598999999997,826.72447,0.0010957649804287104,361.19651999999996,309.15882999999997,256.2471499999999,926.6025000000001,0.0003079088852157908
E01001558,21181.11347,3826.05905,3618.01452,3112.7003600000003,10556.773930000001,3.073750566506546e-05,3958.1668600000007,3590.21785,3075.9548300000006,10624.339539999999,3.080971158220692e-05
E01001559,1073.41679,158.49877999999998,259.46451,88.24061999999999,506.20390999999995,0.0017403155277823223,208.81725,210.99445,147.40117999999998,567.2128800000002,0.0016726588081216337
E01001560,1446.8844299999998,203.07366,157.36203999999998,152.77913999999998,513.2148399999999,0.0017905606245039447,379.945,307.31285,246.41174,933.6695899999999,0.00042164171365565676
E01001563,1268.52154,185.55722999999998,152.57228999999998,133.69194,471.82145999999995,0.0015146988023491989,317.92771,257.90260000000006,220.86976999999993,796.7000800000001,0.000577118676605435
E01001564,905.9488699999999,163.45922000000002,166.49441,109.55652999999998,439.5101600000001,0.0013708946558021857,188.41749000000002,159.65095000000005,118.37027,466.4387099999999,0.0006671449993071697
E01001569,1070.67823,153.99445999999998,153.44386000000003,118.52697999999998,425.96530000000007,0.0010760011675823014,259.54092,234.08194,151.09007000000003,644.71293,0.0006378639764213413
E01001571,688.97164,89.08842,121.42457999999998,80.24690000000001,290.7599,0.003736191683204387,162.50306,135.82909999999998,99.87958,398.21174000000013,0.0011403784116780999
E01001572,1980.06197,264.74415,233.73004999999998,183.62097999999997,682.09518,0.0006776683143632381,489.2560400000001,436.79553999999996,371.91521,1297.96679,0.0004459106460630132
E01001573,1175.71291,172.47723,157.93444000000002,147.74720000000002,478.1588699999999,0.0024065192799741938,279.77583,233.55690000000004,184.22131000000002,697.5540399999998,0.0005244201740312269
E01001574,212.5904,26.77986,16.75878,16.52066,60.05930000000001,0.01644903752832878,65.12317999999999,46.080239999999996,41.32768,152.53109999999998,0.004873858485933172
E01001575,801.75666,112.96699000000001,109.65125,71.8947,294.51294000000007,0.0035707916434576012,204.48014999999998,179.65254000000002,123.11103,507.24372000000005,0.0009181339551413439
E01001576,223.49500999999998,35.80833,24.11969,31.2446,91.17262000000001,0.015675291944694504,58.418139999999994,42.04113,31.863120000000002,132.32239,0.005912205357411938
E01001577,2467.3938,475.19750999999997,382.23895999999996,277.4160299999999,1134.8524999999997,0.0006962681107891119,495.08995999999996,470.80271,366.6486299999999,1332.5413,0.0003011583429195939
E01001579,485.49813,77.03128999999998,64.29363000000001,60.58388,201.90879999999996,0.006051495884505183,112.71328999999999,98.65994,72.2161,283.58932999999996,0.0019129874585704057
E01001580,1561.2282599999999,268.12469,239.83028000000002,161.34386999999998,669.2988399999999,0.0007016485365533091,381.6550199999999,312.9215799999999,197.35282,891.9294199999999,0.0005142975589624162
E01001581,6574.20336,1026.49284,984.2610600000002,702.1566399999999,2712.91054,0.00011219770500674425,1500.62991,1369.55797,991.1049399999999,3861.2928200000006,5.375144670963141e-05
E01001582,528.07007,58.942679999999996,83.4339,34.552099999999996,176.92867999999999,0.006042494255724578,151.69082,114.22064000000002,85.22993,351.14139,0.0015582794280353481
E01001583,735.84744,94.55906,85.73225,63.60337,243.89468,0.003428562781481276,205.60447999999997,169.55617999999998,116.7921,491.95275999999996,0.0011265073085113125
E01001587,103.65153,17.57702,13.76589,7.33936,38.68227,0.02740754271863248,25.38506,22.76509,16.819110000000002,64.96925999999999,0.012518281026098244
E01001588,1696.7217699999999,228.29688999999993,188.59714,189.18601999999998,606.08005,0.001184390789648637,433.33375000000007,368.13192,289.17605000000003,1090.64172,0.0004116903377416754
E01001590,379.33758,47.11693999999999,53.928560000000004,39.155660000000005,140.20116,0.005088750907004104,91.44938999999998,76.07384999999998,71.61317999999999,239.13642,0.002175264983595859
E01001591,1964.28944,257.30081,246.65816,194.48424,698.4432100000001,0.000858369181314165,530.3205499999999,414.7683600000001,320.75732000000005,1265.8462299999999,0.0003970222496725239
E01001592,106.01705,10.603190000000001,16.2667,7.4131,34.282990000000005,0.041727328581358226,25.930729999999997,29.629889999999996,16.17344,71.73405999999999,0.00971799720082745
E01001593,678.5379800000001,111.55882000000003,95.5987,74.78631999999999,281.9438400000001,0.0028081673671978813,173.61645000000001,121.25037,101.72731999999998,396.59413999999987,0.0013244050535958834
E01001594,2006.15435,248.41515000000004,252.27687,212.12543000000002,712.8174499999999,0.0010972156407550151,504.6435899999999,435.7349299999999,352.9583799999999,1293.3369,0.00042141587288784156
E01001596,221.84932999999998,27.641239999999996,26.923859999999998,24.48933,79.05443,0.019146749881226065,54.14377,51.584179999999996,37.06695,142.79489999999998,0.004444003697030052
E01001597,366.02085999999997,66.67627999999999,65.38795,52.14973,184.21396,0.003844569094056049,69.14435999999999,64.42287999999999,48.23966,181.8069,0.0032441796875747483
E01001599,92.24568,11.68916,9.4297,7.5500799999999995,28.668940000000003,0.040008217609435286,26.919729999999994,22.85579,13.801219999999997,63.57674000000001,0.013807006937950186
E01001600,887.73368,206.67181,140.96497,93.18442999999999,440.82121,0.0017232295409577798,179.72404999999998,167.11960999999997,100.06880999999998,446.91247,0.0012577838115446617
E01001601,371.78828,69.97729000000001,78.02467999999999,60.12657,208.12854,0.006657109614041136,62.91608000000001,59.37453999999999,41.36912000000001,163.65974000000003,0.0037580599697806232
E01001602,806.48613,108.98403,76.7796,80.8824,266.64603,0.0028927913320401137,232.58709000000002,179.52532000000002,127.72769000000001,539.8401,0.000999846300488454
E01001603,705.67578,91.55533,71.89854,69.50601,232.95988,0.0034130560168596016,189.01659,171.74951,111.94980000000001,472.7159,0.0008495392240812249
E01001604,2403.18697,510.64453999999995,428.64866000000006,360.22619,1299.5193899999997,0.0004488608490825072,423.6414400000001,380.3077899999999,299.71835000000004,1103.66758,0.0003565664914588414
E01001605,134.35205,25.912699999999994,19.18523,11.001930000000002,56.09985999999999,0.02202889548711201,33.88324999999999,30.43079,13.93815,78.25219,0.011664433068669405
E01001606,106.96038,17.38646,20.864880000000007,9.26665,47.51799000000001,0.03143284023103779,26.567539999999997,23.63992,9.23493,59.44238999999999,0.020784705090453465
E01001607,472.78107,84.57129,70.38998000000001,61.92509,216.88635999999994,0.002471049578712364,110.85184000000001,87.46646999999999,57.5764,255.89471,0.0021520427379282353
E01001609,2651.07034,423.82735,377.2205600000001,301.35949999999997,1102.4074100000003,0.0003278396505053841,584.98665,554.04424,409.6320400000001,1548.6629300000002,0.00023222186138017103
E01001611,847.97945,100.87277,104.43117000000001,79.98200000000001,285.2859400000001,0.002875343934880652,243.29029999999997,181.29917,138.10403999999997,562.69351,0.00101722020421806
E01001613,1306.7482,217.3445,194.84632000000002,142.51908,554.7098999999998,0.0010222784614743344,304.92717999999996,262.28508,184.82604000000003,752.0383,0.0005118855415931576
E01001614,1218.6578299999999,167.07322,158.60133,103.07925,428.75380000000007,0.0020225051075225416,303.32403,264.01419999999996,222.56579999999997,789.90403,0.0005830386032607141
E01001615,9630.96157,2095.35606,2010.9399999999998,1227.04106,5333.33712,8.529304688739903e-05,1643.1093299999998,1569.19413,1085.3209900000002,4297.624449999999,0.00011247921721537293
E01001617,1937.4395299999999,524.36661,352.7945199999999,210.57843000000003,1087.7395600000004,0.0006626844170528248,346.46052000000003,285.73633,217.50312,849.6999699999999,0.0005173188554193511
E01001618,656.15822,118.13253999999999,113.42267999999999,64.63667,296.19189,0.002854890058628815,139.22781999999998,134.06737,86.67114000000001,359.96633,0.001550836579648403
E01001619,168.78125,30.40962,29.3565,27.51607,87.28218999999999,0.01091843253733161,25.554119999999998,32.82299999999999,23.121940000000002,81.49906,0.010686940282029819
E01001620,429.65563,77.98058,56.707469999999994,52.634910000000005,187.32296,0.0038023827688631498,101.99714999999998,85.08984,55.245680000000014,242.33267,0.0021087334638207385
E01001621,746.93877,102.62393999999999,82.62865000000001,75.45751,260.71009999999995,0.001998274025491475,192.21443,173.4271,120.58713999999999,486.22867,0.000757168497314085
E01001624,188.07541,49.079049999999995,41.48272,32.61116,123.17293,0.004786388808691346,26.95161,23.316469999999995,14.6344,64.90248,0.01133745214082852
E01001625,1466.21752,178.13141000000002,179.48551,140.02763,497.6445500000001,0.0020480960909953546,374.46961,335.1263,258.97705999999994,968.57297,0.0005096665343864683
E01001629,1546.13045,355.1604500000001,307.59661,264.76546,927.5225199999999,0.0004705389176787245,253.93362999999997,183.95094000000003,180.72335999999999,618.60793,0.0006441500684672623
E01001631,6847.574979999999,986.0271199999999,1043.27479,857.49151,2886.79342,0.00038543637103435153,1420.7586899999997,1395.94193,1144.0809399999996,3960.7815600000004,0.00013500208266671338
E01001632,1672.40585,154.20092999999997,125.68994,129.17265999999998,409.06353,0.003547025489147792,514.30017,403.27769000000006,345.76446,1263.3423199999997,0.00039498254732306826
E01001633,170.80194,21.857429999999997,20.85684,15.575419999999998,58.28968999999999,0.016917017677639125,47.05387999999999,38.50706,26.95131,112.51224999999995,0.0064399291167139315
E01001634,358.00963,44.98209,38.561280000000004,36.23019,119.77356,0.010033575838027331,90.61356,87.98537,59.63714000000001,238.23607,0.0024655766778104386
E01001635,72.18266,15.175529999999998,10.6339,11.18082,36.99024999999999,0.056030412999608877,14.281600000000001,8.44365,12.46716,35.19240999999999,0.03289864356277898
E01001637,459.4895,21.507849999999998,19.99822,17.2254,58.73147,0.02242999259115476,168.07953,127.91359000000003,104.76491000000001,400.75803000000013,0.0016637886518703579
E01001638,246.51740999999998,28.99315,30.890019999999993,34.63555,94.51871999999996,0.011009459868774035,53.65406,51.29581000000001,47.048820000000006,151.99868999999998,0.004397902639083933
E01001641,8307.10861,1620.9806899999999,2124.8070000000007,1587.8478999999998,5333.635590000002,0.00012650728300050068,951.8301399999998,1201.02804,820.61484,2973.473020000001,0.00016257594550601081
E01001642,614.60939,109.14503,114.54227,90.53863,314.22593000000006,0.0028456717382633707,108.29145999999999,113.80564999999999,78.28635,300.38345999999996,0.0014400048419927832
E01001644,2404.86563,320.25359,377.95660999999996,290.99746,989.2076599999999,0.00047068743157579985,472.13104000000004,520.5284,422.99852999999996,1415.65797,0.0003023280843453399
E01001645,579.05304,65.99516999999999,63.10116000000001,55.436989999999994,184.53332000000006,0.00448884017478404,166.17897000000002,124.2352,104.10554999999998,394.5197200000001,0.0013631185618274172
E01001646,2219.0865599999997,273.88121,243.53508000000005,205.05332000000004,722.4696100000001,0.0009976624696923274,602.4037799999998,514.212,380.00117000000006,1496.6169500000003,0.000257701806821582
E01001647,178.47048999999998,16.20079,9.37815,10.031299999999998,35.610240000000005,0.03424836133585771,61.70012999999999,46.17302,34.98709999999999,142.86024999999995,0.005931450196173575
E01001648,1028.31586,161.2102,131.32793999999996,112.38239999999999,404.9205400000001,0.0014914976510382123,266.14430000000004,197.20663,160.04439,623.3953200000001,0.0006800021258044208
E01001651,695.21767,101.38751999999998,95.65065000000001,85.05713999999999,282.0953099999999,0.0036681155730131526,181.26715000000002,129.84223,102.01298000000003,413.1223599999999,0.0011872156904022039
E01001652,1305.03145,178.15124999999998,165.18346,112.91859,456.25329999999997,0.001342031620547076,335.86467000000005,309.03806999999995,203.87540999999996,848.77815,0.0004824668836334023
E01001653,445.42391,58.38996,45.33074,49.7393,153.46,0.007109575447032924,125.04574000000001,99.273,67.64517000000001,291.96391,0.002064467116653918
E01001655,169.77499999999998,24.217489999999998,20.992439999999995,19.209130000000002,64.41905999999999,0.023363599665056488,51.26818,32.578619999999994,21.50914,105.35594,0.008583705510427161
E01001656,84.70247,7.5334900000000005,20.596290000000003,5.88571,34.01549000000001,0.0444501853674529,20.708449999999996,21.07864,8.899890000000001,50.68698,0.02058757730837666
E01001658,1331.40713,202.44018,255.73226000000003,125.22533000000003,583.3977699999998,0.0018271719428954547,318.45907,242.82386,186.72643000000002,748.0093600000001,0.0005079505319428086
E01001659,1237.04558,232.41259,183.96484000000004,173.78391,590.16134,0.0010934969905212564,256.41507,223.82649,166.64268,646.8842400000001,0.0004876918129651921
E01001660,290.89895,22.411499999999997,17.795759999999998,16.00816,56.21542000000001,0.018869561626539695,93.68784,85.59395999999998,55.40173,234.68353000000005,0.0029244631487030932
E01001661,745.1544299999999,158.40861,114.32098000000002,82.79802999999998,355.52762,0.002270666341572977,170.00553999999997,127.02791999999998,92.59334999999999,389.62681,0.0013138526630854669
E01001665,2180.40091,330.7677599999999,367.16661000000005,214.20883000000003,912.1432,0.0004042265419755197,481.39336999999995,478.17796,308.68638,1268.2577100000003,0.0002727348983500831
E01001666,4096.07329,829.5059399999999,807.30187,446.54293,2083.35074,0.0002740830950057609,786.43317,694.6894599999999,531.59992,2012.7225500000002,0.00019399124063642953
E01001669,1191.12679,148.2681,130.11724,136.35798,414.74332,0.0027009446427498575,306.65704,270.87431,198.85212,776.3834700000001,0.0006765044626121031
E01001671,917.9356700000001,88.27842,77.94889,69.21737000000002,235.44467999999992,0.004557340444749796,299.57122999999996,229.18447999999998,153.73528000000002,682.49099,0.000936563377749155
E01001673,9881.47754,1527.7940900000003,1393.1150599999999,1247.47886,4168.388010000001,0.00013280634051700475,2204.7645700000003,1833.6791300000002,1674.64583,5713.089530000001,8.034096352671494e-05
E01001674,107.04852,20.68526,19.15787,16.75714,56.60027000000001,0.028758848786348577,18.938,16.87144,14.638810000000001,50.44825,0.015296767982512801
E01001676,4278.20025,583.49999,485.6364299999999,505.76815000000005,1574.90457,0.0005199194812143884,1083.59453,862.2479799999999,757.4531700000002,2703.2956799999997,0.00010607110476364503
E01001677,1379.47426,275.81345999999996,242.59995,233.84387999999998,752.2572899999996,0.0011312533777293528,217.96490999999997,215.13456999999997,194.11748999999998,627.2169700000002,0.0006510798851409348
E01001678,477.38055,67.59609,55.338069999999995,51.624120000000005,174.55828000000002,0.007742453087166276,128.42189,102.72142000000001,71.67896,302.82227,0.0019747368934424974
E01001680,206.11471,21.035209999999996,19.816159999999996,11.259799999999998,52.111169999999994,0.020018834677573757,79.31833999999999,46.896890000000006,27.788310000000003,154.00354000000004,0.0060344734758025894
E01001682,1598.7596,204.93131999999997,207.73215,147.15933,559.8228000000001,0.0014329814389461098,421.53743000000003,382.73584,234.66353,1038.9368,0.0003821690549812952
E01001683,3065.11898,312.47472000000005,282.51705000000004,233.07764999999998,828.0694200000002,0.0009227132105703955,919.5449700000001,742.28754,575.21705,2237.04956,0.0001953916302866528
E01001684,151.56346,30.908909999999995,37.67646,33.16744,101.75281,0.01163602116790995,12.986399999999994,23.62979,13.194459999999998,49.810649999999995,0.019509134555628267
E01001685,86.61611,32.15119,24.744180000000004,27.733710000000002,84.62908000000002,0.016026937158769204,1.0728699999999998,0.27362,0.6405399999999998,1.9870299999999996,0.3997717959087795
E01001686,952.28812,91.83035999999998,76.23743999999999,92.64125,260.70905,0.0040539963090624066,295.65640999999994,224.29504,171.62762,691.5790699999999,0.0009568059859039267
E01001687,53.81238,12.08759,6.04338,1.97235,20.103320000000004,0.07815671091579655,14.58724,13.42823,5.69359,33.70906,0.03072948080851458
E01001688,1943.87338,268.84072,224.03185999999997,211.82507,704.69765,0.0015565597582576814,505.50546,413.33690000000007,320.33337000000006,1239.1757300000004,0.0002860714675059023
E01001690,629.58413,78.00777,67.99421000000001,69.18150999999999,215.18349000000003,0.006240661120888756,179.71864000000002,133.36289,101.31910999999998,414.4006400000002,0.001215392226763009
E01001693,3182.8708699999997,447.40428,349.62326999999993,355.99483,1153.02238,0.0007435300913477352,849.2694899999999,655.5672700000001,525.01173,2029.84849,0.00019527962409330766
E01001694,543.80137,69.55335000000001,57.447700000000005,62.248349999999995,189.24939999999998,0.0054058672087769905,141.22519999999997,137.46795999999998,75.85881,354.5519700000001,0.001618539624953911
E01001695,190.9881,38.53274999999999,42.50926,32.89817,113.94017999999998,0.018553166610087716,28.622999999999998,27.247880000000002,21.17704,77.04792000000002,0.009742768292194413
E01001696,30888.81141,7238.515620000001,6053.538170000001,4898.36834,18190.422129999995,2.329610142762765e-05,4761.976390000001,4280.366010000001,3656.04688,12698.389279999994,1.9074351335064124e-05
E01001697,739.26237,87.92942,69.60657,77.86696999999998,235.40296,0.005023061978693982,210.87138000000004,162.86273999999997,130.12529000000004,503.85941,0.0012672317513657398
E01001698,104.68869,19.70298,21.4786,18.578400000000002,59.75998,0.02078310559090933,17.94528,14.96671,12.01672,44.928709999999995,0.015042197195217035
E01001699,1503.99925,232.43074,208.27852000000001,195.92226,636.63152,0.001289334937760324,341.79702,293.28594999999996,232.28475999999998,867.36773,0.0006333838565794675
E01001700,2750.26295,363.71836,313.56694000000005,347.85749999999996,1025.1427999999999,0.0010676513942198568,695.8707200000001,561.59188,467.6575499999999,1725.12015,0.00027599601351121
E01001701,4488.25728,918.2118,695.9056899999998,605.18593,2219.303420000001,0.0004470545186216004,910.0277600000002,754.43102,604.4950800000001,2268.9538599999996,0.00024012308901722812
E01001703,977.5393200000001,117.26867999999999,120.03328,90.75713000000002,328.05909,0.0020439070479170967,241.86047,244.44478999999998,163.17497,649.48023,0.0009119978146140786
E01001704,247.83306,58.310700000000004,48.168000000000006,48.67554,155.15424000000004,0.011043125033106968,30.496600000000004,38.40415000000001,23.77807,92.67881999999999,0.007964533321184197
E01001705,1568.90641,193.95871,191.23251,173.47769999999997,558.6689199999998,0.0011320598629421634,389.83467999999993,349.86283,270.5399799999999,1010.2374899999999,0.0003688052646531474
E01001708,1594.64606,181.56902,182.481,153.24761999999998,517.29764,0.0015970067350861861,437.17171999999994,360.18265999999994,279.99404,1077.34842,0.00027032509286143737
E01001710,237.56734,35.61939,31.12907,24.09603,90.84449000000002,0.013265639740507162,53.805769999999995,59.03002,33.88705999999999,146.72285000000002,0.00511386513520388
E01001712,1786.37881,226.6967,232.54028,223.72793,682.96491,0.0012756150065632843,433.6774000000001,363.47587999999996,306.26061999999996,1103.4138999999998,0.0004135375496013344
E01001714,1799.94868,436.16720000000004,429.39518,343.42863,1208.9910099999997,0.0003359701854341946,212.71416,222.50019,155.74332000000004,590.95767,0.0005958852675622148
E01001716,722.57759,85.41649000000001,98.92065,90.08874000000003,274.42588,0.002437046960763599,179.45917,142.99756,125.69497999999997,448.15171,0.0009921363672711545
E01001717,818.76812,135.24742,140.70935,97.94264999999999,373.89942000000013,0.0014514517549251045,178.59842000000003,149.89095000000003,116.37933000000001,444.86870000000016,0.0009730544714338853
E01001718,5265.80012,1316.2415600000002,1302.1935799999999,1034.5520299999998,3652.9871700000003,0.00013163467863021392,569.11544,611.20416,432.49335,1612.8129500000005,0.00016824433872227452
E01001719,285.67267,33.911460000000005,23.57572,21.35962,78.8468,0.013436793581819574,77.00535,65.33015999999999,64.49036000000001,206.82587,0.0031963887340729956
E01001720,498.46174,89.43180999999998,116.16528,66.64743,272.24451999999997,0.0020533711735116564,79.62773999999997,94.35954999999998,52.22993000000001,226.21722000000003,0.0032364138753979087
E01001722,2291.01944,283.34438,297.91299000000004,253.93533,835.1927000000001,0.0004243548789073517,544.1932599999999,482.92603,428.70745,1455.8267399999995,0.0003480019966048656
E01001724,7391.17422,1215.9675,1177.8725399999996,995.5954499999999,3389.4354899999994,8.404766710213825e-05,1548.88622,1372.62504,1080.22747,4001.738730000001,7.683375420929522e-05
E01001726,2366.28397,444.43514999999996,350.25262999999995,336.43137999999993,1131.11916,0.00033096907120954994,482.92762000000005,414.48253,337.7546600000001,1235.1648099999993,0.00032236525605510227
E01001727,106.53061,23.85895,15.156639999999998,18.19968,57.215270000000004,0.020773513076617053,23.82709,13.644100000000002,11.84415,49.31533999999999,0.019919167510472853
E01001728,574.49231,133.6574,117.10602,126.89034,377.65376,0.0016077450600345128,81.91606,65.30186,49.62063,196.83855,0.002582430513185404
E01001729,2609.49324,513.1953500000001,389.54394,350.62914,1253.36843,0.0006073064546875174,515.4166,462.4428199999999,378.26539,1356.12481,0.00025245490336953114
E01001730,1651.13145,279.96700999999996,277.33898,218.89732999999998,776.2033199999998,0.0005899113899137023,332.61846,307.58566999999994,234.724,874.9281300000005,0.0003079116114997622
E01001731,2926.00488,648.24302,598.7830799999999,370.38043999999996,1617.4065399999997,0.0003050510667207544,497.60721,486.5811299999999,324.41,1308.5983399999996,0.0002840318752313504
E01001733,971.43279,160.6843,192.56987,102.79908,456.05325000000005,0.0013534739302902819,189.22284,195.87773999999993,130.27895999999998,515.37954,0.0007613136139018223
E01001734,4221.3792300000005,734.7213699999999,728.95404,546.2067900000001,2009.8821999999996,0.00015838363711023306,810.0549300000001,773.9399099999999,627.5021899999999,2211.4970300000004,0.00013142683165462757
E01001735,318.48731,63.713739999999994,63.3418,35.596489999999996,162.65203000000002,0.0034220674455297173,59.794,55.02137,41.019909999999996,155.83527999999995,0.0029174922821161202
E01001737,608.85903,92.9592,122.39425000000001,70.49375,285.8471999999999,0.0028488290502427472,120.72784,128.67437999999999,73.60961,323.01183000000003,0.0017378735695241262
E01001738,618.88504,88.64768000000002,96.67208000000001,67.79436000000001,253.11412000000007,0.002281969338008628,154.91307,126.12120000000002,84.73665,365.77092,0.0016705280189597787
E01001739,1420.65602,187.32115999999996,199.19129,126.01934000000003,512.53179,0.001499284142669578,354.90957000000003,329.4313899999999,223.78327,908.1242300000001,0.0004978153275942079
E01001740,246.39512,40.86420999999999,54.353049999999996,35.47777,130.69503,0.0064678426397233955,44.31448,42.2389,29.146710000000006,115.70008999999997,0.0047081540294036765
E01001741,1177.10518,170.93134999999998,202.38246999999998,123.10761999999998,496.4214399999999,0.0013957016081108619,277.55788,231.71604000000005,171.40982000000002,680.6837400000001,0.0006973104147939649
E01001742,749.26743,77.44473,99.85753,54.86037,232.16263,0.0032932893850159376,208.47882,181.24871000000005,127.37726999999998,517.1048,0.0009257835529215795
E01001744,172.81358,25.3403,29.129469999999998,17.102990000000005,71.57276000000002,0.010192608900850622,33.286170000000006,42.454,25.500650000000004,101.24082000000001,0.007837699018101066
E01001745,654.989,109.55367000000001,91.7896,89.64666000000001,290.9899299999999,0.0018632290058921421,147.02937,134.79738999999998,82.17231,363.99906999999996,0.001510914153659324
E01001746,198.327,25.85434,22.23948,19.21714,67.31096,0.016392275591737983,51.90551,43.53445,35.576080000000005,131.01604,0.005622981829898523
E01001747,4475.19882,769.2335099999999,920.27517,718.1164399999999,2407.62512,0.000326640395723124,705.58196,851.8359999999999,510.15574,2067.5737000000004,0.00020062903481918824
E01001749,1565.30016,267.44419,314.35506,203.39785999999998,785.19711,0.0007218617926568103,323.18701000000004,272.69856999999996,184.21747000000002,780.1030500000003,0.000606438366213612
E01001750,1706.93479,269.52991,341.62367,233.06128999999996,844.2148699999998,0.0007128866353505667,316.46490000000006,313.88309999999996,232.37192,862.71992,0.0004151383670756158
E01001751,848.22289,118.51300999999998,162.29411,80.98382999999997,361.79094999999995,0.002022435047110638,201.28399000000002,174.62693,110.52102,486.43194,0.0010267834467418582
E01001755,2112.96939,317.15480999999994,309.51747,229.97723000000002,856.6495100000001,0.0004458441254848951,466.54316,454.05416999999994,335.72255,1256.3198800000002,0.00017784277842826108
E01001756,6021.55756,856.2789600000001,954.71339,657.3400899999999,2468.33244,0.0001575517831284936,1296.58498,1341.98334,914.6568,3553.2251199999996,9.517116073644847e-05
E01001757,409.55308,64.59007,70.33774,57.81751,192.74532000000005,0.005822322910696165,73.81321000000001,80.99330999999998,62.00124000000001,216.80775999999994,0.0028600485753214546
E01001758,2670.41849,326.44179,388.42289,367.05739000000005,1081.92207,0.0006370009143047066,546.82492,584.48959,457.18191,1588.4964200000004,0.0002861413495461858
E01001759,89.97846,12.296569999999997,11.78832,7.115770000000001,31.20065999999999,0.02881163835436526,17.049259999999997,29.768780000000003,11.959760000000001,58.77779999999999,0.015413382916434383
E01001760,4458.80153,865.04646,803.27421,564.4028900000001,2232.72356,0.00012706170580278832,850.42139,802.9490799999999,572.7075,2226.0779699999994,0.0002073772857011238
E01001761,253.92463,24.042699999999996,45.95336,28.75489,98.75095000000002,0.010131834676390948,47.145379999999996,62.84158000000001,45.18672,155.17367999999996,0.004671393208609948
E01001762,10145.983690000001,1701.8326399999999,1727.3052999999998,1206.3774399999998,4635.515379999999,8.5090505128259e-05,2129.9082899999994,1955.4510200000002,1425.109,5510.468309999998,4.875522045208014e-05
E01001765,213.45445999999998,39.51429,41.695139999999995,42.55337,123.7628,0.0068015183692871056,35.101220000000005,32.726870000000005,21.86357,89.69166,0.008055375640064193
E01001767,368.91313,53.59910000000001,42.18584,47.04791,142.83285,0.006183743444305829,92.97381,67.16652,65.93994999999998,226.08027999999996,0.0027565160159615017
E01001769,1131.88739,122.40531999999999,120.86724000000001,102.66537,345.93793000000005,0.0022813265382904285,313.17840000000007,282.77447000000006,189.99659,785.9494599999999,0.0006089045521336178
E01001770,1043.13898,202.54943999999998,205.82312000000002,171.26329999999996,579.6358600000002,0.0008863530311113956,178.12661,172.09789999999998,113.27861,463.50312,0.0008000724435865594
E01001772,227.99658,31.498820000000002,32.412009999999995,32.55119,96.46202000000001,0.007565493960462358,48.140699999999995,55.34817,28.045689999999997,131.53456,0.004908317787377841
E01001774,1462.4596099999999,233.19937999999993,258.60526999999996,221.25271999999998,713.05737,0.0006820922371838056,295.34833,266.45739,187.59652000000003,749.4022399999998,0.0006355281720191538
E01001775,302.45207999999997,54.5264,65.8119,35.90231,156.24061,0.003953151310900539,59.414659999999984,47.931110000000004,38.86569999999999,146.21146999999996,0.004591833316639559
E01001776,134.39828,23.334329999999998,24.42708,14.82636,62.58776999999999,0.012283802519612691,27.736050000000002,28.167800000000003,15.906659999999999,71.81051000000001,0.013075392094420537
E01001777,2502.08154,390.82772,432.47758,271.11347,1094.4187699999995,0.00032155447861645055,557.4043600000001,489.10859999999997,361.14981,1407.6627700000001,0.0002747929372116513
E01001781,3375.69883,588.8856000000001,519.9727300000001,354.64979999999997,1463.50813,0.00035036874317860935,772.7192,655.0842200000001,484.38728000000003,1912.1907,0.00019416574855773592
E01001784,168.45114999999998,31.501379999999997,23.59295,14.39961,69.49394000000001,0.013528475636404164,35.628479999999996,36.20812,27.12061,98.95720999999998,0.006502053424350385
E01001786,2251.28556,332.80908,284.20318,266.86679999999996,883.87906,0.0008729070010235346,561.9465200000001,467.22761999999994,338.23235999999997,1367.4065000000003,0.0003229310353295891
E01001787,630.87602,81.90138000000002,89.85913,73.20151999999999,244.96203000000003,0.0034533841666780983,155.74409999999997,125.86623,104.30366000000001,385.91399000000007,0.0009896908792192878
E01001788,768.20279,88.23671,91.53677,84.21345,263.98693000000003,0.003988098910443253,192.49015999999997,180.68776000000003,131.03794,504.21585999999996,0.0009504687529763656
E01001791,243.07222000000002,33.286190000000005,24.87008,34.47628,92.63255000000001,0.014404677251652842,61.70372,49.33387999999999,39.40207,150.43966999999998,0.004118501186617879
E01001792,6570.78291,928.84577,938.00987,771.5853299999999,2638.4409700000006,0.00011087795022578348,1416.54145,1420.4480599999997,1095.35243,3932.3419400000002,9.464377548090751e-05
E01001793,391.33001,58.47415999999999,58.107219999999984,49.287259999999996,165.86864,0.0037936935813076165,97.22717000000002,69.02352000000002,59.21068,225.46137000000004,0.0021411399522738286
E01001795,2409.58068,329.72667,387.88961,262.74606,980.3623400000001,0.0004930791023918172,521.9589599999999,514.7956999999999,392.46368,1429.2183399999997,0.0002527348452100087
E01001796,132.80306,19.62961,18.749770000000005,15.336330000000002,53.715709999999994,0.015553779512812848,27.902350000000002,31.562359999999995,19.62264,79.08734999999999,0.011920084047971305
E01001798,2758.38814,363.8848000000001,422.9688600000001,315.4394500000001,1102.2931099999998,0.0003698189626691454,633.0652500000001,572.4442500000001,450.58552999999995,1656.09503,0.0002847393078950792
E01001800,1552.64346,297.24703000000005,190.25071,226.36808,713.8658200000001,0.0008900887286969823,348.0365699999999,245.84772,244.89335000000003,838.7776399999998,0.0005481278596835193
E01001801,541.35389,89.38076000000001,71.79847999999998,77.47574000000002,238.65498000000002,0.003465701160376356,128.58376,87.34694999999999,86.7682,302.69890999999996,0.0021364901442986637
E01001802,524.94433,89.28065,69.04919000000001,75.73753,234.06737,0.002998544954320097,112.84262000000003,89.12189000000001,88.91245000000002,290.87696,0.0020019067758824316
E01001803,1280.40383,190.21797999999993,215.93846,136.73386999999997,542.89031,0.0009078251079174839,303.04713,254.74193000000002,179.72446,737.5135199999999,0.0006715735015077155
E01001805,291.7244,52.73511,49.86451999999999,38.08798,140.68761000000003,0.004117512531701439,58.717839999999995,50.55162999999999,41.767320000000005,151.03678999999997,0.004287961762251132
E01001806,363.54859,71.36454999999998,68.60141999999999,41.695750000000004,181.66171999999995,0.005476885457397175,78.29222000000001,62.69911999999999,40.895529999999994,181.88686999999996,0.0031450977686578573
E01001807,1560.91201,211.00176,170.03375,176.20099999999996,557.2365100000001,0.0009118111622002889,364.7193200000001,333.49243,305.46375000000006,1003.6755000000003,0.0005735832499347975
E01001808,8517.12143,1454.68103,1112.21229,1276.7641099999998,3843.65743,0.00011848751122010273,1763.26393,1454.0032700000004,1456.1968,4673.463999999999,8.33318969377158e-05
E01001809,970.32556,220.80388999999997,173.08692000000002,177.61897999999997,571.5097899999998,0.0007351431906628644,155.52813,110.03614999999999,133.25149000000002,398.81577000000004,0.0014963776423576082
E01001811,1875.17577,270.89336000000003,242.89347999999998,248.69348000000002,762.4803200000001,0.0005652476063307492,431.97837000000004,343.43798000000004,337.2791,1112.6954499999997,0.0005385092933576197
E01001813,14616.16474,2594.3749200000007,2353.0054499999997,1980.3285300000002,6927.708900000002,7.391598683722839e-05,2761.37472,2808.17644,2118.90468,7688.4558400000005,3.869214786733676e-05
E01001814,4249.83305,755.73797,527.7168099999999,600.27183,1883.7266099999997,0.00023362459857036231,893.4223300000001,727.05406,745.6300500000001,2366.1064400000005,0.00015163099069547697
E01001815,114.30013,17.68529,24.13806,13.25114,55.074490000000004,0.01958369319347559,27.79793,17.425530000000002,14.002180000000001,59.22564,0.014866018961067253
E01001816,95.57800999999999,12.053319999999998,18.93765,6.306449999999999,37.29741999999999,0.0317123672260067,22.375300000000003,29.52309,6.382199999999999,58.28059,0.018812120968058982
E01001819,269.21186,49.027550000000005,44.23908000000001,38.380039999999994,131.64667,0.005319297541685239,52.325849999999996,44.705000000000005,40.53434000000001,137.56518999999997,0.005048349870830775
E01001820,188.79175,31.995680000000004,35.168319999999994,25.398760000000003,92.56276000000001,0.010862094215073094,30.913279999999993,38.48589,26.829819999999998,96.22898999999998,0.006502055835974886
E01001821,236.41488,36.22786,46.436189999999996,29.661720000000003,112.32576999999998,0.005947986476999143,42.05267999999999,46.16511,35.87132,124.08910999999999,0.004089184964429596
E01001822,138.12962,21.52235,10.20026,20.56376,52.28637000000001,0.022029610306722392,35.67315,20.84928,29.320819999999998,85.84325000000001,0.01095106934795298
E01001824,1089.84526,182.40211000000002,119.79445999999999,182.74443,484.941,0.0016659736061868714,226.35401999999996,160.34738,218.20286000000002,604.9042599999999,0.001373445601506284
E01001826,1201.54343,182.27076,110.02177,168.60744999999997,460.89997999999986,0.00156643771767515,285.9565699999999,220.64537000000004,234.04151,740.6434499999997,0.000914757838338096
E01001827,1237.85215,192.42679000000007,144.75744,199.25129000000004,536.43552,0.0015372012329077105,266.4210999999999,201.74185999999995,233.25367000000003,701.4166299999999,0.0011314201562870087
E01001828,222.40164,36.81945,29.225759999999998,28.11324,94.15845,0.011096941823991898,53.651790000000005,46.008860000000006,28.582539999999995,128.24319,0.005655407171548036
E01001829,990.5113699999999,151.66087999999996,209.56678,125.32231000000002,486.5499700000001,0.0014685600842007504,203.6592,177.51382999999998,122.78836999999999,503.96139999999986,0.000914930312788204
E01001830,4173.80111,491.03336,507.85321000000005,416.61226999999997,1415.49884,0.00037882512851098924,1096.6587499999996,957.5135700000002,704.12995,2758.3022699999997,0.0001415798566358499
E01001831,5871.07362,931.61802,931.55832,680.6268600000001,2543.8032,0.00018501877135006738,1267.83562,1217.3523599999999,842.0824400000001,3327.27042,0.00011470996890379026
E01001832,3259.32209,663.2420099999999,802.1183000000001,513.8224700000001,1979.1827799999996,0.00023940066325125564,453.53021000000007,464.48156,362.12754,1280.13931,0.00022631611808002347
E01001833,75.86858,2.7946599999999995,2.19646,1.85836,6.84948,0.11554336920728457,25.669330000000002,25.757890000000003,17.591880000000003,69.01910000000001,0.014275640330330738
E01001834,1777.81575,316.18032999999997,415.77603999999997,222.53334999999998,954.4897199999997,0.0007190380386307609,298.32478000000003,345.7144499999999,179.28680000000003,823.3260300000003,0.0005704225509487652
E01001836,1486.45505,208.87496,374.3408700000001,179.64034999999998,762.85618,0.0012265407416129173,302.35218000000003,275.2956,145.95109000000002,723.5988700000001,0.0007754931892035688
E01001837,221.69177,28.35595,39.22227,22.208450000000006,89.78667,0.010125759833947597,43.59507000000001,54.236580000000004,34.07345,131.90510000000003,0.006574559567683217
E01001839,6433.50494,1137.5308599999998,1233.6515800000002,835.0419600000001,3206.224399999999,8.868902748925076e-05,1211.13219,1214.91807,801.23028,3227.2805400000007,8.508190985782177e-05
E01001840,1832.81567,227.48094999999998,243.54084999999995,174.23641,645.2582100000001,0.0007513445899570799,493.2649399999999,408.81838999999997,285.47413,1187.55746,0.0003062604164289317
E01001841,354.11693,53.87133,122.37716999999999,51.00645999999999,227.25495999999998,0.005200523409976731,44.496069999999996,49.75404999999999,32.61185,126.86196999999999,0.004119558751865638
E01001844,1085.70594,132.61431000000002,153.33021999999994,84.63799999999999,370.58253,0.001287897953975989,285.35513999999995,257.47964,172.28863,715.12341,0.0005819682050315362
E01001845,574.82326,13.116449999999999,16.62644,15.085769999999998,44.82866,0.02428196488821631,209.98059999999995,195.98214000000004,124.03186000000001,529.9946,0.0012462253377056515
E01001846,915.84313,182.94182999999998,149.84355,147.12589,479.91127,0.0011138292082690678,169.33540000000002,152.72095,113.87550999999999,435.9318599999999,0.000810150028025159
E01001847,149.54578,35.09871,40.15445,32.04416,107.29732,0.007862300494599597,19.251889999999996,14.388389999999998,8.608179999999999,42.248459999999994,0.022465569942414526
E01001848,2647.4972,403.3084299999999,370.99803,323.14682999999997,1097.45329,0.00032853470328276125,617.29958,521.02477,411.71956,1550.04391,0.00021741961293928068
E01001849,2521.1089,379.62084000000004,395.46954,347.33072000000004,1122.4211,0.00041683283704195274,524.0296399999999,514.9246800000002,359.7334800000001,1398.6877999999997,0.00029922621940447233
E01001850,1018.31349,173.79357999999996,180.39001000000002,158.00725999999997,512.1908500000001,0.0026825323926492743,193.69996,163.1188,149.30388000000002,506.12264,0.0016848955980822838
E01001856,855.5734,175.99776000000003,152.66714999999996,107.55879,436.22369999999995,0.0012407200135246502,175.89784,138.73740000000004,104.71446,419.34970000000004,0.0012766840553822892
E01001857,1537.28094,254.53667000000002,297.96244,188.05120000000005,740.5503099999997,0.0006895238105176849,307.44003000000004,306.58833,182.70227,796.7306300000001,0.0005933725263109881
E01001858,910.91838,118.10705999999999,124.60031000000001,94.35039,337.05776,0.0014826977568704373,202.8127,196.58135,174.46657000000005,573.8606199999999,0.0011102049304063475
E01001860,3320.15505,519.66342,534.9266500000001,360.91041999999993,1415.5004899999997,0.0002266804152183346,784.2140599999999,640.1695699999999,480.27093,1904.6545600000002,0.00021087876449982083
E01001861,1847.00046,258.81562,283.63776,209.10932,751.5627000000002,0.0004470002620085541,432.96720000000005,366.89973000000003,295.57083000000006,1095.43776,0.0003952985296081557
E01001866,3096.93619,439.34925,328.87155000000007,258.74122,1026.96202,0.0004505777300776619,827.11773,666.82592,576.0305199999999,2069.97417,0.00015948443583022054
E01001867,444.59740999999997,96.0,66.50603,48.868719999999996,211.3747500000001,0.0030306652676887593,89.15627,72.10851,71.95788000000002,233.22266,0.0029667110768463348
E01001869,909.13386,236.02439,205.02782000000002,89.84998999999999,530.9022000000001,0.0013591732728636765,155.79340999999997,144.82426999999998,77.61398,378.2316600000001,0.0018067637497292176
E01001871,634.2904599999999,92.556,77.52843,47.52125,217.60568,0.002763981062842816,181.58667000000003,139.80681,95.29129999999999,416.68478000000005,0.001431605567601709
E01001875,2085.57217,268.86562000000004,249.16936,183.39532,701.4302999999999,0.0010323166773350653,541.78116,487.92722,354.43349,1384.1418699999995,0.0003778060855110269
E01001876,2737.67897,685.01037,402.4851400000001,304.84950000000003,1392.34501,0.0008572691710389672,552.48538,452.43165999999997,340.41692000000006,1345.3339599999997,0.0003411462436942822
E01001877,1093.45172,177.33796999999998,175.32744,139.02636,491.69177,0.0011378407441582851,233.06991000000002,220.35577999999998,148.33426000000003,601.7599500000002,0.0007385421518680125
E01001879,607.65923,92.41191999999998,59.87827,47.49209000000001,199.78228000000001,0.004261114131931761,184.43259,112.55502,110.88933999999998,407.8769499999999,0.0017424311711874017
E01001882,1154.63445,217.58719,208.87805,124.72634,551.1915799999999,0.001075467706330557,229.76005,228.98861,144.69421,603.44287,0.0007380172074704757
E01001883,708.8471,90.10313,106.48916999999999,74.33421,270.9265099999999,0.0024171550458028965,149.99106999999998,174.73949000000005,113.19003,437.92059000000006,0.0009875721746059468
E01001884,491.86066,91.50796000000003,96.57593,50.72120999999999,238.80510000000007,0.0023613237404893333,87.77368,104.02374,61.25813999999999,253.05555999999999,0.0021386716273260574
E01001886,1566.69562,253.57272999999998,238.56452000000002,161.81065999999998,653.9479100000001,0.0005502733609783235,359.39241000000004,319.6385000000001,233.71680000000003,912.7477099999999,0.0004124919117611739
E01001887,2558.66356,376.9729,405.32358000000005,256.22461999999996,1038.5210999999997,0.0002933825646938605,604.21884,526.04925,389.87437000000006,1520.1424599999996,0.0001462098515867943
E01001891,4334.08008,928.9642699999998,712.27746,571.3274999999999,2212.5692300000005,0.00028303454818872015,862.8812599999999,704.2578,554.3717899999997,2121.51085,0.00017203760067604492
E01001894,664.93562,161.93245000000002,167.02777000000003,108.50415000000001,437.46437,0.0010393895975460918,82.11201,84.88803999999999,60.47119999999999,227.47125000000003,0.0028631752158904183
E01001898,31310.44566,6383.796700000001,5689.46973,4351.40437,16424.6708,1.6501376605603402e-05,5475.745050000001,5499.8502499999995,3910.17956,14885.774860000001,1.3223040231906489e-05
E01001899,309.87189,58.32732999999999,51.37087,32.10246,141.80066000000002,0.005601033696847469,63.10655999999999,65.96552999999999,38.99914,168.07122999999999,0.003347911174847965
E01001902,664.3444,106.46548,109.34180000000002,74.42748,290.23476,0.0020286560871522023,154.34235999999999,131.86878,87.8985,374.10963999999996,0.0014579510543481888
E01001903,1021.03519,129.97142,131.62141000000003,83.43149,345.0243199999999,0.0018686339114588335,246.91734999999997,246.01714,183.07637999999994,676.0108700000001,0.0006396821371665114
E01001905,205.93374,47.71178,27.90229,17.760830000000002,93.37490000000001,0.012192803716261556,46.01144,37.13711,29.410289999999996,112.55884000000002,0.007720690586743378
E01001909,1893.1771999999999,312.53231000000005,305.91141999999996,218.54154,836.9852700000004,0.0003797330089110459,372.20308,395.20781,288.78103999999996,1056.19193,0.0003688623152667855
E01001911,579.95103,82.40991999999999,91.89186000000001,72.12069999999999,246.42248,0.002262172020184379,103.9926,132.57675,96.9592,333.52855000000005,0.0019511167332914557
E01001912,1106.63841,189.06853999999998,196.56006000000002,150.65833,536.28693,0.0007619472553194277,226.59034000000005,180.25924,163.50190000000003,570.3514799999998,0.0009059923436971918
E01001914,1253.0227,176.71074,198.76319999999998,150.50795999999997,525.9819,0.000696220674722727,276.09543,262.4095,188.53587000000002,727.0408000000002,0.0005514170226433549
E01001915,2814.47258,521.91127,451.8421400000001,309.11245999999994,1282.8658700000003,0.00034048062039438603,649.73919,533.47808,348.3894399999999,1531.60671,0.0002606370613506109
E01001916,3449.30556,773.6170400000002,695.3986900000001,608.81291,2077.82864,0.000320528901727228,497.31942000000004,514.3000100000002,359.85749,1371.47692,0.00034268680973099854
E01001918,1466.01379,233.46712999999997,235.34547999999998,148.90804999999997,617.7206599999997,0.0013822583389094993,378.92083,266.77290999999997,202.59938999999997,848.2931300000001,0.0006354293692945579
E01001920,5345.8021,847.20078,829.9937999999999,627.04378,2304.2383600000007,0.0001567535713018855,1158.77732,1096.23632,786.5501,3041.5637399999987,8.945715216402653e-05
E01001921,1497.57307,223.98969,215.43367999999998,173.17713,612.6005,0.000592152565152694,323.89547999999996,326.02452,235.05256999999997,884.9725699999999,0.0003558845135289365
E01001922,522.94245,87.43121,83.86485999999998,51.627379999999995,222.92345000000003,0.0033052356879523697,119.91388999999997,113.92711000000001,66.17799999999998,300.0189999999999,0.0017479214617389135
E01001924,547.43223,91.14951,101.90357999999999,57.49592,250.54901000000004,0.002072660996895969,112.79187,105.83587,78.25548,296.88322,0.0011330010885069158
E01001925,566.00641,95.94465000000001,102.74422,50.60132,249.29019000000005,0.002436366034678716,135.10907,112.95718000000001,68.64997,316.71622,0.001943657414240775
E01001928,1123.36128,164.58959000000002,144.96463999999997,120.37659,429.93082000000004,0.0012353190272012472,285.28508999999997,248.56529,159.58008,693.43046,0.0006579835110060983
E01001929,571.09129,124.91893,106.54744999999998,68.87504,300.34141999999997,0.002248789356159672,111.21099000000002,83.83291000000001,75.70597,270.74987000000004,0.001839018647429913
E01001930,1990.8349,286.58082,275.75506000000007,191.03414999999998,753.3700299999998,0.0007304239471221145,502.7712599999999,424.6484,310.04521000000005,1237.4648700000002,0.00036975670533564867
E01001932,817.20618,146.20161000000002,142.99444000000003,115.43361999999998,404.62967,0.001337610563395335,147.91241,156.43668,108.22742,412.57651,0.0013757633201851647
E01001933,794.54622,127.90766,140.66344999999998,89.96219,358.53329999999994,0.001236166022299653,169.54705,170.23916,96.22671000000001,436.01292000000007,0.0012270159659016897
E01001937,1073.87843,213.83307999999997,175.18988999999996,117.8995,506.92247000000003,0.0012882014757824496,234.97051000000002,188.73129999999998,143.25415000000004,566.9559599999998,0.0007266514440654588
E01001938,1358.23358,278.95149000000004,217.26808,122.13810000000002,618.35767,0.00110819321002192,303.77851000000004,253.04903000000004,183.04837,739.8759100000002,0.0004996631304757594
E01001940,2204.64794,412.50587999999993,389.37037000000004,289.7421599999999,1091.61841,0.0002656608815784723,416.7682300000001,398.61955,297.64175000000006,1113.0295300000002,0.00025824930090475765
E01001941,5762.76938,1077.3402500000002,1033.0991800000002,779.4432299999999,2889.88266,0.0001863993248373899,1067.03823,999.80903,806.0394600000001,2872.8867199999995,7.084184936202167e-05
E01001942,1955.1798,379.94918000000007,411.43006,303.97674000000006,1095.35598,0.0006172397580444914,330.92148000000003,300.75289999999995,228.14944,859.8238200000001,0.0004900661222868888
E01001943,37484.94251,7347.60481,8150.796240000001,5446.50991,20944.91096,1.8640405983780554e-05,6140.371840000002,6087.458030000001,4312.201679999999,16540.03155,9.896268733091025e-06
E01001948,431.70444,81.36184999999999,74.41887999999999,44.85372,200.63444999999993,0.003843340030807538,92.31976,84.26864999999998,54.48158000000001,231.06999000000002,0.0021103275687577635
E01001950,841.12909,108.77893999999999,96.68897999999997,88.87391999999998,294.3418400000001,0.0032912653420915363,224.52872,192.50109000000003,129.75744,546.7872499999999,0.0008389913874370705
E01001951,624.68008,120.23234000000001,121.31789,69.24105,310.7912799999999,0.0018628760214935047,122.71481000000001,118.77815999999999,72.39582999999999,313.8888000000002,0.0014872822638860804
E01001952,329.07041,54.18944999999999,51.47706,29.94,135.60651,0.006707217488278964,81.04355999999999,66.69111000000001,45.72923,193.4639,0.003522577699667768
E01001953,4854.88196,887.5999000000003,853.7737599999998,636.3381600000001,2377.7118200000004,0.00011786306425988968,908.2944100000002,892.04929,676.8264399999999,2477.17014,0.00011517470641089701
E01001954,837.60653,123.64486000000002,139.19419999999997,95.64141000000001,358.48046999999997,0.0015077269405824498,193.03513999999996,154.83579,131.25512999999998,479.1260600000001,0.0008270602837323483
E01001955,229.92356,65.37762000000001,70.10021,37.60261,173.08043999999998,0.005243729643671351,19.10057,27.830879999999993,9.911669999999999,56.843120000000006,0.01971338798235815
E01001956,375.0688,24.18293,28.778010000000002,19.4057,72.36664,0.01098625033863179,133.38702,97.48159000000001,71.83354999999999,302.7021600000001,0.0019179500149270913
E01001958,94.54369,25.741200000000003,27.873689999999996,21.032049999999998,74.64694,0.015821837787689724,9.734879999999999,4.77507,5.3868,19.896749999999997,0.053126444618853075
E01001959,548.99305,89.84725000000002,93.67625,67.68417,251.20766999999998,0.003103862461256237,118.54090000000001,102.36332,76.88116000000001,297.7853799999999,0.0018901034956086919
E01001962,972.50622,157.82568999999995,171.40905999999995,91.60867000000002,420.8434200000001,0.0025572190916309154,227.85358999999997,216.79227999999998,107.01693000000003,551.6627999999998,0.001215708421713505
E01001963,816.04418,123.79585,148.00678,67.82981999999998,339.63245000000006,0.0026236188876748467,227.28096999999994,143.30447,105.82629000000003,476.41173,0.0014562012366717714
E01001964,861.71118,138.28913,317.01390000000004,83.09391000000001,538.3969400000002,0.0026461647076272852,118.84898,146.49743999999998,57.96782,323.31424,0.002637466199633638
E01001966,983.12961,119.09343000000001,289.00926,71.08692,479.18960999999996,0.003188340874580382,155.05276999999992,262.93037,85.95686000000002,503.9399999999998,0.0024763865353165334
E01001968,355.84774,58.800259999999994,54.96974999999999,31.569419999999997,145.33943,0.005790247452607515,93.88201000000001,61.29314,55.33316,210.50830999999997,0.0033571387325265333
E01001969,1211.81107,191.37327,139.50992000000002,120.35764,451.24083,0.001637102218093033,301.01190999999994,274.92276,184.63556999999997,760.5702400000001,0.0004562356976211341
E01001970,420.46136,70.18088,72.39684999999999,58.46764999999999,201.04538,0.0035445038127471786,73.33244,83.85495,62.22859,219.41598000000008,0.0027665301878160783
E01001971,298.1467,64.26237,66.01714,56.85426,187.13376999999997,0.004596193708055583,39.254070000000006,33.86728,37.891580000000005,111.01293,0.009159572940954354
E01001972,1149.67417,197.81750999999997,198.93200000000002,109.86159999999998,506.6111099999999,0.0014847790351194315,232.80956999999998,275.50948999999997,134.74399999999997,643.06306,0.0011681229283009979
E01001973,3920.96988,862.2002200000001,628.81664,440.70108999999997,1931.7179499999997,0.00024025498730783582,749.9023100000002,723.17724,516.1723800000001,1989.2519300000006,0.00013522016678481547
E01001975,1953.75326,233.90556,219.46116999999998,197.94364000000002,651.3103699999999,0.0011656086702260266,495.98908,442.94069,363.51312,1302.4428900000003,0.00030363162898246784
E01001976,203.51998,25.998920000000002,30.294230000000002,19.396420000000003,75.68957,0.009592889908830771,53.26490999999999,47.42775,27.13775,127.83040999999997,0.005706448019520853
E01001977,515.3432,133.36288,138.49812000000003,116.7886,388.6496000000001,0.002896490508310842,45.7366,41.80539000000001,39.15161,126.69360000000003,0.00764250523937886
E01001978,1623.81704,217.88244,216.43682000000004,186.59815,620.9174099999998,0.0012561284567382158,392.98315999999994,346.46926,263.44721,1002.89963,0.00034553957259838273
E01001979,5090.00671,928.8217700000001,897.0714699999999,649.90675,2475.79999,9.518574406502814e-05,1004.33614,959.98766,649.88292,2614.206719999999,0.00011173870584205701
E01001980,267.70578,38.048700000000004,38.84672,27.15714,104.05256,0.009560720269653662,71.3589,56.03756,36.25676,163.65322,0.004003184621870018
E01001981,418.20373,72.39767,60.28907,62.420230000000004,195.10697000000002,0.003480770874492528,79.85538000000001,79.98470999999999,63.25667000000001,223.09676,0.00240205135792778
E01001983,949.55054,139.75733000000002,145.12289,132.41021,417.29042999999996,0.0024568187502619332,193.69413000000003,190.69898999999998,147.86699000000002,532.2601100000002,0.0007844479524207597
E01001984,1126.31815,99.42007,122.01776000000001,88.12405,309.56188000000003,0.0025598748833550247,282.55217999999996,324.12328999999994,210.08079999999998,816.7562700000001,0.0005582283638019081
E01001986,1041.86327,110.38355,111.14718,55.16538,276.69611,0.004237722668537565,329.06199000000004,264.66217,171.443,765.1671599999999,0.0008557089007604976
E01001987,57.48151,10.671919999999998,11.340049999999998,10.778220000000001,32.790189999999996,0.04324657277292131,9.40951,8.068439999999999,7.213369999999999,24.69132,0.04761258021682293
E01001988,146.80250999999998,49.5823,43.12582,26.78374,119.49186000000002,0.009206049738266773,11.33916,9.49516,6.47633,27.310650000000003,0.04476947065530555
E01001989,1100.71891,175.79336,205.05119999999997,88.67373999999998,469.5183,0.002196056577286539,283.1341800000001,222.82875,125.23767999999998,631.2006100000001,0.0010825387492028706
E01001990,5666.58821,1025.2432500000002,1076.8305699999999,599.23546,2701.3092800000004,0.000278395809343067,1285.3216000000002,1015.6612600000001,664.29607,2965.2789300000004,0.00016274906956069416
E01001991,723.80252,132.52917,136.54497999999998,73.06187,342.13602,0.0022624841675955225,174.50267,125.27148,81.89235,381.66650000000016,0.0017354516279768002
E01001992,114.53815999999999,32.13455,30.691969999999998,15.24222,78.06873999999999,0.012571046626366572,14.924649999999998,11.999379999999999,9.545389999999998,36.46942,0.02601404792400251
E01001994,421.51921,65.15013,49.68513,39.065549999999995,153.90081,0.004440730650000045,110.6003,83.34305999999998,73.67504,267.6184,0.002559491816274253
E01001995,222.3659,31.193939999999998,20.0379,11.80989,63.04173,0.01890706989302431,68.84211,54.951829999999994,35.53023,159.32416999999998,0.0048246525671315835
E01001997,1361.93968,164.71531,170.83968,109.51620999999997,445.0712,0.0010621519982094907,421.77370999999994,292.38804000000005,202.70673,916.8684800000001,0.0006481066733274322
E01001999,4599.49907,502.95133999999996,597.53915,470.20208,1570.6925700000004,0.0002675531984805404,1190.4416800000001,1002.40935,835.9554699999999,3028.8065,0.00019478832893145585
E01002002,1857.69934,317.18571,438.54218,252.11678999999998,1007.8446799999999,0.0005791679340364571,289.52742,350.17732,210.14992000000004,849.85466,0.0004869038154221775
E01002003,5383.31732,1092.15663,1142.23275,844.3562400000001,3078.7456199999997,8.841864475955417e-05,848.2656999999999,857.1658499999999,599.14015,2304.5716999999995,0.00010974467261273542
E01002005,902.5285,147.21135999999996,191.76949000000005,118.57653,457.55737999999997,0.0011294407313458255,165.44184,175.87369999999999,103.65557999999999,444.9711200000001,0.0010876436722746419
E01002008,1186.60858,229.86752,201.32285999999996,140.24659000000003,571.43697,0.001342628525998243,261.00991,211.26026999999996,142.90143000000003,615.17161,0.0010149443429209883
E01002009,2149.79186,392.2594000000001,389.53083000000004,245.19438000000002,1026.9846099999997,0.0006688047713478394,438.44575999999995,409.6689400000001,274.6925499999999,1122.8072499999996,0.0004042435391137395
E01002010,432.49555,92.43987999999997,60.11114,46.29783000000001,198.84884999999997,0.00498186325089639,103.36977,68.80668999999999,61.47024,233.64669999999998,0.0025938553022743726
E01002011,4771.63412,1167.6322,893.1407200000001,601.98776,2662.7606799999994,0.0002159510833879692,799.5001299999999,841.89431,467.4789999999999,2108.8734400000003,0.0002057445399301825
E01002013,1228.37928,140.39306,139.82052,87.79992,368.0134999999999,0.002397858453212394,346.90860000000004,311.48648000000003,201.9707,860.3657800000003,0.0006463060628054472
E01002014,1884.58273,334.37483,330.36394,227.64323,892.3820000000001,0.0004491262501920317,402.29564,331.11435,258.79073999999997,992.2007299999999,0.00034132473195271225
E01002015,551.34112,90.06317,95.59537999999999,83.60219,269.26073999999994,0.002830354206746817,119.99792000000001,99.68284999999999,62.399609999999996,282.08038,0.00260237319513877
E01002017,4053.72827,584.28069,608.7998300000002,400.46835999999996,1593.5488799999996,0.00023965246329586936,1003.31295,871.11869,585.7477500000001,2460.17939,0.0001496879911438861
E01002019,1407.50612,225.37851999999998,195.93528,92.15878000000001,513.4725800000001,0.0019128717111470766,413.11347,302.87999,178.04008,894.0335399999999,0.0007885032626567697
E01002020,1639.06847,308.20796,341.05144,189.63167,838.8910700000001,0.0009240161925163133,321.68766,312.83936000000006,165.65037999999998,800.1773999999998,0.0007930990582765322
E01002021,513.55637,69.33163,74.07339000000002,45.93741,189.34242999999995,0.006997162164646591,132.01635000000002,119.97583,72.22175999999999,324.2139400000001,0.0019476649133861946
E01002022,14787.51431,2389.903980000001,2617.86894,1558.46108,6566.234000000001,7.42117462669956e-05,3270.13426,3025.02265,1926.1234,8221.280309999998,5.181564528160547e-05
E01002028,2280.21318,312.16597,306.33601000000004,268.35833,886.8603100000003,0.0004277285003372526,530.97437,483.47787999999997,378.90062,1393.3528700000002,0.0002208918356273515
E01002029,13328.86219,3791.31711,4023.7653899999996,2576.34052,10391.423020000004,2.824604036421154e-05,1056.9646300000002,1185.2697400000002,695.2048000000001,2937.43917,0.00014871077939758394
E01002030,1088.08706,159.20375999999993,182.11463000000003,130.41701999999998,471.73541000000006,0.0016373380729445355,224.44236999999998,239.35715000000005,152.55213000000003,616.3516500000001,0.0009574593924213773
E01002031,20426.24402,3000.5004700000004,3080.02058,2111.27451,8191.79556,2.9626520750277146e-05,4430.44532,4314.385849999999,3489.6172899999997,12234.448460000003,1.7111088461926795e-05
E01002032,115.31103,29.894869999999997,27.976169999999996,22.11358,79.98461999999998,0.010673118299088973,14.511989999999999,11.192839999999997,9.62158,35.32640999999998,0.02976602997139152
E01002033,514.01246,103.23791,100.75225999999999,92.75646,296.74663,0.0017718868451086249,81.27426000000001,72.85834000000001,63.13322999999999,217.26583000000002,0.002583723705593905
E01002034,6822.66202,1190.5397899999998,1225.4106000000002,911.4243200000001,3327.3747099999987,0.0001270358748484213,1366.00854,1176.3947300000002,952.8840400000001,3495.2873100000006,7.819693579441266e-05
E01002036,262.89552,50.169370000000015,42.30163999999999,33.512919999999994,125.98393000000003,0.006426266380745633,51.28983999999999,49.91007,35.71168,136.91159000000002,0.004206838174515429
E01002037,3738.79362,553.30864,471.39980999999995,386.0436900000001,1410.7521399999998,0.00037400622787828555,926.7289000000001,768.62628,632.6863,2328.0414800000003,0.00011706350512855524
E01002038,1903.79479,327.27137,323.5334399999999,313.33964,964.1444499999997,0.0008195141228786035,396.62861,294.09638000000007,248.92535000000004,939.65034,0.00043954150716063835
E01002042,1125.96137,185.91839,172.41177000000002,137.9954,496.32555999999994,0.0011428134830734533,246.66443999999998,213.43452,169.53685,629.6358100000001,0.0006183336245496157
E01002043,1189.5849,186.69585999999995,208.56485999999998,148.37461,543.63533,0.001093353990499598,258.27621,217.68995999999996,169.98339999999996,645.9495699999999,0.0006273417879844244
E01002046,1103.25524,190.56853,212.46686,151.84387,554.8792599999999,0.0011257597797134447,208.37226999999996,178.68047,161.32324,548.37598,0.0008543362956670041
E01002047,7230.09209,1219.5849299999998,1322.1436399999998,1035.7831500000002,3577.5117199999995,9.545749590020758e-05,1361.7734099999998,1272.76822,1018.0387400000002,3652.580369999999,0.00010720821084202236
E01002048,822.4088399999999,115.72491999999998,144.82574,112.55794999999999,373.10861,0.0014404909170486475,170.02347999999998,161.41826,117.85849,449.30022999999994,0.0009691170254393587
E01002049,611.31122,71.82813,82.08098,58.15394000000001,212.06305,0.005134599106269733,159.40320999999997,130.28132,109.56364000000002,399.24817000000013,0.00143527292237733
E01002051,945.23646,154.29032000000004,146.02112,120.00412999999999,420.3155700000001,0.0009562294559738733,233.10012,113.63764,178.18313,524.9208900000001,0.0018064856915129802
E01002052,176.78361999999998,54.48899,26.746550000000003,47.72096,128.95649999999998,0.009989714823421805,22.26047,6.88965,18.677000000000003,47.82712,0.029115955417646205
E01002053,1861.12902,262.77218,279.81550999999996,238.62462999999997,781.2123200000001,0.0005473299963006151,416.0367500000001,379.15198000000004,284.7279700000001,1079.9167,0.00044096981155175623
E01002055,2313.02405,459.3487999999999,301.28893000000005,405.41302,1166.05075,0.0006502975624029361,462.7622799999999,343.23422000000005,340.97679999999997,1146.9733,0.00045066966290740573
E01002056,1620.87817,229.15565999999998,259.72312,214.52566,703.4044399999999,0.0009065772121361337,376.65737,296.96236999999996,243.85398999999998,917.4737300000003,0.0005702690627774963
E01002058,212.77912,26.550220000000003,31.28187,9.393970000000001,67.22605999999999,0.021428287104696773,53.34587000000001,54.790569999999995,37.41662,145.55306000000004,0.00633877582567188
E01002059,76.02346,17.42322,21.314749999999997,8.836590000000001,47.574560000000005,0.0282881207572108,14.679199999999998,12.28869,1.4810099999999997,28.4489,0.05157190180634006
E01002060,537.88865,51.66856000000001,65.71705000000001,31.533450000000002,148.91906,0.0070323659587905865,160.55958999999996,152.39999,76.01001000000002,388.96959000000004,0.001761875299922002
E01002061,200.98699,12.562189999999998,18.808029999999995,8.85088,40.22109999999999,0.034207608257419406,69.61438000000001,61.40902,29.74249,160.76589000000004,0.0061607660577306066
E01002062,628.01386,91.89271,106.55489999999999,60.22816000000001,258.67576999999994,0.002831140698046617,166.55302,130.82047999999998,71.96459000000002,369.3380900000001,0.0018250904282262146
E01002064,1172.47292,276.79077,289.29992000000004,164.95242000000002,731.04311,0.0007905520798564809,174.09260999999998,170.92673000000002,96.41046999999999,441.42981,0.0018847198978824828
E01002066,9811.43173,1550.2762400000001,1507.41762,1313.7137900000002,4371.407650000001,0.00013151487733347898,1950.0646900000006,1863.84883,1626.1105600000003,5440.024080000001,7.878121207081056e-05
E01002067,3590.39686,574.80642,560.42226,455.15927999999997,1590.38796,0.0003489779352108388,775.5056199999998,709.66372,514.8395600000001,2000.0089,0.00015368882469806648
E01002068,547.38078,108.44823,116.96149,66.41468,291.82439999999997,0.004486231336765006,90.49027999999998,109.98661,55.07949,255.55637999999993,0.0026267429170569534
E01002069,3790.68743,911.74899,918.93643,487.79723,2318.4826500000004,0.00023112796811928875,589.2606499999999,535.6242000000001,347.3199300000001,1472.20478,0.0003451569420980232
E01002070,1307.2858,174.42170000000002,202.51005000000004,167.36252000000002,544.29427,0.0011523194096528227,291.33023,273.98205,197.67925,762.9915300000001,0.0005522177057688233
E01002071,967.04087,196.75242,227.66451999999998,143.13223,567.5491700000001,0.0008868923213314816,153.82073999999997,151.91492999999997,93.75603,399.49170000000004,0.0011465867443639882
E01002072,22970.726029999998,4908.480559999999,4545.15471,3553.97363,13007.608899999997,3.0996489705838095e-05,3470.6737599999997,3654.4885200000003,2837.954849999999,9963.117130000002,4.3447301210199855e-05
E01002074,1416.2866099999999,171.24484,177.03185000000002,129.85568999999998,478.13237999999996,0.001910169517520982,375.27979,314.14851,248.72592999999998,938.1542300000001,0.0004989182957379854
E01002075,1245.90887,168.6827,159.05325999999997,141.01059,468.7465499999999,0.0017920744244193688,323.37631999999996,235.91537000000002,217.87062999999998,777.16232,0.000502376602943549
E01002076,131.14031,16.952779999999997,16.00178,19.509780000000003,52.46434,0.019635354110715476,26.45159,23.250290000000003,28.97409,78.67596999999998,0.013107251266615027
E01002077,8117.27517,1424.3365600000002,1455.5924,1219.1069,4099.03586,0.0001566666193307401,1526.04718,1343.0948099999998,1149.09732,4018.2393100000004,5.637506332157021e-05
E01002078,248.75934999999998,25.52718,31.347959999999997,17.45065,74.32579000000003,0.013431532916210579,64.24575999999999,66.64657,43.54122999999999,174.43356000000003,0.0033417087029366547
E01002081,9149.470440000001,1319.20855,1420.0258199999998,1173.85411,3913.0884799999994,0.00012468774512295732,1925.42588,1823.91397,1487.0421099999999,5236.381959999999,7.760549663664339e-05
E01002082,1951.57375,191.17111999999997,197.88808999999998,167.08648999999997,556.1456999999999,0.0012244167473700975,563.90393,457.63464,373.88947999999993,1395.4280500000004,0.0002947506189427329
E01002083,360.92261,74.50007,68.65701999999997,54.96998,198.12707,0.003088071323508533,63.689699999999995,56.86994,42.2359,162.79553999999996,0.002861928446641587
E01002084,946.2210699999999,88.53053,113.75627999999999,82.56617999999999,284.85299000000003,0.0025871622703246486,236.68432999999996,236.41296999999997,188.27077999999995,661.3680799999998,0.0008006818490216216
E01002085,7712.37343,2408.90083,2112.6186,1724.3205,6245.839930000002,7.346632839848934e-05,533.1622500000001,530.4117499999999,402.95949999999993,1466.5335,0.00028074058373620583
E01002086,536.77729,47.89992000000001,58.97874,41.24017,148.11883000000003,0.006982031949826241,155.69153,139.42391999999998,93.54301,388.65845999999993,0.0017338982792502627
E01002087,96.53235,8.310929999999999,8.55054,7.923480000000001,24.784950000000002,0.03241354986574245,25.54285,28.433339999999998,17.77121,71.74740000000001,0.010458167155896272
E01002088,2893.29639,412.20445,473.23240000000004,347.70426,1233.14111,0.0007282950208281299,642.9534199999999,593.8168900000001,423.38497,1660.1552800000004,0.00016709850603709956
E01002089,642.70009,68.02414999999999,56.20665,57.85324,182.08403999999996,0.004775479305918899,178.75014000000002,157.46537,124.40054000000002,460.61605000000003,0.001310445385530278
E01002090,729.87136,101.05015,106.40799,61.05368,268.51182000000006,0.004155409816623519,196.70426,148.5288,116.12648000000002,461.35953999999987,0.001336762345385067
E01002091,2746.63629,427.24851,364.21007,296.31469000000004,1087.7732700000001,0.0005776688545898693,692.8381099999999,541.1358399999999,424.88907,1658.8630200000002,0.0002695018191270959
E01002092,796.93435,123.51313,116.58314000000001,99.81945,339.91572,0.0027509487995682523,197.91318000000004,159.89056999999997,99.21487999999998,457.0186300000001,0.0012845435937462997
E01002094,73.45098,8.206109999999999,4.411690000000001,7.162560000000001,19.780359999999998,0.07115037718414124,20.641959999999997,17.33453,15.69413,53.67062,0.01361055688881516
E01002095,84.87946,12.816539999999998,10.76009,8.297369999999999,31.87399999999999,0.043478050051046845,23.043110000000002,18.56022,11.40213,53.005460000000014,0.018933267439422724
E01002096,1134.98478,134.96229,126.42846,116.02744999999999,377.4182,0.0029572496307074896,304.60745999999995,250.81070000000003,202.14841999999996,757.5665799999998,0.0007251917922298283
E01002098,2422.8474,552.4000599999999,514.72709,419.57766,1486.70481,0.0003630646147777542,348.62020000000007,356.9738700000001,230.54852000000002,936.1425899999997,0.000443704290487276
E01002099,135.01334,17.96568,12.95453,18.03582,48.956030000000005,0.02531409297631942,39.11684,27.6108,19.32967,86.05730999999999,0.011333432690475258
E01002100,1395.17086,209.3892,189.84327000000002,168.57672,567.8091900000002,0.0006283478544387115,327.96857,277.69762,221.69547999999998,827.3616699999998,0.0005253548866081245
E01002102,247.55333,35.67457999999999,18.20188,16.179540000000003,70.05599999999998,0.016822450830116707,78.47776999999999,62.24479000000001,36.77477,177.49732999999998,0.00416769637230007
E01002103,1265.40962,183.45492000000002,164.13365000000002,154.3515,501.94007,0.0014017705286020752,283.35833999999994,256.76723,223.34398000000004,763.4695500000001,0.0004980697608160788
E01002104,913.88319,156.56305000000003,84.91254,94.38860999999999,335.8641999999999,0.003196406043589161,255.69615999999996,181.53932999999998,140.7835,578.0189899999999,0.0009714364085454543
E01002105,17379.91963,2391.58619,2510.50851,1906.4261200000003,6808.520819999999,5.536796680155327e-05,3694.5348199999994,3834.40232,3042.4616699999997,10571.39881,2.854269772036553e-05
E01002106,213.07593,33.95102,28.050240000000002,28.102979999999995,90.10424000000002,0.015450004956392623,54.704969999999996,40.0873,28.17942,122.97169000000001,0.006304490462862336
E01002108,265.5965,25.38352,26.672560000000004,19.31339,71.36946999999999,0.013633520093515036,91.59376999999999,61.801,40.83226000000001,194.22702999999998,0.0040154116388472025
E01002109,443.3895,68.92728,61.01101,46.91077,176.84905999999995,0.005135706900758543,120.13313000000001,76.14311,70.26420000000002,266.54044,0.0028553605273278957
E01002110,235.38791999999998,50.77129000000001,52.02169000000001,39.14673,141.93971000000002,0.0048705354156462115,32.01793,35.86471999999999,25.565559999999998,93.44820999999999,0.010136321020665551
E01002111,1151.77945,160.49638,139.95937000000004,129.54229999999998,429.99805000000003,0.0017341100761712426,316.19410999999997,240.20078,165.38651000000002,721.7814,0.0007849115479379679
E01002112,3019.77276,719.07303,515.96512,422.53051,1657.5686600000004,0.00031554933507136186,542.97096,442.92104,376.3121,1362.2041000000002,0.00032518244014331
E01002113,158.31796,13.68692,48.34714,14.35858,76.39264000000001,0.027755884674113898,30.475520000000007,33.049060000000004,18.40074,81.92532,0.010706945430350164
E01002114,420.46109,105.74684000000002,63.655519999999996,52.626009999999994,222.02836999999997,0.0049540989143389644,64.52562,72.06446000000003,61.84263999999999,198.43272000000002,0.004033490878133306
E01002116,63.2786,3.5000599999999995,1.3708099999999999,1.9190099999999997,6.78988,0.15973679875404875,23.20417,19.513510000000004,13.77104,56.48872,0.0179914568955189
E01002118,2935.24122,835.77099,774.4452899999999,636.80448,2247.02076,0.0001428286920130196,283.49565,234.19279999999998,170.53200999999999,688.2204600000001,0.0008501308081554409
E01002119,1007.27989,51.31304,47.28208000000001,24.563490000000005,123.15861,0.007401197589134333,306.40298,333.91122999999993,243.80707000000007,884.12128,0.0005382032276122209
E01002121,324.94351,38.35745,27.30021,32.087630000000004,97.74529,0.014843540237122465,107.54100000000003,69.20913,50.44809,227.19822000000005,0.00391163306625489
E01002122,813.25938,117.88201999999998,132.55771000000001,83.74922000000001,334.18895,0.003208203098853893,189.82798999999994,166.86391000000003,122.37853,479.07042999999993,0.0007310221222594502
E01002123,931.2850099999999,143.36592,150.98402,125.95618000000002,420.30612,0.0011759143056732245,200.18467,184.44168,126.35254,510.97889000000015,0.0009902415135372039
E01002125,1125.93203,154.6326,150.08325000000002,140.97805,445.69390000000004,0.0016806351953156933,275.5445,228.14865999999998,176.54497000000003,680.2381300000001,0.0006885306408509618
E01002128,65.28032999999999,11.38874,11.512310000000001,11.72745,34.6285,0.043809500410153995,13.28824,4.89282,12.47077,30.651830000000004,0.06615854504273398
E01002129,30594.84332,6667.897919999999,5890.048330000001,4670.284,17228.230249999997,1.7060090084323196e-05,4941.27057,4529.23755,3896.10495,13366.613070000001,2.0760624598330072e-05
E01002130,9879.84053,1661.6890400000002,1851.5766300000003,1388.89032,4902.155989999998,9.193532289361551e-05,1896.6963399999997,1678.2122100000004,1402.7759899999999,4977.684540000001,8.618261042619345e-05
E01002132,735.68174,100.57057000000002,81.84339999999999,71.3731,253.78706999999997,0.003502486615103499,198.44868999999997,161.70263,121.74334999999999,481.89466999999996,0.0015280940316953237
E01002133,1978.94733,340.91053999999997,235.34058000000002,251.37546999999995,827.62659,0.0008812682477419025,467.0080000000001,390.70944,293.6033,1151.32074,0.0003829113347190678
E01002135,1783.11936,342.11823000000004,291.49096000000003,123.37521000000001,756.9844000000003,0.0012437846294502453,481.32669000000004,403.94348,140.86479,1026.13496,0.0008636041953445175
E01002136,2130.30672,305.37721,235.57799000000003,245.21996000000001,786.17516,0.0008863728311940765,534.7028600000001,428.47531,380.95338999999996,1344.1315600000003,0.00034194697133581536
E01002137,82.66472999999999,16.136899999999997,14.79834,8.59299,39.52823,0.029526490816588844,15.61842,15.57572,11.94236,43.1365,0.026545783393605513
E01002139,120.01048,15.152549999999998,16.53157,10.29281,41.976929999999996,0.02504018877116892,31.30486,27.805920000000004,18.92277,78.03354999999999,0.012144800727323806
E01002140,78.9405,11.73449,12.67359,7.445829999999999,31.853910000000003,0.026356561704718853,17.390639999999998,18.56316,11.13279,47.08659,0.017098087932104405
E01002141,259.76796,38.40504,37.92762999999999,33.63503,109.96770000000001,0.009856126549012884,59.09105999999999,59.25614,31.45306,149.80026,0.005593040040130756
E01002142,5095.66438,743.4327300000002,644.8904000000001,492.38345999999996,1880.7065900000007,0.0002546356846901222,1326.8610699999997,1078.9383199999997,809.1583999999999,3214.9577900000018,0.00011485032595357788
E01002144,536.16596,70.12232,61.690749999999994,48.413759999999996,180.22683000000004,0.0057136811703835996,145.31585,114.36097,96.26230999999999,355.93913,0.0015617282938792181
E01002145,185.63226,32.24302,42.41746,21.12601,95.78649,0.015602653548931976,35.764359999999996,31.64566,22.43575,89.84576999999997,0.009605239840389591
E01002148,223.18588,20.019309999999997,17.72929,19.906609999999997,57.65521,0.027865193398504906,65.66581,49.05671,50.80815,165.53067000000004,0.004740715888552743
E01002150,794.65361,166.61118000000002,149.18802,98.45873999999999,414.2579400000001,0.0013271618124910455,159.16466,135.23129,85.99972,380.39567,0.0019432835074663255
E01002151,1077.35799,153.44104,146.59555999999998,94.46795,394.50454999999994,0.002111251261969192,272.13728000000003,231.36425,179.35191,682.8534399999999,0.0007442382270018945
E01002152,784.9098,166.44966,153.79002,122.07002,442.3097000000001,0.00202664858180676,139.25762,129.53676,73.80572,342.60010000000005,0.002220132657642312
E01002153,256.39714,37.57868,29.362410000000004,28.962079999999997,95.90317,0.011784621428992403,63.22506999999999,56.45367,40.81522999999999,160.49397000000002,0.004196014951592572
E01002155,183.98114999999999,25.608559999999997,27.704769999999996,19.03512,72.34844999999999,0.014447213232953752,47.44419,33.63938,30.549129999999995,111.63270000000001,0.005268745596307344
E01002157,607.29811,134.42359,114.59831999999999,88.18168999999999,337.20359999999994,0.0013563305215509637,108.50455000000001,93.95565,67.63431000000001,270.09451000000007,0.0020012558169139323
E01002159,435.7554,20.653930000000003,20.86609,16.79106,58.31108,0.016727446022949774,137.59672999999998,128.19834,111.64925,377.44431999999995,0.0017234815312969368
E01002160,885.41278,143.17023,143.97145,115.20076999999999,402.3424499999999,0.0018678987077497327,185.68809999999993,165.03406999999999,132.34815999999998,483.07033000000007,0.0012734890116177164
E01002161,1711.84054,302.97002,264.94944999999996,220.35616,788.27563,0.0006052837710432497,353.77101,332.536,237.25790000000006,923.56491,0.0006556073684264582
E01002162,122.45973000000001,30.50204,35.944050000000004,39.07673,105.52282,0.010657141019361492,5.304139999999999,6.739309999999999,4.89346,16.93691,0.07327708743657857
E01002163,262.11048999999997,38.204539999999994,34.5573,26.731299999999997,99.49314,0.008755552061284456,71.47134,54.934270000000005,36.21174,162.61735,0.004102617742178415
E01002165,96.29902,25.02929,20.50357,16.874100000000002,62.40696000000001,0.02402474845756703,13.767500000000002,9.046669999999999,11.07789,33.89206000000001,0.026192086233599404
E01002166,393.92445,56.226440000000004,52.64657,43.98873,152.86174,0.008130379824927932,92.49294,87.99054,60.57923000000001,241.06271,0.002444575457364139
E01002169,114.69543,11.03411,10.12344,9.55567,30.71322,0.0427963992187507,30.132079999999995,29.752960000000005,24.097169999999995,83.98221,0.00895209739206856
E01002172,252.49793,41.87648999999999,30.732029999999995,24.002260000000007,96.61077999999998,0.013173474316089,75.2358,46.83695999999999,33.81439,155.88714999999996,0.004379972037303706
E01002174,2039.31086,272.69429,232.50624999999997,220.96277,726.1633099999999,0.0009804242801634217,540.66804,424.34456,348.13495,1313.1475499999997,0.00035897683367123095
E01002175,1670.0863200000001,364.24922,340.21808,330.42522999999994,1034.89253,0.0005079753693521698,240.66994000000003,219.20494,175.31891,635.19379,0.0008917061027983493
E01002176,1750.8666699999999,352.58519999999993,331.3924,240.94017000000005,924.9177700000001,0.0006577235428029656,298.04801000000003,289.46531,238.43557999999996,825.9489,0.0006139062128123839
E01002177,125.69793,23.02543,16.780649999999998,23.09582,62.90189999999999,0.021400922931133142,23.76228,24.85424,14.17951,62.796029999999995,0.01758060779595545
E01002179,7605.08753,1499.38521,1227.2730400000003,948.1083999999998,3674.7666499999996,8.445215686484538e-05,1505.2392000000002,1333.10164,1091.9800400000001,3930.3208799999993,5.66076287821099e-05
E01002181,832.29821,147.96373999999997,136.03392,114.18807,398.18573,0.0014555258897784127,176.14333999999997,145.71056,112.25857999999998,434.11248,0.0013681793286996963
E01002184,338.8874,41.97637999999999,44.55344,27.201719999999998,113.73153999999997,0.009865155506540147,93.78418,80.53178000000001,50.8399,225.15586000000002,0.003102963053007146
E01002185,160.6293,18.834609999999998,16.23658,12.646260000000002,47.71745,0.022989158302966856,40.100370000000005,47.941539999999996,24.86994,112.91185,0.005972599746418785
E01002186,965.86617,153.13079000000005,140.02877,96.51799,389.67755000000005,0.001918895426106309,259.04531,190.12963999999997,127.01367,576.18862,0.0011722177894669214
E01002187,122.48697,23.09776,12.682879999999999,11.99926,47.77989999999999,0.027384584195042597,31.837059999999994,26.43453,16.43548,74.70706999999999,0.008790526320661362
E01002189,1086.6682,259.97545999999994,211.70313,116.49578,588.17437,0.0012785316553184018,195.78371999999996,189.95004999999998,112.76006,498.49383,0.001009844945623665
E01002191,288.71157999999997,41.247119999999995,35.30005,19.05511,95.60227999999996,0.012207067073547559,94.91625,58.77977,39.41328,193.1093,0.004189240032910032
E01002192,1262.6225,289.86561000000006,256.35389,158.81743000000003,705.0369300000001,0.000995007192685854,220.39172,200.99829,136.19556000000003,557.5855699999998,0.0013064046247101397
E01002193,946.43744,171.12333999999998,135.01822,154.47894999999997,460.6205100000001,0.0016218603870610617,172.34297999999998,157.33465999999999,156.13929000000002,485.8169300000001,0.001473879088390538
E01002195,291.40903,48.57657999999999,44.84896,30.049189999999996,123.47473,0.007235713671416868,65.59115,67.25417999999999,35.08897,167.9343,0.00497057339560915
E01002196,61.06502,6.42479,6.62173,4.55751,17.60403,0.08559776444661314,20.914109999999997,13.596929999999999,8.94995,43.46098999999999,0.01899775895382125
E01002198,206.49841,24.31552,17.546310000000002,28.581409999999998,70.44324,0.018852857304576868,39.58355,55.09795,41.37367,136.05517,0.005946578937623219
E01002199,441.64272,44.81406,44.489900000000006,49.773489999999995,139.07745,0.00742801236163683,132.30434,104.28884,65.97209000000001,302.56527,0.00234027106934589
E01002200,334.92887,44.48038,31.41958,25.282799999999998,101.18276000000002,0.011172721051667231,107.46055,69.01863000000002,57.26693,233.74611,0.003565890790766122
E01002201,539.45485,87.71436999999999,61.144,75.01929,223.87766,0.004269565249539291,113.43728,116.49189000000001,85.64802,315.57719000000003,0.001581862269001318
E01002202,2885.021,427.4988699999999,384.11403,351.96386999999993,1163.57677,0.0004429248476689368,696.78534,563.8262400000002,460.83265,1721.44423,0.0002130687491117177
E01002203,440.26298,63.66230999999999,47.91297000000001,49.57187,161.14714999999998,0.0077376240930469185,121.37910000000001,89.72322000000003,68.01351000000001,279.11582999999996,0.00220123622536219
E01002204,1148.20798,195.88593,168.38684000000003,154.89576,519.16853,0.0009606904214265189,232.10859,210.53432000000004,186.39654,629.0394500000001,0.0008535343092671794
E01002207,227.54288,33.19846,25.786800000000003,24.25407,83.23932999999998,0.011591718961154518,58.85657,51.97453000000001,33.47245,144.30355000000006,0.004638874805171502
E01002208,61.99115,7.034249999999999,7.44257,4.17986,18.656679999999998,0.05970399454769794,16.216189999999997,15.96152,11.15676,43.33447,0.020986617473978637
E01002209,2923.16179,685.4489699999999,539.4089100000001,413.33820000000003,1638.1960799999997,0.00032689701689083854,524.95392,425.90851999999995,334.10326999999995,1284.96571,0.00038695455668990447
E01002211,223.06727999999998,23.33037,24.2695,16.96435,64.56421999999999,0.013796303282918051,61.38746,57.35646,39.75914,158.50306,0.0036460823899517937
E01002212,2419.5363,305.33696,253.79813999999996,246.12924000000004,805.2643400000002,0.0009248926250011533,641.2913999999998,564.25226,408.72830000000005,1614.2719599999996,0.00029849014562907417
E01002214,841.27592,128.49058999999997,103.46207999999999,89.88614,321.83880999999997,0.0018272218785334057,204.21047000000002,172.00363000000002,143.22301000000002,519.4371100000002,0.0007539253639157288
E01002215,80.42793999999999,8.73738,8.5043,9.87781,27.11949,0.04140334953695518,20.491139999999998,19.17877,13.638539999999999,53.30845,0.019311618918668366
E01002216,549.89228,66.07704,46.90323999999999,58.096050000000005,171.07632999999998,0.007108697102439666,158.22799,126.46709,94.12087,378.81595000000004,0.0017245651040781707
E01002217,188.05719,24.6409,27.859519999999996,17.949049999999996,70.44947,0.014647882463702067,49.35551999999999,42.41526999999999,25.836929999999995,117.60771999999997,0.006569942923989545
E01002218,695.29532,98.64423000000002,80.99628999999999,70.87187,250.51238999999998,0.0026251143824607957,181.62199,149.11990999999995,114.04102999999999,444.7829300000001,0.00117413336884496
E01002219,11241.32214,2120.51492,1899.2461200000002,1544.40807,5564.169110000001,5.03829498123958e-05,2167.23533,1914.5612200000003,1595.3564800000001,5677.1530299999995,4.113977290097395e-05
E01002221,2641.63717,428.70920000000007,438.75795999999997,315.57015,1183.03731,0.0004442402633069771,574.86035,516.01136,367.72815,1458.5998599999996,0.000280278335241757
E01002225,566.27604,99.60463000000001,80.68002000000001,69.5945,249.87915,0.004924796519099524,140.54713,86.74956999999999,89.10019,316.39689,0.002341040241424053
E01002226,2819.22466,584.7349,469.93594999999993,382.43614999999994,1437.107,0.00043264554676044844,577.3565699999999,474.51401999999996,330.24706999999995,1382.11766,0.0003986327745641867
E01002227,776.45186,106.01067999999998,101.93816000000001,93.83738,301.78621999999996,0.00262340325825838,196.77878,161.31591,116.57095,474.66564,0.001375776650444834
E01002228,556.03613,75.95036999999999,63.98828,55.48491,195.42355999999992,0.005597028877799812,166.29502999999997,110.50438000000001,83.81316000000002,360.6125699999999,0.00214810803594593
E01002232,1897.07688,348.6204199999999,298.2602600000001,280.42470000000003,927.30538,0.000564362998499015,387.97965999999985,333.28700000000003,248.50484000000006,969.7715,0.0003962514991337453
E01002233,2854.83563,449.85041,402.87710000000004,381.80312,1234.5306299999997,0.0005127123552539223,618.20961,564.5876700000001,437.50771999999995,1620.305,0.00019766375946117347
E01002235,255.09181,42.06887,29.987940000000002,30.24885,102.30565999999997,0.012157175567326336,67.73133,53.002140000000004,32.052679999999995,152.78615000000002,0.004989149671448804
E01002240,889.9542,128.99877,94.33966000000001,96.0017,319.34012999999993,0.0027637970330326184,228.66850999999997,175.30534,166.64021999999997,570.61407,0.0008148673504911469
E01002242,188.95917,27.712419999999995,21.4364,26.080159999999996,75.22897999999996,0.011626524011119485,49.48904,39.81886,24.42229,113.73019,0.008932800485577508
E01002243,838.31266,151.75585999999998,123.37318000000002,89.73426,364.86329999999987,0.0016379480247331428,212.75297,146.84632,113.85007000000003,473.4493599999999,0.0014075351806935865
E01002244,119.17771,15.738280000000001,14.617670000000004,12.441430000000002,42.797380000000004,0.033940846473998004,37.849439999999994,26.46018,12.07071,76.38033000000001,0.01195212448278476
E01002245,396.63101,80.11826,37.3649,38.17023,155.65339,0.007172653503991442,132.33782000000002,59.44296,49.19684,240.97761999999997,0.0038231048948375868
E01002246,864.9974,132.26802,127.81394,92.4402,352.5221599999998,0.002217676408274863,221.96932000000004,179.07012000000003,111.43579999999997,512.4752399999999,0.000986998996610354
E01002247,298.8797,46.275999999999996,48.99511,38.92348,134.19458999999998,0.006571028041473716,68.67775,55.53631,40.471050000000005,164.68510999999998,0.004109429353548829
E01002248,2024.7228,347.0312900000001,275.44154999999995,271.14131000000003,893.6141500000001,0.0005392296661427477,484.50223,382.57942,264.027,1131.1086500000004,0.000374852838685598
E01002250,126.64554,30.963449999999995,12.349409999999997,9.87061,53.18346999999999,0.028649397603472317,38.55221,18.03684,16.873019999999997,73.46206999999997,0.012469569039630493
E01002251,544.56929,83.76505,68.78955,64.52565,217.08024999999998,0.0040246365798025895,144.93486000000001,105.7968,76.75737999999998,327.48904,0.001450526143069818
E01002253,302.07466,35.98045,38.29419,22.57338,96.84802000000002,0.016615800381622567,102.49250999999997,74.50804,28.22609,205.22663999999997,0.005686321488468845
E01002254,332.48054,54.62615,50.74267,31.749759999999995,137.11858,0.00695233233895386,85.02374,74.08331,36.25491,195.36195999999998,0.004360931275147034
E01002258,859.83324,85.43373,65.38204000000002,57.96613,208.7819,0.006676238378396455,304.8342100000001,220.47921,125.73791999999999,651.05134,0.0010534480846557481
E01002259,137.49205,21.87143,19.190549999999998,17.7892,58.85118000000001,0.03772312655427212,35.29029,31.461280000000002,11.889299999999999,78.64086999999999,0.01441966804359773
E01002260,145.92919,23.015189999999997,19.903020000000005,17.50476,60.42296999999999,0.019655345266657107,33.07134,35.81927,16.61561,85.50621999999998,0.008776737297317875
E01002261,2647.73425,714.1644000000002,460.4299,321.38833999999997,1495.9826400000004,0.0004906565555473399,451.70273,389.28326999999996,310.76561000000004,1151.75161,0.0006729638865062441
E01002262,253.24374,46.878519999999995,50.87342999999999,35.75999,133.51193999999998,0.006022199931476362,41.534389999999995,54.329280000000004,23.868129999999997,119.73179999999998,0.007929821971350821
E01002263,302.63072,35.16662,39.00699,24.88353,99.05713999999999,0.012078464221629552,92.35722,69.21488,42.00148,203.57358000000002,0.004053700093569503
E01002265,352.41089999999997,51.48172999999999,50.35678999999999,28.081179999999996,129.91969999999998,0.009165266003612615,94.35900000000001,86.42651000000002,41.70569,222.49119999999996,0.003784394650684478
E01002266,610.86876,81.83512,73.33147,69.4449,224.61148999999997,0.004773846929604244,166.54784,127.43035,92.27908,386.25727000000006,0.001220494435740044
E01002269,197.05164,21.617829999999998,16.06856,17.80269,55.489079999999994,0.026739093362757288,69.03512,46.870610000000006,25.65683,141.56256000000002,0.005810443726192819
E01002272,194.49857,26.945610000000002,19.638209999999997,15.272279999999999,61.856100000000005,0.0207985685559623,52.82177999999998,47.35632,32.46437,132.64247,0.004051524818780036
E01002273,160.14571,35.46851,22.69834,21.38231,79.54916,0.019711376755686075,34.383320000000005,34.09431,12.118920000000001,80.59655,0.013205478736164202
E01002274,506.93825999999996,92.27886000000001,74.56105,63.66027999999999,230.50019,0.0033886257034012267,119.41801,92.26914999999998,64.75090999999999,276.4380699999999,0.0021587439844349783
E01002276,350.56732999999997,33.98729,32.37141,26.416050000000002,92.77475000000001,0.015048304142139526,120.15159999999999,83.60324,54.03774000000001,257.79258,0.0025717184448307106
E01002277,639.52653,66.81759,48.52365999999999,56.32325,171.6645,0.00804627229232836,190.88533,162.55328999999998,114.42340999999998,467.8620300000001,0.0009509998465965088
E01002278,417.69453999999996,75.64579,47.893069999999994,47.09209,170.63095,0.006754217226466259,107.60870000000001,78.51616,60.93872999999999,247.06358999999992,0.0021508187622276357
E01002279,543.58136,89.53487,50.77027999999999,59.20560999999999,199.51076,0.006989411859192335,159.38361999999998,112.67179999999999,72.01518,344.0706,0.0015893039388737745
E01002281,826.33521,135.9687,94.15903,95.03056000000001,325.15829,0.0025955236666707045,239.89257000000003,157.76635,103.51799999999997,501.17692,0.0014305621111337069
E01002282,2074.07984,334.11372,230.29582000000002,209.36821999999998,773.77776,0.0011952071592849307,590.5440100000001,412.10215000000005,297.6559199999999,1300.3020800000002,0.0003815762002095656
E01002283,198.02535,31.777070000000002,25.83449,25.159150000000004,82.77071000000001,0.010947173570024091,47.82005,34.34809,33.0865,115.25464000000001,0.005857431069019733
E01002284,186.32499,11.93705,9.11811,10.818439999999999,31.873599999999996,0.03799649750903709,61.061640000000004,49.641259999999996,43.748490000000004,154.45139000000003,0.004721866465322031
E01002285,89.69236,20.25427,13.59111,12.761589999999998,46.606970000000004,0.03162928995668646,14.76903,18.687920000000002,9.62844,43.085390000000004,0.02503700222905596
E01002288,259.4551,31.84849,31.04634,26.42331,89.31814,0.01719111382722057,72.62494000000001,55.49773,42.01429,170.13695999999996,0.0031739156958585863
E01002291,1211.68337,322.90333999999996,217.25610999999998,127.05812999999999,667.2175800000001,0.0012213224363034794,228.91634,191.79436,123.75509,544.4657900000001,0.0017958035714751134
E01002292,192.07032999999998,29.83292,22.168100000000003,19.37319,71.37421,0.020689766739002927,53.92706999999999,45.216539999999995,21.552509999999998,120.69612000000002,0.007082276824695861
E01002294,225.29121999999998,45.62206,60.93259,29.62442,136.17907,0.006579695844916297,29.502239999999993,45.97643999999999,13.633470000000003,89.11214999999999,0.013696875902329923
E01002295,304.06817,46.474419999999995,43.49839,35.927389999999995,125.90020000000001,0.009247030148767956,79.8767,58.877069999999996,39.414199999999994,178.16796999999997,0.004277254215522239
E01002296,135.22919,14.710139999999999,19.046439999999997,10.28504,44.04162,0.03011707740723646,45.194779999999994,32.419329999999995,13.573459999999999,91.18756999999998,0.012630983937232134
E01002297,115.88448,37.28175,31.78693,26.13782,95.20649999999998,0.012124964469318123,8.51151,6.29117,5.875299999999999,20.677980000000005,0.04837772755251016
E01002298,77.20732,9.805119999999999,7.14841,6.854139999999999,23.80767,0.04109148098362811,26.696910000000003,14.55984,12.1429,53.399650000000015,0.020167484945491868
E01002299,501.57692,70.89568,59.01531,55.3959,185.30688999999995,0.0064709433826510565,140.79498999999998,115.6233,59.85174,316.27003,0.0024692270546201513
E01002300,324.00718,49.62016,36.711639999999996,28.888810000000003,115.22061,0.0075620423226775944,90.87461000000002,70.15536999999999,47.75659000000001,208.78657000000004,0.003068840435413085
E01002301,319.31587,38.07179,29.744729999999997,34.027640000000005,101.84416000000002,0.01816054731736313,94.92213999999998,75.94188,46.60768999999999,217.47171000000006,0.003312796366551899
E01002302,405.90182,37.45919,44.59711999999999,23.94821,106.00452000000003,0.0059737608502586585,117.11973000000002,111.21205000000003,71.56552,299.8972999999999,0.0012770174605276213
E01002303,761.7769,86.97815999999999,56.12118999999999,66.50545,209.60479999999995,0.005488614795754503,269.35743,181.51811,101.29656000000001,552.1721000000001,0.0013522355419911545
E01002304,400.7125,59.270529999999994,53.31968,44.158049999999996,156.74826000000002,0.009778242005954955,107.16385000000001,79.37228,57.42811,243.96424000000002,0.0035935894197489187
E01002305,121.87941000000001,14.210780000000002,11.06762,8.32595,33.604350000000004,0.04826822306958921,40.67636,29.166520000000002,18.43218,88.27506,0.009669455869109306
E01002306,560.10958,54.54629,40.667590000000004,42.67108,137.88495999999995,0.013430219620464699,191.56276,138.25630999999998,92.40554999999999,422.22461999999996,0.001491543017294518
E01002307,294.23756,25.90228,19.322519999999997,20.86482,66.08962,0.024942111454861,109.55985999999999,78.56963999999999,40.018440000000005,228.14793999999998,0.0034346638227118966
E01002308,185.86232,19.03905,16.61537,15.147950000000002,50.802369999999996,0.027179270273983955,56.21634000000001,51.47618000000001,27.36743,135.05995000000001,0.005405019634062567
E01002310,1726.66148,267.52772000000004,191.02395,189.45145,648.0031200000001,0.0010354237073377623,480.2179000000001,322.24413000000004,276.19632999999993,1078.6583600000001,0.00040514461652114015
E01002312,97.12769,16.34103,8.83986,13.25026,38.431149999999995,0.03754961064163763,27.23453,19.439799999999998,12.022209999999996,58.69654,0.016211130789053504
E01002313,373.84158,61.42636999999999,29.916299999999996,46.94109,138.28375999999997,0.012102044113803154,114.72994,70.53717999999999,50.2907,235.55782,0.0035215823944928955
E01002314,909.48436,126.29686000000001,77.86109,98.84461,303.00256,0.004809044579752477,299.06,176.20353000000003,131.21827,606.4818000000001,0.0011681011122004576
E01002315,525.15067,65.67699,47.60433999999999,61.07266,174.35399,0.00859410396685004,151.59622999999996,117.31320999999998,81.88723999999999,350.79668000000004,0.0015065904305606769
E01002316,768.8473399999999,106.50924000000002,86.71274000000003,99.85394000000002,293.07591999999994,0.0033657871141758097,190.73998,176.79682000000003,108.23461999999999,475.77142,0.0009367805606217485
E01002317,84.78601,19.91217,19.125380000000003,10.28174,49.31929000000001,0.03536597358206789,18.59235,10.904729999999999,5.969640000000001,35.466719999999995,0.0395164756299043
E01002319,1517.16226,238.66420999999997,230.20988,162.0381,630.91219,0.0009964591009315195,364.07807,341.85132000000004,180.32068,886.2500699999997,0.0005573563059859895
E01002321,813.85442,129.16878999999997,127.18494,95.79051000000001,352.1442399999999,0.0013777806675049692,204.72162000000003,165.34659,91.64196999999999,461.71018000000004,0.0012938188613087227
E01002322,311.57939,37.08564,38.75506,29.98431,105.82500999999999,0.011055250181695264,95.96207999999999,65.48593,44.30637,205.75437999999997,0.0040953554228957785
E01002323,69.65371999999999,13.26265,9.968729999999999,8.13831,31.369690000000002,0.04667249003199854,14.462850000000001,15.850500000000002,7.970679999999999,38.284029999999994,0.02227692990390786
E01002325,872.94648,123.15316999999999,107.66749999999999,102.30991,333.13058,0.002978780464288058,267.20886999999993,166.92240999999999,105.68462000000002,539.8158999999999,0.0013346201623115773
E01002326,1895.86134,304.69667999999996,295.4585799999999,226.67208999999997,826.82735,0.0007365063401101792,476.21377999999993,376.43409999999994,216.38611,1069.03399,0.0005727354899917137
E01002328,660.42094,85.39761999999999,69.22469999999998,53.94536000000001,208.56767999999994,0.005629693175268639,208.35309000000004,154.93624000000003,88.56392999999997,451.85326,0.001419310114767403
E01002329,1190.16473,168.49510000000004,136.31368,122.28783,427.09660999999994,0.0022853477298551772,351.73501000000005,252.48571999999996,158.84739,763.0681200000001,0.0008043288470921935
E01002331,143.14753,20.70119,11.893110000000002,9.16322,41.75751999999999,0.0275079673837711,48.07947,31.760669999999998,21.54987,101.39001,0.00844908719042909
E01002334,56.4306,3.77531,3.3027699999999998,3.16825,10.246330000000002,0.11390943028398233,17.749429999999997,14.60464,13.8302,46.18427,0.017821324483303248
E01002335,414.91901,57.704339999999995,47.407759999999996,42.689350000000005,147.80145,0.009614285275426989,115.53940999999998,92.2009,59.37725,267.1175599999999,0.0024320104925332864
E01002336,496.64425,63.32576999999999,45.78309,45.84406,154.95292000000003,0.008050825716263615,162.93916000000002,115.52511,63.227059999999994,341.69132999999994,0.002442067085028025
E01002337,423.92913,80.85928000000001,62.703630000000004,45.23878000000002,188.80168999999995,0.004769330275725129,103.2595,78.05746000000002,53.81047999999999,235.12744000000004,0.002206289930781148
E01002338,432.96619,61.364779999999996,46.85765,40.39669000000001,148.61911999999998,0.0063200060240833356,125.83331000000001,90.90116,67.6126,284.34707000000003,0.0018105429986993331
E01002341,210.08974,50.20698,35.80332999999999,40.050149999999995,126.06046,0.012917512847132346,39.53673,30.04971,14.442839999999999,84.02928000000001,0.011624775766286162
E01002342,240.98378,35.00772,24.793939999999996,23.5415,83.34316,0.013682381921250146,62.74223,60.28529,34.613099999999996,157.64062000000004,0.004229521169092812
E01002344,609.85518,85.10182,60.98099,63.66811,209.75091999999995,0.0057240897902616624,188.28501999999995,138.95021999999997,72.86902,400.10425999999995,0.001892387461783815
E01002345,3708.74805,847.389,679.76738,405.5746,1932.7309800000003,0.0003128034797952244,725.95435,606.0220400000001,444.04068,1776.0170700000006,0.0003630238323800829
E01002346,148.45721,17.87812,18.531000000000002,10.249559999999999,46.658680000000004,0.027139103675970513,39.4941,43.489869999999996,18.81456,101.79853000000001,0.008315695854147908
E01002348,200.98237999999998,27.60465,27.31141,21.66493,76.58098999999999,0.018084838555693945,52.87288,49.275729999999996,22.252779999999998,124.40138999999999,0.006172526646793392
E01002349,229.49325,26.405479999999997,14.06414,17.768810000000002,58.238429999999994,0.024853325573917517,80.16247,57.38056,33.71178999999999,171.25482,0.004748497478521681
E01002350,1091.1564,198.63291999999998,176.79904000000002,151.52612,526.9580799999999,0.0010362594340668696,237.45519999999996,193.36947,133.37364999999997,564.19832,0.000819777926611349
E01002352,442.07039,63.35131,55.3998,29.021589999999996,147.77269999999996,0.008103330216516085,143.88545000000002,97.23821,53.17403000000001,294.29768999999993,0.002757177978879627
E01002353,3904.79114,695.0809399999999,701.39791,440.96750999999995,1837.4463600000001,0.0002775524776552032,811.5255100000002,720.2799600000001,535.53931,2067.34478,0.00018504395434627906
E01002356,23564.58723,5536.453489999999,4948.573480000001,3533.2908100000004,14018.317779999998,2.6459529126321533e-05,3545.9865199999995,3349.0224399999997,2651.2604899999997,9546.269449999998,5.654137304207565e-05
E01002358,381.86251,69.26535,47.043260000000004,35.34647,151.65508,0.007371213498194136,98.75610999999999,91.76997,39.681349999999995,230.20743000000004,0.0034232674108518775
E01002360,284.82899,43.92595,40.66104,22.91271,107.49969999999999,0.009954421027595039,67.52439,70.62137,39.18352999999999,177.32929,0.003864022579567328
E01002361,4510.68831,855.8942400000001,953.55817,502.73621999999995,2312.18863,0.0002215358435934106,827.8596500000001,902.5187699999999,468.12126,2198.4996800000004,0.00031163494121159643
E01002362,350.46151,73.02501000000001,55.54385,30.33426,158.90312000000003,0.005591365483278433,75.78569999999999,73.24533,42.52736,191.55838999999997,0.003387889866162801
E01002363,164.21823,25.561629999999997,18.24079,22.209879999999995,66.0123,0.013695035325254139,44.869159999999994,31.994089999999996,21.34268,98.20593000000001,0.009242827854031872
E01002364,65.33785,12.753799999999996,11.07248,7.1947,31.020979999999998,0.03987895915468528,14.497049999999996,11.333599999999999,8.486220000000001,34.316869999999994,0.03454985077943645
E01002365,392.25266,104.08977,80.80306,50.63285999999999,235.52569000000008,0.004000680061870872,53.67135999999999,54.41689,48.63872,156.72696999999997,0.0036193248498930584
E01002366,331.34970999999996,51.56957,43.665200000000006,31.26363,126.49839999999996,0.00925146265705337,84.98883999999998,73.52429,46.33818,204.85130999999996,0.002376298173892663
E01002367,202.98423,33.796859999999995,34.573660000000004,19.81147,88.18198999999998,0.010395946350368593,46.601749999999996,42.77553999999999,25.424949999999995,114.80224000000003,0.006292159640572009
E01002368,2816.72133,432.51356,339.60347999999993,327.4525299999999,1099.5695699999999,0.0009700545628399354,738.52239,508.94946,469.67991000000006,1717.1517599999997,0.0004369801381715513
E01002369,60.69242,2.14549,1.6498199999999998,0.9390199999999997,4.73433,0.2133196149181833,24.737550000000002,19.54306,11.67748,55.95809000000001,0.01567784449942262
E01002370,1566.52835,316.31669,206.21011,176.58668000000003,699.1134800000001,0.0014449215275328347,368.49987,270.20753999999994,228.70746,867.4148700000002,0.0007103255900845059
E01002371,598.64761,90.94144999999999,70.10402,75.3179,236.36336999999997,0.0034828211117053274,159.24946999999995,123.68697999999998,79.34779,362.28424,0.0014562083750417768
E01002372,466.65825,56.11533999999999,52.21413,44.126709999999996,152.45617999999996,0.006660113309489704,146.6589,94.99331,72.54986,314.20207,0.001909582263198301
E01002373,487.18237,70.43641000000001,39.77878,46.77115,156.98633999999998,0.007367435821148741,143.90382,103.29887000000001,82.99333999999999,330.19603000000006,0.0016954199004744063
E01002374,437.06281,59.323969999999996,57.01936,41.93757,158.28090000000003,0.004739158244826319,111.56508,90.99382,76.22301,278.78191,0.0017854992831236281
E01002375,511.12721,75.70167000000001,60.26582,63.12023,199.08772,0.007638044028649558,150.15801999999996,102.01072,59.87075,312.03949,0.002759216202605367
E01002377,415.65485,77.30883999999999,62.62774,44.460899999999995,184.39748,0.004992512518173886,102.34181000000001,82.23307,46.68249,231.25737000000004,0.0032456664318013632
E01002379,1670.20795,353.8996699999999,307.66653,206.77625999999995,868.34246,0.000706884050191116,315.1319,280.9216400000001,205.81194999999997,801.86549,0.0008536845442958211
E01002380,178.46908,37.13987,30.972279999999998,26.14209,94.25424000000001,0.007825435675876386,36.515280000000004,27.31894,20.38062,84.21484,0.010329183430447511
E01002382,132.04912,16.177889999999998,15.169459999999997,9.868129999999999,41.21548,0.025515289155416995,38.3401,39.36076999999999,13.132769999999999,90.83364000000003,0.010286019641389412
E01002383,79.60691999999999,15.401639999999997,10.74973,6.33052,32.48189,0.04790557870981451,21.396919999999998,14.494769999999999,11.23334,47.125029999999995,0.018431819804322895
E01002384,200.78796,27.023609999999994,27.232899999999997,20.126140000000003,74.38265000000001,0.011367079159890636,49.49193999999999,46.96453,29.948840000000004,126.40531,0.0072943495170934205
E01002385,93.68799,17.365650000000002,15.73862,10.492690000000001,43.596959999999996,0.0283120647092289,24.31711,20.01223,5.761689999999999,50.09103000000001,0.021233649840702182
E01002386,3190.4646,912.02508,688.47991,341.18163000000004,1941.6866199999997,0.0004225543152526744,468.70193,479.65157,300.42448,1248.7779799999998,0.0006653367786480167
E01002388,80.55503,11.782910000000001,8.55452,7.723509999999999,28.060940000000006,0.04221224181491094,27.39884,13.801969999999999,11.29328,52.494089999999986,0.018220662418836665
E01002390,62.70939,12.10915,7.9983699999999995,5.08495,25.192470000000004,0.05796324614300874,18.89089,11.729589999999998,6.896439999999999,37.51692,0.028322004526833637
E01002392,128.71716999999998,11.24147,11.511949999999999,10.857610000000001,33.61102999999999,0.047446629959807335,36.269619999999996,33.9752,24.86132,95.10614000000001,0.006965483842232308
E01002393,2439.55788,352.26392,329.8138,308.74643,990.8241499999999,0.0009233166773050225,572.0455200000001,483.40265,393.28556000000003,1448.73373,0.0002425362740401635
E01002396,11498.6892,2083.1441,1901.46512,1445.4907600000004,5430.099980000001,5.328480327216711e-05,2353.1484899999996,2098.38115,1617.0595800000003,6068.589219999998,2.8562519601818158e-05
E01002400,1000.9653999999999,155.73027000000002,143.50759,143.91842,443.15628,0.002107145788395215,227.77185999999998,175.1804,154.85685999999995,557.80912,0.0010181709608714014
E01002401,2990.752,338.6989,307.49922,278.69989000000004,924.8980099999999,0.0009659057303485124,797.0447400000002,728.3593200000001,540.4499300000001,2065.8539900000005,0.00022233790583163233
E01002402,364.00108,41.963390000000004,41.067569999999996,37.7513,120.78225999999998,0.007806045457311633,95.73277000000002,75.26361999999999,72.22243,243.21882000000005,0.0028059404413517145
E01002403,574.44982,61.59455,51.19079,52.78763000000001,165.57297000000005,0.007196294033892723,168.68471,134.98241000000002,105.20973000000001,408.8768499999999,0.00165598617530275
E01002404,622.2931600000001,64.48850999999999,47.62343,54.974039999999995,167.08597999999998,0.006237725067553881,177.03994,158.92242,119.24482,455.20717999999994,0.0013100642429838606
E01002405,928.69115,190.53857000000002,144.14469,123.97363000000001,458.6568900000001,0.0022706446206990725,186.53834,150.95488,132.54104,470.03425999999985,0.0009594840286274722
E01002408,415.69732999999997,64.47434,40.78487,51.26131,156.52052,0.006716738657238273,102.48354000000002,79.46971,77.22356,259.17680999999993,0.002069381725908622
E01002409,477.28797,50.486839999999994,35.29552,37.81554,123.59790000000002,0.006067011324580621,142.91121,118.35733,92.42152999999999,353.69006999999993,0.0016019904654084737
E01002410,2734.51984,397.26588000000004,360.04704999999996,318.31347000000005,1075.6264,0.0004463402539668052,658.3860699999999,558.4399900000001,442.06737999999996,1658.8934399999994,0.00022418131839011842
E01002411,344.94779,39.24143,32.277449999999995,33.04598,104.56486000000001,0.007564527073430425,91.24976999999998,77.86746,71.2657,240.38293000000004,0.0029280125250789033
E01002412,3221.20004,628.03591,468.13735,422.15048,1518.3237399999998,0.0004981076832217428,685.8404300000001,555.9044799999998,461.13139,1702.8763000000004,0.00034392087881934385
E01002413,272.44256,40.36229,33.84463,26.72735,100.93427000000001,0.007383636505910151,72.23259999999999,52.94373999999999,46.33194999999999,171.50829000000004,0.0040229637689523975
E01002414,1622.98707,356.16118,195.4161,161.46587000000002,713.0431499999999,0.0010497202270194938,336.90989,321.6685599999999,251.36547,909.9439199999998,0.0005245818198596113
E01002417,1266.4616700000001,320.80926,265.95139,193.12636000000003,779.8870100000004,0.0007395749048126293,186.44125000000005,162.17796,137.95545,486.57466000000005,0.0012763672090061017
E01002419,59.232769999999995,12.910639999999999,8.00229,3.7344899999999996,24.647419999999997,0.0538932283017733,13.130999999999998,14.865,6.58935,34.58535,0.02824017760364473
E01002421,222.43623,38.67458,30.59492,41.13239,110.40189000000001,0.008717636918090578,46.9158,38.54174999999999,26.576789999999995,112.03434,0.007268807119700163
E01002422,240.65272,47.16659999999999,39.69442,40.799620000000004,127.66064,0.006805431141245132,48.067479999999996,36.748369999999994,28.17623,112.99208,0.006297681614720847
E01002423,407.34327,114.13165000000001,112.86217,92.86912000000001,319.8629400000001,0.002748203722811387,28.092749999999995,33.7198,25.667779999999997,87.48033,0.007547696634028024
E01002424,1813.87399,223.77361000000002,202.10396,204.55744,630.4350099999999,0.0016381224626804357,469.37865,405.98330000000004,308.07703000000004,1183.4389799999994,0.00038648500521644305
E01002425,274.22736,23.123489999999997,15.864279999999997,19.39087,58.37863999999998,0.020075739349066674,90.74943000000002,71.92196,53.17733,215.84872000000007,0.0029044889380795474
E01002426,1209.41021,208.51951999999997,168.39609000000004,163.57578999999998,540.4913999999998,0.0010931223239267996,271.5968899999999,217.34847000000002,179.97344999999999,668.91881,0.0006541338911367357
E01002428,112.95882,14.393699999999999,12.017219999999998,12.46217,38.87308999999999,0.03247160963213958,26.941179999999996,24.27621,22.868340000000003,74.08573,0.011860050735839912
E01002429,356.58292,35.374570000000006,33.0957,34.863429999999994,103.33370000000002,0.01211550324563016,97.85848000000001,92.94787,62.44286999999999,253.24922,0.0023619335476431115
E01002431,50.64138,11.26325,10.17386,11.57755,33.01466,0.038422628406839174,6.56986,4.889169999999999,6.16769,17.62672,0.06931307429352843
E01002432,183.30369,43.82383,48.76561000000001,30.467779999999998,123.05722,0.007092229282334612,22.20726,25.85053,12.18868,60.246469999999995,0.01626838559424123
E01002433,230.98861,46.48648,41.704910000000005,23.390209999999996,111.5816,0.009153030726922608,50.485569999999996,45.33624,23.585199999999997,119.40701,0.007627240446439522
E01002436,259.32641,42.405330000000006,47.48997,30.753320000000002,120.64862000000001,0.009406260416921162,55.017739999999996,55.06849,28.59156,138.67778999999996,0.006086481768163069
E01002437,259.65012,39.899319999999996,44.19464,49.455040000000004,133.549,0.010229389450665812,48.52501,41.162189999999995,36.413920000000005,126.10112,0.007912230206369705
E01002439,677.73291,122.05246,107.88401000000002,78.93447,308.8709400000001,0.005089751481814979,141.04546,142.59275,85.22376,368.86197,0.0027581267809782054
E01002440,96.78032999999999,15.144369999999997,6.61654,8.23403,29.994939999999993,0.0465748033482717,28.90465,20.66865,17.212090000000003,66.78539,0.01454770263145844
E01002441,277.10033,20.549699999999998,31.635309999999997,15.51996,67.70497,0.017962139881829393,82.38249,74.58413999999999,52.42873,209.39535999999998,0.00355876441635269
E01002442,99.39757999999999,24.577669999999998,22.53595,18.699019999999997,65.81263999999999,0.016720605424294818,13.555019999999997,14.202840000000002,5.8270800000000005,33.584939999999996,0.026622987674998044
E01002443,18923.58793,3239.2989400000006,2855.1040199999998,2780.85997,8875.262929999999,0.00011253005755960293,3598.1786599999996,3359.56647,3090.5798699999996,10048.324999999999,8.43341903674123e-05
E01002444,45505.59458,8332.369540000002,7770.980200000001,7749.91592,23853.265659999997,4.0120924039535686e-05,7666.028289999998,7222.366109999999,6763.934520000001,21652.328919999996,9.063547524306727e-05
E01002445,554.69102,66.25944,64.31490000000001,56.17633,186.75067,0.006133580446064578,151.81537000000003,115.66883000000001,100.45615000000001,367.94034999999997,0.0014698920042870555
E01002446,2526.02669,315.10685000000007,267.51324,301.27333,883.8934199999999,0.0010526796084843843,620.09204,509.63563000000005,512.4055999999999,1642.1332699999996,0.00040302902986796255
E01002447,7040.28243,1156.7096900000001,987.2945000000002,999.97628,3143.98047,0.00034362542740497097,1407.0001200000002,1289.8310999999999,1199.4707400000002,3896.3019600000002,0.00019522524916765357
E01002448,2908.68869,392.0475400000001,435.8815,341.98879,1169.9178300000003,0.0009238098984721453,661.09314,618.1322600000001,459.54546,1738.77086,0.0002869378574982337
E01002451,101.8956,12.829839999999999,7.17048,9.14695,29.147269999999995,0.043717735348438515,28.17964,24.74416,19.824529999999996,72.74833,0.013600147912131615
E01002452,638.58096,114.7775,94.18364,78.83405,287.7951900000001,0.002330210566105749,142.04684,117.17831000000001,91.56062,350.78577000000007,0.0016886130291825458
E01002453,226.8624,35.62161,21.55571,25.445600000000002,82.62292000000001,0.018548058792075255,66.72337,48.971070000000005,28.545040000000004,144.23948000000001,0.007969595338792124
E01002455,391.9212,82.91191999999997,76.5464,73.86125,233.31956999999997,0.0031288951230184388,63.83438999999999,57.885020000000004,36.88222,158.60163000000003,0.004252547959868289
E01002456,240.68751,39.867670000000004,34.76322,34.23718,108.86806999999999,0.008979084699451365,54.03305,48.764309999999995,29.02208,131.81944000000001,0.005572796586459437
E01002457,815.24536,141.97286,122.04466000000001,108.50734,372.5248600000001,0.0015090980448933245,175.25007,152.05503999999996,115.41539,442.72049999999996,0.0010657588074676689
E01002458,139.03342,19.98023999999999,23.68515,10.531989999999999,54.19737999999999,0.02145840506008661,37.052589999999995,28.544280000000004,19.23917,84.83604,0.008445138521595418
E01002460,292.10850999999997,58.16372,54.555600000000005,47.64460999999999,160.36393000000004,0.003387769233268715,51.84256,52.02852,27.8735,131.74457999999998,0.006195962701571981
E01002461,124.10185,27.890169999999994,20.903739999999996,11.55018,60.34408999999999,0.02205999466602651,30.677419999999998,22.64678,10.43356,63.75776,0.015618966522761228
E01002465,144.83643,24.07286,25.085570000000004,19.42024,68.57867,0.013462240480266379,28.507420000000003,30.67196,17.078380000000003,76.25775999999999,0.008960321033202306
E01002468,129.92456,17.191959999999998,20.58115,11.760209999999999,49.53332,0.023084867175098323,32.48162,28.84569,19.06393,80.39123999999997,0.008563087694364426
E01002469,135.19476,21.418859999999995,28.537639999999996,10.443570000000001,60.40006999999999,0.01787845683266896,29.240689999999997,27.284859999999995,18.26914,74.79469,0.008094766876840943
E01002470,813.0462,150.16572,189.29323,109.6903,449.14925000000005,0.0013330483940440084,126.11211000000002,159.48078,78.30406000000002,363.89695,0.0018873769203820532
E01002472,341.5438,76.99494999999997,73.51311999999999,49.84232000000001,200.35039,0.004200252530239113,50.69073999999999,54.24464,36.25803,141.19340999999994,0.005059089282085568
E01002473,84.44272,10.36933,14.617660000000003,6.30711,31.294099999999997,0.045987604844845154,24.21365,17.05383,11.88114,53.148619999999994,0.018259649052158246
E01002474,377.15653,67.62629999999999,63.559380000000004,56.74743,187.93311,0.0030796337794628164,70.27359999999999,65.58367,53.366150000000005,189.22341999999995,0.00443651370600208
E01002475,729.98831,137.97402,90.60198,79.76484999999998,308.34085,0.0023442331279214133,158.92885,135.00304,127.71557,421.64746000000014,0.001608426265454817
E01002478,1095.06981,243.15887999999998,194.91988,140.05812,578.1368799999999,0.0011790754762696215,206.75563,163.74261,146.43469000000002,516.9329299999999,0.0015481160504206266
E01002479,139.97271,22.745740000000005,9.68578,7.311229999999999,39.74275,0.0347491080058323,45.68233,29.697409999999998,24.850219999999997,100.22995999999998,0.010497853259981666
E01002481,257.96635,42.21868,31.698210000000007,51.41317,125.33005999999997,0.012880378228511324,57.54572,42.722030000000004,32.36854,132.63629,0.005057471506543062
E01002482,60.309169999999995,10.05302,5.5439099999999994,6.87208,22.469009999999997,0.0709584279161807,16.370599999999996,12.7686,8.70096,37.84016,0.03266093718382919
E01002483,176.28608,37.514720000000004,28.016719999999996,19.21029,84.74173,0.009707139587124007,35.274789999999996,32.96584,23.30372,91.54435000000004,0.009259097748257221
E01002485,1282.60363,259.43706000000003,216.6082,219.90287,695.94813,0.0009477812129583381,233.11086999999998,202.45756999999998,151.08706,586.6555,0.0008899027944778751
E01002486,935.92938,105.20065,101.51412,102.94185,309.65662,0.005380958348694152,242.12313999999998,205.76091000000002,178.38871,626.2727600000001,0.0010636059514090635
E01002487,390.56947,102.36274,87.56707,92.78574,282.71555,0.003974449987412145,42.29121000000001,35.55359,30.00912,107.85391999999997,0.007044112717072618
E01002488,516.10023,21.82665,18.876779999999997,18.711280000000002,59.41471,0.021443278566209006,184.57740000000004,153.67027000000002,118.43785,456.6855200000001,0.0013320589168164902
E01002489,3888.1618,716.4870099999999,635.8527200000001,476.93742,1829.2771500000003,0.0003676958620722916,799.15341,720.45268,539.27856,2058.88465,0.00012270975434868023
E01002490,1633.59747,234.18776999999997,225.87814999999998,193.21091999999996,653.2768399999999,0.0009900034079656154,371.81812999999994,320.80624,287.69626,980.3206299999999,0.000520657333467344
E01002492,436.43219,66.93088,68.41894,48.50139000000001,183.85120999999998,0.0049522596246677035,91.34858000000003,85.86541000000003,75.36699,252.58098000000004,0.002751678074559093
E01002495,365.40181,59.52349999999999,51.41264,45.302339999999994,156.23847999999998,0.004340444577879056,85.91281,77.35567999999999,45.894839999999995,209.16333,0.002771812843554643
E01002496,1394.63768,274.29669,206.27304000000004,128.01293,608.5826600000001,0.0014059553486265707,335.87243,257.04715,193.13544000000002,786.05502,0.0006730277451996895
E01002497,1658.48197,338.78022,382.65881000000013,234.39461,955.83364,0.0006011355545768479,239.70345,272.20545,190.73943,702.64833,0.0007896447155361386
E01002499,291.92367,52.04744999999999,47.753119999999996,45.92846,145.72902999999997,0.005677027042084598,56.50049999999999,47.3933,42.300839999999994,146.19463999999996,0.004205624034029599
E01002501,499.14344,107.55673,68.37837999999999,58.1688,234.10390999999998,0.0053353156498866395,116.68208000000001,88.40247000000001,59.95498,265.03953,0.002027167736053669
E01002503,1323.48054,216.26808,218.53377000000003,205.74589999999995,640.5477500000001,0.0014525743111453954,270.25762000000003,230.41213000000005,182.26304000000002,682.9327900000002,0.0005172316142977723
E01002505,3417.39467,653.6530799999999,593.0273500000001,447.6636799999999,1694.3441099999993,0.00027426281424886457,703.2979599999999,591.51334,428.23926000000006,1723.0505600000001,0.0002584930145751276
E01002506,15638.496650000001,3009.89991,2886.0925599999996,2388.4576200000006,8284.45009,4.662942061485655e-05,2652.8788500000005,2573.1847,2127.98301,7354.04656,4.5674458212699876e-05
E01002508,10904.35182,1694.5434799999998,1582.4443199999996,1354.5505199999998,4631.538319999999,8.8205028069794e-05,2364.5092600000003,2225.2707399999995,1683.0335,6272.813500000001,3.306606076291466e-05
E01002509,340.81533,45.72139000000001,32.071600000000004,31.59464,109.38763,0.009885673837898786,99.57875,76.16825,55.6807,231.42769999999993,0.0032160505396454354
E01002511,377.98293,43.32508,49.246010000000005,33.91916,126.49025000000005,0.00436178558956128,92.44051999999999,91.96457000000001,67.08759,251.49267999999998,0.0023788498804680224
E01002512,182.3586,48.02323,23.401429999999998,17.97056,89.39521999999998,0.014410244475113377,42.746179999999995,27.703150000000004,22.514049999999997,92.96338,0.011110910880001632
E01002513,881.26794,224.90023000000002,173.14708,126.21686,524.2641700000001,0.0013210339917468078,154.80353999999994,110.36773000000001,91.8325,357.00376999999986,0.002143581332665045
E01002514,6654.91496,841.8925699999998,794.8281099999999,524.98532,2161.7059999999997,0.00020916604173475248,1801.3191299999999,1502.29232,1189.59751,4493.20896,7.773232697082352e-05
E01002516,502.92976,78.64948,64.60342,58.135490000000004,201.38839000000002,0.006612225167061892,114.60257,106.49674,80.44206,301.5413699999999,0.0022507341969865173
E01002518,83.64000999999999,10.316099999999999,9.59681,11.244460000000002,31.157369999999997,0.03987730940045771,20.066180000000003,20.072090000000003,12.344369999999998,52.48263999999999,0.016757608590816698
E01002519,701.06053,104.33022,91.94231999999998,82.67425999999999,278.94679999999994,0.003174163318256259,179.98936000000003,136.14904999999996,105.97532,422.1137300000001,0.0015001178751446959
E01002521,1996.37966,615.63649,573.61473,440.36278000000004,1629.614,0.00023702521097496002,149.80244000000002,120.1979,96.76532000000003,366.76566,0.0010139662769393274
E01002523,176.50642,22.83469,16.946270000000002,18.798969999999997,58.57993,0.016497207750148152,53.24916,34.24409,30.433239999999994,117.92649,0.006996799686359731
E01002525,626.4082,82.44537,63.64786,76.13352,222.22674999999995,0.004736247272225743,158.08952000000002,130.61061,115.48131999999998,404.18145000000004,0.001294022570533996
E01002526,2005.2912,292.87845000000004,249.70261999999994,236.57958000000005,779.1606500000003,0.001163790424878355,497.91774000000004,400.91189999999995,327.30091,1226.1305500000003,0.0003909335095535804
E01002527,201.9294,29.980909999999998,22.91707,23.43016,76.32814000000002,0.01916664270788188,50.32486,37.24907,38.02733,125.60126000000002,0.005735244030117405
E01002529,2272.57163,479.53049000000004,440.02723000000003,421.1061000000001,1340.66382,0.0003766319158648954,345.73983,292.191,293.97698,931.9078100000002,0.00043498534249128846
E01002530,810.95285,97.61411999999999,86.71614,94.21975,278.55001,0.00651579041874902,213.32327,174.67758,144.40199,532.40284,0.001022259983980627
E01002533,69.8851,9.21376,12.63333,8.2312,30.07829,0.046441189007209414,18.02636,14.01932,7.76113,39.806810000000006,0.027076322274160278
E01002534,53.35999999999999,14.873130000000002,11.284269999999998,2.9017699999999995,29.059169999999998,0.061365760283609676,12.30044,8.03588,3.96451,24.300829999999994,0.054379681552217216
E01002535,3236.35549,620.8158500000001,619.2448300000001,407.45469,1647.5153700000003,0.00029065613183118033,600.2812700000001,579.8361,408.72275,1588.8401200000003,0.0002425913953941569
E01002536,69.0598,17.09479,15.349680000000001,10.684510000000001,43.128980000000006,0.02397131101236716,11.61676,6.13535,8.178709999999999,25.93082,0.045086445934157955
E01002537,620.88411,162.27685,139.57044,81.64697999999997,383.4942700000001,0.0017886867903391785,108.65152999999998,72.90487,55.83344,237.38984000000002,0.003853012703892702
E01002538,250.94069,35.12732,49.489270000000005,39.772650000000006,124.38924,0.009335042391817509,54.84411,51.40161,20.30573,126.55145000000002,0.007963138276326515
E01002539,139.20639,19.62412,13.780280000000001,12.52838,45.93278,0.024036993401472754,47.510659999999994,27.70232,18.060630000000003,93.27360999999999,0.011809268773072248
E01002540,185.53347,30.3337,18.66717,19.32346,68.32433,0.01971526541900729,45.52733,43.94082999999999,27.74098,117.20913999999999,0.00616494134225574
E01002541,801.61437,129.93676999999997,136.75748000000002,75.11973,341.81398,0.0027272132270387854,179.85858,161.86748,118.07433,459.80039,0.0011541322440107684
E01002542,486.43203,36.24635,29.637770000000003,22.078979999999998,87.96310000000003,0.011390834405374268,160.44555,129.51915,108.50423,398.46893,0.0016786758094731683
E01002543,248.87564,36.607699999999994,26.91302,36.70690999999999,100.22762999999998,0.01299902809801094,56.617700000000006,54.971090000000004,37.05922,148.64801,0.0040302091670376804
E01002546,625.00699,62.95388,50.592420000000004,43.806529999999995,157.35283,0.007336617027407906,187.59190999999998,152.79471,127.26754,467.65416000000005,0.0015344184443331441
E01002548,378.55273,90.08803999999999,65.82296,51.400360000000006,207.31135999999998,0.00700581875886924,71.63081000000001,49.74313000000001,49.86743,171.24137000000005,0.005620064809118359
E01002549,611.73228,41.27390999999999,39.72011000000001,34.66288,115.65689999999998,0.008184894738508194,184.64559,159.71193000000002,151.71786000000003,496.07538000000005,0.0012899816998754188
E01002552,260.84588,31.54500999999999,26.31413,24.66067,82.51980999999996,0.01725957179020832,68.96280999999999,63.19667,46.16658999999999,178.32607000000002,0.0030416266591255974
E01002553,713.28371,99.26748000000003,85.42368,74.46083999999999,259.15200000000004,0.004067219877497927,177.16460000000004,167.25974,109.70736999999998,454.13171000000006,0.0013115909242034942
E01002555,739.93987,98.48811999999998,76.71736,78.96502000000001,254.1705,0.005159772683318925,189.43128,158.4445,137.89358999999996,485.7693700000001,0.0010344856560870537
E01002557,1668.79273,200.68196,187.15774999999996,168.61521,556.4549200000001,0.001815414364708347,423.10218,392.29290999999995,296.94272,1112.33781,0.0003711045538331584
E01002558,1842.46928,233.83454999999998,213.50482,196.74414999999996,644.0835200000001,0.001325755947383328,460.80221,415.64477,321.93877999999995,1198.3857599999997,0.0004441455206801205
E01002559,607.51471,121.00325999999998,82.78531,73.21225,277.00082,0.003450169802666971,131.3913,110.05008,89.07251,330.51388999999995,0.0017991215394368345
E01002560,148.79166999999998,22.392829999999996,22.508419999999997,16.800110000000004,61.701359999999994,0.022919734470171812,39.457010000000004,34.08741,13.54589,87.09030999999999,0.0099191941413429
E01002562,536.48845,102.71594999999999,118.27127,78.55094,299.53816,0.0032027453257436433,98.80013,71.44667,66.70348999999999,236.95028999999994,0.002976954577282235
E01002563,1662.70159,396.8575500000001,335.57813999999996,247.72290999999998,980.1586,0.0005080340659978746,277.54171,244.43042999999997,160.57084999999998,682.54299,0.000725496276506925
E01002564,539.87585,87.66568,77.11316,53.544489999999996,218.32333000000003,0.0030853489359389166,116.65557,118.89303999999997,86.00390999999998,321.55252,0.0017531647416590963
E01002565,3208.56071,457.89996,448.83855,306.9237,1213.6622100000002,0.0005306938598845906,760.50908,723.48594,510.90347999999994,1994.8985,0.00020242096058458115
E01002569,532.20068,61.00412,78.3548,36.57891,175.93783000000002,0.005179194887347052,139.06751,126.61671999999997,90.57862,356.2628500000001,0.0016326153892862272
E01002570,4362.0507,869.72472,865.7931300000002,621.90838,2357.4262300000005,0.00021783904798878878,751.03096,759.0407799999999,494.55273000000005,2004.6244699999997,0.00016340929063787032
E01002571,255.61241,30.86596,25.762310000000003,17.16446,73.79272999999999,0.01588608990790527,71.30397,54.82901,55.686699999999995,181.81968000000003,0.003028443749165908
E01002572,696.55456,102.13463,108.67188999999999,65.05442000000001,275.86094,0.003764103848540474,175.4128,153.27252,92.00829999999999,420.69362,0.0012985642038492715
E01002573,321.74308,42.696239999999996,41.86100999999999,28.909759999999995,113.46700999999999,0.007160978876881333,82.25491000000002,81.23323999999998,44.78791999999999,208.27607000000003,0.0027988858155743295
E01002575,1361.45625,271.54297999999994,253.18070999999995,153.83889,678.56258,0.0007253283625859705,278.2085799999999,249.40493999999998,155.28015000000005,682.8936699999998,0.0006268881559300019
E01002576,707.53141,80.82161999999997,82.70908999999999,44.15644,207.68714999999992,0.00483001285406006,191.87521,181.67396,126.29508999999999,499.8442599999999,0.001069524797935514
E01002578,884.0122,149.68601,121.88962000000001,55.51378,327.0894100000001,0.00290531325185786,232.64706999999999,204.21717,120.05855000000001,556.9227899999998,0.0011988769922601785
E01002581,714.44755,112.13564,212.15813999999997,89.50073,413.79450999999995,0.0023595222256998023,110.19211000000001,111.27251999999999,79.18841,300.6530400000001,0.0017043591407622297
E01002583,3797.65493,513.5997500000001,451.99367,492.8254099999999,1458.4188299999998,0.0008184150048746626,854.6127899999999,757.3661499999998,727.2571599999999,2339.2361,0.00024583521020711107
E01002584,3646.86816,590.3452699999999,560.0988699999999,527.51167,1677.9558100000004,0.0005193669002391913,734.33242,654.8137200000001,579.76621,1968.91235,0.00026179550336067757
E01002585,1412.67203,227.60155,209.52414000000002,191.16551,628.2911999999999,0.0020260201023147672,293.57120999999995,258.86742,231.94219999999999,784.38083,0.0011278804974514242
E01002587,1997.26674,286.86688999999996,256.63032999999996,240.67932,784.1765399999997,0.0014212945841466378,464.99864999999994,399.0787299999999,349.0128199999999,1213.0902000000003,0.0004321894280213736
E01002588,1721.6044,274.36,271.43265,239.42060999999998,785.2132599999998,0.0016077380958031545,341.27515999999997,296.90918999999997,298.20679,936.3911400000002,0.0021570701692774532
E01002589,932.81859,164.48268,152.36069999999998,138.47708999999998,455.32046999999994,0.0029883725221268222,181.97378000000006,157.28361999999998,138.24072,477.49812000000003,0.0016547086470723624
E01002590,440.38000999999997,55.89632,48.960539999999995,45.36523000000001,150.22209,0.00495771766277677,103.08591,92.36113,94.71087999999999,290.15791999999993,0.0026134027049407676
E01002591,224.44158,27.38882,21.71684,22.71392,71.81957999999999,0.021400709273169352,65.38035,52.55086,34.69078999999999,152.622,0.005063776114676342
E01002592,3561.3296299999997,697.41048,581.0644199999998,467.84677,1746.3216700000003,0.0004789640493532125,699.2023699999997,599.53331,516.2722800000001,1815.0079599999995,0.0004548910545444259
E01002593,8593.50278,1470.2075100000002,1271.66348,1075.6303699999999,3817.50136,0.00017261766317178394,1835.6563700000002,1543.7672300000002,1396.57782,4776.00142,7.51498638961142e-05
E01002594,269.53667,29.814329999999998,27.961340000000003,20.532709999999998,78.30838,0.014149635914706856,73.36098,68.78494,49.08237,191.22828999999996,0.002905273093867834
E01002595,328.88907,41.90284,43.353080000000006,45.541959999999996,130.79788000000002,0.006620640285742763,81.49300000000001,60.58865,56.00954000000001,198.09119,0.003472805438093074
E01002596,475.61701,77.6805,60.03664,74.92291,212.64005,0.010667066641260466,112.30688999999998,87.47453,63.195539999999994,262.97696,0.0022795467456570217
E01002598,183.97367,53.04175,48.02170999999999,55.65525000000001,156.71871000000002,0.008063675538853166,12.005629999999998,8.52956,6.71977,27.25496,0.03986314585468092
E01002601,244.39327,32.47511,30.42289,22.234419999999997,85.13241999999998,0.009296716438822666,60.961890000000004,54.56647,43.73249,159.26085,0.003956408644837936
E01002602,140.24072,17.2631,17.286830000000002,15.68085,50.23078000000001,0.02156909356531364,30.496179999999995,33.92362,25.590139999999998,90.00994000000001,0.008874049001389385
E01002603,382.33886,57.78989000000001,51.58786,47.03529,156.41304,0.009204566050579168,94.34053999999999,86.83866,44.74662,225.92582000000002,0.0031755883457452627
E01002604,221.11498,20.575750000000003,25.89522,21.35104,67.82201,0.01483078822918069,61.514190000000006,56.24528,35.5335,153.29296999999994,0.003714178319332913
E01002605,1327.86422,208.34144,180.51151000000002,160.21199000000001,549.06494,0.0017397094445252173,318.23322000000013,255.32120999999998,205.24485,778.7992799999998,0.0004474893215632636
E01002606,632.28539,89.72294,79.29648,69.67236000000001,238.69178,0.0038601320314533916,161.63967,128.86102,103.09292,393.59361000000007,0.0014670924023613024
E01002607,2766.11962,402.97164,355.1882,325.0663800000001,1083.22622,0.0008114076752389664,667.4311800000002,557.0184800000001,458.44374000000005,1682.8934,0.00015241420432050455
E01002608,1780.65483,262.58991,209.87157,200.73719,673.1986700000001,0.001024924909027585,448.78609,364.54468,294.12539000000004,1107.4561599999997,0.00029208046884570283
E01002609,343.7892,41.431369999999994,50.63335,45.26815,137.33286999999999,0.00532430518535682,88.23476999999997,63.666750000000015,54.55481,206.45632999999998,0.002761938323723986
E01002610,154.64951,25.20763,17.02616,19.86552,62.09931,0.02055181758757072,36.742160000000005,28.81454,26.993499999999997,92.55019999999999,0.008434539520105505
E01002611,680.90278,116.96481,101.46158000000003,102.90407999999996,321.33047,0.0033517822148280653,139.58202,131.96380999999997,88.02647999999998,359.57231,0.0015450351283544284
E01002612,8794.26456,1735.0337099999997,1644.1512500000003,1235.72742,4614.912379999999,5.636545431831334e-05,1544.63313,1467.7712700000002,1166.94778,4179.352179999999,5.572194459900362e-05
E01002613,213.31661,63.159130000000005,57.872530000000005,46.95960000000001,167.99126000000007,0.004116489417665183,20.994639999999997,13.091209999999998,11.2395,45.32535000000001,0.019408151514609936
E01002614,2224.63281,407.13178000000005,375.5180399999999,248.47299999999998,1031.1228199999998,0.0006037537466005464,464.06578,437.21916999999996,292.22504000000004,1193.5099900000002,0.0003671418016375353
E01002615,1001.30422,142.34265000000002,99.99838,91.69015999999999,334.03119,0.004236536125643878,271.74206,226.95319999999998,168.57777000000002,667.27303,0.0007804499783668065
E01002616,1028.36435,86.85033,64.19716,63.34422000000001,214.39171,0.004571811089659833,330.69986000000006,274.1294,209.14337999999998,813.97264,0.0007509414990046576
E01002617,66.89095,16.861569999999997,12.14841,13.089830000000003,42.09981,0.03200613129934492,13.313649999999999,5.63124,5.84625,24.79114000000001,0.04598590399592883
E01002618,84.13313,10.23768,11.30777,7.25551,28.800959999999996,0.040596298496570676,23.350929999999998,17.01881,14.962429999999998,55.33216999999999,0.01694927516245578
E01002619,3030.03607,384.71214999999995,350.82968999999997,349.20872999999995,1084.7505700000002,0.001063423965656532,733.841,639.32844,572.1160600000001,1945.2855,0.00019610618138275786
E01002620,1082.80068,162.15558000000001,126.59596999999998,134.05649000000003,422.80804,0.0020493067696773,256.53315000000003,209.02537,194.43412,659.9926399999998,0.0009015205450491703
E01002621,515.1597399999999,51.92939,50.714279999999995,46.001329999999996,148.645,0.006257797412121696,148.53572999999997,124.59974,93.37927,366.51473999999996,0.0020052678941166477
E01002622,2766.80132,482.43572000000006,439.73969999999997,453.65683,1375.8322499999997,0.0006596567263519162,499.30588,465.4862599999999,426.1769300000001,1390.9690699999999,0.00037483946336261463
E01002623,1071.08793,175.00223,142.90956,173.78188000000003,491.69367000000005,0.002035871254036271,252.79119999999998,174.01141000000004,152.59165,579.3942599999999,0.0009537338284884109
E01002624,11717.28636,2149.18722,2032.87957,1826.8678599999996,6008.93465,8.761592456579565e-05,2098.8351600000005,1939.6974,1669.8191500000003,5708.351709999999,5.620021604397455e-05
E01002626,485.41164,59.528439999999996,57.44975,52.5429,169.52109000000002,0.005339421891272865,127.73405999999999,108.58738,79.56911,315.8905499999999,0.001864929717833594
E01002628,2610.50171,379.66366999999997,354.83572000000004,322.82057999999995,1057.31997,0.0006010575504074092,610.91505,522.8791099999999,419.3875799999999,1553.1817399999995,0.00023201878623129574
E01002629,2692.75714,458.10033999999996,365.23932,328.27463,1151.6142899999998,0.00034808570993440633,599.5140799999999,540.1142799999999,401.5144899999999,1541.14285,0.000244473991462648
E01002630,187.85372,23.20274,19.72578,11.45746,54.38597999999999,0.019014274737622752,51.17638,48.523779999999995,33.76758,133.46774,0.005856520934479046
E01002631,790.11602,109.21629,107.3778,104.01418000000001,320.6082699999999,0.002867808471340884,179.11484999999996,156.81940000000003,133.5735,469.50775,0.0009419097929863176
E01002633,2522.3663500000002,473.99957,370.74484,341.86189,1186.6063,0.0007485568227670097,529.38227,408.23924999999997,398.13853,1335.76005,0.0008829235682862378
E01002634,935.8063,112.22408999999999,99.05915999999999,99.85578000000001,311.13903,0.004048610121058534,240.85855999999998,214.85634000000002,168.95236999999995,624.6672700000003,0.0008729408739612978
E01002635,108.15854999999999,13.285200000000001,14.911839999999998,13.10418,41.30122,0.03680885766972026,28.444869999999998,26.6137,11.798759999999998,66.85732999999999,0.016450747099296937
E01002636,573.95046,76.16669999999999,64.88405,63.66851,204.71925999999996,0.006799662792776201,155.70567999999997,119.43138,94.09414000000001,369.2312,0.0015544426949505293
E01002637,3012.32863,517.7428299999999,522.74768,364.10410999999993,1404.5946199999996,0.00042132042306282087,630.56294,539.46151,437.70956,1607.73401,0.00031327613930623086
E01002638,809.3786,115.68852999999999,102.91471999999999,101.33462,319.93787000000003,0.0030415413903741263,194.85576,159.31181,135.27316000000002,489.4407299999999,0.0009885930740882007
E01002640,497.29904,86.40387000000001,82.68093,71.65603,240.74082999999993,0.0050021958110032586,112.29453,79.57364000000001,64.69004,256.55821,0.0019452103340353614
E01002641,957.60864,211.03139,191.89225,158.72720999999999,561.65085,0.0010596742410556436,135.9683,141.68223999999998,118.30725000000001,395.95779,0.0015521573187739072
E01002643,1252.47478,213.99786,190.36878000000002,166.47019,570.83683,0.0016416087835689442,267.19391999999993,236.47859999999997,177.96543,681.6379499999999,0.0007335780983930215
E01002646,171.45179,22.975769999999997,25.929539999999996,22.98301,71.88832000000001,0.014449636721338345,39.042849999999994,37.194689999999994,23.325929999999996,99.56346999999998,0.009777981979205283
E01002649,1475.1327099999999,209.19102,211.02809999999997,196.51021,616.7293299999999,0.0010070792004295268,335.87504,275.96494999999993,246.56339000000006,858.40338,0.0006015069362458786
E01002650,1164.98475,159.02445999999998,166.20236,145.12036,470.3471799999999,0.0016933982340374975,280.34044,218.33790000000005,195.95923000000005,694.63757,0.0007846379993943114
E01002652,1404.2861,207.12433,202.81736000000004,191.67759999999998,601.6192899999999,0.0016111188593258378,300.43145,275.55618000000004,226.67917999999995,802.6668099999999,0.0007589475447449766
E01002653,415.53089,56.90596000000001,53.13019,47.61963,157.65578,0.006972911946484232,100.51723999999999,93.26202,64.09585,257.87511,0.002179863119875889
E01002654,329.13033,31.10755,26.57452,26.146160000000002,83.82822999999998,0.014893473758262818,110.51629,83.04573,51.74008,245.30209999999997,0.0031906788089990853
E01002655,159.45167999999998,22.802880000000002,19.633090000000003,12.498489999999999,54.93446000000001,0.01800946969534475,42.64334999999999,34.124559999999995,27.74931,104.51722000000001,0.008990800519795146
E01002657,557.36306,78.038,79.09054000000002,51.063370000000006,208.19191,0.003531727144698553,137.34595000000002,123.73042000000002,88.09478,349.17115000000007,0.0018048883774987195
E01002659,181.29585,19.109949999999998,28.75008,15.79983,63.65986,0.014513012055737712,42.37047999999999,43.81732,31.448189999999997,117.63598999999999,0.0055447025502552766
E01002662,5236.20343,1395.60124,1461.6728399999997,1169.68876,4026.9628399999997,9.452607027547435e-05,419.67447,428.23802000000006,361.32809999999995,1209.2405900000003,0.000433778874410172
E01002663,1253.39503,190.48224000000002,167.20203999999998,170.58203,528.26631,0.002252215283105737,286.21945999999997,228.39866999999998,210.51059,725.1287199999999,0.0006077394573716603
E01002665,1898.24267,274.64625,268.8291,254.64408,798.11943,0.0008430073261471179,367.99401,409.4662599999999,322.66297,1100.1232399999997,0.0004531018404652336
E01002666,476.45558,55.56296,65.1319,56.97365,177.66851000000003,0.01664843515891984,108.81863999999997,105.34821,84.62021999999999,298.78707,0.002764892666448723
E01002667,717.97334,104.43757,108.33942,76.1119,288.88888999999995,0.0027510013054861423,182.12202000000002,145.55334,101.40908999999998,429.0844500000001,0.001278714394167641
E01002668,1056.5134699999999,177.71105,172.77590999999998,111.45172000000002,461.9386800000001,0.0017233049833009924,233.8663,219.70373,141.00476000000003,594.57479,0.0009021465737637676
E01002669,84.38457,13.248509999999998,9.12155,8.948609999999999,31.31867,0.042193618667808956,22.36437,18.69432,12.00721,53.065900000000006,0.01855826979691913
E01002670,1295.44478,232.77936999999997,173.1982,170.77826000000002,576.7558300000002,0.001192851974146574,308.99553000000003,250.89114999999998,158.80226999999996,718.6889500000001,0.000780372747817278
E01002671,217.76062,20.6687,19.61556,10.61594,50.900200000000005,0.024120283929910447,66.02932,60.484379999999994,40.34672,166.86041999999998,0.0041647274621860785
E01002672,730.65412,90.63607,86.54165000000002,67.91375999999998,245.09148,0.00392546196758676,184.07652000000002,182.65257,118.83355,485.56264000000004,0.0013669041922704267
E01002674,94.71296,11.847339999999999,12.14015,3.85282,27.840310000000002,0.045254156583315185,25.342850000000002,24.306050000000003,17.22375,66.87265000000001,0.014645058717738399
E01002675,307.92692999999997,40.048199999999994,44.14503,32.74782,116.94105,0.009347484134769731,76.17664,65.82902,48.98022000000001,190.98588,0.0031438672194293847
E01002676,456.03378,99.63731,77.35807,61.62353999999999,238.61891999999997,0.0029679033737602424,85.65470000000002,76.99345,54.766709999999996,217.41486000000003,0.0031753794957492315
E01002677,3683.71405,625.43049,477.82645999999994,396.99098000000004,1500.2479300000005,0.00035922690214400146,837.98843,726.63658,618.84111,2183.46612,0.00011874268465803417
E01002678,587.42738,124.38475,103.97522,53.64150000000001,282.00147000000004,0.003244671883732924,121.52099,106.04812,77.85679999999999,305.42591000000004,0.0020389676968825166
E01002679,477.14838,81.64962000000001,71.47860999999999,51.31944,204.44767,0.004543226453763808,105.75696000000002,105.00923999999999,61.934509999999996,272.70070999999996,0.0021039530110104187
E01002680,311.88786,59.22249,43.84177,38.82655,141.89081000000002,0.008529729409846133,69.88345,59.691,40.422599999999996,169.99705,0.0041437964692104595
E01002681,2542.81355,468.86888000000005,356.13331,325.2549,1150.2570900000003,0.000687198802973933,517.2037899999999,509.7400099999999,365.61265999999995,1392.5564599999998,0.0003727560931638081
E01002682,1781.92078,314.45829,275.60563999999994,232.63968,822.7036099999997,0.0005019215043750223,374.04438,327.84733000000006,257.32546,959.2171700000001,0.0002754926910590342
E01002686,1673.23121,280.3327,261.52304000000004,216.59076,758.4465000000002,0.00042073373747979193,357.67897,303.1044500000001,254.00129,914.7847100000001,0.00044044672717517575
E01002687,160.83256,23.395199999999996,14.375309999999999,10.663480000000002,48.43398999999998,0.01949441212039305,41.13128,35.50638,35.760909999999996,112.39856999999999,0.007999050428324066
E01002691,333.66474999999997,83.08144999999999,62.073090000000015,41.15657999999999,186.31111999999993,0.0031802757946045655,69.98576999999999,49.13223,28.235629999999997,147.35363,0.00474468228734729
E01002692,4099.40172,990.0208700000001,722.1174400000002,528.26762,2240.405930000001,0.00023513686838690827,738.5222500000001,651.06417,469.40937,1858.9957900000002,0.00020625356605964877
E01002693,3335.206,745.30654,776.53984,482.52126999999996,2004.36765,0.0002470816316067075,479.0280900000001,518.54823,333.26203000000004,1330.83835,0.000379703599190361
E01002694,130.62861,21.545519999999996,15.933609999999998,13.62062,51.09974999999999,0.01954366998945186,27.175419999999995,33.382169999999995,18.971270000000004,79.52885999999998,0.009831026907652788
E01002695,1134.82536,222.53302000000002,201.7772,151.45801,575.7682300000001,0.0006696142045867594,208.41906999999995,208.68914,141.94891999999996,559.0571299999999,0.0008191134157621901
E01002696,2440.5348,516.97155,514.54327,299.5537800000001,1331.0686,0.000285874382633207,421.7953499999999,404.49478999999997,283.17605999999995,1109.4661999999998,0.0003521776087682273
E01002697,2783.37119,494.25323000000003,461.55098999999996,350.24671,1306.05093,0.0002243867564976263,517.0129199999999,557.8355899999999,402.47175,1477.3202600000009,0.00026622492950665835
E01002698,150.48034,12.319199999999999,12.673969999999999,6.94616,31.93933,0.03626660496878447,52.783319999999996,44.257720000000006,21.49997,118.54101,0.007076207707989356
E01002700,162.50878,26.447350000000004,30.038710000000002,24.963470000000004,81.44953000000001,0.012440143066809678,32.94364,24.0456,24.070010000000003,81.05924999999999,0.010133408368946259
E01002703,82.10410999999999,2.2470499999999998,0.27114,0.8209799999999999,3.3391699999999997,0.4555936326856951,30.64171,29.976629999999997,18.1466,78.76493999999997,0.00723722102589878
E01002704,16226.12815,3278.3176399999998,2327.74462,1805.7585600000002,7411.82082,7.67199441637932e-05,3311.50791,3175.3650399999997,2327.4343799999997,8814.307330000001,4.217297463578174e-05
E01002706,1074.66315,221.95418,213.19526999999997,139.21401,574.36346,0.0007759007340430943,189.16039000000004,184.10104,127.03825999999998,500.29969,0.0008277279266166339
E01002707,3725.1250099999997,646.8669899999999,534.9833799999999,392.2258499999999,1574.0762199999997,0.00019918920655722153,847.12322,752.64968,551.27589,2151.04879,9.61435892478193e-05
E01002708,1171.07773,150.49630000000002,91.02389000000001,91.01612000000002,332.53631,0.0019372025337615075,329.9724000000001,281.44355999999993,227.12546,838.5414200000001,0.00087134782222403
E01002710,2474.73846,495.67711,414.47919,306.17529999999994,1216.3315999999998,0.0002979113128888613,475.6908899999999,457.79452,324.92144999999994,1258.40686,0.00031663852908125456
E01002711,2453.36805,372.18791,325.91996,258.18145,956.2893199999999,0.0003874198547656508,549.7505000000001,506.2741600000001,441.05407,1497.0787299999997,0.0005079617117541386
E01002712,1755.29583,278.43174,324.2976499999999,221.47482999999994,824.2042200000001,0.0005999414480562424,346.35265,318.115,266.62395999999995,931.09161,0.00041519158631856545
E01002713,1681.56073,245.59538,199.37454,162.94221000000002,607.91213,0.0006730689270388534,390.83972,389.2188299999999,293.59005,1073.6486,0.00034722648684554756
E01002714,1728.45798,305.2244799999999,314.73731000000004,206.67855,826.6403399999999,0.0005691169133177471,356.23473000000007,317.9236299999999,227.65927999999997,901.81764,0.0005104224574078138
E01002716,4677.54451,594.8173,594.26679,424.8654600000001,1613.94955,0.0001447403708879681,1260.77732,1023.12563,779.69201,3063.5949599999985,0.00012582372708597157
E01002717,231.99515,25.77068,25.12061,29.29657,80.18786000000001,0.009650432539504993,52.67802,62.02429999999999,37.10497,151.80729000000008,0.0032159999630883775
E01002718,298.08684999999997,27.915750000000003,33.550540000000005,17.568179999999998,79.03446999999998,0.011169955185566793,112.33816,69.47692,37.2373,219.05238000000006,0.0037296288630982045
E01002719,421.08497,88.04038999999997,106.794,73.74457999999998,268.57897,0.002313244844581046,51.79399999999999,56.81103000000001,43.90097000000001,152.50599999999994,0.004350665886219531
E01002720,1765.42442,337.19247,355.85074,210.38484000000003,903.4280499999999,0.0005653129027346759,336.82027,292.48012,232.69598,861.9963700000001,0.00038236292071584343
E01002723,243.41308,77.46713,36.08235,29.431800000000003,142.98128,0.008125402370639885,39.454649999999994,34.630649999999996,26.346500000000002,100.43179999999997,0.009177155771138154
E01002724,6173.45165,1483.5274900000002,880.5088100000002,660.8483699999998,3024.8846700000004,0.00024533460462301294,1264.61683,1086.1924500000002,797.7577000000001,3148.566979999999,0.00016313956399540146
E01002726,5163.03043,1238.8804300000002,928.3006000000001,560.40232,2727.58335,0.0002669803124013009,891.3991900000001,906.5712300000001,637.47666,2435.447080000001,0.00017670676136822432
E01002727,3472.68924,531.4880999999999,534.10271,289.06451,1354.6553199999998,0.000499809233830083,814.65132,798.1977700000001,505.18483000000015,2118.03392,0.0002070119876235038
E01002728,776.24044,137.58065,114.84506999999999,93.6259,346.0516199999999,0.0019113553539740753,160.03612999999996,156.32817,113.82452,430.18882,0.0011056435270220218
E01002730,3531.32377,689.50562,735.7943899999999,546.22054,1971.5205499999997,0.00022493947070473578,588.3507999999998,534.79066,436.6617600000001,1559.8032200000002,0.00024238316807549567
E01002732,1363.15819,297.03225,290.58461,249.93422,837.5510800000001,0.0005730618942738309,204.25582999999997,166.38846999999998,154.96280999999996,525.6071099999998,0.0007780818508039142
E01002734,30423.38466,6497.3665599999995,5610.0017,4121.9841,16229.352360000003,2.744730144035965e-05,5096.114439999999,5479.685800000001,3618.2320600000003,14194.032299999999,1.75142175994486e-05
E01002738,2455.84577,366.44762999999995,358.02473,223.70995,948.1823099999999,0.0006159787754420994,604.7854800000001,538.54985,364.32813,1507.6634600000002,0.0003118504488460582
E01002741,732.8104,99.73407999999999,111.70000999999999,70.56952,282.00361000000004,0.0018139370127542472,191.52702000000002,156.97419,102.30557999999999,450.80679000000003,0.0011711917106885233
E01002743,944.41304,153.30809,167.06004000000001,107.78299000000003,428.15112,0.0013696427289128378,220.04838999999996,171.69531000000003,124.51821999999997,516.26192,0.0010237533990078837
E01002745,453.75594,77.51451000000002,112.17331999999999,51.72996,241.41779000000002,0.0032225301692160946,74.31432,80.19724999999998,57.826579999999986,212.33814999999998,0.0034592998728981803
E01002747,1262.45097,194.93438999999995,206.74099999999999,136.42359999999996,538.0989899999997,0.000838899486487481,271.50487,275.47947000000005,177.36764,724.35198,0.0005701860389359121
E01002748,786.1014700000001,34.2374,30.24949,23.56827,88.05516,0.011866542177800268,268.34699000000006,247.60256,182.09676,698.04631,0.0009934876507923958
E01002749,1140.05486,161.2073,204.04968,121.31851,486.57548999999995,0.001284685622715602,267.57714999999996,232.70311999999996,153.19910000000002,653.4793699999999,0.0007199903777196258
E01002752,327.35,47.71659,47.94003000000001,27.8242,123.48081999999998,0.005153032994364955,76.4564,75.33384000000001,52.078939999999996,203.86917999999997,0.0025315193452751074
E01002754,65.34757,5.74773,5.81687,2.20989,13.774490000000002,0.09983207017701332,22.695850000000004,18.67216,10.20507,51.573080000000004,0.01939387430843255
E01002756,864.05503,63.755300000000005,50.8055,26.988359999999997,141.54916,0.009927502186500979,343.20548,222.78101,156.51938,722.5058700000002,0.0010277322929363856
E01002758,2713.616,402.4265,378.14408000000003,283.8185399999999,1064.3891199999998,0.00038867826926748,633.61808,564.8712199999998,450.73758,1649.2268800000004,0.00016938467608533807
E01002759,199.72564999999997,42.685370000000006,41.49447,30.168469999999996,114.34831,0.006617418626195231,28.09145,30.538870000000003,26.747020000000003,85.37734,0.009227666402784312
E01002762,1301.08358,288.73500999999993,292.05765999999994,237.86307,818.6557399999999,0.0007257595124773397,175.85084999999998,171.70965999999999,134.86733,482.42783999999995,0.0008230156859791661
E01002763,3465.6402199999998,472.63860999999997,496.8664300000001,349.0669,1318.57194,0.0003120728837817683,805.48846,739.76957,601.81025,2147.0682799999995,0.00019299353764164944
E01002764,2193.23812,252.70313999999996,265.1545,206.66534999999993,724.5229899999998,0.0005390515569556917,557.8037499999999,504.12480000000005,406.7865800000001,1468.7151299999996,0.0002948845693719592
E01002765,3360.83625,551.25662,460.33007000000003,395.9673599999999,1407.5540499999997,0.00024224045757450467,784.59763,607.9175699999998,560.7669999999999,1953.2822,0.00016549413844281445
E01002766,403.91866,106.59832,95.02945000000001,63.84127,265.46904,0.002168567889582414,56.21318,46.24084,35.995599999999996,138.44962,0.005136594075855936
E01002767,1185.10031,132.70327,138.53661999999997,89.42798,360.66787,0.001154287064219591,337.03828999999996,272.52299999999997,214.87115,824.43244,0.0005665918421247316
E01002768,794.04604,128.26302999999996,128.71753,82.00983,338.99039000000005,0.0012412189909062929,187.11721,153.43320000000003,114.50524,455.05565,0.0010606227762360466
E01002770,17866.31697,3566.13963,2916.5465799999993,2142.70485,8625.391059999998,4.83673723781703e-05,3562.48996,3348.85655,2329.5793999999996,9240.925909999998,2.1792477553419305e-05
E01002771,1135.69242,205.40689000000003,191.37780999999998,136.24788,533.0325799999999,0.0009468626557475501,245.42218999999997,192.36002000000005,164.87762999999995,602.6598399999999,0.000610776567062858
E01002772,1548.50308,347.0185099999999,314.78746,246.79972000000004,908.6056899999998,0.0005422228995827653,229.74065999999996,238.36145999999997,171.79527,639.89739,0.0009020406560733233
E01002773,157.93549,25.778669999999995,22.306819999999995,24.90995,72.99543999999999,0.014828623625497226,28.1257,27.17608,29.63827,84.94004999999999,0.011116210874884807
E01002774,2848.68153,409.0915800000001,419.54277999999994,295.65785999999997,1124.2922200000003,0.0004000439918738094,714.39861,599.8998599999999,410.09084,1724.3893099999998,0.00023854675044068026
E01002775,262.9229,40.785419999999995,38.745340000000006,29.202970000000004,108.73373000000001,0.00832565032727182,49.71888,63.07546,41.39483,154.18917,0.005603685516122614
E01002776,817.92074,78.91533999999999,97.53030000000001,59.09722,235.54286000000002,0.0020742793234623928,202.18666000000002,220.61528,159.57594,582.3778799999999,0.0006138883741500604
E01002778,286.97836,72.93701999999999,61.31499,51.4534,185.70541,0.003797898668626039,35.423320000000004,32.427690000000005,33.42194,101.27295000000001,0.008292056004775498
E01002779,6523.92418,973.5357200000001,1006.7922900000001,692.57181,2672.89982,8.493600478067372e-05,1530.42253,1356.29764,964.3041899999998,3851.0243599999994,7.692187234790163e-05
E01002780,904.27732,93.00262,127.22323999999998,74.00680999999999,294.2326699999999,0.0021775641737270027,210.73994,241.96368999999999,157.34102,610.0446499999999,0.0009517186784859055
E01002781,310.5744,38.90184,36.913720000000005,29.537639999999996,105.35320000000002,0.009448116479885445,82.54789000000001,77.08689,45.586420000000004,205.22119999999995,0.00413715109697694
E01002782,185.98609,17.16967,19.93997,12.868569999999998,49.97821,0.017969538365750538,53.72936,50.158030000000004,32.12049,136.00788000000003,0.005619879149933992
E01002784,343.92398,41.956970000000005,28.67238,33.8309,104.46025,0.00794628432175586,95.18928999999999,75.52641000000001,68.74802999999999,239.46372999999997,0.002236235555884929
E01002785,1503.72769,265.5310800000001,300.44531,164.46092000000002,730.43731,0.0005779291800444112,313.6127499999999,265.05937,194.61826,773.2903799999999,0.0006433732558172331
E01002786,7992.87547,1361.47328,1377.87678,847.7600999999999,3587.11016,9.613282849534315e-05,1756.1219499999997,1523.33636,1126.307,4405.765310000001,8.000583704841817e-05
E01002788,322.92887,58.711099999999995,61.35805,40.40651,160.47566,0.005977388180801664,62.718109999999996,53.17825,46.556850000000004,162.45321,0.003564328756907173
E01002789,1728.12987,212.32835000000003,212.10147999999998,143.96575,568.3955799999999,0.0006318597727112127,462.16712999999993,415.98451,281.58265,1159.7342899999996,0.0002817333728480319
E01002790,2494.71055,568.1099999999999,664.4161,393.8415800000001,1626.3676799999998,0.0002860723475965628,326.70588,329.21359,212.42340000000002,868.3428699999997,0.0003159625056037324
E01002791,6988.5335,950.4543,919.2648300000001,677.43856,2547.15769,0.00018174796504395773,1836.07339,1616.6675199999997,988.6349,4441.375810000002,8.215936421709496e-05
E01002793,5469.99422,795.1232299999999,993.47896,647.0318299999999,2435.63402,0.0001446765016234647,1095.92503,1199.3311700000002,739.1039999999999,3034.360199999999,0.00010671104056675807
E01002794,24352.83228,5127.30411,5278.70839,3379.3107700000005,13785.323270000003,2.4196658541104552e-05,3889.38704,4065.1931400000003,2612.9288300000003,10567.509009999998,2.5318725719906563e-05
E01002795,5748.4390300000005,1302.28694,1196.8536,883.6471600000001,3382.7877000000003,0.00012758212313957178,885.8634800000001,953.6827500000002,526.1051,2365.6513299999992,0.0001599089230744828
E01002796,109.64953,14.34893,18.18173,10.35616,42.88682,0.023430772601807433,26.61807,22.80942,17.33522,66.76271,0.011330756500665234
E01002797,726.41791,113.12801999999999,100.151,72.0836,285.3626200000001,0.0019352856942417727,190.17166,150.59700999999995,100.28662,441.05529000000007,0.0008447121265655106
E01002798,982.96687,157.8844,175.31189,105.49167999999999,438.68797,0.0010097015779173624,227.40568000000002,180.15194999999997,136.72126999999998,544.2789000000001,0.0009009164612592958
E01002801,1737.27723,336.55507,318.52804,236.50400000000002,891.58711,0.0005807896081763968,380.73072,270.96945,193.98995,845.69012,0.0005460417488647408
E01002804,1126.00959,99.46240999999999,96.5785,63.53548,259.57638999999995,0.0027075844742345126,362.44969,284.09830000000005,219.88521000000003,866.4331999999999,0.0005431213310934316
E01002805,1887.8950399999999,286.60578999999996,307.69124,204.30603,798.6030599999998,0.0005931801076114016,443.11395999999996,374.27383000000003,271.90419,1089.2919799999997,0.000506659849377602
E01002807,777.3741,145.16855,132.43290000000002,99.5431,377.14455000000004,0.0008743743971765611,154.32473000000005,142.74587000000002,103.15895000000002,400.22955000000013,0.000984455207282129
E01002808,525.88941,71.73072,77.85344,53.090779999999995,202.67494,0.0031157224666696595,135.02803999999998,101.90515,86.28127999999998,323.21446999999995,0.002819210229594052
E01002810,604.6197,160.89039999999997,153.16076000000004,97.50268,411.5538400000001,0.00131938364750512,81.17666999999999,60.90746000000001,50.981730000000006,193.06586000000001,0.0030629322681117806
E01002811,1108.3843200000001,153.51593000000003,171.80186999999998,89.01426000000001,414.33206,0.001725919613338887,294.73901,257.07005999999996,142.24319,694.0522599999999,0.0009289833794711622
E01002814,1318.84286,306.37621,324.8372000000001,228.48280000000003,859.69621,0.00036521187338618916,192.03299999999996,158.56967000000003,108.54397999999999,459.14664999999997,0.0010051541766879191
E01002815,543.20069,108.22778000000002,101.71855000000001,69.25958,279.20591,0.0026945917518641426,92.49564,103.43997,68.05917000000001,263.99478,0.0026154468032624986
E01002817,3658.42538,785.1677100000003,864.38018,560.5431800000001,2210.091070000001,0.0002421418240943164,527.7013099999999,516.2784200000001,404.35458,1448.3343099999997,0.0002675329279384543
E01002818,2888.20021,666.5696399999999,573.0494000000001,471.94713999999993,1711.5661799999996,0.0003855307279197566,426.70395,421.86619999999994,328.06388,1176.6340300000002,0.0006244083149385398
E01002819,2242.93989,575.3044600000002,754.4922099999999,423.9207,1753.7173700000005,0.0003675776325054884,169.73444999999995,192.77022,126.71785000000003,489.22252000000003,0.0007359555663058906
E01002821,9446.99842,1906.79424,1732.6028800000004,1404.2710499999998,5043.668169999999,7.990458517575507e-05,1757.50992,1570.22774,1075.5925899999997,4403.330250000001,5.5371944872442355e-05
E01002825,5288.27115,1053.6484999999998,1089.1432399999999,727.3505900000001,2870.14233,0.0001457410573422127,842.61714,933.7060900000001,641.8055899999999,2418.12882,0.00015219707984768399
E01002826,6550.1385900000005,1480.2191899999998,1456.68923,1055.75227,3992.66069,8.674694069362137e-05,945.5141299999999,912.76367,699.2000999999999,2557.4779000000003,0.00015952075026069083
E01002827,6107.49759,828.1217399999999,930.9587399999999,729.8562899999998,2488.93677,0.00015420704266789933,1354.82649,1286.9163099999998,976.81802,3618.5608199999997,8.95210999042953e-05
E01002830,385.14729,76.80337999999999,69.48658999999998,56.27261,202.56258000000003,0.002894926954213168,73.01463999999999,63.8455,45.72456999999999,182.58471,0.0028667504456876013
E01002831,4201.94488,850.52039,741.56969,604.0553000000001,2196.145380000001,0.0001476554124563498,766.6659500000001,717.8515399999999,521.28201,2005.7994999999999,0.00012186676884988799
E01002832,105.45504,23.13966,45.18116,20.71485,89.03567000000001,0.012158889342114506,6.254049999999999,6.98438,3.1809399999999997,16.41937,0.052241412623016945
E01002833,2449.58212,509.9755,715.98726,452.3603300000001,1678.3230899999999,0.0005029367707582942,277.04889000000003,293.51199,200.69815,771.25903,0.0005949706666583303
E01002835,1924.30902,334.16374999999994,330.86362,240.24226000000002,905.2696299999996,0.0004956825014415993,351.2144600000001,380.20963,287.6153,1019.0393900000003,0.0004493671442331007
E01002837,153.67079,33.952890000000004,28.729539999999997,19.763920000000002,82.44635000000001,0.010134169674606255,28.65107,24.331409999999998,18.241960000000002,71.22444,0.009538826400729188
E01002839,303.35876,84.43006,87.85595999999998,50.06340999999999,222.34943000000004,0.0032937888281547333,28.671909999999997,28.304419999999997,24.032999999999994,81.00932999999999,0.015255278736633179
E01002840,1422.87214,286.36271999999997,233.76532999999995,162.43466000000004,682.5627099999999,0.0006768741051962435,274.53601000000003,268.46997999999996,197.30344000000005,740.30943,0.0006575271459241215
E01002843,1126.88449,234.72766000000001,197.86435999999998,166.69651,599.2885299999999,0.0007253160343297186,207.67718999999997,178.26696000000004,141.65180999999995,527.59596,0.0009046776810972311
E01002844,1997.87575,429.54332999999997,421.17026999999996,291.0607999999999,1141.7744,0.0004622545759585223,319.69291,295.3397300000001,241.06871000000004,856.1013499999997,0.0003612708676681195
E01002845,3452.4613600000002,663.0021300000001,633.15647,441.2726699999999,1737.43127,0.000241454369590693,660.0538499999999,621.4024399999998,433.57379999999995,1715.0300899999997,0.00013609790646691494
E01002846,832.92344,81.43096999999999,86.52797000000001,56.90128000000001,224.86022000000006,0.0030517992949589644,224.17164999999997,247.87896999999998,136.01260000000002,608.0632199999999,0.0011828400262700474
E01002849,3675.95624,695.50523,606.29328,486.01399,1787.8124999999998,0.00023859049970664098,695.87258,658.69818,533.57298,1888.1437399999993,0.00013146059618843913
E01002850,235.99447999999998,17.08501,11.974570000000003,11.692909999999998,40.75249,0.024525898448608755,49.219449999999995,98.19623999999997,47.826299999999996,195.24199,0.005373786447956394
E01002851,484.03843,87.4799,91.19018000000001,85.23563,263.90571,0.0025826508247902523,69.76437,89.47860999999997,60.889739999999996,220.13272000000006,0.00323208795248879
E01002852,5595.55866,1007.4493000000001,845.7683199999998,498.02446999999995,2351.24209,0.00022882843412527505,1307.30946,1144.5282400000003,792.47887,3244.31657,8.38596024760939e-05
E01002854,544.472,38.32016999999999,73.96741999999999,33.17093,145.45851999999996,0.0069053034081516555,143.12016000000003,153.02397000000002,102.86934999999998,399.01348,0.0014194211081666375
E01002857,108.44793999999999,12.958659999999998,10.87742,8.253599999999999,32.089679999999994,0.031282805911071895,33.01994,21.844399999999997,21.493919999999992,76.35826,0.008932225196274759
E01002858,151.49484,27.02578,25.22774,19.321579999999997,71.5751,0.014200956122019966,29.946690000000004,31.853289999999998,18.11976,79.91973999999998,0.010357017694682311
E01002859,2711.79068,245.29974000000004,288.61562999999995,177.25012,711.1654900000002,0.0010845365500029404,838.7631199999998,721.2188500000001,440.64322,2000.62519,0.0002736218911113791
E01002861,473.55888,129.24912999999998,116.81347,87.69809,333.76068999999995,0.002190709697748565,47.881239999999984,50.983250000000005,40.93369999999999,139.79818999999998,0.00461587550692826
E01002862,134.81657,31.384920000000005,26.8794,23.88217,82.14649000000001,0.011589833489110603,24.864729999999998,13.235799999999998,14.569550000000001,52.67008,0.02496973321616956
E01002863,198.61556,44.333949999999994,30.830399999999994,25.178129999999996,100.34248000000001,0.009171348154769348,41.48956,38.010560000000005,18.772959999999998,98.27307999999998,0.008707151124151475
E01002864,1247.07816,170.80524,183.96092,129.91988,484.68603999999993,0.0012773703584606955,254.51855,290.04636999999997,217.82720000000003,762.3921200000001,0.0007013323089548265
E01002866,413.70412999999996,56.57528,56.385319999999986,28.73671,141.69730999999996,0.00718396921068285,114.20874,102.90780999999998,54.89027,272.00682,0.002686142769884588
E01002867,506.26164,78.32237,78.77077999999999,54.81568,211.90883000000005,0.0029759353353471392,110.13953000000001,111.26993000000002,72.94335000000001,294.35281,0.002011417844710802
E01002868,1047.23723,198.04045000000002,183.98463,141.2607,523.28578,0.0011754823953185776,186.43321999999998,206.78077,130.73746,523.9514499999999,0.001076678975275651
E01002869,774.09975,168.52745,130.81632000000002,96.49468,395.83844999999997,0.0015574839759517761,149.55741,131.39395000000002,97.30993999999998,378.2613,0.0014133949838818329
E01002870,830.07649,167.22506000000004,119.08360000000002,104.75111999999997,391.05978000000005,0.0019605019808962803,177.16692999999998,156.27529,105.57448999999998,439.0167099999998,0.0008577780078054757
E01002873,1251.48716,230.10171000000003,204.09667,170.46507000000003,604.6634499999999,0.000617793494753108,256.99816,218.3802,171.44534999999996,646.8237100000001,0.0005403000236874434
E01002874,498.62025,48.83318,35.50718,36.570769999999996,120.91112999999999,0.006773571015772705,137.59805000000003,139.49324,100.61783,377.70912000000004,0.001512872555553115
E01002877,349.65581,107.89761999999999,72.64335999999999,49.93371,230.47468999999995,0.004105372829500253,58.34503,32.2718,28.564289999999996,119.18112000000002,0.007222805500509613
E01002878,1176.60897,137.47125,141.94864,108.66332,388.0832099999999,0.001101282735772886,293.28952,286.52281,208.71343000000002,788.5257599999999,0.0003608932678747041
E01002880,820.92243,120.11088,110.78138,92.18426999999998,323.07653,0.0017498920310577044,183.83998,180.74118,133.26474,497.8459,0.0008940217351512925
E01002882,180.96284,18.114980000000003,52.34445,15.478179999999998,85.93761,0.025516108804099543,34.24775000000001,36.100609999999996,24.67687,95.02523000000001,0.0069140331727016325
E01002883,2863.85956,531.0607500000001,533.3909000000001,399.2990300000001,1463.75068,0.00030336422526315663,518.95479,480.06374999999997,401.09034,1400.1088800000002,0.00022420193472940677
E01002884,3780.7790800000002,919.2840900000001,844.2185300000001,671.48574,2434.9883600000016,0.0001676222718326679,487.01272,480.89104000000003,377.88695999999993,1345.7907199999997,0.00027239777710975015
E01002885,581.99045,125.80547,126.13121000000001,100.46757999999998,352.4042599999999,0.0015627021140862465,83.23649,83.08275,63.266949999999994,229.58619000000002,0.0033676287090221675
E01002886,2179.18604,376.54568,352.69675000000007,276.12462000000005,1005.3670499999997,0.00039999509708072616,425.19550000000004,446.8027300000001,301.82076000000006,1173.81899,0.00024549422377278304
E01002887,515.43356,160.40600999999998,117.00815000000001,100.01627,377.43043,0.0018841347325816923,45.88302000000001,50.13485,41.98526000000001,138.00313,0.005760714631872408
E01002891,1088.5072599999999,207.54405,296.16328999999996,137.08020000000005,640.7875399999997,0.0015031236207281979,166.55067000000003,176.40092999999996,104.76812,447.71972000000017,0.0011726558308290148
E01002892,147.51087,80.93339999999999,30.967810000000004,32.199239999999996,144.10044999999997,0.009354295288212374,0.7861499999999998,1.7103,0.9139700000000001,3.41042,0.32505146547099206
E01002893,58.20162,15.578789999999998,15.59302,8.345939999999999,39.517749999999985,0.021210513813770218,6.489659999999999,7.658389999999999,4.535819999999999,18.68387,0.06287766386232137
E01002894,1945.17017,337.57155000000006,284.82696999999996,205.73126000000002,828.1297800000001,0.0005350692103707387,437.36421999999993,418.44220999999993,261.23395999999997,1117.04039,0.000354318173770837
E01002896,856.31933,115.04178,72.44581000000001,61.447979999999994,248.93557000000004,0.00386956461668611,206.03928000000002,215.39623999999998,185.94824,607.38376,0.0009063596967967359
E01002897,577.52164,183.56283,132.38808000000003,116.06381999999998,432.0147299999999,0.00208679345384797,47.17562,60.55249000000001,37.77879999999999,145.50691000000003,0.006952361746114649
E01002898,274.7933,75.63259000000001,47.861639999999994,32.290620000000004,155.78485000000003,0.007102234543461639,46.66917,42.9215,29.417779999999997,119.00845,0.00620090573185489
E01002899,1926.87981,385.7642599999999,432.64957999999984,226.61587000000003,1045.0297100000003,0.0006804718022355469,332.94603000000006,331.78738999999985,217.11667999999995,881.8501000000001,0.0004927475637149913
E01002900,316.55037,105.23979999999997,77.1343,43.73870000000001,226.11279999999996,0.0040113446384133855,37.45897999999999,31.797739999999997,21.18085,90.43757000000002,0.008830049757899992
E01002901,2214.06931,479.6854799999999,407.57578,316.03094,1203.2922,0.00031385664549889365,390.4716400000001,339.71857,280.5869,1010.7771100000001,0.00038778200179568473
E01002902,8464.85301,2015.6572499999997,1844.46,1279.1507399999998,5139.267989999999,9.675856867680656e-05,1259.53679,1210.5953599999996,855.4528700000002,3325.5850199999995,0.00010531223891810458
E01002903,1926.27927,512.9094200000001,506.5136100000001,246.60422999999997,1266.0272600000003,0.0006547545853350044,291.61388000000005,227.26617000000002,141.37196000000003,660.2520099999999,0.0009565735799022499
E01002905,1491.62323,288.78925999999996,216.78893000000002,153.51493000000002,659.0931199999999,0.0010022769411579925,328.75073,267.49416999999994,236.28521,832.5301099999999,0.0004503953158358398
E01002906,1397.02484,254.93714999999997,243.96633000000003,179.46910999999997,678.3725899999998,0.0008314424353867334,270.27905000000004,255.44707,192.92612999999997,718.65225,0.0005493499823491051
E01002908,391.60394,49.68079999999999,47.043029999999995,36.76238,133.48621,0.004242848008623306,102.50165000000001,90.09531000000001,65.52077,258.11773,0.001995986946280788
E01002909,1060.63597,178.7428,189.32886000000005,125.87518999999999,493.94685,0.0010504679452676803,198.52215,213.04910999999996,155.11785999999998,566.6891199999999,0.000691367831773249
E01002910,480.82430999999997,110.12406999999999,98.42424000000001,69.49592000000001,278.04422999999997,0.0025704901655597867,73.22723,79.27315,50.2797,202.78007999999997,0.0030012010393661538
E01002911,2838.55507,650.1128399999999,591.5860799999999,433.62049999999994,1675.3194200000003,0.00025950590751660314,432.95165,408.89833000000004,321.38567,1163.2356499999996,0.0003653951066285362
E01002912,3241.24673,811.9602300000001,619.2841900000001,459.28754000000004,1890.5319600000003,0.00045918933944663945,544.1436200000002,454.88922999999994,351.68192000000005,1350.7147700000003,0.00043301289666623506
E01002913,2704.2655,439.65180000000004,366.8870100000001,260.26005000000004,1066.79886,0.0005454071006490087,666.8604799999999,568.44263,402.16353000000004,1637.46664,0.00029108238800308183
E01002914,1128.99427,264.42051,251.95013,170.45248,686.8231200000001,0.0011019179539404646,155.18272000000002,175.61650000000003,111.37192999999999,442.17115000000007,0.001747229377023707
E01002915,187.64009,24.963019999999993,20.674409999999998,18.571260000000002,64.20868999999999,0.01893858202511231,51.66887,43.33878,28.42375,123.43140000000001,0.006706495302683033
E01002916,1540.57842,227.57753000000002,215.70447000000007,158.68703,601.96903,0.0009509903767381205,369.28408,345.91555999999997,223.40975000000003,938.6093900000002,0.00041528233265744423
E01002918,90.57943,18.45251,16.36663,11.2528,46.071940000000005,0.031841944498429094,16.641360000000002,19.72676,8.139369999999998,44.50749000000002,0.023976599430329676
E01002919,2868.07531,415.70975,388.00043000000005,285.09710999999993,1088.80729,0.0004703710571628986,681.24008,642.68915,455.3387900000001,1779.2680199999995,0.000199319732062587
E01002920,268.59141,35.000969999999995,45.35886,21.53067,101.89050000000003,0.012229400079874577,72.30769000000001,64.59088,29.80234,166.70091,0.005491364381721924
E01002921,828.6993,106.36351000000002,95.00154,57.56456,258.92960999999997,0.00219545139959476,223.48892,217.86330000000004,128.41747,569.7696900000001,0.0008069840474792468
E01002922,211.41935,21.59405,28.775419999999997,16.49383,66.86330000000002,0.021214749365275697,62.29366999999999,54.092980000000004,28.169399999999996,144.55604999999997,0.006600975763763013
E01002926,423.98989,55.061769999999996,66.38159999999999,36.76677,158.21013999999997,0.00635907183325128,101.14757000000002,107.87220999999998,56.759969999999996,265.77975000000004,0.0024517357786771605
E01002928,631.65996,90.92771,93.19410999999998,76.36767,260.48949000000005,0.002092503370164184,138.43974,135.21396,97.51677,371.17047,0.001113184276854782
E01002929,152.52561,37.53892,27.93174,29.691919999999993,95.16257999999998,0.010564597362913673,16.59512,21.59894,19.16897,57.363029999999995,0.016737234061073452
E01002930,1981.78954,547.78365,469.95013000000006,257.31558,1275.04936,0.000513620985958735,266.27109,273.21797000000004,167.25112000000001,706.7401799999997,0.0007065762947634952
E01002931,2916.17295,459.1722300000001,462.63104000000004,332.79945999999995,1254.6027300000003,0.0002192324116079326,598.08166,617.1988600000001,446.2897,1661.57022,0.00018250514926846403
E01002932,570.44057,88.74292000000001,122.07043999999999,68.60775999999998,279.4211200000001,0.0027832682168185737,108.38138000000002,103.98329000000001,78.65478000000002,291.0194499999999,0.0014621289604888508
E01002935,1253.55494,181.47674999999998,179.03593,119.91605000000001,480.4287299999999,0.0007844698135906861,279.16304,280.26525,213.69792,773.1262100000001,0.00043456658330045313
E01002938,286.90572,48.08623000000001,52.00384,24.605899999999995,124.69597,0.007702753610792143,61.346909999999994,68.54670000000002,32.31614,162.20974999999999,0.004432430696158038
E01002939,71.75704999999999,7.412400000000001,5.81897,4.382899999999999,17.614270000000005,0.06852647936794909,19.79865,18.47063,15.8735,54.142779999999995,0.017881672697433387
E01002940,709.06303,106.46112,94.03425999999999,60.587630000000004,261.08301,0.0028599805423844904,183.99996000000002,164.64618000000004,99.33387999999998,447.98002,0.001362258942798762
E01002941,1352.22826,178.03489,175.51072000000002,112.68578999999998,466.23140000000006,0.0014045451852421316,348.93369999999993,341.61177,195.45138999999998,885.9968599999999,0.0005495807551412941
E01002945,103.34298,0.6593600000000001,1.38497,0.10828,2.15261,0.44149477924386793,41.96103,36.50633,22.723009999999995,101.19036999999999,0.00705245193608246
E01002946,413.74875,52.02246999999999,62.37418,43.882039999999996,158.27868999999995,0.007770687817057073,91.25151,111.95997,52.258579999999995,255.47006,0.0027772716503748126
E01002947,326.94158,47.05416,42.421369999999996,31.17389,120.64942000000002,0.005752778578004606,80.66279999999999,71.16308,54.466280000000005,206.29216,0.002146468281931806
E01002948,683.2048,103.69796,126.42453,81.61447,311.73695999999995,0.0021610413352393643,152.72089999999997,143.16591,75.58103,371.46783999999997,0.0015959889438283486
E01002949,469.60543,69.07073,54.79368999999999,51.95676,175.82118,0.005008134514565967,106.17162000000002,107.87277000000002,79.73986000000004,293.78425,0.0018450352614701134
E01002950,167.80518,19.09968,12.402129999999998,13.99527,45.49708,0.02624643080987181,51.13905999999999,43.76971,27.399329999999996,122.3081,0.005082696042748177
E01002951,290.68576,42.30456999999999,38.33941,27.869080000000004,108.51306,0.006562429269146354,72.59032999999998,63.74734,45.835029999999996,182.17269999999996,0.0030373120848816793
E01002952,380.18296,79.82249999999999,73.22538000000002,42.48654,195.53441999999998,0.0052935824468297804,79.03031,63.47395,42.14428,184.64853999999994,0.0035422858876764506
E01002953,493.49112,93.14981,79.43652999999999,51.97854000000002,224.56488000000002,0.004924497353690332,118.10591,86.63734000000001,64.18299,268.92623999999995,0.0020899886982793303
E01002954,3648.63375,635.9887299999998,557.4703,430.08551000000006,1623.5445399999994,0.0004198821863310448,779.48318,716.4655,529.1405299999999,2025.089209999999,0.00014419812671497662
E01002955,804.69034,108.60811999999999,119.45032000000002,92.88664999999999,320.94508999999994,0.0031188996838818726,197.65050000000002,165.56856,120.52619000000001,483.74525,0.0009022379161281718
E01002956,797.71879,152.36346,103.01358,67.80537999999999,323.1824199999999,0.0030690114736235817,173.70475000000002,155.21159999999995,145.62002000000004,474.53637000000003,0.0012290781888685855
E01002957,538.0702,50.18687,53.37101,38.403890000000004,141.96177000000003,0.005236083817854184,149.14835,145.01528000000002,101.9448,396.10843,0.0013496649964934364
E01002959,180.57484,23.955679999999997,28.84149,15.299789999999998,68.09695999999998,0.014094527329202985,45.283240000000006,39.51416999999999,27.68047,112.47787999999998,0.005669469200819497
E01002960,500.63783,67.12202,67.27273000000001,36.976760000000006,171.37150999999994,0.004547804200538002,126.96831000000002,126.91454000000002,75.38347,329.26632000000006,0.0016035572198180807
E01002961,332.07518,48.728649999999995,37.449569999999994,28.14079,114.31900999999999,0.010296288176173538,92.65129,83.29553999999999,41.809339999999985,217.75617,0.0030633953485690608
E01002963,101.63101999999999,27.089979999999997,24.918309999999998,18.28244,70.29073000000001,0.010122506626591414,16.847700000000003,5.833310000000001,8.65928,31.34029,0.035391630371252515
E01002964,3826.71502,105.45003000000001,106.27656999999998,67.18961,278.9162100000001,0.0028022745217505377,1202.5843599999998,1373.33938,971.8750699999999,3547.798809999999,0.0001417955998719465
E01002965,1872.84261,520.11228,251.97571000000002,192.68988,964.7778700000001,0.0009474125557978653,395.18067999999994,287.8459099999999,225.03815000000003,908.0647399999998,0.000578999005415686
E01002966,365.55212,52.36092000000001,54.729180000000014,32.67235,139.76245000000003,0.005773030061479289,92.83805000000001,82.53079,50.42083,225.78967,0.0030371131882246678
E01002967,554.62845,135.49286,74.60911,55.40898000000001,265.51095,0.0029638940035058205,137.60578999999998,89.64175999999999,61.86995,289.11750000000006,0.002244982973468064
E01002968,26797.58496,5935.989730000001,6694.27091,3896.736499999999,16526.997140000003,2.3876704988361783e-05,3783.25371,3900.14892,2587.1851899999997,10270.587819999999,2.854982439586711e-05
E01002969,656.36874,66.81527,68.97160000000001,49.88229,185.66915999999998,0.003084840574917194,171.54956000000004,186.424,112.72601999999999,470.6995800000001,0.0010732476602208327
E01002970,523.13797,89.3474,68.42335999999999,59.64256999999999,217.41333,0.0032558917214840725,125.55279,102.26675999999998,77.90509000000002,305.7246400000001,0.0017431575940879845
E01002971,563.61999,166.72467,135.16204,88.82741999999999,390.71413,0.0011083382962204984,78.54086999999998,67.39097000000001,26.97402,172.90585999999996,0.004858489007228917
E01002972,687.82911,133.421,117.36813000000001,114.07241,364.86154000000005,0.0010373243316990743,121.73522999999999,111.63562999999999,89.59670999999999,322.96757000000014,0.001175892860330223
E01002973,949.24398,94.29117000000001,92.32249000000002,70.75297,257.36663,0.0027540301493211403,269.45804000000004,256.50602,165.91329,691.87735,0.0004520925294838707
E01002974,1587.97257,247.48846999999998,260.03866999999997,129.98573,637.5128699999998,0.0011345494591296838,364.34652,353.60135999999994,232.51182,950.4597,0.000513746848840932
E01002975,703.67733,96.91973,84.64687,44.686189999999996,226.25279,0.004908457719244084,204.5611,176.80725,96.05619000000002,477.42454000000004,0.0016477404029217814
E01002978,2029.51931,315.46811,313.02880999999996,200.06284000000002,828.5597599999999,0.0005712772084334852,481.67679000000004,447.54488,271.73788,1200.95955,0.00040769555101754086
E01002981,117.99221,20.701349999999998,11.22683,15.56803,47.496210000000005,0.025514350266247987,29.44654,23.45703,17.59243,70.496,0.010640319089224368
E01002982,708.22091,107.45704,122.38460999999998,64.04816999999998,293.88982,0.0026243621511022807,174.04631999999998,128.52515000000002,111.75962000000001,414.33109,0.0010462666502096438
E01002983,230.40693,40.85922999999999,21.883,26.567600000000006,89.30983,0.012164267687225967,56.78897999999999,46.90269,37.40542999999999,141.09709999999995,0.0038517574013616114
E01002984,5030.55597,868.5096100000001,855.2679799999999,687.4845300000001,2411.262120000001,0.00010798248232909795,962.8555400000001,942.01378,714.42453,2619.293850000001,0.00013585081970530891
E01002987,7326.63688,1703.9810199999997,1761.4180600000002,895.4387200000001,4360.8378,0.00013919562811917755,1069.7076599999998,1248.99587,647.0955499999999,2965.79908,0.0001790020848907737
E01002988,225.19674,63.14057,37.29617,26.732519999999997,127.16925999999998,0.0072018111279160005,40.72997,37.13995,20.15756,98.02748,0.012083055240908554
E01002990,684.2585,97.27306999999999,110.41152,76.8089,284.49349,0.0018447445498343156,140.20702,157.64510000000004,101.91289000000002,399.76500999999985,0.001306814920368714
E01002991,105.31877,17.390359999999998,23.4728,3.8598999999999997,44.72306,0.03439004138525636,29.251120000000004,21.04956,10.295029999999999,60.59571,0.01696138418065063
E01002993,820.42907,272.32553,147.41541,92.25632999999999,511.9972700000001,0.0018662782325341732,145.39343,92.38823000000001,70.65014000000001,308.4317999999999,0.003110855015275914
E01002994,605.66909,61.06583,66.57694,42.34832,169.99108999999999,0.004957725129150992,186.02926,153.47421000000003,96.17452999999999,435.6779999999999,0.0013232376249905646
E01002995,672.13657,116.62134999999998,74.93618,53.545849999999994,245.10338,0.005207835299253298,193.27515999999997,148.97090999999998,84.78712,427.0331900000001,0.0015637356544379879
E01002996,1363.26691,189.81084,192.14863000000003,110.59486,492.5543300000001,0.001458385749255065,388.53783999999996,318.31789,163.85685,870.7125799999998,0.0007579367169785678
E01002997,350.45802,50.376729999999995,50.15021,24.45321,124.98015,0.008033397360464998,108.57427,82.87559,34.02801,225.47786999999997,0.004088478370721514
E01002998,275.51255,31.186829999999997,21.0289,12.918389999999997,65.13411999999998,0.01671928621611947,88.24307,72.02498000000001,50.11038,210.37843,0.003389758243659091
E01002999,943.09416,152.07993000000002,150.77765000000002,86.06253999999998,388.92012,0.0014103547085992747,208.37938,223.52265,122.27201,554.17404,0.0007845345207262174
E01003000,397.13750999999996,94.61571,66.7894,38.757780000000004,200.16289000000003,0.005549252450060937,88.48365999999999,65.15211000000001,43.338849999999994,196.97462,0.0030928973128181384
E01003001,706.80875,183.83224,146.03364000000002,117.91746,447.78334,0.0012712518729542824,93.2296,97.00684000000001,68.78897,259.02541,0.0020878347123406693
E01003002,1150.4568,155.24015000000003,141.87626999999998,103.61581,400.7322300000001,0.0019195802477087718,329.90880999999996,247.89339000000004,171.92237,749.7245700000001,0.0006416840796089713
E01003005,206.39508,40.446470000000005,26.26404,27.44256,94.15307,0.023113671387492637,40.501470000000005,43.748369999999994,27.99217,112.24200999999998,0.012154738105577472
E01003006,830.11968,105.3675,109.74129,69.90143,285.01022000000006,0.0033711975119417184,233.76945999999998,198.58674000000002,112.75325999999998,545.10946,0.0013429799940058937
E01003007,105.05556,9.965180000000002,11.68819,3.36206,25.015430000000002,0.058249995370195574,33.89215,28.71295,17.43503,80.04013,0.008958544052008919
E01003008,213.34472,32.19994,30.855529999999998,18.174439999999997,81.22991000000003,0.012629625068145385,64.48213,44.20584,23.42684,132.11481,0.007648529519254736
E01003009,397.97603,49.30977000000001,54.790769999999995,20.834919999999993,124.93546,0.01042960671978623,120.00757,103.90905,49.12395000000001,273.04056999999995,0.0028387462923520593
E01003010,570.87241,94.31598000000001,67.14514000000001,27.584619999999994,189.04574000000002,0.006603692974232067,183.96034000000003,134.18943000000002,63.6769,381.8266700000001,0.002192136176998688
E01003011,304.65181,37.49048,47.07665,19.33435,103.90148,0.01114031604562125,70.77230999999999,80.41177000000002,49.56625,200.75032999999996,0.003329282959798229
E01003013,14853.96661,3160.7336499999997,2984.28364,2698.64167,8843.658959999997,4.881095683418853e-05,2104.72939,2016.1977599999996,1889.3804999999998,6010.307650000002,7.764833811258701e-05
E01003014,4761.60539,987.8717599999999,830.42652,648.2325999999999,2466.5308799999993,0.0001208935454398521,838.2083399999999,811.3806,645.4855699999999,2295.0745099999995,0.00016292329299807105
E01003016,581.77022,78.42458,114.75446999999997,72.08199,265.2610399999999,0.00328225995519577,92.89684,118.96205000000002,104.65029000000001,316.50918000000013,0.002956000571056789
E01003018,4211.13571,649.3654100000002,659.0669100000002,495.08672,1803.5190400000001,0.00018295460553866666,982.69949,826.5413,598.3758799999998,2407.61667,0.00019470536532719665
E01003019,1314.00033,181.67836999999997,158.28697,120.03223,459.9975699999999,0.0012187340044947253,366.79314,277.63194000000004,209.57768000000002,854.00276,0.0005972955821774355
E01003020,9164.99292,1560.4378499999998,1626.78656,1131.8042,4319.028609999999,0.00016108430977984731,1734.1772999999996,1797.29125,1314.49576,4845.964309999999,0.00012221349988897844
E01003023,3837.6749,497.5573299999999,478.62870999999996,384.22609000000006,1360.41213,0.0005493673493815093,1043.18715,806.1060900000001,627.9695299999998,2477.2627700000003,0.00016826795865765342
E01003024,6164.65343,825.2886599999999,864.16052,629.23309,2318.68227,0.00023870497469498635,1555.8311199999998,1284.26453,1005.87551,3845.97116,0.00012429442226888495
E01003026,390.2203,89.43218999999999,92.36081,50.802699999999994,232.59569999999988,0.003183229369279769,60.817849999999986,61.71201,35.094739999999994,157.6246,0.004704628015182092
E01003030,825.79307,171.13369,160.3338,98.56192999999999,430.0294199999999,0.0011882985240252407,155.07117,143.82523999999998,96.86724000000001,395.7636499999999,0.0009469856627953021
E01003031,244.47579,44.71485,35.66026,22.198080000000004,102.57318999999997,0.009990859944953629,58.58980999999999,43.14995999999999,40.16282999999999,141.9026,0.0044723480132860885
E01003032,16943.78761,3657.0278699999994,3373.77057,2415.461,9446.259439999998,4.8061283555098306e-05,2624.86372,3049.1255600000004,1823.53889,7497.5281700000005,4.5772090555833795e-05
E01003034,1276.00684,183.5477,163.41595999999998,143.86520000000002,490.82885999999996,0.000833711835257856,330.58757999999995,249.55872,205.03168,785.1779800000002,0.0006019959257008074
E01003035,413.72242,107.59013999999999,90.07421000000002,64.74747,262.41182000000003,0.0022242961598271742,53.70677,62.079409999999996,35.52442,151.31059999999994,0.0034336554676528217
E01003037,3213.2667500000002,444.17471,493.2208499999999,315.2149800000001,1252.6105400000001,0.0003078948486910496,795.8053500000001,673.2568699999999,491.5939900000001,1960.6562099999999,0.00016122594370555085
E01003039,885.22376,127.47967,115.56612000000001,86.88514,329.93093,0.0017585028628453862,184.80693000000002,251.20661,119.27929000000002,555.2928300000002,0.0011976853939176942
E01003040,491.82401,99.85157,95.5423,73.90433,269.29820000000007,0.0024025139668529486,82.16903,94.23695000000001,46.11982999999999,222.52581,0.003058883291957741
E01003041,1534.7385,358.04359999999997,353.08358,208.63712999999998,919.76431,0.0005900644424189259,238.13063000000002,265.81604000000004,111.02752,614.9741899999998,0.0010767774649655087
E01003042,1437.49983,170.03319,181.0271,101.10996999999998,452.1702599999999,0.0012747402324721018,403.38658000000004,341.49562999999995,240.44736,985.3295700000002,0.0003566097923209607
E01003043,82.06331,12.908939999999998,17.32475,5.77023,36.00392,0.03131006701680878,19.42166,15.28303,11.354700000000001,46.05938999999999,0.0232082758304331
E01003044,187.9938,25.02851,34.53004,18.88046,78.43901,0.01421766912489892,42.39085000000001,37.402789999999996,29.761149999999997,109.55479000000003,0.005208973584145669
E01003046,173.47895,15.522239999999996,17.94879,16.17606,49.64709,0.022464808213362997,49.44036,49.70711000000001,24.68439,123.83186,0.0071725065274672855
E01003047,56297.0055,13399.437740000001,11540.88338,9143.715230000002,34084.03635000001,1.2560883054422338e-05,7922.110170000001,8315.57056,5975.28842,22212.969149999997,1.2861854277826292e-05
E01003048,128.52339,16.6982,21.263689999999997,13.4107,51.372589999999995,0.01992439092562073,30.209519999999998,28.643729999999998,18.29755,77.1508,0.009629259241933922
E01003051,1949.3688399999999,365.89754999999997,358.80180999999993,270.44930999999997,995.1486699999999,0.0003713934346898794,369.41198,314.94543000000004,269.86276,954.2201699999999,0.00033665252191927944
E01003052,191.99636,40.4863,41.60340000000001,27.675399999999996,109.7651,0.008617494651370787,35.59702,28.68153,17.95271,82.23125999999999,0.01173950724976469
E01003053,745.8116,131.40107999999998,147.57326000000006,102.79878,381.77311999999995,0.001361485044213954,146.5155,120.07018000000002,97.4528,364.0384799999999,0.0012507656434910977
E01003054,1281.00853,217.85657000000003,238.42399,186.44948000000002,642.73004,0.0007126298393659255,243.42679000000004,236.99586000000002,157.85584,638.2784899999999,0.0006936498535916949
E01003057,3718.36933,577.8217099999999,590.7094200000001,411.40036999999995,1579.9315000000001,0.0001479029231934132,775.7774,786.3178900000001,576.3425399999999,2138.4378300000003,0.00013603044278405469
E01003060,1197.46076,192.54378999999994,196.99139000000005,171.71593000000001,561.2511099999999,0.0017019600132238324,269.6689399999999,201.35007000000002,165.19064,636.20965,0.0007412886829469367
E01003061,10297.21147,2018.5784099999998,1903.5052600000006,1459.7308499999997,5381.81452,8.693464076161964e-05,1848.6980399999998,1761.5317099999997,1305.1672,4915.396949999999,6.537148977252727e-05
E01003062,1879.48143,628.01617,639.11215,555.7092,1822.8375200000003,0.00017704509872631827,20.458019999999998,23.76319,12.4227,56.64391,0.01516161029148315
E01003064,202.54804,45.792739999999995,44.39605,27.205260000000003,117.39405000000001,0.008334085398590823,34.99399000000001,26.066569999999995,24.093430000000005,85.15399000000001,0.00961103604895064
E01003067,805.07249,100.02232999999998,85.81669999999998,64.077,249.91603,0.0030077010448920634,231.19234,181.42310999999998,142.54101,555.1564599999999,0.0008625908531279239
E01003068,243.49159,40.27951,29.949119999999997,32.03537,102.264,0.01089042614188557,53.62716,47.41123,40.1892,141.22759,0.004911950487029859
E01003069,998.07056,135.41096,116.46997999999999,105.28936,357.1703,0.001982441465901667,263.95696999999996,214.81972000000002,162.12357,640.90026,0.0006119121230567263
E01003072,994.25095,156.96401000000003,141.62321000000003,86.63839,385.2256100000001,0.002112703020030157,244.15759,212.65034999999997,152.21740000000003,609.02534,0.0006995081787881347
E01003074,7813.30054,1470.2033499999998,1461.1895200000004,999.3815699999999,3930.7744399999997,0.00010769040104178487,1468.2710699999993,1397.91089,1016.3441399999998,3882.5261,8.531845750456215e-05
E01003076,9022.64035,2062.38329,1585.5373100000004,1325.6569699999998,4973.577570000001,0.00013052423680028915,1577.47255,1339.47268,1132.11755,4049.06278,8.170390261677118e-05
E01003077,3061.1727,472.36722,463.22301999999996,362.20835,1297.7985899999999,0.00037841044338145246,682.1844000000002,621.4772700000001,459.71244,1763.3741100000002,0.00028422849688711715
E01003078,124.16328999999999,20.10329,24.520899999999994,12.6159,57.24008999999999,0.017560474381800077,25.71821,21.03938,20.165609999999997,66.9232,0.012737712485568459
E01003079,598.73858,28.897779999999997,15.629439999999999,15.69765,60.224869999999996,0.016724571854054324,243.43339999999995,150.60880000000006,144.47150999999997,538.51371,0.0011528994262538597
E01003081,6078.10059,1009.2282399999999,797.8590200000001,747.5982099999999,2554.6854700000004,0.00018717468420035059,1483.6245099999999,1079.90876,959.88185,3523.4151200000006,9.778303187218897e-05
E01003082,353.82535,61.82381,64.68272,48.911429999999996,175.41795999999997,0.004157450715214658,81.4834,58.435349999999985,38.48864,178.40739,0.0031112123834214113
E01003083,714.37125,71.55839000000002,56.16659,57.9301,185.65507999999997,0.005656257143460513,215.44536,170.98417000000006,142.28664,528.71617,0.0010748134393130009
E01003084,289.01367,64.76366000000002,59.704890000000006,84.08783000000003,208.55638,0.0054819823173928636,28.34317,25.486620000000002,26.6275,80.45729000000001,0.00844605408523882
E01003085,51.452369999999995,10.34274,10.14135,6.62613,27.110219999999995,0.07058057857426586,9.53261,7.172989999999999,7.63655,24.34215,0.04882103056184482
E01003086,343.10087,42.963649999999994,38.55826999999999,36.76077,118.28269,0.007276910245661948,88.59976,78.87433000000001,57.34409000000001,224.81818,0.0017736902363042605
E01003087,2878.5227,393.7097999999999,385.27241999999995,289.54473,1068.52695,0.0004689076636178401,737.3197999999999,630.1857200000001,442.49023,1809.9957500000003,0.0001805447930176697
E01003089,4063.1861,561.6793700000001,572.8779999999999,410.38945000000007,1544.94682,0.00031782200603150943,1003.22907,835.2914000000001,679.71881,2518.23928,0.00013702866046256135
E01003090,2227.05211,361.59847,413.15743,313.08756000000005,1087.84346,0.000463172083885033,399.51529000000005,451.47285,288.22051,1139.2086499999998,0.0002836292343317867
E01003091,384.28985,59.171710000000004,67.10690000000001,43.78312000000001,170.06173000000004,0.003507645228228228,82.12123,72.06419999999999,60.04268999999999,214.22812,0.0034891693599857464
E01003096,1904.17915,333.07278,335.94910999999996,279.99818999999997,949.0200799999999,0.0004232227905872283,363.75878000000006,336.6494499999999,254.75083999999998,955.1590700000002,0.00040365602843675454
E01003097,661.0788,92.68557,94.99785,67.27373,254.95714999999996,0.0032146975025564,174.13928,132.72678000000002,99.25559,406.12165000000005,0.0011757137332508356
E01003099,8030.94873,1435.1569699999998,1353.4547699999996,1087.95302,3876.5647600000007,6.750332592292104e-05,1502.94348,1577.0255,1074.41499,4154.383969999999,4.803774139688173e-05
E01003100,1066.3045299999999,174.96276,164.79789999999997,121.77214000000002,461.53279999999995,0.001177312077869939,242.36304,212.41125,149.99744,604.77173,0.0006169103057393876
E01003101,2578.80593,422.72709999999995,378.96171999999996,267.25300000000004,1068.94182,0.00045324637203398004,636.60766,523.13495,350.1215000000001,1509.86411,0.00034035510550308834
E01003102,23398.83395,4402.94037,4145.741,3442.9674999999997,11991.64887,3.145141237647828e-05,4215.19543,4213.22155,2978.7680999999993,11407.185080000001,1.9420614435399722e-05
E01003104,1149.01167,156.32441,162.06821000000002,138.03708,456.42969999999997,0.0021281981091915356,251.17379000000003,232.8286,208.57958,692.5819700000001,0.000900158037931718
E01003105,108.8952,18.56326,15.908250000000004,14.230129999999999,48.70164,0.027008393525839784,22.84027,21.83049,15.5228,60.193560000000005,0.016495759503488954
E01003106,1966.03943,297.02548999999993,265.72255,221.81408000000002,784.5621199999997,0.0006203501541209378,462.69590000000005,395.71470000000005,323.06671000000006,1181.4773099999998,0.00034869092926915167
E01003107,187.56071,22.13681,23.877499999999998,13.10367,59.11798000000001,0.016587676085774057,54.94027,46.645779999999995,26.85668,128.44273,0.005115762161091095
E01003108,2327.07442,380.96532,374.29478000000006,283.24550999999997,1038.50561,0.0004743891192806498,487.96513000000004,475.44914,325.15454,1288.56881,0.0002924773063556843
E01003110,1068.63658,172.30704,211.01958000000005,116.00878,499.3354000000001,0.0015258216778013891,239.56179000000003,188.18120000000002,141.55819,569.30118,0.0005727105394633444
E01003112,353.49757,78.95228,60.22696,47.0703,186.24954000000002,0.0042271045372388565,66.18196999999999,55.346320000000006,45.71974,167.24803,0.003915514109745092
E01003115,939.33094,158.22984000000002,149.12653999999998,116.98991000000001,424.34629,0.00100853465934145,194.66441000000003,178.76008000000002,141.56016,514.9846500000001,0.0007535029809962463
E01003116,67.28386,9.422899999999998,7.147819999999999,2.754,19.324719999999996,0.07203526671838817,21.13075,19.29056,7.53783,47.95913999999999,0.024448973031897997
E01003117,8274.88496,1323.73519,1371.5693600000002,1049.3059700000001,3744.6105199999993,5.797004552602096e-05,1794.9835299999997,1533.5158800000002,1201.7750299999996,4530.274439999998,8.277430631935896e-05
E01003118,7540.59209,1322.42562,1288.52141,975.6239600000001,3586.57099,7.095718174397595e-05,1541.3274900000001,1353.4257700000003,1059.2678399999998,3954.0210999999995,3.462917741237792e-05
E01003119,1752.68362,198.52714000000003,265.71515000000005,209.88905,674.1313400000001,0.0010603616489142497,465.12724999999983,346.5876,266.8374299999999,1078.55228,0.0005560098226646931
E01003120,14275.37594,2519.86516,2081.7252399999998,1905.5093800000004,6507.0997800000005,6.780001660703153e-05,3061.70415,2529.9277500000003,2176.64426,7768.2761599999985,4.269820237921525e-05
E01003121,2034.27278,296.55490000000003,340.88604000000004,228.17802000000006,865.6189600000004,0.0006055338341298839,426.73879000000005,445.7731900000001,296.14184,1168.6538199999995,0.00034227717537277207
E01003125,880.11497,183.84806,216.75038000000004,120.01493999999998,520.61338,0.0013891428104605044,140.42123999999998,143.49424,75.58611,359.50158999999996,0.0014179044044315588
E01003126,2474.7216,452.31456,421.98295,336.80697999999995,1211.10449,0.00035416230591941815,492.39218,449.5402799999999,321.68465,1263.61711,0.0001862381368956912
E01003127,2996.75232,509.34108000000003,492.58123000000006,364.13256,1366.05487,0.00030053364626766543,584.0964999999999,645.1758600000001,401.42509,1630.6974500000001,0.00018780908369618295
E01003128,3226.9626200000002,483.84562999999997,462.78803000000005,342.14871999999997,1288.7823800000003,0.00037743568302573793,707.71228,713.34608,517.12188,1938.1802399999997,0.00014557438741789213
E01003131,7938.8115,1212.5239299999998,1156.7913400000002,854.09203,3223.4072999999994,0.00010480521494179561,1913.5767000000003,1582.8219399999996,1219.00556,4715.4042,7.019880130737424e-05
E01003133,58.144729999999996,10.06546,9.65426,4.72743,24.447149999999993,0.04281409497015961,15.285879999999999,9.28812,9.123579999999999,33.697579999999995,0.027358436830081555
E01003134,136.27259,21.737610000000004,19.590870000000002,16.216929999999998,57.54541,0.027847409420879324,30.17608,19.062820000000002,29.488280000000003,78.72718000000002,0.014184411959412693
E01003137,12544.5449,1832.0727699999998,1632.8310000000001,1462.68295,4927.586719999998,0.00014004419802617334,3032.83551,2487.6405799999998,2096.48209,7616.958180000002,5.375765236278573e-05
E01003139,1507.9144900000001,230.89864999999998,222.72359999999998,199.83149,653.4537400000002,0.0015496224860874147,332.98017,276.99347000000006,244.48711000000003,854.46075,0.0005606487883109224
E01003141,1309.93225,191.06122999999997,152.97490000000005,95.00267000000001,439.0388,0.001537998764206261,374.82928999999996,290.9630399999999,205.10111999999998,870.8934499999999,0.0004958338634833478
E01003144,1605.42733,225.69999000000004,232.71326000000002,143.0249,601.4381500000003,0.0006769373081684526,394.8897,359.35029,249.74919,1003.9891800000004,0.00039488152405102884
E01003145,1166.46534,260.0545,208.42287,147.82781,616.30518,0.0007402379923269016,218.4401,183.96859999999998,147.75145999999998,550.1601600000002,0.0009898104488297256
E01003146,1265.555,312.02502000000004,221.39967000000001,189.7678,723.1924899999998,0.0007632780250025177,212.51226,179.02514,150.82511,542.3625100000002,0.0006755571088479383
E01003147,1692.17812,245.11013000000005,233.35889999999998,208.58825000000004,687.0572800000001,0.000985841076814641,397.34520999999995,328.21165,279.56397999999996,1005.1208399999998,0.0004617263622394046
E01003148,50.984869999999994,6.72167,11.27657,5.057359999999999,23.0556,0.05866054995429542,12.92199,12.86396,2.14332,27.929270000000002,0.047369251567189394
E01003150,15094.68975,2798.3665599999995,2446.3030999999996,1736.2037400000002,6980.8733999999995,3.4622827224465354e-05,3121.7336999999998,2814.1564900000003,2177.92616,8113.816349999998,2.7776756909016773e-05
E01003151,138.358,15.209729999999997,13.40749,15.056439999999998,43.67366,0.03378061257976694,35.18429999999999,35.12721,24.37283,94.68434,0.006000495868878002
E01003152,453.97921,93.79343999999999,71.74142,68.77862000000002,234.31348,0.004400368446290994,97.20158,69.61668999999999,52.84746,219.66572999999997,0.002558281739427187
E01003153,1023.43571,226.04342000000003,183.95492000000002,150.61533999999997,560.6136800000002,0.0008460601511243185,177.38194,149.81826,135.62183000000002,462.82203000000004,0.0012920579900400483
E01003154,542.63623,74.76631,61.42876000000002,47.245470000000005,183.44054,0.008157280929482731,145.68319,121.10107,92.41142999999998,359.19569,0.001476082433825466
E01003156,235.65527,43.45939999999999,39.04422,21.04537,103.54898999999999,0.009567325905717282,50.44691999999999,51.57999999999999,30.07936,132.10628,0.00520670924183548
E01003158,51.80058,9.557169999999998,8.24994,4.38084,22.187949999999994,0.05734470917687796,11.135359999999997,11.18408,7.29319,29.612629999999996,0.029151612734838978
E01003159,1255.39239,140.38954,143.28975,104.65107,388.33036000000004,0.0019068844982062976,369.51164,279.56560999999994,217.98477999999997,867.0620299999999,0.0005681093645729138
E01003160,528.62932,87.22844999999998,73.82611,56.904349999999994,217.95891000000003,0.0038921542819600197,126.26923999999998,109.98552000000001,74.41565,310.67041,0.0018492676633279756
E01003162,3705.72456,500.31204999999994,453.60319999999996,401.90587,1355.8211200000003,0.0007393967706949149,965.3248100000002,773.1452600000001,611.4333700000002,2349.90344,0.00018340443638274154
E01003163,313.28559,51.86821,55.441269999999996,29.463219999999993,136.7727,0.008323889681575252,73.98753,63.056020000000004,39.46934000000001,176.51288999999997,0.003787785506267163
E01003164,6032.40228,973.62155,854.3325500000001,660.59137,2488.545469999999,9.501653219948919e-05,1432.8813699999998,1176.50656,934.4688800000002,3543.8568099999993,0.00010689004191926353
E01003165,743.53594,94.29703999999998,81.43823,63.61412,239.34938999999997,0.0026014584606186865,191.93718000000004,158.27980000000002,153.96957,504.18654999999995,0.0011369242757147818
E01003166,5658.60467,991.48721,890.8234000000001,737.3991900000001,2619.709799999999,0.00010550400160633158,1183.9032100000002,1030.6674400000002,824.32422,3038.8948699999996,9.57026269164972e-05
E01003167,289.36964,62.51533,48.315580000000004,35.33462,146.16553,0.005298282997216897,61.72816,51.43392,30.042029999999997,143.20411000000001,0.005061138748719622
E01003169,1945.32323,246.59628000000004,265.61146,200.85725000000002,713.0649900000002,0.0009950584743945467,514.3282200000001,419.0429499999999,298.88707,1232.2582400000001,0.00032825178384318524
E01003170,73.82177,10.99533,11.8473,6.31578,29.158410000000003,0.03846110502904419,17.63747,14.443389999999999,12.5825,44.663360000000004,0.015002881606033485
E01003172,3044.53498,352.83999,341.6323100000001,295.67407000000003,990.1463699999995,0.0007642198225466207,844.32642,696.2133600000002,513.8488299999999,2054.38861,0.0002258618595782416
E01003174,80.00528,23.381770000000003,21.22673,19.800169999999998,64.40867,0.01270399622144091,6.83117,4.5761899999999995,4.1892499999999995,15.596610000000002,0.07105022550966371
E01003175,162.91056,27.090349999999997,20.962220000000002,21.25357,69.30613999999998,0.01609268738410851,34.55941,37.46271,21.582299999999996,93.60441999999999,0.007479304674982188
E01003176,5324.4474,1063.8580100000001,1059.29912,774.2664300000001,2897.42356,0.00010783806920761693,914.2161499999999,898.66451,614.14318,2427.023840000001,0.0001314171850642482
E01003177,1521.84301,284.11002,284.37060999999994,191.67998999999998,760.1606200000002,0.0004864836461708252,293.31446,293.09323,175.2747,761.68239,0.0005867329446732827
E01003179,1218.78689,128.59369999999998,124.87109,111.10034999999998,364.56514000000004,0.00243640576890194,354.16937,284.52794,215.52443999999997,854.2217500000002,0.0006398111298115165
E01003180,1665.45505,208.78719999999996,178.95804,132.94979,520.69503,0.0009158202381388536,481.4734,369.15788,294.12874,1144.7600199999995,0.0004962532967889065
E01003181,1912.29169,313.8557,333.20390000000003,246.54728,893.6068799999998,0.0006578178926399465,427.71939,335.82577000000003,255.13965000000002,1018.6848099999997,0.00046754997591138257
E01003182,87.71197,8.6236,14.92249,11.693339999999997,35.23942999999999,0.031632006964242385,21.01319,22.13994,9.31941,52.47254,0.020430632793881787
E01003183,6762.52843,1189.24493,1027.08122,811.9838400000001,3028.309989999999,8.226560898270995e-05,1431.2182699999996,1326.1691899999998,976.8309800000002,3734.2184399999983,7.304052643266126e-05
E01003185,541.72754,120.85101999999999,132.09920999999997,105.44328999999998,358.3935199999999,0.0025841861060425606,69.35324000000001,54.586189999999995,59.39459,183.33402,0.002875084371686771
E01003186,5146.82175,780.5456700000001,846.9930100000003,622.68093,2250.2196100000006,0.00023178235400667536,1181.4878400000002,984.3619199999998,730.7523799999999,2896.6021400000013,0.0001393117838210503
E01003187,63.97869,8.34997,6.91159,8.66672,23.92828,0.058585043729862465,14.296830000000002,16.542839999999998,9.21074,40.05041,0.021891791929591693
E01003190,2191.68926,384.32448999999997,303.64495,217.0375,905.0069399999998,0.0005928068452244821,530.9928500000001,434.12721,321.56226000000004,1286.6823200000001,0.0003293173798320044
E01003191,327.30474,53.44217,45.66959000000001,35.00922,134.12098,0.006094271628163005,83.32207,75.10631,34.75538,193.1837600000001,0.004009046611601993
E01003192,519.04581,91.28329999999998,69.83605999999999,62.771409999999996,223.89076999999997,0.0048354481893959364,118.71837,98.77554,77.66113,295.15504,0.002043616736925797
E01003193,1464.49996,322.04864,299.65270000000004,106.12151,727.82285,0.0013814754813309665,311.1382899999999,288.32914,137.20968,736.6771099999997,0.0008937888378202254
E01003194,372.72736,63.275909999999996,49.45284,44.35576999999999,157.08451999999994,0.0054427720687725625,90.87772000000001,69.30003,55.46508999999999,215.64284,0.0027743328216518043
E01003195,399.73611999999997,46.81372,59.44575999999999,42.1053,148.36478000000002,0.006209150693331059,108.41779,95.99912,46.954429999999995,251.37133999999998,0.0027674449247730077
E01003198,226.58746,51.28426,31.0135,16.123160000000002,98.42092000000001,0.010619076769123655,57.933820000000004,36.362019999999994,33.8707,128.16654,0.005754543475502775
E01003199,2601.40055,506.63582999999994,516.07836,337.21750999999995,1359.9317,0.00036226791247781324,457.2646699999999,429.65557,354.5486099999999,1241.4688499999997,0.00026419207651301197
E01003200,1800.22382,323.35760000000005,379.84060999999997,243.71056,946.90877,0.0005314976514110785,301.03824,346.27515999999997,206.00165,853.3150499999999,0.0004354968459059658
E01003202,2896.2211,729.4931400000003,601.9853399999998,425.28614,1756.7646200000001,0.00026528925787093,428.52449,427.81183,283.12016,1139.4564800000003,0.00042642715230579596
E01003203,628.311,101.47429999999997,93.66033999999999,59.152010000000004,254.28664999999992,0.0032118360571091816,161.50475999999998,115.74794,96.77164999999998,374.02434999999997,0.00111640741610566
E01003207,441.44566,74.32320999999999,111.87334,80.92724999999999,267.1238000000001,0.002241917377300329,54.87677,67.82770999999998,51.61738,174.32186,0.0038361577512402755
E01003209,736.16156,90.74148,101.72774,60.64600999999999,253.1152299999999,0.001895198318905623,183.74192,175.9097,123.39471,483.04633,0.0010988159572869007
E01003210,2139.9385700000003,329.70094000000006,346.27461000000005,273.76338,949.7389300000001,0.0006350906439814314,444.59797,407.48642,338.11525,1190.1996400000003,0.0003045128296996246
E01003211,1017.5899999999999,197.77472,131.97813,92.27598,422.0288300000001,0.001675402305810742,260.32194999999996,164.93716999999998,170.30205,595.56117,0.000915496780234042
E01003212,491.68143,81.10070999999999,86.17571,61.18499,228.46141000000006,0.0027220289899631926,104.72712999999999,93.58852,64.90437,263.2200199999999,0.0018266726867234254
E01003213,149.77071,19.29816,22.57752,14.48181,56.357489999999984,0.015958087164556458,31.47731,34.79404000000001,27.141869999999997,93.41322000000001,0.0061698658860974
E01003214,2041.47396,361.01105,336.0340599999999,253.89519999999996,950.9403100000001,0.0005286775743124398,397.6929,391.24092,301.59983,1090.5336500000003,0.00042947668939760056
E01003215,902.79147,150.37018999999998,126.02841000000001,117.33504999999998,393.73365,0.002124281910243963,187.46013,179.42182,142.17586999999997,509.05782000000005,0.0008284083672638314
E01003217,1190.62201,164.46143999999998,156.60978,119.66884999999999,440.7400699999999,0.0017367085044185451,332.77685,245.49519999999998,171.60989,749.88194,0.0006454001688501209
E01003218,119.78893,17.840259999999997,13.78455,14.435239999999999,46.06005,0.0282333382222509,31.80525,26.976389999999995,14.94724,73.72888,0.010789255057113725
E01003219,121.52279999999999,16.92974,13.51086,17.771420000000003,48.212019999999995,0.022470079018084396,34.13456999999999,17.15919,22.017020000000002,73.31077999999998,0.012653613201812576
E01003220,888.7050399999999,107.34334999999996,101.47449000000002,74.10798999999999,282.92582999999996,0.003298878697589988,263.0983499999999,200.41189000000003,142.26897,605.7792099999999,0.0007969910191688748
E01003221,2906.276,445.96657,415.3118400000001,372.35378999999995,1233.6321999999996,0.0004313189160338811,672.81953,560.0056000000002,439.81867,1672.6438,0.0001368148687587614
E01003223,3062.7654,439.80236999999994,398.12728,333.74721,1171.6768599999996,0.0002750910234036717,701.3729099999999,665.3547499999999,524.3608800000001,1891.0885399999997,0.00020705457313448944
E01003224,1029.07054,124.16399000000001,104.38762,93.41227,321.96388,0.002370693429237661,285.15202999999997,234.31945000000002,187.63518000000005,707.10666,0.0005198116823092538
E01003226,1242.26668,266.95622,246.96525,167.63493,681.5564000000002,0.0004888536334896125,221.35988000000003,200.78177,138.56863000000004,560.7102799999999,0.0007780995469894007
E01003227,1110.93507,116.67369,114.40909,87.34236000000001,318.42513999999994,0.0014637271955622417,307.6845800000001,281.13928000000004,203.68607,792.5099300000004,0.0006077174597941893
E01003229,2436.81658,404.39735,351.92301,290.2546,1046.57496,0.00048752995997319924,562.0697800000002,468.78224,359.3896,1390.2416200000005,0.0002322384879597045
E01003231,1668.80411,276.14586,281.31194000000005,203.97038,761.4281799999999,0.0004902303621316408,363.3497000000001,311.7639700000001,232.26225999999997,907.3759300000002,0.0004359438379141862
E01003232,862.2135,145.75598000000002,147.94303,99.69569,393.39470000000006,0.001445848462849899,179.22838000000004,162.779,126.81141999999998,468.81880000000007,0.0006199401185858167
E01003233,258.87868,32.83586,26.186800000000005,21.198620000000002,80.22128,0.01170912990862879,70.72759,65.54754,42.38227,178.65739999999997,0.0030933500074142102
E01003235,212.16445,24.370140000000003,31.986869999999993,24.437070000000002,80.79408,0.014151503734084145,50.85292,48.24752,32.26993,131.37036999999995,0.0041056523140342634
E01003236,118.52877,18.98987,16.744320000000002,12.30417,48.03835999999998,0.017814086308257544,31.68887,19.990889999999997,18.810650000000003,70.49040999999998,0.012417426077699585
E01003237,1334.72132,178.76224999999997,152.78187000000003,138.61306,470.1571799999999,0.002499265998646162,348.79757000000006,283.04311,232.72346000000002,864.5641400000002,0.0004515284949272607
E01003238,642.38241,100.97525999999999,78.85328000000001,70.12021999999999,249.94875999999994,0.0038625283948005604,166.32388,130.17087,95.93889999999999,392.43365,0.0012086402007011258
E01003239,260.38875,39.970800000000004,42.589740000000006,37.134570000000004,119.69511,0.007882723647652003,65.42647999999998,42.40746,32.8597,140.69363999999996,0.00536050591677792
E01003240,1839.39818,249.15865000000002,227.40338999999994,173.99858,650.56062,0.0006866434869937422,484.6866,401.93573999999995,302.21522,1188.8375600000002,0.00027651917226123807
E01003241,3126.74953,444.22430999999995,405.47407000000004,332.85200999999995,1182.55039,0.0004942024875082293,772.3826000000001,676.2459200000001,495.57061999999996,1944.19914,0.00014383644617706616
E01003243,2135.10994,375.97936,355.84401,296.98086,1028.8042300000002,0.0005778428050573662,441.06859000000003,395.4675,269.76962,1106.30571,0.00021005672694753258
E01003244,520.50514,55.642039999999994,62.966719999999995,51.191030000000005,169.79979000000006,0.006557637633095076,139.95959000000005,115.96576,94.77999999999997,350.70535,0.0017179840824975033
E01003245,121.84899,20.77348,18.06805,11.65888,50.500409999999995,0.019056605509389247,27.46091,26.0806,17.807070000000003,71.34857999999997,0.011967726518195937
E01003247,614.65206,104.69167000000002,98.09859000000002,83.91978999999999,286.71005,0.003091876272216818,117.51218,123.69272000000002,86.73711000000002,327.94201000000004,0.001610940065243921
E01003248,2853.96375,326.7274,345.97548999999987,272.54186,945.2447499999998,0.0009438916828927633,766.59772,644.56326,497.55802000000006,1908.7189999999998,0.00020289219448780898
E01003249,207.47819,23.33101999999999,30.119819999999997,15.118369999999999,68.56920999999997,0.01489213132060471,54.43442000000001,50.33374,34.140820000000005,138.90897999999999,0.0042296166921580065
E01003251,1762.72866,261.49815000000007,294.90511999999995,246.88909000000004,803.2923600000001,0.0009622946591510443,356.80910000000017,322.14410999999996,280.4830900000001,959.4363000000003,0.0005950049743840656
E01003253,2384.90636,339.62372,407.65662,280.3659,1027.64624,0.000405514937810015,475.09071,487.4110199999999,394.75839,1357.2601200000001,0.0004058111972904423
E01003254,163.55603,18.219440000000002,15.98068,10.66677,44.86689000000001,0.016525880375620663,47.55975999999999,40.1676,30.96178,118.68913999999998,0.0058431724241394326
E01003255,5555.37193,1008.74648,911.0082499999999,584.0167100000001,2503.77144,0.00010767984161227288,1173.47674,1109.01618,769.1075700000001,3051.6004899999994,9.285392334234697e-05
E01003256,1130.39962,229.87371,171.08138,141.01196000000002,541.96705,0.0006380510532654313,219.96728000000002,202.23667999999998,166.22861,588.4325699999998,0.0008619535508667085
E01003257,1296.27638,168.70230000000004,169.22681,121.23115999999999,459.16026999999997,0.0010026150144587197,323.55607999999995,299.7874700000001,213.77256,837.1161099999998,0.00047627450620361803
E01003258,601.12384,68.79957999999999,64.24336,50.814539999999994,183.85747999999998,0.005133994718864658,175.70494000000002,148.12517,93.43625,417.2663600000001,0.0013594232472229893
E01003259,1014.04335,144.35903000000002,133.10327,109.40945000000002,386.87174999999996,0.0017022771477283398,251.41271,220.21805999999998,155.54083,627.1715999999999,0.0005978619214473703
E01003260,125.82804,18.943039999999996,15.16082,13.20796,47.31182,0.02833535159429339,33.96682,26.68007,17.869329999999994,78.51622,0.009169845441793676
E01003261,131.76674,16.64857,20.390429999999995,8.8202,45.8592,0.02649453284599449,30.20128,34.0901,21.61616,85.90754000000001,0.0068470884526943806
E01003263,1594.51138,424.17922,279.82194999999996,234.90941999999998,938.9105899999998,0.0005152004638049648,264.5171500000001,211.47743999999997,179.60620000000003,655.6007900000001,0.0006983472835246377
E01003264,692.68656,99.06718,73.34041999999998,86.70793999999998,259.11554,0.0035862761672849222,177.40328,162.51043,93.65731000000001,433.57101999999986,0.0009966331289864322
E01003265,4805.48506,1094.5050500000002,800.4357,576.14123,2471.0819800000004,0.00018589307623244474,900.12271,789.9578000000001,644.32257,2334.40308,0.0001265970749646548
E01003266,918.74263,102.61710000000001,87.35707999999997,88.77091999999999,278.7450999999999,0.00266713530744909,260.0487,221.67204,158.27678999999995,639.99753,0.0007812417151676054
E01003267,177.62189,14.32228,6.069799999999999,11.07047,31.46255,0.053120959075414156,68.78617,40.118140000000004,37.25503,146.15934000000001,0.005590097947815852
E01003268,801.67045,107.03397000000001,124.31926999999999,79.57887000000002,310.93210999999997,0.0027788875997143757,198.82713,178.07594,113.83527000000001,490.7383400000001,0.0010736732078577334
E01003269,82.36745,12.756529999999998,13.868099999999998,12.257090000000002,38.881719999999994,0.03005174663788024,16.700460000000003,15.240430000000002,11.544839999999999,43.48573000000001,0.017310607715857983
E01003270,115.578,18.380609999999997,15.66658,13.73031,47.7775,0.03211931680451302,27.837370000000004,24.99664,14.966489999999999,67.8005,0.014796229164793518
E01003272,1149.57173,166.03269000000003,188.83031,120.94215,475.80515000000014,0.0010154039951951687,255.96786,246.17521,171.62351,673.7665800000002,0.0006311622951270579
E01003273,116.99034999999999,12.302839999999998,14.043140000000001,10.693380000000001,37.039359999999995,0.02455380839340534,27.373869999999997,34.908910000000006,17.668209999999995,79.95098999999999,0.008649515820283702
E01003274,1076.79068,203.36733999999996,215.22107,152.20506,570.79347,0.0009498696297065018,204.26021000000003,169.59254,132.14445999999998,505.9972100000001,0.0010208215514210632
E01003276,517.3589,98.38858000000002,82.55794000000002,65.22446,246.17097999999996,0.002787541669122742,103.74130999999998,96.89363,70.55298,271.1879199999999,0.002109182371236492
E01003277,107.38794999999999,12.909059999999997,15.150830000000001,7.17865,35.23853999999999,0.029049850920967138,27.93,26.428709999999995,17.7907,72.14941,0.010079555258347332
E01003278,930.76755,128.01202999999998,140.6912,97.25629,365.95952,0.0011919551906768074,225.41347000000005,190.08640999999997,149.30815000000004,564.8080299999999,0.0007247545699406338
E01003279,210.05675,27.52046,30.851219999999998,24.39803,82.76971000000002,0.008771612612636408,38.84373,48.399,40.04431,127.28703999999999,0.007861152230881076
E01003280,1760.876,317.1791799999999,317.52187000000004,189.72808999999995,824.4291400000001,0.0006895291399524623,380.30541999999997,324.39513999999997,231.7463,936.4468599999999,0.00041683719716835454
E01003281,248.21057,47.822570000000006,37.02963,24.852920000000005,109.70512,0.010080017567965203,60.005199999999995,46.773390000000006,31.72686,138.50545,0.005087316204921862
E01003282,1158.19967,151.02510999999998,149.21983000000003,125.62313,425.86807,0.0012461778972548442,267.84705999999994,233.43807999999999,231.04646,732.3315999999998,0.0007336676015266664
E01003284,142.86648,23.595819999999996,29.816029999999998,22.43755,75.8494,0.011905999758788421,24.311139999999995,24.978629999999995,17.72731,67.01707999999999,0.011192935925622201
E01003285,288.71112,67.99228,53.38875000000001,40.58809000000001,161.96912000000003,0.004165250091642226,49.56138000000001,44.268370000000004,32.91224999999999,126.742,0.0050214915528891
E01003286,2697.25497,472.07680999999997,419.9767000000001,284.03589,1176.0893999999998,0.0003430636258616869,614.37474,512.1315599999999,394.65926999999994,1521.1655699999997,0.0001477355869121909
E01003288,3713.75871,744.6177200000002,736.21193,494.60297999999995,1975.4326299999998,0.00015082891997506833,657.2804000000001,619.97477,461.0709100000001,1738.3260799999994,0.00015107385653761508
E01003290,254.61643999999998,34.76079,22.76377,27.46228,84.98683999999999,0.008993049964107177,66.13351,57.57939999999999,45.916689999999996,169.62960000000004,0.0034303057867305265
E01003291,3042.50435,736.6434999999999,517.6463000000001,472.43954999999994,1726.7293499999996,0.0005344700468910224,508.25953000000004,416.4998,391.01567000000006,1315.7749999999999,0.000568285814051569
E01003292,799.5572999999999,110.65599,73.60112,70.91362000000001,255.17073000000005,0.0029161151767476304,230.12608000000003,171.90463000000003,142.35586,544.3865699999999,0.0010103024048312426
E01003295,332.89704,26.903489999999998,15.55387,27.96262,70.41998,0.023876088224198136,110.50068000000002,67.67657999999999,84.2998,262.47706000000005,0.003313361966041391
E01003298,306.66519,39.24878,39.381519999999995,32.456630000000004,111.08693,0.007722947304508937,75.72187000000001,74.13539999999999,45.72099,195.57826000000006,0.0033084321253437597
E01003299,709.41733,204.47681,210.42745,173.41045000000003,588.3147099999999,0.0017755336978725062,44.54489999999999,45.57409,30.98362999999999,121.10261999999997,0.003933018211105711
E01003300,104.11735,14.925219999999998,11.22802,6.69191,32.84515,0.03522845091330718,22.34033,31.336199999999998,17.595670000000002,71.27220000000003,0.013827544697194992
E01003301,491.17507,65.98831999999999,60.660529999999994,47.71522999999999,174.36408000000003,0.007266058577434733,121.20357000000001,123.02926000000002,72.57816,316.81099000000006,0.0018872027642397253
E01003302,616.2959099999999,173.53843999999998,164.65705,156.91355,495.10904000000005,0.002608332036690972,50.26402000000001,42.02110999999999,28.90174,121.18687000000001,0.0031360150995157314
E01003303,20529.21805,3786.027760000001,3532.35222,2866.2943300000006,10184.674310000002,4.2156574131458745e-05,3742.3903400000004,3711.6194799999994,2890.53392,10344.543740000001,3.8281978357687435e-05
E01003304,1354.28744,142.73933000000005,162.62098,120.43627,425.79657999999995,0.0010812995877989996,316.9455500000001,352.59628,258.94903,928.4908600000001,0.0005716935562773574
E01003305,3192.64747,257.99795,289.11743,228.03100999999998,775.1463899999999,0.0008241428697999523,998.13112,773.4530400000001,645.91692,2417.50108,0.00024195987235388388
E01003307,285.96394,51.8063,40.90861,33.51798,126.23289000000003,0.008749780661813714,67.98053,54.3135,37.43702,159.73104999999998,0.0035116528563998335
E01003308,1260.52498,171.6628,169.50661999999997,128.48209,469.65151000000003,0.0011860291630187896,322.02421000000004,272.77651000000003,196.07275,790.8734699999998,0.0005814001724443555
E01003309,310.81298,36.71199,40.289289999999994,30.900769999999998,107.90205,0.006078922844980049,76.62272999999999,72.42415,53.86404999999999,202.91092999999998,0.0027947283664981246
E01003310,840.84859,207.99812,174.22264,121.97317999999999,504.19393999999994,0.0009122500964532893,137.47906,122.65975999999998,76.51583000000001,336.6546500000001,0.0015032740814036548
E01003311,154.67866,21.820479999999996,14.526139999999998,12.22687,48.57348999999999,0.019752709988783795,43.85558999999999,35.25667,26.992909999999995,106.10516999999999,0.00659691741897901
E01003313,409.66963,56.349579999999996,49.07518000000001,44.619490000000006,150.04425,0.005400836845945516,99.06687,84.86021999999997,75.69829,259.62538,0.0022145689611949046
E01003318,22920.87033,4567.5956400000005,4040.45642,2947.9829799999998,11556.035040000002,1.5642808502728644e-05,4300.430699999999,3981.94483,3082.4597599999993,11364.835289999999,1.6333907841752885e-05
E01003319,727.92228,176.48473000000007,141.24988,86.61734,404.35194999999993,0.0017565861076898038,139.73226,101.06593000000001,82.77214000000001,323.57032999999996,0.001948148315256893
E01003320,286.12265,47.77098000000001,46.25374000000001,30.21617,124.24089,0.006729923067230799,61.748900000000006,61.18384,38.94902,161.88175999999999,0.0036009462235481477
E01003321,1450.63591,237.70623,248.99057,176.06804,662.7648399999999,0.001058832372819995,303.29608,277.8207,206.75429000000003,787.87107,0.00048620205719663656
E01003322,2852.09507,489.40112999999997,487.2484,437.46803,1414.1175600000001,0.0007393793224153358,498.83691,494.59818000000007,444.5424199999999,1437.9775099999997,0.0005740055789071421
E01003325,2966.06895,408.1441099999999,358.33205000000004,243.10523000000003,1009.5813899999998,0.000465863475917809,788.9534399999999,671.3609099999999,496.17321000000004,1956.48756,0.00015778047792705042
E01003326,152.63076,42.56622,33.10594,27.979079999999996,103.65124,0.010539085913340573,17.597550000000002,18.15144,13.230530000000002,48.97952,0.017426573674783515
E01003327,3645.76136,841.4605899999999,668.4268400000001,477.65277999999995,1987.5402100000003,0.00021996323581403537,653.54498,603.03794,401.63822999999996,1658.22115,0.0002360024079116962
E01003328,84.26266999999999,13.467189999999999,14.496049999999999,10.622069999999999,38.58530999999999,0.03588521895556437,15.14395,14.68042,15.85299,45.67736000000001,0.019637996490286438
E01003330,626.3518,71.60967999999998,84.39805999999999,51.71755999999999,207.72530000000003,0.003985446009592497,174.64209,145.38666,98.59775,418.62650000000014,0.001058093346012839
E01003331,378.05919,50.838699999999996,47.959599999999995,27.40815,126.20645000000002,0.007378937976600772,104.24385,95.91266000000002,51.69622999999999,251.85273999999995,0.002657199275974989
E01003332,342.47382,41.26491,39.933539999999994,33.07446,114.27291000000002,0.009188586394922508,104.41671,75.95541,47.82879,228.20091,0.0029913402372768547
E01003333,457.48935,76.22017,70.86495,48.79766,195.88278000000003,0.0035154140671875317,107.02450999999998,93.94641,60.635650000000005,261.60657,0.00242126530309539
E01003334,4525.47754,858.8229200000001,701.8219600000001,595.0717600000002,2155.7166399999996,0.00015615606915004502,949.63292,805.45621,614.67177,2369.7608999999998,0.00010469059453223773
E01003336,792.10452,95.52334999999998,101.09599,76.53956999999998,273.15891,0.003064671350459887,201.15875999999997,183.2064,134.58044999999998,518.9456100000001,0.0007822838048765093
E01003337,1102.15307,111.16581,111.78025000000001,86.16583999999999,309.1119,0.0024564314246403353,306.28218000000004,283.23354,203.52544999999995,793.0411699999999,0.0006511019274559377
E01003339,1161.37044,155.11388,173.71217,111.37768000000001,440.20372999999995,0.0012046706173031304,281.75905,262.2887400000001,177.11891999999995,721.1667099999999,0.0005733540608080992
E01003340,15839.19533,2673.7019099999998,2573.5537299999996,1923.0280699999998,7170.283709999999,6.121289223148265e-05,3215.79742,3096.28738,2356.82682,8668.91162,4.3526559105113664e-05
E01003342,972.0134499999999,104.70134,141.07483,72.99306999999999,318.7692399999999,0.002196992127687387,245.52563,252.86436999999992,154.85421,653.2442100000001,0.0006418950282524625
E01003344,300.5442,31.7581,28.365560000000002,22.920060000000003,83.04372,0.009303901399429474,86.34302999999998,80.50399,50.65345999999999,217.50047999999995,0.002839350595053511
E01003346,399.11578,50.579370000000004,36.120599999999996,40.46713,127.1671,0.00973939016717101,127.44231000000002,84.17363999999999,60.33272999999999,271.94867999999997,0.002704205067056059
E01003347,518.24738,58.280989999999996,55.40353,50.370309999999996,164.05482999999998,0.0062160375444816965,137.06814,126.37777,90.74663999999999,354.19255,0.0015147184961883347
E01003348,600.28756,74.41523,64.31733999999999,65.20037,203.93294,0.003211082040574407,141.83336000000003,147.42441999999997,107.09684,396.35462000000007,0.0012959363197148194
E01003350,190.61056,19.09379,16.801149999999996,17.83136,53.726299999999995,0.01951217299926706,58.38863,42.36123,36.1344,136.88426,0.005898312861963039
E01003351,620.074,78.11738,58.70997,67.74193,204.56928000000005,0.004189477020759733,176.25719,142.50032,96.74721,415.50471999999985,0.0013704532827959971
E01003352,165.22239,26.481100000000005,14.329429999999999,13.633109999999999,54.44364,0.021313008842695685,50.449160000000006,30.891149999999996,29.43844,110.77875,0.007409387152694608
E01003353,120.98948,9.22149,6.35409,9.25064,24.826220000000003,0.04411048118788724,37.368300000000005,28.0753,30.71966,96.16326000000001,0.010796604797947838
E01003354,265.21076999999997,46.67591,39.06407000000001,31.877569999999995,117.61754999999998,0.010346828870486107,59.55094999999999,48.195679999999996,39.84659,147.59322000000003,0.003700618967412318
E01003355,1789.2378899999999,373.03388000000007,297.13802,219.60556,889.7774600000001,0.0005057390867529381,336.15125,340.3497999999999,222.95937999999998,899.4604300000002,0.00038988123955501365
E01003356,584.69965,110.88663000000001,87.42917999999999,61.78577,260.10158,0.0027044936911860447,132.62543,110.23844,81.73419999999999,324.59807,0.003162974235588908
E01003358,2096.5267400000002,478.60367,522.9615500000002,331.0067399999999,1332.5719600000002,0.0004782787152955001,285.58290000000005,303.74154000000004,174.63034000000002,763.9547800000003,0.0008360840707756988
E01003359,3485.13236,714.40973,662.3024499999998,330.43966,1707.15184,0.00033552859986423975,750.8401,622.0054,405.13502000000005,1777.9805199999998,0.00021127278557024252
E01003360,3662.54199,678.32471,618.1280799999998,594.8855599999999,1891.3383500000002,0.00023618041253590876,678.84728,602.3877800000001,489.96858000000003,1771.20364,0.00014619148854603929
E01003361,964.76189,113.65532999999999,117.42725999999999,75.02172999999999,306.10432000000003,0.003308268351556284,268.16612000000003,246.33129,144.16015999999996,658.6575700000003,0.0007950100045337552
E01003363,409.4167,46.56787,47.65591,25.18523,119.40900999999998,0.009039659801429997,120.85659,104.32107,64.83003,290.00769,0.002228719795157182
E01003364,528.91526,61.518730000000005,59.928459999999994,40.25972,161.70691000000005,0.008174118885374226,165.70775999999998,130.58179,70.9188,367.20834999999994,0.002152970122412722
E01003365,69.11268,8.714769999999998,5.78966,4.874230000000001,19.378660000000007,0.04631119356003847,23.801840000000006,16.56477,9.367410000000001,49.73402,0.019822730519489285
E01003366,301.63074,37.71328,27.0101,25.46878,90.19216,0.01376075853605812,86.50309000000001,67.48418999999998,57.45129999999999,211.43858000000006,0.0029076993444157673
E01003370,799.19783,96.84042000000002,93.84667999999996,67.17742,257.86452,0.002336382505227599,216.87503000000004,180.40023000000002,144.05804999999998,541.3333099999999,0.000870360829885157
E01003374,3700.98941,561.3801299999999,522.14512,387.23724000000004,1470.7624899999998,0.0003890814800292386,918.6025200000001,754.6895800000001,556.9348200000001,2230.22692,0.00014183096051829827
E01003375,1729.71251,342.6366099999999,287.99247,211.84376,842.4728400000002,0.0007784292844962687,364.67434000000003,304.97564,217.58968999999993,887.2396699999999,0.0004072949915638538
E01003376,233.48629,33.689769999999996,26.26428,21.97672,81.93076999999998,0.012330308113432137,71.75862000000001,44.89412,34.90278,151.55552,0.005204469056988874
E01003377,910.88778,108.12614,83.60931000000001,80.99315,272.72860000000003,0.003306921535767926,263.48008000000004,219.25562,155.42348,638.1591800000001,0.0008367392600121097
E01003378,511.71211999999997,58.87398999999999,47.461780000000005,45.17593000000001,151.5117,0.006286880177644876,143.35066999999998,127.90062000000002,88.94913,360.20041999999984,0.0015842891954999507
E01003379,133.21158,22.814210000000003,13.193729999999999,12.18535,48.19329000000001,0.028421239591098577,45.353100000000005,19.28162,20.38357,85.01829000000002,0.012010380834285699
E01003380,870.77709,126.89528000000001,116.27429999999998,96.17008000000001,339.33966000000004,0.0023563574544765435,227.23791000000003,174.48501,129.71451000000002,531.4374300000002,0.0012403771771620665
E01003382,292.11263,29.492019999999997,34.74058,29.29533,93.52792999999997,0.01125743954014021,79.15012000000002,62.81874,56.61584,198.5847,0.0037976378379427156
E01003383,1338.30778,310.54960000000005,387.48738,199.39974,897.4367199999999,0.0006085290747969833,190.05431999999993,157.403,93.41374000000002,440.8710599999999,0.0011874787227403622
E01003384,583.0761699999999,88.96350999999999,84.21270999999999,54.22124,227.39745999999997,0.0031875050842492926,150.605,126.02044999999998,79.05326000000001,355.67870999999997,0.002188974459262305
E01003386,172.12937,30.04634,26.952029999999997,15.29718,72.29554999999998,0.013436723752691622,49.33287,31.467789999999997,19.03316,99.83382,0.008009135167537913
E01003387,484.02297,154.61341999999996,103.29588999999999,59.765130000000006,317.67443999999995,0.0030868182305331727,63.827149999999996,59.02249,43.49889000000001,166.34853,0.003892939569553501
E01003388,161.9223,34.2116,21.168159999999997,19.04164,74.42139999999999,0.012008188674768338,35.723839999999996,28.7795,22.99756,87.50089999999999,0.008821331994856706
E01003389,7476.63925,1325.7507400000002,1167.2066,955.1561700000002,3448.1135099999997,0.0001013324613046171,1609.86775,1304.8081600000003,1113.8498299999999,4028.5257399999996,7.364648624328795e-05
E01003390,2565.31117,321.05272,276.82512,209.66429,807.5421299999998,0.0004907848155951126,710.8245200000001,602.64358,444.30094,1757.7690400000004,0.00023197048161944784
E01003392,4624.6435,625.5268,625.7443400000002,485.4124499999999,1736.6835900000003,0.00034584969249252346,1135.0875800000003,1010.2035799999999,742.6687499999999,2887.9599100000005,0.00012794927342116443
E01003393,3042.27168,314.2706299999999,282.16562999999996,211.07086,807.5071200000001,0.0003845915469696281,923.7114600000001,743.89666,567.1564400000001,2234.76456,0.00023483613261071962
E01003394,900.91324,105.17657000000001,122.52888000000002,85.74028,313.44573,0.002875455636669226,232.93545000000003,194.15701999999996,160.37504,587.46751,0.0009907931628990701
E01003398,83.2414,19.100779999999997,23.415,8.17601,50.69178999999998,0.021413896348712432,12.102850000000002,13.56495,6.881810000000001,32.549609999999994,0.03098853871750778
E01003399,451.16534,55.58003,45.04752999999999,39.450410000000005,140.07797000000005,0.006037452558377641,128.73073,95.02871999999999,87.32791999999998,311.0873700000001,0.0016328169229611067
E01003400,2162.55592,430.45285999999993,382.64904,261.89162000000005,1074.9935199999998,0.00042946260653745376,406.05336,437.79649,243.71255,1087.5623999999996,0.0005814917948922813
E01003401,1852.80911,550.18611,434.91406000000006,242.19361,1227.29378,0.0005556334862258832,276.05101,192.05678,157.40753999999998,625.5153299999997,0.001016973808322085
E01003402,2380.60176,668.62951,608.7380800000001,384.44916,1661.8167499999997,0.0002890782718627215,271.0231600000001,280.17050000000006,167.59135000000003,718.78501,0.0008490161074741708
E01003403,135.53933999999998,47.76145,28.017269999999996,25.206109999999995,100.98483,0.008536295129562926,17.469079999999995,10.63274,6.452689999999999,34.55450999999999,0.028332901539923197
E01003404,846.98218,153.92297999999997,137.11734,91.21595,382.25627,0.0024265175264018947,183.11933,169.15096,112.45562000000001,464.72591000000006,0.0009629388226757663
E01003405,90.26821,8.55735,12.11357,4.06446,24.73538,0.05959671814731722,30.894580000000005,17.809359999999998,16.828889999999998,65.53283,0.015555663238456537
E01003406,167.78578,13.11238,15.202079999999999,6.802110000000001,35.11657,0.039133803547646874,59.657,43.93273,29.07948,132.66921,0.006048473840875952
E01003407,101.28296999999999,8.38994,7.14579,6.575690000000001,22.11142,0.05204932493234773,30.75217,27.442739999999997,20.976640000000003,79.17154999999998,0.010504439376232452
E01003410,444.31272,59.78331000000001,45.54702,47.00837,152.33870000000002,0.006257011424408888,120.37713999999998,97.32102,74.27586,291.97402,0.002228355762452665
E01003411,222.81573,25.087509999999998,24.243299999999998,21.22071,70.55152000000001,0.012176756373677478,74.61817,45.476,32.17004,152.26421,0.005807786013497634
E01003412,277.54974,48.67956,28.375169999999994,37.95093,115.00566000000003,0.008668899824347775,64.42255000000002,58.99444,39.127089999999995,162.54408,0.0037872063581770275
E01003413,1607.6439,252.52161999999998,226.66525,168.51166999999998,647.6985399999999,0.0013967533322743625,386.85429000000005,327.53919999999994,245.55186999999998,959.9453600000002,0.0004097536132190528
E01003414,427.75624999999997,47.74996,44.24043,44.38298,136.37336999999997,0.008467957122309647,123.43643000000002,92.34009999999998,75.60634999999999,291.38287999999994,0.002052108574387675
E01003415,1557.48687,182.35361,179.16353999999998,156.66832000000002,518.18547,0.001583652375707191,431.20549000000005,348.02391,260.072,1039.3014,0.0004132683521756537
E01003416,283.31564,39.65469,34.500460000000004,36.26189000000001,110.41704000000001,0.012652290384835783,76.24865999999999,51.12598,45.52396000000001,172.8986,0.003310351358099805
E01003417,711.27936,144.06678000000002,156.22018000000003,104.19026,404.47722,0.002201897533101508,116.62072999999998,122.27193,67.90947999999999,306.80214,0.0016915647240045289
E01003419,78.61459,8.42067,12.87409,4.90996,26.204720000000002,0.04821411121700938,19.778269999999996,20.47411,12.15749,52.40987,0.012729828186691116
E01003420,138.73988,13.613539999999999,11.23565,7.63492,32.48411,0.03802608578626698,50.17765,34.76122,21.3169,106.25576999999998,0.008305486896560618
E01003421,806.30144,90.76208999999999,87.03849000000001,59.57152000000001,237.37210000000002,0.004206690216734955,255.57151,194.81836,118.53947000000001,568.92934,0.0011601262617682748
E01003422,731.80789,81.40262,146.87906999999998,60.32415999999999,288.60585000000003,0.003584270019348647,197.03852000000003,144.39603,101.76748999999998,443.20204000000007,0.0014785540807718586
E01003423,1124.9659,190.32041999999998,147.10068,95.17391,432.59501000000006,0.0018881142415121382,326.00244,224.23198999999997,142.13646,692.37089,0.0009258095181346455
E01003426,622.68755,52.96021,43.524,32.378319999999995,128.86253,0.00629972760144079,207.21062999999998,158.18738,128.42701,493.82502000000005,0.0010206138150218836
E01003427,21689.738540000002,5362.90075,4201.24161,3419.1053599999996,12983.24772,3.325278547860317e-05,3237.15422,3080.961230000001,2388.3753699999993,8706.490819999999,5.7053343796387786e-05
E01003428,227.68623,46.11962999999999,31.428030000000003,16.046989999999997,93.59464999999999,0.012496811871335702,61.18291,48.54054,24.36813,134.09158000000002,0.006191414128512695
E01003430,1880.51703,212.52944000000002,211.83156999999997,174.76609,599.1270999999999,0.001375782047389687,532.9137999999999,453.37088,295.10525,1281.3899300000003,0.0004176245020271305
E01003431,1362.63856,171.08830999999998,156.53096,152.33312,479.95239000000004,0.0019385459296854697,369.40549999999996,283.0707,230.20997000000003,882.68617,0.0006853558975201846
E01003432,142.52883,36.3345,32.142140000000005,28.060200000000002,96.53684000000001,0.013595863825992005,18.78949,12.57479,14.627709999999999,45.991989999999994,0.01710163331268755
E01003433,2996.48484,402.85605999999996,331.90461999999997,314.18618,1048.94686,0.000627331486155809,809.0575299999999,626.3766099999998,512.10384,1947.5379799999996,0.00017233664594460264
E01003435,1230.90747,161.24065,154.87901,140.57695,456.69660999999996,0.00315511154011996,326.93685,244.59003999999996,202.68397,774.21086,0.0005480562273634344
E01003436,1064.99488,86.14177000000001,87.51209000000001,66.59957999999999,240.25343999999996,0.004369704044252102,346.19747000000007,274.19855,204.34542,824.74144,0.0006334435511839225
E01003437,743.60055,107.66110999999998,88.67900999999999,71.28996,267.63007999999996,0.0034060815397294634,196.72922,158.8086,120.43265,475.97046999999986,0.0010291764514369275
E01003438,499.08543000000003,59.91669999999999,58.069059999999986,39.28727,157.27302999999998,0.007236186775210471,147.63400000000001,115.78637000000002,78.39203,341.8123999999999,0.0016804397685613716
E01003439,1644.1765,378.0609,315.96452000000005,230.83871999999997,924.8641400000001,0.00036080485898728034,285.17736,255.08305000000001,179.05194999999998,719.31236,0.0004197262662926967
E01003440,249.9228,40.41571,32.67394,21.67317,94.76281999999998,0.011961804312589865,64.14088000000001,52.51497,38.50413,155.15998000000002,0.003069372185716099
E01003441,966.09901,241.27279000000001,198.35768,137.31138999999996,576.94186,0.0011727532969871219,167.58139000000006,130.08644999999999,91.48930999999999,389.1571500000001,0.0012039262636101729
E01003442,147.21392,8.079489999999998,4.694229999999999,4.999840000000001,17.77356,0.07204077151071682,56.27822000000001,44.1492,29.01294,129.44036000000003,0.005110810485102469
E01003443,119.30174,5.109570000000001,7.741,3.13332,15.98389,0.07412811854585155,38.574690000000004,41.202960000000004,23.5402,103.31784999999999,0.007264337900993532
E01003444,179.54985,27.8827,24.036130000000004,17.36958,69.28841,0.016394115538250945,42.28473,39.59885,28.37786,110.26144,0.006986819049696705
E01003445,818.47323,122.10134000000002,116.39399999999999,69.80807999999999,308.30341999999996,0.003173284411391991,218.69526000000002,166.28696000000002,125.18759,510.1698100000001,0.0010379147960180508
E01003446,5785.66427,1247.3557799999999,1082.23259,614.5972099999999,2944.18558,0.00018900297075546973,1100.56548,1034.23046,706.68275,2841.47869,0.00012725607859954643
E01003447,811.44212,150.19480000000001,121.08048000000001,87.33018,358.6054600000001,0.002035238194446897,187.04292999999998,149.55485,116.23887999999998,452.83665999999994,0.001014347904498777
E01003448,436.865,67.50616000000001,62.22137,53.33526000000001,183.06278999999998,0.005640068012404493,112.66469000000001,87.99458,53.14294,253.80220999999997,0.0024699334825267765
E01003449,741.72525,135.418,126.23998999999999,80.33519999999999,341.99319,0.0025362671277898464,176.43927999999997,144.42658,78.86619999999999,399.73206,0.0018982042274021066
E01003450,83.83359,15.556389999999999,19.4621,14.39932,49.41781000000001,0.0341111611910196,15.202300000000001,10.531099999999999,8.68238,34.415780000000005,0.025683208941985326
E01003451,772.38339,60.66515,74.97592000000002,53.66995,189.31102000000004,0.0053024745007424715,238.24327999999994,189.68546000000003,155.14363,583.0723699999999,0.0007522726292980795
E01003452,1077.12281,189.12850000000003,162.57797,116.70921,468.4156800000002,0.0017533012858319975,263.49456999999995,193.21384000000003,151.99872000000002,608.7071299999999,0.00078275740409711
E01003454,653.92159,86.59624999999998,88.98370000000001,41.467169999999996,217.04711999999995,0.005459498383817318,197.37642999999997,141.21633,98.28171,436.8744699999999,0.0017304882317349906
E01003456,15856.18127,3723.40378,3573.13552,2346.2040600000005,9642.743359999997,4.192361514250933e-05,2266.3927,2365.1986100000004,1581.8466,6213.437909999999,7.676650267151566e-05
E01003458,309.63839,44.295109999999994,53.32605000000001,25.037369999999996,122.65852999999998,0.009305921683745725,77.15344,66.96106,42.865359999999995,186.97986000000003,0.003281077980851277
E01003459,158.30992,20.97906,35.09982000000001,15.97053,72.04941000000001,0.015803340294447354,32.5492,32.69878,21.012529999999998,86.26050999999998,0.008406334016820812
E01003460,1604.89548,292.05607000000003,318.4229699999999,218.40058,828.8796200000002,0.0008211604710786607,319.56392000000005,287.95104999999995,168.50089,776.0158600000002,0.0009019481667975548
E01003461,1620.55429,328.35851999999994,440.0744,219.83217,988.2650899999999,0.0008214914549920902,246.75584,269.94304000000005,115.59032,632.2891999999998,0.001360077313363465
E01003462,168.46319,24.397379999999995,32.044,14.820849999999998,71.26223,0.01781431540824572,32.825419999999994,43.02584,21.349700000000002,97.20095999999997,0.007643161967694396
E01003463,214.10238999999999,17.88813,27.072949999999995,13.8695,58.83058,0.02082646031140012,71.59457,45.83119000000001,37.84605,155.27181,0.005745348714138174
E01003464,470.73692,157.81461000000004,88.47013999999999,46.834889999999994,293.11964,0.004779874343782429,83.09670000000001,59.42282000000001,35.09776,177.61728,0.004981510057095487
E01003467,647.42101,77.60013000000002,77.35592000000001,48.39054999999999,203.34660000000005,0.005132986481024268,201.46462,141.89781,100.71197999999998,444.07441000000006,0.0014878845859767958
E01003469,756.4569,141.80268,124.37270000000001,88.09828,354.27365999999995,0.0015845115184684312,157.17799,136.55437999999998,108.45087000000001,402.18323999999996,0.0009254788895096714
E01003470,1327.7783299999999,222.65533,221.46424,99.79987,543.9194399999999,0.0012678752497326262,306.23831000000007,289.06489999999997,188.55568000000002,783.8588900000001,0.0005309888384421324
E01003471,235.14147,38.9112,30.39197,25.836280000000002,95.13945,0.012401086286808662,58.227430000000005,47.60569999999999,34.16889,140.00202,0.005512080625274542
E01003478,422.29849,76.68748,71.47124000000001,49.693889999999996,197.85260999999997,0.003570179924066737,72.75052,93.35264999999998,58.34271,224.44588,0.0025643107603174754
E01003480,1884.12354,544.5719200000002,260.42607999999996,205.28527000000003,1010.2832700000005,0.0009845561191490467,331.25491,294.89536,247.68999999999997,873.8402700000001,0.000572409485764434
E01003481,111.63987,21.822549999999996,17.29018,9.79817,48.910900000000005,0.017229122599817744,24.94571,18.619950000000003,19.16331,62.72897,0.012088199286548905
E01003483,102.69859,17.478159999999995,18.66872,13.946559999999998,50.09343999999999,0.02407519926299974,18.910149999999994,19.673540000000003,14.021460000000001,52.605149999999995,0.014008372633878448
E01003485,1548.70244,184.60811,167.17213,174.20062,525.98086,0.0022271257686158094,385.41977999999995,364.05847,273.24333,1022.7215799999999,0.0004091932257706068
E01003486,5234.92197,1038.54146,915.2921099999999,538.5505099999999,2492.3840800000003,0.0001815163243949502,1030.9003,1015.78868,695.8489099999999,2742.53789,0.00010124752292002873
E01003488,858.29043,185.97178,176.52473,172.67368000000002,535.17019,0.0022842697831978553,113.84326999999999,112.88493,96.39204000000001,323.12023999999997,0.0014370854636627781
E01003491,1270.7409,361.93349,307.41892,229.80634999999998,899.15876,0.0005499526131143952,127.84649999999999,131.10592,112.62972000000002,371.58214,0.0015046222474980285
E01003492,318.68941,11.47941,13.44407,6.000489999999999,30.923969999999997,0.03761592603059846,114.88750999999999,94.51771000000001,78.36022,287.76543999999996,0.0021655528576768296
E01003497,408.69569,62.51585,61.14864,46.084430000000005,169.74892,0.007141072766802654,83.97554,77.73637,77.23486,238.94677,0.005575303916231412
E01003498,1010.76622,132.09716,115.75401000000001,123.69185,371.54302,0.0027217706902932437,252.50956,228.60602999999995,158.10761,639.2232,0.0005849015785189557
E01003499,5206.26502,767.11476,744.05874,608.86634,2120.0398400000004,0.00021953823721798877,1209.4044700000002,1053.4491599999997,823.37155,3086.2251800000004,0.00010141840247519102
E01003500,646.29795,103.46701999999999,108.71297999999999,79.34615000000001,291.52615000000003,0.004177557208417374,133.45581,121.88853999999998,99.42745,354.7718,0.003117679675842213
E01003501,1548.65827,218.09337000000002,212.07214000000002,189.89462000000003,620.0601300000002,0.0012243487955562469,358.2578500000001,309.5228200000001,260.81746999999996,928.5981400000001,0.0004782325951278375
E01003502,1439.72304,197.19552000000002,182.35718,184.51615,564.0688500000001,0.0010217670378889828,326.07998999999995,303.41419,246.16000999999997,875.6541900000002,0.0004413929972047121
E01003503,4575.3003499999995,913.38933,871.3420799999999,725.8433299999999,2510.574739999999,0.00018200233916733193,731.30937,760.73341,572.68283,2064.72561,0.0001676743073410654
E01003507,435.49494,56.9829,54.14881,50.425430000000006,161.55714000000003,0.007117771340728648,110.04591000000002,88.67352999999999,75.21836,273.93780000000004,0.002031415627482567
E01003509,647.72043,78.13386,88.61508,51.24238,217.99132,0.007348076459839594,176.84264000000005,158.11177,94.7747,429.72911,0.0013031559704364093
E01003512,1015.06785,142.82744999999997,163.09148000000002,121.92788999999999,427.8468199999999,0.002105600180392006,209.04009999999997,209.02517999999998,169.15574999999998,587.22103,0.0008576819512743724
E01003513,95.85146999999999,20.17109,13.773269999999998,7.431369999999999,41.375730000000004,0.035806598787399224,24.73663,20.577280000000002,9.16183,54.47574,0.02098447021841975
E01003515,6819.59135,1445.9449300000003,1330.5034500000002,1026.89066,3803.339039999999,0.00010887896688941616,1028.11816,1107.8875200000002,880.2466299999999,3016.25231,0.00014041973002913862
E01003516,2185.42578,281.97560000000004,256.10681999999997,239.71239999999997,777.7948200000004,0.0009209759313010878,549.09452,465.2276400000001,393.3087999999999,1407.63096,0.000323690750559166
E01003517,547.87392,92.43037999999999,77.83093999999997,71.83709999999999,242.09842,0.003594708528499526,114.5213,110.84762999999998,80.40657,305.7755000000001,0.0013193745603790922
E01003518,669.66415,90.16409999999999,84.61236,71.57328,246.34974,0.004209890249873501,171.56239,155.77337,95.97865,423.31440999999995,0.0011896566095255872
E01003520,2793.49624,625.3880200000001,657.1361499999999,480.93478,1763.45895,0.0002644990380789448,365.34034999999994,378.61348000000004,286.08345999999995,1030.0372899999998,0.0003531325100614826
E01003521,8798.93304,1702.8200399999998,1548.41425,1164.5519299999999,4415.786220000001,7.538837281958121e-05,1739.74067,1462.54389,1180.8622599999999,4383.14682,4.7020841417894825e-05
E01003523,4441.78611,542.57302,566.8911700000001,515.48369,1624.9478799999997,0.0005471937012107083,1048.0512999999999,944.3807100000001,824.4062199999998,2816.83823,0.00018092509798723196
E01003525,7788.05526,1097.7281600000001,1100.2681,1000.76831,3198.76457,0.00016051738027101844,1601.6033000000002,1617.0576500000002,1370.6297400000003,4589.290689999999,0.00012652350673317053
E01003528,671.82535,89.13214,73.22658000000001,79.90423000000001,242.26295,0.003707229853048762,157.84357000000003,146.81764,124.90119,429.5624000000001,0.0015410159781621049
E01003529,648.5779,120.28497,124.07902999999999,113.12527,357.48927,0.0014719029502214076,113.62056999999999,104.32644,73.14161999999999,291.08862999999997,0.0016456966740703012
E01003530,281.0912,34.78502,37.83634,32.03305,104.65441000000001,0.007714553340656803,57.832240000000006,63.86755,54.737,176.43679,0.004582425635426271
E01003531,9980.14015,1693.3404699999999,1854.7683799999998,1606.6892099999998,5154.798059999998,0.00011352371615808968,1665.4459100000001,1649.03701,1510.85917,4825.34209,0.00010449084312359996
E01003532,1121.24717,238.47052000000002,232.87481,183.71974,655.06507,0.0012977824756733843,183.08998000000003,158.59181999999998,124.5003,466.1821,0.001293753357867528
E01003533,362.8906,48.90869000000001,81.36578,54.646280000000004,184.92075000000006,0.006490069566191723,51.481550000000006,84.69268999999998,41.795609999999996,177.96985000000006,0.00624840674350886
E01003535,1233.70859,187.84902,141.22019,153.13497999999998,482.2041899999999,0.0016360508932593172,301.55878,247.70922,202.23639999999997,751.5043999999999,0.0008108387128621279
E01003537,430.54053,112.45395,79.10205,101.82283999999999,293.37883999999997,0.00372510104209053,57.199469999999984,45.28094999999999,34.681269999999984,137.16169000000002,0.005074344252386116
E01003538,893.05051,154.83263,117.46025,152.34709,424.63997,0.00281646392502221,192.16081000000003,143.19749000000002,133.05224,468.41054,0.0012489418663732027
E01003539,975.49009,88.31492,72.93796,76.67018,237.92306000000002,0.004483908965333251,296.53210000000007,236.75067999999996,204.28425,737.5670299999999,0.0006940555631304272
E01003540,880.09297,131.75597000000002,117.41718,119.20961999999997,368.3827699999999,0.002324560421548535,186.64498000000003,194.10263,130.96258999999998,511.71020000000004,0.0010505071109829984
E01003541,1695.96477,164.58192000000003,136.07937,142.91281,443.57410000000004,0.0024765186348051924,499.42602999999997,405.98902,346.97561999999994,1252.3906699999998,0.0005125564277854804
E01003542,1031.06398,82.59079000000001,66.02053000000001,64.16830999999999,212.77962999999997,0.003091143000736713,321.59399999999994,267.29028999999997,229.40006000000002,818.2843499999999,0.0006242118800572156
E01003543,1458.41351,302.29200000000003,248.02549000000002,224.88314999999994,775.20064,0.0006517436506945812,254.17576,218.80152,210.23559,683.21287,0.0007233321152158489
E01003544,1422.1296,309.50078999999994,234.77921,184.10241,728.38241,0.0007316087559682481,270.7357,240.73559000000003,182.27590000000004,693.7471899999997,0.0005070084862042943
E01003545,171.84921,26.612900000000003,22.611250000000002,20.11926,69.34340999999998,0.01806903059253166,37.45928,41.934729999999995,23.111790000000003,102.50580000000001,0.007406564650716433
E01003549,210.54224,40.99104,29.50469,31.93949,102.43521999999997,0.010169428375678698,40.42987,42.14732,25.529830000000008,108.10701999999999,0.006727942863706362
E01003550,729.05446,113.35244,123.07434999999998,96.9743,333.40108999999995,0.002135874655180406,155.52651,144.58696000000003,95.53989999999999,395.6533700000001,0.0012599087146067905
E01003551,1703.00919,236.30668,212.4095,190.65122000000002,639.3674000000002,0.001875158104097161,430.2028,343.89576000000005,289.54323,1063.6417900000001,0.000525734665201085
E01003553,1763.80301,241.17411999999996,221.27875999999998,200.9205,663.3733800000001,0.0012537813293180778,407.1616000000001,361.74713999999994,331.52089,1100.42963,0.0005592702650826294
E01003555,2295.33144,290.59630000000004,288.22491,266.93355999999994,845.7547700000003,0.0009917244950404017,542.6208899999999,483.41222000000005,423.54356000000007,1449.5766699999997,0.0003282709801207891
E01003556,5615.55217,778.84954,797.01825,682.7383600000001,2258.6061499999996,0.00020561576418828224,1221.99424,1109.5879699999998,1025.36381,3356.9460200000008,0.00014823590566792133
E01003558,6501.67738,1066.72545,1123.41559,914.1161,3104.2571399999997,0.0001367974679041808,1209.7555399999997,1168.24129,1019.4234100000001,3397.420239999999,0.0001744569751056372
E01003559,2020.43866,306.4112,235.80324000000002,270.83693,813.05137,0.001112370136083095,479.14816,369.10175999999996,359.13737,1207.38729,0.00047335528726835663
E01003561,283.83405999999997,58.64259,49.502970000000005,56.24202999999999,164.38759,0.004788267666441294,44.97149,40.07208000000001,34.402899999999995,119.44646999999999,0.005416937339270533
E01003562,271.1812,33.210969999999996,40.44143,33.62411,107.27650999999997,0.008197154070231614,55.60940000000001,63.60359,44.691700000000004,163.90469000000002,0.004363416217896885
E01003564,275.11473,37.25957,47.31454000000001,34.52817,119.10228000000001,0.006062409869513502,53.912499999999994,52.296279999999996,49.80367,156.01245000000003,0.00455307864040213
E01003565,620.52607,88.21428999999999,87.08192999999999,72.4884,247.78462000000002,0.003339865851906423,143.26175999999998,133.42584,96.05385000000001,372.74145000000004,0.001165876337996566
E01003566,4655.84118,965.63268,930.0178500000001,796.7154499999999,2692.36598,0.00021518269360301363,736.47323,680.10384,546.8981299999999,1963.4752000000003,0.00019771333828948754
E01003567,1016.82074,172.61343000000005,154.85778,159.03666,486.5078700000001,0.0012760514438322765,203.29314,170.76379999999997,156.25592999999998,530.31287,0.0009880176678184608
E01003569,5364.65895,1094.7225900000003,1000.8473099999998,794.2156,2889.785500000001,0.0001502373908543491,920.7283399999998,831.93794,722.2071699999998,2474.87345,0.0001650579410592378
E01003570,1070.08741,213.52004,182.43491000000006,170.54978,566.5047299999999,0.0009267167023554391,191.70396,170.83614,141.04258,503.58267999999987,0.0007833835326824236
E01003571,215.57217,47.23569,52.01653,46.785,146.03722000000002,0.004737004027147823,30.160970000000002,20.897579999999998,18.476399999999995,69.53495000000001,0.01495816082263137
E01003572,211.8453,37.066990000000004,39.88634,33.15267,110.10599999999998,0.006748730112612467,40.46704,32.86468,28.40758,101.73930000000003,0.007715504589973319
E01003573,1196.81734,229.49319,190.52317000000005,209.90297,629.91933,0.0012925531366380842,241.08166999999997,185.51283,140.30351,566.8980099999998,0.0010106515558219664
E01003574,1714.08544,253.93701000000001,214.07432999999997,215.84467999999998,683.8560200000002,0.0012818438944658286,415.50320000000005,319.6326800000001,295.09354,1030.2294199999997,0.00044342674310160376
E01003575,1033.98512,120.97208999999998,138.42060999999998,100.89166999999998,360.2843700000001,0.002372396432503507,244.07633,237.34017000000003,192.28425000000001,673.7007500000001,0.0007440156512469845
E01003576,4244.80226,621.65117,606.88091,547.89474,1776.4268200000004,0.0004247336569800457,937.9609099999998,812.60795,717.8065799999999,2468.37544,0.00018206159660493913
E01003578,2199.12792,347.05785999999995,319.14057999999994,306.59145,972.7898899999998,0.0007081245274636089,461.70523999999995,426.8537,337.77908999999994,1226.3380299999997,0.00034656030626834585
E01003583,846.68632,96.79757,72.68741,108.27247,277.75744999999995,0.004440219424640256,220.28817,188.245,160.3957,568.92887,0.0011179866486940384
E01003586,1465.2750800000001,217.03591999999998,209.08245000000002,202.65724999999998,628.7756200000002,0.0018152459094220746,331.93325000000004,257.05005,247.51616,836.49946,0.000746098982460554
E01003587,1891.29423,316.11109999999996,307.8386599999999,276.13197,900.08173,0.0005348218578327592,357.42456,347.60741999999993,286.18051999999994,991.2124999999999,0.0005396222268531014
E01003589,797.51307,135.22492,126.73911000000001,111.59063,373.55465999999996,0.0014640944772527078,168.01609,148.32184,107.62048000000001,423.9584099999999,0.0012322908007703086
E01003590,3217.10863,647.0211700000001,503.58768,360.0104399999999,1510.61929,0.0003667398355534305,614.9896499999999,612.18985,479.30984000000007,1706.4893399999996,0.0002635442854448297
E01003591,7897.90574,1286.3784300000002,1309.19575,1196.96611,3792.5402900000004,0.00012461771580242302,1433.7817,1438.0306399999997,1233.55311,4105.36545,0.00017325304733351813
E01003593,219.98395,33.17968,39.398,28.031179999999996,100.60886,0.011137437323945018,48.37646000000001,41.70388,29.294749999999997,119.37509,0.005895816690452155
E01003594,491.25347,77.71653,73.93399,66.42725,218.07777000000002,0.003441350474600378,110.03501999999999,89.32762,73.81306000000001,273.1757,0.002571840788443126
E01003595,195.52301,16.27806,13.475699999999998,13.466629999999999,43.22039,0.02178683079765127,60.23668,55.31467000000001,36.751270000000005,152.30261999999996,0.0036626859081493246
E01003596,779.89478,129.11745000000002,128.99051,101.19122000000002,359.2991800000001,0.0013494606738473447,146.01416,152.96958999999998,121.61185,420.5956,0.0011512477162416476
E01003598,129.41389999999998,22.476789999999998,21.99185,11.099789999999999,55.56842999999999,0.01518175647268252,24.594599999999996,26.44144,22.80943,73.84547,0.012994002543318377
E01003600,1969.7407799999999,401.46635999999995,335.84993,279.74098999999995,1017.0572799999999,0.0003889483656420723,370.56158,332.72327,249.39865000000003,952.6834999999999,0.0003821712667646073
E01003601,8448.49585,1454.1718600000004,1247.4385499999999,1129.71596,3831.3263700000007,0.0001172515132355802,1787.3911000000005,1517.89876,1311.8796200000004,4617.16948,5.784069694400617e-05
E01003602,1497.7201,194.12727000000004,181.51683,188.70975000000004,564.35385,0.0016417369966823976,359.54772,307.98054,265.83799,933.36625,0.0005398541309304707
E01003603,1183.80664,301.94255999999996,212.94312000000005,195.82611000000003,710.7117899999998,0.001440695350066931,200.80343000000002,166.74625000000003,105.54516999999998,473.09485000000006,0.0017170603010459207
E01003604,323.88186,55.86056,43.67561,35.14687,134.68304,0.006947876287683545,70.49014,66.50523000000001,52.20344999999999,189.19882,0.003267899010748113
E01003605,4514.56143,543.41427,566.42646,510.78052999999994,1620.6212599999997,0.0003207921386617277,1096.6202300000002,969.21663,828.1033100000001,2893.940170000001,0.0001884931766576144
E01003607,1702.16351,223.88295999999997,188.34892,187.67356999999998,599.9054500000001,0.0012400176901057433,439.44051,347.66775,315.1498,1102.25806,0.0003506020978658639
E01003611,1182.27378,179.55192999999997,168.28019999999998,148.82930999999996,496.66143999999997,0.0011020340271467761,247.01757999999998,243.06103,195.53372999999996,685.6123400000001,0.0005245281746185052
E01003615,1461.93742,210.3331,210.48147,161.77271000000002,582.5872799999999,0.001229911035144866,348.9508399999999,296.87263000000013,233.52667,879.3501399999998,0.00042854845683452307
E01003616,2210.09651,369.3726199999999,311.22323,271.57512,952.17097,0.00035399702119201385,466.88415000000003,436.8402300000001,354.20116,1257.9255400000002,0.0003921045054429016
E01003618,486.36012,113.31809000000001,117.68182999999998,72.23705000000001,303.23697000000004,0.001773701498095002,72.83972,63.25949000000001,47.02394,183.12315,0.005755669366907527
E01003619,8229.80444,1853.3450500000001,1701.50827,1262.9536799999998,4817.807,5.740325807421275e-05,1257.66961,1205.2458400000003,949.0819899999999,3411.99744,0.00012179626133183028
E01003622,2103.76049,298.81381,302.88277,266.32935999999995,868.02594,0.0009536485293635119,484.5543199999999,402.75418,348.42605,1235.73455,0.00029072478705694015
E01003623,374.2323,61.71619999999999,56.72864,45.59267,164.03751000000003,0.005639266227056614,76.79521,78.04382,55.35575999999999,210.19479000000004,0.0023747952273877543
E01003630,6807.43757,1152.2731299999998,1097.09893,835.08412,3084.456179999999,8.667283546600355e-05,1463.83736,1282.7908299999997,976.3531999999999,3722.98139,5.749723636341397e-05
E01003631,76.53963,8.24019,9.88209,8.49795,26.620229999999996,0.03971089143988997,17.36738,19.417089999999998,13.134929999999999,49.919399999999996,0.01488926144244749
E01003633,132.84623,9.32183,9.33436,6.17469,24.830879999999997,0.04643954498400011,42.66001000000001,31.05711,34.298230000000004,108.01535000000004,0.006625561465821122
E01003635,1495.76957,165.14339,207.63873,133.75849,506.54061,0.0013623569986169156,399.90139999999997,340.35008000000005,248.97748000000004,989.22896,0.0004214805280660257
E01003636,3176.05249,543.21037,494.9556599999999,441.8006199999999,1479.9666499999998,0.0002444143101739746,645.00919,576.93167,474.14498,1696.0858399999997,0.00017686768959083185
E01003638,89.00909,9.112409999999999,16.050720000000002,3.2252699999999996,28.388399999999997,0.05228323246592507,19.28915,22.21446,19.11708,60.62068999999999,0.016633360979372055
E01003639,161.90469000000002,18.607329999999997,15.91968,19.05943,53.58644000000001,0.01868338387546109,44.81217,33.205070000000006,30.301009999999998,108.31825,0.009000213284775358
E01003640,1271.76648,210.94612,149.71343,149.02730999999997,509.68685999999997,0.0020294810950893336,330.5530600000001,243.04662000000002,188.47994000000003,762.0796200000002,0.0007588087391831496
E01003641,2078.64218,528.0210000000001,346.90479999999997,251.25465,1126.1804499999996,0.0006370930774477744,389.0264000000001,275.99956,287.43577,952.4617300000002,0.0008896354961228314
E01003643,273.10041,45.60682,53.05937,40.426140000000004,139.09233,0.00720831250834592,44.74604000000001,47.062990000000006,42.19905000000001,134.00808,0.0041931125132965
E01003644,130.6968,8.20237,9.04784,6.836860000000001,24.08707,0.04399415333871194,46.980140000000006,36.42612,23.203469999999996,106.60973000000003,0.0065145267030657285
E01003645,472.35621,80.29421999999998,59.04802000000001,40.3686,179.71083999999993,0.005356978741585281,124.21951000000001,91.73741000000001,76.68845,292.64536999999996,0.002034529501524831
E01003646,1722.9052,384.50439,316.49962999999997,228.24022,929.2442400000002,0.0005658364285770611,290.55412,271.95862999999997,231.14821,793.6609600000005,0.0011516078135581885
E01003647,1162.42015,362.79452,311.78826,249.50433999999996,924.0871200000001,0.0004983591518919438,88.56100000000002,96.97970000000002,52.79233,238.33302999999995,0.0024499385718982176
E01003648,512.06613,90.01593000000001,87.19545,51.94955999999999,229.16094,0.0038333333114714393,117.74625999999999,99.20720999999999,65.95172000000001,282.90518999999995,0.0023430386777102876
E01003650,746.35345,101.94527,81.88725000000001,87.0647,270.89722,0.003691093526378129,182.41101,178.26736,114.77785999999999,475.45623,0.0011335747257837764
E01003651,553.0946799999999,92.49510000000001,71.88026,67.14831,231.52366999999998,0.002570028852205097,135.25191999999998,101.81005000000002,84.50903999999998,321.5710099999999,0.0013657603284331146
E01003653,2153.07761,457.34924,387.77216999999996,272.58295,1117.7043599999997,0.0004115921051653028,407.93003,379.50928999999996,247.93392999999998,1035.37325,0.0005686231676020025
E01003654,57.23132,12.640249999999998,11.33014,8.31117,32.28156,0.03819417994193793,8.75873,9.380069999999998,6.81096,24.94975999999999,0.028241531338068712
E01003655,864.62913,244.11373000000003,157.95226,108.35395999999997,510.41995000000003,0.001451585251484144,150.74095,102.51862999999997,100.9496,354.20918,0.0025693990279221667
E01003656,124.87804,26.075269999999996,18.25223,19.80582,64.13332,0.018227717513319017,23.2013,22.531190000000002,15.012229999999999,60.744719999999994,0.01297989301147677
E01003657,624.16325,97.34591,79.52761,75.31893,252.19245,0.003072989992302012,171.94286000000002,124.31007999999999,75.71785999999999,371.97080000000005,0.0018198866945760117
E01003659,531.37684,83.09796,51.355540000000005,62.83831,197.29180999999997,0.005884543199344923,136.47611,124.26223,73.34669000000001,334.08502999999996,0.002089552077223362
E01003661,122.30822,18.340070000000004,15.938069999999998,14.060870000000001,48.33901,0.02152345400555419,38.01319,25.14064,10.81538,73.96921000000002,0.013610274990620608
E01003662,3439.4326300000002,602.20316,591.3912300000001,464.00051999999994,1657.5949100000003,0.00021873504422017414,640.59498,644.09003,497.15270999999996,1781.8377200000004,0.0001702941615149158
E01003663,546.18529,101.95668,64.35718999999999,72.75639,239.07026000000002,0.003943425040329325,109.63096999999999,106.74291,90.74114999999999,307.11503000000005,0.002047627027665225
E01003665,441.76644999999996,40.02619,26.954359999999998,38.68076,105.66130999999999,0.014507746401436355,144.02761999999998,113.65418000000001,78.42334,336.10513999999995,0.0024301743526444325
E01003666,52.13868,2.5227899999999996,1.37393,2.1978099999999996,6.09453,0.19879645665667936,14.94639,19.086719999999996,12.01104,46.04415,0.018279537171875332
E01003668,93.53493999999999,13.33151,20.677780000000002,11.9472,45.95649,0.03126800973266057,15.018719999999998,17.67136,14.88837,47.57845000000001,0.02059888379364837
E01003670,302.80541,63.077709999999996,52.65971,32.02343,147.76085,0.007864607081433887,58.72245999999999,63.756209999999996,32.56589,155.04456000000002,0.004026916666908839
E01003672,747.55155,106.03941999999995,114.26583000000001,72.49970999999998,292.8049599999999,0.0016828551577435609,170.14394,180.80358999999996,103.79905999999998,454.74659,0.001234797019190015
E01003673,903.44372,160.04531999999995,142.70165,105.99024999999997,408.73722,0.0010767332088221682,196.31862,175.85460999999995,122.53326999999999,494.70650000000006,0.0010476235023614633
E01003674,998.9656699999999,295.96087000000006,297.26709999999997,127.50211,720.73008,0.0012144487959033006,98.16041999999997,126.79954000000001,53.27563000000001,278.23559,0.0036148200528600197
E01003675,1438.17068,258.14848,200.61437,176.44392999999994,635.20678,0.0007318601366702589,324.7393,252.97696000000002,225.24764000000005,802.9639,0.0005601669690593683
E01003677,309.84992,33.26512,25.837140000000005,18.369609999999998,77.47187,0.012631964623969785,99.57639,76.69214000000001,56.10952,232.37804999999997,0.002902288857300371
E01003679,203.86463,5.905019999999999,3.56949,3.9886900000000005,13.463199999999997,0.08511229148376917,86.82284000000001,56.400780000000005,47.17781,190.40143,0.004537880972982481
E01003680,129.56383,23.949800000000003,19.5021,12.623850000000001,56.07575,0.02090109071133843,44.29241,21.80758,7.38809,73.48808,0.020429248289515166
E01003681,1464.08736,239.16700000000003,156.17868000000004,168.59023,563.93591,0.001610982095819724,378.39003999999994,289.9924199999999,231.76899,900.15145,0.00043271963001680845
E01003684,746.02154,107.97259,81.99541000000002,88.43571999999999,278.40371999999996,0.004102571868137735,208.26233,155.83625,103.51923999999998,467.61782,0.0013333608215667348
E01003686,840.24292,141.98306000000002,125.45841000000001,129.46832999999998,396.9098000000001,0.0016440569498461029,183.06343,145.26635,115.00334,443.33312,0.001125157907398224
E01003689,14886.1867,3201.7594199999994,3037.66877,2617.57662,8857.00481,4.3820573121033674e-05,2150.2310799999996,2065.12233,1813.82848,6029.181889999999,5.830257217391728e-05
E01003690,8614.68805,1518.72839,1403.71773,1139.1646499999997,4061.6107699999993,6.932726616510894e-05,1689.49156,1591.23385,1272.35187,4553.07728,5.668432952692028e-05
E01003692,564.56099,68.98764999999999,72.36682,63.30437999999999,204.65885000000003,0.0029312025619681868,150.89675000000003,117.55769,91.4477,359.90214000000014,0.001380236296920477
E01003693,374.08642,53.38123999999999,45.67386,39.91129999999999,138.96639999999996,0.005779553666975395,93.2826,81.79131000000001,60.04610999999999,235.12002,0.0028392368626918166
E01003694,350.00714,37.79513999999999,42.904579999999996,36.930299999999995,117.63001999999999,0.009138974268668183,87.99611999999999,81.29119,63.08981,232.37712000000002,0.0020402470952093224
E01003695,1029.80403,119.23688999999999,94.08928999999998,107.67952,321.00569999999993,0.002517157582238498,281.34243,246.22223000000002,181.23367,708.7983299999997,0.0007173113873987752
E01003696,634.78347,94.07672,90.73423,70.22973999999999,255.04068999999998,0.0019891927808762823,138.90288000000004,128.92882,111.91108,379.74278000000004,0.0014282935211922957
E01003700,702.8561,128.44838000000001,102.90076,71.63492,302.98406000000006,0.002112086875989885,175.83499,139.17102,84.86603,399.8720399999999,0.0016442364782009319
E01003701,4023.17363,837.75877,791.9602000000001,588.17224,2217.89121,0.00019496645214168756,697.9198000000001,634.5988200000002,472.76379999999995,1805.2824199999998,0.0002810332342346227
E01003702,469.60589,57.629220000000004,60.07858000000001,39.785379999999996,157.49318,0.00413940870584247,124.07959,114.18808,73.84504000000001,312.11270999999994,0.0014844184303173984
E01003703,92.53416,8.87856,8.56687,10.77379,28.21922,0.03730234495140994,28.28568,22.95433,13.07493,64.31493999999999,0.011924983783745409
E01003704,971.3165700000001,158.11768999999998,135.90171999999998,99.31618000000002,393.3355900000001,0.0015785740023964577,231.74423999999996,200.2664,145.97033999999994,577.9809799999998,0.0008672135180850607
E01003705,484.07118,67.82211,65.58747000000001,44.39829999999999,177.80787999999998,0.004581040599575667,132.94484,111.35934999999999,61.959109999999995,306.26330000000013,0.003119014486076129
E01003706,469.01369,50.79795,38.9525,39.42872,129.17916999999997,0.008694499525417218,133.20222,114.60604,92.02626,339.83452,0.0015418439214584091
E01003707,117.65558,45.86647000000001,34.55899000000001,30.63879,111.06425000000002,0.010094097514205785,3.54824,1.3954600000000001,1.64763,6.59133,0.17659243248400064
E01003708,556.70439,58.02667,46.93178999999999,42.42192,147.38038,0.006340720443281954,173.36453999999998,134.34594,101.61353000000001,409.32401,0.0018559557558212767
E01003709,433.06151,54.538639999999994,45.22854999999999,41.776509999999995,141.54370000000006,0.00877672540325461,119.65641000000001,101.60370999999998,70.25769,291.5178100000002,0.001606024955781635
E01003710,759.11275,109.18538000000001,99.91496000000004,83.79818,292.89851999999996,0.002287238973404485,202.32158,154.31281000000004,109.57983999999999,466.21423000000016,0.0010827749577072862
E01003711,2107.68166,310.61759,297.13705999999996,206.29232,814.0469700000006,0.0006575526481529344,490.43284000000006,442.6739500000001,360.52790000000005,1293.6346900000003,0.0001716344057812616
E01003713,264.19775,43.849689999999995,48.99081,37.40627999999999,130.24678,0.006059635559509769,49.34434999999999,53.19097999999999,31.415639999999996,133.95096999999998,0.0035098438258605183
E01003714,319.92443,51.167339999999996,60.408519999999996,46.82020000000001,158.39606000000003,0.00493657733688181,63.23288,60.77077999999999,37.524710000000006,161.52837000000005,0.0035860656651241266
E01003715,815.96282,121.38425,104.18178000000002,92.17304000000001,317.73907,0.001785305223693399,186.93122,177.94476,133.34777,498.22374999999994,0.0007330477463035002
E01003716,170.29452,24.90451,29.902780000000003,23.57009,78.37737999999997,0.01139373605707152,39.3284,32.94977,19.63897,91.91714,0.011306640662056914
E01003719,4177.8905,955.9470100000001,742.7303400000002,571.9736300000001,2270.6509799999994,0.0002766899952473508,747.38455,611.9462500000002,547.9087199999999,1907.23952,0.00023947513810137106
E01003720,1817.01493,254.16786000000002,299.88070999999997,199.30902000000003,753.3575899999997,0.001431784475679153,434.34434000000005,374.54345,254.76954999999998,1063.65734,0.0003791007262119034
E01003721,2293.14808,560.82635,370.1183699999999,277.60848,1208.5532000000005,0.0005582690117438937,432.38234,346.747,305.46554000000003,1084.5948799999996,0.0007329655692448641
E01003722,974.4290100000001,126.33825000000002,99.02396,110.74711000000002,336.10931999999997,0.0033814909181714924,277.77212,212.94473,147.60284000000001,638.31969,0.0008010759480130698
E01003723,350.20235,41.47767999999999,19.77733,29.813760000000002,91.06876999999999,0.01884090641060404,127.36650999999998,72.55387,59.2132,259.13358,0.00355515937726571
E01003724,167.42924,25.18406,23.98473,19.50826,68.67704999999998,0.020862525349849025,45.73059,28.951240000000006,24.070359999999997,98.75218999999998,0.0089392982403756
E01003726,265.91191,60.15132000000001,32.85452,30.72991,123.73575,0.008676811971090598,56.20660000000001,50.19340999999999,35.77615,142.17615999999998,0.006255090685162909
E01003729,2546.79439,486.53130000000004,451.5969399999999,480.1886000000001,1418.3168400000002,0.0003691682455689197,433.86285000000004,394.5515,300.06320000000005,1128.47755,0.0003612887380035948
E01003733,1715.3421,261.54522,243.83931,234.66931999999997,740.05385,0.0008157406520622103,404.28343,318.55281,252.45201,975.2882499999997,0.00046903803222344013
E01003734,1636.53361,304.31629999999996,272.42695,247.99806999999998,824.7413200000002,0.0009536139090609294,315.62174,273.27853000000005,222.89201999999995,811.7922900000002,0.0004697280344150307
E01003735,1696.50615,186.18881000000002,183.47573999999997,166.23096999999999,535.89552,0.0012690887100414374,455.1652400000001,391.22141,314.22398000000004,1160.6106300000004,0.0004654174215663641
E01003737,63.8339,9.77562,6.035340000000001,8.03727,23.848230000000004,0.05030738708377979,17.16328,11.01441,11.80798,39.98567,0.02554754986380832
E01003738,3655.76575,455.26071000000013,394.8187199999999,424.8104900000001,1274.8899200000005,0.0006990442807010079,936.1536599999998,781.7423899999999,662.9797799999999,2380.8758299999995,0.00016456347966896314
E01003739,1196.80224,147.00164,123.75662999999999,121.96046999999999,392.7187400000001,0.0023932867619571433,344.37340000000006,255.69384000000002,204.01626,804.0835,0.0008500497205708208
E01003740,1012.36797,143.6963,140.30243000000004,123.87267,407.87140000000016,0.001467622237811133,242.87061000000003,224.32689000000002,137.29907000000003,604.4965700000002,0.0006862672665438176
E01003741,989.00688,120.93838,118.95879,108.21683999999999,348.11401,0.0025182509190252804,251.15273000000002,214.06455999999997,175.67558,640.8928700000001,0.0007659993251848089
E01003743,381.93759,70.44331,69.4361,72.98903999999999,212.86845,0.004323833556169929,68.77189,55.53828000000002,44.75897,169.06913999999995,0.003742083198289398
E01003744,94.33542,19.9468,13.77461,6.72393,40.445340000000016,0.027738728269576678,21.29063,20.92162,11.677829999999998,53.89007999999999,0.01803138613597652
E01003746,612.05024,129.51963999999998,93.83694,57.04199,280.39857,0.003221884377407883,130.31387999999998,128.42505999999997,72.91273,331.65167,0.0017950601841651905
E01003750,1303.18528,188.39006999999995,200.34649,107.61045000000001,496.34700999999984,0.0013399125282731181,331.00411,296.16661999999997,179.66754,806.83827,0.000663067000782467
E01003751,612.83682,103.02618000000001,95.45354,80.64797000000002,279.12769000000003,0.0026854073629728856,137.36675999999997,112.30028,84.04209,333.70912999999996,0.0016010043377058872
E01003752,133.09521999999998,29.136489999999995,33.43129,19.78126,82.34904,0.011751685276453412,21.503230000000002,17.83843,11.404519999999998,50.74617999999999,0.020592561007287964
E01003754,724.3776799999999,95.10322,78.95412,78.70179000000002,252.75912999999997,0.003791037066128059,187.37192,151.80817999999996,132.43845,471.6185500000001,0.0013418004258051199
E01003755,2166.84621,420.78042000000005,348.16794,265.53468,1034.4830399999998,0.0006227747755404265,457.59032999999994,375.13133999999997,299.6415,1132.36317,0.00042300004566925823
E01003756,583.40887,100.64697999999999,82.16463,82.94545,265.75705999999997,0.0029932520712641756,128.62328,118.04736,70.98116999999999,317.65181000000007,0.002100923597529747
E01003759,53.062729999999995,10.05867,12.9574,6.80782,29.823890000000006,0.03462963498897081,6.267049999999999,12.533009999999996,4.4387799999999995,23.23884,0.05047144467092715
E01003760,305.32412999999997,50.9828,46.60642,21.82391,119.41313,0.007436516027540635,73.18851,70.76485,41.95763999999999,185.911,0.0033639812335913366
E01003761,386.6383,48.74613999999999,39.71593000000001,41.06159,129.52365999999998,0.008421194624114494,98.48568000000002,96.72273000000001,61.90623000000001,257.11464,0.002377670832163669
E01003762,313.31756,20.118299999999998,20.87432,17.91779,58.91041,0.014982999525339385,96.40972000000001,83.20306000000001,74.79437000000001,254.40714999999992,0.0017006589142542926
E01003763,867.8104,187.57695999999999,129.29695,105.7784,422.65231,0.0014506647367075647,195.60881999999998,131.95699,117.59227999999999,445.1580900000002,0.0013078094280705912
E01003764,881.626,142.45791999999997,116.78847000000002,84.61173000000001,343.85812,0.0016920848037304357,208.95828999999998,196.84083,131.96876,537.7678799999998,0.0008131723857114941
E01003765,1501.32493,367.7569400000001,295.4222199999999,185.45246,848.6316200000001,0.0006521873022816934,276.00226000000004,207.11049,169.58056,652.6933100000001,0.0011607969376165265
E01003767,2317.68953,364.2230600000001,373.53236,328.74156,1066.4969800000001,0.0004736091748028322,461.58639,421.89527000000004,367.71089,1251.19255,0.00033595724968889695
E01003769,2491.11094,393.5100200000001,370.41231000000005,308.54544000000004,1072.4677700000002,0.0003769932624157452,536.95405,501.27542,380.41369999999995,1418.64317,0.00024175189887650286
E01003770,1957.46362,375.4722,268.12926,246.57057999999998,890.1720400000004,0.0012343101896367414,442.41427000000004,337.4283,287.44901,1067.29158,0.0006899718009270714
E01003771,250.57868000000002,45.64757,41.82347,29.482720000000004,116.95376,0.007906952483486761,55.98759,49.763149999999996,27.87418,133.62492,0.007154243562165752
E01003773,1228.85407,229.22113000000002,204.41024999999996,137.43714000000003,571.0685199999999,0.0007523341722108071,261.96066,240.41328,155.41161,657.7855499999998,0.0006525296542563544
E01003774,94.40033,13.153149999999998,16.55837,8.02545,37.73696999999999,0.02675794741221792,23.294809999999995,19.852310000000003,13.51624,56.663360000000004,0.015095228138192276
E01003775,130.62422999999998,15.310020000000002,20.659560000000003,15.02167,50.991249999999994,0.020433803039096615,21.083319999999997,39.768589999999996,18.78107,79.63298,0.01216205699052858
E01003776,132.6658,28.971,25.90703,15.908539999999999,70.78657000000001,0.011325210128125771,26.47536,21.567410000000002,13.83646,61.879229999999986,0.0120407523806058
E01003777,58.08801,7.83471,6.897550000000001,6.33593,21.06819,0.05474317891525218,14.338989999999999,15.71903,6.961799999999999,37.01982000000001,0.02735839658977396
E01003778,1643.19079,326.78342,421.08145999999994,220.24499999999998,968.1098800000001,0.0006541682906758522,240.28506000000004,264.45505,170.34080000000003,675.08091,0.0009163187772343887
E01003779,101.78532999999999,14.453049999999998,16.22236,12.122260000000002,42.79767000000001,0.023283820245722356,22.148680000000002,22.601010000000002,14.237969999999999,58.98766000000001,0.011749878205908322
E01003781,2430.78752,521.5254600000001,484.79943999999995,434.17769,1440.5025900000003,0.0003012566836682074,371.65304000000003,338.59006,280.04183000000006,990.28493,0.0005008197520280237
E01003782,125.24657,25.669750000000004,22.25934,20.806010000000004,68.73509999999999,0.013468639109198528,22.92358,14.453320000000001,19.13457,56.51147,0.013961268647750472
E01003783,11278.40035,2795.4041700000002,2599.2311600000003,2019.14081,7413.776139999998,4.345136801120594e-05,1363.3183800000002,1442.4670099999996,1058.83882,3864.624210000001,0.00010974623586859899
E01003788,756.39881,144.87291,121.85690000000002,126.74901,393.4788200000001,0.001482234570107284,132.62564999999998,129.96531000000002,100.32902999999999,362.91999,0.001302507552590185
E01003789,1974.08752,334.31281000000007,379.95575,286.65961000000004,1000.9281700000003,0.00044459104217292546,358.77043000000003,360.90207999999996,253.48683999999997,973.1593500000001,0.0004306044138053075
E01003791,476.04771999999997,66.14776999999998,66.36690000000002,47.61965999999999,180.13432999999995,0.005272189898165941,120.97457,102.40623000000001,72.53259,295.91339,0.0018871303166332354
E01003792,767.03034,86.78250999999999,92.38350000000001,67.70320999999998,246.86921999999998,0.004216026859426683,227.98163,177.21809000000005,114.96140000000001,520.16112,0.0012415965249434001
E01003793,646.8215299999999,74.63246999999998,72.55659,61.25436,208.44342,0.0045626582363524895,193.90704999999997,138.90550000000002,105.56555999999999,438.37811000000005,0.001247385803350473
E01003796,77.05461,17.63344,13.713579999999999,9.6162,40.96322,0.02666348472783493,15.178709999999999,9.202989999999998,11.709689999999998,36.09139,0.03710295413467102
E01003797,74.82017,7.443409999999999,3.2906599999999995,2.8857999999999993,13.61987,0.11197134617982456,21.428009999999997,20.39432,19.377969999999994,61.20029999999999,0.018631880698527524
E01003798,535.4336999999999,117.26691999999997,129.62615,78.26642999999997,325.1594999999999,0.0027480041946531305,77.63775999999999,74.37915,58.25728999999999,210.27419999999998,0.0030732418047832947
E01003799,1617.35075,308.32695,332.1646100000001,200.45047,840.94203,0.0008845884047426139,337.29154000000005,275.28043,163.83675,776.4087200000002,0.0008888393686686306
E01003800,252.21981,56.87683,37.02819,28.531219999999998,122.43624000000003,0.00937536320277133,52.04534,42.48413,35.254099999999994,129.78356999999997,0.005429990704856157
E01003801,2037.16474,515.9087000000001,393.38731999999993,233.76730000000003,1143.0633200000002,0.0006562275660765901,337.25521999999995,374.16174,182.68446,894.10142,0.0009834717396597437
E01003804,715.74992,110.48886,137.6424,57.42765999999999,305.55892000000006,0.003247888670253034,134.01759,175.26263,100.91078,410.19100000000003,0.001673986692405706
E01003807,1439.70821,240.25052999999997,230.81398999999996,123.01888000000001,594.0833999999998,0.001278969324935892,324.46796,314.68480999999997,206.47204,845.6248100000003,0.0005278127048847215
E01003808,431.48852,82.47105,102.32390000000001,51.01226999999999,235.80721999999997,0.00258349629870217,69.06625000000003,76.76594,49.84911,195.68130000000002,0.003457914153052912
E01003809,529.70873,90.84082000000001,86.26697,38.440499999999986,215.54829,0.004154975048862298,123.79233999999997,122.13378999999999,68.23431,314.16044000000005,0.0020060269782016652
E01003810,126.56188,18.86314,28.364030000000003,5.41475,52.64192000000001,0.03183095885218119,28.351949999999995,30.77868,14.789330000000001,73.91995999999999,0.010905461370891491
E01003811,166.91485,24.900959999999994,16.84826,13.30883,55.058049999999994,0.019393719975051113,42.72492000000001,42.058029999999995,27.07385,111.8568,0.005896454332811034
E01003812,1591.09752,250.61401999999998,241.68283999999997,113.93457000000001,606.2314299999998,0.0012500353783985248,410.28011999999995,372.54139000000004,202.04457999999997,984.8660899999999,0.0005526427871349047
E01003814,916.83879,170.07757000000004,161.19548,96.97088999999998,428.24393999999995,0.0017566814311005738,186.7615,190.98735999999994,110.84599,488.5948499999999,0.0007493635114533227
E01003815,1732.3849,268.28554,325.57027999999997,218.70072,812.55654,0.0007079196434343772,335.6233499999999,375.27223999999995,208.93277000000003,919.8283599999997,0.0006293839691806112
E01003816,1122.30715,182.58577,200.46769,119.55829,502.61175,0.002028655970764863,268.2488900000001,232.59410000000003,118.85240999999998,619.6954000000001,0.0011397496998252626
E01003817,1824.73901,226.18709999999996,230.69186000000002,164.3312,621.2101599999999,0.0014165364783845307,498.7976699999999,429.07132000000007,275.6598599999999,1203.5288499999997,0.00043644853621924764
E01003818,283.28978,37.41921,40.608999999999995,15.336580000000001,93.36479000000001,0.011930774772253055,81.81056,76.39327,31.721159999999998,189.92498999999995,0.004033919263199819
E01003820,219.07048,24.164970000000004,26.972340000000003,15.19829,66.33560000000001,0.0116480244303225,65.49816000000001,54.45308,32.78364,152.73488,0.005169001756673793
E01003821,768.84646,157.78044,229.34186000000003,155.64601999999996,542.7683199999999,0.0016359204928618422,86.89507999999998,90.46231,48.720749999999995,226.07813999999996,0.002997721104896916
E01003822,265.72374,37.31164,35.35362,20.877670000000002,93.54292999999998,0.00960814207426767,62.08939999999999,68.38112,41.71029,172.18081,0.0036749457627952412
E01003823,1712.0683,272.05031,370.77152,254.16976999999997,896.9916000000002,0.0008281784276425963,272.24892,345.01576,197.81202,815.0767,0.0007544058579298478
E01003824,244.39753,45.80651,36.988479999999996,28.353920000000002,111.14891000000003,0.008718374795800782,48.03591999999999,51.06372,34.148979999999995,133.24861999999996,0.0049369441210164325
E01003825,65.34545,9.034180000000001,13.72924,4.82142,27.584840000000003,0.046522206104499676,13.769290000000002,15.236120000000001,8.7552,37.76061000000001,0.021873617372388902
E01003827,819.72971,140.75272,135.86363999999998,76.66396999999999,353.28032999999994,0.0017153510566804086,162.77642999999995,183.13389999999998,120.53905,466.44937999999996,0.0009825111244684455
E01003828,546.17791,55.10753,63.28234,38.81506999999999,157.20493999999997,0.004750535829454324,145.22592999999995,142.47202,101.27502,388.97297000000003,0.0014407173431602352
E01003829,560.32684,114.93502999999997,100.92995,46.522949999999994,262.3879299999999,0.004692685265613167,126.5424,109.64662,61.74988999999999,297.9389100000001,0.0028400356795851315
E01003830,428.23443,63.44253,61.33494999999999,38.22193,162.99940999999998,0.0049914045111372745,104.20577999999999,94.13944000000001,66.8898,265.23501999999996,0.0020060343976655653
E01003831,119.35145,33.90944,11.81207,10.231729999999997,55.95324,0.025296503292221172,28.720149999999997,14.80508,19.872980000000002,63.39820999999998,0.024032835916892224
E01003833,848.12136,72.84956000000001,86.30711000000004,56.001050000000006,215.15771999999998,0.004133990522951372,248.84775,228.23717000000002,155.87872000000002,632.9636400000002,0.0007855285386993508
E01003834,1387.78783,237.43475000000004,239.9269,223.19303000000002,700.5546799999998,0.0008231358404912825,193.44956000000002,255.19875000000002,238.58484000000004,687.2331500000001,0.0013503339323077067
E01003836,358.55559,59.929779999999994,71.84676,35.60772,167.38425999999995,0.004892004829838409,78.31880000000001,71.35683999999999,41.495689999999996,191.17133,0.0028304592004023406
E01003837,313.53437,46.01048,52.31127,28.029069999999997,126.35082,0.007175742967081356,78.25953,66.12971,42.79431,187.18354999999994,0.0033410993747198135
E01003838,655.87716,116.83017999999998,108.96076,48.899699999999996,274.69064,0.0033285054978926744,148.61951,152.18454999999994,80.38246,381.18652000000003,0.0012915762660043752
E01003839,158.09981,32.130520000000004,30.540849999999995,17.175129999999996,79.8465,0.011990878538316185,31.638370000000005,32.12350000000001,14.491439999999999,78.25331000000001,0.010387254524581009
E01003840,458.0465,61.36934999999998,49.69539,54.62372999999999,165.68846999999994,0.006613652438832742,120.35492,87.52718999999999,84.47592,292.3580300000001,0.0020758432043674626
E01003841,1183.5721,169.11190000000002,153.17227000000003,124.58616999999998,446.87034,0.001294607113729075,281.30304,250.18479,205.21393,736.7017600000003,0.0004478840721856743
E01003842,93.77977999999999,16.863169999999997,11.961870000000001,8.53365,37.35869,0.030616805341707534,27.76421,17.735709999999997,10.92117,56.421089999999985,0.014564240362701309
E01003843,237.46201,30.16917,32.65509,29.26086,92.08512,0.013447840037643384,58.66069999999999,53.11675999999999,33.59942999999999,145.37688999999997,0.00391730488997363
E01003844,614.8697599999999,124.2029,97.56826000000001,63.97397,285.74513,0.0024743669744666926,129.44513,130.42849,69.25101000000001,329.12463,0.0016454372308422965
E01003845,350.06232,61.79573,50.75057,37.31309999999999,149.8594,0.007237576532493921,79.92232,73.98406999999999,46.29652999999999,200.20292,0.003455450504866038
E01003847,1290.381,239.68931999999995,297.82463000000007,160.53846,698.05241,0.00134579879220256,216.60711,238.02472,137.69675999999998,592.3285900000002,0.0007997696755567862
E01003848,425.93419,50.93651,66.19386999999999,20.92055,138.05093,0.008524633635922103,109.86187000000001,109.29374,68.72765000000001,287.88326,0.002560993046285418
E01003849,56.80385,12.46397,14.58022,7.369759999999999,34.41395000000001,0.0568425688550787,8.90318,11.45482,2.0319,22.3899,0.05295528090831421
E01003852,2497.95675,434.5019699999999,415.06327,242.11359,1091.67883,0.0004971620820490918,519.80274,521.8687899999999,364.60639000000003,1406.2779199999998,0.00045863873870708724
E01003854,945.28049,127.48026000000002,159.94270999999998,129.41564,416.8386100000001,0.001715223370171532,192.21256999999997,208.48664,127.74267000000003,528.44188,0.0010379444131362937
E01003855,1214.30461,133.22721,165.86275000000003,88.88646000000001,387.97642,0.0016909154351833556,300.00152,304.56473,221.76193999999998,826.32819,0.0005661883471713416
E01003856,994.3623,145.53293,160.25184999999993,94.47104999999998,400.25582999999995,0.0014572311365749027,212.47818000000004,229.323,152.30529,594.1064700000001,0.0008368182514005005
E01003857,1448.79736,200.76991,195.61875999999998,153.53791999999999,549.9265899999999,0.0012828999106829241,344.56829999999997,309.69489,244.60757999999998,898.8707699999999,0.0005455179939217673
E01003859,477.53711,76.20589,72.99828,42.9423,192.14647,0.005504252969375907,113.47677,104.59215999999999,67.32171,285.39063999999996,0.0022151814128126206
E01003860,1008.5090799999999,161.52032999999997,275.56335999999993,167.47938999999997,604.5630799999998,0.0015396672718855527,134.24472,178.23223000000002,91.46905000000002,403.9460000000001,0.002091956689401794
E01003861,1220.59197,181.56898,173.49049,98.64335,453.70282000000003,0.0013886235745312159,273.3530400000001,311.39006,182.14605,766.8891499999999,0.0007484186909008062
E01003862,720.25095,86.17732,86.58426,47.37522,220.13680000000005,0.003898243172822132,190.07921,190.00467,120.03026999999999,500.11414999999994,0.0011601407909444237
E01003866,238.79381999999998,47.97702999999999,46.91092,30.94715,125.8351,0.0062171524470995745,45.95373,42.88935000000001,24.11564,112.95871999999999,0.00759679173649122
E01003867,649.50427,132.46527,92.35073,60.69148,285.50747999999993,0.002670696168010598,155.53136999999995,117.07763000000001,91.38779,363.99678999999986,0.0016056022709956415
E01003868,848.07089,134.66305,126.09451000000001,90.06854,350.8261,0.002419966268583765,214.63396,184.85337000000004,97.75746000000001,497.2447899999999,0.0014904085281906884
E01003869,168.11607,31.895630000000004,20.192079999999997,15.75211,67.83982000000002,0.015041329756226046,47.287330000000004,33.43006,19.55886,100.27625,0.010160880527062637
E01003870,300.98014,78.96466000000001,52.16729,44.10789,175.23984,0.00555693043830211,50.78625,48.272890000000004,26.681159999999988,125.74029999999999,0.004799099258259968
E01003871,288.71322,37.93938999999999,38.515460000000004,24.57122,101.02606999999998,0.009696676470441512,77.94798999999999,64.73182,45.00734,187.68715,0.0034210753487847077
E01003872,256.66475,49.40613999999999,41.82385000000001,20.59864,111.82863000000002,0.0125687480292971,57.023230000000005,58.41991,29.392980000000005,144.83612000000002,0.004686277673071598
E01003874,444.24645,93.76265000000001,91.60753,75.16029,260.53047,0.0021996836700151224,75.46712,65.00475000000002,43.244110000000006,183.71598000000003,0.002995492625865173
E01003875,829.74312,138.72528,132.85397000000003,111.92337,383.50262,0.0027656391226018443,157.07802,159.88617,129.27631000000002,446.2405000000001,0.0014748238181583621
E01003876,24143.45724,5365.952179999999,5517.49291,3680.6717,14564.11679,3.1277709462326146e-05,3310.7688699999994,3787.4247999999993,2481.14678,9579.34045,6.475726260298876e-05
E01003877,143.37733,24.587850000000003,18.06784,16.339000000000002,58.99469000000001,0.020912077527183846,35.821529999999996,29.41936,19.14175,84.38263999999998,0.008870656581428079
E01003878,336.77424,56.28874,48.11361000000001,35.31094,139.71329,0.00869788831649634,76.73264999999999,70.98325,49.34505,197.06094999999993,0.0032971976384083795
E01003880,1343.58934,212.23450000000005,217.35750999999996,156.59754000000004,586.1895500000002,0.0012909984924145037,295.98221000000007,286.65438000000006,174.7632,757.3997899999999,0.0007209911240033857
E01003881,557.82028,115.74374000000002,80.57674999999998,55.91095,252.23144000000005,0.003761577059929768,122.70152999999998,101.62219,81.26511999999998,305.58883999999995,0.0014001905315074717
E01003882,4021.96652,880.1511,820.9884000000001,544.53634,2245.675840000001,0.0001890305875636103,699.91841,684.36727,392.0049999999999,1776.29068,0.00022500030228587585
E01003885,2102.7635999999998,300.07662999999997,348.42211000000003,169.99012,818.4888599999998,0.0009050237348178883,550.66135,494.21306000000004,239.40033000000003,1284.27474,0.0005055813557756617
E01003886,1298.58315,219.59764999999996,241.19024,128.53835000000004,589.3262399999999,0.0009033652572244663,269.85456,271.84253,167.55982,709.25691,0.0007346009506350641
E01003887,906.42507,189.07950000000002,242.78764,115.53451999999999,547.40166,0.0014127304133631172,127.19712000000001,155.83241,75.99387999999999,359.02340999999984,0.0019807954554017333
E01003888,3377.85428,605.14428,601.78806,426.31376,1633.2461000000003,0.00023723342173950497,604.46811,658.5411,481.59896999999995,1744.6081799999997,0.00018902604342201166
E01003890,327.51786,46.89064,53.650380000000006,25.896410000000003,126.43743,0.007498157005311903,79.97522000000001,73.99539999999999,47.10981,201.08043000000004,0.0032850914218445094
E01003891,1010.18173,158.28035,207.5236,120.66272,486.46666999999997,0.0014002431975492,186.19828,208.28411999999997,129.23266,523.7150599999999,0.0008069668013491671
E01003893,2391.64894,507.26643000000007,656.1628699999999,310.22866,1473.6579600000005,0.0004839823892576775,378.80652,364.69199999999995,174.49246,917.9909799999999,0.0007890128595591164
E01003894,832.44592,118.51329999999999,176.13415000000003,90.08051999999999,384.7279700000001,0.002368331579280254,163.37841000000003,184.33997000000002,99.99957,447.71795,0.0015655121301660396
E01003895,699.84712,114.56118000000001,131.13592,88.7961,334.4932,0.002142302370264067,151.44269,149.11988,64.79135,365.35392,0.001912007048904918
E01003896,2946.92804,521.82979,570.3004999999999,552.06901,1644.1993000000002,0.00040672066853049166,481.94086000000004,528.9891600000001,291.79872,1302.72874,0.00041381755577654965
E01003897,3788.39877,1162.4215,903.9545300000002,512.55669,2578.9327200000002,0.0003026206172274033,482.65446,495.80643,231.00516,1209.4660499999998,0.0006331771050900926
E01003898,452.99141000000003,55.430049999999994,87.64367999999999,40.71917999999998,183.79291000000003,0.004472638103727645,110.78318000000002,104.84562999999999,53.56969,269.1985000000001,0.0026246324603162816
E01003899,485.98518,66.50921,70.5331,38.751459999999994,175.79377,0.005515790597196456,127.61967,121.99947999999999,60.57226,310.19140999999996,0.002250594749666917
E01003900,1436.6459499999999,219.92692000000002,240.15027000000003,131.64324,591.7204299999999,0.0010848301938406423,328.88654999999994,319.0790699999999,196.95989999999998,844.9255199999999,0.00046186846230405657
E01003903,526.48836,89.46183,79.81442000000001,50.032790000000006,219.30903999999995,0.003450354474296143,135.81823999999997,101.55796,69.80311999999999,307.17932,0.0020167116764236315
E01003904,315.6352,69.08539999999999,66.14313,37.123340000000006,172.35187,0.005553954675213053,60.249430000000004,51.26427,31.76963,143.28333000000003,0.0046943510582929835
E01003905,1660.19933,221.26144,250.29717000000002,119.21301999999999,590.77163,0.0011914828149133846,419.89358000000004,419.2792400000001,230.25487999999996,1069.4277,0.0004726666794523585
E01003906,118.75901999999999,17.19574,25.877640000000003,15.427000000000001,58.50038,0.019446122200001758,20.785580000000003,24.453460000000003,15.019599999999999,60.25864000000001,0.014962957901753504
E01003909,380.27749,94.28452000000001,99.68229,48.94762000000001,242.91442999999998,0.003023383685405233,58.2176,55.389390000000006,23.75607,137.36305999999996,0.005186822280591545
E01003911,5114.66857,833.39823,854.0864400000002,584.59643,2272.0810999999994,0.00021066530077850265,1090.68918,993.45665,758.4416399999998,2842.5874699999995,0.00013167611465959313
E01003912,1440.97486,168.14214,156.59392000000003,127.77355000000001,452.50961,0.0017968667762365564,432.80511999999993,325.8099899999999,229.85014,988.46525,0.000540489964128415
E01003916,2128.80195,330.36912,325.38404,346.3814,1002.13456,0.0007419556362617298,471.426,366.51939000000004,288.722,1126.6673899999998,0.00041010995079698815
E01003919,4895.81896,857.01812,882.20819,632.8991500000002,2372.1254599999997,0.0001892696933152927,945.2822699999999,887.2493,691.1619299999999,2523.6935,0.00012824664506588704
E01003920,5900.6565,936.3981099999999,881.70749,776.1399499999999,2594.2455499999996,0.00027900936784252964,1385.9202,1064.9369599999998,855.5537899999998,3306.41095,0.0001119765240887615
E01003921,10975.09021,1896.1510700000001,1970.1368200000002,1517.5624400000002,5383.850329999999,9.589158464329848e-05,1944.9258399999994,2063.0204799999997,1583.2935599999996,5591.239879999999,7.744077976574006e-05
E01003922,17212.61105,2966.73831,2811.3479100000004,2093.5800000000004,7871.66622,4.179544771616586e-05,3526.4664700000008,3293.4401799999996,2521.0381800000005,9340.94483,3.0345631078105553e-05
E01003924,2914.47328,417.0648800000001,393.28601,317.33234,1127.68323,0.00041378687652701457,719.86954,587.89773,479.02277999999995,1786.79005,0.00026884083465981686
E01003926,387.5421,90.22914999999999,79.11106,70.24871,239.58891999999997,0.0029261058679754936,57.62377999999999,53.0586,37.270799999999994,147.95317999999997,0.003200180101855816
E01003929,3670.61418,1206.34676,1055.15012,878.68624,3140.1831199999992,0.0002561290455409687,240.81910999999997,148.59311000000002,141.01883999999998,530.4310599999999,0.001677804593980375
E01003930,2794.38922,493.02718999999996,446.11701,355.25866,1294.4028600000001,0.0002344082237208129,552.06731,516.13698,431.78207,1499.9863599999996,0.00017337176838856834
E01003932,41214.83959,8757.84493,6746.76792,5967.8832600000005,21472.49611,2.6561069909190015e-05,7785.216869999999,6404.472769999999,5552.65384,19742.343479999992,3.332235365376525e-05
E01003933,19789.56115,3658.2232600000007,3259.2485699999993,2688.12471,9605.596540000002,4.9077927686847714e-05,3752.7034,3551.9819999999995,2879.27921,10183.964609999999,5.2001221020005336e-05
E01003934,2294.64251,545.10799,432.37032000000005,383.3374,1360.8157099999999,0.000452144456275291,349.87663999999995,307.31982999999997,276.63032999999996,933.8268000000002,0.0014902358260349704
E01003936,305.60018,50.73135,57.27019,44.83639,152.83793000000003,0.004554769517043977,56.74214,60.367160000000005,35.65295,152.76225,0.0031022172456835347
E01003938,300.46952,54.23409,48.26925,36.384949999999996,138.88828999999998,0.005730624886351732,57.263020000000004,53.891949999999994,50.42626,161.58122999999998,0.004731223178168693
E01003939,6535.23369,1373.7893499999998,1042.00522,845.81065,3261.6052200000004,0.00015650521854469095,1302.6669700000002,1129.78889,841.17261,3273.628469999999,0.00014523847205085523
E01003941,3490.65739,603.1760499999999,623.39434,458.60406999999987,1685.1744599999995,0.00014939372471208358,659.4878799999999,644.8422500000001,501.15279999999996,1805.4829299999997,0.00018002314792678992
E01003942,2808.237,378.81127000000004,435.7698,292.88812,1107.4691899999998,0.000468306299072616,610.56717,642.6546300000001,447.54601,1700.7678099999994,0.00017191560295903396
E01003945,394.16156,37.368109999999994,54.645309999999995,42.632819999999995,134.64623999999998,0.006685877823011447,106.72015999999999,89.37548,63.41968000000001,259.51532,0.002152912446104686
E01003946,2042.73039,270.45164,244.62497000000005,186.95927000000003,702.0358800000001,0.0009854492287668564,527.6626299999999,445.7874400000002,367.24444,1340.69451,0.00038571804884114164
E01003947,180.72427,40.649829999999994,22.028399999999998,24.26095,86.93918000000002,0.012325618889428026,42.10724,35.219539999999995,16.45831,93.78509000000001,0.010418722558805682
E01003948,989.83023,135.03495,127.17288,92.00013000000001,354.20795999999996,0.0017297696787483075,248.31709999999995,229.34953999999996,157.95562999999999,635.62227,0.0006571637528885314
E01003949,2216.60859,334.35033999999996,329.0060699999999,249.86112,913.2175300000002,0.00034761482392642567,509.12833,454.9900799999999,339.27264999999994,1303.39106,0.00027240249831001916
E01003950,2456.98169,350.91118,376.69453999999996,252.47046999999998,980.07619,0.0006357577808383623,620.4408500000002,514.4291499999999,342.03549999999984,1476.9055000000008,0.0003406993433237629
E01003951,841.79939,158.36698,127.28412999999999,93.05915999999999,378.71027000000004,0.0014958122202088425,192.15315,157.87417999999997,113.06179,463.0891199999999,0.0010597323365900322
E01003952,2531.53365,429.24760000000003,515.93594,265.32006,1210.5036000000005,0.0004868932140657765,601.9614399999999,437.10679999999996,281.96181,1321.0300500000005,0.000437655831530796
E01003953,3380.66844,541.82178,640.64288,385.3837199999999,1567.8483800000001,0.00029883765739901775,677.6916499999999,689.2384500000001,445.88995999999986,1812.8200599999998,0.00015759971431226105
E01003954,179.8261,34.93887,31.95136,25.93051,92.82074,0.01245956120911458,37.21775,35.15164,14.63597,87.00536,0.012381833661190257
E01003955,497.1543,65.82524,68.66134999999998,57.09686999999999,191.58345999999997,0.004568370280792634,129.00691,93.25657000000002,83.30736,305.5708399999999,0.0017024563388247723
E01003957,540.37958,79.29247000000001,70.62200999999997,47.40531000000001,197.31978999999998,0.004354430585728771,156.86944999999997,107.41265,78.77769,343.0597900000001,0.0016443400552533136
E01003958,1721.24636,294.8804599999999,241.82097,194.71042,731.4118499999997,0.0007949532888118093,450.9838,296.98960000000005,241.86110999999997,989.83451,0.0004781321739011368
E01003960,2892.55523,501.68651,503.38320999999996,374.16984,1379.23956,0.00020813513767646845,580.42524,547.87291,385.01751999999993,1513.3156700000002,0.00018282088011070544
E01003961,8541.05344,1403.2659999999998,1396.3074700000002,1102.8098300000001,3902.3833,0.00010804471736579118,1813.9229800000005,1575.83886,1248.9083000000003,4638.670139999999,7.832753586214957e-05
E01003966,10142.53735,1795.7367100000001,1773.0476799999997,1177.50109,4746.285480000001,6.47297963689683e-05,2211.0362999999998,1825.6309099999999,1359.58466,5396.25187,5.943203563062052e-05
E01003969,8393.22041,1301.8587599999998,1415.2215,1060.97546,3778.0557200000003,0.0001301136159002473,1791.3625600000003,1565.5587600000001,1258.2433700000001,4615.16469,9.038269849211676e-05
E01003975,255.21749,38.988420000000005,65.6919,25.101039999999998,129.78136,0.007841490433106692,51.86452,40.99538,32.57623,125.43612999999999,0.005127379086673839
E01003976,1216.31662,204.20239,263.01741999999996,157.75889,624.9787,0.0007333298240708172,218.32564000000002,207.01385999999997,165.99842000000004,591.33792,0.000586794291544756
E01003977,570.31224,91.96609000000001,82.32365999999999,60.37367999999999,234.66343000000006,0.003513092469684765,131.42016,114.78533,89.44332000000003,335.64880999999997,0.0016951787222344726
E01003979,1723.26048,199.74844,230.50097,144.83085,575.08026,0.0008090047962814933,445.62598000000014,392.1297400000001,310.4245000000001,1148.1802199999997,0.0004795513705278116
E01003980,202.76812,20.78679,23.503389999999996,13.94927,58.239450000000005,0.018017775912416007,61.245509999999996,44.40136999999999,38.88179,144.52866999999998,0.005668269441688409
E01003981,9244.29832,944.30459,1061.60319,776.62994,2782.537719999999,0.00013019560523422542,2666.9641399999996,2284.0203700000006,1510.77609,6461.760600000001,4.9380482015514e-05
E01003983,406.27477,64.27092999999999,58.233470000000004,52.39152,174.89592,0.005513215133056524,87.27753,76.33730999999999,67.76401,231.37885000000006,0.0021385558048852204
E01003984,6199.00537,915.6014200000002,900.0577999999999,751.2211000000001,2566.8803199999993,0.00020372338463470587,1481.27305,1211.63847,939.21353,3632.12505,0.00010895767133333812
E01003986,769.32673,127.59285000000003,127.98683,124.17908000000003,379.7587600000001,0.001887867789285246,139.77606,135.92368000000002,113.86823,389.56797,0.0012005377682158683
E01003987,87.12562,20.9137,16.51912,12.329799999999999,49.762620000000005,0.01898148863941269,14.996839999999999,12.142079999999998,10.224079999999997,37.36300000000001,0.029904806906911514
E01003989,4823.03873,698.6699800000001,724.0009999999999,533.49575,1956.1667300000001,0.0003000511316602098,1098.7130599999998,1020.97612,747.18282,2866.8720000000003,0.00013629345902078493
E01003990,987.19858,125.89195000000001,114.57872,129.77832,370.24899000000005,0.002477701397439118,275.76099000000005,190.64414999999994,150.54444999999996,616.94959,0.000827347089644851
E01003993,812.25817,134.85628000000003,135.26973999999998,118.65303999999999,388.77906,0.0011835859070211821,159.57363,145.46168,118.44379999999998,423.47911,0.0010966825605575577
E01003994,5299.27282,935.58672,1039.0780399999999,615.89628,2590.56104,0.00023871838132161313,1070.4818200000002,943.0346199999999,695.1953399999999,2708.7117799999996,0.00011566238745051556
E01003997,60.92834,10.18188,6.90227,4.19652,21.28067,0.06054734535880659,16.52032,13.35944,9.76791,39.64767,0.02189647801341691
E01003999,109.01468,14.595109999999998,18.52528,12.36552,45.485910000000004,0.026321394548630417,26.92174,22.15184,14.45519,63.52877,0.013910480240587608
E01004000,499.85567,75.55154999999999,59.55073,47.743460000000006,182.84573999999998,0.003680248734870668,129.28793,113.55175,74.17025,317.00993,0.001956822552631849
E01004001,829.99585,109.61008,118.07262,89.70859,317.39128999999986,0.0021129607522145056,201.26988000000003,182.59691,128.73776999999998,512.60456,0.0008796457613199284
E01004002,192.17362,22.855569999999997,34.14463,18.25482,75.25502,0.011818330564598781,39.06951,45.410979999999995,32.43811,116.91860000000001,0.00614583628165868
E01004003,129.72767,17.18171,18.687240000000003,13.814309999999999,49.68326,0.017833450465534115,26.24424,28.283129999999996,25.517039999999994,80.04441,0.010508731822794156
E01004004,1702.91189,236.92323999999996,264.37128,254.75939,756.0539099999999,0.0010123050425261794,358.12208000000004,329.72367,259.01223,946.8579799999999,0.0004506233531027131
E01004005,3969.22327,674.1719500000002,629.39131,458.97272999999996,1762.5359900000003,0.00014341939502052648,831.3147200000001,760.82065,614.55191,2206.6872799999996,0.00015290836839190096
E01004008,3005.70828,665.5432400000001,643.9138999999999,500.27542000000005,1809.7325600000001,0.00023495945295263078,442.28881,418.93666999999994,334.7502400000001,1195.9757199999995,0.00038408468489513586
E01004010,14591.69108,2224.23926,2321.2941900000005,1743.8834500000003,6289.416899999999,2.6936966025094093e-05,3063.5527899999993,3041.0650600000004,2197.6563299999993,8302.27418,3.0370826877925772e-05
E01004012,920.66806,77.56389000000001,83.21996999999998,98.87038000000001,259.65424,0.003486207081955445,302.19879999999995,204.48682,154.3282,661.01382,0.001072681999905377
E01004013,3156.83901,493.17732,508.65844000000004,370.00561999999996,1371.8413800000003,0.0004839064955602355,685.6152999999999,623.82189,475.56044,1784.99763,0.00023117057052100983
E01004014,1732.54969,236.64105000000004,265.35712000000007,219.77257,721.7707399999999,0.001274884254671939,410.77215000000007,340.8904599999999,259.11634000000004,1010.7789500000002,0.0005476360557935554
E01004015,3085.41581,380.86060000000003,499.4331200000001,243.7008,1123.9945199999997,0.000684256919338975,878.6398300000001,642.03412,440.74734,1961.42129,0.00026290490798195666
E01004016,727.65182,103.67739,123.97632999999998,67.31094,294.96466,0.0025577553066763797,170.52565999999996,163.30619000000002,98.85531,432.68715999999995,0.001064362058854211
E01004017,1209.35815,141.97084999999998,149.49184000000005,109.26145000000001,400.72413999999986,0.0016664686258636078,355.4280800000001,261.65765000000005,191.54828,808.6340099999998,0.0006669981848269668
E01004018,293.84005,39.36537,52.194280000000006,24.885189999999998,116.44484000000001,0.007897504537773726,70.93334999999998,68.30648000000002,38.15538,177.39520999999996,0.0033479552267157327
E01004019,232.21523,35.288740000000004,25.21942,31.946839999999998,92.455,0.009827478424164036,63.41265,43.13758,33.21,139.76023,0.005841209112943404
E01004020,1317.94937,168.07679,189.82903,126.47183999999999,484.37766,0.0013779220475508577,334.96597,299.55217999999996,199.05356,833.5717099999998,0.0004864674863492449
E01004021,388.17574,71.6786,85.44057999999998,53.311820000000004,210.43100000000004,0.002853724425460662,66.83343,66.07383999999999,44.837469999999996,177.74474,0.002832924844340918
E01004023,3980.94126,639.01106,611.05474,443.71313999999995,1693.7789399999997,0.000187861098312377,855.70901,838.3123300000001,593.14098,2287.1623200000004,0.00015213710064904823
E01004024,322.89987,47.116099999999996,59.95648,43.596709999999995,150.66928999999996,0.005092676736033104,64.0962,71.13995,36.99443000000001,172.23057999999995,0.005330906954342746
E01004028,2050.17402,337.67665000000005,393.08747,228.88662999999994,959.6507499999999,0.0005071536607472804,452.90706,370.49265,267.12356000000005,1090.52327,0.0002754583786847018
E01004031,14331.84082,2338.2934999999998,2674.8898599999998,2019.09574,7032.279100000002,7.461062707897533e-05,2400.5453300000004,2874.78995,2024.22644,7299.561720000001,4.669678650679051e-05
E01004033,1129.89707,140.36401,120.90224999999998,92.56262,353.82888,0.00120143243233492,301.65040999999997,287.71965,186.69813000000002,776.06819,0.0005173357658875061
E01004034,742.22989,116.30006,120.60185,86.69332,323.5952300000001,0.0018658620097477484,161.76007999999996,146.74546999999995,110.12911,418.6346599999999,0.0009616251581133734
E01004035,611.21728,87.81844000000001,92.05051000000002,80.07558,259.94453,0.00272901333563549,127.12294999999999,126.20006000000001,97.94973999999998,351.2727499999999,0.0011127352333613028
E01004036,302.88344,52.792559999999995,38.104839999999996,41.77543,132.67282999999998,0.013729624021028296,58.62639,68.85952999999999,42.72469,170.21060999999997,0.002812810437871733
E01004037,1357.0377,207.32324,175.36346999999998,159.61656000000002,542.30327,0.0017130197196283641,325.25975999999997,266.9252,222.54947,814.7344299999999,0.0005348810070269069
E01004038,367.59695999999997,47.78873999999999,48.72862000000001,31.686179999999997,128.20353999999998,0.0047035975379096095,89.31170000000002,87.12207,62.959649999999996,239.39342000000002,0.0019532130264611532
E01004040,590.72106,114.49259,113.30248,76.1713,303.96637,0.002125084744549989,114.01182000000001,100.35324999999999,72.38962000000002,286.7546899999999,0.001698606224704545
E01004042,2615.17642,399.8350199999999,392.44783000000007,276.22774999999996,1068.5106000000003,0.0004463852071789514,584.08937,553.28921,409.28723999999994,1546.6658199999997,0.00019632215814548441
E01004044,208.27653,27.64607,31.68978,25.477630000000005,84.81347999999998,0.012951873730920731,52.53659,41.85913000000001,29.06733,123.46305,0.004481889123547992
E01004045,67.3006,8.19811,14.066909999999998,6.0481799999999994,28.3132,0.04473721295071727,15.075759999999997,11.607790000000001,12.30385,38.98739999999999,0.023811926447989767
E01004046,769.78718,88.82635999999998,61.98228999999999,33.28384,184.09249,0.004712082338116935,285.37248000000005,166.50354999999996,133.81865999999997,585.69469,0.0013770316484931682
E01004047,1485.33267,200.2688,247.94108,185.64522,633.8550999999999,0.0010401158894187278,311.62231,304.41810999999996,235.43715,851.4775700000002,0.0006406810421571902
E01004048,2878.58669,414.12697999999995,479.03263999999996,259.77237,1152.93199,0.00046055984592447314,637.43102,645.4780699999999,442.74561,1725.6546999999998,0.00022003633080108927
E01004049,919.35729,118.16130000000001,108.84900999999998,89.43393,316.44424000000004,0.002315975214545585,232.94064999999998,200.63497999999998,169.33742,602.9130499999998,0.0009867829023270434
E01004050,245.97877,45.59707000000001,38.910470000000004,19.171049999999997,103.67859000000003,0.009069670753361467,55.5707,46.676739999999995,40.05274000000001,142.30018,0.004766084899475347
E01004051,3710.37282,829.21547,553.0616600000001,381.33892,1763.61605,0.00034849085429094475,808.7286999999999,649.8789799999998,488.1490900000002,1946.7567699999997,0.0002648468353708002
E01004052,904.50697,187.59086000000002,175.89722,102.60189999999999,466.08998,0.0014326147714633026,210.70893,128.08268,99.62537999999999,438.41699,0.0017678355632064794
E01004053,604.42845,110.60996999999999,86.78129999999997,62.11626999999999,259.50753999999995,0.0029081910079003055,150.75872999999999,111.28825,82.87393,344.92090999999994,0.0018736864179702672
E01004054,223.04368,16.11851,20.22912,11.49344,47.841069999999995,0.019407675155074015,71.43322,59.435520000000004,44.33387,175.20261,0.003793547190405624
E01004055,206.23784,27.47963,18.02586,14.19824,59.70373,0.02016890024664089,56.585290000000015,50.65883,39.28999,146.53410999999997,0.004970242943172859
E01004056,860.07244,108.55372,116.49441,67.63564,292.6837699999999,0.002264949972514502,253.03817999999998,186.60369000000003,127.74680000000001,567.38867,0.0011399528476828493
E01004057,543.0883,63.43146,74.80901,42.862449999999995,181.10292,0.004568161447007557,155.66416,116.30398000000001,90.01723999999997,361.98537999999996,0.0020232766298782542
E01004059,886.53868,161.71232000000003,169.3261,87.84477,418.8831899999999,0.0013334098969097613,192.49221,166.51511,108.64816999999998,467.65548999999993,0.0009781243305974677
E01004060,1396.28037,410.70631000000003,324.90686,223.17077,958.7839399999999,0.0005300928946468431,159.15443000000002,139.6744,138.66760000000002,437.49643000000003,0.0022514512833798827
E01004061,111.65319,33.74732,39.06351,20.6552,93.46602999999999,0.00920649348881693,7.787179999999999,7.43738,2.9625999999999997,18.187159999999995,0.06400026643994232
E01004062,6949.59773,1239.9145899999999,1321.8517599999998,968.97821,3530.7445599999996,9.177082450719074e-05,1306.03539,1259.26492,853.55286,3418.85317,9.858367887046002e-05
E01004063,7118.9794600000005,1734.9615800000001,1624.4059100000002,912.1416399999999,4271.5091299999995,0.00012920332517692482,1060.5155800000002,1156.5165299999999,630.43822,2847.47033,0.00016373478176641686
E01004064,3661.37745,537.9334,547.17889,452.43474000000003,1537.5470300000002,0.0002434048931582429,810.7794200000001,764.0584800000001,548.99252,2123.8304200000007,0.0001094904053217028
E01004067,16162.59112,2883.7887400000004,3153.9803200000006,1982.0006700000004,8019.769729999999,3.4879104300231784e-05,2877.8400099999994,3166.0823900000005,2098.89899,8142.821389999999,2.8443971064687603e-05
E01004069,568.73518,109.29165999999996,112.42181,64.49966000000002,286.21312999999986,0.003301678889700169,109.62122999999998,102.35610000000003,70.54471999999998,282.5220499999999,0.0020351242304312966
E01004070,1109.8383199999998,205.18419000000003,166.87248,96.09600999999999,468.15268000000003,0.001792432922585486,264.76647999999994,222.90224999999998,154.01690999999994,641.6856399999998,0.000735984785254545
E01004071,431.80439,83.03010999999998,78.39008,46.65332000000001,208.07350999999994,0.0032042989229593313,86.67331,77.43056000000003,59.627010000000006,223.73088,0.0022287852522563335
E01004072,1284.05474,155.23937,138.66174999999998,95.66022,389.56134000000003,0.0015540342139392345,394.88017,296.30582,203.30741,894.4934,0.0006415595744553372
E01004073,443.66837,57.01432,65.34447,35.32114,157.67992999999998,0.005127941375887747,123.44587000000001,90.39885,72.14372,285.98843999999997,0.0020083200750265597
E01004074,911.54775,164.11539999999997,196.30657999999997,99.06672,459.48869999999994,0.0014168698316473717,158.06642,167.78575999999998,126.20687,452.05905,0.0010279068653442948
E01004075,199.97509,38.36467,53.410000000000004,45.81638,137.59104999999997,0.006907427055598435,22.345979999999997,22.20022,17.837839999999996,62.38404,0.012720479931901108
E01004076,913.91418,199.20618,201.06876000000003,98.7371,499.01204,0.0016247482274469019,176.74554,148.69092999999998,89.46567,414.90214000000003,0.001843789927515685
E01004077,949.63706,130.11699,118.81933000000001,89.88291999999998,338.8192399999999,0.0016866705602359845,253.61984,217.10662,140.09135999999998,610.81782,0.0009642301728164386
E01004080,197.63541,23.928160000000002,23.122809999999998,17.743090000000002,64.79406000000002,0.022232776579815792,56.09396,37.71287999999999,39.034510000000004,132.84134999999998,0.005273271802734484
E01004083,556.02728,75.48851,60.1377,53.669709999999995,189.29592,0.005409015520648777,159.99992,122.14719,84.58425000000001,366.7313600000001,0.0014669508958129807
E01004084,104.76203,16.08017,15.70294,6.517689999999999,38.30080000000001,0.04043281099320728,27.358509999999992,28.49726,10.60546,66.46122999999997,0.014889548690542029
E01004086,1435.32765,254.53027000000003,181.68006,141.06719999999999,577.2775300000001,0.0014073796940647666,391.14678000000004,267.90011,199.00322999999997,858.0501200000001,0.0005727884822626149
E01004087,212.69572,35.63213,31.78799,20.84286,88.26297999999997,0.013547453330305659,57.079499999999996,41.11135999999999,26.24188,124.43274000000001,0.0056630252428369904
E01004088,751.96855,107.32807,80.54925,74.63247000000001,262.50979000000007,0.004067044672996156,211.49358999999995,175.29878,102.66638999999998,489.45876000000004,0.0011589213797540163
E01004090,1355.66889,183.15565,129.90487000000002,118.35965000000002,431.42017,0.0021403628461027,409.56009,305.59756,209.09106999999997,924.2487199999999,0.0006718699018697792
E01004091,213.39583,49.63674,43.47404,23.29894,116.40972,0.012465160771515644,35.59607999999999,47.474540000000005,13.915489999999998,96.98611000000001,0.011772583947262256
E01004094,620.87451,76.05064,67.5261,57.270270000000004,200.84700999999998,0.004594350639114285,183.57064000000003,138.63096,97.82589999999999,420.0275,0.0018808509136273195
E01004095,83.00914,21.28546,21.776870000000002,15.34068,58.403009999999995,0.02655218908620096,11.317219999999999,7.936800000000002,5.35211,24.606130000000004,0.059060769269289694
E01004096,391.45632,0.3287599999999999,0.55246,0.5485399999999999,1.42976,0.49565054260919333,177.4329,140.13532999999998,72.45833,390.02656,0.0020061533482195705
E01004097,187.94069,25.536389999999997,34.37758,16.80639,76.72035999999999,0.009686190273463041,46.027029999999996,42.40933999999999,22.783960000000004,111.22033,0.008090918590673903
E01004098,441.5914,69.48187,74.61807999999999,41.57469999999999,185.67464999999999,0.003205856122881486,93.69866999999999,91.44827000000001,70.76981,255.91675000000006,0.002151943157654417
E01004099,3298.17708,601.65762,619.74941,423.57313,1644.98016,0.0002488562758944084,602.9049799999999,609.8458400000001,440.44610000000006,1653.1969199999992,0.0002811853559421761
E01004100,229.30283,34.91444,21.187760000000004,20.58664,76.68883999999998,0.012676642401803833,58.52355,52.71208,41.37836,152.61398999999997,0.003770460975321806
E01004101,320.1062,47.24619,49.70346,35.44443,132.39408,0.00739594236049315,78.93291,64.61167000000002,44.16754,187.71211999999994,0.0032739715882920697
E01004103,327.53517,48.85992,49.48751000000001,40.33798,138.68541,0.008327902651395911,82.06404,66.79821000000001,39.98750999999999,188.84975999999997,0.003416191320004971
E01004105,309.97511,50.86532,41.26530999999999,23.336259999999996,115.46689,0.01062340147930804,72.82252,74.43543000000001,47.25026999999999,194.50822000000005,0.0035752850673916466
E01004107,272.76364,50.48674,43.55955,28.7416,122.78789000000002,0.009057483247051301,66.76543000000001,47.275980000000004,35.93434,149.97575000000003,0.004553057095379795
E01004109,185.17461,17.27344,20.20886,12.009599999999999,49.49190000000001,0.027368631446354222,54.01021,48.31843,33.35407,135.68270999999996,0.005435925744666823
E01004110,2027.16361,368.3616400000001,394.7455200000001,306.28246000000007,1069.3896200000001,0.0004496015696491284,342.32052999999996,365.04136000000005,250.41209999999998,957.7739900000001,0.0005965741805486386
E01004111,256.13277999999997,42.24151,39.333130000000004,30.12549,111.70013000000002,0.006900362965428314,54.825179999999996,46.45638,43.151089999999996,144.43264999999997,0.003613984795119129
E01004118,5317.40424,761.1764799999999,823.82746,594.14601,2179.1499499999995,0.00012844501260148044,1189.7929600000002,1147.4195499999996,801.04178,3138.2542900000003,7.827197948577589e-05
E01004119,178.99692,37.739039999999996,38.88514,10.515320000000001,87.1395,0.01534161603630882,39.609159999999996,40.62832,11.619939999999998,91.85742000000002,0.013395169924553838
E01004120,524.24028,83.2764,85.56158,52.39929,221.23727000000002,0.0049509019952023265,134.73177,107.40517000000001,60.866069999999986,303.00300999999996,0.0018999453442433054
E01004121,942.24236,172.22140000000002,190.82273,117.47103999999997,480.51517000000007,0.0008519902416938243,172.35662000000002,169.03325999999998,120.33731,461.7271899999999,0.0007204708732046247
E01004123,5053.77182,975.68563,772.2299599999999,622.6878,2370.603390000001,0.0003236058828305907,1093.7905000000003,917.7755,671.60243,2683.168430000001,0.00019286986549730243
E01004125,659.73622,96.80539999999999,73.99976000000001,57.48101,228.28617000000003,0.005151805016169464,186.17927999999998,152.85768000000002,92.41309,431.45005000000003,0.001715226676527607
E01004127,369.13389,41.982459999999996,34.61205,30.87197,107.46647999999999,0.01190745221208366,115.60441999999999,96.39957,49.66342000000001,261.66740999999996,0.002943768817467238
E01004128,395.96317,47.45342000000001,41.51308999999999,26.3444,115.31091000000004,0.012542702500794901,118.60867999999999,99.58728999999998,62.456289999999996,280.65226000000007,0.002117939971828262
E01004129,1612.33851,240.03641999999996,224.31993999999997,160.63817,624.9945299999998,0.0010971407806915304,416.48350000000005,343.86587000000003,226.99461,987.3439799999999,0.0004991756315184837
E01004130,663.15256,99.00754000000002,84.12968999999998,51.97689,235.11411999999999,0.0038578368759469538,186.70938999999996,152.34922,88.97983,428.03843999999987,0.0013510133349400855
E01004131,1741.7211,238.47807,188.39221,147.03913,573.9094099999998,0.0015085680578249261,515.11517,387.73125999999996,264.96526000000006,1167.81169,0.000422989943610494
E01004134,1398.07148,118.40638999999999,94.79865,72.9079,286.11293999999987,0.0018640918879746558,468.16884,367.79073000000005,275.99897,1111.9585400000003,0.0004953723644138832
E01004135,360.32101,47.10046,46.41169000000001,35.22918,128.74133,0.008215191536417305,107.01977,70.44959,54.11032,231.57967999999997,0.0031693671739909295
E01004137,4252.02294,852.7950699999999,790.93862,630.47847,2274.21216,0.00021354914075023715,717.35508,736.2969800000001,524.15872,1977.8107799999998,0.00019135550906915005
E01004138,552.77866,72.31456,71.68576999999999,53.1021,197.10243000000003,0.004533817500754137,153.58402,120.17533000000002,81.91688,355.67623000000003,0.0016404265804202606
E01004139,155.74179999999998,30.77327,25.07017,22.064320000000002,77.90775999999997,0.00968149330415016,31.489050000000002,29.862199999999998,16.482789999999998,77.83403999999999,0.010250016274814713
E01004140,2100.62538,426.9732599999999,430.92267000000004,203.74065000000002,1061.63658,0.0007312751044017416,405.93881999999996,369.39752000000004,263.65245999999996,1038.9888,0.0003129802519644853
E01004144,826.6375499999999,126.40250999999999,98.89103999999999,84.40618000000002,309.69972999999993,0.0030138706768320107,238.31841000000003,165.29855,113.32085999999998,516.93782,0.0011015706968790751
E01004146,1808.13559,303.44287999999995,279.73337999999995,221.74259,804.91885,0.0006973116806774799,418.35629000000006,310.21399999999994,274.64645,1003.2167400000001,0.0003361551417689731
E01004147,86.10439,10.9011,12.6722,3.2890700000000006,26.862370000000002,0.05326737415970179,27.333209999999998,25.55263,6.35618,59.242020000000004,0.02002739836358329
E01004148,586.37161,76.6362,57.12982999999999,50.03550999999999,183.80153999999996,0.0050137070395218355,161.81633999999997,135.21928000000003,105.53445,402.57007,0.001221158704371079
E01004152,477.13710000000003,63.14351,48.74286,42.61138,154.4977499999999,0.00660500012976393,113.62787,104.20943999999999,104.80204,322.63935,0.0015126680448866163
E01004153,247.64628,75.22872000000001,53.79372,46.35928,175.38172000000003,0.006961674410499308,26.12827,26.639809999999994,19.496479999999995,72.26456,0.012980134610498937
E01004156,3507.3852,786.2614500000001,572.41582,392.44962,1751.1268900000007,0.00031638822445229553,700.1715,601.47674,454.61006999999995,1756.2583100000002,0.0001721643443910578
E01004157,114.46061999999999,18.61618,24.373,13.505489999999998,56.49467,0.014242532949163632,25.41143,20.15085,12.403669999999998,57.96594999999999,0.013282043055914515
E01004158,241.56217999999998,42.12365000000001,35.47469,26.269159999999992,103.86749999999999,0.007890810518468704,58.90169999999999,47.35413,31.43885,137.69467999999998,0.0047322905306271465
E01004159,204.45162,29.40671,30.37261,23.64754,83.42686,0.015196427571217301,52.88741999999999,44.24678000000001,23.89056,121.02476,0.006134582042820176
E01004160,287.12902,36.05902,28.829169999999998,20.04483,84.93302,0.014558694627216602,79.27649,82.17887999999999,40.740629999999996,202.196,0.004744884300395571
E01004162,71.29115999999999,16.6759,13.86668,8.1209,38.66348,0.02287425112547263,13.210579999999997,10.69449,8.722609999999998,32.62768,0.03350061753881715
E01004163,453.09584,46.977299999999985,40.41158000000001,27.735580000000002,115.12445999999998,0.012849186394359653,155.68051,114.81324000000002,67.47762999999999,337.97138000000007,0.0018210086740713869
E01004164,864.4614,149.62139,114.28222000000001,102.22804,366.13165,0.0022997245727195024,207.9288,163.2687,127.13225,498.32974999999993,0.0012607156472236379
E01004165,838.7924,147.67675,136.41692,90.64291,374.73658000000006,0.002496438655725903,189.95296999999997,180.66130000000004,93.44155,464.0558199999999,0.0013365361714602437
E01004166,145.01867,19.309759999999997,12.6926,7.12969,39.13204999999999,0.030346313632546678,51.28757,32.382830000000006,22.21622,105.88662,0.00829000924099183
E01004167,502.17505,79.26012,56.95824000000001,46.073310000000006,182.29166999999998,0.004750435750384326,142.02038000000002,104.09575000000001,73.76724999999999,319.88338,0.0022745426936888495
E01004169,443.79949,39.51401,33.145540000000004,41.81102,114.47057000000001,0.015111505110039903,137.86440000000002,112.14063000000003,79.32388999999999,329.3289200000001,0.0017083718487983016
E01004170,1623.59969,297.5343199999999,239.51655000000002,176.37686,713.4277299999998,0.0005414061429486344,397.18356,303.8522500000001,209.13614999999996,910.1719600000002,0.0006067674102351407
E01004171,1713.20752,259.16407,249.13156,194.77046,703.0660899999996,0.000785247657994259,397.68001,359.62751000000003,252.83391,1010.1414300000001,0.0004479097438143456
E01004172,65.22769,21.425549999999994,15.79535,10.86845,48.089349999999996,0.02119251184746276,8.562349999999999,5.63207,2.94392,17.13834,0.07542683532375975
E01004175,118.26955,37.06288,29.14283,12.53438,78.74008999999998,0.01581466833265154,19.17556,13.377669999999998,6.976229999999999,39.52945999999999,0.029404990707836948
E01004176,144.66291,23.79577,24.44525,19.35101,67.59203,0.017663937526260814,30.37525,22.03576,24.65987,77.07087999999999,0.012036232730271691
E01004177,630.83865,96.27941,71.74913,51.24886,219.2774,0.0034152489155520604,164.41147999999998,140.56179999999998,106.58797,411.56125000000003,0.001351256947018626
E01004178,3565.77484,775.0180099999999,672.2189999999999,428.8971,1876.1341100000002,0.0003121021201064155,645.33223,610.2275199999999,434.08097999999995,1689.6407299999998,0.0003623556028925188
E01004180,117.4994,27.554879999999997,19.0486,17.26191,63.865389999999984,0.018905903747334227,23.1877,12.541170000000003,17.905140000000003,53.63401,0.020739810593906095
E01004181,585.44858,86.84809,77.09425999999999,48.13309,212.07544000000001,0.005310716680989207,165.96414999999996,129.00186000000002,78.40713,373.37314,0.001900925109059746
E01004182,363.89571,56.88011,62.700970000000005,36.10729,155.68837000000005,0.004657861386639203,83.26868,78.60613000000001,46.33252999999999,208.20734000000002,0.0027643266966228047
E01004183,442.51801,50.58377,34.84214,44.64981,130.07572000000002,0.012022041969340556,145.04824,93.43876999999999,73.95528,312.44228999999996,0.002770810549203707
E01004185,162.97486999999998,30.866059999999994,27.29217,25.9868,84.14502999999999,0.012003838370766615,29.147479999999998,27.608069999999998,22.074289999999998,78.82983999999998,0.011277764253016086
E01004186,328.48075,50.42058,44.895070000000004,38.5053,133.82095000000004,0.008293784759068619,78.10957,68.86386999999999,47.68636,194.65980000000002,0.003428248758480525
E01004190,397.74166,70.81424000000001,74.25641000000002,49.459509999999995,194.53016000000005,0.0028598553649981716,77.49347,79.90001,45.818020000000004,203.2115,0.004342236547291776
E01004191,690.41016,116.57147,126.80301,78.23245999999999,321.60693999999995,0.0015327936030221318,161.64167,140.41197,66.74958000000001,368.80322,0.0021933313354824176
E01004192,58.56592,11.63173,16.0008,0.0,27.63253,0.07763951584726951,13.19459,17.7388,0.0,30.93339,0.06951891243499099
E01004196,767.2611899999999,94.60977,80.33223999999998,48.76661,223.70862,0.0047561868278371295,259.0763799999999,188.23046000000002,96.24573,543.5525699999998,0.0014693406556894662
E01004198,991.16232,217.37424000000001,229.32343999999998,152.77700000000004,599.47468,0.0008455605546825217,147.98302999999999,145.26608000000002,98.43852999999999,391.68764,0.0010808116702630778
E01004200,996.26043,165.27495000000002,175.09638999999999,110.99307000000002,451.36440999999996,0.0006420005429135138,215.56745000000004,170.73006999999998,158.5985,544.89602,0.0013876218465090442
E01004201,173.32179,22.15664,17.56613,18.279249999999998,58.00202000000001,0.014515874687168171,43.17346,42.92449,29.22182,115.31977,0.0072895780752088996
E01004203,419.1814,93.33183,96.98793,65.97425999999999,256.29402,0.0019264449833737212,59.995200000000004,55.22615,47.666030000000006,162.88738000000004,0.004914351272556187
E01004204,902.82753,133.62078,163.12745,111.34221,408.09044000000006,0.0013800152875365133,190.06169999999997,163.97734000000003,140.69805,494.73709,0.0010388242801191517
E01004205,100.22924,19.923209999999997,15.88841,15.507910000000003,51.31953,0.02316018248763578,12.768620000000002,23.45923,12.681860000000002,48.909710000000004,0.023268446905648926
E01004207,2816.46362,432.47415000000007,475.3191,359.99806,1267.7913100000003,0.0005269453932760402,540.91633,552.19673,455.5592500000001,1548.67231,0.00042297317063108293
E01004208,9313.72403,1682.2093499999999,1660.7164200000002,1350.6339899999998,4693.559759999999,0.00013447415478639278,1718.4505799999997,1608.2560799999999,1293.45761,4620.164270000001,0.00011932450993151333
E01004209,835.68502,146.35600000000002,157.8025,115.00854,419.16704,0.0017936224220517318,136.98199000000002,159.57542,119.96057000000002,416.5179799999999,0.001695600210687738
E01004211,1534.00452,310.02134,311.55661,239.13834,860.7162900000001,0.0004242236278136813,259.44358,239.09406999999996,174.75057999999996,673.2882299999999,0.0006123607986404998
E01004212,8583.42068,1282.2034099999998,1252.3544500000003,994.8911400000001,3529.449,0.00012346986074391654,1826.8980800000002,1851.3751599999998,1375.6984400000001,5053.971679999998,6.072059723849542e-05
E01004216,492.91352,46.159659999999995,62.45197,46.41357000000001,155.02519999999998,0.007985528545743557,118.77391000000001,117.78465,101.32976000000001,337.88831999999996,0.0015895611161176179
E01004217,2176.69667,214.71415,388.29474,278.45313,881.4620200000002,0.0010367316776295954,354.76929,520.46178,420.00358,1295.2346499999994,0.000561079559454381
E01004218,379.51957,48.09759000000001,57.01065,41.50053,146.60877000000002,0.007169613802418375,71.96208999999999,83.83947,77.10924,232.91079999999997,0.003654805457585216
E01004219,6618.0419999999995,847.39674,1012.64752,817.17325,2677.21751,0.00014083544708776846,1108.5360800000003,1616.74449,1215.5439200000003,3940.8244900000004,0.00015445193611978792
E01004221,922.72214,130.10873,154.87259000000003,128.02942000000002,413.0107400000001,0.001335451996329142,161.1504,205.62619000000004,142.93480999999997,509.71140000000014,0.0008547883240053594
E01004223,1285.35076,169.07301999999999,191.18124,141.89785999999998,502.1521200000002,0.0014175016358574295,323.85462000000007,253.05347000000003,206.29055,783.1986399999998,0.0006803030832574826
E01004226,201.29488999999998,19.73662,29.32035,17.389359999999996,66.44633,0.014521783716757728,41.6325,61.62436,31.5917,134.84855999999996,0.0072606434039759905
E01004228,2101.57417,267.54987000000006,297.13818000000003,190.63858000000002,755.3266300000001,0.0007585292643420595,548.5003800000001,443.24061000000006,354.50655,1346.2475399999998,0.0005127115649193271
E01004229,754.4220399999999,127.28449,141.41096,106.68289,375.37833999999987,0.0019113846538944524,130.49858,142.31706,106.22806000000001,379.0437,0.002618627032015828
E01004230,2519.2877399999998,423.89393000000007,478.02416999999997,324.88257,1226.80067,0.00028546158329212476,493.59177,453.8657899999999,345.02951,1292.4870700000001,0.00021087772495054962
E01004231,2469.22643,354.1121300000001,362.51306000000005,286.22156,1002.8467499999999,0.0006846944135406128,472.9492600000001,535.07784,458.3525800000001,1466.3796800000002,0.0006109348650243842
E01004232,4307.15259,920.1928999999999,813.3608800000001,592.9465499999999,2326.5003299999994,0.0001532029643511977,691.4575199999999,749.72742,539.4673199999999,1980.65226,0.00021036780046267307
E01004233,576.58847,68.42601,83.00617,68.75828999999999,220.19047,0.004066959799855805,161.48467,111.55596,83.35736999999999,356.398,0.0019019320867721696
E01004234,1413.22952,174.85339999999997,217.76176999999998,151.69708,544.31225,0.0011015615874937,335.6372,297.54544,235.73462999999998,868.9172699999998,0.0005980625994524513
E01004235,545.12572,35.74223,83.57032000000001,76.03445999999998,195.34701,0.009403718694102942,71.6893,173.47980999999996,104.6096,349.77870999999993,0.002801740766390609
E01004236,208.07775999999998,27.862990000000003,26.247079999999993,19.031679999999994,73.14175000000002,0.013812927957940991,41.41049999999999,58.784839999999996,34.74067,134.93600999999998,0.0061390294839374065
E01004239,418.68565,35.081,60.87646000000001,48.99980000000001,144.95725999999996,0.006249595042078875,53.286049999999996,127.27360999999999,93.16873,273.72838999999993,0.0038849233828472294
E01004241,278.6865,36.85304,39.106350000000006,33.45031,109.4097,0.008116745368810768,64.35777000000002,63.54669999999999,41.372330000000005,169.2768,0.0040727216111932935
E01004244,213.03085,20.909839999999996,24.19516,20.10665,65.21164999999999,0.014617605734570412,40.79651000000001,52.15329999999999,54.86939,147.8192,0.006935257137642178
E01004245,839.628,110.09143,137.95742,104.59469999999999,352.6435499999999,0.002346255362151284,161.79495999999997,183.63840000000002,141.55109000000002,486.98445,0.001006693861089369
E01004247,3303.7378,522.0001199999999,588.50423,480.1520099999999,1590.65636,0.0004021588078983625,505.39844000000005,628.5957000000001,579.0872999999999,1713.0814400000002,0.0005745061854298336
E01004249,1218.63642,146.35487,171.35472999999996,132.86629000000002,450.57588999999996,0.0015980454215291477,229.60173999999995,290.13466,248.32413,768.0605300000001,0.0009143040134074801
E01004255,1642.56314,215.95853,283.74037,234.91192999999998,734.6108300000002,0.0007483315097300677,285.91089999999997,330.81199999999995,291.22941,907.9523099999999,0.000748215873508614
E01004257,1163.8092,143.38349,154.0757,138.79446000000002,436.25365000000005,0.0017824312557027009,217.37405,275.21121,234.97029000000003,727.55555,0.0011303415839895524
E01004259,1015.99259,231.92634999999999,224.54972999999998,174.97102,631.4471,0.0007998965507905933,141.94443999999996,136.75207999999998,105.84897,384.54549000000003,0.0014059483234484188
E01004260,121.87456,37.47815000000001,36.23149999999999,25.625059999999994,99.33470999999997,0.006990814217626162,10.28558,5.377759999999999,6.876509999999998,22.53985,0.04486341384376861
E01004266,80.64089,13.45178,12.874030000000001,11.89665,38.222460000000005,0.023920652973458457,12.51557,19.332459999999998,10.5704,42.418429999999994,0.019918325277206172
E01004267,2075.8842,211.2172,271.65649,201.37104000000005,684.2447299999999,0.0012738877592503792,495.82607999999993,497.00775999999996,398.80562999999995,1391.6394700000003,0.000657877467128541
E01004270,9247.85256,1513.80433,1707.1368699999998,1384.3417499999998,4605.28295,0.00011196890156310504,1585.0895500000004,1706.84487,1350.63519,4642.569610000001,0.00011447176913315787
E01004272,455.87230999999997,65.65143,72.31381,61.14939999999999,199.11464000000007,0.004340117953490503,72.90453,94.90033,88.95281,256.75766999999996,0.0039766232255909785
E01004274,1033.29915,92.60461,142.607,91.60697,326.81858,0.0023125229503682177,223.86538999999996,280.60717,202.00800999999998,706.48057,0.0009940660854353
E01004276,728.04738,64.49984,90.44522999999998,70.68963,225.63469999999998,0.0032199307786043158,178.44115000000002,174.10595999999998,149.86557000000002,502.41268,0.0013897727212751347
E01004277,7673.23608,1538.6068099999998,1913.7010500000004,1310.4570199999996,4762.764880000001,0.00010275458925845099,836.0845899999999,1240.7502499999998,833.6363599999999,2910.4712,0.00026570133217562015
E01004280,1011.96826,136.00651,126.84320999999998,99.98285000000001,362.83256999999986,0.0012205433865931836,251.75971000000007,218.15540000000004,179.22058000000004,649.13569,0.0008331703138159145
E01004281,305.26735,17.560519999999997,35.9485,24.04517,77.55419,0.02100033754299488,76.41132,87.55466,63.74717999999999,227.71316000000002,0.003265088447170783
E01004283,80.31781,8.27667,13.148100000000001,9.980170000000001,31.404939999999996,0.038242686734554596,16.795499999999997,15.452580000000001,16.66479,48.91286999999999,0.01654100385083953
E01004287,1408.77879,223.39352999999994,279.14838,234.85015999999996,737.3920699999999,0.001005973717954301,189.96166,266.0071,215.41795999999997,671.3867199999997,0.00100060430103657
E01004288,84.32729,9.04003,16.96805,12.29472,38.3028,0.041133311388015556,11.35678,18.078539999999997,16.58917,46.02449,0.030867435207968617
E01004289,1843.25524,142.00633,399.78851999999995,375.06537,916.8602199999999,0.0021146291822594803,228.94692000000003,391.75050000000005,305.69759999999997,926.3950200000003,0.001005060411838826
E01004290,1143.31279,215.34771,229.11684000000002,170.27556000000004,614.7401100000001,0.0014573229300678522,188.33974000000003,185.73702999999998,154.49591,528.57268,0.0013853524063027916
E01004291,544.64867,57.98471,81.13175,42.85144,181.96790000000001,0.005319681358637682,154.7437,129.02336,78.91371,362.68077,0.00190170895093097
E01004293,3117.5142,550.5620600000001,816.0579299999998,562.93879,1929.5587800000008,0.00033183149459801563,363.58272999999997,453.04331,371.3293799999999,1187.95542,0.0005184222691906794
E01004295,107.42703,16.77333,17.53514,17.791230000000006,52.0997,0.020409441860597132,18.373190000000005,17.44868,19.505460000000003,55.32733000000001,0.018016992596041715
E01004296,610.04989,93.59846999999999,125.03315000000002,81.83568,300.46729999999997,0.0038222286858508123,106.13385,99.10295000000002,104.34579,309.58259,0.0032001728063519126
E01004297,144.31595,29.865549999999995,55.20544,29.335449999999998,114.40643999999998,0.009867134225109602,9.558649999999998,12.723299999999998,7.627559999999999,29.909509999999997,0.03297443891427543
E01004301,489.54354,49.397659999999995,56.95326,38.12672,144.47763999999998,0.006159369841027605,103.93221000000001,136.6612,104.47249000000001,345.06589999999994,0.0019941588976440904
E01004303,162.87908,17.004160000000002,19.674799999999998,14.571150000000001,51.250109999999985,0.021891474898367035,33.955949999999994,45.29780999999999,32.37521,111.62897,0.010247773005914913
E01004305,998.77421,131.27178,172.61569000000003,122.7919,426.67936999999995,0.0023073251554458704,178.42122000000003,204.55792000000002,189.11570000000003,572.0948400000002,0.0013563221684085086
E01004307,523.51855,120.69296,118.83341,97.62796999999999,337.1543400000001,0.0020601643692454946,52.226639999999996,87.30319,46.834379999999996,186.36421,0.004787801336253323
E01004309,5140.63742,1079.8575199999998,1108.4516,923.2318500000001,3111.54097,0.0004249975361726001,655.37559,758.8015500000001,614.91931,2029.0964500000002,0.00043785991297633827
E01004310,11049.79182,1961.5227399999999,1942.4571,1748.37082,5652.35066,0.0001728391913147012,1719.67718,1924.4152700000002,1753.34871,5397.441159999999,0.00021936680356115287
E01004313,1349.60227,225.94919000000007,237.14964,186.42949000000004,649.5283200000001,0.0005048535199904884,273.35883,230.63925999999998,196.07586000000003,700.0739500000001,0.0006044607167871614
E01004319,128.36402999999999,23.041240000000002,25.197750000000003,15.001389999999999,63.24038,0.018892261421772517,20.307460000000003,26.2563,18.559890000000003,65.12364999999998,0.01142357660203694
E01004321,2761.0876,454.36551999999995,477.13329000000004,430.56612,1362.0649299999998,0.0008461653443262635,431.53058999999996,525.22151,442.27056999999996,1399.0226700000003,0.0005351023683084284
E01004322,850.79977,76.19201000000001,78.03225,61.27595,215.50021000000007,0.003548604814056411,210.3528,238.55712999999997,186.38962999999998,635.2995600000002,0.0011805288785249539
E01004326,3011.66502,445.67084,530.58917,430.43676000000005,1406.6967699999998,0.0004908152798363539,492.18751000000003,611.4897,501.29104000000007,1604.9682500000001,0.0004453774127962224
E01004328,391.97979,62.33231,54.59636999999999,42.85268,159.78135999999998,0.00789252526460242,105.20823999999999,80.60459999999999,46.385590000000015,232.19842999999997,0.003542837526010649
E01004329,185.35832,26.873350000000002,23.86957,17.60313,68.34605000000002,0.009930477383143305,48.380120000000005,35.54305,33.0891,117.01227000000002,0.005458175005515521
E01004330,707.73835,103.96476000000001,106.34317999999999,96.91938999999999,307.22732999999994,0.002247235370915537,165.80301,124.54059999999998,110.16741,400.5110200000001,0.0014865118802388582
E01004331,444.28919,60.44056999999999,44.527930000000005,53.00565999999999,157.97415999999996,0.005822363540791405,113.42541000000001,98.14287999999999,74.74674,286.31503,0.0021201268998393
E01004332,535.5596,139.30707,123.84087000000001,105.10598,368.2539200000001,0.0021297501036675725,66.23824999999998,54.67440999999999,46.39302,167.30568000000002,0.0025268090552390543
E01004335,2179.26761,308.18847000000005,278.66665,229.40587999999997,816.2610000000001,0.0004538150270309979,546.39308,455.42379000000005,361.18974,1363.0066100000001,0.0002545667914928874
E01004336,11505.64024,2522.59182,2117.37086,1600.60394,6240.566619999998,6.726332238914644e-05,1953.51739,1911.1503499999997,1400.40588,5265.073619999998,6.018987315110284e-05
E01004337,394.58794,61.08475,43.83919000000001,55.28215,160.20609,0.005048611240612013,93.11661,75.41052000000002,65.85471999999999,234.38185,0.0026796796318298895
E01004340,111.94156,22.75525,9.08606,6.956819999999999,38.79813,0.03205333724626566,32.15166,27.1205,13.871269999999999,73.14343000000001,0.011666374432816502
E01004341,2850.99945,459.51834999999994,425.6126600000001,366.29152,1251.4225299999994,0.0006216444870935916,633.5183499999999,550.07955,415.97902000000005,1599.57692,0.0002366956896379831
E01004342,867.43578,157.28611999999998,147.67163999999997,95.70612999999999,400.66389,0.00219561631969033,199.78522,151.28159,115.70508,466.77189,0.001128245277363734
E01004343,620.66841,80.72845999999998,68.76083,53.816739999999996,203.30602999999996,0.004157856481237969,172.18175,157.27648000000002,87.90414999999999,417.3623799999999,0.0015937978893460713
E01004344,3040.85401,552.98404,498.70016999999996,355.79211999999995,1407.4763299999997,0.0004723220008510767,646.5650499999999,568.74405,418.06857999999994,1633.3776799999994,0.00021926849523236152
E01004345,487.00028,62.99132,51.088049999999996,51.005610000000004,165.08498,0.007707973511510117,141.34365,108.34029000000001,72.23136,321.91530000000006,0.0019193841324906219
E01004347,722.01682,35.052429999999994,26.111730000000005,17.34,78.50416,0.015012544892683392,279.21871000000004,213.68400999999994,150.60994,643.5126600000002,0.0006694607404799927
E01004348,1935.53871,306.01946,291.03603999999996,256.53812999999997,853.5936300000002,0.0008666587954896235,390.4416099999999,400.08949,291.41398,1081.9450799999997,0.0003361819168752465
E01004349,195.37324,33.25181,27.129069999999995,19.01723,79.39811,0.017827855256390766,53.45924,42.610119999999995,19.90577,115.97513000000001,0.008395489255178284
E01004350,602.32159,102.84625,96.40834,72.19273,271.44732,0.0024299897952585014,141.95221000000004,130.1902,58.73186,330.87427,0.002546225341423264
E01004352,1724.76164,373.8577,414.49060000000003,197.10942,985.4577199999998,0.0007158467283565205,257.81363999999996,324.26903000000004,157.22125000000003,739.3039200000002,0.000878063972332509
E01004353,133.30557,20.088079999999998,12.405499999999998,16.51887,49.01245000000001,0.024654614963011984,36.34719,31.10501,16.84092,84.29312000000002,0.008964314984329522
E01004354,2743.06442,494.20607,445.08176000000003,302.28068,1241.56851,0.0003805603248390474,597.28,547.68033,356.5355799999999,1501.4959099999999,0.0003454127369733416
E01004356,550.6447499999999,72.23732000000001,65.67042999999998,59.11419000000001,197.02193999999997,0.00456799033921099,157.99155,115.13885,80.49241,353.6228100000001,0.0015709540021711058
E01004357,114.46472999999999,30.99054,24.567359999999994,22.488220000000002,78.04612,0.011957983533533695,17.31153,13.64823,5.458849999999998,36.41861,0.03293160587626346
E01004358,542.9240599999999,64.42012,67.45349999999999,55.92357999999999,187.7972,0.004193269623613712,132.55057,135.12318999999997,87.45309999999998,355.12686,0.0013021119315442505
E01004359,373.20502,53.50505999999999,51.489070000000005,34.73106,139.72519,0.005180280780541034,93.15872999999999,89.50249000000001,50.81860999999999,233.47983,0.0028945214314450895
E01004360,51.84529,8.497219999999999,6.32773,5.80164,20.626590000000004,0.04514740382492652,13.5132,12.402940000000001,5.302559999999998,31.218700000000005,0.0385231727024263
E01004361,370.3815,42.34657,34.94986,35.77985,113.07627999999998,0.012443803659334684,120.97599999999998,73.73277,62.59645,257.3052199999999,0.0028103045678937004
E01004362,1019.68491,132.13608,125.76307000000001,119.55301,377.45216,0.001864918660002767,256.4934800000001,221.25362,164.48565000000002,642.23275,0.0006353121852489884
E01004363,3028.87978,712.01873,437.24143000000004,409.2053599999999,1558.46552,0.0007047119370257506,601.48292,457.1840000000001,411.74734,1470.41426,0.0004399174323875179
E01004364,4437.77233,867.6918599999999,756.4410499999999,641.1393500000001,2265.2722599999997,0.0001564080440051395,872.66829,744.1648299999999,555.6669499999999,2172.5000700000005,0.00012974991330135703
E01004365,6000.16555,840.5623100000001,828.2198099999999,606.93672,2275.71884,0.00013294559133269438,1480.2070600000004,1301.4907499999997,942.7488999999999,3724.44671,4.8148762502341026e-05
E01004366,332.71171,84.16830999999999,57.734309999999994,46.67276999999999,188.57538999999994,0.005194583681992713,66.94861,49.071479999999994,28.11623,144.13631999999996,0.0051564696482629385
E01004369,1125.91674,161.94947,177.22180000000003,156.51928,495.69055,0.0013775340417561367,251.89628999999996,222.55642,155.77348,630.22619,0.000509647850037787
E01004370,395.83804,81.31615,68.97328,55.06326,205.35269,0.0035373323208105255,78.81409,68.71970000000002,42.95155999999999,190.48534999999998,0.0028648986472006675
E01004371,317.13788999999997,52.09168,60.41295,36.93913,149.44375999999997,0.005159556936917331,72.41069999999999,57.10329,38.180139999999994,167.69412999999997,0.004568773933115269
E01004374,444.26368,76.59833,69.28358999999999,47.213629999999995,193.09555000000003,0.0036480554754530323,100.72600999999999,86.86783,63.57429,251.16813000000002,0.002142143898355243
E01004376,1137.19019,185.99724000000003,159.35188000000005,137.52585999999997,482.87498000000005,0.0009482472551689859,243.23907000000005,230.55792999999997,180.51821000000004,654.31521,0.0008447665315132393
E01004377,447.11127999999997,67.82189,64.08042,51.12060999999999,183.02292,0.005134321363151578,105.65128999999997,95.7155,62.72156999999999,264.08836,0.0024264071811681146
E01004378,662.61421,85.52213999999998,71.67711999999999,69.04558,226.24484,0.0039597943965561915,171.93377999999998,158.00566999999998,106.42992,436.36937,0.000833693058020737
E01004379,357.19515,133.32963999999998,84.19635000000001,48.43958999999999,265.96557999999993,0.003384089038258603,41.26268999999999,29.86752,20.099359999999994,91.22956999999998,0.007596101460946408
E01004381,1906.32681,425.75559,357.59348,189.43462,972.7836899999999,0.0007443716030045232,365.79127,377.36024999999995,190.39159999999998,933.5431199999999,0.0008118901383881598
E01004383,139.38252,22.59486,20.161230000000003,22.75766,65.51374999999999,0.02480161342854801,26.873440000000002,30.03808,16.957250000000002,73.86877,0.012335594231241098
E01004384,449.72032,64.21456,53.2578,52.082800000000006,169.55516,0.00573851188026549,121.24387000000002,98.17805,60.74324,280.16516,0.0022494195077018167
E01004385,183.2434,26.389490000000002,25.982170000000004,17.511589999999998,69.88325000000002,0.013877244423225394,44.87205000000001,40.9802,27.507899999999996,113.36015000000002,0.0074399042784435935
E01004386,136.09739,18.21528,16.868560000000002,10.69501,45.778850000000006,0.02634149465005204,35.67840999999999,35.475370000000005,19.16476,90.31854,0.010287009749191346
E01004387,64.02762,10.471709999999998,11.605620000000002,6.029340000000001,28.106670000000005,0.040138910270040976,12.962919999999999,13.93784,9.02019,35.92095,0.028945646865370076
E01004389,224.576,34.26298,27.66028,28.771969999999996,90.69523,0.015639059499562902,61.99907,49.915749999999996,21.965949999999996,133.88076999999998,0.007262453597275745
E01004390,432.89071,75.01696000000001,54.15847,62.675529999999995,191.85096000000001,0.006502505338084926,103.84619,83.95128,53.242279999999994,241.03975000000003,0.0024483733094929315
E01004391,8399.99706,2079.41408,1724.9805200000003,1424.19987,5228.594470000001,7.700331005951698e-05,1099.7902199999999,1202.9359000000002,868.6764699999999,3171.40259,0.00019002763704732825
E01004392,372.9347,91.10246000000001,83.01203,39.63435,213.74883999999997,0.004391242892902352,65.02962000000001,53.30033999999999,40.8559,159.18586000000002,0.0060675114061093036
E01004393,547.6321399999999,106.68719999999999,118.48470999999999,90.86819,316.0401,0.0024570938230865824,82.94692,86.77260000000001,61.872520000000016,231.59203999999994,0.001555669736380492
E01004394,877.6222,164.64423,176.47904999999997,118.32583,459.4491100000001,0.0014449313879858535,162.86127,149.79932,105.51249999999999,418.1730900000001,0.0011161105683106397
E01004395,116.06972999999999,11.3564,8.818259999999999,9.73773,29.912389999999995,0.042008773283775655,33.53928,31.6685,20.949559999999998,86.15733999999999,0.008787486766553132
E01004396,452.79133,79.07916,82.56664999999998,64.88603,226.53183999999996,0.002426691448568195,78.80000999999999,89.23448,58.22500000000001,226.25948999999994,0.0025378176562423065
E01004397,23464.57793,4387.81006,4170.22134,3256.42575,11814.457150000002,1.8135085964843928e-05,4133.61677,4167.54858,3348.95543,11650.12078,3.7237122592938265e-05
E01004398,1641.46917,228.98989999999998,208.61607999999995,180.02929999999998,617.6352800000001,0.0013905258955031119,429.6255400000001,339.77380999999997,254.43453999999997,1023.8338900000001,0.0003945006090212074
E01004399,220.56973,12.16089,23.34039,10.50577,46.00705000000001,0.030368689699322892,73.57641000000001,57.01173,43.974540000000005,174.56268000000006,0.0032108534436906064
E01004400,752.15417,83.93244999999999,75.06106000000001,71.88584,230.87935,0.004326073343896339,208.4328,178.74201,134.10000999999997,521.27482,0.0008169840927842536
E01004401,1197.45473,178.64692,227.69604,161.18119,567.5241500000001,0.001107507718979906,224.12562999999997,247.91169000000002,157.89326,629.9305799999998,0.0006500202774341593
E01004403,3288.78565,389.21183,360.37312000000003,288.45659,1038.0415400000002,0.0007579785885721078,943.0276500000001,791.08439,516.63207,2250.7441100000015,0.0001703797628061979
E01004404,593.478,80.59302,83.24114,65.04103,228.87519000000006,0.0051911675537942665,151.35833999999997,131.64526999999998,81.5992,364.60281,0.0016458907892825114
E01004405,948.26856,151.53989,129.98145,123.85674,405.37808,0.0012955756746834712,204.45664,182.85869999999997,155.57513999999998,542.8904800000001,0.0008852523568700022
E01004406,1744.81367,400.7091199999999,366.01453000000004,348.63063,1115.3542799999998,0.00031021449286913337,249.10924000000003,208.95977,171.39038000000002,629.4593899999999,0.0006779628971376858
E01004407,1383.1225200000001,369.51133000000004,321.60474999999997,247.86556000000002,938.9816400000002,0.0004746312656614476,186.09892,144.14482999999998,113.89713,444.14088,0.0008857857749389722
E01004408,3982.34903,595.08809,482.01526999999993,412.54807000000005,1489.6514300000003,0.00027259351374807073,918.6821699999999,877.7344200000001,696.2810099999999,2492.6976000000004,0.00012107261912285678
E01004409,5032.25379,1455.825,1165.4159799999998,987.4246199999999,3608.6656000000003,0.00010939674164710386,518.44934,505.56668,399.57216999999997,1423.58819,0.00023017569615277952
E01004410,452.79148,65.48425999999999,54.098330000000004,41.4557,161.03829000000002,0.005101188055305909,134.28926,81.81961999999999,75.64431,291.7531900000001,0.0024962122350498045
E01004411,607.29093,67.85372,60.70114000000001,46.44130000000001,174.99616,0.0027349945819630907,164.25892000000005,143.69149,124.34436,432.29476999999997,0.0009205907745839606
E01004413,1026.03066,138.53108,123.48220000000002,95.06488999999999,357.07817,0.0022974007016119857,283.5697799999999,231.03082,154.35189000000003,668.9524899999999,0.0009385736836127752
E01004414,621.6335,101.85986999999999,88.87079999999999,72.53004999999999,263.26071999999994,0.0021961611953303455,154.09693000000001,125.24672,79.02913,358.37278,0.0021034630888891043
E01004415,450.29221,84.63325,62.46471999999999,56.10665,203.20462,0.003652652179358747,110.6103,83.17447,53.30281999999999,247.08759000000003,0.0027528040659370845
E01004416,59.865339999999996,10.585499999999998,11.88355,6.510009999999999,28.97906,0.038063026998443154,10.245899999999999,15.28638,5.354,30.88628,0.03173479256999118
E01004417,2186.66797,369.7847300000001,319.34348,268.53598999999997,957.6642,0.0005163720430570106,500.0143,420.84131,308.1481600000001,1229.0037699999998,0.0005121506008573081
E01004418,1512.53548,210.03492999999997,163.10493,172.93791,546.07777,0.001310224276272828,418.03155000000004,298.82230000000004,249.60385999999997,966.4577099999999,0.0004948210895513482
E01004419,1601.17813,312.75464,240.09096000000002,154.9739,707.8195000000001,0.0010574253407595274,375.95808,313.42289999999997,203.97764999999995,893.3586300000001,0.0004358796844566818
E01004420,4876.63926,834.2799599999998,805.6613000000001,664.02851,2303.9697699999997,0.0002281428702233454,959.5217000000001,897.2115999999999,715.9361900000001,2572.6694899999998,0.00010002580002527574
E01004421,1112.72831,182.90299999999996,189.14999,147.61197,519.6649599999998,0.0009447940229121714,250.69726999999995,196.09205,146.27402999999998,593.0633499999998,0.0007326535483153191
E01004422,670.21501,148.03124000000003,160.35488999999995,111.26534000000001,419.6514700000001,0.0020169878396402484,86.5136,106.15813999999997,57.891799999999975,250.56354,0.0031500701989526387
E01004423,464.08275000000003,83.80000000000001,73.66546,79.29039,236.75585,0.005474031279399809,95.56585999999999,72.78799999999998,58.973040000000005,227.32690000000002,0.002920081832685766
E01004424,6814.22998,888.19784,849.3229299999999,794.18609,2531.706859999999,0.0002490655554919384,1621.9806099999998,1449.1928000000003,1211.34971,4282.523119999999,7.508185779863427e-05
E01004426,613.19761,96.77536,111.10102,85.85212000000001,293.7285,0.0032585124695216853,142.57234000000003,98.27734,78.61942999999998,319.46911,0.00195680159214772
E01004427,3007.20257,463.005,475.42419000000007,322.66319,1261.0923800000003,0.00046787098015289917,678.16364,597.9755100000002,469.97103999999996,1746.1101900000003,0.00018987301725745752
E01004428,737.2161,109.45552,107.14124999999999,85.43750000000001,302.03427,0.0026365902715304646,168.73078000000004,151.98157999999998,114.46947,435.18183000000005,0.0009987028321093714
E01004429,2694.03369,462.27318999999994,408.48538,359.80323999999996,1230.56181,0.0003306010759045782,612.18627,479.31073999999995,371.9748700000001,1463.4718800000003,0.00025760854515948927
E01004430,4696.75101,896.9596800000002,781.09205,658.1741400000001,2336.22587,0.00020712373253995754,981.41599,702.2661,676.84305,2360.5251399999997,0.00019049652939537743
E01004432,2487.31433,356.61881,324.78487,256.90415,938.3078300000001,0.0003175427039247846,604.2293000000001,545.46374,399.31346,1549.0064999999997,0.0001744221942040539
E01004434,776.72771,120.72832000000002,78.66837,98.66198,298.05866999999995,0.002895447395582695,192.68536999999998,139.99528,145.98839,478.66904,0.0009482359595977365
E01004435,1007.70192,126.71818999999999,165.06615999999997,114.64883999999999,406.4331900000001,0.0024097748690273526,253.33607000000003,195.21486999999996,152.71779000000004,601.2687300000001,0.0008368283095215603
E01004437,569.02423,79.74847999999999,60.81488000000001,58.50153999999999,199.0649,0.0051662473676320686,148.87380999999996,132.73805000000002,88.34746999999999,369.95932999999997,0.0015686018580778698
E01004438,3961.38066,834.5472100000001,774.07208,567.7513600000001,2176.37065,0.00012464190182083902,672.8347399999998,604.3973699999999,507.7779,1785.0100099999997,0.00016326862327702336
E01004439,68.24119999999999,12.38324,13.787310000000002,11.70905,37.87959999999999,0.035252702932068836,10.51854,9.789099999999998,10.053959999999998,30.3616,0.0320947942795666
E01004440,6371.17656,1305.0956099999999,1107.8431899999998,856.2040599999999,3269.1428600000004,0.00011582702224516582,1246.17186,1060.87597,794.9858700000002,3102.0337,0.0001329546364721777
E01004444,5092.42397,869.45062,809.1903999999998,605.2715,2283.91252,0.00017590824622313862,1088.8166,1003.00076,716.6940900000001,2808.51145,9.812422348486467e-05
E01004448,751.25236,112.42926000000001,97.31015000000001,89.36711000000001,299.10652,0.0028111651718025006,177.04588,153.56277000000003,121.53718999999998,452.1458399999999,0.0011552523955480635
E01004450,62.03308,11.153029999999998,10.726519999999999,9.83182,31.711370000000002,0.04120871059990183,14.065989999999998,9.589789999999999,6.66593,30.32171,0.03476190316983617
E01004451,353.46844,54.48194,51.381600000000006,44.680130000000005,150.54367,0.005112158794733613,92.25437000000001,59.147729999999996,51.52267,202.92477000000005,0.0032949992662538157
E01004452,2258.46124,364.93677999999994,298.62762,226.43482000000006,889.9992199999998,0.0006168107261197859,585.1376499999999,456.4394600000001,326.88491,1368.4620199999997,0.00031650298451443935
E01004453,735.61175,146.76965,138.51492000000002,79.61086,364.89543000000003,0.0027317047009129776,161.71751000000003,125.3319,83.66690999999999,370.71632,0.0015208237277651927
E01004454,1290.47622,155.6099,142.76717,122.99898999999999,421.37606,0.001921607114172623,364.43211,291.6166400000001,213.05141000000003,869.1001600000001,0.0005298514831181428
E01004455,1627.0858,222.27306999999996,229.38138000000004,146.21757,597.87202,0.0010385961786875636,409.75010999999995,362.84236999999996,256.6212999999999,1029.2137799999998,0.0002980362800485304
E01004457,260.7513,52.387170000000005,43.22042,41.51387,137.12146,0.005780625665348416,49.669019999999996,47.51071000000001,26.450109999999995,123.62983999999999,0.004725751443589627
E01004458,1219.30041,179.75644,165.76747,145.03088000000002,490.55479,0.0007795869982047058,280.49233999999996,259.82272,188.43056,728.7456199999999,0.0005306097214970794
E01004460,1277.32089,195.9244,192.76968000000002,139.98982999999998,528.6839100000001,0.0012333904454883047,281.52121,279.48551000000003,187.63026000000005,748.63698,0.0005059829734486515
E01004462,955.50529,193.72657000000007,248.31681000000003,130.36548,572.4088599999999,0.0010288747243226073,137.73808,156.61750999999998,88.74084,383.09643,0.0011154711155321579
E01004464,683.62999,115.92392999999998,100.84566,69.828,286.59758999999997,0.0020685839687863477,138.06466,160.39066,98.57707999999998,397.03240000000005,0.0013886377625923227
E01004465,73.62259999999999,12.844729999999998,11.569939999999999,5.832460000000001,30.247129999999995,0.03800962834531221,17.87254,17.309399999999997,8.193529999999999,43.37547,0.022008846241479516
E01004466,224.15703,32.739529999999995,52.348929999999996,26.04571,111.13417000000001,0.008342507096575639,48.69798,46.03372,18.29116,113.02286000000001,0.008175048286517982
E01004467,685.48365,126.57843000000001,89.55605,79.31255999999999,295.44704,0.0023476023922077045,151.50405,127.65544,110.87711999999998,390.03661,0.0009417001075773333
E01004468,257.40771,60.322929999999985,42.219590000000004,26.772190000000002,129.31471,0.007245466661252647,53.63087000000001,49.127289999999995,25.334839999999996,128.093,0.00672633307860818
E01004469,246.62689,27.38912,29.056060000000002,22.60156,79.04674,0.011656919078174437,61.86357,56.537829999999985,49.178749999999994,167.58015000000003,0.003490960539098577
E01004470,1180.68834,228.28786,139.02800000000002,119.00280000000001,486.31865999999997,0.0014921085212661748,335.67364,203.49439999999996,155.20164,694.3696800000002,0.0008831349868387307
E01004474,1114.48215,230.03884000000002,279.07444999999996,169.374,678.48729,0.0008252290722102484,151.34866,175.26515999999998,109.38104,435.99486000000013,0.0011259773104148676
E01004476,2482.14763,579.8950400000001,503.68690000000004,295.05027,1378.63221,0.00039850253371145677,455.98016,406.0820499999999,241.45321,1103.5154199999997,0.00047281798778968636
E01004477,120.83225,20.58383,18.13281,6.58082,45.297459999999994,0.03950451098680476,36.37755,29.980960000000003,9.176279999999998,75.53478999999999,0.022675200267980818
E01004479,226.75598,38.65427999999999,34.34698,16.149540000000002,89.1508,0.01791793773265861,54.283350000000006,50.59682,32.72501,137.60518,0.007014480114301893
E01004481,3527.9922,862.7050000000002,772.2948999999999,581.24775,2216.2476500000007,0.00026450998130877893,459.05246,490.4443700000001,362.24772,1311.7445500000001,0.0004004399781620838
E01004482,336.88694,67.79432999999999,76.75501000000001,50.62538,195.17471999999998,0.0027449091835216677,50.20402,56.67815,34.83005000000001,141.71222,0.00456067828983746
E01004483,1408.3618,177.86529000000007,184.62302000000003,134.99196999999998,497.48028000000005,0.0018155971845976518,362.85263000000003,305.28444,242.74444999999997,910.88152,0.0006214054556477591
E01004486,109.3841,17.683609999999998,16.76055,10.62605,45.07021,0.02472473143103721,31.835279999999997,20.093569999999996,12.385040000000002,64.31389,0.014874554673946579
E01004491,255.9161,35.290479999999995,31.60885,20.34261,87.24193999999997,0.022680874238920703,67.25712,62.844249999999995,38.572790000000005,168.67416,0.005596829161731146
E01004492,2096.05407,336.69939,403.6031000000001,202.05214,942.35463,0.0007639348687075373,498.59425,402.0476699999999,253.05751999999998,1153.6994400000003,0.00045475837546577705
E01004493,724.8803,138.35965000000002,108.50055000000002,86.98424999999999,333.84445,0.001946629379691478,148.78390000000002,133.06814999999995,109.1838,391.03585000000004,0.0010165271017228462
E01004494,1159.49645,197.52823,218.04799,126.52803999999999,542.1042600000001,0.0010074174282348818,252.15201000000002,212.46675,152.77343,617.3921899999999,0.0007485044982203053
E01004495,837.42747,184.55122,177.58678,87.93540999999999,450.0734100000001,0.0013822804746156459,143.38674999999998,147.26766999999998,96.69964000000002,387.35406,0.0008362746619183668
E01004496,3071.69742,628.11448,563.73338,310.10046,1501.9483199999997,0.00043764726211087423,601.33661,605.6343499999999,362.77814000000006,1569.7490999999995,0.0002471088602545022
E01004497,92.63066,25.573190000000004,13.46429,5.259,44.29648000000001,0.034995633743963146,23.294810000000005,17.60024,7.439130000000001,48.334179999999996,0.024181272520892725
E01004498,603.37505,117.72886999999999,137.17091000000002,71.07598,325.9757599999999,0.001918599319184972,97.61526999999998,103.15509,76.62893,277.39928999999995,0.001270323231370376
E01004499,631.93809,106.7774,108.31589999999998,58.98567,274.07896999999997,0.0030135061520116203,130.25565,125.88658,101.71688999999999,357.8591199999999,0.0011233164277521755
E01004500,2122.56507,125.93567000000002,141.73970000000003,103.00992000000001,370.68529000000007,0.0014975915842407573,640.19087,649.1944,462.49451,1751.8797800000002,0.00018514646994990816
E01004502,465.47182,73.78600000000002,79.83546,40.39551,194.01697000000001,0.0037790250956774582,103.52549,95.19960999999999,72.72975,271.45484999999996,0.002014158302038145
E01004503,694.2321499999999,109.38077999999999,87.88083999999999,85.33371,282.59533000000005,0.005533503181710571,152.19540999999998,143.2012,116.24020999999996,411.6368199999999,0.0016431842958656688
E01004505,88.40557,28.34392,18.885369999999998,20.98462,68.21391,0.015507034738122654,8.084709999999998,6.0580099999999995,6.04894,20.191659999999995,0.05636079129366266
E01004506,832.22761,141.1542,140.90113,99.47894000000001,381.53427000000005,0.0015911787855234934,157.82219999999998,196.70826,96.16288,450.69334000000003,0.0019274128003802307
E01004507,2208.02703,474.32074,470.59323000000006,299.29353,1244.2075,0.0004624473942830578,303.56212000000005,429.0248400000001,231.23256999999995,963.81953,0.0007283244659887678
E01004508,1589.03702,319.6627600000001,324.41773000000006,250.59150999999997,894.672,0.0004179323616292726,267.7934400000001,239.40479999999997,187.16678,694.3650199999998,0.0005451538138216088
E01004510,3638.72978,500.9847099999999,632.65928,345.4443,1479.08829,0.00041217803043072833,843.5264500000001,801.06288,515.0521600000001,2159.64149,0.00019195084490164423
E01004513,1797.34103,441.65162999999995,497.15045,245.67469999999997,1184.47678,0.0005897755376324137,225.9428,234.07012,152.85132999999996,612.8642500000002,0.001156462364746195
E01004514,6767.60394,1020.8474500000002,1223.29,717.5294800000001,2961.6669299999994,0.00012875845556437429,1436.3101699999997,1376.3713099999995,993.2555300000001,3805.937010000001,5.968108801699323e-05
E01004517,2361.47215,306.97064,317.23331999999994,261.30751999999995,885.5114799999998,0.0006740930011512986,586.0434499999999,498.70448000000005,391.21273999999994,1475.96067,0.00031177565549974056
E01004519,2078.26462,259.93351,294.28195999999997,202.41438000000005,756.6298499999997,0.0006864866575113111,591.51932,409.1545300000001,320.9609200000001,1321.6347699999997,0.00045853381664448425
E01004522,3463.34386,432.48831000000007,423.72744000000006,337.36852999999996,1193.58428,0.0004975870006413849,916.1400799999999,747.8460299999999,605.77347,2269.75958,0.00019320390399734999
E01004523,777.01495,120.66888,96.37047000000001,58.32699999999999,275.36634999999995,0.0036832131734291524,226.9918,175.96358999999998,98.69321,501.6486,0.0014302260961584253
E01004525,26736.69211,5223.953319999999,4553.607999999999,3525.3030900000003,13302.864410000002,3.062366223758272e-05,4858.15229,5129.4072400000005,3446.2681700000003,13433.827700000002,1.9307956594726916e-05
E01004526,142.76922,49.698460000000004,8.748940000000001,22.1476,80.595,0.01802405966490884,38.742999999999995,3.83923,19.591990000000003,62.17422,0.026831882283309908
E01004528,2349.51925,396.37194,381.5373799999999,309.26231999999993,1087.1716399999998,0.0003337897995928926,470.65036000000003,451.06031999999993,340.63692999999995,1262.3476099999996,0.00035720500230960474
E01004529,724.4683,196.88957,168.78566999999998,168.24188,533.9171200000001,0.001986463190890908,80.53036,52.74928999999999,57.27153000000001,190.55118,0.007030445731587466
E01004536,3490.46259,766.77264,737.57818,565.8260899999999,2070.1769099999997,0.00011858459823408854,636.6644600000001,457.55280999999997,326.06841000000003,1420.2856800000002,0.0003169492000187549
E01004537,1644.09276,316.87735,262.40228,206.28917,785.5687999999999,0.00048061685526200586,348.62707,296.23923,213.65766000000002,858.5239599999996,0.0005273824303732461
E01004538,1691.78143,261.89630999999997,254.22641000000002,189.00895,705.1316700000002,0.0006398639572603098,364.00694,354.54879,268.09403000000003,986.6497599999998,0.00026738863825434447
E01004540,2689.79792,459.3320399999999,455.18973,304.177,1218.69877,0.0003158720371041685,617.95402,488.71294000000006,364.43219,1471.09915,0.00024625213675424104
E01004541,1761.24831,309.25510999999995,333.20528999999993,228.51221000000004,870.97261,0.0003709242005377209,322.57093000000003,330.17278999999996,237.53198000000003,890.2757000000001,0.00041019163337942233
E01004543,190.09708,39.43362,39.18699,18.68716,97.30777,0.009220521985582587,39.49614,32.9261,20.36707,92.78931000000003,0.009205760351925822
E01004545,4054.13069,939.27221,939.4033,535.09813,2413.77364,0.00019824110107530702,630.58232,647.81018,361.9645499999999,1640.3570500000003,0.00025726616996177634
E01004547,435.10141,81.74766,71.28219,61.5631,214.59294999999997,0.003232795927516433,89.74842,76.27204,54.48800000000001,220.50846,0.0027072473070720096
E01004548,4416.89258,787.91397,726.0411500000001,538.85786,2052.8129799999997,0.00017382096188357657,904.7179500000001,876.4923599999998,582.8692900000001,2364.0796,0.0001392741777985504
E01004549,324.06906,46.2638,41.39848,27.60096,115.26324000000004,0.0077793305653998494,79.17703,70.17666000000001,59.45213000000001,208.80581999999995,0.0030597716398617528
E01004551,32441.89451,5693.93331,5817.64486,4605.001859999999,16116.580030000005,2.20968333172746e-05,6119.963139999999,6156.468760000001,4048.8825800000004,16325.314480000001,1.1129974566098308e-05
E01004552,5234.77796,1073.0193899999997,1323.88913,664.32004,3061.2285599999996,0.00018493363121155064,800.76006,890.5081100000001,482.28122999999994,2173.5494000000003,0.00021254672954630326
E01004553,159.22505999999998,29.165100000000006,38.53149,19.716910000000002,87.4135,0.00892497940791759,25.538770000000003,27.360799999999994,18.911990000000003,71.81156000000001,0.009235195654885292
E01004554,490.6756,83.31064,84.57587000000001,31.761309999999998,199.64781999999997,0.005148826385053176,138.65364999999997,95.71371999999998,56.66040999999999,291.0277799999999,0.0026665978784392403
E01004557,488.847,128.4136,107.22256000000002,54.00518,289.6413399999999,0.0035487407503091636,80.68139,78.86223,39.66204,199.20566000000002,0.004183491989244954
E01004558,768.91854,162.98881,138.21471,73.74814,374.95165999999995,0.0024817496781649323,172.61689,130.31153999999998,91.03844999999998,393.96688,0.0018612341722520447
E01004559,289.24078,50.53481000000001,41.38867000000001,24.21315,116.13663000000003,0.0081016868372001,68.66114,60.04007,44.40294,173.10414999999998,0.0036428862412955744
E01004560,420.85056,85.51681000000002,93.34956,62.72032999999999,241.58669999999998,0.0026329359080785432,59.92085000000001,73.01109,46.331920000000004,179.26386000000005,0.004163674335129935
E01004563,589.36993,85.81832999999999,87.27258000000002,63.02442,236.11532999999997,0.0025012331983018774,142.3767,116.91510000000001,93.96279999999999,353.25460000000004,0.0009316191193216616
E01004564,2434.59093,404.23313,393.99307999999996,255.99069,1054.2169000000001,0.0003643098163442968,565.3003799999999,468.03231,347.04134,1380.3740299999997,0.00024038924044662187
E01004567,64.24194,0.49735,0.27341,0.0,0.77076,0.6138045520500963,21.33746,28.410620000000005,13.723099999999999,63.47118000000001,0.014101564457984092
E01004568,1486.98869,215.11572000000004,162.58254999999997,115.60110999999998,493.29938000000004,0.0014687557690894013,389.99478999999997,338.28904,265.40548,993.68931,0.0004327469159213417
E01004569,7140.46978,910.6534300000001,797.11389,676.49764,2384.26496,0.0001590615021037304,1845.4297,1580.43569,1330.3394299999998,4756.204820000001,8.816919243881486e-05
E01004570,541.19555,93.44938999999998,73.96981,76.27552,243.69472000000002,0.005672630487799753,122.37684999999999,96.67320000000001,78.45077999999998,297.50083,0.0017415221869869384
E01004571,1073.90087,123.04882999999998,114.33203,83.36443999999999,320.74530000000004,0.001964752459660722,316.39975999999996,248.1345,188.62131000000002,753.1555699999999,0.000662885242921395
E01004572,4483.73252,766.7965000000002,696.7576200000001,562.39846,2025.9525799999997,0.00016111142693610628,960.36967,858.3534900000001,639.05678,2457.7799400000004,9.334159523055e-05
E01004573,3136.317,531.78789,545.01332,253.34106000000003,1330.1422700000005,0.0004470078613472981,738.96932,683.2334000000001,383.97201,1806.17473,0.00024387103713626498
E01004574,1483.95266,146.83134,133.0789,133.84368999999998,413.75393,0.002845362336829388,400.34911000000005,345.41597,324.43365000000006,1070.1987299999998,0.0005427611814854135
E01004575,958.5432,189.38396999999998,167.75593999999998,125.01630999999999,482.1562200000001,0.0009254027545975169,198.13463000000004,164.90680999999998,113.34553999999999,476.38698,0.0010885985142998066
E01004577,75.72327999999999,19.77966,14.23741,10.41891,44.43598000000001,0.01996988211833568,11.431979999999998,7.39882,12.4565,31.287299999999988,0.047347004616433035
E01004579,1824.79047,229.21265999999997,235.44950999999998,149.49376999999998,614.1559400000002,0.0008066718836184023,477.16243999999995,433.21801,300.25407999999993,1210.63453,0.00023670911987965415
E01004582,2379.78281,504.15103999999997,347.69181999999995,259.22128999999995,1111.06415,0.000614366469166617,502.38305,440.09669,326.23892,1268.7186600000002,0.0002019066421607996
E01004583,1912.256,337.56705000000005,236.52441,129.73208,703.8235400000001,0.0013950168641119805,482.8831400000001,405.75194999999997,319.79737,1208.43246,0.00035299207008910075
E01004585,817.57105,181.50999,194.19289000000003,102.05487000000001,477.75774999999993,0.0010341469365333807,134.37639,111.28802999999999,94.14888,339.8132999999999,0.0012165643296010898
E01004586,386.8488,44.678129999999996,86.73069,32.43238,163.84120000000007,0.006105639706519256,87.75854999999999,84.87538999999998,50.37366,223.00759999999994,0.00324014258518479
E01004588,1991.53199,415.6139,443.04318,170.18231999999995,1028.8394,0.0007948986522829135,403.48703,402.97079,156.23476999999997,962.69259,0.0007811016527445194
E01004590,2689.28907,365.6968999999999,358.90869000000004,236.24642999999998,960.8520199999996,0.0005015814488881932,690.66002,613.5313399999999,424.2456900000001,1728.4370500000005,0.0002571989490196708
E01004591,1845.19173,318.04128,326.4046399999999,190.60119000000006,835.0471099999997,0.0005368189912893759,428.13282000000015,338.74818999999997,243.26360999999997,1010.1446199999999,0.0004745442852936581
E01004593,468.73031,82.34365000000003,67.27301,47.20108000000001,196.81774000000001,0.003690735419750845,103.54757000000001,88.49047999999998,79.87452,271.91256999999996,0.0024951616178104145
E01004594,576.30709,121.12780000000002,117.67867,65.83144,304.63791000000003,0.0024397522144391543,117.1929,95.25344,59.22284,271.66918,0.002651793040476243
E01004595,252.74727,35.817429999999995,23.004480000000004,17.88841,76.71031999999998,0.012043706083277601,61.64291,59.99508000000001,54.398959999999995,176.03694999999996,0.0033483418894179155
E01004597,284.20793,41.030539999999995,38.59187,28.520539999999997,108.14294999999998,0.007510107983952696,64.79524,63.76360999999999,47.50613,176.06497999999996,0.0033982023972255735
E01004601,1848.02753,228.31733,232.38509,145.41654999999997,606.1189700000001,0.0009740672063274988,484.09425999999996,460.0037299999999,297.8105699999999,1241.9085599999996,0.0002489945420824318
E01004602,233.16102,45.85808,30.625100000000007,21.292510000000004,97.77569,0.007697958030514776,55.727410000000006,52.55124,27.106679999999997,135.38533,0.00498278890731522
E01004605,661.1443,87.09212000000002,98.25952000000001,78.38496,263.73659999999995,0.002456032381153583,146.74032000000003,150.43928,100.2281,397.40770000000003,0.0011873904823590708
E01004606,418.5283,77.97412999999999,73.57396,50.85258,202.40067,0.0036852357529622458,90.85691,77.50638000000002,47.76434,216.12762999999995,0.0027919150880311777
E01004607,213.98069,45.87702,46.89506,30.997820000000004,123.76989999999999,0.007094166673979841,23.254649999999998,45.31604,21.6401,90.21079,0.01194281299168696
E01004608,1683.244,260.65565,323.72794999999996,198.50015000000005,782.8837499999998,0.0006263162746692484,323.99882999999994,363.03235,213.32907000000003,900.36025,0.000670911896102096
E01004609,13868.92496,2969.04722,2726.10335,1842.5422099999998,7537.692779999999,3.952718630624943e-05,2392.67017,2381.1496899999997,1557.4123200000001,6331.23218,3.1480448943770794e-05
E01004612,574.03343,118.6186,150.25885,95.00612999999998,363.88357999999994,0.0017997889001906096,76.44921000000001,84.76221000000001,48.93843,210.14985,0.002853351762364528
E01004613,1623.06114,415.12128,510.07050000000004,251.74351000000001,1176.93529,0.0004651011571751867,157.85442,192.24613000000005,96.02529999999999,446.12585,0.0016370020178987095
E01004614,1422.38458,279.7147499999999,193.36148,144.60950000000005,617.6857299999999,0.0009458034162741196,321.07874,273.69905000000006,209.92105999999998,804.6988499999999,0.00040095515508175575
E01004615,2079.62667,314.60225999999994,320.1483300000001,197.02481999999998,831.7754099999996,0.0008443786743121118,489.47570999999994,437.8782599999999,320.49728999999996,1247.8512600000001,0.00031573381341092467
E01004616,3397.42199,935.7098299999998,958.68107,658.4548099999997,2552.845710000001,0.00021560302580275726,304.9113300000001,318.6088999999999,221.05604999999994,844.5762799999999,0.00041268029353876525
E01004617,5548.38768,1324.9332200000001,1179.0172900000002,909.46571,3413.41622,0.00010445183063024339,779.89991,776.61788,578.45367,2134.9714599999998,0.00025439474638035836
E01004619,411.98242999999997,73.86479,76.22713,50.02766999999999,200.11959000000004,0.0036955491666269195,92.61596,75.99238000000001,43.2545,211.86284000000003,0.0038188413844647898
E01004621,1215.02673,185.76874999999998,134.04792,79.58748,399.4041500000001,0.00192975544703977,343.09379,280.49859,192.03019999999998,815.6225799999999,0.0007471681584232988
E01004622,327.54138,67.5326,69.71688999999999,44.56541000000001,181.8149,0.004992546862918035,61.817420000000006,48.41946,35.48960000000001,145.72648,0.005162288283629742
E01004623,212.05645,24.618179999999995,34.424440000000004,16.14257,75.18519,0.016523694420345743,52.62474999999999,44.32526000000001,39.92125,136.87125999999998,0.005866778375915681
E01004625,224.18863,37.26915,40.311789999999995,31.502480000000002,109.08341999999998,0.006982150246582942,43.203039999999994,49.78864,22.113529999999997,115.10520999999999,0.007028903778063565
E01004626,144.08352,24.62799,24.448419999999995,15.605970000000003,64.68238000000001,0.023110647027963404,31.807309999999994,24.802749999999996,22.791079999999997,79.40113999999998,0.012140869378181826
E01004628,328.20907,39.64329,29.421409999999998,30.81997,99.88467000000001,0.01094885335946395,94.6606,78.49902000000002,55.16477999999999,228.32440000000008,0.002604703743582391
E01004629,1945.41545,439.34092000000004,356.83784,209.22828,1005.40704,0.0006451443975371083,370.54032,362.36313,207.10496000000003,940.0084099999997,0.0005845514677307172
E01004630,565.80278,68.75726999999999,71.82812999999999,47.71913000000001,188.30453000000006,0.004094879943290566,147.20671000000004,137.05415,93.23739,377.49825,0.0013811546810402566
E01004631,1194.19195,111.30244,106.49151,78.66878,296.46272999999997,0.00322993745648175,383.8266500000001,297.8376199999999,216.06494999999998,897.72922,0.00042518820638324286
E01004632,511.68406,74.54881999999998,72.66906999999999,31.878089999999997,179.09598,0.006903366181803892,133.15303999999998,122.18047999999997,77.25456,332.58807999999993,0.0016564121522899251
E01004633,221.93885,12.55749,7.13903,11.50883,31.205349999999996,0.04560305669528335,77.54199000000001,59.44538000000001,53.74613000000001,190.73349999999996,0.0036578396974897487
E01004635,998.32969,109.25862000000002,95.80316,70.2456,275.30738000000014,0.003964075123761239,279.03255,270.94162,173.04814,723.0223100000002,0.0007171207432656917
E01004637,143.51183,19.99245,25.00705,18.85552,63.855019999999996,0.01808386059785878,23.77489,37.16369,18.71823,79.65680999999998,0.01516177232862082
E01004639,762.51274,123.37939,151.66621,95.56744000000002,370.6130399999999,0.0019630502014778574,136.87248000000002,147.40448000000004,107.62273999999996,391.8997,0.0013724785296173006
E01004640,533.18597,114.04906999999999,71.55990000000001,50.33287,235.94183999999996,0.0034248099815544267,134.33444999999998,94.52471999999997,68.38495999999998,297.24413000000004,0.0021973003258919715
E01004641,376.65924,19.588720000000002,22.19541,17.988500000000002,59.77263000000001,0.01217670710907742,128.35027,111.25209,77.28424999999999,316.88660999999996,0.0017670817017755175
E01004642,1590.68668,286.28497000000004,173.75274000000002,116.32856,576.3662699999999,0.0013988510036751002,366.44498000000004,371.7689099999999,276.10652000000005,1014.3204100000002,0.0004768937952755614
E01004643,1919.63951,332.37506,286.55289,208.59330999999997,827.5212599999998,0.0007788083483203073,419.9631600000001,383.94637000000006,288.20871999999997,1092.11825,0.00028779301640196014
E01004644,352.81185,38.22014,29.37732,34.26983,101.86729,0.0113802143751474,95.19121999999999,94.03699,61.71635,250.94455999999997,0.0019938734527260504
E01004646,485.17657,80.11340000000001,70.34947000000001,50.443490000000004,200.90636,0.004353332802969183,106.07452000000002,97.27783,80.91786,284.27021,0.001696954870157932
E01004647,1156.84951,212.52043999999998,152.73095,121.77599,487.02738000000005,0.0014725915475872688,285.08279000000005,219.45193,165.28741000000002,669.8221300000002,0.0010088443772673951
E01004648,699.35054,103.50054999999998,95.69054999999999,69.21663,268.40772999999996,0.001945413472746554,167.33111999999997,154.30554999999995,109.30614000000001,430.94281,0.001344721074970912
E01004649,414.97821,84.66476,71.63502,57.805569999999996,214.10535,0.0028755488351277884,77.84512999999998,66.20998000000002,56.817750000000004,200.87286000000003,0.002996431598557968
E01004651,417.59423,41.40311,30.93724,18.44381,90.78416000000003,0.012721802973646019,133.06922,115.62887,78.11197999999999,326.81006999999994,0.0021774704721226217
E01004652,1702.41798,377.93810999999994,359.70243999999997,259.88638000000003,997.52693,0.0003289775986717305,252.64540999999997,261.58835999999997,190.65727999999996,704.89105,0.0004324565791941999
E01004653,1353.9355799999998,265.66783,228.10572000000002,183.13460999999998,676.90816,0.0006446893257964778,273.8658699999999,236.45111999999997,166.71043,677.02742,0.0005264737304470139
E01004654,901.98432,220.76035,282.92666,179.61236000000002,683.2993699999998,0.000852688965726194,86.66037000000001,77.34797,54.67661000000001,218.68495000000001,0.00279652545929672
E01004656,1636.30619,250.93507000000002,285.52720999999997,195.74565,732.2079300000003,0.0008339346216094084,337.82107999999994,326.71457000000004,239.56261,904.0982600000002,0.00043251830435877213
E01004657,12618.58547,2348.6847699999994,2292.98284,1686.5196499999997,6328.1872600000015,5.628513602830721e-05,2235.06289,2344.2746299999994,1711.0606900000002,6290.398209999999,7.73962595590305e-05
E01004658,4995.75049,1071.9106899999997,1049.5671599999998,834.36743,2955.84528,0.00020809388613644625,743.7316800000001,722.7988,573.37473,2039.90521,0.0003312932487674427
E01004660,1355.80599,279.83303,285.59522999999996,237.02404999999993,802.4523100000001,0.0009098628778074929,200.68983,192.02693,160.63692,553.3536799999999,0.001073002613325527
E01004661,5953.29718,1268.8087899999998,1248.76868,1094.4753299999998,3612.0528,0.0001562275449960111,886.9913300000001,795.4192,658.83385,2341.24438,0.0002638514993239518
E01004662,2268.26656,298.93793999999997,389.04027999999994,261.27189,949.2501100000001,0.0005532732594158121,438.7715400000001,480.09224999999986,400.1526600000001,1319.0164499999998,0.0003919081917837992
E01004668,375.43646,43.42274999999999,30.072139999999997,26.319229999999997,99.81411999999996,0.007820689685969547,113.50021,96.45195000000002,65.67017999999999,275.62233999999995,0.001895935957779602
E01004675,4325.56001,657.45448,578.4982,475.0837199999999,1711.0363999999997,0.00018668089582969183,999.18043,905.57421,709.76897,2614.5236099999997,0.00011802954140843465
E01004676,574.2377,94.35228,82.42921,57.68554000000002,234.46702999999994,0.0029402945821082145,134.66418,110.96366000000002,94.14283,339.7706699999999,0.0013975446293294103
E01004677,86.07395,27.50829,24.84414,22.738439999999997,75.09087000000001,0.013136874496048024,4.893800000000001,2.63145,3.4578299999999995,10.98308,0.1286851354928091
E01004678,161.18675,45.456219999999995,35.31228,29.96559,110.73409000000001,0.008060307869105549,19.74458,19.194200000000002,11.513879999999999,50.45266,0.013946270380001749
E01004679,3220.14826,624.38443,595.39835,470.15919999999994,1689.9419799999998,0.00016511554430987275,544.16761,556.00234,430.03632999999996,1530.2062799999997,0.00022360250323891695
E01004680,1658.05428,308.82491,353.51161,252.1632,914.4997200000001,0.0007326100063052626,241.28121,295.20983,207.06351999999998,743.5545599999999,0.0008090070221663053
E01004681,4905.52531,945.5822800000001,911.2322,797.2452199999999,2654.0597000000007,0.00015064081041526805,781.8791200000001,867.99636,601.59013,2251.4656099999997,0.0001468257113526962
E01004682,1941.06111,250.13314000000005,258.87370000000004,218.13460999999998,727.1414500000002,0.000838043369139107,410.66468000000003,424.9549100000001,378.30007000000006,1213.91966,0.0006086366166461596
E01004683,246.90718999999999,37.14195,49.07101,37.40075,123.61371000000001,0.005650284694118655,38.11508999999999,44.99688,40.18150999999998,123.29348000000002,0.0066919955972543415
E01004684,4000.80273,536.62087,571.63531,447.6120499999999,1555.86823,0.00041431229687777715,824.65668,921.9643900000001,698.31343,2444.9344999999994,0.00021217127537081788
E01004686,3846.00328,754.00956,813.83365,615.4170699999999,2183.2602799999995,0.0002641699377042132,566.12982,638.6204,457.99278000000004,1662.7429999999997,0.00028456446364254315
E01004691,10257.64421,1893.9312500000003,1786.4016599999998,1560.1060000000004,5240.43891,0.0001348992436574969,1780.31766,1745.88877,1490.9988700000001,5017.2053000000005,0.00018492722599180956
E01004693,151.50244,24.89409999999999,18.81838,14.527970000000002,58.24044999999998,0.013816048772973015,32.34528,28.1775,32.73921,93.26199000000001,0.015358152265007457
E01004694,902.6382,147.48478999999998,166.78589000000002,121.60352999999999,435.87421000000006,0.0012188722124777988,167.31173999999996,147.09698,152.35527,466.76399,0.0017888030390413073
E01004695,2503.6338499999997,320.95187999999996,373.59182,272.9891999999999,967.5328999999998,0.0006433816729850446,541.14189,509.85059999999993,485.1084599999999,1536.1009500000002,0.00045943082945724576
E01004698,494.44061999999997,54.07816,40.09549999999999,42.27107,136.44473000000002,0.0047127621218925825,123.31925,107.04630999999999,127.63033,357.99589,0.0032772957838253856
E01004699,2139.79353,327.62928000000005,315.8171999999999,201.54148,844.9879600000002,0.0004669206660641971,437.77939999999995,490.70015,366.32601999999997,1294.8055699999998,0.0003569289260806157
E01004701,116.66036,30.953110000000002,28.81497,21.557190000000002,81.32527,0.00916347981388218,15.321579999999997,11.31927,8.69424,35.335089999999994,0.030526371671780093
E01004702,700.48832,118.97823999999997,116.75152999999999,83.68213999999998,319.41191,0.002549105838785507,140.40981000000002,136.02995,104.63664999999999,381.07640999999995,0.0017135825338693718
E01004703,980.66472,184.90890999999996,167.43465999999998,130.51844,482.86200999999994,0.0012549260793013701,201.87599000000003,173.78053999999997,122.14618,497.8027100000002,0.001677395772841341
E01004705,938.6578900000001,186.26911,149.70433999999997,122.25236999999998,458.22581999999994,0.0016071475173852854,173.26301000000004,161.795,145.37406000000001,480.43206999999995,0.0011357043827577554
E01004708,282.7889,30.694599999999998,42.78519000000001,37.71518,111.19497,0.009141009505961145,62.67175999999999,61.0128,47.90937,171.59392999999992,0.0025303794442622716
E01004710,923.41601,157.93327,163.5906,119.95116,441.47502999999995,0.0013347791751603917,182.096,169.84675000000001,129.99823,481.9409800000001,0.0010633398476468984
E01004711,238.60693,44.620569999999994,35.33794000000001,30.879,110.83750999999998,0.005934001773003502,45.06420000000001,45.34421,37.36101000000001,127.76941999999998,0.00603398862291404
E01004712,833.77683,334.2154999999999,184.85461999999998,198.55024,717.62036,0.0010644238040167515,46.68755,38.785979999999995,30.682940000000002,116.15647,0.004123376200776805
E01004713,276.07735,54.68883000000001,35.23508,18.516549999999995,108.44046,0.00957965061277021,78.63189,47.61037999999999,41.394619999999996,167.63689000000002,0.006979032632447143
E01004714,9409.61761,2377.6717100000005,2628.41184,1517.55251,6523.636060000002,8.911775130665024e-05,998.81457,1110.0292299999999,777.1377499999999,2885.98155,0.0002272826723184163
E01004715,3017.7751,615.3485799999999,492.52263,391.77274000000006,1499.6439500000001,0.0002629142744289138,536.4802299999999,564.6367999999999,417.01411999999993,1518.13115,0.0004453972387702533
E01004716,2493.76127,722.5029599999999,520.3014200000001,385.95246999999995,1628.75685,0.0003324553567747683,339.13268999999997,294.1440400000001,231.72769,865.00442,0.001013439861332045
E01004720,477.98157,76.97011,113.50421,72.70415,263.17847,0.003672042414442093,70.52174,95.78319000000002,48.49817000000001,214.80309999999997,0.0049562848388422145
E01004721,1422.8452,195.41224999999997,177.57467,147.65798999999998,520.64491,0.0005533725234000086,358.01561000000004,303.35439,240.83029000000002,902.2002899999999,0.0003709490098543711
E01004723,320.66328,25.901310000000002,19.25297,14.962689999999998,60.11697000000001,0.012840209184423225,108.17924000000001,78.05482,74.31225,260.54631,0.001887952870529641
E01004725,3379.11377,711.0972700000001,690.8684900000001,592.2215,1994.18726,0.0006755361424061891,487.06340000000006,482.44845,415.41465999999997,1384.9265100000002,0.00074109807516536
E01004726,1901.6490000000001,356.03074000000004,327.24374000000006,255.70044,938.9749199999998,0.0005409261651222854,363.69298,353.44201999999996,245.53908000000004,962.6740800000001,0.0002957256820318758
E01004727,15230.84368,2652.8150600000004,2795.9950799999997,2227.91083,7676.720970000002,5.83976896784365e-05,2633.0202300000005,2768.5150399999998,2152.58744,7554.1227100000015,4.7485464590842465e-05
E01004728,1613.65715,245.56815,254.11414,177.37144,677.0537299999999,0.000766036263897429,355.78019,333.8602399999999,246.96299000000002,936.6034200000003,0.000317322046468775
E01004730,955.28528,162.42939,231.00491000000002,157.06055,550.4948499999998,0.0024103386643209716,155.02912000000003,136.10890999999998,113.6524,404.79043,0.0012161460458987097
E01004731,6209.6919,1477.67586,1193.2601400000003,914.7638199999999,3585.6998200000003,0.00011889791153659986,935.8201700000001,968.9179999999998,719.2539100000001,2623.992080000001,0.00017672563578588073
E01004733,9467.60315,2006.2171899999998,1637.1595799999998,1595.8989300000003,5239.2757,0.00010593837214955279,1434.04169,1442.01326,1352.2724999999998,4228.32745,0.00023664713434965118
E01004734,36828.45193,7002.490710000001,8563.66802,7444.385140000001,23010.543869999998,4.792645476233478e-05,4291.101140000001,5637.261469999998,3889.54545,13817.908060000002,5.946173032598829e-05
E01004735,31532.66408,7953.806849999999,6902.48106,5066.54541,19922.83332,4.38844270394278e-05,4178.702670000001,4248.75481,3182.3732800000002,11609.83076,8.997022564581104e-05
E01004736,49866.20359,10397.39008,11006.82463,9066.26594,30470.48065,3.756342117268701e-05,6323.414760000001,7494.610469999998,5577.69771,19395.722939999992,6.343143419739773e-05
E01004741,2911.81613,449.54712000000006,390.01882,268.47306,1108.039,0.00033722267138631273,673.73504,651.6000200000002,478.4420699999999,1803.7771300000002,0.00014791798930584424
E01004742,620.53361,96.63874,101.10495999999999,69.9076,267.6513,0.0019986447099306272,121.03022000000003,130.47577000000004,101.37631999999999,352.88231,0.0018264882936511009
E01004743,702.69449,165.40122999999997,108.43358999999998,76.29725,350.1320700000001,0.0020368758005309693,126.32809000000002,125.63145,100.60288000000003,352.56242000000003,0.0010898307660401904
E01004744,1291.49821,313.4284399999999,254.2558,187.86012000000002,755.5443599999999,0.0006475354420159326,206.97426,186.58737000000002,142.39222,535.9538499999999,0.0006083944887497778
E01004747,293.01634,93.52711,47.803729999999995,41.89542,183.22626,0.005027783888843628,39.30155,36.42331,34.065220000000004,109.79008,0.006980782058640882
E01004749,814.12962,133.52069000000003,162.67716000000001,74.02936,370.22720999999996,0.0020248927995721627,154.15527000000003,133.44656999999998,156.30057000000002,443.90241,0.001954671349546344
E01004750,41373.54275,6334.968090000002,6637.696860000001,5500.344110000002,18473.009060000004,2.782539388523084e-05,8130.77332,8609.139829999998,6160.620540000001,22900.53369,1.3835884521838822e-05
E01004751,153.44528,26.233489999999996,20.1832,24.34344,70.76012999999999,0.011397765661678641,33.864430000000006,24.10341,24.717309999999998,82.68515,0.009214270448836222
E01004753,1030.65092,118.14667999999999,117.91105999999999,86.94864,323.0063799999999,0.002138314169172336,264.86512999999997,236.01666999999998,206.76273999999998,707.6445399999999,0.0006068222043889571
E01004755,5387.31284,736.21878,732.61328,601.68839,2070.52045,0.0001861033825781371,1286.8473099999997,1120.1768499999998,909.7682299999998,3316.7923899999996,8.254836675564191e-05
E01004757,112.80382,18.436419999999995,24.985429999999997,14.711600000000002,58.13345000000001,0.01932815036332745,21.634809999999998,15.11529,17.92027,54.67037000000002,0.0223154278916187
E01004760,246.71262,38.169859999999986,36.932970000000005,31.886770000000006,106.9896,0.004984272089364616,51.60547,51.60273000000001,36.51481999999999,139.72301999999996,0.0042608054010482175
E01004761,9130.67242,2194.28259,1619.39838,1380.8931199999997,5194.574089999999,0.00015225704587134388,1509.1263499999995,1378.4925700000001,1048.47941,3936.0983300000003,0.00018173443195372953
E01004763,6984.22853,1675.2738499999996,1732.9193100000002,1399.2656699999998,4807.458829999999,0.00027889037317574807,735.1047600000002,815.7825899999999,625.8823499999999,2176.7697000000007,0.00043902737072196163
E01004765,5308.40973,1424.8535500000003,1232.2524799999999,832.3132800000002,3489.4193099999993,0.0003241525451339834,707.03329,621.48787,490.46925999999996,1818.9904200000005,0.0008416658466380202
E01032512,3645.11013,665.7359900000001,708.5153700000001,570.73788,1944.98924,0.00017991171830062064,616.9705799999998,602.44782,480.70249000000007,1700.1208899999995,0.00011478715464086856
E01032513,625.2701,96.66731000000001,104.11343,76.46792000000002,277.2486599999999,0.0021003269439537195,132.03649,134.59079999999994,81.39415,348.0214399999999,0.0017057582039284268
E01032562,105.94596999999999,11.249929999999999,6.914329999999999,7.06286,25.227119999999996,0.049914259836176145,33.06201,25.788529999999998,21.868309999999997,80.71884999999999,0.007944238206367171
E01032563,358.31935,40.81349,42.448330000000006,34.49071,117.75253,0.00744176639408394,102.07628999999999,83.61891,54.87161999999999,240.56682000000004,0.0024363034294461296
E01032564,273.44732,33.50735,28.459000000000007,28.536969999999997,90.50331999999999,0.014743721056510357,76.23384,62.01512999999999,44.69503,182.944,0.0029998412074967126
E01032565,168.76455,15.94588,14.662450000000003,7.460889999999999,38.06922,0.03836149537514461,53.83744,48.36406,28.493830000000003,130.69533,0.00774677101930727
E01032566,584.97215,80.19752,62.03729,71.11215999999999,213.34696999999997,0.005762070805094563,156.60887,125.80407000000001,89.21223999999998,371.62518,0.0016678657832094432
E01032567,563.63725,60.459909999999994,44.70635,42.76786,147.93412000000004,0.009120073242928864,184.36001000000002,125.04869,106.29442999999999,415.70313000000004,0.001667147284997484
E01032568,267.00338999999997,66.70916,57.58888999999999,24.198040000000002,148.49609000000004,0.006397621100169194,44.620560000000005,47.74965,26.13709,118.50730000000001,0.005398625580781689
E01032569,331.9052,42.93198999999999,37.734390000000005,48.34565999999999,129.01204,0.006856562274233161,75.42974,71.38394999999998,56.07947000000001,202.89315999999994,0.0030844613160525823
E01032570,369.06882,41.10273,47.29437,22.67429,111.07139000000001,0.009211343683031238,102.13937000000001,100.03641999999999,55.821639999999995,257.99743000000007,0.0026142331254810887
E01032572,994.22018,91.70607000000001,95.95836000000003,70.33574,258.00017,0.0034737015788744267,274.36918,266.16611,195.68472000000003,736.22001,0.0006136674060390345
E01032573,2820.01245,629.2153800000001,615.5686999999998,318.53039,1563.3144700000003,0.0004481276924784139,500.8039,486.7320900000001,269.16198999999995,1256.6979800000001,0.00043940237321701847
E01032574,1645.88295,343.52125,266.76083,223.83280000000002,834.11488,0.0012935836998726061,336.74746,271.61716,203.40344999999996,811.7680699999999,0.0009555192311804662
E01032577,111.10314,23.261429999999997,12.384049999999998,12.654480000000003,48.29995999999999,0.02735238360225514,28.029279999999996,19.047430000000002,15.726469999999999,62.80317999999999,0.01359501946140277
E01032579,4603.95486,757.5832100000001,715.5798500000001,592.69076,2065.85382,0.00020104633390335492,904.6914300000001,879.1735199999999,754.23609,2538.10104,0.00018793672209013734
E01032580,1400.24702,225.49469999999997,200.64103,187.70713999999995,613.8428699999998,0.0007201128654270806,303.4273400000001,268.9258099999999,214.05100000000004,786.4041500000002,0.0004897950980261783
E01032581,455.4427,86.34383999999999,76.46616,75.45172999999998,238.26172999999994,0.003449939111172364,74.85031999999998,78.85888,63.471769999999985,217.18097000000006,0.0027683830847915094
E01032582,29754.52333,5203.974349999999,5832.444560000001,4354.35473,15390.773639999994,3.6832322324441107e-05,5767.874960000001,5185.0918,3410.7829300000003,14363.74969,1.6286886998427303e-05
E01032583,1878.69717,450.90603999999996,317.22017999999997,215.07045,983.1966699999998,0.0006393384455368117,387.12104,289.83709,218.54236999999995,895.5005000000002,0.0006079249375354695
E01032623,97.07399,16.889899999999997,15.42202,7.39471,39.706630000000004,0.04173375009246344,31.82132,16.17638,9.36966,57.36736,0.028979851090189187
E01032639,5144.29669,831.01921,843.4911999999999,639.9659,2314.47631,0.00018129061810436562,1082.90517,988.5243399999998,758.3908700000001,2829.82038,0.0001171444314685844
E01032640,2119.92184,435.96402,553.1161600000001,412.69816999999995,1401.77835,0.0005831315716856952,268.41388000000006,241.50672,208.22289000000004,718.14349,0.0005949156556919
E01032719,1227.61838,285.21384,320.41062,213.71510000000004,819.3395599999999,0.0005050234230052718,144.51014999999998,153.99244999999993,109.77622000000002,408.2788200000001,0.0008342870879942965
E01032739,69685.65898,16043.880919999998,11961.26318,9976.328039999999,37981.47214,1.5762889675606517e-05,11373.83569,11141.939670000002,9188.41148,31704.18684,3.395717796942201e-05
E01032740,12962.72829,3651.96384,1940.21353,1444.39629,7036.573659999999,0.000143199098680154,2331.37385,1961.9134100000003,1632.86737,5926.15463,0.00022598393902084016
E01032741,9231.52506,2288.8034600000005,2289.8906600000005,1298.07385,5876.76797,9.854062922725313e-05,1309.09759,1201.38014,844.2793600000001,3354.7570900000005,0.00015735394340350717
E01032742,510.97584,140.18223000000003,124.56533000000002,94.20074,358.9483,0.0013568776500353973,66.23230999999998,47.61167,38.18355999999999,152.02754,0.0038060339951021555
E01032743,122.48286999999999,13.966339999999999,9.33557,13.1359,36.43781,0.03803570701089849,30.714450000000003,33.27072,22.059890000000003,86.04506,0.007983715590644034
E01032744,3877.76969,576.04539,530.78836,486.09177,1592.9255200000002,0.00042974668565530315,866.9183700000001,788.9428600000001,628.9829400000001,2284.84417,0.00014007742858379325
E01032764,4218.9541,626.45352,716.4279300000002,575.56909,1918.4505399999996,0.00028316657011501385,742.8063900000001,883.3617500000001,674.3354200000001,2300.5035600000006,0.00023116811910521735
E01032765,204.51349,31.809880000000003,29.40345,16.76696,77.98029,0.009875994491691511,41.03046,50.53121999999999,34.97152,126.53319999999998,0.006181612613616015
E01032767,1565.48706,72.34989,110.08083,77.55788,259.98859999999996,0.0035539409703231567,403.45096,478.59475999999995,423.45274,1305.49846,0.000508563317175518
E01032769,2608.51534,256.59135000000003,452.9015600000001,327.46142,1036.95433,0.0007943935064789728,454.6026,636.2199000000002,480.73850999999996,1571.56101,0.0004308388861629436
E01032771,5167.46933,1120.4989799999998,1392.1776300000001,1109.94195,3622.61856,0.0001858635868390179,435.55877999999996,647.0537899999999,462.2382,1544.8507699999998,0.0004648808169482096
E01032777,459.87692,77.66456000000001,73.02333,37.99155999999999,188.67944999999997,0.0050395869610234635,93.39162999999998,99.24855,78.55729,271.19747,0.0019493000820941329
E01032780,1063.87005,188.09788000000003,195.90906000000004,138.97619000000003,522.9831299999998,0.0011863692330803962,189.99338,195.16666,155.72688,540.8869199999998,0.0008402051915049236
E01032781,1566.34777,218.3528,241.79754000000003,187.9116,648.06194,0.0004930789072543527,313.6115,349.91845,254.75588,918.2858300000003,0.0005358929845062626
E01032783,2898.55425,259.29239,324.85016999999993,230.22045000000003,814.3630099999999,0.0007585694120533737,765.45526,741.2266400000001,577.5093400000001,2084.19124,0.00023423919507494504
E01032786,1077.2737,173.44114000000002,182.54116000000005,129.82401000000002,485.80631000000005,0.0007603577389355012,223.03649999999993,210.37902000000003,158.05187,591.4673899999997,0.0005896716029530544
E01032788,746.1322,129.52829000000003,136.24614,81.73346,347.50789,0.0023136910437172916,179.72218000000004,132.44152000000003,86.46061000000002,398.6243100000001,0.001718853911156657
E01032789,378.60985,83.14542000000002,92.1672,68.54861999999999,243.86124000000007,0.0026120015267948704,44.489999999999995,55.70612,34.55249,134.74860999999999,0.004883261816252707
E01033081,1615.7391,275.54289,285.25786999999997,188.30801,749.10877,0.0006444451318489001,330.23447,318.37897,218.01689,866.6303300000001,0.00043230111041156266
E01033082,6168.24874,1014.95865,1089.5059099999999,692.60349,2797.0680499999985,0.00011958353063436857,1236.3123600000004,1299.7398400000002,835.12849,3371.1806899999997,9.306088037234477e-05
E01033083,2894.65589,678.7046700000002,634.1082600000001,400.35311,1713.16604,0.00033336441332490095,481.88605,416.48051999999996,283.12328,1181.48985,0.00043091924233009516
E01033084,18927.32751,3307.04876,2969.7355900000002,2551.4688100000003,8828.25316,3.77023699096046e-05,3840.8080500000005,3512.5695100000003,2745.6967900000004,10099.074350000003,1.691865477864579e-05
E01033098,3717.80313,640.7905800000001,925.44618,591.6384200000001,2157.87518,0.00035810958143990237,574.6127799999999,587.1496999999999,398.16547,1559.92795,0.00030701748395463486
E01033099,294.29058,49.67388999999999,48.03203,37.31238999999999,135.01831000000004,0.005024400033855059,64.00780999999999,58.63854999999999,36.625910000000005,159.27227000000005,0.0030086876996828407
E01033100,4004.38292,634.70846,639.6776900000001,503.32433000000003,1777.7104800000002,0.00018845572373116194,857.26534,760.0458999999998,609.3612,2226.6724400000003,8.495281500874485e-05
E01033132,3528.36238,632.4256899999999,796.7124699999999,528.6911500000001,1957.82931,0.0003854133095153293,560.38787,620.1217700000001,390.02343,1570.5330699999997,0.0002863011643266801
E01033133,644.03455,72.82982,100.9544,59.72914,233.51336,0.0037040518142356415,169.00988000000004,131.89050000000003,109.62080999999999,410.52119000000005,0.0013823767593710268
E01033146,431.76008,38.40266999999999,29.298569999999998,24.87518,92.57642000000001,0.015748808513751066,147.83134,105.92863000000001,85.42368999999998,339.18366000000003,0.0016104886108062651
E01033148,301.87949,26.556710000000002,36.182809999999996,21.197570000000002,83.93709,0.010233654439156147,90.68169999999999,72.36992000000001,54.890780000000014,217.94239999999994,0.002955732105415061
E01033150,838.83866,108.48292999999998,98.24186,73.70969,280.43448000000006,0.0023873305641707336,228.69668000000004,194.46249,135.24501,558.40418,0.0007703097922031321
E01033151,274.34614,47.70383,33.59824,21.83438,103.13644999999998,0.009735824878773235,74.673,57.83464,38.70205,171.20969,0.00425119593078345
E01033320,579.57785,65.11204,56.92479999999999,41.203889999999994,163.24073,0.0042821617817853114,180.67976,131.46277,104.19459,416.33711999999997,0.0015540346480033894
E01033322,274.03411,52.30038,43.87899,35.83607,132.01544,0.005335482842251037,67.02792,42.30680000000001,32.683949999999996,142.01867000000001,0.005040884870815592
E01033324,105.47005,17.236609999999995,16.64172,14.495569999999995,48.37389999999999,0.015003423027267673,19.11738,21.995850000000004,15.98292,57.09615,0.01332556189252816
E01033327,16671.75065,3124.736349999999,3175.568620000001,2151.6994200000004,8452.004389999998,3.793080551242373e-05,2982.15336,2959.5706299999997,2278.0222699999995,8219.746259999998,2.3091350619713425e-05
E01033341,397.59121,60.15802,39.4823,50.040519999999994,149.68084000000002,0.0052640890549741,102.11806999999999,77.62071999999999,68.17157999999999,247.91036999999997,0.001969870344983112
E01033455,1011.58225,195.38803000000001,223.04580999999996,188.14368000000002,606.57752,0.001463849365312091,132.85207,147.99248,124.16018,405.0047299999999,0.0025971797181531626
E01033456,796.54124,129.72008,123.47393000000002,102.95591999999999,356.14993000000004,0.002296602648281121,165.01856,170.27694,105.09581,440.39131000000003,0.000800799555719861
E01033463,821.08965,130.13557999999998,123.69007,101.92750000000001,355.75314999999995,0.002043362099629636,197.06418,156.00010999999998,112.27221,465.3364999999999,0.0013383031761754934
E01033486,967.91811,150.93901000000002,144.25491000000002,87.13184000000001,382.32576000000006,0.0012475155678471398,263.12218,173.91609,148.55408,585.59235,0.0009756203542431167
E01033488,3098.90895,665.46371,717.8403899999998,369.81980999999996,1753.1239100000003,0.00039222326683792163,543.9089199999999,453.5191499999999,348.35697,1345.7850400000002,0.00018606579580990123
E01033489,171.74996,38.65395,17.900040000000004,18.493479999999998,75.04746999999998,0.013362722919513499,37.53132000000001,35.71866,23.45251,96.70249000000001,0.007213015575474587
E01033490,3035.33146,753.7483299999998,491.79765000000003,273.65916,1519.2051399999993,0.0005030603787897377,575.327,525.4490100000002,415.35031000000004,1516.1263199999996,0.00018030607489575602
E01033491,4254.63647,696.5414799999999,775.18181,473.32901000000004,1945.0522999999991,0.00020364319855199287,818.32588,845.5277699999999,645.7305199999998,2309.5841699999996,0.00018772162300496388
E01033569,537.68311,127.99757999999999,144.75799999999998,58.810219999999994,331.5658000000001,0.002602296664640535,69.05256999999999,96.01879000000001,41.045950000000005,206.11730999999997,0.0036890413464375827
E01033570,226.83674,31.960350000000002,24.385070000000002,12.56536,68.91078,0.01995069824270548,64.30885,57.66695000000001,35.950160000000004,157.92595999999998,0.004925702154310318
E01033571,398.04021,50.48336000000001,59.14855,33.37805,143.00996,0.008394572420822711,95.12700999999998,110.92155,48.98169000000001,255.03024999999997,0.002710664829705473
E01033579,2424.96891,234.79249000000004,484.4725899999999,436.60769999999997,1155.8727800000001,0.0012736166344908522,446.91436999999996,484.92641000000003,337.25535,1269.09613,0.0003518727264414552
E01033581,632.41861,113.07854,52.842670000000005,192.47668999999996,358.3979,0.004461227465361501,108.80377,68.48796,96.72897999999999,274.02071,0.006004672881213888
E01033582,333.66185,44.06164,48.767520000000005,39.623689999999996,132.45285,0.010144284005893626,65.19299999999998,82.24094000000002,53.77506000000001,201.20899999999995,0.0025782574334285253
E01033584,403.33898,60.14882999999999,71.34039000000001,57.42612999999999,188.91535000000002,0.005432778125372858,68.15554,84.52507999999999,61.74301,214.42362999999995,0.0035251517876834044
E01033587,199.81782,63.41030000000001,63.10216,33.357609999999994,159.87007,0.0049467005168149876,15.630649999999997,17.641439999999996,6.67566,39.947750000000006,0.023376766444982586
E01033589,6755.32052,1263.7685999999999,1270.8733100000002,1037.67882,3572.32073,7.48966191318793e-05,1126.7768099999998,1137.60102,918.62196,3182.9997899999994,9.92446720743485e-05
E01033591,1517.95053,218.29289999999997,216.11314000000002,185.14642000000003,619.5524599999999,0.0008854137659257573,347.86245999999994,309.49627000000004,241.03933999999995,898.3980700000001,0.00037042174497473073
E01033593,2315.75339,350.15002000000004,344.91913000000005,307.34926,1002.4184100000002,0.000839535240839896,454.56914,463.78032999999994,394.98551,1313.3349799999996,0.000454340459986346
E01033594,7822.78071,1117.16894,1224.3671299999999,1050.34872,3391.884790000001,0.00015517414376545408,1416.2366200000001,1653.7509899999998,1360.90831,4430.89592,0.0001146539687391986
E01033598,2356.18429,426.14981,439.10488000000004,302.40225,1167.65694,0.00025841166965120564,426.83678999999995,417.72549,343.96506999999997,1188.5273500000003,0.00024615108895254423
E01033601,1071.04649,165.58257999999998,130.77264999999997,113.33533000000001,409.69056,0.001446464292897218,236.38474000000002,240.65670999999998,184.31448,661.3559300000002,0.0006076753358069886
E01033604,6340.37257,1185.60859,1096.25266,918.8659200000001,3200.7271699999988,0.00016408682702453428,1104.35561,1126.8422,908.4475900000001,3139.645400000001,0.00012581908706974822
E01033699,8540.01468,1758.90633,1777.7694700000004,1063.1196,4599.7954,8.849895457636815e-05,1504.72049,1557.5899399999996,877.9088499999998,3940.2192800000007,9.678078470232659e-05
E01033700,12261.32371,2170.1202399999997,2302.9692800000003,1636.4045099999996,6109.494029999999,5.772946519338605e-05,2171.25507,2365.4065800000003,1615.16803,6151.82968,5.3145342932163454e-05
E01033702,303.98615,56.741350000000004,46.26863,42.26172,145.2717,0.00653775379097658,66.89306,40.93612999999999,50.885259999999995,158.71445000000003,0.0058959400993630695
E01033703,969.98678,161.59491999999997,219.62548999999999,131.82962,513.05003,0.0010445100623107909,158.18543,164.90855,133.84277,456.9367500000001,0.0009516762138595085
E01033704,7557.01451,1337.61674,1474.4835500000004,995.2010600000001,3807.30135,0.00010882807319333599,1452.92973,1384.75483,912.0286000000001,3749.7131600000002,9.981723932858341e-05
E01033705,1174.49853,183.60319999999996,216.55714,159.57564000000002,559.73598,0.0009235097117589692,240.07687999999996,215.38017999999997,159.30549,614.7625500000001,0.000527719871890261
E01033706,8833.16719,1568.04201,1692.69534,1129.61336,4390.350710000001,0.0001565636330834745,1497.91652,1766.86233,1178.0376299999998,4442.8164799999995,0.00010942573310083374
E01033708,17222.79868,3363.2741700000006,3569.67616,2734.4495500000003,9667.399880000003,7.614470092414359e-05,2419.0659299999993,3136.04227,2000.2905999999998,7555.398800000001,5.442200598051159e-05
E01033709,1238.31172,250.19476999999998,202.35289,129.66527,582.2129299999999,0.0007923257948257031,261.71469,238.8352,155.54890000000003,656.0987900000001,0.0006513993772530607
E01033711,1394.27624,119.43162,105.82658,79.07222999999999,304.33043000000004,0.001991603384167278,373.00023000000004,450.41793000000007,266.52765,1089.94581,0.00044952557745401157
E01033712,654.7554,115.20111,199.77904,88.71265,403.6928,0.0024198603810216034,92.20068,111.28681999999999,47.57509999999999,251.0626,0.0028800153121601875
E01033713,4254.58282,612.1404600000001,617.9495900000001,515.30337,1745.39342,0.0002831156685468712,911.6752699999998,857.3586399999999,740.1554900000001,2509.1893999999993,0.00012833936956484248
E01033727,1233.28915,129.87723,147.1347,106.37170000000002,383.3836299999999,0.0012871976772321722,254.53895,299.2611199999999,296.10545,849.90552,0.001094939021041584
E01033729,297.29822,32.446169999999995,47.8441,13.29247,93.58274,0.01336668132407065,65.37343,83.44398000000001,54.89807,203.71547999999996,0.0034641611545890797
E01033732,3306.02715,450.73426000000006,474.98797,359.62782000000004,1285.3500500000002,0.00043459491164085044,876.81055,655.3256199999998,488.54092999999995,2020.6771000000003,0.00020613265460370548
E01033735,3644.9674,1026.73924,836.7607399999999,474.8345,2338.33448,0.00033408699134913965,534.8379399999999,461.97319000000005,309.82178999999996,1306.6329200000002,0.00034466920836632775
E01033737,5269.82261,727.4251800000001,608.7613299999999,422.45149,1758.6379999999997,0.0001975025074510842,1369.4525,1200.3832499999996,941.3488600000001,3511.1846100000002,0.0001430573091101927
E01033738,2199.43126,434.22442,548.0970000000001,160.59783999999996,1142.91926,0.0009726343702514197,433.80876,390.04158000000007,232.66166,1056.5119999999997,0.00038777896064171686
E01033740,1222.99868,182.95876000000004,163.05941,169.99403,516.0122,0.002243773669807566,290.03326,248.65932000000004,168.29390000000004,706.98648,0.0009460128972077019
E01033741,2601.4233,352.0742500000001,302.24375000000003,291.78388000000007,946.10188,0.0008391671268767186,662.3606300000001,545.42437,447.5364200000001,1655.3214200000007,0.00020390967796703847
E01033742,228.16906,23.86614,33.880160000000004,21.410709999999998,79.15701,0.01741233200938533,59.08233,51.63463,38.29509,149.01205,0.0045839923539539125
E01033743,3847.53316,573.21109,550.5022799999999,347.23355000000004,1470.9469199999999,0.0005204904272742502,1006.9117699999999,822.9655499999999,546.7089200000001,2376.586239999999,0.00014395063453916807
E01033744,650.11004,88.23690000000002,80.65014,81.96993000000002,250.85697,0.003266905338344849,164.32576,141.46027999999998,93.46703000000002,399.25307000000004,0.001275198584974984
E01033745,159.20425,43.51726,31.354699999999998,10.00791,84.87987,0.01663717392948055,28.53057,27.984009999999998,17.8098,74.32438,0.010028942606922202
E01033746,191.60426999999999,27.9397,31.771680000000003,26.926439999999996,86.63781999999999,0.00881197764749667,27.82818,39.91808,37.220189999999995,104.96644999999995,0.009823566014110673
E01033784,502.38055,98.41599,85.71506000000001,32.40977,216.54082000000002,0.0050674880323210636,128.20808,110.53017,47.101479999999995,285.83973,0.002994521174142731
E01033785,2604.71557,848.7137700000001,537.4568999999999,289.20742,1675.3780900000002,0.0005317815068588722,373.8293,296.26145,259.24673,929.3374799999999,0.0012227945533205345
E01033786,421.77346,83.87969999999999,63.28886000000001,53.568659999999994,200.73722000000004,0.005244622484682582,89.53544,75.97976,55.52104,221.03624,0.0035540022703814834
E01033788,3956.42515,923.2652099999999,692.51962,606.5028199999999,2222.2876499999993,0.00042957012152676716,661.41258,585.0995199999999,487.62539999999996,1734.1375,0.0003645555248998802
E01033790,314.34439,43.156040000000004,46.89310999999999,34.25984999999999,124.30899999999998,0.009587708709898663,78.74311999999999,65.91618000000001,45.37609,190.03539,0.002663279259196362
E01033791,1848.7842,426.89809999999994,361.69975999999997,210.97182,999.5696799999998,0.0006016851610565002,336.46914,304.64351999999997,208.10186,849.21452,0.0006239457499853018
E01033792,74.61646999999999,13.60753,12.349070000000001,12.97629,38.93289,0.02176088600910287,14.50312,13.471939999999998,7.708519999999998,35.683580000000006,0.021765924417475976
E01033862,815.01261,144.55830999999995,138.96982,107.13053,390.65865999999994,0.0018198718553547092,152.64395000000002,153.57605,118.13394999999998,424.35395000000005,0.0013635088382684141
E01033865,1076.75801,172.45064,176.95384000000004,126.38264,475.78712,0.0011673442822188725,211.73338999999999,235.03137999999998,154.20612,600.97089,0.0008185262730597341
E01033866,3043.41457,580.1192,549.4577099999999,330.24027000000007,1459.8171800000007,0.00032724670739484583,600.2119899999999,585.2982099999999,398.08719,1583.5973899999997,0.00022353309926894434
E01033867,288.80122,80.32965,65.62531,45.863369999999996,191.81833000000003,0.004489099412127789,32.92481,35.999249999999996,28.05883,96.98288999999998,0.010900928194097185
E01033868,1702.8505,347.18925999999993,403.9056100000001,226.2489,977.3437699999998,0.0008681198619106037,260.24401,294.11018000000007,171.15254,725.5067299999998,0.0007513480796813509
E01033869,335.8707,95.05856,101.39149000000002,68.98987,265.43992000000003,0.003519529624575862,28.774619999999995,22.384169999999997,19.27199,70.43078,0.007878743810544734
E01033872,1136.44625,144.98228999999998,153.81617999999997,94.02139999999999,392.81987000000004,0.0011850926151765584,306.33781,248.54703999999998,188.74153,743.62638,0.0006805549122058426
E01033873,14866.96011,2284.7335199999993,2411.6162400000003,1777.15776,6473.50752,4.201525296026543e-05,2947.9683199999995,3180.3161099999993,2265.16816,8393.45259,2.814471457061223e-05
E01033874,852.22508,131.7169,155.31831,88.08407000000001,375.11928,0.0015181958915984942,163.22441,193.73405999999997,120.14732999999998,477.10580000000004,0.0013392802381888861
E01033875,303.2538,51.104169999999996,45.994589999999995,36.88322999999999,133.98198999999994,0.003406334941724231,63.36295,61.33749000000001,44.571369999999995,169.27181000000004,0.0030455562991585526
E01033876,724.25687,192.85927000000004,181.48429000000002,136.05277,510.39633000000003,0.000989537553921378,72.72194999999999,77.86549,63.273099999999985,213.86054,0.0024690690724802023
E01033879,2374.93195,332.07569,359.04179999999997,306.00388000000004,997.1213700000001,0.0006131097031436135,530.01911,494.35097,353.44050000000004,1377.8105800000003,0.00040686405173319086
E01033880,8340.54919,1390.7385599999998,1338.3571600000002,953.61278,3682.7085,0.00013204340094756192,1892.0586800000003,1587.9032,1177.8788100000002,4657.84069,6.203924974249888e-05
E01033883,1674.4407,276.88295999999997,283.86305,238.50249,799.2484999999998,0.0007925262120201069,332.00739,300.03150999999997,243.1533,875.1922,0.0004015224370337669
E01033884,19534.71661,4172.36695,4477.863,3409.9400099999993,12060.169959999996,2.544426606146009e-05,2816.9713199999997,2655.0875300000002,2002.4878000000003,7474.546649999999,6.98056285117802e-05
E01033885,3715.59987,651.80954,837.0903,532.2002800000001,2021.1001200000003,0.0002670422462890307,599.1180499999998,675.0666399999999,420.31506,1694.49975,0.0001918713129269356
E01033911,236.52779999999998,45.23489,29.570149999999995,13.36641,88.17145,0.013772376363454672,68.15445000000001,46.23676000000001,33.96514,148.35635,0.004260165027290497
E01033916,1567.46995,304.85127,252.24248,204.87000999999998,761.9637599999999,0.0004011698802922866,320.59138999999993,280.5383,204.3765,805.5061900000001,0.0005329557255250155
E01033918,1185.33516,202.47321,143.88227,102.29416999999998,448.64964999999984,0.0014196374696677995,350.2286899999999,223.90359000000004,162.55323000000004,736.6855099999999,0.0011120741640031626
E01033922,835.08705,97.08697,85.47761,78.33121,260.89579000000003,0.0018834455405777207,209.34597000000002,224.68659000000002,140.1587,574.1912599999999,0.0007913851896392567
E01033923,128.58365,12.95463,12.048519999999998,8.25381,33.25696,0.031656627586656175,42.909169999999996,27.769330000000004,24.64819,95.32669,0.011888640631878923
E01033924,294.12281,57.97591,52.83252,32.145210000000006,142.95364,0.003987862189306579,63.313170000000014,53.69264999999999,34.163349999999994,151.16917,0.005030395064564942
E01033925,1928.82337,317.53723,292.97605999999996,271.43078999999994,881.9440800000001,0.0004093290728944231,405.52762,360.26797000000005,281.0837,1046.8792899999999,0.0003985198761326561
E01033926,934.92611,219.34272999999996,152.41089999999997,101.94206,473.6956900000002,0.0017796935127289634,204.84801,146.80176,109.58064999999999,461.23042000000015,0.0016802894741675225
E01033927,7629.15849,1789.54918,1501.1815399999998,1046.56943,4337.300149999999,0.0001156896644840434,1286.7791099999997,1182.35487,822.7243599999999,3291.85834,0.00015412616941390799
E01033929,1778.0086,369.3072000000001,411.84952999999996,197.18767999999997,978.3444100000003,0.0008482973669229775,343.1684400000001,296.51077,159.98497999999998,799.6641900000003,0.0011195091571400398
E01033930,438.70581,90.68495999999999,104.62368000000001,45.54572,240.85436,0.0037251930422202277,76.23418000000001,77.69997,43.917300000000004,197.85145000000006,0.0037677968574730486
E01033931,8495.92408,1959.0018699999998,1689.1970300000005,1411.9801999999997,5060.1791,0.00010505182747161889,1263.77061,1221.3669300000001,950.60744,3435.744979999999,0.00010632038284885204
E01033934,924.90383,95.60904,109.88081000000001,92.75919999999998,298.24905000000007,0.0034708951375966002,239.58139999999997,206.69842,180.37496000000002,626.65478,0.0010822516263447202
E01033936,4767.54262,930.183,919.7402099999998,691.0738800000001,2540.9970900000003,9.569024688712191e-05,827.7344300000001,776.5516700000001,622.2594300000002,2226.5455300000003,0.00010891261226979483
E01033937,1635.56201,282.21986,259.71966999999995,197.65322,739.5927499999999,0.0005700404316080493,348.2831000000001,314.85869,232.82746999999995,895.9692600000002,0.0002826731809462494
E01033938,3934.64643,881.6857799999999,580.8686799999999,527.36382,1989.91828,0.0002832944158474901,862.8843400000001,515.3395500000001,566.50426,1944.7281500000004,0.00039986248202663455
E01033939,260.21703,37.23768000000001,30.28208,28.023860000000003,95.54362000000003,0.013379243290504494,75.39452,47.09684,42.18205000000001,164.67341000000002,0.0038617906881912205
E01033940,690.60769,161.55719,141.37589000000003,127.29807,430.23114999999996,0.0007814445452916345,106.86484,91.77959,61.73211,260.37654000000003,0.0024546613551074906
E01033941,3789.5215200000002,739.1160800000001,852.3608599999999,581.3296600000001,2172.8065999999994,0.00024138833390550127,661.0416600000001,584.1941999999999,371.47906000000006,1616.71492,0.00025228591432295533
E01033942,714.02073,142.18542999999997,147.81048,53.571670000000005,343.56757999999996,0.00280749808542858,170.01518,172.47146,27.966510000000003,370.45315000000005,0.003221211489656247
E01033943,866.09499,12.675099999999999,10.738639999999998,11.141989999999998,34.55573,0.026269368316957954,322.31314,249.12191,260.10421,831.53926,0.0009797070637371712
E01033944,9060.44162,2157.1436,1878.65559,1410.2822700000002,5446.081459999999,4.0235437650958236e-05,1274.86324,1416.3663999999999,923.1305199999998,3614.3601600000006,0.00013044936619882423
E01034026,2547.39809,515.60022,409.26424000000003,367.2479200000001,1292.11238,0.0003602401053931321,524.13745,396.76903999999996,334.37922,1255.28571,0.00029139115317808393
E01034027,1447.76307,229.9708,225.96954,159.3245,615.2648400000002,0.00045379261506258697,317.17605,294.78831999999994,220.53386,832.49823,0.00029765902891190567
E01034028,516.29617,94.13665000000003,89.71941999999999,63.916160000000005,247.77223000000004,0.003955135059074615,98.04666000000002,103.03117999999999,67.44610000000002,268.5239400000001,0.0032380584890708075
E01034029,705.91039,164.25324999999998,150.64203,125.31817999999997,440.2134599999999,0.0013089560843644172,105.99007,86.38153000000001,73.32533000000002,265.69693,0.002252949454005472
E01034030,10314.94686,2382.8854600000004,2259.5685699999995,1503.1626500000002,6145.616679999998,4.94767449463145e-05,1532.0820000000006,1573.1069799999996,1064.1411999999998,4169.330180000001,8.069163560086028e-05
E01034032,976.54204,245.13747999999995,162.28472,104.21604,511.63824000000005,0.001642326866149464,207.22636999999995,147.69182999999998,109.98559999999999,464.90379999999993,0.0009513618128006287
E01034033,314.20364,24.72139,30.324489999999994,18.142819999999997,73.1887,0.01354582425675362,94.93965,84.90333,61.17196,241.01494,0.0022347913016805116
E01034034,1005.4132099999999,174.82163000000003,149.84772999999998,139.08153000000001,463.75088999999997,0.0016373639992168004,197.96434,179.4068,164.29117999999994,541.6623199999999,0.0006440463206938221
E01034036,4631.40635,1460.89939,1289.43414,1200.5356399999998,3950.869170000001,9.79708060445775e-05,246.00051000000002,249.09563,185.44104,680.5371799999999,0.0013322224722217113
E01034037,13228.73953,1947.88895,1701.7294100000001,1634.0254599999998,5283.64382,6.646178893316302e-05,2925.0388999999996,2727.6063499999996,2292.45046,7945.0957100000005,2.9130090660626617e-05
E01034038,3221.18107,571.3915,640.62829,466.59902999999997,1678.6188199999997,0.0007049220132073458,578.8614600000001,556.7560200000001,406.94477000000006,1542.5622500000004,0.00036443307604927517
E01034039,2289.29417,315.25494,288.15815,260.32702,863.7401100000001,0.0009420648516368386,540.6168699999998,505.29217,379.64502,1425.5540599999997,0.00035595437227515576
E01034040,8348.53647,1215.4202599999996,1164.9474500000001,933.07034,3313.4380499999984,7.414381624618391e-05,1792.2075799999998,1814.72701,1428.16383,5035.098419999998,5.9400129652853104e-05
E01034042,907.0372,137.88124,244.14019,88.38269,470.40412000000003,0.0021700273509388484,161.69371000000004,173.76371000000003,101.17565999999998,436.63308,0.0011760720557854052
E01034044,3418.06534,489.94347000000005,761.30284,383.14661000000007,1634.39292,0.0004341142826351386,664.57857,672.1888100000002,446.9050399999999,1783.67242,0.00016605327848207474
E01034045,180.31712000000002,27.304679999999998,22.48683,21.747149999999998,71.53866,0.017470932948749775,35.575030000000005,37.467,35.736430000000006,108.77846,0.008103610334719322
E01034046,2260.9798,267.70254,309.16821000000004,208.69315,785.5639,0.0008119067857717773,544.38255,549.562,381.47135,1475.4159000000002,0.00018813492647905283
E01034140,3302.91944,335.45156,360.38681999999994,304.96182,1000.8002,0.0006875417999221032,870.8322900000002,777.43335,653.8536000000001,2302.1192400000004,0.00018680375586082882
E01034142,218.00641,43.25309,34.583589999999994,33.477180000000004,111.31386,0.008629518170572965,41.18889,31.25734,34.246320000000004,106.69255000000001,0.006253856827858166
E01034143,24312.06837,4579.5437299999985,3950.05662,3354.9230500000003,11884.5234,1.895281537775352e-05,4649.5699,4196.15966,3581.8154099999992,12427.544969999999,2.4203655405629113e-05
E01034145,1651.71984,296.14578000000006,301.63696999999996,205.89982,803.6825699999999,0.0007548286312810244,344.01861,277.53859,226.48006999999996,848.0372700000003,0.0007168419626338053
E01034146,487.69955,129.43373,112.36741,51.749849999999995,293.55098999999996,0.004161757542072276,76.85093,71.25547999999999,46.04215,194.14856000000003,0.003923102043709151
E01034148,4554.37736,860.2893200000001,777.7297700000001,594.68343,2232.7025200000003,0.00012884171245861227,896.75665,781.9281599999998,642.9900299999999,2321.67484,0.00014749587324809063
E01034149,20841.31776,5302.481619999999,4592.545740000001,3659.9081200000005,13554.935480000002,2.907713257037863e-05,2708.8469800000003,2565.3809299999994,2012.15437,7286.38228,6.420515261430066e-05
E01034150,15650.91124,2857.4053799999992,2607.06628,1954.59545,7419.067109999998,3.5586395453974574e-05,3022.49411,2855.35702,2353.9930000000004,8231.84413,3.432767140547073e-05
E01034152,3752.0339599999998,595.24322,657.1558,520.96978,1773.3688000000002,0.00025835584989403594,716.5309400000001,728.6790399999999,533.4551800000002,1978.6651599999998,0.0001514400389138335
E01034153,588.13539,90.15069,71.79483,52.097660000000005,214.04317999999998,0.0038273410668294566,160.53149999999997,126.76236,86.79835,374.09220999999997,0.0019314636047571
E01034155,5240.23554,1096.17819,1123.72251,533.8955599999999,2753.79626,0.00026217850671270517,1054.40185,919.4515300000002,512.5859,2486.43928,0.0002451385318713228
E01034156,4302.08092,820.2867100000001,747.6253300000001,559.82424,2127.73628,9.544643275426711e-05,803.11428,752.8194499999998,618.4109100000001,2174.3446400000003,0.000158731289159488
E01034173,1815.9085599999999,329.14647,284.17601,270.9012,884.2236800000001,0.0007807883299289764,371.0282,294.46080000000006,266.19588,931.6848799999998,0.00034994295350098764
E01034174,1835.66356,325.65178000000003,269.36021,177.43129,772.4432800000001,0.0010263852389523094,409.7618800000001,378.50141,274.95699,1063.22028,0.00033997788538479433
E01034175,574.22802,56.25079,54.493089999999995,49.12536000000001,159.86924000000005,0.01018906338779001,147.83109,163.83003,102.69766,414.35877999999997,0.0013122098124589395
E01034177,50.72257,22.03948,17.081409999999998,10.438669999999998,49.55956000000001,0.025104965628843432,0.8797799999999999,0.00261,0.28062,1.1630099999999999,0.5430677488273001
E01034179,777.35135,95.0805,208.04061000000002,139.17514,442.2962499999999,0.002358157569793156,121.92575999999997,112.85472,100.27462,335.0550999999999,0.001562778151845841
E01034180,931.07113,150.93789,208.67035999999993,121.27201000000001,480.88025999999996,0.0010994421421487964,115.19738,195.67782000000003,139.31566999999998,450.19086999999996,0.001736042109322089
E01034182,1126.9727599999999,194.47406,253.63923000000003,161.77835000000002,609.8916399999999,0.0010408760774026568,153.26803000000004,232.58896000000001,131.22412999999997,517.08112,0.0013727562136317303
E01034185,5062.3876199999995,786.92974,769.9428199999999,579.8141,2136.6866600000003,0.00015850738039603347,1109.7544700000003,1044.20067,771.74582,2925.7009599999997,0.00010506591211954932
E01034187,20616.97401,4969.535530000001,4111.38959,3414.6729299999997,12495.598049999999,2.9036363689949655e-05,2860.7377699999997,2770.7,2489.93819,8121.3759599999985,8.226245753193589e-05
E01034188,37785.45351,7832.404860000001,9021.720270000002,6661.661140000001,23515.78627,2.49538421140292e-05,4548.05342,6050.86969,3670.7441299999996,14269.667240000002,4.9392816243503876e-05
E01034190,1546.68828,184.70362000000003,201.08320999999998,123.54443999999998,509.3312700000001,0.0014070841648516398,419.1948,350.24899999999997,267.91321000000005,1037.3570100000002,0.00040984173297384767
E01034192,2497.42204,395.1704699999999,631.52964,441.0570999999999,1467.7572099999995,0.0005388494737932591,355.4870399999999,402.8372799999999,271.34051,1029.6648300000002,0.00036777037593760094
E01034198,2408.31505,462.10740000000004,381.23106000000007,339.35382999999996,1182.6922900000002,0.0005415363720979031,495.35847,396.16500999999994,334.09927999999996,1225.62276,0.00026926627115742523
E01034199,866.89923,140.0654,150.49887000000004,124.30989999999998,414.87416999999994,0.0012178638906925545,179.64090000000002,153.37088,119.01327999999998,452.02506000000005,0.0009061778983554637
E01034200,1049.73656,276.95535,266.7418800000001,143.18278,686.8800100000001,0.0008265727926917064,146.23233000000002,130.17603,86.44819000000001,362.85654999999997,0.0012216216109074674
E01034202,1421.27777,266.47591,263.24405,225.43601,755.1559700000001,0.0012943778913242295,247.10830999999993,231.53244999999998,187.48103999999995,666.1217999999998,0.0006396698711483034
E01034203,5804.46206,830.3601600000002,825.3530100000002,735.8627,2391.5758699999997,0.00012760211280810508,1276.97717,1192.8222899999998,943.08673,3412.886189999999,9.15137055199093e-05
E01034204,542.29707,97.78531,91.0845,99.9993,288.86911,0.0024679643572071124,93.52767000000001,74.01524,85.88505000000002,253.42796000000004,0.003947044108398162
E01034205,2334.77858,442.68314000000004,499.68214000000006,294.55314,1236.91842,0.00036612488228105427,428.16998000000007,413.4592200000001,256.23096,1097.8601599999997,0.00044458054363299173
E01034206,2696.14853,558.0843499999999,579.47397,317.32691,1454.8852300000003,0.0003837021030569499,484.27097,473.6837800000001,283.3085500000001,1241.2632999999998,0.0003367497858870679
E01034208,226.61541,32.41432,33.108779999999996,26.206609999999998,91.72971,0.007390410943410498,49.869789999999995,42.08202,42.93388999999999,134.8857,0.004312878652862786
E01034209,16264.13759,3079.95791,3209.477880000001,2629.5753200000004,8919.011109999996,6.984489033420426e-05,2312.8800600000004,2780.7544399999997,2251.49198,7345.12648,0.0001402873710592465
E01034211,204.19482,33.08185999999999,38.60533,30.889459999999996,102.57664999999999,0.007413372385726965,32.11784,42.77736,26.72297,101.61816999999999,0.006525259134398616
E01034212,243.62589,48.36935,58.52096999999999,47.102470000000004,153.99278999999999,0.007388618626868935,31.917429999999992,34.35278999999999,23.362879999999993,89.63309999999998,0.010368609815802291
E01034215,396.85406,79.83359999999999,92.07147000000002,60.998270000000005,232.90334,0.002175662652194625,72.21604000000002,53.94208000000001,37.7926,163.95072,0.00423153491871265
E01034216,58.967929999999996,12.539999999999996,16.159829999999996,11.45079,40.15061999999998,0.02015137997818197,7.44928,5.68325,5.68478,18.81731,0.05404117875396135
E01034218,149.02772,21.434610000000006,22.483360000000005,25.121880000000004,69.03985,0.010997310016308394,32.38342000000001,23.329159999999998,24.27529,79.98786999999999,0.009596020326110033
E01034219,7540.65721,1375.86183,1693.37393,990.82835,4060.0641100000003,0.00013329282818082722,1204.21079,1365.7205900000001,910.66172,3480.593099999999,9.749046397072316e-05
E01034220,42107.431019999996,9067.767590000003,9107.04971,7150.81057,25325.627870000004,1.865724548667097e-05,5711.83501,6118.263459999999,4951.70468,16781.803149999996,5.659464373375823e-05
E01034221,909.5487899999999,158.00009999999995,125.83698000000001,94.22401,378.06109000000004,0.0014820671343152942,223.97413999999995,158.09789999999995,149.41566,531.4877,0.0010012064372760488
E01034222,250.84779999999998,59.66785000000001,58.81215,50.54031000000001,169.02031000000002,0.003265191348915562,16.422289999999997,31.606129999999997,33.79907,81.82749,0.019832055674777038
E01034223,2171.35651,382.25757,416.3131599999999,346.57498,1145.1457100000002,0.0006416836449060848,359.90537,361.61274,304.69269,1026.2107999999998,0.0009953092385995487
E01034224,1753.20404,255.17647999999997,275.39249,239.37033000000002,769.9393,0.0007253565506334452,336.33904000000007,377.30921000000006,269.61649,983.2647399999998,0.0005752326760604639
E01034225,521.67635,73.04072000000001,82.66265000000001,75.64797,231.35133999999996,0.00360593483544573,94.11799999999998,106.79614000000001,89.41087,290.32501,0.002256775501456659
E01034227,449.84401,73.86950999999999,108.53336000000002,64.13944,246.54231000000004,0.00343639519320166,53.37723,105.84149000000002,44.08298,203.30169999999998,0.004859720810804438
E01034229,316.08254,29.74654,43.328939999999996,27.309939999999997,100.38542000000001,0.011520785807807563,56.74007000000001,110.15314999999998,48.803900000000006,215.69712000000004,0.00493692489633623
E01034230,581.31287,17.82903,33.230360000000005,18.89957,69.95896000000002,0.015528231489453702,171.00437999999997,217.35722,122.99231,511.35391,0.001062265781167475
E01034383,9254.41362,987.4674200000001,973.9870199999999,809.9295300000001,2771.38397,0.0001217867877045623,2413.3234800000005,2258.406569999999,1811.2995999999998,6483.02965,3.242014836625241e-05
E01034384,439.48251999999997,50.66618,52.90853999999999,34.81403,138.38874999999996,0.006990218572639879,122.26979999999999,112.47034999999998,66.35361999999999,301.09376999999995,0.0017351770628927002
E01034385,7772.57539,1548.46041,1553.7487800000001,951.0882399999998,4053.2974300000005,0.0001443917880293972,1457.1434100000001,1339.62738,922.5071700000001,3719.277960000001,0.00013871451436556085
E01034386,12563.60895,3310.7532800000013,3060.7810299999996,1955.86443,8327.398740000002,5.430057032110156e-05,1573.51494,1543.7982100000004,1118.89706,4236.21021,0.00011250718753186024
E01034388,708.28646,98.70878,102.10008,76.29406999999999,277.10293,0.0026229717072584766,168.36230999999998,149.92349000000002,112.89773,431.18352999999996,0.0012652423981207557
E01034391,146.7733,27.968040000000002,21.517899999999997,15.7595,65.24544,0.015908095940723083,35.63199999999999,27.65747,18.23839,81.52785999999998,0.010774847450174123
E01034392,545.58053,99.82287,127.73340999999999,71.93208999999999,299.4883699999999,0.0019675212827091064,77.17967000000002,109.78822999999998,59.12425999999999,246.09216,0.0023702119353380354
E01034394,22602.70137,4650.64636,3808.2886999999996,3432.8056400000005,11891.740700000004,3.22610841090947e-05,3891.9401800000005,3707.3174,3111.70309,10710.960669999999,2.5366360188012636e-05
E01034395,1180.21564,225.74178999999998,185.53442000000004,157.23896,568.5151700000001,0.0006530901726328675,282.36033000000003,174.67160999999996,154.66852999999998,611.7004700000001,0.000934965827606586
E01034470,587.57816,77.84037999999998,64.98361,78.19113999999999,221.01512999999997,0.0057029847792064315,164.86699999999996,116.66287000000001,85.03316000000001,366.5630299999999,0.0018456415016920662
E01034471,2861.89596,449.8365600000001,418.34966999999995,348.81942000000004,1217.00565,0.0006350445634066742,683.9441400000001,554.7075799999999,406.23858999999993,1644.89031,0.00020076972769127654
E01034473,10554.21246,2513.5963600000005,2243.73089,1475.20681,6232.534060000001,7.192992165903369e-05,1642.5431700000001,1516.3189599999996,1162.81627,4321.678400000001,6.532812751486837e-05
E01034474,1872.1772,365.3834,337.59831,284.88917999999995,987.8708900000001,0.00048767121900456173,326.6792,311.96964999999994,245.65746000000001,884.3063100000002,0.000423820259519047
E01034475,1995.18267,335.36301000000003,247.38013999999998,217.63096000000007,800.37411,0.0008899283005139479,484.34151,383.58510000000007,326.88194999999996,1194.8085600000002,0.00029721305302736137
E01034476,996.6464,142.58325,185.14644,98.07135000000001,425.80104,0.002884717954693564,238.91652,183.09199,148.83685000000003,570.8453599999999,0.0006973989941671402
E01034477,767.29564,100.98270000000002,76.24187000000002,63.60896999999999,240.83354000000003,0.0034007830082914826,220.55175,169.51155,136.3988,526.4621000000001,0.0007712418045469651
E01034478,747.4129,129.25752,99.24274,91.42704,319.92730000000006,0.0024617231053462533,176.24465999999998,138.82806,112.41288,427.4856000000001,0.0009041443804611567
E01034479,460.73622,42.361540000000005,33.991530000000004,21.26594,97.61901,0.011023315817187972,146.0915,118.27011,98.75560000000002,363.11721,0.0014314207730969505
E01034481,424.36775,58.30523,78.53598999999998,48.80805,185.64927000000003,0.004058883472422611,98.03143,85.68074999999999,55.006299999999996,238.71848000000003,0.002201376061123084
E01034482,7976.10559,574.03208,525.34128,408.51141,1507.88477,0.0001949500203196593,2269.69003,2261.0922099999993,1937.43858,6468.2208200000005,8.50758704777372e-05
E01034483,380.58738,21.99046,17.007550000000002,14.92003,53.91804,0.014454268481676141,124.12191000000001,102.14091000000002,100.40652,326.66934000000003,0.0020511491888295717
E01034484,11439.02825,2165.9901300000006,1978.4723299999998,1730.9292599999997,5875.391720000003,6.175116985575931e-05,2074.8882000000003,1854.64141,1634.1069200000002,5563.636529999999,4.5404900264902313e-05
E01034485,2343.79646,525.9598699999999,450.96749,323.03672,1299.96408,0.000318423882248873,388.56075,357.51273999999995,297.75889,1043.8323799999998,0.0007457923279569188
E01034578,1367.54107,193.33941,207.72964000000002,125.98043999999999,527.04949,0.0014643414360662635,324.76701,308.42171,207.30285999999998,840.4915799999999,0.0002960140809758939
E01034579,805.12766,102.70720999999999,151.85644999999997,47.9089,302.47256000000004,0.00381583740798457,198.59500999999995,174.12497000000002,129.93512,502.6551,0.0008335657986958775
E01034580,4817.21429,1130.44733,939.69965,774.8008400000001,2844.9478200000003,0.00014725717296704252,761.7036200000001,723.71812,486.84473,1972.2664699999998,0.0001921093092107147
E01034581,862.35128,216.13888,174.06049000000002,106.60378000000001,496.80315,0.0016975713690878164,160.62032,132.47518000000002,72.45263,365.54813000000007,0.0017238906337822062
E01034589,2541.68703,581.2023399999999,440.52255,328.07178999999996,1349.79668,0.0004477566965188098,458.08371000000005,426.30323999999996,307.50339999999994,1191.8903500000001,0.00037028875332156727
E01034591,266.27977,72.76403999999998,45.52757,36.44535,154.73695999999998,0.008106881816655996,43.80447,37.02024,30.7181,111.54281,0.008562850831864345
E01034593,118.95192999999999,18.35392,21.70373,10.996730000000001,51.054379999999995,0.0185958402661412,30.641939999999998,26.458829999999995,10.796779999999998,67.89755000000002,0.016846036920551255
E01034594,935.69405,55.38383,45.57503,43.42376999999999,144.38263000000006,0.0072821134791337516,338.88014000000004,274.84281,177.58847,791.3114200000002,0.0007716707618454565
E01034595,1387.97396,174.11263,145.92187999999996,149.64576,469.68027000000006,0.0008664886167794866,304.7201,324.20798999999994,289.3656,918.2936900000001,0.0006653124195106443
E01034597,931.36952,219.61397,140.30282,121.60431,481.5210999999998,0.001349090316142792,225.99573999999998,116.82188,107.0308,449.8484200000001,0.0017017103430028485
E01034598,846.96128,200.59264999999994,174.21590999999998,160.03107999999995,534.83964,0.0013863978429405272,146.60804000000002,85.52882999999999,79.98476999999998,312.12164,0.002796668029682032
E01034601,161.30267,26.040380000000003,17.941959999999998,12.111579999999998,56.09391999999999,0.021194225672555616,49.72841,36.58016,18.900180000000002,105.20874999999998,0.011300657387749229
E01034602,4985.0891,1633.17798,1444.6977500000003,996.58479,4074.4605200000005,9.147183096994425e-05,390.9608,282.67388,236.99390000000002,910.62858,0.0005766750397161739
E01034605,2159.48257,462.91778999999997,316.82576,293.17142,1072.91497,0.0005378080166034262,424.59076999999996,354.40851,307.5683199999999,1086.5676,0.0003544526158806866
E01034607,2394.45883,359.85625999999996,281.08926999999994,243.72258,884.6681100000003,0.000599313589833681,585.7156900000001,491.93700999999993,432.13802000000004,1509.79072,0.00034836904846949194
E01034608,1093.86707,234.10107,201.55554999999998,99.50296,535.1595799999999,0.001450232602700432,244.56571,188.17817,125.96360999999999,558.70749,0.0010236689959435463
E01034609,5610.46523,1239.0177199999996,1017.8944200000001,813.2412100000001,3070.153349999999,0.00011195273740985249,1008.32414,841.31182,690.6759199999999,2540.31188,0.0001109014751702681
E01034610,588.7019,78.79715999999999,64.72152000000001,58.2845,201.80317999999994,0.005039093178765697,144.84171000000003,133.69067000000004,108.36633999999998,386.8987200000001,0.001585801584526588
E01034612,1840.05396,353.12620000000004,347.64026,248.21997,948.9864300000003,0.0008234853258487379,339.42356,323.22908,228.41489,891.06753,0.000689132571838269
E01034613,286.60561,104.46094,45.94711999999999,45.87955999999999,196.2876200000001,0.0056195109477749795,40.091359999999995,25.71335,24.51328,90.31799,0.009896777568893074
E01034615,571.61385,98.92402,67.39517,76.77696000000002,243.09615,0.006688001642692724,122.56381999999999,104.65776,101.29611999999999,328.5177,0.006422957798851036
E01034616,16303.23848,3643.3211699999997,3148.89156,2562.70509,9354.917819999997,5.0617609457750766e-05,2598.09741,2376.26951,1973.9537399999995,6948.320660000001,5.2810304968060765e-05
E01034617,3191.68434,601.6407999999999,505.75281,357.34276,1464.7363699999994,0.00034411371264867277,677.11197,610.1423500000001,439.69365,1726.9479700000002,0.00017202553828168905
E01035484,2854.59029,567.0735899999999,418.89449999999994,304.2309,1290.1989899999999,0.0004031795262340487,650.6771599999998,493.58101000000005,420.13312999999994,1564.3912999999995,0.0002672881617997405
E01035485,2746.82336,605.6672000000001,537.9398500000001,408.56245,1552.1695,0.0002151590977546654,533.9341700000001,384.0826199999999,276.63707,1194.65386,0.0005201011039542881
E01035486,803.65723,129.21357,119.28424999999999,70.74779,319.24560999999994,0.002771224803236388,206.90276000000003,161.51534,115.99351999999999,484.4116199999999,0.0011810900098176895
E01035487,269.15905,19.886850000000006,21.6297,11.997749999999998,53.51429999999999,0.020992976683118635,86.88526999999999,70.25770000000001,58.501780000000004,215.64474999999996,0.002846674265257596
E01035488,940.2981199999999,135.50976,122.24381,69.19065,326.9442200000001,0.002109621653974724,241.08333,220.82716999999997,151.4434,613.3538999999998,0.0006059837563891345
E01035489,1612.8839600000001,204.83891999999997,262.85559,155.91809,623.6125999999999,0.0011161536919270026,377.21841,357.22862,254.82433000000006,989.2713599999998,0.00043011133575559585
E01035490,4240.11568,752.18677,884.51666,636.64041,2273.34384,0.00017342574961407248,707.0755,709.6797499999999,550.0165900000001,1966.7718400000003,0.00015374062464546066
E01035493,9757.26404,1779.21858,1933.63913,1164.95076,4877.808469999999,6.384779075355987e-05,1797.83616,1824.0393900000001,1257.58002,4879.455569999999,3.616055521819762e-05
E01035495,1744.85979,410.82271999999995,502.9846899999999,230.79718,1144.60459,0.0006437416949730633,209.02495,243.44462000000001,147.78563,600.2552000000001,0.0009610702814427433
E01035496,971.60748,181.08934999999997,192.91077,108.98299,482.98310999999995,0.0009002506839892559,185.44408,186.11455999999995,117.06573,488.62436999999994,0.0008876591843973548
E01035498,411.61405,77.26836,83.70964999999998,57.4398,218.41780999999995,0.003109247696590332,74.07941,67.82699000000001,51.289839999999984,193.19624000000005,0.0025582433732757644
E01035638,1904.57104,340.89394,317.39789999999994,295.37856999999997,953.6704100000004,0.0003816325772071599,352.26180999999997,311.31369,287.32512999999994,950.9006300000001,0.00035709149193596606
E01035640,291.87885,55.97668000000001,73.71946000000001,34.99139000000002,164.68753,0.005242305491037922,41.20118,55.53606,30.45408,127.19132,0.006195871309300537
E01035641,410.89354000000003,85.21598,55.04767,39.77727,180.04092000000006,0.003811263179790394,85.7968,82.70998,62.34584000000001,230.85262000000003,0.0029365843159417236
E01035642,2721.39056,394.06653000000006,468.93786,331.07921999999996,1194.08361,0.0003476551206635864,571.0711900000002,546.98669,409.24907,1527.3069500000001,0.0002535846767402686
E01035643,1451.84284,260.57079999999996,262.78654,184.85485,708.2121900000002,0.0005272215718574085,284.66506,265.3724700000001,193.59312,743.63065,0.0006096137004585462
E01035645,1871.22902,333.29238999999995,355.7762,246.93049000000002,935.9990800000003,0.0004165216045783497,335.84354,337.17406,262.21234,935.2299399999997,0.00031429368208010463
E01035648,86.15091,11.00729,10.69726,5.52799,27.23254,0.035991568092133705,23.18688,23.41877,12.312719999999999,58.91836999999998,0.01558655018691989
E01035649,5257.0914299999995,1030.7575599999998,869.8023999999998,660.68611,2561.2460699999997,0.0001027396480474548,1007.39343,933.38005,755.0718800000001,2695.84536,0.00011020803773086003
E01035651,269.04051,47.163509999999995,46.93906,41.744980000000005,135.84754999999998,0.006465932390954034,53.69805,46.77617,32.71874,133.19296,0.003984748613648159
E01035652,3910.20779,864.41629,821.47371,596.7847,2282.6747000000005,0.00014515629404960716,648.25594,538.14372,441.13343000000003,1627.5330900000001,0.00016934379136397215
E01035655,2651.07572,492.62574,526.38329,337.61046999999996,1356.6195000000002,0.0003301548545693641,474.40862,485.4218700000001,334.6257299999999,1294.4562200000003,0.00016758534750344143
E01035657,194.17174,37.96905,35.89966999999999,28.937279999999998,102.80600000000004,0.005548698484060496,33.186609999999995,34.49556,23.68357,91.36573999999999,0.008085301703685788
E01035658,472.08687,88.62158,89.71602999999999,68.35315,246.69076,0.0027066205744485615,81.62421,82.87167000000001,60.90022999999999,225.39611000000005,0.002540645684135843
E01035659,1215.1142,185.16205999999997,201.83282000000003,129.40583999999998,516.4007200000001,0.0009635461064474297,277.27209,231.63426,189.80712999999997,698.7134799999999,0.0005134333021975957
E01035660,3567.72496,531.58523,542.1752200000001,412.6565100000001,1486.41696,0.00021695705558405498,754.0703399999998,784.1697399999998,543.0679199999998,2081.307999999999,0.0002195163338892691
E01035663,853.65831,132.0109,123.77502999999997,83.81544,339.60137000000003,0.0018801597501145381,197.05268,181.54031,135.46395,514.05694,0.0012941512354980283
E01035665,953.45724,139.3044,153.52730000000003,88.65765999999999,381.48936000000003,0.0014058039896190958,189.54402,218.98422,163.43964000000003,571.9678800000002,0.0009441792300178508
E01035667,332.87327999999997,43.63162,43.394870000000004,34.624629999999996,121.65111999999999,0.008808975864436363,70.00046,72.87196,68.34974000000001,211.22215999999997,0.009376004671093069
E01035668,68.38423999999999,16.76117,15.614280000000003,14.97929,47.35473999999998,0.019533613890636764,6.778780000000001,7.79866,6.4520599999999995,21.0295,0.04209264565809498
E01035669,1766.57972,365.9773,476.94264000000004,341.90328999999997,1184.8232299999997,0.0005529002233458204,205.30535000000003,218.14049999999997,158.31064,581.75649,0.0006006437319981657
E01035670,2485.40764,572.9097900000002,468.81324000000006,374.54659000000004,1416.2696199999993,0.00041223808394191277,378.8114199999999,361.29330000000004,329.03329999999994,1069.1380199999996,0.000729792957566786
E01035671,312.27018,37.3116,58.088710000000006,41.328660000000006,136.72897,0.007949900061013704,37.14027999999999,81.48867999999999,56.912249999999986,175.54120999999998,0.00604638960785083
E01035672,216.664,25.981679999999997,37.21116000000001,30.116509999999998,93.30935,0.010139608556612677,36.99843,46.50607,39.85015,123.35465,0.005863845999020485
E01035676,2299.5321,323.07599,309.65724,244.63846999999998,877.3717,0.0004816022182119466,521.62864,483.53441000000015,416.9973499999999,1422.1604,0.00039046024806479226
E01035678,258.88045999999997,23.11955,45.021829999999994,33.85724,101.99862,0.009956677049231179,30.575069999999997,74.42797,51.878800000000005,156.88184,0.006907610720801715
E01035679,571.4497,42.99207,92.42743,58.27019,193.68968999999998,0.0047180434398096625,89.39526999999998,159.04599,129.31875000000005,377.7600099999999,0.002745280282039033
E01035681,534.20499,85.37027,101.33846,72.11617000000001,258.8249,0.0029931705499128343,85.78898999999998,102.99942000000001,86.59168,275.38009,0.002383542116641172
E01035685,219.02594,33.05680000000001,33.25474,30.758570000000006,97.07011000000001,0.008427917583027399,38.87165000000001,42.63913,40.44505,121.95583,0.0072537496055847936
E01035687,1811.59501,348.48438,379.05125,307.30125999999996,1034.8368899999998,0.0008498484900606343,266.59498,268.16744,241.99569999999994,776.7581200000001,0.0008024320452856149
E01035690,1836.65938,226.22498999999996,325.54906000000005,242.88074999999998,794.6547999999998,0.0008562871997387779,299.76281,406.58932999999996,335.65244,1042.0045800000003,0.0008065878183489933
E01035691,97.06679,5.773330000000001,14.997679999999997,7.572790000000002,28.34379999999999,0.04824022685910185,20.006139999999995,30.32687,18.389979999999994,68.72299,0.019163839968332534
E01035694,3778.24062,512.1348700000001,552.14165,471.10959,1535.3861100000001,0.00035004379979808927,761.4289900000001,802.16252,679.2630000000001,2242.8545100000006,0.00028499637470792965
E01035695,2471.97541,322.94748,385.3185,330.61280999999997,1038.87879,0.0006413860069000264,456.44504000000006,506.66675999999995,469.98482,1433.0966199999998,0.0005900439851909424
E01035696,194.41528,68.04766,46.81166,27.75466,142.61398000000003,0.006131642693558561,17.06193,23.51469,11.224679999999998,51.80129999999999,0.01830197723196075
E01035702,429.39872,28.233369999999997,36.94095000000001,20.144669999999994,85.31899000000001,0.010575990445043072,114.51304999999999,143.22243999999995,86.34424,344.0797299999999,0.0017681532908084556
E01035703,274.07860999999997,53.068079999999995,34.99742,28.71158,116.77707999999998,0.008328169575403676,36.33014,78.29162999999998,42.67976,157.30153,0.006609277943695366
E01035704,96.76393,0.43895,0.0,0.54467,0.9836199999999999,0.5709073637111405,27.27001,34.26107999999999,34.249219999999994,95.78031,0.008866703609048779
E01035705,1850.42345,223.9227,275.60747000000003,122.71079,622.24096,0.0010474099849976702,417.75730999999996,478.23085,332.19433,1228.1824900000001,0.00038293676675507453
E01035706,579.31371,72.74471,117.37276999999999,95.94491999999998,286.0624,0.002982697619297923,71.61764999999998,134.60355,87.03010999999996,293.25131,0.003083286007496509
E01035707,1205.34773,151.9345,145.62366000000006,89.97249,387.5306499999999,0.0012637036107603125,329.6559500000001,263.24161999999995,224.91951000000003,817.81708,0.0006251619808604316
E01035708,10585.28684,2189.5246399999996,1793.8920699999999,1631.0569,5614.47361,0.00010413625050547303,1800.2180799999999,1764.7564300000004,1405.8387199999997,4970.813230000001,7.690664444198747e-05
E01035709,727.16499,198.25796999999994,150.73466999999997,113.73055000000001,462.72319000000005,0.0012171791306289101,106.33511999999999,94.21685000000002,63.889829999999996,264.44179999999994,0.0020460426791151405
E01035710,18338.28398,3373.95912,2946.63104,2690.79794,9011.388099999996,5.5498049501738174e-05,3357.6723700000002,3349.017770000001,2620.2057399999994,9326.895879999998,5.321102108048464e-05
E01035711,4431.69367,1073.9996399999998,826.55182,636.7192399999999,2537.2707,0.0001931988445383094,689.2115999999999,684.05294,521.1584300000001,1894.4229699999999,0.00029955516163240664
E01035712,440.98046,69.79723999999999,82.01898,53.99286000000001,205.80908000000005,0.003747004064507811,78.58673,89.53190999999997,67.05274,235.17138,0.002404089393603288
E01035713,3329.55961,804.3683699999999,597.5985800000002,516.82775,1918.7946999999995,0.0002963406190240562,518.93128,493.1548000000001,398.67882999999995,1410.7649099999999,0.00035312376233992854
E01035715,465.42131,77.2784,79.61577,60.07884999999998,216.97302000000005,0.001996324601770532,87.00564,86.12974999999999,75.31289999999998,248.44829000000001,0.0019598069109489327
E01035716,27988.77176,6072.260430000001,6406.76689,4394.8835,16873.910819999994,3.922051959518065e-05,3928.7833299999993,4222.905680000001,2963.1719299999995,11114.860940000002,0.00011933411503345891
E01035717,1090.5444,157.05179999999996,172.25657999999999,115.56613,444.87451000000004,0.0010169322935982292,249.70224000000002,238.44983,157.51782000000003,645.6698899999999,0.0006804916322684775
E01035718,28564.75996,6587.538990000001,6271.98956,4664.61602,17524.14457,2.9029545188832525e-05,3968.6274,4049.8324599999996,3022.15553,11040.615389999999,5.2112820911511936e-05
E01035720,1184.66019,174.85950000000003,156.10537000000005,116.31898999999999,447.28386,0.001534808600397489,284.29765999999995,292.7218699999999,160.35680000000002,737.3763300000002,0.0006509113021494143
E01035721,525.80713,102.45837,92.49886,84.33102,279.28824999999983,0.0025166676853258328,97.48531000000003,82.22950999999999,66.80405999999999,246.51888,0.0020102302616111043
E01035722,55.461149999999996,15.033370000000001,20.18397,17.84323,53.06056999999999,0.028913803461415425,0.7122800000000001,1.09058,0.59772,2.4005800000000006,0.4946517860897078
