lsoa,tier,total_activity
E01000001,3_reliable_core,2786.14103
E01000002,2_below_reliable_threshold,104.74833
E01000003,0_no_recorded_activity,
E01000005,3_reliable_core,12380.10901
E01000006,0_no_recorded_activity,
E01000007,3_reliable_core,10134.6106
E01000008,0_no_recorded_activity,
E01000009,3_reliable_core,12366.52623
E01000011,3_reliable_core,660.67767
E01000012,3_reliable_core,1509.22083
E01000013,3_reliable_core,4766.06251
E01000014,0_no_recorded_activity,
E01000015,2_below_reliable_threshold,1.81088
E01000016,2_below_reliable_threshold,110.70556
E01000017,3_reliable_core,1268.87044
E01000018,2_below_reliable_threshold,239.47937
E01000019,2_below_reliable_threshold,232.41289
E01000020,2_below_reliable_threshold,343.35764
E01000021,3_reliable_core,567.4993
E01000022,0_no_recorded_activity,
E01000024,3_reliable_core,1770.72874
E01000025,0_no_recorded_activity,
E01000027,3_reliable_core,1813.19829
E01000028,0_no_recorded_activity,
E01000029,3_reliable_core,775.30886
E01000030,3_reliable_core,700.17215
E01000031,2_below_reliable_threshold,326.12029
E01000032,3_reliable_core,597.81785
E01000033,0_no_recorded_activity,
E01000034,3_reliable_core,935.89282
E01000035,3_reliable_core,1559.36796
E01000036,3_reliable_core,1377.68542
E01000037,0_no_recorded_activity,
E01000038,2_below_reliable_threshold,276.38262
E01000039,2_below_reliable_threshold,28.14198
E01000040,3_reliable_core,917.44285
E01000041,3_reliable_core,457.29978
E01000042,2_below_reliable_threshold,333.32689
E01000043,2_below_reliable_threshold,232.72266
E01000044,0_no_recorded_activity,
E01000045,3_reliable_core,1314.21196
E01000046,0_no_recorded_activity,
E01000049,2_below_reliable_threshold,124.01941
E01000050,3_reliable_core,2528.45067
E01000051,0_no_recorded_activity,
E01000052,3_reliable_core,1207.38758
E01000053,3_reliable_core,654.09486
E01000054,0_no_recorded_activity,
E01000055,0_no_recorded_activity,
E01000056,2_below_reliable_threshold,48.87568
E01000057,2_below_reliable_threshold,299.14556
E01000058,2_below_reliable_threshold,332.64933
E01000059,0_no_recorded_activity,
E01000060,3_reliable_core,4685.79433
E01000061,3_reliable_core,1594.3102
E01000062,2_below_reliable_threshold,152.15299
E01000063,2_below_reliable_threshold,300.84599000000003
E01000064,3_reliable_core,846.65155
E01000065,3_reliable_core,509.96264
E01000066,0_no_recorded_activity,
E01000067,3_reliable_core,815.50215
E01000068,2_below_reliable_threshold,356.51837
E01000069,2_below_reliable_threshold,91.36139
E01000070,3_reliable_core,2044.36725
E01000071,2_below_reliable_threshold,249.12929
E01000072,3_reliable_core,588.90614
E01000073,2_below_reliable_threshold,178.48488
E01000074,2_below_reliable_threshold,248.53352
E01000075,3_reliable_core,2451.90586
E01000076,0_no_recorded_activity,84.12385
E01000077,3_reliable_core,1584.09702
E01000078,3_reliable_core,944.23233
E01000079,2_below_reliable_threshold,273.101
E01000080,2_below_reliable_threshold,186.64173
E01000081,2_below_reliable_threshold,339.43773
E01000082,3_reliable_core,1790.94398
E01000083,3_reliable_core,2831.72774
E01000084,3_reliable_core,815.72036
E01000085,3_reliable_core,679.31234
E01000086,2_below_reliable_threshold,201.79726
E01000087,3_reliable_core,4226.61094
E01000088,2_below_reliable_threshold,343.02986
E01000089,0_no_recorded_activity,
E01000090,3_reliable_core,920.70525
E01000091,3_reliable_core,1943.58617
E01000093,3_reliable_core,1834.40727
E01000094,3_reliable_core,1998.05626
E01000095,3_reliable_core,2410.4996300000003
E01000096,3_reliable_core,689.84582
E01000097,3_reliable_core,549.50697
E01000098,2_below_reliable_threshold,343.64013
E01000099,3_reliable_core,977.23704
E01000100,0_no_recorded_activity,
E01000101,2_below_reliable_threshold,351.8652
E01000102,3_reliable_core,477.40434
E01000103,2_below_reliable_threshold,74.24595
E01000104,3_reliable_core,1155.84378
E01000105,3_reliable_core,3603.60842
E01000106,2_below_reliable_threshold,371.5396
E01000107,0_no_recorded_activity,
E01000108,2_below_reliable_threshold,84.88645
E01000110,2_below_reliable_threshold,449.95845
E01000111,3_reliable_core,1115.90621
E01000112,3_reliable_core,2367.12808
E01000113,3_reliable_core,1775.35668
E01000114,3_reliable_core,2171.59255
E01000115,2_below_reliable_threshold,55.05368
E01000116,2_below_reliable_threshold,17.82671
E01000117,2_below_reliable_threshold,309.74692
E01000118,3_reliable_core,990.55567
E01000119,1_matched_stop_no_activity,
E01000120,2_below_reliable_threshold,384.81483
E01000121,2_below_reliable_threshold,159.61935
E01000122,1_matched_stop_no_activity,
E01000123,2_below_reliable_threshold,173.42607999999998
E01000124,3_reliable_core,494.18858
E01000126,3_reliable_core,689.69366
E01000127,2_below_reliable_threshold,407.94238
E01000128,2_below_reliable_threshold,175.85193
E01000129,3_reliable_core,6627.11856
E01000130,3_reliable_core,1070.64712
E01000131,2_below_reliable_threshold,312.87422
E01000132,0_no_recorded_activity,
E01000133,3_reliable_core,676.92957
E01000134,2_below_reliable_threshold,388.06631
E01000135,2_below_reliable_threshold,350.98716
E01000136,3_reliable_core,597.3547599999999
E01000137,2_below_reliable_threshold,165.44051
E01000138,3_reliable_core,765.5075
E01000139,3_reliable_core,3203.30394
E01000140,3_reliable_core,2380.50006
E01000141,3_reliable_core,9753.76776
E01000142,0_no_recorded_activity,
E01000143,2_below_reliable_threshold,447.30126
E01000144,3_reliable_core,3912.18081
E01000145,2_below_reliable_threshold,446.3471
E01000146,3_reliable_core,13524.38657
E01000147,2_below_reliable_threshold,49.08397
E01000150,3_reliable_core,516.41225
E01000151,3_reliable_core,1199.74517
E01000152,2_below_reliable_threshold,191.53944
E01000153,2_below_reliable_threshold,15.4195
E01000154,3_reliable_core,1383.21973
E01000156,3_reliable_core,2350.38875
E01000157,0_no_recorded_activity,
E01000158,2_below_reliable_threshold,362.30438
E01000159,2_below_reliable_threshold,68.4619
E01000160,3_reliable_core,748.78141
E01000161,3_reliable_core,1457.63552
E01000162,3_reliable_core,2412.17123
E01000163,0_no_recorded_activity,
E01000164,3_reliable_core,3036.6691
E01000165,0_no_recorded_activity,
E01000166,2_below_reliable_threshold,29.29921
E01000167,2_below_reliable_threshold,99.6601
E01000168,2_below_reliable_threshold,7.77203
E01000169,2_below_reliable_threshold,28.14256
E01000170,2_below_reliable_threshold,320.32971
E01000171,3_reliable_core,1963.27381
E01000172,2_below_reliable_threshold,171.40654
E01000173,2_below_reliable_threshold,95.34957
E01000174,3_reliable_core,967.83578
E01000175,2_below_reliable_threshold,108.3399
E01000176,2_below_reliable_threshold,297.07122
E01000177,0_no_recorded_activity,
E01000178,3_reliable_core,460.39984
E01000179,0_no_recorded_activity,
E01000180,2_below_reliable_threshold,81.14881
E01000181,2_below_reliable_threshold,422.30198
E01000182,3_reliable_core,2495.28448
E01000183,2_below_reliable_threshold,339.1942
E01000184,3_reliable_core,939.01952
E01000185,2_below_reliable_threshold,142.08213
E01000186,2_below_reliable_threshold,399.12785
E01000187,2_below_reliable_threshold,291.48123
E01000188,3_reliable_core,774.62766
E01000189,2_below_reliable_threshold,211.06234
E01000190,2_below_reliable_threshold,85.63829
E01000191,3_reliable_core,466.57572
E01000192,2_below_reliable_threshold,308.11357
E01000193,3_reliable_core,12468.21649
E01000194,3_reliable_core,5443.11521
E01000195,2_below_reliable_threshold,120.58844
E01000196,3_reliable_core,3199.2694
E01000197,2_below_reliable_threshold,375.16219
E01000198,2_below_reliable_threshold,343.29256
E01000199,2_below_reliable_threshold,75.95717
E01000200,2_below_reliable_threshold,374.78258
E01000201,2_below_reliable_threshold,420.5613
E01000202,2_below_reliable_threshold,394.36934
E01000203,3_reliable_core,1699.72201
E01000204,2_below_reliable_threshold,97.86272
E01000205,2_below_reliable_threshold,290.77562
E01000206,2_below_reliable_threshold,359.55705
E01000207,2_below_reliable_threshold,68.37376
E01000208,3_reliable_core,4183.18079
E01000209,2_below_reliable_threshold,64.89417999999999
E01000210,3_reliable_core,1245.78212
E01000211,3_reliable_core,4568.35907
E01000212,2_below_reliable_threshold,233.49864
E01000213,2_below_reliable_threshold,107.95552
E01000214,3_reliable_core,7924.65875
E01000215,3_reliable_core,741.51281
E01000216,0_no_recorded_activity,
E01000217,0_no_recorded_activity,
E01000218,3_reliable_core,1442.586
E01000219,3_reliable_core,664.23193
E01000220,0_no_recorded_activity,
E01000221,3_reliable_core,1934.64814
E01000222,3_reliable_core,1609.52139
E01000223,3_reliable_core,3107.37413
E01000224,3_reliable_core,469.32593
E01000225,2_below_reliable_threshold,36.0027
E01000226,2_below_reliable_threshold,343.66165
E01000227,2_below_reliable_threshold,172.8964
E01000228,2_below_reliable_threshold,207.96003
E01000229,3_reliable_core,519.14689
E01000230,2_below_reliable_threshold,306.61622
E01000231,3_reliable_core,467.43095
E01000232,2_below_reliable_threshold,447.60437
E01000233,3_reliable_core,980.4679
E01000234,2_below_reliable_threshold,260.66019
E01000235,3_reliable_core,1040.9791
E01000236,3_reliable_core,752.52303
E01000237,3_reliable_core,1852.9694
E01000238,2_below_reliable_threshold,91.90459
E01000239,3_reliable_core,1885.7161
E01000240,3_reliable_core,731.79626
E01000241,0_no_recorded_activity,
E01000242,2_below_reliable_threshold,378.26629
E01000243,3_reliable_core,2231.744
E01000244,3_reliable_core,2189.22387
E01000245,3_reliable_core,1040.13065
E01000246,3_reliable_core,667.89406
E01000247,2_below_reliable_threshold,86.41253
E01000248,3_reliable_core,1964.35125
E01000249,2_below_reliable_threshold,46.72251
E01000250,3_reliable_core,5352.18673
E01000251,3_reliable_core,1704.96708
E01000252,2_below_reliable_threshold,92.43814
E01000253,2_below_reliable_threshold,182.99031
E01000254,1_matched_stop_no_activity,
E01000255,3_reliable_core,562.93803
E01000256,3_reliable_core,536.57634
E01000257,3_reliable_core,2127.86866
E01000258,2_below_reliable_threshold,304.20109
E01000259,2_below_reliable_threshold,225.74153
E01000260,3_reliable_core,884.7248000000001
E01000261,2_below_reliable_threshold,382.11927
E01000263,3_reliable_core,568.4509
E01000264,3_reliable_core,5142.70578
E01000265,3_reliable_core,847.79556
E01000266,2_below_reliable_threshold,102.81407
E01000267,2_below_reliable_threshold,72.26597
E01000268,3_reliable_core,2407.74198
E01000269,2_below_reliable_threshold,325.25722
E01000270,2_below_reliable_threshold,108.571
E01000271,3_reliable_core,563.79252
E01000272,2_below_reliable_threshold,18.58698
E01000273,3_reliable_core,2933.17921
E01000274,3_reliable_core,1003.80913
E01000275,2_below_reliable_threshold,26.27982
E01000276,2_below_reliable_threshold,38.5482
E01000277,2_below_reliable_threshold,61.4581
E01000278,2_below_reliable_threshold,397.98922
E01000279,2_below_reliable_threshold,149.44438
E01000280,2_below_reliable_threshold,67.59689999999999
E01000281,3_reliable_core,2030.43782
E01000282,3_reliable_core,955.95496
E01000283,2_below_reliable_threshold,69.39162
E01000284,3_reliable_core,542.02842
E01000285,2_below_reliable_threshold,344.48546
E01000286,2_below_reliable_threshold,242.0914
E01000287,2_below_reliable_threshold,379.89726
E01000288,3_reliable_core,487.3798
E01000289,2_below_reliable_threshold,154.84743
E01000290,2_below_reliable_threshold,226.39878
E01000291,0_no_recorded_activity,
E01000292,2_below_reliable_threshold,303.58691
E01000293,3_reliable_core,896.15356
E01000294,2_below_reliable_threshold,216.83585
E01000295,1_matched_stop_no_activity,
E01000296,3_reliable_core,4759.9607
E01000297,2_below_reliable_threshold,303.71393
E01000298,3_reliable_core,1678.56785
E01000299,0_no_recorded_activity,1946.84192
E01000300,0_no_recorded_activity,
E01000301,3_reliable_core,524.83241
E01000302,3_reliable_core,1521.06896
E01000303,1_matched_stop_no_activity,
E01000304,2_below_reliable_threshold,5.36191
E01000305,3_reliable_core,2113.80899
E01000306,0_no_recorded_activity,
E01000307,3_reliable_core,11782.15421
E01000308,3_reliable_core,1779.16699
E01000309,3_reliable_core,1384.74127
E01000310,3_reliable_core,5703.22978
E01000311,3_reliable_core,1774.42471
E01000312,3_reliable_core,1562.98817
E01000313,3_reliable_core,5339.69844
E01000314,3_reliable_core,1494.03809
E01000315,2_below_reliable_threshold,139.67473
E01000316,3_reliable_core,2704.23241
E01000317,0_no_recorded_activity,
E01000318,3_reliable_core,757.51633
E01000319,1_matched_stop_no_activity,
E01000320,0_no_recorded_activity,
E01000321,3_reliable_core,1621.33394
E01000322,1_matched_stop_no_activity,
E01000323,3_reliable_core,12011.48796
E01000324,3_reliable_core,534.80137
E01000325,2_below_reliable_threshold,137.29124
E01000326,2_below_reliable_threshold,328.52466
E01000327,2_below_reliable_threshold,270.05024
E01000328,2_below_reliable_threshold,34.172329999999995
E01000329,2_below_reliable_threshold,203.62667
E01000330,2_below_reliable_threshold,440.1064
E01000331,2_below_reliable_threshold,290.33471
E01000332,3_reliable_core,853.48136
E01000333,3_reliable_core,935.18222
E01000334,2_below_reliable_threshold,131.25746999999998
E01000335,3_reliable_core,2731.95029
E01000336,3_reliable_core,591.13794
E01000337,2_below_reliable_threshold,78.08517
E01000338,2_below_reliable_threshold,219.70367
E01000339,0_no_recorded_activity,
E01000340,3_reliable_core,472.38566
E01000341,0_no_recorded_activity,
E01000342,2_below_reliable_threshold,31.05818
E01000343,3_reliable_core,584.93606
E01000344,2_below_reliable_threshold,370.8527
E01000345,2_below_reliable_threshold,134.84382
E01000346,1_matched_stop_no_activity,
E01000347,3_reliable_core,784.83937
E01000348,0_no_recorded_activity,
E01000349,2_below_reliable_threshold,310.71995
E01000350,2_below_reliable_threshold,327.55365
E01000351,0_no_recorded_activity,
E01000352,3_reliable_core,544.63974
E01000353,2_below_reliable_threshold,213.95934
E01000354,2_below_reliable_threshold,255.07878
E01000355,0_no_recorded_activity,
E01000356,3_reliable_core,1606.69361
E01000357,2_below_reliable_threshold,28.76459
E01000358,2_below_reliable_threshold,233.07434
E01000359,2_below_reliable_threshold,349.04991
E01000360,3_reliable_core,4688.98768
E01000361,2_below_reliable_threshold,9.14221
E01000362,3_reliable_core,11846.1363
E01000363,2_below_reliable_threshold,96.77814
E01000364,2_below_reliable_threshold,94.31922
E01000365,3_reliable_core,2041.68015
E01000366,0_no_recorded_activity,
E01000367,2_below_reliable_threshold,429.12918
E01000368,0_no_recorded_activity,
E01000369,2_below_reliable_threshold,186.51172
E01000370,3_reliable_core,1266.21623
E01000371,0_no_recorded_activity,
E01000372,2_below_reliable_threshold,48.87334
E01000373,0_no_recorded_activity,
E01000374,2_below_reliable_threshold,280.01104
E01000375,2_below_reliable_threshold,172.83764
E01000376,2_below_reliable_threshold,59.96211
E01000377,2_below_reliable_threshold,31.91282
E01000379,2_below_reliable_threshold,44.96844
E01000380,2_below_reliable_threshold,77.33782
E01000381,2_below_reliable_threshold,61.16364
E01000382,2_below_reliable_threshold,46.83473
E01000383,2_below_reliable_threshold,210.62214
E01000384,2_below_reliable_threshold,402.07389
E01000385,2_below_reliable_threshold,191.63707
E01000386,3_reliable_core,1763.74275
E01000387,2_below_reliable_threshold,21.07151
E01000388,0_no_recorded_activity,
E01000389,3_reliable_core,863.74016
E01000390,2_below_reliable_threshold,53.32964
E01000391,2_below_reliable_threshold,15.49985
E01000392,3_reliable_core,3536.46264
E01000393,0_no_recorded_activity,
E01000394,2_below_reliable_threshold,327.06562
E01000395,0_no_recorded_activity,
E01000396,2_below_reliable_threshold,38.35179
E01000398,2_below_reliable_threshold,229.28884
E01000399,3_reliable_core,667.82449
E01000400,3_reliable_core,942.92651
E01000401,2_below_reliable_threshold,120.87658
E01000402,2_below_reliable_threshold,207.02062
E01000403,3_reliable_core,4149.30498
E01000404,3_reliable_core,1120.27159
E01000405,2_below_reliable_threshold,302.38291
E01000406,3_reliable_core,870.49512
E01000407,2_below_reliable_threshold,328.84312
E01000408,3_reliable_core,1372.78655
E01000409,2_below_reliable_threshold,386.64275
E01000410,2_below_reliable_threshold,81.35236
E01000411,2_below_reliable_threshold,102.98946
E01000412,2_below_reliable_threshold,191.73711
E01000413,2_below_reliable_threshold,193.55277
E01000414,3_reliable_core,3883.41103
E01000415,2_below_reliable_threshold,56.2148
E01000416,3_reliable_core,4042.68555
E01000417,3_reliable_core,7559.23594
E01000418,3_reliable_core,542.43716
E01000419,2_below_reliable_threshold,105.81134
E01000420,2_below_reliable_threshold,353.35952
E01000421,2_below_reliable_threshold,195.00772
E01000422,3_reliable_core,952.97961
E01000423,2_below_reliable_threshold,213.02957
E01000424,2_below_reliable_threshold,28.00585
E01000425,2_below_reliable_threshold,17.26596
E01000426,2_below_reliable_threshold,434.8384
E01000427,2_below_reliable_threshold,157.45412
E01000428,3_reliable_core,2880.97809
E01000429,2_below_reliable_threshold,271.30512
E01000430,3_reliable_core,458.63513
E01000431,2_below_reliable_threshold,93.68356
E01000433,3_reliable_core,1213.23731
E01000434,3_reliable_core,574.49113
E01000435,2_below_reliable_threshold,175.29532
E01000436,2_below_reliable_threshold,193.76675
E01000437,2_below_reliable_threshold,29.36103
E01000438,0_no_recorded_activity,
E01000439,3_reliable_core,1020.28219
E01000440,2_below_reliable_threshold,44.98039
E01000441,0_no_recorded_activity,
E01000442,3_reliable_core,679.27506
E01000443,2_below_reliable_threshold,231.78226
E01000444,2_below_reliable_threshold,270.26366
E01000445,2_below_reliable_threshold,261.50063
E01000446,1_matched_stop_no_activity,
E01000447,3_reliable_core,1188.07438
E01000448,2_below_reliable_threshold,368.20117
E01000449,2_below_reliable_threshold,187.81414
E01000450,2_below_reliable_threshold,76.54092
E01000451,3_reliable_core,913.10397
E01000452,2_below_reliable_threshold,145.55882
E01000453,0_no_recorded_activity,
E01000454,2_below_reliable_threshold,419.62779
E01000455,2_below_reliable_threshold,126.41624
E01000456,2_below_reliable_threshold,51.06501
E01000457,3_reliable_core,2900.7834
E01000458,1_matched_stop_no_activity,
E01000459,3_reliable_core,603.76589
E01000460,2_below_reliable_threshold,107.78794
E01000461,2_below_reliable_threshold,260.77291
E01000462,3_reliable_core,4063.14778
E01000463,2_below_reliable_threshold,93.12998
E01000464,2_below_reliable_threshold,72.7097
E01000465,3_reliable_core,604.1622199999999
E01000466,3_reliable_core,1185.89148
E01000467,3_reliable_core,2945.55052
E01000468,0_no_recorded_activity,
E01000469,3_reliable_core,993.04926
E01000470,3_reliable_core,795.88974
E01000471,0_no_recorded_activity,
E01000472,3_reliable_core,3983.16678
E01000473,3_reliable_core,6587.241190000001
E01000474,3_reliable_core,968.27872
E01000475,3_reliable_core,1518.33727
E01000476,2_below_reliable_threshold,335.7048
E01000477,3_reliable_core,581.43079
E01000478,2_below_reliable_threshold,444.41811
E01000479,3_reliable_core,1247.22111
E01000480,3_reliable_core,523.23333
E01000481,3_reliable_core,3305.74021
E01000483,3_reliable_core,1301.74036
E01000484,1_matched_stop_no_activity,
E01000485,3_reliable_core,817.52778
E01000486,2_below_reliable_threshold,15.46933
E01000487,3_reliable_core,1319.2056
E01000488,3_reliable_core,711.93998
E01000489,3_reliable_core,894.82427
E01000490,3_reliable_core,2156.82322
E01000491,2_below_reliable_threshold,236.27249
E01000492,0_no_recorded_activity,
E01000493,3_reliable_core,1086.60031
E01000494,3_reliable_core,903.31938
E01000495,3_reliable_core,3650.37002
E01000497,3_reliable_core,2684.97198
E01000498,2_below_reliable_threshold,236.38664
E01000499,3_reliable_core,3727.86127
E01000501,2_below_reliable_threshold,225.88441
E01000502,2_below_reliable_threshold,119.02163
E01000503,2_below_reliable_threshold,91.57804
E01000504,1_matched_stop_no_activity,
E01000505,0_no_recorded_activity,
E01000506,3_reliable_core,646.58886
E01000507,2_below_reliable_threshold,307.97159
E01000508,3_reliable_core,2225.32997
E01000509,0_no_recorded_activity,
E01000510,3_reliable_core,4518.43888
E01000511,3_reliable_core,650.55538
E01000512,2_below_reliable_threshold,417.58257
E01000513,3_reliable_core,810.02091
E01000514,0_no_recorded_activity,
E01000515,3_reliable_core,3734.52378
E01000516,3_reliable_core,2541.51641
E01000517,0_no_recorded_activity,
E01000518,3_reliable_core,2473.37744
E01000519,3_reliable_core,2677.60249
E01000520,3_reliable_core,1186.20679
E01000521,3_reliable_core,3433.26049
E01000522,0_no_recorded_activity,
E01000523,3_reliable_core,1890.58775
E01000524,3_reliable_core,4182.05397
E01000525,3_reliable_core,4325.8798
E01000526,3_reliable_core,1649.8745
E01000527,0_no_recorded_activity,
E01000528,3_reliable_core,607.06211
E01000530,2_below_reliable_threshold,177.9166
E01000531,3_reliable_core,602.84498
E01000532,2_below_reliable_threshold,262.69422
E01000533,3_reliable_core,3006.77819
E01000534,0_no_recorded_activity,
E01000535,3_reliable_core,1438.82908
E01000536,2_below_reliable_threshold,12.41288
E01000538,0_no_recorded_activity,
E01000539,0_no_recorded_activity,
E01000540,1_matched_stop_no_activity,
E01000541,3_reliable_core,3251.85332
E01000543,3_reliable_core,7553.07293
E01000544,2_below_reliable_threshold,368.81095
E01000545,3_reliable_core,2030.19014
E01000546,2_below_reliable_threshold,148.53043
E01000547,2_below_reliable_threshold,313.47270000000003
E01000548,3_reliable_core,7495.6341
E01000549,2_below_reliable_threshold,30.93856
E01000550,3_reliable_core,6511.56444
E01000551,3_reliable_core,577.05177
E01000552,3_reliable_core,853.05306
E01000553,3_reliable_core,2952.17496
E01000554,3_reliable_core,470.72
E01000555,2_below_reliable_threshold,343.17345
E01000556,3_reliable_core,6267.6559
E01000557,3_reliable_core,936.39582
E01000558,0_no_recorded_activity,1430.28224
E01000559,3_reliable_core,1718.41584
E01000560,0_no_recorded_activity,
E01000561,3_reliable_core,844.37288
E01000562,2_below_reliable_threshold,78.67271
E01000563,3_reliable_core,494.48347
E01000564,3_reliable_core,1732.23104
E01000565,3_reliable_core,1981.69019
E01000566,0_no_recorded_activity,
E01000567,2_below_reliable_threshold,105.07673
E01000568,3_reliable_core,5135.3825
E01000569,0_no_recorded_activity,
E01000570,0_no_recorded_activity,
E01000571,3_reliable_core,1490.76398
E01000572,2_below_reliable_threshold,79.81179
E01000573,2_below_reliable_threshold,10.22015
E01000574,2_below_reliable_threshold,291.29634
E01000575,3_reliable_core,1551.6681
E01000576,3_reliable_core,669.11856
E01000577,3_reliable_core,703.97656
E01000578,3_reliable_core,1776.7242
E01000579,0_no_recorded_activity,
E01000580,3_reliable_core,522.97258
E01000581,3_reliable_core,2259.0632
E01000582,0_no_recorded_activity,
E01000583,3_reliable_core,2910.06276
E01000584,2_below_reliable_threshold,31.09554
E01000585,0_no_recorded_activity,
E01000586,3_reliable_core,8878.48403
E01000587,2_below_reliable_threshold,194.10969
E01000589,3_reliable_core,670.9105
E01000590,2_below_reliable_threshold,371.34537
E01000591,3_reliable_core,2135.49387
E01000592,3_reliable_core,1914.50946
E01000593,0_no_recorded_activity,
E01000594,3_reliable_core,3944.35866
E01000595,3_reliable_core,982.88058
E01000596,3_reliable_core,777.17368
E01000599,3_reliable_core,578.54522
E01000601,3_reliable_core,3505.64161
E01000602,3_reliable_core,946.14942
E01000603,2_below_reliable_threshold,195.19092
E01000604,2_below_reliable_threshold,344.8084
E01000605,3_reliable_core,776.80753
E01000606,2_below_reliable_threshold,386.45548
E01000607,0_no_recorded_activity,
E01000608,3_reliable_core,7678.85817
E01000609,2_below_reliable_threshold,151.62149
E01000610,0_no_recorded_activity,
E01000611,2_below_reliable_threshold,259.19577
E01000612,3_reliable_core,2498.09346
E01000613,0_no_recorded_activity,
E01000615,3_reliable_core,635.42036
E01000616,3_reliable_core,1628.87228
E01000617,1_matched_stop_no_activity,
E01000618,0_no_recorded_activity,
E01000619,0_no_recorded_activity,
E01000620,3_reliable_core,3657.83793
E01000621,3_reliable_core,3640.54271
E01000622,2_below_reliable_threshold,9.88
E01000623,3_reliable_core,1240.34372
E01000624,0_no_recorded_activity,
E01000625,3_reliable_core,1908.71017
E01000626,3_reliable_core,2397.31847
E01000627,3_reliable_core,1008.14011
E01000628,3_reliable_core,2296.22747
E01000629,0_no_recorded_activity,
E01000630,0_no_recorded_activity,
E01000631,2_below_reliable_threshold,279.65859
E01000632,0_no_recorded_activity,
E01000633,3_reliable_core,19980.55296
E01000634,3_reliable_core,3668.57648
E01000636,3_reliable_core,2875.68608
E01000637,0_no_recorded_activity,
E01000638,3_reliable_core,9690.77489
E01000639,0_no_recorded_activity,
E01000640,3_reliable_core,4891.12066
E01000641,0_no_recorded_activity,
E01000642,3_reliable_core,4055.21327
E01000643,3_reliable_core,2085.23544
E01000644,3_reliable_core,2593.17941
E01000645,2_below_reliable_threshold,54.65979
E01000646,2_below_reliable_threshold,327.79344
E01000647,0_no_recorded_activity,
E01000648,2_below_reliable_threshold,193.5433
E01000649,3_reliable_core,505.81485
E01000650,2_below_reliable_threshold,151.10748999999998
E01000651,2_below_reliable_threshold,194.10558
E01000652,2_below_reliable_threshold,31.74808
E01000653,2_below_reliable_threshold,131.55841999999998
E01000654,2_below_reliable_threshold,15.828
E01000655,2_below_reliable_threshold,18.15175
E01000656,2_below_reliable_threshold,157.68869
E01000657,2_below_reliable_threshold,259.24756
E01000658,2_below_reliable_threshold,38.56675
E01000659,2_below_reliable_threshold,384.74391
E01000661,3_reliable_core,1141.87669
E01000662,3_reliable_core,461.98222
E01000663,2_below_reliable_threshold,145.49295999999998
E01000664,2_below_reliable_threshold,73.68664
E01000665,3_reliable_core,1036.72833
E01000666,2_below_reliable_threshold,422.56095
E01000667,2_below_reliable_threshold,410.33541
E01000668,3_reliable_core,1998.22717
E01000669,0_no_recorded_activity,
E01000670,3_reliable_core,979.30262
E01000671,2_below_reliable_threshold,312.90054
E01000672,2_below_reliable_threshold,274.98616
E01000673,2_below_reliable_threshold,137.24093
E01000674,2_below_reliable_threshold,392.77606
E01000676,3_reliable_core,9321.61106
E01000677,2_below_reliable_threshold,329.20535
E01000678,3_reliable_core,632.4951599999999
E01000679,2_below_reliable_threshold,111.66935
E01000680,2_below_reliable_threshold,26.59627
E01000681,2_below_reliable_threshold,8.61115
E01000682,2_below_reliable_threshold,83.00389
E01000683,2_below_reliable_threshold,281.64702
E01000684,2_below_reliable_threshold,104.68094
E01000685,2_below_reliable_threshold,172.91884
E01000686,3_reliable_core,725.7860499999999
E01000687,2_below_reliable_threshold,192.96245
E01000688,2_below_reliable_threshold,11.86953
E01000689,2_below_reliable_threshold,93.07002
E01000690,2_below_reliable_threshold,358.80739
E01000691,3_reliable_core,524.1059799999999
E01000692,3_reliable_core,1269.72332
E01000693,3_reliable_core,570.55218
E01000694,2_below_reliable_threshold,165.72956
E01000695,0_no_recorded_activity,
E01000696,3_reliable_core,1058.46616
E01000697,3_reliable_core,769.4704899999999
E01000698,2_below_reliable_threshold,115.93041
E01000699,3_reliable_core,660.90921
E01000700,2_below_reliable_threshold,91.75832
E01000701,1_matched_stop_no_activity,
E01000702,3_reliable_core,637.91266
E01000703,3_reliable_core,1398.55284
E01000704,2_below_reliable_threshold,171.16185
E01000705,2_below_reliable_threshold,39.01192
E01000706,3_reliable_core,940.29614
E01000707,2_below_reliable_threshold,116.02139
E01000708,3_reliable_core,465.13246
E01000709,2_below_reliable_threshold,193.83068
E01000710,2_below_reliable_threshold,192.38819
E01000711,2_below_reliable_threshold,80.05724
E01000712,2_below_reliable_threshold,445.68302
E01000713,2_below_reliable_threshold,91.47844
E01000714,3_reliable_core,5135.02359
E01000715,2_below_reliable_threshold,426.21806
E01000716,2_below_reliable_threshold,128.61697
E01000717,2_below_reliable_threshold,369.68792
E01000718,2_below_reliable_threshold,299.82138
E01000719,2_below_reliable_threshold,311.54676
E01000720,2_below_reliable_threshold,42.55536
E01000721,2_below_reliable_threshold,90.8383
E01000722,3_reliable_core,1323.27936
E01000723,2_below_reliable_threshold,43.37265
E01000724,2_below_reliable_threshold,60.6526
E01000725,2_below_reliable_threshold,62.40476
E01000726,2_below_reliable_threshold,28.68083
E01000727,3_reliable_core,1183.05832
E01000728,2_below_reliable_threshold,250.7266
E01000729,2_below_reliable_threshold,33.23146
E01000730,3_reliable_core,1748.73846
E01000731,2_below_reliable_threshold,58.7574
E01000732,2_below_reliable_threshold,178.2685
E01000733,2_below_reliable_threshold,48.67734
E01000734,2_below_reliable_threshold,21.28364
E01000735,2_below_reliable_threshold,444.08119
E01000736,2_below_reliable_threshold,262.2237
E01000737,2_below_reliable_threshold,226.79163
E01000738,3_reliable_core,527.54795
E01000739,2_below_reliable_threshold,99.22198
E01000741,3_reliable_core,1304.88891
E01000742,2_below_reliable_threshold,108.34173
E01000743,3_reliable_core,2303.92152
E01000744,3_reliable_core,785.5054
E01000745,3_reliable_core,1450.89357
E01000746,1_matched_stop_no_activity,
E01000747,2_below_reliable_threshold,145.45574
E01000748,2_below_reliable_threshold,43.33037
E01000749,2_below_reliable_threshold,83.60264
E01000750,2_below_reliable_threshold,62.08519
E01000751,3_reliable_core,1095.05095
E01000752,2_below_reliable_threshold,324.07825
E01000753,2_below_reliable_threshold,216.08846
E01000754,3_reliable_core,1060.7477
E01000755,2_below_reliable_threshold,353.35369
E01000756,3_reliable_core,1488.45988
E01000757,2_below_reliable_threshold,118.33198
E01000758,2_below_reliable_threshold,15.53837
E01000759,2_below_reliable_threshold,12.614109999999998
E01000760,2_below_reliable_threshold,438.1962
E01000761,2_below_reliable_threshold,178.2369
E01000762,2_below_reliable_threshold,313.13361
E01000763,2_below_reliable_threshold,281.757
E01000764,2_below_reliable_threshold,28.76397
E01000765,3_reliable_core,1279.70493
E01000766,2_below_reliable_threshold,160.95553
E01000767,3_reliable_core,800.41266
E01000768,2_below_reliable_threshold,57.60161
E01000769,2_below_reliable_threshold,313.14213
E01000770,3_reliable_core,452.53245
E01000771,3_reliable_core,608.29138
E01000772,2_below_reliable_threshold,84.68025
E01000773,2_below_reliable_threshold,121.36363
E01000774,2_below_reliable_threshold,445.034
E01000775,3_reliable_core,833.17866
E01000777,2_below_reliable_threshold,390.06303
E01000778,3_reliable_core,480.58583
E01000779,1_matched_stop_no_activity,
E01000780,2_below_reliable_threshold,385.24422
E01000781,3_reliable_core,1309.61889
E01000782,2_below_reliable_threshold,372.32045
E01000783,0_no_recorded_activity,
E01000784,2_below_reliable_threshold,225.16377
E01000785,2_below_reliable_threshold,179.30955
E01000786,2_below_reliable_threshold,42.75125
E01000787,2_below_reliable_threshold,289.29819
E01000788,3_reliable_core,1129.75456
E01000789,2_below_reliable_threshold,233.82674
E01000790,3_reliable_core,8976.26153
E01000791,2_below_reliable_threshold,163.24940999999998
E01000792,2_below_reliable_threshold,343.55851
E01000793,1_matched_stop_no_activity,
E01000794,2_below_reliable_threshold,142.84302
E01000795,2_below_reliable_threshold,138.53852
E01000796,0_no_recorded_activity,
E01000797,2_below_reliable_threshold,328.62986
E01000798,2_below_reliable_threshold,246.64578
E01000799,3_reliable_core,6386.09676
E01000800,3_reliable_core,494.54719
E01000801,3_reliable_core,838.45154
E01000802,3_reliable_core,464.40359
E01000803,2_below_reliable_threshold,87.99731
E01000804,2_below_reliable_threshold,46.92397
E01000805,2_below_reliable_threshold,386.24237
E01000806,3_reliable_core,1624.0098
E01000807,3_reliable_core,1571.14805
E01000808,2_below_reliable_threshold,19.59123
E01000809,2_below_reliable_threshold,178.43556999999998
E01000810,2_below_reliable_threshold,39.52916
E01000811,1_matched_stop_no_activity,
E01000812,0_no_recorded_activity,
E01000813,2_below_reliable_threshold,344.45002
E01000814,0_no_recorded_activity,
E01000815,2_below_reliable_threshold,44.94217
E01000816,2_below_reliable_threshold,120.56272
E01000818,2_below_reliable_threshold,32.38074
E01000819,3_reliable_core,1310.50365
E01000820,2_below_reliable_threshold,212.13513
E01000822,2_below_reliable_threshold,240.90615
E01000823,2_below_reliable_threshold,197.14515
E01000824,3_reliable_core,631.20142
E01000825,2_below_reliable_threshold,44.46008
E01000826,2_below_reliable_threshold,51.18629
E01000827,3_reliable_core,717.69601
E01000828,2_below_reliable_threshold,325.36178
E01000829,2_below_reliable_threshold,27.40681
E01000830,2_below_reliable_threshold,100.32477
E01000831,2_below_reliable_threshold,73.93373
E01000832,2_below_reliable_threshold,378.15909
E01000833,0_no_recorded_activity,
E01000834,2_below_reliable_threshold,130.17794
E01000835,3_reliable_core,1106.28814
E01000836,0_no_recorded_activity,
E01000837,2_below_reliable_threshold,138.40347
E01000838,2_below_reliable_threshold,431.16006
E01000839,0_no_recorded_activity,
E01000840,2_below_reliable_threshold,185.70714
E01000841,2_below_reliable_threshold,44.95689
E01000842,0_no_recorded_activity,
E01000843,2_below_reliable_threshold,117.30014
E01000844,2_below_reliable_threshold,41.33405
E01000845,2_below_reliable_threshold,71.63395
E01000846,2_below_reliable_threshold,447.00579
E01000847,2_below_reliable_threshold,131.71899
E01000848,3_reliable_core,553.0741
E01000849,3_reliable_core,1161.79454
E01000850,3_reliable_core,8303.2156
E01000851,3_reliable_core,667.77987
E01000853,0_no_recorded_activity,
E01000855,3_reliable_core,5920.95164
E01000856,3_reliable_core,7786.41321
E01000857,0_no_recorded_activity,
E01000858,3_reliable_core,1851.70827
E01000859,0_no_recorded_activity,
E01000860,2_below_reliable_threshold,176.63909
E01000861,3_reliable_core,2023.13933
E01000862,2_below_reliable_threshold,314.24667
E01000863,3_reliable_core,15792.15731
E01000866,0_no_recorded_activity,
E01000867,3_reliable_core,2306.6063
E01000868,3_reliable_core,923.47889
E01000869,3_reliable_core,2181.6616
E01000870,0_no_recorded_activity,
E01000871,3_reliable_core,1134.21253
E01000872,3_reliable_core,1181.62592
E01000873,2_below_reliable_threshold,163.28052
E01000874,2_below_reliable_threshold,216.31689
E01000875,3_reliable_core,507.25694
E01000876,3_reliable_core,1526.58853
E01000877,3_reliable_core,1356.66615
E01000878,2_below_reliable_threshold,71.18986
E01000879,2_below_reliable_threshold,161.69567
E01000880,3_reliable_core,472.02007
E01000881,3_reliable_core,578.28914
E01000882,2_below_reliable_threshold,81.06707
E01000883,3_reliable_core,1255.76051
E01000884,2_below_reliable_threshold,286.21423
E01000885,0_no_recorded_activity,
E01000886,2_below_reliable_threshold,398.90077
E01000887,3_reliable_core,1631.9966
E01000888,2_below_reliable_threshold,404.22871
E01000889,0_no_recorded_activity,
E01000890,3_reliable_core,692.14682
E01000891,2_below_reliable_threshold,254.03264
E01000892,0_no_recorded_activity,
E01000893,0_no_recorded_activity,
E01000894,0_no_recorded_activity,
E01000895,3_reliable_core,960.99013
E01000896,3_reliable_core,550.61415
E01000897,2_below_reliable_threshold,244.26643
E01000898,3_reliable_core,2087.34629
E01000899,3_reliable_core,645.62966
E01000900,3_reliable_core,1424.13893
E01000901,2_below_reliable_threshold,169.85278
E01000902,2_below_reliable_threshold,91.79879
E01000903,3_reliable_core,504.03324
E01000904,3_reliable_core,1957.34197
E01000905,2_below_reliable_threshold,71.65044
E01000906,3_reliable_core,1211.39659
E01000907,2_below_reliable_threshold,102.8749
E01000908,2_below_reliable_threshold,130.24945
E01000909,3_reliable_core,1472.69243
E01000910,0_no_recorded_activity,
E01000911,2_below_reliable_threshold,116.09012
E01000912,3_reliable_core,1860.75677
E01000913,3_reliable_core,769.56787
E01000914,3_reliable_core,24032.24844
E01000915,0_no_recorded_activity,
E01000916,3_reliable_core,1402.31309
E01000917,3_reliable_core,1036.79175
E01000918,3_reliable_core,3501.36839
E01000919,3_reliable_core,14273.14709
E01000920,3_reliable_core,2054.74391
E01000921,3_reliable_core,1317.98811
E01000922,3_reliable_core,1345.59842
E01000923,0_no_recorded_activity,
E01000924,3_reliable_core,498.21665
E01000925,2_below_reliable_threshold,175.07426
E01000926,3_reliable_core,839.29206
E01000927,3_reliable_core,2170.50205
E01000928,3_reliable_core,1707.29934
E01000929,3_reliable_core,1198.19019
E01000930,3_reliable_core,1800.20059
E01000931,3_reliable_core,1847.52808
E01000932,3_reliable_core,853.76305
E01000933,3_reliable_core,3490.50761
E01000934,2_below_reliable_threshold,378.5602
E01000935,2_below_reliable_threshold,350.39024
E01000937,0_no_recorded_activity,
E01000938,3_reliable_core,3978.03241
E01000939,0_no_recorded_activity,
E01000941,0_no_recorded_activity,
E01000942,3_reliable_core,4632.90158
E01000943,0_no_recorded_activity,
E01000944,0_no_recorded_activity,
E01000946,3_reliable_core,2055.96569
E01000947,3_reliable_core,6312.8999
E01000948,2_below_reliable_threshold,311.47869
E01000949,0_no_recorded_activity,
E01000951,0_no_recorded_activity,
E01000952,2_below_reliable_threshold,140.02398
E01000954,2_below_reliable_threshold,293.57628
E01000955,2_below_reliable_threshold,205.57115
E01000956,3_reliable_core,4493.73432
E01000957,2_below_reliable_threshold,48.84445
E01000958,2_below_reliable_threshold,160.47009
E01000959,3_reliable_core,2459.15814
E01000960,3_reliable_core,4904.77232
E01000961,0_no_recorded_activity,
E01000962,0_no_recorded_activity,
E01000963,3_reliable_core,3976.34749
E01000964,2_below_reliable_threshold,40.80258
E01000965,2_below_reliable_threshold,66.47618
E01000966,0_no_recorded_activity,
E01000967,0_no_recorded_activity,
E01000968,0_no_recorded_activity,
E01000969,3_reliable_core,2053.14151
E01000970,2_below_reliable_threshold,49.58477
E01000971,0_no_recorded_activity,
E01000972,3_reliable_core,1908.74286
E01000973,3_reliable_core,3776.58157
E01000974,3_reliable_core,1267.91177
E01000975,3_reliable_core,9169.01267
E01000976,3_reliable_core,1676.68005
E01000977,3_reliable_core,731.98901
E01000978,2_below_reliable_threshold,363.47164
E01000979,3_reliable_core,743.9099199999999
E01000980,2_below_reliable_threshold,376.3212
E01000981,2_below_reliable_threshold,333.23452
E01000982,2_below_reliable_threshold,119.23966
E01000983,2_below_reliable_threshold,302.46067
E01000984,2_below_reliable_threshold,431.45472
E01000985,2_below_reliable_threshold,202.89121
E01000986,2_below_reliable_threshold,157.52709
E01000987,0_no_recorded_activity,
E01000989,2_below_reliable_threshold,59.39991
E01000990,2_below_reliable_threshold,57.06419
E01000991,2_below_reliable_threshold,76.4444
E01000992,3_reliable_core,1028.30606
E01000993,2_below_reliable_threshold,390.96439
E01000994,2_below_reliable_threshold,309.29531
E01000995,2_below_reliable_threshold,204.13509
E01000996,0_no_recorded_activity,
E01000997,3_reliable_core,818.97832
E01000998,3_reliable_core,886.72364
E01000999,0_no_recorded_activity,
E01001000,3_reliable_core,953.03458
E01001001,0_no_recorded_activity,
E01001002,0_no_recorded_activity,
E01001003,2_below_reliable_threshold,396.66338
E01001004,3_reliable_core,542.47157
E01001005,3_reliable_core,1310.39128
E01001006,2_below_reliable_threshold,333.27243
E01001007,3_reliable_core,582.1587
E01001008,3_reliable_core,556.66654
E01001009,0_no_recorded_activity,
E01001010,3_reliable_core,1360.05865
E01001011,3_reliable_core,4689.77336
E01001012,0_no_recorded_activity,
E01001013,3_reliable_core,7629.74618
E01001015,3_reliable_core,573.68308
E01001016,2_below_reliable_threshold,322.22241
E01001017,0_no_recorded_activity,
E01001018,3_reliable_core,722.77949
E01001019,2_below_reliable_threshold,163.38962999999998
E01001020,2_below_reliable_threshold,366.0204
E01001021,2_below_reliable_threshold,208.96142
E01001022,2_below_reliable_threshold,112.21223
E01001023,3_reliable_core,2641.56373
E01001024,2_below_reliable_threshold,85.8954
E01001025,2_below_reliable_threshold,112.45762
E01001026,2_below_reliable_threshold,168.1582
E01001027,2_below_reliable_threshold,131.36853
E01001028,2_below_reliable_threshold,88.29432
E01001029,2_below_reliable_threshold,266.58808
E01001030,2_below_reliable_threshold,11.179569999999998
E01001031,2_below_reliable_threshold,69.90678
E01001032,2_below_reliable_threshold,116.65083
E01001033,3_reliable_core,1403.18318
E01001034,3_reliable_core,618.84653
E01001035,3_reliable_core,738.99517
E01001036,2_below_reliable_threshold,345.2109
E01001037,3_reliable_core,1349.27625
E01001038,3_reliable_core,655.95567
E01001039,2_below_reliable_threshold,80.08709
E01001040,3_reliable_core,492.28702
E01001041,3_reliable_core,1477.58004
E01001042,3_reliable_core,1626.99457
E01001044,3_reliable_core,528.5094
E01001046,0_no_recorded_activity,
E01001047,2_below_reliable_threshold,125.93472
E01001049,3_reliable_core,519.83443
E01001050,3_reliable_core,740.02656
E01001051,3_reliable_core,496.82794
E01001052,3_reliable_core,461.59812
E01001053,3_reliable_core,452.37454
E01001054,3_reliable_core,567.07327
E01001055,3_reliable_core,747.18375
E01001056,0_no_recorded_activity,
E01001057,2_below_reliable_threshold,86.26604
E01001058,2_below_reliable_threshold,197.12307
E01001059,2_below_reliable_threshold,194.58594
E01001060,2_below_reliable_threshold,372.10377
E01001061,2_below_reliable_threshold,426.25944
E01001062,3_reliable_core,1264.33002
E01001063,3_reliable_core,662.0597
E01001064,3_reliable_core,981.57009
E01001065,3_reliable_core,3046.04331
E01001066,2_below_reliable_threshold,427.45186
E01001067,2_below_reliable_threshold,61.03745
E01001068,2_below_reliable_threshold,154.61658
E01001069,2_below_reliable_threshold,29.64098
E01001070,2_below_reliable_threshold,338.11976
E01001071,2_below_reliable_threshold,166.5621
E01001072,0_no_recorded_activity,
E01001073,2_below_reliable_threshold,85.4833
E01001074,3_reliable_core,1330.70918
E01001075,3_reliable_core,562.29736
E01001076,3_reliable_core,768.10299
E01001077,2_below_reliable_threshold,138.05204
E01001078,3_reliable_core,455.05077
E01001079,3_reliable_core,695.70165
E01001080,2_below_reliable_threshold,430.77164
E01001081,2_below_reliable_threshold,396.26564
E01001082,2_below_reliable_threshold,214.09675
E01001083,3_reliable_core,801.83203
E01001084,3_reliable_core,1829.25485
E01001085,3_reliable_core,2068.72995
E01001086,0_no_recorded_activity,
E01001087,3_reliable_core,3878.23531
E01001088,0_no_recorded_activity,
E01001089,2_below_reliable_threshold,395.18525
E01001090,2_below_reliable_threshold,424.34936
E01001091,2_below_reliable_threshold,330.94261
E01001092,2_below_reliable_threshold,149.09995
E01001093,3_reliable_core,534.50664
E01001094,2_below_reliable_threshold,407.85396
E01001095,3_reliable_core,1032.05255
E01001096,2_below_reliable_threshold,3.57197
E01001097,3_reliable_core,8754.12849
E01001098,0_no_recorded_activity,
E01001099,2_below_reliable_threshold,229.77165
E01001100,0_no_recorded_activity,
E01001101,2_below_reliable_threshold,13.68138
E01001102,2_below_reliable_threshold,420.64818
E01001103,2_below_reliable_threshold,198.5475
E01001104,2_below_reliable_threshold,202.22302
E01001105,2_below_reliable_threshold,267.24357
E01001106,2_below_reliable_threshold,240.15432
E01001107,2_below_reliable_threshold,40.4098
E01001108,2_below_reliable_threshold,137.51164
E01001109,3_reliable_core,533.82188
E01001110,3_reliable_core,1286.54983
E01001111,3_reliable_core,2021.8373
E01001112,3_reliable_core,718.8193200000001
E01001113,2_below_reliable_threshold,444.13092
E01001114,3_reliable_core,1446.94035
E01001115,2_below_reliable_threshold,187.69206
E01001116,3_reliable_core,1219.37901
E01001118,3_reliable_core,2394.03701
E01001119,2_below_reliable_threshold,215.00494
E01001120,2_below_reliable_threshold,59.66173
E01001121,2_below_reliable_threshold,115.5445
E01001122,2_below_reliable_threshold,380.74849
E01001123,2_below_reliable_threshold,217.3779
E01001124,2_below_reliable_threshold,73.64957
E01001125,3_reliable_core,1912.77058
E01001126,2_below_reliable_threshold,210.79632
E01001127,3_reliable_core,852.35606
E01001128,0_no_recorded_activity,
E01001129,2_below_reliable_threshold,195.77349
E01001130,2_below_reliable_threshold,387.97051
E01001131,0_no_recorded_activity,
E01001132,2_below_reliable_threshold,155.13267
E01001133,2_below_reliable_threshold,234.03745
E01001134,3_reliable_core,996.42853
E01001135,3_reliable_core,1311.60383
E01001136,3_reliable_core,5377.13154
E01001137,3_reliable_core,1027.3021
E01001138,2_below_reliable_threshold,208.71043
E01001139,3_reliable_core,1205.64638
E01001140,2_below_reliable_threshold,414.16382
E01001141,0_no_recorded_activity,
E01001142,3_reliable_core,726.89618
E01001143,3_reliable_core,510.86679
E01001144,2_below_reliable_threshold,43.02635
E01001145,3_reliable_core,1136.50317
E01001146,0_no_recorded_activity,
E01001147,3_reliable_core,1490.01481
E01001148,2_below_reliable_threshold,259.46528
E01001149,2_below_reliable_threshold,270.46584
E01001150,2_below_reliable_threshold,273.81981
E01001151,2_below_reliable_threshold,389.33657
E01001152,3_reliable_core,1094.92922
E01001153,0_no_recorded_activity,
E01001154,3_reliable_core,534.94293
E01001155,3_reliable_core,7535.84347
E01001156,3_reliable_core,2026.49095
E01001157,3_reliable_core,1352.06854
E01001158,3_reliable_core,715.18179
E01001159,3_reliable_core,960.66115
E01001160,0_no_recorded_activity,
E01001161,0_no_recorded_activity,
E01001162,3_reliable_core,694.03808
E01001163,2_below_reliable_threshold,127.67148
E01001164,3_reliable_core,3601.37226
E01001165,3_reliable_core,909.36837
E01001166,3_reliable_core,630.2743399999999
E01001167,3_reliable_core,2215.18724
E01001168,2_below_reliable_threshold,414.49559
E01001169,2_below_reliable_threshold,93.28966
E01001170,3_reliable_core,2028.66824
E01001171,3_reliable_core,811.70704
E01001172,3_reliable_core,1419.75124
E01001173,3_reliable_core,901.89509
E01001174,0_no_recorded_activity,
E01001175,2_below_reliable_threshold,366.21738
E01001176,3_reliable_core,852.18114
E01001177,3_reliable_core,691.02888
E01001178,3_reliable_core,6621.07527
E01001179,0_no_recorded_activity,
E01001180,3_reliable_core,823.34153
E01001181,3_reliable_core,1035.37971
E01001182,3_reliable_core,2810.16699
E01001183,3_reliable_core,7585.7787
E01001184,0_no_recorded_activity,
E01001185,3_reliable_core,514.94836
E01001186,3_reliable_core,1495.08728
E01001187,2_below_reliable_threshold,348.25122
E01001188,0_no_recorded_activity,
E01001189,1_matched_stop_no_activity,
E01001190,0_no_recorded_activity,
E01001191,3_reliable_core,1224.60085
E01001192,2_below_reliable_threshold,418.32242
E01001193,2_below_reliable_threshold,378.15279
E01001194,0_no_recorded_activity,
E01001195,2_below_reliable_threshold,217.64999
E01001196,3_reliable_core,770.41994
E01001197,2_below_reliable_threshold,216.81495
E01001198,0_no_recorded_activity,
E01001199,3_reliable_core,671.24639
E01001200,0_no_recorded_activity,
E01001201,0_no_recorded_activity,
E01001202,3_reliable_core,824.32383
E01001203,3_reliable_core,3419.51004
E01001204,2_below_reliable_threshold,205.09537
E01001205,2_below_reliable_threshold,249.2053
E01001206,2_below_reliable_threshold,411.93292
E01001207,2_below_reliable_threshold,414.13853
E01001208,3_reliable_core,1708.77543
E01001209,3_reliable_core,1024.06913
E01001210,3_reliable_core,899.4153299999999
E01001211,3_reliable_core,473.78515
E01001212,3_reliable_core,785.55732
E01001213,2_below_reliable_threshold,156.62409
E01001214,3_reliable_core,1185.23321
E01001215,3_reliable_core,3000.76995
E01001216,2_below_reliable_threshold,407.99254
E01001217,0_no_recorded_activity,
E01001218,3_reliable_core,510.95085
E01001219,2_below_reliable_threshold,262.83288
E01001220,3_reliable_core,2636.7815
E01001223,1_matched_stop_no_activity,
E01001224,2_below_reliable_threshold,72.6395
E01001225,3_reliable_core,18165.83601
E01001226,3_reliable_core,1089.18112
E01001227,0_no_recorded_activity,
E01001228,2_below_reliable_threshold,445.05432
E01001229,2_below_reliable_threshold,363.77102
E01001230,2_below_reliable_threshold,310.98857
E01001231,3_reliable_core,973.43622
E01001232,2_below_reliable_threshold,120.51056
E01001233,3_reliable_core,842.51717
E01001234,3_reliable_core,951.89083
E01001235,3_reliable_core,1208.96891
E01001236,2_below_reliable_threshold,105.87321
E01001237,2_below_reliable_threshold,107.83032
E01001239,2_below_reliable_threshold,352.70082
E01001240,3_reliable_core,771.08435
E01001241,3_reliable_core,487.29065
E01001242,1_matched_stop_no_activity,
E01001243,3_reliable_core,2285.2769
E01001244,3_reliable_core,5343.38933
E01001245,3_reliable_core,1505.0776
E01001246,3_reliable_core,1693.62878
E01001247,3_reliable_core,4000.9887
E01001248,3_reliable_core,633.69352
E01001249,3_reliable_core,3177.50903
E01001250,3_reliable_core,1849.55449
E01001251,3_reliable_core,1311.18586
E01001252,3_reliable_core,4333.67021
E01001253,3_reliable_core,637.75137
E01001254,3_reliable_core,576.43105
E01001255,0_no_recorded_activity,
E01001257,3_reliable_core,1753.52445
E01001258,3_reliable_core,1593.61617
E01001259,3_reliable_core,1248.00093
E01001260,2_below_reliable_threshold,351.49868
E01001261,3_reliable_core,14568.73713
E01001262,3_reliable_core,498.40809
E01001263,2_below_reliable_threshold,314.5738
E01001264,2_below_reliable_threshold,237.45347
E01001265,0_no_recorded_activity,
E01001266,2_below_reliable_threshold,312.94622
E01001267,3_reliable_core,1226.00816
E01001268,2_below_reliable_threshold,200.19197
E01001269,3_reliable_core,894.20845
E01001270,1_matched_stop_no_activity,
E01001271,3_reliable_core,721.25164
E01001272,3_reliable_core,3822.74533
E01001273,0_no_recorded_activity,
E01001274,0_no_recorded_activity,
E01001275,2_below_reliable_threshold,445.82702
E01001276,3_reliable_core,669.39869
E01001277,3_reliable_core,3654.66733
E01001278,3_reliable_core,1717.17455
E01001279,1_matched_stop_no_activity,
E01001280,2_below_reliable_threshold,182.61687
E01001281,2_below_reliable_threshold,107.27976
E01001282,2_below_reliable_threshold,77.75638000000001
E01001283,3_reliable_core,2137.8471
E01001284,1_matched_stop_no_activity,
E01001285,3_reliable_core,1163.1444
E01001286,2_below_reliable_threshold,284.93627
E01001287,1_matched_stop_no_activity,
E01001288,3_reliable_core,862.56205
E01001289,2_below_reliable_threshold,115.32925
E01001290,3_reliable_core,470.39507
E01001291,3_reliable_core,473.82315
E01001292,0_no_recorded_activity,
E01001293,3_reliable_core,896.48296
E01001294,3_reliable_core,850.79194
E01001295,3_reliable_core,894.19034
E01001296,2_below_reliable_threshold,289.49518
E01001297,3_reliable_core,1758.70313
E01001298,2_below_reliable_threshold,274.11346
E01001299,2_below_reliable_threshold,148.71008
E01001300,2_below_reliable_threshold,368.74605
E01001301,3_reliable_core,1991.49102
E01001302,3_reliable_core,1858.32159
E01001303,3_reliable_core,1801.04961
E01001304,0_no_recorded_activity,
E01001305,2_below_reliable_threshold,67.41239
E01001306,0_no_recorded_activity,
E01001307,2_below_reliable_threshold,158.36974
E01001308,3_reliable_core,597.12778
E01001309,2_below_reliable_threshold,66.97225
E01001310,2_below_reliable_threshold,51.81672
E01001311,2_below_reliable_threshold,164.24753
E01001312,3_reliable_core,1149.04447
E01001313,2_below_reliable_threshold,406.14181
E01001314,0_no_recorded_activity,
E01001315,2_below_reliable_threshold,421.16787
E01001316,3_reliable_core,1619.52157
E01001317,3_reliable_core,504.98094
E01001318,2_below_reliable_threshold,241.36748
E01001319,1_matched_stop_no_activity,
E01001320,2_below_reliable_threshold,74.19556
E01001321,3_reliable_core,534.70897
E01001322,3_reliable_core,8842.87637
E01001323,3_reliable_core,2368.00899
E01001324,2_below_reliable_threshold,258.20316
E01001325,3_reliable_core,604.72292
E01001326,3_reliable_core,1206.62945
E01001327,3_reliable_core,1940.65688
E01001328,3_reliable_core,5979.57911
E01001329,3_reliable_core,489.73096
E01001330,3_reliable_core,2304.58875
E01001331,2_below_reliable_threshold,257.10534
E01001332,0_no_recorded_activity,
E01001333,3_reliable_core,3662.4864
E01001334,2_below_reliable_threshold,328.39627
E01001335,1_matched_stop_no_activity,
E01001336,3_reliable_core,968.06987
E01001337,3_reliable_core,5814.95495
E01001338,3_reliable_core,5100.13936
E01001339,2_below_reliable_threshold,385.19594
E01001340,0_no_recorded_activity,
E01001341,3_reliable_core,1226.32876
E01001342,2_below_reliable_threshold,316.33216
E01001343,2_below_reliable_threshold,184.79293
E01001344,3_reliable_core,1145.17862
E01001345,0_no_recorded_activity,
E01001346,2_below_reliable_threshold,52.90685
E01001347,3_reliable_core,527.46066
E01001348,3_reliable_core,1186.205
E01001349,2_below_reliable_threshold,447.8573
E01001350,2_below_reliable_threshold,57.4514
E01001351,3_reliable_core,5389.36291
E01001352,3_reliable_core,1291.8279
E01001353,3_reliable_core,761.85821
E01001354,3_reliable_core,759.57267
E01001355,3_reliable_core,5614.30581
E01001356,0_no_recorded_activity,
E01001357,2_below_reliable_threshold,103.96326
E01001358,3_reliable_core,550.65595
E01001359,3_reliable_core,745.04521
E01001360,0_no_recorded_activity,
E01001361,3_reliable_core,22455.79654
E01001362,3_reliable_core,6760.22
E01001363,3_reliable_core,4705.75539
E01001364,0_no_recorded_activity,
E01001365,1_matched_stop_no_activity,
E01001366,0_no_recorded_activity,
E01001367,3_reliable_core,8906.67332
E01001368,0_no_recorded_activity,
E01001369,3_reliable_core,1020.85184
E01001370,3_reliable_core,2757.96141
E01001371,3_reliable_core,900.76599
E01001372,0_no_recorded_activity,
E01001373,0_no_recorded_activity,
E01001374,0_no_recorded_activity,
E01001375,2_below_reliable_threshold,208.99674
E01001376,3_reliable_core,487.96798
E01001377,2_below_reliable_threshold,238.34944
E01001379,0_no_recorded_activity,
E01001380,2_below_reliable_threshold,53.7735
E01001381,0_no_recorded_activity,
E01001382,0_no_recorded_activity,
E01001383,0_no_recorded_activity,
E01001384,2_below_reliable_threshold,334.59854
E01001385,3_reliable_core,912.30763
E01001386,2_below_reliable_threshold,232.62929
E01001387,3_reliable_core,475.0458
E01001388,3_reliable_core,5114.99244
E01001389,3_reliable_core,3260.20823
E01001390,3_reliable_core,494.73446
E01001391,3_reliable_core,954.17191
E01001392,0_no_recorded_activity,
E01001393,3_reliable_core,1027.51173
E01001394,3_reliable_core,5128.15709
E01001395,2_below_reliable_threshold,198.82518
E01001396,3_reliable_core,2449.90778
E01001397,3_reliable_core,734.36825
E01001398,2_below_reliable_threshold,109.6806
E01001399,2_below_reliable_threshold,351.86051
E01001400,3_reliable_core,1111.6899
E01001401,2_below_reliable_threshold,273.70124
E01001402,3_reliable_core,751.34151
E01001403,2_below_reliable_threshold,441.39046
E01001404,3_reliable_core,648.69948
E01001405,2_below_reliable_threshold,23.74866
E01001406,2_below_reliable_threshold,348.09715
E01001407,2_below_reliable_threshold,105.56043
E01001408,3_reliable_core,581.97139
E01001409,2_below_reliable_threshold,316.31695
E01001410,0_no_recorded_activity,
E01001411,3_reliable_core,960.12611
E01001412,2_below_reliable_threshold,318.08001
E01001413,2_below_reliable_threshold,26.50528
E01001414,2_below_reliable_threshold,180.78283
E01001415,3_reliable_core,1217.70772
E01001416,2_below_reliable_threshold,13.99346
E01001417,2_below_reliable_threshold,74.73055
E01001418,2_below_reliable_threshold,197.91322
E01001419,3_reliable_core,2155.05034
E01001420,0_no_recorded_activity,
E01001421,2_below_reliable_threshold,6.88627
E01001422,1_matched_stop_no_activity,
E01001423,3_reliable_core,872.42083
E01001424,0_no_recorded_activity,
E01001425,3_reliable_core,8704.59517
E01001426,2_below_reliable_threshold,26.90277
E01001427,3_reliable_core,1644.87226
E01001428,0_no_recorded_activity,
E01001429,3_reliable_core,24005.24117
E01001430,3_reliable_core,1188.21691
E01001431,2_below_reliable_threshold,289.06163
E01001432,3_reliable_core,3921.90435
E01001433,2_below_reliable_threshold,406.09869
E01001434,0_no_recorded_activity,
E01001435,0_no_recorded_activity,
E01001436,2_below_reliable_threshold,104.34153
E01001437,2_below_reliable_threshold,274.59845
E01001438,3_reliable_core,799.05324
E01001439,3_reliable_core,3965.85318
E01001440,3_reliable_core,1251.50158
E01001441,2_below_reliable_threshold,126.70328
E01001442,3_reliable_core,599.6763
E01001444,3_reliable_core,929.53126
E01001445,2_below_reliable_threshold,439.58425
E01001446,2_below_reliable_threshold,409.10352
E01001447,3_reliable_core,830.21393
E01001448,0_no_recorded_activity,
E01001449,2_below_reliable_threshold,417.67911
E01001450,3_reliable_core,5479.75512
E01001451,3_reliable_core,651.27362
E01001452,1_matched_stop_no_activity,
E01001453,2_below_reliable_threshold,306.56642
E01001454,2_below_reliable_threshold,246.63696
E01001455,2_below_reliable_threshold,211.66921
E01001456,2_below_reliable_threshold,57.07986
E01001457,3_reliable_core,507.726
E01001458,3_reliable_core,3087.90808
E01001459,2_below_reliable_threshold,183.66394
E01001460,2_below_reliable_threshold,100.56489
E01001461,3_reliable_core,477.19152
E01001462,2_below_reliable_threshold,67.26719
E01001463,0_no_recorded_activity,
E01001464,1_matched_stop_no_activity,
E01001465,3_reliable_core,1609.45514
E01001466,2_below_reliable_threshold,4.179679999999999
E01001467,0_no_recorded_activity,
E01001468,3_reliable_core,669.5485199999999
E01001469,2_below_reliable_threshold,279.47303
E01001470,3_reliable_core,548.80194
E01001471,2_below_reliable_threshold,147.87496
E01001472,0_no_recorded_activity,
E01001473,2_below_reliable_threshold,108.95722
E01001474,3_reliable_core,736.51954
E01001475,2_below_reliable_threshold,10.62515
E01001476,3_reliable_core,1351.88049
E01001477,1_matched_stop_no_activity,
E01001478,2_below_reliable_threshold,157.11028
E01001479,3_reliable_core,2367.85307
E01001480,2_below_reliable_threshold,151.80435
E01001481,2_below_reliable_threshold,209.24453
E01001482,0_no_recorded_activity,
E01001483,2_below_reliable_threshold,407.38921
E01001484,2_below_reliable_threshold,2.41584
E01001485,3_reliable_core,1956.8552
E01001486,3_reliable_core,1051.32176
E01001487,3_reliable_core,787.34968
E01001488,2_below_reliable_threshold,209.82816
E01001489,2_below_reliable_threshold,277.47891
E01001491,3_reliable_core,758.92353
E01001492,3_reliable_core,665.68165
E01001493,2_below_reliable_threshold,320.02911
E01001494,2_below_reliable_threshold,8.252040000000001
E01001495,0_no_recorded_activity,
E01001496,1_matched_stop_no_activity,
E01001497,0_no_recorded_activity,
E01001498,3_reliable_core,1942.05873
E01001499,3_reliable_core,1693.82603
E01001500,3_reliable_core,716.6108
E01001501,3_reliable_core,4026.0857
E01001502,3_reliable_core,2849.08437
E01001503,2_below_reliable_threshold,3.7054
E01001504,2_below_reliable_threshold,149.40886
E01001505,3_reliable_core,2926.83687
E01001507,3_reliable_core,6464.4196
E01001508,2_below_reliable_threshold,10.0257
E01001509,2_below_reliable_threshold,308.12789
E01001511,3_reliable_core,3253.52674
E01001512,3_reliable_core,1802.28948
E01001513,3_reliable_core,1563.50959
E01001514,2_below_reliable_threshold,138.25569
E01001515,2_below_reliable_threshold,340.57339
E01001516,3_reliable_core,996.28383
E01001517,2_below_reliable_threshold,77.28941999999999
E01001518,3_reliable_core,1246.65401
E01001520,2_below_reliable_threshold,163.4162
E01001521,2_below_reliable_threshold,317.08693
E01001522,2_below_reliable_threshold,159.02053
E01001523,2_below_reliable_threshold,439.61101
E01001524,2_below_reliable_threshold,274.55196
E01001525,2_below_reliable_threshold,71.99395
E01001526,2_below_reliable_threshold,61.62502
E01001527,2_below_reliable_threshold,300.682
E01001528,3_reliable_core,1233.89702
E01001529,3_reliable_core,734.13952
E01001530,2_below_reliable_threshold,160.35446
E01001531,1_matched_stop_no_activity,
E01001532,3_reliable_core,678.60833
E01001533,0_no_recorded_activity,
E01001534,3_reliable_core,5671.55484
E01001535,2_below_reliable_threshold,179.7406
E01001536,3_reliable_core,4171.05164
E01001537,2_below_reliable_threshold,219.77496
E01001538,2_below_reliable_threshold,372.61708
E01001539,2_below_reliable_threshold,25.2828
E01001540,3_reliable_core,482.49599
E01001541,0_no_recorded_activity,
E01001542,2_below_reliable_threshold,284.82694
E01001543,2_below_reliable_threshold,13.69194
E01001544,3_reliable_core,574.60999
E01001545,2_below_reliable_threshold,11.52505
E01001546,2_below_reliable_threshold,276.4159
E01001547,3_reliable_core,2470.9132
E01001548,2_below_reliable_threshold,127.83038
E01001549,3_reliable_core,2104.68189
E01001550,2_below_reliable_threshold,186.01776
E01001551,3_reliable_core,461.8606
E01001552,3_reliable_core,817.59399
E01001553,3_reliable_core,1063.43172
E01001554,3_reliable_core,1753.32697
E01001555,3_reliable_core,1843.49728
E01001556,0_no_recorded_activity,
E01001557,0_no_recorded_activity,
E01001558,3_reliable_core,8367.56668
E01001559,3_reliable_core,1477.25675
E01001560,3_reliable_core,2056.91741
E01001562,1_matched_stop_no_activity,
E01001563,3_reliable_core,1599.9054
E01001564,3_reliable_core,479.40326
E01001565,1_matched_stop_no_activity,
E01001566,2_below_reliable_threshold,337.21615
E01001567,2_below_reliable_threshold,3.25567
E01001568,2_below_reliable_threshold,4.76852
E01001569,3_reliable_core,1551.83643
E01001570,3_reliable_core,462.14853
E01001571,3_reliable_core,560.72132
E01001572,3_reliable_core,1348.27261
E01001573,3_reliable_core,1303.96323
E01001574,2_below_reliable_threshold,212.5904
E01001575,3_reliable_core,1628.39457
E01001576,3_reliable_core,799.5367
E01001577,3_reliable_core,1073.97596
E01001578,0_no_recorded_activity,
E01001579,3_reliable_core,800.78266
E01001580,3_reliable_core,2928.93824
E01001581,3_reliable_core,5397.1877
E01001582,3_reliable_core,528.07007
E01001583,3_reliable_core,735.84744
E01001584,3_reliable_core,1336.37119
E01001585,0_no_recorded_activity,
E01001586,2_below_reliable_threshold,31.19535
E01001587,2_below_reliable_threshold,103.65153
E01001588,3_reliable_core,1696.72177
E01001589,0_no_recorded_activity,
E01001590,2_below_reliable_threshold,303.28788
E01001591,3_reliable_core,2040.33914
E01001592,2_below_reliable_threshold,106.01705
E01001593,3_reliable_core,678.53798
E01001594,3_reliable_core,2006.15435
E01001595,0_no_recorded_activity,
E01001596,2_below_reliable_threshold,321.43818
E01001597,3_reliable_core,1449.15952
E01001598,0_no_recorded_activity,
E01001599,2_below_reliable_threshold,92.24568
E01001600,3_reliable_core,887.73368
E01001601,2_below_reliable_threshold,371.78828
E01001602,3_reliable_core,806.48613
E01001603,3_reliable_core,493.71058
E01001604,3_reliable_core,2387.64405
E01001605,2_below_reliable_threshold,134.35205
E01001606,2_below_reliable_threshold,106.96038
E01001607,2_below_reliable_threshold,300.37079
E01001608,2_below_reliable_threshold,44.25361
E01001609,3_reliable_core,2732.83381
E01001610,2_below_reliable_threshold,319.09884
E01001611,3_reliable_core,528.88061
E01001613,3_reliable_core,1171.05879
E01001614,3_reliable_core,1218.65783
E01001615,3_reliable_core,9080.54749
E01001617,3_reliable_core,1991.36547
E01001618,2_below_reliable_threshold,310.10037
E01001619,2_below_reliable_threshold,168.78125
E01001620,2_below_reliable_threshold,429.65563
E01001621,3_reliable_core,588.4073099999999
E01001623,2_below_reliable_threshold,177.08840999999998
E01001624,2_below_reliable_threshold,360.48569
E01001625,3_reliable_core,1466.21752
E01001629,3_reliable_core,1546.13045
E01001631,3_reliable_core,5766.46597
E01001632,3_reliable_core,1426.37068
E01001633,2_below_reliable_threshold,170.80194
E01001634,2_below_reliable_threshold,358.00963
E01001635,2_below_reliable_threshold,72.18266
E01001636,0_no_recorded_activity,
E01001637,3_reliable_core,1317.53431
E01001638,2_below_reliable_threshold,107.40168
E01001641,3_reliable_core,8693.31212
E01001642,3_reliable_core,524.0487899999999
E01001644,3_reliable_core,3641.13134
E01001645,2_below_reliable_threshold,405.5019
E01001646,3_reliable_core,2192.45047
E01001647,2_below_reliable_threshold,245.04697
E01001648,3_reliable_core,499.20168
E01001649,0_no_recorded_activity,
E01001650,0_no_recorded_activity,
E01001651,3_reliable_core,695.21767
E01001652,3_reliable_core,1282.18667
E01001653,2_below_reliable_threshold,299.79176
E01001654,2_below_reliable_threshold,32.662699999999994
E01001655,3_reliable_core,473.93861
E01001656,2_below_reliable_threshold,89.33591
E01001657,0_no_recorded_activity,
E01001658,3_reliable_core,1515.2179
E01001659,3_reliable_core,1269.67413
E01001660,2_below_reliable_threshold,258.2704
E01001661,3_reliable_core,745.1544299999999
E01001664,0_no_recorded_activity,
E01001665,3_reliable_core,2180.40091
E01001666,3_reliable_core,4096.07329
E01001669,3_reliable_core,869.73062
E01001671,3_reliable_core,825.54647
E01001672,0_no_recorded_activity,
E01001673,3_reliable_core,10838.76148
E01001674,2_below_reliable_threshold,150.74901
E01001675,0_no_recorded_activity,
E01001676,3_reliable_core,4278.20025
E01001677,3_reliable_core,1379.47426
E01001678,2_below_reliable_threshold,306.05895
E01001679,0_no_recorded_activity,
E01001680,2_below_reliable_threshold,319.79605000000004
E01001681,0_no_recorded_activity,
E01001682,3_reliable_core,1538.39346
E01001683,3_reliable_core,2576.93441
E01001684,2_below_reliable_threshold,151.56346
E01001685,2_below_reliable_threshold,350.32691
E01001686,3_reliable_core,952.28812
E01001687,2_below_reliable_threshold,53.81238
E01001688,3_reliable_core,1943.87338
E01001690,3_reliable_core,1514.8292
E01001692,0_no_recorded_activity,
E01001693,3_reliable_core,1997.74287
E01001694,3_reliable_core,543.80137
E01001695,2_below_reliable_threshold,190.9881
E01001696,3_reliable_core,15089.47895
E01001697,2_below_reliable_threshold,425.30252
E01001698,2_below_reliable_threshold,104.68869
E01001699,3_reliable_core,2272.17218
E01001700,3_reliable_core,2823.90061
E01001701,3_reliable_core,4990.69235
E01001702,0_no_recorded_activity,
E01001703,3_reliable_core,977.53932
E01001704,3_reliable_core,488.15525
E01001705,3_reliable_core,800.73348
E01001708,3_reliable_core,1594.64606
E01001710,2_below_reliable_threshold,237.56734
E01001712,3_reliable_core,1935.99641
E01001714,3_reliable_core,2458.79507
E01001715,0_no_recorded_activity,
E01001716,2_below_reliable_threshold,244.27507
E01001717,3_reliable_core,818.76812
E01001718,3_reliable_core,2524.00182
E01001719,3_reliable_core,1150.84462
E01001720,2_below_reliable_threshold,337.11415
E01001722,3_reliable_core,1361.45509
E01001723,1_matched_stop_no_activity,
E01001724,3_reliable_core,6080.19885
E01001725,0_no_recorded_activity,
E01001726,3_reliable_core,701.96815
E01001727,2_below_reliable_threshold,68.9721
E01001728,3_reliable_core,556.12762
E01001729,3_reliable_core,2609.49324
E01001730,3_reliable_core,1898.08522
E01001731,3_reliable_core,4920.09642
E01001732,0_no_recorded_activity,
E01001733,3_reliable_core,1863.4194
E01001734,3_reliable_core,4489.70833
E01001735,2_below_reliable_threshold,318.48731
E01001736,0_no_recorded_activity,
E01001737,3_reliable_core,608.85903
E01001738,3_reliable_core,1251.07682
E01001739,3_reliable_core,1420.65602
E01001740,2_below_reliable_threshold,246.39512
E01001741,3_reliable_core,1177.10518
E01001742,3_reliable_core,821.89404
E01001744,2_below_reliable_threshold,172.81358
E01001745,3_reliable_core,562.63311
E01001746,2_below_reliable_threshold,198.327
E01001747,3_reliable_core,4531.02662
E01001749,3_reliable_core,1565.30016
E01001750,3_reliable_core,919.6482
E01001751,3_reliable_core,479.37757
E01001753,0_no_recorded_activity,
E01001755,3_reliable_core,921.71134
E01001756,3_reliable_core,2761.15634
E01001757,2_below_reliable_threshold,125.69321
E01001758,3_reliable_core,2954.27836
E01001759,2_below_reliable_threshold,89.97846
E01001760,3_reliable_core,4458.80153
E01001761,2_below_reliable_threshold,253.92463
E01001762,3_reliable_core,7904.93838
E01001763,2_below_reliable_threshold,13.22643
E01001764,0_no_recorded_activity,
E01001765,2_below_reliable_threshold,381.67893
E01001767,2_below_reliable_threshold,199.48742
E01001768,0_no_recorded_activity,
E01001769,3_reliable_core,1131.88739
E01001770,3_reliable_core,7620.88072
E01001772,2_below_reliable_threshold,227.99658
E01001773,3_reliable_core,1832.71873
E01001774,3_reliable_core,1382.72947
E01001775,2_below_reliable_threshold,180.23382
E01001776,3_reliable_core,1325.65633
E01001777,3_reliable_core,2729.05877
E01001780,0_no_recorded_activity,
E01001781,3_reliable_core,3284.39016
E01001783,2_below_reliable_threshold,44.94178
E01001784,2_below_reliable_threshold,168.45114999999998
E01001785,0_no_recorded_activity,
E01001786,3_reliable_core,1290.75183
E01001787,3_reliable_core,630.87602
E01001788,3_reliable_core,768.20279
E01001789,0_no_recorded_activity,
E01001790,0_no_recorded_activity,
E01001791,2_below_reliable_threshold,243.07222
E01001792,3_reliable_core,2783.42682
E01001793,2_below_reliable_threshold,391.33001
E01001794,3_reliable_core,969.98678
E01001795,3_reliable_core,1366.84757
E01001796,2_below_reliable_threshold,132.80306
E01001798,3_reliable_core,2790.69251
E01001799,0_no_recorded_activity,
E01001800,3_reliable_core,2242.38447
E01001801,3_reliable_core,793.76868
E01001802,2_below_reliable_threshold,272.52954
E01001803,3_reliable_core,651.09548
E01001804,0_no_recorded_activity,
E01001805,3_reliable_core,2577.27458
E01001806,3_reliable_core,588.91801
E01001807,3_reliable_core,896.00976
E01001808,3_reliable_core,8517.12143
E01001809,3_reliable_core,1635.22781
E01001811,3_reliable_core,1875.17577
E01001812,0_no_recorded_activity,
E01001813,3_reliable_core,6724.32234
E01001814,3_reliable_core,4249.83305
E01001815,2_below_reliable_threshold,114.30013
E01001816,2_below_reliable_threshold,82.35158
E01001819,2_below_reliable_threshold,269.21186
E01001820,2_below_reliable_threshold,188.79175
E01001821,2_below_reliable_threshold,236.41488
E01001822,3_reliable_core,1293.04288
E01001823,0_no_recorded_activity,
E01001824,3_reliable_core,1089.84526
E01001825,0_no_recorded_activity,
E01001826,3_reliable_core,1201.54343
E01001827,3_reliable_core,1237.85215
E01001828,2_below_reliable_threshold,222.40164
E01001829,3_reliable_core,990.51137
E01001830,3_reliable_core,4173.80111
E01001831,3_reliable_core,5871.07362
E01001832,3_reliable_core,3259.32209
E01001833,0_no_recorded_activity,
E01001834,3_reliable_core,672.81851
E01001835,3_reliable_core,1104.99724
E01001836,3_reliable_core,1436.64904
E01001837,3_reliable_core,2962.51528
E01001838,0_no_recorded_activity,
E01001839,3_reliable_core,6433.50494
E01001840,3_reliable_core,1606.07524
E01001841,2_below_reliable_threshold,403.92294
E01001842,0_no_recorded_activity,
E01001843,0_no_recorded_activity,
E01001844,3_reliable_core,1312.44637
E01001845,3_reliable_core,574.82326
E01001846,3_reliable_core,1900.97833
E01001847,2_below_reliable_threshold,149.54578
E01001848,3_reliable_core,1755.51059
E01001849,3_reliable_core,2171.61648
E01001850,3_reliable_core,1018.31349
E01001851,0_no_recorded_activity,
E01001852,0_no_recorded_activity,
E01001853,0_no_recorded_activity,
E01001854,2_below_reliable_threshold,406.39085
E01001855,0_no_recorded_activity,
E01001856,2_below_reliable_threshold,449.18255
E01001857,3_reliable_core,1537.28094
E01001858,2_below_reliable_threshold,329.32987
E01001859,1_matched_stop_no_activity,
E01001860,3_reliable_core,2857.68938
E01001861,3_reliable_core,986.57287
E01001862,0_no_recorded_activity,
E01001863,0_no_recorded_activity,
E01001864,0_no_recorded_activity,
E01001865,0_no_recorded_activity,
E01001866,3_reliable_core,1864.07571
E01001867,2_below_reliable_threshold,234.31114
E01001868,2_below_reliable_threshold,218.72118
E01001869,3_reliable_core,1119.42013
E01001870,0_no_recorded_activity,
E01001871,3_reliable_core,634.2904599999999
E01001872,0_no_recorded_activity,
E01001873,0_no_recorded_activity,
E01001875,3_reliable_core,2487.12322
E01001876,3_reliable_core,2189.34207
E01001877,3_reliable_core,2695.54646
E01001878,0_no_recorded_activity,
E01001879,2_below_reliable_threshold,356.8052
E01001880,1_matched_stop_no_activity,
E01001881,2_below_reliable_threshold,190.3063
E01001882,3_reliable_core,1306.33282
E01001883,2_below_reliable_threshold,219.04113
E01001884,3_reliable_core,2231.71231
E01001885,2_below_reliable_threshold,391.05591
E01001886,3_reliable_core,2527.8344
E01001887,3_reliable_core,1597.52478
E01001888,0_no_recorded_activity,
E01001889,0_no_recorded_activity,
E01001890,0_no_recorded_activity,
E01001891,3_reliable_core,4334.08008
E01001892,0_no_recorded_activity,
E01001893,2_below_reliable_threshold,144.70735
E01001894,3_reliable_core,664.93562
E01001895,2_below_reliable_threshold,396.70062
E01001896,3_reliable_core,1055.06899
E01001897,0_no_recorded_activity,
E01001898,3_reliable_core,30036.46625
E01001899,2_below_reliable_threshold,207.84292
E01001900,3_reliable_core,1231.30103
E01001901,0_no_recorded_activity,
E01001902,2_below_reliable_threshold,322.33973
E01001903,3_reliable_core,1021.03519
E01001904,0_no_recorded_activity,
E01001905,2_below_reliable_threshold,205.93374
E01001906,2_below_reliable_threshold,402.46309
E01001907,2_below_reliable_threshold,257.31437
E01001908,0_no_recorded_activity,
E01001909,3_reliable_core,463.22387
E01001910,0_no_recorded_activity,
E01001911,3_reliable_core,579.9510300000001
E01001912,3_reliable_core,895.49015
E01001913,2_below_reliable_threshold,250.85403
E01001914,3_reliable_core,1253.0227
E01001915,3_reliable_core,3526.17204
E01001916,3_reliable_core,639.82525
E01001917,1_matched_stop_no_activity,
E01001918,3_reliable_core,1466.01379
E01001919,0_no_recorded_activity,
E01001920,3_reliable_core,3860.04423
E01001921,3_reliable_core,2983.33094
E01001922,3_reliable_core,522.94245
E01001923,2_below_reliable_threshold,40.40745
E01001924,3_reliable_core,547.43223
E01001925,3_reliable_core,566.00641
E01001926,0_no_recorded_activity,
E01001927,0_no_recorded_activity,
E01001928,3_reliable_core,1704.94979
E01001929,2_below_reliable_threshold,108.96589
E01001930,3_reliable_core,1990.8349
E01001931,1_matched_stop_no_activity,
E01001932,3_reliable_core,1279.33158
E01001933,3_reliable_core,627.33842
E01001934,0_no_recorded_activity,
E01001935,0_no_recorded_activity,
E01001937,3_reliable_core,1073.87843
E01001938,3_reliable_core,1358.23358
E01001940,3_reliable_core,752.87833
E01001941,3_reliable_core,6121.04135
E01001942,3_reliable_core,1596.90783
E01001943,3_reliable_core,37484.94251
E01001944,0_no_recorded_activity,
E01001945,2_below_reliable_threshold,36.73292
E01001946,2_below_reliable_threshold,2.9833199999999995
E01001947,0_no_recorded_activity,
E01001948,2_below_reliable_threshold,431.70444
E01001949,0_no_recorded_activity,
E01001950,3_reliable_core,841.12909
E01001951,3_reliable_core,624.68008
E01001952,2_below_reliable_threshold,329.07041
E01001953,3_reliable_core,4854.88196
E01001954,3_reliable_core,1300.0722
E01001955,2_below_reliable_threshold,315.00728
E01001956,2_below_reliable_threshold,238.36187
E01001957,2_below_reliable_threshold,78.68509
E01001958,2_below_reliable_threshold,307.41193
E01001959,3_reliable_core,592.92921
E01001960,2_below_reliable_threshold,3.66771
E01001961,2_below_reliable_threshold,13.19898
E01001962,3_reliable_core,972.50622
E01001963,3_reliable_core,671.89131
E01001964,3_reliable_core,572.78758
E01001965,0_no_recorded_activity,
E01001966,3_reliable_core,1272.05321
E01001967,0_no_recorded_activity,
E01001968,2_below_reliable_threshold,349.84524
E01001969,3_reliable_core,1241.48398
E01001970,2_below_reliable_threshold,420.46136
E01001971,3_reliable_core,1053.11236
E01001972,3_reliable_core,1271.59487
E01001973,3_reliable_core,1799.34099
E01001974,3_reliable_core,2121.62889
E01001975,0_no_recorded_activity,
E01001976,2_below_reliable_threshold,325.59695
E01001977,0_no_recorded_activity,
E01001978,3_reliable_core,5286.66198
E01001979,3_reliable_core,10588.33849
E01001980,2_below_reliable_threshold,433.66498
E01001981,3_reliable_core,1084.093
E01001982,3_reliable_core,514.21586
E01001983,3_reliable_core,949.55054
E01001984,3_reliable_core,1126.31815
E01001985,0_no_recorded_activity,
E01001986,2_below_reliable_threshold,375.50609
E01001987,2_below_reliable_threshold,105.25405
E01001988,3_reliable_core,697.26869
E01001989,3_reliable_core,729.90481
E01001990,3_reliable_core,5666.58821
E01001991,3_reliable_core,571.14793
E01001992,2_below_reliable_threshold,267.19275
E01001993,0_no_recorded_activity,
E01001994,2_below_reliable_threshold,421.51921
E01001995,2_below_reliable_threshold,222.3659
E01001996,3_reliable_core,698.05978
E01001997,3_reliable_core,6358.14161
E01001998,0_no_recorded_activity,
E01001999,3_reliable_core,7012.51011
E01002000,0_no_recorded_activity,
E01002001,0_no_recorded_activity,
E01002002,3_reliable_core,12011.17064
E01002003,3_reliable_core,14367.20214
E01002004,0_no_recorded_activity,
E01002005,3_reliable_core,902.5285
E01002006,2_below_reliable_threshold,238.63732
E01002007,3_reliable_core,1266.29813
E01002008,3_reliable_core,1186.60858
E01002009,3_reliable_core,1515.5973
E01002010,3_reliable_core,704.79174
E01002011,3_reliable_core,3134.76712
E01002013,3_reliable_core,1228.37928
E01002014,3_reliable_core,1884.58273
E01002015,3_reliable_core,551.34112
E01002016,0_no_recorded_activity,
E01002017,3_reliable_core,4718.55259
E01002018,0_no_recorded_activity,
E01002019,3_reliable_core,1407.50612
E01002020,3_reliable_core,1639.06847
E01002021,3_reliable_core,513.55637
E01002022,3_reliable_core,9288.0767
E01002023,0_no_recorded_activity,
E01002024,2_below_reliable_threshold,323.04156
E01002025,2_below_reliable_threshold,98.27268
E01002026,3_reliable_core,4407.72796
E01002027,0_no_recorded_activity,
E01002028,3_reliable_core,1294.88201
E01002029,3_reliable_core,24746.07497
E01002030,2_below_reliable_threshold,406.94594
E01002031,3_reliable_core,8270.11243
E01002032,2_below_reliable_threshold,115.31103
E01002033,2_below_reliable_threshold,150.74165
E01002034,3_reliable_core,6181.05566
E01002036,3_reliable_core,570.48626
E01002037,3_reliable_core,3594.86497
E01002038,3_reliable_core,2669.3583
E01002039,0_no_recorded_activity,
E01002040,3_reliable_core,517.5257
E01002041,2_below_reliable_threshold,11.9543
E01002042,3_reliable_core,1125.96137
E01002043,3_reliable_core,659.87979
E01002044,0_no_recorded_activity,
E01002045,0_no_recorded_activity,
E01002046,3_reliable_core,1681.08161
E01002047,3_reliable_core,2105.45943
E01002048,3_reliable_core,1153.4339
E01002049,3_reliable_core,2117.33009
E01002050,0_no_recorded_activity,
E01002051,3_reliable_core,2338.09332
E01002052,2_below_reliable_threshold,176.78361999999998
E01002053,3_reliable_core,598.09609
E01002054,3_reliable_core,685.20656
E01002055,3_reliable_core,920.16719
E01002056,3_reliable_core,1620.87817
E01002057,0_no_recorded_activity,
E01002058,2_below_reliable_threshold,212.77912
E01002059,2_below_reliable_threshold,87.00701
E01002060,2_below_reliable_threshold,347.98278
E01002061,2_below_reliable_threshold,200.98699
E01002062,3_reliable_core,808.46904
E01002063,0_no_recorded_activity,
E01002064,3_reliable_core,1186.44575
E01002065,0_no_recorded_activity,
E01002066,3_reliable_core,8948.62308
E01002067,3_reliable_core,1865.27573
E01002068,3_reliable_core,547.38078
E01002069,3_reliable_core,7478.61315
E01002070,3_reliable_core,568.76377
E01002071,3_reliable_core,967.04087
E01002072,3_reliable_core,19923.12812
E01002073,0_no_recorded_activity,
E01002074,3_reliable_core,898.76091
E01002075,3_reliable_core,1192.97366
E01002076,2_below_reliable_threshold,131.14031
E01002077,3_reliable_core,3676.91242
E01002078,2_below_reliable_threshold,351.69243
E01002079,2_below_reliable_threshold,17.39135
E01002081,3_reliable_core,3651.13866
E01002082,3_reliable_core,1951.57375
E01002083,2_below_reliable_threshold,160.13618
E01002084,2_below_reliable_threshold,286.34128
E01002085,3_reliable_core,9750.84825
E01002086,2_below_reliable_threshold,248.74112
E01002087,3_reliable_core,955.09219
E01002088,3_reliable_core,1958.26862
E01002089,3_reliable_core,642.70009
E01002090,3_reliable_core,729.87136
E01002091,3_reliable_core,2396.68521
E01002092,3_reliable_core,796.93435
E01002093,2_below_reliable_threshold,349.95108
E01002094,2_below_reliable_threshold,73.45098
E01002095,3_reliable_core,1007.31073
E01002096,3_reliable_core,1134.98478
E01002097,3_reliable_core,527.9397
E01002098,3_reliable_core,5426.20097
E01002099,3_reliable_core,498.28415
E01002100,3_reliable_core,2581.28846
E01002101,0_no_recorded_activity,
E01002102,3_reliable_core,1416.66802
E01002103,3_reliable_core,1265.40962
E01002104,3_reliable_core,913.88319
E01002105,2_below_reliable_threshold,244.61769
E01002106,2_below_reliable_threshold,213.07593
E01002107,0_no_recorded_activity,
E01002108,2_below_reliable_threshold,265.5965
E01002109,2_below_reliable_threshold,379.65156
E01002110,2_below_reliable_threshold,100.30579
E01002111,3_reliable_core,1151.77945
E01002112,3_reliable_core,2917.32469
E01002113,2_below_reliable_threshold,72.67967
E01002114,2_below_reliable_threshold,330.12039
E01002115,2_below_reliable_threshold,42.21705
E01002116,2_below_reliable_threshold,35.10295
E01002118,3_reliable_core,927.83983
E01002119,3_reliable_core,2709.8500400000003
E01002120,0_no_recorded_activity,
E01002121,2_below_reliable_threshold,324.94351
E01002122,0_no_recorded_activity,
E01002123,3_reliable_core,1925.98193
E01002124,0_no_recorded_activity,
E01002125,3_reliable_core,1125.93203
E01002127,0_no_recorded_activity,
E01002128,1_matched_stop_no_activity,
E01002129,3_reliable_core,30687.67762
E01002130,3_reliable_core,6371.12161
E01002131,0_no_recorded_activity,
E01002132,3_reliable_core,735.68174
E01002133,3_reliable_core,1978.94733
E01002134,2_below_reliable_threshold,309.70675
E01002135,3_reliable_core,1783.11936
E01002136,3_reliable_core,1981.66348
E01002137,2_below_reliable_threshold,82.66472999999999
E01002138,0_no_recorded_activity,
E01002139,2_below_reliable_threshold,280.16118
E01002140,3_reliable_core,2883.54474
E01002141,2_below_reliable_threshold,259.76796
E01002142,3_reliable_core,2254.03177
E01002143,2_below_reliable_threshold,37.02837
E01002144,3_reliable_core,536.1659599999999
E01002145,3_reliable_core,592.3786699999999
E01002146,0_no_recorded_activity,
E01002147,0_no_recorded_activity,
E01002148,2_below_reliable_threshold,223.18588
E01002149,0_no_recorded_activity,
E01002150,3_reliable_core,794.65361
E01002151,3_reliable_core,917.20729
E01002152,3_reliable_core,754.93117
E01002153,2_below_reliable_threshold,186.56074
E01002155,2_below_reliable_threshold,183.98115
E01002156,2_below_reliable_threshold,33.34361
E01002157,3_reliable_core,633.52115
E01002158,0_no_recorded_activity,
E01002159,2_below_reliable_threshold,435.7554
E01002160,3_reliable_core,885.41278
E01002161,3_reliable_core,1372.59753
E01002162,2_below_reliable_threshold,256.73651
E01002163,2_below_reliable_threshold,262.11049
E01002164,0_no_recorded_activity,
E01002165,3_reliable_core,558.20739
E01002166,2_below_reliable_threshold,345.1136
E01002167,0_no_recorded_activity,
E01002168,0_no_recorded_activity,
E01002169,3_reliable_core,453.13836
E01002170,0_no_recorded_activity,
E01002171,0_no_recorded_activity,
E01002172,2_below_reliable_threshold,98.01458
E01002173,2_below_reliable_threshold,250.43138
E01002174,3_reliable_core,1483.16978
E01002175,3_reliable_core,1670.08632
E01002176,3_reliable_core,1750.86667
E01002177,2_below_reliable_threshold,60.16621
E01002178,0_no_recorded_activity,
E01002179,3_reliable_core,7605.08753
E01002181,3_reliable_core,763.30176
E01002182,0_no_recorded_activity,
E01002183,2_below_reliable_threshold,124.75258
E01002184,2_below_reliable_threshold,338.8874
E01002185,2_below_reliable_threshold,160.6293
E01002186,3_reliable_core,965.86617
E01002187,2_below_reliable_threshold,194.46297
E01002188,0_no_recorded_activity,
E01002189,3_reliable_core,1943.30436
E01002190,2_below_reliable_threshold,19.10344
E01002191,2_below_reliable_threshold,288.71158
E01002192,2_below_reliable_threshold,374.37576
E01002193,3_reliable_core,1082.79897
E01002194,2_below_reliable_threshold,28.30742
E01002195,2_below_reliable_threshold,155.0475
E01002196,2_below_reliable_threshold,61.06502
E01002197,0_no_recorded_activity,
E01002198,2_below_reliable_threshold,116.49295
E01002199,3_reliable_core,967.36749
E01002200,3_reliable_core,455.05241
E01002201,3_reliable_core,585.1075999999999
E01002202,3_reliable_core,2516.45999
E01002203,2_below_reliable_threshold,440.26298
E01002204,3_reliable_core,2218.51894
E01002206,0_no_recorded_activity,
E01002207,2_below_reliable_threshold,227.54288
E01002208,2_below_reliable_threshold,61.99115
E01002209,3_reliable_core,1852.85083
E01002210,0_no_recorded_activity,
E01002211,2_below_reliable_threshold,223.06728
E01002212,3_reliable_core,2419.5363
E01002214,2_below_reliable_threshold,375.62885
E01002215,2_below_reliable_threshold,80.42793999999999
E01002216,3_reliable_core,549.89228
E01002217,2_below_reliable_threshold,188.05719
E01002218,2_below_reliable_threshold,375.7177
E01002219,3_reliable_core,10803.1811
E01002220,0_no_recorded_activity,
E01002221,3_reliable_core,3079.77821
E01002222,0_no_recorded_activity,
E01002223,3_reliable_core,465.64707
E01002224,0_no_recorded_activity,
E01002225,3_reliable_core,566.27604
E01002226,3_reliable_core,2819.00547
E01002227,2_below_reliable_threshold,369.70545
E01002228,2_below_reliable_threshold,336.22204
E01002229,2_below_reliable_threshold,130.78175
E01002230,2_below_reliable_threshold,219.81409
E01002231,2_below_reliable_threshold,130.33923
E01002232,3_reliable_core,1418.27997
E01002233,3_reliable_core,3014.05487
E01002234,0_no_recorded_activity,
E01002235,2_below_reliable_threshold,319.57767
E01002236,0_no_recorded_activity,
E01002237,0_no_recorded_activity,
E01002238,0_no_recorded_activity,
E01002239,0_no_recorded_activity,
E01002240,3_reliable_core,1038.59744
E01002241,0_no_recorded_activity,
E01002242,3_reliable_core,571.8155399999999
E01002243,2_below_reliable_threshold,84.43266
E01002244,2_below_reliable_threshold,119.17771
E01002245,3_reliable_core,643.8152699999999
E01002246,3_reliable_core,864.9974
E01002247,2_below_reliable_threshold,298.8797
E01002248,3_reliable_core,1852.05934
E01002250,2_below_reliable_threshold,142.87770999999998
E01002251,3_reliable_core,544.56929
E01002252,0_no_recorded_activity,
E01002253,2_below_reliable_threshold,302.07466
E01002254,2_below_reliable_threshold,332.48054
E01002255,0_no_recorded_activity,
E01002256,0_no_recorded_activity,
E01002257,2_below_reliable_threshold,252.40244
E01002258,3_reliable_core,859.83324
E01002259,2_below_reliable_threshold,137.49205
E01002260,2_below_reliable_threshold,55.91926
E01002261,3_reliable_core,1217.41596
E01002262,2_below_reliable_threshold,253.24374
E01002263,2_below_reliable_threshold,374.16763
E01002264,0_no_recorded_activity,
E01002265,2_below_reliable_threshold,280.87399
E01002266,3_reliable_core,610.86876
E01002267,0_no_recorded_activity,
E01002268,2_below_reliable_threshold,76.39304
E01002269,2_below_reliable_threshold,197.05164
E01002270,2_below_reliable_threshold,107.31748
E01002271,2_below_reliable_threshold,45.2417
E01002272,2_below_reliable_threshold,315.57315
E01002273,2_below_reliable_threshold,160.14571
E01002274,2_below_reliable_threshold,277.35988
E01002275,0_no_recorded_activity,
E01002276,2_below_reliable_threshold,350.56733
E01002277,3_reliable_core,618.0398299999999
E01002278,3_reliable_core,505.90831
E01002279,3_reliable_core,455.36759
E01002280,0_no_recorded_activity,
E01002281,3_reliable_core,683.19071
E01002282,3_reliable_core,2377.78899
E01002283,2_below_reliable_threshold,155.28653
E01002284,2_below_reliable_threshold,360.90386
E01002285,2_below_reliable_threshold,89.69236000000001
E01002286,0_no_recorded_activity,
E01002287,3_reliable_core,1510.91968
E01002288,2_below_reliable_threshold,259.4551
E01002289,0_no_recorded_activity,
E01002290,0_no_recorded_activity,
E01002291,3_reliable_core,1211.68337
E01002292,2_below_reliable_threshold,192.07033
E01002294,2_below_reliable_threshold,225.29122
E01002295,2_below_reliable_threshold,137.86031
E01002296,2_below_reliable_threshold,177.96801
E01002297,2_below_reliable_threshold,115.88448
E01002298,2_below_reliable_threshold,77.20732
E01002299,3_reliable_core,555.96623
E01002300,3_reliable_core,1346.51868
E01002301,2_below_reliable_threshold,355.52556
E01002302,3_reliable_core,452.90218
E01002303,3_reliable_core,568.93944
E01002304,2_below_reliable_threshold,401.77751
E01002305,2_below_reliable_threshold,183.27193
E01002306,3_reliable_core,560.10958
E01002307,2_below_reliable_threshold,294.23756
E01002308,2_below_reliable_threshold,182.11545
E01002309,2_below_reliable_threshold,15.48047
E01002310,3_reliable_core,1769.13701
E01002311,2_below_reliable_threshold,30.81343
E01002312,2_below_reliable_threshold,97.12769
E01002313,2_below_reliable_threshold,352.11227
E01002314,3_reliable_core,595.82754
E01002315,3_reliable_core,925.19719
E01002316,2_below_reliable_threshold,348.45853
E01002317,2_below_reliable_threshold,84.78601
E01002318,0_no_recorded_activity,
E01002319,3_reliable_core,1267.25522
E01002320,2_below_reliable_threshold,283.03384
E01002321,3_reliable_core,813.85442
E01002322,2_below_reliable_threshold,320.98793
E01002323,2_below_reliable_threshold,36.52692
E01002324,0_no_recorded_activity,
E01002325,3_reliable_core,597.27912
E01002326,3_reliable_core,2163.72396
E01002327,2_below_reliable_threshold,263.57482
E01002328,2_below_reliable_threshold,75.29708
E01002329,3_reliable_core,971.21283
E01002330,0_no_recorded_activity,
E01002331,2_below_reliable_threshold,93.30662
E01002332,2_below_reliable_threshold,153.91979999999998
E01002333,2_below_reliable_threshold,106.58306
E01002334,2_below_reliable_threshold,135.03028
E01002335,2_below_reliable_threshold,340.94707
E01002336,2_below_reliable_threshold,266.10411
E01002337,2_below_reliable_threshold,440.43282
E01002338,3_reliable_core,812.77183
E01002339,2_below_reliable_threshold,45.07525
E01002340,2_below_reliable_threshold,415.05859
E01002341,2_below_reliable_threshold,210.08974
E01002342,2_below_reliable_threshold,400.75738
E01002343,0_no_recorded_activity,
E01002344,3_reliable_core,450.08158
E01002345,3_reliable_core,3708.74805
E01002346,2_below_reliable_threshold,148.45721
E01002347,2_below_reliable_threshold,34.74909
E01002348,2_below_reliable_threshold,200.98238
E01002349,2_below_reliable_threshold,229.49325
E01002350,3_reliable_core,1091.1563999999998
E01002351,0_no_recorded_activity,
E01002352,3_reliable_core,617.22334
E01002353,3_reliable_core,4064.16324
E01002354,2_below_reliable_threshold,54.05463
E01002355,0_no_recorded_activity,
E01002356,3_reliable_core,23564.58723
E01002358,2_below_reliable_threshold,206.70956
E01002359,0_no_recorded_activity,
E01002360,2_below_reliable_threshold,284.82899
E01002361,3_reliable_core,4510.68831
E01002362,2_below_reliable_threshold,350.46151
E01002363,2_below_reliable_threshold,291.07552
E01002364,2_below_reliable_threshold,65.33785
E01002365,2_below_reliable_threshold,404.02752
E01002366,2_below_reliable_threshold,192.71756
E01002367,2_below_reliable_threshold,347.8209
E01002368,3_reliable_core,2816.72133
E01002369,2_below_reliable_threshold,26.5685
E01002370,3_reliable_core,1566.52835
E01002371,3_reliable_core,544.75383
E01002372,3_reliable_core,466.65825
E01002373,2_below_reliable_threshold,256.30514
E01002374,3_reliable_core,755.95774
E01002375,3_reliable_core,511.12721
E01002376,2_below_reliable_threshold,35.45251
E01002377,3_reliable_core,482.50718
E01002378,0_no_recorded_activity,
E01002379,3_reliable_core,1567.89076
E01002380,2_below_reliable_threshold,159.71169
E01002381,0_no_recorded_activity,
E01002382,2_below_reliable_threshold,199.9081
E01002383,2_below_reliable_threshold,68.15307
E01002384,2_below_reliable_threshold,196.72807
E01002385,2_below_reliable_threshold,108.27531
E01002386,3_reliable_core,2971.44447
E01002387,0_no_recorded_activity,
E01002388,2_below_reliable_threshold,105.97854
E01002389,2_below_reliable_threshold,15.8456
E01002390,2_below_reliable_threshold,21.44028
E01002391,2_below_reliable_threshold,15.25561
E01002392,2_below_reliable_threshold,128.71717
E01002393,3_reliable_core,1355.34666
E01002394,0_no_recorded_activity,
E01002395,0_no_recorded_activity,
E01002396,3_reliable_core,11498.6892
E01002397,3_reliable_core,2694.00686
E01002398,0_no_recorded_activity,
E01002399,0_no_recorded_activity,
E01002400,3_reliable_core,951.17162
E01002401,3_reliable_core,2244.04626
E01002402,2_below_reliable_threshold,364.00108
E01002403,3_reliable_core,574.44982
E01002404,3_reliable_core,622.2931600000001
E01002405,3_reliable_core,1008.09594
E01002408,2_below_reliable_threshold,244.92329
E01002409,3_reliable_core,527.0817499999999
E01002410,3_reliable_core,2309.68549
E01002411,2_below_reliable_threshold,344.94779
E01002412,3_reliable_core,3096.29514
E01002413,2_below_reliable_threshold,272.44256
E01002414,3_reliable_core,2056.16074
E01002415,0_no_recorded_activity,
E01002416,0_no_recorded_activity,
E01002417,3_reliable_core,628.52918
E01002418,0_no_recorded_activity,
E01002419,2_below_reliable_threshold,71.78072999999999
E01002420,2_below_reliable_threshold,41.79704
E01002421,2_below_reliable_threshold,222.43623
E01002422,2_below_reliable_threshold,186.62255
E01002423,2_below_reliable_threshold,407.34327
E01002424,3_reliable_core,1813.87399
E01002425,2_below_reliable_threshold,301.66858
E01002426,3_reliable_core,1309.12316
E01002427,3_reliable_core,646.99279
E01002428,2_below_reliable_threshold,139.54777
E01002429,2_below_reliable_threshold,344.59875
E01002430,2_below_reliable_threshold,20.20058
E01002431,2_below_reliable_threshold,36.60975
E01002432,3_reliable_core,822.7198500000001
E01002433,2_below_reliable_threshold,240.56261
E01002434,2_below_reliable_threshold,47.44491
E01002435,2_below_reliable_threshold,14.49688
E01002436,2_below_reliable_threshold,229.55183
E01002437,2_below_reliable_threshold,259.65012
E01002438,2_below_reliable_threshold,23.69822
E01002439,3_reliable_core,677.73291
E01002440,2_below_reliable_threshold,96.78033
E01002441,2_below_reliable_threshold,298.52562
E01002442,2_below_reliable_threshold,77.97229
E01002443,3_reliable_core,16711.12367
E01002444,3_reliable_core,43480.13301
E01002445,3_reliable_core,554.69102
E01002446,3_reliable_core,2526.02669
E01002447,3_reliable_core,7040.28243
E01002448,3_reliable_core,2393.68516
E01002449,3_reliable_core,4752.92936
E01002450,1_matched_stop_no_activity,
E01002451,2_below_reliable_threshold,144.49807
E01002452,2_below_reliable_threshold,252.7948
E01002453,2_below_reliable_threshold,119.29297
E01002454,1_matched_stop_no_activity,
E01002455,2_below_reliable_threshold,403.90537
E01002456,3_reliable_core,594.9165399999999
E01002457,3_reliable_core,1355.28415
E01002458,2_below_reliable_threshold,139.03341999999998
E01002459,0_no_recorded_activity,
E01002460,2_below_reliable_threshold,278.03625
E01002461,2_below_reliable_threshold,124.10185
E01002462,2_below_reliable_threshold,35.29367
E01002463,2_below_reliable_threshold,35.65999
E01002464,2_below_reliable_threshold,4.10009
E01002465,2_below_reliable_threshold,144.83643
E01002466,0_no_recorded_activity,
E01002467,2_below_reliable_threshold,21.81365
E01002468,2_below_reliable_threshold,186.04604
E01002469,0_no_recorded_activity,
E01002470,3_reliable_core,892.11948
E01002471,2_below_reliable_threshold,10.70797
E01002472,2_below_reliable_threshold,341.5438
E01002473,2_below_reliable_threshold,84.44272
E01002474,2_below_reliable_threshold,377.15653
E01002475,3_reliable_core,729.98831
E01002476,0_no_recorded_activity,
E01002477,1_matched_stop_no_activity,
E01002478,3_reliable_core,1050.0695
E01002479,2_below_reliable_threshold,139.97271
E01002480,0_no_recorded_activity,
E01002481,2_below_reliable_threshold,257.96635000000003
E01002482,2_below_reliable_threshold,98.18145
E01002483,2_below_reliable_threshold,176.28608
E01002484,2_below_reliable_threshold,11.930609999999998
E01002485,3_reliable_core,1297.88925
E01002486,3_reliable_core,1061.37398
E01002487,2_below_reliable_threshold,265.12487
E01002488,3_reliable_core,516.10023
E01002489,3_reliable_core,5805.25689
E01002490,3_reliable_core,1633.59747
E01002491,1_matched_stop_no_activity,
E01002492,2_below_reliable_threshold,436.43219
E01002493,0_no_recorded_activity,
E01002494,0_no_recorded_activity,
E01002495,2_below_reliable_threshold,365.40181
E01002496,3_reliable_core,1394.63768
E01002497,3_reliable_core,1658.48197
E01002498,0_no_recorded_activity,
E01002499,2_below_reliable_threshold,305.63755
E01002501,3_reliable_core,499.14344
E01002502,0_no_recorded_activity,
E01002503,3_reliable_core,2240.8984
E01002505,3_reliable_core,3410.19679
E01002506,3_reliable_core,15217.65384
E01002507,0_no_recorded_activity,
E01002508,3_reliable_core,8210.34496
E01002509,2_below_reliable_threshold,174.9443
E01002511,2_below_reliable_threshold,391.18654
E01002512,2_below_reliable_threshold,186.0553
E01002513,3_reliable_core,1332.02106
E01002514,3_reliable_core,10024.01671
E01002516,2_below_reliable_threshold,296.8881
E01002518,2_below_reliable_threshold,83.64001
E01002519,3_reliable_core,701.06053
E01002520,1_matched_stop_no_activity,
E01002521,3_reliable_core,1996.37966
E01002523,2_below_reliable_threshold,176.50642
E01002525,3_reliable_core,457.05382
E01002526,3_reliable_core,2005.2912
E01002527,2_below_reliable_threshold,201.9294
E01002528,0_no_recorded_activity,
E01002529,3_reliable_core,2441.92601
E01002530,3_reliable_core,810.95285
E01002531,0_no_recorded_activity,
E01002533,2_below_reliable_threshold,69.8851
E01002534,2_below_reliable_threshold,53.36
E01002535,3_reliable_core,3236.35549
E01002536,2_below_reliable_threshold,69.0598
E01002537,3_reliable_core,620.88411
E01002538,2_below_reliable_threshold,223.07427
E01002539,2_below_reliable_threshold,163.50318
E01002540,2_below_reliable_threshold,206.53928
E01002541,2_below_reliable_threshold,410.2431
E01002542,3_reliable_core,1670.67354
E01002543,2_below_reliable_threshold,127.83954
E01002544,2_below_reliable_threshold,391.37127
E01002545,0_no_recorded_activity,
E01002546,2_below_reliable_threshold,264.80359
E01002547,3_reliable_core,668.29016
E01002548,2_below_reliable_threshold,378.55273
E01002549,3_reliable_core,782.50632
E01002550,0_no_recorded_activity,
E01002551,2_below_reliable_threshold,150.10163
E01002552,2_below_reliable_threshold,260.84588
E01002553,3_reliable_core,713.28371
E01002555,3_reliable_core,739.93987
E01002556,2_below_reliable_threshold,54.24433
E01002557,3_reliable_core,1668.79273
E01002558,3_reliable_core,1842.46928
E01002559,3_reliable_core,607.51471
E01002560,2_below_reliable_threshold,265.01734
E01002561,0_no_recorded_activity,
E01002562,2_below_reliable_threshold,363.75705
E01002563,3_reliable_core,1662.70159
E01002564,3_reliable_core,802.68706
E01002565,3_reliable_core,2974.31588
E01002567,0_no_recorded_activity,
E01002569,3_reliable_core,532.20068
E01002570,3_reliable_core,1536.62361
E01002571,2_below_reliable_threshold,255.61241
E01002572,3_reliable_core,582.50377
E01002573,3_reliable_core,2302.46738
E01002574,3_reliable_core,478.13727
E01002575,3_reliable_core,1050.52678
E01002576,3_reliable_core,602.05713
E01002577,2_below_reliable_threshold,105.47428
E01002578,3_reliable_core,884.0122
E01002579,2_below_reliable_threshold,159.45041
E01002580,0_no_recorded_activity,
E01002581,3_reliable_core,559.50296
E01002582,0_no_recorded_activity,
E01002583,3_reliable_core,4593.47801
E01002584,3_reliable_core,3646.86816
E01002585,3_reliable_core,1437.26465
E01002586,0_no_recorded_activity,
E01002587,3_reliable_core,1406.84381
E01002588,3_reliable_core,901.1887
E01002589,3_reliable_core,932.81859
E01002590,2_below_reliable_threshold,315.34301
E01002591,2_below_reliable_threshold,224.44158
E01002592,3_reliable_core,3561.32963
E01002593,3_reliable_core,8593.50278
E01002594,2_below_reliable_threshold,269.53667
E01002595,2_below_reliable_threshold,448.31518
E01002596,3_reliable_core,475.61701
E01002598,2_below_reliable_threshold,353.60599
E01002599,1_matched_stop_no_activity,
E01002600,0_no_recorded_activity,
E01002601,2_below_reliable_threshold,244.39327
E01002602,2_below_reliable_threshold,55.27549
E01002603,2_below_reliable_threshold,217.47975
E01002604,2_below_reliable_threshold,211.87719
E01002605,3_reliable_core,1327.86422
E01002606,3_reliable_core,868.24393
E01002607,3_reliable_core,2038.25383
E01002608,3_reliable_core,2036.37157
E01002609,2_below_reliable_threshold,343.7892
E01002610,2_below_reliable_threshold,171.9239
E01002611,3_reliable_core,579.79926
E01002612,3_reliable_core,8794.26456
E01002613,3_reliable_core,536.21233
E01002614,3_reliable_core,2224.63281
E01002615,3_reliable_core,986.07149
E01002616,3_reliable_core,943.69726
E01002617,2_below_reliable_threshold,88.48539
E01002618,2_below_reliable_threshold,403.74493
E01002619,3_reliable_core,1509.552
E01002620,3_reliable_core,1895.43667
E01002621,2_below_reliable_threshold,205.22433
E01002622,3_reliable_core,1252.82277
E01002623,3_reliable_core,1071.08793
E01002624,3_reliable_core,7704.56356
E01002625,0_no_recorded_activity,
E01002626,3_reliable_core,485.41164
E01002627,0_no_recorded_activity,
E01002628,3_reliable_core,2920.43712
E01002629,3_reliable_core,2905.11462
E01002630,2_below_reliable_threshold,187.85372
E01002631,3_reliable_core,911.53373
E01002632,2_below_reliable_threshold,384.72845
E01002633,3_reliable_core,1913.50991
E01002634,3_reliable_core,1178.36582
E01002635,3_reliable_core,698.5814799999999
E01002636,3_reliable_core,577.45829
E01002637,3_reliable_core,3378.62555
E01002638,3_reliable_core,687.96089
E01002639,2_below_reliable_threshold,9.85513
E01002640,3_reliable_core,694.58062
E01002641,0_no_recorded_activity,
E01002643,3_reliable_core,794.31354
E01002645,0_no_recorded_activity,
E01002646,3_reliable_core,880.64284
E01002647,3_reliable_core,1258.84344
E01002649,3_reliable_core,1308.66836
E01002650,3_reliable_core,1472.26241
E01002651,2_below_reliable_threshold,373.30925
E01002652,3_reliable_core,1404.2861
E01002653,2_below_reliable_threshold,215.8258
E01002654,3_reliable_core,450.17793
E01002655,2_below_reliable_threshold,159.45167999999998
E01002656,0_no_recorded_activity,
E01002657,3_reliable_core,557.36306
E01002658,0_no_recorded_activity,
E01002659,2_below_reliable_threshold,314.53587
E01002660,1_matched_stop_no_activity,
E01002661,3_reliable_core,5529.49837
E01002662,3_reliable_core,5784.17301
E01002663,3_reliable_core,1253.39503
E01002665,3_reliable_core,1346.79891
E01002666,3_reliable_core,720.62168
E01002667,3_reliable_core,717.97334
E01002668,3_reliable_core,1359.28036
E01002669,2_below_reliable_threshold,84.38457
E01002670,3_reliable_core,998.29963
E01002671,2_below_reliable_threshold,217.76062
E01002672,3_reliable_core,730.65412
E01002673,0_no_recorded_activity,
E01002674,2_below_reliable_threshold,322.76084
E01002675,2_below_reliable_threshold,35.51418
E01002676,2_below_reliable_threshold,227.9859
E01002677,3_reliable_core,3683.71405
E01002678,2_below_reliable_threshold,398.28693
E01002679,3_reliable_core,962.45438
E01002680,2_below_reliable_threshold,311.88786
E01002681,3_reliable_core,2899.18506
E01002682,3_reliable_core,1911.38762
E01002686,3_reliable_core,1153.89173
E01002687,2_below_reliable_threshold,6.881139999999999
E01002689,0_no_recorded_activity,
E01002690,2_below_reliable_threshold,118.96989
E01002691,2_below_reliable_threshold,83.64039
E01002692,3_reliable_core,3982.83128
E01002693,3_reliable_core,4179.90879
E01002694,2_below_reliable_threshold,130.62861
E01002695,3_reliable_core,1156.24989
E01002696,3_reliable_core,1831.46311
E01002697,3_reliable_core,1528.96153
E01002698,2_below_reliable_threshold,206.8519
E01002699,0_no_recorded_activity,
E01002700,2_below_reliable_threshold,111.18902
E01002701,3_reliable_core,2702.84333
E01002702,3_reliable_core,1036.31138
E01002703,2_below_reliable_threshold,82.10410999999999
E01002704,3_reliable_core,11556.99986
E01002706,3_reliable_core,1074.66315
E01002707,3_reliable_core,2768.20209
E01002708,2_below_reliable_threshold,262.01241
E01002709,2_below_reliable_threshold,106.26963
E01002710,3_reliable_core,2820.85401
E01002711,3_reliable_core,2085.96089
E01002712,3_reliable_core,1813.52348
E01002713,3_reliable_core,1630.40828
E01002714,3_reliable_core,1723.40618
E01002715,0_no_recorded_activity,
E01002716,3_reliable_core,3257.67773
E01002717,2_below_reliable_threshold,87.61816
E01002718,3_reliable_core,666.93217
E01002719,3_reliable_core,783.89221
E01002720,3_reliable_core,1765.42442
E01002721,3_reliable_core,688.79935
E01002722,0_no_recorded_activity,
E01002723,2_below_reliable_threshold,243.41308
E01002724,3_reliable_core,5766.78535
E01002725,1_matched_stop_no_activity,
E01002726,3_reliable_core,5163.03043
E01002727,3_reliable_core,4340.98041
E01002728,3_reliable_core,1663.11002
E01002729,1_matched_stop_no_activity,
E01002730,3_reliable_core,2686.44318
E01002732,3_reliable_core,1363.15819
E01002733,0_no_recorded_activity,
E01002734,3_reliable_core,22780.32382
E01002735,3_reliable_core,7643.06084
E01002736,0_no_recorded_activity,
E01002737,2_below_reliable_threshold,336.9975
E01002738,3_reliable_core,1717.63298
E01002739,0_no_recorded_activity,
E01002740,0_no_recorded_activity,
E01002741,3_reliable_core,1095.70594
E01002742,3_reliable_core,482.62481
E01002743,2_below_reliable_threshold,209.00546
E01002744,3_reliable_core,453.75594
E01002745,3_reliable_core,659.05678
E01002747,3_reliable_core,779.82616
E01002748,3_reliable_core,786.1014700000001
E01002749,3_reliable_core,1140.05486
E01002751,3_reliable_core,844.88059
E01002752,2_below_reliable_threshold,327.35
E01002753,0_no_recorded_activity,
E01002754,2_below_reliable_threshold,32.918949999999995
E01002755,0_no_recorded_activity,
E01002756,2_below_reliable_threshold,313.58885
E01002757,0_no_recorded_activity,
E01002758,3_reliable_core,2713.616
E01002759,2_below_reliable_threshold,199.72565
E01002760,0_no_recorded_activity,
E01002762,3_reliable_core,1301.08358
E01002763,3_reliable_core,4023.00847
E01002764,3_reliable_core,1565.65854
E01002765,3_reliable_core,3360.83625
E01002766,3_reliable_core,658.00517
E01002767,3_reliable_core,1185.10031
E01002768,3_reliable_core,1400.26252
E01002769,0_no_recorded_activity,
E01002770,3_reliable_core,17866.31697
E01002771,3_reliable_core,1071.66415
E01002772,3_reliable_core,1548.50308
E01002773,2_below_reliable_threshold,157.93549
E01002774,3_reliable_core,2848.68153
E01002775,2_below_reliable_threshold,342.07891
E01002776,3_reliable_core,2382.16451
E01002777,0_no_recorded_activity,
E01002778,2_below_reliable_threshold,231.15056
E01002779,3_reliable_core,3784.95722
E01002780,3_reliable_core,823.76616
E01002781,2_below_reliable_threshold,310.5744
E01002782,3_reliable_core,2373.27243
E01002783,3_reliable_core,1738.39774
E01002784,2_below_reliable_threshold,118.14219
E01002785,3_reliable_core,880.28999
E01002786,3_reliable_core,4792.88974
E01002787,3_reliable_core,1715.83344
E01002788,2_below_reliable_threshold,322.92887
E01002789,2_below_reliable_threshold,348.41544
E01002790,3_reliable_core,2494.71055
E01002791,3_reliable_core,4198.58079
E01002792,3_reliable_core,1286.72618
E01002793,3_reliable_core,3050.67249
E01002794,3_reliable_core,19684.59625
E01002795,3_reliable_core,8538.39174
E01002796,2_below_reliable_threshold,51.42188
E01002797,3_reliable_core,1786.42961
E01002798,3_reliable_core,982.96687
E01002799,3_reliable_core,996.50279
E01002800,0_no_recorded_activity,
E01002801,3_reliable_core,2950.18866
E01002802,0_no_recorded_activity,
E01002804,2_below_reliable_threshold,441.9441
E01002805,3_reliable_core,2102.3054
E01002806,0_no_recorded_activity,
E01002807,3_reliable_core,1461.43959
E01002808,2_below_reliable_threshold,188.89191
E01002809,0_no_recorded_activity,
E01002810,3_reliable_core,604.6197
E01002811,3_reliable_core,880.00113
E01002812,0_no_recorded_activity,
E01002813,0_no_recorded_activity,
E01002814,3_reliable_core,2613.58026
E01002815,3_reliable_core,543.20069
E01002816,1_matched_stop_no_activity,
E01002817,3_reliable_core,2449.21738
E01002818,3_reliable_core,2888.20021
E01002819,3_reliable_core,2551.3825
E01002821,3_reliable_core,9233.60873
E01002823,2_below_reliable_threshold,1.6922499999999996
E01002824,0_no_recorded_activity,
E01002825,3_reliable_core,1576.4254
E01002826,3_reliable_core,8811.46271
E01002827,3_reliable_core,5246.56477
E01002828,3_reliable_core,1749.49285
E01002829,2_below_reliable_threshold,185.91655
E01002830,3_reliable_core,505.42611
E01002831,3_reliable_core,1608.26454
E01002832,2_below_reliable_threshold,266.7859
E01002833,3_reliable_core,1699.94133
E01002834,0_no_recorded_activity,
E01002835,3_reliable_core,1828.78309
E01002836,2_below_reliable_threshold,69.08044
E01002837,2_below_reliable_threshold,153.67078999999998
E01002839,2_below_reliable_threshold,303.35876
E01002840,3_reliable_core,1776.8843
E01002841,0_no_recorded_activity,
E01002842,0_no_recorded_activity,
E01002843,2_below_reliable_threshold,110.69834
E01002844,3_reliable_core,1452.14376
E01002845,3_reliable_core,2223.29725
E01002846,3_reliable_core,1156.90304
E01002847,3_reliable_core,804.2782
E01002848,0_no_recorded_activity,
E01002849,3_reliable_core,2871.67804
E01002850,2_below_reliable_threshold,235.99448
E01002851,3_reliable_core,484.03843
E01002852,3_reliable_core,6208.18196
E01002853,0_no_recorded_activity,
E01002854,3_reliable_core,544.472
E01002855,0_no_recorded_activity,
E01002856,3_reliable_core,776.03385
E01002857,0_no_recorded_activity,
E01002858,2_below_reliable_threshold,151.49484
E01002859,3_reliable_core,3522.10273
E01002860,2_below_reliable_threshold,75.52928
E01002861,3_reliable_core,547.3841199999999
E01002862,2_below_reliable_threshold,59.28729
E01002863,2_below_reliable_threshold,198.61556
E01002864,3_reliable_core,513.58626
E01002865,3_reliable_core,1087.49698
E01002866,2_below_reliable_threshold,413.70413
E01002867,3_reliable_core,1080.86646
E01002868,3_reliable_core,658.37621
E01002869,3_reliable_core,1191.61798
E01002870,3_reliable_core,830.07649
E01002871,3_reliable_core,623.52977
E01002872,0_no_recorded_activity,
E01002873,3_reliable_core,599.30018
E01002874,3_reliable_core,498.62025
E01002875,2_below_reliable_threshold,11.27229
E01002876,0_no_recorded_activity,
E01002877,3_reliable_core,857.21066
E01002878,3_reliable_core,4213.73473
E01002879,0_no_recorded_activity,
E01002880,2_below_reliable_threshold,313.36758
E01002881,0_no_recorded_activity,
E01002882,2_below_reliable_threshold,187.17032
E01002883,3_reliable_core,1114.36671
E01002884,3_reliable_core,6390.72939
E01002885,3_reliable_core,581.99045
E01002886,3_reliable_core,2017.85518
E01002887,3_reliable_core,515.43356
E01002888,2_below_reliable_threshold,235.971
E01002889,3_reliable_core,1786.26024
E01002890,0_no_recorded_activity,
E01002891,2_below_reliable_threshold,237.21052
E01002892,2_below_reliable_threshold,245.72792
E01002893,2_below_reliable_threshold,58.20162
E01002894,3_reliable_core,1621.19057
E01002896,3_reliable_core,856.31933
E01002897,3_reliable_core,1184.91978
E01002898,2_below_reliable_threshold,205.71286
E01002899,3_reliable_core,1211.03793
E01002900,2_below_reliable_threshold,201.87564
E01002901,3_reliable_core,1855.41822
E01002902,3_reliable_core,7939.36681
E01002903,3_reliable_core,1041.2894
E01002904,0_no_recorded_activity,
E01002905,3_reliable_core,964.58021
E01002906,3_reliable_core,1313.75825
E01002907,0_no_recorded_activity,
E01002908,3_reliable_core,580.00293
E01002909,3_reliable_core,545.14836
E01002910,3_reliable_core,1457.24183
E01002911,3_reliable_core,3695.59689
E01002912,3_reliable_core,1768.25323
E01002913,3_reliable_core,2715.69274
E01002914,3_reliable_core,2729.82602
E01002915,2_below_reliable_threshold,187.64009
E01002916,3_reliable_core,1540.57842
E01002917,0_no_recorded_activity,
E01002918,2_below_reliable_threshold,90.57943
E01002919,3_reliable_core,3222.95185
E01002920,2_below_reliable_threshold,268.59141
E01002921,3_reliable_core,784.15428
E01002922,2_below_reliable_threshold,255.96437
E01002923,2_below_reliable_threshold,338.33522
E01002924,0_no_recorded_activity,
E01002925,2_below_reliable_threshold,225.58012
E01002926,2_below_reliable_threshold,423.98989
E01002927,1_matched_stop_no_activity,
E01002928,3_reliable_core,631.65996
E01002929,2_below_reliable_threshold,189.95943
E01002930,3_reliable_core,1981.78954
E01002931,3_reliable_core,1170.18518
E01002932,3_reliable_core,570.44057
E01002933,2_below_reliable_threshold,4.660769999999999
E01002934,0_no_recorded_activity,
E01002935,3_reliable_core,1301.32695
E01002937,0_no_recorded_activity,
E01002938,2_below_reliable_threshold,286.90572
E01002939,2_below_reliable_threshold,71.75704999999999
E01002940,3_reliable_core,722.01504
E01002941,3_reliable_core,1173.33848
E01002942,2_below_reliable_threshold,43.74488
E01002943,2_below_reliable_threshold,32.30601
E01002944,2_below_reliable_threshold,154.20531
E01002945,2_below_reliable_threshold,342.81204
E01002946,2_below_reliable_threshold,413.74875
E01002947,2_below_reliable_threshold,203.33309
E01002948,3_reliable_core,633.11649
E01002949,2_below_reliable_threshold,353.42177
E01002950,2_below_reliable_threshold,203.65455
E01002951,2_below_reliable_threshold,290.68576
E01002952,2_below_reliable_threshold,389.27528
E01002953,2_below_reliable_threshold,405.01987
E01002954,3_reliable_core,3648.63375
E01002955,3_reliable_core,804.69034
E01002956,3_reliable_core,797.71879
E01002957,3_reliable_core,538.0702
E01002958,0_no_recorded_activity,
E01002959,2_below_reliable_threshold,171.48252
E01002960,3_reliable_core,500.63783
E01002961,2_below_reliable_threshold,383.11261
E01002962,0_no_recorded_activity,
E01002963,2_below_reliable_threshold,101.63102
E01002964,3_reliable_core,3903.91212
E01002965,3_reliable_core,1872.84261
E01002966,2_below_reliable_threshold,355.35451
E01002967,3_reliable_core,492.66337
E01002968,3_reliable_core,26328.92659
E01002969,2_below_reliable_threshold,398.75728
E01002970,2_below_reliable_threshold,369.92409
E01002971,3_reliable_core,563.61999
E01002972,3_reliable_core,1635.07027
E01002973,3_reliable_core,1102.45786
E01002974,3_reliable_core,850.57086
E01002975,3_reliable_core,655.10632
E01002976,0_no_recorded_activity,
E01002977,2_below_reliable_threshold,146.6666
E01002978,3_reliable_core,2029.51931
E01002979,1_matched_stop_no_activity,
E01002980,0_no_recorded_activity,
E01002981,2_below_reliable_threshold,126.97144
E01002982,3_reliable_core,707.5978
E01002983,2_below_reliable_threshold,123.95522
E01002984,3_reliable_core,5030.55597
E01002985,3_reliable_core,1745.98777
E01002986,2_below_reliable_threshold,8.52107
E01002987,3_reliable_core,7326.63688
E01002988,2_below_reliable_threshold,225.19674
E01002989,0_no_recorded_activity,
E01002990,3_reliable_core,746.22358
E01002991,2_below_reliable_threshold,74.75358
E01002992,0_no_recorded_activity,
E01002993,3_reliable_core,820.42907
E01002994,3_reliable_core,605.66909
E01002995,3_reliable_core,672.13657
E01002996,3_reliable_core,1363.26691
E01002997,2_below_reliable_threshold,350.45802
E01002998,2_below_reliable_threshold,240.64876
E01002999,2_below_reliable_threshold,379.17882
E01003000,2_below_reliable_threshold,400.0523
E01003001,2_below_reliable_threshold,351.93221
E01003002,3_reliable_core,1150.4568
E01003003,0_no_recorded_activity,
E01003004,0_no_recorded_activity,
E01003005,2_below_reliable_threshold,263.02855
E01003006,3_reliable_core,1368.76393
E01003007,2_below_reliable_threshold,105.05556
E01003008,2_below_reliable_threshold,276.73284
E01003009,2_below_reliable_threshold,334.58791
E01003010,3_reliable_core,678.96795
E01003011,2_below_reliable_threshold,196.55627
E01003013,3_reliable_core,14853.96661
E01003014,3_reliable_core,3972.63748
E01003015,3_reliable_core,616.84744
E01003016,3_reliable_core,581.77022
E01003017,0_no_recorded_activity,
E01003018,3_reliable_core,2046.23914
E01003019,3_reliable_core,979.99477
E01003020,3_reliable_core,6405.36309
E01003021,0_no_recorded_activity,
E01003022,0_no_recorded_activity,
E01003023,3_reliable_core,1875.57224
E01003024,3_reliable_core,6164.65343
E01003025,3_reliable_core,2473.08264
E01003026,3_reliable_core,1030.57686
E01003027,0_no_recorded_activity,
E01003028,0_no_recorded_activity,
E01003029,3_reliable_core,897.21354
E01003030,3_reliable_core,568.91661
E01003031,2_below_reliable_threshold,241.97366
E01003032,3_reliable_core,13725.40871
E01003033,0_no_recorded_activity,
E01003034,3_reliable_core,1276.00684
E01003035,3_reliable_core,923.30197
E01003036,0_no_recorded_activity,
E01003037,3_reliable_core,4103.94098
E01003038,0_no_recorded_activity,
E01003039,3_reliable_core,4222.63383
E01003040,3_reliable_core,563.22986
E01003041,3_reliable_core,1534.7385
E01003042,3_reliable_core,1092.88976
E01003043,2_below_reliable_threshold,82.06331
E01003044,2_below_reliable_threshold,187.9938
E01003045,3_reliable_core,1944.19187
E01003046,2_below_reliable_threshold,241.37413
E01003047,3_reliable_core,41925.2266
E01003048,2_below_reliable_threshold,207.54054
E01003049,0_no_recorded_activity,
E01003050,3_reliable_core,1054.3949
E01003051,3_reliable_core,2811.79137
E01003052,2_below_reliable_threshold,191.99636
E01003053,2_below_reliable_threshold,352.49004
E01003054,0_no_recorded_activity,
E01003055,3_reliable_core,21075.94916
E01003056,0_no_recorded_activity,
E01003057,3_reliable_core,2345.79661
E01003058,3_reliable_core,818.7625400000001
E01003059,3_reliable_core,1121.25819
E01003060,3_reliable_core,1396.68733
E01003061,3_reliable_core,5832.10247
E01003062,2_below_reliable_threshold,249.21431
E01003063,0_no_recorded_activity,
E01003064,2_below_reliable_threshold,207.80293
E01003065,0_no_recorded_activity,
E01003066,2_below_reliable_threshold,254.93808
E01003067,3_reliable_core,468.26574
E01003068,2_below_reliable_threshold,326.95927
E01003069,3_reliable_core,1145.85001
E01003070,0_no_recorded_activity,
E01003071,3_reliable_core,724.14591
E01003072,3_reliable_core,754.12057
E01003073,0_no_recorded_activity,
E01003074,3_reliable_core,7359.32381
E01003075,0_no_recorded_activity,
E01003076,3_reliable_core,9022.64035
E01003077,3_reliable_core,1979.80519
E01003078,3_reliable_core,477.02271
E01003079,3_reliable_core,1281.0038
E01003080,2_below_reliable_threshold,15.912239999999995
E01003081,3_reliable_core,5989.96508
E01003082,3_reliable_core,521.04767
E01003083,3_reliable_core,708.17679
E01003084,0_no_recorded_activity,
E01003085,2_below_reliable_threshold,308.9567
E01003086,2_below_reliable_threshold,201.47966
E01003087,3_reliable_core,2500.34299
E01003088,0_no_recorded_activity,
E01003089,3_reliable_core,4063.1861
E01003090,3_reliable_core,2998.48109
E01003091,2_below_reliable_threshold,384.28985
E01003092,0_no_recorded_activity,
E01003093,3_reliable_core,1333.2245
E01003094,0_no_recorded_activity,
E01003095,0_no_recorded_activity,
E01003096,3_reliable_core,817.54901
E01003097,0_no_recorded_activity,316.82204
E01003098,0_no_recorded_activity,
E01003099,3_reliable_core,9116.44484
E01003100,3_reliable_core,2509.61452
E01003101,3_reliable_core,2480.23934
E01003102,3_reliable_core,1830.85716
E01003104,3_reliable_core,832.18963
E01003105,2_below_reliable_threshold,108.8952
E01003106,3_reliable_core,2646.49331
E01003107,2_below_reliable_threshold,232.29226
E01003108,2_below_reliable_threshold,386.70906
E01003110,3_reliable_core,1336.7677
E01003111,0_no_recorded_activity,
E01003112,2_below_reliable_threshold,353.49757
E01003113,0_no_recorded_activity,
E01003114,3_reliable_core,8575.74628
E01003115,3_reliable_core,939.33094
E01003116,0_no_recorded_activity,
E01003117,3_reliable_core,8274.88496
E01003118,3_reliable_core,3528.58472
E01003119,3_reliable_core,3387.39452
E01003120,3_reliable_core,12639.96742
E01003121,3_reliable_core,1131.08553
E01003122,3_reliable_core,903.18725
E01003123,0_no_recorded_activity,
E01003124,3_reliable_core,872.2849
E01003125,3_reliable_core,714.68006
E01003126,3_reliable_core,1919.85664
E01003127,3_reliable_core,2221.65217
E01003128,3_reliable_core,4170.07974
E01003129,0_no_recorded_activity,
E01003130,2_below_reliable_threshold,39.46257
E01003131,3_reliable_core,8105.02101
E01003132,2_below_reliable_threshold,15.92955
E01003133,2_below_reliable_threshold,42.21518
E01003134,2_below_reliable_threshold,136.27259
E01003135,0_no_recorded_activity,
E01003136,0_no_recorded_activity,
E01003137,3_reliable_core,11925.26368
E01003138,2_below_reliable_threshold,78.25636
E01003139,3_reliable_core,1246.14936
E01003140,0_no_recorded_activity,
E01003141,3_reliable_core,1499.3301
E01003142,0_no_recorded_activity,
E01003143,0_no_recorded_activity,
E01003144,3_reliable_core,1324.65284
E01003145,3_reliable_core,1597.69909
E01003146,3_reliable_core,1265.555
E01003147,3_reliable_core,1067.98409
E01003148,2_below_reliable_threshold,51.68249
E01003149,2_below_reliable_threshold,426.04182
E01003150,3_reliable_core,6467.17057
E01003151,2_below_reliable_threshold,369.02388
E01003152,2_below_reliable_threshold,257.42656
E01003153,3_reliable_core,5075.25882
E01003154,2_below_reliable_threshold,104.4702
E01003155,0_no_recorded_activity,
E01003156,2_below_reliable_threshold,235.65527
E01003157,0_no_recorded_activity,
E01003158,2_below_reliable_threshold,51.80058
E01003159,3_reliable_core,1589.39795
E01003160,3_reliable_core,528.62932
E01003161,2_below_reliable_threshold,92.98663
E01003162,3_reliable_core,3705.72456
E01003163,2_below_reliable_threshold,235.02923
E01003164,3_reliable_core,5987.78261
E01003165,2_below_reliable_threshold,305.37158
E01003166,3_reliable_core,5275.36052
E01003167,2_below_reliable_threshold,9.30554
E01003168,0_no_recorded_activity,
E01003169,3_reliable_core,2947.18159
E01003170,2_below_reliable_threshold,121.27276
E01003171,0_no_recorded_activity,
E01003172,3_reliable_core,1916.96391
E01003173,0_no_recorded_activity,
E01003174,3_reliable_core,516.54798
E01003175,2_below_reliable_threshold,105.00229
E01003176,3_reliable_core,4904.09495
E01003177,2_below_reliable_threshold,376.00345
E01003178,3_reliable_core,1698.01436
E01003179,3_reliable_core,1218.78689
E01003180,3_reliable_core,571.15407
E01003181,3_reliable_core,865.351
E01003182,2_below_reliable_threshold,87.71197
E01003183,3_reliable_core,4329.10099
E01003184,3_reliable_core,1046.94069
E01003185,3_reliable_core,541.72754
E01003186,3_reliable_core,2491.74776
E01003187,2_below_reliable_threshold,63.97869
E01003188,0_no_recorded_activity,
E01003189,2_below_reliable_threshold,26.01711
E01003190,3_reliable_core,2237.87801
E01003191,2_below_reliable_threshold,281.11599
E01003192,3_reliable_core,519.04581
E01003193,3_reliable_core,1464.49996
E01003194,3_reliable_core,666.46542
E01003195,2_below_reliable_threshold,233.54709
E01003196,2_below_reliable_threshold,82.10828
E01003197,0_no_recorded_activity,
E01003198,2_below_reliable_threshold,226.58746
E01003199,3_reliable_core,2601.40055
E01003200,3_reliable_core,1700.0901
E01003201,2_below_reliable_threshold,186.93837
E01003202,3_reliable_core,2038.44426
E01003203,3_reliable_core,1134.5948
E01003204,1_matched_stop_no_activity,
E01003205,2_below_reliable_threshold,139.11573
E01003206,0_no_recorded_activity,
E01003207,3_reliable_core,3381.66285
E01003209,3_reliable_core,736.16156
E01003210,3_reliable_core,2139.93857
E01003211,3_reliable_core,1017.59
E01003212,3_reliable_core,491.68143
E01003213,2_below_reliable_threshold,113.63074
E01003214,3_reliable_core,2041.47396
E01003215,3_reliable_core,2895.54822
E01003216,0_no_recorded_activity,
E01003217,2_below_reliable_threshold,435.61771
E01003218,2_below_reliable_threshold,90.3909
E01003219,2_below_reliable_threshold,71.50497
E01003220,3_reliable_core,837.93102
E01003221,3_reliable_core,2232.68483
E01003222,2_below_reliable_threshold,239.97197
E01003223,3_reliable_core,2217.98227
E01003224,3_reliable_core,1168.15414
E01003225,2_below_reliable_threshold,53.74453
E01003226,3_reliable_core,1755.34842
E01003227,3_reliable_core,567.64424
E01003228,2_below_reliable_threshold,108.98425
E01003229,3_reliable_core,1758.32279
E01003230,3_reliable_core,870.64355
E01003231,3_reliable_core,1668.80411
E01003232,3_reliable_core,783.43834
E01003233,2_below_reliable_threshold,225.08042
E01003235,2_below_reliable_threshold,212.16445
E01003236,3_reliable_core,2691.57863
E01003237,3_reliable_core,1234.29672
E01003238,3_reliable_core,642.38241
E01003239,2_below_reliable_threshold,260.38875
E01003240,3_reliable_core,1839.39818
E01003241,3_reliable_core,1105.96116
E01003243,3_reliable_core,2135.10994
E01003244,3_reliable_core,520.50514
E01003245,2_below_reliable_threshold,121.84899
E01003246,2_below_reliable_threshold,31.14855
E01003247,3_reliable_core,614.65206
E01003248,3_reliable_core,2853.96375
E01003249,3_reliable_core,494.48796
E01003251,3_reliable_core,1762.72866
E01003252,0_no_recorded_activity,
E01003253,3_reliable_core,2384.90636
E01003254,3_reliable_core,855.53641
E01003255,3_reliable_core,5555.37193
E01003256,3_reliable_core,974.66049
E01003257,3_reliable_core,586.7046799999999
E01003258,2_below_reliable_threshold,406.73825
E01003259,3_reliable_core,1282.33406
E01003260,2_below_reliable_threshold,71.92591
E01003261,2_below_reliable_threshold,125.09977
E01003262,0_no_recorded_activity,
E01003263,3_reliable_core,840.58197
E01003264,3_reliable_core,1368.27617
E01003265,3_reliable_core,2232.4352
E01003266,3_reliable_core,783.27734
E01003267,2_below_reliable_threshold,177.62189
E01003268,3_reliable_core,915.66325
E01003269,2_below_reliable_threshold,71.91967
E01003270,2_below_reliable_threshold,193.9178
E01003271,2_below_reliable_threshold,9.81904
E01003272,3_reliable_core,1332.08384
E01003273,2_below_reliable_threshold,112.02414
E01003274,3_reliable_core,1076.79068
E01003275,2_below_reliable_threshold,25.52339
E01003276,2_below_reliable_threshold,350.17661
E01003277,2_below_reliable_threshold,112.25542
E01003278,3_reliable_core,2130.38614
E01003279,2_below_reliable_threshold,215.02296
E01003280,3_reliable_core,972.42829
E01003281,2_below_reliable_threshold,131.72704
E01003282,3_reliable_core,651.91587
E01003283,2_below_reliable_threshold,170.0336
E01003284,2_below_reliable_threshold,142.86648
E01003285,3_reliable_core,1087.60661
E01003286,3_reliable_core,1897.16071
E01003287,2_below_reliable_threshold,18.19803
E01003288,3_reliable_core,3713.75871
E01003290,2_below_reliable_threshold,254.61644
E01003291,3_reliable_core,3042.50435
E01003292,3_reliable_core,522.79708
E01003293,3_reliable_core,1572.63689
E01003295,2_below_reliable_threshold,332.89704
E01003297,0_no_recorded_activity,
E01003298,2_below_reliable_threshold,306.66519
E01003299,3_reliable_core,2413.6916
E01003300,2_below_reliable_threshold,104.11735
E01003301,3_reliable_core,491.17507
E01003302,0_no_recorded_activity,
E01003303,3_reliable_core,15530.33299
E01003304,3_reliable_core,1354.28744
E01003305,3_reliable_core,2498.29038
E01003307,2_below_reliable_threshold,285.96394
E01003308,3_reliable_core,674.82128
E01003309,2_below_reliable_threshold,310.81298
E01003310,3_reliable_core,741.79182
E01003311,2_below_reliable_threshold,320.86769
E01003312,2_below_reliable_threshold,37.10022
E01003313,2_below_reliable_threshold,340.09648
E01003314,2_below_reliable_threshold,43.21182
E01003315,2_below_reliable_threshold,99.05677
E01003316,3_reliable_core,678.49379
E01003318,3_reliable_core,21800.21396
E01003319,3_reliable_core,615.35958
E01003320,3_reliable_core,1070.58182
E01003321,3_reliable_core,871.958
E01003322,3_reliable_core,1279.45818
E01003323,0_no_recorded_activity,
E01003324,3_reliable_core,4629.92666
E01003325,2_below_reliable_threshold,45.71541
E01003326,2_below_reliable_threshold,152.63076
E01003327,3_reliable_core,3645.76136
E01003328,2_below_reliable_threshold,84.26266999999999
E01003329,0_no_recorded_activity,
E01003330,2_below_reliable_threshold,229.26531
E01003331,3_reliable_core,742.84368
E01003332,3_reliable_core,457.08669
E01003333,3_reliable_core,457.48935
E01003334,3_reliable_core,4233.83937
E01003335,2_below_reliable_threshold,69.57315
E01003336,3_reliable_core,792.10452
E01003337,3_reliable_core,691.27223
E01003338,3_reliable_core,1310.653
E01003339,3_reliable_core,1860.44269
E01003340,3_reliable_core,15788.71795
E01003341,2_below_reliable_threshold,69.80802
E01003342,3_reliable_core,920.98157
E01003343,0_no_recorded_activity,
E01003344,2_below_reliable_threshold,332.24544
E01003345,0_no_recorded_activity,
E01003346,3_reliable_core,671.07605
E01003347,3_reliable_core,572.57527
E01003348,3_reliable_core,1325.20857
E01003349,1_matched_stop_no_activity,
E01003350,2_below_reliable_threshold,257.80547
E01003351,2_below_reliable_threshold,348.11373000000003
E01003352,3_reliable_core,2376.61956
E01003353,2_below_reliable_threshold,50.2428
E01003354,2_below_reliable_threshold,155.44915
E01003355,3_reliable_core,873.98827
E01003356,3_reliable_core,682.6363699999999
E01003357,3_reliable_core,896.83296
E01003358,3_reliable_core,2114.9434
E01003359,3_reliable_core,3485.13236
E01003360,3_reliable_core,3740.82377
E01003361,3_reliable_core,704.53957
E01003362,2_below_reliable_threshold,306.2968
E01003363,3_reliable_core,483.44473
E01003364,2_below_reliable_threshold,317.23542
E01003365,2_below_reliable_threshold,69.11268
E01003366,3_reliable_core,451.30859
E01003368,3_reliable_core,539.91431
E01003369,0_no_recorded_activity,
E01003370,3_reliable_core,2552.72998
E01003371,0_no_recorded_activity,
E01003372,2_below_reliable_threshold,406.65341
E01003373,2_below_reliable_threshold,64.85567
E01003374,3_reliable_core,3636.91301
E01003375,3_reliable_core,1933.5938
E01003376,2_below_reliable_threshold,339.98825
E01003377,3_reliable_core,739.5301499999999
E01003378,3_reliable_core,511.71212
E01003379,2_below_reliable_threshold,133.21158
E01003380,3_reliable_core,721.09924
E01003381,0_no_recorded_activity,
E01003382,2_below_reliable_threshold,292.11263
E01003383,3_reliable_core,7244.85277
E01003384,2_below_reliable_threshold,411.93272
E01003385,0_no_recorded_activity,
E01003386,2_below_reliable_threshold,264.02075
E01003387,3_reliable_core,484.02297
E01003388,3_reliable_core,772.5311800000001
E01003389,3_reliable_core,4296.53181
E01003390,3_reliable_core,5545.65403
E01003391,0_no_recorded_activity,
E01003392,3_reliable_core,3097.13722
E01003393,3_reliable_core,2635.61827
E01003394,3_reliable_core,533.70354
E01003395,0_no_recorded_activity,
E01003396,0_no_recorded_activity,
E01003397,0_no_recorded_activity,
E01003398,3_reliable_core,710.00499
E01003399,3_reliable_core,451.16534
E01003400,3_reliable_core,2162.55592
E01003401,3_reliable_core,1852.80911
E01003402,3_reliable_core,2380.60176
E01003403,2_below_reliable_threshold,246.017
E01003404,3_reliable_core,846.98218
E01003405,2_below_reliable_threshold,90.26821
E01003406,2_below_reliable_threshold,167.78578
E01003407,2_below_reliable_threshold,399.51916
E01003408,0_no_recorded_activity,
E01003409,2_below_reliable_threshold,285.09171
E01003410,2_below_reliable_threshold,146.07653
E01003411,3_reliable_core,535.37791
E01003412,2_below_reliable_threshold,226.75269
E01003413,3_reliable_core,1607.6439
E01003414,2_below_reliable_threshold,427.75625
E01003415,3_reliable_core,2766.2038
E01003416,3_reliable_core,451.22936
E01003417,3_reliable_core,838.22424
E01003418,0_no_recorded_activity,
E01003419,2_below_reliable_threshold,100.92799
E01003420,3_reliable_core,484.17318
E01003421,3_reliable_core,825.86211
E01003422,3_reliable_core,869.4597
E01003423,3_reliable_core,1124.9659
E01003424,1_matched_stop_no_activity,
E01003425,1_matched_stop_no_activity,
E01003426,3_reliable_core,622.68755
E01003427,3_reliable_core,21689.73854
E01003428,2_below_reliable_threshold,227.68623
E01003429,0_no_recorded_activity,
E01003430,3_reliable_core,817.0385
E01003431,3_reliable_core,1362.63856
E01003432,2_below_reliable_threshold,132.04518
E01003433,3_reliable_core,2859.45814
E01003434,2_below_reliable_threshold,148.22708
E01003435,3_reliable_core,914.76667
E01003436,3_reliable_core,855.1347
E01003437,3_reliable_core,1018.55663
E01003438,2_below_reliable_threshold,416.31741
E01003439,3_reliable_core,1644.1765
E01003440,2_below_reliable_threshold,336.50029
E01003441,3_reliable_core,879.52152
E01003442,2_below_reliable_threshold,147.21392
E01003443,0_no_recorded_activity,
E01003444,2_below_reliable_threshold,213.3757
E01003445,3_reliable_core,795.72362
E01003446,3_reliable_core,5904.96601
E01003447,3_reliable_core,608.2365599999999
E01003448,3_reliable_core,492.15288
E01003449,3_reliable_core,724.99465
E01003450,2_below_reliable_threshold,83.83359
E01003451,3_reliable_core,1081.72758
E01003452,3_reliable_core,612.55426
E01003453,0_no_recorded_activity,
E01003454,3_reliable_core,653.92159
E01003455,2_below_reliable_threshold,166.27327
E01003456,3_reliable_core,10022.84301
E01003457,0_no_recorded_activity,
E01003458,0_no_recorded_activity,
E01003459,2_below_reliable_threshold,223.39326
E01003460,3_reliable_core,1644.79299
E01003461,3_reliable_core,1620.55429
E01003462,2_below_reliable_threshold,157.38694999999998
E01003463,2_below_reliable_threshold,214.10239
E01003464,2_below_reliable_threshold,267.52519
E01003465,2_below_reliable_threshold,52.83656
E01003466,0_no_recorded_activity,
E01003467,3_reliable_core,691.47408
E01003468,2_below_reliable_threshold,34.27928
E01003469,3_reliable_core,756.4569
E01003470,3_reliable_core,1327.77833
E01003471,2_below_reliable_threshold,374.73329
E01003472,0_no_recorded_activity,
E01003473,0_no_recorded_activity,
E01003474,0_no_recorded_activity,
E01003476,0_no_recorded_activity,
E01003477,0_no_recorded_activity,
E01003478,2_below_reliable_threshold,422.29849
E01003479,2_below_reliable_threshold,16.773039999999998
E01003480,3_reliable_core,1835.79041
E01003481,2_below_reliable_threshold,127.62897
E01003483,3_reliable_core,672.81905
E01003484,0_no_recorded_activity,
E01003485,3_reliable_core,932.29387
E01003486,3_reliable_core,5234.92197
E01003487,2_below_reliable_threshold,43.59426
E01003488,0_no_recorded_activity,
E01003489,0_no_recorded_activity,
E01003490,0_no_recorded_activity,
E01003491,3_reliable_core,3399.71615
E01003492,2_below_reliable_threshold,318.68941
E01003494,2_below_reliable_threshold,20.84096
E01003495,0_no_recorded_activity,
E01003496,0_no_recorded_activity,
E01003497,3_reliable_core,596.62421
E01003498,3_reliable_core,1010.76622
E01003499,3_reliable_core,4304.38557
E01003500,3_reliable_core,646.29795
E01003501,3_reliable_core,1018.94643
E01003502,3_reliable_core,3924.99471
E01003503,3_reliable_core,1931.85156
E01003506,3_reliable_core,1619.52975
E01003507,3_reliable_core,2139.79496
E01003508,3_reliable_core,687.88896
E01003509,3_reliable_core,647.72043
E01003511,0_no_recorded_activity,
E01003512,3_reliable_core,1015.06785
E01003513,2_below_reliable_threshold,125.36654
E01003514,0_no_recorded_activity,
E01003515,3_reliable_core,4280.95774
E01003516,3_reliable_core,2185.42578
E01003517,3_reliable_core,547.87392
E01003518,3_reliable_core,669.66415
E01003519,0_no_recorded_activity,
E01003520,3_reliable_core,2793.49624
E01003521,3_reliable_core,2956.06436
E01003522,1_matched_stop_no_activity,
E01003523,3_reliable_core,7692.01419
E01003524,3_reliable_core,542.29707
E01003525,3_reliable_core,8974.72099
E01003526,0_no_recorded_activity,
E01003527,0_no_recorded_activity,
E01003528,3_reliable_core,671.82535
E01003529,3_reliable_core,1073.85195
E01003530,2_below_reliable_threshold,140.05816
E01003531,3_reliable_core,10559.78722
E01003532,3_reliable_core,886.03083
E01003533,2_below_reliable_threshold,380.87918
E01003534,2_below_reliable_threshold,372.23902
E01003535,3_reliable_core,1138.47158
E01003536,2_below_reliable_threshold,185.76248
E01003537,3_reliable_core,1471.32815
E01003538,3_reliable_core,893.05051
E01003539,3_reliable_core,1421.37544
E01003540,3_reliable_core,880.09297
E01003541,3_reliable_core,1229.23846
E01003542,3_reliable_core,970.754
E01003543,3_reliable_core,1458.41351
E01003544,2_below_reliable_threshold,143.41386
E01003545,2_below_reliable_threshold,171.84921
E01003546,0_no_recorded_activity,
E01003547,0_no_recorded_activity,
E01003548,0_no_recorded_activity,
E01003549,3_reliable_core,995.2978
E01003550,3_reliable_core,729.05446
E01003551,3_reliable_core,707.40798
E01003552,0_no_recorded_activity,
E01003553,3_reliable_core,1763.80301
E01003554,0_no_recorded_activity,
E01003555,3_reliable_core,2585.48097
E01003556,3_reliable_core,2423.83408
E01003557,0_no_recorded_activity,
E01003558,3_reliable_core,5557.47591
E01003559,3_reliable_core,1043.75791
E01003560,0_no_recorded_activity,
E01003561,3_reliable_core,722.65929
E01003562,3_reliable_core,944.24806
E01003563,0_no_recorded_activity,
E01003564,2_below_reliable_threshold,275.11473
E01003565,2_below_reliable_threshold,399.1398
E01003566,3_reliable_core,7425.6822
E01003567,3_reliable_core,2001.85574
E01003568,0_no_recorded_activity,
E01003569,3_reliable_core,1442.20921
E01003570,3_reliable_core,4110.84799
E01003571,3_reliable_core,672.90584
E01003572,2_below_reliable_threshold,211.8453
E01003573,3_reliable_core,598.78331
E01003574,3_reliable_core,2060.62247
E01003575,3_reliable_core,1033.98512
E01003576,3_reliable_core,3985.67318
E01003577,0_no_recorded_activity,
E01003578,3_reliable_core,2211.83575
E01003579,0_no_recorded_activity,
E01003580,0_no_recorded_activity,
E01003581,2_below_reliable_threshold,246.42125
E01003582,0_no_recorded_activity,
E01003583,3_reliable_core,846.68632
E01003584,0_no_recorded_activity,
E01003585,0_no_recorded_activity,
E01003586,3_reliable_core,2588.37475
E01003587,3_reliable_core,1891.29423
E01003588,0_no_recorded_activity,
E01003589,0_no_recorded_activity,
E01003590,3_reliable_core,4602.44343
E01003591,3_reliable_core,6519.25659
E01003592,0_no_recorded_activity,
E01003593,3_reliable_core,2004.88919
E01003594,2_below_reliable_threshold,407.66809
E01003595,0_no_recorded_activity,
E01003596,2_below_reliable_threshold,107.73978
E01003597,0_no_recorded_activity,
E01003598,2_below_reliable_threshold,129.4139
E01003599,0_no_recorded_activity,
E01003600,3_reliable_core,1815.63652
E01003601,3_reliable_core,4534.2865
E01003602,3_reliable_core,2287.31791
E01003603,3_reliable_core,1183.80664
E01003604,2_below_reliable_threshold,323.88186
E01003605,3_reliable_core,3296.452
E01003607,3_reliable_core,1291.36807
E01003608,0_no_recorded_activity,
E01003611,2_below_reliable_threshold,337.26808
E01003615,3_reliable_core,1263.86112
E01003616,3_reliable_core,1580.20259
E01003618,3_reliable_core,2060.95663
E01003619,3_reliable_core,6310.30503
E01003621,0_no_recorded_activity,
E01003622,3_reliable_core,2468.94774
E01003623,2_below_reliable_threshold,411.55971
E01003624,0_no_recorded_activity,
E01003625,0_no_recorded_activity,
E01003626,0_no_recorded_activity,
E01003627,0_no_recorded_activity,
E01003628,0_no_recorded_activity,
E01003629,0_no_recorded_activity,
E01003630,3_reliable_core,5022.53233
E01003631,2_below_reliable_threshold,76.53963
E01003632,0_no_recorded_activity,
E01003633,2_below_reliable_threshold,132.84623
E01003634,0_no_recorded_activity,
E01003635,3_reliable_core,1821.38754
E01003636,3_reliable_core,3176.05249
E01003637,0_no_recorded_activity,
E01003638,2_below_reliable_threshold,319.2314
E01003639,2_below_reliable_threshold,161.90469
E01003640,3_reliable_core,1285.94076
E01003641,3_reliable_core,1376.91458
E01003642,0_no_recorded_activity,
E01003643,2_below_reliable_threshold,273.10041
E01003644,2_below_reliable_threshold,130.6968
E01003645,3_reliable_core,693.65814
E01003646,3_reliable_core,1104.49393
E01003647,3_reliable_core,2448.52614
E01003648,2_below_reliable_threshold,281.84382
E01003649,2_below_reliable_threshold,57.66824
E01003650,3_reliable_core,746.35345
E01003651,3_reliable_core,553.09468
E01003652,0_no_recorded_activity,
E01003653,3_reliable_core,1351.0692
E01003654,3_reliable_core,628.84684
E01003655,3_reliable_core,525.30648
E01003656,2_below_reliable_threshold,54.30008
E01003657,3_reliable_core,624.16325
E01003658,2_below_reliable_threshold,104.46464
E01003659,3_reliable_core,509.50621
E01003660,2_below_reliable_threshold,9.70512
E01003661,2_below_reliable_threshold,122.30822
E01003662,3_reliable_core,4273.63308
E01003663,3_reliable_core,743.59782
E01003664,0_no_recorded_activity,
E01003665,2_below_reliable_threshold,104.12241
E01003666,2_below_reliable_threshold,388.75551
E01003668,2_below_reliable_threshold,93.53494
E01003669,0_no_recorded_activity,
E01003670,2_below_reliable_threshold,207.11875
E01003671,0_no_recorded_activity,
E01003672,3_reliable_core,1242.47624
E01003673,3_reliable_core,611.65862
E01003674,3_reliable_core,998.96567
E01003675,2_below_reliable_threshold,385.93573
E01003676,2_below_reliable_threshold,76.51865
E01003677,3_reliable_core,585.61918
E01003678,0_no_recorded_activity,
E01003679,2_below_reliable_threshold,373.33427
E01003680,2_below_reliable_threshold,71.89559
E01003681,3_reliable_core,1669.63346
E01003682,0_no_recorded_activity,
E01003683,0_no_recorded_activity,
E01003684,3_reliable_core,746.02154
E01003685,0_no_recorded_activity,
E01003686,3_reliable_core,840.24292
E01003688,0_no_recorded_activity,
E01003689,3_reliable_core,15712.37533
E01003690,3_reliable_core,8325.05611
E01003691,0_no_recorded_activity,
E01003692,3_reliable_core,564.56099
E01003693,2_below_reliable_threshold,374.08642
E01003694,3_reliable_core,725.76336
E01003695,2_below_reliable_threshold,337.89316
E01003696,2_below_reliable_threshold,258.19142
E01003697,3_reliable_core,1400.16674
E01003698,0_no_recorded_activity,
E01003699,3_reliable_core,981.92572
E01003700,3_reliable_core,654.31215
E01003701,3_reliable_core,3039.29275
E01003702,3_reliable_core,469.60589
E01003703,2_below_reliable_threshold,92.53416
E01003704,3_reliable_core,971.31657
E01003705,2_below_reliable_threshold,297.61422
E01003706,3_reliable_core,469.01369
E01003707,2_below_reliable_threshold,117.65558
E01003708,3_reliable_core,556.70439
E01003709,2_below_reliable_threshold,139.03729
E01003710,2_below_reliable_threshold,384.09701
E01003711,3_reliable_core,3246.09679
E01003712,2_below_reliable_threshold,325.94693
E01003713,2_below_reliable_threshold,264.19775
E01003714,2_below_reliable_threshold,319.92443
E01003715,3_reliable_core,815.96282
E01003716,2_below_reliable_threshold,170.29452
E01003718,0_no_recorded_activity,
E01003719,3_reliable_core,3012.45069
E01003720,3_reliable_core,1608.02965
E01003721,3_reliable_core,1491.71796
E01003722,3_reliable_core,974.42901
E01003723,2_below_reliable_threshold,423.03092
E01003724,2_below_reliable_threshold,167.42924
E01003725,0_no_recorded_activity,
E01003726,2_below_reliable_threshold,265.01977
E01003727,2_below_reliable_threshold,40.59641
E01003729,3_reliable_core,1720.60576
E01003730,0_no_recorded_activity,
E01003731,0_no_recorded_activity,
E01003732,0_no_recorded_activity,
E01003733,3_reliable_core,825.87664
E01003734,3_reliable_core,2525.99907
E01003735,3_reliable_core,481.33514
E01003736,0_no_recorded_activity,
E01003737,2_below_reliable_threshold,63.8339
E01003738,3_reliable_core,2260.60544
E01003739,3_reliable_core,1325.43308
E01003740,3_reliable_core,494.94093
E01003741,3_reliable_core,1529.47913
E01003742,0_no_recorded_activity,
E01003743,2_below_reliable_threshold,381.93759
E01003744,2_below_reliable_threshold,92.12804
E01003745,0_no_recorded_activity,
E01003746,3_reliable_core,592.8735399999999
E01003747,0_no_recorded_activity,
E01003748,0_no_recorded_activity,
E01003749,0_no_recorded_activity,
E01003750,3_reliable_core,1303.18528
E01003751,3_reliable_core,1314.56442
E01003752,2_below_reliable_threshold,307.4665
E01003753,0_no_recorded_activity,
E01003754,3_reliable_core,724.3776799999999
E01003755,3_reliable_core,1945.54428
E01003756,3_reliable_core,583.40887
E01003757,0_no_recorded_activity,
E01003759,2_below_reliable_threshold,53.06273
E01003760,2_below_reliable_threshold,406.14604
E01003761,2_below_reliable_threshold,21.87063
E01003762,3_reliable_core,510.1301
E01003763,3_reliable_core,783.73491
E01003764,3_reliable_core,1845.63475
E01003765,2_below_reliable_threshold,159.58227
E01003766,0_no_recorded_activity,
E01003767,3_reliable_core,2317.68953
E01003768,0_no_recorded_activity,
E01003769,3_reliable_core,3656.55075
E01003770,3_reliable_core,1957.46362
E01003771,2_below_reliable_threshold,250.57868
E01003772,0_no_recorded_activity,
E01003773,3_reliable_core,892.23724
E01003774,2_below_reliable_threshold,94.40033
E01003775,2_below_reliable_threshold,79.48424
E01003776,2_below_reliable_threshold,123.57838
E01003777,2_below_reliable_threshold,180.04392
E01003778,3_reliable_core,1557.42535
E01003779,2_below_reliable_threshold,207.02555
E01003780,0_no_recorded_activity,
E01003781,3_reliable_core,1731.75825
E01003782,2_below_reliable_threshold,125.24657
E01003783,3_reliable_core,4690.81418
E01003784,0_no_recorded_activity,
E01003785,0_no_recorded_activity,
E01003786,0_no_recorded_activity,
E01003787,2_below_reliable_threshold,27.54493
E01003788,3_reliable_core,1362.1853999999998
E01003789,3_reliable_core,1892.88424
E01003790,0_no_recorded_activity,
E01003791,2_below_reliable_threshold,346.63932
E01003792,3_reliable_core,595.64289
E01003793,3_reliable_core,940.93173
E01003794,0_no_recorded_activity,
E01003795,0_no_recorded_activity,
E01003796,2_below_reliable_threshold,77.05461
E01003797,2_below_reliable_threshold,117.89468
E01003798,2_below_reliable_threshold,207.72295
E01003799,3_reliable_core,1607.07017
E01003800,2_below_reliable_threshold,303.64821
E01003801,3_reliable_core,2037.16474
E01003802,0_no_recorded_activity,
E01003803,1_matched_stop_no_activity,
E01003804,3_reliable_core,831.57898
E01003805,0_no_recorded_activity,
E01003806,0_no_recorded_activity,
E01003807,3_reliable_core,1439.70821
E01003808,2_below_reliable_threshold,431.48852
E01003809,3_reliable_core,959.72772
E01003810,2_below_reliable_threshold,126.56188
E01003811,2_below_reliable_threshold,66.59902
E01003812,3_reliable_core,1542.43364
E01003813,0_no_recorded_activity,
E01003814,3_reliable_core,892.46222
E01003815,3_reliable_core,1796.89943
E01003816,3_reliable_core,1122.30715
E01003817,3_reliable_core,1203.92589
E01003818,2_below_reliable_threshold,283.28978
E01003819,0_no_recorded_activity,
E01003820,2_below_reliable_threshold,301.23935
E01003821,3_reliable_core,666.02625
E01003822,2_below_reliable_threshold,193.73987
E01003823,3_reliable_core,1647.55377
E01003824,2_below_reliable_threshold,267.35742
E01003825,2_below_reliable_threshold,65.34545
E01003826,2_below_reliable_threshold,19.67059
E01003827,3_reliable_core,819.72971
E01003828,3_reliable_core,670.6066
E01003829,3_reliable_core,593.65323
E01003830,3_reliable_core,477.25841
E01003831,2_below_reliable_threshold,134.12789
E01003832,2_below_reliable_threshold,35.20944
E01003833,3_reliable_core,723.69267
E01003834,3_reliable_core,1387.78783
E01003835,0_no_recorded_activity,
E01003836,2_below_reliable_threshold,358.55559
E01003837,1_matched_stop_no_activity,
E01003838,3_reliable_core,795.70326
E01003839,2_below_reliable_threshold,331.80808
E01003840,3_reliable_core,458.0465
E01003841,3_reliable_core,1183.5721
E01003842,2_below_reliable_threshold,21.98244
E01003843,2_below_reliable_threshold,237.46201
E01003844,2_below_reliable_threshold,422.32003
E01003845,2_below_reliable_threshold,421.85966
E01003846,2_below_reliable_threshold,12.8046
E01003847,3_reliable_core,1249.11403
E01003848,2_below_reliable_threshold,425.93419
E01003849,2_below_reliable_threshold,56.80385
E01003851,2_below_reliable_threshold,154.94459
E01003852,3_reliable_core,1560.60232
E01003853,2_below_reliable_threshold,267.21448
E01003854,3_reliable_core,945.28049
E01003855,3_reliable_core,1064.81836
E01003856,3_reliable_core,994.3623
E01003857,3_reliable_core,636.79072
E01003858,0_no_recorded_activity,
E01003859,2_below_reliable_threshold,361.70805
E01003860,3_reliable_core,1197.70683
E01003861,3_reliable_core,1093.46438
E01003862,3_reliable_core,504.57669
E01003863,0_no_recorded_activity,
E01003864,2_below_reliable_threshold,41.26697
E01003865,2_below_reliable_threshold,250.13034
E01003866,2_below_reliable_threshold,238.79382
E01003867,3_reliable_core,649.50427
E01003868,3_reliable_core,848.07089
E01003869,2_below_reliable_threshold,194.39164
E01003870,3_reliable_core,2311.64616
E01003871,2_below_reliable_threshold,398.57358
E01003872,2_below_reliable_threshold,146.80439
E01003873,2_below_reliable_threshold,13.80648
E01003874,2_below_reliable_threshold,407.92492
E01003875,3_reliable_core,983.34722
E01003876,3_reliable_core,24143.45724
E01003877,2_below_reliable_threshold,165.89238
E01003878,2_below_reliable_threshold,439.59445
E01003879,0_no_recorded_activity,
E01003880,3_reliable_core,625.6874799999999
E01003881,3_reliable_core,583.81998
E01003882,3_reliable_core,2885.53329
E01003883,0_no_recorded_activity,
E01003884,2_below_reliable_threshold,263.72381
E01003885,3_reliable_core,2264.31881
E01003886,3_reliable_core,1298.58315
E01003887,3_reliable_core,906.42507
E01003888,3_reliable_core,3502.54668
E01003889,2_below_reliable_threshold,38.42544
E01003890,2_below_reliable_threshold,327.51786
E01003891,3_reliable_core,1010.18173
E01003892,0_no_recorded_activity,
E01003893,3_reliable_core,2146.34429
E01003894,3_reliable_core,1077.75057
E01003895,3_reliable_core,699.84712
E01003896,3_reliable_core,3527.54653
E01003897,3_reliable_core,2999.17408
E01003898,3_reliable_core,600.36275
E01003899,3_reliable_core,485.98518
E01003900,3_reliable_core,1060.03081
E01003901,1_matched_stop_no_activity,
E01003902,0_no_recorded_activity,
E01003903,3_reliable_core,478.38553
E01003904,2_below_reliable_threshold,168.26386
E01003905,3_reliable_core,1605.6168
E01003906,2_below_reliable_threshold,118.75902
E01003907,2_below_reliable_threshold,28.46921
E01003908,2_below_reliable_threshold,23.91321
E01003909,3_reliable_core,572.82722
E01003910,1_matched_stop_no_activity,
E01003911,3_reliable_core,3241.82277
E01003912,3_reliable_core,2065.43455
E01003913,3_reliable_core,842.09392
E01003914,3_reliable_core,1030.75188
E01003915,0_no_recorded_activity,
E01003916,3_reliable_core,2128.80195
E01003917,0_no_recorded_activity,
E01003918,0_no_recorded_activity,
E01003919,3_reliable_core,3166.70482
E01003920,3_reliable_core,5900.6565
E01003921,3_reliable_core,17436.37068
E01003922,3_reliable_core,12480.44472
E01003923,0_no_recorded_activity,
E01003924,3_reliable_core,1068.1719
E01003925,0_no_recorded_activity,
E01003926,3_reliable_core,1242.53648
E01003929,3_reliable_core,14665.76379
E01003930,3_reliable_core,1133.83365
E01003932,3_reliable_core,36106.69303
E01003933,3_reliable_core,11828.42399
E01003934,3_reliable_core,2198.6063
E01003935,1_matched_stop_no_activity,
E01003936,2_below_reliable_threshold,143.35874
E01003937,3_reliable_core,5108.14656
E01003938,2_below_reliable_threshold,300.46952
E01003939,3_reliable_core,4735.54287
E01003940,0_no_recorded_activity,
E01003941,3_reliable_core,3490.65739
E01003942,3_reliable_core,1884.71212
E01003943,0_no_recorded_activity,
E01003945,3_reliable_core,631.22021
E01003946,3_reliable_core,1975.69167
E01003947,2_below_reliable_threshold,180.72427
E01003948,3_reliable_core,4628.08897
E01003949,3_reliable_core,2312.78337
E01003950,3_reliable_core,2222.25824
E01003951,3_reliable_core,1034.95825
E01003952,3_reliable_core,3208.80447
E01003953,3_reliable_core,2352.07311
E01003954,2_below_reliable_threshold,165.82844
E01003955,3_reliable_core,678.34771
E01003956,2_below_reliable_threshold,365.32217
E01003957,2_below_reliable_threshold,27.07448
E01003958,3_reliable_core,1418.31074
E01003960,3_reliable_core,2258.39434
E01003961,3_reliable_core,4256.18593
E01003963,0_no_recorded_activity,
E01003966,3_reliable_core,4214.6215
E01003969,3_reliable_core,10391.13501
E01003971,2_below_reliable_threshold,99.58319
E01003972,2_below_reliable_threshold,355.05035000000004
E01003973,0_no_recorded_activity,
E01003975,2_below_reliable_threshold,255.21749
E01003976,3_reliable_core,1216.31662
E01003977,3_reliable_core,570.31224
E01003979,3_reliable_core,2748.22591
E01003980,3_reliable_core,4346.64777
E01003981,3_reliable_core,3406.68593
E01003983,3_reliable_core,595.16061
E01003984,3_reliable_core,5054.25338
E01003986,2_below_reliable_threshold,9.8124
E01003987,2_below_reliable_threshold,25.94222
E01003988,3_reliable_core,1151.5313
E01003989,3_reliable_core,4891.22691
E01003990,3_reliable_core,1368.52578
E01003991,2_below_reliable_threshold,41.66562
E01003992,0_no_recorded_activity,
E01003993,2_below_reliable_threshold,441.06591
E01003994,3_reliable_core,5226.01915
E01003995,2_below_reliable_threshold,412.84067
E01003997,2_below_reliable_threshold,60.92834
E01003998,3_reliable_core,840.96858
E01003999,2_below_reliable_threshold,109.01468
E01004000,3_reliable_core,499.85567
E01004001,3_reliable_core,551.72733
E01004002,3_reliable_core,646.62094
E01004003,2_below_reliable_threshold,129.72767
E01004004,3_reliable_core,3011.12973
E01004005,3_reliable_core,1961.93318
E01004006,0_no_recorded_activity,
E01004007,0_no_recorded_activity,
E01004008,3_reliable_core,3005.70828
E01004010,3_reliable_core,6464.05175
E01004011,3_reliable_core,559.55367
E01004012,3_reliable_core,769.05484
E01004013,2_below_reliable_threshold,353.39856
E01004014,3_reliable_core,1732.54969
E01004015,3_reliable_core,2567.16893
E01004016,3_reliable_core,684.08534
E01004017,3_reliable_core,1269.92725
E01004018,3_reliable_core,848.04201
E01004019,2_below_reliable_threshold,232.21523
E01004020,3_reliable_core,1317.94937
E01004021,3_reliable_core,580.83089
E01004023,3_reliable_core,2409.95635
E01004024,2_below_reliable_threshold,199.1896
E01004028,3_reliable_core,1655.19631
E01004029,2_below_reliable_threshold,206.01154
E01004030,0_no_recorded_activity,
E01004031,3_reliable_core,13365.1322
E01004032,0_no_recorded_activity,
E01004033,3_reliable_core,1129.89707
E01004034,3_reliable_core,890.26908
E01004035,3_reliable_core,936.23898
E01004036,3_reliable_core,722.85955
E01004037,3_reliable_core,1408.4087
E01004038,2_below_reliable_threshold,299.40878
E01004039,2_below_reliable_threshold,140.80878
E01004040,3_reliable_core,6148.58162
E01004041,3_reliable_core,2247.92631
E01004042,3_reliable_core,2615.17642
E01004043,0_no_recorded_activity,
E01004044,2_below_reliable_threshold,123.87736
E01004045,2_below_reliable_threshold,27.34204
E01004046,2_below_reliable_threshold,9.48468
E01004047,3_reliable_core,1132.47325
E01004048,2_below_reliable_threshold,275.8264
E01004049,3_reliable_core,549.18959
E01004050,2_below_reliable_threshold,245.97877
E01004051,3_reliable_core,4080.54052
E01004052,3_reliable_core,4224.96716
E01004053,3_reliable_core,604.42845
E01004054,2_below_reliable_threshold,119.93681
E01004055,2_below_reliable_threshold,206.23784
E01004056,3_reliable_core,925.55839
E01004057,3_reliable_core,543.0883
E01004058,2_below_reliable_threshold,198.83919
E01004059,2_below_reliable_threshold,409.79015
E01004060,3_reliable_core,2633.72598
E01004061,3_reliable_core,3087.98192
E01004062,3_reliable_core,10902.76717
E01004063,2_below_reliable_threshold,179.99661
E01004064,3_reliable_core,3081.57274
E01004065,2_below_reliable_threshold,227.94522
E01004066,3_reliable_core,3120.7737
E01004067,3_reliable_core,22218.6708
E01004068,2_below_reliable_threshold,278.26852
E01004069,3_reliable_core,1014.09389
E01004070,3_reliable_core,1154.00969
E01004071,3_reliable_core,574.17826
E01004072,3_reliable_core,1695.31232
E01004073,2_below_reliable_threshold,443.66837
E01004074,3_reliable_core,1650.7662
E01004075,3_reliable_core,685.56275
E01004076,3_reliable_core,950.78155
E01004077,3_reliable_core,949.63706
E01004078,2_below_reliable_threshold,41.65886
E01004079,0_no_recorded_activity,
E01004080,2_below_reliable_threshold,197.63541
E01004081,2_below_reliable_threshold,10.28957
E01004082,0_no_recorded_activity,
E01004083,3_reliable_core,556.02728
E01004084,2_below_reliable_threshold,104.76203
E01004085,2_below_reliable_threshold,106.61198
E01004086,3_reliable_core,1439.74539
E01004087,2_below_reliable_threshold,107.04917
E01004088,3_reliable_core,610.17602
E01004089,0_no_recorded_activity,
E01004090,3_reliable_core,1123.95517
E01004091,2_below_reliable_threshold,213.39583
E01004092,1_matched_stop_no_activity,
E01004093,2_below_reliable_threshold,27.02902
E01004094,3_reliable_core,852.58823
E01004095,2_below_reliable_threshold,83.00914
E01004096,3_reliable_core,560.06966
E01004097,2_below_reliable_threshold,187.94069
E01004098,2_below_reliable_threshold,287.54582
E01004099,3_reliable_core,3276.70916
E01004100,2_below_reliable_threshold,229.30283
E01004101,2_below_reliable_threshold,230.50591
E01004102,2_below_reliable_threshold,81.1619
E01004103,2_below_reliable_threshold,417.13546
E01004104,0_no_recorded_activity,
E01004105,3_reliable_core,451.34385
E01004106,2_below_reliable_threshold,21.77352
E01004107,2_below_reliable_threshold,272.76364
E01004108,1_matched_stop_no_activity,
E01004109,2_below_reliable_threshold,185.17461
E01004110,3_reliable_core,2027.16361
E01004111,2_below_reliable_threshold,256.13278
E01004112,2_below_reliable_threshold,47.11898
E01004114,0_no_recorded_activity,
E01004115,2_below_reliable_threshold,5.49836
E01004116,2_below_reliable_threshold,28.88195
E01004117,0_no_recorded_activity,
E01004118,3_reliable_core,5588.21576
E01004119,3_reliable_core,741.13942
E01004120,2_below_reliable_threshold,356.32324
E01004121,3_reliable_core,942.24236
E01004122,0_no_recorded_activity,
E01004123,3_reliable_core,5053.77182
E01004124,2_below_reliable_threshold,28.27948
E01004125,3_reliable_core,610.3845
E01004126,2_below_reliable_threshold,246.96153
E01004127,2_below_reliable_threshold,369.13389
E01004128,2_below_reliable_threshold,198.35336
E01004129,3_reliable_core,1288.26127
E01004130,3_reliable_core,483.26836
E01004131,3_reliable_core,1208.08067
E01004132,2_below_reliable_threshold,12.41486
E01004133,2_below_reliable_threshold,8.94725
E01004134,3_reliable_core,1398.07148
E01004135,2_below_reliable_threshold,360.32101
E01004136,0_no_recorded_activity,
E01004137,3_reliable_core,3076.10235
E01004138,3_reliable_core,606.40384
E01004139,2_below_reliable_threshold,155.7418
E01004140,3_reliable_core,2004.312
E01004141,2_below_reliable_threshold,99.09996
E01004143,2_below_reliable_threshold,213.25702
E01004144,3_reliable_core,823.37212
E01004145,2_below_reliable_threshold,203.19723
E01004146,3_reliable_core,1811.40102
E01004147,2_below_reliable_threshold,86.10439
E01004148,3_reliable_core,704.33352
E01004149,1_matched_stop_no_activity,
E01004150,2_below_reliable_threshold,7.58896
E01004151,0_no_recorded_activity,
E01004152,3_reliable_core,3899.42102
E01004153,0_no_recorded_activity,
E01004154,0_no_recorded_activity,
E01004155,0_no_recorded_activity,
E01004156,2_below_reliable_threshold,164.13422
E01004157,2_below_reliable_threshold,185.66602
E01004158,2_below_reliable_threshold,170.35678
E01004159,2_below_reliable_threshold,280.70338
E01004160,2_below_reliable_threshold,210.87726
E01004161,0_no_recorded_activity,
E01004162,2_below_reliable_threshold,71.29115999999999
E01004163,3_reliable_core,453.09584
E01004164,2_below_reliable_threshold,426.76007
E01004165,3_reliable_core,838.7924
E01004166,2_below_reliable_threshold,175.3734
E01004167,3_reliable_core,502.17505
E01004168,1_matched_stop_no_activity,
E01004169,2_below_reliable_threshold,443.79949
E01004170,3_reliable_core,1434.51803
E01004171,3_reliable_core,1656.98627
E01004172,2_below_reliable_threshold,172.41675
E01004173,0_no_recorded_activity,
E01004174,0_no_recorded_activity,
E01004175,2_below_reliable_threshold,118.26955
E01004176,2_below_reliable_threshold,166.86153
E01004177,3_reliable_core,630.83865
E01004178,3_reliable_core,3565.77484
E01004179,0_no_recorded_activity,
E01004180,2_below_reliable_threshold,117.4994
E01004181,3_reliable_core,585.44858
E01004182,3_reliable_core,515.45409
E01004183,2_below_reliable_threshold,442.51801
E01004184,0_no_recorded_activity,
E01004185,2_below_reliable_threshold,233.41821
E01004186,2_below_reliable_threshold,328.48075
E01004187,0_no_recorded_activity,
E01004189,2_below_reliable_threshold,303.19208
E01004190,2_below_reliable_threshold,397.74166
E01004191,3_reliable_core,537.81767
E01004192,2_below_reliable_threshold,58.56592
E01004193,2_below_reliable_threshold,10.83451
E01004194,0_no_recorded_activity,
E01004195,0_no_recorded_activity,
E01004196,2_below_reliable_threshold,420.71043
E01004198,3_reliable_core,1034.07416
E01004199,0_no_recorded_activity,
E01004200,2_below_reliable_threshold,437.72339
E01004201,2_below_reliable_threshold,173.32179
E01004202,3_reliable_core,1197.56074
E01004203,3_reliable_core,3328.45301
E01004204,2_below_reliable_threshold,386.02209
E01004205,2_below_reliable_threshold,28.80905
E01004206,0_no_recorded_activity,
E01004207,3_reliable_core,1566.30855
E01004208,3_reliable_core,9307.72808
E01004209,3_reliable_core,2213.62698
E01004211,3_reliable_core,829.33256
E01004212,3_reliable_core,1813.62355
E01004214,0_no_recorded_activity,
E01004216,3_reliable_core,492.91352
E01004217,3_reliable_core,2065.95183
E01004218,2_below_reliable_threshold,379.51957
E01004219,3_reliable_core,6513.01382
E01004221,3_reliable_core,1303.57197
E01004222,3_reliable_core,539.47802
E01004223,3_reliable_core,811.19005
E01004226,2_below_reliable_threshold,129.76927
E01004228,3_reliable_core,2078.46367
E01004229,2_below_reliable_threshold,390.56814
E01004230,3_reliable_core,2519.28774
E01004231,3_reliable_core,1116.89185
E01004232,3_reliable_core,7065.675560000001
E01004233,3_reliable_core,576.58847
E01004234,3_reliable_core,1413.22952
E01004235,3_reliable_core,2569.62562
E01004236,2_below_reliable_threshold,208.07776
E01004237,2_below_reliable_threshold,7.037079999999999
E01004239,2_below_reliable_threshold,418.68565
E01004240,0_no_recorded_activity,
E01004241,2_below_reliable_threshold,261.40829
E01004243,2_below_reliable_threshold,316.55057
E01004244,3_reliable_core,1681.15263
E01004245,2_below_reliable_threshold,70.35504
E01004247,3_reliable_core,2197.64481
E01004248,2_below_reliable_threshold,114.26248
E01004249,3_reliable_core,1135.37163
E01004251,0_no_recorded_activity,
E01004255,3_reliable_core,1210.11766
E01004256,0_no_recorded_activity,
E01004257,3_reliable_core,922.90985
E01004258,0_no_recorded_activity,
E01004259,3_reliable_core,4148.79672
E01004260,3_reliable_core,504.78138
E01004263,2_below_reliable_threshold,50.46808
E01004264,0_no_recorded_activity,
E01004266,2_below_reliable_threshold,37.72905
E01004267,3_reliable_core,1507.18845
E01004268,0_no_recorded_activity,
E01004270,3_reliable_core,4695.29756
E01004271,2_below_reliable_threshold,17.278209999999998
E01004272,3_reliable_core,455.87231
E01004274,3_reliable_core,1033.29915
E01004275,0_no_recorded_activity,
E01004276,3_reliable_core,1219.7741
E01004277,3_reliable_core,7857.85163
E01004280,3_reliable_core,1011.96826
E01004281,2_below_reliable_threshold,305.26735
E01004283,2_below_reliable_threshold,74.20968
E01004286,3_reliable_core,1566.4725
E01004287,3_reliable_core,513.62633
E01004288,0_no_recorded_activity,
E01004289,3_reliable_core,1051.53849
E01004290,3_reliable_core,1422.54892
E01004291,2_below_reliable_threshold,424.44893
E01004292,0_no_recorded_activity,
E01004293,3_reliable_core,3246.34274
E01004295,0_no_recorded_activity,
E01004296,2_below_reliable_threshold,340.53409
E01004297,2_below_reliable_threshold,244.33814
E01004298,2_below_reliable_threshold,415.29522
E01004300,0_no_recorded_activity,
E01004301,3_reliable_core,545.26394
E01004302,0_no_recorded_activity,
E01004303,2_below_reliable_threshold,162.87908
E01004304,3_reliable_core,2084.51444
E01004305,3_reliable_core,1475.10885
E01004306,0_no_recorded_activity,
E01004307,3_reliable_core,782.20059
E01004308,2_below_reliable_threshold,100.22924
E01004309,3_reliable_core,7559.91789
E01004310,3_reliable_core,1025.88429
E01004311,3_reliable_core,460.19454
E01004312,0_no_recorded_activity,
E01004313,3_reliable_core,1404.05366
E01004315,0_no_recorded_activity,
E01004316,0_no_recorded_activity,
E01004319,2_below_reliable_threshold,111.06449
E01004321,3_reliable_core,2617.718
E01004322,3_reliable_core,1565.59951
E01004323,2_below_reliable_threshold,50.75319
E01004324,0_no_recorded_activity,
E01004326,3_reliable_core,1919.37436
E01004327,2_below_reliable_threshold,246.87978
E01004328,3_reliable_core,822.56754
E01004329,3_reliable_core,461.38083
E01004330,2_below_reliable_threshold,184.83606
E01004331,2_below_reliable_threshold,444.28919
E01004332,3_reliable_core,885.75936
E01004333,0_no_recorded_activity,
E01004334,2_below_reliable_threshold,430.05051
E01004335,3_reliable_core,2082.61517
E01004336,3_reliable_core,6555.7686
E01004337,2_below_reliable_threshold,394.58794
E01004338,0_no_recorded_activity,
E01004339,3_reliable_core,495.08941
E01004340,2_below_reliable_threshold,111.94156
E01004341,3_reliable_core,1736.81387
E01004342,3_reliable_core,4007.90227
E01004343,3_reliable_core,701.0207
E01004344,3_reliable_core,2628.17069
E01004345,3_reliable_core,487.00028
E01004346,2_below_reliable_threshold,142.24259
E01004347,0_no_recorded_activity,
E01004348,3_reliable_core,2674.77155
E01004349,2_below_reliable_threshold,195.37324
E01004350,3_reliable_core,613.80081
E01004351,1_matched_stop_no_activity,
E01004352,3_reliable_core,1724.76164
E01004353,2_below_reliable_threshold,133.30557
E01004354,3_reliable_core,2743.06442
E01004355,1_matched_stop_no_activity,
E01004356,3_reliable_core,550.6447499999999
E01004357,2_below_reliable_threshold,102.98551
E01004358,3_reliable_core,542.9240599999999
E01004359,2_below_reliable_threshold,348.13422
E01004360,2_below_reliable_threshold,76.91609
E01004361,2_below_reliable_threshold,370.3815
E01004362,3_reliable_core,637.75787
E01004363,3_reliable_core,2553.08377
E01004364,3_reliable_core,1965.85971
E01004365,3_reliable_core,5378.89018
E01004366,3_reliable_core,1170.30436
E01004367,0_no_recorded_activity,
E01004368,2_below_reliable_threshold,41.48211
E01004369,3_reliable_core,506.98314
E01004370,3_reliable_core,1360.44041
E01004371,2_below_reliable_threshold,317.13789
E01004372,0_no_recorded_activity,
E01004373,3_reliable_core,1308.74939
E01004374,2_below_reliable_threshold,444.26368
E01004375,3_reliable_core,1038.28791
E01004376,3_reliable_core,1137.19019
E01004377,2_below_reliable_threshold,447.21074
E01004378,2_below_reliable_threshold,436.20414
E01004379,2_below_reliable_threshold,357.19515
E01004380,0_no_recorded_activity,
E01004381,3_reliable_core,1825.97452
E01004382,0_no_recorded_activity,
E01004383,2_below_reliable_threshold,139.38252
E01004384,2_below_reliable_threshold,449.72032
E01004385,2_below_reliable_threshold,183.2434
E01004386,2_below_reliable_threshold,136.09739
E01004387,2_below_reliable_threshold,64.02762
E01004388,2_below_reliable_threshold,15.423419999999998
E01004389,2_below_reliable_threshold,416.89567
E01004390,2_below_reliable_threshold,240.57104
E01004391,3_reliable_core,4651.24717
E01004392,3_reliable_core,1963.20565
E01004393,3_reliable_core,2775.22956
E01004394,3_reliable_core,877.6222
E01004395,2_below_reliable_threshold,116.06973
E01004396,3_reliable_core,452.79133
E01004397,3_reliable_core,20898.67351
E01004398,3_reliable_core,1742.47085
E01004399,2_below_reliable_threshold,399.33348
E01004400,3_reliable_core,651.15249
E01004401,3_reliable_core,1197.45473
E01004402,0_no_recorded_activity,
E01004403,3_reliable_core,3559.22638
E01004404,3_reliable_core,593.478
E01004405,0_no_recorded_activity,
E01004406,3_reliable_core,1744.81367
E01004407,2_below_reliable_threshold,290.08079
E01004408,3_reliable_core,2591.43639
E01004409,3_reliable_core,5426.06007
E01004410,3_reliable_core,452.79148
E01004411,3_reliable_core,2565.90442
E01004412,0_no_recorded_activity,
E01004413,3_reliable_core,1026.03066
E01004414,3_reliable_core,806.94943
E01004415,2_below_reliable_threshold,420.06182
E01004416,2_below_reliable_threshold,59.86534
E01004417,3_reliable_core,1259.13386
E01004418,3_reliable_core,558.06374
E01004419,3_reliable_core,1153.38365
E01004420,3_reliable_core,6649.2745
E01004421,3_reliable_core,1369.07008
E01004422,3_reliable_core,670.21501
E01004423,3_reliable_core,1205.09496
E01004424,3_reliable_core,4702.60328
E01004425,3_reliable_core,3115.55968
E01004426,2_below_reliable_threshold,314.19362
E01004427,3_reliable_core,2045.93181
E01004428,3_reliable_core,737.2161
E01004429,3_reliable_core,1385.2843
E01004430,3_reliable_core,8608.33474
E01004432,2_below_reliable_threshold,323.98989
E01004434,3_reliable_core,776.72771
E01004435,3_reliable_core,1626.63552
E01004436,2_below_reliable_threshold,19.80064
E01004437,3_reliable_core,569.02423
E01004438,3_reliable_core,3651.50556
E01004439,2_below_reliable_threshold,26.75909
E01004440,3_reliable_core,6185.96225
E01004441,0_no_recorded_activity,
E01004442,0_no_recorded_activity,
E01004443,0_no_recorded_activity,607.29093
E01004444,3_reliable_core,3111.95514
E01004445,0_no_recorded_activity,
E01004446,0_no_recorded_activity,
E01004447,0_no_recorded_activity,
E01004448,3_reliable_core,774.03252
E01004449,2_below_reliable_threshold,367.41772
E01004450,2_below_reliable_threshold,62.03308
E01004451,2_below_reliable_threshold,198.3829
E01004452,3_reliable_core,3370.93912
E01004453,3_reliable_core,735.61175
E01004454,3_reliable_core,1105.53245
E01004455,3_reliable_core,2850.58827
E01004456,0_no_recorded_activity,
E01004457,2_below_reliable_threshold,218.9967
E01004458,3_reliable_core,1379.07512
E01004459,0_no_recorded_activity,
E01004460,3_reliable_core,1159.30078
E01004462,3_reliable_core,561.6990099999999
E01004463,0_no_recorded_activity,
E01004464,3_reliable_core,692.56463
E01004465,0_no_recorded_activity,
E01004466,2_below_reliable_threshold,158.94607
E01004467,3_reliable_core,1788.30995
E01004468,2_below_reliable_threshold,257.40771
E01004469,3_reliable_core,695.30714
E01004470,2_below_reliable_threshold,177.13763
E01004471,1_matched_stop_no_activity,
E01004472,0_no_recorded_activity,
E01004473,0_no_recorded_activity,
E01004474,3_reliable_core,1114.48215
E01004475,0_no_recorded_activity,
E01004476,3_reliable_core,2482.14763
E01004477,2_below_reliable_threshold,47.17251
E01004478,1_matched_stop_no_activity,
E01004479,2_below_reliable_threshold,140.77746
E01004480,0_no_recorded_activity,
E01004481,3_reliable_core,4110.54582
E01004482,3_reliable_core,589.65942
E01004483,3_reliable_core,893.67778
E01004484,2_below_reliable_threshold,28.12511
E01004485,3_reliable_core,580.38515
E01004486,2_below_reliable_threshold,109.3841
E01004487,0_no_recorded_activity,
E01004488,0_no_recorded_activity,
E01004489,0_no_recorded_activity,
E01004490,1_matched_stop_no_activity,
E01004491,2_below_reliable_threshold,255.9161
E01004492,3_reliable_core,2096.05407
E01004493,3_reliable_core,724.8803
E01004494,3_reliable_core,1159.49645
E01004495,2_below_reliable_threshold,417.90419
E01004496,3_reliable_core,3491.2207
E01004497,2_below_reliable_threshold,92.63066
E01004498,3_reliable_core,603.37505
E01004499,3_reliable_core,631.93809
E01004500,3_reliable_core,2122.56507
E01004501,1_matched_stop_no_activity,
E01004502,2_below_reliable_threshold,208.34862
E01004503,3_reliable_core,694.2321499999999
E01004504,0_no_recorded_activity,
E01004505,2_below_reliable_threshold,132.82816
E01004506,3_reliable_core,3773.24398
E01004507,3_reliable_core,2208.02703
E01004508,3_reliable_core,2077.75294
E01004510,3_reliable_core,2644.45917
E01004511,2_below_reliable_threshold,206.57852
E01004512,0_no_recorded_activity,
E01004513,3_reliable_core,805.82685
E01004514,3_reliable_core,4384.56103
E01004515,0_no_recorded_activity,
E01004516,0_no_recorded_activity,
E01004517,3_reliable_core,2361.47215
E01004518,0_no_recorded_activity,
E01004519,3_reliable_core,2504.50584
E01004520,0_no_recorded_activity,
E01004521,0_no_recorded_activity,
E01004522,3_reliable_core,3203.78997
E01004523,3_reliable_core,777.01495
E01004524,2_below_reliable_threshold,289.37966
E01004525,3_reliable_core,21362.71188
E01004526,3_reliable_core,575.70359
E01004527,0_no_recorded_activity,
E01004528,3_reliable_core,2411.43492
E01004529,3_reliable_core,1220.07973
E01004530,0_no_recorded_activity,
E01004531,0_no_recorded_activity,
E01004532,1_matched_stop_no_activity,
E01004533,1_matched_stop_no_activity,
E01004534,3_reliable_core,1587.6384
E01004535,1_matched_stop_no_activity,
E01004536,3_reliable_core,3490.46259
E01004537,3_reliable_core,2215.37941
E01004538,3_reliable_core,1328.91397
E01004539,0_no_recorded_activity,
E01004540,3_reliable_core,1790.83918
E01004541,3_reliable_core,678.11203
E01004542,0_no_recorded_activity,
E01004543,2_below_reliable_threshold,352.24522
E01004544,0_no_recorded_activity,
E01004545,3_reliable_core,4054.13069
E01004546,0_no_recorded_activity,
E01004547,2_below_reliable_threshold,435.10141
E01004548,3_reliable_core,2614.54255
E01004549,3_reliable_core,585.60268
E01004550,2_below_reliable_threshold,122.67466
E01004551,3_reliable_core,32883.7141
E01004552,3_reliable_core,5066.25548
E01004553,2_below_reliable_threshold,327.74754
E01004554,2_below_reliable_threshold,272.6167
E01004555,2_below_reliable_threshold,73.65974
E01004556,0_no_recorded_activity,
E01004557,3_reliable_core,488.847
E01004558,3_reliable_core,768.91854
E01004559,2_below_reliable_threshold,289.24078000000003
E01004560,3_reliable_core,594.74673
E01004563,2_below_reliable_threshold,394.24861
E01004564,3_reliable_core,1902.57259
E01004565,3_reliable_core,532.01834
E01004566,0_no_recorded_activity,
E01004567,2_below_reliable_threshold,64.24194
E01004568,3_reliable_core,1658.5707
E01004569,3_reliable_core,5871.71144
E01004570,3_reliable_core,541.19555
E01004571,3_reliable_core,2221.51597
E01004572,3_reliable_core,4847.11636
E01004573,3_reliable_core,2849.49735
E01004574,3_reliable_core,1483.95266
E01004575,3_reliable_core,1435.05838
E01004576,0_no_recorded_activity,
E01004577,2_below_reliable_threshold,75.72327999999999
E01004579,3_reliable_core,725.06257
E01004580,3_reliable_core,1320.28835
E01004581,2_below_reliable_threshold,200.69465
E01004582,3_reliable_core,2379.78281
E01004583,3_reliable_core,2175.06835
E01004584,0_no_recorded_activity,
E01004585,3_reliable_core,817.57105
E01004586,2_below_reliable_threshold,386.8488
E01004587,2_below_reliable_threshold,373.62653
E01004588,3_reliable_core,1915.48487
E01004589,0_no_recorded_activity,
E01004590,3_reliable_core,1123.30785
E01004591,3_reliable_core,2520.49872
E01004592,1_matched_stop_no_activity,
E01004593,3_reliable_core,468.73031
E01004594,3_reliable_core,576.30709
E01004595,2_below_reliable_threshold,58.71858
E01004596,0_no_recorded_activity,
E01004597,3_reliable_core,478.23662
E01004598,0_no_recorded_activity,
E01004599,0_no_recorded_activity,
E01004601,3_reliable_core,2839.54171
E01004602,2_below_reliable_threshold,233.16102
E01004604,0_no_recorded_activity,
E01004605,3_reliable_core,661.1443
E01004606,3_reliable_core,546.38245
E01004607,2_below_reliable_threshold,213.98069
E01004608,3_reliable_core,1121.23947
E01004609,3_reliable_core,12637.45164
E01004610,0_no_recorded_activity,
E01004611,2_below_reliable_threshold,383.38778
E01004612,3_reliable_core,574.03343
E01004613,3_reliable_core,2660.16877
E01004614,3_reliable_core,1422.38458
E01004615,3_reliable_core,1951.16633
E01004616,3_reliable_core,6280.71939
E01004617,3_reliable_core,5713.72053
E01004618,1_matched_stop_no_activity,
E01004619,2_below_reliable_threshold,293.26832
E01004620,0_no_recorded_activity,
E01004621,3_reliable_core,1354.80895
E01004622,2_below_reliable_threshold,327.54138
E01004623,2_below_reliable_threshold,212.05645
E01004624,0_no_recorded_activity,
E01004625,0_no_recorded_activity,
E01004626,2_below_reliable_threshold,324.83812
E01004627,0_no_recorded_activity,
E01004628,2_below_reliable_threshold,328.20907
E01004629,3_reliable_core,1945.41545
E01004630,3_reliable_core,565.80278
E01004631,3_reliable_core,1194.19195
E01004632,3_reliable_core,511.68406
E01004633,2_below_reliable_threshold,221.93885
E01004634,2_below_reliable_threshold,243.97293
E01004635,3_reliable_core,998.32969
E01004636,2_below_reliable_threshold,163.98996
E01004637,2_below_reliable_threshold,143.51183
E01004638,1_matched_stop_no_activity,
E01004639,3_reliable_core,1483.24965
E01004640,2_below_reliable_threshold,189.1083
E01004641,3_reliable_core,842.8269
E01004642,3_reliable_core,1130.10869
E01004643,3_reliable_core,1058.70297
E01004644,3_reliable_core,826.51554
E01004645,2_below_reliable_threshold,268.4224
E01004646,2_below_reliable_threshold,356.64782
E01004647,3_reliable_core,1156.84951
E01004648,3_reliable_core,1511.83433
E01004649,3_reliable_core,772.9041199999999
E01004650,2_below_reliable_threshold,253.65311
E01004651,3_reliable_core,689.93962
E01004652,3_reliable_core,1702.41798
E01004653,3_reliable_core,1353.93558
E01004654,3_reliable_core,1297.27688
E01004656,3_reliable_core,1077.37298
E01004657,3_reliable_core,6707.47578
E01004658,3_reliable_core,3292.94455
E01004659,2_below_reliable_threshold,216.66832
E01004660,3_reliable_core,3009.79275
E01004661,3_reliable_core,5652.47901
E01004662,3_reliable_core,1958.61748
E01004663,0_no_recorded_activity,
E01004665,3_reliable_core,458.26053
E01004668,2_below_reliable_threshold,375.43646
E01004669,2_below_reliable_threshold,345.60657
E01004670,2_below_reliable_threshold,142.87118
E01004674,0_no_recorded_activity,
E01004675,3_reliable_core,5567.77017
E01004676,2_below_reliable_threshold,349.6197
E01004677,0_no_recorded_activity,
E01004678,2_below_reliable_threshold,161.18675
E01004679,3_reliable_core,3928.62877
E01004680,3_reliable_core,3996.09058
E01004681,3_reliable_core,4905.52531
E01004682,3_reliable_core,4173.80413
E01004683,2_below_reliable_threshold,118.06246
E01004684,3_reliable_core,3134.44987
E01004686,3_reliable_core,1006.95221
E01004687,2_below_reliable_threshold,6.8995
E01004690,3_reliable_core,1683.72246
E01004691,3_reliable_core,6436.62511
E01004692,0_no_recorded_activity,
E01004693,1_matched_stop_no_activity,
E01004694,3_reliable_core,518.24531
E01004695,3_reliable_core,906.1188
E01004696,2_below_reliable_threshold,315.48857
E01004697,0_no_recorded_activity,
E01004698,2_below_reliable_threshold,98.84793
E01004699,3_reliable_core,1744.50097
E01004700,0_no_recorded_activity,
E01004701,3_reliable_core,588.57281
E01004702,3_reliable_core,5532.85139
E01004703,3_reliable_core,1540.6387
E01004705,3_reliable_core,938.65789
E01004706,0_no_recorded_activity,
E01004707,0_no_recorded_activity,
E01004708,3_reliable_core,1165.69943
E01004709,3_reliable_core,478.30692
E01004710,3_reliable_core,1155.74435
E01004711,2_below_reliable_threshold,140.45687
E01004712,3_reliable_core,4318.16292
E01004713,2_below_reliable_threshold,276.07735
E01004714,3_reliable_core,10795.13517
E01004715,3_reliable_core,2349.99523
E01004716,3_reliable_core,2493.76127
E01004717,0_no_recorded_activity,
E01004718,2_below_reliable_threshold,190.75605
E01004719,0_no_recorded_activity,
E01004720,3_reliable_core,477.98157
E01004721,3_reliable_core,1422.8452
E01004722,0_no_recorded_activity,
E01004723,2_below_reliable_threshold,215.98118
E01004724,0_no_recorded_activity,
E01004725,3_reliable_core,3379.11377
E01004726,3_reliable_core,1324.83805
E01004727,3_reliable_core,12042.73358
E01004728,3_reliable_core,541.61522
E01004729,2_below_reliable_threshold,219.4967
E01004730,3_reliable_core,778.64619
E01004731,3_reliable_core,7677.75169
E01004732,2_below_reliable_threshold,283.00877
E01004733,3_reliable_core,9288.84579
E01004734,3_reliable_core,26153.79653
E01004735,3_reliable_core,31532.66408
E01004736,3_reliable_core,51015.48572
E01004737,3_reliable_core,1638.29496
E01004740,3_reliable_core,540.32184
E01004741,3_reliable_core,557.34568
E01004742,3_reliable_core,537.58355
E01004743,3_reliable_core,702.69449
E01004744,3_reliable_core,751.17637
E01004746,0_no_recorded_activity,
E01004747,3_reliable_core,1140.19521
E01004748,3_reliable_core,2270.91348
E01004749,3_reliable_core,972.44981
E01004750,3_reliable_core,39405.05802
E01004751,0_no_recorded_activity,
E01004752,0_no_recorded_activity,
E01004753,2_below_reliable_threshold,319.43382
E01004754,0_no_recorded_activity,
E01004755,3_reliable_core,3141.61287
E01004756,0_no_recorded_activity,
E01004757,2_below_reliable_threshold,112.80382
E01004760,2_below_reliable_threshold,246.71262
E01004761,3_reliable_core,9283.37186
E01004762,3_reliable_core,4426.02485
E01004763,3_reliable_core,20808.29271
E01004765,3_reliable_core,5308.40973
E01032512,3_reliable_core,2513.36961
E01032513,3_reliable_core,2000.45526
E01032562,2_below_reliable_threshold,105.94597
E01032563,2_below_reliable_threshold,188.4761
E01032564,2_below_reliable_threshold,373.87192
E01032565,2_below_reliable_threshold,168.76455
E01032566,3_reliable_core,721.00455
E01032567,3_reliable_core,885.03342
E01032568,2_below_reliable_threshold,318.476
E01032569,2_below_reliable_threshold,331.9052
E01032570,2_below_reliable_threshold,369.06882
E01032572,3_reliable_core,994.22018
E01032573,3_reliable_core,2854.99398
E01032574,3_reliable_core,1645.88295
E01032575,3_reliable_core,543.81652
E01032576,0_no_recorded_activity,
E01032577,2_below_reliable_threshold,111.10314
E01032579,3_reliable_core,1729.326
E01032580,3_reliable_core,1400.24702
E01032581,3_reliable_core,455.4427
E01032582,3_reliable_core,29754.52333
E01032583,3_reliable_core,1732.91183
E01032584,3_reliable_core,1358.40923
E01032623,2_below_reliable_threshold,97.07399
E01032637,0_no_recorded_activity,
E01032638,0_no_recorded_activity,
E01032639,3_reliable_core,3564.7892
E01032640,3_reliable_core,1057.26476
E01032646,3_reliable_core,1044.1324
E01032719,3_reliable_core,810.62946
E01032739,3_reliable_core,69685.65898
E01032740,3_reliable_core,11892.39584
E01032741,3_reliable_core,9231.52506
E01032742,3_reliable_core,515.49217
E01032743,2_below_reliable_threshold,122.48287
E01032744,3_reliable_core,3447.0321400000003
E01032764,3_reliable_core,1649.32848
E01032765,2_below_reliable_threshold,204.51349
E01032767,3_reliable_core,5623.1470500000005
E01032768,0_no_recorded_activity,
E01032769,3_reliable_core,1884.65913
E01032770,0_no_recorded_activity,
E01032771,3_reliable_core,5071.88023
E01032772,0_no_recorded_activity,
E01032774,0_no_recorded_activity,
E01032775,0_no_recorded_activity,
E01032776,2_below_reliable_threshold,30.43042
E01032777,2_below_reliable_threshold,248.35453
E01032779,0_no_recorded_activity,
E01032780,3_reliable_core,1003.4156
E01032781,3_reliable_core,1566.34777
E01032782,2_below_reliable_threshold,343.41903
E01032783,3_reliable_core,2898.55425
E01032784,2_below_reliable_threshold,94.63612
E01032785,0_no_recorded_activity,
E01032786,3_reliable_core,694.36688
E01032787,0_no_recorded_activity,
E01032788,3_reliable_core,746.1322
E01032789,0_no_recorded_activity,
E01032790,2_below_reliable_threshold,269.15905
E01032803,0_no_recorded_activity,
E01032834,0_no_recorded_activity,
E01033000,0_no_recorded_activity,
E01033030,0_no_recorded_activity,
E01033081,3_reliable_core,1201.89746
E01033082,3_reliable_core,5874.84297
E01033083,3_reliable_core,2508.07352
E01033084,3_reliable_core,19120.07088
E01033086,0_no_recorded_activity,
E01033098,3_reliable_core,2838.35634
E01033099,2_below_reliable_threshold,294.29058
E01033100,3_reliable_core,3896.9946
E01033132,3_reliable_core,3528.36238
E01033133,3_reliable_core,644.03455
E01033135,0_no_recorded_activity,
E01033146,2_below_reliable_threshold,105.5818
E01033148,2_below_reliable_threshold,301.87949
E01033150,3_reliable_core,838.83866
E01033151,3_reliable_core,479.0769
E01033208,3_reliable_core,21567.97679
E01033320,3_reliable_core,486.73323
E01033322,3_reliable_core,550.79433
E01033324,2_below_reliable_threshold,140.26959
E01033325,2_below_reliable_threshold,53.40987
E01033327,3_reliable_core,16671.75065
E01033341,2_below_reliable_threshold,397.59121
E01033455,3_reliable_core,3183.94071
E01033456,3_reliable_core,1469.09136
E01033457,3_reliable_core,794.61756
E01033463,3_reliable_core,869.9005
E01033485,0_no_recorded_activity,
E01033486,3_reliable_core,967.91811
E01033487,0_no_recorded_activity,
E01033488,3_reliable_core,1653.33574
E01033489,2_below_reliable_threshold,233.50411
E01033490,3_reliable_core,3035.33146
E01033491,3_reliable_core,5751.36213
E01033493,0_no_recorded_activity,
E01033494,0_no_recorded_activity,
E01033569,3_reliable_core,969.90718
E01033570,2_below_reliable_threshold,278.1939
E01033571,2_below_reliable_threshold,246.03896
E01033579,3_reliable_core,1566.54197
E01033580,0_no_recorded_activity,
E01033581,3_reliable_core,1123.80503
E01033582,3_reliable_core,687.28113
E01033584,2_below_reliable_threshold,403.33898
E01033586,3_reliable_core,688.25416
E01033587,2_below_reliable_threshold,199.81782
E01033589,3_reliable_core,6594.9838500000005
E01033590,2_below_reliable_threshold,337.64404
E01033591,3_reliable_core,2195.71424
E01033592,0_no_recorded_activity,
E01033593,3_reliable_core,1935.19939
E01033594,3_reliable_core,5649.75815
E01033597,1_matched_stop_no_activity,
E01033598,3_reliable_core,1306.67519
E01033599,2_below_reliable_threshold,72.86918
E01033601,3_reliable_core,928.17531
E01033602,0_no_recorded_activity,
E01033603,0_no_recorded_activity,
E01033604,3_reliable_core,2938.0726
E01033605,0_no_recorded_activity,
E01033699,3_reliable_core,14517.62592
E01033700,3_reliable_core,9648.14152
E01033702,2_below_reliable_threshold,303.98615
E01033703,3_reliable_core,1970.69748
E01033704,3_reliable_core,2780.66647
E01033705,3_reliable_core,1142.19416
E01033706,3_reliable_core,7372.31438
E01033708,3_reliable_core,16878.26441
E01033709,3_reliable_core,1329.62039
E01033710,0_no_recorded_activity,
E01033711,3_reliable_core,5666.16119
E01033712,3_reliable_core,2690.27993
E01033713,2_below_reliable_threshold,267.9037
E01033727,3_reliable_core,1233.28915
E01033728,0_no_recorded_activity,
E01033729,3_reliable_core,643.35607
E01033732,3_reliable_core,3306.02715
E01033734,0_no_recorded_activity,
E01033735,3_reliable_core,14152.96928
E01033736,0_no_recorded_activity,
E01033737,3_reliable_core,1781.45519
E01033738,3_reliable_core,3291.2478
E01033739,0_no_recorded_activity,
E01033740,3_reliable_core,1222.99868
E01033741,3_reliable_core,2660.46502
E01033742,2_below_reliable_threshold,145.23532
E01033743,3_reliable_core,3353.53602
E01033744,3_reliable_core,733.04378
E01033745,3_reliable_core,594.15967
E01033746,2_below_reliable_threshold,392.43455
E01033784,3_reliable_core,512.01875
E01033785,3_reliable_core,1534.36489
E01033786,2_below_reliable_threshold,421.77346
E01033787,0_no_recorded_activity,
E01033788,3_reliable_core,3956.42515
E01033789,0_no_recorded_activity,
E01033790,3_reliable_core,881.97772
E01033791,3_reliable_core,1848.7842
E01033792,2_below_reliable_threshold,74.61646999999999
E01033862,3_reliable_core,815.01261
E01033863,0_no_recorded_activity,
E01033864,0_no_recorded_activity,
E01033865,3_reliable_core,1076.75801
E01033866,3_reliable_core,3043.41457
E01033867,2_below_reliable_threshold,288.80122
E01033868,3_reliable_core,1702.8505
E01033869,3_reliable_core,895.31947
E01033870,2_below_reliable_threshold,341.47013
E01033871,3_reliable_core,1011.53614
E01033872,3_reliable_core,1327.69646
E01033873,3_reliable_core,15437.15443
E01033874,3_reliable_core,8342.0527
E01033875,2_below_reliable_threshold,207.583
E01033876,3_reliable_core,2585.79512
E01033877,2_below_reliable_threshold,168.92447
E01033878,0_no_recorded_activity,
E01033879,3_reliable_core,1828.21413
E01033880,3_reliable_core,6092.62288
E01033881,3_reliable_core,546.71782
E01033882,0_no_recorded_activity,
E01033883,3_reliable_core,1674.4407
E01033884,3_reliable_core,17401.76873
E01033885,3_reliable_core,3066.44518
E01033911,2_below_reliable_threshold,277.18121
E01033912,2_below_reliable_threshold,52.61951
E01033913,3_reliable_core,809.17035
E01033914,0_no_recorded_activity,
E01033915,2_below_reliable_threshold,31.96664
E01033916,3_reliable_core,874.96994
E01033917,0_no_recorded_activity,
E01033918,3_reliable_core,1185.33516
E01033919,0_no_recorded_activity,
E01033920,0_no_recorded_activity,
E01033921,0_no_recorded_activity,
E01033922,3_reliable_core,1527.58706
E01033923,2_below_reliable_threshold,128.58365
E01033924,3_reliable_core,2712.86595
E01033925,3_reliable_core,830.85463
E01033926,3_reliable_core,987.44612
E01033927,3_reliable_core,7731.94223
E01033928,1_matched_stop_no_activity,
E01033929,3_reliable_core,1413.35679
E01033930,2_below_reliable_threshold,438.70581
E01033931,3_reliable_core,8495.92408
E01033932,0_no_recorded_activity,
E01033933,3_reliable_core,925.19574
E01033934,3_reliable_core,1007.24032
E01033935,0_no_recorded_activity,
E01033936,3_reliable_core,8902.69177
E01033937,3_reliable_core,842.0041699999999
E01033938,3_reliable_core,5692.42944
E01033939,2_below_reliable_threshold,281.47393
E01033940,2_below_reliable_threshold,142.55034
E01033941,3_reliable_core,3542.96131
E01033942,2_below_reliable_threshold,377.98571
E01033943,3_reliable_core,853.15795
E01033944,3_reliable_core,9060.44162
E01033945,0_no_recorded_activity,
E01033946,0_no_recorded_activity,
E01034026,3_reliable_core,2283.47507
E01034027,3_reliable_core,1430.07608
E01034028,2_below_reliable_threshold,22.61083
E01034029,3_reliable_core,1185.87347
E01034030,3_reliable_core,17927.24689
E01034031,0_no_recorded_activity,
E01034032,3_reliable_core,739.57383
E01034033,3_reliable_core,680.32348
E01034034,3_reliable_core,649.0417
E01034035,0_no_recorded_activity,
E01034036,3_reliable_core,10647.54344
E01034037,3_reliable_core,7678.94872
E01034038,3_reliable_core,2450.06706
E01034039,3_reliable_core,1079.36779
E01034040,3_reliable_core,8348.536470000001
E01034041,0_no_recorded_activity,
E01034042,3_reliable_core,1661.56129
E01034043,0_no_recorded_activity,
E01034044,3_reliable_core,2780.11169
E01034045,3_reliable_core,682.12472
E01034046,3_reliable_core,2674.82144
E01034139,0_no_recorded_activity,
E01034140,3_reliable_core,1992.52816
E01034141,2_below_reliable_threshold,46.03189
E01034142,2_below_reliable_threshold,103.78773
E01034143,3_reliable_core,26122.63791
E01034144,1_matched_stop_no_activity,
E01034145,3_reliable_core,1651.71984
E01034146,3_reliable_core,603.71722
E01034147,0_no_recorded_activity,
E01034148,3_reliable_core,2743.80782
E01034149,3_reliable_core,15769.2828
E01034150,3_reliable_core,14429.11087
E01034151,0_no_recorded_activity,
E01034152,3_reliable_core,4203.44372
E01034153,3_reliable_core,588.13539
E01034154,2_below_reliable_threshold,407.3466
E01034155,3_reliable_core,4909.01661
E01034156,3_reliable_core,5427.66723
E01034173,3_reliable_core,1815.90856
E01034174,3_reliable_core,1831.03012
E01034175,3_reliable_core,541.88356
E01034176,1_matched_stop_no_activity,
E01034177,2_below_reliable_threshold,50.72257
E01034178,0_no_recorded_activity,
E01034179,3_reliable_core,777.35135
E01034180,3_reliable_core,931.07113
E01034181,0_no_recorded_activity,
E01034182,3_reliable_core,539.93897
E01034183,0_no_recorded_activity,
E01034184,0_no_recorded_activity,
E01034185,3_reliable_core,5062.38762
E01034186,3_reliable_core,3338.74982
E01034187,3_reliable_core,25908.30459
E01034188,3_reliable_core,36693.63697
E01034189,0_no_recorded_activity,
E01034190,3_reliable_core,1546.68828
E01034191,0_no_recorded_activity,
E01034192,3_reliable_core,2497.42204
E01034193,0_no_recorded_activity,
E01034194,0_no_recorded_activity,
E01034195,0_no_recorded_activity,
E01034196,0_no_recorded_activity,
E01034198,3_reliable_core,2408.31505
E01034199,2_below_reliable_threshold,310.19684
E01034200,3_reliable_core,2429.15876
E01034201,0_no_recorded_activity,
E01034202,3_reliable_core,3601.64916
E01034203,3_reliable_core,7032.03263
E01034204,3_reliable_core,858.29043
E01034205,3_reliable_core,2267.23568
E01034206,3_reliable_core,2202.60069
E01034207,3_reliable_core,525.89187
E01034208,2_below_reliable_threshold,226.61541
E01034209,3_reliable_core,16264.13759
E01034210,0_no_recorded_activity,
E01034211,2_below_reliable_threshold,204.19482
E01034212,3_reliable_core,1162.72975
E01034213,0_no_recorded_activity,12.11485
E01034214,0_no_recorded_activity,
E01034215,2_below_reliable_threshold,183.07292
E01034216,2_below_reliable_threshold,42.53075
E01034217,3_reliable_core,618.8499
E01034218,3_reliable_core,565.20749
E01034219,3_reliable_core,7884.65941
E01034220,3_reliable_core,41500.07678
E01034221,3_reliable_core,909.54879
E01034222,2_below_reliable_threshold,247.58902
E01034223,3_reliable_core,2889.91379
E01034224,3_reliable_core,1328.88338
E01034225,3_reliable_core,521.67635
E01034226,0_no_recorded_activity,
E01034227,2_below_reliable_threshold,449.84401
E01034228,0_no_recorded_activity,
E01034229,2_below_reliable_threshold,316.08254
E01034230,3_reliable_core,581.31287
E01034231,0_no_recorded_activity,
E01034383,3_reliable_core,7841.68755
E01034384,3_reliable_core,530.03264
E01034385,3_reliable_core,5524.63774
E01034386,3_reliable_core,12495.75399
E01034387,0_no_recorded_activity,
E01034388,2_below_reliable_threshold,222.4375
E01034389,0_no_recorded_activity,
E01034390,0_no_recorded_activity,
E01034391,2_below_reliable_threshold,131.52258
E01034392,2_below_reliable_threshold,270.43275
E01034393,3_reliable_core,1541.96487
E01034394,3_reliable_core,21060.7365
E01034395,1_matched_stop_no_activity,
E01034469,0_no_recorded_activity,
E01034470,3_reliable_core,866.32671
E01034471,3_reliable_core,3833.8644
E01034472,0_no_recorded_activity,
E01034473,3_reliable_core,19452.48988
E01034474,3_reliable_core,1872.1772
E01034475,3_reliable_core,1903.03314
E01034476,3_reliable_core,935.65879
E01034477,3_reliable_core,735.42055
E01034478,3_reliable_core,586.40764
E01034479,3_reliable_core,460.73622
E01034480,0_no_recorded_activity,
E01034481,2_below_reliable_threshold,424.36775
E01034482,3_reliable_core,7976.10559
E01034483,3_reliable_core,2223.84346
E01034484,3_reliable_core,16882.38761
E01034485,3_reliable_core,2343.79646
E01034486,3_reliable_core,1451.48851
E01034487,3_reliable_core,1773.73419
E01034488,0_no_recorded_activity,
E01034576,0_no_recorded_activity,
E01034577,0_no_recorded_activity,
E01034578,3_reliable_core,1367.54107
E01034579,3_reliable_core,805.12766
E01034580,3_reliable_core,3063.68214
E01034581,3_reliable_core,862.35128
E01034589,3_reliable_core,2652.6373
E01034590,0_no_recorded_activity,
E01034591,2_below_reliable_threshold,266.27977
E01034592,3_reliable_core,1055.8177
E01034593,2_below_reliable_threshold,118.95193
E01034594,3_reliable_core,935.69405
E01034595,3_reliable_core,1387.97396
E01034596,0_no_recorded_activity,
E01034597,3_reliable_core,931.36952
E01034598,3_reliable_core,3207.0282
E01034599,2_below_reliable_threshold,319.57762
E01034600,0_no_recorded_activity,
E01034601,2_below_reliable_threshold,157.60597
E01034602,3_reliable_core,1615.98735
E01034603,2_below_reliable_threshold,211.80926
E01034604,1_matched_stop_no_activity,
E01034605,3_reliable_core,1084.20568
E01034606,0_no_recorded_activity,319.56957
E01034607,3_reliable_core,2394.45883
E01034608,3_reliable_core,1093.86707
E01034609,3_reliable_core,5610.46523
E01034610,3_reliable_core,588.7019
E01034611,0_no_recorded_activity,
E01034612,3_reliable_core,1343.47891
E01034613,2_below_reliable_threshold,207.20082
E01034614,0_no_recorded_activity,
E01034615,3_reliable_core,571.61385
E01034616,3_reliable_core,16303.23848
E01034617,3_reliable_core,1274.58925
E01035484,3_reliable_core,2386.97206
E01035485,3_reliable_core,2954.28128
E01035486,3_reliable_core,765.24788
E01035487,2_below_reliable_threshold,417.0192
E01035488,3_reliable_core,731.87893
E01035489,3_reliable_core,948.94734
E01035490,3_reliable_core,3101.10498
E01035491,3_reliable_core,663.93662
E01035492,2_below_reliable_threshold,30.82892
E01035493,3_reliable_core,13597.84635
E01035494,2_below_reliable_threshold,337.86507
E01035495,0_no_recorded_activity,
E01035496,3_reliable_core,971.60748
E01035497,0_no_recorded_activity,
E01035498,2_below_reliable_threshold,411.61405
E01035499,2_below_reliable_threshold,40.44028
E01035638,3_reliable_core,1904.57104
E01035639,3_reliable_core,3011.24715
E01035640,2_below_reliable_threshold,291.87885
E01035641,2_below_reliable_threshold,410.89354
E01035642,3_reliable_core,1481.74328
E01035643,3_reliable_core,763.04349
E01035644,0_no_recorded_activity,
E01035645,3_reliable_core,908.61831
E01035646,0_no_recorded_activity,
E01035647,0_no_recorded_activity,
E01035648,2_below_reliable_threshold,86.15091
E01035649,3_reliable_core,1849.73044
E01035650,3_reliable_core,1132.52816
E01035651,2_below_reliable_threshold,269.04051
E01035652,3_reliable_core,6104.6724
E01035653,0_no_recorded_activity,
E01035654,0_no_recorded_activity,
E01035655,3_reliable_core,5517.37758
E01035656,0_no_recorded_activity,
E01035657,3_reliable_core,453.74538
E01035658,3_reliable_core,472.08687
E01035659,3_reliable_core,1215.1142
E01035660,3_reliable_core,2622.10893
E01035661,3_reliable_core,945.61603
E01035662,0_no_recorded_activity,
E01035663,3_reliable_core,2767.65156
E01035664,0_no_recorded_activity,
E01035665,3_reliable_core,787.87023
E01035666,0_no_recorded_activity,
E01035667,2_below_reliable_threshold,310.53177
E01035668,2_below_reliable_threshold,68.38423999999999
E01035669,3_reliable_core,2626.11299
E01035670,3_reliable_core,2697.05471
E01035671,2_below_reliable_threshold,312.27018
E01035672,2_below_reliable_threshold,216.664
E01035673,0_no_recorded_activity,
E01035674,2_below_reliable_threshold,363.8539
E01035675,3_reliable_core,1794.03203
E01035676,3_reliable_core,2299.5321
E01035677,0_no_recorded_activity,
E01035678,2_below_reliable_threshold,258.88046
E01035679,3_reliable_core,891.53938
E01035680,2_below_reliable_threshold,45.98119
E01035681,2_below_reliable_threshold,147.10755
E01035682,2_below_reliable_threshold,426.63332
E01035683,0_no_recorded_activity,
E01035684,0_no_recorded_activity,
E01035685,2_below_reliable_threshold,122.42843
E01035686,0_no_recorded_activity,
E01035687,3_reliable_core,4634.43447
E01035688,0_no_recorded_activity,
E01035689,0_no_recorded_activity,
E01035690,3_reliable_core,1568.31183
E01035691,3_reliable_core,1276.43539
E01035692,0_no_recorded_activity,
E01035693,2_below_reliable_threshold,96.59751
E01035694,3_reliable_core,2867.21957
E01035695,3_reliable_core,2030.75629
E01035696,2_below_reliable_threshold,20.53091
E01035697,2_below_reliable_threshold,45.05583
E01035698,0_no_recorded_activity,
E01035699,0_no_recorded_activity,
E01035700,0_no_recorded_activity,
E01035701,0_no_recorded_activity,
E01035702,3_reliable_core,1198.67168
E01035703,2_below_reliable_threshold,148.71860999999998
E01035704,2_below_reliable_threshold,96.76393
E01035705,3_reliable_core,1243.97577
E01035706,3_reliable_core,579.31371
E01035707,3_reliable_core,987.41549
E01035708,3_reliable_core,17516.49106
E01035709,3_reliable_core,727.16499
E01035710,3_reliable_core,15624.48354
E01035711,3_reliable_core,16498.68391
E01035712,3_reliable_core,586.24772
E01035713,3_reliable_core,2475.71441
E01035714,3_reliable_core,2092.58376
E01035715,3_reliable_core,465.42131
E01035716,3_reliable_core,33282.96267
E01035717,3_reliable_core,1090.5444
E01035718,3_reliable_core,29642.22741
E01035719,3_reliable_core,567.44575
E01035720,3_reliable_core,842.44123
E01035721,3_reliable_core,531.8623699999999
E01035722,2_below_reliable_threshold,55.46115
