unit,cluster,max_posterior,entropy
E01000001,0,0.9999999999195666,1.9500525566705134e-09
E01000002,2,0.9999999767986625,4.310589786185964e-07
E01000005,0,0.9999999997948663,4.781087673455777e-09
E01000007,1,0.9924333044880361,0.04449372762710501
E01000009,0,0.999999999216783,1.7205300397311184e-08
E01000011,2,0.9420786818659784,0.24998783334517177
E01000012,0,0.9999999391193218,1.0723735458265699e-06
E01000013,2,0.995818607970603,0.02707458636137423
E01000016,2,0.9999999999970299,8.179421458175991e-11
E01000017,2,0.9997718387622125,0.002141371684108851
E01000018,2,0.9999998555087577,2.4202350334286474e-06
E01000019,2,0.9999997457833313,4.1145177473412495e-06
E01000020,2,0.9999999999023288,2.350286445357454e-09
E01000021,2,0.9999972208726113,3.833353932528829e-05
E01000024,0,0.9999999998337614,3.909601180260951e-09
E01000027,2,0.9979129886533188,0.01496591241521611
E01000029,2,0.9999999999998863,3.703958164287825e-12
E01000030,2,0.9999967386897911,4.446268142895403e-05
E01000031,2,0.9999979457964865,2.8955275951725676e-05
E01000032,0,0.9999999550044275,8.061721405267061e-07
E01000034,2,0.9999985956664743,2.0329057907125534e-05
E01000035,2,0.9993592950891621,0.005351565386209175
E01000036,2,0.891157757133015,0.3440882890894282
E01000038,2,0.9999540408859122,0.0005049865850783698
E01000040,2,0.998988919367765,0.00798372509585352
E01000041,2,0.999995965839952,5.414129382735656e-05
E01000042,2,0.9999071737026198,0.0009546937923947354
E01000043,2,0.9999989095267784,1.6061469403469617e-05
E01000045,2,0.9988586976589104,0.008873642132217772
E01000049,2,0.999999999997172,7.7912433611801e-11
E01000050,0,0.9999999999668461,8.333067017408042e-10
E01000052,0,0.9999999991533315,1.8533326519229442e-08
E01000053,2,0.9999997387905694,4.220607893039285e-06
E01000057,2,0.9999893041377017,0.00013311694002677947
E01000058,2,0.9999569110253543,0.0004762289074668039
E01000060,0,0.999999999987736,3.2023693605028996e-10
E01000061,0,0.9999999977662668,4.6728909053500264e-08
E01000062,2,0.9999999873563326,2.425827983327368e-07
E01000063,1,0.5204591900007649,0.69230978988181
E01000064,2,0.9999906897093617,0.00011716428768081404
E01000065,2,0.9999996304643702,5.842735120521684e-06
E01000067,0,0.9999999761093225,4.431667790641573e-07
E01000068,0,0.9999997383834711,4.22677759757187e-06
E01000069,2,0.9999999999984084,4.495449033287101e-11
E01000070,0,0.9999999988839647,2.4121284085566778e-08
E01000071,2,0.9999910699739417,0.00011275128457829979
E01000072,2,0.9999991106380695,1.3280629519019088e-05
E01000073,2,0.9999999992400177,1.671979494685729e-08
E01000074,2,0.9999997101759555,4.65283295074412e-06
E01000075,2,0.9795650704140801,0.09972698936682811
E01000076,2,0.9999999999999574,1.2194179715854268e-12
E01000077,0,0.9999999997567812,5.627463137701272e-09
E01000078,2,0.9997980927511791,0.0019196535954049522
E01000079,2,0.999999877386522,2.0739124540886532e-06
E01000080,2,0.9999999998677112,3.1413410412340967e-09
E01000081,0,0.6638543672671814,0.6384457352468549
E01000082,0,0.9999999925379512,1.471025237479439e-07
E01000083,0,0.9999999998740776,2.99621487666088e-09
E01000084,0,0.9171172260011311,0.2857542725965424
E01000085,2,0.9980117124591146,0.014354417038399368
E01000086,2,0.9999958499236354,5.5602299838507695e-05
E01000087,2,0.9135471923392495,0.2942531704821156
E01000088,2,0.9999988455761424,1.6937601370879862e-05
E01000090,2,0.5554004276041788,0.6869966413541069
E01000091,0,0.9999999997927631,4.827963874537943e-09
E01000093,0,0.9999999998255049,4.0953992263629305e-09
E01000094,0,0.9999997539128761,3.9909377043811646e-06
E01000095,1,0.990376368106296,0.054267704225811404
E01000096,2,0.9998290361312844,0.0016538998215508338
E01000097,0,0.999999998638998,2.9145826338243833e-08
E01000098,0,0.9999922998292474,9.836439938331355e-05
E01000099,0,0.9999999978871301,4.431802593924049e-08
E01000101,1,0.9999992183099238,1.1773665160887233e-05
E01000102,2,0.9999982191025878,2.53571160894484e-05
E01000104,2,0.999909390230467,0.000934087344358037
E01000105,2,0.8526567653404179,0.4180728444405452
E01000106,2,0.9999952120414347,6.343759799600179e-05
E01000108,2,0.9999999995427373,1.0291818871657319e-08
E01000110,0,0.9920904054188759,0.04615812777228092
E01000111,0,0.9999999995197584,1.078454301281079e-08
E01000112,0,0.999999999951612,1.197738750351229e-09
E01000113,0,0.9999999993964082,1.3416830525911847e-08
E01000114,0,0.9999999992068354,1.7413865615220834e-08
E01000117,2,0.9999998448824079,2.587219483247178e-06
E01000118,2,0.9996222702641695,0.003354671691525826
E01000120,2,0.9998393058028396,0.0015645069813013978
E01000121,2,0.9999999993255102,1.4918151219097857e-08
E01000123,2,0.9999999035369929,1.6547372796773253e-06
E01000124,2,0.9999973320987497,3.690832522234881e-05
E01000126,0,0.9999999999784706,5.504714111091999e-10
E01000127,0,0.9999926320277561,9.444535269878291e-05
E01000128,0,0.9997636590691731,0.002209815389004607
E01000129,0,0.9999999925375818,1.471743758549483e-07
E01000130,0,0.9999999966307911,6.909774510698266e-08
E01000131,0,0.9955162983343889,0.028718383122941046
E01000133,2,0.9999364505919184,0.0006776693512459703
E01000134,2,0.9999997446095008,4.132339106868456e-06
E01000135,0,0.9999999788958294,3.940949215676677e-07
E01000136,0,0.9999999607241542,7.090334165105079e-07
E01000137,2,0.9999999999700435,7.557434496437967e-10
E01000138,0,0.9999998857430151,1.9406338664662386e-06
E01000139,0,0.9999999999945146,1.478072265488969e-10
E01000140,0,0.9999999999968736,8.607312017670055e-11
E01000141,0,0.9999999999913882,2.27851002398335e-10
E01000143,2,0.9999966711899599,4.531473824301639e-05
E01000144,0,0.9999999999658797,8.565265640203264e-10
E01000145,0,0.9997699611946583,0.002157107812133749
E01000146,0,0.9999999999960778,1.0680060260490367e-10
E01000150,0,0.9997781428204942,0.0020884227820172157
E01000151,0,0.9999999999792379,5.313016909918455e-10
E01000152,2,0.9999964203617799,4.846918594852037e-05
E01000154,0,0.9999999999648423,8.813022097629438e-10
E01000156,0,0.9999999999681393,8.020520803222165e-10
E01000158,2,0.9999780397646273,0.0002575115700875208
E01000160,2,0.9999319501512722,0.0007210042093406389
E01000161,0,0.9999999999757279,6.174988100973231e-10
E01000162,0,0.9999999999574385,1.0588975800855819e-09
E01000164,0,0.9999999999944009,1.5073677854340868e-10
E01000167,2,1.0,1.6108915043332451e-13
E01000170,2,0.9999999834050614,3.138799812803712e-07
E01000171,2,0.9956304713161206,0.0281000552127063
E01000172,2,0.999999358434202,9.79108743284994e-06
E01000173,2,0.9999999999999716,1.0090388513743015e-12
E01000174,2,0.9981811312589801,0.013293439657910326
E01000175,2,0.9999999999944578,1.4931152260213668e-10
E01000176,2,0.9999999996910987,7.073739652387197e-09
E01000178,0,0.999999999881183,2.834074848962478e-09
E01000181,0,0.9999999939815609,1.1994704366649392e-07
E01000182,0,0.999999999945345,1.3461243061452567e-09
E01000183,0,0.9999910704810729,0.00011274538800412958
E01000184,0,0.999999985023223,2.8480995534648594e-07
E01000185,0,0.8767720545437804,0.3733074886691687
E01000186,0,0.9999915666243366,0.00010696311122857961
E01000187,2,0.9999999999811138,4.853842907404599e-10
E01000188,2,0.9999999521615603,8.54176327735095e-07
E01000189,2,0.9999999887475326,2.17203196558487e-07
E01000190,2,0.999999999999531,1.3805864266171191e-11
E01000191,0,0.999999967873905,6.077312353859811e-07
E01000192,0,0.9999998557958028,2.415714133791314e-06
E01000193,0,0.999999999907061,2.2541566333417713e-09
E01000194,0,0.999999883444438,1.9774841184283906e-06
E01000195,1,1.0,-0.0
E01000196,0,0.9999999999843538,4.048644750151435e-10
E01000197,0,0.9999999990311039,2.1078330712039488e-08
E01000198,2,0.9999980725196127,2.729176564138657e-05
E01000200,2,0.9999984672760243,2.2053544345932015e-05
E01000201,0,0.9999998790667137,2.0471639030448225e-06
E01000202,0,0.9999999977006127,4.8035543638271226e-08
E01000203,0,0.9999999999915303,2.2434872476955274e-10
E01000204,2,0.9999999999956941,1.168260859021535e-10
E01000205,1,0.9999638471863362,0.00040591430902742545
E01000206,2,0.9999999999998721,4.018830533815498e-12
E01000208,0,0.999999999987196,3.3390308381497247e-10
E01000210,0,0.9999999999456293,1.3395176317858e-09
E01000211,0,0.9999999999969873,8.281394894303784e-11
E01000212,0,0.9999446249429516,0.0005981255724334253
E01000213,2,0.999999999996092,1.0673755029726883e-10
E01000214,0,0.9999999999933635,1.775043326294531e-10
E01000215,0,0.9999999997179714,6.483584518907377e-09
E01000218,0,0.9999999885567235,2.2069353916159652e-07
E01000219,0,0.9999999998357794,3.86403838327475e-09
E01000221,0,0.9999999999580638,1.043888898299689e-09
E01000222,0,0.9999999999962625,1.0390902360720001e-10
E01000223,0,0.9999999999389502,1.4969801045669497e-09
E01000224,0,0.999999997788791,4.6280075400999653e-08
E01000226,2,0.9999999953247851,9.43506981205734e-08
E01000227,2,0.9999999999991189,2.5502440960269006e-11
E01000228,2,0.9999999994914077,1.139228962380267e-08
E01000229,0,0.9999958921035021,5.505648292773712e-05
E01000230,0,0.9999999921034544,1.603529025438017e-07
E01000231,0,0.9966197536831181,0.022607474968645718
E01000232,0,0.9998352725798316,0.0015996927231666075
E01000233,2,0.9999910563880171,0.0001129092254905077
E01000234,2,0.9999992352571152,1.1535172039079785e-05
E01000235,2,0.9999992909821698,1.0748274259152126e-05
E01000236,0,0.9999999958979515,8.331999425272068e-08
E01000237,0,0.9999999999901519,2.5938890663362505e-10
E01000238,2,0.9999999999968168,8.835169669752047e-11
E01000239,0,0.9999999999604512,9.869372624863723e-10
E01000240,0,0.9999999767808989,4.3137114804087417e-07
E01000242,2,0.9999999985868726,3.02119489763656e-08
E01000243,2,0.9997572454225732,0.002263283027214915
E01000244,2,0.999797006540541,0.0019288916159052034
E01000245,2,0.9994500190719318,0.004677781340622163
E01000246,2,0.9998072779933245,0.0018413004981990332
E01000248,2,0.9133654446095337,0.3048858123557274
E01000250,0,0.9999997194576447,4.51307985658044e-06
E01000251,2,0.9987279495481213,0.009752160614513065
E01000252,2,0.9999999960005823,8.133698474933595e-08
E01000253,2,0.9999999999913882,2.2813979909091764e-10
E01000255,2,0.9999950691321182,6.518603943609379e-05
E01000256,0,0.9999999985524681,3.090982039551056e-08
E01000257,2,0.9985985185392379,0.010608548039896692
E01000258,0,0.9999998686704232,2.2123197037665055e-06
E01000259,2,0.9999999984406287,3.3192369494784766e-08
E01000260,0,0.9999999915087443,1.6629476191846e-07
E01000261,2,0.9999999996705213,7.524994350993674e-09
E01000263,0,0.9999999945175944,1.0976714446048887e-07
E01000264,2,0.8511779734493896,0.4206603203975522
E01000265,2,0.7903000808287683,0.5135588145982064
E01000266,2,0.9999999999970726,8.075714538667248e-11
E01000268,0,0.9999999997851461,5.02097375167606e-09
E01000269,0,0.9999999885085771,2.2157379020184745e-07
E01000270,2,0.9999999999999005,3.074190857954868e-12
E01000271,0,0.9999999994244746,1.2820272976692544e-08
E01000273,2,0.9916330996617462,0.04835463156269376
E01000274,2,0.9992208822983468,0.0063552309737049005
E01000278,2,0.9999982814863544,2.4530150248913345e-05
E01000279,2,0.9999997565776949,3.9503740304527005e-06
E01000281,0,0.9999999999858886,3.6654221263233105e-10
E01000282,2,0.9999936029780062,8.290332507873464e-05
E01000284,0,0.9999999995227,1.0721451298644984e-08
E01000285,2,0.9999999416219242,1.0307424816581795e-06
E01000286,2,0.9999999999999147,2.4663542720636594e-12
E01000287,2,0.9999999963775679,7.402902310367704e-08
E01000288,2,0.9955590154710875,0.028487400177481914
E01000289,2,0.9999999999997016,9.123548043435735e-12
E01000290,2,0.999999997760014,4.685347859563849e-08
E01000292,0,0.7276449402973562,0.5855877337980514
E01000293,0,0.9999996362504455,5.989371262022662e-06
E01000294,1,1.0,-0.0
E01000296,0,0.9999999999731273,6.810928099235863e-10
E01000297,2,0.9999986883101221,1.9077471684915973e-05
E01000298,0,0.9999999997134097,6.58375783716836e-09
E01000299,0,0.999999999940016,1.4718278642779067e-09
E01000301,0,0.9999999991588311,1.8418448045332238e-08
E01000302,0,0.9999999999923546,2.0330718552464452e-10
E01000305,0,0.9999999997157545,6.5321496047957325e-09
E01000307,2,0.9460260786085153,0.21005399371461103
E01000308,0,0.9999999999784848,5.50132972323444e-10
E01000309,0,0.9999999999132427,2.0966004897255695e-09
E01000310,0,0.9999999999975699,6.7280480946282e-11
E01000311,0,0.999999999303057,1.5391411801100846e-08
E01000312,0,0.9999999150534826,1.4679815035183023e-06
E01000313,0,0.9999999996446576,8.086735175884026e-09
E01000314,0,0.9999999978487608,4.508404488931527e-08
E01000315,2,0.9999999999998579,4.584686944661442e-12
E01000316,0,0.999999999987935,3.153454376147839e-10
E01000318,0,0.9999998535784266,2.4605379549570153e-06
E01000321,0,0.9999999999724309,6.979848666840936e-10
E01000323,0,0.9999999999922835,2.0511261813285498e-10
E01000324,0,0.9999974626265459,3.5229856764167856e-05
E01000325,2,0.9999497827979237,0.0005473267977254468
E01000326,2,0.9999999999985931,4.081156400830723e-11
E01000327,0,0.9999999775392896,4.18027390472722e-07
E01000329,2,0.9999790110278786,0.0002470717477038618
E01000330,0,0.9999999977851388,4.635272651726625e-08
E01000331,0,0.9999997981324702,3.3137876104849692e-06
E01000332,2,0.9957901116903775,0.027230446984015597
E01000333,2,0.9999930559078594,8.942335114994659e-05
E01000334,2,0.9999999999956941,1.171352978008751e-10
E01000335,1,1.0,1.2125962966448907e-45
E01000336,2,0.9999999102743442,1.559927173490998e-06
E01000338,2,0.9999999999331948,1.6330911546109375e-09
E01000340,0,0.9999999985975734,2.999095035123306e-08
E01000343,0,0.9999994963306438,7.807552807979273e-06
E01000344,2,0.9999990779912326,1.373489801504359e-05
E01000345,2,0.9999999999998437,5.003808944735681e-12
E01000347,0,0.999999989741255,1.989697269804149e-07
E01000349,1,0.999996814600273,4.350278488226318e-05
E01000350,2,0.9999936790408239,8.199319761969546e-05
E01000352,0,0.9999999290757441,1.2384548472050466e-06
E01000353,2,0.9999982072203876,2.551437792962098e-05
E01000354,2,0.9999981161007394,2.6717773349791434e-05
E01000356,2,0.9987679110279024,0.009485148120360755
E01000358,2,0.9997779831627066,0.002089765966582802
E01000359,2,0.9999999946495421,1.0725572375764272e-07
E01000360,0,0.9999999999874944,3.2661317119417845e-10
E01000362,0,0.999999999993662,1.6989003784469863e-10
E01000363,2,0.9999999979304164,4.345348517164086e-08
E01000364,1,0.9995224493271375,0.004132105343588358
E01000365,1,1.0,1.9157806253635937e-17
E01000367,0,0.9999747531051724,0.0002925305888020814
E01000369,0,0.9999963625809729,4.9193307383856705e-05
E01000370,0,0.9999999999526779,1.1722161384209127e-09
E01000374,2,0.9999984780043931,2.19098695029471e-05
E01000375,0,0.6528552726862781,0.6456611728903595
E01000383,2,0.9999999693182251,5.61464361170782e-07
E01000384,0,0.9999999945850533,1.0848372587441533e-07
E01000385,2,0.9999998656912458,2.2594929959910567e-06
E01000386,0,0.9999999970170279,6.153977013269787e-08
E01000389,0,0.9999999995580708,9.961131436804913e-09
E01000392,0,0.9999999999916866,2.2053005355177885e-10
E01000394,1,0.9793489395369769,0.10056222345101953
E01000398,2,0.9999999998127151,4.386181339740771e-09
E01000399,0,0.9999999507370217,8.781663925762191e-07
E01000400,2,0.9999248910723443,0.0007883833829993842
E01000401,2,0.9999999999975273,6.846003702411623e-11
E01000402,2,0.9999999999971436,7.892266813413435e-11
E01000403,0,0.9999999984032826,3.393883834839922e-08
E01000404,2,0.9999087717386901,0.0009398427052363437
E01000405,1,1.0,-0.0
E01000406,2,0.9999128815637959,0.0009016340695746041
E01000407,2,0.9999999872331244,2.4482304614036054e-07
E01000408,1,1.0,1.9559880999109907e-50
E01000409,2,0.9999999518307885,8.599363954007604e-07
E01000410,2,0.9999999982305923,3.742962114905855e-08
E01000411,2,0.9999999970652951,6.059189545112013e-08
E01000412,2,0.9999999999989484,3.0445728304233176e-11
E01000413,0,0.9990086008617244,0.008530118324775902
E01000414,0,0.9999999999928519,1.905767210988685e-10
E01000416,0,0.9999987311077753,1.8498582249730365e-05
E01000417,0,0.9919940923644324,0.04662295017421076
E01000418,1,0.9999999441237024,9.890174439298116e-07
E01000420,2,0.9999999994357154,1.2714241352662915e-08
E01000421,2,0.9681853372652048,0.14099460918098136
E01000422,0,0.9999999998906475,2.6174177909659068e-09
E01000423,0,0.9997633612170178,0.002212303859295822
E01000426,0,0.9999999982534149,3.6967568133921744e-08
E01000427,1,0.6636695763416882,0.6385714123483981
E01000428,0,0.9999999998909317,2.6863108521912997e-09
E01000429,0,0.9997519066787712,0.0023076602545514247
E01000430,0,0.9999739448043761,0.00030107508959063237
E01000431,2,1.0,2.3169257932922994e-13
E01000433,0,0.9999999989237978,2.3299672505300147e-08
E01000434,0,0.9999999359856153,1.124358753306952e-06
E01000435,1,0.9671804621944701,0.14441052765897255
E01000436,2,0.9999999626167699,6.767151636773246e-07
E01000439,0,0.9999998788646354,2.0503803425329776e-06
E01000442,0,0.9999999988470449,2.4881851196124526e-08
E01000443,2,0.999996350311046,4.934695875268963e-05
E01000444,2,0.999714007523782,0.002619520075712314
E01000445,2,0.9999999753975576,4.5564856534272326e-07
E01000447,0,0.9999999955863075,8.943406832630626e-08
E01000448,2,0.9737796663908083,0.12134767134196052
E01000449,0,0.999999231038413,1.159457531089599e-05
E01000451,0,0.9999005152110126,0.0010162824901497954
E01000452,1,0.9748130746078427,0.11759094682843531
E01000454,0,0.9944088947711446,0.034574226852653864
E01000455,2,0.9999999999999858,5.163574232955929e-13
E01000457,0,0.9999999999828901,4.529851708431539e-10
E01000459,0,0.9999999944777613,1.1055554696537332e-07
E01000460,0,0.9841907254114175,0.08124721188638849
E01000461,2,0.999999996916813,6.350568993153823e-08
E01000462,2,0.951653344834008,0.19361799063804902
E01000463,2,0.9999999999961631,1.0524329626651476e-10
E01000465,2,0.981656064397878,0.09152207619838457
E01000466,2,0.9999122175389376,0.0009077237513585104
E01000467,0,0.9999999999001545,2.3991341825960304e-09
E01000469,0,0.9999999265712516,1.2796392248809157e-06
E01000470,0,0.9999999998974118,2.462269111760933e-09
E01000472,0,0.9999999999931077,1.8387640735674624e-10
E01000473,0,0.9999999999947278,1.422788629652297e-10
E01000474,0,0.9999999995452811,1.0236391892374424e-08
E01000475,0,0.9999999999859739,3.6449091099855136e-10
E01000476,2,0.9998316322366652,0.001631361730090717
E01000477,2,0.9999915696376519,0.00010692794622316817
E01000478,2,0.99999992193533,1.3556575873495711e-06
E01000479,0,0.9999999998366746,3.844004101787251e-09
E01000480,2,0.9999781818172291,0.00025598742832532914
E01000481,0,0.9999999928779459,1.4073237609300992e-07
E01000483,0,0.9999999998310045,3.97161087410071e-09
E01000485,2,0.9999999304365896,1.2160398379249302e-06
E01000487,2,0.9999996062800769,6.200160043949191e-06
E01000488,0,0.9999999965841369,7.000746532765084e-08
E01000489,0,0.9968055190886613,0.021545919708154226
E01000490,0,0.9999999999863007,3.563329227543929e-10
E01000491,2,0.9999992150667606,1.181926340572315e-05
E01000493,0,0.9999999998467359,3.6170095122780502e-09
E01000494,0,0.9998582375435188,0.0013979602490650097
E01000495,0,0.9999999994736015,1.1772912222424315e-08
E01000497,0,0.9999999999358806,1.569042940719186e-09
E01000498,2,0.9999999999003677,2.393978605628995e-09
E01000499,2,0.5316033905450015,0.6911483004175005
E01000501,2,0.999999705885714,4.717386952359305e-06
E01000502,2,0.9999999998893827,2.646604142331859e-09
E01000503,2,0.9999999999999858,2.7150698562317783e-13
E01000506,0,0.9999999825002989,3.3006325557621294e-07
E01000507,0,0.7957673789485347,0.5062144300461147
E01000508,0,0.9999999999208029,1.9211037029166077e-09
E01000510,0,0.9999985732050423,2.0631632618827653e-05
E01000511,1,0.9999834893385815,0.0001983177433254061
E01000512,0,0.9999999941185962,1.1734258847669944e-07
E01000513,0,0.9999999922232234,1.5298566509839311e-07
E01000515,0,0.9999999997428404,5.967863386659673e-09
E01000516,0,0.9999999999736104,6.692657512177686e-10
E01000518,0,0.9999999996563105,7.833142340824502e-09
E01000519,0,0.9999999994183071,1.295152608286233e-08
E01000520,2,0.9993392648354203,0.0054985237440553615
E01000521,0,0.9999999996443165,8.094252395212987e-09
E01000523,0,0.9999999978520435,4.5018359262604756e-08
E01000524,0,0.9999999999892992,2.809881549103554e-10
E01000525,0,0.9999999999598401,1.0211235902311421e-09
E01000526,0,0.999999999935028,1.5889750472432516e-09
E01000528,0,0.9999999994704183,1.1840751705237546e-08
E01000530,2,0.9999987814823078,1.7812139342360277e-05
E01000531,0,0.9999998027820051,3.242057991271669e-06
E01000532,0,0.9773746493133476,0.1080877556496264
E01000533,0,0.9999997938754958,3.379367072067338e-06
E01000535,0,0.9999404097338692,0.000639283691066345
E01000541,2,0.9998812743892684,0.0011918432088519988
E01000543,0,0.9999999999255635,1.810509618537079e-09
E01000544,0,0.9999999854258022,2.7755127677412455e-07
E01000545,0,0.9999999987070822,2.775422745060691e-08
E01000546,1,0.9978046043498714,0.015631863564295745
E01000547,0,0.9999932934402485,8.659792362409699e-05
E01000548,0,0.9999999999891571,2.8463773998497367e-10
E01000550,0,0.9999999999969589,8.376818435670601e-11
E01000551,0,0.999981786409457,0.00021698457657523627
E01000552,0,0.9999999963495441,7.457290613626605e-08
E01000553,1,0.9856077498472119,0.0753266554200592
E01000554,0,0.9999998655750578,2.2613312648867924e-06
E01000555,2,0.9999963283507657,4.962185465411306e-05
E01000556,0,0.9999999996308304,8.38751903575814e-09
E01000557,0,0.9999999997650946,5.443094045686647e-09
E01000558,0,0.9999999999397744,1.4775266861999334e-09
E01000559,0,0.9999999998707381,3.072411729712857e-09
E01000561,0,0.9999999998071871,4.5060475120103045e-09
E01000563,0,0.9999999998270113,4.0613241988512205e-09
E01000564,2,0.9998549456059626,0.0014270928840912022
E01000565,0,0.9999999998846221,2.755458752672013e-09
E01000567,2,0.9999999999994031,1.7256344975489928e-11
E01000568,0,0.9999999995882689,9.3319516211776e-09
E01000571,2,0.9998810584373692,0.0011937949102454196
E01000574,2,0.9999952164368453,6.3383754648774e-05
E01000575,2,0.9993625712391905,0.005327469749724416
E01000576,2,0.9999549143836912,0.0004962539859951187
E01000577,2,0.9999708412842866,0.0003336556732683729
E01000578,0,0.9999999999801332,5.095546854450379e-10
E01000580,0,0.9974717912754458,0.01764431577323229
E01000581,0,0.999999999997101,8.173616725074438e-11
E01000583,0,0.9999999999257199,1.8067255695239776e-09
E01000586,0,0.9999999999964899,9.601950492365306e-11
E01000587,2,0.9999999996544489,7.91237392554358e-09
E01000589,0,0.9999988722791321,1.657232926871817e-05
E01000590,2,0.9999402456314752,0.0006408798470060155
E01000591,0,0.9999999999747189,6.420745548405921e-10
E01000592,0,0.9999999999761258,6.079395632278723e-10
E01000594,0,0.9999999997448867,5.890404775989534e-09
E01000595,0,0.9999999740416147,4.793676167269518e-07
E01000596,2,0.9999999999999147,2.7727798352732077e-12
E01000599,0,0.9999999947647211,1.0506084173163728e-07
E01000601,2,0.9982436140831042,0.012898227831773572
E01000602,2,0.9999611593924025,0.00043330678511072394
E01000603,0,0.9903821741984926,0.05434083928298629
E01000604,2,0.999999954869666,8.084523354084052e-07
E01000605,0,0.9993946431664555,0.00509068153702638
E01000606,2,0.9999999995661852,9.786183087673366e-09
E01000608,0,0.9999999999729425,6.855598384425844e-10
E01000609,2,0.9999999999999716,7.221529633124085e-13
E01000611,1,1.0,-0.0
E01000612,0,0.9999999999655813,8.636875679749826e-10
E01000615,2,0.9999994532996868,8.429774793933855e-06
E01000616,0,0.999999999896616,2.4803937900048867e-09
E01000620,0,0.9999999999884466,3.0239975115877114e-10
E01000621,1,0.9999882440025039,0.00014519998437927448
E01000623,0,0.9999999993721502,1.3931109508125553e-08
E01000625,0,0.9999999998128573,4.379060254321623e-09
E01000626,0,0.9999999999802753,5.05913303298031e-10
E01000627,0,0.9999999999756284,6.200971310613285e-10
E01000628,0,0.9999999995095123,1.1004424882013917e-08
E01000631,1,0.9999208299428332,0.0008268420074672023
E01000633,0,0.999999999980318,5.049166806638678e-10
E01000634,0,0.9999999999707825,7.380161886374042e-10
E01000636,0,0.999999897023832,1.7597359254668374e-06
E01000638,0,0.9999999999543832,1.1316986027193655e-09
E01000640,0,0.9999999999721467,7.047403537045118e-10
E01000642,0,0.9999999999914309,2.2693707082568817e-10
E01000643,0,0.9999999999556763,1.1010241040075727e-09
E01000644,0,0.9999999999952252,1.2915233108105173e-10
E01000646,2,0.9999999896133858,2.013212316736426e-07
E01000648,2,0.9999947651453338,6.889157221837507e-05
E01000649,2,0.9999999681010513,5.825058502555726e-07
E01000650,2,0.9999999999999716,1.1194078506992687e-12
E01000651,2,0.9999999963724093,7.412897636766543e-08
E01000653,2,0.9999999999995026,1.4574534516664385e-11
E01000656,2,0.999999999991843,2.164365914922401e-10
E01000657,2,0.9999999971979037,5.798376561671004e-08
E01000659,2,0.999999999810754,4.428346732404035e-09
E01000661,0,0.8007328782196277,0.4993847587166006
E01000662,0,0.999999998357211,3.487119601017343e-08
E01000663,0,0.9999511584429466,0.0005336870347696331
E01000665,2,0.9986638862903771,0.010177608023841154
E01000666,2,0.9999999999985647,4.053657960013314e-11
E01000667,2,0.9366598793935101,0.23606076967208234
E01000668,0,0.9999999999822364,4.574727258617674e-10
E01000670,0,0.9999414893089796,0.0006287717896195906
E01000671,0,0.9999999745097913,4.7118575033931734e-07
E01000672,0,0.9999975740827276,3.379132857656499e-05
E01000673,2,0.9999999999999858,2.6757745370105496e-13
E01000674,0,0.9999999680295565,5.837307808341549e-07
E01000676,0,0.9999999999906919,2.520668768662162e-10
E01000677,2,0.9998277300163592,0.0016652239383444058
E01000678,0,0.9999999999679972,8.055006513718918e-10
E01000679,2,0.9999999999789395,5.388760925122024e-10
E01000683,2,0.9999926600212288,9.411449686406785e-05
E01000684,2,0.9999999999998832,3.5949851606710764e-12
E01000685,2,0.9999999999998579,4.456597478557241e-12
E01000686,2,0.9999152763890872,0.0008790984463215493
E01000687,2,0.9999999985893595,3.01600565308582e-08
E01000689,2,1.0,3.107360211885516e-14
E01000690,2,0.9999999627722225,6.740541172319892e-07
E01000691,0,0.9999933632538607,8.576590999726305e-05
E01000692,0,0.9999336763577383,0.0007044365481208768
E01000693,2,0.9999884014291536,0.00014341195481971225
E01000694,2,0.9999999994686135,1.1879757624842285e-08
E01000696,0,0.9999999918143203,1.6115642904009739e-07
E01000697,2,0.9999700129199922,0.0003422943906715354
E01000698,2,0.9999999999938609,1.6468754528370325e-10
E01000699,0,0.5296793899864397,0.6913844184214526
E01000700,2,0.9999999999991758,2.4124521067858235e-11
E01000702,0,0.999999998933049,2.3108501359543012e-08
E01000703,0,0.9999999999094769,2.1839757135163248e-09
E01000704,2,0.999999933384546,1.1673912713417196e-06
E01000706,2,0.9982671408895218,0.01274884486584164
E01000707,2,0.9999999998552198,3.4248220699834337e-09
E01000708,2,0.9999838732039255,0.0001940863180977966
E01000709,1,0.9999999938166795,1.230568560108575e-07
E01000710,2,0.9999999999259757,1.800760717393004e-09
E01000711,2,0.9999999019636524,1.6801404246865356e-06
E01000712,2,0.9994517690835317,0.004664650934859683
E01000713,2,1.0,5.691109173189997e-14
E01000714,0,0.9999999999900382,2.622046186927864e-10
E01000715,2,0.999900917146381,0.0010125776800267024
E01000716,2,0.9999999999999574,1.4807540784712179e-12
E01000717,2,0.9997793774537043,0.0020780320652661888
E01000718,0,0.8899206365340412,0.3466812388121611
E01000719,2,0.9999999999243414,1.8501062491529689e-09
E01000722,0,0.9999999999709814,7.33229548428273e-10
E01000727,0,0.9999999936907642,1.2543557489404264e-07
E01000728,1,0.9840661560372173,0.08176133836809028
E01000730,0,0.99999999990996,2.1727567455793024e-09
E01000732,2,0.999999994958074,1.0137035018582268e-07
E01000735,2,0.9999925854000979,9.499626936413978e-05
E01000736,2,0.9999999553746771,7.999076944908877e-07
E01000737,2,0.9999999980985592,4.008443712860752e-08
E01000738,0,0.99991030776068,0.0009255463840751619
E01000739,2,0.9999999999988916,3.16034723698721e-11
E01000741,0,0.9999999998338467,3.907542287909165e-09
E01000742,2,0.9999895943158738,0.00012979169185818698
E01000743,0,0.9999999999819948,4.6359132771976e-10
E01000744,2,0.9957185990108207,0.027620735902473333
E01000745,0,0.9999870457584794,0.000158742322549618
E01000747,2,0.9999999999938325,1.6611237395670043e-10
E01000749,2,0.9999999999998153,5.7864664115502565e-12
E01000751,2,0.9999999999091074,2.2410446118913303e-09
E01000752,2,0.999999083537724,1.365780426658028e-05
E01000753,2,0.9999999999942162,1.5534104524356933e-10
E01000754,0,0.9999954719225941,6.226306424916789e-05
E01000755,0,0.9999996701355063,5.252954674233699e-06
E01000756,2,0.9999999992027426,1.7499969228694195e-08
E01000757,2,0.9999999999737668,6.653034338662288e-10
E01000760,0,0.9999999981563263,3.92459246212855e-08
E01000761,2,0.9999999999916298,2.2186105593493928e-10
E01000762,2,0.999446143184846,0.00470694354296657
E01000763,0,0.9998982621509386,0.001037020029238895
E01000765,0,0.9999999300589788,1.2233084938564937e-06
E01000766,2,0.9999999940032325,1.1952803500564873e-07
E01000767,0,0.6729674418234239,0.6320571973577214
E01000769,2,0.9998451328008295,0.001513496253683567
E01000770,0,0.996226192929913,0.02482327898123078
E01000771,2,0.9999027029293786,0.0009960975423008622
E01000772,1,1.0,7.407662379551746e-49
E01000773,2,0.9999999997955342,4.766410314786998e-09
E01000774,2,0.944875288713687,0.21333698096496984
E01000775,2,0.9958956417134341,0.02665226980996134
E01000777,2,0.9982575244799798,0.012809942476949568
E01000778,2,0.9999990628900391,1.39446355399788e-05
E01000780,2,0.9994362051660668,0.004781283622209406
E01000781,0,0.9999999976141254,4.975440668537139e-08
E01000782,0,0.9999997224306968,4.468087265063975e-06
E01000784,2,0.9999996575338361,5.440792063810552e-06
E01000785,2,0.9999999999815543,4.744291418415081e-10
E01000787,2,0.9999999964735053,7.216255519686518e-08
E01000788,0,0.9999999659847424,6.189571072382314e-07
E01000789,2,0.9999999998824336,2.806651751848236e-09
E01000790,0,0.9404124713847303,0.22583108149213588
E01000791,2,0.9999999994512478,1.2250479088786734e-08
E01000792,2,0.9999999999999716,9.25039961837829e-13
E01000794,2,0.9999999892521174,2.0795602485715025e-07
E01000795,2,0.9999999926064191,1.4582139985369585e-07
E01000797,0,0.9999998829004324,1.986036990165579e-06
E01000798,0,0.9999005401794661,0.001016052392572953
E01000799,0,0.9999999999816112,4.728575235051024e-10
E01000800,0,0.9999992985248172,1.0641434628570537e-05
E01000801,0,0.9999999993888622,1.3576785039018436e-08
E01000802,2,0.999531020908051,0.00406357150862305
E01000803,2,0.9999985966411812,2.031641688758427e-05
E01000805,2,0.9994821283933538,0.00443584180294075
E01000806,0,0.9999999999695888,7.668346271568027e-10
E01000807,0,0.994991842117486,0.0315222429676268
E01000809,2,0.9999999999789253,5.404945514771193e-10
E01000813,0,0.9999999916960718,1.6281115358660217e-07
E01000816,2,0.9999994277966312,8.81171760975472e-06
E01000819,2,0.99994803654967,0.0005645799771700076
E01000820,2,0.9999999999987494,3.5669337782439334e-11
E01000822,1,0.6941870303322664,0.615709458142953
E01000823,2,0.9999988728420519,1.656450006537464e-05
E01000824,0,0.9999999974519937,5.2973849980911286e-08
E01000827,0,0.9999629396192082,0.0004151870192037109
E01000828,2,0.9999926625170771,9.408495588564274e-05
E01000830,0,0.8217133086262276,0.4687855469702976
E01000832,2,0.9999853313626326,0.00017792751340007108
E01000834,2,0.9999999999737668,6.660349800779316e-10
E01000835,0,0.9999999996226592,8.56496753855886e-09
E01000837,1,0.9997912244358961,0.001977970247355815
E01000838,0,0.9999999880218837,2.3202090385606158e-07
E01000840,2,0.9999805538582397,0.00023039532387559143
E01000843,2,0.9999999971891071,5.8157035536739365e-08
E01000846,2,0.9886987077545218,0.06781407187430806
E01000847,0,0.9991809836429761,0.006639763052984984
E01000848,2,0.999998547886622,2.0972133034779873e-05
E01000849,0,0.9999999999188276,1.9672446993983413e-09
E01000850,0,0.9999058713137995,0.0009667769708525856
E01000851,0,0.8577780584985139,0.4089765406585048
E01000855,0,0.9999999998186127,4.2499905984404745e-09
E01000856,0,0.9999999997492921,5.7930752943562924e-09
E01000858,0,0.9999999844933855,2.943465088573769e-07
E01000860,2,1.0,7.73452383061703e-14
E01000861,0,0.9999999992171951,1.7196739770745108e-08
E01000862,2,0.9998675137570803,0.0013154513354746201
E01000863,0,0.9999999969770954,6.232334050154515e-08
E01000867,0,0.999999999893987,2.5408738410847087e-09
E01000868,0,0.9993733753089131,0.00524788741664164
E01000869,0,0.9999999995552713,1.0021178287486502e-08
E01000871,0,0.9999999999477893,1.2882083565396673e-09
E01000872,0,0.9999999999509583,1.2130570818850631e-09
E01000873,2,0.9999999999996589,1.0129262350803904e-11
E01000874,0,0.9999999910749864,1.772605156343521e-07
E01000875,0,0.9999999998632347,3.2430560725324596e-09
E01000876,0,0.9999990535151755,1.4074712830498182e-05
E01000877,0,0.9999999999826912,4.463724666157895e-10
E01000879,2,0.9999999999996732,9.745687754093669e-12
E01000880,0,0.9999999993168274,1.510099930434249e-08
E01000881,0,0.9999999946286238,1.0765420581429174e-07
E01000883,0,0.9999999999414939,1.4369985044586371e-09
E01000884,0,0.8537293226593566,0.41618528309791014
E01000886,2,0.9999996711593838,5.237672648129594e-06
E01000887,0,0.9999999915926878,1.6473435931760745e-07
E01000888,2,0.9791837801450355,0.10119892106778236
E01000890,0,0.9999999999158149,2.0370984583692842e-09
E01000891,1,1.0,2.826202632095186e-16
E01000895,0,0.999999998625043,2.9430692279391546e-08
E01000896,0,0.9860529556379487,0.07343790674268437
E01000897,2,0.9999999999876081,3.236777473369137e-10
E01000898,0,0.9999999825509179,3.291591403476751e-07
E01000899,0,0.9999999995116582,1.0958338180162318e-08
E01000900,0,0.9999999950937308,9.877671444823273e-08
E01000901,2,0.9999999953937646,9.302752424435051e-08
E01000902,1,1.0,1.2497695319356258e-63
E01000903,0,0.9999966625144042,4.5424150843894224e-05
E01000904,0,0.9999999999112674,2.1425213668835696e-09
E01000906,0,0.9999999998621405,3.2678287699519098e-09
E01000907,2,1.0,2.3722144953450386e-15
E01000908,2,0.9999999960588752,8.020935483725995e-08
E01000909,0,0.9999999995606288,9.905948360531843e-09
E01000911,2,0.9999999286469884,1.2455117116156045e-06
E01000912,0,0.9999999999725588,6.94787741793943e-10
E01000913,0,0.9999999880672021,2.3368354364127573e-07
E01000914,0,0.999999980991561,3.569477092900123e-07
E01000916,0,0.9999978095105578,3.0735599564465536e-05
E01000917,1,0.7946732176298839,0.5076988232683213
E01000918,1,1.0,1.6430364992421258e-15
E01000919,1,0.9810059188029631,0.0940980100555712
E01000920,0,0.9999999999805453,4.992520312263343e-10
E01000921,0,0.9999999991764952,1.8049214315661224e-08
E01000922,0,0.9999999993749071,1.3872688957894435e-08
E01000924,0,0.9999999951414509,9.78634752689769e-08
E01000925,2,0.9999999999996732,9.991777364745274e-12
E01000926,0,0.9999999632965746,6.650804958928251e-07
E01000927,0,0.9999999999217124,1.8999405462307503e-09
E01000928,0,0.9999999999331521,1.6329777308434636e-09
E01000929,0,0.9999999989120028,2.3543136036118297e-08
E01000930,0,0.9999898253519522,0.0001271383965234015
E01000931,0,0.9999999989586144,2.2580091691732378e-08
E01000932,0,0.9999988006613252,1.7550809883267322e-05
E01000933,0,0.9999999999727294,6.907334890640505e-10
E01000934,0,0.9997901113249208,0.0019873998337585587
E01000935,1,0.9916907123093429,0.04807932666743941
E01000938,0,0.9999992203591913,1.174484606506476e-05
E01000942,0,0.9999998508924901,2.492868550743876e-06
E01000946,0,0.9999999999202913,1.933037728845694e-09
E01000947,0,0.9999999996451123,8.076933602105946e-09
E01000948,0,0.9999999658161306,6.218563387730488e-07
E01000952,1,1.0,9.389660949927166e-18
E01000954,0,0.9995544136824002,0.003883684337016729
E01000955,0,0.9999995796694523,6.5917178096039875e-06
E01000956,0,0.9999999998866826,2.7082454377814317e-09
E01000958,2,0.9999999841481754,3.00550390577737e-07
E01000959,0,0.9999998262138385,2.8788442250691417e-06
E01000960,0,0.9999999999697877,7.618942663526518e-10
E01000963,0,0.9999999999605507,9.843607640152728e-10
E01000969,0,0.999999999987935,3.1545148662124994e-10
E01000972,0,0.9999999958014598,8.518223948632043e-08
E01000973,0,0.9999999999792379,5.314998823385386e-10
E01000974,0,0.9999999992308375,1.6910718723178322e-08
E01000975,0,0.9999999988925907,2.3943471532397132e-08
E01000976,2,0.9994921252210099,0.004360115977884906
E01000977,0,0.9999999961049184,7.992926530567959e-08
E01000978,0,0.9999999953441971,9.397796222224334e-08
E01000979,0,0.9999968806492114,4.269316605465067e-05
E01000980,2,0.9999977389147984,3.165443446559758e-05
E01000981,2,0.999999999085972,1.996920701714257e-08
E01000982,2,0.9999999999961204,1.0666622599317e-10
E01000983,2,0.9999978627897649,3.0040644906371182e-05
E01000984,2,0.9999954996059957,5.990629064486435e-05
E01000985,2,0.9999993490975769,9.922946199026576e-06
E01000986,2,0.9999999940027067,1.1985184221888463e-07
E01000992,2,0.9991957607564435,0.006534613982073792
E01000993,2,0.9999999483041093,9.19043974832502e-07
E01000994,2,0.9999999999977547,6.236479571163948e-11
E01000995,1,0.9999999999993037,2.021501089568243e-11
E01000997,0,0.9999999995111182,1.096984310229086e-08
E01000998,0,0.9999999797315271,3.7930814220082893e-07
E01001000,0,0.9999999983389216,3.524122816520017e-08
E01001003,2,0.9998862721452192,0.0011465638969552576
E01001004,2,0.9999934862507422,8.429828598575863e-05
E01001005,0,0.9999999995499849,1.0135163121414111e-08
E01001006,2,0.9999998064179368,3.1858895621800943e-06
E01001007,0,0.9950260805219757,0.031340945314613594
E01001008,0,0.9985557411269973,0.010888898065912339
E01001010,0,0.9999978786220586,3.127526759098106e-05
E01001011,0,0.9999999999940741,1.5920351486467278e-10
E01001013,0,0.9999999999895408,2.750205192064985e-10
E01001015,1,0.9999972986503955,3.7337399679222666e-05
E01001016,2,0.9999999956815913,8.749539126672492e-08
E01001018,0,0.9999999990432684,2.082573381352378e-08
E01001019,2,0.9999997009504987,4.893997578635086e-06
E01001020,0,0.9832712906866514,0.0853415700525693
E01001021,0,0.9947537805866851,0.0327763846207799
E01001022,2,0.9999999999992184,2.256978420591776e-11
E01001023,0,0.9999999999212719,1.910300700638349e-09
E01001025,2,0.9999999999999858,6.831925777966728e-13
E01001026,2,0.999999999991914,2.1520956672039622e-10
E01001027,2,0.9999999999995168,1.4269164306702982e-11
E01001029,0,0.9857704858294043,0.07463791794924945
E01001032,2,1.0,1.430149641291812e-13
E01001033,0,0.9999999999862723,3.5718322023698463e-10
E01001034,2,0.9999993500095296,9.90995678385917e-06
E01001035,0,0.9999670221686282,0.00037329778954439896
E01001036,0,0.9985718501014844,0.010783475790161753
E01001037,0,0.999999999993122,1.8375526434509045e-10
E01001038,0,0.9999999992343334,1.683729446339267e-08
E01001040,0,0.9999999471052533,9.391442966914896e-07
E01001041,0,0.999999999884821,2.7509488145641975e-09
E01001042,0,0.999999999976751,5.926390877789849e-10
E01001044,0,0.9999999971840765,5.8255721741566145e-08
E01001047,2,1.0,1.203832870310207e-13
E01001049,0,0.9999999955514767,8.999660746043264e-08
E01001050,0,0.9999999185177335,1.4115075817460942e-06
E01001051,0,0.9999999898943344,1.9615257529745454e-07
E01001052,0,0.9999999074207907,1.59191804879558e-06
E01001053,0,0.9999999990002237,2.171866735529965e-08
E01001054,0,0.9999995753842987,6.654611611370786e-06
E01001055,0,0.9999999997144045,6.561866562998252e-09
E01001057,1,1.0,1.2356899831668346e-35
E01001058,2,0.9999999845437914,2.934404304212634e-07
E01001059,2,0.9999999996670539,7.598730657796899e-09
E01001060,2,0.9999999991559747,1.8478163070511206e-08
E01001061,0,0.9999993326464487,1.0157084696377949e-05
E01001062,0,0.9999999999947136,1.425572331647737e-10
E01001063,0,0.9999999997533706,5.70298911723045e-09
E01001064,0,0.9999999996045261,8.95788491116221e-09
E01001065,2,0.9690580830933593,0.13800127241524868
E01001066,0,0.9999110888912237,0.0009182587283503874
E01001068,2,0.9999999320624818,1.1895974027195722e-06
E01001070,2,0.999999978709923,3.973801763305228e-07
E01001071,2,0.9999999999849223,3.9074713343546095e-10
E01001073,2,0.999999999246036,1.659163923297419e-08
E01001074,0,0.9999999890494138,2.1741216663962082e-07
E01001075,2,0.9999999992932516,1.559869762161087e-08
E01001076,0,0.9999999991647144,1.8295603872972884e-08
E01001077,0,0.9999582903125682,0.00046234172002708224
E01001078,0,0.9999999932067141,1.3455697778748614e-07
E01001079,0,0.9990996842423896,0.0072136131985505
E01001080,0,0.9999999982497201,3.7042127435204006e-08
E01001081,0,0.9999999944584488,1.1089195773024636e-07
E01001082,0,0.9999999724287395,5.074902806616713e-07
E01001083,0,0.9999903694083914,0.00012086932823592101
E01001084,0,0.9999999999790532,5.361594722926227e-10
E01001085,0,0.9999999998105267,4.4310303003906086e-09
E01001087,0,0.9999999999288463,1.7336232376596525e-09
E01001089,2,0.9999140474442991,0.0008906122004250395
E01001090,0,0.9999984972886218,2.1651424259132268e-05
E01001091,0,0.9999998216880942,2.9492310463914167e-06
E01001092,2,0.9999999999993605,1.8533288119462495e-11
E01001093,0,0.9999999838347692,3.0617608703524414e-07
E01001094,2,0.9999999999105142,2.1602139963241185e-09
E01001095,0,0.9999999998389058,3.793609792549775e-09
E01001097,0,0.9962107042782316,0.024909610238384727
E01001099,2,0.9999994528800831,8.435822120407904e-06
E01001102,2,0.999999999728928,6.243124963301091e-09
E01001103,2,0.9999991836899859,1.2259728824957194e-05
E01001104,2,0.9999999983203622,3.5616292882201676e-08
E01001105,2,0.9999999370074468,1.1074249113853157e-06
E01001106,2,0.9999999999955378,1.2358321574912527e-10
E01001108,2,1.0,7.10777139374917e-14
E01001109,0,0.9999998690777631,2.2058645995021134e-06
E01001110,0,0.9999999999811848,4.833456884260423e-10
E01001111,0,0.9999999996240376,8.534848674546785e-09
E01001112,0,0.999999928167571,1.2533990185792392e-06
E01001113,2,0.9533400156125416,0.188560825956568
E01001114,0,0.9999999999052278,2.282101898927124e-09
E01001115,2,0.9999999943219677,1.1348492224041931e-07
E01001116,0,0.9999999997315143,6.185396899012412e-09
E01001118,0,0.9999999999604796,9.861338749173642e-10
E01001119,2,0.9999999999993605,1.8756881955180196e-11
E01001121,2,0.9999999999999716,1.04641074285355e-12
E01001122,0,0.9999983446714027,2.3690252062378316e-05
E01001123,0,0.9993725933451457,0.005253653548536333
E01001125,0,0.9999999998997424,2.4084299002145377e-09
E01001126,0,0.9999827985006942,0.00020591064044972544
E01001127,2,0.99984363251044,0.0015266507383173834
E01001129,2,0.9999999988574473,2.466785011866296e-08
E01001130,2,0.9999848065078413,0.00018375975411835286
E01001132,2,0.9999999999905356,2.5299041814342577e-10
E01001133,1,0.9667539969388144,0.14585056070397734
E01001134,0,0.9999999946140861,1.0793086550676956e-07
E01001135,0,0.9999999998371294,3.83359024412096e-09
E01001136,2,0.8661818994859333,0.39358083973995395
E01001137,0,0.9999999999616023,9.593046477074923e-10
E01001138,2,0.999999999977959,5.630810248070187e-10
E01001139,1,0.9951635299558367,0.030610734760326497
E01001140,0,0.9999998979681858,1.7447169900887324e-06
E01001142,2,0.9995844643860415,0.003650785553678896
E01001143,0,0.9999999944167115,1.1168546189328304e-07
E01001145,0,0.9999999869275626,2.5626060754578316e-07
E01001147,0,0.999999997596035,5.011334429874067e-08
E01001148,2,0.9999999982934753,3.6159343598324314e-08
E01001149,0,0.9995002517835532,0.0042984124891673366
E01001150,0,0.9979651445840225,0.014643455247464882
E01001151,0,0.9999839569512023,0.0001931619473163673
E01001152,0,0.9999999999035367,2.3212173003115534e-09
E01001154,0,0.9999999980256149,4.154698196491949e-08
E01001155,0,0.9999999999938183,1.655780984089411e-10
E01001156,0,0.999999999968253,7.99027106376286e-10
E01001157,0,0.9999999999614886,9.619734330115383e-10
E01001158,0,0.9999999996807389,7.299977912887653e-09
E01001159,0,0.999999999943995,1.3780593758218557e-09
E01001162,0,0.9999999980834957,4.038610330640932e-08
E01001163,1,1.0,6.661438242380224e-23
E01001164,0,0.9999999999762537,6.046600351386456e-10
E01001165,2,0.9999623343569986,0.00042135588443073643
E01001166,0,0.9999999975257765,5.1506852732875046e-08
E01001167,0,0.9999999999754152,6.250764869405629e-10
E01001168,0,0.9953857734889894,0.029421724828335917
E01001169,1,1.0,3.923914902162634e-89
E01001170,0,0.9999999999724025,6.984216194656951e-10
E01001171,0,0.9999999997212825,6.410796492856881e-09
E01001172,0,0.9999997821195545,3.5600182302075494e-06
E01001173,0,0.9999999900065006,1.9408706936785171e-07
E01001175,0,0.9999998536749182,2.4491065074442e-06
E01001176,2,0.9999506422052591,0.000538808945903673
E01001177,0,0.9999987188052124,1.8664082950223346e-05
E01001178,0,0.9999999996591526,7.771306524533304e-09
E01001180,0,0.9999999994741131,1.176237548295946e-08
E01001181,0,0.999999995220108,9.635704827351593e-08
E01001182,0,0.9999999999761116,6.08302288627404e-10
E01001183,0,0.9999999999968736,8.59964634568625e-11
E01001185,2,0.999999916480096,1.4447425895426973e-06
E01001186,2,0.9999521453445536,0.0005238801419274366
E01001187,2,0.9999990667955194,1.3890413884475451e-05
E01001191,2,0.9941959420492814,0.03567342509114323
E01001192,2,0.9993179477569837,0.005654256763257031
E01001193,2,0.9999899202628881,0.00012604689439790797
E01001195,2,0.9999999777379431,4.145282626182726e-07
E01001196,0,0.9999999923863783,1.4993757577730786e-07
E01001197,2,0.9999999998346567,3.889622467172134e-09
E01001199,0,0.9999999949211684,1.0207529204154675e-07
E01001202,0,0.9999999979294643,4.347181833058229e-08
E01001203,0,0.9999999683318072,5.785130684293962e-07
E01001204,2,0.9999948840303701,6.744519347462226e-05
E01001205,2,0.9998520983881612,0.0014524198236207232
E01001206,2,0.9999998913134279,1.8514539219532246e-06
E01001207,2,0.99999979819946,3.312802332893998e-06
E01001208,0,0.9999999998638174,3.2298808349607186e-09
E01001209,0,0.9999999999004814,2.3915168200025216e-09
E01001210,0,0.9999999971009998,5.989014571278251e-08
E01001211,1,0.9999622032135073,0.00042269157674632414
E01001212,0,0.9999999999671161,8.270518828758785e-10
E01001213,1,1.0,3.4158295332921774e-30
E01001214,0,0.9812951294443052,0.09295497712937878
E01001215,0,0.9999999818028017,3.425077494737844e-07
E01001216,0,0.9999998924329305,1.8334969138233766e-06
E01001218,2,0.9999969434353732,4.186948682590237e-05
E01001219,2,0.999999999999929,2.416895252264755e-12
E01001220,0,0.99999954158921,7.1491454309533234e-06
E01001225,0,0.9999999994241051,1.2828080036742807e-08
E01001226,0,0.9190206571274873,0.2811547964055588
E01001228,0,0.9999983286170432,2.390388227275457e-05
E01001229,0,0.9999999878020134,2.344695510593125e-07
E01001230,2,0.9999998615027674,2.3257225745608073e-06
E01001231,0,0.9999999960013355,8.132207637834536e-08
E01001232,0,0.9999864666744089,0.00016524662297422315
E01001233,0,0.9999999637373811,6.575310769363285e-07
E01001234,0,0.9999999980771435,4.0513609285399816e-08
E01001235,1,1.0,1.3211861687335578e-22
E01001236,1,1.0,6.802518904506834e-32
E01001237,2,0.9999999999999716,8.909495582426843e-13
E01001239,1,1.0,7.500879066330801e-128
E01001240,1,0.9999999999999858,3.746755367611349e-13
E01001241,0,0.9999999999664908,8.418196500377494e-10
E01001243,0,0.9999999996555005,7.850753846155682e-09
E01001244,0,0.9999999999864855,3.518188237993453e-10
E01001245,0,0.9999999999543832,1.1317422280612678e-09
E01001246,0,0.999917529288244,0.0008579449668906045
E01001247,0,0.9923384290752476,0.044956288232965345
E01001248,2,0.9999346729767079,0.0006948229319862524
E01001249,0,0.9999999081957938,1.5793634432698036e-06
E01001250,0,0.9999999999746478,6.440504206205557e-10
E01001251,0,0.9999999285279441,1.247470369096784e-06
E01001252,0,0.9999999999943725,1.5133795451052761e-10
E01001253,2,0.861140742934537,0.40288729328291545
E01001254,0,0.9999999997959605,4.756665482865619e-09
E01001257,0,0.9999999999886455,2.976007195678778e-10
E01001258,0,0.9999998855517228,1.9436913752280283e-06
E01001259,0,0.999999990673416,1.8177877266525623e-07
E01001260,0,0.9999986675241597,1.9358836816567134e-05
E01001261,0,0.9999999999896829,2.7128850294080563e-10
E01001262,0,0.9999997719240217,3.7161756804670514e-06
E01001263,2,0.9999983006500855,2.427566286880569e-05
E01001264,2,0.9999999999619575,9.511239016193212e-10
E01001266,1,0.9998964640136587,0.0010535345230221784
E01001267,0,0.9999999997421583,5.950588431372544e-09
E01001268,2,0.9999999970056734,6.176340507022142e-08
E01001269,2,0.9999997585751721,3.920308328858115e-06
E01001271,2,0.9999695195400875,0.0003474287643810897
E01001272,1,1.0,3.140735526221063e-25
E01001275,2,0.8986369064289107,0.328197730357043
E01001276,1,1.0,1.1268525589311798e-56
E01001277,0,0.9999999999772342,5.80785413512963e-10
E01001278,2,0.9956998579811961,0.027722818104227644
E01001280,1,0.999858676970845,0.001394065706771051
E01001281,1,1.0,7.589584061315231e-30
E01001283,0,0.9999999999886882,2.9647897561184836e-10
E01001285,2,0.8426570489625489,0.4352375035064502
E01001286,2,0.9998009377276209,0.0018954837692881348
E01001288,2,0.9916340523432239,0.0483500824688651
E01001289,2,0.999999952793716,8.435167545739781e-07
E01001290,2,0.9998808921327113,0.0011953040136376937
E01001291,0,0.9999437770614837,0.0006064294763685541
E01001293,0,0.9999999975352125,5.131982685959704e-08
E01001294,0,0.9925528421330202,0.043909858948749804
E01001295,0,0.9999979193024348,2.930206079552688e-05
E01001296,0,0.9999997508590992,4.037389854186905e-06
E01001297,0,0.9998159597218989,0.0017668356731793654
E01001298,0,0.9999281828317282,0.0007570499849661725
E01001299,2,0.9999996942025048,4.892884662598381e-06
E01001300,0,0.9999999117504824,1.5216950807649956e-06
E01001301,0,0.9999999999902798,2.5625621573119814e-10
E01001302,0,0.9999999979922052,4.2216451336173984e-08
E01001303,0,0.9999999988962003,2.3869211280241874e-08
E01001307,2,0.9999999999972431,7.60797262225175e-11
E01001308,2,0.9999405067749769,0.0006383396050048829
E01001311,2,0.9999999999999218,2.3726151848719924e-12
E01001312,2,0.9999682116605798,0.00036100094346929145
E01001313,2,0.9999965623152149,4.668620244087823e-05
E01001315,0,0.8692255274618367,0.3878562994407861
E01001316,0,0.9999999996239808,8.536195714033942e-09
E01001317,2,0.9999997797430169,3.5964598264326254e-06
E01001318,0,0.9999999720143369,5.147013909895705e-07
E01001321,0,0.9999999986866044,2.8173279643066295e-08
E01001322,0,0.9999999989482973,2.2793480545032275e-08
E01001323,0,0.9999999999826343,4.4778379243932394e-10
E01001324,1,0.9999999980887679,4.028023115121669e-08
E01001325,0,0.9999997452689269,4.122327570619098e-06
E01001326,0,0.9999999966808701,6.81203612262058e-08
E01001327,0,0.9999999999766374,5.952057276379191e-10
E01001328,0,0.9999999999929798,1.8718600353304046e-10
E01001329,0,0.9990711060294717,0.007413564425211365
E01001330,0,0.9999999999643592,8.929335386309591e-10
E01001331,1,0.9999996853360285,5.025737521739895e-06
E01001333,0,0.999999994710933,1.0608618859684756e-07
E01001334,2,0.9999999897387113,1.990166855310616e-07
E01001336,0,0.9982487297254625,0.01286580661662136
E01001337,0,0.9999999999822791,4.564625307648912e-10
E01001338,0,0.9999999993706012,1.3964127544961871e-08
E01001339,2,0.9999921654657786,9.994488096759533e-05
E01001341,0,0.8890742288071736,0.3484465183315812
E01001342,0,0.9999999615659484,6.946695080739998e-07
E01001343,0,0.9999999924171448,1.4936224846604103e-07
E01001344,0,0.9999999996691997,7.551950240341408e-09
E01001347,2,0.999999992607421,1.458022530338343e-07
E01001348,0,0.9999999917269804,1.6223617444519207e-07
E01001349,0,0.9921111013996945,0.04605847317146039
E01001351,0,0.9999999999220393,1.8925994626226997e-09
E01001352,0,0.9999999982584455,3.686599860069985e-08
E01001353,0,0.9999999998454427,3.6664783957028185e-09
E01001354,0,0.9999999719833856,5.152386683429392e-07
E01001355,0,0.9999999999903224,2.5500921159253255e-10
E01001357,2,0.9999985983282773,2.0293185052938736e-05
E01001358,2,0.9999959543793703,5.4283626308508116e-05
E01001359,0,0.9999999893462928,2.0622769832760717e-07
E01001361,0,0.9999999999017177,2.363147610307228e-09
E01001362,0,0.9999999999459277,1.3325341256760822e-09
E01001363,0,0.999999999940556,1.458963675534066e-09
E01001367,0,0.9999999993734718,1.3903318966087634e-08
E01001369,0,0.9836834547521994,0.08333467851813448
E01001370,0,0.9999999991385948,1.8841143384419728e-08
E01001371,0,0.9999998928987552,1.8260217819273324e-06
E01001375,0,0.9999241453623713,0.000795461322678513
E01001376,0,0.9999999998956355,2.5028685710757526e-09
E01001377,0,0.9860122580228469,0.0738120278764921
E01001384,0,0.9999990917218188,1.3945427603970945e-05
E01001385,0,0.9993163436488717,0.005666000628322041
E01001386,0,0.9999151494216244,0.0008802888014599359
E01001387,0,0.9999999991858743,1.785298121337436e-08
E01001388,0,0.9999999999860876,3.617602033486931e-10
E01001389,0,0.9999999962891195,7.590149423382798e-08
E01001390,0,0.9999999901435075,1.915623106116711e-07
E01001391,0,0.9999986617687854,1.9436685744187517e-05
E01001393,0,0.9999999999848086,3.9359991037917073e-10
E01001394,0,0.999999999968594,7.909387971322317e-10
E01001395,2,0.9999997952937104,3.3575315428168476e-06
E01001396,0,0.9999999999769358,5.880681821781934e-10
E01001397,0,0.9999973093746877,3.721745805504054e-05
E01001398,2,0.9999999999995168,1.4122665595105519e-11
E01001399,2,0.9999998353545998,2.7363741244739805e-06
E01001400,0,0.9999536356599349,0.0005090320840964895
E01001401,2,0.999893203823962,0.0010833975517485074
E01001402,0,0.9999999905057422,1.84877637340986e-07
E01001403,2,0.999999686029589,5.015354131068044e-06
E01001404,2,0.9994445621862372,0.004718709696271965
E01001406,0,0.9999999618598289,6.896505280550436e-07
E01001407,2,0.9999999999998721,4.0778952785976374e-12
E01001408,2,0.9999960487804075,5.3110256909672374e-05
E01001409,2,0.9999986832118283,1.9146516607336532e-05
E01001411,2,0.999747415145331,0.0023449061043264016
E01001412,1,0.9283759965458084,0.2866057165060789
E01001414,2,0.9999999999998863,3.4854576920103108e-12
E01001415,0,0.9999999989709352,2.2325131887380285e-08
E01001418,0,0.9997458914404499,0.0023578483975238208
E01001419,0,0.999999999870127,3.0863851582277267e-09
E01001423,2,0.9998776203318686,0.0012248150180678556
E01001425,0,0.9999999999695319,7.683544882663942e-10
E01001427,0,0.9999881147844523,0.00014666604838137082
E01001429,0,0.9999999999973141,7.409528161700116e-11
E01001430,0,0.9997805294465543,0.0020683306026154902
E01001431,2,0.9999999255611015,1.2962277065927764e-06
E01001432,0,0.9999999787687843,3.963399432337293e-07
E01001433,2,0.999999999960167,9.937430121027526e-10
E01001436,2,0.9999999999707612,7.385206380485428e-10
E01001437,2,1.0,6.445237027518765e-15
E01001438,2,0.9999781013602121,0.00025687952239515524
E01001439,0,0.9999999999966178,9.276232108818756e-11
E01001440,0,0.9999990442374005,1.4203354574371122e-05
E01001441,2,0.9999999999698019,7.620728770747929e-10
E01001442,0,0.9999999988255865,2.532321216359074e-08
E01001444,0,0.9999991785213885,1.2332167965869464e-05
E01001445,0,0.9999958522122842,5.5551044560091515e-05
E01001446,1,0.9886785261469844,0.06198927860518202
E01001447,0,0.9999999872964906,2.4367250144494517e-07
E01001449,0,0.7866056262428508,0.518419439207171
E01001450,0,0.9999999997667004,5.407553601374761e-09
E01001451,0,0.9999999939633142,1.202835163169786e-07
E01001453,2,0.9999999805348809,3.650626287890404e-07
E01001454,2,0.9999991587025634,1.2609635866294254e-05
E01001455,1,0.9999999999860449,3.6276089559130355e-10
E01001457,2,0.9994275950051562,0.004845624423230075
E01001458,0,0.9999999999863576,3.548640894456766e-10
E01001459,2,0.9999991530722843,1.2688376386326387e-05
E01001460,2,0.9999999999892992,2.809268237383076e-10
E01001461,2,0.9999999995353903,1.0449071148008821e-08
E01001465,0,0.9999999999881766,3.09397606201969e-10
E01001468,2,0.999999997739323,4.726550023957657e-08
E01001469,2,0.9999899991393173,0.00012513911392258292
E01001470,2,0.9999942394122254,7.525903104653923e-05
E01001471,2,0.9999999985129904,3.17138767367602e-08
E01001473,2,0.9999999999999858,5.411833171675972e-13
E01001474,2,0.9999928089747303,9.235198839817605e-05
E01001476,0,0.999999999765393,5.4365798224250105e-09
E01001478,2,0.999999999652033,7.927414630202067e-09
E01001479,0,0.9999999995454658,1.0232478364955991e-08
E01001480,2,0.9999999999676987,8.134029198839173e-10
E01001481,2,1.0,1.4734102330413305e-13
E01001483,2,0.9999061030372381,0.0009646284347626142
E01001485,0,0.9999999999504041,1.226385791019849e-09
E01001486,2,0.9995952278198784,0.00356684589520517
E01001487,0,0.9999999685823728,5.741853252611324e-07
E01001488,0,0.9990541380076357,0.007547403995961937
E01001489,2,0.9999998355490043,2.7332829941380745e-06
E01001491,0,0.9999999987967527,2.591585423718084e-08
E01001492,2,0.9999989908500144,1.4941880221084387e-05
E01001493,0,0.9999867984522839,0.0001615231790322748
E01001498,0,0.9999999999862581,3.5734235356075265e-10
E01001499,0,0.9999999999917293,2.194909961173915e-10
E01001500,0,0.9999995726388481,6.69488424547373e-06
E01001501,0,0.999999999966775,8.350191865929004e-10
E01001502,0,0.9999999999772626,5.798085750420322e-10
E01001504,2,0.9999999999991331,2.495063136876713e-11
E01001505,0,0.9999999997559286,5.765525946706984e-09
E01001507,0,0.9999999999344027,1.6038006332116457e-09
E01001509,2,0.9999901285722156,0.00012364813356237608
E01001511,2,0.9597585674523633,0.16871067598714684
E01001512,2,0.9909101915198151,0.05177593726089515
E01001513,2,0.9736704034114126,0.12174225592541081
E01001514,1,0.9999999999999432,1.7033679119212923e-12
E01001515,2,0.9999214905710024,0.0008206006080823188
E01001516,2,0.9992039095887165,0.006476513652225657
E01001518,2,0.9982608694197591,0.012788696527625812
E01001520,0,0.9999931111331113,8.87671866588473e-05
E01001521,0,0.9999999997838529,5.026465067606099e-09
E01001522,2,0.9999999999997726,6.936394184188462e-12
E01001523,2,0.9999362967082575,0.0006791562399290984
E01001524,0,0.9989251837487733,0.008434693204207477
E01001527,2,0.9996489821330654,0.0031431888206300777
E01001528,0,0.999999999927411,1.7673810506928956e-09
E01001529,0,0.9999999935206176,1.286456862340684e-07
E01001530,2,0.999999997779156,4.648309152483548e-08
E01001532,0,0.9999999994751505,1.1739731586967162e-08
E01001534,0,0.8891469742065847,0.34829508520023267
E01001535,2,0.9999999975899527,5.023635192384228e-08
E01001536,0,0.9999999999649845,8.781369957053143e-10
E01001537,2,0.9999999999998437,4.7216490766490626e-12
E01001538,2,0.9999999999997868,6.3433857037300155e-12
E01001540,2,0.9999964008706111,4.87135581977522e-05
E01001542,2,0.9999957884489571,5.6340775825965773e-05
E01001544,0,0.544918791413199,0.6891063408244249
E01001546,1,1.0,6.892410114421542e-19
E01001547,0,0.999999999757577,5.609643923262891e-09
E01001548,2,0.9999999999972999,7.558214918116108e-11
E01001549,0,0.9999999985349461,3.126615835875671e-08
E01001550,0,0.9994157761612223,0.004933731873137018
E01001551,2,0.9999985216826828,2.132414409537782e-05
E01001552,1,0.9999999997599858,5.556352734535636e-09
E01001553,2,0.9998838280586462,0.0011687340102384542
E01001554,0,0.999999999456378,1.2140725565467085e-08
E01001555,0,0.9999882259449335,0.00014540494445690628
E01001558,0,0.9999999997980495,4.710200200175006e-09
E01001559,1,0.9101975912853795,0.30208043048701194
E01001560,0,0.9999999986522283,2.8941125474135197e-08
E01001563,0,0.999999999888388,2.669393548727032e-09
E01001564,0,0.9999999180243611,1.4195592417302392e-06
E01001566,2,0.9999982317153668,2.5190101710423166e-05
E01001569,0,0.9999999985149373,3.167324416997637e-08
E01001570,1,0.9998671279501675,0.0013188956048132824
E01001571,1,0.9999997392714788,4.213317138312906e-06
E01001572,1,0.9999951361411429,6.436673224224377e-05
E01001573,0,0.9999999959431278,8.244731169816576e-08
E01001574,2,0.9999999999934772,1.7484131820226785e-10
E01001575,0,0.9999999999707256,7.393838466744692e-10
E01001576,2,0.9999969249044328,4.2107852316063296e-05
E01001577,0,0.9999999913836604,1.6861840068308821e-07
E01001579,0,0.9999999976960083,4.8127156649415735e-08
E01001580,0,0.999999999993392,1.7686952107685636e-10
E01001581,0,0.9999999999970299,8.175716454530401e-11
E01001582,2,0.9999953919043794,6.1230965049971e-05
E01001583,0,0.9999995964769784,6.346137754204201e-06
E01001584,0,0.9999999999728288,6.883177062930384e-10
E01001587,2,0.9999999999999574,1.5524890172594432e-12
E01001588,0,0.9999999999750884,6.332166292891576e-10
E01001590,0,0.9999999990806288,2.0049012118152497e-08
E01001591,0,0.9999999999486846,1.2671521065234736e-09
E01001592,2,0.9999999999999432,2.030631712439044e-12
E01001593,0,0.999999998370086,3.461066179877373e-08
E01001594,0,0.9999999999383107,1.5120514692407935e-09
E01001596,2,0.9999986687261406,1.9342575384725616e-05
E01001597,2,0.9924230174664064,0.044543884253179775
E01001599,2,0.9999999995217195,1.0742642382757345e-08
E01001600,2,0.9995859557557213,0.0036391717752535875
E01001601,0,0.88792010283862,0.35084189043950464
E01001602,2,0.9663580664558022,0.1471824208342399
E01001603,0,0.9999999923117997,1.5146571588100218e-07
E01001604,2,0.9972894885494661,0.01872763228406601
E01001605,2,0.9999963212331148,4.9710923728192695e-05
E01001606,2,0.9999999999247535,1.82952025277482e-09
E01001607,0,0.5001812174768271,0.6931481946173847
E01001609,2,0.9726524430422274,0.12539751646579372
E01001610,2,0.9999285742238243,0.0007533145328261927
E01001611,2,0.9998975349123963,0.001043702946799776
E01001613,0,0.9999999999432845,1.394831745760446e-09
E01001614,0,0.9999999934300803,1.303523181748723e-07
E01001615,0,0.9999999999949551,1.362506416753838e-10
E01001617,0,0.9999999999461551,1.3271072260910032e-09
E01001618,2,0.999986021511518,0.00017022980882159413
E01001619,2,0.9999999999967599,8.899467341564989e-11
E01001620,0,0.9999999492861789,9.02557382896495e-07
E01001621,0,0.9999999436225566,9.973844592218754e-07
E01001623,0,0.9987476761344717,0.009644185041412606
E01001624,2,0.9999693266784815,0.0003494336940943756
E01001625,2,0.9927984852538854,0.04270393436100588
E01001629,0,0.999999999616449,8.699569526935267e-09
E01001631,1,0.9997504973447486,0.0023193557845674726
E01001632,0,0.999815939126978,0.001767012355927473
E01001633,2,0.9999993810287929,9.467293138774369e-06
E01001634,2,0.9999887019857162,0.00013999231598587085
E01001637,0,0.999999988548339,2.208469038091922e-07
E01001638,1,0.9947868659661422,0.03260274712063528
E01001641,0,0.999999999984837,3.9281010189880074e-10
E01001642,0,0.9999962928964056,5.006538989610542e-05
E01001644,0,0.9999999998646985,3.209694153911464e-09
E01001645,2,0.9999907283425045,0.00011671666695789165
E01001646,0,0.9999999999699725,7.575776659474277e-10
E01001647,2,0.9999995849842813,6.513660956733958e-06
E01001648,0,0.9999990107059835,1.466754386334798e-05
E01001651,0,0.9999999991797921,1.7980278826150447e-08
E01001652,0,0.9999999998942712,2.534253442549834e-09
E01001653,2,0.9999891712917273,0.00013463662606810325
E01001655,0,0.999999996046327,8.04518855298942e-08
E01001656,2,0.9999999999997158,8.601466987356583e-12
E01001658,0,0.999999991758159,1.6165589798296175e-07
E01001659,0,0.9999999998233164,4.144371336616047e-09
E01001660,2,0.9999986251635918,1.9931244390400897e-05
E01001661,0,0.999999993514848,1.287546380624282e-07
E01001665,0,0.9999999999911182,2.349111982425247e-10
E01001666,0,0.9999999043301716,1.6419204027456111e-06
E01001669,0,0.9999999998969002,2.513548244772165e-09
E01001671,2,0.999975804543126,0.00028137703960876107
E01001673,0,0.9999999997875051,4.945190359261993e-09
E01001674,2,0.9999999999999929,3.286332482645335e-13
E01001676,0,0.9999999999158149,2.0370855449400434e-09
E01001677,0,0.9999999976688656,4.8666786602905683e-08
E01001678,0,0.9999999874716963,2.4048722999944944e-07
E01001680,2,0.9999912046081767,0.00011118499523914614
E01001682,0,0.9999999999141522,2.0756423216753266e-09
E01001683,0,0.9999999999891429,2.8505866223953497e-10
E01001684,0,0.6984575515208779,0.6121655562433251
E01001685,2,0.9999986066222748,2.018137531220586e-05
E01001686,2,0.9999810786675561,0.00022469481736629487
E01001688,0,0.9999999997979074,4.713143408905014e-09
E01001690,0,0.9999984341539696,2.249664071181685e-05
E01001693,0,0.9999999999930935,1.842504125489215e-10
E01001694,0,0.9999999277524436,1.2602262210182721e-06
E01001695,1,0.9999999995263167,1.0643948182516816e-08
E01001696,0,0.9999999999918288,2.1684485988049705e-10
E01001697,0,0.9999994899908152,7.899449059015653e-06
E01001698,2,0.9999999998399005,3.771329199806396e-09
E01001699,0,0.9999999999393054,1.4885750558508471e-09
E01001700,0,0.9999999996879865,7.1414642486422045e-09
E01001701,0,0.9999262406157657,0.0007755812556628078
E01001703,2,0.9999729307777949,0.00031175892979049284
E01001704,0,0.9999999608528477,7.068384681629998e-07
E01001705,0,0.999995227139472,6.325263177683558e-05
E01001708,0,0.9999999999851497,3.851215526950862e-10
E01001710,2,0.9999999862500175,2.626554282538777e-07
E01001712,0,0.9999999999733546,6.753851965254227e-10
E01001714,0,0.9999999999402434,1.4663421972222427e-09
E01001716,0,0.9959187670588205,0.026525209276129398
E01001717,0,0.9999999915198998,1.6608727791979964e-07
E01001718,0,0.9999999932524588,1.3369636405652934e-07
E01001719,0,0.999999987803136,2.3444908406945085e-07
E01001720,2,0.9999688567625225,0.0003543162767666488
E01001722,0,0.9999999999609059,9.76051157268654e-10
E01001724,0,0.9999999999940741,1.5895220011732834e-10
E01001726,0,0.9999998298809916,2.8217243599265566e-06
E01001728,0,0.9999999998739924,2.998317719439727e-09
E01001729,0,0.9999997761286148,3.6518334411467506e-06
E01001730,2,0.9782377843846164,0.10482030625973314
E01001731,0,0.999999999616108,8.70703245617161e-09
E01001733,0,0.9937272328088855,0.03806562898111105
E01001734,0,0.9999999999879066,3.161289305094069e-10
E01001735,2,0.92492678910361,0.26712765720182186
E01001737,0,0.9999999963854833,7.387457587223038e-08
E01001738,0,0.9999999879891988,2.3105739233387076e-07
E01001739,0,0.9999999999538716,1.1439135094990135e-09
E01001740,2,0.9834197937101797,0.08441347833748689
E01001741,0,0.9999999998119051,4.400253145657095e-09
E01001742,0,0.9999999988952339,2.388896027024329e-08
E01001744,1,0.999999463981277,8.27564475665948e-06
E01001745,2,0.9999998922706852,1.8363896611676568e-06
E01001746,1,0.7389112902817887,0.5741997584666977
E01001747,0,0.9997268075923317,0.0025147900988092475
E01001749,0,0.9999999999700435,7.55991409578185e-10
E01001750,1,0.9536726511706685,0.18755594295601202
E01001751,0,0.9999996975610403,4.8424670501765694e-06
E01001755,0,0.999999976625759,4.34097859174066e-07
E01001756,0,0.9999999998673417,3.149756283680293e-09
E01001757,2,0.9999999999423466,1.4170615110832244e-09
E01001758,0,0.9999999998746034,2.9844644409257824e-09
E01001759,1,0.9661588761485131,0.14785064524176833
E01001760,0,0.9999999978532514,4.499449383805312e-08
E01001761,2,0.9999995533878521,6.9767907249498e-06
E01001762,0,0.99999999901938,2.1321497272362e-08
E01001765,2,0.9926625699274515,0.04337224723572827
E01001767,0,0.9943849025947584,0.03469840190821484
E01001769,2,0.9278656870109686,0.2591251064447815
E01001770,0,0.9999999999833449,4.3016644654063424e-10
E01001772,2,0.9993324824108245,0.005548148570528735
E01001773,0,0.9999999998630926,3.246446620328182e-09
E01001774,0,0.9999999999653824,8.685280017968826e-10
E01001775,2,0.9999999188286102,1.4064354911671985e-06
E01001776,0,0.9999999995922195,9.224190621592625e-09
E01001777,0,0.9999999999920561,2.1104641654517782e-10
E01001781,0,0.9999999999956941,1.168821182807539e-10
E01001784,2,0.9999957078246268,5.733794644187929e-05
E01001786,0,0.9999999785464839,4.002662375486993e-07
E01001787,0,0.9999999667742833,6.053706126828352e-07
E01001788,0,0.9999999920774485,1.5570624141964813e-07
E01001791,0,0.9947391698743677,0.03285299719106962
E01001792,0,0.9999999999914735,2.2578122044357186e-10
E01001793,0,0.9999999423682925,1.0183057941895974e-06
E01001794,0,0.9999999999903366,2.5473468570016423e-10
E01001795,0,0.9999999998021423,4.618645061015905e-09
E01001796,2,0.9999999999954525,1.2369834693934386e-10
E01001798,0,0.999999999987196,3.3411280820241044e-10
E01001800,0,0.9999999994702051,1.1845480139361567e-08
E01001801,0,0.999982022825321,0.00021443801040607708
E01001802,2,0.9999999992768949,1.5952714578260594e-08
E01001803,2,0.9685161846812219,0.1398628168298516
E01001805,0,0.9999999900543912,1.93204695705062e-07
E01001806,0,0.9999999999779448,5.631764156713213e-10
E01001807,0,0.9999999999013482,2.3714293135571037e-09
E01001808,0,0.9999999999952109,1.29755090272635e-10
E01001809,0,0.9999999999850644,3.871101502577685e-10
E01001811,0,0.9999999999892424,2.823922002124888e-10
E01001813,0,0.9999999999831459,4.350839038695922e-10
E01001814,0,0.9999999999831886,4.3401146342076336e-10
E01001815,2,0.9999993200346078,1.0336307171605745e-05
E01001816,2,0.9999702454028438,0.0003398722442907093
E01001819,0,0.9999989380510027,1.5669486620208388e-05
E01001820,2,0.9139835967051243,0.293280489105283
E01001821,0,0.9999955803063227,5.891203258939097e-05
E01001822,0,0.9999999994149675,1.3022331504673422e-08
E01001824,0,0.9999999993017497,1.5419181410217466e-08
E01001826,0,0.9999999997961453,4.7525162485990175e-09
E01001827,0,0.9999998866660527,1.9258754330089885e-06
E01001828,2,0.9999774716028518,0.0002635985277194308
E01001829,0,0.9999999988498871,2.4823302466198553e-08
E01001830,0,0.9999999982513827,3.7008604565492566e-08
E01001831,0,0.9999999997442899,5.903495685728333e-09
E01001832,0,0.9999999999735252,6.711094627053076e-10
E01001834,0,0.9999999717197885,5.19821514821163e-07
E01001835,0,0.9999410130668148,0.0006334114282293916
E01001836,0,0.9999999999185292,1.974005359703196e-09
E01001837,0,0.9999999999663629,8.447284582358658e-10
E01001839,0,0.9999999999820517,4.621332261708204e-10
E01001840,0,0.9999999999448903,1.3568303167795453e-09
E01001841,0,0.999997933070607,2.9121888876194825e-05
E01001844,0,0.9999999999294431,1.7197161442030146e-09
E01001845,1,0.993832384147592,0.03753211813734006
E01001846,0,0.9999999999727578,6.898864802263539e-10
E01001847,1,0.9658592401021084,0.14885355176065282
E01001848,0,0.9999999993993498,1.335417348455702e-08
E01001849,0,0.9999999929856784,1.3871039132660896e-07
E01001850,1,0.9999999999997371,7.93763282751534e-12
E01001854,0,0.9999999756173995,4.5179490635301036e-07
E01001856,0,0.9999999735992734,4.870904091366623e-07
E01001857,0,0.9999999995878,9.31953104374414e-09
E01001858,0,0.9999999995823003,9.438444736867858e-09
E01001860,0,0.9999999999848939,3.9165290515640187e-10
E01001861,0,0.9999999944539582,1.1097724272009114e-07
E01001866,0,0.9999999999870539,3.375631598988201e-10
E01001867,1,1.0,6.613193377860493e-14
E01001868,0,0.9992274518398077,0.006308187795642066
E01001869,0,0.9999999998585736,3.348815469646501e-09
E01001871,0,0.9999999979707752,4.264535895172914e-08
E01001875,1,0.9999997499178008,4.051700797393636e-06
E01001876,0,0.9999915196673802,0.0001075115931931454
E01001877,0,0.9999999999571259,1.0664969093723677e-09
E01001879,0,0.999333005103265,0.005544324772202911
E01001881,1,1.0,8.595111663264691e-33
E01001882,0,0.9999999997722853,5.283516460579907e-09
E01001883,0,0.9229000327601498,0.2716287087858702
E01001884,0,0.999999999988276,3.0665294867399704e-10
E01001885,0,0.9999990789934095,1.3720970331572303e-05
E01001886,0,0.9999999999948557,1.3898404745760493e-10
E01001887,0,0.9999999999416218,1.4340316830410198e-09
E01001891,0,0.9999999999866844,3.4685085087838005e-10
E01001893,2,0.9999999999899032,2.6576674924714224e-10
E01001894,0,0.999994204979566,7.567432455003934e-05
E01001895,0,0.999999728201837,4.3808987027194465e-06
E01001896,0,0.9999999995091855,1.1011395091016076e-08
E01001898,0,0.9999999999950546,1.338279334799141e-10
E01001899,0,0.9999657836471677,0.00038605591557478965
E01001900,0,0.9999920273466919,0.00010156753090755898
E01001902,0,0.9999999985558787,3.0840211460041634e-08
E01001903,0,0.9999999999670308,8.286094654110678e-10
E01001905,0,0.999997778661674,3.113738691112076e-05
E01001906,0,0.9999999974136244,5.372675707946233e-08
E01001907,1,1.0,2.0726523750935625e-19
E01001909,0,0.9999999975823215,5.0385475248397746e-08
E01001911,0,0.9999999999856328,3.729462883362402e-10
E01001912,0,0.9999999994921467,1.1376338749679559e-08
E01001913,0,0.9999076455223813,0.0009503118918548293
E01001914,0,0.9999999997527453,5.716657748420946e-09
E01001915,0,0.9999999999325553,1.646925826346359e-09
E01001916,1,1.0,-0.0
E01001918,0,0.9999999996905302,7.085668090176256e-09
E01001920,0,0.9999999999400728,1.470615459069016e-09
E01001921,0,0.9999999999736389,6.684119500261823e-10
E01001922,0,0.999999994599392,1.0821056636947151e-07
E01001924,0,0.9999999821746713,3.3587633971622504e-07
E01001925,0,0.999999990811304,1.792283087869952e-07
E01001928,0,0.9999999999647429,8.838660225304941e-10
E01001929,1,0.9963364505974058,0.024206861659214592
E01001930,0,0.999999999876664,2.937410617603343e-09
E01001932,0,0.9999999991947561,1.7666857858889797e-08
E01001933,0,0.9999955195415824,5.9660811790737606e-05
E01001937,0,0.9999999995243911,1.068528205531393e-08
E01001938,0,0.9999999999438671,1.3810872652298923e-09
E01001940,0,0.9999999738216022,4.850170521381168e-07
E01001941,0,0.9999999999883471,3.050395088004016e-10
E01001942,0,0.999999994794905,1.0448514151800518e-07
E01001943,0,0.9999999999880202,3.1308981204408513e-10
E01001948,0,0.9971001613607374,0.019839677727186936
E01001950,1,0.9999999860765172,2.657949143842106e-07
E01001951,0,0.9997039481299869,0.002701422346132085
E01001952,0,0.9999913345060923,0.00010967185402433115
E01001953,0,0.9999999999547242,1.1237836587221528e-09
E01001954,0,0.99999999997776,5.678977067569807e-10
E01001955,2,0.9999999999974705,7.055395779943087e-11
E01001956,2,0.9999948907751767,6.897010593555205e-05
E01001957,2,1.0,1.1381275169092625e-13
E01001958,2,0.9999996278913255,5.8808352262021395e-06
E01001959,0,0.9999999980209253,4.164104255154707e-08
E01001962,0,0.9999892159775045,0.00013412722237109848
E01001963,0,0.999999999811223,4.415633955205574e-09
E01001964,2,0.9999962344127611,5.079647266339704e-05
E01001966,2,0.9999999999759694,6.116956747997327e-10
E01001968,0,0.9999999984070769,3.3861740149242645e-08
E01001969,0,0.9999999804986006,3.657054018076378e-07
E01001970,1,0.9999999999959286,1.109230438364938e-10
E01001971,0,0.9999999998744471,2.9880279466199525e-09
E01001972,0,0.9999999997261853,6.302678475419952e-09
E01001973,0,0.9999999999844107,4.033935429263587e-10
E01001974,0,0.9999999999713935,7.229731934721845e-10
E01001976,2,0.9999919267495618,0.00010274785756231905
E01001978,0,0.9999999999914451,2.264124456325638e-10
E01001979,0,0.9999999999901945,2.5834833631253976e-10
E01001980,2,0.9999999817894861,3.427448995956159e-07
E01001981,0,0.999999954037379,8.22521250116315e-07
E01001982,0,0.9999999947521445,1.0530044501927095e-07
E01001983,0,0.9999999987623909,2.6621052876381468e-08
E01001984,0,0.9999999998130136,4.37554791436935e-09
E01001986,2,0.9999999876098968,2.3796889587604922e-07
E01001987,2,0.9999999999999574,1.1994433544315578e-12
E01001988,2,0.9999996203777225,5.991991896302533e-06
E01001989,2,0.9999126608163592,0.0009035821703446256
E01001990,0,0.9999999999838138,4.184158939985313e-10
E01001991,0,0.9999999960922565,7.963033202304906e-08
E01001992,0,0.9999806319300235,0.00022954794512379994
E01001994,0,0.9999999916061739,1.6448344128111556e-07
E01001995,2,0.9999988617167842,1.6716814758967495e-05
E01001996,0,0.9999999998603641,3.308263927357403e-09
E01001997,0,0.9999999999885745,2.991605873810684e-10
E01001999,0,0.9999999999686224,7.903696038695788e-10
E01002002,0,0.9999999999750031,6.35103225207803e-10
E01002003,0,0.9999999999968026,8.79499335050223e-11
E01002005,0,0.9999999998829594,2.7934687380379793e-09
E01002006,0,0.9999999581841346,7.522669382456216e-07
E01002007,0,0.9999999995978754,9.101897560344177e-09
E01002008,0,0.9999999973544789,5.4895685322742164e-08
E01002009,0,0.999999999974392,6.500591133590626e-10
E01002010,0,0.9999999978186054,4.568550559916884e-08
E01002011,0,0.9999999999703704,7.478308888479885e-10
E01002013,2,0.9998591483673455,0.0013898863106101428
E01002014,0,0.9999999997565254,5.632927670703021e-09
E01002015,2,0.9999965169614149,4.7256487638791756e-05
E01002017,0,0.9999999999679119,8.07277541113495e-10
E01002019,2,0.999944161784209,0.000602663211169302
E01002020,2,0.9998279139550975,0.0016636297761030933
E01002021,2,0.9999998197414917,2.9794701252813614e-06
E01002022,0,0.9999999999960067,1.0871941779432405e-10
E01002024,2,0.9999940092657587,7.803107257165154e-05
E01002025,2,0.9999999999978826,5.896964576495998e-11
E01002026,0,0.9999999992397477,1.6723590355781237e-08
E01002028,0,0.9999999999898108,2.6821174902430726e-10
E01002029,0,0.9999999999946283,1.447177804970105e-10
E01002030,1,0.9999987964227439,1.7608590152157745e-05
E01002031,0,0.9999999999929514,1.8807409639173882e-10
E01002032,1,1.0,4.4531933209683463e-32
E01002033,1,0.9999999971854479,5.8228813589110344e-08
E01002034,0,0.9999999999718199,7.128101696741932e-10
E01002036,2,0.9999311708260312,0.0007284775467308454
E01002037,0,0.999999999942645,1.4098412320863812e-09
E01002038,0,0.9999999999215419,1.9041962504150227e-09
E01002040,1,0.9642669636974461,0.15413789744747758
E01002042,0,0.99999999965803,7.795554945216445e-09
E01002043,0,0.9999999997232862,6.36653930103783e-09
E01002046,0,0.9999999999213429,1.9085285330464633e-09
E01002047,1,1.0,8.128871028715618e-22
E01002048,0,0.9999999999805311,4.996148101755508e-10
E01002049,0,0.9999999999308073,1.6877847837174511e-09
E01002051,0,0.9999999984907504,3.216457258419462e-08
E01002052,2,0.9999999999999716,9.164007868049927e-13
E01002053,2,0.9994645356129733,0.0045686403059008365
E01002054,0,0.9999996020720455,6.262190176936405e-06
E01002055,0,0.9999982814240683,2.4530976408492834e-05
E01002056,0,0.9999999999593001,1.0144851286508404e-09
E01002058,2,0.9999883029233562,0.00014453101817597558
E01002059,2,0.999999999979309,5.300481905288807e-10
E01002060,2,0.9999981866004604,2.5787097053832096e-05
E01002061,2,0.999999703034051,4.76025990459617e-06
E01002062,2,0.9994342227083617,0.004796109430063193
E01002064,2,0.9989568940186031,0.008204060631780814
E01002066,0,0.9999999997476721,5.828831070205463e-09
E01002067,0,0.999999999994003,1.609085743882317e-10
E01002068,0,0.9999991913671736,1.2152069777232073e-05
E01002069,0,0.999999999976211,6.056529021041789e-10
E01002070,0,0.999999999057195,2.053644595886623e-08
E01002071,0,0.9999999987932853,2.5987003600825666e-08
E01002072,0,0.9999999997787086,5.141004947851239e-09
E01002074,0,0.9999999914642927,1.6712065079138707e-07
E01002075,0,0.9999999999819948,4.634443925959489e-10
E01002076,2,0.9999999999994031,1.758171332408996e-11
E01002077,0,0.999999842900264,2.6182846647284503e-06
E01002078,0,0.9999999974966585,5.2083520312397045e-08
E01002081,0,0.999999999410079,1.3126221446058908e-08
E01002082,0,0.9999999997326796,6.159816474603083e-09
E01002083,0,0.9999999858117121,2.7058292676043887e-07
E01002084,2,0.9999999658108442,6.219587578930686e-07
E01002085,0,0.9999999936394914,1.264034647866222e-07
E01002086,2,0.9999999999988205,3.368712941916819e-11
E01002087,0,0.9999999999719336,7.100475867484892e-10
E01002088,0,0.99999999981857,4.250912897811803e-09
E01002089,2,0.9999991450411829,1.2800624777052232e-05
E01002090,2,0.9999831525885935,0.00020202245243819056
E01002091,2,0.9927500659037043,0.042942295918338286
E01002092,2,0.9995832223393735,0.003660453686362944
E01002093,0,0.9999999969789002,6.234414732153016e-08
E01002095,0,0.9999999980875742,4.030405970776858e-08
E01002096,2,0.9999871858263621,0.00015716522828108993
E01002097,1,0.9999999999982663,4.869387796118726e-11
E01002098,0,0.9999999999085105,2.2062789501895472e-09
E01002099,0,0.999999996525446,7.115129414765544e-08
E01002100,0,0.9999999999802185,5.073823936620218e-10
E01002102,0,0.9999999999289315,1.731692451541183e-09
E01002103,0,0.9999999999877076,3.209508075848413e-10
E01002104,2,0.9984061800333974,0.011859334362913525
E01002105,1,0.9991327438747488,0.006981188451511046
E01002106,2,0.9999999999999005,3.151227853538186e-12
E01002108,2,0.9999999928325991,1.4158299440340162e-07
E01002109,2,0.999733482872097,0.0024599368908944695
E01002110,1,1.0,6.737985473949352e-25
E01002111,2,0.9994954226958896,0.004335094663397634
E01002112,0,0.9999999999787832,5.426635462351718e-10
E01002114,0,0.9999872800627723,0.00015613968787254816
E01002118,2,0.9994846470624542,0.004416781257720657
E01002119,0,0.9999999998974403,2.4614490106302198e-09
E01002121,2,0.9999999969098496,6.364203218049374e-08
E01002123,0,0.9999999999781579,5.580384272732808e-10
E01002125,2,0.9997384664701237,0.002418875833600297
E01002129,0,0.9999999999880771,3.11692726441717e-10
E01002130,0,0.9999999999727294,6.907718864433796e-10
E01002132,2,0.9999999874719094,2.4048072003344924e-07
E01002133,0,0.999999999741533,5.96589027178613e-09
E01002134,1,0.9999999969613427,6.263228853198098e-08
E01002135,2,0.999092510954,0.007263882796808296
E01002136,0,0.9999999999876792,3.219371572159417e-10
E01002139,2,0.9999999906885506,1.8149939016546952e-07
E01002140,0,0.999999999992994,1.871237814714068e-10
E01002141,2,0.9999999999149338,2.0576183749400717e-09
E01002142,0,0.9999999999938467,1.6513682395941186e-10
E01002144,2,0.9999995798556286,6.588985422701056e-06
E01002145,2,0.9999999877560413,2.353089935060794e-07
E01002148,0,0.9598837699023411,0.16831335750016393
E01002150,2,0.9999839230552843,0.00019353613052716163
E01002151,2,0.9994441324012501,0.00472192984679606
E01002152,2,0.9999999680591435,5.832365577465573e-07
E01002153,2,0.9999999999122906,2.119022730912324e-09
E01002155,2,0.9999999651948605,6.325351188529318e-07
E01002157,2,0.9998815004540376,0.001189799689998496
E01002159,2,0.9999842987613342,0.0001893857267093015
E01002160,2,0.9999976042627018,3.340093500177881e-05
E01002161,2,0.9999385344356931,0.0006574973107213029
E01002162,2,0.9999999999949551,1.361986081088967e-10
E01002163,2,0.9999965945413299,4.628062365334042e-05
E01002165,2,0.9999437352902726,0.0006068382401552635
E01002166,2,0.9999999186829063,1.4088119409138847e-06
E01002169,0,0.9999998854787074,1.9448584900720005e-06
E01002172,2,0.9999999990988613,1.9669666926066534e-08
E01002173,2,0.9999999309147848,1.2081574399002296e-06
E01002174,2,0.9983497090610777,0.01222201852004738
E01002175,2,0.9988923849736722,0.008644926628302093
E01002176,2,0.9986231491667193,0.010446535787833854
E01002179,0,0.9999999999590017,1.0215623736059952e-09
E01002181,0,0.9992729000302217,0.0059811940008170856
E01002183,2,0.9999999987682884,2.650042932358637e-08
E01002184,2,0.9999999739502531,4.809632819241201e-07
E01002185,2,0.9999999230867646,1.336797315694832e-06
E01002186,2,0.9999062035092945,0.000963696681621862
E01002187,2,0.9999998847336466,1.9567650076806196e-06
E01002189,2,0.9989645443694227,0.008151516582211657
E01002191,2,0.9999424500607141,0.0006194001385836018
E01002192,2,0.9999967388002944,4.446128561662826e-05
E01002193,2,0.9999649512977257,0.00039460473327188256
E01002195,2,0.9999997215642186,4.48116768795289e-06
E01002198,2,0.9999999999372591,1.5395617958433948e-09
E01002199,2,0.9997561932768311,0.0022720379869246407
E01002200,2,0.9999989819677987,1.5064472995365224e-05
E01002201,2,0.9999758145726915,0.0002812704296907236
E01002202,0,0.9999999999818101,4.681743672294442e-10
E01002203,0,0.9999919878673275,0.00010203090076556695
E01002204,2,0.9768378960274203,0.11010259619489947
E01002207,2,0.9999904587547951,0.00011983691301161775
E01002209,2,0.9980087783930089,0.014372658833351395
E01002211,2,0.9999999980271497,4.151702519122538e-08
E01002212,2,0.9979772020911091,0.014568719586955624
E01002214,2,0.9999507500291371,0.0005377396088802004
E01002215,2,0.999999980640226,3.631907324180349e-07
E01002216,2,0.9999622414206184,0.00042230249182300663
E01002217,2,0.9999999126893793,1.5064394354443297e-06
E01002218,2,0.9999274897954942,0.0007636591478202297
E01002219,0,0.9999999999962057,1.036120746907657e-10
E01002221,0,0.9999999999841691,4.094203732100486e-10
E01002223,2,0.9999969004778253,4.2414704564590566e-05
E01002225,2,0.999999988274169,2.258569832602737e-07
E01002226,2,0.9976368784996411,0.01665194685256685
E01002227,2,0.9999999923506806,1.5060508427475796e-07
E01002228,2,0.9999930988259493,8.891345356534608e-05
E01002229,1,0.9997808035987006,0.002066020953568704
E01002230,2,1.0,1.7872284645144452e-14
E01002231,2,0.9999999999946851,1.4325652804997176e-10
E01002232,0,0.9999999999612328,9.682902422751547e-10
E01002233,0,0.9999999999907487,2.4441496501630097e-10
E01002235,2,0.9999999972215647,5.751856328947351e-08
E01002240,0,0.9999999984946868,3.208474239477273e-08
E01002242,2,0.8225311613357427,0.4675335836900369
E01002243,2,0.9999999999859455,3.6525355759366324e-10
E01002244,2,0.9999999902798677,1.894546437286633e-07
E01002245,2,0.9997594024005096,0.0022453204583399214
E01002246,0,0.9999999985132746,3.1707005117645676e-08
E01002247,0,0.9999998957841624,1.7796732715337222e-06
E01002248,0,0.999999999986855,3.4234077027698396e-10
E01002250,1,1.0,1.6718385506106565e-29
E01002251,0,0.9999997622348785,3.864154672967706e-06
E01002253,2,0.9999999999992752,2.094866823536753e-11
E01002254,2,0.9999999709526866,5.331453430562087e-07
E01002257,1,1.0,7.967272716030873e-20
E01002258,2,0.9999201907225699,0.0008328761237179865
E01002259,2,0.9999999999999716,9.823814236488377e-13
E01002261,0,0.9999996877148395,4.9901136227940396e-06
E01002262,0,0.9943376057049298,0.03494393632638407
E01002263,2,0.9999978091932586,3.074430521038914e-05
E01002265,2,0.9999996983728778,4.830280074295734e-06
E01002266,0,0.9999999997710205,5.3117034190576445e-09
E01002269,2,0.999999996197019,7.75332253246228e-08
E01002270,2,0.9999999622794469,6.825399398158634e-07
E01002272,2,0.9991955730421395,0.006535951391990592
E01002273,2,0.9999999994404334,1.2480526874646066e-08
E01002274,2,0.9999920871340894,0.00010086543402941986
E01002276,2,0.999997963665264,2.8721194427431784e-05
E01002277,0,0.9999999331165434,1.1718190624660007e-06
E01002278,0,0.9999895801310092,0.00012995442713073884
E01002279,0,0.9999999998463238,3.626183760967596e-09
E01002281,0,0.9999999999717062,7.155749463339953e-10
E01002282,0,0.9999999999927525,1.9323013383334376e-10
E01002283,1,0.9307929765980228,0.251582916260955
E01002284,2,0.9999967456285025,4.437501456154029e-05
E01002285,1,0.9945873818917271,0.03364651834830316
E01002287,0,0.9999994002633437,9.209132288484498e-06
E01002288,2,0.9999940311802435,7.776750938696328e-05
E01002291,2,0.9932729921991639,0.040350299897224995
E01002292,2,0.9999999977585361,4.688273737504057e-08
E01002294,2,0.9999999999713367,7.243523542366725e-10
E01002295,2,0.9999999999997442,7.50447725321036e-12
E01002296,2,0.9999999998713349,3.0591381720436876e-09
E01002297,2,0.9999999999999432,1.5865222021089206e-12
E01002299,2,0.9999929074434695,9.118517758493293e-05
E01002300,2,0.9993884050640721,0.005136868129390407
E01002301,0,0.9994143179666323,0.004944585790453565
E01002302,0,0.9999999941407367,1.1692302415378901e-07
E01002303,2,0.9999999956018115,8.902849794144995e-08
E01002304,2,0.999999999999929,2.14770912842459e-12
E01002305,2,0.9999993734210735,9.576000182021137e-06
E01002306,2,0.9999770835452018,0.00026775074475130525
E01002307,0,0.9999851344465509,0.0001801178307744049
E01002308,2,0.9999999984972732,3.203243156401376e-08
E01002310,0,0.9999999980162642,4.1734338706647987e-08
E01002312,2,0.9999999999999716,1.0280033778328115e-12
E01002313,2,0.9999999327734082,1.177487120679359e-06
E01002314,0,0.9999999920802907,1.5565338404633468e-07
E01002315,0,0.9999999997412061,5.97180212436572e-09
E01002316,0,0.9999997919147109,3.409543495183168e-06
E01002319,0,0.9999999998981508,2.445134804905381e-09
E01002320,0,0.999986721489559,0.0001623876439182077
E01002321,0,0.9999999993805488,1.3753258847644279e-08
E01002322,2,0.9999861800721694,0.000168456693997538
E01002325,0,0.9064641302066192,0.31064309315508515
E01002326,0,0.9999999999872387,3.3272980588411257e-10
E01002327,0,0.9998696420718526,0.0013060410027533726
E01002329,2,0.999995551861121,5.926265698164443e-05
E01002332,2,0.9999999999999858,4.1324988943155944e-13
E01002333,2,0.9999999999968878,8.547183706076936e-11
E01002334,2,0.999999999775099,5.22132140032982e-09
E01002335,0,0.9999999737603819,4.842782548461049e-07
E01002336,2,0.9999999946636962,1.0698660160286608e-07
E01002337,0,0.9999999939265933,1.2097827183689933e-07
E01002338,0,0.9999999999718767,7.114605458895607e-10
E01002340,0,0.999999992770654,1.4275457317993158e-07
E01002341,2,0.9999999999999858,5.373077401352436e-13
E01002342,2,0.9974834430247441,0.017574638033335886
E01002344,2,0.9999840381140704,0.00019226569147322227
E01002345,2,0.9996916141468463,0.0028013785223034316
E01002346,2,0.9999999999997442,7.648998508341752e-12
E01002348,2,0.999999999964686,8.853797005701719e-10
E01002349,0,0.9965515392258993,0.02321263405470723
E01002350,0,0.9999999975686507,5.065674252536164e-08
E01002352,2,0.9999031627778678,0.0009918485361940998
E01002353,0,0.9999999999613038,9.66606776633069e-10
E01002356,0,0.999999999962597,9.353853669473804e-10
E01002358,2,1.0,6.500019647674259e-14
E01002360,2,0.9963194001381864,0.024302401080915293
E01002361,0,0.9999989191796047,1.5929123789742992e-05
E01002362,2,0.9999661527835191,0.0003822581724096339
E01002363,0,0.9999980003549309,2.824006712543237e-05
E01002365,0,0.9999981020833919,2.690249887711472e-05
E01002366,0,0.9979739245051829,0.014589042050665763
E01002367,2,0.9999965162980403,4.726512597683116e-05
E01002368,1,1.0,1.5051975923286983e-17
E01002370,0,0.9999999936631383,1.2595702440455255e-07
E01002371,0,0.9999999998951665,2.513776341932537e-09
E01002372,0,0.9999999055670417,1.6219214288479243e-06
E01002373,1,0.9934741972863426,0.04322618950103918
E01002374,0,0.9999999921641489,1.540884095708226e-07
E01002375,2,0.9999999999885176,3.0112391402989613e-10
E01002377,2,0.9999768822167701,0.00026989773446086957
E01002379,0,0.9999999991509441,1.858326531435427e-08
E01002380,2,0.9999999999932072,1.822010738411676e-10
E01002382,2,0.9999999999402434,1.4664600627115348e-09
E01002384,2,0.9999999999895834,2.738925345594626e-10
E01002385,2,0.9999999999969589,8.388379819445532e-11
E01002386,2,0.9990551959849112,0.007524476332559206
E01002388,2,0.9999999999997158,8.701566038142156e-12
E01002392,1,0.9999943331440362,7.412742466238743e-05
E01002393,0,0.9999996457225026,5.616426803566613e-06
E01002396,0,0.9999999999848797,3.918481880285428e-10
E01002397,0,0.9999999327009186,1.1786840497235649e-06
E01002400,0,0.9999999981745873,3.855526013021264e-08
E01002401,0,0.9999999993688817,1.4000532843874044e-08
E01002402,2,0.9999994871269459,7.940935094018368e-06
E01002403,2,0.9999999995022222,1.1160632744254161e-08
E01002404,2,0.9999990205917264,1.4530811346694512e-05
E01002405,0,0.9999998659769834,2.2549713646372922e-06
E01002408,0,0.9999999991235029,1.9155850638352502e-08
E01002409,0,0.9999999916093856,1.6442369008893042e-07
E01002410,0,0.9999999999011919,2.3752188366088467e-09
E01002411,0,0.9999998618334114,2.320481023252933e-06
E01002412,2,0.9999997871523703,3.482762343269274e-06
E01002413,0,0.9996466709167201,0.0031615653184157043
E01002414,0,0.9999999999321147,1.6573440726810426e-09
E01002417,2,0.999865784767784,0.0013308780727153975
E01002421,2,0.999999999999929,2.3519594771302862e-12
E01002422,2,0.9999999782566962,4.0538591564878617e-07
E01002423,0,0.9769754656588825,0.1095874186403239
E01002424,0,0.9865902029805849,0.07113971846349938
E01002425,2,0.9999999999995453,1.3224069498489923e-11
E01002426,0,0.9999999999718057,7.131081386939364e-10
E01002427,0,0.9999512439478955,0.00053283816253138
E01002428,2,0.9999999999989626,2.978325135585924e-11
E01002429,2,0.9999999999997584,7.331383259503162e-12
E01002432,2,0.999994299746465,7.453080006002204e-05
E01002433,2,0.9999997333188659,4.3034907928116626e-06
E01002436,2,0.9999998501753252,2.5041400106339084e-06
E01002437,2,0.9999999999993463,1.8936572349550284e-11
E01002439,2,0.9999999999999858,5.714014493996196e-13
E01002440,2,1.0,2.1895475777692635e-13
E01002441,2,0.9999999984275973,3.3446052946522165e-08
E01002442,2,0.9999999999997868,6.394879718125546e-12
E01002443,1,0.9999759564446243,0.0002797619513108471
E01002444,1,1.0,2.3163363078524613e-103
E01002445,0,0.9999999309229134,1.2080230554459154e-06
E01002446,0,0.9999999996629043,7.689441385743352e-09
E01002447,0,0.9960602630375924,0.025744876437753868
E01002448,0,0.9999999999415792,1.4349315278316944e-09
E01002449,0,0.9999965411953358,4.695184061758241e-05
E01002451,2,0.9999999879211288,2.322988788030157e-07
E01002452,2,0.9999999999899671,2.6432545515398285e-10
E01002453,2,1.0,1.8742374703194984e-17
E01002455,0,0.9999243928514051,0.0007931130851181413
E01002456,0,0.999999900800892,1.6988975664925014e-06
E01002457,0,0.9999999998965876,2.481071829353784e-09
E01002458,2,0.999999890613984,1.86266699785817e-06
E01002460,1,0.9987917878681609,0.00932499239687197
E01002461,2,0.9999999866282963,2.558034035433614e-07
E01002465,2,0.9999999999846807,3.974627910046077e-10
E01002468,2,0.9999999997055369,6.758188129549191e-09
E01002470,2,0.9998472601287074,0.0014948189813586707
E01002472,2,0.9999769923045289,0.00026872229853110836
E01002473,2,0.9999999999884466,3.026586165452075e-10
E01002474,2,0.9999999997963442,4.748980633233527e-09
E01002475,2,0.999976796620934,0.00027081130206323107
E01002478,2,0.9999215004068418,0.0008205074104642549
E01002479,2,0.9999999999976836,6.429605127892524e-11
E01002481,2,0.9999999999999716,7.748587508707941e-13
E01002482,2,0.9999999999993747,1.841770449102524e-11
E01002483,2,0.9999999999961062,1.0794208292196961e-10
E01002485,2,0.999997892536346,2.965206548310672e-05
E01002486,2,0.9384389137462652,0.2312414750837355
E01002487,2,1.0,2.755775396457807e-14
E01002488,2,0.9999999999997158,8.650327245049838e-12
E01002489,0,0.9999999999782716,5.550634171040243e-10
E01002490,0,0.9999999679281052,5.854816143832339e-07
E01002492,2,0.9999999719502601,5.15814940226315e-07
E01002495,2,0.9999987302697481,1.8508485123136615e-05
E01002496,2,0.9994196662029217,0.004904758920755707
E01002497,2,0.9988612842941819,0.008856116201245658
E01002499,2,0.9997048924069512,0.0028297017034110707
E01002501,0,0.9998608238195438,0.0013750189588896072
E01002503,0,0.9999999999910187,2.373002143642237e-10
E01002505,0,0.9999999947888512,1.0460058157733075e-07
E01002506,0,0.9999999999494946,1.2479112839877891e-09
E01002508,0,0.9999999999967741,8.871373643245399e-11
E01002509,0,0.9999990540528712,1.406725416212148e-05
E01002511,0,0.9999930515703175,8.947486925342036e-05
E01002512,2,0.9999999999999716,9.599181077416334e-13
E01002513,0,0.8494979486336899,0.4235789607242006
E01002514,0,0.9999999999874944,3.263128185519661e-10
E01002516,0,0.9999999554303268,7.98965503791061e-07
E01002518,2,0.9999999999999432,1.7545239728301933e-12
E01002519,0,0.9999999999543405,1.1328281199737126e-09
E01002521,0,0.9999999997390745,6.018747079809801e-09
E01002523,1,0.6701789893945571,0.634051805641226
E01002525,0,0.9999999999163407,2.024927921494334e-09
E01002526,0,0.9999999998163531,4.300554390467745e-09
E01002527,1,1.0,1.1003155964901712e-14
E01002529,0,0.9999999920277247,1.5663377379808823e-07
E01002530,0,0.9439534494349507,0.21594795781735426
E01002535,0,0.8597023225903474,0.40550349089328985
E01002537,2,0.9760514617094014,0.11411401675439896
E01002538,2,0.9999999999807727,4.938227101393234e-10
E01002539,2,0.9999998865802759,1.927247417839509e-06
E01002540,2,0.999999999681549,7.282270208157605e-09
E01002541,2,0.9999822844801028,0.0002115421036468738
E01002542,0,0.9999999999495941,1.245612888561789e-09
E01002543,0,0.9999398799608651,0.0006444360597785493
E01002544,2,0.9999983993506895,2.2961475641000547e-05
E01002546,0,0.9463072209750182,0.20924809159401733
E01002547,1,1.0,8.603342929282527e-24
E01002548,1,0.9999999996575895,7.80519597716275e-09
E01002549,2,0.999992638999408,9.436373272695374e-05
E01002551,1,0.9999999405842548,1.0480169146601734e-06
E01002552,0,0.9938101360352083,0.03764514841659632
E01002553,0,0.9999999988726671,2.435422390604195e-08
E01002555,0,0.9999932232497646,8.743369587790679e-05
E01002557,0,0.9999999944477764,1.110949488065082e-07
E01002558,0,0.9999996958641938,4.868259337405283e-06
E01002559,1,0.9667103965897198,0.145997464734765
E01002560,1,0.9999999999999929,1.3084007999526425e-13
E01002562,0,0.9972514187738549,0.018952278019458774
E01002563,2,0.7471802058513972,0.565411854812397
E01002564,0,0.9999999999849365,3.905353723889418e-10
E01002565,2,0.978337756449409,0.10443961753996851
E01002569,2,0.9998477957479339,0.001490111754439785
E01002570,0,0.9999999999399876,1.4723556222103563e-09
E01002571,0,0.9818876438738204,0.09060096775354501
E01002572,2,0.9999930250509085,8.978978976745036e-05
E01002573,0,0.9999999999697877,7.620909755873647e-10
E01002574,2,0.987363747974211,0.06779147816697295
E01002575,0,0.9999999999362927,1.5593445490520123e-09
E01002576,2,0.9999998420145584,2.632158387464676e-06
E01002577,2,0.999999999999936,1.9679971626832844e-12
E01002578,2,0.9999733935496461,0.00030688794530992543
E01002579,2,0.9999999999930793,1.8462414246213405e-10
E01002581,0,0.9999999793692498,3.857224144336343e-07
E01002583,0,0.9999486882801611,0.0005581466047091417
E01002584,0,0.9999904435948498,0.00012001214696207662
E01002585,1,1.0,1.0191795613778731e-55
E01002587,0,0.9924420288548796,0.04445117902541677
E01002588,1,1.0,4.946234260540758e-123
E01002589,1,0.9999999999331521,1.6329343613352714e-09
E01002590,0,0.999999168511484,1.2472390030123614e-05
E01002591,0,0.9998922282758878,0.0010923139884565806
E01002592,1,1.0,4.512330048968678e-23
E01002593,0,0.9999999993544293,1.4306345426968277e-08
E01002594,2,0.9563761363204932,0.17929506238038925
E01002595,2,0.999999818487995,2.9989313798830532e-06
E01002596,1,0.9999995590494968,6.8939669502524405e-06
E01002598,2,0.9999992790020725,1.0917804259328585e-05
E01002601,2,0.9999967970999527,4.372423740037951e-05
E01002603,0,0.9993119453868515,0.005697985455074559
E01002604,0,0.9999994854088828,7.999445421079062e-06
E01002605,0,0.9999999998320277,3.948421633454094e-09
E01002606,0,0.9999999999551648,1.113286697124772e-09
E01002607,0,0.9999999984920294,3.213868280258683e-08
E01002608,0,0.9999999998841389,2.7666589502266997e-09
E01002609,0,0.9999997623885972,3.861810045184083e-06
E01002610,2,0.9999567423889762,0.00047792862274353417
E01002611,0,0.9999985381358654,2.1103174456459374e-05
E01002612,0,0.9999999999769358,5.878545057613418e-10
E01002613,0,0.999998220852822,2.533394484901593e-05
E01002614,0,0.9999992184457155,1.1772074566053414e-05
E01002615,0,0.9999982943329024,2.4359575715648276e-05
E01002616,2,0.9999999000527332,1.7109596738142961e-06
E01002618,0,0.9970741433866094,0.019991511087739063
E01002619,0,0.9999999999376001,1.5286583546137102e-09
E01002620,0,0.9999844465921368,0.0001877486548836508
E01002621,2,1.0,1.8821002400422796e-14
E01002622,0,0.999999990470144,1.855352102597698e-07
E01002623,0,0.9999999988708907,2.4390888491211956e-08
E01002624,0,0.9999999984283221,3.343135342144685e-08
E01002626,2,0.9999978497081328,3.0211405296908782e-05
E01002628,0,0.9999999999948557,1.3885306971824648e-10
E01002629,0,0.999999999939746,1.4780553277486946e-09
E01002630,2,0.9999981634534929,2.6092960023222848e-05
E01002631,0,0.9999999998897096,2.6389439345831265e-09
E01002632,2,0.9969479166458451,0.020724888180190634
E01002633,1,1.0,9.388403186140115e-21
E01002634,0,0.9999779906706355,0.00025803810655702
E01002635,0,0.9999998124655922,3.0923118067556778e-06
E01002636,0,0.9997639225359992,0.0022076152589538124
E01002637,1,0.999995815218727,5.600933866958503e-05
E01002638,0,0.9999999993601563,1.4185285556970059e-08
E01002640,0,0.9771043626198287,0.1091039555919453
E01002643,0,0.9999999953034404,9.475983547133456e-08
E01002646,0,0.9800791732644026,0.09773082504683014
E01002647,1,0.9999999996629612,7.688192406534178e-09
E01002649,0,0.9999999989632187,2.2484736999182883e-08
E01002650,0,0.9999994161662186,8.963978994137555e-06
E01002651,1,0.6601068733856649,0.6409645639312436
E01002652,0,0.9403942114062783,0.22588145537852666
E01002653,2,0.9999996802070911,5.102486677527293e-06
E01002654,2,0.9999999085431497,1.5737345629554253e-06
E01002655,2,0.9999999999996589,1.0065286371679189e-11
E01002657,0,0.99999999993112,1.6804259842587572e-09
E01002659,2,0.9996038502956232,0.0034993964459906113
E01002661,0,0.9999999919832447,1.5746283421116681e-07
E01002662,0,0.9999999923636267,1.503629024372774e-07
E01002663,0,0.9999998888843242,1.8903769776537057e-06
E01002665,2,0.9995914273284371,0.0035965166974718573
E01002666,1,1.0,3.310802746609312e-27
E01002667,2,0.9975222540484683,0.017342155535216626
E01002668,2,0.9998581333243104,0.0013988837199264163
E01002670,2,0.999778067931629,0.0020890528288298837
E01002671,2,0.9999992645026627,1.1122719363899105e-05
E01002672,2,0.9999997646990401,3.826558542692268e-06
E01002674,2,0.9999971772477543,3.889132200979683e-05
E01002676,2,0.9999997690583609,3.8024596201299667e-06
E01002677,0,0.9999999999973852,7.244951068540437e-11
E01002678,2,0.9999999919215554,1.586128898424432e-07
E01002679,2,0.9997967574894636,0.001931008928102646
E01002680,2,0.999999999488324,1.1458296138611314e-08
E01002681,0,0.9999997825108645,3.5540153475492277e-06
E01002682,0,0.999999999990635,2.470458145082954e-10
E01002686,0,0.9999999999698161,7.612995034966471e-10
E01002690,2,0.9999999994836912,1.1651615394571916e-08
E01002692,0,0.9999999991538573,1.8606268204022133e-08
E01002693,0,0.9999999999532605,1.1586030471273887e-09
E01002694,2,0.9999999975976692,5.0087301058351104e-08
E01002695,0,0.9999494491739921,0.0005506251754193614
E01002696,0,0.9999999999607638,9.793515792893838e-10
E01002697,0,0.9999999955292793,9.042361725023739e-08
E01002698,2,0.9999985164630152,2.139421144578498e-05
E01002700,2,1.0,3.2439396801539624e-15
E01002701,1,0.9999755593579145,0.0002839819533124675
E01002702,0,0.9999998729534322,2.1443824190698802e-06
E01002703,2,0.9999999999999893,3.189821424128662e-13
E01002704,0,0.9999999996991846,6.896144071818534e-09
E01002706,0,0.9999999999912035,2.3281569361310153e-10
E01002707,0,0.9999999998221512,4.170445382357804e-09
E01002708,0,0.9980269517459728,0.014259591496519317
E01002709,1,1.0,4.400367277191769e-20
E01002710,0,0.9999999998712923,3.059935554847045e-09
E01002711,0,0.9926906590997299,0.043234302382028106
E01002712,0,0.9999994609358854,8.319952693181925e-06
E01002713,0,0.9999999997009752,6.856824908415778e-09
E01002714,0,0.9999999999618012,9.544296850136594e-10
E01002716,0,0.999999999970882,7.354068779449876e-10
E01002717,1,1.0,7.287475565274317e-67
E01002718,0,0.9999702751799517,0.00033969268669070826
E01002719,0,0.9999998011514377,3.2672254619588906e-06
E01002720,0,0.9999999999885745,2.991542539549777e-10
E01002721,0,0.9999999997982201,4.706237767396877e-09
E01002723,2,0.9999999867251006,2.540486436794849e-07
E01002724,0,0.9999996417513091,5.675389463436147e-06
E01002726,0,0.9999999998300098,3.993981270461861e-09
E01002727,0,0.9999999956113896,8.88440351626409e-08
E01002728,0,0.9999995183573868,7.4876465961163156e-06
E01002730,0,0.999999999949253,1.253700883921597e-09
E01002732,0,0.9999999995960138,9.14202092151165e-09
E01002734,0,0.9999999999886313,2.980312110585164e-10
E01002735,1,1.0,-0.0
E01002737,0,0.99999922593348,1.1666426907096975e-05
E01002738,0,0.9999984400617395,2.2417860998106147e-05
E01002741,0,0.9999999999584617,1.0343723302738051e-09
E01002742,0,0.9999998141384228,3.192699746114805e-06
E01002743,2,0.9999161775958227,0.0008706438929289731
E01002744,0,0.9999891925904133,0.0001343930906103779
E01002745,0,0.9999999999398028,1.4768350980406725e-09
E01002747,0,0.9999999996217213,8.58504609897137e-09
E01002748,0,0.9978769132612941,0.01518818451267602
E01002749,0,0.9999999999658513,8.570644273753147e-10
E01002751,0,0.9999999996812647,7.288335627464703e-09
E01002752,0,0.9999999998956355,2.5030269645636045e-09
E01002756,2,0.999999635416226,5.769359454258101e-06
E01002758,0,0.9999999999978968,5.856996118032136e-11
E01002759,1,0.9841787153012843,0.08513041580307362
E01002762,0,0.9999999249838566,1.3064202143301404e-06
E01002763,0,0.9999999999466382,1.3155122638318868e-09
E01002764,0,0.999999999753868,5.691798016993676e-09
E01002765,0,0.9999999999859455,3.6528227404089163e-10
E01002766,0,0.9999999877880583,2.3472395924066944e-07
E01002767,0,0.9999999975930365,5.017304398461577e-08
E01002768,0,0.9999999999583338,1.0376544839163058e-09
E01002770,0,0.9999999999958646,1.12556533386197e-10
E01002771,0,0.9999999997773728,5.170614658191887e-09
E01002772,0,0.999999999957609,1.0550104780902105e-09
E01002773,2,0.9999999997361044,6.084415908037614e-09
E01002774,0,0.9999999999385096,1.507112444112877e-09
E01002775,0,0.9999950402990833,6.55382945697905e-05
E01002776,0,0.9999999999284768,1.7424373746606326e-09
E01002778,0,0.9999740360851855,0.0003001114361773178
E01002779,0,0.9999999999668319,8.334041728527346e-10
E01002780,0,0.999984458083644,0.00018762142571606398
E01002781,2,0.9999999999848228,3.9324070878016656e-10
E01002782,0,0.9999999999353264,1.5818757896971086e-09
E01002783,0,0.999999999927752,1.759330448328018e-09
E01002784,0,0.9999762688890065,0.0002764368727578058
E01002785,0,0.9999999989555306,2.2643946320696233e-08
E01002786,0,0.9999999997906031,4.8761107254716595e-09
E01002787,0,0.9999999984783585,3.2416170961807015e-08
E01002788,2,0.9994487470705674,0.004687326338023865
E01002789,2,0.9999999995584332,9.978200553903262e-09
E01002790,0,0.9999999997545501,5.676883131959798e-09
E01002791,0,0.9999999989932178,2.186391839691986e-08
E01002792,0,0.9999999978050766,4.595527596958999e-08
E01002793,0,0.9999999999770068,5.862190711315793e-10
E01002794,0,0.9999999999930509,1.8535881938165707e-10
E01002795,0,0.9999999999805738,4.985971170683449e-10
E01002797,0,0.999999999524988,1.067251820849224e-08
E01002798,0,0.9999999998087503,4.470864567055781e-09
E01002799,0,0.9999999948572054,1.0329657607725568e-07
E01002801,0,0.9999999997482831,5.815292517105098e-09
E01002804,2,0.9999887525647185,0.00013941606377054622
E01002805,2,0.9986987124349858,0.00994671701312708
E01002807,0,0.9999999999816538,4.720245557931657e-10
E01002808,1,0.9999972973556979,3.735399967646914e-05
E01002810,0,0.9999999993572146,1.424753334150297e-08
E01002811,2,0.9999952392342302,6.310442501691288e-05
E01002814,0,0.9999999999889297,2.9028734549631586e-10
E01002815,0,0.9930003182839107,0.041706781494952466
E01002817,0,0.9999999997444604,5.899805829350799e-09
E01002818,0,0.9999999657024722,6.238099767521509e-07
E01002819,0,0.9999999998585594,3.349071495231978e-09
E01002821,0,0.9999999999848654,3.920490284749483e-10
E01002825,0,0.9999999431944974,1.0045275527378494e-06
E01002826,0,0.9999999999624549,9.387530412971596e-10
E01002827,0,0.9999999999896119,2.7318474835877605e-10
E01002828,0,0.9999999997917683,4.8501365379744525e-09
E01002829,1,0.5977983155422882,0.6738942805924374
E01002830,0,0.9999554059680974,0.0004913320589737589
E01002831,0,0.9999975720525272,3.381757676398331e-05
E01002832,0,0.9999817044569326,0.00021787876699917998
E01002833,0,0.9999999998539977,3.4524701846436118e-09
E01002835,0,0.9999975024393347,3.471657976193807e-05
E01002837,2,0.9999999988131094,2.5581585602280772e-08
E01002839,1,1.0,7.552380478792882e-17
E01002840,0,0.9999999999704414,7.461789438248348e-10
E01002843,2,0.9994097289676676,0.004979530381924492
E01002844,0,0.9999999998687628,3.1172825530236154e-09
E01002845,0,0.9999999997047553,6.7738831461751904e-09
E01002846,0,0.9999999882405319,2.2647085637031806e-07
E01002847,0,0.999999521160846,7.446859081847971e-06
E01002849,0,0.9999999999946994,1.4292690509255322e-10
E01002850,1,0.645250364330649,0.6503373718092484
E01002851,0,0.9999988761746357,1.651885246545549e-05
E01002852,0,0.9999999999889582,2.8974979573822796e-10
E01002854,0,0.9999845521830126,0.000186579276369008
E01002856,0,0.9999995246129025,7.396612559384771e-06
E01002858,2,0.9999999999977689,6.293008127536369e-11
E01002859,0,0.9999999993701607,1.3973421454628784e-08
E01002860,2,1.0,2.8529443627919963e-14
E01002861,0,0.9999944830709835,7.231417558578066e-05
E01002863,0,0.9961599389787801,0.02519212331022847
E01002864,2,0.9867771455846827,0.07033458254659786
E01002865,0,0.9999999981208418,3.963590798985455e-08
E01002866,2,0.9999999604903856,7.130191757829991e-07
E01002867,0,0.9999999999841549,4.107660198301014e-10
E01002868,0,0.994070679457415,0.036316347840275605
E01002869,0,0.9999999999559748,1.0938785427361551e-09
E01002870,0,0.9999999995480238,1.0177459443132572e-08
E01002871,1,0.9999988014502541,1.7540053599172794e-05
E01002873,0,0.9999998185388557,2.998141797716937e-06
E01002874,0,0.9999999924398821,1.4893722739764354e-07
E01002877,0,0.9999999999337348,1.6193850869076183e-09
E01002878,0,0.9999999999961062,1.0608412401939212e-10
E01002880,0,0.9999991739863107,1.2395701718073714e-05
E01002882,1,1.0,3.8381209843815436e-111
E01002883,0,0.9999996597964876,5.407099985341981e-06
E01002884,0,0.9999999999913882,2.2786508754085638e-10
E01002885,1,0.9815209991645164,0.09205911760974606
E01002886,0,0.9999999999825064,4.5093047464947013e-10
E01002887,2,0.9999735038673301,0.0003057263835316544
E01002888,1,1.0,1.4627132586949352e-15
E01002889,0,0.9999999990038617,2.164335255014147e-08
E01002891,2,0.9999999994785469,1.1667175395344251e-08
E01002892,1,0.9999999999960991,1.0635538813781158e-10
E01002894,0,0.9999999999738662,6.629757898951851e-10
E01002896,0,0.9999999732506811,4.931706070873102e-07
E01002897,0,0.9999993390299746,1.0066280704108e-05
E01002898,2,0.9996392663156354,0.0032292215171677713
E01002899,0,0.9999999987970796,2.5913704317598595e-08
E01002900,2,0.99999999999811,5.301961854786469e-11
E01002901,0,0.9999999999961489,1.0520867552378305e-10
E01002902,0,0.9999999999926104,1.9666607877622254e-10
E01002903,2,0.9702654151566742,0.13381841425946137
E01002905,0,0.9999999999892708,2.8163274446507855e-10
E01002906,0,0.9999999999833733,4.29442530924258e-10
E01002908,0,0.9999999942951376,1.1399433349457891e-07
E01002909,0,0.9999999986138874,2.965820842371143e-08
E01002910,0,0.999999939462784,1.066666210221159e-06
E01002911,0,0.999999999759396,5.569498599098596e-09
E01002912,0,0.9999719391477284,0.00032217004253246544
E01002913,0,0.9999999996808242,7.298071868021291e-09
E01002914,0,0.9999999999487414,1.265638401377528e-09
E01002915,2,0.9999999999998295,5.093564004363743e-12
E01002916,0,0.9999999999582911,1.0385612498695401e-09
E01002918,2,0.9999999999868976,3.416110078098107e-10
E01002919,0,0.9999999840752879,3.0196267312019503e-07
E01002920,2,0.9999999931821577,1.3502191825367305e-07
E01002921,0,0.9999999999968878,8.54878785159014e-11
E01002922,2,0.9999999915784059,1.6499985477780932e-07
E01002923,1,0.9999992233598181,1.1702638144457033e-05
E01002925,2,0.9969160577176719,0.020913886081907026
E01002926,2,0.9999949923795171,6.612336118139067e-05
E01002928,0,0.9999999997968985,4.735797737886268e-09
E01002929,1,0.9999985873459453,2.0441160162960798e-05
E01002930,0,0.9999999999931077,1.8420345380519453e-10
E01002931,0,0.9999997896163045,3.4448926772697163e-06
E01002932,0,0.9999998450587504,2.5844539913556785e-06
E01002935,0,0.9999999999820801,4.613590916733069e-10
E01002938,2,0.9999981399203042,2.640362879453064e-05
E01002940,0,0.9999998980765151,1.742794106446818e-06
E01002941,0,0.9999999999572111,1.064324995351359e-09
E01002944,2,0.9999999999999751,7.678286425109578e-13
E01002945,0,0.999948932147452,0.0005557372153055527
E01002946,0,0.9999999887927657,2.1637482563691288e-07
E01002947,2,0.8123137465196338,0.5148318754954602
E01002948,0,0.9999414509005949,0.0006291461144666957
E01002949,0,0.9989067684442804,0.008547091671629155
E01002950,0,0.9999961672339859,5.1634724496752265e-05
E01002951,0,0.9999999695177313,5.58012031364461e-07
E01002952,0,0.9999995775200188,6.623270908377261e-06
E01002953,1,0.9999999999989058,3.13000450776273e-11
E01002954,0,0.9999999996274767,8.460213362354004e-09
E01002955,0,0.9999999977843714,4.6367946120305126e-08
E01002956,0,0.9999982857847753,2.4473086822343332e-05
E01002957,0,0.9999999971617797,5.869453023237301e-08
E01002959,1,0.9950989612935638,0.03095424287382562
E01002960,0,0.9999986582714135,1.948398019811008e-05
E01002961,0,0.9999997682289588,3.77265671631381e-06
E01002963,1,0.9999995877346063,6.473225606873455e-06
E01002964,0,0.9999939542557716,7.86923316023133e-05
E01002965,0,0.9999999998409805,3.7468658314061385e-09
E01002966,2,0.999999999878284,2.9010590827774437e-09
E01002967,0,0.9999999899130785,1.9580747238161028e-07
E01002968,0,0.9999999999936193,1.7087481304131747e-10
E01002969,0,0.9999964394338016,4.8229966983819435e-05
E01002970,0,0.999999996342666,7.470664186512352e-08
E01002971,0,0.9999999897170682,1.994146550599184e-07
E01002972,0,0.9999999999929088,1.8896322574295138e-10
E01002973,0,0.9999999988945945,2.3902295618347315e-08
E01002974,0,0.9999999995804245,9.479088813629816e-09
E01002975,2,0.9999725042635308,0.0003162412746464709
E01002977,1,0.9999999413170872,1.0358189622433243e-06
E01002978,0,0.999999999975131,6.320550971450889e-10
E01002981,2,0.9999999999439666,1.3791855968434386e-09
E01002982,0,0.9999999915967805,1.6465817909356872e-07
E01002983,1,1.0,1.0927865879967507e-20
E01002984,0,0.9999999999952536,1.2834053477660152e-10
E01002985,0,0.9999999999267004,1.7838837674517865e-09
E01002987,0,0.9999999999840554,4.122433560318958e-10
E01002988,2,0.9999999988897912,2.4002080864151372e-08
E01002990,0,0.9999999995235527,1.0703374283982763e-08
E01002993,0,0.9999999970298177,6.128854912788406e-08
E01002994,0,0.9999999999316032,1.6691736087944917e-09
E01002995,1,0.9999990784815136,1.3728084398934705e-05
E01002996,0,0.9999999999837712,4.193387966978699e-10
E01002997,0,0.9999819248250261,0.00021547347532028095
E01002998,2,0.9999999996003339,9.048908146425377e-09
E01002999,0,0.9999999606782247,7.098164765359224e-07
E01003000,2,0.9999997853801917,3.5099776746215244e-06
E01003001,0,0.9999999996834248,7.2410907378335e-09
E01003002,0,0.9999999999880629,3.121378842521539e-10
E01003005,1,0.9999999999998224,5.410099812868556e-12
E01003006,0,0.9999822241325339,0.00021222287195224766
E01003007,2,0.9999999985482972,3.099468489345539e-08
E01003008,2,0.9999999999784848,5.513085578433067e-10
E01003009,2,0.9999839968775861,0.0001927211019479332
E01003010,0,0.9999999859764443,2.676048475329578e-07
E01003011,0,0.9999875926481311,0.00015257587558976663
E01003013,0,0.9999999994538058,1.2195484664281886e-08
E01003014,0,0.9999999998060787,4.5306371084310734e-09
E01003015,0,0.9997556036689768,0.00227694215737591
E01003016,0,0.711796136235617,0.6005356070994082
E01003018,0,0.9999999999407407,1.4546664515691319e-09
E01003019,0,0.99999999539898,9.292682302536083e-08
E01003020,1,0.8118895212275871,0.4834715106810019
E01003023,1,0.8859549861494206,0.3548897293331533
E01003024,0,0.9999999999699867,7.572098904345712e-10
E01003025,0,0.9999998769682681,2.0805680027001407e-06
E01003026,0,0.9999999999516405,1.1971430015998707e-09
E01003029,0,0.999993622994123,8.266390713653228e-05
E01003030,0,0.9999999979205256,4.365062122405311e-08
E01003031,2,0.9999895124797702,0.00013073029036819527
E01003032,0,0.9999999997714895,5.301319897527957e-09
E01003034,0,0.9999999965151289,7.13522135571005e-08
E01003035,0,0.999997123393792,3.957893120948895e-05
E01003037,0,0.9999999999916298,2.220136158802389e-10
E01003039,0,0.9999999994740421,1.1763493806300326e-08
E01003040,0,0.9999579315041641,0.00046595866888195827
E01003041,0,0.9545583534228539,0.1848681263285945
E01003042,0,0.9999999999333937,1.6274416105382738e-09
E01003043,2,1.0,3.762035414003323e-14
E01003044,2,0.9999804994420998,0.00023098523457330865
E01003045,0,0.999999999422343,1.2865559465625958e-08
E01003046,2,0.9999990136760634,1.4626474832041174e-05
E01003047,0,0.9999999999856328,3.729590642757117e-10
E01003048,2,0.9999997113736744,4.634800081448789e-06
E01003050,0,0.999999995433626,9.226155434484103e-08
E01003051,0,0.9999999999837996,4.1856107090744015e-10
E01003052,2,0.9999999992126192,1.7292939388610718e-08
E01003053,0,0.9999999994846576,1.1536540859870488e-08
E01003055,0,0.999999999867299,3.1507140458581944e-09
E01003057,0,0.9999999999853628,3.7996663146518007e-10
E01003058,0,0.9999999997941416,4.797193515084808e-09
E01003059,0,0.9999999988071835,2.5701590768742823e-08
E01003060,0,0.9999999999058957,2.2667301114780356e-09
E01003061,0,0.9999999998098161,4.446957791557971e-09
E01003062,2,0.99999999840756,3.385420094403813e-08
E01003064,0,0.9999982433862594,2.5035472844181385e-05
E01003066,0,0.9999998279293726,2.8521327491225084e-06
E01003067,0,0.9999997657857723,3.809969840415817e-06
E01003068,0,0.9999999944542424,1.1097181884192007e-07
E01003069,0,0.999999999481048,1.1613765510746345e-08
E01003071,0,0.9997738257149564,0.002124701948407113
E01003072,0,0.9999999999590017,1.0214896437413305e-09
E01003074,0,0.9999999999963194,1.0067249872551451e-10
E01003076,0,0.9999999707945766,5.358876883030487e-07
E01003077,0,0.999999999949452,1.2490055576356489e-09
E01003078,1,0.9999999797927048,3.782244492203191e-07
E01003079,0,0.9999999997186109,6.4695300070207915e-09
E01003081,0,0.999999999948173,1.2793044750123487e-09
E01003082,0,0.9999999999295142,1.7182691644552904e-09
E01003083,0,0.9999997148667157,4.582180071320401e-06
E01003085,1,1.0,5.238474748977593e-22
E01003086,0,0.9995352469779701,0.004031161757012327
E01003087,0,0.9999999971108764,5.969590419243107e-08
E01003089,0,0.999999999970484,7.452677620977237e-10
E01003090,0,0.9999999979941379,4.217758876353301e-08
E01003091,0,0.999025448577408,0.007731161107067755
E01003093,0,0.9999999976976568,4.8094427388663775e-08
E01003096,0,0.9999999981851886,3.8341968729530575e-08
E01003097,1,0.9997443306243303,0.0023704380039043806
E01003099,0,0.9999999999921698,2.082177017317719e-10
E01003100,0,0.9999999995016964,1.117174781545884e-08
E01003101,0,0.9999999999797495,5.19033236175214e-10
E01003102,0,0.9999999757718004,4.490879023308328e-07
E01003104,0,0.9999999960269434,8.082681915296988e-08
E01003105,2,0.9999999999999147,2.839822534890048e-12
E01003106,0,0.9999999998940723,2.538790736325229e-09
E01003107,2,0.9999999999542553,1.1351248626112713e-09
E01003108,0,0.9234929642519908,0.27015432869564454
E01003110,0,0.9999999999156017,2.042187543335178e-09
E01003112,2,0.9999966702964697,4.532600759345046e-05
E01003114,0,0.9999999936356829,1.2647521657742193e-07
E01003115,0,0.9999997993922621,3.2943631640269517e-06
E01003117,0,0.9999999999956657,1.177776271797708e-10
E01003118,0,0.9999999996415454,8.154682783363776e-09
E01003119,0,0.9999999999724167,6.981447777850961e-10
E01003120,0,0.9999999999838991,4.16190553934423e-10
E01003121,0,0.999509655054813,0.004226850035184835
E01003122,0,0.9999995752744062,6.656223965346075e-06
E01003124,0,0.9999999968156601,6.54860954341821e-08
E01003125,0,0.9999999971770279,5.8394466805276377e-08
E01003126,0,0.9999999999258904,1.8028179240174283e-09
E01003127,0,0.9999999551217239,8.041878255222218e-07
E01003128,0,0.999999999575806,9.578588346942118e-09
E01003131,0,0.9999999999806306,4.9720462536045e-10
E01003134,2,0.9999999999999716,1.0292880911779207e-12
E01003137,0,0.9999999999275673,1.763767356184202e-09
E01003139,0,0.9999990786933476,1.3725140508465235e-05
E01003141,0,0.9999999998909743,2.6099386360043917e-09
E01003144,1,0.9999928239141677,9.217504919803905e-05
E01003145,1,1.0,4.004560318014839e-39
E01003146,0,0.999999996933937,6.316976620323413e-08
E01003147,0,0.9999999998661053,3.1778304875024877e-09
E01003149,0,0.9999997014432173,4.784165135587594e-06
E01003150,0,0.9999999994764295,1.171246155762834e-08
E01003151,0,0.9999990601662188,1.3982435583326924e-05
E01003152,1,0.9999999633879859,6.635154985119083e-07
E01003153,0,0.9999999999943867,1.511748377352542e-10
E01003154,2,0.9999999999998295,5.113410639878595e-12
E01003156,2,0.9999999569660938,7.729445393085256e-07
E01003159,0,0.999999999975131,6.320988160392198e-10
E01003160,2,0.9999857597875047,0.00017315291858418518
E01003161,2,0.9999991466340479,1.2778367887488173e-05
E01003162,0,0.9999999999484288,1.2732440737120764e-09
E01003163,2,0.9999999970113294,6.16519515737892e-08
E01003164,0,0.9999999999938325,1.652207754076338e-10
E01003165,0,0.9999989728614497,1.5190078023764121e-05
E01003166,0,0.9999999999957794,1.1485922754953473e-10
E01003169,0,0.9999999999930509,1.8538827456753823e-10
E01003170,0,0.9999942041657577,7.568413777703372e-05
E01003172,0,0.9999999999869402,3.404499120374987e-10
E01003174,0,0.9993065222603269,0.005737449659265981
E01003175,2,1.0,5.934702019360717e-14
E01003176,0,0.9999999999839275,4.1550195754990184e-10
E01003177,0,0.9999993019976492,1.0592215773113508e-05
E01003178,0,0.9999999732333723,4.934725007221591e-07
E01003179,0,0.9999999985624584,3.0706260168217945e-08
E01003180,0,0.9999999998453291,3.648632212461981e-09
E01003181,0,0.9999999900021237,1.9416771778975735e-07
E01003182,2,0.9999999999999574,1.1576271551390298e-12
E01003183,0,0.9999999999500204,1.2353270882382988e-09
E01003184,0,0.9999999971794438,5.834699138216416e-08
E01003185,0,0.9909035589116847,0.051807051500495534
E01003186,0,0.9999999998647979,3.207689977888295e-09
E01003190,2,0.9987484237851425,0.009615516502398402
E01003191,2,0.9991297910604324,0.007001998798183385
E01003192,2,0.9999856289286216,0.00017461262936061144
E01003193,2,0.9925974712374878,0.04369137686315382
E01003194,2,0.8138690632616659,0.48056410868194266
E01003195,2,0.9999971459347506,3.929124709012682e-05
E01003198,1,1.0,7.354847010081848e-16
E01003199,0,0.9999999998286171,4.025404203889959e-09
E01003200,0,0.9999999999433555,1.3932350584605939e-09
E01003201,0,0.9114584355741508,0.2991504863251414
E01003202,0,0.9999999992036805,1.7480050521662378e-08
E01003203,0,0.9999999999507878,1.217135039176229e-09
E01003205,1,0.9998524425360162,0.0014491941820353564
E01003207,0,0.999999998844217,2.4940128662317198e-08
E01003209,0,0.9999999984757864,3.24685751070769e-08
E01003210,0,0.999999999660119,7.750101887888123e-09
E01003211,0,0.9999997365320105,4.254832455035291e-06
E01003212,0,0.9999999972909279,5.615005885550743e-08
E01003213,2,0.9999999704443501,5.419636858251843e-07
E01003214,0,0.9999999997456115,5.874430100520631e-09
E01003215,0,0.9999975815143898,3.369523103190632e-05
E01003217,0,0.999999957353169,7.663769999011131e-07
E01003218,2,0.9999999999996874,9.214210050360845e-12
E01003220,2,0.9998970973557599,0.001047721359478684
E01003221,0,0.9999999999881197,3.107649479431273e-10
E01003222,2,0.9999997073530127,4.695316327827418e-06
E01003223,0,0.999999999921684,1.9007292616743694e-09
E01003224,0,0.999999999698943,6.901450575784444e-09
E01003226,0,0.9999999999540137,1.1404861830914736e-09
E01003227,2,0.9999994291369272,8.777665126071266e-06
E01003228,0,0.9969904167069096,0.020478551054596433
E01003229,0,0.9999999995351061,1.0455089973063602e-08
E01003230,0,0.9999999937646891,1.2403931462340555e-07
E01003231,0,0.9999999989209272,2.335894517351916e-08
E01003232,0,0.9999999999850786,3.86771172437119e-10
E01003233,2,0.9999634455070434,0.0004100203557000822
E01003235,0,0.999990132328889,0.00012360483389607657
E01003236,0,0.9999999999759126,6.129636187105729e-10
E01003237,0,0.999999999900993,2.379649394393695e-09
E01003238,2,0.9989909405327344,0.007969785677509958
E01003239,0,0.999999562323051,6.84604854428475e-06
E01003240,0,0.999999999985647,3.726004732472393e-10
E01003241,0,0.9999999999670877,8.444916321115213e-10
E01003243,0,0.9999999999807443,4.943573709338346e-10
E01003244,0,0.9999999840100459,3.0303057850917333e-07
E01003245,2,0.9999999997233431,6.3667763732452425e-09
E01003247,0,0.9999999939352051,1.208154018997832e-07
E01003248,0,0.9999999996887539,7.124587084748703e-09
E01003249,0,0.9999999802683279,3.697921562534054e-07
E01003251,0,0.9999999976270999,4.949663066194675e-08
E01003253,0,0.9999999999513989,1.2027080678216264e-09
E01003254,0,0.9999999981961736,3.812098302673277e-08
E01003255,0,0.9999999999898677,2.666516467534079e-10
E01003256,0,0.9999999996932729,7.025668359420554e-09
E01003257,0,0.9999999775684503,4.175139552570628e-07
E01003258,0,0.9999999972647657,5.666589894719857e-08
E01003259,0,0.9999999998580336,3.3610030319782772e-09
E01003261,2,0.9999698172352621,0.00034433175346896774
E01003263,0,0.9999999708290095,5.35290262526212e-07
E01003264,0,0.9999999999801474,5.090924299011541e-10
E01003265,2,0.9461786763456408,0.2096167608612071
E01003266,0,0.9999999999771063,5.836517991161752e-10
E01003267,1,0.9999999974406109,5.328747585269232e-08
E01003268,2,0.9992521927328276,0.006130517456145013
E01003270,2,0.9999999999729141,7.050525405957472e-10
E01003272,0,0.9999999999871676,3.3478093091485293e-10
E01003273,2,0.9999999999470504,1.3060117784949329e-09
E01003274,2,0.9991297051039381,0.007002604363536561
E01003276,2,0.9999321653647192,0.0007189388518313164
E01003277,2,0.9999999980867074,4.032280458136532e-08
E01003278,0,0.9999999999904645,2.5135347586152855e-10
E01003279,2,0.9999993660342332,9.683703288249339e-06
E01003280,0,0.8256606010734561,0.4627012753412677
E01003281,2,0.999997556934261,3.4012996927424204e-05
E01003282,0,0.9999882204108655,0.00014546775260627597
E01003283,0,0.9999799552723581,0.00023687925795955336
E01003284,2,0.999999999546489,1.0217706751574564e-08
E01003285,2,0.998150650658145,0.013485448307076644
E01003286,0,0.9999999999878213,3.181880040322461e-10
E01003288,0,0.9999999999955946,1.197535743092162e-10
E01003290,2,0.9993446852698233,0.005458816860935625
E01003291,0,0.9623648040304532,0.16035443943751723
E01003292,2,0.9997203288416547,0.0025678724017396144
E01003293,1,0.9322180490516093,0.2478633819828691
E01003295,1,1.0,2.1643787928996842e-19
E01003298,2,0.9173016307802102,0.2860739923890281
E01003299,0,0.9999999980794598,4.0466976280686284e-08
E01003300,2,0.9999155380473136,0.0008786395315505534
E01003301,1,0.9973123569161244,0.0185924311699054
E01003303,0,0.99999999997695,5.875512586421023e-10
E01003304,0,0.9999999968045188,6.570401655137657e-08
E01003305,0,0.9999999999880487,3.1237918737618446e-10
E01003307,0,0.9999990705187315,1.3838710812028783e-05
E01003308,0,0.9999999870594962,2.479775559950618e-07
E01003309,2,0.9997932990986089,0.0019603792015526335
E01003310,2,0.6773569758259653,0.6288456754616446
E01003311,2,0.9995637901272338,0.0038112397178644095
E01003313,0,0.9999982798489684,2.4551883497903888e-05
E01003315,2,0.9996323023479693,0.003275475132460808
E01003316,0,0.9999999141616948,1.4824961354073719e-06
E01003318,0,0.9999999999979678,5.6794665316134694e-11
E01003319,0,0.9999976691507321,3.2560278389166096e-05
E01003320,0,0.9999999998849631,2.7475901166970506e-09
E01003321,0,0.9999999973951077,5.4092981733686423e-08
E01003322,1,0.9999999999690985,7.787394483063068e-10
E01003324,0,0.9999999999946567,1.439293447959128e-10
E01003326,2,0.9999999311161384,1.2048411325053392e-06
E01003327,2,0.7985376697913342,0.5024229733370835
E01003328,1,1.0,5.042677217224715e-38
E01003330,2,0.9999998075761071,3.1679835403159666e-06
E01003331,0,0.9999999984163566,3.36737763800673e-08
E01003332,2,0.9998924363823957,0.0010904126539687147
E01003333,2,0.9999580413467275,0.00046485173350068853
E01003334,0,0.9999999998715765,3.0533451297666673e-09
E01003336,0,0.999999999748411,5.812643769068683e-09
E01003337,0,0.9999999946045506,1.0811237867411716e-07
E01003338,0,0.9999999993294182,1.4835234510539886e-08
E01003339,0,0.9999999999014761,2.3687360165743108e-09
E01003340,0,0.9999999999648281,8.819235032332366e-10
E01003342,0,0.8522746324256114,0.4187431328569914
E01003344,0,0.9999998935009756,1.8163547545850879e-06
E01003346,2,0.9999697862712847,0.00034465401758244663
E01003347,2,0.9999834455573245,0.00019879978225760496
E01003348,0,0.9999999999691482,7.774792709987266e-10
E01003350,2,0.9999999798404107,3.773800343158056e-07
E01003351,2,0.9999941125362507,7.680291403934012e-05
E01003352,0,0.9999999999856612,3.7222652047376627e-10
E01003354,2,0.9993896220464787,0.005128152528043695
E01003355,0,0.9999999996840927,7.226708110419067e-09
E01003356,1,0.9999999409440168,1.0420298199475175e-06
E01003357,0,0.99999999501091,1.003605936058715e-07
E01003358,0,0.9999999995903153,9.265210050865796e-09
E01003359,0,0.9999999999697877,7.619256185906777e-10
E01003360,0,0.9999999999773053,5.789583072957376e-10
E01003361,2,0.999887817818772,0.0011325161736837664
E01003362,2,0.9999999970723934,6.050360174947186e-08
E01003363,2,0.9999993519993605,9.881604446892169e-06
E01003364,2,0.999999997157019,5.8807007654940675e-08
E01003366,2,0.9998790452679535,0.0012119800764137881
E01003368,0,0.9999977465521633,3.155513820406332e-05
E01003370,0,0.9999999994385433,1.2520664161037866e-08
E01003372,0,0.9999945196450034,7.187122743524427e-05
E01003374,0,0.9999999999778737,5.649161523097709e-10
E01003375,0,0.999999999988006,3.134757472102833e-10
E01003376,0,0.9993744251796525,0.005240159406227269
E01003377,2,0.9997435551359586,0.002376851181777476
E01003378,0,0.9997003167999826,0.002730923292651425
E01003379,2,0.999999997683787,4.8370255579228235e-08
E01003380,2,0.9999941412208773,7.644280977166443e-05
E01003382,2,0.9999999999957794,1.1540107507158535e-10
E01003383,0,0.9999999999666898,8.37003192380824e-10
E01003384,2,0.9999000346251357,0.0010207101554812748
E01003386,2,0.9999995357084343,7.234940956435646e-06
E01003387,2,0.9998468869753835,0.0014980972792023339
E01003388,0,0.9999999995055902,1.1088581351451263e-08
E01003389,0,0.9999999985532924,3.089306069912603e-08
E01003390,0,0.9999999999806306,4.972252126321802e-10
E01003392,0,0.9999999999872813,3.319297575443065e-10
E01003393,0,0.9999999999277946,1.7582667496967477e-09
E01003394,2,0.9999999128663044,1.5035637934581349e-06
E01003398,2,0.9998758892592218,0.0012403967823087145
E01003399,0,0.9999999892886677,2.0728541920610498e-07
E01003400,0,0.9999999999089226,2.196712292751733e-09
E01003401,0,0.9999999999652971,8.706225081820481e-10
E01003402,0,0.9999999995727791,9.64408335018064e-09
E01003403,0,0.9999999731306278,4.95263857164952e-07
E01003404,0,0.9999999986736015,2.843897075482008e-08
E01003405,2,0.9999999981695922,3.8655908443663625e-08
E01003406,2,0.999999997859149,4.4876646457717604e-08
E01003407,2,0.9999981676170809,2.604026215244205e-05
E01003409,0,0.9992031953039431,0.006481609752139358
E01003410,0,0.9986513188662569,0.010289078097988284
E01003411,0,0.9999999993750492,1.3869761948725692e-08
E01003412,2,0.9999848139344348,0.00018367735686325887
E01003413,0,0.999999998526846,3.143113822477689e-08
E01003414,2,0.9999999879092201,2.3251614794179674e-07
E01003415,0,0.9999999999760263,6.101239482108649e-10
E01003416,0,0.9999675662627383,0.0003676784196281266
E01003417,0,0.9999999998691464,3.1086669494891656e-09
E01003419,2,0.9999999999928377,1.9106784919859734e-10
E01003420,0,0.9999998451577858,2.6529930603118492e-06
E01003421,2,0.9997183975271746,0.0025836670650048756
E01003422,2,0.9998106044747772,0.001812814099919081
E01003423,2,0.9996156971649808,0.0034064170987818704
E01003426,0,0.9999999424735097,1.0165517430637607e-06
E01003427,0,0.9999999998819789,2.815855709671064e-09
E01003428,2,0.9993753887451517,0.0052406213780228075
E01003430,2,0.9999999999505889,1.2221649467317221e-09
E01003431,2,0.9999372662149976,0.0006697822150394144
E01003432,1,0.8002617248244901,0.5000393817576161
E01003433,0,0.999999999972502,6.963072455274744e-10
E01003434,0,0.980888166935093,0.09456210522708003
E01003435,0,0.9999988293305822,1.7159595332323833e-05
E01003436,2,0.9970744724595569,0.01998959264595219
E01003437,0,0.9999999879077421,2.3254258436191753e-07
E01003438,2,0.9997634794377422,0.0022158263808087276
E01003439,0,0.9999999999276241,1.762263616216438e-09
E01003440,0,0.999980850699389,0.00022717264923990176
E01003441,0,0.9999992510933386,1.1311973869601538e-05
E01003442,2,1.0,1.180908886944059e-13
E01003444,2,0.9999999798126142,3.778718432438637e-07
E01003445,0,0.9999999999546958,1.124443807585156e-09
E01003446,0,0.9999999999950688,1.331925339713617e-10
E01003447,0,0.9999999894300089,2.0469050436075392e-07
E01003448,0,0.9999997491817,4.122380398824702e-06
E01003449,0,0.9999991374373022,1.2906834132472309e-05
E01003450,2,0.9999996937303137,4.899947395627797e-06
E01003451,0,0.9999999325794442,1.1806900267328307e-06
E01003452,0,0.9999999092969644,1.5960522173572315e-06
E01003454,2,0.9999998344053006,2.7511444686012356e-06
E01003455,2,0.9999998788567057,2.0505069241833058e-06
E01003456,0,0.9999999999964189,9.800000400083727e-11
E01003459,2,0.9999986184059559,2.002243667333526e-05
E01003460,0,0.9999999999645297,8.890519992582621e-10
E01003461,2,0.983571371207256,0.08379373094790227
E01003462,2,0.9999993401711197,1.0050041851283215e-05
E01003463,2,0.9999984892383978,2.1759342191047006e-05
E01003464,1,0.9997395887011163,0.002409616487828817
E01003467,2,0.9999853003173447,0.00017827300822840947
E01003469,0,0.9999999994586659,1.2091743803780885e-08
E01003470,0,0.9999999997859561,4.97962456234827e-09
E01003471,0,0.9221383800571961,0.2735153850724021
E01003478,0,0.999368134360013,0.005286515112764884
E01003480,0,0.9999999976705141,4.863415965119483e-08
E01003481,2,0.9999999223664519,1.3537493049601044e-06
E01003483,0,0.999999982086294,3.3745301314680015e-07
E01003485,0,0.9999999993864037,1.3628996541060448e-08
E01003486,0,0.9999999999839417,4.1510730954417885e-10
E01003491,2,0.9058143917591371,0.3121162972389681
E01003492,0,0.9976467823883272,0.01659205816359873
E01003497,1,1.0,6.556377052798199e-33
E01003498,0,0.999999994225206,1.1532115398820665e-07
E01003499,0,0.99999999997614,6.074609300361632e-10
E01003500,1,1.0,1.5325197640992448e-27
E01003501,0,0.9999999985976018,2.9990401756011056e-08
E01003502,0,0.9999999999395328,1.483295548133363e-09
E01003503,0,0.999999969253651,5.625812123710192e-07
E01003506,1,1.0,4.858925233628114e-27
E01003507,0,0.9999999998694449,3.101792890847529e-09
E01003508,0,0.9999999981195771,3.966153940452023e-08
E01003509,2,0.9999966235363632,4.591544884253605e-05
E01003512,0,0.9999999972811509,5.634282095373745e-08
E01003513,0,0.998036417453234,0.01420063331712281
E01003515,0,0.9999999969233926,6.337647892438978e-08
E01003516,0,0.9999999999947846,1.4063361079694655e-10
E01003517,2,0.9999699082915678,0.0003433838830251792
E01003518,0,0.9999999984397192,3.320017035391267e-08
E01003520,0,0.9999999999964189,9.794048748964007e-11
E01003521,0,0.9999999999921698,2.0795969174282278e-10
E01003523,0,0.9999999999914024,2.2749925126598507e-10
E01003524,0,0.9995772047418181,0.00370724263143445
E01003525,0,0.9999999807727564,3.6083641808362023e-07
E01003528,2,0.9999984922507392,2.171896517461664e-05
E01003529,0,0.9999999999582911,1.038634413768328e-09
E01003530,2,0.9999999999918145,2.1735354739740697e-10
E01003531,0,0.9999999999169518,2.0106240895813656e-09
E01003532,2,0.9999981577960342,2.616767797828825e-05
E01003533,0,0.8795649336016098,0.3677909353969409
E01003534,0,0.9999988328213466,1.711191355523877e-05
E01003535,2,0.9998787649073486,0.0012144990143585885
E01003536,2,0.9999895535801445,0.0001304806103730938
E01003537,0,0.9999999999178044,1.990878222680791e-09
E01003538,0,0.9999999919056108,1.5890977126833697e-07
E01003539,2,0.9999974225234317,3.574624643416109e-05
E01003540,1,1.0,1.1110734853942338e-14
E01003541,2,0.9999994250810095,8.835951564940538e-06
E01003542,0,0.9999909202437989,0.00011450878019151241
E01003543,2,0.9998516323362014,0.0014563388606122047
E01003544,2,0.9999999996504698,7.960462864668628e-09
E01003545,2,0.9999999885978781,2.1994076778371464e-07
E01003549,0,0.9999989983931854,1.483770774094926e-05
E01003550,0,0.9999570683421998,0.00047464820975963895
E01003551,0,0.9999994025035699,9.159929296971426e-06
E01003553,0,0.9999999999785558,5.480768065929506e-10
E01003555,0,0.9999789748711717,0.0002474611767432882
E01003556,2,0.9955232907372366,0.02868059902810243
E01003558,0,0.9999999724553706,5.070265136683196e-07
E01003559,0,0.999999974356712,4.738618254670869e-07
E01003561,2,0.9999824461466283,0.00020977289662478616
E01003562,2,0.9997719883202606,0.0021401175559164877
E01003564,2,0.9999550773222103,0.0004946231816628822
E01003565,1,0.8825943549835046,0.3617238508415214
E01003566,0,0.9999999999848512,3.9248176204195966e-10
E01003567,0,0.9999999998958913,2.497143483201881e-09
E01003569,0,0.9999999996972804,6.9377080236954136e-09
E01003570,0,0.9999999999587885,1.0266164534545335e-09
E01003571,2,0.9999967805333609,4.393379779460565e-05
E01003572,2,0.9999999999994742,1.5654852144917344e-11
E01003573,0,0.9881484468284929,0.06434632363811522
E01003574,0,0.9999999997288995,6.242996127072457e-09
E01003575,2,0.9998494954731675,0.0014751614117870051
E01003576,0,0.9999999999907487,2.442733055755865e-10
E01003578,0,0.9999999995979323,9.10058277230006e-09
E01003581,2,0.9999999999799343,5.160432163316429e-10
E01003583,2,0.9999995136498018,7.556100844344719e-06
E01003586,0,0.9999991459008536,1.278861278792319e-05
E01003587,0,0.9999782022996475,0.0002557675716275952
E01003590,0,0.9217364855113062,0.27450764996142907
E01003591,0,0.9999997472753144,4.091856502836889e-06
E01003593,0,0.9999999996575184,7.806779525544809e-09
E01003594,1,0.9989560176454011,0.008210076134489357
E01003596,2,0.9999999886366027,2.1923260885981928e-07
E01003598,2,0.9999999999993747,1.849503685140168e-11
E01003600,2,0.9934005208730816,0.03971208537253711
E01003601,2,0.9987286263342665,0.009747649077662318
E01003602,0,0.9999999889522826,2.1345338241481073e-07
E01003603,2,0.9999999994455209,1.2373183322088113e-08
E01003604,2,0.9999886860899181,0.00014017337213391448
E01003605,0,0.9982146453593334,0.013081730857275714
E01003607,2,0.9998461505266302,0.0015045646100186555
E01003611,0,0.9999997094527795,4.663718528410454e-06
E01003615,0,0.9999999954051759,9.28078275390169e-08
E01003616,0,0.9999875999036842,0.00015249390592768431
E01003618,0,0.9999999945928124,1.0833586059954831e-07
E01003619,0,0.9999999999303668,1.6982098411785297e-09
E01003622,0,0.9999999999575095,1.0571834846111533e-09
E01003623,2,0.9998708340917759,0.0012857624463320275
E01003630,0,0.9999999998802735,2.8549858697006788e-09
E01003631,2,0.9999999778958399,4.2680308114914883e-07
E01003633,1,0.9999907316441528,0.00011667840423134631
E01003635,0,0.9999999999765663,5.971019795904321e-10
E01003636,0,0.9999999999974563,7.055263788865989e-11
E01003638,0,0.9999999150432793,1.4681476019435402e-06
E01003639,0,0.998618525216585,0.010477012133568681
E01003640,2,0.9999994706435709,8.179405703677144e-06
E01003641,2,0.9999659296920307,0.00038455385854301656
E01003643,0,0.9999998721214862,2.1575899139616133e-06
E01003644,2,0.9999999719996997,5.149550943645389e-07
E01003645,2,0.9911228835329065,0.05077556833666508
E01003646,1,1.0,1.2871092026849574e-14
E01003647,0,0.9999999976311216,4.941686056127404e-08
E01003648,0,0.9999994325653934,8.728358631320723e-06
E01003650,1,0.999999865871951,2.2566334386205673e-06
E01003651,0,0.9999999997471747,5.83982176717742e-09
E01003653,0,0.9999187655918471,0.0008463107087843524
E01003654,2,0.9999234079368502,0.0008024534229516469
E01003655,2,0.9999817416995626,0.0002174724560227756
E01003657,2,0.9999863400356087,0.00016666570114407515
E01003658,2,0.9999689199298243,0.00035365808330306054
E01003659,2,0.9932514437689867,0.04045789691356901
E01003661,2,0.9999999999999858,4.632001362882543e-13
E01003662,0,0.9999999999201634,1.9360591899573038e-09
E01003663,2,0.999954878357801,0.0004966144793673504
E01003665,2,0.9999999369888164,1.1077336680058892e-06
E01003666,0,0.99999835856173,2.3505292406546885e-05
E01003668,2,0.9999999999996447,1.0645322007605931e-11
E01003670,2,0.9999590909047748,0.0004544176568996167
E01003672,0,0.999999999945004,1.3541947298800758e-09
E01003673,0,0.9999999993753619,1.3863132910285095e-08
E01003674,0,0.9999999994008846,1.3321537955090136e-08
E01003675,2,0.9999854669531394,0.0001764177919919668
E01003677,0,0.9999599956146787,0.0004451088522487224
E01003679,0,0.7275770206527687,0.5856539249854115
E01003681,0,0.9999999998278213,4.0431428005216915e-09
E01003684,0,0.9999999990650394,2.037315521027111e-08
E01003686,0,0.9999999996247055,8.520365549358772e-09
E01003689,0,0.9999999999869686,3.39750098128543e-10
E01003690,0,0.999999999879222,2.878880917599947e-09
E01003692,0,0.9999999967655242,6.646654612150295e-08
E01003693,2,0.9999980217860367,2.7958725426397536e-05
E01003694,2,0.9999956901396068,5.7556474392976795e-05
E01003695,2,0.9999999908300907,1.7888060727380573e-07
E01003696,0,0.9999999043687399,1.6412968686945316e-06
E01003697,0,0.999999999953161,1.1608985006184742e-09
E01003699,0,0.9999997234657583,4.452458839057502e-06
E01003700,0,0.9999999989250057,2.3274543590470375e-08
E01003701,0,0.9999999980888248,4.036440211825789e-08
E01003702,0,0.999999997529855,5.1425931599139545e-08
E01003703,2,0.9999955943040026,5.889157239131115e-05
E01003704,0,0.9999999997426414,5.940062236835122e-09
E01003705,0,0.9999999991995452,1.7566771453121785e-08
E01003706,0,0.9999999825822529,3.2859940534119644e-07
E01003707,1,0.9999999999844462,4.027210576319768e-10
E01003708,2,0.9987334895564737,0.00971522376049282
E01003709,1,0.9999999999986429,3.844847532073115e-11
E01003710,0,0.9999999013854981,1.6894682331067356e-06
E01003711,0,0.9999999999864855,3.5187761426010504e-10
E01003712,1,1.0,2.1618354299535512e-20
E01003713,0,0.9999992456174173,1.1389189796748134e-05
E01003714,1,0.9990291229451691,0.007705681396304978
E01003715,0,0.9999999981870644,3.830430850449132e-08
E01003716,2,0.9999999999998579,4.310029491539275e-12
E01003719,0,0.9999999994816022,1.1601990402769621e-08
E01003720,0,0.9999999999575948,1.0551323453242966e-09
E01003721,0,0.9999976239290567,3.314633489538755e-05
E01003722,2,0.9999866635539686,0.00016303809696743902
E01003723,2,0.9999787826437141,0.0002495305475660293
E01003724,2,0.9999999988082209,2.568055836774194e-08
E01003726,2,0.9999118441823582,0.0009328719401777032
E01003729,0,0.9999930473529275,8.952539220474352e-05
E01003733,0,0.9999999991768362,1.8041866755499937e-08
E01003734,0,0.9999999999020588,2.355288894013108e-09
E01003735,2,0.9999999980989998,4.0075693041075e-08
E01003738,0,0.9999999998789093,2.8862672625759984e-09
E01003739,2,0.9999961592810963,5.1733904045448e-05
E01003740,0,0.9999999741537383,4.774089087808013e-07
E01003741,0,0.999999999968054,8.040623423018883e-10
E01003743,0,0.999999945668138,9.63250770203587e-07
E01003746,0,0.9999998926803841,1.8295263128027278e-06
E01003750,0,0.9999999999121627,2.1216455461783253e-09
E01003751,0,0.8776074684963555,0.41330699269547766
E01003752,2,0.9998234459847657,0.0017022977108607747
E01003754,2,0.9999995863081924,6.494193819989854e-06
E01003755,2,0.9985419771815904,0.010978831091113188
E01003756,2,0.9999654771127489,0.0003892065703885027
E01003760,2,0.9997050769343896,0.0026922490170401057
E01003762,0,0.9999999999707114,7.395464890994403e-10
E01003763,0,0.9999999982274943,3.7489926730117826e-08
E01003764,0,0.9999999999832028,4.3362788466382994e-10
E01003765,0,0.9999919128062041,0.00010291135840032319
E01003767,0,0.9999994655488542,8.25300799874451e-06
E01003769,0,0.9999999996652917,7.637252070331687e-09
E01003770,2,0.9999999999595417,1.0087543479768916e-09
E01003771,2,0.9999998569202364,2.397997483497952e-06
E01003773,0,0.999999999929301,1.7230401956038915e-09
E01003774,1,1.0,2.006726962282802e-21
E01003775,2,0.9999999999994316,1.653413937892386e-11
E01003776,0,0.9994335378855226,0.0048012292603549275
E01003777,1,0.9908816556802995,0.05190976714065654
E01003778,0,0.9984270573705676,0.011724746457777834
E01003779,1,1.0,1.9280006179202003e-20
E01003781,0,0.99999999995633,1.0855055845777764e-09
E01003782,2,0.9999999999771916,5.819284467210698e-10
E01003783,0,0.999999999806235,4.5270805320133445e-09
E01003788,0,0.9999999999836859,4.2139888953229526e-10
E01003789,0,0.9999999997235847,6.360212062845919e-09
E01003791,0,0.9999999986498409,2.8924427207029972e-08
E01003792,2,0.9999902103265869,0.00012270550513515742
E01003793,2,0.999934260108079,0.0006988000469682837
E01003797,2,0.99998956295256,0.00013021627838851932
E01003798,1,0.9999987944128839,1.7635983264174427e-05
E01003799,2,0.9958288853564436,0.027018326399749232
E01003800,2,0.9999972333050852,3.817445761252251e-05
E01003801,2,0.9996907109432321,0.0028086785441386
E01003804,0,0.9999999999721467,7.213445722557848e-10
E01003807,0,0.9999999999840696,4.1213368327681955e-10
E01003808,0,0.9999846279952408,0.0001857392400344143
E01003809,0,0.9999999999584759,1.0342081703195328e-09
E01003810,1,0.999999993600909,1.2713158163052346e-07
E01003812,0,0.9999999998987761,2.4307687911611362e-09
E01003814,0,0.9999999999200355,1.9389665927868102e-09
E01003815,0,0.9999999999082121,2.214323506265227e-09
E01003816,0,0.9999999803063704,3.691416976933528e-07
E01003817,0,0.9999999999221671,1.8895671140891345e-09
E01003818,2,0.9999999999891998,2.8357339644625805e-10
E01003820,2,0.9999989385214099,1.566301800688552e-05
E01003821,0,0.999999976953774,4.2833171369802386e-07
E01003822,0,0.9091584358104763,0.3044805837380914
E01003823,0,0.9999999979107912,4.3845019104062527e-08
E01003824,0,0.999999996529283,7.107643310487342e-08
E01003827,0,0.9999999998125446,4.386083663156518e-09
E01003828,0,0.9999995510501676,7.0128435830125634e-06
E01003829,0,0.999994999259199,6.603939296454397e-05
E01003830,0,0.999999849636265,2.512611412234807e-06
E01003831,0,0.7791895299364654,0.5279318338885604
E01003833,0,0.9999490787888037,0.0005547493721586578
E01003834,0,0.9999999996595221,7.763143940989725e-09
E01003836,0,0.9999998801639906,2.0296794826488257e-06
E01003838,0,0.9999999999684093,7.952559401730925e-10
E01003839,0,0.999999989166227,2.095316170917021e-07
E01003840,0,0.9999997889333311,3.4553917691330046e-06
E01003841,0,0.9999999999618296,9.536991518562124e-10
E01003843,0,0.9999971038641904,3.9828041111271856e-05
E01003844,2,0.9999252101072725,0.0007853529899190408
E01003845,2,0.9999997679306872,3.777213537454402e-06
E01003847,0,0.9999999977720222,4.661407305003205e-08
E01003848,1,1.0,1.832899694483625e-97
E01003851,2,0.9744186722764415,0.11904850995170849
E01003852,2,0.8437343322492202,0.4334252946481839
E01003853,0,0.9967196671419151,0.022037828607085346
E01003854,0,0.9999999993998472,1.3343705480075167e-08
E01003855,0,0.9999999992622861,1.6249920833276743e-08
E01003856,0,0.9999999991547099,1.8504530643464164e-08
E01003857,0,0.9999999933762496,1.3136609887673135e-07
E01003859,0,0.9999999044486759,1.6400049455718387e-06
E01003860,0,0.9999663851859946,0.000379865109501471
E01003861,0,0.999999999856314,3.4002023643210696e-09
E01003862,0,0.9999999996647801,7.64839936549002e-09
E01003865,1,0.8905957558075487,0.34526795020070455
E01003866,2,0.9999999947652753,1.0505080248367835e-07
E01003867,0,0.9999999831764371,3.179734070345823e-07
E01003868,2,0.9995843936447842,0.0036513363056536042
E01003869,2,0.9999995475187575,7.062563299114606e-06
E01003870,0,0.9999877717897069,0.00015055189528729703
E01003871,2,0.9999977508047947,3.1499837164613136e-05
E01003872,2,0.9999999999870397,3.3783244349914457e-10
E01003874,1,0.9984284709959513,0.011715623111579103
E01003875,0,0.9972596446082341,0.018903784242273156
E01003876,0,0.9999999999903793,2.5419636570213205e-10
E01003877,2,0.9999999865855358,2.565777152650395e-07
E01003878,2,0.9999966373455442,4.574144328890344e-05
E01003880,0,0.9999999987110044,2.7674001392938568e-08
E01003881,0,0.9999998468896625,2.555734181113711e-06
E01003882,0,0.9999999999882618,3.071165409132933e-10
E01003884,2,0.9999769944402149,0.00026870021087176555
E01003885,0,0.9999999998739639,2.999002408312725e-09
E01003886,0,0.9999999999887308,2.9545220533728574e-10
E01003887,0,0.999999627731027,5.883208114471286e-06
E01003888,0,0.9999999999802753,5.058772195304259e-10
E01003890,1,0.9999653218175819,0.00039080170226541783
E01003891,0,0.9999999857852089,2.746094979201818e-07
E01003893,0,0.9999999857616331,2.724685952503947e-07
E01003894,0,0.9999999991636486,1.8317853329113366e-08
E01003895,0,0.9999999994387281,1.269256625858375e-08
E01003896,0,0.999999999983757,4.1970487116241173e-10
E01003897,0,0.9999999999461977,1.3260604322154134e-09
E01003898,0,0.9999999999316458,1.6714648222157709e-09
E01003899,0,0.9990604983045711,0.0074876728113628995
E01003900,0,0.999999965255754,6.314853783473431e-07
E01003903,0,0.9970726638005228,0.0200002681640267
E01003904,0,0.9647601806334082,0.15250905757522817
E01003905,0,0.9999999999897682,2.692593094441896e-10
E01003906,1,0.999971012648989,0.0003318656448411654
E01003909,2,0.9999210078271648,0.0008251618981182278
E01003911,0,0.9999999999421902,1.4207409606902884e-09
E01003912,0,0.9999999999710241,7.319661438541096e-10
E01003913,0,0.9964807512378203,0.023395072021775765
E01003914,0,0.9999999581408625,7.530021507055556e-07
E01003916,0,0.9999999999791243,5.344250379624275e-10
E01003919,0,0.999999999988276,3.069178429639769e-10
E01003920,0,0.9999999999136548,2.0870477430913315e-09
E01003921,0,0.9999999999460272,1.3300803972201532e-09
E01003922,0,0.9999999999548663,1.1203874075630764e-09
E01003924,0,0.999999999696513,6.954506788630118e-09
E01003926,0,0.9999999999366764,1.5504133392089697e-09
E01003929,1,0.9999841114920713,0.0001914550355563229
E01003930,0,0.9999999998547935,3.4346300756878737e-09
E01003932,0,0.9999999996328484,8.343744083070784e-09
E01003933,0,0.999994939084689,6.677351749798594e-05
E01003934,1,0.9999999999631726,9.216387272615874e-10
E01003936,1,0.9999999999992326,2.223792939245069e-11
E01003937,0,0.9999999989393586,2.2978029989779004e-08
E01003938,2,0.9999997542143024,3.98635271976759e-06
E01003939,0,0.9999999999515268,1.1997173486909088e-09
E01003941,0,0.9999999999884608,3.022814009244611e-10
E01003942,0,0.9999999994825544,1.1581507865156707e-08
E01003945,0,0.9999999968290183,6.522467943598028e-08
E01003946,0,0.9999999997745874,5.232387808051156e-09
E01003947,2,0.9999999968089668,6.56171315498045e-08
E01003948,0,0.9999999999699867,7.572258624707442e-10
E01003949,0,0.9999999999975984,6.663441415664563e-11
E01003950,0,0.9999999999937756,1.6683493888593727e-10
E01003951,0,0.9999999998703828,3.0804527884777162e-09
E01003952,0,0.9999999999895977,2.734012106383897e-10
E01003953,0,0.9999999999360512,1.5649257239673347e-09
E01003954,2,0.9999999999991047,2.569783848117264e-11
E01003955,0,0.9999999833931527,3.140928735073057e-07
E01003956,0,0.9999972684571933,3.77243615050277e-05
E01003958,0,0.9999999996698534,7.537740996730772e-09
E01003960,0,0.9999999758377246,4.4793176754868504e-07
E01003961,0,0.9999999998755129,2.9635689781699567e-09
E01003966,0,0.9999999999211582,1.912999025879207e-09
E01003969,0,0.999999999996362,9.94999875298464e-11
E01003971,2,0.9999999822752984,3.3408081478336013e-07
E01003972,0,0.9999999871079126,2.4709821293749777e-07
E01003975,2,0.999995622033614,5.839736564379534e-05
E01003976,0,0.9999999999872671,3.321096332662403e-10
E01003977,0,0.9999991172488963,1.3188497637435792e-05
E01003979,0,0.9999999999886455,2.976564068952661e-10
E01003980,0,0.9999999995540065,1.004866269584947e-08
E01003981,0,0.9999999999586464,1.0300677945934793e-09
E01003983,0,0.9999994354745384,8.687486584534777e-06
E01003984,0,0.9999999999908766,2.4095981487688995e-10
E01003988,0,0.9999999103838673,1.5438826078054354e-06
E01003989,0,0.9999999999920561,2.1098998071706119e-10
E01003990,0,0.9999999999952252,1.291198204178563e-10
E01003993,0,0.9999999463197625,9.522993197005439e-07
E01003994,0,0.999999999982137,4.5988798498193553e-10
E01003995,0,0.9809254669150761,0.09441517515036188
E01003998,0,0.8125954972287265,0.4824375041152641
E01003999,2,0.9999999999995879,1.2054934790755375e-11
E01004000,2,0.9999910319342116,0.0001131934577820484
E01004001,2,0.9997705283871985,0.0021523557220394784
E01004002,0,0.9999999998155005,4.350315513253225e-09
E01004003,2,0.999999999895067,2.517267935983402e-09
E01004004,0,0.9999999998837836,2.774579935333355e-09
E01004005,0,0.9999999999151328,2.052845145436614e-09
E01004008,0,0.9999999999310205,1.6830448156607858e-09
E01004010,0,0.9999999999971152,7.965999672218458e-11
E01004011,0,0.9999999970691249,6.05166403131678e-08
E01004012,0,0.9999986296769318,1.9870319452054932e-05
E01004013,0,0.9969851383430258,0.020509176445127984
E01004014,0,0.9999999999524789,1.177217576706534e-09
E01004015,0,0.9999999999452029,1.3495285529531038e-09
E01004016,0,0.9999999994577706,1.2110998249725672e-08
E01004017,0,0.9999999997533706,5.7029778238276855e-09
E01004018,0,0.9999999998841247,2.7670001279025103e-09
E01004019,2,0.999999442772405,8.581468643078064e-06
E01004020,0,0.9999999991066204,1.9507767158217665e-08
E01004021,0,0.9999999480431412,9.234215182670801e-07
E01004023,0,0.9999999999658087,8.580861188641842e-10
E01004024,2,0.9999952020605882,6.355984680168043e-05
E01004028,0,0.9999999999795648,5.23379378758454e-10
E01004029,1,0.9999999999998579,4.37914174769143e-12
E01004031,0,0.9999999999920703,2.106991618889351e-10
E01004033,0,0.9999999996533688,7.897170836946225e-09
E01004034,0,0.9999999999807301,4.946394988115897e-10
E01004035,0,0.9999999999564864,1.08153311625668e-09
E01004036,0,0.9999999818595456,3.4149614173529915e-07
E01004037,0,0.9999999995212221,1.0753280226291825e-08
E01004038,0,0.9999999994933262,1.135098029741507e-08
E01004039,2,0.9999990615341969,1.3996514739918337e-05
E01004040,0,0.9999999999870397,3.3771654170410646e-10
E01004041,0,0.9999999999236167,1.855866959371466e-09
E01004042,0,0.9999999999896829,2.712981134962396e-10
E01004044,2,0.9999999734514237,4.898597403814482e-07
E01004047,0,0.9999999588445698,7.410410535567369e-07
E01004048,2,0.9999999994513189,1.2248594762230358e-08
E01004049,0,0.9999999845171318,2.939195383559121e-07
E01004050,0,0.9999993267182952,1.0241356455234911e-05
E01004051,0,0.9999999999246398,1.8318535092658414e-09
E01004052,0,0.9999999999010498,2.378544022447263e-09
E01004053,0,0.6661855431754443,0.6368471400731757
E01004054,1,0.9556891215659885,0.1814102844801914
E01004055,0,0.9024195240258753,0.31973397692166283
E01004056,0,0.9999999997245936,6.33791600855004e-09
E01004057,0,0.9999999698995343,5.514022274477144e-07
E01004058,0,0.9995095971632675,0.004227291160184502
E01004059,0,0.9999982969798829,2.4324417620307103e-05
E01004060,0,0.9999999993273718,1.4878301471921122e-08
E01004061,0,0.9999999999283631,1.7449102509331898e-09
E01004062,0,0.9999999999922267,2.067614989804823e-10
E01004063,2,0.9999999999997158,8.573573817283082e-12
E01004064,0,0.9999999999926246,1.9647818229284973e-10
E01004065,0,0.9995143769489002,0.004190846802785381
E01004066,0,0.9999999991765804,1.8047441913134774e-08
E01004067,0,0.9999999999962057,1.0351731515311451e-10
E01004068,2,0.999999999994472,1.5098489327445721e-10
E01004069,0,0.9999999957981487,8.524614767761253e-08
E01004070,0,0.9999999999733546,6.752565681758693e-10
E01004071,0,0.9999999682903967,5.792280789195371e-07
E01004072,0,0.9999999999882476,3.0759336739170234e-10
E01004073,0,0.9999945312157945,7.173104278317928e-05
E01004074,0,0.999999999948713,1.2663775043815345e-09
E01004075,0,0.9977700150359493,0.015863174378368074
E01004076,2,0.9998059498371722,0.0018526545078217437
E01004077,2,0.99993659322716,0.000676290817108958
E01004080,2,0.9999999974977101,5.206293652920219e-08
E01004083,2,0.9999657265785499,0.0003866426938976476
E01004084,2,0.9999999999930935,1.8433307753533522e-10
E01004085,1,0.9997650424465319,0.0021982600967117233
E01004086,0,0.9983225877259223,0.012395515115087252
E01004087,2,0.9999999999998721,3.868427045869153e-12
E01004088,0,0.998990380231633,0.007973926460299314
E01004090,2,0.9992658821594756,0.006031860051737023
E01004091,2,0.9999999999992895,2.0665996434283464e-11
E01004094,2,0.9999999973250056,5.5478182695955834e-08
E01004095,2,0.9999999999997158,8.52633906590348e-12
E01004096,2,0.9999975804839774,3.3708556884853325e-05
E01004097,1,0.9938734896980393,0.037323442209362664
E01004098,2,0.9802756433711816,0.09696447058070116
E01004099,2,0.9459802889029777,0.2101851043191306
E01004100,2,0.9999999999581917,1.0652147291426962e-09
E01004101,2,0.9999930249071738,9.113422630709112e-05
E01004102,2,0.9999998536375507,2.4496946538594466e-06
E01004103,2,0.9999498986807357,0.0005461774757022837
E01004105,2,0.9999973083415329,3.7213187668751197e-05
E01004107,2,0.9999739567947638,0.0003009506384264364
E01004109,2,0.9999999999728004,6.891499006621056e-10
E01004110,0,0.9999999999721751,7.153478102283248e-10
E01004111,0,0.9999999998441211,3.6759487158702094e-09
E01004118,0,0.9999999999903224,2.552533521419999e-10
E01004119,0,0.9999987334141941,1.8465788741729604e-05
E01004120,0,0.9999999971387297,5.914811713208793e-08
E01004121,0,0.9999999999432845,1.3949503018261353e-09
E01004123,0,0.9649136617653566,0.15200074280871123
E01004125,2,0.9999731481164704,0.00030947228619859437
E01004126,2,0.9999992863732519,1.0813606767467408e-05
E01004127,2,0.9999855706562167,0.0001752622657014969
E01004128,2,0.9999999999999574,1.5855247418778524e-12
E01004129,0,0.9999999954664247,9.163147360975777e-08
E01004130,2,0.9989868576083386,0.007997940317629803
E01004131,0,0.9999999998253628,4.098353101268895e-09
E01004134,0,0.9999999989874055,2.198418810517574e-08
E01004135,2,0.999992389236738,9.731078793907999e-05
E01004137,0,0.9999999999848654,3.9222880026460544e-10
E01004138,2,0.97557509145734,0.11479313648336913
E01004139,2,0.9999999987204546,2.7480511658536322e-08
E01004140,0,0.999259884405287,0.006075117226177789
E01004141,2,0.9999999999999929,1.2597008752863521e-13
E01004143,1,1.0,-0.0
E01004144,0,0.9999999986395096,2.913559135460947e-08
E01004145,1,0.9554642741109537,0.18498845090839436
E01004146,0,0.9999999999024283,2.3467608986181035e-09
E01004148,0,0.999999814975925,3.053411542539372e-06
E01004152,0,0.9999999999520242,1.1878617185770308e-09
E01004156,0,0.9998317755725217,0.001630116146745795
E01004157,0,0.9999951333528162,6.440084288506436e-05
E01004158,2,0.9951568921504272,0.030646090693560515
E01004159,2,0.9999972008670948,3.8589435193875267e-05
E01004160,2,0.9999999999310774,1.6817640464450404e-09
E01004163,2,0.9999718771510353,0.00032281980671649776
E01004164,0,0.8183522452204174,0.4738828815979168
E01004165,0,0.9998297475635124,0.0016478685373632728
E01004166,2,0.9999998125600944,3.0908480446652537e-06
E01004167,2,0.9999915924086211,0.0001066618317654469
E01004169,2,0.9999999238362733,1.330478334461684e-06
E01004170,0,0.6915762883046028,0.617833632395378
E01004171,2,0.9988113666935643,0.009193313813865971
E01004172,2,0.9999999591523059,7.358068627164812e-07
E01004175,2,1.0,1.1763417648659226e-13
E01004176,2,0.9999999850644771,2.8557300295639816e-07
E01004177,2,0.9997694088683684,0.0021617340110217753
E01004178,0,0.5761297499546918,0.6815104950329337
E01004180,2,0.9999999999999574,1.2517273759401789e-12
E01004181,2,0.9999459803747742,0.0005848238169032386
E01004182,0,0.8169596348160137,0.475972560435185
E01004183,2,0.9999996479428199,5.583442712437453e-06
E01004185,2,0.9999999999285336,1.741355693716722e-09
E01004186,2,0.9999806510046287,0.00022934094081159673
E01004189,1,0.9993368173266357,0.005516438640064129
E01004190,0,0.9999998766582442,2.0855003315035516e-06
E01004191,0,0.9999999941305475,1.1711613632056721e-07
E01004196,0,0.9997613660552201,0.002228983539485296
E01004198,0,0.9999999998822631,2.809522020437376e-09
E01004200,0,0.9999908624112487,0.00011516203113964931
E01004201,2,0.9998500046843346,0.0014706965890992029
E01004202,0,0.999999998138577,3.9279663874318724e-08
E01004203,0,0.999999999205798,1.7435792293935833e-08
E01004204,0,0.9999992232276785,1.1704497097989741e-05
E01004207,1,0.999991336330537,0.00010965058782602663
E01004208,0,0.9999999997140492,6.569739469491374e-09
E01004209,0,0.9999999992783017,1.5913068976014774e-08
E01004211,0,0.9999999418314206,1.027252419698853e-06
E01004212,0,0.9999999977440979,4.717028656962315e-08
E01004216,0,0.999999848797441,2.525785128340149e-06
E01004217,0,0.999999999817291,4.279715985545538e-09
E01004218,0,0.9977543805475363,0.01593862139931161
E01004219,0,0.9999999999777174,5.689630908574921e-10
E01004221,0,0.99999999904162,2.0859757248672076e-08
E01004222,0,0.9507199867505325,0.19638980465820724
E01004223,0,0.9999991702987105,1.2447344505252353e-05
E01004226,2,0.9999999539659836,8.237283946967009e-07
E01004228,0,0.9999999996323368,8.354591788222467e-09
E01004229,0,0.9756507841341752,0.11451389933190015
E01004230,0,0.9999999999908624,2.414942914475797e-10
E01004231,1,0.9899658980429641,0.056158178266023845
E01004232,0,0.9999999998294697,4.006120704311855e-09
E01004233,0,0.9999998785282929,2.055736633333467e-06
E01004234,0,0.9999999828059033,3.2460227746846304e-07
E01004235,0,0.9999999954767418,9.143341322165154e-08
E01004236,2,0.9997453626883823,0.0023618993347334434
E01004239,0,0.9999227214888404,0.0008089557819096271
E01004241,2,0.9999972887822627,3.746393325312292e-05
E01004243,1,0.9999999992772501,1.5935141387416008e-08
E01004244,0,0.9999998930445231,1.823682192165479e-06
E01004247,0,0.9999997471094879,4.094375627057735e-06
E01004248,2,0.9999999999999005,2.9264026151078836e-12
E01004249,2,0.9996989033788507,0.0027423665818237662
E01004255,0,0.9999999996047961,8.952139349250497e-09
E01004257,0,0.9999999973846627,5.429941602053377e-08
E01004259,0,0.9999999997479847,5.8218692042876366e-09
E01004260,0,0.9999995185030763,7.485527373867062e-06
E01004267,0,0.9999999956431367,8.823307568308195e-08
E01004270,0,0.9999999999588027,1.0262796206187593e-09
E01004272,2,0.9999998228744446,2.9308915463350263e-06
E01004274,0,0.9999999998994298,2.4157746522913325e-09
E01004276,0,0.9999999999171081,2.0069677267382856e-09
E01004277,0,0.9999999999871534,3.348871697662986e-10
E01004280,0,0.9999999984122496,3.3757007490921365e-08
E01004281,2,0.9999996776077134,5.141354351953707e-06
E01004283,2,0.9999999971666753,5.859834591470528e-08
E01004286,0,0.9999999354511452,1.1332095789896555e-06
E01004287,0,0.9999999752065637,4.589930863087839e-07
E01004289,1,1.0,3.1010110015344604e-15
E01004290,0,0.9999999195350743,1.3948952654304376e-06
E01004291,2,0.9999999528688204,8.422501578734125e-07
E01004293,0,0.9999999680105708,5.840585806217264e-07
E01004296,1,1.0,1.1512644307401808e-34
E01004297,2,0.9999999948624918,1.0328917126312849e-07
E01004298,0,0.811325807110585,0.4842948099193882
E01004301,0,0.9993491284389526,0.005426233363906791
E01004303,1,0.9972239427735092,0.019114082059756128
E01004304,0,0.9999961003912581,5.246780205086529e-05
E01004305,0,0.9999999892779385,2.0748212481954133e-07
E01004307,2,0.999912141087829,0.0009084378149011061
E01004308,2,0.9996562197690991,0.003085543102634672
E01004309,0,0.9892657260618675,0.05934901743278144
E01004310,2,0.9999920884846641,0.00010084956857211339
E01004311,0,0.9999999138717223,1.4872138305764124e-06
E01004313,0,0.9999999999723741,6.991189615139115e-10
E01004319,2,0.9766256158358503,0.11089996416117034
E01004321,0,0.9999999822473314,3.3457976442168806e-07
E01004322,0,0.9999999942080251,1.156471133914677e-07
E01004326,0,0.9999999881117958,2.288207469800472e-07
E01004327,2,0.9999999999997016,8.997660595014169e-12
E01004328,0,0.9999999558309735,7.921822681437229e-07
E01004329,2,0.9999999653580295,6.297332883227362e-07
E01004330,2,0.999992924679153,9.098080399381313e-05
E01004331,2,0.903050386981284,0.31832842353951774
E01004332,0,0.9999999997804565,5.102139982368408e-09
E01004334,0,0.9999999988531272,2.4756671609784222e-08
E01004335,0,0.9999999999814833,4.76190359304448e-10
E01004336,0,0.9999999945728462,1.0871606202811114e-07
E01004337,0,0.9999998339081198,2.7589064914282305e-06
E01004339,0,0.9989696019404527,0.008116749183397139
E01004340,2,0.9999999795129357,3.8317949188356106e-07
E01004341,0,0.9999999975510434,5.100600580789282e-08
E01004342,0,0.9999999999960778,1.0677778492577362e-10
E01004343,2,0.9999363513807126,0.0006786280147722752
E01004344,0,0.9999999999853628,3.7968456423149937e-10
E01004345,2,0.9999976817441776,3.23969167835009e-05
E01004346,2,0.9955722495584738,0.028415737012977713
E01004348,0,0.9999999999857039,3.712043762035811e-10
E01004349,2,0.9999999991557189,1.8483665231424927e-08
E01004350,2,0.9999604578725186,0.00044042512696329284
E01004352,0,0.9999999997298374,6.222302033400163e-09
E01004353,2,0.9999999982844372,3.634206422043047e-08
E01004354,0,0.8988426188920382,0.32761858324454873
E01004356,0,0.999999999660588,7.740029713307264e-09
E01004357,2,0.9999999999946994,1.4339196311287193e-10
E01004358,0,0.9999997454703515,4.119269286312555e-06
E01004359,2,0.9998785983017676,0.0012160012924998039
E01004361,0,0.9999999911488544,1.729755707601141e-07
E01004362,0,0.999999999927752,1.7594276763907235e-09
E01004363,0,0.9478558394795851,0.20492831668879918
E01004364,0,0.999999999986855,3.425964732964481e-10
E01004365,0,0.9999999999962057,1.0359278840088205e-10
E01004366,2,0.999999999969404,7.719652186838879e-10
E01004369,0,0.9999999786847982,3.978237276709462e-07
E01004370,0,0.9999999992434567,1.6645631461552654e-08
E01004371,2,0.9998120799620908,0.0018001612235646889
E01004373,0,0.9999999996217355,8.58474648752523e-09
E01004374,2,0.9999954750798054,6.020817441632699e-05
E01004375,0,0.9999999777106299,4.150092872814197e-07
E01004376,2,0.9999785145193165,0.0002524140585102012
E01004377,0,0.9999999996042135,8.964562852146067e-09
E01004378,0,0.9999999977478069,4.709647996160186e-08
E01004379,2,0.9999933005033653,8.651567592555184e-05
E01004381,2,0.9990113159005671,0.007829034630870514
E01004383,2,0.9999999999750102,6.351139313201447e-10
E01004384,2,0.9999999962547719,7.641338890435487e-08
E01004385,2,0.9999999788010998,3.9576932744936384e-07
E01004386,2,0.9999999997858424,4.983865054173394e-09
E01004389,2,0.9999906060788801,0.00011813274029204877
E01004390,0,0.999931001035456,0.0007301418483996942
E01004391,0,0.9999999998043734,4.56885825550809e-09
E01004392,0,0.9999999999467377,1.341231343620187e-09
E01004393,0,0.9999999996689297,7.557869220792537e-09
E01004394,0,0.9999999996276188,8.457140660053398e-09
E01004395,2,0.9999999999994884,1.5192058190147045e-11
E01004396,0,0.9999923556756873,9.7706262044418e-05
E01004397,0,0.9999999997591971,5.573913321582094e-09
E01004398,0,0.9999999998403837,3.7602636450863395e-09
E01004399,2,0.9999997863771399,3.494669985777154e-06
E01004400,2,0.6426544242526034,0.6518756270855494
E01004401,0,0.9999999982801739,3.642779072724171e-08
E01004403,0,0.9999999999181739,1.9823381196536838e-09
E01004404,2,0.9999999999914877,2.2579645117547767e-10
E01004406,0,0.9999999998732676,3.0148822056944484e-09
E01004407,0,0.9836702619145854,0.08338875028300041
E01004408,0,0.9999999892850155,2.0735237196673433e-07
E01004409,0,0.9999999999942872,1.534319187318289e-10
E01004410,2,0.99999994084307,1.0437123663738096e-06
E01004411,0,0.9940060577530061,0.03665201647372077
E01004413,2,0.9999887339461931,0.000139628214496
E01004414,0,0.959054919769709,0.17093612417002735
E01004415,2,0.9999550872022611,0.0004945242768825243
E01004417,0,0.9999998507642371,2.4948845155585745e-06
E01004418,0,0.999999971825162,5.179898881179633e-07
E01004419,0,0.9999999353618015,1.134688621500632e-06
E01004420,0,0.9999999999784421,5.50866813128555e-10
E01004421,0,0.999999999871406,3.0572270421284977e-09
E01004422,0,0.9999541952656181,0.000503444425189717
E01004423,0,0.999999999627434,8.461101288597429e-09
E01004424,0,0.9999999999643876,8.924047861047086e-10
E01004425,0,0.9999999937077035,1.2511558587290207e-07
E01004426,0,0.9999981783817553,2.5895732165553404e-05
E01004427,0,0.99999998179932,3.425696339758308e-07
E01004428,0,0.9999956885485237,5.7576131007502554e-05
E01004429,0,0.9999999999591722,1.0174120215253504e-09
E01004430,0,0.9999999999735252,6.713127991289311e-10
E01004432,0,0.9999812555435432,0.0002227704259493666
E01004434,0,0.9999999948074816,1.0424523347862613e-07
E01004435,0,0.9999993663179669,9.677413422285752e-06
E01004437,2,0.9999979857023186,2.8432295688918437e-05
E01004438,0,0.9999999999730989,6.816259515121341e-10
E01004440,0,0.9999999998533013,3.4684592776831448e-09
E01004443,0,0.999999995845485,8.433290301842503e-08
E01004444,0,0.9999741424334895,0.0002989940930708171
E01004448,0,0.999999998009514,4.1869708591104804e-08
E01004449,0,0.9999998661910842,2.2515829825196997e-06
E01004451,0,0.9999232546562907,0.0008039058996350924
E01004452,0,0.9999999999940741,1.591617406095667e-10
E01004453,0,0.9999998679628933,2.2235290586870938e-06
E01004454,0,0.9999999980408916,4.12406743654487e-08
E01004455,0,0.9999999992475068,1.6560541730585433e-08
E01004457,1,1.0,2.7186897216308812e-15
E01004458,0,0.9999999999755431,6.221554285961323e-10
E01004460,0,0.9999877106745793,0.00015124194293886386
E01004462,0,0.999999897909367,1.7454847918283434e-06
E01004464,2,0.9992644495214499,0.006042196708872055
E01004466,2,0.9999980134202225,2.8068574862106447e-05
E01004467,0,0.9999999999776179,5.713668455200659e-10
E01004468,0,0.9992849892260914,0.005893730387547517
E01004469,0,0.9999999992351576,1.6819977366859062e-08
E01004470,2,0.9999999999981952,5.1805660288869386e-11
E01004474,0,0.999999999756028,5.64411470431846e-09
E01004476,0,0.9999999999254499,1.8130554725337926e-09
E01004479,2,0.9999999999998579,4.220783562974652e-12
E01004481,0,0.9999999999570974,1.067212128115102e-09
E01004482,2,0.9996256245186459,0.003328222029665109
E01004483,2,0.9999999863530746,2.6078954656660283e-07
E01004485,0,0.999999997444931,5.310748106970387e-08
E01004486,2,0.999999988292501,2.2552226713785992e-07
E01004491,2,0.9999999999999858,3.169054174521815e-13
E01004492,0,0.9999999998715339,3.0543869934149406e-09
E01004493,0,0.9999999998239701,4.129696350024923e-09
E01004494,0,0.9999999998663753,3.1717887189646478e-09
E01004495,0,0.999982105127431,0.0002135034989182442
E01004496,0,0.9999999999802043,5.076764360863737e-10
E01004498,0,0.9999999958928925,8.341756698619804e-08
E01004499,0,0.999999999963407,9.160742344079993e-10
E01004500,0,0.9999999958319705,8.45935718989759e-08
E01004502,0,0.9999013271812561,0.0010087965315060015
E01004503,2,0.9999999999999716,1.0431632868882774e-12
E01004505,2,0.9999999999986642,3.784693199752025e-11
E01004506,0,0.9999999999747615,6.410317358567231e-10
E01004507,0,0.9999999997354081,6.099559569257721e-09
E01004508,0,0.9999999999440377,1.3771551482338163e-09
E01004510,0,0.9999999999890434,2.8751315935446084e-10
E01004511,0,0.9999979100629613,2.942291857605925e-05
E01004513,1,0.9999999999999432,1.79816539076952e-12
E01004514,0,0.9999999999849365,3.9055723127397706e-10
E01004517,0,0.9999999999958362,1.1312269617773405e-10
E01004519,0,0.9999999999924114,2.0194588082189362e-10
E01004522,0,0.9999999999890434,2.8729944348335906e-10
E01004523,2,0.9999435802184538,0.0006083554636278081
E01004524,2,0.9999692710325009,0.00035001183360844205
E01004525,0,0.9999999999757279,6.175924230897511e-10
E01004526,0,0.9999961641449558,5.1673249309693405e-05
E01004528,0,0.9999999999192539,1.957291974772993e-09
E01004529,1,0.5019548360771467,0.6931395377722966
E01004534,0,0.9999999999897113,2.705108859174822e-10
E01004536,0,0.9999999999643876,8.924862598548914e-10
E01004537,0,0.999999999995751,1.1547652767249062e-10
E01004538,0,0.9999999993338378,1.474197130084759e-08
E01004540,0,0.9999999998709797,3.0668415920182123e-09
E01004541,0,0.9997633699648334,0.002212229197672301
E01004543,2,0.9999993921607597,9.308060701805491e-06
E01004545,0,0.9999999999061799,2.260048581013874e-09
E01004547,2,0.9998338770489973,0.0016118410438710979
E01004548,0,0.9999999997851035,4.998775809518836e-09
E01004549,2,0.9997391935239764,0.0024128775808336615
E01004550,2,0.9999952079401448,6.348783410126177e-05
E01004551,0,0.9999999999953388,1.263124509209106e-10
E01004552,0,0.9999999999823928,4.5349061239090056e-10
E01004553,2,0.9999746878298938,0.0002932216085764543
E01004554,1,0.9999998876078912,1.910808822455173e-06
E01004557,2,0.9999597170591237,0.00044792867412066223
E01004558,2,0.9999285199139748,0.000753832985710878
E01004559,2,0.9999998737433424,2.1318380902993838e-06
E01004560,0,0.9999994675980585,8.223409423800714e-06
E01004563,0,0.9999762525872267,0.00027661045996570533
E01004564,0,0.9999999999865139,3.510112591927432e-10
E01004565,0,0.9999995697315216,6.738424440729414e-06
E01004568,0,0.99999999997938,5.278598279434761e-10
E01004569,0,0.999999999964885,8.805435398040067e-10
E01004570,0,0.9999999962190174,7.71067708174283e-08
E01004571,0,0.9999999999645013,8.89630497916312e-10
E01004572,0,0.9999999999964757,9.63747106408318e-11
E01004573,0,0.9999999999859455,3.6512859811194834e-10
E01004574,0,0.9999999989918393,2.1892336625924853e-08
E01004575,0,0.9999999999907772,2.437369887218486e-10
E01004579,0,0.9999999996823874,7.26397227454992e-09
E01004580,0,0.999999999979309,5.298365219046401e-10
E01004581,2,0.9998747122466365,0.0012509803747223342
E01004582,0,0.9999999998010622,4.642679835647295e-09
E01004583,2,0.9338884908196032,0.24346245207137843
E01004585,0,0.9999998170311127,3.0215389175356787e-06
E01004586,0,0.9999981915079996,2.5722211239998145e-05
E01004587,0,0.999999998168164,3.868448371425261e-08
E01004588,0,0.9999999999554205,1.1069436092211198e-09
E01004590,0,0.9999999999781437,5.583588883663434e-10
E01004591,0,0.9999999999975984,6.674310929062549e-11
E01004593,1,0.9999999999996803,9.490778118596365e-12
E01004594,2,0.9999983423337068,2.3721368939982764e-05
E01004597,1,0.9998333183019043,0.0016167026646422143
E01004601,0,0.9999999971374933,5.917245292592299e-08
E01004602,0,0.9999964022549708,4.869620385141953e-05
E01004605,0,0.9999999997896083,4.976710608150127e-09
E01004606,0,0.9999990806804921,1.369752211679467e-05
E01004607,0,0.9997833909654781,0.0020442062179849615
E01004608,0,0.999999933610797,1.1636520085366896e-06
E01004609,0,0.999999999989754,2.695243449795979e-10
E01004611,0,0.9999999932869912,1.3304649492224098e-07
E01004612,0,0.9999999895263159,2.0292127331297225e-07
E01004613,0,0.9999999999686651,7.892334983286366e-10
E01004614,0,0.9999999999912035,2.3271962661794854e-10
E01004615,0,0.9999999999941451,1.5742938183706275e-10
E01004616,0,0.9999999999822506,4.572590876008723e-10
E01004617,0,0.9999999999405134,1.4600613861818687e-09
E01004619,2,0.9999997271914739,4.396172672341914e-06
E01004621,2,0.999583291713451,0.003659913773682531
E01004622,2,0.9999999897700036,1.9844151914847384e-07
E01004623,2,0.9999999999999005,3.2741526153743234e-12
E01004626,2,0.9999999709990708,5.323397156633679e-07
E01004628,2,0.9999998496087101,2.513141655430958e-06
E01004629,2,0.9993836361210371,0.005172134167358531
E01004630,2,0.9979894750669237,0.014492574440407937
E01004631,0,0.999997528077614,3.438570895013422e-05
E01004632,2,0.999997927399493,2.9196113060431446e-05
E01004633,2,0.9999999999958362,1.1334330071597693e-10
E01004634,1,1.0,7.974731650616e-19
E01004635,2,0.9993145310523757,0.0056791544767117045
E01004636,0,0.9993040513907043,0.0057554161357270105
E01004637,2,0.999985879369654,0.00018159852166198468
E01004639,2,0.8626699190593825,0.4000870454621088
E01004640,2,0.9999999999960778,1.0680257531618726e-10
E01004641,0,0.9952789630496195,0.029994459445860544
E01004642,0,0.9999999999347295,1.5961800460912912e-09
E01004643,0,0.9999999999750457,6.342397864500449e-10
E01004644,0,0.9999999999280789,1.751526625399721e-09
E01004645,0,0.9961329016328826,0.025342431228090566
E01004646,0,0.999996376765209,4.901563309499654e-05
E01004647,0,0.8057984630023803,0.492258222281335
E01004648,0,0.9999999991497504,1.860805556955869e-08
E01004649,0,0.9999999789678358,3.928221676075462e-07
E01004650,0,0.9999997158106289,4.567953430108664e-06
E01004651,0,0.999382581311051,0.005179929422283588
E01004652,0,0.9999999999792095,5.320431979539611e-10
E01004653,0,0.9999999988298356,2.5236010288553246e-08
E01004654,0,0.9999999368680526,1.1097357628689386e-06
E01004656,0,0.999784684813162,0.002033285893668178
E01004657,0,0.9999999848682252,2.876016370277964e-07
E01004658,0,0.9999998638579178,2.2884893349248764e-06
E01004659,1,1.0,-0.0
E01004660,0,0.999999997602572,4.998360999419549e-08
E01004661,0,0.9999999935576511,1.279473745046894e-07
E01004662,0,0.9999999875816457,2.384832171054687e-07
E01004665,0,0.9999999996309441,8.385011388909808e-09
E01004668,0,0.9999997246560023,4.434482445176031e-06
E01004669,0,0.9999862079329045,0.0001681447458391249
E01004670,0,0.9029440172162201,0.3185657286830745
E01004675,0,0.999999999993264,1.7999786131735053e-10
E01004676,0,0.9539017161386266,0.18686252105377796
E01004678,0,0.7731249540151575,0.5354727661774143
E01004679,0,0.9999999991267146,1.9088856254104825e-08
E01004680,0,0.9999999998546372,3.438185988157716e-09
E01004681,0,0.9999999999873097,3.310046323831536e-10
E01004682,0,0.9999999996259277,8.493970994501599e-09
E01004683,1,1.0,4.432438033860939e-66
E01004684,0,0.9999999952661227,9.547539971780157e-08
E01004686,0,0.9999980389029561,2.7733845248363093e-05
E01004690,1,1.0,7.206165406283687e-33
E01004691,0,0.999999957593432,7.622989852990294e-07
E01004694,0,0.999998819156759,1.729850459647551e-05
E01004695,1,0.7566495650153788,0.5549112316171859
E01004696,1,1.0,7.13606324076968e-14
E01004698,2,0.9999999994699635,1.1851133865033804e-08
E01004699,0,0.9999999999828191,4.4315165057354473e-10
E01004701,0,0.9999992696810092,1.1049568652048733e-05
E01004702,0,0.9999999998868105,2.7054511315022864e-09
E01004703,0,0.9999999990796056,2.0070277884784934e-08
E01004705,0,0.9999999999642171,8.964671594551524e-10
E01004708,0,0.9999999976481888,4.907781432689082e-08
E01004709,1,0.9983261297904817,0.012372879400956133
E01004710,0,0.999999303839929,1.0566098782329159e-05
E01004711,0,0.9998196629584205,0.0017349492493334627
E01004712,0,0.9999999989294821,2.318207765474833e-08
E01004713,1,1.0,1.1014908226421245e-22
E01004714,0,0.999999990092121,1.9250937323934011e-07
E01004715,0,0.999979676843181,0.00023988924746885836
E01004716,0,0.9996747955422566,0.002936886938359024
E01004718,0,0.9989189226287032,0.008464031966491266
E01004720,1,1.0,2.9250823338657495e-23
E01004721,0,0.9999999960987083,7.943790018477519e-08
E01004723,1,0.9826703079914746,0.08745634620034556
E01004725,1,1.0,8.064729461585603e-23
E01004726,0,0.9999999999786411,5.459940349488459e-10
E01004727,0,0.9999999989521768,2.271310437792166e-08
E01004728,1,0.9999094979403127,0.0009330846245561701
E01004729,0,0.9998599957971589,0.0013823690332955773
E01004730,2,0.9999999984054995,3.389432475453811e-08
E01004731,0,0.999999921099135,1.3693303071145467e-06
E01004732,0,0.9999947473513835,6.910791856550296e-05
E01004733,1,0.9999999813583431,3.504234084495103e-07
E01004734,0,0.9999997730030374,3.6996711886302908e-06
E01004735,0,0.9611077776788269,0.1644074484887491
E01004736,0,0.85233142877037,0.4186435813900078
E01004737,0,0.9999999999488978,1.2620283755556285e-09
E01004740,0,0.9405266388525668,0.22551599157297075
E01004741,0,0.9188882923048404,0.28147618700579863
E01004742,0,0.9999344544565907,0.0006969282338310626
E01004743,0,0.9999999954003442,9.290062740932457e-08
E01004744,0,0.9999999919415217,1.5824065986590278e-07
E01004747,0,0.9999999990298676,2.1103871200071525e-08
E01004748,0,0.9999807020834647,0.00022878652226257035
E01004749,0,0.9999999729352996,4.98667964197991e-07
E01004750,0,0.9999999999872244,3.331920702145912e-10
E01004753,2,0.99999999999919,2.3748911789872415e-11
E01004755,0,0.9999999992361666,1.6798864611233503e-08
E01004757,1,1.0,3.8105237216421524e-22
E01004760,0,0.9949952792017724,0.03150405233210377
E01004761,0,0.9999961907108819,5.134185038727033e-05
E01004762,0,0.9999999620472984,6.864476930085637e-07
E01004763,0,0.9999351036274827,0.000690671739893459
E01004765,1,0.9999997041838438,4.7429764893660486e-06
E01032512,0,0.9999999999030393,2.332603225953358e-09
E01032513,0,0.9999999999440945,1.3755363680059694e-09
E01032562,2,0.9999999777035955,4.1513354305078537e-07
E01032563,1,0.9999996863129746,5.01110941861838e-06
E01032564,0,0.9999984505182834,2.2277811738599424e-05
E01032565,2,0.999999999997101,8.007008263515035e-11
E01032566,0,0.8839991256400751,0.3588806792096111
E01032567,0,0.9999963615207262,4.923358414633392e-05
E01032568,2,0.9999953562752172,6.166862576766375e-05
E01032569,2,0.9999383418964483,0.0006593640570136192
E01032570,2,0.999998446809796,2.2327418232134822e-05
E01032572,0,0.9999997614718268,3.875791307658302e-06
E01032573,0,0.9999999310390303,1.2061084728792168e-06
E01032574,2,0.9999999521060243,8.551124177949841e-07
E01032575,2,0.9999880092504694,0.00014786235843853324
E01032577,2,0.9999999999986784,3.7510316348772495e-11
E01032579,0,0.9999974624366752,3.5232303108981935e-05
E01032580,0,0.9999999999355396,1.5769341403287399e-09
E01032581,0,0.9999985242987693,2.1289021610976093e-05
E01032582,0,0.9999999999887024,2.960458801510113e-10
E01032583,0,0.9999999764815899,4.3663052461652543e-07
E01032584,0,0.999999999959627,1.0065743914205595e-09
E01032639,0,0.9999999999118643,2.128714309944475e-09
E01032640,2,0.9948585275045111,0.03222593010032539
E01032646,0,0.9999999842608674,2.985259349318381e-07
E01032719,1,1.0,2.625397709417182e-14
E01032739,0,0.6773769466148987,0.6288308542238021
E01032740,1,1.0,3.654918974948021e-14
E01032741,0,0.9999999999263167,1.7927480271197333e-09
E01032742,0,0.9999999869163503,2.505767821604011e-07
E01032743,2,0.999999999999929,2.239200517838304e-12
E01032744,0,0.9999999739901998,4.803616842399669e-07
E01032764,0,0.9999988737442839,1.655214261085378e-05
E01032765,2,0.9999987046188897,1.885736382905989e-05
E01032767,0,0.9999048082806202,0.0009766261087717461
E01032769,1,0.9999999976082634,4.9870728019771896e-08
E01032771,0,0.9999999996640128,7.665325834507954e-09
E01032777,0,0.9999999467969346,9.443092023153072e-07
E01032780,0,0.9999994022965605,9.162895768620308e-06
E01032781,0,0.999999999955989,1.0934497790074226e-09
E01032782,0,0.9999837226343729,0.00019574715348982607
E01032783,0,0.9999999999837001,4.211438192809804e-10
E01032784,2,0.999999999999929,2.2692660238235818e-12
E01032786,0,0.9999999707574863,5.36531137087054e-07
E01032788,2,0.999396001838741,0.005080613489463776
E01032790,2,0.9999999955245755,9.051440387992647e-08
E01033081,0,0.9999999999491536,1.2559052258446997e-09
E01033082,0,0.999999834310699,2.752677737882067e-06
E01033083,0,0.9999999838849193,3.056784513747532e-07
E01033084,0,0.9999999999832454,4.324753406539063e-10
E01033098,0,0.9999999998636184,3.234398803024145e-09
E01033099,0,0.9999998102331669,3.126877269093712e-06
E01033100,0,0.999999999981469,4.763952227442042e-10
E01033132,2,0.9906855093288013,0.05282724731214829
E01033133,2,0.8820187036373639,0.3628834759167012
E01033146,2,0.9999999999995808,1.2385185255696759e-11
E01033148,2,0.9999991791767926,1.2322984800291872e-05
E01033150,2,0.9880735882707969,0.06467711357465433
E01033151,2,0.9999999224469492,1.3472751759020016e-06
E01033208,0,0.9999999999879776,3.1437511302068145e-10
E01033320,0,0.9999943276233139,7.419411714988132e-05
E01033322,0,0.9999967693502217,4.4075191705290484e-05
E01033324,1,1.0,6.551757092784298e-20
E01033327,0,0.9999999999950404,1.3408226489719724e-10
E01033341,0,0.504831108587905,0.6931018235298072
E01033455,0,0.9999992173514521,1.1787142348133703e-05
E01033456,0,0.9999999997523901,5.7246354305179366e-09
E01033457,0,0.9999999973032487,5.590704333529416e-08
E01033463,2,0.9997397898579861,0.0024079562652369975
E01033486,0,0.9999998915678591,1.8473736642337579e-06
E01033488,0,0.999999999846878,3.6137416809313897e-09
E01033489,2,0.9999394736918792,0.0006483822918196445
E01033490,0,0.9999999999769074,5.888285901856913e-10
E01033491,0,0.9999999999535163,1.1524411229970483e-09
E01033569,0,0.9999999928425041,1.4139713979005059e-07
E01033570,2,0.998506359837286,0.011210952592938974
E01033571,2,0.9999404787643918,0.0006386123928814331
E01033579,1,0.9977818119919244,0.015771216284515936
E01033581,1,1.0,1.1048753385009879e-23
E01033582,0,0.9999986402428228,1.9727634138836466e-05
E01033584,0,0.9988284853860079,0.00907791660171216
E01033586,0,0.9995406111306556,0.003989968628598027
E01033587,1,0.9494316609641864,0.20018529499441395
E01033589,0,0.9999999999880913,3.113595092502897e-10
E01033590,2,0.9999999999997158,8.328056518447055e-12
E01033591,0,0.9999999999825491,4.495773883310252e-10
E01033593,0,0.9999992140375544,1.1833730715639742e-05
E01033594,0,0.9999999992104449,1.7338300721139598e-08
E01033598,0,0.999999999972971,6.846287949855644e-10
E01033601,0,0.9999999999815969,4.731918298827698e-10
E01033604,0,0.9999999762908661,4.3998003786792547e-07
E01033699,0,0.9999999999822933,4.562319121352348e-10
E01033700,0,0.9999999999795648,5.235155371134442e-10
E01033702,2,0.9999841110425465,0.00019146000393322296
E01033703,0,0.9999999995049365,1.1102539166498145e-08
E01033704,0,0.9999989779495699,1.5119906606229206e-05
E01033705,0,0.9999999999443361,1.3701032167965528e-09
E01033706,0,0.9999999203695499,1.3812592956376316e-06
E01033708,0,0.9999999758350387,4.4797887881055036e-07
E01033709,0,0.9999999999708535,7.362468624128488e-10
E01033711,0,0.9999999999150191,2.0554470142189413e-09
E01033712,0,0.999999999982947,4.3998046435144063e-10
E01033713,2,0.9999999945900697,1.0838903012269172e-07
E01033727,0,0.9999999577261756,7.600451944360591e-07
E01033729,2,0.9999999999884608,3.0238026579114246e-10
E01033732,0,0.9999999999368043,1.5474019928537953e-09
E01033735,0,0.9999999997855014,4.989727813428817e-09
E01033737,0,0.999999991037285,1.750436547376793e-07
E01033738,0,0.9999999998340456,3.90312980918699e-09
E01033740,2,0.9951373760399868,0.03074997853280505
E01033741,0,0.9999999999778879,5.645383462211392e-10
E01033742,2,0.9999999999999858,2.492967890084104e-13
E01033743,0,0.9999999999966604,9.144123602294198e-11
E01033744,2,0.9998851316712197,0.0011569155125147794
E01033745,0,0.9999999975154452,5.171136326211565e-08
E01033746,0,0.9999999857709696,2.7131886447597363e-07
E01033784,2,0.9999992916998316,1.073811259102258e-05
E01033785,0,0.8875446368760841,0.3516615008644414
E01033786,2,0.9999999999975984,6.676009849707509e-11
E01033788,0,0.9974872293567009,0.01755198400610227
E01033790,0,0.999999937249344,1.1034136120314348e-06
E01033791,0,0.9999999990519655,2.064505738838954e-08
E01033862,2,0.9999915039374334,0.00010769526962073625
E01033865,0,0.9999999921688385,1.540009749506287e-07
E01033866,0,0.9999999992548112,1.6407170205706832e-08
E01033867,1,1.0,9.263798817965557e-53
E01033868,0,0.9999999818544297,3.4158733060683836e-07
E01033869,0,0.9999991762401788,1.2364129499682278e-05
E01033870,0,0.9999357516091967,0.0006844202304904505
E01033871,0,0.9999999942741908,1.1439173641421288e-07
E01033872,0,0.999999999934758,1.5952947228526642e-09
E01033873,0,0.9999999999924256,2.014058144831121e-10
E01033874,0,0.9999999999722888,7.013166236586672e-10
E01033875,1,0.9999891285592128,0.00013512511522653433
E01033876,0,0.9999999991292725,1.903546607278449e-08
E01033877,0,0.9999882254928774,0.00014541007509493294
E01033879,0,0.999999999972573,6.943684728392692e-10
E01033880,0,0.9999999999924682,2.00509002226292e-10
E01033881,0,0.9999999735278781,4.905780046728412e-07
E01033883,0,0.9999999998897522,2.6381548612704243e-09
E01033884,0,0.9999999999945715,1.4610329402049722e-10
E01033885,0,0.9999999999926672,1.9537613753226828e-10
E01033911,2,0.9999893598337815,0.00013247931776014308
E01033913,0,0.9995142681090664,0.004191677194117629
E01033916,0,0.9999999998724007,3.034478019024666e-09
E01033918,2,0.9996252638817975,0.003331067231449004
E01033922,0,0.9999999999535021,1.1526851008708286e-09
E01033923,2,0.9999999999762679,6.09651263593933e-10
E01033924,0,0.9999999998381099,3.811523992275049e-09
E01033925,0,0.999999999903153,2.3299801033469124e-09
E01033926,2,0.9999994626818443,8.294406199582968e-06
E01033927,0,0.9999995943036565,6.37666235712317e-06
E01033929,0,0.9999999528771337,8.421094658730343e-07
E01033930,2,0.9999876301366545,0.0001521523046261226
E01033931,0,0.9999999959593993,8.213282054513116e-08
E01033933,2,0.9999999030436204,1.662705816785088e-06
E01033934,2,0.9999858179127551,0.00017250415525378997
E01033936,0,0.9999999999955662,1.2032375943467549e-10
E01033937,2,0.9963617509864529,0.024064948615670864
E01033938,0,0.5318682593619164,0.6911162697954388
E01033939,2,0.9731040933986795,0.12378064425701757
E01033940,2,0.9999999999908908,2.407761039480242e-10
E01033941,0,0.9999999978573442,4.491274488665897e-08
E01033942,2,0.9999990561506329,1.4038158110881094e-05
E01033943,0,0.9999995679990485,6.762904880159427e-06
E01033944,0,0.9999999999711378,7.291516385379093e-10
E01034026,0,0.9999999998852758,2.7405739174858936e-09
E01034027,0,0.999999983786097,3.07049024452778e-07
E01034029,0,0.9999999995434479,1.0275734321077492e-08
E01034030,0,0.9999999999060805,2.2623005622374127e-09
E01034032,2,0.9997785568635323,0.002084938950729319
E01034033,0,0.9999999970917344,6.007218721307932e-08
E01034034,0,0.9999999999218829,1.896125622595599e-09
E01034036,0,0.999999999893376,2.554825576080723e-09
E01034037,0,0.9999999999673435,8.210191047018072e-10
E01034038,1,0.999508775834853,0.0042335488248505335
E01034039,2,0.9999639239763217,0.00040512886107269116
E01034040,0,0.9999999999716351,7.173284645429235e-10
E01034042,0,0.9999999999433697,1.3928783498747935e-09
E01034044,0,0.9999999999152323,2.0504717692709864e-09
E01034045,2,0.9999969367892184,4.1953874953719234e-05
E01034046,0,0.9999999998980797,2.446732896266925e-09
E01034140,0,0.9999999999217124,1.9000179141841953e-09
E01034142,2,0.9999999999957225,1.1631868698376033e-10
E01034143,0,0.9999999999351132,1.5870642308800066e-09
E01034145,0,0.9999999998095603,4.452745302029014e-09
E01034146,2,0.9999823903579821,0.0002103833650265866
E01034148,0,0.999999999823217,4.146669258979997e-09
E01034149,0,0.9999999960575536,8.023467391000435e-08
E01034150,0,0.9999999999733689,6.750440197956413e-10
E01034152,0,0.9999999999808864,4.908882860498653e-10
E01034153,2,0.9999865714195798,0.00016407198767216693
E01034154,2,0.9999999037607428,1.6511220028795846e-06
E01034155,0,0.9999999999940741,1.5901435777821214e-10
E01034156,0,0.9999999999920703,2.10607214044688e-10
E01034173,0,0.9999999999514984,1.200323691838474e-09
E01034174,2,0.9991937259511942,0.006549109007280082
E01034175,2,0.9999999999999858,6.276866706453237e-13
E01034179,0,0.9997597746186273,0.0022422187549023067
E01034180,0,0.9999999994705036,1.1838969914369479e-08
E01034182,0,0.8636161817500513,0.3983451801512756
E01034185,0,0.9999999999957367,1.1598889172420727e-10
E01034186,0,0.9999997734522282,3.6927989596517476e-06
E01034187,0,0.9999999980913401,4.02286107211207e-08
E01034188,0,0.9999999994617212,1.202668922643451e-08
E01034190,0,0.9999999997895799,4.899041267120134e-09
E01034192,0,0.9999999999715072,7.204086091081563e-10
E01034198,0,0.9999999990250501,2.1203894071531792e-08
E01034199,0,0.9999921228340752,0.00010044598405931001
E01034200,0,0.9999998215667619,2.9511165047433258e-06
E01034202,0,0.9999999998355094,3.87009476206509e-09
E01034203,0,0.9999999999958504,1.13013741519502e-10
E01034204,0,0.999999955802168,7.926700574261438e-07
E01034205,0,0.9999999999645581,8.889808272318342e-10
E01034206,0,0.9999999938778075,1.219010215400424e-07
E01034207,0,0.9999873405527175,0.00015542130616455875
E01034208,0,0.9999987740824263,1.7912887273841866e-05
E01034209,1,0.9229781240080511,0.2714348107965243
E01034211,2,0.9999969591000216,4.167054733728872e-05
E01034212,0,0.9999994791552431,8.056329654021852e-06
E01034215,1,0.9884836860608714,0.06285846285495507
E01034217,2,0.9999999973937577,5.4287098980410964e-08
E01034218,0,0.9999999339459458,1.1581121190771645e-06
E01034219,0,0.9999999999010356,2.3787357815391406e-09
E01034220,0,0.9999403946648735,0.0006394302796889647
E01034221,0,0.9999999991743351,1.809421110930467e-08
E01034222,1,0.9999987269738216,1.8553227433080734e-05
E01034223,0,0.9999999975961202,5.0111802228835085e-08
E01034224,1,0.7534224754052091,0.5585438397235557
E01034225,0,0.9924692566574438,0.04431832414948859
E01034227,2,0.999252344137144,0.006129427764702865
E01034229,2,0.9999999999989626,2.9817445531225224e-11
E01034230,2,0.9999846259363399,0.00018576208904347354
E01034383,0,0.999999999996362,9.932253134145103e-11
E01034384,0,0.9999999998485549,3.575801724909135e-09
E01034385,0,0.9999999999878071,3.184860579163495e-10
E01034386,0,0.999999999984766,3.945645860205992e-10
E01034388,0,0.9999995497243807,7.030335953266708e-06
E01034391,2,0.9999999999995453,1.3715667329178895e-11
E01034392,1,0.999998777264446,1.786957015575252e-05
E01034393,0,0.9999999997526317,5.719228426236417e-09
E01034394,0,0.9999999999736531,6.682385565806201e-10
E01034470,0,0.9999999935049146,1.2894177755906224e-07
E01034471,0,0.9999999999893276,2.8012473905855155e-10
E01034473,0,0.9999999999545537,1.127869881412688e-09
E01034474,0,0.9999999996958309,6.9696558916282945e-09
E01034475,0,0.999999999791612,4.85384307836236e-09
E01034476,0,0.9999900032425327,0.00012509187314409576
E01034477,0,0.999996647898788,4.5608425887305505e-05
E01034478,0,0.9998752821773502,0.0012458555228980332
E01034479,2,0.999999523022936,7.419758968536662e-06
E01034481,2,0.9999998390904766,2.6779254773608684e-06
E01034482,0,0.9999999981765768,3.851526833550545e-08
E01034483,0,0.9999999998021138,4.619407242450252e-09
E01034484,0,0.999999999986855,3.423872202258233e-10
E01034485,0,0.999996428491923,4.836722248400161e-05
E01034486,0,0.9996478209656071,0.0031524231346321744
E01034487,0,0.999999999944535,1.3653441162931319e-09
E01034578,0,0.9999995958633541,6.3536393417942026e-06
E01034579,0,0.999999999564551,9.821271934392666e-09
E01034580,2,0.9994048685068989,0.005014834206881744
E01034581,2,0.999996400344854,4.872014716271317e-05
E01034589,2,0.8968400673219724,0.3319710932828248
E01034591,2,0.9999896280221717,0.00013001709525375937
E01034592,1,0.9999999995837641,9.406881327973898e-09
E01034593,2,0.9999999927185144,1.4372179625467877e-07
E01034594,2,0.9998604729612288,0.0013781340097924542
E01034595,0,0.9999999998226059,4.160460911041252e-09
E01034597,2,0.9999977775460108,3.115191050694885e-05
E01034598,0,0.999999999513264,1.0923994382833004e-08
E01034599,2,0.9999995976473272,6.3273766588363286e-06
E01034601,2,0.9999999999998295,5.346145748999318e-12
E01034602,0,0.9999999439511684,9.92049146925381e-07
E01034603,1,0.9999999999996163,1.1274205359542383e-11
E01034605,0,0.9999999995048654,1.1103921481166908e-08
E01034606,0,0.9979538366652227,0.014713479698517726
E01034607,0,0.9999999998858726,2.7269692536161502e-09
E01034608,0,0.9999999643864903,6.464043933220992e-07
E01034609,0,0.9999999999866276,3.4807301488534e-10
E01034610,0,0.9996768113702857,0.0029206921025800546
E01034612,0,0.9999854240738949,0.0001768953632172728
E01034613,1,0.9999996600652432,5.403097102226027e-06
E01034615,1,1.0,2.8848221613335975e-145
E01034616,0,0.9999999990930775,1.9789849610392296e-08
E01034617,0,0.9999999998471338,3.607923055412854e-09
E01035484,0,0.9999999999489972,1.259648189892082e-09
E01035485,0,0.9999999999640323,9.009266066134053e-10
E01035486,2,0.9999681320180811,0.0003618256529437527
E01035487,2,0.9999932482403854,8.71362120707991e-05
E01035488,0,0.999999961440495,6.968113396809197e-07
E01035489,0,0.9999999996034745,8.980557596044916e-09
E01035490,0,0.999999991807897,1.6072987114004585e-07
E01035491,0,0.9999998893521312,1.8828852084962871e-06
E01035493,0,0.9999999999966462,9.203915580863587e-11
E01035494,1,1.0,2.4574555383498623e-14
E01035496,0,0.999997994459598,2.8317420330239023e-05
E01035498,2,0.9998578006332604,0.001401831168099676
E01035638,0,0.9999999999963762,9.914347047279684e-11
E01035639,0,0.9999999997550475,5.66560875616979e-09
E01035640,2,0.9999365984688567,0.0006762431099793377
E01035641,0,0.9999991749817091,1.2381758929727821e-05
E01035642,0,0.999999999463455,1.1989445098646883e-08
E01035643,0,0.9999999990100861,2.1514141390865896e-08
E01035645,0,0.9999999984210604,3.357843144911359e-08
E01035648,2,1.0,6.326993660928442e-14
E01035649,0,0.9999999999247393,1.8295118650945149e-09
E01035650,0,0.9994215512924091,0.004890709433943986
E01035651,1,0.7289258288128372,0.5843243104293984
E01035652,0,0.9999999999920988,2.0978246147432764e-10
E01035655,0,0.9999999999848512,3.924087552492298e-10
E01035657,1,0.9999999999993179,1.983410360256024e-11
E01035658,0,0.9999999412919482,1.0760138038083936e-06
E01035659,0,0.9999999983490682,3.503589025273503e-08
E01035660,0,0.9999999997701394,5.331300463668672e-09
E01035661,1,0.9999740706740982,0.0002997461964874964
E01035663,0,0.9999999946192872,1.0783187369806039e-07
E01035665,0,0.6170969101381465,0.6654674614219871
E01035667,1,0.9999982564685291,2.4862322231009708e-05
E01035669,0,0.9999999999185007,1.974653723087917e-09
E01035670,0,0.9999999920960221,1.553599175422595e-07
E01035671,0,0.9977956718417329,0.01568650513767061
E01035672,2,0.9999999741790052,4.769676051033071e-07
E01035674,0,0.9980883047270045,0.013876629697824659
E01035675,0,0.9991071549424847,0.007161198553870158
E01035676,0,0.9999999999701856,7.524863073977923e-10
E01035678,0,0.9999999997349249,6.110129732813727e-09
E01035679,0,0.999999998544638,3.106916780038971e-08
E01035681,2,0.999999999853074,3.4735417384757045e-09
E01035682,2,0.99999997767236,4.156837091018517e-07
E01035685,2,0.9999999999998863,3.4620114517090607e-12
E01035687,0,0.9999999747729621,4.6658276686902765e-07
E01035690,0,0.9999999997918536,4.848377419695316e-09
E01035691,0,0.9999154326784473,0.0008776329273789103
E01035693,2,0.9994794823095479,0.004455856429161887
E01035694,0,0.9999999999225935,1.8796802996123207e-09
E01035695,0,0.9999999671605769,5.987163537183184e-07
E01035702,0,0.9999999997031779,6.808437291624132e-09
E01035703,2,1.0,1.5779540723946186e-14
E01035704,1,1.0,3.4425970089083325e-25
E01035705,0,0.9999999960009802,8.132895823152061e-08
E01035706,2,0.9998691543335625,0.0013007925934051304
E01035707,0,0.9999999995913385,9.243131917097121e-09
E01035708,0,0.9999999999288889,1.732722130073389e-09
E01035709,0,0.9999738089281027,0.0003025089462788014
E01035710,0,0.9999999922222855,1.5300325694332584e-07
E01035711,0,0.9999999194840431,1.3957288780394814e-06
E01035712,0,0.9999996842542417,5.041931971206174e-06
E01035713,0,0.9999999994905977,1.14095973501167e-08
E01035714,0,0.9999978071159773,3.076680297511483e-05
E01035715,0,0.9999999997531717,5.707191024312925e-09
E01035716,1,0.9999938622413748,7.97972936033731e-05
E01035717,0,0.9999999999809006,4.904529686857064e-10
E01035718,0,0.9999999999150191,2.0554984525890543e-09
E01035719,0,0.9999999457968031,9.61051142323633e-07
E01035720,0,0.9996855083515043,0.002850676769834159
E01035721,0,0.9967112891310084,0.022085710988100065
