unit,cluster,max_posterior,entropy
E01000001,6,0.9999314425050256,0.0007260424349703378
E01000005,6,0.9999974398673943,3.552315634304938e-05
E01000007,5,0.999475972971531,0.004485267468718144
E01000009,6,0.9999999788939677,3.94496898395897e-07
E01000011,4,0.9999707653607772,0.0003352901441711446
E01000012,4,0.9957995394415754,0.027212401025413353
E01000013,6,0.9999973575957408,3.974007403908614e-05
E01000017,4,0.9820710551371117,0.08990738626339792
E01000018,2,0.9980601646407368,0.014052519676011208
E01000019,3,0.9999849414879299,0.00018226875712622792
E01000020,3,0.9999702373744472,0.00034922987536685084
E01000021,3,0.9999098513064564,0.000995211089014637
E01000024,0,0.9989604457581073,0.008815754235884935
E01000027,4,0.9885575671029414,0.0626433782116099
E01000029,3,0.9998893403166466,0.001118658275578674
E01000030,4,0.9999878897486257,0.0001529830515412359
E01000031,4,0.9988654623940364,0.00888591354605445
E01000032,0,0.9826046081034042,0.10052480465208151
E01000034,3,0.9998834583426769,0.001173080820473026
E01000035,3,0.9024632312632165,0.3368470719519417
E01000036,6,0.9998784566940904,0.0012172779857950638
E01000038,3,0.992999539409402,0.04195082645041249
E01000040,3,0.9999743106122755,0.0002997516058307884
E01000041,3,0.9328293829245987,0.24679141601648816
E01000042,3,0.9999678980374759,0.00036443711340014746
E01000043,3,0.9999763241332829,0.000275849461873878
E01000045,3,0.9996106943373786,0.0034600077715376955
E01000050,4,0.976439069894766,0.11444395644984647
E01000052,4,0.9993209057245682,0.005667738814598703
E01000053,3,0.9997258691329034,0.0026603863122978506
E01000057,3,0.9097527759456585,0.30495174769398375
E01000058,3,0.9999566476682032,0.00047888844087516554
E01000060,6,0.8950825855785765,0.3509399679421673
E01000061,4,0.8450804385395633,0.4345742250175293
E01000062,3,0.9999998993379984,1.7224776374916415e-06
E01000063,1,0.9999994922988203,7.866004029495257e-06
E01000064,3,0.9998450099726044,0.0015151163728600574
E01000065,4,0.9999985429700998,2.10929737398294e-05
E01000067,4,0.9998263700020729,0.001682610585730653
E01000068,1,0.9999995306637821,7.337823462298119e-06
E01000070,6,0.9989736408099859,0.008994925311512154
E01000071,3,0.7941658494591272,0.5085573924673239
E01000072,3,0.9999105210118145,0.0009243986445041889
E01000073,3,0.9999990186735045,1.4557419847632038e-05
E01000074,3,0.9999460478925983,0.0005932966314737565
E01000075,6,0.9999992806689193,1.131373448467969e-05
E01000077,0,0.9610251841913141,0.17849531354486675
E01000078,3,0.9996465037837592,0.0034491290776159115
E01000079,3,0.9999884117367496,0.00014340900453930092
E01000080,4,0.9490242582454164,0.20147621404159316
E01000081,1,0.9684012090823125,0.14025653992585446
E01000082,0,0.9950991892779486,0.03095407917464743
E01000083,0,0.9920900823359405,0.04801903818545362
E01000084,4,0.9996744279353252,0.003094073367127602
E01000085,3,0.9999949311068124,6.692108286448232e-05
E01000086,4,0.9997818758705862,0.0020569840894911653
E01000087,4,0.9548464391175816,0.18545470794944244
E01000088,4,0.999883743174486,0.0011757342593295673
E01000090,4,0.9999871529927884,0.00015754959259167735
E01000091,0,0.9959567143216421,0.026440606307636654
E01000093,4,0.9969236320112329,0.021323419982826563
E01000094,1,0.9999994901744053,7.952686115695108e-06
E01000095,6,0.9999988257372723,1.7504674046880113e-05
E01000096,3,0.9999661606368253,0.0003821842442960335
E01000097,4,0.9865945151148429,0.07875031877988345
E01000098,4,0.99944065767923,0.004869678234793522
E01000099,0,0.996120269380358,0.02583578392396449
E01000101,5,0.987984476887938,0.06507035262280515
E01000102,4,0.8569979149259793,0.41045850317841154
E01000104,3,0.9998982506137867,0.0010764548028038504
E01000105,6,0.9999998443588375,2.5955530455822805e-06
E01000106,3,0.999949981968972,0.0005486608339524151
E01000110,4,0.998685483747581,0.010087288392261182
E01000111,4,0.5696646675837729,0.6845737490363287
E01000112,6,0.9999599958579943,0.00046827454686711016
E01000113,6,0.9996718636723424,0.002963376949051491
E01000114,4,0.8500271486482991,0.501798969416154
E01000117,3,0.9970839204491728,0.019956391460335947
E01000118,3,0.9997756868971465,0.0023532036341816862
E01000120,3,0.9999965200320289,4.759430952589963e-05
E01000121,3,0.999970000877791,0.0003424198981388561
E01000123,3,0.9999420042837289,0.000661868215900794
E01000124,4,0.9998660625172503,0.0014526369432085642
E01000126,0,0.9999706305683752,0.00035764709252536384
E01000127,1,0.9987942553014071,0.009339397589258742
E01000128,3,0.9958610619561333,0.026842118843262614
E01000129,6,0.9999342606750974,0.0006996666855403934
E01000130,0,0.903407329645473,0.3262196892043383
E01000131,1,0.9999999971265225,5.9412406288174174e-08
E01000133,4,0.9985808825481564,0.010744967410702834
E01000134,3,0.999973296762194,0.0003081174405668986
E01000135,0,0.9793385550543475,0.1065888699455548
E01000136,4,0.9642270557618581,0.15544755454956924
E01000137,3,0.9998605266694305,0.0014731950564866873
E01000138,0,0.9885731412977958,0.0630140494693288
E01000139,0,0.9629039665718815,0.17653893387022151
E01000140,0,0.988616834861205,0.06570874917519304
E01000141,6,0.9813591613533718,0.10516478195760695
E01000143,3,0.9999859303676426,0.00017130725094619687
E01000144,6,0.9998469371538883,0.001501996497095969
E01000145,0,0.99214836465808,0.04587787395601543
E01000146,6,0.9990862579580853,0.007562904205967382
E01000150,1,0.9999987206344739,1.8639267922403185e-05
E01000151,0,0.9990721699123547,0.008045322500945157
E01000152,3,0.9999874135491199,0.00015469648998778197
E01000154,0,0.40349746498685335,1.0881169035343607
E01000156,0,0.8537665841772137,0.517415117604247
E01000158,3,0.9996943968541052,0.0027793631034702285
E01000160,3,0.9998864060783136,0.001221243858913083
E01000161,6,0.7747386704244689,0.555900434667432
E01000162,4,0.987245536929545,0.06855150102866082
E01000164,6,0.5371696367690332,0.7823504061801841
E01000170,3,0.9999277304647025,0.0007847127214486058
E01000171,3,0.9832287153864246,0.08863414454029146
E01000172,3,0.9999953906029695,6.124696541632439e-05
E01000174,3,0.9997709290490656,0.002380082438657463
E01000176,4,0.9970189024854252,0.02034684113975643
E01000178,0,0.9997830361832744,0.0021872620320189137
E01000181,0,0.522953575955289,0.8454758865805188
E01000182,6,0.9999714578396587,0.0003353732149011084
E01000183,4,0.9950360123414188,0.03247368888645402
E01000184,4,0.8678511615616044,0.3909008405573201
E01000185,4,0.9999924133150294,9.702732010850439e-05
E01000186,0,0.9976071057482586,0.018386023645684854
E01000187,3,0.9999681052555179,0.00036325879835113193
E01000188,3,0.9998625966678161,0.0013696649480171854
E01000189,3,0.9702958967918955,0.13411452367083274
E01000191,4,0.9741214120309085,0.13260291955502687
E01000192,3,0.9976876740869415,0.01674089401047292
E01000193,6,0.9998064353394622,0.0018490722052676106
E01000194,6,0.9825213223638036,0.09586682215182993
E01000196,6,0.9913467514509964,0.05309295302284994
E01000197,1,0.6562741681879412,0.6434785397018752
E01000198,3,0.9998472220558285,0.0014953712529400761
E01000200,3,0.9999825566222956,0.00020882477016478506
E01000201,0,0.6685757575132507,0.6388142105825677
E01000202,0,0.9993895649245143,0.005291778174672359
E01000203,0,0.9641136609913041,0.1794656602390093
E01000205,4,0.9871899041705325,0.06856021604102905
E01000206,3,0.9999972568609047,3.787331624605143e-05
E01000208,6,0.9994630730978065,0.00458373919331258
E01000210,6,0.5055985708517748,0.9337827431795039
E01000211,6,0.8425571198463587,0.48543623094255994
E01000212,4,0.9390370142815927,0.23027611936781828
E01000214,6,0.9999729467514007,0.000316822580204471
E01000215,6,0.8662734413428572,0.4875422525055654
E01000218,0,0.8549953689834758,0.4158362379537119
E01000219,4,0.9036987845637183,0.33051409677389
E01000221,6,0.8399393041851622,0.5472286929713043
E01000222,0,0.6702799451121563,0.6376186289600319
E01000223,6,0.9742975701307869,0.12569350712783298
E01000224,0,0.7765361924466327,0.5727198156402074
E01000226,3,0.999960110177693,0.0004441779107281674
E01000227,3,0.9999996434161386,5.65067785624487e-06
E01000228,3,0.9999906686829355,0.00011755221468313016
E01000229,0,0.9889163900534674,0.060937712365167755
E01000230,4,0.7643988050991359,0.546321816903156
E01000231,4,0.9874277286599796,0.06765382710382428
E01000232,4,0.8409512342234473,0.46179459799452527
E01000233,3,0.9999351157085755,0.0007030692912884351
E01000234,3,0.9999193574697206,0.0008408263039445174
E01000235,4,0.9909180075091573,0.05182388096738737
E01000236,0,0.930552534787886,0.2562163992308647
E01000237,0,0.6494956061241831,0.6548350486145307
E01000239,0,0.9680099679972143,0.1421239191180298
E01000240,0,0.9926748396143976,0.04393940074023856
E01000242,3,0.9996137609750252,0.0036982110935444065
E01000243,3,0.9972862802364738,0.02110035499784476
E01000244,3,0.9998803789113501,0.0012600435303042848
E01000245,3,0.9982872027133015,0.014167685980470388
E01000246,4,0.9937454715343418,0.04191417857294852
E01000248,4,0.998832048413212,0.009062343420976645
E01000250,6,0.9992582957491403,0.006108274310097534
E01000251,3,0.9996444414208544,0.003538841463264213
E01000253,3,0.9999982824344869,2.451801024184e-05
E01000255,3,0.9999779646974528,0.00026268876783024504
E01000256,3,0.872235963525114,0.3824048978055464
E01000257,3,0.9976692422277332,0.017137113743816757
E01000258,4,0.9975061820655389,0.017687375689997356
E01000259,3,0.9999795483102905,0.00024127763572849727
E01000260,0,0.9935412312064296,0.04293447600450383
E01000261,3,0.8963531931627282,0.3330654709101871
E01000263,6,0.9581307662512707,0.20985401248609287
E01000264,3,0.7719345382767334,0.5409156804132565
E01000265,4,0.9547631500343731,0.18429023585104623
E01000268,6,0.9226755176911621,0.3027829313329057
E01000269,1,0.9470992723900595,0.20777959926609316
E01000271,0,0.9999248624619183,0.0007887078660522745
E01000273,6,0.9879966090511761,0.06818322931027271
E01000274,3,0.9890558722301006,0.0666838697777208
E01000278,3,0.9999909338331748,0.00011453243730733505
E01000279,3,0.9999897819157667,0.00012830440603212728
E01000281,6,0.963539869943103,0.16612985783797185
E01000282,3,0.9995305769310886,0.004119844225290222
E01000284,4,0.5229498212488212,0.6954730672752987
E01000285,3,0.9999226707477337,0.0008397924228602933
E01000286,3,0.9999999962534929,7.64378145659588e-08
E01000287,3,0.999897063190257,0.0010487044438185734
E01000288,4,0.9935922141374243,0.03921814749678617
E01000289,3,0.9999631779290387,0.00041276313292541906
E01000290,3,0.9999873448821702,0.00015537719621224234
E01000292,4,0.9787428689785266,0.12061201700301186
E01000293,6,0.9253183830471569,0.2659085846971494
E01000294,2,1.0,-0.0
E01000296,6,0.996306345260552,0.026867314404691707
E01000297,3,0.999954438101369,0.0005316652855629448
E01000298,6,0.9606773460226656,0.17432774166800763
E01000299,6,0.9955706166630924,0.031147383140842613
E01000301,0,0.916139382378228,0.3460581852999173
E01000302,6,0.9160955458416369,0.3007247539592572
E01000305,6,0.9883773140154548,0.06750420089981508
E01000307,3,0.9978205034165384,0.015838360956537307
E01000308,0,0.6734552393490795,0.8376486898133504
E01000309,6,0.9052529817796713,0.3192399034300016
E01000310,6,0.9998780447502417,0.0013057112657051276
E01000311,6,0.9969098045923876,0.021886205822938046
E01000312,1,0.8964477476769603,0.40037319266820764
E01000313,6,0.9997930814545233,0.0019623080432383255
E01000314,6,0.9973495298321315,0.01839380158184427
E01000315,3,0.9999976913428346,3.3745608885826344e-05
E01000316,6,0.9881445479394534,0.07169438171678956
E01000318,4,0.9960128803784448,0.027345163931636107
E01000321,6,0.8213386470910803,0.47105779664673825
E01000323,6,0.9878297554061958,0.07161143469651819
E01000324,0,0.9983135183459023,0.013547824811987172
E01000325,3,0.9999721019381634,0.0003267913239779689
E01000326,3,0.9999833195938616,0.0002001860449736224
E01000327,4,0.9997561278676435,0.00239209837740509
E01000329,4,0.9732196007746654,0.1238630892557883
E01000330,0,0.9990686074745968,0.008322132874487732
E01000331,0,0.9919835547717031,0.052225519183489805
E01000332,3,0.999716542656608,0.0027006326733628305
E01000333,3,0.9999246957143879,0.0007908409877804979
E01000334,3,0.9999973540756076,3.6626190746711596e-05
E01000335,5,0.99849214730383,0.011303705492139878
E01000336,3,0.9999736630966034,0.0003041257778727152
E01000338,3,0.9999081931712995,0.0009452805678103743
E01000340,0,0.9984348238756073,0.011729134993470197
E01000343,1,0.7648521367946693,0.5573737861288076
E01000344,3,0.9999486498486713,0.000561358289038601
E01000347,0,0.9117810230293455,0.3659467120747424
E01000349,4,0.9993393106938837,0.005956108750879642
E01000350,4,0.999168577739144,0.006787992581776272
E01000352,4,0.9963251230791998,0.024383641965301895
E01000353,3,0.9999963949222672,4.878827540653539e-05
E01000354,3,0.9997987729150382,0.0019211372199492592
E01000356,6,0.8493985378323831,0.42420813496937715
E01000358,3,0.9999894733156061,0.000133328184609817
E01000359,3,0.9999904965633947,0.00011944624192955162
E01000360,6,0.9933619392713793,0.04265778345042426
E01000362,6,0.9999453519240528,0.0005916125228848255
E01000365,4,0.999995878204711,5.530413810164443e-05
E01000367,4,0.700862324628204,0.6879386290105945
E01000369,4,0.9916930444374419,0.048340481470901406
E01000370,4,0.9076964104184803,0.3125335651512567
E01000374,3,0.9999843751154728,0.00018854816623306946
E01000375,4,0.9994032641689343,0.005183039330730526
E01000383,3,0.9999959025930238,5.493139292176411e-05
E01000384,4,0.5460251234113138,0.6895496924946274
E01000385,3,0.9999717478250457,0.0003243458986455996
E01000386,4,0.9979658949341053,0.015811700767981274
E01000389,0,0.6194844715104336,0.7014541025533987
E01000392,6,0.9990538298737067,0.007820771001871195
E01000394,4,0.9997309747009249,0.002653300525614335
E01000398,4,0.9999971560879368,3.917122762972696e-05
E01000399,0,0.9986091627984612,0.010561177522397137
E01000400,4,0.554348146868056,0.959463057459192
E01000402,3,0.999929487329655,0.0007445922473323538
E01000403,6,0.9997301898678245,0.0026136580373298853
E01000404,4,0.9954096331034732,0.029321278907071265
E01000405,5,1.0,7.519925494461481e-90
E01000406,4,0.9448358155409549,0.21349688762334765
E01000407,3,0.9999603397163143,0.000441623058796029
E01000408,5,1.0,2.74495501981196e-21
E01000409,4,0.9998964770475425,0.0011030429826314118
E01000412,3,0.9999879633741751,0.00014849517849778752
E01000413,2,1.0,1.2523257990153633e-100
E01000414,6,0.999473208746028,0.0046942774424674405
E01000416,6,0.9384167202883127,0.2920015795500526
E01000417,6,0.999998944357816,1.558271626468715e-05
E01000418,1,0.9999973341929623,3.688211481861408e-05
E01000419,3,0.9999996696311064,5.260616509504603e-06
E01000420,1,0.9998817910238773,0.0011871724412260316
E01000421,4,0.9944268009848118,0.0373009986846814
E01000422,0,0.7306279212665154,0.5828304090682017
E01000423,4,0.9993988544748269,0.005462059245411675
E01000426,4,0.9997955053383838,0.0019509368293001556
E01000427,0,0.9078953701102253,0.31481569025646133
E01000428,6,0.4379949534777301,1.0527234725852463
E01000429,1,0.9999998360357402,2.7264872819714413e-06
E01000430,4,0.982862145045182,0.08992079532176887
E01000433,4,0.9991822571696276,0.007195424052117066
E01000434,0,0.9997375087121232,0.0024267788441299514
E01000435,4,0.9995949779919583,0.0037226843161107465
E01000436,4,0.9943997588458403,0.03478992906824141
E01000439,4,0.9999054073398749,0.0009877329238652177
E01000442,4,0.9999804208970431,0.0002438712169844109
E01000443,4,0.9969133317545567,0.021068531614798134
E01000444,3,0.9999954166363185,6.092959881522792e-05
E01000445,3,0.9991716395527226,0.006746132324764018
E01000447,6,0.9491067798863484,0.20124969948048266
E01000448,4,0.9987345710061591,0.010055451533681963
E01000449,1,0.9999965836165169,4.8452492774362435e-05
E01000451,4,0.999743505079397,0.0023777259351693563
E01000454,4,0.9956811943641035,0.027902600691222773
E01000455,4,0.9998874429357801,0.0011435965812229773
E01000457,6,0.9999991148246262,1.361178992113436e-05
E01000459,4,0.638719946833975,0.6550880877607906
E01000461,4,0.9879288254437454,0.06544049195896412
E01000462,6,0.9999946261860381,7.174385898053965e-05
E01000465,4,0.9999294056708501,0.0007453725662861082
E01000466,4,0.9916405502218575,0.04910345639587504
E01000467,4,0.7362098709436862,0.577340204544296
E01000469,0,0.9884855264777647,0.0707420803179045
E01000470,4,0.9974394243252762,0.019489633664837077
E01000472,6,0.9886962863517642,0.061979095626168414
E01000473,6,0.9965834652189418,0.02510008467692564
E01000474,4,0.5318613804386886,0.751765673303337
E01000475,6,0.9654950130317129,0.16451201183092423
E01000476,3,0.9999759263935463,0.00028008307742787936
E01000477,3,0.9999999268049917,1.2975427432158795e-06
E01000478,3,0.9999999840584765,3.069922170330698e-07
E01000479,0,0.9997480369345586,0.0023433431789954156
E01000480,3,0.999072649286954,0.007439145394269415
E01000481,6,0.9968612716328638,0.02150005423397149
E01000483,4,0.4731888066529492,0.9356675865313966
E01000485,3,0.9999514200724369,0.0005319225141275233
E01000487,3,0.9998091273524795,0.002007354779317189
E01000488,0,0.6913559086512093,0.6187961935740639
E01000489,0,0.5578703120064834,0.8535764171858877
E01000490,6,0.9547350174967542,0.18767672578075706
E01000491,3,0.999990612714207,0.0001199843102343576
E01000493,0,0.9980430401933763,0.014832563073024366
E01000494,1,0.9999999542189083,8.250832233876884e-07
E01000495,6,0.9997975267347237,0.002051201711555867
E01000497,0,0.6391769147804622,0.8681132658824008
E01000498,4,0.9999988763841745,1.6515983391956564e-05
E01000499,3,0.9881903871128332,0.06675235513457206
E01000501,3,0.9999975242248477,3.4439190379220404e-05
E01000502,3,0.9999987864292709,1.7747793575247397e-05
E01000506,1,0.9700248315494264,0.14892112500030527
E01000507,4,0.9653221511103355,0.1513607129781559
E01000508,6,0.5036197104695367,0.9731860694986345
E01000510,6,0.9358570207004685,0.2818871856369138
E01000511,1,0.9999999999736531,6.6941831302118e-10
E01000512,6,0.9137859084941532,0.36919470003022914
E01000513,1,0.999999763694006,3.841895519520761e-06
E01000515,6,0.9925199763139461,0.04921439847576641
E01000516,6,0.9197987699177136,0.2793600102920006
E01000518,0,0.9835175297813469,0.08423426156300236
E01000519,0,0.9971108060444901,0.021697725132644997
E01000520,3,0.9998978227975531,0.0010596377396705045
E01000521,0,0.9890784888999257,0.061613907109300814
E01000523,6,0.9792222084708057,0.10772276819117414
E01000524,6,0.9998228467817231,0.0017094736377337486
E01000525,4,0.9850674292996092,0.08681027957779375
E01000526,0,0.9997418970207534,0.0026588196701354625
E01000528,4,0.997775938566612,0.017164180999774202
E01000530,3,0.8940675124110204,0.3387548590192001
E01000531,0,0.9214109863235921,0.2799387550263842
E01000532,1,0.9999847448406411,0.00018484279712029238
E01000533,6,0.986465502344403,0.07167582978739179
E01000535,1,0.9864220361206212,0.07209256885366092
E01000541,3,0.9996427949790437,0.0033801785772678747
E01000543,6,0.9999991576227951,1.2706084418313394e-05
E01000544,1,0.9430951205499758,0.23135441112527336
E01000545,6,0.9857585253036993,0.08407315072946327
E01000547,1,0.9997635877421677,0.0022105013376741613
E01000548,6,0.9663995294702659,0.14775987961153939
E01000550,6,0.9896082264942273,0.057801279899725395
E01000551,4,0.9999996936180978,4.957708151913588e-06
E01000552,0,0.9855199907104872,0.07686490192303405
E01000553,4,0.9999951190247918,6.495657361452475e-05
E01000554,4,0.9333059154502944,0.2492199509372928
E01000555,4,0.9826872048814318,0.08746718923409662
E01000556,0,0.46082043292818226,1.00946456943062
E01000557,6,0.9768507569327741,0.12029244650174431
E01000558,6,0.9517063844072589,0.19525090480378826
E01000559,6,0.9986061651175396,0.010569964231868735
E01000561,0,0.8595403478873842,0.4093372884505853
E01000563,0,0.9998538881185814,0.0015577589984060597
E01000564,3,0.9992183731109883,0.0068577636059022635
E01000565,0,0.9958438597685089,0.02751030890175192
E01000567,3,0.9999858104230872,0.0001725946379877958
E01000568,3,0.7540860045526848,0.56300334090155
E01000571,3,0.9927430947710322,0.04495605589385027
E01000574,3,0.9999740693013226,0.0003003696702601668
E01000575,3,0.999498823253869,0.004620631642609028
E01000576,3,0.9998151094118908,0.001972242148028595
E01000577,3,0.9997537147722438,0.002297974952211758
E01000578,6,0.7148518876481814,0.6005754728603286
E01000580,1,0.9998970928674817,0.0011178572124948044
E01000581,6,0.8502206010957525,0.5245535203640777
E01000583,6,0.9958444142538485,0.027077314005719628
E01000586,6,0.9995397832416206,0.004013700482235023
E01000587,3,0.9999881559457543,0.00014619926872506733
E01000589,6,0.9899041909749133,0.059582603906327275
E01000590,3,0.9999917612170924,0.00010470310876022276
E01000591,6,0.916927836595135,0.30939482853010625
E01000592,0,0.9565797018553125,0.2106162577241733
E01000594,6,0.9999998576263879,2.4208551635964743e-06
E01000595,0,0.5108311239355156,0.6929125357152228
E01000596,3,0.9998297897052209,0.0017516032043265318
E01000599,1,0.5013801444483973,0.6948600384159401
E01000601,3,0.9995567257574473,0.004116196172089712
E01000602,4,0.9656681262360224,0.15898630534939331
E01000603,5,1.0,1.4658019018670497e-15
E01000604,3,0.9999099631584003,0.0009445052298137624
E01000605,4,0.999400871592481,0.005048005379388589
E01000606,3,0.9999540824883529,0.0005046180737421225
E01000608,6,0.5026661457690177,0.6934080951820953
E01000609,3,0.999956956616275,0.00048176162802210284
E01000611,5,1.0,-0.0
E01000612,6,0.8340219294908768,0.45237425553716903
E01000615,3,0.999805755189472,0.0018549946382016166
E01000616,0,0.49150578234874137,1.0077833614623415
E01000620,4,0.9204708097503657,0.2982612982967448
E01000621,1,0.9999999999968168,8.844444161483282e-11
E01000623,0,0.9975589462891741,0.017513956442887037
E01000625,0,0.8005297253508907,0.5580891657833451
E01000626,0,0.9615966832770949,0.16986907096444606
E01000627,4,0.9735258719307537,0.12239187607234195
E01000628,6,0.8727618830521549,0.4535826456710996
E01000631,4,0.9999745544008151,0.00030046706198667643
E01000633,6,0.9993162595717395,0.005696735027892505
E01000634,0,0.923933362104,0.26964653471195255
E01000636,1,0.9999999550154693,8.364231700036455e-07
E01000638,6,0.9939181638715271,0.038145379186783124
E01000640,6,0.9066413324888881,0.3122282279549665
E01000642,6,0.9999742835787662,0.00031585286243630053
E01000643,0,0.536646711888284,0.7238417107457781
E01000644,6,0.7265023070024026,0.5977374416083383
E01000646,3,0.9999840634295228,0.00019220136794147118
E01000648,3,0.9999834892520956,0.0001983527885919722
E01000649,3,0.9999907735481794,0.00011620548268883575
E01000650,3,0.9999999989456825,2.2847583747329063e-08
E01000651,3,0.9999868333462365,0.00016374760150064812
E01000653,3,0.9999974449201928,3.5481117672819014e-05
E01000656,3,0.9999739485144139,0.00030117902794806655
E01000657,3,0.9998990551361281,0.0010456986752653919
E01000659,3,0.9996181126804877,0.00338742030417825
E01000661,4,0.5762857531502906,0.6828380602599199
E01000662,0,0.9823838992178036,0.08861263276790354
E01000663,4,0.9974769268719554,0.01789401453416003
E01000665,4,0.9925189717005846,0.05002427168373897
E01000666,3,0.9999993318920233,1.0170223024938602e-05
E01000667,4,0.9999072845768471,0.001022344400205784
E01000668,4,0.8318023497651698,0.4534380510167805
E01000670,1,0.9994896718638676,0.00438237894154294
E01000671,4,0.9609943818065272,0.18587370930934194
E01000672,0,0.9996579321662529,0.003072342709745436
E01000673,3,0.9999987820020692,1.7808713709989007e-05
E01000674,0,0.9094903502022715,0.3042659949382006
E01000676,6,0.9987541895144384,0.010004529099731383
E01000677,3,0.9999271440599855,0.0007679837495089537
E01000678,4,0.9986931861882322,0.010039904517208882
E01000683,3,0.9999320755719121,0.0007210214588705313
E01000684,2,1.0,2.1727433061625814e-37
E01000685,3,0.999999998586361,3.03837347551139e-08
E01000686,4,0.7351693774629927,0.687489444452428
E01000687,3,0.9999998685591522,2.2140981406094217e-06
E01000690,3,0.9999614650639909,0.0004302731892458783
E01000691,4,0.7820970979866465,0.553069048543879
E01000692,3,0.5096268695586131,1.0218533938350154
E01000693,3,0.9999931029001875,8.93310712317676e-05
E01000694,3,0.9999978823534659,2.9792561709892448e-05
E01000696,6,0.7758567655287839,0.6008629124507805
E01000697,3,0.9988576877533815,0.008924526700527137
E01000698,3,0.9999876539576464,0.00015582224737734136
E01000699,4,0.9658849416091203,0.14907420879715497
E01000702,6,0.958007375518268,0.18172005507124997
E01000703,6,0.9871229157628094,0.07776929517926766
E01000704,3,0.99997193543303,0.0003223663257368376
E01000706,6,0.8129332150159564,0.48409822760058807
E01000708,3,0.9999889171448575,0.00013755948984618782
E01000709,3,0.9791068600960393,0.11064263936519414
E01000710,3,0.9999789765596061,0.0002474429942149786
E01000712,3,0.9552175575652749,0.20392825245748197
E01000714,6,0.9989370080492836,0.008758518977780919
E01000715,3,0.9999501769991805,0.0005495948486929843
E01000717,3,0.9999588556703956,0.0004670017278586043
E01000718,3,0.9997675362568796,0.0022002426378679727
E01000719,3,0.8448051315607362,0.4319352882849475
E01000722,0,0.9988067661277313,0.010117162372832271
E01000727,0,0.9717936967952369,0.13212021736898122
E01000728,4,0.9606637231793075,0.1659883043222692
E01000730,6,0.9928096583531486,0.045291704992659686
E01000732,3,0.9999987441434895,1.840591441581093e-05
E01000735,4,0.9999832239198311,0.00020653669849784336
E01000736,3,0.9999964703374835,4.784213589009665e-05
E01000737,3,0.9999881927671782,0.00014612553350042219
E01000738,4,0.9930985766587356,0.04195724892284734
E01000741,6,0.9957426348386305,0.027552361728089628
E01000743,6,0.5710167738654265,0.752219136638117
E01000744,4,0.919251554163974,0.28064883787699213
E01000745,6,0.9825596171591287,0.09140743868514078
E01000747,3,0.9999435267563851,0.0006090848142762563
E01000751,3,0.9974845741838728,0.017567871593625953
E01000752,4,0.9924637834654444,0.044448489427259034
E01000753,3,0.9999927462226497,9.322647807496272e-05
E01000754,6,0.9999999635094958,6.713124751703978e-07
E01000755,0,0.7561794029019575,0.5641844035645215
E01000756,3,0.9999981728561304,2.5968749328757124e-05
E01000760,4,0.4226134508086749,1.058527992717996
E01000761,3,0.9999991701262336,1.24497594604913e-05
E01000762,4,0.9999209904512131,0.0008675251014204626
E01000763,4,0.9969900430156647,0.020607473274863286
E01000765,6,0.9998585614358302,0.001426382248533867
E01000766,3,0.999995946837615,5.437827836128762e-05
E01000767,3,0.9907882469940792,0.06039908274604041
E01000769,2,1.0,2.6051170905606327e-45
E01000770,4,0.9999993444841254,9.988658271997582e-06
E01000771,4,0.6251001900836394,0.9544412026609297
E01000774,4,0.9864988826393494,0.08153745301278403
E01000775,4,0.7348602902074394,0.7639253934694636
E01000777,1,0.9917283617764971,0.04790456755323175
E01000778,3,0.9509525950771981,0.20107251730452652
E01000780,4,0.9988194735242445,0.00979593196879492
E01000781,0,0.9973675711733742,0.018265240659382603
E01000782,4,0.9999281701420907,0.0007815200338212587
E01000784,3,0.9998860199764948,0.001148977233754101
E01000785,3,0.9999925231664679,9.573130352907784e-05
E01000787,3,0.9999565653554846,0.0004799314174444759
E01000788,6,0.9900451748552356,0.06143929743910373
E01000789,3,0.9999999252159767,1.3021654702367812e-06
E01000790,6,0.9998282901163803,0.0016693004804172657
E01000791,3,0.9999668530904493,0.0003783339392804065
E01000792,3,0.9999493827871078,0.0005512830980283481
E01000794,3,0.9999937960144683,8.059216172592377e-05
E01000795,3,0.9999999888036086,2.1617982717330233e-07
E01000797,0,0.9824870935909947,0.0998259036488642
E01000798,1,0.99999999168881,1.6521808625066758e-07
E01000799,6,0.9999949738561588,7.021511017522531e-05
E01000800,4,0.959264578623145,0.17126245908273638
E01000801,6,0.9484176738067959,0.24476920684738993
E01000802,3,0.9439563620481943,0.24078939515266606
E01000805,3,0.8895741751531222,0.38956347803292324
E01000806,0,0.8958097631317222,0.3361649141290219
E01000807,6,0.8313098924467004,0.5791831443627298
E01000809,3,0.9999953975901161,6.24727875843776e-05
E01000813,1,0.9996212656233808,0.00336258852342532
E01000819,3,0.9964322382221004,0.024718649799828164
E01000820,3,0.9999983383698229,2.377412455542172e-05
E01000822,1,0.9927915387458695,0.04365164112655312
E01000823,3,0.9999514220107458,0.0005310703793286002
E01000824,4,0.8121472947500523,0.4836952765928416
E01000827,4,0.5948706695857903,0.7113396612127252
E01000828,4,0.9603892129720876,0.18044831486350552
E01000832,3,0.9999730838703267,0.0003267896941798364
E01000834,3,0.9999635210951446,0.00040951769294109033
E01000835,6,0.9649607090808848,0.163495407921109
E01000837,0,0.5165410156883948,0.7402452727159314
E01000838,3,0.9335559796229396,0.24959490789044678
E01000840,4,0.9924945400974092,0.04437726086816674
E01000843,3,0.9999981262747258,2.6915680015546462e-05
E01000846,4,0.9998140033876147,0.0018828804433338227
E01000847,4,0.9025057023522002,0.38217654864898915
E01000848,3,0.9997259068427056,0.0025528947218592347
E01000849,0,0.9530544807061061,0.21492446243057448
E01000850,5,0.9892952680140574,0.059215812154973554
E01000851,0,0.9589460525546949,0.17729164422976443
E01000855,1,0.9638261283752727,0.1556018983206218
E01000856,6,0.9204157019867891,0.2831510722056501
E01000858,6,0.9996137004098812,0.0035502615852493597
E01000861,6,0.9434380278410655,0.21841424744082294
E01000862,3,0.9999521663744328,0.000537949905385924
E01000863,6,0.951992681829428,0.1926149458177029
E01000867,6,0.994619198828672,0.03353844328696165
E01000868,1,0.9961665554292859,0.0251553410623529
E01000869,0,0.7517769309673658,0.5611711126116077
E01000871,0,0.9781988225683501,0.11150156010103698
E01000872,0,0.8853008445151752,0.4286222440025508
E01000873,3,0.9999912306316042,0.00011329014393984879
E01000874,3,0.996222234384837,0.027189733338965804
E01000875,0,0.8114871482316387,0.4880970713806139
E01000876,6,0.9999993491728802,1.0358185263662465e-05
E01000877,0,0.9855402178732633,0.0861414097303475
E01000879,3,0.9999992090883724,1.1920523041650875e-05
E01000880,4,0.8656074059093318,0.4011868881544883
E01000881,0,0.9142210949985402,0.3024361593995227
E01000883,6,0.7545207295166217,0.6583278831430514
E01000884,5,0.9997413824155728,0.00256963442693061
E01000886,3,0.9999643059389496,0.00041817800887256317
E01000887,0,0.9758611667585663,0.1329750545376322
E01000888,0,0.8252989568438541,0.5219990783349432
E01000890,0,0.5452128669954911,0.6903777082914654
E01000891,1,0.9999051972103239,0.0009731565668155545
E01000895,6,0.9946063078620102,0.03373710378821333
E01000896,1,0.8205218853653897,0.4915208839781902
E01000897,3,0.9999973999575623,3.603716713508942e-05
E01000898,1,0.9779316228760345,0.10660653893063389
E01000899,6,0.9804767207721353,0.11013387118641968
E01000900,0,0.9800602938099074,0.10991904389022156
E01000901,3,0.9999854630762615,0.00017656779871791527
E01000903,0,0.9935536128546076,0.04368673279468538
E01000904,0,0.9353801696609986,0.24828979483819952
E01000906,0,0.8481556043326971,0.4271141765060505
E01000909,0,0.7763228863274847,0.6254091571762371
E01000912,0,0.6230310346366682,0.7908727509068008
E01000913,6,0.9924803686321056,0.047357271530155745
E01000914,6,0.9729708023260228,0.12442685020251676
E01000916,6,0.9870191804088445,0.06928855169308731
E01000917,1,0.9999845824651661,0.0001969002174357378
E01000918,5,0.9999999999990052,2.8512660783703694e-11
E01000919,5,0.9999960608525165,5.296004271040598e-05
E01000920,6,0.9994036010654218,0.005176092976956193
E01000921,6,0.9293175879482396,0.28948487043760485
E01000922,0,0.8690019135750648,0.4284006047398501
E01000924,0,0.9998351815713638,0.001677952188721928
E01000925,3,0.9999998901737033,1.8901765856198922e-06
E01000926,0,0.9979203571574181,0.015355181247148872
E01000927,6,0.9259680487850785,0.2643945358364694
E01000928,6,0.8986537894547925,0.3700460724190373
E01000929,0,0.9804989032738398,0.10973190030320608
E01000930,1,0.9998880263823622,0.0011343692219039764
E01000931,6,0.9601535119900649,0.1676137544851108
E01000932,0,0.9994293102011054,0.0049829144525253355
E01000933,6,0.9999923894132354,0.00010011093506183218
E01000934,1,0.9991588557797952,0.007349859218453067
E01000935,1,0.9999998887944335,1.891817362871697e-06
E01000938,1,0.9194004529290364,0.28280428896492443
E01000942,6,0.9984424716482013,0.011635232080245255
E01000946,0,0.8843888884884425,0.37737014935637236
E01000947,6,0.9907361535003262,0.05330227197777629
E01000948,1,0.9234411741707015,0.2847970921583649
E01000952,2,0.9999999999999218,2.468486895616344e-12
E01000954,0,0.7388976715687764,0.6755035171590054
E01000955,1,0.9960431426069508,0.0258395858815701
E01000956,6,0.9998961619327712,0.0010563429980227125
E01000958,3,0.9999804660979179,0.00023137887720238345
E01000959,1,0.9813407416392297,0.09280387690456104
E01000960,6,0.9968630690930963,0.022338297986053558
E01000963,6,0.9936145664509916,0.04238637741754868
E01000969,6,0.9582554294399649,0.17541770820761884
E01000972,6,0.8419004038647299,0.43651380715208127
E01000973,6,0.9956610495476497,0.029243599339054516
E01000974,0,0.8460543495754792,0.43364996124289085
E01000975,6,0.9999999983491108,3.5246242007375904e-08
E01000976,3,0.9921625595118738,0.05138289000716479
E01000977,0,0.6346678010320997,0.6601857723666695
E01000978,0,0.837385598729157,0.46285240568605074
E01000979,4,0.8955332124111389,0.3475098651961258
E01000980,3,0.9998724263889796,0.0013065958059772763
E01000981,4,0.9999999795962256,3.8173884612183407e-07
E01000983,3,0.9795452782466674,0.10422157340938344
E01000984,4,0.9999707022431238,0.00033529378250838206
E01000985,3,0.9999624597346124,0.0004229866451063796
E01000986,3,0.999999762028338,3.8679518378311966e-06
E01000992,3,0.9987451494230799,0.010505833267302873
E01000993,6,0.797483542836679,0.5653802513482897
E01000994,3,0.9999422305992234,0.0006215450135831802
E01000995,1,1.0,7.199108428460561e-16
E01000997,0,0.9998853342839519,0.001162231897693506
E01000998,0,0.9998933910391709,0.0011448807390423657
E01001000,0,0.9944964951887452,0.03411960217302739
E01001003,3,0.9998664549237344,0.0014174526354138496
E01001004,3,0.999965458526957,0.000390767228211665
E01001005,0,0.9996833128888966,0.002899505939978897
E01001006,3,0.9999844942724164,0.00018779514095329207
E01001007,1,0.9986033687190808,0.010576680477295843
E01001008,1,0.9999999999985079,4.2023289251816797e-11
E01001010,6,0.9993903336780787,0.005192233737770567
E01001011,6,0.626281819881912,0.6614223595021459
E01001013,6,0.9999962104246305,5.523474836974591e-05
E01001015,2,0.9999970359902137,4.069278979208112e-05
E01001016,3,0.9998634866157838,0.0013599253783636738
E01001018,4,0.9978592362692935,0.01566844013528642
E01001019,4,0.9999563767724782,0.0004856787588877347
E01001020,4,0.907487805824017,0.31056779747946317
E01001021,3,0.9988954114472165,0.008624801958481346
E01001022,3,0.9999983812701628,2.320269721628498e-05
E01001023,6,0.9817695275288577,0.10287734255723124
E01001025,3,0.9999996134597816,6.096244943125604e-06
E01001026,3,0.9999967448032241,4.4401374724221966e-05
E01001027,3,0.9999999989239683,2.3296122039508976e-08
E01001029,4,0.9999612935501604,0.00043196684189209195
E01001033,0,0.8191330116978256,0.5170815964613501
E01001034,3,0.9990736308550865,0.007543432112312679
E01001035,0,0.9993246353949957,0.00560585005433399
E01001036,4,0.9999960489282567,5.508978621120136e-05
E01001037,6,0.9804255178719163,0.09953827497119916
E01001038,1,0.9957787443943831,0.027293838522610938
E01001040,4,0.9992581229141885,0.006275606875304452
E01001041,0,0.7941619150949363,0.5096419914246119
E01001042,6,0.9999822624454405,0.00022036964379618733
E01001044,4,0.9436293188164375,0.22142293777462313
E01001047,3,0.9999999366153409,1.1139476506358893e-06
E01001049,0,0.9996514295476223,0.003123712868983839
E01001050,4,0.5505651654933914,0.8347523836549757
E01001051,0,0.9998604158723134,0.0013786408343729897
E01001052,0,0.9993633545797781,0.005321705893697279
E01001053,0,0.7053299100037046,0.6062804111942647
E01001054,1,0.9999999961667498,7.812867779009152e-08
E01001055,0,0.9978406252567172,0.015411154300368836
E01001058,3,0.9999727127611568,0.0003173574609532602
E01001059,3,0.9999800654776712,0.00023569166109393207
E01001060,3,0.9999926241179248,9.453883003435766e-05
E01001061,1,0.9017468189875245,0.3252177590710774
E01001062,4,0.9898650682937531,0.06392923896433299
E01001063,4,0.5734618708703195,0.6825774593515396
E01001064,0,0.9994446784868247,0.005074960377864545
E01001065,3,0.9514816030473275,0.20435348018452099
E01001066,0,0.9797217696488014,0.09931324252017636
E01001068,3,0.9987919439012541,0.009323962063785968
E01001070,4,0.9999125213806141,0.0009233226493766805
E01001071,3,0.9999142995674595,0.0008882530328171406
E01001074,4,0.9999183242614454,0.0008578621140629245
E01001075,3,0.9999425065447597,0.0006188638703331764
E01001076,0,0.677053089839864,0.8243656310241034
E01001078,5,0.9996291480297974,0.003487578582612668
E01001079,1,0.9999991504607435,1.2725166203236028e-05
E01001080,0,0.9983828801089707,0.013452043297007471
E01001081,4,0.967688544983122,0.14371478053933376
E01001082,1,0.6996631263542178,0.6204350563526965
E01001083,0,0.9600735089355629,0.18110631971158878
E01001084,0,0.9995776651997273,0.003935085559319482
E01001085,6,0.9941756152906457,0.037056342892914734
E01001087,0,0.6653519102321686,0.6381723637281911
E01001089,3,0.9999153910631349,0.0008783959381333546
E01001090,1,0.9998488186568292,0.0014829516545988904
E01001091,1,0.9999870734625801,0.00015843050883766792
E01001092,3,0.9999999264872939,1.281156172014356e-06
E01001093,0,0.6166746393852349,0.8683108922419412
E01001094,3,0.9999992745795299,1.0980337408572585e-05
E01001095,0,0.8858652501648938,0.35696302336681707
E01001097,6,0.9911010039846019,0.05677262012707055
E01001099,3,0.9999262765197698,0.0007754501180662442
E01001102,3,0.9999964331214619,4.8323556991504295e-05
E01001103,3,0.9999871524554402,0.00015757942688666366
E01001104,3,0.9999964845136992,4.770612524285106e-05
E01001105,3,0.9999474506355992,0.0005703635374382966
E01001106,3,0.9999740436097728,0.00030014588971823857
E01001108,3,0.9999983014622061,2.4281897926651602e-05
E01001109,6,0.9790569891139853,0.10220195691201407
E01001110,0,0.9974848289449915,0.019475866090506434
E01001111,0,0.9999182732227977,0.0008509465576811208
E01001112,4,0.9998956608342978,0.0010642509378335542
E01001113,4,0.9856500265933663,0.07716036588289583
E01001114,0,0.9997594913312606,0.0022605351280649004
E01001115,3,0.999996029166493,5.3374600193871166e-05
E01001116,0,0.9108746278361055,0.30749121337301255
E01001118,0,0.8792243610956526,0.4462397827980752
E01001119,3,0.9999749679438144,0.000290257524544316
E01001121,3,0.9999322996963387,0.0007176610695170324
E01001122,1,0.999998943235927,1.6001009739632455e-05
E01001123,4,0.8352070065987693,0.4600113844957463
E01001125,6,0.942360734316048,0.26061559154595765
E01001126,0,0.7103127013163235,0.601871457467354
E01001127,4,0.7554347226621978,0.5564218904529716
E01001129,3,0.9999700519318826,0.00034196973672143507
E01001130,4,0.9996116686554859,0.003539571829475254
E01001132,3,0.9998821157311131,0.0011842412726482342
E01001133,0,0.5995577812563309,0.6873895886671921
E01001134,4,0.4470029521800424,0.9846887719412283
E01001135,0,0.7545662852112454,0.5888955805100874
E01001136,6,0.9984713025146776,0.012438514570094511
E01001137,0,0.9667327215785473,0.15555525079197574
E01001138,3,0.9999987486760928,1.825849012903109e-05
E01001139,1,0.999999999986315,3.5767736707755163e-10
E01001140,4,0.9914292289006884,0.04938510882295398
E01001142,3,0.9989430652126325,0.008791128704452623
E01001143,4,0.9997405612152391,0.0025004435253353514
E01001145,6,0.9906513862564069,0.05948217342592039
E01001147,0,0.9999390628189366,0.0006523713176846115
E01001148,3,0.9999276784322509,0.0007618825197465875
E01001149,4,0.9998616965771274,0.0014626129008158768
E01001150,1,0.9993159486353965,0.0056688263098363355
E01001151,1,0.7805072895908208,0.5262652914732818
E01001152,0,0.9891591457843577,0.06341968873180795
E01001154,0,0.9533011408536324,0.20612990316317498
E01001155,6,0.9730443898826509,0.1289220067845779
E01001156,0,0.7930830071371977,0.5100379213774144
E01001157,0,0.9999230791993612,0.0008091657477115582
E01001158,0,0.9991010870632584,0.00720378767359185
E01001159,0,0.9836886650289667,0.08366052323515252
E01001162,0,0.9978054011577384,0.016202021518166066
E01001163,1,1.0,5.277840869065448e-23
E01001164,6,0.9258806696059784,0.28100378210806154
E01001165,3,0.9999541179112187,0.0005044846987107518
E01001166,4,0.9899676841406019,0.06091518792128795
E01001167,6,0.9717669194964651,0.12945105666958592
E01001168,4,0.9999236519047124,0.000838495263438669
E01001170,6,0.5263851847356875,1.0052540341523513
E01001171,0,0.9955119160177385,0.029093744909485058
E01001172,1,0.7248316666926115,0.5883557676418629
E01001173,4,0.9226361314248022,0.2826754285223622
E01001175,4,0.9906052753334492,0.054350304681970774
E01001176,3,0.9998384061596588,0.0015785840170967095
E01001177,0,0.516695021738828,0.6926938685041139
E01001178,0,0.8335344197494488,0.45786732401447794
E01001180,0,0.7092210014709528,0.6030131752933456
E01001181,0,0.9991102375174642,0.007141476956297494
E01001182,0,0.9999064810265794,0.000991694285811132
E01001183,0,0.9504380353121171,0.19818302648647426
E01001185,4,0.9945544582476098,0.0338867726723544
E01001186,3,0.9986348169909433,0.010882117651866021
E01001187,3,0.9999866084814466,0.00016365665812739157
E01001191,3,0.999996963992733,4.194759399652598e-05
E01001192,3,0.9750711370838975,0.11763388509580977
E01001193,3,0.9999803944898844,0.00023279849679955876
E01001195,3,0.9999945617924986,7.1460991995607e-05
E01001196,4,0.9219870128249588,0.30009579370932365
E01001197,3,0.999997557610966,3.408094216114348e-05
E01001199,0,0.8814290143866816,0.3702871450554193
E01001202,6,0.5757045857251843,0.7529149461015776
E01001203,6,0.8435092151929913,0.43507843555564096
E01001204,4,0.9936078712371416,0.03867105482759792
E01001205,3,0.9781550610279683,0.10842013577894194
E01001206,3,0.9999978664056096,2.9996879279625234e-05
E01001207,3,0.9980840237858053,0.013910731840190772
E01001208,6,0.681277200172953,0.6294752817035701
E01001209,4,0.7726574710393354,0.5609407693812849
E01001210,0,0.5395607095229518,0.6935455321742401
E01001211,4,0.9999671143575954,0.0003723586418335021
E01001212,4,0.763039046300286,0.7087298631967386
E01001213,1,0.9999998830155332,1.984199841038403e-06
E01001214,0,0.5813939583238237,0.6798380814323959
E01001215,1,0.9999446901698008,0.0006219970417717795
E01001216,4,0.953454665224208,0.20635810249538525
E01001218,3,0.9999786895225886,0.0002513716561130818
E01001219,3,0.9999986416686101,1.9708376905447643e-05
E01001220,6,0.755937298109223,0.5558505433180417
E01001225,6,0.9999999949387899,1.0177580515386473e-07
E01001226,4,0.9915223868476497,0.05070933284976441
E01001228,1,0.6556155115275402,0.7133569242812225
E01001229,1,0.9996950368449107,0.002773913755738264
E01001230,4,0.9292774364473061,0.3141281538036238
E01001231,1,0.9992208869304722,0.006821114266903989
E01001233,6,0.9958701925682233,0.02691011077963157
E01001234,6,0.9929875135357642,0.049089396611802526
E01001235,5,0.9999719040103446,0.0003225382992033474
E01001239,5,1.0,1.146243170565378e-29
E01001240,5,0.9999999561051364,7.892014889216742e-07
E01001241,6,0.8687850998533077,0.38945927776427547
E01001243,6,0.9985837540302644,0.011185923255880123
E01001244,0,0.6029149548704853,0.6740694932553634
E01001245,0,0.9229838840252019,0.2926384239946014
E01001246,4,0.9190962235910638,0.28187165010968457
E01001247,6,0.9999975854872093,3.379459080392485e-05
E01001248,3,0.9996024750650198,0.0035653870655991413
E01001249,0,0.5318149172669493,0.9765138004652724
E01001250,0,0.9884225421229059,0.06546132969282051
E01001251,1,0.9621647594788422,0.1625798249729672
E01001252,6,0.9564165472711633,0.17933389787261242
E01001253,4,0.8216359398244035,0.47051008938355315
E01001254,0,0.8018069900095873,0.6347969263550797
E01001257,0,0.9939462367505127,0.03756359269716749
E01001258,0,0.9899970261203839,0.05601828574376334
E01001259,0,0.9781759554457917,0.10878455747777652
E01001260,4,0.9999954730691775,6.185288244067231e-05
E01001261,6,0.9955500956289374,0.029065158344924603
E01001262,4,0.9377958298854913,0.2350377525361324
E01001263,3,0.999972175932534,0.00032113792310549264
E01001264,3,0.9999986797476528,1.9193415448855504e-05
E01001266,4,0.9949144780668002,0.031964042160573664
E01001267,4,0.9999758587512386,0.0002809159744993679
E01001268,3,0.99991951289196,0.0008403105070857869
E01001269,3,0.9999373753141986,0.0006687264340459367
E01001271,3,0.9998224035243678,0.0017195725735516412
E01001272,5,0.9999999988247907,2.533963335340582e-08
E01001275,3,0.9999609292512469,0.00043564344759461425
E01001276,5,1.0,7.546059713794951e-45
E01001277,6,0.9999985269629028,2.21843158568459e-05
E01001278,6,0.982910081388182,0.08650511826627455
E01001280,4,0.9999993832351973,9.604325040959375e-06
E01001283,0,0.6587389414665431,0.8645148448338984
E01001285,4,0.9712533223492712,0.13071492871468374
E01001286,4,0.9969012528967548,0.02113335693972118
E01001288,4,0.9853494039714531,0.0764563393395982
E01001290,3,0.9946788630946232,0.03325594016176419
E01001291,1,0.9842314290795098,0.08107900272594298
E01001293,0,0.9984549281931377,0.011544645203784324
E01001294,4,0.9996396199626252,0.003393787561497922
E01001295,0,0.8855255193685182,0.3557692558181513
E01001296,1,0.8047913072498655,0.4936880865631896
E01001297,4,0.9701293419350546,0.13442567504725658
E01001298,4,0.9978090405533793,0.015660351475753294
E01001299,3,0.826327775773413,0.4616654151195685
E01001300,0,0.8282946455781265,0.4635926894649425
E01001301,0,0.621287018618463,0.8325851557997377
E01001302,6,0.9999647962155968,0.0003966682759070154
E01001303,6,0.9999305777835582,0.0007837641880313567
E01001307,3,0.9999991782853038,1.2335476065535983e-05
E01001308,3,0.9983245064686485,0.01238414406802989
E01001311,3,0.9999924314479994,9.6813171502922e-05
E01001312,3,0.9998446705531535,0.0015816552568295767
E01001313,3,0.9999431888939074,0.0006168573340726375
E01001315,1,0.9911976428203149,0.050422732611296775
E01001316,0,0.9997673459039704,0.002179006925140594
E01001317,3,0.9999795318866442,0.00024504173674902153
E01001318,4,0.8843551777463924,0.39934857713011584
E01001321,4,0.9931276212637151,0.045832627235755194
E01001322,6,0.9999999990874926,2.086860982564146e-08
E01001323,4,0.9811767115341756,0.09727800783827384
E01001324,1,0.9768656107543062,0.11042931609346847
E01001325,4,0.9997421804177299,0.0023930603102418515
E01001326,0,0.9986574356007721,0.010220274889321878
E01001327,0,0.9830482435915346,0.08634488179101997
E01001328,6,0.9111050218619753,0.3065816101321531
E01001329,4,0.9951931042033004,0.030558533095706848
E01001330,6,0.5719053908348177,0.8443377379612284
E01001331,1,1.0,2.189363815846187e-22
E01001333,0,0.9984211488680375,0.011766972810670037
E01001334,3,0.99994963369523,0.0005552193755222298
E01001336,4,0.9999874938749683,0.00015375604207890382
E01001337,6,0.9895908710275287,0.06464321318326824
E01001338,6,0.998982035647029,0.008043914765019809
E01001339,4,0.9999356073790308,0.0007167680462116531
E01001341,1,0.8149318215209356,0.4789922273936854
E01001342,4,0.9604543804560114,0.16769582624443766
E01001343,4,0.9976652496147553,0.016561482625651755
E01001344,6,0.9999548082770662,0.0005109329001839742
E01001347,3,0.9999987903412302,1.7941391801096358e-05
E01001348,6,0.9911224801469732,0.05085944461464053
E01001349,4,0.9999844233313121,0.00019468366872749408
E01001351,6,0.9986318603979693,0.011109988912250509
E01001352,6,0.9933711792705474,0.04447265647488392
E01001353,6,0.999998846537534,1.6970994899283243e-05
E01001354,6,0.5015616698196927,0.7084437583994826
E01001355,6,0.9195194925978745,0.27996654788035336
E01001358,3,0.9992900687717062,0.005881687254694964
E01001359,0,0.9849879303381075,0.07808711465724398
E01001361,6,0.9872046541032469,0.06872306067118979
E01001362,6,0.9998778454183235,0.0012278025959955381
E01001363,0,0.9984576696400272,0.012605802651737942
E01001367,0,0.9994939683290085,0.0043461330819226825
E01001369,4,0.996103047667161,0.02553251518462996
E01001370,0,0.9427881200977695,0.21922598589248182
E01001371,4,0.5685427882846087,0.7491173060560354
E01001375,1,0.9999714381984309,0.000327416200227126
E01001376,0,0.9841893966960322,0.0892657559396979
E01001377,1,0.9999999963577153,7.486295258144958e-08
E01001384,4,0.5601794028251672,0.6965439743375504
E01001385,4,0.7928259585660189,0.6156128370694023
E01001386,4,0.9999278792133889,0.0008061964992838946
E01001387,4,0.9531045216827063,0.18960220748896378
E01001388,6,0.9938692650351043,0.03736545489837753
E01001389,4,0.7817689133522535,0.5996131746102565
E01001390,0,0.5899371847178011,0.6935395616259903
E01001391,6,0.9575578636408802,0.18417215515664892
E01001393,0,0.9991792319308012,0.006652399057049448
E01001394,0,0.9997653764886121,0.0023228509732550694
E01001395,3,0.9999527887344476,0.0005179741937964745
E01001396,0,0.999764329019181,0.002262744795224237
E01001397,4,0.666254718421493,0.6376167332102473
E01001399,4,0.9998920792719129,0.0011260306806102688
E01001400,0,0.954485770914796,0.20169586805310907
E01001401,3,0.9999305559716808,0.0007343997636254642
E01001402,4,0.9998723205610792,0.00135914993181469
E01001403,3,0.9998613202409682,0.0014133419070326407
E01001404,3,0.9991597988629749,0.0068061844112718385
E01001406,4,0.9900642737603619,0.055817976255027234
E01001408,3,0.9999956296319259,6.032062997678564e-05
E01001409,3,0.9999970241681464,4.084327777155442e-05
E01001411,3,0.9998385786522396,0.0016671967007395744
E01001412,4,0.9999999947226215,1.0792710513456031e-07
E01001414,3,0.9999670576325586,0.00037293542792833835
E01001415,4,0.9845831188416968,0.09070633820464008
E01001418,4,0.9904582079543284,0.054533980032198975
E01001419,6,0.9999998098696817,3.242176041952523e-06
E01001423,3,0.9999232935951162,0.0008340344320497119
E01001425,6,0.9913639680838066,0.050331063826297484
E01001427,6,0.8438830182602103,0.434099956418857
E01001429,6,0.999991440899671,0.00011106495217832098
E01001430,1,0.9999986149118101,2.0069576128183386e-05
E01001431,3,0.9979837985295544,0.014827099223156429
E01001432,1,0.9999998364141326,2.83340003527317e-06
E01001433,5,1.0,3.5941847597467473e-37
E01001437,5,0.9999999997232152,6.368266437079375e-09
E01001438,5,0.9999999314503706,1.1993243873875728e-06
E01001439,0,0.993320590838357,0.043758861121214784
E01001440,1,0.9997059129553663,0.002691320885223906
E01001441,3,0.9999987059710366,1.8839605443106007e-05
E01001442,0,0.7432598480590026,0.5697764619187233
E01001444,0,0.84049615936491,0.44164754871030837
E01001445,3,0.9999436108829102,0.0006234927646830581
E01001446,0,0.9797897862691599,0.09886204822494117
E01001447,1,0.9976848313946689,0.017178153518021027
E01001449,3,0.823991640602185,0.46715816999442034
E01001450,6,0.997317719823483,0.01862972245877397
E01001451,0,0.9982506192945552,0.01285407405516907
E01001453,3,0.9998187548708038,0.001941244364549331
E01001454,3,0.9999969631759951,4.1641834722330695e-05
E01001455,1,0.9981768065018631,0.013909428153752559
E01001457,6,0.9533396097145256,0.19078991572854456
E01001458,0,0.8734025087442414,0.4624661519596083
E01001459,3,0.999996790244502,4.3811267791344713e-05
E01001461,3,0.9999834002884026,0.00019938735589133995
E01001465,0,0.9524148596153966,0.19168637098467906
E01001468,3,0.999991685398561,0.00010557679708658689
E01001469,3,0.9999805806854246,0.00023010398904492336
E01001470,4,0.7108868899079847,0.6023321475809952
E01001471,3,0.9999986716701994,1.9302740862019766e-05
E01001473,3,0.9999999932121852,1.3445402764361212e-07
E01001474,3,0.9981816673783018,0.01329272444346003
E01001476,0,0.9999873467329969,0.00015804438618436382
E01001478,3,0.9999765643206707,0.00027328907399557314
E01001479,0,0.998930734969096,0.008383874580943184
E01001480,4,0.9967649321814085,0.021971872220102905
E01001481,3,0.9999722769734947,0.0003187351807086403
E01001483,3,0.999985960150845,0.0001709156098938651
E01001485,6,0.9562404137360603,0.17975653863445623
E01001486,3,0.9219447669005654,0.27399926515013756
E01001487,0,0.9980109317066537,0.014576159690178536
E01001488,4,0.9999116558526457,0.0009265430788025905
E01001489,3,0.9999156021887082,0.0008762135459307232
E01001491,1,0.9485801064809706,0.20267499895324045
E01001492,3,0.9998810046216522,0.00120034029147794
E01001493,4,0.9999808915033298,0.00023972880694742956
E01001498,0,0.6613267777028684,0.6675800290153701
E01001499,6,0.8420269089903928,0.5455805233267729
E01001500,4,0.9981228688253976,0.014291644353341999
E01001501,6,0.9999205458575251,0.0008398571906278855
E01001502,0,0.8651870793760674,0.39599815168221214
E01001504,3,0.9999903837510488,0.00012070414727927097
E01001505,6,0.44802958642726964,0.9876058575860809
E01001507,6,0.9999980952379368,2.7360481364465024e-05
E01001509,3,0.9999622907710508,0.0004219457236932111
E01001511,6,0.999472272485281,0.0048736748702240835
E01001512,6,0.9513251917500724,0.20208094013389444
E01001513,3,0.9930201698563338,0.04214606967975127
E01001514,4,0.9999725484912988,0.0003159901494519151
E01001515,4,0.9485672702521312,0.20331186152719827
E01001516,4,0.990315461532439,0.05461432305262937
E01001518,0,0.767739387005478,0.5759944203638127
E01001520,0,0.9962893202861699,0.02460209473991095
E01001521,0,0.7762492304519326,0.5486896914685797
E01001522,3,0.9999999999986215,3.994161314257236e-11
E01001523,3,0.9999252229580258,0.0007864468778484582
E01001524,1,0.9577496913043565,0.20339992359910655
E01001527,3,0.999505023039644,0.004271969224034447
E01001528,6,0.9822847241562815,0.09563621680362422
E01001529,0,0.6056298262209557,0.7239261824690993
E01001530,4,0.9997899635302426,0.0021115507843379186
E01001532,4,0.9023102298770198,0.32004527358990087
E01001534,6,0.9999992356437354,1.2005209938161722e-05
E01001535,4,0.8761577476993215,0.3757856621638948
E01001536,6,0.9967546955352434,0.022743336074935356
E01001537,3,0.9999997985726371,3.307002504930107e-06
E01001538,3,0.9999715605358371,0.0003398792749261951
E01001540,3,0.9998405456037965,0.0016762314347299498
E01001542,3,0.9999986857644781,1.9159289902578838e-05
E01001544,3,0.8425998867132731,0.5556764411107782
E01001546,2,0.9981959435829827,0.01319994707704489
E01001547,6,0.9910907412515579,0.051609040300832375
E01001548,4,0.9997705689797864,0.0021520171488839447
E01001549,0,0.6447017071508909,0.6583040252279824
E01001550,0,0.8700230014948271,0.3971805343871274
E01001551,3,0.9767434073308076,0.11104014528926606
E01001552,1,0.9999450823863113,0.000593640126183126
E01001553,3,0.9015527611165913,0.3392685078790227
E01001554,0,0.9997760157848301,0.0021063301004152417
E01001555,1,0.9977638331211146,0.015881225717322697
E01001558,6,0.9992430658822159,0.006876963353397419
E01001559,6,0.9998292802061425,0.0016518215592254445
E01001560,4,0.9889373084335376,0.06342149486875694
E01001563,0,0.8874679199440717,0.4218750063304962
E01001564,0,0.5717450239858818,0.8749831996361015
E01001566,3,0.9999715470349428,0.00032679256645052316
E01001569,0,0.9832964464657812,0.09331275042650597
E01001570,4,0.9719618690278486,0.12943990302143876
E01001571,1,0.9999893391878037,0.00013271571138822946
E01001572,1,0.9996514534811426,0.003138004744153322
E01001573,0,0.9996366686350352,0.0032409207893106663
E01001574,3,0.999960382619685,0.0004411890630164743
E01001575,0,0.9631373800892586,0.15882037325696194
E01001576,3,0.9547396581467733,0.18437706671555115
E01001577,1,0.9629664340237887,0.15845240031138924
E01001579,4,0.9957826603942664,0.027557592748477924
E01001580,6,0.999924702560449,0.0008371641746844264
E01001581,6,0.9388398858495296,0.23453136674609476
E01001582,4,0.9827912470482706,0.08895160045638975
E01001583,4,0.9993392728031808,0.005782127883720635
E01001584,6,0.9999998923410005,1.8706720108991115e-06
E01001588,0,0.9810614254099159,0.09819138079884743
E01001590,4,0.9997738075208084,0.0023438461548173795
E01001591,0,0.9931629315771979,0.04541061003639246
E01001593,4,0.9957193215450413,0.02849491201400875
E01001594,0,0.9972389492982549,0.019602916150044183
E01001596,3,0.9999131640996692,0.0008988778444770188
E01001597,6,0.9999261640174655,0.0007777518772472907
E01001600,3,0.9999687746216683,0.00036197504453736853
E01001601,4,0.9994749584468903,0.004490191135303573
E01001602,4,0.858749140322395,0.4075016296557997
E01001603,4,0.9835788096306627,0.08406002101872578
E01001604,6,0.949304881552546,0.21349636163058308
E01001605,3,0.9999999746205649,4.6935678402051773e-07
E01001607,4,0.8096872009582942,0.6186692547134235
E01001609,6,0.8600353622034237,0.42311075013175126
E01001610,4,0.6102365729093483,0.6770546040037826
E01001611,4,0.9349251075102607,0.2408407020505846
E01001613,0,0.7603093563290328,0.6361064925007677
E01001614,0,0.9992029613571835,0.006504914677137296
E01001615,6,0.9996504558569169,0.0032886839672234486
E01001617,6,0.8428255016610647,0.437194898358212
E01001618,3,0.999968896704567,0.00035392129766632506
E01001619,3,0.9999999991151469,1.9477259630559718e-08
E01001620,4,0.9715664363873188,0.12969788263180074
E01001621,0,0.9956208635514826,0.032833069335471074
E01001623,4,0.7631451992904033,0.5784336775978508
E01001624,3,0.5729248771000615,0.9858465865764834
E01001625,4,0.9305076232023194,0.2523782317761304
E01001629,0,0.9388812014757543,0.2780419032797148
E01001631,2,0.9598337370156217,0.16847250575164682
E01001632,0,0.8428913553653474,0.4348440986985981
E01001633,3,0.9999596068202504,0.0004490537558854164
E01001634,3,0.9999317113034092,0.0007239604419880669
E01001637,0,0.9965154037503254,0.023871064875898393
E01001641,6,0.9998293465165259,0.001689973218246756
E01001642,0,0.997019362976231,0.02253511648786883
E01001644,6,0.8862652827739095,0.3644272548747929
E01001645,3,0.9995570895543877,0.0038642699796282067
E01001646,0,0.9986173192141077,0.01085037375853828
E01001647,3,0.9999461056503696,0.0005841904035832895
E01001648,0,0.9968660241299883,0.021197857788090933
E01001651,0,0.9937519741572192,0.03931788180215199
E01001652,0,0.8301495927083308,0.5008826617630573
E01001653,3,0.9999937215559802,8.150933582928239e-05
E01001655,4,0.9994981096607728,0.004586807754332705
E01001658,0,0.9996078282702239,0.003716262836679019
E01001659,4,0.5005265545579517,0.8895130269238223
E01001660,3,0.9996500531706066,0.003135481109933705
E01001661,4,0.9317499328375204,0.29020205697454804
E01001665,6,0.9425883818518039,0.21997757516680522
E01001666,6,0.5221137108488222,0.6995808650913521
E01001669,4,0.9922931351464804,0.04521703146996324
E01001671,3,0.8474279852856914,0.43039419137698975
E01001673,0,0.9812092723626415,0.10513866742963374
E01001674,3,0.9999980635012796,2.741041921003293e-05
E01001676,0,0.9990631838774641,0.008135107099845775
E01001677,0,0.9983204551542665,0.012445247200258538
E01001678,4,0.9975662385960511,0.017133476158795173
E01001680,3,0.9999781222034559,0.0002567818892091658
E01001682,0,0.920266471763965,0.2921037097016553
E01001683,0,0.9991333515834233,0.007213562148838659
E01001685,3,0.9985987442625587,0.010607327216185854
E01001686,3,0.9998908693410129,0.0011059352442494722
E01001688,0,0.8536622128365928,0.4171702868226812
E01001690,4,0.9999977905898128,3.103273565717783e-05
E01001693,0,0.9968908067971644,0.021398355393911474
E01001694,0,0.9924267251272203,0.044534845061491524
E01001695,1,1.0,3.204650425232382e-25
E01001696,6,0.999983023501703,0.0002038018196716218
E01001697,1,0.9987120066563449,0.00985833820875137
E01001699,0,0.9999430104540954,0.0006626610744301213
E01001700,0,0.9998602221374722,0.001380395561563837
E01001701,4,0.906854661006986,0.3099615024366355
E01001703,3,0.999879896953006,0.0012645402420978582
E01001704,0,0.9656075263455679,0.1719689376260242
E01001705,0,0.6486839833511092,0.6484028058700052
E01001708,0,0.9400419016183972,0.22784351405326306
E01001710,3,0.9999974000378961,3.605005749156079e-05
E01001712,0,0.9993523147398584,0.005731659375792803
E01001714,6,0.9998007882387545,0.0019763492724519964
E01001716,1,0.9999999997959748,4.785098575359121e-09
E01001717,0,0.9429869556210764,0.25761292321776136
E01001718,6,0.9634377049513949,0.1570574907483986
E01001719,0,0.7888428899438661,0.521609291804572
E01001720,4,0.978225979760619,0.10498453357678104
E01001722,6,0.8403935106476201,0.4398044595111561
E01001724,0,0.8247824001273382,0.4645412225617089
E01001726,0,0.9839409546135407,0.08634783682600446
E01001728,6,0.5800567386291228,0.9082903869475953
E01001729,4,0.9999993550930758,1.017497967274976e-05
E01001730,4,0.7248206350190831,0.7586559248707789
E01001731,6,0.9999768264399448,0.00027049953427248807
E01001733,6,0.9949477917925725,0.034543213405134165
E01001734,6,0.999395483153902,0.005129544055675769
E01001735,4,0.9999882050559267,0.00016139306068655026
E01001737,0,0.9873145885699889,0.07704827435862921
E01001738,6,0.6241373456031523,0.6624734340477999
E01001739,0,0.9384831570541091,0.23629357546973154
E01001740,3,0.7801848495055389,0.5280334047741173
E01001741,4,0.6161716545779616,0.7683174919716383
E01001742,0,0.998515422882513,0.01221141887270617
E01001744,1,0.5980926544995048,0.898993116838029
E01001745,4,0.9934429592328491,0.043332789539247456
E01001746,1,0.9999998361763779,2.775660968707926e-06
E01001747,1,0.9363677486085458,0.23738498528204516
E01001749,0,0.9913587638227468,0.05356294477834279
E01001750,1,0.9860075753070681,0.0741642079882661
E01001751,0,0.9653489583801534,0.16158060565889532
E01001755,0,0.9997360613780623,0.0025079312065781206
E01001756,6,0.9758681194653513,0.11383847143198796
E01001758,0,0.9993862807029323,0.005153658946699666
E01001760,6,0.6335499317505875,0.65846889013425
E01001761,4,0.9630415424864227,0.16652974273743407
E01001762,0,0.6581268777151054,0.6614698005756612
E01001765,2,0.9921764631072557,0.04574190733326386
E01001767,2,0.9997604945731546,0.0022362177971810386
E01001769,4,0.9991979778062413,0.00732500741722597
E01001770,6,0.9998822316358088,0.0012636924379496898
E01001772,4,0.9977675771949739,0.016736430663551616
E01001773,0,0.9979990670828378,0.014811325157714059
E01001774,0,0.9916036694974065,0.050334018232304725
E01001775,3,0.9751811360857809,0.1334319842788132
E01001776,0,0.9992365709372261,0.006873171661891676
E01001777,6,0.8921378678563918,0.34214388423581793
E01001781,0,0.8841393603738693,0.4219470527304183
E01001784,3,0.9999951813044415,6.382598871239629e-05
E01001786,0,0.9988509404584925,0.008926166513699908
E01001787,1,0.9999996356506056,5.765884778937626e-06
E01001788,0,0.9174139027367724,0.2850405250945106
E01001791,1,0.9976717449083569,0.01746864655020347
E01001792,0,0.8604336686786105,0.4442312700919328
E01001793,0,0.9894815730726417,0.05837042051897756
E01001794,4,0.40810669843453795,1.0831493106151544
E01001795,0,0.984805445222414,0.08489036861469172
E01001798,0,0.9977693992357811,0.01596485455297535
E01001800,6,0.936121281007619,0.23817502228205245
E01001801,4,0.9976354968672851,0.016686248676091253
E01001802,3,0.9998826465699724,0.0011795946860967013
E01001803,4,0.7251682000970552,0.6562469812137279
E01001805,6,0.9758605823260403,0.13124219061835396
E01001806,0,0.9904307255811337,0.05929517281778482
E01001807,4,0.9993644058816812,0.005508687934735348
E01001808,6,0.9944314379266644,0.034468264239220926
E01001809,6,0.7332715365232505,0.5821407838656956
E01001811,0,0.8482517562584576,0.4288449972620489
E01001813,6,0.9999998740406902,2.179671965998436e-06
E01001814,6,0.9999392052830931,0.0006615909130473254
E01001819,4,0.9984760836449224,0.01173972647787256
E01001820,4,0.9956906349817816,0.02782979627452576
E01001821,4,0.9999875342486535,0.00015324187414015122
E01001822,4,0.5018472318333536,0.6945330067316094
E01001824,4,0.6007391795903426,0.935938578832088
E01001826,6,0.9365990726834275,0.25505625186875935
E01001827,0,0.9999294825958132,0.0007534417606744498
E01001828,3,0.9999720912744366,0.000320593900561409
E01001829,0,0.6740104393107893,0.7137861654161604
E01001830,6,0.8952189760156122,0.3406895481868666
E01001831,6,0.987915839718438,0.0654726278170398
E01001832,6,0.8358756284468888,0.48197975187612996
E01001834,1,0.9974046386640724,0.01804486042258623
E01001835,6,0.9917210635049134,0.04793705097299955
E01001836,6,0.9917857709769805,0.048782647558015244
E01001837,6,0.9977774104298833,0.01647418157722798
E01001839,6,0.982474261115528,0.08828681028401446
E01001840,0,0.9999520980308829,0.0005244953421888438
E01001841,0,0.9750143801392621,0.12159685646504859
E01001844,6,0.8275133644461259,0.5301767967644326
E01001845,0,0.9279459231139138,0.2677731962363571
E01001846,0,0.6513604979509494,0.6475242963876552
E01001847,1,0.9999932405103438,8.723798573538818e-05
E01001848,0,0.998752646574515,0.010450042156131422
E01001849,0,0.9884652110552358,0.06558164954553383
E01001850,1,1.0,1.2496908902119952e-18
E01001854,4,0.9995793502067457,0.003850766190331209
E01001856,4,0.9860084678170049,0.08272166973714237
E01001857,6,0.8118846063641892,0.5289399111035156
E01001858,4,0.9999828127108925,0.00021116724199053447
E01001860,6,0.666678064400584,0.6863844540107114
E01001861,6,0.605608771425615,0.6765123790798706
E01001866,0,0.9832519320744021,0.08568433899722619
E01001867,2,0.9999999825792046,3.2865373459439903e-07
E01001868,1,0.999921044252606,0.0008744881551546856
E01001869,6,0.9991731079029695,0.007085364245205013
E01001871,4,0.6261672288298612,0.6687850510237104
E01001875,1,0.999999806507181,3.252819590312769e-06
E01001876,4,0.9999997473769077,4.100744499419509e-06
E01001877,6,0.9922836784353146,0.0452528542289723
E01001879,0,0.941290466436911,0.22391362149682417
E01001881,5,0.999936752413397,0.0006747519420150688
E01001882,0,0.99529128757457,0.03375177624632465
E01001883,2,0.9999766995770221,0.0002718466731558607
E01001884,0,0.7078008436672512,0.6052007269386372
E01001885,0,0.9963390101435247,0.02673441598903552
E01001886,0,0.8716982457278086,0.38590143678123684
E01001887,6,0.9878733612970017,0.06737753275804548
E01001891,0,0.904691533917004,0.36793399661081944
E01001893,3,0.999998696486696,1.93811442966269e-05
E01001894,1,0.9231008073167131,0.2714908623159615
E01001895,4,0.9998534124677622,0.0015089044803139877
E01001896,6,0.9989311870923665,0.009275888513769988
E01001898,6,0.9999998147953335,3.182431635522968e-06
E01001899,4,0.9580632727172741,0.20168322219253457
E01001900,1,0.9999773717376501,0.0002682259907823002
E01001902,0,0.8355723302919307,0.5308293945649498
E01001903,0,0.9706177864820457,0.1499576754437456
E01001905,4,0.9679750567412356,0.1426467096286501
E01001906,0,0.9971845587295922,0.019346458960926342
E01001907,2,0.9999999994766355,1.1708117882626753e-08
E01001909,0,0.9945973810951223,0.03359539636045152
E01001911,0,0.9591525338206198,0.19885950440931804
E01001912,0,0.9964142121328001,0.026399214666945003
E01001913,1,0.9962173789075677,0.02808701972679511
E01001914,0,0.8519439363742791,0.4496610843388512
E01001915,6,0.9867636627295169,0.07043791745724814
E01001916,5,1.0,-0.0
E01001918,0,0.9166169573601198,0.3350713962070522
E01001920,6,0.6334198881240564,0.6606188848400556
E01001921,6,0.9985687170270712,0.01115302024783622
E01001922,0,0.7345622427890921,0.5835304311504291
E01001924,1,0.9433474133945465,0.23108733300656323
E01001925,6,0.6546747371058321,0.8703251260795195
E01001928,4,0.6532750501874539,0.6486089426114892
E01001930,0,0.8436004291109368,0.5406604245633245
E01001932,6,0.99942066685681,0.005006355445415309
E01001933,6,0.5632440824740929,0.8449291430759273
E01001937,0,0.8593867531401188,0.4075614728186357
E01001938,6,0.8578218539309826,0.41762478707096684
E01001940,6,0.9996973483161468,0.002938932007503771
E01001941,6,0.9999914041957213,0.00011439084980743428
E01001942,4,0.9982560108690186,0.012918578401408573
E01001943,6,0.999996182194875,5.444622596893558e-05
E01001948,1,0.9997364227661054,0.002442416120810158
E01001950,2,0.9997733821421015,0.0021284253425370996
E01001951,0,0.9711164233583831,0.13113683657363787
E01001952,0,0.9248873836055096,0.26668408910275093
E01001953,6,0.9983662476240458,0.012319321728810725
E01001954,6,0.9936332827680316,0.04069713262142921
E01001955,3,0.9999328493877562,0.0007452206545043108
E01001956,3,0.9999633235133548,0.00041126717941759937
E01001958,3,0.9999835379311159,0.00019778512323821677
E01001959,4,0.9831157815694865,0.08892198686509446
E01001962,0,0.4728975445051232,1.0446840204279104
E01001963,0,0.8989350728652846,0.3454081090377535
E01001964,3,0.9990215398321214,0.008438405438290254
E01001966,3,0.9999999999580211,1.0640939153874443e-09
E01001968,4,0.9168010877731548,0.2868346871097772
E01001969,0,0.9856570426447093,0.07841650739060048
E01001970,1,0.9999999999491109,1.2711485681573128e-09
E01001971,0,0.9996051022597435,0.0036298663961670686
E01001972,4,0.44450116971068016,0.9849253814279249
E01001973,6,0.8849233098810725,0.36943335720520276
E01001974,6,0.9999208914965845,0.0008824525246842649
E01001976,3,0.9999350313881035,0.0006979629858353137
E01001978,6,0.590264156930316,0.6769278940778631
E01001979,6,0.9807368021083273,0.0951876694846299
E01001980,3,0.9999556920189278,0.0004884719342935135
E01001981,1,0.7386425007798372,0.5747299332634599
E01001982,0,0.9482840221772062,0.20353718246154096
E01001983,0,0.9328198968887624,0.24628290168649625
E01001984,0,0.9989226664094253,0.00908688042700328
E01001986,3,0.9999578739141866,0.0004948418464450875
E01001988,3,0.9999919056436289,0.00010416201362641371
E01001989,3,0.9999455202385344,0.000601825983843301
E01001990,4,0.6430792994373814,0.8959774936415518
E01001991,4,0.9553074833312525,0.18264628170066557
E01001992,0,0.883605591161506,0.37010960343389526
E01001994,0,0.9486734448000134,0.20320125755098717
E01001995,3,0.9999963545812786,4.9296716226148455e-05
E01001996,0,0.9804822563138672,0.10801264793058787
E01001997,6,0.9945477294226657,0.03500972722174822
E01001999,0,0.992859659031499,0.04422259704348402
E01002002,6,0.9994093295207791,0.005023153096822597
E01002003,6,0.9928117688317545,0.04264825331057525
E01002005,0,0.9027801119115021,0.32227658518325153
E01002006,0,0.8536658598279909,0.42367962732685255
E01002007,6,0.9905038669738584,0.05918592570464401
E01002008,6,0.9837807786768084,0.09400253180168486
E01002009,0,0.4495832324590263,1.0282502005346388
E01002010,0,0.8378322632257771,0.452005578267575
E01002011,4,0.9423380073812736,0.22289042642619175
E01002013,4,0.6071372779386345,0.6783962130715784
E01002014,0,0.9833905474914255,0.09473173286571829
E01002015,3,0.9998987037871317,0.0010330906370893602
E01002017,6,0.7465210473275662,0.6095265333150555
E01002019,3,0.9999376830687604,0.0007062807898454396
E01002020,0,0.5129513257583835,0.9934161841418736
E01002021,3,0.9984321525553743,0.012005573769845604
E01002022,6,0.9569887174732568,0.18337044248237241
E01002024,3,0.9999905571591698,0.0001186992891129593
E01002026,6,0.9990247670403255,0.007735901963311261
E01002028,0,0.999846474714346,0.0015941161260606225
E01002029,6,0.9999998774793615,2.078400475566538e-06
E01002030,2,1.0,1.1534186518381255e-24
E01002031,0,0.6023813188114013,0.6724204979484338
E01002033,4,0.9999690806341761,0.00035199250300020624
E01002034,6,0.6254027774343546,0.6676882759708594
E01002036,4,0.9090673468850334,0.353722954471999
E01002037,0,0.7748379992479578,0.6013648180902226
E01002038,0,0.9978474680678249,0.015369214808687179
E01002040,0,0.9985588598554093,0.011799469452367033
E01002042,4,0.9287089522179752,0.27445110529658756
E01002043,4,0.8098226118927616,0.48680604380278064
E01002046,0,0.9999346373775747,0.0006951911489202891
E01002047,5,0.9998274768323964,0.0016674179133192952
E01002048,0,0.9993371959852383,0.005517836579769339
E01002049,0,0.9999260802028783,0.0007770814481616584
E01002051,0,0.9999439436021004,0.0006052622277857194
E01002052,3,0.9999772230131557,0.0002804257842946945
E01002053,4,0.9979150629232746,0.01505786089735644
E01002054,0,0.9881455246480454,0.06749438682855587
E01002055,0,0.8996026975605043,0.32762983960818376
E01002056,0,0.9962521439581621,0.025237281957542938
E01002058,3,0.9999969397506377,4.2868796233088154e-05
E01002060,3,0.9997313831060999,0.0026735266908139146
E01002061,3,0.9999997997262172,3.2936626663279366e-06
E01002062,3,0.9998611550093799,0.0014683390883014184
E01002064,3,0.9995838030946191,0.0037383669422215394
E01002066,1,0.9868661298800918,0.06995178858404083
E01002067,0,0.9999799260612603,0.00025502028738981974
E01002068,4,0.7029873214227145,0.6708948312780529
E01002069,6,0.9999984018088649,2.4626861749781953e-05
E01002070,0,0.9970303779796715,0.020246702857006707
E01002071,1,0.9999865646552185,0.00017476760968176519
E01002072,6,0.9999993709939747,9.630873926823631e-06
E01002074,4,0.9986757951794808,0.010429573870371385
E01002075,0,0.9996725310282198,0.0030320551392530384
E01002077,1,0.9999994110859263,9.036944094153176e-06
E01002078,0,0.9304700773425573,0.2524213186605097
E01002081,1,0.999939004072955,0.0006951041383075392
E01002082,0,0.9999704658460152,0.0003535843777370363
E01002083,4,0.9324372845398633,0.24784841244187863
E01002084,4,0.9999327441923234,0.0007572260504004603
E01002085,6,0.9998403942015338,0.0015550801721426484
E01002086,3,0.9999696452549629,0.0003466457039860189
E01002087,4,0.7432188260255872,0.5735029517921302
E01002088,0,0.9999465792573244,0.0006206183971256781
E01002089,3,0.9999356745890492,0.0006875251279452629
E01002090,3,0.999871031151382,0.001287388858518465
E01002091,3,0.7998493106858199,0.6139222769673506
E01002092,0,0.5336580728372331,0.7088367580081553
E01002093,4,0.9941496610739579,0.03595250097582874
E01002095,0,0.9987469647281388,0.009625265214478509
E01002096,3,0.9997979552548161,0.0019268971998703996
E01002097,1,0.9999930103193927,8.996571141267187e-05
E01002098,4,0.6805518127806058,0.7064334028845407
E01002099,0,0.9992620989329495,0.006059165745670671
E01002100,0,0.5004992368743045,0.7240897497687102
E01002102,0,0.9387874463131377,0.23081556667183398
E01002103,0,0.9999542465363829,0.0005029339910516478
E01002104,4,0.9969942758416908,0.02054012461221057
E01002105,1,0.9999999989888124,2.265329196856363e-08
E01002106,3,0.9999700422397731,0.0003419905594357293
E01002108,3,0.9999690650777646,0.00035306044263166904
E01002109,3,0.9552171310234862,0.19914380114339825
E01002111,3,0.9999248774095485,0.0008112256617792465
E01002112,6,0.9999631808430092,0.0004131782767713607
E01002114,5,0.998785917799136,0.009482235776995045
E01002118,3,0.9993507707287838,0.005640843416631779
E01002119,0,0.6349480213576898,0.7140400069071604
E01002121,3,0.9999373723875995,0.0006687741659618606
E01002123,6,0.5277477073552959,0.6940673801554851
E01002125,3,0.9967261060874013,0.02210615990961394
E01002129,6,0.9999885866796531,0.000141415572030697
E01002130,4,0.7700335177732701,0.542353561575574
E01002132,3,0.9999993944913385,9.274718434343022e-06
E01002133,4,0.51307455556523,0.6930810332299742
E01002134,4,0.9999991456725067,1.3083543199376857e-05
E01002135,3,0.9997760212632799,0.0022289423901403543
E01002136,0,0.9975318120914575,0.018748138331663153
E01002139,3,0.9999918231758962,0.00010404439346079043
E01002140,0,0.9111927493564915,0.36100325812531486
E01002141,3,0.9999699598471266,0.0003428470972541576
E01002142,0,0.9181472193379957,0.3324452658380205
E01002144,3,0.9999204622954041,0.0008304530004063785
E01002145,4,0.9999854208910438,0.0001774573141855124
E01002148,4,0.9998045129898693,0.0019339785537106488
E01002150,3,0.9999490355097758,0.00057387963648658
E01002151,3,0.9997026826148475,0.0029278785815823626
E01002152,3,0.9999999529937196,8.703516987091602e-07
E01002153,3,0.9999782310745449,0.0002555235970680178
E01002155,3,0.998986233293538,0.00801570074193028
E01002157,3,0.9999050232490512,0.0009756139252682135
E01002159,3,0.9824175201093454,0.08849469585890023
E01002160,3,0.9999154627237784,0.0009264265968462329
E01002161,3,0.9787316004414984,0.12024900664652256
E01002162,4,0.9809720905707295,0.09431520898585329
E01002163,3,0.9991981462847617,0.006571554276593565
E01002165,3,0.9999549778067062,0.0005075477719091608
E01002166,3,0.9999457989049451,0.0005866288330395373
E01002169,0,0.8884904017678528,0.3504775929600928
E01002173,4,0.9407430189503294,0.23995524885266478
E01002174,0,0.5308645664983946,0.6913475329626861
E01002175,3,0.9997298856168128,0.0027219413197190354
E01002176,3,0.9979457756215357,0.016182761482105023
E01002179,6,0.9999957091651878,5.8317293569172434e-05
E01002181,4,0.9999080210050524,0.0009575311013113785
E01002183,3,0.9999978657151626,3.0002620161117336e-05
E01002184,3,0.9999648842068258,0.0003982385969916674
E01002185,3,0.9997917031813761,0.0021179368341868315
E01002186,3,0.99975583496973,0.002462883341771801
E01002187,3,0.9999839922142835,0.00019300255809205104
E01002189,3,0.9743839900186444,0.11974946872042656
E01002191,3,0.9999829006047442,0.00021158912405172452
E01002192,3,0.9999954523658608,6.048764599892753e-05
E01002193,3,0.9999743606425082,0.00030752741029066514
E01002195,3,0.9999957930044975,5.628438689035775e-05
E01002199,3,0.9997973457844263,0.0019572780659317312
E01002200,3,0.9999531265803457,0.0005155012332703937
E01002201,3,0.999884641272826,0.0011617711021145716
E01002202,0,0.9736791471889225,0.12207518133267514
E01002203,1,0.9997188186853261,0.0026424839716390944
E01002204,6,0.9543917101015964,0.2083059114090462
E01002207,4,0.9268488262500365,0.2624183701616078
E01002209,6,0.6899529734030383,0.642049940659077
E01002211,3,0.9999864382942457,0.00016654494161591466
E01002212,0,0.7039834983442913,0.6151528010345986
E01002214,4,0.9963174510511434,0.024977920708077757
E01002216,4,0.9993774964781789,0.005224282159652019
E01002217,3,0.9999571872260228,0.000475210339195066
E01002218,3,0.9993248663726483,0.006334927951305261
E01002219,6,0.9998337878109068,0.0016145894687778412
E01002221,0,0.9550851208910032,0.20160200320448807
E01002223,4,0.9996220771699713,0.0035112270256851047
E01002225,3,0.999999010775375,1.4666584604632749e-05
E01002226,6,0.6806572821467533,0.6603448924980784
E01002227,3,0.9999944642517734,7.254200061046128e-05
E01002228,4,0.9989400247395138,0.008330924026465299
E01002229,2,0.9999999999901021,2.606223582388127e-10
E01002230,4,0.999999960272249,7.313414662481572e-07
E01002231,3,0.9999998792768496,2.0438146676428952e-06
E01002232,0,0.9995366213350467,0.0041770898145685334
E01002233,0,0.9999551358963542,0.0005316397963833977
E01002235,3,0.9999397707087896,0.0006459403693228743
E01002240,0,0.8225898174607876,0.4674457682246187
E01002242,4,0.822878756434549,0.46751381826704536
E01002244,4,0.9999542100595702,0.0005243255079720805
E01002245,4,0.9976499263216352,0.017165983675597636
E01002246,0,0.9989152068777608,0.008954657311590888
E01002247,1,0.9991373597756195,0.006949815415688057
E01002248,0,0.8008084027338808,0.5003525261824886
E01002250,1,0.9999852696082036,0.00017861469728339528
E01002251,1,0.9949911647427682,0.03493392321628961
E01002253,3,0.9999967515023697,4.430080345312056e-05
E01002254,3,0.9999968412001873,4.318194288928074e-05
E01002257,5,1.0,5.284110472360273e-28
E01002258,4,0.9999935680234642,8.36468216357803e-05
E01002259,3,0.9999970932573672,3.996328142328687e-05
E01002261,6,0.9999917201613059,0.00010518100442855937
E01002262,4,0.9999824271933759,0.0002099969623076137
E01002263,4,0.6797632720887636,0.627270263693644
E01002265,3,0.9988475085189733,0.009015377681007892
E01002266,0,0.6874312925919195,0.6214142895218465
E01002269,3,0.9999518295823869,0.0005270262208612204
E01002272,3,0.9998866848248161,0.0011878800665098745
E01002273,3,0.9999995750070149,6.6634004153722895e-06
E01002274,3,0.9999639089607082,0.000405324679108708
E01002276,3,0.9998844432773474,0.0011631827371655324
E01002277,0,0.9986132544248476,0.011166256284884369
E01002278,0,0.6730618779018527,0.6398359091887981
E01002279,4,0.9972604093029707,0.019472379629607437
E01002281,4,0.9810972556988762,0.09424751467246678
E01002282,4,0.5921492332450481,0.6761320339830549
E01002283,3,0.9999875827938924,0.00015268793957288077
E01002284,3,0.9998643983332884,0.001395794809828981
E01002287,6,0.9999863183453093,0.00016958056587299683
E01002288,1,0.9635680858743152,0.15643386341104834
E01002291,6,0.9992947369595709,0.005824306244463921
E01002292,3,0.9999602891363333,0.00044213562081164945
E01002294,3,0.9999923851301449,9.736822722599925e-05
E01002295,3,0.9999974722596336,3.510572457376823e-05
E01002296,3,0.9999999131973889,1.4981809399105588e-06
E01002299,3,0.9998568484477187,0.0014136026036826552
E01002300,3,0.9999810514514994,0.00023726415566275335
E01002301,1,0.9724738574963108,0.12608159651287087
E01002302,0,0.9950663996968896,0.03430761848871804
E01002303,4,0.9997327138818306,0.0024740696385899736
E01002304,4,0.999999999898705,2.4687757689118143e-09
E01002305,3,0.9999659387066635,0.0003844611243919815
E01002306,4,0.9999503542075269,0.0005525691690353639
E01002307,1,0.9999525919847312,0.0005194351895010477
E01002308,3,0.9999944479454622,7.27393961648735e-05
E01002310,4,0.9998548468796052,0.0014795418525707608
E01002313,3,0.9999733374558234,0.0003074787921751431
E01002314,4,0.9853944610792141,0.0772199324560175
E01002315,4,0.9395573918683159,0.22887465469085683
E01002316,4,0.9999996083558415,6.179979586930518e-06
E01002319,0,0.9966057557643418,0.02534942048561688
E01002320,1,0.7378110038335833,0.6248621819818517
E01002321,4,0.986120194880982,0.07382261680603983
E01002322,4,0.9997962445861972,0.0019561961869929965
E01002325,4,0.99980505611766,0.0018709415115764436
E01002326,0,0.5160885108931341,0.6931237063339347
E01002327,3,0.9886930757770422,0.06192583642086354
E01002329,4,0.9731617304974054,0.12389280645793292
E01002332,4,0.9999703175098036,0.00034537721953965605
E01002334,3,0.9999890036627123,0.00013655211861751923
E01002335,4,0.9932019694378791,0.040844216497224986
E01002336,3,0.9999759688801094,0.0002796448874819544
E01002337,6,0.899684517271186,0.39317246072337675
E01002338,4,0.9640871038801726,0.1548619658752666
E01002340,4,0.9993343525405198,0.005954809088377252
E01002341,4,0.9999845673240892,0.00018641874957524046
E01002342,4,0.9981498681283765,0.01386930109513636
E01002344,4,0.9999960816291379,5.407822690437606e-05
E01002345,6,0.9912579679340351,0.05015740678429056
E01002346,3,0.9999996757972652,5.169167516980004e-06
E01002348,4,0.9999997758573864,3.791544944964856e-06
E01002349,4,0.9999970431105485,4.1904714216553965e-05
E01002350,0,0.9906098318789386,0.05359207599279159
E01002352,3,0.9999466224753132,0.0005789983583069573
E01002353,6,0.999991071351814,0.00011394552640302326
E01002356,6,0.9999999996291251,8.662035511004126e-09
E01002358,3,0.9999433506036771,0.0006106513353067274
E01002360,3,0.9999312072600844,0.0007299413927074149
E01002361,6,0.9965405217351332,0.02327066655331373
E01002362,3,0.9999805708192047,0.00023034325193940064
E01002363,1,0.9929839710789103,0.041787828867091655
E01002365,0,0.9373762774292275,0.28603145367407506
E01002366,4,0.6456912642599778,0.9010939770648652
E01002367,3,0.9998733376292689,0.001263672836711654
E01002368,5,0.9999999999832667,4.3244287714873517e-10
E01002370,4,0.9999406556939383,0.0006589318574534819
E01002371,0,0.9696381077718564,0.1359979086592061
E01002372,4,0.9870019717624541,0.0694254294983835
E01002373,4,0.9999999618587346,6.910132116262671e-07
E01002374,0,0.7306901495840413,0.5927711316163518
E01002375,3,0.9999592131486447,0.0004530248799578919
E01002377,3,0.9999778271916578,0.00026078295785028545
E01002379,6,0.9742793022941941,0.11962349558576568
E01002380,3,0.9999999734205435,4.902295306882406e-07
E01002382,3,0.9999661526495436,0.000387356086166668
E01002384,3,0.9999999837921224,3.107160645343727e-07
E01002386,6,0.9996050143820239,0.0034902901357942865
E01002388,3,0.9999876291102883,0.000155888093028311
E01002393,0,0.9997143785168672,0.0026165782046518467
E01002396,6,0.9999821797272028,0.00022337843410823023
E01002397,6,0.9786689234299213,0.10317959594910925
E01002400,0,0.9998198380815165,0.0017348127840421824
E01002401,0,0.9990586278117731,0.007503271264373745
E01002402,3,0.9998982573741261,0.001039970478523596
E01002403,3,0.9999688975476424,0.0003538995133310598
E01002404,3,0.9999718610336935,0.00032356581159607506
E01002405,1,0.999664796164203,0.0030739463070018846
E01002408,4,0.506115747645157,0.6938193359779413
E01002409,4,0.9998660167745448,0.0013295717997981458
E01002410,0,0.7234615632120003,0.6260648819902292
E01002411,4,0.9990615440881363,0.0077011939304007055
E01002412,3,0.9992237880488385,0.006334570649201511
E01002413,4,0.5919069361370971,0.6778783818984826
E01002414,6,0.9792488880173019,0.11423680261835459
E01002417,3,0.9718448377246273,0.12834603286559818
E01002421,3,0.9999999828174851,3.2439694231266886e-07
E01002422,4,0.9999374489809465,0.000675563162591185
E01002423,1,0.9766939102025659,0.11106603879498472
E01002424,4,0.9700768705698439,0.13458689576426752
E01002425,4,0.9964894401735672,0.023346004836885766
E01002426,0,0.9998275711255794,0.0017177586428195335
E01002427,1,0.9992919100809181,0.005854432773925725
E01002428,3,0.9999999984582644,3.282486111993642e-08
E01002429,3,0.9999893629073293,0.00013244690758271952
E01002432,3,0.9997244130514046,0.00253619951707948
E01002433,3,0.9999858876341015,0.0001720749977530781
E01002436,3,0.9999931325723475,8.851256030475733e-05
E01002437,3,0.9999760632769579,0.00028270981129361407
E01002439,3,0.9999999968514999,6.549279235111833e-08
E01002441,3,0.9999999107719799,1.5375955272384619e-06
E01002443,1,0.9995002949584815,0.004298084318855533
E01002444,5,1.0,4.4945422272039474e-21
E01002445,1,0.9999852845964484,0.0001784515026952497
E01002446,0,0.9971803273687967,0.019499872750542043
E01002447,1,0.9999758821056464,0.0002805533025612513
E01002448,0,0.9998004815318553,0.0018993324127362936
E01002449,1,0.9554450644318695,0.18621173693157178
E01002451,3,0.9999993924773347,9.303561190241591e-06
E01002452,3,0.9999906408036733,0.00011774043633009996
E01002453,3,0.9999998592897114,2.3606357078198186e-06
E01002455,4,0.8038519564193459,0.5555765402743684
E01002456,0,0.999528786333935,0.004080703295060207
E01002457,0,0.9947200429301135,0.03790564111480603
E01002458,3,0.999997933655553,2.912441053426203e-05
E01002460,6,0.9917106302823675,0.04798419537783074
E01002461,3,0.9999997577386361,3.933291738055327e-06
E01002465,3,0.9999963849648567,4.891523446623124e-05
E01002468,3,0.9999023733190879,0.0010002467378028878
E01002470,3,0.983271868587784,0.0858459917677154
E01002472,3,0.9999839926403181,0.0001957768610506347
E01002474,3,0.999968153715816,0.0003616038856833504
E01002475,3,0.9999825221260197,0.00020951596347608764
E01002478,3,0.9999953810484022,6.586445088160413e-05
E01002479,3,0.9999980850852526,2.7488262705268955e-05
E01002481,3,0.9999803511708342,0.0002327895251889084
E01002483,3,0.9999766244265467,0.0002726650954017773
E01002485,3,0.9995100986248869,0.0042343515015139
E01002486,5,1.0,1.4681326139069846e-14
E01002487,3,0.9999969947965149,4.1216872107579e-05
E01002488,3,0.9999850406313688,0.00018116140428720386
E01002489,6,0.8516433804560627,0.43760141720640716
E01002490,4,0.9931579267512081,0.042043862851456476
E01002492,3,0.9999782485991885,0.0002552909682465779
E01002495,4,0.9943002594046638,0.03533372970473662
E01002496,3,0.9998379219059644,0.0016890507048266251
E01002497,6,0.9971069029365975,0.0203301972805466
E01002499,3,0.9999649751274993,0.000394444442543749
E01002501,4,0.999005575321756,0.008164212983670139
E01002503,0,0.9989814783946119,0.00847582599002431
E01002505,6,0.9919469363384718,0.04690079227916657
E01002506,6,0.9983142313295122,0.013046036384128741
E01002508,6,0.8648217854945844,0.4424852171752196
E01002509,0,0.6539962296086987,0.6466150130222547
E01002511,1,0.998076379583899,0.013961743953982808
E01002512,3,0.9999986024983758,2.0574675575638864e-05
E01002513,6,0.9977922837891948,0.0157252964596637
E01002514,6,0.9999963025293683,5.071824899251567e-05
E01002516,0,0.841495856902317,0.43718213896209634
E01002519,0,0.7212958281244446,0.5955850461318994
E01002521,6,0.9990162663393022,0.008052875235727732
E01002523,1,0.9999994633153638,8.285259565549453e-06
E01002525,0,0.9991324768974843,0.006983569912730052
E01002526,0,0.999388985571152,0.005132572880069854
E01002527,1,0.6403033175119013,0.6560944445331168
E01002529,6,0.9766469645133836,0.12541852260440775
E01002530,1,0.9999834626579153,0.00019861154118193928
E01002535,6,0.9995602427406306,0.004038789022069051
E01002537,6,0.9999999738925996,5.127648779651961e-07
E01002538,3,0.9999997285999114,4.386265269779117e-06
E01002539,3,0.9999982683877917,2.470397218105267e-05
E01002540,4,0.9999999273640894,1.2666109678503691e-06
E01002541,4,0.8379704577303315,0.4435638719033391
E01002542,0,0.9998488721213364,0.0014808153147471109
E01002544,3,0.9969388913859637,0.02077711405440156
E01002546,1,1.0,3.045385865526668e-17
E01002547,2,0.9999936133118392,8.664719453191584e-05
E01002548,5,0.999998847383626,1.691288815587192e-05
E01002549,4,0.9991513167198273,0.006902933194797104
E01002551,1,0.9999999963526065,7.451348359993523e-08
E01002552,0,0.9990766448347008,0.0073751573823227475
E01002553,0,0.995316549056534,0.030752743059750138
E01002555,4,0.9999774454354459,0.00027642302713759613
E01002557,4,0.9971092282932058,0.020023360178777695
E01002558,4,0.9243471354007279,0.2680826351885687
E01002559,4,0.9727022360486229,0.14446560728288865
E01002560,4,0.9981649776453777,0.01339526047893025
E01002562,4,0.9999524053518477,0.0005527601328875831
E01002563,3,0.8620753167528692,0.40398086286996493
E01002564,4,0.9082297777456173,0.3070289517002245
E01002565,3,0.8371035606647779,0.6045994953762008
E01002569,3,0.9999572630324888,0.0005022400158498885
E01002570,6,0.9997350197904353,0.002481161108174489
E01002571,4,0.9996498186921442,0.003216092918181099
E01002572,4,0.5347182855823869,0.7840095031263549
E01002573,6,0.9999932515677351,9.404367591624781e-05
E01002574,6,0.9999232576461886,0.0008313586924300481
E01002575,0,0.8741993140344583,0.46561952032233966
E01002576,3,0.9931205611274225,0.0419546110818024
E01002578,0,0.49573824453859494,1.1398193770438645
E01002579,3,0.9974538083890976,0.01777680227513323
E01002581,1,0.9989664832716312,0.008670239529286208
E01002583,1,0.9999999999851212,3.8585369657311925e-10
E01002584,1,0.9999999998759819,3.045135436565849e-09
E01002585,5,1.0,5.593241749502967e-17
E01002587,0,0.7654054149111889,0.5447687056738253
E01002588,5,1.0,4.0642546251950403e-48
E01002589,1,0.9999999998252562,4.100826140335392e-09
E01002590,4,0.9999876247399929,0.00015282685915498896
E01002591,4,0.999999975898611,4.4686374113731334e-07
E01002592,5,0.9999999999654108,8.67724312499893e-10
E01002593,1,0.7403293546667951,0.6164131134648985
E01002594,3,0.9999303943681812,0.0007398705385626084
E01002595,3,0.9999690827049748,0.00035573381049713404
E01002596,4,0.9986483127540008,0.01028056216483908
E01002598,3,0.9999939951765481,7.82004960708735e-05
E01002601,3,0.9999858334492054,0.00017233555093989217
E01002603,4,0.9999360480975069,0.0007107707231587588
E01002604,4,0.999938232914502,0.0006955387537732335
E01002605,0,0.9438974265980697,0.21799910179152102
E01002606,0,0.9999852081702777,0.0001817030606963351
E01002607,0,0.9919608588026511,0.046786220566398404
E01002608,0,0.9992414387247945,0.006219875828720687
E01002609,0,0.5216003421522967,0.700561369876524
E01002610,4,0.9987705519727754,0.009491990296873514
E01002611,0,0.9791817684735529,0.10120666778988519
E01002612,6,0.9999701321470866,0.000353949350574605
E01002613,0,0.8551182841610951,0.41372720025710463
E01002614,4,0.9546628720351669,0.2066804794629824
E01002615,0,0.9757670643560669,0.12027937760414166
E01002616,3,0.9998815258775124,0.001191304440522144
E01002618,1,0.998992188141391,0.008656917439546611
E01002619,0,0.9874301610590962,0.06952662889428461
E01002620,1,0.9999986042875341,2.021285429925908e-05
E01002621,3,0.9999997523568447,4.0146127465505925e-06
E01002622,1,0.9999923086732622,9.845498631611673e-05
E01002623,0,0.9997008060971454,0.0027499647271486904
E01002624,6,0.9881359472345533,0.06441217512834427
E01002626,4,0.9983765846657906,0.012103654740143844
E01002628,0,0.9997214061224817,0.0027758824725839766
E01002629,6,0.8601913674957806,0.44160005208828024
E01002630,3,0.999998530106254,2.1211817683282213e-05
E01002631,0,0.999833452811505,0.001615534976387127
E01002632,4,0.7502908461894822,0.7322398436497773
E01002633,1,0.998955761929466,0.008211831252462732
E01002634,1,0.9999786422780895,0.0002510405119884633
E01002635,0,0.7801760832692821,0.5266850093629479
E01002636,1,0.9988996542048121,0.008595439662900675
E01002637,5,0.976717227023328,0.11218988478663303
E01002638,0,0.999547998795522,0.003934194224871354
E01002640,1,0.9973242361163451,0.018522122714853262
E01002643,0,0.9622188819493682,0.16379083893807247
E01002646,1,0.9979131934656957,0.014964648725917924
E01002647,1,1.0,7.538485002016556e-15
E01002649,0,0.9924057271206089,0.04462816221050242
E01002650,0,0.7869102290123441,0.5180217170895314
E01002651,1,0.8431315636821615,0.43444035468640063
E01002652,0,0.9899111534456482,0.06188562469145912
E01002653,3,0.9999937846973975,8.072750288702036e-05
E01002654,3,0.95655951414587,0.17890868682230857
E01002655,3,0.9999972237976235,3.8296124682758876e-05
E01002657,0,0.9993456901374798,0.005595892959883071
E01002659,3,0.9999593746151821,0.0004516146301133003
E01002661,1,0.9994148558305344,0.004940676560051096
E01002662,6,0.9999799228883102,0.0002372479721451479
E01002663,0,0.9987748543903447,0.00943862316241585
E01002665,4,0.9515272678118968,0.20679868389526815
E01002666,1,1.0,1.1613102337197095e-18
E01002667,3,0.9995135054611549,0.004545881576922459
E01002668,3,0.9997004025648794,0.003005517598499886
E01002670,3,0.9999167937257868,0.0008970847840965887
E01002671,3,0.9999731124594808,0.0003103165893081604
E01002672,3,0.9999399394558364,0.0006768428752093248
E01002674,3,0.9999987783024482,1.7871659049169258e-05
E01002676,3,0.9999881617788574,0.000149388681001948
E01002677,6,0.8358785658955464,0.460156732417565
E01002678,3,0.9999982256651062,2.5272095469154607e-05
E01002679,3,0.9998514390314558,0.0015350239611876596
E01002680,3,0.9999004473770835,0.0010350624870013423
E01002681,4,0.9999900909039181,0.00012421344101515736
E01002682,6,0.9845479301553244,0.08847947554113893
E01002686,6,0.5971548938063173,0.679615323844086
E01002691,3,0.99999658666185,4.637981828773411e-05
E01002692,6,0.9999757377576493,0.00028256165738756357
E01002693,6,0.9999854260139965,0.0001804818853323341
E01002695,1,0.9999215139263288,0.0008736624881603913
E01002696,6,0.8814726088029537,0.36489248943711894
E01002697,6,0.9893635966046908,0.05893532807906505
E01002698,3,0.999949723620475,0.0005974032592353711
E01002701,1,0.9999591887175868,0.00047731633474890653
E01002702,6,0.945317226776756,0.21257709883511938
E01002704,6,0.9975613184548946,0.017108222136214636
E01002706,6,0.9783331973586756,0.1048748195217864
E01002707,6,0.9967894239923425,0.021807189333743142
E01002708,0,0.9962677375373128,0.02550767653966743
E01002710,6,0.9998864821317982,0.0011579859980523903
E01002711,1,0.5525051798310262,0.6876383029240138
E01002712,6,0.991398002701895,0.05440054603112534
E01002713,4,0.4606844508399537,1.0525267996235388
E01002714,0,0.7093467546802834,0.6163198396137328
E01002716,0,0.5318794648829764,0.6917203345819485
E01002718,6,0.9558502829631708,0.22897750236384104
E01002719,6,0.9243309381271109,0.2686309842805744
E01002720,0,0.7886431454038298,0.5257446809780009
E01002721,4,0.5298790918014794,1.0209297893936196
E01002723,3,0.9999307816493604,0.0007795285067117857
E01002724,6,0.9870746781987555,0.0690522946629858
E01002726,6,0.9668195705175481,0.1456680605573926
E01002727,1,0.828040860475679,0.45897928845352876
E01002728,0,0.9105302538578196,0.3140102059394728
E01002730,6,0.9515478744050847,0.19419809539624944
E01002732,6,0.9100056955374545,0.303263847539619
E01002734,6,0.9998032000120364,0.001899480321498692
E01002735,5,1.0,-0.0
E01002737,4,0.9999855777136659,0.00017598218334507232
E01002738,4,0.8498212520852554,0.4238337758519738
E01002741,6,0.5018765120515388,0.9701271082214176
E01002742,4,0.6407915643560791,0.8753050358289721
E01002743,3,0.9999955498586925,5.928733274553558e-05
E01002744,4,0.9149620568607494,0.2919256436753541
E01002745,0,0.9837114544623722,0.08421810567398688
E01002747,4,0.8324866473286272,0.4554013951124605
E01002748,4,0.9993218195697643,0.005825735941490225
E01002749,0,0.9130226511936586,0.30912514226474325
E01002751,1,0.6024245746577064,1.0345494148540664
E01002752,1,0.5938760013827368,0.6765256831958394
E01002756,3,0.9999668264892935,0.0003835034489521974
E01002758,0,0.5205237726270013,0.699946272399105
E01002759,4,0.999632717650839,0.0035102791222535036
E01002762,4,0.9999975152708377,3.504877863068867e-05
E01002763,6,0.9688833266011756,0.13897028735184386
E01002764,0,0.9417956723680065,0.248192412488682
E01002765,6,0.9985051817614736,0.012174269585859716
E01002766,4,0.6508261838167092,0.6470919844850879
E01002767,6,0.997113077425772,0.019840730634986488
E01002768,6,0.8471821177634018,0.4317562653157815
E01002770,6,0.9786645715833681,0.10491627505536187
E01002771,6,0.9279691265696277,0.26154772040729113
E01002772,6,0.9984668035100686,0.011492007631718183
E01002773,3,0.9999949035105529,6.7207185305167e-05
E01002774,0,0.6320041682281288,0.660031413498334
E01002775,4,0.5068648004993492,0.6930537497039695
E01002776,6,0.9012309177975381,0.3224196910567102
E01002778,2,0.9628417057766931,0.1588204057630156
E01002779,6,0.9968250002052832,0.02151847795408156
E01002780,0,0.8058431651629223,0.6362909781683811
E01002781,3,0.999996650891115,4.557174959957427e-05
E01002782,6,0.9956955394633558,0.02827591394496903
E01002783,0,0.9393623675889651,0.2651121934972134
E01002785,0,0.7542674977651269,0.558334700336542
E01002786,6,0.7473539761043799,0.565797280325545
E01002787,0,0.9683646514576929,0.14220208052359107
E01002788,3,0.9998918548350155,0.0011760662925339575
E01002789,2,1.0,3.4643293324602577e-43
E01002790,6,0.9993119121723084,0.005699987595969581
E01002791,6,0.9999877414712053,0.00015144973451279228
E01002792,6,0.9852689427932433,0.0858125597569042
E01002793,6,0.9880774737505026,0.06497119823595464
E01002794,6,0.9999993404201221,1.0500859107459556e-05
E01002795,6,0.9998101813409178,0.0018528586914907906
E01002797,6,0.9999565640996122,0.0005052971588674607
E01002798,6,0.9644369496230777,0.1585864983829659
E01002799,1,0.7744256706544237,0.5338735018105892
E01002801,6,0.9999527667745982,0.0005177131531173229
E01002804,3,0.9999478169267626,0.0005705772294642387
E01002805,3,0.9986625446536278,0.010447355161902833
E01002807,6,0.913217702649162,0.2956472246805696
E01002808,1,0.9999999999926388,1.9609902700949328e-10
E01002810,0,0.9977182413254299,0.017152863380299997
E01002811,3,0.9995881066181344,0.003890353776189248
E01002814,6,0.6486741366629951,0.6526908774697895
E01002815,1,0.7130491153109493,0.5993989295153294
E01002817,6,0.9999466492492094,0.0006184990650666151
E01002818,6,0.9976287920294403,0.016700876650097795
E01002819,6,0.9863902257573358,0.07199801735386692
E01002821,6,0.9999989814593206,1.5940158141785352e-05
E01002825,6,0.9999620221180463,0.00042750438166825363
E01002826,6,0.9999994182480081,8.938940773525081e-06
E01002827,6,0.9908104847060735,0.05251423780111085
E01002828,6,0.9990092312522638,0.00814397569574382
E01002829,1,0.9996553176373748,0.0032083312202427086
E01002830,0,0.9615298612271143,0.17002074462217337
E01002831,6,0.9832254140192079,0.0852062303941476
E01002832,1,0.9989022620548146,0.008577674571123128
E01002833,6,0.6437868607109879,0.7510586465983884
E01002835,1,0.9987487608752091,0.01047034695667482
E01002837,4,0.9886388352158689,0.0644686852564675
E01002839,1,0.9999999995543973,1.0040181235803258e-08
E01002840,6,0.9951958790336942,0.031442091180934065
E01002844,6,0.9998932331618954,0.001135914001188136
E01002845,6,0.9999264332866648,0.0007753208462860418
E01002846,6,0.9372142594994672,0.2625202665405865
E01002847,0,0.7746311885987455,0.5365434859284579
E01002849,6,0.9965610761409501,0.024878044263122123
E01002850,2,0.999996650470667,4.557600411238156e-05
E01002851,1,0.9999999130359252,1.5309934956862003e-06
E01002852,6,0.8374317496364757,0.45314170586047386
E01002854,1,0.9982886057553696,0.013505476719662726
E01002856,5,0.9805631288234044,0.09583935200840386
E01002858,3,0.9999136108120626,0.0008957048563729495
E01002859,6,0.960313612561961,0.17575500119643195
E01002861,1,0.8676941610506395,0.46958407348503534
E01002863,1,0.9999999997911999,4.998664305546482e-09
E01002864,3,0.9449650087009341,0.21368857368570726
E01002865,6,0.9939553511112477,0.03691800382488631
E01002866,3,0.9999544030276508,0.0005112845845528835
E01002867,4,0.8173428495553511,0.5177558482503763
E01002868,6,0.9837532830275658,0.08384096048830567
E01002869,0,0.5533896154767998,0.6881445381460334
E01002870,4,0.919570962089036,0.2928526290426614
E01002871,1,0.999997155242166,4.0585304007268556e-05
E01002873,0,0.8610611355379658,0.4687842790068159
E01002874,4,0.9875063320150875,0.0725558887191626
E01002877,4,0.9999773444417813,0.00027217562235197143
E01002878,6,0.9977060335849611,0.01629505121084795
E01002880,4,0.981418224003146,0.10135535254901036
E01002882,4,0.9994898658719159,0.004718284955324157
E01002883,1,0.9999999034840716,1.6555915436302927e-06
E01002884,6,0.9999999103598936,1.6305016041427064e-06
E01002885,5,0.998692798398303,0.009985991106935576
E01002886,6,0.9972253413019901,0.019134339094619743
E01002887,6,0.9999874362358389,0.00015676429935463165
E01002888,2,1.0,2.719815088382803e-34
E01002889,6,0.9600789976380413,0.16769964417165573
E01002891,3,0.99999997345104,4.896803410600788e-07
E01002892,1,0.9999341959639386,0.0006994984273208006
E01002894,6,0.9881044044222643,0.06534808345662502
E01002896,4,0.999999251320371,1.1391726748314028e-05
E01002897,4,0.759956557955946,0.6603895929800935
E01002898,3,0.9996282379779028,0.003546063836979327
E01002899,4,0.9575627677885504,0.1955425542856348
E01002900,3,0.9999879290876897,0.0001491424630759232
E01002901,6,0.9987503582721969,0.010448704904573941
E01002902,6,0.9999590333164358,0.00045635177098625473
E01002903,0,0.7306129835174379,0.6723811883935547
E01002905,4,0.7727565225015901,0.5648540745566577
E01002906,0,0.8671995120973774,0.4808910060209164
E01002908,0,0.999124145539302,0.007042177522740863
E01002909,0,0.9942126394474629,0.03947305834584229
E01002910,4,0.953962448774101,0.19822419161238253
E01002911,6,0.9896637668770123,0.05800387288350089
E01002912,4,0.999997117003665,3.9667419846653705e-05
E01002913,0,0.8048557466537501,0.5012138355287504
E01002914,6,0.9955437645882907,0.028641106781130875
E01002915,3,0.9999992168590037,1.1797268539714551e-05
E01002916,0,0.8189688685236157,0.551876853501265
E01002919,6,0.7811715376403178,0.6063863854156519
E01002920,3,0.9999948497513355,6.790003522227122e-05
E01002921,0,0.8265149572658355,0.4828810046585869
E01002922,3,0.9999604221151169,0.0004778249242895215
E01002923,4,0.9925229500867777,0.04442860862909886
E01002925,4,0.9999949977589949,6.967652679760973e-05
E01002926,3,0.9999000036808962,0.0011301560662820914
E01002928,0,0.9928145523178596,0.0448622998030809
E01002929,2,0.9999973689632506,3.6584500970471094e-05
E01002930,6,0.9998492331072732,0.00155428226714333
E01002931,6,0.9624494812014106,0.16159375717275642
E01002932,1,0.606968083360164,0.6701281101690341
E01002935,6,0.9748701640646543,0.12451080363748845
E01002938,3,0.9999777637499705,0.00026867366746080183
E01002940,0,0.9995262347596388,0.004257260274455603
E01002941,0,0.5520487574704366,0.7063970961671616
E01002944,3,1.0,2.4593039393687048e-18
E01002945,1,0.9998301008272477,0.0016521224905613812
E01002946,0,0.7954224993353253,0.5256499757120721
E01002947,4,0.9839162793705464,0.08244089187503655
E01002948,6,0.678283753841873,0.7795381576421313
E01002949,4,0.8975443474511239,0.35070755221203276
E01002950,4,0.9602970593088969,0.17111734304524834
E01002951,0,0.9418883204187242,0.2853407042575893
E01002952,0,0.6993349492419544,0.6310248244925992
E01002953,4,0.9998027104946303,0.001885752256427797
E01002954,4,0.5340422551747713,0.7212792999793408
E01002955,4,0.9293533667395594,0.2555390650296242
E01002956,1,0.9684634293154126,0.14091427926691436
E01002957,0,0.9912041520943319,0.056476748053441606
E01002959,4,0.9999944823361088,7.26070294729828e-05
E01002960,0,0.9978344313351567,0.015449142440247808
E01002961,4,0.9841901555808433,0.09164955016804559
E01002964,1,0.998500963602154,0.011396266361666149
E01002965,6,0.643728668616384,0.8431653303000111
E01002966,3,0.9999741018716296,0.0003059114476418699
E01002967,0,0.9810390853212362,0.09594187105406647
E01002968,6,0.9999383592978318,0.0006689933956189555
E01002969,1,0.9791861303630329,0.10118987022145329
E01002970,0,0.9971445019992365,0.021551786109248846
E01002971,6,0.9891744881245225,0.06073665348108971
E01002972,6,0.9164131538146839,0.29381119207765816
E01002973,0,0.999713845936598,0.0028472592442308755
E01002974,0,0.7958754281267348,0.6478385621517244
E01002975,3,0.9999791467998924,0.00024671213228523193
E01002977,4,0.9999997893473642,3.4490328618921857e-06
E01002978,6,0.6119982473019159,0.8666638856908517
E01002981,3,0.999973769245999,0.0003036553946700799
E01002982,4,0.9999301898876826,0.0007728156568022095
E01002984,6,0.9952715677990471,0.03107339693023966
E01002985,6,0.8967137113981742,0.3370901039691332
E01002987,6,0.999990115280366,0.00012655289550221483
E01002988,3,0.9999864761988567,0.00017046762275997918
E01002990,6,0.6863548955109066,0.746091651113556
E01002993,6,0.999999999709658,6.792799356205304e-09
E01002994,0,0.8205615555288184,0.48019710088895706
E01002995,4,0.9999561733419039,0.0005077154730279049
E01002996,0,0.9211512045176089,0.2836561374791333
E01002997,4,0.7726811019922804,0.5362482104626994
E01002998,3,0.99999617926367,5.153271169208391e-05
E01002999,4,0.8472951359356523,0.42868936352466724
E01003000,3,0.999954052280945,0.000506564210910639
E01003001,0,0.9997510992332452,0.0024704447902027357
E01003002,0,0.9975913620360208,0.01827857927262575
E01003005,3,0.9901890995591943,0.055130789927184995
E01003006,4,0.9937060016159491,0.03822966067003095
E01003008,3,0.9999728969472137,0.00031462171420849666
E01003009,3,0.9999900205998525,0.0001300391291190611
E01003010,4,0.9906148975262834,0.05329915500112782
E01003011,3,0.9996377380150303,0.0034813488207922016
E01003013,6,0.9999177803294118,0.0008555957992199089
E01003014,6,0.9999119612798155,0.0009101173346838797
E01003015,4,0.8251875417302812,0.530273062771419
E01003016,1,0.9999989384752105,1.5768944120387574e-05
E01003018,0,0.9984741264489817,0.011420902338999676
E01003019,0,0.8020864061525422,0.49788990816682394
E01003020,5,0.9459976497162205,0.2101353995605872
E01003023,1,0.9999969223787027,4.2136796563976913e-05
E01003024,0,0.9999782812020034,0.00025781601056609846
E01003025,6,0.9986619439746883,0.010424924624342276
E01003026,0,0.9964748652271131,0.026032706695319558
E01003029,1,0.9999981760776542,2.5939447359398935e-05
E01003030,4,0.9923508414764733,0.052961449734388925
E01003031,3,0.999878714220549,0.0012639454133405
E01003032,6,0.9999983798181569,2.3645530597529094e-05
E01003034,0,0.9998708598526285,0.0013138719529162677
E01003035,1,0.8931441946806068,0.34028893352975464
E01003037,6,0.5168517141133828,0.6927038800783587
E01003039,6,0.9998614866006841,0.0013788424870342776
E01003040,0,0.9921624291765757,0.050657473291864055
E01003041,0,0.8281289563439523,0.45901119224137477
E01003042,0,0.9699535955012345,0.13526522967886576
E01003044,3,0.9999988757663156,1.6524482747912252e-05
E01003045,0,0.9897744300146846,0.05754577884917385
E01003046,3,0.9999850891892621,0.00018471215003290853
E01003047,6,0.9999924043707,9.947691088276869e-05
E01003048,3,0.9999945121610471,7.196406005928706e-05
E01003050,6,0.9985522024270974,0.011914346612941948
E01003051,0,0.9998577293062095,0.0014028580317497362
E01003052,3,0.9999952626055892,6.325973230484235e-05
E01003053,4,0.8931578980737633,0.4008911470579
E01003055,6,0.9999938669002327,7.98673284096737e-05
E01003057,0,0.9888274981265293,0.06200862630574423
E01003058,4,0.8539078990094825,0.4425460816213648
E01003059,0,0.778926362557639,0.5282634734766788
E01003060,0,0.9997537312605186,0.0022925197280296247
E01003061,6,0.9995656691851453,0.0038590324295874725
E01003062,3,0.999990608805747,0.00011817611872910141
E01003064,4,0.9739922265927092,0.12139237785779601
E01003066,1,0.9993109814569163,0.006165394221392333
E01003067,1,0.5735593617118006,0.682285840951875
E01003068,3,0.9915282619056587,0.048854827272138364
E01003069,0,0.9988493815178444,0.009321161598232132
E01003071,6,0.9997641145196402,0.002210715926582571
E01003072,4,0.6012369528021221,0.6751808685342976
E01003074,6,0.9733329812087569,0.12350840921824544
E01003076,4,0.9989369343079793,0.008374198641454242
E01003077,0,0.9985344778634366,0.011027978462618408
E01003078,1,0.9999997404899171,4.195589549345568e-06
E01003079,0,0.9973640367399685,0.020484162831898096
E01003081,6,0.998741169422457,0.01043075625620861
E01003082,0,0.9312645424848993,0.2503556347415061
E01003083,0,0.9995384412268713,0.004006642729935714
E01003085,2,1.0,1.6957027245427122e-16
E01003086,1,0.9999999994076347,1.3178387154410675e-08
E01003087,0,0.9988732686056271,0.009263958401924453
E01003089,0,0.99923942474741,0.00644159020348461
E01003090,0,0.9968521833172456,0.023456334602374992
E01003091,1,0.9355781350632103,0.2436463937964384
E01003093,1,0.9323358378088014,0.24772288316405472
E01003096,0,0.9921304529023162,0.051299139990828954
E01003097,1,1.0,1.2943639435721891e-14
E01003099,6,0.9998954565337306,0.001065181966115426
E01003100,1,0.9930257971431853,0.04158222250961312
E01003101,0,0.9986243613404722,0.010450494619463787
E01003102,6,0.9865012998065656,0.07806978587058541
E01003104,0,0.9924240413603903,0.04453889266302428
E01003106,0,0.9982070656365837,0.013877005032039319
E01003107,3,0.9999845314588335,0.00018820481779036462
E01003108,1,0.9630154196606351,0.15823962642799377
E01003110,0,0.6327968705305114,0.6591390918483802
E01003112,3,0.9998299219939233,0.0016549767886539265
E01003114,6,0.9998281058807875,0.0016621414688104722
E01003115,1,0.9999999999997016,8.898870276962282e-12
E01003117,6,0.9499845360533596,0.19860555980104566
E01003118,6,0.997230286013533,0.019077164391902615
E01003119,0,0.7539200710498595,0.6780402918166591
E01003120,6,0.9990865524641699,0.00739664549391697
E01003121,4,0.9836430837556986,0.09280580075681649
E01003122,1,0.9103657012923433,0.3113535309618232
E01003124,0,0.8868393260749938,0.3530728956344329
E01003125,1,0.5884551872303434,0.6774158795868993
E01003126,6,0.7948759186920382,0.507898757981381
E01003127,6,0.9968080233428406,0.021594671521374103
E01003128,0,0.9817701615698032,0.09106760909627262
E01003131,0,0.9865679385495695,0.07204891343810496
E01003134,3,0.9999997602224656,3.897694760296512e-06
E01003137,6,0.9986265996840447,0.010559612138228933
E01003139,0,0.9174432430745537,0.28496987558569753
E01003141,0,0.9998977445251751,0.0011048222890932147
E01003144,0,0.6703271488824353,0.6358798147793989
E01003145,5,0.9993879325183908,0.005140364230807218
E01003146,6,0.9707639993486858,0.13213803420088133
E01003147,0,0.9637650942233414,0.1676226116792556
E01003149,0,0.9750776059208293,0.11667964736049227
E01003150,6,0.8304786590518061,0.47564317929005584
E01003151,1,0.9999999951124252,9.870418389083205e-08
E01003152,1,0.9999999962043162,7.739168324653862e-08
E01003153,6,0.9808118381935811,0.09489053036930438
E01003156,3,0.999980988027527,0.00023529326669444466
E01003159,0,0.9557257298547654,0.18294418794030043
E01003160,3,0.999984288465007,0.00018951525626551273
E01003162,0,0.9999741200284255,0.0002992299665996271
E01003163,3,0.999851417646956,0.0014853397134474335
E01003164,0,0.7678021389225315,0.543140170542648
E01003165,1,0.9423542426503295,0.22056029077064165
E01003166,0,0.7815065378647319,0.52551137934992
E01003169,0,0.9999209678840205,0.0008911474678565078
E01003172,0,0.99935558798582,0.005604046467783514
E01003174,0,0.996936706885307,0.02291278303629506
E01003176,6,0.9744962304102339,0.1187795764813801
E01003177,0,0.6877951389473511,0.6208992000043513
E01003178,1,0.985133496417867,0.07952193290183909
E01003179,0,0.6594893450373551,0.6423590104367491
E01003180,0,0.9850652063151482,0.07760950386718543
E01003181,1,0.9955832897006112,0.028355936139751965
E01003183,6,0.6833369079342144,0.6246521223436403
E01003184,0,0.9878104449657402,0.07120410489571458
E01003185,1,0.8844984589058654,0.3792543498517824
E01003186,0,0.9999487683082164,0.0005666875645049698
E01003190,3,0.9997036862243431,0.0029815790894405928
E01003191,3,0.9995929953759546,0.0037670694967500886
E01003192,3,0.9999690828387942,0.0003520626603042302
E01003193,3,0.9680087112665865,0.17286153555781625
E01003194,4,0.9949144522405965,0.03257973571176667
E01003195,3,0.9999998427374502,2.6213094968832e-06
E01003198,1,0.9237661196413407,0.27060314504545
E01003199,6,0.9845804594002355,0.07963280956970319
E01003200,6,0.9999961061985865,5.61607749609623e-05
E01003201,5,0.994081516476726,0.03626083175680654
E01003202,6,0.9999360107813655,0.0006973022597639512
E01003203,0,0.808735364817844,0.4958514433736775
E01003207,6,0.9988014753259847,0.009263630093924741
E01003209,0,0.9992739343596454,0.006460317020358776
E01003210,0,0.9989670423846244,0.008315997158688422
E01003211,4,0.9945049533583765,0.03407563945134218
E01003212,4,0.7999345175167694,0.5012176936290768
E01003214,6,0.9366613840429973,0.2629223404837482
E01003215,1,0.9438621136615748,0.21703139839213786
E01003217,0,0.8495503168829341,0.42348831626740074
E01003220,3,0.9917749796302345,0.051346079693205565
E01003221,0,0.8392959662510362,0.45017241720764406
E01003222,3,0.9988078538330024,0.009226191613349064
E01003223,0,0.9535649248965022,0.18857007310519433
E01003224,0,0.9603445790666387,0.16684750662776957
E01003226,6,0.8986222447173804,0.33468441492040457
E01003227,4,0.9968096936030485,0.022404635101096654
E01003229,0,0.9649124011236799,0.16664934173722507
E01003230,0,0.997996488012586,0.016335269170203746
E01003231,0,0.9971288068330059,0.0225729625033916
E01003232,4,0.9795985582228665,0.10410606133701526
E01003233,3,0.9983077739036362,0.012675786280310264
E01003235,0,0.9867080744830736,0.07063238228979977
E01003236,6,0.9999972777156606,3.9468870066237125e-05
E01003237,0,0.9826369987959226,0.08759081125958072
E01003238,4,0.7957874122888933,0.5065893809515529
E01003239,0,0.8933573464774275,0.34433055959050113
E01003240,6,0.7001649750103056,0.6896828639151342
E01003241,4,0.9333649337319218,0.2814362076018956
E01003243,0,0.9530114246324652,0.1911220193047985
E01003244,0,0.8265534102662243,0.461309349519766
E01003247,1,0.9923462831039815,0.04491757673371622
E01003248,0,0.9998703411511981,0.0012901816581715798
E01003249,0,0.7857769690071437,0.5595056234013167
E01003251,1,0.9738000128674638,0.12127398865701225
E01003253,0,0.8747233930451119,0.3992638278493431
E01003254,0,0.8627994520538724,0.47406993450255547
E01003255,6,0.9653267186906145,0.15148364581388163
E01003256,6,0.5292940716475494,0.6917388287093948
E01003257,0,0.9899415955875899,0.05650772977075482
E01003258,0,0.7510760903657767,0.5611657399613578
E01003259,0,0.7449082560242284,0.5758310404473264
E01003263,4,0.9478392813988255,0.21312107604905636
E01003264,6,0.9770538420434356,0.11635326221874484
E01003265,6,0.6721698154659929,0.6380820158433687
E01003266,0,0.9974287750720482,0.01868260184002643
E01003267,4,0.9999977479310821,3.153720862342113e-05
E01003268,3,0.986541434451899,0.07987783711683875
E01003270,4,0.9959353148391114,0.026434244090385743
E01003272,0,0.9944842038575394,0.03419311974703566
E01003274,3,0.9999771759238907,0.00027041408249258683
E01003276,3,0.999711483666623,0.0027860991571220873
E01003278,0,0.9985696112682722,0.01096052761424997
E01003279,3,0.9998532828109539,0.0014423145623017014
E01003280,4,0.909206364090275,0.3048803254824228
E01003281,3,0.9999902372036548,0.00012240064888995226
E01003282,1,0.9995857992633915,0.0036412198457634356
E01003283,4,0.9999991727135165,1.2413536230469614e-05
E01003285,3,0.985867078607331,0.07530471091362964
E01003286,6,0.9884453638968939,0.07093412820954963
E01003288,6,0.9999968866881521,4.3209492738904616e-05
E01003290,1,0.9624529863023165,0.1600900240444285
E01003291,4,0.9999952747938122,6.26685061023084e-05
E01003292,4,0.9458750478047621,0.2107969195843739
E01003293,2,0.9999999999951541,1.3449993988568968e-10
E01003295,1,1.0,1.1477070559986288e-20
E01003298,3,0.999186226685407,0.006631416007586659
E01003299,6,0.6637227515664559,0.6636129023695534
E01003301,1,0.9742368850622093,0.12338681686806635
E01003303,6,0.9997834899236054,0.0020446597210355276
E01003304,1,0.9997517036317006,0.0024812982941652467
E01003305,0,0.9994047464447997,0.005326396128382647
E01003307,4,0.9999522189950816,0.0005232172488343927
E01003308,0,0.9922687088831155,0.050483786564588115
E01003309,4,0.9861894430503696,0.07637933434783303
E01003310,3,0.6545911033558642,0.6558811240699285
E01003311,1,0.9987070869651014,0.009925632814528799
E01003313,4,0.9963816525600736,0.02452673497933775
E01003316,0,0.9714900491494456,0.1309288297066925
E01003318,6,0.9994063047245714,0.005357317109966963
E01003319,0,0.8608104150544078,0.41207410461183214
E01003320,4,0.8479923487107489,0.4274481680018857
E01003321,0,0.9950881586893084,0.031011634262258347
E01003322,2,0.9999999999998934,3.386141795944211e-12
E01003324,0,0.6135988043871078,0.6693283284803246
E01003326,3,0.9999963284543767,4.962059037637578e-05
E01003327,6,0.9963766151852858,0.02523407816702274
E01003330,3,0.9995056061458977,0.004517566469676312
E01003331,0,0.9947376294903667,0.03286239858657699
E01003332,3,0.9999296270031096,0.0007448938529085895
E01003333,3,0.9998917443965513,0.001122404642480302
E01003334,6,0.7396088556999622,0.6043089450772116
E01003336,0,0.8972282603475235,0.33113077283174025
E01003337,0,0.9988261781299815,0.009093579847280571
E01003338,0,0.9956852661436713,0.02780224288251304
E01003339,0,0.9989920359836024,0.007964453500997703
E01003340,6,0.999996316883245,5.011821648742084e-05
E01003342,0,0.9984649831391104,0.012597715751556935
E01003344,3,0.9978267455283032,0.01608516223272349
E01003346,4,0.9914244727513325,0.04952520982801407
E01003347,3,0.9998647382043465,0.0013423659359760823
E01003348,0,0.9293294009506066,0.26211502196899494
E01003350,4,0.9990148359178289,0.007856619953228375
E01003351,4,0.9997503767237216,0.0024321107333011185
E01003352,0,0.9992157545461228,0.006627819875754039
E01003354,4,0.9971131038781085,0.01976406187777263
E01003355,6,0.999518494823901,0.004189423840746973
E01003356,5,0.9998325079651222,0.001668325536971092
E01003357,6,0.9912054750400591,0.0505309688021029
E01003358,4,0.6462631754166783,0.6537811537553991
E01003359,6,0.99994386851222,0.0006126170920823692
E01003360,6,0.9999992609779755,1.1174723146488988e-05
E01003361,0,0.7309937935712292,0.586172367458131
E01003362,4,0.6534605762845297,0.6454509115052149
E01003363,4,0.9986005137551079,0.011157295512037488
E01003364,3,0.9997452536634791,0.0023628091201106883
E01003366,3,0.9998845661767845,0.0011998005256639182
E01003368,0,0.900148935820954,0.3249530285506791
E01003370,0,0.9774642855293385,0.10869207151705779
E01003372,1,0.9999883386917308,0.0001441248118316068
E01003374,6,0.873087262506041,0.38347399568418006
E01003375,6,0.9466323923542643,0.2348589972623785
E01003376,4,0.9998170467678154,0.0017795905675548796
E01003377,3,0.9987827020061629,0.009508519009656597
E01003378,4,0.8834543685085698,0.360638199419289
E01003379,3,0.9998545821039883,0.0014305560165943634
E01003380,3,0.999937528011877,0.0006995524786499916
E01003382,3,0.9998259963097358,0.0016868785178474205
E01003383,6,0.9999999642203796,6.492784052619845e-07
E01003384,3,0.9955341399393445,0.029426510103665617
E01003386,3,0.9998499529137733,0.0014849633480046075
E01003387,3,0.9999980612284141,2.754651476392401e-05
E01003388,0,0.9922628884385996,0.04532299681507891
E01003389,6,0.6035965461728028,0.7636298366792635
E01003390,0,0.5022989913795998,0.6960515920809034
E01003392,0,0.9425083650903913,0.258231136940322
E01003393,6,0.9911953872262024,0.05271918739060799
E01003394,3,0.9999634718374449,0.00041360955636150656
E01003398,3,0.9999858755980896,0.0001723568633229323
E01003399,4,0.9732937096343282,0.12518725587504306
E01003400,6,0.9983595095641232,0.013281696006390363
E01003401,6,0.9997563204340737,0.002280046400839967
E01003402,6,0.9999993632993702,1.0109090473343372e-05
E01003403,4,0.9999970311277426,4.0754695444611386e-05
E01003404,0,0.9899250595194481,0.0629686410919968
E01003406,3,0.999999824927998,2.898854262364365e-06
E01003407,3,0.9999994459122633,8.568173033462413e-06
E01003409,0,0.7792186674160659,0.5278950905441259
E01003410,4,0.9989024970276903,0.00857607343504751
E01003411,0,0.9808335309616275,0.09477719038586352
E01003412,3,0.9999053737867168,0.0009714017507598937
E01003413,0,0.9917725312593046,0.047687657863080726
E01003414,3,0.9999444600373097,0.000599749334911852
E01003415,0,0.9999491540890301,0.0005649736117524797
E01003416,1,0.9951626825356057,0.030615248657814093
E01003417,4,0.6412595791711176,0.6531904401798375
E01003420,4,0.9941138026160874,0.03617048105291067
E01003421,3,0.9995609328150589,0.0039746282658112645
E01003422,3,0.9994126583978453,0.00534983750494719
E01003423,3,0.9998449551012352,0.001645254089663356
E01003426,4,0.8280479103551932,0.4604647971381325
E01003427,6,0.9999999998684359,3.1999911298902556e-09
E01003428,0,0.7429092659629919,0.7108510422670746
E01003430,3,0.9999679278448956,0.0003639432243729597
E01003431,3,0.9998903624325807,0.0011132732740365505
E01003433,0,0.7444720499089634,0.6900746396757114
E01003434,1,0.9998775980456382,0.001237289165803751
E01003435,0,0.9932566642944336,0.04043183580552176
E01003436,4,0.5778741448056591,0.681224823816434
E01003437,0,0.9966618807040728,0.023116892645125845
E01003438,3,0.9998539889217841,0.0014355697937565412
E01003439,6,0.9995339732087125,0.004296871817052435
E01003440,0,0.971383812022222,0.13017772043281486
E01003441,6,0.9995775756556053,0.0037155735260672386
E01003442,3,0.9999982839855421,2.4526733885900335e-05
E01003444,3,0.9788378618447318,0.11707602423432034
E01003445,0,0.6975727274729551,0.6400997516626287
E01003446,6,0.9968142448627457,0.02267807411229885
E01003447,4,0.9999970152391093,4.114110862544937e-05
E01003448,4,0.9993226008296547,0.0056726249644024895
E01003449,4,0.8044235792296798,0.49492357798517195
E01003451,4,0.764796470298532,0.5462822046656245
E01003452,4,0.5963980729887454,0.6761071421314381
E01003454,3,0.9999096614694696,0.000983954952609942
E01003455,3,0.9999872423408162,0.00015725028255481977
E01003456,6,0.9999658162513595,0.00038671049271545596
E01003459,3,0.9999283181929122,0.0007974467554458718
E01003460,4,0.8695031493826693,0.42963335624039717
E01003461,3,0.9627463963197944,0.16039855691032
E01003462,3,0.9999858020510515,0.0001730152684252406
E01003463,3,0.9999912586198507,0.00011073973968993835
E01003464,5,0.9999635865745008,0.0004385553182556459
E01003467,3,0.999909596429793,0.0009758490268037489
E01003469,4,0.9258343949402642,0.32090423165473514
E01003470,6,0.9735813216217213,0.1365795266976098
E01003471,1,0.8279324809804033,0.4885856054562028
E01003478,4,0.9869136785336401,0.07061737746343508
E01003480,6,0.9976196351444666,0.017380377383833422
E01003481,4,0.9658366261632938,0.15182984982530529
E01003483,0,0.9423090906185053,0.2232227886416406
E01003485,0,0.9981624868143903,0.014567938100317578
E01003486,6,0.9992938610656108,0.005940744162329629
E01003491,6,0.999999270955793,1.130591333286891e-05
E01003492,4,0.9999977744477956,3.132689540300121e-05
E01003497,5,1.0,7.691998928588471e-23
E01003498,0,0.9998725600681652,0.0012702962637148102
E01003499,0,0.7899413054235495,0.5158474080754013
E01003500,5,1.0,2.827565507414079e-17
E01003501,0,0.9998975660674695,0.00105121196973113
E01003502,6,0.9970566512065552,0.020373796606564278
E01003503,6,0.9960402097553595,0.02858555259502954
E01003506,5,0.9999999999137756,2.0844122166526964e-09
E01003507,0,0.9999692454953284,0.0003502808257687619
E01003508,0,0.9987158743757005,0.00983259473094406
E01003509,4,0.9998689832913613,0.0013068403519148361
E01003512,0,0.6943584801787368,0.6390298705336435
E01003513,1,0.9999903495934355,0.00012110180811497676
E01003515,6,0.9999970442552294,4.229786638185139e-05
E01003516,0,0.9967123468648568,0.02235767911012029
E01003517,3,0.9998288596877656,0.0016579166376074895
E01003518,0,0.9999749325171831,0.0003016445359987059
E01003520,6,0.9156420867374271,0.30477494181353804
E01003521,0,0.6719730870239595,0.6511112769321349
E01003523,0,0.8941859219469995,0.33834749977223233
E01003524,1,0.9999997636197686,3.845194212719826e-06
E01003525,1,0.9997870474605584,0.0020154457922820115
E01003528,3,0.9996002157154542,0.003529071210333508
E01003529,0,0.9394761046540333,0.268876931005895
E01003531,6,0.9999999977469116,4.847959838947972e-08
E01003532,3,0.9999927638790682,9.290021682940883e-05
E01003533,4,0.6675400671752911,0.6778209918566792
E01003534,0,0.5557406493540833,0.7695531118061034
E01003535,4,0.9752111713267331,0.11638153633491365
E01003536,2,0.9998231776227465,0.0017393645226657115
E01003537,4,0.9557941804547365,0.18166894426001706
E01003538,0,0.9996462704177922,0.003409269287018433
E01003539,4,0.9470089825023718,0.21072368094343322
E01003540,1,0.9999999124488891,1.5432174730626227e-06
E01003541,4,0.9999937240736588,8.483294228477788e-05
E01003542,4,0.6161438748651231,0.6664271629076625
E01003543,6,0.9770379182145869,0.12153590371756111
E01003544,3,0.9999999982514822,3.701606808295668e-08
E01003545,3,0.999991886928355,0.00010321478767727673
E01003549,1,0.9999999782559572,4.1152407754566454e-07
E01003550,4,0.9742923184273604,0.1195618037780215
E01003551,0,0.8651985788152233,0.3954131403431249
E01003553,0,0.9999700732136488,0.0003452910417059456
E01003555,1,0.9999999989826875,2.249446394902582e-08
E01003556,6,0.9544801871543794,0.18541783600585762
E01003558,1,0.9918345705543975,0.049779781767253846
E01003559,1,0.9986776089851024,0.01008676681825219
E01003561,4,0.8773791263406598,0.3792848674926599
E01003562,3,0.7498753603168238,0.5755228202987183
E01003564,3,0.9999852865596633,0.00017846711055533447
E01003565,1,0.9165959989707231,0.30244608630967695
E01003566,6,0.9989750030740825,0.008793356874868995
E01003567,0,0.997294556928301,0.02001757055557497
E01003569,1,0.9452096550553163,0.21244254588688846
E01003570,0,0.995839587851823,0.0269597201531792
E01003571,4,0.9947436052850334,0.037595807728867635
E01003572,3,0.9999349537678053,0.0006923331103558082
E01003573,4,0.9994426855207889,0.005151864227229143
E01003574,1,0.7214257215263196,0.5916017694647376
E01003575,3,0.9999766599492157,0.0002722786180577398
E01003576,0,0.9999053692862382,0.0010175952384358059
E01003578,0,0.9652273462271372,0.15103523490408408
E01003581,4,0.9992961916589165,0.006055568351565706
E01003583,3,0.9999856764694018,0.0001740825063349259
E01003586,0,0.9619909575878366,0.1615644867361124
E01003587,0,0.7799706468190937,0.673544063201677
E01003590,6,0.9997352409034715,0.0024537163166323318
E01003591,1,0.9999991901207903,1.2289032304153924e-05
E01003593,6,0.9999987834207513,1.7960745581095775e-05
E01003594,1,0.9999997166514991,4.558766952795229e-06
E01003600,4,0.9784751563427583,0.12108622975663125
E01003601,4,0.6598242326366722,0.7800775277585119
E01003602,1,0.9989240795553834,0.008428804822396385
E01003603,3,0.9998889448764523,0.001122282111103535
E01003604,3,0.9219241544561302,0.27436105756073154
E01003605,1,0.9999999742799449,4.752044884451078e-07
E01003607,1,0.9544391307443191,0.18742406187972885
E01003611,1,0.99999999999973,8.13687039532447e-12
E01003615,0,0.9837390286853307,0.08310967870738917
E01003616,1,0.9999999603324178,7.157347563260522e-07
E01003618,6,0.8294647402134858,0.48984282817771047
E01003619,6,0.9996203838426265,0.0033695685088944477
E01003622,0,0.9843087467383785,0.08075919518434331
E01003623,1,0.9999999361031107,1.1300043291450626e-06
E01003630,6,0.9957899947447273,0.029767863584008323
E01003633,4,0.9935727601769669,0.03884617128418434
E01003635,0,0.9999515848544968,0.0005323516584955312
E01003636,0,0.5541935621043473,0.7381941489552075
E01003638,1,0.9881994461313067,0.06707683107046038
E01003639,4,0.9977458892127417,0.016086332501459043
E01003640,3,0.9998951586363418,0.0010659512778762735
E01003641,3,0.9999859888578752,0.00018090666440699583
E01003643,1,0.9999978979719865,2.989888697654466e-05
E01003644,3,0.9999542896177025,0.0005025016772820108
E01003645,4,0.8900132322181364,0.3621427680618255
E01003646,5,0.9999945057749939,7.203923586269325e-05
E01003647,6,0.991783777194888,0.047635603119319164
E01003648,1,0.5459278760261194,0.6993915972463645
E01003650,1,0.9999988326727013,1.711843763643397e-05
E01003651,0,0.7135256512237355,0.6020543566076662
E01003653,1,0.9999958185662646,5.862101472205389e-05
E01003654,6,0.9999999664357381,6.186949141365705e-07
E01003655,3,0.9999498796964541,0.0005808673720985465
E01003657,4,0.9999283407987438,0.0008030168430478754
E01003659,4,0.9999369144193128,0.0006753880199039287
E01003661,3,0.9999995950629137,6.36542280076223e-06
E01003662,6,0.9999914023369149,0.00011005824049760377
E01003663,3,0.9999239470450129,0.0007974568461483521
E01003666,0,0.9954551090754724,0.029679487271206288
E01003670,4,0.9995043244447259,0.00439006589450721
E01003672,6,0.9821387465890122,0.0912098469512461
E01003673,4,0.7413958206464839,0.6035464771517499
E01003674,6,0.9576651103452475,0.17817939754105258
E01003675,3,0.9999556291668343,0.0005144899018262788
E01003677,0,0.9995158476504687,0.004434629308464368
E01003679,2,0.9989065342783334,0.008548557699133565
E01003681,0,0.687508589600395,0.6224593896186037
E01003684,4,0.9975882371414486,0.016968657822257285
E01003686,0,0.9817077138310072,0.09320381817160103
E01003689,6,0.9999877687413737,0.00015814408151653905
E01003690,6,0.9999997191713529,4.657979114366076e-06
E01003692,0,0.9965886466034968,0.025437159437483283
E01003693,3,0.9999830836100845,0.0002030852272640774
E01003694,3,0.6074982041498548,0.6979124375877663
E01003695,3,0.9999752173132201,0.00028761995639574854
E01003696,0,0.8809938066220798,0.364940220263592
E01003697,6,0.7215631060472317,0.659933026905646
E01003699,5,1.0,2.3338524015082226e-17
E01003700,0,0.9676955989727385,0.1440999730424475
E01003701,6,0.9987504787448089,0.009603882604993104
E01003702,0,0.8239357790783992,0.46537848298084317
E01003704,0,0.9799618362584779,0.10838406989455548
E01003705,4,0.999983612476241,0.0002025912624433304
E01003706,4,0.9999770490060994,0.0002682723655719018
E01003708,4,0.9156419970045191,0.2894196085091506
E01003709,1,0.9999999996729798,7.69602653715003e-09
E01003710,1,0.8703504459029682,0.4194573822406663
E01003711,6,0.9264146496417272,0.2638619965148611
E01003712,1,0.999999815943542,3.0384083327522205e-06
E01003713,1,0.9999999999986713,3.7665817901855544e-11
E01003714,1,0.9949274584921985,0.03186252392868858
E01003715,0,0.9922327147315634,0.045469400652390086
E01003716,3,0.9999999615488101,6.955905766046183e-07
E01003719,6,0.9999773826512188,0.00026589191378174995
E01003720,0,0.9999022423231962,0.0010032066171478547
E01003721,6,0.7982215574660665,0.5029480610041219
E01003722,3,0.9999132289189876,0.0008982805169179097
E01003723,3,0.9999366519823218,0.000675725762571268
E01003724,3,0.9999965587217996,4.67322077194922e-05
E01003726,5,0.999926826477614,0.0007700439127514115
E01003729,4,0.9409094188439082,0.23985607314187332
E01003733,1,0.575230937748655,0.9681814318850679
E01003734,0,0.8470258864597908,0.42795626186023983
E01003735,3,0.9990832951485815,0.007328394774404862
E01003738,0,0.9911206412968607,0.05657696400152579
E01003739,4,0.5335350309940602,0.9744601618517871
E01003740,4,0.9997728586044978,0.002145320330200491
E01003741,0,0.996017164393596,0.02750299678685328
E01003743,0,0.8952291970027194,0.3860629995642322
E01003746,4,0.9992185882928292,0.006876171364896325
E01003750,4,0.9403968050097874,0.22609266113625995
E01003751,5,0.9989791908972219,0.008050763242553886
E01003752,3,0.9999669256469088,0.0003763101676345189
E01003754,3,0.9999734959373007,0.0003092807146615762
E01003755,3,0.9327563267438947,0.25217085531551764
E01003756,3,0.9998949162111936,0.001101981637838434
E01003760,3,0.9999145107413283,0.0009209499685681439
E01003762,4,0.6355258364129357,0.9295493836710864
E01003763,0,0.6504523610640494,0.9052803844751298
E01003764,6,0.9999996370919836,5.871854884182018e-06
E01003765,1,0.999904495875575,0.0009815058786849596
E01003767,6,0.9992270580112192,0.006401830997420515
E01003769,6,0.9997591450139791,0.0023736283282661755
E01003770,3,0.9999907282583486,0.0001167176452662994
E01003771,3,0.9997230086616532,0.0026677324265719235
E01003773,0,0.5831497207424269,0.6824291991577088
E01003777,6,0.9960916461418083,0.028203369908944023
E01003778,6,0.9997168614425883,0.00263445499711291
E01003779,2,0.9999758935770466,0.0002804305048387374
E01003781,6,0.9333571758637235,0.28790479206395764
E01003783,6,0.9999992158950538,1.19543646062151e-05
E01003788,0,0.910754766702193,0.33993985093691864
E01003789,6,0.9999401692944757,0.000641974886263541
E01003791,4,0.9370025308862533,0.25094147359497204
E01003792,3,0.9987740850578557,0.009673512830298419
E01003793,3,0.9997129680975929,0.002823414455337034
E01003798,1,0.9795611489274834,0.09976596688517898
E01003799,4,0.9356924674321225,0.2877706273541238
E01003800,3,0.9999781524038036,0.0002590330245905044
E01003801,3,0.9999222979963238,0.0008568568367553831
E01003804,0,0.9938150446657926,0.0419062696337674
E01003807,0,0.7826302323508758,0.6224852147643176
E01003808,0,0.554316645402632,0.7020157499800735
E01003809,0,0.872562263494557,0.392086134992892
E01003812,0,0.6601623953072114,0.6423014858458754
E01003814,0,0.7788021762471765,0.6053719182000616
E01003815,6,0.5323172753436822,0.8609404657183157
E01003816,4,0.9881149709742492,0.07039550366967294
E01003817,4,0.6019780742942419,0.6737519266254868
E01003818,3,0.9999858878643141,0.00017178094668423416
E01003820,3,0.9994760435044496,0.004483371430032849
E01003821,6,0.9993350128249411,0.005636311654558158
E01003822,0,0.9677683044413949,0.15618514409875542
E01003823,6,0.9693937941268087,0.14271254706824557
E01003824,0,0.9859729217168589,0.07902381206541541
E01003827,6,0.6193886667922017,0.672144117592401
E01003828,4,0.6097647773431776,0.6743363112255533
E01003829,6,0.999969747022375,0.0003676823815993488
E01003830,0,0.6424118820430242,0.6876539107231104
E01003831,3,0.9910965989334095,0.05090052896563342
E01003833,4,0.9904330593932569,0.06062748603376224
E01003834,6,0.44920086105085044,0.9715651968825655
E01003836,4,0.5711706565492104,0.7269007391403213
E01003838,0,0.9742090488074339,0.12077965326793945
E01003839,0,0.9189545166550948,0.31080843064680114
E01003840,0,0.9868485247755073,0.07002656312012508
E01003841,0,0.6364870241578849,0.6555234919499962
E01003843,1,0.9350592778924578,0.24035102833520527
E01003844,4,0.7396236722870896,0.6529465312166881
E01003845,3,0.9996434307537213,0.0032109858063468235
E01003847,4,0.9652907207324475,0.1734476472245544
E01003848,5,1.0,6.250509566789355e-21
E01003852,3,0.9981778745158888,0.014402938442350372
E01003853,4,0.8670189658353255,0.3935952761647728
E01003854,4,0.883833242754317,0.4411019168657448
E01003855,0,0.882978338765813,0.3658033508419983
E01003856,4,0.7619498636757942,0.6819438823279709
E01003857,4,0.9995010517130927,0.004311646693545206
E01003859,3,0.9995291088161647,0.004110873224910645
E01003860,1,0.999999179537812,1.2317925040727085e-05
E01003861,0,0.663700838539935,0.7015991962352556
E01003862,0,0.7400505946751774,0.5796341038155189
E01003865,1,0.9999230016772425,0.0008731538130965416
E01003866,3,0.999997241528671,3.809113384928721e-05
E01003867,6,0.9999965798962415,4.690478815578492e-05
E01003868,3,0.9999501753860589,0.0005461806971972012
E01003869,3,0.9999502009113478,0.0005740278582589629
E01003870,6,0.9999760323842092,0.0002794375625186411
E01003871,3,0.9996114613949076,0.0036951191414759687
E01003872,3,0.9997844267451813,0.0020354874279374354
E01003874,6,0.988661760515466,0.06674010583797257
E01003875,4,0.7434109276050983,0.7111094909017721
E01003876,6,0.9999831031561309,0.000203079272373756
E01003877,3,0.9999899445902622,0.00012613445601626107
E01003878,3,0.9997643715048379,0.00220454888766188
E01003880,4,0.8457868288603537,0.5340656361261223
E01003881,4,0.8505687854153126,0.4251324587314233
E01003882,6,0.9991736862096492,0.007138815903036225
E01003884,4,0.9504189104151296,0.24099105477897764
E01003885,6,0.7389961140770388,0.5988978745812652
E01003886,6,0.9984936286472278,0.011932532477939461
E01003887,6,0.9998953667576762,0.0010635967275559274
E01003888,6,0.9999839966840374,0.00020049105219402676
E01003890,1,0.9996623004591901,0.0032422867103024493
E01003891,4,0.9674523405103803,0.165412714866142
E01003893,6,0.9041636457199562,0.38143148709747043
E01003894,4,0.7678238022472423,0.6134184307089412
E01003895,0,0.5683139890650796,0.7053532194069917
E01003896,6,0.9611803509040135,0.1791566410688573
E01003897,6,0.9999967480741685,4.740931636953838e-05
E01003898,3,0.9990933799301498,0.007958224610581825
E01003899,0,0.6936509222317923,0.6177303712807478
E01003900,0,0.9997354072900737,0.002444092239559418
E01003903,4,0.3951937609658102,1.0818495515716273
E01003904,4,0.9441646182335686,0.2201656932657707
E01003905,0,0.7153854110679824,0.6009604883409638
E01003909,3,0.9999508049938044,0.0005398334503802864
E01003911,0,0.9999426812482076,0.0006171426363319434
E01003912,0,0.9978830018294769,0.015354569630091039
E01003913,6,0.9334725952739253,0.29043396127653986
E01003914,0,0.9149326423393113,0.2909771011208566
E01003916,0,0.9998622424046262,0.0013624303340534641
E01003919,0,0.9871227138511248,0.06922206893564492
E01003920,0,0.9999396910719807,0.0006464463312829425
E01003921,6,0.9999754405662793,0.000286078424683761
E01003922,6,0.9999968580647808,4.344948082630391e-05
E01003924,0,0.9836279785559653,0.08356240816279299
E01003926,0,0.6793823402125523,0.6337121976857181
E01003929,5,0.9514656275731636,0.19417802425316108
E01003930,0,0.5949527231663306,0.6812455114179892
E01003932,6,0.9997486144939185,0.002334969759761311
E01003933,1,0.9996590712968053,0.003062789842217973
E01003934,1,0.9741752645487096,0.11991459857663286
E01003937,6,0.9963835107323289,0.023997625599724973
E01003938,3,0.9998924753632956,0.0010903979229523533
E01003939,6,0.9838482991076537,0.08827317427061933
E01003941,6,0.9756659491123467,0.11860521007950907
E01003942,0,0.9823607970250414,0.0896828028721016
E01003945,0,0.999260448777777,0.006071082240611781
E01003946,0,0.9999566978140051,0.0004943431600789468
E01003947,3,0.9999772599874092,0.0002665722469385445
E01003948,6,0.9999903272368436,0.00013187134386879567
E01003949,0,0.5047478021849088,0.7032739076277972
E01003950,0,0.6258488890024401,0.6842437188710557
E01003951,4,0.538234993411774,0.6941623976049126
E01003952,4,0.8926377027487369,0.4078079722749457
E01003953,6,0.9985697565600438,0.011683187163674455
E01003954,3,0.9999983746412362,2.3291122723349692e-05
E01003955,0,0.9987720181369668,0.00945763263938498
E01003956,2,0.9978359295475513,0.015818712567911085
E01003958,0,0.9979407037370776,0.016463425295604177
E01003960,1,0.7775707628695275,0.5311924131804419
E01003961,0,0.9980007377212472,0.014438274667893148
E01003966,1,0.9987991892015771,0.009276631664643415
E01003969,0,0.9903732155023605,0.05441187286564894
E01003972,0,0.9888204880873281,0.061353894292606445
E01003975,3,0.9999452832046857,0.0005976490119103079
E01003976,6,0.9738879029158626,0.1328346673695533
E01003977,0,0.9125981509862533,0.29648618455429104
E01003979,6,0.6767521950431644,0.6306017034327293
E01003980,0,0.999492462061151,0.004698751977184741
E01003981,6,0.996544068850933,0.024916254230369424
E01003983,4,0.7678593896157546,0.5422055808451505
E01003984,0,0.999866377698497,0.0013717565244922541
E01003988,1,0.9999790154377695,0.0002470730391390752
E01003989,0,0.9996535761724233,0.003176818175383184
E01003990,0,0.9990238162668745,0.008425494954631758
E01003993,0,0.6557584521813096,0.669454181664997
E01003994,0,0.9804419173685667,0.09686760093979235
E01003995,1,0.9630668346854028,0.16528040748360823
E01003998,1,0.9983794450714533,0.012031413134086321
E01004000,3,0.9998876860448838,0.0011567166128544596
E01004001,3,0.9995698989135255,0.0039059657481585234
E01004002,3,0.8206317230927859,0.5635794212485358
E01004004,0,0.7015779368164532,0.6152910413848952
E01004005,0,0.9999298657237939,0.0008089234117304315
E01004008,6,0.9894782340142996,0.059100624938763224
E01004010,6,0.9071891435872794,0.30908838145033324
E01004011,0,0.989983320238091,0.05755218331221528
E01004012,1,0.99999999717582,5.8679127568519954e-08
E01004013,4,0.9994907057446437,0.0046354829065323585
E01004014,0,0.999489080365001,0.004383201390167336
E01004015,0,0.9845756763023134,0.08243640221749353
E01004016,0,0.8717515490690061,0.3862333165869297
E01004017,0,0.9971432716394699,0.021229672338804444
E01004018,0,0.9830403934865277,0.08647919264593144
E01004019,3,0.9999496283448569,0.00054889761667537
E01004020,0,0.9451626214364695,0.2549965748477738
E01004021,6,0.999991612674551,0.0001142344041007993
E01004023,0,0.823956184057782,0.46574520739534425
E01004024,3,0.9999985777426044,2.057982253275525e-05
E01004028,0,0.9969995119071459,0.020867082395280602
E01004029,2,0.9999999999402434,1.4664038520783606e-09
E01004031,6,0.9999998540485926,2.5388638616505777e-06
E01004033,6,0.9233323522938479,0.3211156025242387
E01004034,0,0.9946871896492165,0.03421326950823183
E01004035,0,0.9979628632717532,0.014767745079466032
E01004036,1,0.7209481249037274,0.5920556227464506
E01004037,0,0.9806923796397293,0.09712233562365032
E01004038,0,0.9986106026580592,0.010928866978307188
E01004039,3,0.9999823367191333,0.00021122498390463217
E01004040,6,0.9734180098820712,0.12270669651319088
E01004041,0,0.9340238395388173,0.28793329247654764
E01004042,0,0.9996673866376461,0.003204552385946584
E01004047,0,0.9043137782264229,0.315499901237527
E01004048,3,0.9999968763013003,4.2745403140199756e-05
E01004049,1,0.978870128045533,0.1034738485607514
E01004050,4,0.8140327249370881,0.584609929175412
E01004051,4,0.8429932126060312,0.528362670091515
E01004052,6,0.5958050810928166,0.67613819386654
E01004053,4,0.5590077536068699,0.6867213740134694
E01004055,0,0.9986567261588104,0.010224988556754461
E01004056,0,0.8885569099277671,0.36845316548968543
E01004057,0,0.9999237318393455,0.0008127679601831119
E01004058,0,0.8477048404220342,0.42956185848678474
E01004059,1,0.9425545173372734,0.219882221906675
E01004060,6,0.43406115667227285,1.0762053910800629
E01004061,6,0.9697750872115706,0.13599460767067154
E01004062,6,0.9843129397581709,0.08076085648082014
E01004063,3,0.9999995695545965,6.740442519534041e-06
E01004064,6,0.9333877017296104,0.24489963462644784
E01004065,3,0.9999124317334861,0.0009540862091089514
E01004066,0,0.9998753741113892,0.001322196677865298
E01004067,6,0.9988201132190028,0.009136925566283188
E01004068,3,0.9999997866536262,3.6217842035197764e-06
E01004069,0,0.8479649281830902,0.4653249560110685
E01004070,4,0.9791864439602944,0.10185170503014238
E01004071,4,0.96713223253107,0.14828673739767656
E01004072,4,0.8037130286374138,0.6425501557567274
E01004073,0,0.9996103491197087,0.0036626339629737318
E01004074,0,0.9041265606802995,0.3228274025883414
E01004075,4,0.979849435352154,0.09896191524529177
E01004076,3,0.9998540694833237,0.0015425763661327519
E01004077,3,0.999840061956966,0.0015659872022067288
E01004080,3,0.999759604151202,0.002245124878672262
E01004083,4,0.9491867973374818,0.20122393722916787
E01004086,4,0.9807570871082271,0.1095149546425496
E01004087,3,0.9961167554062887,0.02544232112099411
E01004088,4,0.9984916810595148,0.011321850535052169
E01004090,4,0.9478079011199647,0.2049572139207885
E01004091,3,0.9999998170871746,3.0211325154955923e-06
E01004094,3,0.9999876457310416,0.00015200764960853727
E01004096,4,0.9892978757223339,0.05929705658781807
E01004097,1,0.9988537094301707,0.008908567472133895
E01004098,4,0.999580155327704,0.0037027765144725063
E01004099,6,0.9994015024715424,0.005434748412515303
E01004100,3,0.9999378115194862,0.0006648683857641757
E01004101,4,0.9977883172880212,0.01573921977525747
E01004103,4,0.9999974326578909,3.581281128654458e-05
E01004105,3,0.9991484678167798,0.0068751546962399525
E01004107,4,0.9144769307887718,0.29224595610499987
E01004109,3,0.9999957430057351,5.6903286378328224e-05
E01004110,6,0.9691931359058797,0.14580865982221464
E01004111,4,0.9988094068777977,0.009298607742506734
E01004118,6,0.9848248172023217,0.08051916493020445
E01004119,4,0.9366912739822668,0.23756269555082674
E01004120,0,0.9999505197564893,0.0005719507790879956
E01004121,0,0.9358648197243968,0.2604719571599785
E01004123,4,0.9998878542095272,0.0011324493247286934
E01004125,3,0.9999099625321275,0.0009508447744038013
E01004126,4,0.9980087171789783,0.01554791144287788
E01004127,3,0.9999398026540752,0.000645257072574431
E01004128,4,0.9999140606887859,0.0008905208000353259
E01004129,0,0.9773204224537783,0.10878974292286317
E01004130,3,0.9998742411845618,0.0012619922068389739
E01004131,0,0.7893341356053712,0.6574277263418231
E01004134,0,0.7499139930516151,0.6655735618060509
E01004135,3,0.998619812201215,0.010511657458750993
E01004137,6,0.9907831261386357,0.05240436849458524
E01004138,4,0.977609309399305,0.10732872740304797
E01004139,3,0.9922855638940805,0.04529067018811792
E01004140,0,0.5525053573180395,0.7709421565954242
E01004143,2,1.0,1.0879075234514522e-90
E01004144,0,0.9636801209631063,0.16533114634159551
E01004145,1,0.9997818788957156,0.0020569652632249137
E01004146,4,0.9917033743869684,0.053902823422808235
E01004148,4,0.9932126865543951,0.0407141130337805
E01004152,6,0.9947296247488178,0.03637910002176672
E01004156,4,0.584411506460063,0.9597051842810329
E01004157,4,0.9978149640455029,0.015568549069238833
E01004158,4,0.998940029255408,0.008344848142966597
E01004159,3,0.9890877615908868,0.0601527991233451
E01004160,3,0.9999920709459225,0.00010106168442984156
E01004163,3,0.9991890893935161,0.006585691527006267
E01004164,4,0.601190592815252,0.7857253122647516
E01004165,4,0.9604993378809884,0.16653717353617903
E01004166,3,0.9999870249309513,0.0001603794680518423
E01004167,4,0.9987175525448012,0.009890687466387759
E01004169,4,0.9999933834472378,8.566461869860186e-05
E01004170,6,0.8542697923633045,0.41845036958176046
E01004171,3,0.9881427622765213,0.06924009862325786
E01004172,3,0.9999727266079353,0.0003244307663518604
E01004175,3,0.9999907736210378,0.00011624635328968498
E01004176,4,0.9999102923673994,0.0009404298313072028
E01004177,3,0.9999254627401961,0.0008169482943839691
E01004178,6,0.9500541969081817,0.20575760503663054
E01004180,3,0.9999960641842169,5.5393617767032695e-05
E01004181,3,0.9999895731884325,0.00013003718387817836
E01004182,4,0.6954326292762564,0.6332694987543288
E01004183,3,0.9998507585325747,0.0014640396331831943
E01004185,3,0.9999508288294365,0.0005369618531838507
E01004186,3,0.9999799683440717,0.00024012534149076977
E01004189,1,0.9999998626512033,2.3075617152074607e-06
E01004190,4,0.9573867158676108,0.2011925252487822
E01004191,4,0.956121559166514,0.19242376919869753
E01004196,4,0.999996993869501,4.1248137221405065e-05
E01004198,6,0.999632638635334,0.0034827943694778177
E01004200,1,0.9999988678520012,1.6662749201106072e-05
E01004201,4,0.9999951804623388,6.399904255882244e-05
E01004202,0,0.8746740928860469,0.377973495376341
E01004203,6,0.9999192317055648,0.0008978543145340577
E01004204,1,0.9999999678903683,5.861327752310939e-07
E01004207,1,0.9999994016984259,9.188819388356857e-06
E01004208,6,0.9906187694903533,0.053139941321040086
E01004209,6,0.9986500331757064,0.011348922564772788
E01004211,6,0.9231485924049007,0.3215944362421943
E01004212,0,0.9417918509401302,0.23477716836873538
E01004216,1,0.9998332235097527,0.001617527259043649
E01004217,1,0.9999807585190814,0.00023467165237600322
E01004218,1,0.9999999892471862,2.080464257544979e-07
E01004219,6,0.9978178473847918,0.016598758439850692
E01004221,1,0.8778957000599882,0.3857225593808881
E01004222,0,0.9721823614142756,0.13243066358726663
E01004223,0,0.9791409813505129,0.10176024409747451
E01004228,0,0.9988486640413968,0.009219054504177409
E01004229,2,1.0,2.093469466893039e-34
E01004230,6,0.5194080102027077,0.7088174710066251
E01004231,1,0.9999956209929577,5.841543724011729e-05
E01004232,6,0.9985799908374892,0.010805126494472152
E01004233,0,0.9975114371741939,0.017407026935721732
E01004234,0,0.9982199468188222,0.013712675409314102
E01004235,1,0.9999933245280614,8.7045158311639e-05
E01004236,3,0.9999359392366094,0.0006826117394462534
E01004239,1,0.9999720572129497,0.00032338660632694297
E01004241,3,0.9999793170321079,0.00024377380823451894
E01004243,2,0.9995190680917233,0.004326370518362068
E01004244,1,0.9999979662908703,2.8693746683107883e-05
E01004247,1,0.9999145006641643,0.0008863681263332463
E01004249,3,0.9964165089965222,0.025169618097376698
E01004255,1,0.9889128935306377,0.06160982967628521
E01004257,1,0.9995802466097057,0.003942639484996181
E01004259,6,0.9999603237977616,0.00046863633539250747
E01004260,0,0.7314950573020329,0.5825183738983363
E01004267,1,0.9999999989491926,2.2775307760620617e-08
E01004270,6,0.9999992733163563,1.1593612696575096e-05
E01004272,3,0.9944552198758767,0.03434426267455968
E01004274,0,0.9985780156438782,0.010768707702910198
E01004276,0,0.9837083856974478,0.08323258263009067
E01004277,6,0.9999997503157544,4.046883265275329e-06
E01004280,0,0.9927927160176251,0.042732355880080515
E01004281,3,0.7453873049197917,0.5673716579444668
E01004286,1,0.9988634762852111,0.008948428799560416
E01004287,1,0.9999981267708685,2.733939308994841e-05
E01004289,0,0.9978808693746736,0.015699147789530712
E01004290,1,0.9998558259110918,0.0014308212217552145
E01004291,3,0.997445697103564,0.01950017500801649
E01004293,6,0.9875996043109133,0.06678401698947585
E01004296,1,1.0,7.109106144535244e-25
E01004297,3,0.9997200465047104,0.00262631660230788
E01004298,1,0.9999999997159748,6.527495575310207e-09
E01004301,0,0.6484676859441787,0.8920728063431569
E01004303,2,0.9999568165733308,0.0004771782546267374
E01004304,1,0.9999999973260429,5.5457149086152836e-08
E01004305,0,0.992404772464144,0.04464679703636629
E01004307,3,0.999999458204248,8.435063194203627e-06
E01004309,1,0.9999999998676117,3.1435425591633067e-09
E01004310,3,0.9999995612738072,6.886535250936254e-06
E01004311,6,0.8604753798884018,0.4894094025026319
E01004313,0,0.5520767838532639,0.6883096463322356
E01004321,1,0.9999758303199131,0.00028111097296122406
E01004322,1,0.9999999333019525,1.168756148709672e-06
E01004326,1,0.9999985003308628,2.1716820852235305e-05
E01004327,3,0.9999991632535573,1.2551736925297173e-05
E01004328,0,0.9340403210241173,0.24306022636092234
E01004329,4,0.99997971204745,0.0002487567824235327
E01004330,1,0.9914822776636943,0.049091358149551505
E01004331,4,0.9998572908185814,0.0014269355354414052
E01004332,0,0.9997611240110048,0.0022310311699341788
E01004334,4,0.9291277284626249,0.261263248094694
E01004335,0,0.5990369899524551,0.6762978177899361
E01004336,6,0.9998125820339949,0.0019199865972397798
E01004337,1,0.7895159363090487,0.5145973131001705
E01004339,1,0.999998980946423,1.537944410145691e-05
E01004340,3,0.9999973673741046,3.646065737830893e-05
E01004341,0,0.9989108597942942,0.008520114341441395
E01004342,6,0.9209854324465437,0.30237492969745744
E01004343,3,0.999828583195323,0.0017421849831760242
E01004344,6,0.7095608107036506,0.755840226768871
E01004345,3,0.9998897335665787,0.0011150765830314604
E01004346,2,1.0,5.094044865944884e-45
E01004348,0,0.878858431254327,0.38350090764726635
E01004349,3,0.9999747800044976,0.0002925908034463127
E01004350,3,0.9999668693165902,0.00037513547097975077
E01004352,6,0.9999997773223547,3.7651299139507582e-06
E01004353,3,0.9993807828267941,0.005212393909952096
E01004354,6,0.9976091931734592,0.018973814572149465
E01004356,0,0.759620811871532,0.5525521971040286
E01004358,1,0.9937740430202628,0.03783193685694776
E01004359,4,0.8641375200448984,0.44966956808574077
E01004361,4,0.9999966144900764,4.8226416123351626e-05
E01004362,0,0.9871694257412957,0.07309612786867326
E01004363,4,0.9996507521268226,0.0031310306874466312
E01004364,0,0.7254589360378977,0.6305458017130998
E01004365,6,0.852201823180506,0.42308241348353676
E01004366,3,0.9999795237031784,0.00024154322058238302
E01004369,0,0.6495644839511137,0.6477158238631576
E01004370,4,0.9978375563478683,0.016452808546535514
E01004371,4,0.9946216594928843,0.03353767582740763
E01004373,6,0.9501635005887649,0.2353775075248377
E01004374,4,0.9492741840294792,0.20087409405007278
E01004375,1,0.9999974319008949,3.603267917743116e-05
E01004376,3,0.9998170800433356,0.0017640862737886476
E01004377,4,0.9751505273157531,0.11641525358390029
E01004378,4,0.9970337773674933,0.022173236919204503
E01004379,3,0.9999244752409223,0.0007923368542136836
E01004381,6,0.5162252762958774,0.6928496511342739
E01004384,4,0.732371567987098,0.5808857377150752
E01004385,3,0.9999981715229272,2.5986401204431685e-05
E01004386,3,0.9999845163954612,0.00018697620136916073
E01004389,4,0.9929034483172559,0.04220454392386604
E01004390,4,0.9998661438649068,0.0013559653116972745
E01004391,6,0.9999999934629784,1.2998456335657762e-07
E01004392,6,0.8446197967672,0.4470918081124277
E01004393,6,0.9999999210410553,1.4124956058901004e-06
E01004394,0,0.9760241948812779,0.11423973052258451
E01004396,1,0.9909947293901425,0.051386904263662304
E01004397,6,0.9999999989723563,2.244731083041757e-08
E01004398,0,0.955418494916275,0.18251139246224232
E01004399,5,0.9999805478031905,0.00023261061605161248
E01004400,4,0.9768215603786069,0.11239747272300747
E01004401,0,0.7935773705911959,0.5226103209539796
E01004403,4,0.6121924074550498,0.6681017652726757
E01004404,4,0.9971277293437372,0.01980391970111232
E01004406,6,0.9860370132779681,0.08179116600352102
E01004407,4,0.9999529212134848,0.0005164334347517968
E01004408,6,0.9991494331123897,0.007477066652542799
E01004409,6,0.9999947783111529,6.923728465233744e-05
E01004410,3,0.9999920816392643,0.00010093528005058729
E01004411,6,0.9999873943101244,0.0001548149645948255
E01004413,0,0.7561730608316278,0.5744863848014653
E01004414,4,0.8935329267751768,0.4123374410975097
E01004415,4,0.6831258617308579,0.8295271145154757
E01004417,4,0.997835786532759,0.015445716296943557
E01004418,4,0.7355900681704706,0.5808593892900766
E01004419,0,0.9887924009335134,0.07377802565220819
E01004420,6,0.8934984455457038,0.33955074919824646
E01004421,4,0.5748131723126908,0.682327117189334
E01004422,6,0.9449183635807722,0.21902789203009215
E01004423,0,0.9998557365155837,0.001420269829493597
E01004424,1,0.791585306759087,0.5118588983909559
E01004425,0,0.9553022647392159,0.18361291693280676
E01004426,4,0.9999994002907138,9.362763426062136e-06
E01004427,1,0.9922962845019603,0.045160688185315837
E01004428,0,0.9997444542320304,0.002369415736803876
E01004429,4,0.518250384406875,0.7056169001930623
E01004430,6,0.9999989134355692,1.6737055805370652e-05
E01004432,0,0.9878668137129352,0.06601318549803946
E01004434,6,0.9448769722450012,0.23855045495445687
E01004435,0,0.9999541508776532,0.0005215463221441993
E01004437,3,0.9993947571734997,0.005113372766588058
E01004438,6,0.9999064580313042,0.0009630439000201385
E01004440,6,0.9999552008604388,0.000494992261212519
E01004443,1,0.9998506858836337,0.0014836098820044349
E01004444,6,0.896639153884347,0.3954280355423547
E01004448,4,0.901788917309818,0.35275924494926797
E01004449,0,0.9983052589175155,0.012506153874168537
E01004451,0,0.9845067449217342,0.08580313043401278
E01004452,6,0.806484497258121,0.5759733264273698
E01004453,1,0.9698007270033684,0.1437150568647655
E01004454,0,0.9980317302745519,0.015542920619533768
E01004455,0,0.6188080000564217,0.7248231142525285
E01004457,1,0.9999999991738235,1.8104969164609338e-08
E01004458,0,0.8786034909774002,0.38056979548534225
E01004460,1,0.9994371325304879,0.004776074327236343
E01004462,1,0.9999717338912844,0.0003243838687148019
E01004464,3,0.999938294096327,0.0006601727992571918
E01004466,3,0.9999788899434718,0.00025319784879765064
E01004467,6,0.664137357539348,0.7156978073293911
E01004468,1,0.9999852409095995,0.00017938908544616253
E01004469,0,0.6150994269974127,0.6720790673501049
E01004470,3,0.9999980050095307,2.8186475903268976e-05
E01004474,6,0.6445616487870077,0.6820407307801071
E01004476,6,0.9755266804090786,0.11657564680478608
E01004479,3,0.9999999992168824,1.725557679061672e-08
E01004481,6,0.9999985970345655,2.1041224416917904e-05
E01004482,4,0.9913471165397919,0.04997668845076856
E01004483,3,0.9999895709342733,0.00013005993409093256
E01004485,1,0.961243844084592,0.16521131476595532
E01004491,3,0.9999999974884588,5.224603277294323e-08
E01004492,0,0.7498473005266448,0.643234073511564
E01004493,6,0.5028599981423058,0.6992659590022352
E01004494,0,0.9919744403198743,0.049647397393084595
E01004495,4,0.9889204667091867,0.061336649367656294
E01004496,6,0.95917967694454,0.19553063671938514
E01004498,4,0.9885094285786193,0.06624236213621239
E01004499,0,0.7469581608459709,0.5798602361988824
E01004500,0,0.9995536913550687,0.003889334991577327
E01004502,4,0.9726989539078352,0.12549743814659914
E01004503,3,0.999999657595966,5.439870407502854e-06
E01004505,3,0.9998732603922746,0.0012640140243346011
E01004506,6,0.9999337332193573,0.0007061240396952541
E01004507,6,0.9992430883649189,0.006681804852443266
E01004508,6,0.9743666778336891,0.12396593344912432
E01004510,0,0.6782403218479969,0.6386728278228885
E01004511,4,0.9965312194689088,0.02386386671838604
E01004513,6,0.9707919206843508,0.13407959925914495
E01004514,6,0.9998293953783218,0.0016947194276224458
E01004517,0,0.9994606048157509,0.00476733984117336
E01004519,0,0.9267137725407738,0.3046557438170817
E01004522,0,0.9987264143522082,0.010680314967194696
E01004523,3,0.9999138411053692,0.0009210902418252376
E01004524,4,0.9998663917694128,0.001415894237195305
E01004525,6,0.9999999913826656,1.6909165672119055e-07
E01004526,1,0.9728294756329284,0.14181855328087742
E01004528,6,0.9998216968691163,0.0017286317247517003
E01004529,5,0.997913202858365,0.014964590842515162
E01004534,0,0.949936332899852,0.199081121895597
E01004536,6,0.9991408880322027,0.007239176348409841
E01004537,6,0.851063680263419,0.4598145716116009
E01004538,6,0.9728778254083441,0.1399754382606639
E01004540,6,0.9641844143936861,0.15452481435751564
E01004541,1,0.9872427508491567,0.07044323184167596
E01004543,3,0.9999999930853818,1.4091469733912743e-07
E01004545,6,0.9999945201461393,7.460573521993204e-05
E01004547,3,0.9297551786187112,0.26678730958844105
E01004548,0,0.9269299832990797,0.26257796321958765
E01004549,6,0.9969370264245332,0.022663599145650613
E01004551,6,0.9999968894763842,4.369556774483413e-05
E01004552,6,0.9999809592294367,0.00023749164363094725
E01004553,3,0.9999915026497277,0.00011087848161801712
E01004554,1,0.9910154243132264,0.051283924252813064
E01004557,3,0.9999876914340221,0.00015331451109251265
E01004558,3,0.9999797655585613,0.00023914871400069568
E01004559,3,0.9999386622563013,0.0006653110647731366
E01004560,1,0.5824434522056533,0.6838891954488902
E01004563,0,0.9481666351679477,0.20435100301830073
E01004564,0,0.9990714979340315,0.007415901581583253
E01004565,4,0.9999907823036195,0.00011795532534500719
E01004568,0,0.9561260668651473,0.19266032936759023
E01004569,0,0.9658919227581374,0.17233630643182685
E01004570,1,0.967100643782758,0.1446804822473337
E01004571,6,0.9875120633526219,0.06817668705801244
E01004572,6,0.9958654440418555,0.02684415060882641
E01004573,0,0.587154045463086,0.6794343167851413
E01004574,0,0.9481616698998421,0.20579106230229802
E01004575,0,0.9948002367563722,0.03322777607458609
E01004579,0,0.6626712002819555,0.644670557796648
E01004580,0,0.6919582626580869,0.7412325652753666
E01004581,4,0.9914574028401819,0.05143903499992766
E01004582,6,0.9943544009650751,0.03485697310956979
E01004583,4,0.934961853806067,0.24323868657725353
E01004585,6,0.8691927156651248,0.41141654971645414
E01004586,0,0.9802888606347255,0.10569514169199724
E01004587,0,0.9799080414127579,0.10543607570395679
E01004588,6,0.9495894023148762,0.2185090306465001
E01004590,0,0.8791312809758701,0.44169126172737727
E01004591,0,0.5319676364878659,0.6929172071928461
E01004593,1,0.9993445960780928,0.005688220439902288
E01004594,3,0.9996520804172954,0.003199034016303435
E01004597,1,0.7915924637465487,0.6504522183765318
E01004601,6,0.9982409334293563,0.01365505282891774
E01004602,4,0.9998572693781727,0.0014960338337660728
E01004605,0,0.7901423880082772,0.5367780954157908
E01004606,4,0.999209992240921,0.006930777907695755
E01004607,4,0.9960834997750483,0.02774925989477407
E01004608,1,0.9989089055539441,0.008681463437625022
E01004609,6,0.9999984093883969,2.364344071628156e-05
E01004611,1,0.999999261815179,1.1161735716611755e-05
E01004612,4,0.9694730116501045,0.14274415103776764
E01004613,0,0.9821635037601933,0.1014522288956296
E01004614,0,0.6112142785165279,0.8487187276620349
E01004615,0,0.7495360438080365,0.6239537616100552
E01004616,6,0.999566899598555,0.003936404918113326
E01004617,4,0.7765175316384104,0.5313639858424372
E01004619,3,0.9999748289921012,0.00029178503000916277
E01004621,3,0.999923738708775,0.0008547540840040623
E01004622,3,0.9999600645469251,0.00047214027064517393
E01004623,3,0.9999597267589345,0.0004492106409416052
E01004626,3,0.9999946277250085,7.107930939648824e-05
E01004628,4,0.9998973392536716,0.0010474594126350422
E01004629,6,0.5799777045796148,0.7187537674006835
E01004630,4,0.9938814683434776,0.037631939169820314
E01004631,4,0.9991651369921438,0.006753700159715206
E01004632,3,0.9929762967363481,0.04235109004982998
E01004633,3,0.9604180784171106,0.1666133098591327
E01004634,0,0.9487569218968693,0.20220652411755183
E01004635,4,0.9845236774960734,0.08006792971640449
E01004639,0,0.8389242245082139,0.5489002303715435
E01004640,3,0.987320209060128,0.0712476845923172
E01004641,0,0.9330268360441067,0.2752561102560657
E01004642,0,0.9941792577890207,0.035760627273107685
E01004643,4,0.9743809624771758,0.11926660622553166
E01004644,4,0.9866015473674872,0.0712068376397667
E01004645,4,0.9695130587129235,0.13643078775734702
E01004646,4,0.9986965742323334,0.010859079930801539
E01004647,6,0.5143230608675589,0.7119618088949096
E01004648,0,0.9888627264088039,0.06138334575536682
E01004649,0,0.9933911388234345,0.03984046556113854
E01004650,1,0.9999999834952505,3.123040618968672e-07
E01004651,4,0.842682468889758,0.4929749135954535
E01004652,6,0.9930363854006031,0.04155527548326672
E01004653,6,0.9603664217972433,0.1843707133064946
E01004654,6,0.9999980832171825,2.8350594925768376e-05
E01004656,1,0.8951575636293693,0.34187014504802216
E01004657,6,0.9996890825892795,0.002822999973675233
E01004658,6,0.8957201501693285,0.3347629170535148
E01004659,5,1.0,-0.0
E01004660,6,0.9467382245871298,0.20801067655758332
E01004661,6,0.999135063813049,0.006965263172574947
E01004662,6,0.9999518268014851,0.0005270495668252227
E01004665,4,0.9982196044930224,0.013387142602287705
E01004668,1,0.5915155960858473,0.6890982096879462
E01004669,0,0.7874099467850442,0.5173681404326422
E01004670,4,0.9514242445201672,0.19636898307355918
E01004675,0,0.63808373187081,0.6549302779772784
E01004676,4,0.9715659776817128,0.1314783149173035
E01004678,4,0.850189240100262,0.4223945628018949
E01004679,6,0.9981202503664678,0.014157291045732621
E01004680,6,0.9931598420520316,0.0409145805128443
E01004681,6,0.9999989052547443,1.625755002887063e-05
E01004682,1,0.9999273780043261,0.000764800268962819
E01004684,1,0.9998822650980473,0.0011836139535506725
E01004686,1,0.9998558727903055,0.0014189592210358706
E01004690,5,0.9999999999959073,1.1148154316231003e-10
E01004691,6,0.8474874236545121,0.4275348951959403
E01004694,5,0.9172305861444862,0.2854816776317191
E01004695,1,0.9999903309976104,0.00012795006711979588
E01004696,1,0.9999998738362672,2.1381321460631686e-06
E01004699,0,0.9961181536709656,0.026756064469403023
E01004701,0,0.5183337184124269,0.6929542890519153
E01004702,6,0.9999994215439013,8.979346400405627e-06
E01004703,6,0.9294065074424526,0.2757640039288366
E01004705,6,0.8477558480965922,0.5916574404978077
E01004708,6,0.921619277476619,0.32537768393150224
E01004709,1,0.9999920239311046,0.00010175979466044601
E01004710,0,0.9975729236653459,0.018223215788101994
E01004711,2,0.9999029895239486,0.0009934496600417081
E01004712,6,0.9999968882714354,4.2569552323093625e-05
E01004713,5,0.9999996703204818,5.250194034387806e-06
E01004714,6,0.9994978690008547,0.004317168476110135
E01004715,1,0.9981091762800733,0.014815834723405068
E01004716,1,0.9989361234864258,0.008346708666480374
E01004718,0,0.9395029775648387,0.2350442816383161
E01004720,6,0.9983025929609735,0.012561649548461958
E01004721,6,0.5171185533185991,0.724221650681499
E01004723,1,0.9999999964905868,7.182992286256102e-08
E01004725,2,0.9999999999999929,2.8697352928779103e-13
E01004726,0,0.9092964132677345,0.36666137118761977
E01004727,6,0.9998687224579507,0.001304874877532261
E01004728,2,0.9984831877252779,0.011361508736384397
E01004729,1,0.9988342396528244,0.009039070993929423
E01004730,3,0.9999582419191314,0.0004724223158792337
E01004731,6,0.9660174928758455,0.14832754086423455
E01004732,1,0.9999989767257822,1.5136793574838603e-05
E01004733,5,0.9993249858425345,0.005602914047626659
E01004734,5,0.873680717661387,0.3793294334150864
E01004735,5,0.999284715211068,0.005895714888214808
E01004736,5,0.999834285613117,0.001608284962228682
E01004737,6,0.9999950260611636,6.589996275233655e-05
E01004740,1,0.9613172120966967,0.17203615526612429
E01004741,1,0.9999999979540206,4.341044867832024e-08
E01004742,0,0.4743070972984506,1.1291394264989032
E01004743,4,0.49957524699193495,1.040054520839675
E01004744,6,0.9989743444765141,0.008697038000149421
E01004747,6,0.9752000296212658,0.11669288893764197
E01004748,1,0.9998763008808295,0.0012425832710299164
E01004749,6,0.9728244922940775,0.12960064495568926
E01004750,6,0.9999974154217601,3.583815997343251e-05
E01004753,3,0.9749060188632608,0.13415211306416075
E01004755,6,0.9260283377904689,0.27219152163843524
E01004760,1,0.9981126536998385,0.013724186893160567
E01004761,1,0.999815360342472,0.0018926814919518942
E01004762,1,0.6314754780771507,0.6581965140836278
E01004763,5,0.984878617423606,0.07838994864939715
E01004765,5,0.9999820677042205,0.00021391253209805376
E01032512,6,0.9972832304966464,0.020339945939662964
E01032513,4,0.9016137360516967,0.3393324997814969
E01032563,0,0.5059158596778099,0.7273345626919308
E01032564,1,0.999959524078564,0.0004498810857429806
E01032565,3,0.9999927897055754,9.564848939694441e-05
E01032566,4,0.9984410195954097,0.01169625154466852
E01032567,4,0.9892854336973462,0.059301809866350155
E01032568,3,0.9999624241633085,0.00044473228698797737
E01032569,3,0.9999315865447539,0.0007362402575766171
E01032570,3,0.9998716563327148,0.0012820866449127968
E01032572,0,0.9956558014042797,0.02796415991452703
E01032573,6,0.9932144095692554,0.04236412694561948
E01032574,3,0.9999916778934306,0.00010566239253382933
E01032575,3,0.9991858366710348,0.0066279751437820136
E01032577,3,0.9999995629215834,6.837300380739337e-06
E01032579,0,0.5565294007668184,0.6980687325448945
E01032580,4,0.5145370920602055,0.802121244825975
E01032581,1,0.999903573455556,0.001056411297572694
E01032582,6,0.9999891717573551,0.0001412927969028461
E01032583,6,0.9946835995770678,0.03314504815450184
E01032584,6,0.9853978292579064,0.07673276241499763
E01032639,1,0.95266963333646,0.19325170214075674
E01032640,3,0.9999999918617988,1.6780655803109344e-07
E01032646,6,0.9903275971948403,0.05449267832962808
E01032719,1,0.9999896694621229,0.00012915347320253612
E01032739,5,0.8853466143025577,0.3561351191028991
E01032740,5,0.9999453056304329,0.0005914497314301113
E01032741,6,0.9999993029915841,1.0729898408794567e-05
E01032742,6,0.8244063370087994,0.4668414473243889
E01032744,4,0.742315400215742,0.5834872287585553
E01032764,1,0.9999993603123926,1.0056854873128224e-05
E01032765,4,0.9990229996892543,0.008087685557832947
E01032767,1,0.9999999865909501,2.564794395058034e-07
E01032769,1,0.9999851586729841,0.00018094235573583043
E01032771,6,0.9998616887761205,0.0013746023543016036
E01032777,1,0.9999999575896519,7.682763614127075e-07
E01032780,4,0.9001415774309763,0.348984782526103
E01032781,0,0.8537471856300791,0.42055540880970155
E01032782,2,0.9999956056483146,5.864244815230826e-05
E01032783,0,0.958321596156256,0.19552296188455237
E01032786,0,0.9353986382699181,0.2808442472021211
E01032788,3,0.9996410973901501,0.003570521512282044
E01032790,3,0.9999374535204053,0.0006869898681484711
E01033081,0,0.9684821972637345,0.139979352680566
E01033082,6,0.9984090151646192,0.012544291020895037
E01033083,6,0.8463357845575437,0.4933133416228967
E01033084,6,0.9991695246179331,0.006868572911173416
E01033098,6,0.9177636670599197,0.3412152640633441
E01033099,0,0.9778817343770959,0.10617232351569486
E01033100,6,0.9436043541320468,0.21793320221185833
E01033132,3,0.9999825854482846,0.00021291001860342354
E01033133,3,0.7037930473457353,0.6814097149448664
E01033148,3,0.9558870885206792,0.2080570810989784
E01033150,3,0.9999622323607449,0.00042242592227337874
E01033151,3,0.9999910686437181,0.00011499930110973277
E01033208,6,0.9999995073971567,7.970291828931271e-06
E01033320,1,0.999999999728054,6.261733148061685e-09
E01033322,4,0.9970024026001477,0.020412395524858008
E01033327,6,0.9999989739031043,1.5932879067575547e-05
E01033341,6,0.9999110113253098,0.000952630977085818
E01033455,6,0.9895623721275001,0.05801103643366502
E01033456,0,0.9995152156585586,0.00458410853088408
E01033457,6,0.999774688895546,0.002170827412082146
E01033463,3,0.9997371930350667,0.0026064670680990085
E01033486,4,0.9401960860880261,0.2658300516126293
E01033488,6,0.9999507292502674,0.0005682700735036546
E01033489,3,0.9978044647081158,0.015634534513866327
E01033490,6,0.9999927331157467,9.510604422475832e-05
E01033491,6,0.9978377392976966,0.015430331804438136
E01033569,0,0.5367541083619667,0.8010222299354757
E01033570,3,0.9534189288067237,0.18842992597851824
E01033571,4,0.891951171721654,0.39543096975355296
E01033579,1,0.9998797893690166,0.0012065843593308625
E01033581,5,0.9999740723495074,0.0002997285039509481
E01033582,0,0.9791348856190801,0.1013871545467947
E01033584,1,1.0,1.0147533064160436e-13
E01033586,1,0.9999854553527315,0.00017654700756157023
E01033587,1,0.9999977029342325,3.212188541668047e-05
E01033589,6,0.99914963943409,0.0068987406678233405
E01033590,3,0.9999998474852961,2.5468090800795116e-06
E01033591,0,0.9959491549080252,0.02703903363735227
E01033593,1,0.9999986980054649,1.938107800579148e-05
E01033594,6,0.9991801438101008,0.0070193190249909785
E01033598,4,0.9771789682063817,0.11556919280415776
E01033601,0,0.982916226227459,0.09463453206270313
E01033604,1,0.8866762576855904,0.35368131806843484
E01033699,6,0.9994553291577851,0.0046443403824378325
E01033700,6,0.9999978838509316,3.115779607089269e-05
E01033702,3,0.9999693006229542,0.00036648287472866516
E01033703,0,0.6854678635055933,0.6227925037262848
E01033704,6,0.9998621194743859,0.001381255176654391
E01033705,0,0.9962469794759763,0.024935082241973373
E01033706,6,0.9820478106086785,0.08995869822353904
E01033708,6,0.9986416654652475,0.010325264580353944
E01033709,6,0.9035794174969518,0.37550251102563426
E01033711,6,0.9999970709643244,4.062650366556028e-05
E01033712,6,0.9585625922427163,0.1751535082561089
E01033713,4,0.9970178039734137,0.021926930451003697
E01033727,1,0.9585515795377287,0.17252154662063848
E01033729,3,0.9998054434256402,0.0019026899502933453
E01033732,0,0.9156800395599416,0.3433454394752697
E01033735,6,0.9997295423401562,0.0026778377292009043
E01033737,6,0.9980042097897092,0.014401769333974489
E01033738,4,0.9380932759909073,0.27168082263384685
E01033740,4,0.9692113239422788,0.13754730848759822
E01033741,0,0.9960073598630219,0.02645941296425528
E01033742,3,0.9999999995144577,1.0898420608568509e-08
E01033743,6,0.9409646945184251,0.2664648266686428
E01033744,0,0.6261900213415927,0.6622044076473703
E01033745,1,0.9038630560785036,0.34897343378757445
E01033746,4,0.9929606572873821,0.04728180085955001
E01033784,3,0.9999995661046714,6.891595680740909e-06
E01033785,5,0.9999998438461952,2.6034624896763684e-06
E01033786,3,0.9999877862821431,0.00015038683293846055
E01033788,2,0.9964052732236847,0.023894270556631382
E01033790,0,0.9714378523495496,0.1402104142277315
E01033791,6,0.9999004749787789,0.0010166734169568203
E01033862,3,0.9999702401388736,0.00035979076574953986
E01033865,1,0.999993792987035,8.150980412535175e-05
E01033866,6,0.8730434107955167,0.3864119535514142
E01033867,5,1.0,2.7413579839120755e-67
E01033868,0,0.9479273103039603,0.24351345249600026
E01033869,1,0.9841132351755634,0.08549040953779155
E01033870,2,0.7408049897345137,0.6120972449292431
E01033871,6,0.9983259474322937,0.013256315764389036
E01033872,0,0.7683962484510405,0.6649804266514127
E01033873,6,0.9999996155630015,6.2660784743081375e-06
E01033874,6,0.9971993696353336,0.019276742147946876
E01033875,4,0.998628122053459,0.011365353319179955
E01033876,0,0.9963534653291503,0.025384863407227818
E01033877,1,0.9823680390839772,0.09284384741286128
E01033879,0,0.9993873841551273,0.00528786418109793
E01033880,0,0.9998887250345144,0.0011541654955846562
E01033881,4,0.9919718424004649,0.04677453107551018
E01033883,0,0.9772401620265119,0.11040098471668179
E01033884,6,0.9999985403176335,2.1842346958591437e-05
E01033885,6,0.9986235770746609,0.010486961487965274
E01033911,3,0.9999641012038156,0.00040786340739434467
E01033913,0,0.5737031679640328,0.6892119219824133
E01033916,1,0.9993838019431718,0.005489500053104619
E01033918,3,0.9986811067094225,0.010447077389815481
E01033922,6,0.9920897990590792,0.048686443562348664
E01033923,3,0.9999657620528007,0.00039031125819572284
E01033924,6,0.4091863012762196,1.058580221024323
E01033925,0,0.9931013712308692,0.04578685618901263
E01033926,3,0.9999987960189003,1.8098628962524643e-05
E01033927,6,0.9994185014008052,0.005316649188614548
E01033929,6,0.899099502027571,0.38753333130445716
E01033930,3,0.9999902941159681,0.0001225477911678525
E01033931,6,0.9999999770454624,4.429843308593928e-07
E01033933,3,0.9999719558607879,0.00032239312112460137
E01033934,3,0.9998295972652035,0.0016491614234109984
E01033936,6,0.9986687631105168,0.010238195928435773
E01033937,3,0.9975607065045805,0.017377249550840326
E01033938,6,0.999999386519466,9.391861423535505e-06
E01033939,4,0.9999688927887315,0.0003626549010861221
E01033940,3,0.9999997565627735,3.9515009851414705e-06
E01033941,6,0.737263025229312,0.6509389999652251
E01033942,3,0.9998996397803214,0.001086849020539264
E01033943,5,1.0,4.4223608833832103e-16
E01033944,6,0.999999662042754,5.373693057832621e-06
E01034026,6,0.999894510451992,0.00109838359734565
E01034027,6,0.9563491989725951,0.20191985717235486
E01034029,6,0.9990810444583643,0.008269285481728924
E01034030,6,0.9999997406909581,4.192397216011344e-06
E01034032,3,0.9996088751836203,0.0036237794382691976
E01034033,0,0.9954493258574267,0.030279654388776684
E01034034,6,0.7380368896257504,0.7949007663838981
E01034036,6,0.9999999496971425,8.983120382248042e-07
E01034037,0,0.7993198837793414,0.5074991209915272
E01034038,0,0.9362625249179736,0.23713452829697057
E01034039,4,0.9787602780855532,0.10289315373432917
E01034040,6,0.9985664866080706,0.010831552263957272
E01034042,6,0.7231401346327331,0.738762964549482
E01034044,0,0.9726446158429481,0.13471419297047404
E01034045,3,0.9999951909064851,6.370045247637584e-05
E01034046,0,0.9987493533824418,0.010476283501493574
E01034140,0,0.9997283658215477,0.002612791702986674
E01034143,6,0.9999993795051345,9.489949892308574e-06
E01034145,6,0.9997686297132554,0.0021804922653378077
E01034146,3,0.9999948468841255,6.800620849157e-05
E01034148,6,0.9999979350033503,2.9263198211555477e-05
E01034149,6,0.999999966161767,6.172047077427741e-07
E01034150,6,0.9999998178089863,3.0894114710054687e-06
E01034152,6,0.9270155781539855,0.26620880065771607
E01034153,3,0.9999662312862023,0.00039429430675267134
E01034154,3,0.999869518968674,0.0013878946791071537
E01034155,6,0.9692490344486999,0.1552121548318693
E01034156,6,0.9997793955127104,0.0020863103547254574
E01034173,4,0.9252659415761524,0.29126813599809126
E01034174,3,0.9998001218372825,0.0019791367824645244
E01034175,3,0.9999983967139406,2.2996660583727304e-05
E01034179,1,0.9999999687482277,5.911646592895879e-07
E01034180,1,0.9998478692412154,0.0014897081622902754
E01034182,6,0.9997880017507985,0.0021476533210030373
E01034185,6,0.9807031546205569,0.10220793095897904
E01034186,6,0.9999999995887521,9.647563139733073e-09
E01034187,6,0.9999999988816342,2.431248349030608e-08
E01034188,6,0.9999999804721542,3.705115186545132e-07
E01034190,1,0.6858975529622822,0.7072335108401647
E01034192,6,0.9898807652331582,0.06558550476041876
E01034198,4,0.9990732189891653,0.008371397652280376
E01034199,4,0.5243047110140978,0.8166268915527798
E01034200,1,0.9998707352347608,0.0012894215270310239
E01034202,0,0.8702502775942771,0.3865006875997532
E01034203,0,0.9695716749496605,0.13690940005832486
E01034204,0,0.9990397266783362,0.0076320928188077725
E01034205,6,0.9994000912336072,0.005114669042106995
E01034206,6,0.9980217583787521,0.015640760742848026
E01034207,1,0.7021022283467719,0.6090725650371728
E01034208,1,0.9923090950214797,0.04509840138039906
E01034209,6,0.9999904133564796,0.00012036327208224629
E01034211,0,0.9746367441714259,0.13588363349784463
E01034212,1,0.9999999939904001,1.1977115318959845e-07
E01034215,1,0.9999999999852704,3.8208659187180264e-10
E01034217,3,0.9999999999877858,3.194533540495154e-10
E01034218,4,0.9321782259386305,0.31517278850790886
E01034219,6,0.9999665833567843,0.0004032790972033588
E01034220,6,0.9999968206442795,4.5504792098365506e-05
E01034221,6,0.9685270705775733,0.15535605233431005
E01034222,5,0.9813949078311982,0.0925595741322193
E01034223,1,0.9999999983888586,3.5346149298437834e-08
E01034224,1,0.6115726981449172,0.6714460653155621
E01034225,1,0.9990484327817651,0.007633141536570988
E01034227,4,0.9998868180007836,0.001200118117381522
E01034229,3,0.9999991213958049,1.3130687711137086e-05
E01034230,4,0.5100329392312354,0.6933198338720226
E01034383,6,0.9995846897741272,0.0038286986804141644
E01034384,0,0.9859760366860999,0.0737652516881674
E01034385,6,0.9989053521258814,0.008607563749791288
E01034386,6,0.9999999821439333,3.451632274980208e-07
E01034388,4,0.9997809040700799,0.002065541822126893
E01034391,4,0.9882342830434633,0.0659711884128647
E01034392,1,0.9998120197968687,0.001800677906212152
E01034393,6,0.9989121780879527,0.008670588226729923
E01034394,6,0.999999837020197,2.710315115193259e-06
E01034470,1,0.9524557336370187,0.1914832303547135
E01034471,0,0.9999461643973369,0.0005921017822292526
E01034473,6,0.9999999970104057,6.384717196182733e-08
E01034474,1,0.9621068701839562,0.16119480540927206
E01034475,6,0.9832895948142604,0.0881187978936443
E01034476,4,0.997341376784704,0.019422053841995253
E01034477,4,0.6448937729486076,0.6699797222329015
E01034478,1,0.9999999996462847,8.051418391043546e-09
E01034479,3,0.9896466865228041,0.05762329529295214
E01034481,3,0.9999566204690111,0.00047951524266776427
E01034482,6,0.977667953603424,0.1069818220951296
E01034483,1,0.9995614227481454,0.003839064614031788
E01034484,6,0.9999997914941692,3.4832379390403718e-06
E01034485,6,0.9999999740512638,4.793099308299081e-07
E01034486,1,0.9994323886815006,0.004809819008173107
E01034487,0,0.9459470169751797,0.21506875623114965
E01034578,0,0.9867543000507613,0.07045824546563104
E01034579,0,0.9833006228255929,0.09663193690879027
E01034580,6,0.9976834035371709,0.016370237895878957
E01034581,3,0.9995756227119427,0.0041358981296616215
E01034589,6,0.9995956257982788,0.0035773987907342956
E01034591,3,0.9999999904465682,1.9222060456882813e-07
E01034592,2,0.9999999999295994,1.7160976641113013e-09
E01034594,4,0.8865785913860301,0.3538539474837047
E01034595,4,0.9563053904891793,0.2097441759119289
E01034597,4,0.9978186665705105,0.01704470377303835
E01034598,6,0.9436455611100948,0.2407950407906259
E01034599,4,0.9982567675695616,0.013173474102594535
E01034601,3,0.9999993573621215,1.0234053394630418e-05
E01034602,6,0.9999185660356531,0.000850672150836454
E01034603,1,0.9856723578146739,0.07633917021820763
E01034605,6,0.6243454545056669,0.6641218655066743
E01034606,5,0.9999986552645641,1.9524634147232892e-05
E01034607,0,0.9955993661894272,0.028716518853538084
E01034608,0,0.914110033539047,0.31846440926074265
E01034609,6,0.9989243317819296,0.008516273554537301
E01034610,1,0.999999999706219,6.741720596816884e-09
E01034612,4,0.9997652764443012,0.00220614993190655
E01034613,1,0.9992955678850386,0.005817036479661103
E01034615,5,1.0,6.792632132054941e-36
E01034616,6,0.999999762679465,3.899006573559005e-06
E01034617,6,0.9784996798032296,0.10393313709884008
E01035484,6,0.9449179172446911,0.24457024669432179
E01035485,6,0.9999957782206665,5.795449026691185e-05
E01035486,3,0.9999939067960539,8.331387412441778e-05
E01035487,3,0.9999789872644748,0.0002485077923186649
E01035488,4,0.6785743253625588,0.6299820372305588
E01035489,4,0.9608449345112878,0.19212299289715157
E01035490,6,0.9486843345035474,0.20237430820144275
E01035491,0,0.6516301797749504,0.7406094512317307
E01035493,6,0.9994893325531983,0.004383515437676194
E01035494,1,0.9999957064422291,5.7355208337808846e-05
E01035496,6,0.9999755054242089,0.0002919758375240816
E01035498,3,0.9999987632435082,1.8354960602356046e-05
E01035638,0,0.6378129249595564,0.6557440645369069
E01035639,6,0.9999932393816116,8.741713628367695e-05
E01035640,3,0.8919821715740384,0.3449215664375424
E01035641,1,0.9999993723157468,9.598210929165968e-06
E01035642,6,0.7613710503162089,0.5498093663622193
E01035643,0,0.9994970828509262,0.004605277871421891
E01035645,0,0.9874068568861373,0.06776922906663721
E01035649,0,0.7157754040322284,0.602916223564544
E01035650,1,0.9918264077194573,0.04743137672241565
E01035651,1,1.0,5.289115349204215e-14
E01035652,6,0.9953410734896305,0.029679935753832227
E01035655,6,0.999998475486873,2.194809000726137e-05
E01035657,1,0.9999999998006146,4.652840370684091e-09
E01035658,4,0.9945514649850972,0.03383371215656111
E01035659,0,0.9997745730715557,0.002250605608203557
E01035660,6,0.9414512843479441,0.22310834139223343
E01035661,6,0.5102755324321844,0.7167068963402038
E01035663,6,0.9974387629370953,0.0181531055435563
E01035665,6,0.9999507335572516,0.0005382954442196626
E01035667,6,0.9945428634530272,0.03762250850129299
E01035669,6,0.9998832815367681,0.0012464515232200688
E01035670,6,0.7755898978873831,0.532576306006382
E01035671,1,0.9999999999982094,5.02451935689213e-11
E01035672,4,0.9999967117480741,4.714467348640667e-05
E01035674,1,0.9999999999810925,4.858254212507282e-10
E01035675,1,0.9999999922944056,1.5165614761291065e-07
E01035676,0,0.7565250983303737,0.6237337394806615
E01035678,1,0.9999923534730999,9.880770660072469e-05
E01035679,1,0.994089831058303,0.036343405569064784
E01035682,4,0.9628042772058105,0.1708426171803513
E01035687,1,0.9999875711554181,0.0001531253662568268
E01035690,0,0.9974206888032845,0.01973500611554032
E01035691,1,1.0,3.936904579190768e-15
E01035694,6,0.9984265934547921,0.011733031878818995
E01035695,1,0.9999981049489343,2.790431668413207e-05
E01035702,1,0.9999998246747748,3.023504832594818e-06
E01035703,3,0.9999999999998437,4.889940368162201e-12
E01035705,0,0.8811135114375506,0.36470051096324113
E01035706,1,0.5882333856816254,0.6804756235134966
E01035707,0,0.9980143059440741,0.015531240047806802
E01035708,6,0.9999477238409624,0.0005676640265050257
E01035709,6,0.9466771871477172,0.20896218763860147
E01035710,6,0.5743664907257102,0.6820577632942986
E01035711,6,0.943089690342715,0.2186766454596163
E01035712,2,0.9459605363371394,0.21024221350356231
E01035713,6,0.9869579933743095,0.06970545247688634
E01035714,4,0.9996960850083705,0.002765446177510068
E01035715,0,0.6766098639923985,0.927469045472681
E01035716,5,0.9999819537662732,0.00021515738614600268
E01035717,6,0.7183873132505828,0.5960834653520312
E01035718,6,0.9999977155690746,3.195857163032457e-05
E01035719,4,0.9999183464995884,0.0009383378089204192
E01035720,1,0.995757709727248,0.027608070251221667
E01035721,6,0.9994837280006423,0.004450321179097626
