lsoa,self_employed_share,part_time_employee_share,unemployed_share
E01000001,0.15099925980754997,0.056254626202812734,0.023686158401184307
E01000002,0.16486902927580893,0.04699537750385208,0.023112480739599383
E01000003,0.13253810470510272,0.07687210072895957,0.04506295559973492
E01000005,0.05416666666666667,0.1,0.0625
E01000006,0.1638655462184874,0.13585434173669467,0.03991596638655462
E01000007,0.09499536607970342,0.11770157553290084,0.07136237256719184
E01000008,0.10467882632831087,0.14512291831879462,0.05313243457573354
E01000009,0.14417613636363635,0.11647727272727272,0.05823863636363636
E01000011,0.16136363636363638,0.12272727272727273,0.051515151515151514
E01000012,0.12776723592662872,0.1467425679949399,0.07084123972169513
E01000013,0.11937097927090778,0.12508934953538242,0.054324517512508934
E01000014,0.12471655328798185,0.13529856386999245,0.044595616024187455
E01000015,0.1298326601269475,0.13848817080207732,0.05020196191575303
E01000016,0.1346704871060172,0.1167621776504298,0.04011461318051576
E01000017,0.12432847275518036,0.11818879508825787,0.052187260168841135
E01000018,0.13800738007380073,0.13357933579335793,0.04206642066420664
E01000019,0.13752122241086587,0.1468590831918506,0.0466893039049236
E01000020,0.13939016801493467,0.11449906658369632,0.06347230864965775
E01000021,0.10841423948220065,0.13996763754045308,0.05177993527508091
E01000022,0.11446886446886446,0.1510989010989011,0.04487179487179487
E01000024,0.13506261180679785,0.12075134168157424,0.06529516994633273
E01000025,0.11218836565096953,0.12880886426592797,0.04847645429362881
E01000027,0.12491559756920999,0.11546252532072923,0.05266711681296422
E01000028,0.1067457375833951,0.12008895478131949,0.04744255003706449
E01000029,0.12378303198887343,0.11543810848400557,0.03129346314325452
E01000030,0.10716365754222482,0.13861386138613863,0.0529994175888177
E01000031,0.1032258064516129,0.13189964157706094,0.044444444444444446
E01000032,0.12515802781289506,0.11883691529709228,0.05436156763590392
E01000033,0.09033989266547406,0.13416815742397137,0.04025044722719141
E01000034,0.10874704491725769,0.09298660362490149,0.04176516942474389
E01000035,0.12250516173434274,0.11080523055746731,0.04679972470750172
E01000036,0.14125753660637383,0.09991386735572783,0.040482342807924204
E01000037,0.10747330960854093,0.12455516014234876,0.05338078291814947
E01000038,0.11137071651090343,0.12461059190031153,0.040498442367601244
E01000039,0.105379513633014,0.10980103168754606,0.03389830508474576
E01000040,0.11292613636363637,0.12571022727272727,0.05113636363636364
E01000041,0.14026162790697674,0.1184593023255814,0.056686046511627904
E01000042,0.12,0.12226415094339622,0.05358490566037736
E01000043,0.12582236842105263,0.13322368421052633,0.049342105263157895
E01000044,0.14664897146648972,0.12541473125414732,0.0451227604512276
E01000045,0.12392829306313329,0.1332813717848792,0.05300077942322681
E01000046,0.11448275862068966,0.12827586206896552,0.05379310344827586
E01000049,0.10580455547391623,0.12490815576781777,0.06759735488611315
E01000050,0.12463343108504399,0.1217008797653959,0.030791788856304986
E01000051,0.09414758269720101,0.11195928753180662,0.04198473282442748
E01000052,0.15375586854460094,0.12969483568075119,0.04225352112676056
E01000053,0.13670256835128416,0.12427506213753108,0.05219552609776305
E01000054,0.11313868613138686,0.12554744525547445,0.042335766423357665
E01000055,0.11466458658346333,0.13806552262090482,0.039781591263650544
E01000056,0.11899133175728921,0.11899133175728921,0.05200945626477541
E01000057,0.12020905923344948,0.13153310104529617,0.054878048780487805
E01000058,0.12947831552482716,0.12947831552482716,0.06411062225015714
E01000059,0.12191358024691358,0.125,0.04243827160493827
E01000060,0.10803858520900321,0.15112540192926044,0.047588424437299034
E01000061,0.07096307023895727,0.13106444605358436,0.06372194062273714
E01000062,0.14336704342653184,0.13265913146936348,0.034503271861986914
E01000063,0.1140285071267817,0.13953488372093023,0.04426106526631658
E01000064,0.11565017261219793,0.11737629459148446,0.03682393555811277
E01000065,0.13029315960912052,0.11791530944625407,0.054071661237785014
E01000066,0.09848879624804585,0.12350182386659718,0.028139656070870246
E01000067,0.10793082886106142,0.13059033989266547,0.04114490161001789
E01000068,0.13725490196078433,0.12778904665314403,0.028397565922920892
E01000069,0.09957498482088646,0.14207650273224043,0.03764420157862781
E01000070,0.12359550561797752,0.10611735330836454,0.046192259675405745
E01000071,0.15072608913370056,0.11316975463194792,0.04056084126189284
E01000072,0.12435897435897436,0.125,0.05
E01000073,0.12032281731474688,0.12912692589875274,0.02641232575201761
E01000074,0.1293842556508184,0.13250194855806702,0.0475448168355417
E01000075,0.1255663430420712,0.14757281553398058,0.03365695792880259
E01000076,0.11771919068056406,0.11526670754138565,0.05763335377069283
E01000077,0.11901081916537867,0.1275115919629057,0.05023183925811438
E01000078,0.1080680977054034,0.12657290895632864,0.04811250925240563
E01000079,0.12168486739469579,0.12636505460218408,0.0421216848673947
E01000080,0.12874251497005987,0.13023952095808383,0.04341317365269461
E01000081,0.13687707641196012,0.13156146179401992,0.06378737541528239
E01000082,0.1436502428868841,0.11866759195003469,0.041637751561415685
E01000083,0.10442349528643945,0.13343002175489485,0.047860768672951415
E01000084,0.12177121771217712,0.1282287822878229,0.03874538745387454
E01000085,0.12138263665594855,0.12057877813504823,0.06752411575562701
E01000086,0.1070448307410796,0.12442817932296432,0.04391582799634035
E01000087,0.14157119476268412,0.12274959083469722,0.04582651391162029
E01000088,0.10778859527121001,0.14812239221140472,0.04450625869262865
E01000089,0.11598746081504702,0.15047021943573669,0.047021943573667714
E01000090,0.11836734693877551,0.14612244897959184,0.04816326530612245
E01000091,0.07749830047586675,0.15091774303195105,0.05778382053025153
E01000093,0.09487951807228916,0.12349397590361445,0.04292168674698795
E01000094,0.10777385159010601,0.13839811542991756,0.0535924617196702
E01000095,0.10655195234943746,0.1356717405691595,0.04698874917273329
E01000096,0.08514492753623189,0.12590579710144928,0.051630434782608696
E01000097,0.11233631977946244,0.11991729841488628,0.03445899379738112
E01000098,0.10912981455064194,0.1369472182596291,0.03566333808844508
E01000099,0.11281543790202869,0.12320633349826818,0.04403760514596734
E01000100,0.10638297872340426,0.13829787234042554,0.03829787234042553
E01000101,0.12259059367771781,0.13646877409406322,0.047031611410948346
E01000102,0.1176923076923077,0.15846153846153846,0.045384615384615384
E01000103,0.1053030303030303,0.12954545454545455,0.06893939393939394
E01000104,0.11438848920863309,0.12086330935251799,0.04388489208633094
E01000105,0.10601719197707736,0.12206303724928366,0.05329512893982808
E01000106,0.10843373493975904,0.1293595434369055,0.05326569435637286
E01000107,0.1335766423357664,0.11605839416058394,0.04452554744525548
E01000108,0.1401541695865452,0.11913104414856342,0.03854239663629993
E01000110,0.13528932355338225,0.1426242868785656,0.03993480032599837
E01000111,0.14993804213135067,0.10718711276332094,0.042131350681536554
E01000112,0.15036593479707253,0.12109115103127079,0.044577511643379905
E01000113,0.1392904073587385,0.14651773981603153,0.03416557161629435
E01000114,0.1080446271285966,0.14973576042278333,0.03347034644744568
E01000115,0.15515771526001704,0.11253196930946291,0.028985507246376812
E01000116,0.1366642174871418,0.12270389419544453,0.029390154298310066
E01000117,0.1397006414825374,0.1083392729864576,0.019957234497505347
E01000118,0.13746958637469586,0.11374695863746959,0.03223844282238443
E01000119,0.14002732240437157,0.11612021857923498,0.025273224043715847
E01000120,0.13829787234042554,0.09983633387888707,0.046644844517184945
E01000121,0.10835401157981803,0.11910669975186104,0.05128205128205128
E01000122,0.15327257663628832,0.1251035625517813,0.024855012427506214
E01000123,0.17449194113524877,0.13314646110721795,0.030833917309039945
E01000124,0.14246762099522836,0.12951601908657123,0.04294478527607362
E01000126,0.11797133406835722,0.13120176405733186,0.061190738699007714
E01000127,0.14297658862876253,0.13043478260869565,0.04180602006688963
E01000128,0.15970056144728634,0.11104179663131628,0.041796631316281974
E01000129,0.14885193982581155,0.11718131433095803,0.04829770387965162
E01000130,0.13680781758957655,0.15309446254071662,0.0755700325732899
E01000131,0.15480649188514356,0.10486891385767791,0.03870162297128589
E01000132,0.14084507042253522,0.12841756420878211,0.05965202982601491
E01000133,0.11773940345368916,0.14521193092621665,0.03453689167974882
E01000134,0.14487632508833923,0.12226148409893993,0.052296819787985865
E01000135,0.16184971098265896,0.09465317919075145,0.024566473988439308
E01000136,0.1899488926746167,0.07495741056218058,0.02555366269165247
E01000137,0.1332263242375602,0.11637239165329052,0.05698234349919743
E01000138,0.17757712565838976,0.11136192626034612,0.040632054176072234
E01000139,0.18608695652173912,0.09043478260869565,0.04
E01000140,0.14197910264290103,0.1057160417947142,0.03011677934849416
E01000141,0.15369897959183673,0.1211734693877551,0.05612244897959184
E01000142,0.15734072022160664,0.11246537396121883,0.049307479224376734
E01000143,0.09672505712109672,0.13480578827113482,0.044173648134044174
E01000144,0.1475166790214974,0.11267605633802817,0.04670126019273536
E01000145,0.13389830508474576,0.13389830508474576,0.02711864406779661
E01000146,0.1526813880126183,0.10347003154574133,0.03596214511041009
E01000147,0.199502796768179,0.10006215040397763,0.026724673710379118
E01000150,0.1621017328116266,0.12409167132476244,0.041922861934041364
E01000151,0.12096106048053024,0.13256006628003314,0.05716652858326429
E01000152,0.11178553363682348,0.1310065756196257,0.03995953464845726
E01000153,0.1155137676292814,0.14439220953660176,0.042981867024848894
E01000154,0.1272845953002611,0.097911227154047,0.07702349869451697
E01000156,0.20300261096605743,0.09530026109660575,0.043733681462140996
E01000157,0.17530864197530865,0.11604938271604938,0.048559670781893
E01000158,0.15934539190353145,0.1223083548664944,0.028423772609819122
E01000159,0.16076294277929154,0.12193460490463215,0.027247956403269755
E01000160,0.1679340937896071,0.11026615969581749,0.034220532319391636
E01000161,0.15261538461538462,0.10461538461538461,0.03323076923076923
E01000162,0.14768552534900808,0.11462160176340926,0.03526818515797208
E01000163,0.13547904191616766,0.11826347305389222,0.06212574850299401
E01000164,0.12406576980568013,0.11883408071748879,0.052316890881913304
E01000165,0.1409028727770178,0.11833105335157319,0.033515731874145006
E01000166,0.11665387567152724,0.10744435917114352,0.03837298541826554
E01000167,0.13126709206927986,0.1203281677301732,0.04284412032816773
E01000168,0.13479623824451412,0.11755485893416928,0.0219435736677116
E01000169,0.14919663351185922,0.1063504208110176,0.03519510328997705
E01000170,0.12623925974884337,0.14077990746860541,0.043621943159286185
E01000171,0.1595622119815668,0.11866359447004608,0.06278801843317973
E01000172,0.14134542705971279,0.09977324263038549,0.025699168556311415
E01000173,0.11846153846153847,0.13153846153846155,0.03230769230769231
E01000174,0.13333333333333333,0.11376811594202899,0.03695652173913044
E01000175,0.16898608349900596,0.16832339297548046,0.033797216699801194
E01000176,0.09533468559837728,0.10547667342799188,0.07099391480730223
E01000177,0.17996870109546165,0.10250391236306729,0.03442879499217527
E01000178,0.15355233002291827,0.11382734912146678,0.03590527119938885
E01000179,0.16452991452991453,0.09757834757834757,0.027065527065527065
E01000180,0.1137586471944658,0.11068408916218293,0.0361260568793236
E01000181,0.15214285714285714,0.09928571428571428,0.030714285714285715
E01000182,0.15754437869822485,0.08801775147928995,0.036242603550295856
E01000183,0.1511627906976744,0.07973421926910298,0.036544850498338874
E01000184,0.1251655629139073,0.08675496688741721,0.04900662251655629
E01000185,0.10260586319218241,0.10993485342019543,0.07166123778501629
E01000186,0.18042813455657492,0.17584097859327216,0.028287461773700305
E01000187,0.14992025518341306,0.1507177033492823,0.03349282296650718
E01000188,0.2023217247097844,0.1310116086235489,0.01824212271973466
E01000189,0.1104067617538299,0.11304807184363444,0.05071315372424723
E01000190,0.16282527881040892,0.12118959107806691,0.03717472118959108
E01000191,0.15133779264214048,0.13963210702341136,0.026755852842809364
E01000192,0.19210866752910738,0.15653298835705046,0.028460543337645538
E01000193,0.1885245901639344,0.13493064312736444,0.04476670870113493
E01000194,0.15564738292011018,0.12603305785123967,0.04269972451790634
E01000195,0.16512549537648613,0.12483487450462351,0.03830911492734478
E01000196,0.17353102690829214,0.0928061504667765,0.08017572762218561
E01000197,0.17926421404682275,0.10568561872909699,0.043478260869565216
E01000198,0.18204334365325078,0.11764705882352941,0.03529411764705882
E01000199,0.16161616161616163,0.10334110334110334,0.027972027972027972
E01000200,0.15769944341372913,0.0847247990105133,0.02844774273345702
E01000201,0.20941558441558442,0.10146103896103896,0.018668831168831168
E01000202,0.19940915805022155,0.10118168389955687,0.0310192023633678
E01000203,0.16553133514986376,0.09809264305177112,0.07970027247956403
E01000204,0.15819613457408732,0.11667859699355762,0.0329277022190408
E01000205,0.20085836909871244,0.09957081545064378,0.01888412017167382
E01000206,0.17327935222672064,0.10040485829959514,0.011336032388663968
E01000207,0.1853035143769968,0.08146964856230032,0.02476038338658147
E01000208,0.19389312977099238,0.1,0.021374045801526718
E01000209,0.16545601291364004,0.08232445520581114,0.020177562550443905
E01000210,0.1825938566552901,0.11092150170648464,0.027303754266211604
E01000211,0.13736903376018628,0.1169965075669383,0.041327124563445866
E01000212,0.18783542039355994,0.11896243291592129,0.022361359570661897
E01000213,0.20796890184645286,0.09620991253644315,0.026239067055393587
E01000214,0.18646508279337654,0.08567314614830814,0.02663786897048236
E01000215,0.12106368089573127,0.21273617914625612,0.023792862141357594
E01000216,0.13546630360789652,0.1456773315180395,0.031313818924438394
E01000217,0.16653322658126501,0.188951160928743,0.02802241793434748
E01000218,0.147036181678214,0.19630484988452657,0.023094688221709007
E01000219,0.1322930800542741,0.23337856173677068,0.031207598371777476
E01000220,0.13236363636363635,0.19345454545454546,0.03345454545454545
E01000221,0.10315186246418338,0.11556829035339064,0.06303724928366762
E01000222,0.1457689932056825,0.118591723285979,0.03829524397776405
E01000223,0.1441617742987606,0.12524461839530332,0.05675146771037182
E01000224,0.17535903250188964,0.10052910052910052,0.04308390022675737
E01000225,0.1747181964573269,0.16586151368760063,0.028985507246376812
E01000226,0.13274981765134938,0.12107950401167031,0.049598832968636035
E01000227,0.1567314132618888,0.12525117213663764,0.02344273275284662
E01000228,0.19118942731277533,0.11365638766519824,0.024669603524229075
E01000229,0.1474010861132661,0.1225756400310318,0.03335919317300233
E01000230,0.14445219818562458,0.15282623866015352,0.028611304954640614
E01000231,0.14957264957264957,0.12037037037037036,0.03418803418803419
E01000232,0.15881561238223418,0.09959623149394348,0.021534320323014805
E01000233,0.17039473684210527,0.12697368421052632,0.030263157894736843
E01000234,0.1875,0.12058823529411765,0.028676470588235293
E01000235,0.1342685370741483,0.1229124916499666,0.03473613894455578
E01000236,0.1632068718682892,0.14531138153185397,0.030780243378668574
E01000237,0.1751207729468599,0.09842995169082126,0.05374396135265701
E01000238,0.17918313570487485,0.12911725955204217,0.04018445322793149
E01000239,0.1522633744855967,0.10640799529688419,0.037037037037037035
E01000240,0.1995827538247566,0.09388038942976357,0.027816411682892908
E01000241,0.19120725750174458,0.09979064898813678,0.022330774598743892
E01000242,0.16707818930041152,0.11934156378600823,0.027983539094650206
E01000243,0.1541115583668775,0.1242093156986774,0.0425531914893617
E01000244,0.15479651162790697,0.10319767441860465,0.04142441860465116
E01000245,0.15056312981624184,0.13692946058091288,0.06579727326615294
E01000246,0.1269968051118211,0.09824281150159744,0.03274760383386582
E01000247,0.13712618526622902,0.11962071480671042,0.037199124726477024
E01000248,0.15147164393395549,0.08973438621679827,0.024407753050969132
E01000249,0.15567484662576686,0.11579754601226994,0.03067484662576687
E01000250,0.12103083294983893,0.1063046479521399,0.05062126092959043
E01000251,0.12621885157096424,0.1056338028169014,0.04008667388949079
E01000252,0.1446629213483146,0.08918539325842696,0.05407303370786517
E01000253,0.16896120150187735,0.12077596996245307,0.014392991239048811
E01000254,0.1524390243902439,0.12271341463414634,0.026676829268292682
E01000255,0.13154069767441862,0.1002906976744186,0.025436046511627907
E01000256,0.17032967032967034,0.11813186813186813,0.032280219780219783
E01000257,0.12582781456953643,0.11920529801324503,0.047561709813365445
E01000258,0.14923469387755103,0.11989795918367346,0.029974489795918366
E01000259,0.13801337153772683,0.112225405921681,0.034861509073543455
E01000260,0.1742957746478873,0.11561032863849766,0.03697183098591549
E01000261,0.14108740536820372,0.08465244322092223,0.016517549896765314
E01000263,0.19864176570458403,0.09932088285229201,0.01867572156196944
E01000264,0.18724279835390947,0.12551440329218108,0.033607681755829906
E01000265,0.14361702127659576,0.1283244680851064,0.04521276595744681
E01000266,0.15397631133671744,0.09983079526226735,0.027918781725888325
E01000267,0.1656,0.1144,0.0152
E01000268,0.11743341404358354,0.10653753026634383,0.05084745762711865
E01000269,0.13771929824561405,0.12105263157894737,0.028070175438596492
E01000270,0.1543942992874109,0.0958036421219319,0.030878859857482184
E01000271,0.16850625459896984,0.0963944076526858,0.03679175864606328
E01000272,0.14358108108108109,0.09121621621621621,0.018581081081081082
E01000273,0.13574982231698648,0.09879175550817342,0.04051172707889126
E01000274,0.1393067364290386,0.12688031393067364,0.03793328973185088
E01000275,0.14018043025676613,0.0936849410131853,0.028452463566967384
E01000276,0.16303400174367916,0.10723626852659111,0.010462074978204011
E01000277,0.11522048364153627,0.09601706970128022,0.04267425320056899
E01000278,0.13333333333333333,0.0972972972972973,0.032432432432432434
E01000279,0.18760907504363003,0.09598603839441536,0.015706806282722512
E01000280,0.17652329749103943,0.08691756272401434,0.016129032258064516
E01000281,0.12813171080887617,0.07802433786685756,0.031496062992125984
E01000282,0.12173314993122421,0.11072902338376892,0.033012379642365884
E01000283,0.17587476979742173,0.1151012891344383,0.026703499079189688
E01000284,0.156,0.10066666666666667,0.042
E01000285,0.12239800166527894,0.10324729392173189,0.03746877601998335
E01000286,0.1074800290486565,0.1074800290486565,0.03776325344952796
E01000287,0.12528823981552653,0.11837048424289008,0.02843966179861645
E01000288,0.12350597609561753,0.11155378486055777,0.03346613545816733
E01000289,0.08481421647819062,0.13893376413570274,0.05735056542810985
E01000290,0.14528023598820058,0.09144542772861357,0.025811209439528023
E01000291,0.12148028962188254,0.11584875301689461,0.03700724054706356
E01000292,0.11511354737666406,0.10415035238841033,0.030540328895849646
E01000293,0.12525527569775358,0.10959836623553437,0.023825731790333562
E01000294,0.1224764468371467,0.08950201884253028,0.029609690444145357
E01000295,0.1610738255033557,0.10365398956002983,0.03206562266964952
E01000296,0.15143246930422918,0.10027285129604366,0.047748976807639835
E01000297,0.14728682170542637,0.10508182601205857,0.03617571059431524
E01000298,0.15905848787446505,0.11269614835948645,0.034236804564907276
E01000299,0.1653631284916201,0.1005586592178771,0.045251396648044694
E01000300,0.13993948562783662,0.10287443267776097,0.046898638426626324
E01000301,0.14334763948497853,0.0815450643776824,0.024892703862660945
E01000302,0.14905149051490515,0.09281842818428185,0.04607046070460705
E01000303,0.13705583756345177,0.09983079526226735,0.02961082910321489
E01000304,0.15605590062111802,0.1048136645962733,0.026397515527950312
E01000305,0.1539578794480755,0.09658678286129267,0.050835148874364564
E01000306,0.197736748064324,0.09469922572960095,0.029779630732578916
E01000307,0.14404223227752638,0.10935143288084465,0.032428355957767725
E01000308,0.11388101983002832,0.12521246458923513,0.038526912181303115
E01000309,0.1484848484848485,0.12606060606060607,0.04363636363636364
E01000310,0.15401540154015403,0.09075907590759076,0.06215621562156216
E01000311,0.19416666666666665,0.15583333333333332,0.024166666666666666
E01000312,0.15554026152787337,0.1094287680660702,0.05092911218169305
E01000313,0.17745035233824472,0.12171684817424727,0.048046124279308135
E01000314,0.16767123287671232,0.11123287671232877,0.040547945205479455
E01000315,0.1296561604584527,0.13825214899713467,0.0494269340974212
E01000316,0.12755383765875208,0.11264494754279404,0.04362230811706239
E01000317,0.13180741910023677,0.10102604577742699,0.036306235201262825
E01000318,0.14129736673089274,0.11175337186897881,0.028259473346178548
E01000319,0.16055045871559634,0.10733944954128441,0.03944954128440367
E01000320,0.1334574798261949,0.10304158907510863,0.027312228429546864
E01000321,0.16140776699029127,0.09283980582524272,0.050970873786407765
E01000322,0.1636986301369863,0.1136986301369863,0.03424657534246575
E01000323,0.14744232698094284,0.11083249749247744,0.0366098294884654
E01000324,0.15554026152787337,0.1293874741913283,0.029593943565037854
E01000325,0.07937685459940653,0.11869436201780416,0.02744807121661721
E01000326,0.08679245283018867,0.10943396226415095,0.0330188679245283
E01000327,0.11043412033511044,0.1210967250571211,0.021325209444021324
E01000328,0.0916030534351145,0.10152671755725191,0.022137404580152672
E01000329,0.09214501510574018,0.12613293051359517,0.02945619335347432
E01000330,0.06720233747260775,0.12052593133674215,0.029218407596785977
E01000331,0.1087962962962963,0.12268518518518519,0.032407407407407406
E01000332,0.08973384030418251,0.09733840304182509,0.029657794676806085
E01000333,0.09501661129568106,0.11162790697674418,0.03787375415282392
E01000334,0.10649546827794562,0.12764350453172205,0.02945619335347432
E01000335,0.11775788977861516,0.10409797456429581,0.04945831370701837
E01000336,0.1016150740242261,0.1278600269179004,0.0531628532974428
E01000337,0.09433962264150944,0.10716981132075472,0.036226415094339624
E01000338,0.09952283571915474,0.10361281526925699,0.0354464894342195
E01000339,0.09627329192546584,0.11956521739130435,0.023291925465838508
E01000340,0.11927330173775672,0.11769352290679305,0.022116903633491312
E01000341,0.10808709175738725,0.10653188180404355,0.020995334370139968
E01000342,0.10734463276836158,0.13075060532687652,0.026634382566585957
E01000343,0.10290456431535269,0.14024896265560166,0.024066390041493777
E01000344,0.09406322282189669,0.1079414032382421,0.02313030069390902
E01000345,0.11467889908256881,0.13027522935779817,0.015596330275229359
E01000346,0.11943793911007025,0.12568306010928962,0.02029664324746292
E01000347,0.12398042414355628,0.11827079934747145,0.01468189233278956
E01000348,0.1271393643031785,0.12306438467807661,0.02689486552567237
E01000349,0.1036231884057971,0.11231884057971014,0.02753623188405797
E01000350,0.10339123242349049,0.14309346567411083,0.02315963606286187
E01000351,0.10083396512509477,0.12357846853677028,0.018953752843062926
E01000352,0.10395655546935609,0.11636927851047324,0.031031807602792862
E01000353,0.09582132564841499,0.08717579250720461,0.021613832853025938
E01000354,0.09326845093268452,0.10462287104622871,0.0202757502027575
E01000355,0.08631921824104234,0.10586319218241043,0.02035830618892508
E01000356,0.07389937106918239,0.12342767295597484,0.02358490566037736
E01000357,0.09388839681133747,0.13197519929140833,0.02037201062887511
E01000358,0.10716925351071692,0.11382113821138211,0.03399852180339985
E01000359,0.09876543209876543,0.10161443494776828,0.02184235517568851
E01000360,0.10435339308578745,0.12227912932138284,0.030089628681177975
E01000361,0.13139260424862312,0.12981904012588513,0.024390243902439025
E01000362,0.10234113712374582,0.11705685618729098,0.02608695652173913
E01000363,0.12251392203659507,0.11137629276054097,0.020684168655529037
E01000364,0.12020648967551623,0.1261061946902655,0.03908554572271387
E01000365,0.09640287769784173,0.1223021582733813,0.033093525179856115
E01000366,0.10289634146341463,0.11280487804878049,0.03048780487804878
E01000367,0.08333333333333333,0.12321428571428572,0.04523809523809524
E01000368,0.08459696727853153,0.14365522745411013,0.03990422984836393
E01000369,0.09864188706218728,0.11293781272337383,0.027162258756254467
E01000370,0.08404009252120277,0.11488049344641481,0.016191210485736313
E01000371,0.09634809634809635,0.128982128982129,0.021756021756021756
E01000372,0.0736196319018405,0.1196319018404908,0.04294478527607362
E01000373,0.07982261640798226,0.11197339246119734,0.041019955654102
E01000374,0.08890770533446232,0.12870448772226925,0.04403048264182896
E01000375,0.09872029250457039,0.1267519804996953,0.031687995124923825
E01000376,0.09727626459143969,0.14396887159533073,0.022568093385214007
E01000377,0.10123456790123457,0.1102880658436214,0.03950617283950617
E01000379,0.09216255442670537,0.12119013062409288,0.02902757619738752
E01000380,0.08513513513513514,0.12837837837837837,0.02972972972972973
E01000381,0.10398749022673964,0.11962470680218922,0.029710711493354185
E01000382,0.10989867498051442,0.10054559625876851,0.01636788776305534
E01000383,0.11136712749615975,0.1259600614439324,0.03763440860215054
E01000384,0.10285714285714286,0.11142857142857143,0.03214285714285714
E01000385,0.08906882591093117,0.12887989203778677,0.047908232118758436
E01000386,0.07886178861788617,0.11463414634146342,0.03983739837398374
E01000387,0.0811232449297972,0.10842433697347893,0.030421216848673948
E01000388,0.09951456310679611,0.09951456310679611,0.015372168284789644
E01000389,0.1111913357400722,0.09891696750902527,0.023104693140794223
E01000390,0.11069767441860465,0.11255813953488372,0.025116279069767444
E01000391,0.11127272727272727,0.128,0.032
E01000392,0.11237458193979934,0.1391304347826087,0.036120401337792644
E01000393,0.12724550898203593,0.13248502994011976,0.030688622754491017
E01000394,0.09730538922155689,0.09880239520958084,0.029191616766467067
E01000395,0.10223642172523961,0.13099041533546327,0.01597444089456869
E01000396,0.09836065573770492,0.13201035375323555,0.026747195858498704
E01000398,0.08218125960061444,0.11904761904761904,0.04531490015360983
E01000399,0.11919504643962849,0.12538699690402477,0.029411764705882353
E01000400,0.09938366718027734,0.1140215716486903,0.03543913713405239
E01000401,0.088659793814433,0.12027491408934708,0.03848797250859107
E01000402,0.07338709677419354,0.11129032258064517,0.037096774193548385
E01000403,0.0851528384279476,0.10753275109170306,0.0425764192139738
E01000404,0.08274231678486997,0.11583924349881797,0.057328605200945626
E01000405,0.09862778730703259,0.1260720411663808,0.04974271012006861
E01000406,0.12179887570268583,0.1311680199875078,0.04372267332916927
E01000407,0.09354413702239789,0.1152832674571805,0.017786561264822136
E01000408,0.0976882923191648,0.1185682326621924,0.041014168530947054
E01000409,0.10530137981118373,0.12200435729847495,0.025417574437182282
E01000410,0.11591962905718702,0.13446676970633695,0.023183925811437404
E01000411,0.11001642036124795,0.12643678160919541,0.031198686371100164
E01000412,0.12011577424023155,0.12590448625180897,0.02894356005788712
E01000413,0.11090909090909092,0.10909090909090909,0.028181818181818183
E01000414,0.10851202079272254,0.1111111111111111,0.03833658219623132
E01000415,0.10177705977382875,0.11793214862681745,0.027463651050080775
E01000416,0.0950191570881226,0.12643678160919541,0.04597701149425287
E01000417,0.12643678160919541,0.10704022988505747,0.03017241379310345
E01000418,0.1119109947643979,0.11910994764397906,0.04581151832460733
E01000419,0.11093117408906883,0.10283400809716599,0.022672064777327937
E01000420,0.09758064516129032,0.13064516129032258,0.018548387096774192
E01000421,0.10038910505836576,0.12373540856031129,0.02178988326848249
E01000422,0.10295616717635066,0.1325178389398573,0.06931702344546381
E01000423,0.11153846153846154,0.10923076923076923,0.025384615384615384
E01000424,0.09121171770972038,0.08655126498002663,0.03195739014647137
E01000425,0.09595613433858807,0.10897875257025359,0.0205620287868403
E01000426,0.11518708730741012,0.11958914159941306,0.027879677182685254
E01000427,0.08272946859903382,0.10628019323671498,0.024758454106280192
E01000428,0.07343550446998723,0.11174968071519796,0.03065134099616858
E01000429,0.07358953393295176,0.12755519215044972,0.05560098119378577
E01000430,0.09461235216819974,0.12417871222076216,0.04664914586070959
E01000431,0.08105147864184009,0.11391018619934283,0.05257393209200438
E01000433,0.10886252616887648,0.12491277041172366,0.05512909979064899
E01000434,0.07125307125307126,0.15233415233415235,0.04832104832104832
E01000435,0.0912280701754386,0.10877192982456141,0.05
E01000436,0.08589835361488905,0.1474588403722262,0.012884753042233358
E01000437,0.0972972972972973,0.13513513513513514,0.032432432432432434
E01000438,0.08934169278996865,0.11990595611285267,0.034482758620689655
E01000439,0.09506398537477148,0.1170018281535649,0.048446069469835464
E01000440,0.08680851063829788,0.12425531914893617,0.022127659574468085
E01000441,0.0811419984973704,0.1457550713749061,0.05108940646130729
E01000442,0.09576023391812866,0.1154970760233918,0.029970760233918127
E01000443,0.10351377018043685,0.09971509971509972,0.02184235517568851
E01000444,0.1162280701754386,0.10891812865497076,0.02046783625730994
E01000445,0.09660766961651918,0.10988200589970501,0.015486725663716814
E01000446,0.10310965630114566,0.1407528641571195,0.018821603927986905
E01000447,0.11356466876971609,0.10599369085173502,0.026498422712933754
E01000448,0.08594449418084155,0.10474485228290063,0.006266786034019696
E01000449,0.10283960092095165,0.08211818879508825,0.021488871834228703
E01000450,0.10129310344827586,0.11781609195402298,0.035201149425287355
E01000451,0.10774647887323943,0.12323943661971831,0.03591549295774648
E01000452,0.10899653979238755,0.1384083044982699,0.025086505190311418
E01000453,0.10446503791069923,0.12636899747262004,0.02695871946082561
E01000454,0.08892238131122833,0.11077618688771665,0.03617181612660136
E01000455,0.10497614178595774,0.11042944785276074,0.03067484662576687
E01000456,0.08745583038869258,0.12367491166077739,0.037102473498233215
E01000457,0.08688524590163935,0.08633879781420765,0.025683060109289616
E01000458,0.10161662817551963,0.09853733641262509,0.024634334103156273
E01000459,0.09005037783375315,0.095088161209068,0.031486146095717885
E01000460,0.12,0.11219512195121951,0.012682926829268294
E01000461,0.09735849056603774,0.1230188679245283,0.017358490566037735
E01000462,0.08904109589041095,0.07876712328767123,0.030821917808219176
E01000463,0.08721506442021804,0.12487611496531219,0.02576808721506442
E01000464,0.08640939597315436,0.11577181208053691,0.044463087248322146
E01000465,0.07733952049497293,0.1268368136117556,0.05336426914153132
E01000466,0.09498069498069497,0.13204633204633204,0.04864864864864865
E01000467,0.09322709163346614,0.12031872509960159,0.05896414342629482
E01000468,0.12721186035389764,0.12147297943567671,0.05404112864658058
E01000469,0.1117964533538936,0.12490362374710871,0.052428681572860444
E01000470,0.08220603537981269,0.12278876170655567,0.05931321540062435
E01000471,0.09979353062629043,0.10736407432897453,0.05092911218169305
E01000472,0.11105178857447945,0.12706887346502937,0.04538174052322477
E01000473,0.08846329229366165,0.11764705882352941,0.03967168262653899
E01000474,0.08896034297963558,0.10718113612004287,0.027867095391211148
E01000475,0.09859154929577464,0.12617370892018778,0.040492957746478875
E01000476,0.11384783798576902,0.09852216748768473,0.027914614121510674
E01000477,0.1216,0.11786666666666666,0.0304
E01000478,0.09797130133597229,0.11578426521523998,0.035625927758535375
E01000479,0.16027397260273973,0.09383561643835617,0.03561643835616438
E01000480,0.16737891737891739,0.0868945868945869,0.03205128205128205
E01000481,0.12173913043478261,0.14150197628458497,0.05138339920948617
E01000483,0.13352073085031624,0.1286015460295151,0.049191848208011243
E01000484,0.1113460183227625,0.1113460183227625,0.05637773079633545
E01000485,0.15101427498121714,0.10293012772351616,0.03005259203606311
E01000486,0.16376811594202897,0.09927536231884058,0.03695652173913044
E01000487,0.17262638717632553,0.10110974106041924,0.028976572133168926
E01000488,0.22173595915390226,0.11451495258935084,0.03792851932895697
E01000489,0.17162629757785466,0.10034602076124567,0.03875432525951557
E01000490,0.11411609498680739,0.08905013192612138,0.060026385224274406
E01000491,0.14277355178466938,0.08484493856056173,0.053832650672908135
E01000492,0.17589893100097181,0.10204081632653061,0.043731778425655975
E01000493,0.16934865900383142,0.09808429118773947,0.0475095785440613
E01000494,0.11605937921727395,0.07894736842105263,0.033063427800269905
E01000495,0.12472647702407003,0.09044493070751276,0.0437636761487965
E01000497,0.11583659764969222,0.11359820928931169,0.047006155567991044
E01000498,0.14410134600158353,0.12193190815518606,0.043547110055423596
E01000499,0.1271596406357982,0.12854181064270906,0.0663441603317208
E01000501,0.09859154929577464,0.15172855313700384,0.05569782330345711
E01000502,0.14028776978417265,0.1251798561151079,0.05971223021582734
E01000503,0.1326530612244898,0.12424969987995198,0.04141656662665066
E01000504,0.143646408839779,0.11464088397790055,0.04834254143646409
E01000505,0.1245366938472943,0.10526315789473684,0.06375092661230541
E01000506,0.1458966565349544,0.12613981762917933,0.05319148936170213
E01000507,0.13612565445026178,0.10396409872849663,0.0493642483171279
E01000508,0.10609357997823722,0.12731229597388466,0.04842219804134929
E01000509,0.15536480686695278,0.12017167381974249,0.06866952789699571
E01000510,0.18147013782542112,0.11638591117917305,0.045941807044410414
E01000511,0.14499252615844543,0.14798206278026907,0.04633781763826607
E01000512,0.14872521246458922,0.08994334277620397,0.051699716713881017
E01000513,0.16629874908020603,0.1111111111111111,0.037527593818984545
E01000514,0.1910023677979479,0.09707971586424625,0.04025256511444357
E01000515,0.17723244717109748,0.11860940695296524,0.04294478527607362
E01000516,0.1753280839895013,0.10078740157480315,0.03569553805774278
E01000517,0.174496644295302,0.08873974645786727,0.03281133482475764
E01000518,0.18416090509113764,0.10433689503456946,0.041483343808925204
E01000519,0.18401486988847585,0.11895910780669144,0.040272614622057
E01000520,0.15955056179775282,0.10262172284644194,0.035955056179775284
E01000521,0.10316139767054909,0.14198557958957295,0.06600110926234054
E01000522,0.13442622950819672,0.12524590163934426,0.0740983606557377
E01000523,0.13911060433295325,0.13568985176738882,0.05701254275940707
E01000524,0.12035583464154893,0.13553113553113552,0.054945054945054944
E01000525,0.125,0.13186813186813187,0.06456043956043957
E01000526,0.08873321657910099,0.14944541739638062,0.0595446584938704
E01000527,0.09513888888888888,0.1388888888888889,0.06180555555555556
E01000528,0.0861561119293078,0.13107511045655376,0.07216494845360824
E01000530,0.18515997277059223,0.07828454731109598,0.035398230088495575
E01000531,0.12793034159410582,0.09912926992632284,0.06028131279303416
E01000532,0.128928283642224,0.09508460918614021,0.0547945205479452
E01000533,0.11798727588201273,0.12608444187391557,0.06015037593984962
E01000534,0.1968503937007874,0.10450966356478167,0.0408017179670723
E01000535,0.1638655462184874,0.1092436974789916,0.05222088835534214
E01000536,0.13856812933025403,0.10469591993841416,0.03233256351039261
E01000538,0.15578284815106216,0.1077891424075531,0.024390243902439025
E01000539,0.17424826522744796,0.08789514263685427,0.023901310717039322
E01000540,0.16370967741935483,0.09919354838709678,0.025806451612903226
E01000541,0.18330464716006883,0.10413080895008606,0.03700516351118761
E01000543,0.15848214285714285,0.10119047619047619,0.036458333333333336
E01000544,0.09845288326300984,0.12025316455696203,0.057665260196905765
E01000545,0.12901234567901235,0.10925925925925926,0.05864197530864197
E01000546,0.14870689655172414,0.10919540229885058,0.05100574712643678
E01000547,0.1377513030528667,0.07967237527922562,0.0387192851824274
E01000548,0.09823529411764706,0.11352941176470588,0.05
E01000549,0.1654861558274308,0.08113329040566646,0.05215711526078558
E01000550,0.09042553191489362,0.09515366430260047,0.0715130023640662
E01000551,0.08791684711996535,0.1325249025552187,0.06366392377652663
E01000552,0.0997398091934085,0.13096270598438856,0.07632263660017347
E01000553,0.1257413997627521,0.13582443653618032,0.05397390272835113
E01000554,0.13963963963963963,0.13513513513513514,0.036036036036036036
E01000555,0.15569326103795508,0.09682416731216112,0.030983733539891558
E01000556,0.17764250138350857,0.11068068622025456,0.04814609850581074
E01000557,0.1304623179227359,0.10956301456618113,0.039898670044331855
E01000558,0.12717770034843207,0.10278745644599303,0.04878048780487805
E01000559,0.15004055150040552,0.0770478507704785,0.0332522303325223
E01000560,0.14492753623188406,0.10678871090770405,0.043478260869565216
E01000561,0.13288009888751545,0.10444993819530285,0.04697156983930779
E01000562,0.15642023346303502,0.09883268482490272,0.031906614785992216
E01000563,0.1555880204528853,0.10299488677867057,0.030679327976625273
E01000564,0.15194908512330946,0.1280827366746221,0.03579952267303103
E01000565,0.10766721044045677,0.10195758564437195,0.04241435562805873
E01000566,0.14573643410852713,0.10387596899224806,0.03333333333333333
E01000567,0.1534344335414808,0.10437109723461195,0.031222123104371096
E01000568,0.10096397767630644,0.06494165398274987,0.03145611364789447
E01000569,0.13449367088607594,0.10680379746835443,0.04430379746835443
E01000570,0.12874251497005987,0.11526946107784432,0.04341317365269461
E01000571,0.15359477124183007,0.10588235294117647,0.03986928104575163
E01000572,0.15754001684919966,0.10362257792754845,0.03622577927548441
E01000573,0.19515774027879676,0.0880410858400587,0.0359501100513573
E01000574,0.17140718562874252,0.10254491017964072,0.03143712574850299
E01000575,0.24358243011979464,0.11237877923559612,0.04164289788933257
E01000576,0.17243589743589743,0.10128205128205128,0.03461538461538462
E01000577,0.12039957939011567,0.13406940063091483,0.04048370136698212
E01000578,0.13789359391965256,0.09717698154180239,0.03420195439739414
E01000579,0.15169811320754717,0.09056603773584905,0.04226415094339623
E01000580,0.17383403997577226,0.07510599636583888,0.03876438522107813
E01000581,0.19966722129783693,0.09234608985024959,0.04742096505823627
E01000582,0.19831223628691982,0.06047819971870605,0.030942334739803096
E01000583,0.13093858632676708,0.09385863267670916,0.03244495944380069
E01000584,0.16626698641087131,0.09192645883293366,0.02877697841726619
E01000585,0.19291014014839242,0.08903544929925804,0.04451772464962902
E01000586,0.16633266533066132,0.08967935871743488,0.053607214428857713
E01000587,0.19442406456346295,0.10051357300073367,0.029347028613352897
E01000589,0.1617999042604117,0.10627094303494496,0.03829583532790809
E01000590,0.19385194479297366,0.0972396486825596,0.030112923462986198
E01000591,0.19630872483221476,0.11521252796420582,0.053691275167785234
E01000592,0.17880794701986755,0.10264900662251655,0.038410596026490065
E01000593,0.17511520737327188,0.10311059907834101,0.04550691244239631
E01000594,0.21189839572192512,0.10294117647058823,0.034759358288770054
E01000595,0.08293838862559241,0.1966824644549763,0.05845181674565561
E01000596,0.08202833706189411,0.1401938851603281,0.054436987322893364
E01000599,0.06501340482573727,0.11528150134048257,0.06233243967828418
E01000601,0.0962962962962963,0.10277777777777777,0.05648148148148148
E01000602,0.08755364806866953,0.11416309012875536,0.06351931330472103
E01000603,0.09926470588235294,0.14246323529411764,0.06893382352941177
E01000604,0.08339483394833948,0.11808118081180811,0.04797047970479705
E01000605,0.07555238774055595,0.1097647897362794,0.10548823948681398
E01000606,0.13151041666666666,0.11458333333333333,0.041015625
E01000607,0.13006193425440685,0.10909957122439257,0.03239637922820391
E01000608,0.11431623931623931,0.12553418803418803,0.030982905982905984
E01000609,0.10750750750750751,0.11951951951951952,0.04144144144144144
E01000610,0.11028571428571429,0.11314285714285714,0.04171428571428572
E01000611,0.096816114359974,0.1111111111111111,0.0396361273554256
E01000612,0.1000699790062981,0.14065780265920225,0.03568929321203639
E01000613,0.10832137733142037,0.13127690100430417,0.05954088952654232
E01000615,0.07751091703056769,0.07314410480349345,0.02802037845705968
E01000616,0.13227189222290264,0.11206368646662584,0.05572565829761176
E01000617,0.10221285563751317,0.09957850368809273,0.04952581664910432
E01000618,0.13071895424836602,0.11619462599854757,0.0392156862745098
E01000619,0.11804008908685969,0.11878247958426132,0.04899777282850779
E01000620,0.08900876601483479,0.10721510451786918,0.041132838840188805
E01000621,0.10939597315436242,0.10268456375838926,0.040268456375838924
E01000622,0.1733615221987315,0.1338971106412967,0.036645525017618044
E01000623,0.18758256274768825,0.1010568031704095,0.03302509907529723
E01000624,0.14895104895104896,0.1027972027972028,0.039160839160839164
E01000625,0.15434782608695652,0.10217391304347827,0.03333333333333333
E01000626,0.11083333333333334,0.12166666666666667,0.055
E01000627,0.1722689075630252,0.10204081632653061,0.046218487394957986
E01000628,0.14168937329700274,0.11852861035422343,0.08651226158038147
E01000629,0.1781931464174455,0.10965732087227414,0.03426791277258567
E01000630,0.08572710951526032,0.12522441651705565,0.057001795332136444
E01000631,0.11098130841121495,0.11974299065420561,0.039135514018691586
E01000632,0.08909444985394352,0.12512171372930866,0.04186952288218111
E01000633,0.08765915768854064,0.13320274240940255,0.039666993143976495
E01000634,0.0844062947067239,0.11301859799713877,0.04482594182164998
E01000636,0.0807746811525744,0.12423240434577232,0.042040623523854515
E01000637,0.1288,0.1136,0.0504
E01000638,0.1545399879735418,0.13349368610944076,0.040889957907396274
E01000639,0.1524008350730689,0.09951287404314545,0.04523312456506611
E01000640,0.12290825158684363,0.14598961338718985,0.04385458742065782
E01000641,0.12458581842279655,0.1219350563286945,0.06626905235255136
E01000642,0.13088463528194516,0.12415933781686497,0.0512157268494568
E01000643,0.1010158013544018,0.11117381489841986,0.07110609480812641
E01000644,0.11442786069651742,0.10199004975124377,0.046019900497512436
E01000645,0.14821124361158433,0.10051107325383304,0.014480408858603067
E01000646,0.12981744421906694,0.10209601081812035,0.029749830966869506
E01000647,0.12033511043412033,0.1210967250571211,0.0297029702970297
E01000648,0.1321762349799733,0.11348464619492657,0.02870493991989319
E01000649,0.13204118715929739,0.09751665657177468,0.019987886129618413
E01000650,0.13685636856368563,0.07723577235772358,0.028455284552845527
E01000651,0.11519078473722102,0.10223182145428365,0.02159827213822894
E01000652,0.1216702663786897,0.11807055435565154,0.020158387329013677
E01000653,0.1260904044409199,0.07295796986518636,0.0190325138778747
E01000654,0.12755598831548198,0.12950340798442064,0.019474196689386564
E01000655,0.1349056603773585,0.1339622641509434,0.024528301886792454
E01000656,0.11726907630522089,0.13253012048192772,0.02248995983935743
E01000657,0.1320901320901321,0.11888111888111888,0.024087024087024088
E01000658,0.1009409751924722,0.11804961505560307,0.011976047904191617
E01000659,0.1303972366148532,0.14421416234887738,0.02158894645941278
E01000661,0.09780534351145038,0.10257633587786259,0.042938931297709926
E01000662,0.1348870056497175,0.1362994350282486,0.02824858757062147
E01000663,0.10281797410510282,0.14013709063214014,0.0297029702970297
E01000664,0.11742133537989255,0.12279355333844973,0.029930928626247123
E01000665,0.1317365269461078,0.1264138389886893,0.027944111776447105
E01000666,0.13863216266173753,0.10659272951324707,0.027726432532347505
E01000667,0.14213564213564214,0.12626262626262627,0.01948051948051948
E01000668,0.11293984108967083,0.10839954597048808,0.03234960272417707
E01000669,0.14337175792507204,0.12680115273775217,0.02089337175792507
E01000670,0.13287585776668745,0.07610729881472239,0.024329382407985028
E01000671,0.11257550796265788,0.09500274574409664,0.036243822075782535
E01000672,0.13043478260869565,0.09064112011790715,0.027266028002947678
E01000673,0.1498069498069498,0.10347490347490347,0.023166023166023165
E01000674,0.14316702819956617,0.09689081706435286,0.03253796095444685
E01000676,0.11677534084173088,0.0989922940130409,0.04564315352697095
E01000677,0.1362397820163488,0.11239782016348773,0.04632152588555858
E01000678,0.1281699794379712,0.09458533241946539,0.02604523646333105
E01000679,0.1422319474835886,0.10722100656455143,0.029175784099197667
E01000680,0.12972202423378476,0.10049893086243764,0.021382751247327157
E01000681,0.10567936736161035,0.12221423436376708,0.02228612508986341
E01000682,0.0765661252900232,0.09280742459396751,0.02397525135344161
E01000683,0.09198813056379822,0.11646884272997032,0.028189910979228485
E01000684,0.10297766749379653,0.11228287841191067,0.019230769230769232
E01000685,0.0985144644253323,0.10946051602814699,0.022673964034401875
E01000686,0.10851419031719532,0.12103505843071787,0.020868113522537562
E01000687,0.10413476263399694,0.11638591117917305,0.01761102603369066
E01000688,0.12118491921005387,0.11490125673249552,0.01615798922800718
E01000689,0.136986301369863,0.10394842868654311,0.0427074939564867
E01000690,0.12431941923774954,0.10526315789473684,0.023593466424682397
E01000691,0.11246943765281174,0.12795436022819887,0.021189894050529748
E01000692,0.13171839515518546,0.09765329295987887,0.028766086298258896
E01000693,0.11503067484662577,0.06748466257668712,0.032975460122699383
E01000694,0.10834715312327253,0.08181315644002211,0.01990049751243781
E01000695,0.12812248186946013,0.09427880741337631,0.017727639000805803
E01000696,0.12362838332114119,0.08339429407461595,0.010972933430870519
E01000697,0.12285518188057652,0.09608785175017158,0.032944406314344546
E01000698,0.14799588900308325,0.09146968139773895,0.017471736896197326
E01000699,0.13624678663239073,0.12853470437017994,0.05741216795201371
E01000700,0.1184640522875817,0.11683006535947713,0.024509803921568627
E01000701,0.11441048034934498,0.11615720524017467,0.03755458515283843
E01000702,0.11794871794871795,0.10341880341880341,0.028205128205128206
E01000703,0.11492537313432835,0.09925373134328358,0.03507462686567164
E01000704,0.1266891891891892,0.11739864864864864,0.03885135135135135
E01000705,0.11967361740707162,0.11514052583862194,0.0471441523118767
E01000706,0.11876699909338169,0.11514052583862194,0.02629193109700816
E01000707,0.12979890310786105,0.11608775137111517,0.022851919561243144
E01000708,0.10196374622356495,0.12613293051359517,0.012084592145015106
E01000709,0.09923664122137404,0.07718405428329092,0.03816793893129771
E01000710,0.10771543086172344,0.08867735470941884,0.02905811623246493
E01000711,0.12213267203967762,0.08617482951022938,0.029758214507129573
E01000712,0.1257328990228013,0.07947882736156352,0.03517915309446254
E01000713,0.11275773195876289,0.07925257731958762,0.027061855670103094
E01000714,0.1143646408839779,0.09613259668508287,0.041988950276243095
E01000715,0.12640635340833886,0.06882859033752482,0.026472534745201854
E01000716,0.11507647487254188,0.06919155134741442,0.02986161689730517
E01000717,0.12072575017445918,0.08164689462665736,0.0209351011863224
E01000718,0.10471524800979792,0.11022657685241886,0.05695039804041641
E01000719,0.10253164556962026,0.1240506329113924,0.03481012658227848
E01000720,0.09410007468259896,0.13965646004480955,0.03435399551904406
E01000721,0.09268707482993198,0.12159863945578231,0.031462585034013606
E01000722,0.10033670033670034,0.13198653198653199,0.03771043771043771
E01000723,0.08812615955473098,0.10853432282003711,0.013914656771799629
E01000724,0.10383386581469649,0.11661341853035144,0.039936102236421724
E01000725,0.07234042553191489,0.10921985815602837,0.04397163120567376
E01000726,0.08340888485947416,0.10970081595648232,0.021758839528558477
E01000727,0.09899569583931134,0.10114777618364419,0.021520803443328552
E01000728,0.10959939531368103,0.10959939531368103,0.036281179138321996
E01000729,0.09078309078309078,0.11642411642411643,0.04573804573804574
E01000730,0.1072768192048012,0.13278319579894973,0.05326331582895724
E01000731,0.09888059701492537,0.12686567164179105,0.03451492537313433
E01000732,0.13104013104013104,0.11302211302211303,0.020475020475020474
E01000733,0.1095890410958904,0.11796042617960426,0.03120243531202435
E01000734,0.1348314606741573,0.10955056179775281,0.03464419475655431
E01000735,0.10084033613445378,0.12016806722689076,0.031932773109243695
E01000736,0.1083398285268901,0.1309431021044427,0.0475448168355417
E01000737,0.11151736745886655,0.10054844606946983,0.029250457038391225
E01000738,0.11127379209370425,0.11420204978038068,0.02342606149341142
E01000739,0.0768,0.1336,0.048
E01000741,0.13630490956072353,0.0917312661498708,0.047157622739018086
E01000742,0.12727272727272726,0.10795454545454546,0.05
E01000743,0.09846547314578005,0.11381074168797954,0.04603580562659847
E01000744,0.10284810126582279,0.11550632911392406,0.05933544303797468
E01000745,0.12825520833333334,0.09309895833333333,0.053385416666666664
E01000746,0.13743218806509946,0.10608800482218204,0.04159132007233273
E01000747,0.15228113440197288,0.10974106041923551,0.020345252774352653
E01000748,0.1561439239646979,0.09775967413441955,0.02240325865580448
E01000749,0.1282420749279539,0.10734870317002881,0.012247838616714697
E01000750,0.07394957983193277,0.1319327731092437,0.03613445378151261
E01000751,0.10067873303167421,0.1080316742081448,0.03167420814479638
E01000752,0.1069703243616287,0.11525189786059352,0.03243616287094548
E01000753,0.10845706907682376,0.11491284699806327,0.01872175597159458
E01000754,0.11016949152542373,0.10310734463276836,0.026836158192090395
E01000755,0.1111111111111111,0.1050228310502283,0.02663622526636225
E01000756,0.1251798561151079,0.1,0.017985611510791366
E01000757,0.10692307692307693,0.10538461538461538,0.011538461538461539
E01000758,0.0872540633019675,0.10436270316509838,0.028229255774165955
E01000759,0.12866817155756208,0.12791572610985705,0.023325808878856283
E01000760,0.11422087745839637,0.11043872919818457,0.030257186081694403
E01000761,0.1187800963081862,0.12680577849117175,0.024879614767255216
E01000762,0.11142857142857143,0.11071428571428571,0.02
E01000763,0.1263877028181042,0.12040990606319385,0.01964133219470538
E01000764,0.11033028812368235,0.1257905832747716,0.03232607167955025
E01000765,0.14035087719298245,0.11087719298245614,0.028070175438596492
E01000766,0.11095406360424029,0.13780918727915195,0.012720848056537103
E01000767,0.11688311688311688,0.11077158135981666,0.026737967914438502
E01000768,0.09023789991796555,0.12223133716160788,0.03199343724364233
E01000769,0.11347517730496454,0.11436170212765957,0.03900709219858156
E01000770,0.1192873741285825,0.08210689388071263,0.026336173508907823
E01000771,0.1288855193328279,0.11296436694465505,0.026535253980288095
E01000772,0.1154700222057735,0.0917838638045892,0.025166543301258327
E01000773,0.1005631536604988,0.12148028962188254,0.017699115044247787
E01000774,0.11819727891156463,0.1130952380952381,0.02295918367346939
E01000775,0.13432835820895522,0.10392482034273079,0.032061912658927584
E01000777,0.10996835443037975,0.12183544303797468,0.030063291139240507
E01000778,0.11809815950920245,0.13420245398773006,0.039110429447852764
E01000779,0.12456445993031359,0.1019163763066202,0.04355400696864112
E01000780,0.12206572769953052,0.10250391236306729,0.05242566510172144
E01000781,0.10650887573964497,0.13609467455621302,0.05409974640743871
E01000782,0.0810580204778157,0.1561433447098976,0.04522184300341297
E01000783,0.09951060358890701,0.12887438825448613,0.037520391517128875
E01000784,0.11798679867986799,0.11056105610561057,0.033003300330033
E01000785,0.1292743953294412,0.12010008340283569,0.03252710592160134
E01000786,0.11287758346581876,0.0945945945945946,0.018282988871224166
E01000787,0.08326530612244898,0.11510204081632654,0.024489795918367346
E01000788,0.10371517027863777,0.10990712074303406,0.037925696594427245
E01000789,0.0888208269525268,0.13935681470137826,0.058958652373660034
E01000790,0.10830324909747292,0.09902011346054668,0.036616812790097986
E01000791,0.08692247454972592,0.09631949882537197,0.023492560689115115
E01000792,0.10607356715141146,0.11206159110350727,0.0290846877673225
E01000793,0.10975609756097561,0.11585365853658537,0.022103658536585365
E01000794,0.10204081632653061,0.11067503924646782,0.02197802197802198
E01000795,0.09916589434661724,0.10936051899907322,0.03614457831325301
E01000796,0.08991596638655462,0.12941176470588237,0.05630252100840336
E01000797,0.14274809160305343,0.08778625954198473,0.028244274809160305
E01000798,0.10377358490566038,0.11242138364779874,0.0440251572327044
E01000799,0.12195121951219512,0.12334494773519164,0.04111498257839721
E01000800,0.11527165932452275,0.12261380323054331,0.041116005873715125
E01000801,0.12358642972536349,0.11954765751211632,0.045234248788368334
E01000802,0.12151394422310757,0.1102257636122178,0.04448871181938911
E01000803,0.13183520599250936,0.10711610486891386,0.03146067415730337
E01000804,0.14944491887275832,0.10247651579846286,0.037574722459436376
E01000805,0.11863173216885008,0.10771470160116449,0.039301310043668124
E01000806,0.11486486486486487,0.1313813813813814,0.04954954954954955
E01000807,0.12441314553990611,0.11189358372456965,0.02269170579029734
E01000808,0.09409888357256778,0.10047846889952153,0.017543859649122806
E01000809,0.09402390438247012,0.10199203187250996,0.024701195219123506
E01000810,0.0988562091503268,0.1053921568627451,0.018790849673202614
E01000811,0.12617702448210924,0.09227871939736347,0.02071563088512241
E01000812,0.08734939759036145,0.10466867469879518,0.02786144578313253
E01000813,0.10728582866293035,0.09127301841473179,0.01921537229783827
E01000814,0.09105431309904154,0.10303514376996806,0.013578274760383386
E01000815,0.10426929392446634,0.09113300492610837,0.007389162561576354
E01000816,0.12861736334405144,0.11254019292604502,0.03295819935691318
E01000818,0.11270638908829864,0.11629576453697056,0.017946877243359655
E01000819,0.10437710437710437,0.12255892255892256,0.04040404040404041
E01000820,0.12828438948995363,0.09505409582689335,0.0401854714064915
E01000822,0.1278976818545164,0.1079136690647482,0.03597122302158273
E01000823,0.13602941176470587,0.1036764705882353,0.03823529411764706
E01000824,0.14119749776586238,0.1126005361930295,0.03395889186773905
E01000825,0.11538461538461539,0.08579881656804733,0.03328402366863906
E01000826,0.12987012987012986,0.11917494270435447,0.02750190985485103
E01000827,0.105890603085554,0.08555399719495091,0.025245441795231416
E01000828,0.11704462326261887,0.09729334308705194,0.030724213606437453
E01000829,0.13112391930835735,0.0914985590778098,0.030979827089337175
E01000830,0.12882953652788687,0.10604870384917518,0.01335428122545169
E01000831,0.1110310021629416,0.10454217736121124,0.017303532804614274
E01000832,0.12826603325415678,0.1187648456057007,0.018210609659540775
E01000833,0.10912190963341858,0.1432225063938619,0.011935208866155157
E01000834,0.12830188679245283,0.12830188679245283,0.02358490566037736
E01000835,0.10603932584269662,0.12429775280898876,0.020365168539325844
E01000836,0.13812154696132597,0.1261510128913444,0.02394106813996317
E01000837,0.1082598235765838,0.1218925421010425,0.023255813953488372
E01000838,0.10481825866441251,0.11158072696534235,0.02282333051563821
E01000839,0.1086398631308811,0.11035072711719418,0.023096663815226688
E01000840,0.08902532617037605,0.08979278587874137,0.017651573292402148
E01000841,0.11357142857142857,0.11714285714285715,0.017857142857142856
E01000842,0.1668029435813573,0.06623058053965658,0.028618152085036794
E01000843,0.15369836695485112,0.056676272814601344,0.024975984630163303
E01000844,0.186887716654107,0.05275056518462698,0.02110022607385079
E01000845,0.18886198547215496,0.05488297013720742,0.02986279257465698
E01000846,0.12532637075718014,0.12619669277632725,0.05221932114882506
E01000847,0.13080495356037153,0.08668730650154799,0.037925696594427245
E01000848,0.16853932584269662,0.058587479935794544,0.025682182985553772
E01000849,0.1577152600170503,0.04688832054560955,0.027280477408354646
E01000850,0.10378057820607858,0.05782060785767235,0.011860637509266123
E01000851,0.09971305595408896,0.036585365853658534,0.021520803443328552
E01000853,0.08818770226537216,0.07605177993527508,0.05906148867313916
E01000855,0.09746109746109746,0.05978705978705979,0.03849303849303849
E01000856,0.09992652461425422,0.09257898603967671,0.050698016164584865
E01000857,0.1567291311754685,0.07325383304940375,0.034071550255536626
E01000858,0.07934585099939431,0.09206541490006057,0.05330102967898243
E01000859,0.18947368421052632,0.06153846153846154,0.025910931174089068
E01000860,0.16649642492339123,0.05720122574055159,0.02553626149131767
E01000861,0.1306772908366534,0.0796812749003984,0.06135458167330677
E01000862,0.18949609652235627,0.046132008516678494,0.0191625266146203
E01000863,0.12612612612612611,0.04954954954954955,0.042042042042042045
E01000866,0.14355528405620036,0.07819181429444105,0.0354306658521686
E01000867,0.10383597883597884,0.08333333333333333,0.06415343915343916
E01000868,0.10964912280701754,0.10307017543859649,0.06067251461988304
E01000869,0.126694166175604,0.07778432527990571,0.037124337065409546
E01000870,0.14413075780089152,0.08915304606240713,0.04309063893016345
E01000871,0.1602086438152012,0.07451564828614009,0.03204172876304024
E01000872,0.1319490957803081,0.09243134628265237,0.042866711319490956
E01000873,0.1548974943052392,0.06605922551252848,0.02885345482156416
E01000874,0.18039538714991762,0.0642504118616145,0.0214168039538715
E01000875,0.13173216885007277,0.08733624454148471,0.043668122270742356
E01000876,0.09363295880149813,0.09300873907615481,0.046192259675405745
E01000877,0.140625,0.06907894736842106,0.032072368421052634
E01000878,0.15627292736610418,0.06969919295671313,0.030814380044020543
E01000879,0.17968015051740358,0.05268109125117592,0.031044214487300093
E01000880,0.16563330380868024,0.06023029229406555,0.022143489813994686
E01000881,0.12599118942731277,0.06872246696035242,0.04140969162995595
E01000882,0.2010178117048346,0.05089058524173028,0.029686174724342665
E01000883,0.14934565050038492,0.05234795996920708,0.036181678214010776
E01000884,0.20155709342560554,0.06055363321799308,0.02768166089965398
E01000885,0.20285714285714285,0.06380952380952382,0.01619047619047619
E01000886,0.19823788546255505,0.07753303964757709,0.03700440528634361
E01000887,0.15033222591362128,0.06976744186046512,0.04235880398671096
E01000888,0.16317991631799164,0.0887029288702929,0.03682008368200837
E01000889,0.09749303621169916,0.10445682451253482,0.06337047353760446
E01000890,0.08245445829338446,0.11888782358581017,0.058485139022051776
E01000891,0.07881773399014778,0.08702791461412152,0.05747126436781609
E01000892,0.15601882985877605,0.08137188971082716,0.03496973772696705
E01000893,0.2201524132091448,0.05249788314987299,0.02286198137171888
E01000894,0.21611001964636542,0.05108055009823183,0.01669941060903733
E01000895,0.17029257314328583,0.05101275318829707,0.03900975243810953
E01000896,0.21229991575400167,0.05897219882055602,0.02443133951137321
E01000897,0.20033112582781457,0.04470198675496689,0.011589403973509934
E01000898,0.094186902133922,0.05739514348785872,0.034584253127299486
E01000899,0.23035019455252917,0.054474708171206226,0.019455252918287938
E01000900,0.13263157894736843,0.07929824561403509,0.047017543859649125
E01000901,0.08980418636056718,0.1323430114787306,0.04726536124240378
E01000902,0.0842745438748914,0.11207645525629888,0.04865334491746308
E01000903,0.15294117647058825,0.08991596638655462,0.031932773109243695
E01000904,0.09378531073446328,0.08644067796610169,0.05141242937853107
E01000905,0.08377659574468085,0.10837765957446809,0.04920212765957447
E01000906,0.1689351481184948,0.06405124099279423,0.03282626100880705
E01000907,0.12678421494542402,0.08816120906801007,0.05373635600335852
E01000908,0.12767584097859327,0.08027522935779817,0.046636085626911315
E01000909,0.21898928024502298,0.07963246554364471,0.02679938744257274
E01000910,0.23545210384959714,0.07072515666965085,0.020590868397493287
E01000911,0.16036943744752308,0.07304785894206549,0.03946263643996641
E01000912,0.12565055762081784,0.10780669144981413,0.05427509293680297
E01000913,0.21506154960173787,0.0782041998551774,0.024619840695148443
E01000914,0.12614678899082568,0.05963302752293578,0.034403669724770644
E01000915,0.11243072050673,0.11243072050673,0.050673000791765635
E01000916,0.11217756448710257,0.07918416316736653,0.04079184163167367
E01000917,0.08910162002945508,0.11045655375552282,0.06995581737849779
E01000918,0.10290556900726393,0.06174334140435835,0.03571428571428571
E01000919,0.11389521640091116,0.0683371298405467,0.033409263477600606
E01000920,0.14070006863417983,0.07824296499656828,0.0363761153054221
E01000921,0.15601965601965603,0.08968058968058969,0.0386977886977887
E01000922,0.10869565217391304,0.06219806763285024,0.035628019323671496
E01000923,0.1489191353082466,0.08086469175340272,0.04083266613290633
E01000924,0.14795918367346939,0.060495626822157436,0.03571428571428571
E01000925,0.09548167092924126,0.1184995737425405,0.05541346973572037
E01000926,0.1085899513776337,0.10615883306320907,0.04051863857374392
E01000927,0.1569811320754717,0.07773584905660377,0.04226415094339623
E01000928,0.16423103688239388,0.08281141266527488,0.03966597077244259
E01000929,0.1062124248496994,0.10220440881763528,0.05410821643286573
E01000930,0.0920138888888889,0.10474537037037036,0.04918981481481482
E01000931,0.1008955223880597,0.10686567164179105,0.05552238805970149
E01000932,0.12126984126984126,0.06095238095238095,0.03111111111111111
E01000933,0.13974950560316415,0.07778510217534608,0.05800922874093606
E01000934,0.09928514694201747,0.11755361397934869,0.05877680698967434
E01000935,0.13033175355450238,0.13270142180094788,0.04739336492890995
E01000937,0.0671785028790787,0.04030710172744722,0.023032629558541268
E01000938,0.0796979865771812,0.09312080536912752,0.06795302013422819
E01000939,0.08042242079610074,0.0982940698619009,0.05117790414297319
E01000941,0.08924949290060852,0.10547667342799188,0.059837728194726165
E01000942,0.07225130890052356,0.05445026178010471,0.032460732984293195
E01000943,0.05263157894736842,0.02794022092267706,0.02599090318388564
E01000944,0.08022690437601297,0.08589951377633712,0.055915721231766614
E01000946,0.13793103448275862,0.06666666666666667,0.041379310344827586
E01000947,0.11088844355377421,0.07682030728122913,0.04275217100868404
E01000948,0.15926493108728942,0.07350689127105667,0.03445635528330781
E01000949,0.07322654462242563,0.10755148741418764,0.05263157894736842
E01000951,0.06988352745424292,0.10815307820299501,0.064891846921797
E01000952,0.0799716914366596,0.10828025477707007,0.060155697098372256
E01000954,0.06864988558352403,0.11212814645308924,0.05339435545385202
E01000955,0.0768526989935956,0.11161939615736505,0.04483074107959744
E01000956,0.0705596107055961,0.0948905109489051,0.062449310624493104
E01000957,0.11993097497842968,0.07679033649698015,0.062122519413287315
E01000958,0.06215578284815106,0.06451612903225806,0.03619197482297404
E01000959,0.06573426573426573,0.08531468531468532,0.055944055944055944
E01000960,0.10600255427841634,0.070242656449553,0.03065134099616858
E01000961,0.09902370990237098,0.08647140864714087,0.046722454672245464
E01000962,0.13944817300521997,0.04697986577181208,0.02237136465324385
E01000963,0.12,0.05032258064516129,0.034193548387096775
E01000964,0.14236824093086928,0.06570841889117043,0.040383299110198494
E01000965,0.125,0.06811797752808989,0.04353932584269663
E01000966,0.1532137518684604,0.052316890881913304,0.026905829596412557
E01000967,0.17857142857142858,0.06818181818181818,0.021103896103896104
E01000968,0.09720062208398134,0.061430793157076204,0.03265940902021773
E01000969,0.13506815365551425,0.05390334572490706,0.027881040892193308
E01000970,0.1284475965327029,0.05279747832939322,0.036249014972419225
E01000971,0.15207373271889402,0.06728110599078341,0.02488479262672811
E01000972,0.10259433962264151,0.09375,0.04658018867924528
E01000973,0.11061151079136691,0.06924460431654676,0.03821942446043165
E01000974,0.09327548806941431,0.0918293564714389,0.04121475054229935
E01000975,0.13802083333333334,0.09375,0.035416666666666666
E01000976,0.14394829612220916,0.10164512338425381,0.04465334900117509
E01000977,0.12314356435643564,0.10396039603960396,0.04641089108910891
E01000978,0.11846689895470383,0.09895470383275261,0.04390243902439024
E01000979,0.1477900552486188,0.10497237569060773,0.0393646408839779
E01000980,0.10025706940874037,0.11996572407883462,0.04027420736932305
E01000981,0.12307692307692308,0.1076923076923077,0.0380952380952381
E01000982,0.12125863392171911,0.11818879508825787,0.03760552570990023
E01000983,0.13000656598818122,0.09455022980958634,0.02954694681549573
E01000984,0.11528150134048257,0.11662198391420911,0.0388739946380697
E01000985,0.1111111111111111,0.08623548922056384,0.026533996683250415
E01000986,0.11401098901098901,0.10645604395604395,0.042582417582417584
E01000987,0.11940298507462686,0.10974539069359086,0.029850746268656716
E01000989,0.10764872521246459,0.12181303116147309,0.031161473087818695
E01000990,0.08347826086956522,0.12434782608695652,0.059130434782608696
E01000991,0.124,0.10866666666666666,0.02266666666666667
E01000992,0.1078042328042328,0.12896825396825398,0.05026455026455026
E01000993,0.10747663551401869,0.13239875389408098,0.03115264797507788
E01000994,0.15203761755485892,0.10893416927899686,0.04623824451410658
E01000995,0.1445874337623013,0.13247539742619227,0.04844814534443603
E01000996,0.1080835603996367,0.11989100817438691,0.051771117166212535
E01000997,0.10466067048242028,0.12264922322158626,0.05396565821749796
E01000998,0.12037037037037036,0.12121212121212122,0.04208754208754209
E01000999,0.09448082319925163,0.12909260991580918,0.03274087932647334
E01001000,0.13725490196078433,0.13258636788048553,0.04295051353874883
E01001001,0.11343012704174228,0.14519056261343014,0.05535390199637023
E01001002,0.11937716262975778,0.12975778546712802,0.05190311418685121
E01001003,0.11193415637860082,0.12510288065843622,0.04197530864197531
E01001004,0.10985748218527316,0.13598574821852732,0.0498812351543943
E01001005,0.09888475836431226,0.15018587360594796,0.040892193308550186
E01001006,0.08812546676624347,0.128454070201643,0.04630321135175504
E01001007,0.11874197689345314,0.14762516046213095,0.029525032092426188
E01001008,0.0958036421219319,0.12826603325415678,0.047505938242280284
E01001009,0.09013716525146963,0.14500326583932072,0.047028086218158065
E01001010,0.08577878103837472,0.12415349887133183,0.05041384499623777
E01001011,0.0825214899713467,0.1518624641833811,0.06991404011461318
E01001012,0.10685608400247067,0.1192093885114268,0.04941321803582458
E01001013,0.08328230251071647,0.1224739742804654,0.07960808328230251
E01001015,0.08877284595300261,0.13838120104438642,0.034812880765883375
E01001016,0.1168091168091168,0.09757834757834757,0.037037037037037035
E01001017,0.12059925093632959,0.10636704119850188,0.01947565543071161
E01001018,0.10625470987189148,0.12358703843255464,0.024114544084400905
E01001019,0.10165289256198347,0.1115702479338843,0.02231404958677686
E01001020,0.11586314152410575,0.12052877138413685,0.024883359253499222
E01001021,0.08803827751196172,0.12631578947368421,0.03636363636363636
E01001022,0.12070343725019984,0.10391686650679456,0.023181454836131096
E01001023,0.10787757150025087,0.0958354239839438,0.031108881083793276
E01001024,0.09225092250922509,0.11439114391143912,0.03136531365313653
E01001025,0.10849056603773585,0.12547169811320755,0.02358490566037736
E01001026,0.11181434599156118,0.13150492264416316,0.034458509142053444
E01001027,0.10408921933085502,0.10594795539033457,0.02462825278810409
E01001028,0.14857975236707938,0.09541150764748725,0.01747997086671522
E01001029,0.10504201680672269,0.09313725490196079,0.03011204481792717
E01001030,0.13898305084745763,0.12372881355932204,0.025423728813559324
E01001031,0.14297658862876253,0.11872909698996656,0.025919732441471572
E01001032,0.12876935615321924,0.11491442542787286,0.013039934800325998
E01001033,0.13683431952662722,0.1205621301775148,0.028106508875739646
E01001034,0.13953488372093023,0.10465116279069768,0.037209302325581395
E01001035,0.13032089063523247,0.10150622134905042,0.04191224623444663
E01001036,0.10487982520029134,0.0764748725418791,0.032046613255644577
E01001037,0.11528822055137844,0.1111111111111111,0.04093567251461988
E01001038,0.12828736369467608,0.09557408595253368,0.04105195638229634
E01001039,0.1033091202582728,0.11380145278450363,0.02744148506860371
E01001040,0.13177159590043924,0.11493411420204978,0.03733528550512445
E01001041,0.11495946941783346,0.1208548268238762,0.0449521002210759
E01001042,0.12405797101449276,0.13623188405797101,0.059130434782608696
E01001044,0.10377924415116976,0.07558488302339532,0.032993401319736056
E01001046,0.11546252532072923,0.07967589466576637,0.04456448345712356
E01001047,0.12101910828025478,0.10120311394196745,0.04883227176220807
E01001049,0.13810316139767054,0.11064891846921797,0.021630615640599003
E01001050,0.09305654974946313,0.09377236936292055,0.04509663564781675
E01001051,0.0703125,0.13975694444444445,0.04774305555555555
E01001052,0.058447488584474884,0.12511415525114156,0.06118721461187215
E01001053,0.08204711616571893,0.13078797725426483,0.04955320877335499
E01001054,0.09137426900584796,0.12573099415204678,0.05043859649122807
E01001055,0.07413509060955518,0.15321252059308071,0.04695222405271829
E01001056,0.09038619556285948,0.17748562037797863,0.05341002465078061
E01001057,0.06689246401354784,0.15918712955122777,0.06181202370872142
E01001058,0.09635173058933583,0.1412535079513564,0.037418147801683815
E01001059,0.10044052863436123,0.11894273127753303,0.02907488986784141
E01001060,0.10737179487179487,0.14743589743589744,0.028846153846153848
E01001061,0.09339407744874716,0.1275626423690205,0.0425208807896735
E01001062,0.10829493087557604,0.09754224270353302,0.023809523809523808
E01001063,0.11974623314829501,0.14036478984932593,0.02696272799365583
E01001064,0.13499633162142333,0.1078503301540719,0.027879677182685254
E01001065,0.09460654288240496,0.10610079575596817,0.03183023872679045
E01001066,0.09506726457399103,0.14349775784753363,0.053811659192825115
E01001067,0.1328358208955224,0.10522388059701493,0.022388059701492536
E01001068,0.11800818553888132,0.11118690313778991,0.02455661664392906
E01001069,0.13768115942028986,0.09782608695652174,0.019021739130434784
E01001070,0.11587982832618025,0.10300429184549356,0.032188841201716736
E01001071,0.12673267326732673,0.11353135313531353,0.02442244224422442
E01001072,0.1484437350359138,0.10375099760574621,0.018355945730247406
E01001073,0.10327022375215146,0.09294320137693632,0.0378657487091222
E01001074,0.11503267973856209,0.11372549019607843,0.03529411764705882
E01001075,0.12256049960967993,0.10694769711163153,0.0273224043715847
E01001076,0.09188741721854304,0.13658940397350994,0.03642384105960265
E01001077,0.10433979686057249,0.12280701754385964,0.030470914127423823
E01001078,0.07727272727272727,0.14545454545454545,0.035454545454545454
E01001079,0.09501187648456057,0.12114014251781473,0.03800475059382423
E01001080,0.07236268526591107,0.13077593722755013,0.04882301656495205
E01001081,0.09674502712477397,0.14556962025316456,0.03887884267631103
E01001082,0.10008340283569642,0.12844036697247707,0.03919933277731443
E01001083,0.1426448736998514,0.09361069836552749,0.03268945022288262
E01001084,0.15308641975308643,0.09753086419753086,0.044444444444444446
E01001085,0.16749467707594037,0.11426543647977289,0.0511000709723208
E01001086,0.14645776566757493,0.10354223433242507,0.03814713896457766
E01001087,0.15316117542297417,0.12422083704363313,0.04452359750667854
E01001088,0.12316715542521994,0.10337243401759531,0.04325513196480939
E01001089,0.1470383275261324,0.11707317073170732,0.05226480836236934
E01001090,0.13870246085011187,0.12751677852348994,0.04586129753914989
E01001091,0.1431818181818182,0.1143939393939394,0.02878787878787879
E01001092,0.09647495361781076,0.08039579468150897,0.017934446505875078
E01001093,0.11242192921582235,0.11172796668979876,0.03469812630117974
E01001094,0.17092768444119796,0.09861212563915267,0.021183345507669833
E01001095,0.10698878343399482,0.12424503882657463,0.04314063848144953
E01001096,0.11990008326394672,0.10407993338884262,0.038301415487094086
E01001097,0.10708822029576746,0.10453850076491586,0.035696073431922486
E01001098,0.1292743953294412,0.0950792326939116,0.02418682235195997
E01001099,0.1079967023907667,0.11129431162407255,0.026380873866446827
E01001100,0.11479385610347616,0.10832659660468877,0.029911075181891674
E01001101,0.10907504363001745,0.12216404886561955,0.020942408376963352
E01001102,0.12042310821806347,0.10903173311635476,0.021969080553295363
E01001103,0.10921248142644874,0.10921248142644874,0.019316493313521546
E01001104,0.11273792093704246,0.09882869692532943,0.029282576866764276
E01001105,0.12490922294843863,0.13725490196078433,0.0392156862745098
E01001106,0.10901639344262296,0.12622950819672132,0.020491803278688523
E01001107,0.10591672753834916,0.09495982468955443,0.028487947406866325
E01001108,0.12535211267605634,0.10352112676056338,0.019014084507042252
E01001109,0.09211986681465038,0.12985571587125416,0.06437291897891231
E01001110,0.09570552147239264,0.1294478527607362,0.051533742331288344
E01001111,0.13112391930835735,0.11959654178674352,0.037463976945244955
E01001112,0.10617760617760617,0.11454311454311454,0.05083655083655084
E01001113,0.1317289423685877,0.13299556681443953,0.06396453451551615
E01001114,0.0970873786407767,0.14651368049426303,0.0617828773168579
E01001115,0.08825674690007294,0.11524434719183078,0.037199124726477024
E01001116,0.11594202898550725,0.10400682011935208,0.06564364876385337
E01001118,0.09512341962673089,0.13847080072245635,0.055388320288982544
E01001119,0.09430756159728122,0.13338997451146983,0.01954120645709431
E01001120,0.10265811182401467,0.12557286892758937,0.02841429880843263
E01001121,0.10451727192205491,0.1204605845881311,0.01948627103631532
E01001122,0.132996632996633,0.09259259259259259,0.026936026936026935
E01001123,0.12444444444444444,0.1,0.018518518518518517
E01001124,0.1053423626787058,0.10158013544018059,0.024830699774266364
E01001125,0.09969788519637462,0.12311178247734139,0.026435045317220542
E01001126,0.09507640067911714,0.13497453310696095,0.019524617996604415
E01001127,0.1074561403508772,0.1162280701754386,0.03654970760233918
E01001128,0.06835443037974684,0.13164556962025317,0.060759493670886074
E01001129,0.10437710437710437,0.1127946127946128,0.018518518518518517
E01001130,0.06729131175468483,0.16269165247018738,0.06814310051107325
E01001131,0.10900082576383155,0.12469033856317094,0.03633360858794385
E01001132,0.1162962962962963,0.10444444444444445,0.027407407407407408
E01001133,0.1072961373390558,0.11087267525035766,0.017167381974248927
E01001134,0.11028867505551443,0.11843079200592153,0.029607698001480384
E01001135,0.11349036402569593,0.10706638115631692,0.02569593147751606
E01001136,0.13393393393393394,0.12912912912912913,0.044444444444444446
E01001137,0.13154831199068684,0.09778812572759023,0.04074505238649592
E01001138,0.1176954732510288,0.09958847736625515,0.04691358024691358
E01001139,0.10963944076526858,0.12729948491537896,0.046357615894039736
E01001140,0.12944738834216502,0.11506434519303559,0.03785011355034065
E01001141,0.11851126346718903,0.13712047012732614,0.04407443682664055
E01001142,0.10115979381443299,0.1056701030927835,0.047036082474226804
E01001143,0.1325459317585302,0.12270341207349081,0.047900262467191604
E01001144,0.1083676268861454,0.10082304526748971,0.047325102880658436
E01001145,0.0877447425670776,0.1312545322697607,0.06163886874546773
E01001146,0.11674718196457327,0.13446054750402575,0.050724637681159424
E01001147,0.12684365781710916,0.14233038348082597,0.061946902654867256
E01001148,0.10371408549404344,0.12543798177995796,0.07288016818500351
E01001149,0.1322314049586777,0.12727272727272726,0.03966942148760331
E01001150,0.13679590343818582,0.11485003657644477,0.04023408924652524
E01001151,0.10149041873669269,0.1263307310149042,0.05677785663591199
E01001152,0.14516129032258066,0.1532258064516129,0.052109181141439205
E01001153,0.11298606016140866,0.11005135730007337,0.055025678650036686
E01001154,0.12892880051314945,0.1308531109685696,0.055163566388710714
E01001155,0.08585503166783955,0.10063335679099226,0.06615059817030261
E01001156,0.1462561231630511,0.09097270818754374,0.03358992302309307
E01001157,0.1339347675225538,0.1054823039555864,0.046495489243580844
E01001158,0.13327814569536423,0.11092715231788079,0.055463576158940396
E01001159,0.1568241469816273,0.1089238845144357,0.04199475065616798
E01001160,0.14450867052023122,0.1123956326268465,0.03147077713551702
E01001161,0.10578279266572638,0.11706629055007052,0.059943582510578276
E01001162,0.10803324099722991,0.15581717451523547,0.054016620498614956
E01001163,0.13661883967560823,0.10480349344978165,0.03618215845290081
E01001164,0.17064439140811455,0.10083532219570406,0.03639618138424821
E01001165,0.14140730717185385,0.13058186738836267,0.044654939106901215
E01001166,0.11675461741424802,0.12005277044854881,0.052110817941952506
E01001167,0.10494505494505495,0.11373626373626373,0.045054945054945054
E01001168,0.13328822733423545,0.12855209742895804,0.03247631935047361
E01001169,0.08775811209439528,0.13126843657817108,0.04793510324483776
E01001170,0.09765625,0.11002604166666667,0.039713541666666664
E01001171,0.09608540925266904,0.09608540925266904,0.0398576512455516
E01001172,0.0940381069452981,0.1505838967424708,0.06392132759680394
E01001173,0.10465116279069768,0.1344186046511628,0.053488372093023255
E01001174,0.10816944024205749,0.13691376701966718,0.046142208774583963
E01001175,0.10323089046493301,0.12371946414499606,0.05358550039401103
E01001176,0.09916201117318436,0.1340782122905028,0.07332402234636871
E01001177,0.08201655379984951,0.15500376222723852,0.045146726862302484
E01001178,0.1115702479338843,0.13305785123966943,0.0652892561983471
E01001179,0.10579937304075235,0.13479623824451412,0.032915360501567396
E01001180,0.11651131824234354,0.14913448735019974,0.03794940079893475
E01001181,0.103086014445174,0.133946158896914,0.048588312541037425
E01001182,0.12078152753108348,0.10923623445825932,0.03818827708703375
E01001183,0.12690355329949238,0.12762871646120377,0.05221174764321972
E01001184,0.12210915818686402,0.1267345050878816,0.04440333024976873
E01001185,0.13014705882352942,0.10661764705882353,0.04044117647058824
E01001186,0.11119186046511628,0.11119186046511628,0.05450581395348837
E01001187,0.11041009463722397,0.11735015772870662,0.03974763406940063
E01001188,0.11379986919555266,0.11772400261608895,0.052321778940483975
E01001189,0.11307053941908714,0.12033195020746888,0.03941908713692946
E01001190,0.10064935064935066,0.12581168831168832,0.05844155844155844
E01001191,0.1322884012539185,0.12476489028213165,0.08150470219435736
E01001192,0.12222222222222222,0.12698412698412698,0.050793650793650794
E01001193,0.06958942240779402,0.12804453723034098,0.06819763395963814
E01001194,0.136327817178881,0.10795902285263988,0.03546099290780142
E01001195,0.12677053824362605,0.09985835694050992,0.0453257790368272
E01001196,0.11732711732711733,0.10334110334110334,0.04895104895104895
E01001197,0.11310344827586206,0.09655172413793103,0.03586206896551724
E01001198,0.16386890487609912,0.10151878497202238,0.04316546762589928
E01001199,0.1485003657644477,0.11558156547183614,0.056327724945135334
E01001200,0.1820294345468629,0.10302091402013942,0.033307513555383424
E01001201,0.14871016691957512,0.09559939301972686,0.036418816388467376
E01001202,0.11979434447300771,0.11568123393316196,0.055526992287917736
E01001203,0.13671599718111346,0.09584214235377025,0.05426356589147287
E01001204,0.12961567445365485,0.07987942727957799,0.039939713639788994
E01001205,0.1177336276674025,0.10890360559234731,0.05739514348785872
E01001206,0.09938434476693052,0.14160070360598065,0.0773966578715919
E01001207,0.13502398903358465,0.09527073337902674,0.0411240575736806
E01001208,0.13114754098360656,0.10746812386156648,0.033697632058287796
E01001209,0.15703703703703703,0.08592592592592592,0.03259259259259259
E01001210,0.08396946564885496,0.11866759195003469,0.054823039555863984
E01001211,0.15007112375533427,0.0945945945945946,0.02702702702702703
E01001212,0.11906354515050167,0.07759197324414716,0.025418060200668897
E01001213,0.07064555420219244,0.12971985383678442,0.057247259439707675
E01001214,0.07286606523247745,0.11311589174184594,0.05065926439972242
E01001215,0.06504559270516717,0.12279635258358662,0.05531914893617021
E01001216,0.07175226586102719,0.1148036253776435,0.03625377643504532
E01001217,0.12332214765100671,0.09983221476510067,0.04194630872483222
E01001218,0.12515802781289506,0.11630847029077118,0.038558786346396964
E01001219,0.0757396449704142,0.13136094674556212,0.05680473372781065
E01001220,0.08225108225108226,0.12727272727272726,0.05974025974025974
E01001223,0.12273476112026359,0.07331136738056013,0.025535420098846788
E01001224,0.15777262180974477,0.09899458623356536,0.027842227378190254
E01001225,0.13686967910936476,0.06745252128356254,0.06941715782580223
E01001226,0.1140625,0.078125,0.02421875
E01001227,0.1599684791174153,0.06461780929866036,0.03546099290780142
E01001228,0.16405760801502817,0.08766437069505323,0.039448966812773954
E01001229,0.10823909531502424,0.09369951534733441,0.05735056542810985
E01001230,0.15248525695029486,0.06823925863521482,0.03285593934288121
E01001231,0.12478729438457176,0.0737379466817924,0.05104934770277935
E01001232,0.12268518518518519,0.09027777777777778,0.046296296296296294
E01001233,0.12757201646090535,0.1037037037037037,0.04279835390946502
E01001234,0.14792899408284024,0.07523245984784446,0.04395604395604396
E01001235,0.1409090909090909,0.07012987012987013,0.04220779220779221
E01001236,0.13543307086614173,0.07165354330708662,0.04409448818897638
E01001237,0.14723032069970846,0.07507288629737609,0.03571428571428571
E01001239,0.11283728536385937,0.10139002452984465,0.056418642681929684
E01001240,0.11540860885839052,0.11790393013100436,0.08484092326887087
E01001241,0.14774889029803423,0.09511731135066583,0.03868103994927077
E01001242,0.15508021390374332,0.11000763941940413,0.04125286478227655
E01001243,0.12506486766995328,0.10482615464452517,0.05189413596263622
E01001244,0.10111358574610245,0.11848552338530066,0.057015590200445436
E01001245,0.12886297376093295,0.09970845481049563,0.046064139941690965
E01001246,0.1365120836054866,0.09340300457217506,0.05225342913128674
E01001247,0.11353944562899787,0.09381663113006397,0.05383795309168443
E01001248,0.14623000761614624,0.09900990099009901,0.03655750190403656
E01001249,0.10141271442986882,0.11301715438950555,0.05751765893037336
E01001250,0.0992063492063492,0.11394557823129252,0.051587301587301584
E01001251,0.13764044943820225,0.10603932584269662,0.032303370786516857
E01001252,0.1705702647657841,0.1120162932790224,0.04837067209775967
E01001253,0.15230582524271843,0.10800970873786407,0.04004854368932039
E01001254,0.14327062228654125,0.11577424023154848,0.04052098408104197
E01001255,0.14744645799011533,0.09884678747940692,0.027182866556836903
E01001257,0.0936936936936937,0.11471471471471471,0.04264264264264264
E01001258,0.12414266117969822,0.11522633744855967,0.04252400548696845
E01001259,0.14037854889589904,0.13801261829652997,0.04022082018927445
E01001260,0.15291992775436483,0.12522576760987358,0.04695966285370259
E01001261,0.1408898305084746,0.1138771186440678,0.048199152542372885
E01001262,0.0933641975308642,0.1095679012345679,0.04243827160493827
E01001263,0.09859154929577464,0.12072434607645875,0.0482897384305835
E01001264,0.13282863041982107,0.10874053682037164,0.05092911218169305
E01001265,0.1847041847041847,0.10606060606060606,0.03896103896103896
E01001266,0.14518229166666666,0.11197916666666667,0.035807291666666664
E01001267,0.12368583797155226,0.09894867037724181,0.047619047619047616
E01001268,0.13068545803971812,0.11210762331838565,0.03139013452914798
E01001269,0.17712382009994448,0.1271515824541921,0.03164908384230983
E01001270,0.13744740532959326,0.11079943899018233,0.03506311360448808
E01001271,0.13382157123834887,0.14713715046604528,0.03595206391478029
E01001272,0.18406205923836388,0.10225669957686882,0.03314527503526093
E01001273,0.14036363636363636,0.07781818181818181,0.025454545454545455
E01001274,0.12273476112026359,0.07907742998352553,0.030477759472817133
E01001275,0.12007746933505488,0.07617817947062622,0.03486120077469335
E01001276,0.16260162601626016,0.11585365853658537,0.04403794037940379
E01001277,0.14605344934742076,0.09944064636420137,0.03915475450590429
E01001278,0.16943930991990142,0.12322858903265557,0.04374614910659273
E01001279,0.1346153846153846,0.07859531772575251,0.0225752508361204
E01001280,0.12227687983134224,0.10541110330288124,0.03865073787772312
E01001281,0.1258964143426295,0.10358565737051793,0.030278884462151396
E01001282,0.13074484944532488,0.10618066561014262,0.03882725832012678
E01001283,0.1370242214532872,0.09480968858131487,0.06228373702422145
E01001284,0.1566994700984103,0.1105223315669947,0.03785011355034065
E01001285,0.15467625899280577,0.1316546762589928,0.051798561151079135
E01001286,0.11975116640746501,0.10808709175738725,0.045878693623639194
E01001287,0.0990990990990991,0.12366912366912367,0.03849303849303849
E01001288,0.14323374340949033,0.10808435852372583,0.04305799648506151
E01001289,0.1657250470809793,0.10828625235404897,0.03766478342749529
E01001290,0.16444174757281554,0.10376213592233009,0.03640776699029126
E01001291,0.11768953068592057,0.11985559566787003,0.04115523465703971
E01001292,0.11159420289855072,0.12318840579710146,0.0391304347826087
E01001293,0.136908962597036,0.11714890613973183,0.0374029640084686
E01001294,0.08821714990746453,0.11412708204811844,0.047501542257865514
E01001295,0.10408163265306122,0.12108843537414966,0.03877551020408163
E01001296,0.09246575342465753,0.125,0.059931506849315065
E01001297,0.08698630136986302,0.13013698630136986,0.04863013698630137
E01001298,0.06591549295774649,0.13070422535211268,0.03267605633802817
E01001299,0.12962962962962962,0.10612535612535613,0.0292022792022792
E01001300,0.14308681672025725,0.10128617363344052,0.03778135048231511
E01001301,0.12886923562855337,0.0998104864181933,0.043588123815540114
E01001302,0.12941176470588237,0.09254901960784313,0.027450980392156862
E01001303,0.1277072442120986,0.08588498879761015,0.035847647498132934
E01001304,0.13013698630136986,0.0852359208523592,0.0365296803652968
E01001305,0.1588235294117647,0.10588235294117647,0.028676470588235293
E01001306,0.1378504672897196,0.0911214953271028,0.030373831775700934
E01001307,0.18199867637326275,0.12111184645929848,0.03044341495698213
E01001308,0.14285714285714285,0.10084033613445378,0.03181272509003601
E01001309,0.14713715046604528,0.13981358189081225,0.03794940079893475
E01001310,0.1385231825987407,0.11161991986262164,0.048654836863194044
E01001311,0.10195121951219512,0.12536585365853659,0.04682926829268293
E01001312,0.13121890547263682,0.1150497512437811,0.03731343283582089
E01001313,0.12465181058495822,0.11281337047353761,0.034122562674094706
E01001314,0.1549067315490673,0.1070559610705596,0.035685320356853206
E01001315,0.11942809083263246,0.12026913372582002,0.03784693019343986
E01001316,0.1144578313253012,0.13253012048192772,0.054969879518072286
E01001317,0.13121629718394248,0.13421210305572198,0.0347513481126423
E01001318,0.1062992125984252,0.12270341207349081,0.04461942257217848
E01001319,0.12284820031298904,0.11189358372456965,0.0406885758998435
E01001320,0.09421487603305785,0.1305785123966942,0.047933884297520664
E01001321,0.12451790633608815,0.09862258953168045,0.045730027548209366
E01001322,0.14137720901889092,0.12736136502132847,0.04936014625228519
E01001323,0.11430395913154534,0.11685823754789272,0.0561941251596424
E01001324,0.11242138364779874,0.13757861635220126,0.036949685534591194
E01001325,0.10138248847926268,0.10269914417379855,0.04805793285055958
E01001326,0.10614525139664804,0.13058659217877094,0.034217877094972066
E01001327,0.11454904542462147,0.1119157340355497,0.05464121132323897
E01001328,0.11039426523297491,0.14336917562724014,0.04157706093189964
E01001329,0.12005457025920874,0.12073669849931787,0.04160982264665757
E01001330,0.10204081632653061,0.12317784256559766,0.04154518950437318
E01001331,0.13080495356037153,0.13777089783281735,0.05959752321981424
E01001332,0.09658617818484597,0.1357202331390508,0.06078268109908409
E01001333,0.0640495867768595,0.1327479338842975,0.05475206611570248
E01001334,0.08569182389937106,0.11163522012578617,0.0589622641509434
E01001335,0.12751677852348994,0.10335570469798658,0.025503355704697986
E01001336,0.10026385224274406,0.12532981530343007,0.03825857519788918
E01001337,0.10975609756097561,0.09698025551684088,0.05574912891986063
E01001338,0.0927766732935719,0.09807819748177601,0.03445990722332671
E01001339,0.0860655737704918,0.12002341920374707,0.05327868852459016
E01001340,0.08221343873517786,0.11067193675889328,0.04980237154150197
E01001341,0.13167013167013167,0.11503811503811504,0.04504504504504504
E01001342,0.1556122448979592,0.12372448979591837,0.04528061224489796
E01001343,0.15211970074812967,0.09226932668329177,0.038237738985868665
E01001344,0.1649371927908247,0.10212998361551065,0.038776624795193886
E01001345,0.1240418118466899,0.10452961672473868,0.03902439024390244
E01001346,0.17122395833333334,0.11653645833333333,0.035807291666666664
E01001347,0.1759809750297265,0.0850178359096314,0.04756242568370987
E01001348,0.15165165165165165,0.11186186186186187,0.060810810810810814
E01001349,0.12886597938144329,0.1400343642611684,0.04553264604810996
E01001350,0.14802631578947367,0.08717105263157894,0.03289473684210526
E01001351,0.14810205351586808,0.09831985065339141,0.037958929682638455
E01001352,0.1474074074074074,0.0962962962962963,0.04148148148148148
E01001353,0.159798149705635,0.09840201850294365,0.044575273338940284
E01001354,0.14099660249150622,0.08323895809739525,0.045866364665911666
E01001355,0.14234016887816647,0.09831121833534379,0.037997587454764774
E01001356,0.09579230080572963,0.11101163831692032,0.06535362578334826
E01001357,0.08955895589558956,0.10171017101710171,0.04590459045904591
E01001358,0.08952380952380952,0.08507936507936507,0.04888888888888889
E01001359,0.06506147540983606,0.13063524590163936,0.05891393442622951
E01001360,0.059588299024918745,0.12351029252437704,0.05417118093174431
E01001361,0.07476110174255199,0.11129848229342328,0.0567734682405846
E01001362,0.07377866400797607,0.12013958125623131,0.05583250249252243
E01001363,0.07641196013289037,0.13687707641196012,0.04916943521594684
E01001364,0.057455540355677154,0.10054719562243503,0.05677154582763338
E01001365,0.05981669078630005,0.11529184756391703,0.046792088760250844
E01001366,0.06810948440483769,0.13176320814767664,0.06047103755569701
E01001367,0.07053140096618357,0.12173913043478261,0.0642512077294686
E01001368,0.08125,0.11180555555555556,0.05486111111111111
E01001369,0.07663782447466007,0.13102595797280595,0.051297898640296664
E01001370,0.08178654292343387,0.12296983758700696,0.0568445475638051
E01001371,0.07714123652864435,0.13386273397617698,0.049914917753828704
E01001372,0.06605222734254992,0.13159242191500256,0.06246799795186892
E01001373,0.08368967623701894,0.12583995113011606,0.05375687232742822
E01001374,0.14285714285714285,0.084472049689441,0.03291925465838509
E01001375,0.13951789627465302,0.07450693937180423,0.029218407596785977
E01001376,0.13685734974656047,0.09630702389572773,0.044170890658942794
E01001377,0.1568483063328424,0.07584683357879234,0.02577319587628866
E01001379,0.15835140997830802,0.07809110629067245,0.0274765003615329
E01001380,0.13947503860010294,0.06433350488934637,0.03808543489449305
E01001381,0.15364412344057782,0.08535784635587657,0.038739330269205514
E01001382,0.14783347493627869,0.102803738317757,0.03653355989804588
E01001383,0.1612002791346825,0.07815771109560363,0.046057222609909285
E01001384,0.1453900709219858,0.07801418439716312,0.03687943262411347
E01001385,0.1439336850037679,0.08590806330067823,0.03089675960813866
E01001386,0.15704697986577182,0.10067114093959731,0.026174496644295303
E01001387,0.1517189835575486,0.07922272047832586,0.03961136023916293
E01001388,0.11734693877551021,0.1096938775510204,0.04931972789115646
E01001389,0.11315789473684211,0.09276315789473684,0.07828947368421052
E01001390,0.1568241469816273,0.10761154855643044,0.047900262467191604
E01001391,0.19025367156208278,0.11949265687583445,0.04606141522029372
E01001392,0.1594296824368114,0.10563836681788723,0.033700583279325985
E01001393,0.19094854308741477,0.10043397396156231,0.04587724736515809
E01001394,0.13226571767497033,0.13938315539739027,0.10913404507710557
E01001395,0.13749060856498874,0.13373403456048083,0.048835462058602556
E01001396,0.17684887459807075,0.12057877813504823,0.03617363344051447
E01001397,0.13739545997610514,0.12724014336917563,0.05197132616487455
E01001398,0.13295880149812733,0.11610486891385768,0.028089887640449437
E01001399,0.15333882934872217,0.1261335531739489,0.02967848309975268
E01001400,0.12196969696969696,0.10606060606060606,0.026515151515151516
E01001401,0.1278538812785388,0.10136986301369863,0.031050228310502283
E01001402,0.13569131832797426,0.11061093247588424,0.029581993569131833
E01001403,0.10613718411552346,0.13357400722021662,0.03537906137184116
E01001404,0.13702127659574467,0.12425531914893617,0.04595744680851064
E01001405,0.1111111111111111,0.07862248213125406,0.03378817413905133
E01001406,0.12051868802440885,0.12509534706331046,0.041189931350114416
E01001407,0.11904761904761904,0.1373015873015873,0.030952380952380953
E01001408,0.11145752143413874,0.13406079501169135,0.021823850350740453
E01001409,0.10609037328094302,0.14603798297314996,0.04453176162409954
E01001410,0.08727719729563614,0.1309157959434542,0.05531653349723417
E01001411,0.09833795013850416,0.12396121883656509,0.038781163434903045
E01001412,0.1333803810868031,0.11714890613973183,0.029640084685956247
E01001413,0.12727272727272726,0.12651515151515152,0.015909090909090907
E01001414,0.09105180533751962,0.12323390894819466,0.05102040816326531
E01001415,0.15770171149144255,0.11246943765281174,0.02444987775061125
E01001416,0.15406562054208273,0.11982881597717546,0.020684736091298145
E01001417,0.16591639871382638,0.10932475884244373,0.030868167202572346
E01001418,0.13515406162464985,0.11204481792717087,0.028711484593837534
E01001419,0.13533834586466165,0.11528822055137844,0.03571428571428571
E01001420,0.1172316384180791,0.12217514124293785,0.03954802259887006
E01001421,0.16033434650455927,0.11170212765957446,0.026595744680851064
E01001422,0.20300214438884917,0.0864903502501787,0.014295925661186561
E01001423,0.11895910780669144,0.13680297397769517,0.031226765799256505
E01001424,0.08017334777898158,0.14842903575297942,0.05850487540628386
E01001425,0.09876543209876543,0.1646090534979424,0.045953360768175584
E01001426,0.08914450035945364,0.13371675053918045,0.04744787922358016
E01001427,0.10120845921450151,0.14425981873111782,0.05740181268882175
E01001428,0.12603150787696923,0.13353338334583645,0.04426106526631658
E01001429,0.06438969764837627,0.1438969764837626,0.05039193729003359
E01001430,0.08081517919887561,0.17779339423752635,0.06394940267041462
E01001431,0.10649546827794562,0.13897280966767372,0.054380664652567974
E01001432,0.10258152173913043,0.16168478260869565,0.04483695652173913
E01001433,0.08910162002945508,0.15758468335787923,0.06332842415316642
E01001434,0.12199170124481327,0.17012448132780084,0.03734439834024896
E01001435,0.09129332206255283,0.13693998309382924,0.047337278106508875
E01001436,0.11314363143631437,0.12872628726287264,0.03861788617886179
E01001437,0.07396449704142012,0.1502958579881657,0.04319526627218935
E01001438,0.09828393135725429,0.12558502340093602,0.057722308892355696
E01001439,0.09588159588159588,0.16473616473616473,0.043114543114543116
E01001440,0.10927672955974843,0.1470125786163522,0.036163522012578615
E01001441,0.0812807881773399,0.13382594417077176,0.06814449917898194
E01001442,0.062111801242236024,0.1622670807453416,0.05745341614906832
E01001444,0.08045977011494253,0.14152298850574713,0.035201149425287355
E01001445,0.11406096361848574,0.1376597836774828,0.04178957718780728
E01001446,0.1076388888888889,0.12708333333333333,0.02847222222222222
E01001447,0.08669755129053607,0.13633355393778954,0.04963600264725347
E01001448,0.08448753462603878,0.13157894736842105,0.04085872576177285
E01001449,0.07827476038338659,0.14536741214057508,0.04472843450479233
E01001450,0.13173026659696813,0.1170935703084161,0.054364871928907474
E01001451,0.13105413105413105,0.11324786324786325,0.027777777777777776
E01001452,0.14768683274021352,0.10676156583629894,0.03202846975088968
E01001453,0.16003005259203607,0.10518407212622088,0.018782870022539443
E01001454,0.13803230543318648,0.10866372980910426,0.021292217327459617
E01001455,0.13732097725358045,0.12552653748946924,0.02695871946082561
E01001456,0.13790035587188612,0.10409252669039146,0.02224199288256228
E01001457,0.1372013651877133,0.11126279863481228,0.023890784982935155
E01001458,0.09583952451708767,0.15527488855869243,0.06463595839524518
E01001459,0.12648809523809523,0.11383928571428571,0.03422619047619048
E01001460,0.11601845748187212,0.14634146341463414,0.04680290046143705
E01001461,0.098256735340729,0.12678288431061807,0.04833597464342314
E01001462,0.09153713298791019,0.12694300518134716,0.04145077720207254
E01001463,0.12104430379746836,0.12104430379746836,0.040348101265822785
E01001464,0.10457516339869281,0.12044817927170869,0.05415499533146592
E01001465,0.14489311163895488,0.1330166270783848,0.038796516231195566
E01001466,0.14846538187009278,0.15488936473947182,0.039257673090649536
E01001467,0.13043478260869565,0.1637228260869565,0.03872282608695652
E01001468,0.11644444444444445,0.09333333333333334,0.022222222222222223
E01001469,0.1270521056388294,0.10778015703069237,0.028551034975017844
E01001470,0.10296296296296296,0.12222222222222222,0.03259259259259259
E01001471,0.11526282457251424,0.1032298923369221,0.029765674477517417
E01001472,0.12071535022354694,0.12146050670640834,0.02533532041728763
E01001473,0.10925039872408293,0.13157894736842105,0.03508771929824561
E01001474,0.10890454836643178,0.1159513132607303,0.023062139654067906
E01001475,0.12448700410396717,0.11012311901504789,0.025991792065663474
E01001476,0.09023668639053255,0.16789940828402367,0.04215976331360947
E01001477,0.09726848767488341,0.13391072618254496,0.046635576282478344
E01001478,0.09833585476550681,0.15052950075642965,0.04236006051437216
E01001479,0.1208548268238762,0.15991156963890935,0.0397936624907885
E01001480,0.11218724778046812,0.14608555286521388,0.0387409200968523
E01001481,0.08739255014326648,0.1361031518624642,0.05515759312320917
E01001482,0.08807212205270458,0.15256588072122051,0.04507628294036061
E01001483,0.09788654060066741,0.15350389321468297,0.05005561735261402
E01001484,0.10399257195914577,0.13556174558960074,0.039925719591457756
E01001485,0.0892983699503898,0.15450035435861093,0.05244507441530829
E01001486,0.09189842805320435,0.15417170495767835,0.049576783555018135
E01001487,0.09855272226051,0.1695382494831151,0.05099931082012405
E01001488,0.1241565452091768,0.15182186234817813,0.04048582995951417
E01001489,0.11238367931281316,0.1624910522548318,0.05440229062276306
E01001491,0.09358288770053476,0.16310160427807488,0.046122994652406414
E01001492,0.1005656819610308,0.15336266499057197,0.0458830923947203
E01001493,0.10566518141311267,0.12348822406110757,0.03437301082113304
E01001494,0.13238967527060783,0.115736885928393,0.035803497085761866
E01001495,0.17859487852921865,0.1076822061720289,0.03808273145108339
E01001496,0.18164435946462715,0.11790949649458253,0.032504780114722756
E01001497,0.13222416812609458,0.14273204903677758,0.03940455341506129
E01001498,0.14920424403183025,0.1346153846153846,0.05305039787798409
E01001499,0.128125,0.11796875,0.0390625
E01001500,0.13629160063391443,0.1109350237717908,0.04595879556259905
E01001501,0.14775280898876406,0.12191011235955056,0.0550561797752809
E01001502,0.10264900662251655,0.13708609271523178,0.04701986754966887
E01001503,0.10140845070422536,0.1619718309859155,0.044366197183098595
E01001504,0.10519645120405577,0.1229404309252218,0.049429657794676805
E01001505,0.10165016501650165,0.1617161716171617,0.042244224422442245
E01001507,0.08479067302596714,0.15527291997880233,0.034446210916799155
E01001508,0.10390355912743972,0.14695752009184845,0.04764638346727899
E01001509,0.09147771696637999,0.15089913995308835,0.04691164972634871
E01001511,0.13009292351679771,0.13795568263045033,0.03859899928520372
E01001512,0.10275126333520494,0.120157215047726,0.0381807973048849
E01001513,0.0894418291862811,0.14324142568930734,0.04572965702757229
E01001514,0.12032281731474688,0.13279530447542187,0.041085840058694055
E01001515,0.10354041416165664,0.1523046092184369,0.04609218436873747
E01001516,0.13288426209430496,0.1224739742804654,0.03551745254133497
E01001517,0.0641958967571145,0.1356717405691595,0.05228325612177366
E01001518,0.1077490774907749,0.11734317343173432,0.03099630996309963
E01001520,0.14932432432432433,0.09527027027027027,0.037162162162162164
E01001521,0.1467645096731154,0.11541027351567712,0.03802535023348899
E01001522,0.12147505422993492,0.12436731742588576,0.039045553145336226
E01001523,0.13049546406140963,0.11304954640614097,0.028611304954640614
E01001524,0.12657232704402516,0.13286163522012578,0.03380503144654088
E01001525,0.13593455003146634,0.10950283196979232,0.03587161736941473
E01001526,0.16204051012753187,0.10877719429857464,0.024006001500375095
E01001527,0.14208308248043347,0.09572546658639373,0.03672486453943408
E01001528,0.10646387832699619,0.13307984790874525,0.05095057034220532
E01001529,0.15710382513661203,0.11953551912568305,0.03961748633879782
E01001530,0.14296296296296296,0.1325925925925926,0.03481481481481481
E01001531,0.17854077253218884,0.10987124463519313,0.02832618025751073
E01001532,0.16979768786127167,0.10838150289017341,0.03251445086705202
E01001533,0.14072970960536113,0.1154132539091586,0.022338049143708117
E01001534,0.17532467532467533,0.09379509379509379,0.03535353535353535
E01001535,0.1461736887360275,0.10920034393809114,0.03267411865864144
E01001536,0.12414223331253899,0.09731752963194011,0.032439176543980035
E01001537,0.12378094523630907,0.13053263315828958,0.03150787696924231
E01001538,0.0936356986100951,0.13094367227505485,0.023408924652523776
E01001539,0.12311178247734139,0.12462235649546828,0.024924471299093656
E01001540,0.1380449141347424,0.11492734478203434,0.04689564068692206
E01001541,0.11073541842772612,0.1301775147928994,0.021132713440405747
E01001542,0.09818481848184818,0.1608910891089109,0.03135313531353135
E01001543,0.11094108645753634,0.11935730680948738,0.02218821729150727
E01001544,0.11875452570601014,0.11875452570601014,0.02896451846488052
E01001545,0.1008462623413258,0.1318758815232722,0.04866008462623413
E01001546,0.09397944199706314,0.14831130690161526,0.04772393538913363
E01001547,0.11138461538461539,0.14153846153846153,0.039384615384615386
E01001548,0.09090909090909091,0.14417613636363635,0.027698863636363636
E01001549,0.06847545219638243,0.15762273901808785,0.05232558139534884
E01001550,0.09803921568627451,0.15082956259426847,0.048265460030165915
E01001551,0.07057163020465773,0.1333803810868031,0.043048694424841216
E01001552,0.11016949152542373,0.13754889178617993,0.04432855280312908
E01001553,0.10987379361544172,0.12249443207126949,0.05939123979213066
E01001554,0.08149779735682819,0.1343612334801762,0.06681350954478708
E01001555,0.11170528817587641,0.1473559120617944,0.0510992275698158
E01001556,0.14726291441788744,0.14109483423284502,0.047031611410948346
E01001557,0.0950191570881226,0.16245210727969348,0.04904214559386973
E01001558,0.11674774148714386,0.1890201528839472,0.048644892286309936
E01001559,0.10962396430847673,0.15105162523900573,0.04206500956022945
E01001560,0.13511390416339356,0.1406127258444619,0.04870384917517675
E01001562,0.06455399061032864,0.14730046948356806,0.05927230046948357
E01001563,0.19064493267186391,0.1105598866052445,0.03614457831325301
E01001564,0.14383043149129449,0.0984102952308857,0.033308099924299776
E01001565,0.14931801866475233,0.12562814070351758,0.033022254127781765
E01001566,0.1417004048582996,0.09851551956815115,0.037112010796221326
E01001567,0.16422764227642275,0.11382113821138211,0.02113821138211382
E01001568,0.18292682926829268,0.11424903722721438,0.018613607188703467
E01001569,0.14107018763029883,0.11813759555246699,0.03683113273106324
E01001570,0.13179347826086957,0.12364130434782608,0.03940217391304348
E01001571,0.1317449194113525,0.10161177295024527,0.04765241765942537
E01001572,0.11290322580645161,0.11290322580645161,0.038856304985337244
E01001573,0.10920436817472699,0.11154446177847113,0.07332293291731669
E01001574,0.07960199004975124,0.12722103766879886,0.05614783226723525
E01001575,0.0837173579109063,0.12980030721966207,0.04992319508448541
E01001576,0.08333333333333333,0.13360881542699724,0.03856749311294766
E01001577,0.09636871508379888,0.1403631284916201,0.0467877094972067
E01001578,0.13340807174887892,0.11995515695067265,0.04540358744394619
E01001579,0.0963302752293578,0.1246177370030581,0.05963302752293578
E01001580,0.14847161572052403,0.06550218340611354,0.029839883551673944
E01001581,0.13318112633181126,0.08447488584474885,0.03272450532724505
E01001582,0.11679454390451834,0.09718670076726342,0.03324808184143223
E01001583,0.13017306245297217,0.0797592174567344,0.033860045146726865
E01001584,0.13884430176565007,0.07784911717495988,0.027287319422150885
E01001585,0.13372582001682085,0.10597140454163162,0.023549201009251473
E01001586,0.10922946655376799,0.08890770533446232,0.03132938187976291
E01001587,0.13123515439429928,0.07125890736342043,0.0344418052256532
E01001588,0.09168443496801706,0.10945273631840796,0.03837953091684435
E01001589,0.12943632567849686,0.116214335421016,0.04592901878914405
E01001590,0.15352112676056337,0.09929577464788733,0.044366197183098595
E01001591,0.09951749095295537,0.1097708082026538,0.06031363088057901
E01001592,0.1566579634464752,0.09986945169712794,0.028067885117493474
E01001593,0.14395527603074773,0.09503843466107617,0.03214535290006988
E01001594,0.14285714285714285,0.12335266209804956,0.04217185028993147
E01001595,0.09124537607891492,0.1381011097410604,0.051171393341553635
E01001596,0.12281976744186046,0.11046511627906977,0.029796511627906978
E01001597,0.1332813717848792,0.1083398285268901,0.025720966484801246
E01001598,0.12059925093632959,0.10262172284644194,0.03520599250936329
E01001599,0.12651515151515152,0.1159090909090909,0.03257575757575758
E01001600,0.11400651465798045,0.11156351791530944,0.03175895765472313
E01001601,0.11495176848874598,0.09807073954983923,0.03778135048231511
E01001602,0.11312764670296431,0.10647307924984876,0.03871748336358137
E01001603,0.09056886227544911,0.12275449101796407,0.06062874251497006
E01001604,0.11219512195121951,0.11869918699186992,0.028455284552845527
E01001605,0.11193415637860082,0.11358024691358025,0.022222222222222223
E01001606,0.13225058004640372,0.11136890951276102,0.03480278422273782
E01001607,0.10802469135802469,0.09876543209876543,0.02854938271604938
E01001608,0.12886597938144329,0.1211340206185567,0.029209621993127148
E01001609,0.1474588403722262,0.10236220472440945,0.04223335719398712
E01001610,0.09949164851125636,0.1140159767610748,0.029048656499636893
E01001611,0.10057061340941512,0.11982881597717546,0.043509272467902996
E01001613,0.09615384615384616,0.10185185185185185,0.03561253561253561
E01001614,0.1334971334971335,0.11138411138411139,0.02702702702702703
E01001615,0.11887254901960784,0.10477941176470588,0.04534313725490196
E01001617,0.11432813659985153,0.09279881217520415,0.028953229398663696
E01001618,0.11051930758988016,0.10386151797603196,0.03395472703062583
E01001619,0.1444723618090452,0.1199748743718593,0.03077889447236181
E01001620,0.1269199676637025,0.13581244947453516,0.04850444624090541
E01001621,0.11747211895910781,0.09814126394052045,0.04312267657992565
E01001623,0.1152469577666428,0.1073729420186113,0.05153901216893343
E01001624,0.11441647597254005,0.11975591151792525,0.04576659038901602
E01001625,0.08782287822878229,0.11808118081180811,0.03837638376383764
E01001629,0.08969696969696969,0.1303030303030303,0.045454545454545456
E01001631,0.07982120051085569,0.1500638569604087,0.07854406130268199
E01001632,0.09538092381523695,0.1205758848230354,0.04259148170365927
E01001633,0.0881057268722467,0.11139081183134046,0.09943360604153556
E01001634,0.0727136431784108,0.12518740629685157,0.05622188905547226
E01001635,0.1292517006802721,0.10657596371882086,0.055933484504913075
E01001636,0.1259150805270864,0.11493411420204978,0.04978038067349927
E01001637,0.12314225053078556,0.13588110403397027,0.048124557678697805
E01001638,0.08005718370264475,0.1501072194424589,0.06433166547533953
E01001641,0.13206349206349208,0.07365079365079365,0.02349206349206349
E01001642,0.13397790055248618,0.07044198895027624,0.024171270718232045
E01001644,0.11116111611161116,0.07785778577857785,0.034653465346534656
E01001645,0.10922659430122117,0.11804613297150611,0.03731343283582089
E01001646,0.10049796287913083,0.11724762335898596,0.05387052965142598
E01001647,0.10655737704918032,0.09836065573770492,0.047540983606557376
E01001648,0.14121037463976946,0.10662824207492795,0.040345821325648415
E01001649,0.10436893203883495,0.10841423948220065,0.042071197411003236
E01001650,0.10938602681721948,0.12350035285815103,0.04728299223712068
E01001651,0.07318789584799437,0.10344827586206896,0.05840957072484166
E01001652,0.11597222222222223,0.09305555555555556,0.035416666666666666
E01001653,0.10034013605442177,0.1360544217687075,0.04081632653061224
E01001654,0.09113300492610837,0.12151067323481117,0.052545155993431854
E01001655,0.11551433389544688,0.1357504215851602,0.048060708263069137
E01001656,0.1416267942583732,0.08995215311004785,0.03253588516746411
E01001657,0.13291634089132134,0.09538702111024237,0.03674745895230649
E01001658,0.11212814645308924,0.09839816933638444,0.031273836765827616
E01001659,0.11602209944751381,0.0734017363851618,0.030781373322809787
E01001660,0.1036734693877551,0.10857142857142857,0.04
E01001661,0.11906677393403058,0.12711182622687048,0.042638777152051485
E01001664,0.13542249580302182,0.07666480134303301,0.03133743704532736
E01001665,0.13493064312736444,0.08953341740226986,0.04287515762925599
E01001666,0.1028391167192429,0.11230283911671925,0.04668769716088328
E01001669,0.09313464608834486,0.12240553485896753,0.04417243214475785
E01001671,0.1024428684003152,0.1457840819542947,0.05279747832939322
E01001672,0.09857328145265888,0.1219195849546044,0.057068741893644616
E01001673,0.0830188679245283,0.10296495956873315,0.042048517520215635
E01001674,0.09698025551684088,0.10859465737514518,0.04355400696864112
E01001675,0.08659363588941053,0.13406364110589464,0.0406885758998435
E01001676,0.10701373825018076,0.12509038322487345,0.05278380332610268
E01001677,0.08729216152019002,0.13182897862232779,0.06591448931116389
E01001678,0.11820159535895576,0.1218274111675127,0.032632342277012324
E01001679,0.12921348314606743,0.12078651685393259,0.05056179775280899
E01001680,0.1200644641418211,0.09105560032232071,0.024174053182917002
E01001681,0.14035087719298245,0.0951061865189289,0.029547553093259463
E01001682,0.12025316455696203,0.11934900542495479,0.03616636528028933
E01001683,0.14508196721311475,0.10163934426229508,0.03524590163934426
E01001684,0.1,0.12758620689655173,0.04482758620689655
E01001685,0.11390416339355852,0.10369206598586017,0.04241948153967007
E01001686,0.13337988826815642,0.11173184357541899,0.04888268156424581
E01001687,0.07481481481481482,0.12074074074074075,0.07185185185185185
E01001688,0.10490605427974947,0.11377870563674322,0.06367432150313153
E01001690,0.10311572700296735,0.1327893175074184,0.05192878338278932
E01001692,0.09312839059674503,0.12839059674502712,0.07323688969258589
E01001693,0.08076225045372051,0.12613430127041741,0.07168784029038112
E01001694,0.12385321100917432,0.12767584097859327,0.05963302752293578
E01001695,0.088638195004029,0.11522965350523771,0.06124093473005641
E01001696,0.0947103274559194,0.10881612090680101,0.055415617128463476
E01001697,0.1203659123736158,0.1295137217140106,0.05055368319691863
E01001698,0.10444601270289344,0.13832039520112915,0.09738884968242767
E01001699,0.08539709649871904,0.08539709649871904,0.04611443210930828
E01001700,0.09606986899563319,0.1299126637554585,0.04421397379912664
E01001701,0.09444844989185291,0.07714491708723864,0.05263157894736842
E01001702,0.07632263660017347,0.12749349522983522,0.0598438855160451
E01001703,0.10187667560321716,0.13672922252010725,0.08176943699731903
E01001704,0.1256583897667419,0.11738148984198646,0.03611738148984198
E01001705,0.09360189573459715,0.12085308056872038,0.06338862559241706
E01001708,0.11586715867158671,0.11365313653136531,0.041328413284132844
E01001710,0.0806083650190114,0.1361216730038023,0.0714828897338403
E01001712,0.0952970297029703,0.11324257425742575,0.06311881188118812
E01001714,0.09568261376896149,0.1266044340723454,0.05367561260210035
E01001715,0.1196877710320902,0.08759757155247182,0.03642671292281006
E01001716,0.09329647546648238,0.08984105044920525,0.043538355217691775
E01001717,0.10926118626430802,0.13527575442247658,0.04058272632674298
E01001718,0.15248691099476439,0.07984293193717278,0.028795811518324606
E01001719,0.0952029520295203,0.09372693726937269,0.047232472324723246
E01001720,0.13979933110367893,0.05819397993311037,0.03411371237458194
E01001722,0.11415259172976121,0.1712288875946418,0.05358182877111241
E01001723,0.13136729222520108,0.17493297587131368,0.04088471849865952
E01001724,0.15103734439834024,0.15186721991701244,0.05062240663900415
E01001725,0.0898598516075845,0.2662819455894477,0.051112943116240726
E01001726,0.07857142857142857,0.1836734693877551,0.06938775510204082
E01001727,0.11666666666666667,0.2289855072463768,0.03188405797101449
E01001728,0.08631921824104234,0.3249185667752443,0.03745928338762215
E01001729,0.09303838646714378,0.12166558230318802,0.07677293428757319
E01001730,0.08652482269503546,0.13853427895981088,0.05106382978723404
E01001731,0.14760147601476015,0.10608856088560886,0.04843173431734318
E01001732,0.09217877094972067,0.1564245810055866,0.055865921787709494
E01001733,0.1960281870595772,0.09737347853939782,0.04099935938500961
E01001734,0.16289308176100628,0.11320754716981132,0.05345911949685535
E01001735,0.13233082706766916,0.08796992481203007,0.05037593984962406
E01001736,0.16856492027334852,0.07972665148063782,0.04100227790432802
E01001737,0.20503848845346395,0.08467459762071379,0.032890132960111965
E01001738,0.17273954116059378,0.10323886639676114,0.04251012145748988
E01001739,0.1905615292712067,0.08721624850657109,0.023894862604540025
E01001740,0.08432776451869531,0.13444709626093873,0.05091487669053302
E01001741,0.19541206457094307,0.08836023789294817,0.03228547153780799
E01001742,0.14043754410726889,0.10162314749470713,0.05222300635144672
E01001744,0.12673506336753168,0.09837054918527459,0.045866022933011466
E01001745,0.12241379310344827,0.11666666666666667,0.041379310344827586
E01001746,0.0903277378097522,0.1374900079936051,0.07434052757793765
E01001747,0.1386575208231259,0.09407153356197942,0.04311611954924057
E01001749,0.1865203761755486,0.08307210031347963,0.04310344827586207
E01001750,0.13616071428571427,0.08426339285714286,0.05580357142857143
E01001751,0.18544600938967137,0.0539906103286385,0.027386541471048513
E01001753,0.13692579505300354,0.11925795053003534,0.045936395759717315
E01001755,0.1012292118582791,0.10845986984815618,0.04266088214027477
E01001756,0.1771939631078815,0.06484069312465064,0.03521520402459474
E01001757,0.08117154811715481,0.16401673640167364,0.05355648535564853
E01001758,0.1055930568948891,0.11957569913211186,0.04580520732883317
E01001759,0.1322373123659757,0.091493924231594,0.054324517512508934
E01001760,0.1356968215158924,0.09963325183374083,0.0550122249388753
E01001761,0.13808606294155426,0.09441233140655106,0.06294155427103404
E01001762,0.18101694915254238,0.08949152542372882,0.04
E01001763,0.13956639566395665,0.10907859078590786,0.0508130081300813
E01001764,0.12096774193548387,0.1424731182795699,0.043010752688172046
E01001765,0.09633649932157395,0.13161465400271372,0.06105834464043419
E01001767,0.16153846153846155,0.10307692307692308,0.05692307692307692
E01001768,0.1681528662420382,0.10063694267515924,0.05732484076433121
E01001769,0.1534847298355521,0.10728269381362568,0.04150352388410337
E01001770,0.11549497847919656,0.14131994261119082,0.047345767575322814
E01001772,0.10842541436464088,0.10497237569060773,0.05041436464088398
E01001773,0.10857142857142857,0.09095238095238095,0.048095238095238094
E01001774,0.12738095238095237,0.0875,0.06785714285714285
E01001775,0.10971089696071164,0.10452186805040771,0.04670126019273536
E01001776,0.10107816711590296,0.10646900269541779,0.04514824797843666
E01001777,0.10133104336625161,0.09059682267067411,0.05495920996135681
E01001780,0.11932555123216602,0.11738002594033722,0.04409857328145266
E01001781,0.0858433734939759,0.1408132530120482,0.04743975903614458
E01001783,0.08021806853582554,0.12227414330218069,0.06542056074766354
E01001784,0.1161512027491409,0.09209621993127148,0.04536082474226804
E01001785,0.14465408805031446,0.10062893081761007,0.0589622641509434
E01001786,0.09090909090909091,0.13606654783125371,0.06714200831847891
E01001787,0.10562310030395136,0.12613981762917933,0.05015197568389058
E01001788,0.09319286871961102,0.1085899513776337,0.050243111831442464
E01001789,0.13672154617036505,0.11954187544738726,0.03937007874015748
E01001790,0.07410636442894507,0.14995640802092414,0.047079337401918046
E01001791,0.11245674740484429,0.10986159169550173,0.04844290657439446
E01001792,0.14167725540025414,0.1156289707750953,0.07496823379923762
E01001793,0.1879460745440127,0.12053925455987312,0.04282315622521808
E01001794,0.16997518610421836,0.0837468982630273,0.04466501240694789
E01001795,0.17759562841530055,0.0965391621129326,0.03825136612021858
E01001796,0.19196787148594377,0.08514056224899598,0.036947791164658635
E01001798,0.09793510324483776,0.16460176991150444,0.0855457227138643
E01001799,0.10887949260042283,0.30655391120507397,0.02536997885835095
E01001800,0.0760777683854607,0.2857142857142857,0.04311073541842773
E01001801,0.08841201716738198,0.18025751072961374,0.029184549356223177
E01001802,0.10957551826258638,0.21224086870681144,0.028627838104639685
E01001803,0.24203389830508473,0.10779661016949152,0.03457627118644068
E01001804,0.09901960784313725,0.307843137254902,0.028431372549019607
E01001805,0.15508559919436052,0.12890231621349446,0.0513595166163142
E01001806,0.15301902398676592,0.11497105045492143,0.0380479735318445
E01001807,0.12710566615620214,0.21592649310872894,0.05130168453292496
E01001808,0.11753554502369669,0.34218009478672984,0.034123222748815164
E01001809,0.08688524590163935,0.3163934426229508,0.04590163934426229
E01001811,0.08887171561051005,0.13833075734157652,0.05641421947449768
E01001812,0.07881773399014778,0.23973727422003285,0.046798029556650245
E01001813,0.07671601615074024,0.13458950201884254,0.08411843876177658
E01001814,0.125,0.2787769784172662,0.0368705035971223
E01001815,0.10948396094839609,0.09693165969316597,0.06345885634588563
E01001816,0.1728,0.0968,0.0424
E01001819,0.13821138211382114,0.0975609756097561,0.04286770140428677
E01001820,0.10897994768962511,0.10810810810810811,0.05318221447253706
E01001821,0.10941704035874439,0.11928251121076233,0.04304932735426009
E01001822,0.08892025405786874,0.20042342978122796,0.03599153140437544
E01001823,0.11780575539568346,0.25359712230215825,0.040467625899280574
E01001824,0.09290709290709291,0.27972027972027974,0.052947052947052944
E01001825,0.10344827586206896,0.3505747126436782,0.01954022988505747
E01001826,0.09055118110236221,0.29232283464566927,0.03543307086614173
E01001827,0.10508474576271186,0.1847457627118644,0.053389830508474574
E01001828,0.11560693641618497,0.14964675658317278,0.05073859987154785
E01001829,0.19545131485429992,0.0824449182658138,0.02203269367448472
E01001830,0.12430769230769231,0.10646153846153845,0.0683076923076923
E01001831,0.15691489361702127,0.08577127659574468,0.04920212765957447
E01001832,0.17022792022792022,0.09045584045584046,0.04487179487179487
E01001833,0.16838487972508592,0.1002290950744559,0.05326460481099656
E01001834,0.18664281454979129,0.09302325581395349,0.044722719141323794
E01001835,0.19230769230769232,0.09099437148217636,0.04596622889305816
E01001836,0.13554987212276215,0.10166240409207161,0.055626598465473145
E01001837,0.16240725474031328,0.08491343775762572,0.02720527617477329
E01001838,0.07415730337078652,0.1543071161048689,0.0696629213483146
E01001839,0.15255052935514918,0.08084696823869104,0.04042348411934552
E01001840,0.13121118012422361,0.11801242236024845,0.04580745341614907
E01001841,0.1368888888888889,0.08444444444444445,0.04
E01001842,0.1192368839427663,0.10731319554848967,0.05087440381558029
E01001843,0.12155260469867211,0.1062308478038815,0.04800817160367722
E01001844,0.13799621928166353,0.09262759924385633,0.0516698172652804
E01001845,0.10366328916601715,0.10756040530007795,0.08106001558846454
E01001846,0.09144542772861357,0.10816125860373647,0.05211406096361849
E01001847,0.12756467439785907,0.11507582515611062,0.05084745762711865
E01001848,0.11922596754057428,0.10799001248439451,0.06117353308364544
E01001849,0.15239477503628446,0.09724238026124818,0.062409288824383166
E01001850,0.08031272210376687,0.13503909026297087,0.06538734896943853
E01001851,0.15580016934801016,0.06096528365791702,0.04233700254022015
E01001852,0.12754409769335143,0.06105834464043419,0.04206241519674356
E01001853,0.16600159616919394,0.061452513966480445,0.041500399042298484
E01001854,0.12077922077922078,0.08116883116883117,0.048701298701298704
E01001855,0.1419710544452102,0.06547208821502412,0.03859407305306685
E01001856,0.13408239700374533,0.08464419475655431,0.041947565543071164
E01001857,0.0911854103343465,0.10106382978723404,0.06382978723404255
E01001858,0.10981912144702842,0.08527131782945736,0.043281653746770024
E01001859,0.11651848385587271,0.10762751520823584,0.05802526906878802
E01001860,0.12818745692625774,0.10682288077188146,0.05651274982770503
E01001861,0.13949433304272013,0.10897994768962511,0.05579773321708806
E01001862,0.11155644622578491,0.08884435537742151,0.04876419505678023
E01001863,0.13961312026913372,0.07905803195962995,0.04205214465937763
E01001864,0.1414790996784566,0.09807073954983923,0.04823151125401929
E01001865,0.15258215962441316,0.08607198748043818,0.04381846635367762
E01001866,0.10225563909774436,0.08646616541353383,0.03609022556390978
E01001867,0.07922705314009662,0.06763285024154589,0.028019323671497585
E01001868,0.07431192660550459,0.13119266055045872,0.07614678899082569
E01001869,0.15861440291704648,0.06472196900638104,0.02552415679124886
E01001870,0.10495814552479073,0.07276239536381197,0.0463618802318094
E01001871,0.11773700305810397,0.0672782874617737,0.045871559633027525
E01001872,0.13580246913580246,0.06419753086419754,0.03786008230452675
E01001873,0.11476725521669343,0.09871589085072231,0.048956661316211875
E01001875,0.08428860418071477,0.11395819285232636,0.055967633175994604
E01001876,0.07275390625,0.0791015625,0.06201171875
E01001877,0.1279373368146214,0.10443864229765012,0.05657093124456049
E01001878,0.10703363914373089,0.10474006116207951,0.05122324159021407
E01001879,0.1135091926458833,0.09352517985611511,0.04876099120703437
E01001880,0.1236220472440945,0.07165354330708662,0.03464566929133858
E01001881,0.11463414634146342,0.06463414634146342,0.025
E01001882,0.11731843575418995,0.052374301675977654,0.037011173184357544
E01001883,0.10922330097087378,0.0625,0.027305825242718445
E01001884,0.0821917808219178,0.08655043586550436,0.048567870485678705
E01001885,0.07204610951008646,0.14121037463976946,0.05475504322766571
E01001886,0.09635811836115327,0.07966616084977238,0.05386949924127466
E01001887,0.09228321400159109,0.09069212410501193,0.04852824184566428
E01001888,0.11712379540400296,0.06449221645663454,0.023721275018532245
E01001889,0.10945273631840796,0.05472636815920398,0.022388059701492536
E01001890,0.07373868046571798,0.0705045278137128,0.02910737386804657
E01001891,0.11835640911121036,0.06252791424743188,0.03573023671281822
E01001892,0.09140767824497258,0.10786106032906764,0.048446069469835464
E01001893,0.09951845906902086,0.11637239165329052,0.05377207062600321
E01001894,0.08783239323126511,0.08138597904915391,0.04754230459307011
E01001895,0.15692821368948248,0.08096828046744574,0.0325542570951586
E01001896,0.11644951140065146,0.0749185667752443,0.04234527687296417
E01001897,0.15755329008341057,0.06487488415199258,0.05004633920296571
E01001898,0.10021905805038335,0.06736035049288061,0.033953997809419496
E01001899,0.1,0.10656934306569343,0.04817518248175182
E01001900,0.0743289745354439,0.10736407432897453,0.03922918100481762
E01001901,0.13288288288288289,0.05930930930930931,0.03753753753753754
E01001902,0.1194331983805668,0.07827260458839407,0.03643724696356275
E01001903,0.10556464811783961,0.08101472995090016,0.03355155482815057
E01001904,0.11482558139534883,0.05232558139534884,0.02616279069767442
E01001905,0.14358230601885424,0.04568527918781726,0.030456852791878174
E01001906,0.12760633861551293,0.05337781484570475,0.03336113427856547
E01001907,0.14734774066797643,0.07760314341846758,0.026522593320235755
E01001908,0.11496062992125984,0.07480314960629922,0.04330708661417323
E01001909,0.12287334593572778,0.07057340894770006,0.03780718336483932
E01001910,0.11579818031430934,0.06782464846980976,0.04962779156327544
E01001911,0.07407407407407407,0.11183732752360204,0.07116920842411038
E01001912,0.09012875536480687,0.09527896995708154,0.06781115879828326
E01001913,0.09765625,0.053125,0.02421875
E01001914,0.11940298507462686,0.07391613361762615,0.048329779673063254
E01001915,0.13563605728727884,0.06571187868576242,0.018534119629317607
E01001916,0.14684014869888476,0.046468401486988845,0.019516728624535316
E01001917,0.11602209944751381,0.06314127861089187,0.02920284135753749
E01001918,0.14214463840399003,0.07315045719035744,0.03906899418121363
E01001919,0.16693418940609953,0.05537720706260032,0.021669341894060994
E01001920,0.10756040530007795,0.08573655494933749,0.05144193296960249
E01001921,0.14368290668868702,0.053674649050371594,0.02972749793559042
E01001922,0.1599684791174153,0.05594956658786446,0.037825059101654845
E01001923,0.14285714285714285,0.06708760852407261,0.03157063930544594
E01001924,0.17714285714285713,0.05714285714285714,0.026122448979591838
E01001925,0.17045454545454544,0.05925324675324675,0.025162337662337664
E01001926,0.1593554162936437,0.051029543419874666,0.02775290957923008
E01001927,0.18333333333333332,0.062037037037037036,0.024074074074074074
E01001928,0.13611859838274934,0.07142857142857142,0.03975741239892183
E01001929,0.1671388101983003,0.07176581680830972,0.0339943342776204
E01001930,0.13464140730717186,0.07713125845737483,0.02638700947225981
E01001931,0.1509433962264151,0.07726864330637916,0.04043126684636118
E01001932,0.12002945508100148,0.08321060382916053,0.03755522827687776
E01001933,0.15053763440860216,0.07450076804915515,0.039938556067588324
E01001934,0.13359023763648042,0.09890815671162492,0.05266538214515093
E01001935,0.11390186915887851,0.04731308411214953,0.04614485981308411
E01001937,0.14722222222222223,0.04791666666666667,0.029861111111111113
E01001938,0.10248198558847077,0.10728582866293035,0.04483586869495596
E01001940,0.10474006116207951,0.095565749235474,0.058868501529051986
E01001941,0.11251758087201125,0.08649789029535865,0.053445850914205346
E01001942,0.11588785046728972,0.07850467289719626,0.047975077881619935
E01001943,0.12919896640826872,0.09612403100775194,0.053746770025839795
E01001944,0.09186746987951808,0.1280120481927711,0.06701807228915663
E01001945,0.14356087262491204,0.08374384236453201,0.04433497536945813
E01001946,0.14055727554179567,0.07430340557275542,0.03715170278637771
E01001947,0.0944055944055944,0.09965034965034965,0.05419580419580419
E01001948,0.12982900569981,0.05446485117162761,0.0512982900569981
E01001949,0.15524360033030554,0.057803468208092484,0.03468208092485549
E01001950,0.13945578231292516,0.050170068027210885,0.025510204081632654
E01001951,0.11814671814671815,0.07027027027027027,0.032432432432432434
E01001952,0.12885906040268458,0.07516778523489932,0.030201342281879196
E01001953,0.1024653312788906,0.06933744221879815,0.039291217257318954
E01001954,0.12195121951219512,0.0975609756097561,0.05203252032520325
E01001955,0.07823529411764706,0.11823529411764706,0.057058823529411766
E01001956,0.1281645569620253,0.09731012658227849,0.04588607594936709
E01001957,0.08469055374592833,0.13192182410423453,0.06026058631921824
E01001958,0.09597069597069598,0.1391941391941392,0.07179487179487179
E01001959,0.09023941068139964,0.08532842234499693,0.039287906691221605
E01001960,0.13040585495675316,0.08516300731869594,0.04790419161676647
E01001961,0.07312925170068027,0.13945578231292516,0.055272108843537414
E01001962,0.1696562032884903,0.1031390134529148,0.044095665171898356
E01001963,0.18922852983988356,0.08660844250363901,0.021834061135371178
E01001964,0.17628458498023716,0.10355731225296443,0.034782608695652174
E01001965,0.18166939443535188,0.10229132569558101,0.03600654664484452
E01001966,0.20448430493273542,0.10044843049327354,0.026905829596412557
E01001967,0.2026359143327842,0.08237232289950576,0.03542009884678748
E01001968,0.1782477341389728,0.09969788519637462,0.03700906344410876
E01001969,0.16043425814234016,0.1272617611580217,0.06815440289505428
E01001970,0.1454319453076445,0.12927284027346178,0.058421379738968306
E01001971,0.11869814932992981,0.14805360561582642,0.05807275047862157
E01001972,0.1387900355871886,0.11245551601423487,0.05409252669039146
E01001973,0.16699801192842942,0.1143141153081511,0.036779324055666
E01001974,0.20010964912280702,0.12335526315789473,0.044407894736842105
E01001975,0.16789791806581597,0.11820013431833445,0.04768300873069174
E01001976,0.12956810631229235,0.1362126245847176,0.06710963455149502
E01001977,0.17970049916805325,0.14226289517470883,0.0524126455906822
E01001978,0.15153412648716344,0.14840325610519725,0.058860363180964305
E01001979,0.11318739989321944,0.14895888948211425,0.05285638013881474
E01001980,0.15973597359735975,0.09834983498349835,0.0462046204620462
E01001981,0.2001291155584248,0.1407359586830213,0.057456423499031635
E01001982,0.16946778711484595,0.11764705882352941,0.05112044817927171
E01001983,0.15766099185788304,0.12583271650629163,0.04515173945225759
E01001984,0.15591397849462366,0.08534946236559139,0.041666666666666664
E01001985,0.19072948328267478,0.07598784194528875,0.03115501519756839
E01001986,0.18020108275328692,0.08352668213457076,0.037122969837587005
E01001987,0.16630977872947894,0.07994289793004997,0.017844396859386154
E01001988,0.19183078045222465,0.08023340627279359,0.032093362509117436
E01001989,0.17862165963431786,0.06962025316455696,0.028832630098452883
E01001990,0.1761501210653753,0.09624697336561744,0.03631961259079903
E01001991,0.17155756207674944,0.08653122648607976,0.03611738148984198
E01001992,0.1601143674052895,0.07219442458899214,0.032165832737669764
E01001993,0.1860828772478499,0.08835027365129007,0.020328381548084442
E01001994,0.1804260985352863,0.09387483355525965,0.04061251664447404
E01001995,0.15395966551893753,0.1116576487948844,0.04033448106246926
E01001996,0.18712955122777308,0.09568162574089754,0.04064352243861134
E01001997,0.19851451721809588,0.09453072248480757,0.031060094530722483
E01001998,0.15476904619076184,0.09478104379124175,0.041391721655668866
E01001999,0.15247524752475247,0.09653465346534654,0.06633663366336634
E01002000,0.15614617940199335,0.09700996677740864,0.0345514950166113
E01002001,0.20028510334996436,0.0962223806129722,0.040627227369921595
E01002002,0.1541005291005291,0.09986772486772487,0.05489417989417989
E01002003,0.13121546961325967,0.13259668508287292,0.0649171270718232
E01002004,0.13483870967741934,0.11225806451612903,0.03935483870967742
E01002005,0.174079754601227,0.0736196319018405,0.03067484662576687
E01002006,0.1733232856066315,0.0746043707611153,0.04144687264506405
E01002007,0.1926829268292683,0.07560975609756097,0.03333333333333333
E01002008,0.17956064947468958,0.07163323782234957,0.033428844317096466
E01002009,0.22022838499184338,0.07748776508972267,0.028548123980424143
E01002010,0.15167682926829268,0.07926829268292683,0.023628048780487805
E01002011,0.14168937329700274,0.07425068119891008,0.04564032697547684
E01002013,0.18467220683287167,0.08217913204062789,0.03785780240073869
E01002014,0.1829105473965287,0.09479305740987984,0.04606141522029372
E01002015,0.1540383014154871,0.10324729392173189,0.03996669442131557
E01002016,0.1375233354075918,0.10827629122588675,0.04107031736154325
E01002017,0.18382913806254766,0.09229595728451563,0.05491990846681922
E01002018,0.13506261180679785,0.11091234347048301,0.04382826475849732
E01002019,0.18617021276595744,0.06826241134751773,0.024822695035460994
E01002020,0.17574827321565617,0.10360706062931696,0.042977743668457406
E01002021,0.18559322033898304,0.07966101694915254,0.020338983050847456
E01002022,0.1564927857935627,0.09433962264150944,0.03773584905660377
E01002023,0.1864555848724714,0.07563764291996482,0.03430079155672823
E01002024,0.18631178707224336,0.07509505703422054,0.03231939163498099
E01002025,0.2111388196176226,0.09808811305070657,0.02743142144638404
E01002026,0.101546738399462,0.13853396099529253,0.06321452589105582
E01002027,0.13738019169329074,0.13338658146964857,0.051118210862619806
E01002028,0.14854299928926795,0.12153518123667377,0.05401563610518834
E01002029,0.12037037037037036,0.14270152505446623,0.03431372549019608
E01002030,0.15384615384615385,0.10355029585798817,0.05029585798816568
E01002031,0.14190012180267966,0.11814859926918392,0.06090133982947625
E01002032,0.1763951250801796,0.12123155869146889,0.08915971776779986
E01002033,0.14802631578947367,0.13092105263157894,0.053289473684210525
E01002034,0.12042768711311198,0.17332583005064717,0.07371975239167136
E01002036,0.12129565816678153,0.13645761543762921,0.06685044796691937
E01002037,0.09527272727272727,0.14327272727272727,0.072
E01002038,0.12203876525484565,0.13783201722900215,0.06676238334529792
E01002039,0.07320872274143302,0.14875389408099687,0.08489096573208722
E01002040,0.1591160220994475,0.13038674033149172,0.055248618784530384
E01002041,0.12703804347826086,0.16032608695652173,0.05298913043478261
E01002042,0.14939024390243902,0.13338414634146342,0.052591463414634144
E01002043,0.1684931506849315,0.13082191780821917,0.045205479452054796
E01002044,0.11299804049640758,0.11952971913781842,0.052906596995427824
E01002045,0.12629022465088038,0.13600485731633272,0.06435944140862174
E01002046,0.11660516605166052,0.14243542435424356,0.043542435424354244
E01002047,0.17024221453287197,0.11972318339100346,0.05397923875432526
E01002048,0.12545235223160434,0.11700844390832328,0.04402895054282268
E01002049,0.1537966537966538,0.11261261261261261,0.059202059202059204
E01002050,0.08424599831508003,0.3108677337826453,0.031171019376579612
E01002051,0.1240981240981241,0.20057720057720058,0.06132756132756133
E01002052,0.0929889298892989,0.3107011070110701,0.03616236162361624
E01002053,0.10173857050869285,0.18415969092079845,0.05988409529942048
E01002054,0.11237661351556567,0.15793470007593013,0.06378132118451026
E01002055,0.13127090301003344,0.3202341137123746,0.04096989966555184
E01002056,0.17139334155363747,0.14755445951500207,0.06699547883271681
E01002057,0.15139701104613384,0.12930474333983105,0.06237816764132553
E01002058,0.12922173274596183,0.1299559471365639,0.06681350954478708
E01002059,0.14022988505747128,0.0896551724137931,0.04061302681992337
E01002060,0.1953781512605042,0.08753501400560224,0.03361344537815126
E01002061,0.16715328467153284,0.08613138686131387,0.029197080291970802
E01002062,0.1678832116788321,0.0789648307896483,0.027206370272063702
E01002063,0.14837712519319937,0.08346213292117466,0.05023183925811438
E01002064,0.109375,0.11328125,0.03984375
E01002065,0.14910394265232976,0.08817204301075268,0.05448028673835126
E01002066,0.08885754583921016,0.1462153267512929,0.07146215326751293
E01002067,0.17338709677419356,0.13306451612903225,0.05577956989247312
E01002068,0.14710485133020346,0.15492957746478872,0.06677099634846113
E01002069,0.13777526821005082,0.13946922642574816,0.05533596837944664
E01002070,0.16946778711484595,0.11531279178338003,0.05042016806722689
E01002071,0.13196894848270996,0.1333803810868031,0.05716302046577276
E01002072,0.12970969734403953,0.10562075355157505,0.04817788758492897
E01002073,0.13968957871396895,0.1367331855136733,0.07021433850702144
E01002074,0.1247750449910018,0.14397120575884823,0.04379124175164967
E01002075,0.1371280724450194,0.1429495472186287,0.054333764553686936
E01002076,0.15176715176715178,0.14899514899514898,0.04781704781704782
E01002077,0.13681318681318683,0.128021978021978,0.0510989010989011
E01002078,0.12777777777777777,0.11851851851851852,0.05
E01002079,0.17806267806267806,0.14245014245014245,0.04487179487179487
E01002081,0.1116015132408575,0.12862547288776796,0.0617906683480454
E01002082,0.1,0.12833333333333333,0.06166666666666667
E01002083,0.16638513513513514,0.13175675675675674,0.03209459459459459
E01002084,0.14937759336099585,0.13278008298755187,0.06085753803596127
E01002085,0.11800554016620499,0.11800554016620499,0.059833795013850416
E01002086,0.1441717791411043,0.1142638036809816,0.04984662576687116
E01002087,0.15229357798165138,0.13333333333333333,0.05015290519877676
E01002088,0.14632501685772084,0.13553607552258934,0.04315576534052596
E01002089,0.07400194741966894,0.1382667964946446,0.06523855890944498
E01002090,0.13006993006993006,0.1258741258741259,0.05174825174825175
E01002091,0.11037234042553191,0.13763297872340424,0.0398936170212766
E01002092,0.10057708161582853,0.17230008244023085,0.06430338004946413
E01002093,0.09748010610079576,0.12931034482758622,0.08222811671087533
E01002094,0.11592994161801501,0.14011676396997497,0.060050041701417846
E01002095,0.10480693459416864,0.136327817178881,0.06382978723404255
E01002096,0.1048097631012204,0.1198851399856425,0.04379038047379756
E01002097,0.10460577673692428,0.14363778298204527,0.04918032786885246
E01002098,0.1580188679245283,0.09984276729559749,0.05660377358490566
E01002099,0.11246200607902736,0.1148936170212766,0.04680851063829787
E01002100,0.15172413793103448,0.12137931034482759,0.04068965517241379
E01002101,0.19736842105263158,0.11904761904761904,0.044486215538847115
E01002102,0.14954486345903772,0.10663198959687907,0.044213263979193757
E01002103,0.1537966537966538,0.12162162162162163,0.06177606177606178
E01002104,0.16044479745830023,0.11119936457505956,0.06036536934074663
E01002105,0.17575757575757575,0.12617079889807162,0.0512396694214876
E01002106,0.15052436767427513,0.11536088834053054,0.03269586674892042
E01002107,0.1707833450952717,0.10162314749470713,0.030345800988002825
E01002108,0.140218878248974,0.106703146374829,0.030779753761969904
E01002109,0.15368991198375084,0.10968178740690589,0.023696682464454975
E01002110,0.18208516886930984,0.11527165932452275,0.02643171806167401
E01002111,0.20056657223796034,0.10254957507082153,0.03512747875354107
E01002112,0.16554261189454322,0.09871244635193133,0.01900674432863274
E01002113,0.1423047177107502,0.10595514307811292,0.027842227378190254
E01002114,0.12880434782608696,0.0907608695652174,0.03206521739130435
E01002115,0.16071428571428573,0.10146103896103896,0.028409090909090908
E01002116,0.20150375939849624,0.11052631578947368,0.02180451127819549
E01002118,0.17674113009198422,0.10315374507227333,0.04730617608409987
E01002119,0.1766497461928934,0.10304568527918782,0.04467005076142132
E01002120,0.14758751182592242,0.08609271523178808,0.02838221381267739
E01002121,0.1672401927047488,0.11149346180316587,0.026841018582243633
E01002122,0.2058432934926959,0.08698539176626827,0.03253652058432935
E01002123,0.20381231671554254,0.10777126099706745,0.02785923753665689
E01002124,0.19260293091416608,0.11793440334961619,0.040474528960223306
E01002125,0.27393785668991755,0.11033608116677235,0.028535193405199746
E01002127,0.152088772845953,0.09399477806788512,0.037859007832898174
E01002128,0.15701042873696408,0.10023174971031286,0.046349942062572425
E01002129,0.1290609701824655,0.08233199821984868,0.04005340453938585
E01002130,0.1399378054198134,0.11195024433585073,0.04486894713460684
E01002131,0.14890510948905109,0.10145985401459855,0.043065693430656936
E01002132,0.15169902912621358,0.09951456310679611,0.055825242718446605
E01002133,0.12941176470588237,0.1256965944272446,0.056346749226006194
E01002134,0.16558966074313408,0.08723747980613894,0.03877221324717286
E01002135,0.15538089480048367,0.09552599758162031,0.044135429262394194
E01002136,0.16049382716049382,0.12345679012345678,0.03333333333333333
E01002137,0.08692247454972592,0.05324980422866092,0.017227877838684416
E01002138,0.10579937304075235,0.14576802507836992,0.03605015673981191
E01002139,0.09416666666666666,0.1175,0.045
E01002140,0.14037526059763725,0.11883252258512857,0.0423905489923558
E01002141,0.15027322404371585,0.09289617486338798,0.025273224043715847
E01002142,0.14475431606905712,0.10424966799468792,0.03054448871181939
E01002143,0.14218009478672985,0.12796208530805686,0.04660347551342812
E01002144,0.16157855547282204,0.0960536113179449,0.023827252419955324
E01002145,0.1314655172413793,0.10129310344827586,0.016522988505747127
E01002146,0.1588235294117647,0.09831932773109243,0.02857142857142857
E01002147,0.18011894647408666,0.07221750212404418,0.02888700084961767
E01002148,0.12626262626262627,0.11616161616161616,0.02861952861952862
E01002149,0.13681368136813682,0.1251125112511251,0.020702070207020702
E01002150,0.14244354371742907,0.11117544875506659,0.0335842501447597
E01002151,0.10592885375494071,0.13043478260869565,0.042687747035573126
E01002152,0.14015151515151514,0.09242424242424242,0.015909090909090907
E01002153,0.14359974009096815,0.08771929824561403,0.021442495126705652
E01002155,0.11858279103398409,0.10918293564714389,0.018799710773680405
E01002156,0.12151702786377709,0.10371517027863777,0.027089783281733747
E01002157,0.14985590778097982,0.08717579250720461,0.03674351585014409
E01002158,0.1190068493150685,0.0898972602739726,0.026541095890410957
E01002159,0.1391193363114231,0.12827058072750477,0.03063178047223995
E01002160,0.15907928388746803,0.10690537084398977,0.03682864450127877
E01002161,0.15,0.1180722891566265,0.029518072289156625
E01002162,0.12391738840772819,0.13590939373750832,0.03930712858094604
E01002163,0.13626209977661952,0.11839166046165302,0.034996276991809384
E01002164,0.1287779237844941,0.10775295663600526,0.04730617608409987
E01002165,0.21286789869952089,0.1136208076659822,0.024640657084188913
E01002166,0.16977077363896848,0.11246418338108882,0.0329512893982808
E01002167,0.17397881996974282,0.11195158850226929,0.01664145234493192
E01002168,0.13636363636363635,0.10127591706539076,0.03668261562998405
E01002169,0.17732558139534885,0.1002906976744186,0.03997093023255814
E01002170,0.17753623188405798,0.10507246376811594,0.034420289855072464
E01002171,0.19380403458213258,0.10806916426512968,0.03386167146974063
E01002172,0.14140625,0.10703125,0.0328125
E01002173,0.16294919454770757,0.11214374225526642,0.03283767038413878
E01002174,0.11394302848575712,0.12293853073463268,0.02923538230884558
E01002175,0.16051502145922747,0.11416309012875536,0.034334763948497854
E01002176,0.15881939564300773,0.09486999297259312,0.025298664792691498
E01002177,0.16055419722901385,0.1100244498777506,0.02526487367563162
E01002178,0.12716763005780346,0.10332369942196531,0.03106936416184971
E01002179,0.15411127523387494,0.10585918266863614,0.046282619399310686
E01002181,0.14254975793437333,0.09682625067240452,0.02689618074233459
E01002182,0.13746312684365783,0.12861356932153392,0.04188790560471976
E01002183,0.13890523837551502,0.10947616244849911,0.03766921718658034
E01002184,0.15542328042328044,0.10912698412698413,0.037037037037037035
E01002185,0.1037542662116041,0.1242320819112628,0.039590443686006824
E01002186,0.12244897959183673,0.09809084924292298,0.03686635944700461
E01002187,0.13897662665824384,0.09475679090334807,0.033480732785849655
E01002188,0.14626865671641792,0.09253731343283582,0.013432835820895522
E01002189,0.1350210970464135,0.10689170182841069,0.026722925457102673
E01002190,0.147413182140326,0.0963855421686747,0.01842664776754075
E01002191,0.13388324873096447,0.1034263959390863,0.028553299492385786
E01002192,0.11855670103092783,0.10824742268041238,0.026509572901325478
E01002193,0.12206266318537859,0.10117493472584857,0.041122715404699736
E01002194,0.13849431818181818,0.12926136363636365,0.0234375
E01002195,0.12406576980568013,0.1031390134529148,0.02391629297458894
E01002196,0.12286931818181818,0.11860795454545454,0.017045454545454544
E01002197,0.15551694178974804,0.0999131190269331,0.035621198957428324
E01002198,0.22763684913217624,0.11548731642189586,0.037383177570093455
E01002199,0.17591125198098256,0.10618066561014262,0.0277337559429477
E01002200,0.20125786163522014,0.11892510005717553,0.0548885077186964
E01002201,0.1869747899159664,0.09733893557422969,0.032913165266106444
E01002202,0.22410660205935795,0.11205330102967898,0.03210175651120533
E01002203,0.18344827586206897,0.11724137931034483,0.030344827586206897
E01002204,0.14900888585099112,0.12850307587149692,0.04647983595352016
E01002206,0.1343692870201097,0.11974405850091407,0.0356489945155393
E01002207,0.11731843575418995,0.13547486033519554,0.0335195530726257
E01002208,0.10460992907801418,0.09840425531914894,0.023936170212765957
E01002209,0.13912475506205094,0.10450685826257348,0.03200522534291313
E01002210,0.12734375,0.11796875,0.02890625
E01002211,0.09531772575250837,0.13712374581939799,0.043478260869565216
E01002212,0.10687022900763359,0.1311589174184594,0.05135322692574601
E01002214,0.11081262592343855,0.12088650100738751,0.0671591672263264
E01002215,0.09558823529411764,0.1338235294117647,0.03676470588235294
E01002216,0.10835214446952596,0.1256583897667419,0.02633559066967645
E01002217,0.0807489760093622,0.1211234640140433,0.05968402574605032
E01002218,0.1369209809264305,0.11376021798365123,0.0388283378746594
E01002219,0.11844660194174757,0.12880258899676375,0.039482200647249194
E01002220,0.1164021164021164,0.11866969009826153,0.04081632653061224
E01002221,0.11955719557195572,0.1025830258302583,0.041328413284132844
E01002222,0.11499611499611499,0.10722610722610723,0.04195804195804196
E01002223,0.1006896551724138,0.12689655172413794,0.03586206896551724
E01002224,0.10858010630220197,0.10933940774487472,0.0387243735763098
E01002225,0.15923984272608127,0.09239842726081259,0.019003931847968544
E01002226,0.16376146788990825,0.08944954128440367,0.033486238532110094
E01002227,0.13662456946039037,0.10619977037887486,0.06831228473019518
E01002228,0.13745892661555312,0.10186199342825848,0.028477546549835708
E01002229,0.16109625668449198,0.09358288770053476,0.02807486631016043
E01002230,0.1728476821192053,0.08874172185430464,0.016556291390728478
E01002231,0.14212874442319948,0.10133843212237094,0.032504780114722756
E01002232,0.1298922291548497,0.09926262053318208,0.0476460578559274
E01002233,0.13048071843634443,0.12519809825673534,0.03856312731114633
E01002234,0.16049382716049382,0.12071330589849108,0.029492455418381344
E01002235,0.13271400132714,0.10152621101526212,0.035169210351692105
E01002236,0.1401129943502825,0.11807909604519774,0.04745762711864407
E01002237,0.18416619876473891,0.09432902863559797,0.05390230207748456
E01002238,0.1321762349799733,0.10347129506008011,0.050734312416555405
E01002239,0.11873840445269017,0.08905380333951762,0.029684601113172542
E01002240,0.1125078566939032,0.12319296040226273,0.04211187932118165
E01002241,0.12191872085276483,0.10459693537641572,0.04863424383744171
E01002242,0.11241065627030539,0.11241065627030539,0.02794022092267706
E01002243,0.10949868073878628,0.12203166226912929,0.048812664907651716
E01002244,0.11384399156711174,0.12087139845397049,0.040758959943780745
E01002245,0.12509476876421532,0.11220621683093253,0.025018953752843062
E01002246,0.0985093972780298,0.11147116007777058,0.028515878159429683
E01002247,0.11379879054425508,0.12314458493677845,0.0439802089059923
E01002248,0.10587326120556415,0.125193199381762,0.0401854714064915
E01002250,0.12774725274725274,0.11881868131868131,0.04739010989010989
E01002251,0.1145919208573784,0.12036273701566365,0.0494641384995878
E01002252,0.09403669724770643,0.13990825688073394,0.01529051987767584
E01002253,0.08608762490392007,0.1037663335895465,0.016910069177555727
E01002254,0.0878877400295421,0.10561299852289513,0.0155096011816839
E01002255,0.11137820512820513,0.10336538461538461,0.021634615384615384
E01002256,0.1,0.1184,0.0144
E01002257,0.10070422535211268,0.11056338028169015,0.021830985915492956
E01002258,0.0883785664578984,0.1127348643006263,0.025748086290883786
E01002259,0.09550561797752809,0.10513643659711075,0.03210272873194221
E01002260,0.11265646731571627,0.12378303198887343,0.031988873435326845
E01002261,0.11785462244177841,0.12208892025405788,0.038108680310515175
E01002262,0.10588235294117647,0.11280276816608996,0.03806228373702422
E01002263,0.10796324655436447,0.11562021439509954,0.019908116385911178
E01002264,0.08839779005524862,0.13022888713496447,0.036306235201262825
E01002265,0.11129032258064517,0.12016129032258065,0.028225806451612902
E01002266,0.09257781324820431,0.11412609736632083,0.03750997605746209
E01002267,0.08579272477693892,0.11256005490734386,0.030199039121482498
E01002268,0.11935208866155157,0.1287297527706735,0.028985507246376812
E01002269,0.11388140161725067,0.12601078167115903,0.028975741239892182
E01002270,0.16575716234652116,0.1077762619372442,0.020463847203274217
E01002271,0.14583333333333334,0.10863095238095238,0.019345238095238096
E01002272,0.11738351254480286,0.09767025089605735,0.03046594982078853
E01002273,0.1141352063213345,0.11940298507462686,0.021071115013169446
E01002274,0.1049645390070922,0.13049645390070921,0.02198581560283688
E01002275,0.12467076382791922,0.1273046532045654,0.0228270412642669
E01002276,0.13030484160191272,0.11057979677226538,0.03705917513448894
E01002277,0.1150855365474339,0.12986003110419908,0.042768273716951785
E01002278,0.11562021439509954,0.1447166921898928,0.039816232771822356
E01002279,0.12252384446074835,0.12986060161408658,0.032281731474688186
E01002280,0.11356707317073171,0.13948170731707318,0.04420731707317073
E01002281,0.11716937354988399,0.1177494199535963,0.05336426914153132
E01002282,0.1074561403508772,0.12646198830409358,0.049707602339181284
E01002283,0.13618974751338944,0.11935730680948738,0.04973221117061974
E01002284,0.11376858435681965,0.13122171945701358,0.03232062055591468
E01002285,0.1038961038961039,0.10995670995670996,0.025974025974025976
E01002286,0.10722100656455143,0.1174325309992706,0.02188183807439825
E01002287,0.08897338403041825,0.12167300380228137,0.030418250950570342
E01002288,0.08079268292682927,0.12728658536585366,0.024390243902439025
E01002289,0.10914454277286136,0.11061946902654868,0.022861356932153392
E01002290,0.07187993680884676,0.11453396524486571,0.01263823064770932
E01002291,0.10219530658591976,0.08856926570779712,0.02498107494322483
E01002292,0.11028315946348734,0.11177347242921014,0.03204172876304024
E01002294,0.09183673469387756,0.12401883830455258,0.018838304552590265
E01002295,0.09248913718187461,0.10800744878957169,0.03786468032278088
E01002296,0.10734463276836158,0.0925141242937853,0.023305084745762712
E01002297,0.125,0.1281055900621118,0.03493788819875776
E01002298,0.11219879518072289,0.11671686746987951,0.030120481927710843
E01002299,0.12950138504155126,0.14889196675900276,0.046398891966759004
E01002300,0.09204275534441805,0.11045130641330166,0.02315914489311164
E01002301,0.13220088626292467,0.11225997045790251,0.027326440177252585
E01002302,0.10980966325036604,0.11932650073206442,0.03513909224011713
E01002303,0.09252669039145907,0.11921708185053381,0.04922894424673784
E01002304,0.12775665399239544,0.09581749049429658,0.023574144486692015
E01002305,0.1191904047976012,0.11319340329835083,0.03298350824587706
E01002306,0.11607142857142858,0.13988095238095238,0.06473214285714286
E01002307,0.1127348643006263,0.13987473903966596,0.03618649965205289
E01002308,0.11357340720221606,0.12188365650969529,0.04778393351800554
E01002309,0.11168639053254438,0.1264792899408284,0.038461538461538464
E01002310,0.0856760374832664,0.11579651941097724,0.02677376171352075
E01002311,0.13178294573643412,0.12966878083157152,0.03382663847780127
E01002312,0.09615384615384616,0.11612426035502958,0.03476331360946745
E01002313,0.13221709006928406,0.11316397228637413,0.03521939953810624
E01002314,0.09331373989713446,0.14915503306392358,0.04041146216017634
E01002315,0.14545454545454545,0.11666666666666667,0.04393939393939394
E01002316,0.08805870580386925,0.12341561040693796,0.04469646430953969
E01002317,0.11339421613394216,0.12404870624048706,0.0228310502283105
E01002318,0.08644688644688645,0.12014652014652015,0.027106227106227107
E01002319,0.09805238415043653,0.11887172599059771,0.026192075218267292
E01002320,0.10504885993485343,0.16286644951140064,0.019543973941368076
E01002321,0.12374581939799331,0.10367892976588629,0.030100334448160536
E01002322,0.0970625798212005,0.11813537675606642,0.030012771392081736
E01002323,0.09618104667609619,0.11456859971711457,0.02333804809052334
E01002324,0.10416666666666667,0.11574074074074074,0.035493827160493825
E01002325,0.11241507103150093,0.1352686843730698,0.03211859172328598
E01002326,0.11910112359550562,0.1543071161048689,0.03220973782771536
E01002327,0.11481768813033359,0.13033359193173003,0.026377036462373934
E01002328,0.13456090651558072,0.12464589235127478,0.030453257790368272
E01002329,0.11424541607898449,0.1156558533145275,0.04019746121297602
E01002330,0.12896405919661733,0.11416490486257928,0.0408738548273432
E01002331,0.12228057014253563,0.1207801950487622,0.024756189047261814
E01002332,0.10225669957686882,0.12552891396332863,0.027503526093088856
E01002333,0.11120840630472854,0.12084063047285463,0.021015761821366025
E01002334,0.1318150448585231,0.11249137336093858,0.01932367149758454
E01002335,0.11063464837049743,0.14493996569468268,0.0411663807890223
E01002336,0.1348563006632277,0.11127487103905674,0.023581429624170966
E01002337,0.11861471861471862,0.09696969696969697,0.022510822510822513
E01002338,0.11298932384341637,0.11832740213523131,0.03558718861209965
E01002339,0.13938053097345132,0.11209439528023599,0.01991150442477876
E01002340,0.10291595197255575,0.10205831903945112,0.02830188679245283
E01002341,0.10961214165261383,0.12478920741989882,0.024451939291736932
E01002342,0.10765731614859743,0.12206216830932524,0.04473085670962851
E01002343,0.10890410958904109,0.1136986301369863,0.030821917808219176
E01002344,0.10096463022508038,0.12540192926045016,0.03408360128617363
E01002345,0.11527777777777778,0.12222222222222222,0.04513888888888889
E01002346,0.11525704809286899,0.1285240464344942,0.04809286898839138
E01002347,0.1186161449752883,0.11202635914332784,0.03212520593080725
E01002348,0.11836115326251896,0.1047040971168437,0.025796661608497723
E01002349,0.11678267594740913,0.10982211910286156,0.02320185614849188
E01002350,0.12288447387785136,0.12067696835908756,0.03384841795437822
E01002351,0.12939521800281295,0.1111111111111111,0.027426160337552744
E01002352,0.10721123165283983,0.1206126356094448,0.037013401403956606
E01002353,0.12579710144927536,0.11072463768115942,0.03072463768115942
E01002354,0.0989492119089317,0.11733800350262696,0.014010507880910683
E01002355,0.11129707112970712,0.13389121338912133,0.023430962343096235
E01002356,0.13046153846153846,0.10953846153846154,0.036307692307692305
E01002358,0.1339712918660287,0.12021531100478469,0.03409090909090909
E01002359,0.09703504043126684,0.11500449236298294,0.020664869721473494
E01002360,0.0997643362136685,0.0997643362136685,0.021209740769835034
E01002361,0.105,0.116875,0.044375
E01002362,0.1104,0.116,0.0232
E01002363,0.10173697270471464,0.13647642679900746,0.033085194375516956
E01002364,0.08706677937447169,0.11242603550295859,0.018596787827557058
E01002365,0.10036496350364964,0.13412408759124086,0.024635036496350366
E01002366,0.10817307692307693,0.11698717948717949,0.041666666666666664
E01002367,0.1130374479889043,0.0957004160887656,0.027739251040221916
E01002368,0.10154997327632283,0.1122394441475147,0.05718866916087654
E01002369,0.1154320987654321,0.12037037037037036,0.037654320987654324
E01002370,0.12055231014338821,0.13542219861922464,0.04248539564524695
E01002371,0.10649161196207148,0.11962071480671042,0.03865791393143691
E01002372,0.11348563006632277,0.12748710390567428,0.03316138540899042
E01002373,0.10193452380952381,0.11904761904761904,0.03943452380952381
E01002374,0.11777615215801024,0.11923920994879297,0.038771031455742504
E01002375,0.10910307898259705,0.12583668005354753,0.041499330655957165
E01002376,0.10892710892710893,0.1122031122031122,0.01638001638001638
E01002377,0.10676901605024425,0.12281926029309141,0.03279832519190509
E01002378,0.12843355605048257,0.11581291759465479,0.01855976243504083
E01002379,0.13266871165644173,0.09815950920245399,0.02607361963190184
E01002380,0.10971615720524018,0.10262008733624454,0.04039301310043668
E01002381,0.12300319488817892,0.11421725239616613,0.027156549520766772
E01002382,0.10961667787491594,0.09549428379287156,0.03833221250840619
E01002383,0.10458991723100075,0.12415349887133183,0.029345372460496615
E01002384,0.09111277072442121,0.11053024645257654,0.022404779686333084
E01002385,0.11028315946348734,0.12518628912071536,0.00894187779433681
E01002386,0.11025489033787789,0.10906935388263189,0.026674570243034972
E01002387,0.10128495842781557,0.11337868480725624,0.015117157974300832
E01002388,0.10281065088757396,0.10798816568047337,0.009615384615384616
E01002389,0.0962800875273523,0.11816192560175055,0.0175054704595186
E01002390,0.09211618257261411,0.11784232365145228,0.016597510373443983
E01002391,0.1014799154334038,0.11980267794221283,0.026074700493305146
E01002392,0.08899297423887588,0.12568306010928962,0.05230288836846214
E01002393,0.09803921568627451,0.12806372549019607,0.041666666666666664
E01002394,0.11645379413974455,0.12922614575507138,0.05709992486851991
E01002395,0.12224264705882353,0.12408088235294118,0.050551470588235295
E01002396,0.08831710709318498,0.11404728789986092,0.04172461752433936
E01002397,0.08036292935839275,0.13480233311730394,0.04212572909915749
E01002398,0.09704060564349622,0.12663454920853406,0.04817618719889883
E01002399,0.09704321455648218,0.1379833206974981,0.045489006823351025
E01002400,0.11146295123495883,0.11399620012666245,0.039898670044331855
E01002401,0.10328909405654933,0.1350259665320254,0.03923831506058857
E01002402,0.09332321699544764,0.12974203338391502,0.03945371775417299
E01002403,0.10269082921471719,0.12465678198791873,0.047775947281713346
E01002404,0.07528314457028648,0.13924050632911392,0.04596935376415723
E01002405,0.09536423841059603,0.12847682119205298,0.045033112582781455
E01002408,0.10465116279069768,0.09224806201550388,0.05581395348837209
E01002409,0.10122501611863315,0.11476466795615732,0.041263700838168924
E01002410,0.11329404060248854,0.11853307138179436,0.028814669286182055
E01002411,0.11176818450620934,0.1023063276167948,0.03429923122412774
E01002412,0.0825974025974026,0.10545454545454545,0.04
E01002413,0.10073111291632819,0.15190901705930138,0.04955320877335499
E01002414,0.04276578737010392,0.04156674660271783,0.017585931254996003
E01002415,0.1055350553505535,0.10922509225092251,0.024354243542435424
E01002416,0.10972017673048601,0.13475699558173784,0.023564064801178203
E01002417,0.11403508771929824,0.10931174089068826,0.02834008097165992
E01002418,0.10934256055363321,0.11418685121107267,0.02768166089965398
E01002419,0.11283185840707964,0.11209439528023599,0.022861356932153392
E01002420,0.08848864526233359,0.1158966327329679,0.037588097102584185
E01002421,0.11730205278592376,0.11363636363636363,0.026392961876832845
E01002422,0.1266233766233766,0.14042207792207792,0.0349025974025974
E01002423,0.09569377990430622,0.1291866028708134,0.03417634996582365
E01002424,0.12800620636152055,0.1186966640806827,0.03646237393328161
E01002425,0.10282574568288853,0.12951334379905807,0.04709576138147567
E01002426,0.08782435129740519,0.13040585495675316,0.039254823685961414
E01002427,0.1016949152542373,0.137904468412943,0.029275808936825885
E01002428,0.12900641025641027,0.10576923076923077,0.030448717948717948
E01002429,0.11614497528830313,0.10955518945634267,0.039538714991762765
E01002430,0.10178117048346055,0.1111111111111111,0.015267175572519083
E01002431,0.09671532846715329,0.10583941605839416,0.024635036496350366
E01002432,0.11566265060240964,0.09156626506024096,0.03132530120481928
E01002433,0.10030090270812438,0.10882647943831494,0.031093279839518557
E01002434,0.10873440285204991,0.12299465240641712,0.025846702317290554
E01002435,0.10505212510024058,0.11146752205292702,0.020850040096230954
E01002436,0.1208955223880597,0.10597014925373134,0.03283582089552239
E01002437,0.09991876523151909,0.08123476848090982,0.026807473598700244
E01002438,0.12857142857142856,0.10840336134453782,0.02857142857142857
E01002439,0.09062003179650238,0.10492845786963434,0.034976152623211444
E01002440,0.11145996860282574,0.13971742543171115,0.029042386185243328
E01002441,0.1191553544494721,0.10708898944193061,0.03469079939668175
E01002442,0.10510510510510511,0.12012012012012012,0.027777777777777776
E01002443,0.09003021148036254,0.14018126888217522,0.06948640483383686
E01002444,0.08082706766917293,0.11215538847117794,0.047619047619047616
E01002445,0.09797822706065319,0.13063763608087092,0.048989113530326596
E01002446,0.10805500982318271,0.13490504256712507,0.05435494433529797
E01002447,0.10705741626794259,0.15490430622009568,0.07476076555023924
E01002448,0.08823529411764706,0.15546218487394958,0.05102040816326531
E01002449,0.0768772348033373,0.13170441001191896,0.08343265792610251
E01002450,0.12184508268059181,0.1288076588337685,0.028720626631853787
E01002451,0.09298393913778528,0.12087912087912088,0.03296703296703297
E01002452,0.11987127916331457,0.10458567980691874,0.04344328238133548
E01002453,0.10427226647356988,0.11151339608979001,0.0333091962346126
E01002454,0.09626038781163435,0.10803324099722991,0.04155124653739612
E01002455,0.1076923076923077,0.1117056856187291,0.048160535117056855
E01002456,0.10104790419161677,0.11302395209580839,0.033682634730538924
E01002457,0.10446570972886762,0.12998405103668262,0.043859649122807015
E01002458,0.1264957264957265,0.10170940170940171,0.021367521367521368
E01002459,0.10664718772826881,0.10664718772826881,0.02483564645726808
E01002460,0.11450381679389313,0.11789652247667515,0.01441899915182358
E01002461,0.1648,0.1032,0.02
E01002462,0.11178509532062392,0.1169844020797227,0.02512998266897747
E01002463,0.1176941553242594,0.100080064051241,0.01521216973578863
E01002464,0.11007025761124122,0.09992193598750976,0.02419984387197502
E01002465,0.12026726057906459,0.12249443207126949,0.0334075723830735
E01002466,0.09663250366032211,0.12518301610541727,0.03806734992679356
E01002467,0.09225957779515247,0.12040656763096169,0.013291634089132134
E01002468,0.09855072463768116,0.1318840579710145,0.02608695652173913
E01002469,0.11231884057971014,0.11376811594202899,0.034782608695652174
E01002470,0.11014686248331108,0.09946595460614152,0.044058744993324434
E01002471,0.1023502653525398,0.12357846853677028,0.028051554207733132
E01002472,0.11781609195402298,0.08477011494252873,0.02586206896551724
E01002473,0.14014084507042254,0.10422535211267606,0.02323943661971831
E01002474,0.15053763440860216,0.1053763440860215,0.02724014336917563
E01002475,0.10404191616766467,0.09580838323353294,0.030688622754491017
E01002476,0.1352549889135255,0.08573540280857354,0.019216555801921657
E01002477,0.12645739910313902,0.09147982062780269,0.02242152466367713
E01002478,0.14886983632112236,0.08106001558846454,0.030397505845674203
E01002479,0.11667810569663692,0.11050102951269733,0.035003431708991076
E01002480,0.1229012760241773,0.10745466756212223,0.02552048354600403
E01002481,0.10759969902182091,0.109104589917231,0.03160270880361174
E01002482,0.15058479532163743,0.07529239766081872,0.02412280701754386
E01002483,0.15221579961464354,0.10468850353243417,0.028259473346178548
E01002484,0.1137357830271216,0.1137357830271216,0.03499562554680665
E01002485,0.13436532507739937,0.11021671826625387,0.03715170278637771
E01002486,0.08718244803695151,0.13048498845265588,0.049653579676674366
E01002487,0.09573770491803278,0.14163934426229507,0.05377049180327869
E01002488,0.0968208092485549,0.13078034682080925,0.05057803468208093
E01002489,0.11246786632390746,0.13431876606683804,0.05719794344473008
E01002490,0.09406231628453851,0.13286302175191064,0.06290417401528513
E01002491,0.07959814528593509,0.16924265842349304,0.05100463678516229
E01002492,0.11185185185185186,0.14814814814814814,0.051111111111111114
E01002493,0.08825622775800712,0.14306049822064057,0.05765124555160142
E01002494,0.12956335003579098,0.12813171080887617,0.0408017179670723
E01002495,0.10006807351940095,0.1259360108917631,0.031313818924438394
E01002496,0.12884238064094178,0.1170699803793329,0.030739045127534337
E01002497,0.11315924219150025,0.10650281618023553,0.04352278545826933
E01002498,0.10431034482758621,0.10517241379310345,0.025
E01002499,0.10978520286396182,0.10620525059665871,0.03162291169451074
E01002501,0.10466760961810467,0.10608203677510608,0.05304101838755304
E01002502,0.10464310464310464,0.10810810810810811,0.03257103257103257
E01002503,0.09060402684563758,0.12281879194630872,0.059731543624161075
E01002505,0.07904278462654098,0.12835387962291517,0.05728788977519942
E01002506,0.10848755583918315,0.1429483088704531,0.058710912571793235
E01002507,0.09299279633267846,0.10805500982318271,0.0550098231827112
E01002508,0.09057971014492754,0.1292270531400966,0.03804347826086957
E01002509,0.11812961443806398,0.11894995898277276,0.02543068088597211
E01002511,0.09600614439324116,0.10829493087557604,0.05837173579109063
E01002512,0.11616766467065869,0.10179640718562874,0.022754491017964073
E01002513,0.10473815461346633,0.09559434746467166,0.02493765586034913
E01002514,0.0795805058605799,0.0931523750771129,0.03146206045650833
E01002516,0.14285714285714285,0.10074318744838975,0.0305532617671346
E01002518,0.09411764705882353,0.10678733031674208,0.02081447963800905
E01002519,0.09456985967053082,0.0921293471629042,0.03721781574130567
E01002520,0.10590500641848524,0.10141206675224647,0.043645699614890884
E01002521,0.09107037256061502,0.09994086339444117,0.05204021289178001
E01002523,0.11322248614410134,0.09501187648456057,0.034045922406967535
E01002525,0.10957960027567196,0.09717436250861475,0.04135079255685734
E01002526,0.08514335360556038,0.10729800173761946,0.051694178974804515
E01002527,0.09523809523809523,0.09126984126984126,0.04365079365079365
E01002528,0.09692832764505119,0.11262798634812286,0.05870307167235495
E01002529,0.1080375782881002,0.11012526096033402,0.055323590814196244
E01002530,0.09752438109527382,0.14253563390847712,0.05326331582895724
E01002531,0.1231209735146743,0.09234073013600573,0.0329277022190408
E01002533,0.09699570815450644,0.12103004291845494,0.02317596566523605
E01002534,0.1088379705400982,0.11947626841243862,0.03355155482815057
E01002535,0.10974304068522484,0.08458244111349036,0.032119914346895075
E01002536,0.09914204003813155,0.10295519542421354,0.0219256434699714
E01002537,0.09636084059456688,0.08047155304971809,0.028190671450538187
E01002538,0.09726224783861671,0.09654178674351585,0.026657060518731988
E01002539,0.09914407988587731,0.10128388017118402,0.02282453637660485
E01002540,0.12343864805290228,0.12049963262307127,0.06171932402645114
E01002541,0.12507739938080495,0.11888544891640866,0.04086687306501548
E01002542,0.11701412239408204,0.14324142568930734,0.05447209145931405
E01002543,0.1055594651653765,0.12385643912737508,0.061224489795918366
E01002544,0.13626209977661952,0.11094564408041697,0.058078927773641105
E01002545,0.07839562443026436,0.11850501367365543,0.06654512306289881
E01002546,0.08507462686567165,0.13955223880597015,0.03208955223880597
E01002547,0.1050228310502283,0.14231354642313546,0.05555555555555555
E01002548,0.10652920962199312,0.10790378006872853,0.03986254295532646
E01002549,0.0971937029431896,0.10403832991101986,0.03696098562628337
E01002550,0.09728978457261987,0.11466296038915914,0.05350938151494093
E01002551,0.08576429404900816,0.12077012835472578,0.03442240373395566
E01002552,0.1137546468401487,0.13680297397769517,0.04014869888475837
E01002553,0.0887154009936125,0.11426543647977289,0.05677785663591199
E01002555,0.09309133489461359,0.11592505854800937,0.04742388758782201
E01002556,0.10222531293463143,0.15368567454798332,0.04659248956884562
E01002557,0.12608695652173912,0.1248447204968944,0.03664596273291926
E01002558,0.08049353701527615,0.136310223266745,0.05464159811985899
E01002559,0.09490156486622918,0.15446744068652196,0.045936395759717315
E01002560,0.09386733416770963,0.10700876095118898,0.043178973717146435
E01002561,0.07954545454545454,0.1314935064935065,0.04383116883116883
E01002562,0.11669505962521294,0.10817717206132879,0.056218057921635436
E01002563,0.14093529788597053,0.08584240871236387,0.028827674567584883
E01002564,0.13119143239625167,0.10307898259705489,0.059571619812583666
E01002565,0.1476985331310066,0.08548305513404147,0.04501770359129995
E01002567,0.15405046480743692,0.10159362549800798,0.035856573705179286
E01002569,0.151618398637138,0.06416808631459398,0.03520726859738785
E01002570,0.14130434782608695,0.07753623188405798,0.03188405797101449
E01002571,0.16619718309859155,0.054460093896713614,0.028169014084507043
E01002572,0.10723192019950124,0.11305070656691604,0.051537822111388194
E01002573,0.18181818181818182,0.07905138339920949,0.02292490118577075
E01002574,0.16267605633802817,0.07394366197183098,0.01619718309859155
E01002575,0.14157973174366617,0.07302533532041729,0.02459016393442623
E01002576,0.15097159940209268,0.08669656203288491,0.0343796711509716
E01002577,0.19942816297355254,0.0764832022873481,0.03359542530378842
E01002578,0.16192026037428803,0.0838079739625712,0.024410089503661515
E01002579,0.15368120085775555,0.08720514653323802,0.020729092208720514
E01002580,0.1518987341772152,0.08607594936708861,0.032067510548523206
E01002581,0.14553686934023286,0.08538163001293661,0.040103492884864166
E01002582,0.178516228748068,0.09041731066460587,0.03554868624420402
E01002583,0.07404891304347826,0.10869565217391304,0.05638586956521739
E01002584,0.0911697247706422,0.14162844036697247,0.05561926605504587
E01002585,0.08607935440484196,0.1425689307330195,0.05783456624075319
E01002586,0.0899400399733511,0.13590939373750832,0.04863424383744171
E01002587,0.11496633868461936,0.10253754531330916,0.05126877265665458
E01002588,0.08794137241838774,0.13257828114590273,0.07061958694203864
E01002589,0.08507386653082018,0.13295975547631178,0.05399898115129903
E01002590,0.08280565026790063,0.10813443740867024,0.03360935216755967
E01002591,0.10805500982318271,0.11591355599214145,0.04649639816633923
E01002592,0.0913946587537092,0.12462908011869436,0.04688427299703264
E01002593,0.11075612353567625,0.1134185303514377,0.052715654952076675
E01002594,0.1079761258817146,0.11394465545306566,0.0385241454150841
E01002595,0.0758266818700114,0.1362599771949829,0.04047890535917902
E01002596,0.09563658099222953,0.11237298266586969,0.052002390914524806
E01002598,0.09432717678100264,0.14050131926121373,0.04221635883905013
E01002599,0.08279220779220779,0.12743506493506493,0.056006493506493504
E01002600,0.09393939393939393,0.12651515151515152,0.0446969696969697
E01002601,0.11781206171107994,0.11781206171107994,0.05750350631136045
E01002602,0.11739864864864864,0.11908783783783784,0.02787162162162162
E01002603,0.11162790697674418,0.1282392026578073,0.05249169435215947
E01002604,0.125,0.12746710526315788,0.05838815789473684
E01002605,0.13008595988538682,0.13638968481375358,0.04527220630372493
E01002606,0.09699769053117784,0.12317167051578137,0.054657428791377985
E01002607,0.11972573839662447,0.1751054852320675,0.035864978902953586
E01002608,0.10420979986197378,0.1331953071083506,0.04830917874396135
E01002609,0.12142358688066993,0.11863224005582694,0.03558967201674808
E01002610,0.09628506444275967,0.1463229719484458,0.05534495830174375
E01002611,0.10666666666666667,0.12666666666666668,0.034545454545454546
E01002612,0.09302325581395349,0.12224209898628503,0.045915324985092425
E01002613,0.11570782159017454,0.13122171945701358,0.04395604395604396
E01002614,0.1078735275883447,0.12275263484190949,0.03905765654060756
E01002615,0.0814873417721519,0.1305379746835443,0.061708860759493674
E01002616,0.09590100541376644,0.11600928074245939,0.03789636504253674
E01002617,0.14980988593155894,0.12319391634980989,0.029657794676806085
E01002618,0.10714285714285714,0.11138014527845036,0.035108958837772396
E01002619,0.1059171597633136,0.12544378698224853,0.05739644970414201
E01002620,0.09361069836552749,0.14710252600297177,0.0470529965329371
E01002621,0.12714558169103624,0.1309599491417673,0.04322949777495232
E01002622,0.09687906371911574,0.10663198959687907,0.053315994798439535
E01002623,0.08349146110056926,0.11385199240986717,0.05186590765338393
E01002624,0.0786908077994429,0.13509749303621169,0.06197771587743733
E01002625,0.10098870056497175,0.1292372881355932,0.05084745762711865
E01002626,0.12807148175725985,0.1169024571854058,0.04765450483991065
E01002627,0.09391435011269722,0.13298271975957926,0.058602554470323066
E01002628,0.11581291759465479,0.12193763919821826,0.03897550111358575
E01002629,0.13107721639656816,0.10676835081029552,0.0438512869399428
E01002630,0.11676300578034682,0.10867052023121387,0.03930635838150289
E01002631,0.09510682288077188,0.11853893866299105,0.04135079255685734
E01002632,0.1029504080351538,0.10546139359698682,0.03515379786566227
E01002633,0.10054184226369657,0.14388922335942203,0.060204695966285374
E01002634,0.09647058823529411,0.1592156862745098,0.0611764705882353
E01002635,0.11805121798875702,0.1330418488444722,0.04996876951905059
E01002636,0.11490866234531526,0.1249263406010607,0.046552740129640544
E01002637,0.10261707988980716,0.15426997245179064,0.045454545454545456
E01002638,0.10996354799513973,0.1445929526123937,0.04738760631834751
E01002639,0.1372013651877133,0.10784982935153584,0.049146757679180884
E01002640,0.1439312567132116,0.11761546723952739,0.031149301825993556
E01002641,0.1071593533487298,0.10946882217090069,0.06327944572748267
E01002643,0.10936051899907322,0.11353104726598702,0.04494902687673772
E01002645,0.11968680089485459,0.12136465324384788,0.05089485458612975
E01002646,0.09608745684695051,0.13521288837744533,0.05868814729574223
E01002647,0.12036474164133738,0.1209726443768997,0.0486322188449848
E01002649,0.1388712745719721,0.11160431198478123,0.045656309448319596
E01002650,0.12172984516817939,0.13080619327282433,0.05285638013881474
E01002651,0.11168831168831168,0.11493506493506493,0.04220779220779221
E01002652,0.13078848560700876,0.11827284105131414,0.0425531914893617
E01002653,0.12171684817424727,0.11723254324151185,0.03779628443305574
E01002654,0.1279290690310323,0.11272957568081064,0.027232425585813805
E01002655,0.1422976501305483,0.10574412532637076,0.04177545691906005
E01002656,0.1358555460017197,0.12209802235597593,0.029234737747205503
E01002657,0.13295165394402036,0.1138676844783715,0.03816793893129771
E01002658,0.16270566727605118,0.10054844606946983,0.04204753199268738
E01002659,0.15012722646310434,0.11789652247667515,0.03307888040712468
E01002660,0.09988317757009346,0.13200934579439252,0.056074766355140186
E01002661,0.08825065274151436,0.13107049608355092,0.06736292428198433
E01002662,0.10369318181818182,0.11884469696969698,0.050662878787878785
E01002663,0.10435779816513761,0.14506880733944955,0.06708715596330275
E01002665,0.09633357296908698,0.13443565780014377,0.038102084831056794
E01002666,0.08918032786885247,0.11278688524590164,0.03409836065573771
E01002667,0.12443946188340807,0.10033632286995516,0.03139013452914798
E01002668,0.11354909489851893,0.0850246845858475,0.039495337356006584
E01002669,0.12061994609164421,0.13140161725067384,0.04177897574123989
E01002670,0.13315754779169414,0.11404087013843112,0.037574159525379035
E01002671,0.12932862190812722,0.1010600706713781,0.03604240282685512
E01002672,0.09844961240310078,0.12170542635658915,0.04186046511627907
E01002673,0.07174103237095363,0.14348206474190725,0.05774278215223097
E01002674,0.15295551492992077,0.10725167580743449,0.037781840341255334
E01002675,0.1354679802955665,0.10640394088669951,0.030049261083743842
E01002676,0.14275766016713093,0.08008356545961003,0.036211699164345405
E01002677,0.1233453670276775,0.09927797833935018,0.04271961492178099
E01002678,0.14260666277030976,0.09175920514319112,0.04441846873173583
E01002679,0.154557463672391,0.09577278731836196,0.04491413474240423
E01002680,0.1465005931198102,0.09252669039145907,0.04329774614472123
E01002681,0.11989664082687339,0.10801033591731266,0.04237726098191214
E01002682,0.10783261802575107,0.10622317596566523,0.05042918454935622
E01002686,0.11814946619217082,0.1202846975088968,0.044839857651245554
E01002687,0.14442815249266863,0.07111436950146628,0.041788856304985335
E01002689,0.15063091482649843,0.07807570977917981,0.03785488958990536
E01002690,0.1592920353982301,0.08230088495575222,0.035398230088495575
E01002691,0.1474269819193324,0.07440890125173853,0.037552155771905425
E01002692,0.12613636363636363,0.0625,0.0375
E01002693,0.1298360655737705,0.049836065573770495,0.03934426229508197
E01002694,0.07692307692307693,0.1239731142643764,0.08140403286034353
E01002695,0.10193452380952381,0.06770833333333333,0.03794642857142857
E01002696,0.11061665607120152,0.05530832803560076,0.029243483788938335
E01002697,0.07893175074183977,0.10207715133531158,0.05637982195845697
E01002698,0.11968235961429381,0.041406693136698806,0.03800340328984685
E01002699,0.1453982985305491,0.09048723897911833,0.04717710750193349
E01002700,0.1558219178082192,0.06164383561643835,0.04023972602739726
E01002701,0.08647798742138364,0.0770440251572327,0.05660377358490566
E01002702,0.07556427870461237,0.07998037291462218,0.05053974484789009
E01002703,0.07932446264073695,0.09058341862845445,0.05424769703172978
E01002704,0.10661401776900296,0.08045409674234946,0.04639684106614018
E01002706,0.11577082102776137,0.08269344359125812,0.04193738924985233
E01002707,0.09805153991200503,0.06348208673790069,0.03834066624764299
E01002708,0.0856662933930571,0.08174692049272117,0.055991041433370664
E01002709,0.065439672801636,0.076346284935242,0.0408997955010225
E01002710,0.07646622123236822,0.10319227913882702,0.05493689680772086
E01002711,0.0927441352973268,0.07037643207855974,0.03982542280414621
E01002712,0.11461067366579178,0.07699037620297462,0.04374453193350831
E01002713,0.06444906444906445,0.0760914760914761,0.061122661122661126
E01002714,0.16978309648466716,0.07404637247569185,0.04038893044128646
E01002715,0.09146341463414634,0.1288109756097561,0.053353658536585365
E01002716,0.09211222869242985,0.10481736368448914,0.04446797247220752
E01002717,0.132,0.074,0.037
E01002718,0.16964924838940587,0.06299212598425197,0.03937007874015748
E01002719,0.13172690763052208,0.06506024096385542,0.02891566265060241
E01002720,0.08774038461538461,0.1045673076923077,0.05228365384615385
E01002721,0.12831541218637993,0.06236559139784946,0.04014336917562724
E01002722,0.10963455149501661,0.07142857142857142,0.044850498338870434
E01002723,0.07525325615050651,0.06801736613603473,0.05065123010130246
E01002724,0.11224489795918367,0.05045351473922902,0.024376417233560092
E01002725,0.08659981768459435,0.10391978122151321,0.05013673655423884
E01002726,0.11554621848739496,0.05742296918767507,0.0742296918767507
E01002727,0.13854089904200442,0.07148120854826824,0.03389830508474576
E01002728,0.06960950764006792,0.05178268251273345,0.031409168081494056
E01002729,0.13636363636363635,0.07424242424242425,0.05303030303030303
E01002730,0.11951684678957407,0.08137317228226319,0.049586776859504134
E01002732,0.0783289817232376,0.10182767624020887,0.06266318537859007
E01002733,0.12781350482315113,0.07154340836012862,0.04581993569131833
E01002734,0.08306878306878307,0.11957671957671957,0.07989417989417989
E01002735,0.08859784283513097,0.087442218798151,0.05007704160246533
E01002736,0.08270042194092828,0.10717299578059072,0.0810126582278481
E01002737,0.08516129032258064,0.10387096774193548,0.04774193548387097
E01002738,0.126875,0.0775,0.038125
E01002739,0.1402238314680711,0.06188281764318631,0.030941408821593155
E01002740,0.13857677902621723,0.060460139111824504,0.027287319422150885
E01002741,0.12297734627831715,0.10275080906148867,0.06310679611650485
E01002742,0.1362530413625304,0.09184914841849148,0.01824817518248175
E01002743,0.13001605136436598,0.09229534510433386,0.038523274478330656
E01002744,0.14652956298200515,0.07712082262210797,0.037703513281919454
E01002745,0.14124293785310735,0.08878127522195318,0.021791767554479417
E01002747,0.13636363636363635,0.08620689655172414,0.023510971786833857
E01002748,0.11235955056179775,0.1146067415730337,0.04644194756554307
E01002749,0.1086048454469507,0.09523809523809523,0.05263157894736842
E01002751,0.09326072157930565,0.11300204220558203,0.057862491490810075
E01002752,0.12186379928315412,0.07741935483870968,0.04229390681003584
E01002753,0.0972668810289389,0.0932475884244373,0.03938906752411576
E01002754,0.14691943127962084,0.0971563981042654,0.045023696682464455
E01002755,0.10594795539033457,0.12546468401486988,0.06133828996282528
E01002756,0.1514052583862194,0.09519492293744333,0.033544877606527655
E01002757,0.13043478260869565,0.10260869565217391,0.04695652173913043
E01002758,0.09395973154362416,0.12453392990305742,0.04623415361670395
E01002759,0.13151750972762646,0.07003891050583658,0.0490272373540856
E01002760,0.08046817849305048,0.12655449890270665,0.05998536942209217
E01002762,0.13716295427901523,0.06740914419695193,0.04337631887456037
E01002763,0.11978704525288376,0.08873114463176575,0.04702750665483585
E01002764,0.09668874172185431,0.11258278145695365,0.04701986754966887
E01002765,0.07676685621445979,0.0743298131600325,0.045897644191714056
E01002766,0.08953553441522104,0.10632344711807498,0.060996082820369335
E01002767,0.09468085106382979,0.07765957446808511,0.054787234042553194
E01002768,0.13333333333333333,0.07383512544802867,0.05089605734767025
E01002769,0.13971539456662355,0.07567917205692108,0.03234152652005175
E01002770,0.1289134438305709,0.05463474524248005,0.030693677102516883
E01002771,0.14231354642313546,0.10578386605783865,0.05403348554033485
E01002772,0.11471471471471471,0.08048048048048048,0.04804804804804805
E01002773,0.0727130570758405,0.15715402658326819,0.04769351055512119
E01002774,0.13286334056399132,0.09598698481561822,0.04121475054229935
E01002775,0.14517437145174372,0.06731549067315491,0.0364963503649635
E01002776,0.12136862491930278,0.07811491284699806,0.052291801162040026
E01002777,0.16060398078242966,0.08236101578586136,0.03912148249828414
E01002778,0.1022653721682848,0.09902912621359224,0.08090614886731391
E01002779,0.14713715046604528,0.09187749667110519,0.041944074567243674
E01002780,0.1179245283018868,0.07008086253369272,0.03504043126684636
E01002781,0.137744767049291,0.10735989196488858,0.06954760297096556
E01002782,0.11297440423654016,0.11915269196822595,0.07325684024713151
E01002783,0.08403361344537816,0.08683473389355742,0.04551820728291316
E01002784,0.09799861973775018,0.09937888198757763,0.06487232574189096
E01002785,0.16782334384858044,0.07697160883280757,0.03470031545741325
E01002786,0.09102167182662539,0.09907120743034056,0.04829721362229102
E01002787,0.10024252223120453,0.09135004042037187,0.06386418755052546
E01002788,0.14663310258023915,0.07300188797986155,0.039647577092511016
E01002789,0.1824583866837388,0.07554417413572344,0.03137003841229193
E01002790,0.09630266552020636,0.07910576096302666,0.058469475494411005
E01002791,0.14066496163682865,0.0479539641943734,0.02877237851662404
E01002792,0.15031446540880503,0.05660377358490566,0.03333333333333333
E01002793,0.09210526315789473,0.09523809523809523,0.05012531328320802
E01002794,0.14543466375068342,0.046473482777474026,0.030071077091306724
E01002795,0.10660205935796487,0.08600847970926712,0.04663840096910963
E01002796,0.1192468619246862,0.05543933054393305,0.038702928870292884
E01002797,0.08596713021491782,0.08280657395701643,0.04677623261694058
E01002798,0.1388221153846154,0.06670673076923077,0.024639423076923076
E01002799,0.10307298335467349,0.09346991037131883,0.05313700384122919
E01002800,0.07847082494969819,0.10194500335345406,0.0409121395036888
E01002801,0.13190184049079753,0.05521472392638037,0.03450920245398773
E01002802,0.1313451776649746,0.07931472081218274,0.02284263959390863
E01002804,0.10344827586206896,0.10266457680250783,0.054075235109717866
E01002805,0.14541213063763608,0.08553654743390357,0.04821150855365474
E01002806,0.11661807580174927,0.08163265306122448,0.03717201166180758
E01002807,0.10886252616887648,0.0837404047452896,0.050942079553384506
E01002808,0.11097334159950403,0.10291382517048978,0.040297582145071294
E01002809,0.11157311157311157,0.09771309771309772,0.036729036729036726
E01002810,0.101546738399462,0.10020174848688634,0.04909213180901143
E01002811,0.11739441660701504,0.11811023622047244,0.04581245526127416
E01002812,0.10152671755725191,0.038931297709923665,0.0183206106870229
E01002813,0.21031746031746032,0.05317460317460317,0.023809523809523808
E01002814,0.12906724511930587,0.08134490238611713,0.04013015184381779
E01002815,0.1311787072243346,0.06749049429657794,0.027566539923954372
E01002816,0.16067415730337078,0.05056179775280899,0.03258426966292135
E01002817,0.15780296425457715,0.07759372275501308,0.03400174367916303
E01002818,0.17059301380991065,0.041429731925264016,0.012185215272136474
E01002819,0.1647183846971307,0.04144527098831031,0.03506907545164718
E01002821,0.16149068322981366,0.050724637681159424,0.021739130434782608
E01002823,0.12900188323917136,0.09227871939736347,0.03672316384180791
E01002824,0.1637043966323667,0.07109448082319925,0.025257249766136577
E01002825,0.16097560975609757,0.05435540069686411,0.04878048780487805
E01002826,0.15622076707202995,0.05332086061739944,0.06361085126286249
E01002827,0.1900420757363254,0.05539971949509116,0.025245441795231416
E01002828,0.2015888778550149,0.05858987090367428,0.030784508440913606
E01002829,0.17684887459807075,0.09163987138263666,0.05064308681672026
E01002830,0.13504611330698288,0.10144927536231885,0.06587615283267458
E01002831,0.1485676215856096,0.0899400399733511,0.05862758161225849
E01002832,0.14072494669509594,0.09808102345415778,0.046908315565031986
E01002833,0.1819905213270142,0.05402843601895735,0.01990521327014218
E01002834,0.14476190476190476,0.04476190476190476,0.023809523809523808
E01002835,0.14356846473029045,0.036514522821576766,0.029045643153526972
E01002836,0.15743183817062445,0.052770448548812667,0.024626209322779244
E01002837,0.19887005649717515,0.04858757062146893,0.0192090395480226
E01002839,0.1338971106412967,0.06201550387596899,0.05496828752642706
E01002840,0.12954545454545455,0.10681818181818181,0.0375
E01002841,0.17647058823529413,0.07400379506641366,0.05218216318785579
E01002842,0.08224076281287247,0.11918951132300358,0.06555423122765197
E01002843,0.09389243391066546,0.09936189608021878,0.06289881494986327
E01002844,0.1916583912611718,0.04369414101290963,0.023833167825223437
E01002845,0.16176470588235295,0.0392156862745098,0.047058823529411764
E01002846,0.1035923141186299,0.05263157894736842,0.03508771929824561
E01002847,0.12791633145615447,0.058728881737731296,0.029766693483507644
E01002848,0.11785714285714285,0.06607142857142857,0.03214285714285714
E01002849,0.12674961119751166,0.05287713841368585,0.05598755832037325
E01002850,0.12028869286287089,0.061748195669607056,0.04330392943063352
E01002851,0.08766233766233766,0.0689935064935065,0.05925324675324675
E01002852,0.09192348565356004,0.10467587672688629,0.044633368756641874
E01002853,0.09777424483306836,0.09538950715421304,0.0945945945945946
E01002854,0.10855263157894737,0.1524122807017544,0.04057017543859649
E01002855,0.11842105263157894,0.1111111111111111,0.06505847953216375
E01002856,0.1417384494909945,0.05951448707909162,0.06891151135473766
E01002857,0.09450171821305842,0.15893470790378006,0.06099656357388316
E01002858,0.09027777777777778,0.1232638888888889,0.059027777777777776
E01002859,0.18665464382326422,0.05500450856627592,0.027051397655545536
E01002860,0.1588296760710554,0.05329153605015674,0.02089864158829676
E01002861,0.15937803692905733,0.0913508260447036,0.04956268221574344
E01002862,0.10078277886497064,0.053816046966731895,0.04794520547945205
E01002863,0.20518134715025907,0.0538860103626943,0.015544041450777202
E01002864,0.1758147512864494,0.0660377358490566,0.022298456260720412
E01002865,0.12903225806451613,0.04962779156327544,0.028949545078577336
E01002866,0.13503422526446796,0.08338518979464841,0.07405102675793404
E01002867,0.14285714285714285,0.06275033377837116,0.0540720961281709
E01002868,0.21072436500470368,0.05738476011288805,0.024459078080903106
E01002869,0.16194625998547568,0.06463326071169208,0.034858387799564274
E01002870,0.09833694866232827,0.11062906724511931,0.05278380332610268
E01002871,0.19575856443719414,0.048939641109298535,0.01957585644371941
E01002872,0.10642040457343888,0.09586631486367635,0.036939313984168866
E01002873,0.1571072319201995,0.08811305070656691,0.038237738985868665
E01002874,0.19441571871768357,0.05480868665977249,0.03619441571871768
E01002875,0.2,0.04225352112676056,0.05070422535211268
E01002876,0.17534246575342466,0.08835616438356164,0.026027397260273973
E01002877,0.11257142857142857,0.136,0.07085714285714285
E01002878,0.1554524361948956,0.05491105955143078,0.040989945862335654
E01002879,0.06868304977945809,0.11783238815374922,0.10459987397605545
E01002880,0.08102345415778252,0.10980810234541578,0.046908315565031986
E01002881,0.1210762331838565,0.11210762331838565,0.08789237668161436
E01002882,0.17633674630261661,0.05802047781569966,0.03299203640500569
E01002883,0.14659270998415214,0.04992076069730586,0.042789223454833596
E01002884,0.13401253918495298,0.06504702194357367,0.03526645768025078
E01002885,0.15397489539748954,0.06359832635983263,0.02594142259414226
E01002886,0.1855486173059768,0.04192685102586976,0.029438001784121322
E01002887,0.15301724137931033,0.03556034482758621,0.028017241379310345
E01002888,0.13859275053304904,0.03624733475479744,0.031982942430703626
E01002889,0.13276231263383298,0.05353319057815846,0.014275517487508922
E01002890,0.17779783393501805,0.04963898916967509,0.015342960288808664
E01002891,0.15369836695485112,0.052833813640730067,0.02881844380403458
E01002892,0.15223336371923427,0.05104831358249772,0.02643573381950775
E01002893,0.15259048970901348,0.060326472675656495,0.030518097941802696
E01002894,0.12521440823327615,0.04373927958833619,0.02144082332761578
E01002896,0.17321688500727803,0.04730713245997089,0.03420669577874818
E01002897,0.14177978883861236,0.07541478129713423,0.03619909502262444
E01002898,0.13724088634739098,0.054324517512508934,0.01858470335954253
E01002899,0.13123844731977818,0.0767097966728281,0.034195933456561925
E01002900,0.15870967741935485,0.10387096774193548,0.014838709677419355
E01002901,0.13229166666666667,0.041666666666666664,0.019791666666666666
E01002902,0.18281535648994515,0.054844606946983544,0.03930530164533821
E01002903,0.17282809611829944,0.06469500924214418,0.02310536044362292
E01002904,0.08996212121212122,0.11268939393939394,0.05587121212121212
E01002905,0.09836065573770492,0.09337134711332858,0.06486101211689238
E01002906,0.11848341232227488,0.10223425863236289,0.043331076506431955
E01002907,0.07897435897435898,0.12923076923076923,0.0441025641025641
E01002908,0.1646551724137931,0.08879310344827586,0.045689655172413794
E01002909,0.15852989577619309,0.0877674163466813,0.03730115194733955
E01002910,0.14213197969543148,0.04991539763113367,0.02961082910321489
E01002911,0.18825722273998136,0.05312208760484623,0.027958993476234855
E01002912,0.13821752265861026,0.06873111782477341,0.04380664652567976
E01002913,0.14966442953020134,0.06308724832214765,0.032214765100671144
E01002914,0.15544554455445544,0.040594059405940595,0.02277227722772277
E01002915,0.12654867256637167,0.11592920353982301,0.035398230088495575
E01002916,0.10650887573964497,0.10566356720202874,0.027049873203719356
E01002917,0.12903225806451613,0.13077593722755013,0.017436791630340016
E01002918,0.12562814070351758,0.15003589375448673,0.027279253409906678
E01002919,0.11387678904791537,0.1375233354075918,0.044803982576229
E01002920,0.13498402555910544,0.10942492012779553,0.02156549520766773
E01002921,0.12691029900332226,0.09102990033222591,0.03388704318936877
E01002922,0.12098581030619865,0.09185959671396565,0.027632561613144136
E01002923,0.0839112343966713,0.08945908460471567,0.03744798890429958
E01002924,0.10966693744922827,0.0958570268074736,0.01949634443541836
E01002925,0.1307237813884786,0.08419497784342689,0.0361890694239291
E01002926,0.14193025141930252,0.1070559610705596,0.016220600162206
E01002927,0.10834553440702782,0.11200585651537336,0.03733528550512445
E01002928,0.11742182514358647,0.1244416081684748,0.028079132099553285
E01002929,0.1130690161527166,0.09911894273127753,0.02936857562408223
E01002930,0.14043887147335424,0.11347962382445141,0.03197492163009404
E01002931,0.12133072407045009,0.10241356816699282,0.028049575994781473
E01002932,0.09034653465346534,0.11386138613861387,0.03589108910891089
E01002933,0.0998719590268886,0.10755441741357234,0.03777208706786172
E01002934,0.11802575107296137,0.09656652360515021,0.022174535050071532
E01002935,0.1306366047745358,0.09217506631299735,0.026525198938992044
E01002937,0.12065136935603257,0.1073279052553664,0.033308660251665435
E01002938,0.14057295136575615,0.10193204530313124,0.019986675549633577
E01002939,0.122007722007722,0.12664092664092663,0.03397683397683398
E01002940,0.10979228486646884,0.1327893175074184,0.031899109792284865
E01002941,0.12537537537537538,0.11861861861861862,0.025525525525525526
E01002942,0.10746003552397869,0.12788632326820604,0.023090586145648313
E01002943,0.12457044673539519,0.14432989690721648,0.02577319587628866
E01002944,0.0949667616334283,0.11965811965811966,0.024691358024691357
E01002945,0.10252365930599369,0.14195583596214512,0.01498422712933754
E01002946,0.12561174551386622,0.12969004893964112,0.022838499184339316
E01002947,0.12735493594574226,0.12735493594574226,0.027882441597588545
E01002948,0.12660345789180144,0.12660345789180144,0.03346346904629113
E01002949,0.10600945307224847,0.1350438892640108,0.02835921674544227
E01002950,0.10229007633587786,0.1267175572519084,0.02366412213740458
E01002951,0.1288076588337685,0.10269799825935597,0.018276762402088774
E01002952,0.16346153846153846,0.07867132867132867,0.024475524475524476
E01002953,0.16860986547085202,0.06726457399103139,0.03139013452914798
E01002954,0.09973285841495994,0.07123775601068566,0.025823686553873553
E01002955,0.16626698641087131,0.09592326139088729,0.03117505995203837
E01002956,0.11683848797250859,0.0979381443298969,0.020618556701030927
E01002957,0.10996835443037975,0.10680379746835443,0.0379746835443038
E01002958,0.13653413353338334,0.1140285071267817,0.029257314328582147
E01002959,0.15280289330922242,0.09403254972875226,0.009041591320072333
E01002960,0.11595330739299611,0.10505836575875487,0.0357976653696498
E01002961,0.13270485859318346,0.10732414793328499,0.02030456852791878
E01002962,0.11565696302124312,0.14162077104642015,0.03776553894571204
E01002963,0.14589041095890412,0.1184931506849315,0.03561643835616438
E01002964,0.07450254511800093,0.07913003239241093,0.02869042110134197
E01002965,0.09796672828096119,0.0743992606284658,0.02865064695009242
E01002966,0.12453760789149199,0.08384710234278668,0.03945745992601726
E01002967,0.1128428927680798,0.07543640897755612,0.03117206982543641
E01002968,0.11269780007719027,0.07448861443458124,0.02431493631802393
E01002969,0.08309859154929577,0.10633802816901408,0.056338028169014086
E01002970,0.09672929714683368,0.12456506610995129,0.05010438413361169
E01002971,0.12234794908062235,0.1074964639321075,0.028288543140028287
E01002972,0.09926918392204628,0.09805115712545676,0.03836784409257003
E01002973,0.13193885760257443,0.10780370072405471,0.04424778761061947
E01002974,0.104,0.09907692307692308,0.036923076923076927
E01002975,0.13061564059900166,0.10898502495840266,0.029118136439267885
E01002976,0.12079062957540264,0.11273792093704246,0.02635431918008785
E01002977,0.10978342046303212,0.1239731142643764,0.043315907393577296
E01002978,0.11213720316622691,0.11081794195250659,0.022427440633245383
E01002979,0.09018355945730247,0.12051077414205906,0.028731045490822026
E01002980,0.126890756302521,0.11008403361344538,0.02100840336134454
E01002981,0.13840304182509505,0.12167300380228137,0.030418250950570342
E01002982,0.12991178829190056,0.10665597433841219,0.024859663191659984
E01002983,0.13497822931785197,0.10304789550072568,0.02902757619738752
E01002984,0.120926243567753,0.09519725557461406,0.03430531732418525
E01002985,0.1293941660433807,0.1518324607329843,0.032909498878085267
E01002986,0.11716621253405994,0.09900090826521345,0.02633969118982743
E01002987,0.11983471074380166,0.089728453364817,0.04309327036599764
E01002988,0.08528198074277854,0.06052269601100413,0.027510316368638238
E01002989,0.12640801001251564,0.08886107634543179,0.023153942428035045
E01002990,0.11693548387096774,0.08669354838709678,0.01747311827956989
E01002991,0.1294851794071763,0.09516380655226209,0.0234009360374415
E01002992,0.06622998544395925,0.06331877729257641,0.020378457059679767
E01002993,0.10716981132075472,0.08830188679245284,0.02943396226415094
E01002994,0.11365494685200327,0.07849550286181521,0.03188879803761243
E01002995,0.1323859386686612,0.07554225878833208,0.02468212415856395
E01002996,0.11993382961124896,0.0934656741108354,0.0380479735318445
E01002997,0.13029315960912052,0.0985342019543974,0.02280130293159609
E01002998,0.12900505902192244,0.11551433389544688,0.03372681281618887
E01002999,0.10221870047543581,0.10538827258320127,0.039619651347068144
E01003000,0.11591220850480109,0.12071330589849108,0.029492455418381344
E01003001,0.12313674659753726,0.13285806869734285,0.02592352559948153
E01003002,0.1374916163648558,0.10395707578806171,0.03621730382293763
E01003003,0.14213926776740848,0.11270638908829864,0.04020100502512563
E01003004,0.14701378254211334,0.10949464012251149,0.03522205206738132
E01003005,0.12286411716842961,0.11798209926769732,0.026851098454027666
E01003006,0.14321192052980133,0.09685430463576158,0.026490066225165563
E01003007,0.13110749185667753,0.11807817589576547,0.033387622149837134
E01003008,0.1287037037037037,0.11203703703703703,0.026851851851851852
E01003009,0.14659685863874344,0.11518324607329843,0.02617801047120419
E01003010,0.15458515283842794,0.11703056768558952,0.028820960698689956
E01003011,0.13023952095808383,0.08832335329341318,0.03218562874251497
E01003013,0.05414185165132648,0.03248511099079589,0.01949106659447753
E01003014,0.09403669724770643,0.10244648318042814,0.05198776758409786
E01003015,0.09673024523160763,0.10217983651226158,0.05926430517711172
E01003016,0.08318425760286226,0.044722719141323794,0.03130590339892665
E01003017,0.09965635738831616,0.07972508591065292,0.03367697594501718
E01003018,0.12669929309407288,0.0766721044045677,0.03371397498640565
E01003019,0.09464575446187128,0.06544077879935101,0.03028664142779881
E01003020,0.11388355726167626,0.0927703134996801,0.03966730646193218
E01003021,0.07652533609100311,0.07704239917269907,0.04188210961737332
E01003022,0.11968838526912182,0.08711048158640226,0.037535410764872525
E01003023,0.12376237623762376,0.10801080108010801,0.043654365436543656
E01003024,0.10040160642570281,0.13855421686746988,0.06358768406961178
E01003025,0.1192443919716647,0.1192443919716647,0.048406139315230225
E01003026,0.1369548584544759,0.06503442999234889,0.019127773527161437
E01003027,0.1504811898512686,0.0542432195975503,0.015748031496062992
E01003028,0.11074651353568499,0.06808859721082855,0.034454470877768664
E01003029,0.10128913443830571,0.06629834254143646,0.03683241252302026
E01003030,0.10557377049180328,0.04459016393442623,0.03016393442622951
E01003031,0.08628318584070796,0.06710914454277286,0.05014749262536873
E01003032,0.09702970297029703,0.0745874587458746,0.04092409240924092
E01003033,0.12585812356979406,0.06407322654462243,0.03508771929824561
E01003034,0.11580480699198835,0.09176984705025491,0.043699927166788055
E01003035,0.08804204993429698,0.08015768725361366,0.028252299605781867
E01003036,0.10810810810810811,0.08925204274041483,0.041483343808925204
E01003037,0.08596918085969181,0.09975669099756691,0.042984590429845905
E01003038,0.1279683377308707,0.05343007915567282,0.02704485488126649
E01003039,0.12605042016806722,0.047619047619047616,0.024089635854341738
E01003040,0.12384473197781885,0.05268022181146026,0.034195933456561925
E01003041,0.07715813598166539,0.08861726508785332,0.03666921313980138
E01003042,0.09768378650553877,0.08761329305135952,0.044310171198388724
E01003043,0.10729312762973352,0.07503506311360449,0.0455820476858345
E01003044,0.07996485061511424,0.09666080843585237,0.06063268892794376
E01003045,0.08801955990220049,0.12224938875305623,0.07640586797066015
E01003046,0.10144927536231885,0.1391304347826087,0.0782608695652174
E01003047,0.08871989860583017,0.09695817490494296,0.041191381495564006
E01003048,0.0970873786407767,0.16158113730929266,0.07073509015256588
E01003049,0.10230352303523035,0.13821138211382114,0.054878048780487805
E01003050,0.08795013850415513,0.07340720221606649,0.046398891966759004
E01003051,0.10294906166219839,0.0932975871313673,0.04932975871313673
E01003052,0.08093427485062465,0.12058663769690385,0.049972840847365564
E01003053,0.08877615726062144,0.08941027266962587,0.030437539632213063
E01003054,0.06666666666666667,0.04671532846715328,0.027737226277372264
E01003055,0.09097174362508614,0.0647829083390765,0.04548587181254307
E01003056,0.08573216520650813,0.08197747183979975,0.03566958698372966
E01003057,0.08756080611535788,0.08756080611535788,0.05072967338429465
E01003058,0.08310401761144744,0.05613648871766648,0.043478260869565216
E01003059,0.09491701244813278,0.12655601659751037,0.07105809128630705
E01003060,0.08615819209039548,0.11652542372881355,0.046610169491525424
E01003061,0.08533554266777134,0.11184755592377796,0.04971002485501243
E01003062,0.14388020833333334,0.10286458333333333,0.043619791666666664
E01003063,0.10235507246376811,0.10144927536231885,0.0625
E01003064,0.1678383128295255,0.1063268892794376,0.03251318101933216
E01003065,0.09446254071661238,0.14169381107491857,0.05781758957654723
E01003066,0.1176084099868594,0.10578186596583443,0.04204993429697766
E01003067,0.12924606462303231,0.1052195526097763,0.0463960231980116
E01003068,0.12303881090008258,0.09991742361684558,0.05615194054500413
E01003069,0.1421889616463985,0.1019644527595884,0.052385406922357346
E01003070,0.10408326661329063,0.11369095276220977,0.059247397918334666
E01003071,0.14717741935483872,0.07862903225806452,0.028225806451612902
E01003072,0.16002795248078266,0.07337526205450734,0.033542976939203356
E01003073,0.10107197549770292,0.10796324655436447,0.05666156202143951
E01003074,0.16262135922330098,0.08592233009708738,0.0412621359223301
E01003075,0.08375819373634377,0.14712308812818645,0.055353241077931534
E01003076,0.11307420494699646,0.11042402826855123,0.054770318021201414
E01003077,0.10361741263028816,0.1079092581238504,0.03678724708767627
E01003078,0.15075757575757576,0.09393939393939393,0.030303030303030304
E01003079,0.13622754491017963,0.12574850299401197,0.04790419161676647
E01003080,0.13333333333333333,0.09961685823754789,0.04291187739463601
E01003081,0.1277445109780439,0.11310711909514305,0.08982035928143713
E01003082,0.1111111111111111,0.07526881720430108,0.053763440860215055
E01003083,0.14354066985645933,0.10127591706539076,0.044657097288676235
E01003084,0.16328188464662877,0.11291632818846466,0.034930950446791224
E01003085,0.15466856735566642,0.10691375623663578,0.03492516037063435
E01003086,0.08525896414342629,0.14262948207171314,0.0549800796812749
E01003087,0.09968354430379747,0.11550632911392406,0.05933544303797468
E01003088,0.10692771084337349,0.09789156626506024,0.03765060240963856
E01003089,0.08164556962025317,0.1259493670886076,0.06835443037974684
E01003090,0.09036697247706423,0.06100917431192661,0.030733944954128442
E01003091,0.10267229254571027,0.13009845288326302,0.052039381153305204
E01003092,0.08609958506224066,0.10840248962655602,0.04512448132780083
E01003093,0.07219827586206896,0.14385775862068967,0.06357758620689655
E01003094,0.11293941660433807,0.07554225878833208,0.04263275991024682
E01003095,0.1245626312106368,0.05738278516445067,0.02939118264520644
E01003096,0.08569979716024341,0.0603448275862069,0.02586206896551724
E01003097,0.07686622320768663,0.09682187730968218,0.056910569105691054
E01003098,0.12159002338269681,0.08106001558846454,0.04598597038191738
E01003099,0.10136986301369863,0.11027397260273973,0.052054794520547946
E01003100,0.09480449919657204,0.05463310123192287,0.032137118371719335
E01003101,0.08762057877813505,0.10369774919614148,0.05546623794212219
E01003102,0.10741687979539642,0.06969309462915602,0.0632992327365729
E01003104,0.080078125,0.109375,0.038411458333333336
E01003105,0.08671328671328671,0.10979020979020979,0.04755244755244755
E01003106,0.12535290796160362,0.09824957651044608,0.04912478825522304
E01003107,0.13129496402877697,0.08932853717026379,0.0341726618705036
E01003108,0.091699604743083,0.10909090909090909,0.06324110671936758
E01003110,0.10876803551609324,0.08490566037735849,0.04328523862375139
E01003111,0.09312780989081568,0.1233140655105973,0.07514450867052024
E01003112,0.12065439672801637,0.09679618268575324,0.06066802999318337
E01003113,0.13703208556149732,0.10561497326203209,0.04679144385026738
E01003114,0.15350444225074036,0.09279368213228036,0.052813425468904246
E01003115,0.12234042553191489,0.1033434650455927,0.04331306990881459
E01003116,0.14499659632402995,0.08509189925119129,0.03607896528250511
E01003117,0.14057507987220447,0.10031948881789138,0.04856230031948882
E01003118,0.1335149863760218,0.10762942779291552,0.03201634877384196
E01003119,0.15675990675990675,0.09265734265734266,0.03613053613053613
E01003120,0.16690716690716692,0.10726310726310727,0.046176046176046176
E01003121,0.08123028391167192,0.14511041009463724,0.06466876971608833
E01003122,0.11387900355871886,0.06998813760379596,0.05219454329774614
E01003123,0.14912891986062718,0.08989547038327526,0.032752613240418116
E01003124,0.10431034482758621,0.1310344827586207,0.054310344827586204
E01003125,0.08449720670391062,0.1424581005586592,0.0691340782122905
E01003126,0.08637640449438203,0.1327247191011236,0.05898876404494382
E01003127,0.13644115974985788,0.11313246162592382,0.04263786242183058
E01003128,0.095952023988006,0.12968515742128936,0.05997001499250375
E01003129,0.10763454317897372,0.10387984981226533,0.038172715894868585
E01003130,0.1419228253760628,0.12688031393067364,0.033355134074558535
E01003131,0.15497553017944535,0.07395323545405111,0.031538879825992384
E01003132,0.09917355371900827,0.10495867768595041,0.05454545454545454
E01003133,0.16945454545454544,0.11418181818181818,0.04072727272727273
E01003134,0.1578549848942598,0.09667673716012085,0.03927492447129909
E01003135,0.13157894736842105,0.07775119617224881,0.049641148325358854
E01003136,0.11735769501054111,0.11033028812368235,0.05200281096275474
E01003137,0.1126865671641791,0.11417910447761194,0.07537313432835821
E01003138,0.13504823151125403,0.06913183279742766,0.03938906752411576
E01003139,0.18299595141700406,0.10850202429149798,0.03967611336032389
E01003140,0.1404821280133001,0.12053200332502079,0.03574397339983375
E01003141,0.14208021753908906,0.10333106730115568,0.05710401087695445
E01003142,0.16129032258064516,0.1039426523297491,0.03494623655913978
E01003143,0.100326264274062,0.11256117455138662,0.05628058727569331
E01003144,0.1662870159453303,0.08200455580865604,0.026575550493545937
E01003145,0.15616045845272206,0.11532951289398281,0.044412607449856735
E01003146,0.12101449275362319,0.11811594202898551,0.0572463768115942
E01003147,0.15041128084606345,0.11163337250293771,0.046415981198589897
E01003148,0.15496688741721854,0.08278145695364239,0.045033112582781455
E01003149,0.15633423180592992,0.09299191374663072,0.04649595687331536
E01003150,0.13556116015132408,0.11538461538461539,0.05548549810844893
E01003151,0.10243597751405371,0.11805121798875702,0.05871330418488445
E01003152,0.15253164556962026,0.08734177215189873,0.039873417721518985
E01003153,0.130546955624355,0.09597523219814241,0.03973168214654283
E01003154,0.11046885035324341,0.12973667308927425,0.05394990366088632
E01003155,0.12483660130718954,0.10196078431372549,0.03398692810457516
E01003156,0.0963855421686747,0.06927710843373494,0.04292168674698795
E01003157,0.11604938271604938,0.07407407407407407,0.024691358024691357
E01003158,0.0963768115942029,0.07173913043478261,0.02608695652173913
E01003159,0.08401253918495298,0.0871473354231975,0.047021943573667714
E01003160,0.09276729559748427,0.11163522012578617,0.06918238993710692
E01003161,0.09580291970802919,0.06113138686131387,0.021897810218978103
E01003162,0.09666884389288047,0.16002612671456565,0.06009144350097975
E01003163,0.10935143288084465,0.09049773755656108,0.033936651583710405
E01003164,0.11749209694415173,0.10432033719704953,0.044257112750263436
E01003165,0.14826021180030258,0.09606656580937972,0.036308623298033284
E01003166,0.12738261273826126,0.09390980939098094,0.034402603440260346
E01003167,0.13924963924963926,0.08802308802308802,0.01875901875901876
E01003168,0.10347376201034737,0.1352549889135255,0.05025868440502587
E01003169,0.12467800103039671,0.09273570324574962,0.03297269448737764
E01003170,0.1341789052069426,0.08077436582109479,0.022696929238985315
E01003171,0.12016865776528461,0.09768095572733661,0.03865073787772312
E01003172,0.08914209115281502,0.11796246648793565,0.0596514745308311
E01003173,0.12050739957716702,0.08738548273431994,0.03241719520789288
E01003174,0.09253547193090685,0.1474398519432449,0.047501542257865514
E01003175,0.0937746256895193,0.13869188337273444,0.05279747832939322
E01003176,0.08414239482200647,0.13527508090614887,0.05889967637540453
E01003177,0.1276747503566334,0.10057061340941512,0.05064194008559201
E01003178,0.12198795180722892,0.07454819277108433,0.04066265060240964
E01003179,0.09878542510121457,0.16842105263157894,0.07125506072874493
E01003180,0.10080350620891161,0.09569028487947406,0.04163623082542001
E01003181,0.0963130173062453,0.10458991723100075,0.062452972159518436
E01003182,0.128686327077748,0.11796246648793565,0.0388739946380697
E01003183,0.08600583090379009,0.09475218658892129,0.0619533527696793
E01003184,0.08790252393385553,0.11923411662315056,0.06962576153176675
E01003185,0.09422850412249706,0.07950530035335689,0.08421672555948174
E01003186,0.12293577981651377,0.06972477064220184,0.0463302752293578
E01003187,0.08503937007874016,0.08923884514435695,0.048818897637795275
E01003188,0.0751131221719457,0.1411764705882353,0.09049773755656108
E01003189,0.07651912978244561,0.11327831957989497,0.07126781695423856
E01003190,0.08943089430894309,0.1527293844367015,0.05807200929152149
E01003191,0.10628394103956555,0.16446858029480219,0.0504266873545384
E01003192,0.08428571428571428,0.125,0.05
E01003193,0.11255411255411256,0.11904761904761904,0.03391053391053391
E01003194,0.10422535211267606,0.10985915492957747,0.05352112676056338
E01003195,0.12510425354462051,0.12593828190158465,0.03419516263552961
E01003196,0.11078286558345643,0.1137370753323486,0.045051698670605614
E01003197,0.09552691432903715,0.1326762699014405,0.05458680818802123
E01003198,0.13114754098360656,0.10573770491803279,0.040983606557377046
E01003199,0.14004914004914004,0.07125307125307126,0.03992628992628992
E01003200,0.14036478984932593,0.0761300555114988,0.03647898493259318
E01003201,0.0896358543417367,0.12394957983193278,0.05742296918767507
E01003202,0.129811320754717,0.0739622641509434,0.02943396226415094
E01003203,0.10218068535825545,0.11526479750778816,0.08722741433021806
E01003204,0.10554290053151101,0.085041761579347,0.0425208807896735
E01003205,0.07001795332136446,0.10951526032315978,0.05026929982046679
E01003206,0.14852320675105485,0.07932489451476793,0.030379746835443037
E01003207,0.09104859335038364,0.11099744245524297,0.055754475703324806
E01003209,0.12846347607052896,0.10327455919395466,0.05100755667506297
E01003210,0.14976174268209666,0.10755616065350579,0.043567052416609936
E01003211,0.1478978978978979,0.09309309309309309,0.04279279279279279
E01003212,0.15110053539559787,0.10291493158834028,0.042236763831052945
E01003213,0.1554858934169279,0.10219435736677115,0.04764890282131661
E01003214,0.14683888511216858,0.12984364377974167,0.037389530931339225
E01003215,0.08948004836759371,0.09492140266021766,0.04353083434099154
E01003216,0.12967032967032968,0.126007326007326,0.04981684981684982
E01003217,0.13359528487229863,0.11591355599214145,0.038637851997380485
E01003218,0.10975609756097561,0.11788617886178862,0.04878048780487805
E01003219,0.10594130279169649,0.11954187544738726,0.03722261989978525
E01003220,0.11046511627906977,0.12209302325581395,0.053052325581395346
E01003221,0.10940272028385571,0.10348905972797161,0.05558840922531047
E01003222,0.12043512043512043,0.12043512043512043,0.050505050505050504
E01003223,0.12172682236376504,0.10191082802547771,0.03821656050955414
E01003224,0.11257309941520467,0.1118421052631579,0.05263157894736842
E01003225,0.15372035977105478,0.116107931316435,0.03188879803761243
E01003226,0.15915300546448088,0.09221311475409837,0.045081967213114756
E01003227,0.16300227445034116,0.10765731614859743,0.03184230477634572
E01003228,0.14829500396510706,0.08485329103885805,0.03885804916732752
E01003229,0.12186115214180207,0.12186115214180207,0.048005908419497784
E01003230,0.13745271122320302,0.1235813366960908,0.0510718789407314
E01003231,0.15372549019607842,0.12313725490196079,0.03607843137254902
E01003232,0.13288789903489234,0.10838901262063845,0.02969561989606533
E01003233,0.12391158740790355,0.1071667782987274,0.04219691895512391
E01003235,0.1369740376007162,0.11190689346463742,0.046553267681289166
E01003236,0.13059984813971146,0.11845102505694761,0.0463173880030372
E01003237,0.11282843894899536,0.1151468315301391,0.05641421947449768
E01003238,0.1068840579710145,0.1286231884057971,0.05253623188405797
E01003239,0.11754827875734676,0.13685978169605373,0.07388748950461797
E01003240,0.11103896103896103,0.1318181818181818,0.05649350649350649
E01003241,0.09608277900960828,0.11677753141167775,0.04951958610495196
E01003243,0.1152228763666947,0.13708999158957108,0.04878048780487805
E01003244,0.09786354238456237,0.12887663680220537,0.07236388697450034
E01003245,0.0748081841432225,0.12084398976982097,0.053069053708439895
E01003246,0.09136546184738956,0.10893574297188754,0.04819277108433735
E01003247,0.09914712153518124,0.08102345415778252,0.05650319829424307
E01003248,0.09305873379099924,0.10983981693363844,0.09534706331045004
E01003249,0.09480296973158195,0.10222729868646488,0.051970302684180465
E01003251,0.07309721175584025,0.1544837980406933,0.06480783722682742
E01003252,0.07345575959933222,0.15609348914858096,0.0659432387312187
E01003253,0.12290969899665552,0.12959866220735786,0.056856187290969896
E01003254,0.1504811898512686,0.10411198600174978,0.03937007874015748
E01003255,0.1804245283018868,0.08962264150943396,0.039504716981132074
E01003256,0.12934131736526946,0.09760479041916167,0.05269461077844311
E01003257,0.143646408839779,0.11207576953433307,0.04577742699289661
E01003258,0.08090075062552127,0.14261884904086738,0.0658882402001668
E01003259,0.14752906976744187,0.10174418604651163,0.03488372093023256
E01003260,0.1479514415781487,0.11229135053110774,0.05614567526555387
E01003261,0.15012106537530268,0.08958837772397095,0.04116222760290557
E01003262,0.16814874696847212,0.09054163298302344,0.047696038803556995
E01003263,0.11371712864250177,0.1300639658848614,0.042643923240938165
E01003264,0.10727406318883174,0.11756061719324026,0.04041146216017634
E01003265,0.1283464566929134,0.12992125984251968,0.06062992125984252
E01003266,0.09104046242774566,0.15028901734104047,0.05708092485549133
E01003267,0.1111111111111111,0.11324786324786325,0.06267806267806268
E01003268,0.11042524005486969,0.10768175582990398,0.053497942386831275
E01003269,0.1223529411764706,0.12156862745098039,0.04156862745098039
E01003270,0.13274981765134938,0.12545587162654998,0.03574033552151714
E01003271,0.13247539742619227,0.09462528387585163,0.03179409538228615
E01003272,0.13751507840772015,0.10615199034981906,0.05247285886610374
E01003273,0.12711182622687048,0.09573612228479485,0.04827031375703942
E01003274,0.13239875389408098,0.13395638629283488,0.0381619937694704
E01003275,0.12399708242159008,0.10211524434719182,0.03938730853391685
E01003276,0.11309115832762166,0.1343385880740233,0.031528444139821796
E01003277,0.16364902506963788,0.08913649025069638,0.036211699164345405
E01003278,0.12290825158684363,0.10328909405654933,0.058280438545874204
E01003279,0.129136400322841,0.1016949152542373,0.03954802259887006
E01003280,0.10668789808917198,0.11703821656050956,0.04777070063694268
E01003281,0.10386266094420601,0.10214592274678111,0.02832618025751073
E01003282,0.13651877133105803,0.10336421257922965,0.0643588493417845
E01003283,0.14819277108433734,0.10722891566265061,0.03253012048192771
E01003284,0.10135135135135136,0.11824324324324324,0.037162162162162164
E01003285,0.12779783393501806,0.11552346570397112,0.051263537906137184
E01003286,0.10319767441860465,0.1002906976744186,0.03197674418604651
E01003287,0.1488933601609658,0.09188464118041582,0.04493628437290409
E01003288,0.09555555555555556,0.13,0.03888888888888889
E01003290,0.10579345088161209,0.12720403022670027,0.055415617128463476
E01003291,0.09748172217709179,0.13078797725426483,0.0479285134037368
E01003292,0.12292817679558012,0.125,0.03867403314917127
E01003293,0.10714285714285714,0.11031746031746031,0.07301587301587302
E01003295,0.14135759272218335,0.10636808957312806,0.044086773967809655
E01003297,0.10057061340941512,0.12125534950071326,0.0898716119828816
E01003298,0.10735009671179883,0.15667311411992263,0.058027079303675046
E01003299,0.11103853690398433,0.12344872632266493,0.06270411495754409
E01003300,0.1163575042158516,0.13490725126475547,0.05564924114671164
E01003301,0.09605026929982047,0.09245960502692999,0.05565529622980251
E01003302,0.07754010695187166,0.13636363636363635,0.05949197860962567
E01003303,0.11454046639231824,0.12345679012345678,0.05555555555555555
E01003304,0.1259105098855359,0.10509885535900104,0.050468262226847034
E01003305,0.10250569476082004,0.1121867881548975,0.04669703872437358
E01003307,0.1187888198757764,0.11568322981366459,0.042701863354037264
E01003308,0.1361731843575419,0.10474860335195531,0.034916201117318434
E01003309,0.11501597444089456,0.12060702875399361,0.08226837060702875
E01003310,0.12546676624346528,0.10306198655713218,0.04256908140403286
E01003311,0.13709677419354838,0.10564516129032259,0.031451612903225803
E01003312,0.11722659042172981,0.11579699785561115,0.0407433881343817
E01003313,0.15051020408163265,0.11224489795918367,0.061224489795918366
E01003314,0.1438965238480194,0.13257881972514146,0.034761519805982216
E01003315,0.14757103574702107,0.0999083409715857,0.04032997250229148
E01003316,0.14452798663324978,0.10192147034252297,0.04093567251461988
E01003318,0.11190476190476191,0.14345238095238094,0.05476190476190476
E01003319,0.10117810117810118,0.15107415107415106,0.04712404712404712
E01003320,0.12597200622083982,0.1368584758942457,0.04121306376360809
E01003321,0.13043478260869565,0.12272089761570827,0.04838709677419355
E01003322,0.14869888475836432,0.10706319702602231,0.06617100371747212
E01003323,0.1232986389111289,0.11529223378702963,0.059247397918334666
E01003324,0.13986013986013987,0.13597513597513597,0.06526806526806526
E01003325,0.1111111111111111,0.15498938428874734,0.03680113234253362
E01003326,0.13503649635036497,0.10218978102189781,0.043795620437956206
E01003327,0.16279069767441862,0.11027756939234809,0.0345086271567892
E01003328,0.1409305461901551,0.09844908968307485,0.04045853000674309
E01003329,0.14351851851851852,0.11342592592592593,0.038580246913580245
E01003330,0.11101766190075694,0.13961312026913372,0.04625735912531539
E01003331,0.10250201775625505,0.11864406779661017,0.03389830508474576
E01003332,0.11760063141278611,0.10812943962115233,0.04104183109707971
E01003333,0.12077294685990338,0.10869565217391304,0.07407407407407407
E01003334,0.1174061433447099,0.11877133105802047,0.05802047781569966
E01003335,0.12310286677908938,0.12141652613827993,0.04215851602023609
E01003336,0.09314140558848434,0.14140558848433532,0.05080440304826418
E01003337,0.08508691674290943,0.1454711802378774,0.0585544373284538
E01003338,0.08171912832929783,0.12953995157384987,0.07263922518159806
E01003339,0.13920454545454544,0.1171875,0.05823863636363636
E01003340,0.15154807170016296,0.08582292232482347,0.051602390005431834
E01003341,0.15391156462585034,0.11054421768707483,0.04081632653061224
E01003342,0.1466957153231663,0.11183732752360204,0.042846768336964415
E01003343,0.13978494623655913,0.1141439205955335,0.03887510339123242
E01003344,0.13990007137758745,0.11563169164882227,0.052105638829407566
E01003345,0.15578539107950873,0.11376858435681965,0.04072398190045249
E01003346,0.10743193524650478,0.12509197939661515,0.047829286239882265
E01003347,0.060435132957292505,0.16841257050765512,0.09830781627719581
E01003348,0.11166785969935576,0.14531138153185397,0.04438081603435934
E01003349,0.11267605633802817,0.14172535211267606,0.061619718309859156
E01003350,0.10171102661596958,0.12547528517110265,0.049429657794676805
E01003351,0.09414556962025317,0.12579113924050633,0.0379746835443038
E01003352,0.10040392383150606,0.14079630698211196,0.05135603000577034
E01003353,0.14840989399293286,0.12367491166077739,0.03604240282685512
E01003354,0.1431297709923664,0.11704834605597965,0.05216284987277354
E01003355,0.12105263157894737,0.09605263157894736,0.026973684210526316
E01003356,0.14597544338335608,0.09140518417462483,0.02455661664392906
E01003357,0.10459363957597173,0.13851590106007067,0.04098939929328622
E01003358,0.13554817275747508,0.08571428571428572,0.035880398671096346
E01003359,0.12090163934426229,0.08811475409836066,0.03551912568306011
E01003360,0.12090163934426229,0.07718579234972678,0.030737704918032786
E01003361,0.1522230595327807,0.11228334589299171,0.033157498116051246
E01003362,0.14500442086648982,0.10167992926613616,0.03359858532272325
E01003363,0.14027149321266968,0.12217194570135746,0.024886877828054297
E01003364,0.113776559287183,0.113776559287183,0.021247429746401644
E01003365,0.12919463087248323,0.09228187919463088,0.02348993288590604
E01003366,0.13976240391334732,0.09014675052410902,0.039133473095737246
E01003368,0.176597272074659,0.09547738693467336,0.03230437903804738
E01003369,0.1348870056497175,0.08615819209039548,0.03884180790960452
E01003370,0.1467455621301775,0.09171597633136094,0.042011834319526625
E01003371,0.13689604685212298,0.07979502196193265,0.03953147877013177
E01003372,0.1427536231884058,0.11739130434782609,0.058695652173913045
E01003373,0.10289115646258504,0.14370748299319727,0.06037414965986394
E01003374,0.11422564821303434,0.11702873160476523,0.036440084092501754
E01003375,0.12352532963219987,0.11311589174184594,0.04510756419153366
E01003376,0.13306772908366535,0.1346613545816733,0.04143426294820717
E01003377,0.10655090765588003,0.1420678768745067,0.06708760852407261
E01003378,0.15384615384615385,0.1324465008675535,0.030653556969346442
E01003379,0.11945169712793734,0.14425587467362924,0.030678851174934726
E01003380,0.13489073097211757,0.09269027882441598,0.027882441597588545
E01003381,0.14429012345679013,0.0763888888888889,0.021604938271604937
E01003382,0.12607449856733524,0.0995702005730659,0.027936962750716332
E01003383,0.15465465465465467,0.0915915915915916,0.02927927927927928
E01003384,0.12601927353595255,0.07412898443291327,0.031134173461823574
E01003385,0.13542526837324526,0.08257638315441784,0.027250206440957887
E01003386,0.16827195467422096,0.12861189801699716,0.0453257790368272
E01003387,0.11815384615384615,0.11938461538461538,0.046153846153846156
E01003388,0.11671469740634005,0.13544668587896252,0.032420749279538905
E01003389,0.1636615811373093,0.11234396671289876,0.03467406380027739
E01003390,0.10506424792139078,0.15192743764172337,0.042328042328042326
E01003391,0.09044193216855087,0.1223021582733813,0.06372045220966084
E01003392,0.1424892703862661,0.12017167381974249,0.050643776824034335
E01003393,0.16528301886792454,0.11169811320754718,0.047547169811320754
E01003394,0.17819460726846426,0.1271981242672919,0.0369284876905041
E01003395,0.18147871545929797,0.10903659447348768,0.04480955937266617
E01003396,0.14412955465587043,0.10121457489878542,0.025910931174089068
E01003397,0.1386522075910147,0.10069713400464755,0.03408210689388071
E01003398,0.14239897370109045,0.13149454778704298,0.036561898652982684
E01003399,0.15166666666666667,0.0825,0.025833333333333333
E01003400,0.13980263157894737,0.0756578947368421,0.027138157894736843
E01003401,0.1254355400696864,0.0740418118466899,0.017421602787456445
E01003402,0.13404605263157895,0.06661184210526316,0.03289473684210526
E01003403,0.1586042823156225,0.06106264869151467,0.017446471054718478
E01003404,0.12428662016487001,0.04946100190234623,0.028535193405199746
E01003405,0.13153724247226625,0.11833069202324353,0.04648705758055996
E01003406,0.15891195418754475,0.12526843235504653,0.05010737294201861
E01003407,0.1681528662420382,0.10509554140127389,0.04394904458598726
E01003408,0.1624459542927733,0.10809141445336627,0.030265596046942556
E01003409,0.1203576341127923,0.14305364511691884,0.05089408528198074
E01003410,0.14209320091673033,0.11764705882352941,0.06264323911382735
E01003411,0.14154652686762778,0.11140235910878113,0.039318479685452164
E01003412,0.1440922190201729,0.13544668587896252,0.04610951008645533
E01003413,0.14241676942046855,0.1319358816276202,0.036374845869297165
E01003414,0.1394700139470014,0.11436541143654114,0.03486750348675035
E01003415,0.1592119275825346,0.11182108626198083,0.0463258785942492
E01003416,0.1589895988112927,0.10475482912332838,0.036404160475482915
E01003417,0.12164296998420221,0.13902053712480253,0.018167456556082148
E01003418,0.11652892561983472,0.12479338842975207,0.023140495867768594
E01003419,0.10511756569847856,0.11618257261410789,0.0338865836791148
E01003420,0.11225364181662383,0.1268209083119109,0.031705227077977724
E01003421,0.12586339217191098,0.11742133537989255,0.03376822716807368
E01003422,0.1115736885928393,0.09658617818484597,0.025811823480432972
E01003423,0.1282642089093702,0.09293394777265745,0.04377880184331797
E01003424,0.13517915309446255,0.08224755700325732,0.02035830618892508
E01003425,0.1336206896551724,0.11810344827586207,0.014655172413793103
E01003426,0.1571722717913521,0.11187371310912834,0.023335621139327384
E01003427,0.13286713286713286,0.11888111888111888,0.03814367450731087
E01003428,0.11656952539550375,0.09408825978351373,0.02997502081598668
E01003429,0.14658480429777437,0.148119723714505,0.04144282425172678
E01003430,0.09423676012461059,0.1440809968847352,0.05451713395638629
E01003431,0.10907704042715484,0.11975591151792525,0.05644546147978642
E01003432,0.10700538876058506,0.1401077752117013,0.04003079291762895
E01003433,0.11579754601226994,0.12653374233128833,0.04831288343558282
E01003434,0.13906752411575563,0.12861736334405144,0.03536977491961415
E01003435,0.11090458488228006,0.12763320941759604,0.04584882280049566
E01003436,0.14077315827862874,0.13347921225382933,0.04449307075127644
E01003437,0.15402843601895735,0.11611374407582939,0.03495260663507109
E01003438,0.11650485436893204,0.13106796116504854,0.030513176144244106
E01003439,0.16025137470542028,0.1249018067556952,0.0408483896307934
E01003440,0.13236419280795717,0.11629686304514154,0.042081101759755164
E01003441,0.10935441370223979,0.12582345191040845,0.05138339920948617
E01003442,0.13800738007380073,0.07601476014760147,0.01918819188191882
E01003443,0.1562245728234337,0.0854353132628153,0.021969080553295363
E01003444,0.14031007751937985,0.08527131782945736,0.02558139534883721
E01003445,0.14064697609001406,0.09282700421940929,0.026019690576652602
E01003446,0.11833231146535868,0.08890251379521766,0.03372164316370325
E01003447,0.12868217054263567,0.10542635658914729,0.04263565891472868
E01003448,0.14348063284233498,0.11074740861974905,0.03600654664484452
E01003449,0.13421052631578947,0.12697368421052632,0.03289473684210526
E01003450,0.10852148579752367,0.1347414420975965,0.035688273852876914
E01003451,0.11956521739130435,0.11061381074168798,0.026214833759590793
E01003452,0.10646823125357756,0.1305094447624499,0.044075558099599316
E01003453,0.15280594996619337,0.10885733603786342,0.04259634888438134
E01003454,0.12894736842105264,0.08070175438596491,0.014912280701754385
E01003455,0.14720812182741116,0.09137055837563451,0.028281363306744016
E01003456,0.12767527675276752,0.07822878228782287,0.04649446494464945
E01003457,0.13584288052373159,0.0662847790507365,0.028641571194762683
E01003458,0.11617961511047754,0.08339272986457591,0.023521026372059873
E01003459,0.12332589285714286,0.09486607142857142,0.03571428571428571
E01003460,0.14214046822742474,0.05936454849498328,0.020903010033444816
E01003461,0.18730407523510972,0.05799373040752351,0.01567398119122257
E01003462,0.158123370981755,0.08253692441355343,0.029539530842745437
E01003463,0.17446808510638298,0.09106382978723404,0.011914893617021277
E01003464,0.15948275862068967,0.061206896551724135,0.019827586206896553
E01003465,0.15083798882681565,0.06610800744878957,0.01675977653631285
E01003466,0.1338235294117647,0.10220588235294117,0.03235294117647059
E01003467,0.11191335740072202,0.10758122743682311,0.021660649819494584
E01003468,0.13989637305699482,0.10880829015544041,0.025166543301258327
E01003469,0.12376613515565679,0.13971146545178437,0.03492786636294609
E01003470,0.1191772534785239,0.11252268602540835,0.029643073200241985
E01003471,0.11871813546977422,0.0968681718863802,0.031318281136198105
E01003472,0.12448979591836734,0.08469387755102041,0.02346938775510204
E01003473,0.13474576271186442,0.07288135593220339,0.0288135593220339
E01003474,0.17796610169491525,0.0847457627118644,0.0160075329566855
E01003476,0.15163147792706333,0.10460652591170826,0.044145873320537425
E01003477,0.13270142180094788,0.09399684044233807,0.020537124802527645
E01003478,0.13610719322990128,0.08110014104372355,0.027503526093088856
E01003479,0.19019933554817275,0.11212624584717608,0.053156146179401995
E01003480,0.12144102266124346,0.08367228355607205,0.04067402672864614
E01003481,0.13583333333333333,0.1025,0.0375
E01003483,0.10445580715850986,0.11468224981738495,0.061358655953250546
E01003484,0.2198120028922632,0.11569052783803326,0.04121475054229935
E01003485,0.18222554144884243,0.128454070201643,0.05003734129947722
E01003486,0.06820461384152457,0.12738214643931794,0.07221664994984955
E01003487,0.09972041006523766,0.12301957129543337,0.06244175209692451
E01003488,0.0697522816166884,0.11799217731421122,0.09256844850065189
E01003489,0.08744588744588745,0.11125541125541126,0.04458874458874459
E01003490,0.1192722371967655,0.13544474393530997,0.05390835579514825
E01003491,0.09294871794871795,0.11666666666666667,0.046153846153846156
E01003492,0.12990353697749196,0.12540192926045016,0.04887459807073955
E01003494,0.1600765306122449,0.12755102040816327,0.039540816326530615
E01003495,0.13355048859934854,0.11791530944625407,0.040390879478827364
E01003496,0.11301989150090416,0.12296564195298372,0.06419529837251356
E01003497,0.11086309523809523,0.1212797619047619,0.0625
E01003498,0.11394101876675604,0.12198391420911528,0.07238605898123325
E01003499,0.09179793590439979,0.14014122759369907,0.05594785442694188
E01003500,0.1412190706095353,0.1291490645745323,0.05793602896801448
E01003501,0.11937901498929336,0.13972162740899358,0.059957173447537475
E01003502,0.12213740458015267,0.1316793893129771,0.07633587786259542
E01003503,0.09871953738124742,0.09624122263527468,0.05989260636100785
E01003506,0.11071428571428571,0.11428571428571428,0.05089285714285714
E01003507,0.13036211699164346,0.12144846796657381,0.06183844011142061
E01003508,0.11451531893520844,0.12506278252134606,0.0371672526368659
E01003509,0.15260785576303929,0.13071474565357372,0.0463618802318094
E01003511,0.10807291666666667,0.11393229166666667,0.051432291666666664
E01003512,0.14481897627965043,0.13295880149812733,0.05368289637952559
E01003513,0.18646864686468648,0.13696369636963696,0.0429042904290429
E01003514,0.11891891891891893,0.1274131274131274,0.05791505791505792
E01003515,0.09535160905840286,0.10369487485101311,0.07747318235995232
E01003516,0.11776718856364875,0.14023144996596323,0.05105513955071477
E01003517,0.11330049261083744,0.13722730471498945,0.047149894440534836
E01003518,0.16853035143769968,0.12060702875399361,0.04952076677316294
E01003519,0.1728301886792453,0.11924528301886793,0.046037735849056606
E01003520,0.1222509702457956,0.13195342820181113,0.04851228978007762
E01003521,0.125,0.1420990566037736,0.04481132075471698
E01003522,0.11644318983768526,0.11785462244177841,0.051517290049400144
E01003523,0.14525432616675407,0.12952281069743052,0.08232826428945988
E01003524,0.09777478084962914,0.17599460552933244,0.037086985839514496
E01003525,0.09929532351057015,0.1294042280589366,0.04163997437540039
E01003526,0.11619718309859155,0.1352112676056338,0.036619718309859155
E01003527,0.12807525325615052,0.11649782923299566,0.0361794500723589
E01003528,0.09567901234567901,0.16049382716049382,0.046296296296296294
E01003529,0.0917948717948718,0.12358974358974359,0.05641025641025641
E01003530,0.14133333333333334,0.122,0.04133333333333333
E01003531,0.08752217622708457,0.14961561206386753,0.041986989946777055
E01003532,0.11789924973204716,0.12218649517684887,0.030010718113612004
E01003533,0.08022598870056497,0.13728813559322034,0.05141242937853107
E01003534,0.09220261809903244,0.15196357427433124,0.05122367672168469
E01003535,0.08339376359680928,0.126178390137781,0.05003625815808557
E01003536,0.13086582947785855,0.14738929279576998,0.050892267019167214
E01003537,0.1379525593008739,0.13857677902621723,0.049937578027465665
E01003538,0.12295578437310721,0.1465778316172017,0.0514839491217444
E01003539,0.1723209477652127,0.13301023155627356,0.039310716208939146
E01003540,0.10600945307224847,0.13977042538825118,0.04794058068872384
E01003541,0.15353260869565216,0.12567934782608695,0.043478260869565216
E01003542,0.09449760765550239,0.12858851674641147,0.06220095693779904
E01003543,0.13733905579399142,0.11587982832618025,0.049892703862660946
E01003544,0.1392757660167131,0.10236768802228412,0.06406685236768803
E01003545,0.15352112676056337,0.12394366197183099,0.06056338028169014
E01003546,0.15158045977011494,0.1300287356321839,0.04597701149425287
E01003547,0.14596273291925466,0.11118012422360249,0.07453416149068323
E01003548,0.1622198505869797,0.10192102454642477,0.04909284951974386
E01003549,0.11589982527664532,0.11240535818287711,0.052417006406523005
E01003550,0.157319737800437,0.13401310997815002,0.050254916241806266
E01003551,0.16345514950166112,0.13156146179401992,0.05448504983388704
E01003552,0.12885375494071147,0.11067193675889328,0.05138339920948617
E01003553,0.12476606363069245,0.1303805364940736,0.06674984404242046
E01003554,0.1528117359413203,0.1039119804400978,0.0678484107579462
E01003555,0.15374241402562375,0.126770060687795,0.056641942009440324
E01003556,0.10899182561307902,0.14577656675749318,0.051771117166212535
E01003557,0.13046272493573266,0.15745501285347044,0.055912596401028275
E01003558,0.12046332046332046,0.16293436293436295,0.05714285714285714
E01003559,0.1370887337986042,0.12462612163509472,0.05732801595214357
E01003560,0.1033434650455927,0.11474164133738601,0.04179331306990881
E01003561,0.10461538461538461,0.14307692307692307,0.04
E01003562,0.10476190476190476,0.12976190476190477,0.047619047619047616
E01003563,0.1101123595505618,0.13202247191011235,0.037640449438202245
E01003564,0.10682819383259912,0.1486784140969163,0.05286343612334802
E01003565,0.09860050890585242,0.13104325699745548,0.04262086513994911
E01003566,0.11706629055007052,0.15585331452750353,0.045839210155148094
E01003567,0.11172035640849898,0.1418779986291981,0.04660726525017135
E01003568,0.08790170132325142,0.11862003780718336,0.045841209829867675
E01003569,0.17148869016307206,0.1367701209889532,0.08469226722777486
E01003570,0.11134020618556702,0.1429553264604811,0.0570446735395189
E01003571,0.11496869664200342,0.12407512805919181,0.05122367672168469
E01003572,0.0890937019969278,0.1359447004608295,0.04838709677419355
E01003573,0.12385321100917432,0.1290137614678899,0.06077981651376147
E01003574,0.11618467782851344,0.11922881785895484,0.05276509386098427
E01003575,0.12762520193861066,0.15266558966074315,0.04361873990306947
E01003576,0.09505703422053231,0.16273764258555132,0.05095057034220532
E01003577,0.09159420289855072,0.1443478260869565,0.04869565217391304
E01003578,0.14508138711960367,0.14437367303609341,0.052370842179759375
E01003579,0.10848400556328233,0.14603616133518776,0.039638386648122394
E01003580,0.11601085481682497,0.14721845318860244,0.04748982360922659
E01003581,0.11988086373790022,0.13626209977661952,0.04318689501116903
E01003582,0.10899653979238755,0.14965397923875431,0.04325259515570934
E01003583,0.1625582944703531,0.12258494337108594,0.047968021319120584
E01003584,0.12989556135770236,0.13577023498694518,0.0489556135770235
E01003585,0.10047095761381476,0.15149136577708006,0.04945054945054945
E01003586,0.10656316160903317,0.14184897671136204,0.032462949894142556
E01003587,0.10352422907488987,0.15308370044052863,0.04515418502202643
E01003588,0.11759868421052631,0.1356907894736842,0.04523026315789474
E01003589,0.11748251748251748,0.14405594405594405,0.05174825174825175
E01003590,0.09664209664209664,0.14905814905814907,0.05978705978705979
E01003591,0.10095011876484561,0.16864608076009502,0.047505938242280284
E01003592,0.1341301460823373,0.12416998671978752,0.06308100929614874
E01003593,0.12469437652811736,0.13447432762836187,0.07334963325183375
E01003594,0.1510989010989011,0.10027472527472528,0.061126373626373624
E01003595,0.12431318681318682,0.12362637362637363,0.04189560439560439
E01003596,0.12703330751355538,0.1409759876065066,0.044151820294345466
E01003597,0.10535931790499391,0.10414129110840438,0.05054811205846529
E01003598,0.08787465940054497,0.13760217983651227,0.060626702997275204
E01003599,0.11277602523659307,0.13406940063091483,0.03548895899053628
E01003600,0.11948249619482496,0.12252663622526636,0.060882800608828
E01003601,0.12046783625730995,0.11637426900584795,0.05555555555555555
E01003602,0.1488747836122331,0.1309867282169648,0.03981534910559723
E01003603,0.12395543175487465,0.12465181058495822,0.0584958217270195
E01003604,0.14104778353483016,0.12147380541162925,0.05238917674150835
E01003605,0.10894206549118388,0.15239294710327456,0.04534005037783375
E01003607,0.14393939393939395,0.13016528925619836,0.040633608815427
E01003608,0.17276814386640976,0.10789980732177264,0.0449582530507386
E01003611,0.08327550312283137,0.16377515614156835,0.07217210270645386
E01003615,0.15289855072463768,0.1282608695652174,0.06086956521739131
E01003616,0.14211550940947437,0.1336794289422453,0.05710577547047372
E01003618,0.14130995358432183,0.11242908715832904,0.042805569881382156
E01003619,0.091,0.123,0.0525
E01003621,0.1438965238480194,0.13581244947453516,0.04850444624090541
E01003622,0.1157337367624811,0.14977307110438728,0.05597579425113464
E01003623,0.10855018587360594,0.1479553903345725,0.05427509293680297
E01003624,0.131496062992126,0.12677165354330708,0.04015748031496063
E01003625,0.14252153484729835,0.12999216914643696,0.05090054815974941
E01003626,0.15282880235121235,0.1381337252020573,0.055106539309331376
E01003627,0.11433305716652858,0.13587406793703397,0.03893951946975974
E01003628,0.16124148372445118,0.15442846328538987,0.036336109008327025
E01003629,0.1643379906852961,0.14038589487691283,0.043912175648702596
E01003630,0.11845549738219895,0.1243455497382199,0.05366492146596859
E01003631,0.12181122448979592,0.11224489795918367,0.05229591836734694
E01003632,0.14995083579154375,0.12340216322517207,0.0471976401179941
E01003633,0.09612724757952974,0.1542185338865837,0.07468879668049792
E01003634,0.09964664310954063,0.1321554770318021,0.0558303886925795
E01003635,0.17756410256410257,0.11794871794871795,0.052564102564102565
E01003636,0.11162521688837479,0.12203585887796414,0.04800462695199537
E01003637,0.1920152091254753,0.12484157160963244,0.046894803548795945
E01003638,0.13040585495675316,0.11244178310046574,0.037258815701929474
E01003639,0.14885057471264368,0.11724137931034483,0.052298850574712646
E01003640,0.13284864507600794,0.11566424322538003,0.03238598810310641
E01003641,0.12560679611650485,0.15594660194174756,0.040655339805825245
E01003642,0.13696715583508037,0.13137665967854648,0.04262753319357093
E01003643,0.13299377475947935,0.12280701754385964,0.030560271646859084
E01003644,0.13006885998469778,0.12777352716143842,0.03519510328997705
E01003645,0.12243925678894711,0.11862791805621725,0.042401143401619816
E01003646,0.15141752577319587,0.11211340206185567,0.037371134020618556
E01003647,0.12354463130659767,0.1222509702457956,0.03816300129366106
E01003648,0.14620355411954766,0.1098546042003231,0.03150242326332795
E01003649,0.11651917404129794,0.10766961651917405,0.025073746312684365
E01003650,0.15263908701854492,0.10627674750356633,0.034236804564907276
E01003651,0.13343923749007147,0.12231930103256553,0.02779984114376489
E01003652,0.13482280431432975,0.11325115562403698,0.03389830508474576
E01003653,0.20175438596491227,0.11403508771929824,0.03634085213032581
E01003654,0.13397483345669875,0.11769059955588453,0.03552923760177646
E01003655,0.13653699466056446,0.08466819221967964,0.03051106025934401
E01003656,0.1379857256145916,0.10309278350515463,0.03013481363996828
E01003657,0.15730337078651685,0.11853932584269664,0.0348314606741573
E01003658,0.12884753042233357,0.11095204008589836,0.047244094488188976
E01003659,0.15693430656934307,0.12481751824817518,0.032116788321167884
E01003660,0.14907275320970043,0.12268188302425106,0.02710413694721826
E01003661,0.12213740458015267,0.14092777451556077,0.041103934233705224
E01003662,0.1211372064276885,0.11248454882571075,0.03893695920889988
E01003663,0.09765625,0.11263020833333333,0.040364583333333336
E01003664,0.1057422969187675,0.1169467787114846,0.04481792717086835
E01003665,0.1273983115886416,0.13200306983883345,0.031465848042977744
E01003666,0.11941747572815534,0.1470873786407767,0.04320388349514563
E01003668,0.16734972677595628,0.0860655737704918,0.029371584699453553
E01003669,0.14320193081255028,0.1086082059533387,0.029766693483507644
E01003670,0.11871393239901072,0.10140148392415499,0.02967848309975268
E01003671,0.11644951140065146,0.11074918566775244,0.026058631921824105
E01003672,0.12704309063893016,0.0950965824665676,0.04011887072808321
E01003673,0.1287001287001287,0.09845559845559845,0.047619047619047616
E01003674,0.130412633723892,0.08609271523178808,0.043301069791136015
E01003675,0.13218390804597702,0.10847701149425287,0.040948275862068964
E01003676,0.14536015574302402,0.13692407527579495,0.04282933160285529
E01003677,0.14162234042553193,0.09773936170212766,0.025930851063829786
E01003678,0.14275092936802974,0.11970260223048328,0.026022304832713755
E01003679,0.15287517531556802,0.10448807854137447,0.028050490883590462
E01003680,0.13893016344725112,0.12109955423476969,0.04011887072808321
E01003681,0.12007168458781362,0.1057347670250896,0.04002389486260454
E01003682,0.1389627659574468,0.11037234042553191,0.031914893617021274
E01003683,0.14026299311208515,0.1340012523481528,0.036318096430807766
E01003684,0.1339155749636099,0.13973799126637554,0.036390101892285295
E01003685,0.1301416048550236,0.13216453135536074,0.033715441672285906
E01003686,0.11719745222929936,0.14076433121019108,0.048407643312101914
E01003688,0.11507647487254188,0.10269482884195193,0.041514930808448654
E01003689,0.10391822827938671,0.1033503691084611,0.04770017035775128
E01003690,0.1563404748118124,0.0897510133178923,0.0335842501447597
E01003691,0.11917916337805841,0.12154696132596685,0.04104183109707971
E01003692,0.13114754098360656,0.13427010148321625,0.0351288056206089
E01003693,0.14200298953662183,0.11958146487294469,0.03288490284005979
E01003694,0.11842105263157894,0.1069078947368421,0.03125
E01003695,0.13976705490848584,0.11314475873544093,0.04991680532445923
E01003696,0.15477792732166892,0.10767160161507403,0.02489905787348587
E01003697,0.13361762615493958,0.11656005685856433,0.053304904051172705
E01003698,0.15084745762711865,0.13813559322033897,0.0288135593220339
E01003699,0.17061224489795918,0.1110204081632653,0.02857142857142857
E01003700,0.15860349127182044,0.11670822942643391,0.03391521197007481
E01003701,0.16254635352286773,0.10135970333745364,0.03584672435105068
E01003702,0.17614269788182832,0.10981047937569677,0.0379041248606466
E01003703,0.14407179971658007,0.1067548417572036,0.028814359943316013
E01003704,0.16273133375877472,0.12125079770261646,0.042118698149329926
E01003705,0.158311345646438,0.12189973614775726,0.03218997361477573
E01003706,0.1447067783701447,0.12261995430312261,0.027418126428027417
E01003707,0.13387755102040816,0.10693877551020409,0.02857142857142857
E01003708,0.11379529561347743,0.13795295613477432,0.04577240940877304
E01003709,0.11379800853485064,0.13157894736842105,0.029160739687055477
E01003710,0.14126984126984127,0.10952380952380952,0.03571428571428571
E01003711,0.13003901170351106,0.10208062418725618,0.02860858257477243
E01003712,0.10262934690415607,0.1111111111111111,0.043256997455470736
E01003713,0.11541072640868975,0.12355736591989137,0.042090970807875085
E01003714,0.16621401412275938,0.1287343834872352,0.052145573058120585
E01003715,0.15240328253223914,0.11019929660023446,0.06330597889800703
E01003716,0.11862068965517242,0.09172413793103448,0.04
E01003718,0.12837837837837837,0.12702702702702703,0.0445945945945946
E01003719,0.12021857923497267,0.12021857923497267,0.04590163934426229
E01003720,0.1346153846153846,0.12628205128205128,0.038461538461538464
E01003721,0.1593813046402152,0.11297915265635508,0.04438466711499664
E01003722,0.15546918378678512,0.12215435868961688,0.032759578012215435
E01003723,0.1365142478462558,0.12060967528164347,0.03313452617627568
E01003724,0.1697952218430034,0.11262798634812286,0.034129692832764506
E01003725,0.14928732183045762,0.10652663165791448,0.03600900225056264
E01003726,0.14038763750654792,0.11891042430591933,0.040859088528025146
E01003727,0.13439306358381503,0.14595375722543352,0.052745664739884394
E01003729,0.11194590533433509,0.1555221637866266,0.03831705484598046
E01003730,0.11414213926776741,0.14213926776740848,0.04594400574300072
E01003731,0.09807516040329972,0.15307057745187902,0.05224564619615032
E01003732,0.1140625,0.14765625,0.04296875
E01003733,0.13411078717201166,0.1151603498542274,0.038629737609329445
E01003734,0.11934766493699037,0.14529280948851,0.037064492216456635
E01003735,0.10031746031746032,0.11936507936507937,0.049523809523809526
E01003736,0.1569317382125264,0.15200562983814214,0.07178043631245602
E01003737,0.17199248120300753,0.13157894736842105,0.030545112781954886
E01003738,0.12405609492988134,0.12135922330097088,0.043689320388349516
E01003739,0.10215350635008283,0.12313638873550524,0.03810049696300387
E01003740,0.1466058185966914,0.1226468910439247,0.039361095265259556
E01003741,0.12193548387096774,0.10387096774193548,0.03354838709677419
E01003742,0.1318435754189944,0.13016759776536313,0.061452513966480445
E01003743,0.14689655172413793,0.11586206896551725,0.03586206896551724
E01003744,0.14106844741235391,0.09265442404006678,0.021702838063439065
E01003745,0.14236410698878343,0.0992234685073339,0.0181190681622088
E01003746,0.13513513513513514,0.0945945945945946,0.023273273273273273
E01003747,0.14115490375802017,0.08799266727772685,0.02383134738771769
E01003748,0.13545521835677277,0.07327905255366396,0.026646928201332347
E01003749,0.14596491228070174,0.09333333333333334,0.051228070175438595
E01003750,0.13581806696146556,0.10044219835754896,0.047378395451674035
E01003751,0.14613661814109744,0.11142217245240761,0.036954087346024636
E01003752,0.11730337078651686,0.10876404494382022,0.03640449438202247
E01003753,0.13294422827496757,0.125810635538262,0.042801556420233464
E01003754,0.1383960255500355,0.11497515968772179,0.03903477643718949
E01003755,0.12410369553226697,0.1516822945394374,0.027578599007170437
E01003756,0.10697674418604651,0.13229974160206717,0.034108527131782945
E01003757,0.12095808383233533,0.12155688622754492,0.04491017964071856
E01003759,0.12731668009669622,0.09105560032232071,0.020950846091861403
E01003760,0.15820698747528017,0.10876730388925511,0.02702702702702703
E01003761,0.0975428145941921,0.13924050632911392,0.05286671630677588
E01003762,0.1386861313868613,0.10218978102189781,0.027737226277372264
E01003763,0.1535031847133758,0.1070063694267516,0.03184713375796178
E01003764,0.1474820143884892,0.10191846522781775,0.03117505995203837
E01003765,0.127190136275146,0.11550940947436729,0.035691109669046074
E01003766,0.12492456246228123,0.1375980687990344,0.045866022933011466
E01003767,0.1588557516737675,0.11868533171028606,0.04017041996348144
E01003768,0.137744767049291,0.13977042538825118,0.05266711681296422
E01003769,0.12057220708446867,0.1287465940054496,0.04700272479564033
E01003770,0.11423390752493201,0.10834088848594742,0.05349048050770626
E01003771,0.12922173274596183,0.11527165932452275,0.039647577092511016
E01003772,0.1365286855482934,0.11183732752360204,0.04139433551198257
E01003773,0.11670313639679067,0.12035010940919037,0.034281546316557256
E01003774,0.14341336794289422,0.07527579493835172,0.053212199870214145
E01003775,0.157319737800437,0.0808448652585579,0.03277494537509104
E01003776,0.1268456375838926,0.10335570469798658,0.040268456375838924
E01003777,0.1540436456996149,0.08279845956354301,0.025673940949935817
E01003778,0.14932680538555693,0.09302325581395349,0.023255813953488372
E01003779,0.1325564457392571,0.07720320466132556,0.02403495994173343
E01003780,0.14785992217898833,0.10739299610894941,0.021011673151750974
E01003781,0.13923267326732675,0.10148514851485149,0.04146039603960396
E01003782,0.15403032721468476,0.14445331205107742,0.03671189146049481
E01003783,0.11169652265542676,0.160695468914647,0.04267650158061117
E01003784,0.1435006435006435,0.12483912483912483,0.046975546975546977
E01003785,0.13810741687979539,0.13554987212276215,0.055626598465473145
E01003786,0.1234866828087167,0.13882163034705408,0.03389830508474576
E01003787,0.1506740681998414,0.11895321173671689,0.03251387787470262
E01003788,0.12616487455197134,0.12903225806451613,0.04086021505376344
E01003789,0.1503823279524214,0.07731520815632965,0.016992353440951572
E01003790,0.1606694560669456,0.09623430962343096,0.035146443514644354
E01003791,0.1289228159457167,0.089058524173028,0.018659881255301103
E01003792,0.12554872695346794,0.09306409130816505,0.04038630377524144
E01003793,0.1270718232044199,0.10812943962115233,0.04025256511444357
E01003794,0.11916666666666667,0.10666666666666667,0.0325
E01003795,0.15010351966873706,0.09316770186335403,0.034161490683229816
E01003796,0.1207843137254902,0.10352941176470588,0.0392156862745098
E01003797,0.17585301837270342,0.0673665791776028,0.015748031496062992
E01003798,0.16881998277347116,0.056847545219638244,0.028423772609819122
E01003799,0.17594834543987087,0.08232445520581114,0.022598870056497175
E01003800,0.1547911547911548,0.08927108927108927,0.0343980343980344
E01003801,0.16635338345864661,0.06672932330827068,0.022556390977443608
E01003802,0.1657986111111111,0.06770833333333333,0.03298611111111111
E01003803,0.14366883116883117,0.11931818181818182,0.056818181818181816
E01003804,0.15752461322081576,0.10267229254571027,0.02390998593530239
E01003805,0.1857031857031857,0.07303807303807304,0.016317016317016316
E01003806,0.1557743957027753,0.08504923903312445,0.017905102954341987
E01003807,0.16102236421725238,0.09073482428115016,0.028115015974440896
E01003808,0.158852344296711,0.09237228831350595,0.03219034289713086
E01003809,0.1662870159453303,0.09111617312072894,0.026575550493545937
E01003810,0.16022544283413848,0.12238325281803543,0.020933977455716585
E01003811,0.17503692762186115,0.10265878877400296,0.0310192023633678
E01003812,0.13511659807956103,0.10493827160493827,0.03909465020576132
E01003813,0.1496124031007752,0.08759689922480621,0.02248062015503876
E01003814,0.14032786885245901,0.10295081967213114,0.03081967213114754
E01003815,0.12826899128268993,0.10149439601494396,0.026151930261519303
E01003816,0.16362252663622526,0.09512937595129375,0.0167427701674277
E01003817,0.15184243964421856,0.10038119440914867,0.02986022871664549
E01003818,0.15134255492270138,0.12367778681855167,0.021969080553295363
E01003819,0.12983223924142961,0.1276440554339898,0.04157549234135667
E01003820,0.13838120104438642,0.12075718015665797,0.025456919060052218
E01003821,0.20029455081001474,0.050073637702503684,0.027245949926362298
E01003822,0.14039408866995073,0.10098522167487685,0.017241379310344827
E01003823,0.1380697050938338,0.08512064343163539,0.027479892761394103
E01003824,0.14765625,0.09140625,0.01796875
E01003825,0.1307861866274798,0.11756061719324026,0.028655400440852314
E01003826,0.09543859649122807,0.10877192982456141,0.036491228070175435
E01003827,0.15658816040738383,0.12030553787396563,0.0241884150222788
E01003828,0.11726384364820847,0.08876221498371335,0.02687296416938111
E01003829,0.13056379821958458,0.10905044510385757,0.04154302670623145
E01003830,0.14056224899598393,0.10642570281124498,0.03748326639892905
E01003831,0.12080536912751678,0.11931394481730052,0.02982848620432513
E01003832,0.0866721177432543,0.09975470155355683,0.04905968928863451
E01003833,0.1075,0.12083333333333333,0.04
E01003834,0.14890510948905109,0.09124087591240876,0.02335766423357664
E01003835,0.16390858944050432,0.1095350669818755,0.029944838455476755
E01003836,0.11191335740072202,0.09747292418772563,0.032490974729241874
E01003837,0.15407495538370017,0.091017251635931,0.022605591909577633
E01003838,0.1418588399720475,0.11180992313067785,0.03284416491963662
E01003839,0.12103281334050565,0.09467455621301775,0.03442711135018827
E01003840,0.1370056497175141,0.125,0.03248587570621469
E01003841,0.11926605504587157,0.13883792048929663,0.045871559633027525
E01003842,0.0757238307349666,0.11655530809205643,0.04825538233110616
E01003843,0.10663641520136131,0.1191151446398185,0.039137833238797506
E01003844,0.09830508474576272,0.10338983050847457,0.02288135593220339
E01003845,0.10429880197322058,0.11627906976744186,0.03241719520789288
E01003846,0.1755041075429425,0.07318894697535475,0.02315160567587752
E01003847,0.14519427402862986,0.07225630538513975,0.032719836400818
E01003848,0.13263296126066973,0.08535784635587657,0.026920551543007223
E01003849,0.1511535401750199,0.061256961018297536,0.02784407319013524
E01003851,0.155420773313116,0.05989385898407885,0.022744503411675512
E01003852,0.15557476231633535,0.07605877268798616,0.024200518582541054
E01003853,0.17162872154115585,0.08231173380035026,0.017513134851138354
E01003854,0.17533039647577092,0.07400881057268723,0.03788546255506608
E01003855,0.13009708737864079,0.1029126213592233,0.040129449838187704
E01003856,0.17528957528957528,0.08725868725868725,0.025482625482625483
E01003857,0.16808510638297872,0.08581560283687943,0.031205673758865248
E01003858,0.17380759902991108,0.08326596604688763,0.02263540824575586
E01003859,0.17493897477624085,0.10577705451586655,0.029292107404393815
E01003860,0.13076923076923078,0.06783216783216783,0.01818181818181818
E01003861,0.14715090795241076,0.08077645585472762,0.031934877896055106
E01003862,0.1417004048582996,0.09176788124156546,0.043859649122807015
E01003863,0.13047285464098074,0.0893169877408056,0.028021015761821366
E01003864,0.12267343485617598,0.077834179357022,0.031302876480541454
E01003865,0.1504424778761062,0.10088495575221239,0.030973451327433628
E01003866,0.17573872472783825,0.08320373250388803,0.02410575427682737
E01003867,0.1261904761904762,0.0880952380952381,0.03333333333333333
E01003868,0.16071428571428573,0.08198051948051949,0.015422077922077922
E01003869,0.13697604790419163,0.07709580838323353,0.027694610778443114
E01003870,0.13067484662576687,0.0803680981595092,0.027607361963190184
E01003871,0.1604120676968359,0.09197939661515821,0.03237674760853569
E01003872,0.1803921568627451,0.08313725490196078,0.03137254901960784
E01003873,0.1548771407297096,0.06775874906924795,0.02680565897244974
E01003874,0.16718995290423863,0.0565149136577708,0.029042386185243328
E01003875,0.16345412490362374,0.07247494217424827,0.026985350809560524
E01003876,0.1561928004881025,0.0701647345942648,0.026845637583892617
E01003877,0.1802030456852792,0.05245346869712352,0.021996615905245348
E01003878,0.13500404203718674,0.08084074373484236,0.03799514955537591
E01003879,0.175,0.06517857142857143,0.033928571428571426
E01003880,0.15119145439605589,0.09860312243221035,0.03451109285127362
E01003881,0.08695652173913043,0.043478260869565216,0.00945179584120983
E01003882,0.1273644388398487,0.09205548549810845,0.029634300126103404
E01003883,0.13847158719790986,0.09144350097975179,0.022860875244937948
E01003884,0.13238434163701068,0.07544483985765124,0.021352313167259787
E01003885,0.1373015873015873,0.09285714285714286,0.031746031746031744
E01003886,0.12509593246354567,0.08902532617037605,0.0422102839600921
E01003887,0.14381270903010032,0.07424749163879599,0.0294314381270903
E01003888,0.10635769459298872,0.08615567439096851,0.032679738562091505
E01003889,0.1371841155234657,0.09675090252707581,0.012996389891696752
E01003890,0.14535768645357686,0.09665144596651445,0.0289193302891933
E01003891,0.1302887844190732,0.07790463398253862,0.03223640026863667
E01003892,0.16216216216216217,0.061861861861861864,0.022222222222222223
E01003893,0.1574746008708273,0.07547169811320754,0.030478955007256895
E01003894,0.17685589519650655,0.07933042212518195,0.03202328966521106
E01003895,0.16079295154185022,0.10939794419970632,0.027900146842878122
E01003896,0.1519389701207883,0.0775588048315321,0.03242212333121424
E01003897,0.13630653266331658,0.07663316582914573,0.031407035175879394
E01003898,0.15108451757666416,0.08451757666417352,0.02692595362752431
E01003899,0.1468777484608619,0.09762532981530343,0.026385224274406333
E01003900,0.12041884816753927,0.10919970082273747,0.035153328347045626
E01003901,0.12965722801788376,0.12667660208643816,0.029806259314456036
E01003902,0.14655172413793102,0.11398467432950192,0.029693486590038315
E01003903,0.13625685199686766,0.10493343774471417,0.02975724353954581
E01003904,0.12355848434925865,0.1070840197693575,0.03542009884678748
E01003905,0.13779904306220095,0.10813397129186603,0.024880382775119617
E01003906,0.13870733478576616,0.1140159767610748,0.029774872912127815
E01003907,0.09879336349924585,0.11613876319758673,0.05128205128205128
E01003908,0.13557046979865772,0.11879194630872483,0.028187919463087248
E01003909,0.12329803328290469,0.10287443267776097,0.0340393343419062
E01003910,0.1216012084592145,0.10876132930513595,0.027190332326283987
E01003911,0.09952324195470799,0.12395709177592372,0.05303933253873659
E01003912,0.06464924346629987,0.13961485557083905,0.05639614855570839
E01003913,0.13522727272727272,0.11136363636363636,0.03579545454545455
E01003914,0.12909203211859172,0.08585546633724521,0.032736256948733784
E01003915,0.11891208096141682,0.11258697027197975,0.04554079696394687
E01003916,0.1091703056768559,0.10528869480834546,0.041242115477923336
E01003917,0.1432145090681676,0.09318323952470293,0.04690431519699812
E01003918,0.08319738988580751,0.1166394779771615,0.05954323001631321
E01003919,0.11403508771929824,0.09576023391812866,0.04239766081871345
E01003920,0.07403123192596876,0.13649508386350492,0.044534412955465584
E01003921,0.08021390374331551,0.12061794414735591,0.049910873440285206
E01003922,0.10386740331491713,0.15193370165745856,0.07955801104972375
E01003923,0.12144344205412907,0.10825815405968078,0.05135322692574601
E01003924,0.09514925373134328,0.16106965174129353,0.06467661691542288
E01003925,0.08159618820726623,0.14175104228707563,0.06432400238237046
E01003926,0.09121909633418585,0.12531969309462915,0.05711849957374254
E01003929,0.110740122426266,0.06455203116304953,0.041736227045075125
E01003930,0.07736720554272518,0.0710161662817552,0.03348729792147806
E01003932,0.07305577376276512,0.10840534171249018,0.04477611940298507
E01003933,0.08524590163934426,0.06651053864168618,0.03278688524590164
E01003934,0.1366120218579235,0.048633879781420766,0.03169398907103825
E01003935,0.06282722513089005,0.055846422338568937,0.04013961605584642
E01003936,0.08530183727034121,0.030183727034120734,0.016404199475065617
E01003937,0.09272467902995721,0.08202567760342368,0.03566333808844508
E01003938,0.07455853499018966,0.09287115761935906,0.04643557880967953
E01003939,0.05747767857142857,0.04408482142857143,0.04575892857142857
E01003940,0.10700538876058506,0.1031562740569669,0.03926096997690531
E01003941,0.09820912767186597,0.0803004043905257,0.038128249566724434
E01003942,0.06313645621181263,0.10386965376782077,0.038696537678207736
E01003943,0.06290322580645161,0.13790322580645162,0.05887096774193548
E01003945,0.16117216117216118,0.1010989010989011,0.035897435897435895
E01003946,0.15967523680649526,0.10487144790257104,0.03382949932341001
E01003947,0.09956709956709957,0.1341991341991342,0.08831168831168831
E01003948,0.14660056657223797,0.10127478753541076,0.04107648725212465
E01003949,0.14675324675324675,0.09480519480519481,0.03051948051948052
E01003950,0.09538653366583541,0.12967581047381546,0.05112219451371571
E01003951,0.1447587354409318,0.08069883527454243,0.02329450915141431
E01003952,0.14798206278026907,0.09641255605381166,0.03961136023916293
E01003953,0.13533834586466165,0.06940427993059572,0.02371312897628687
E01003954,0.1416,0.0904,0.0256
E01003955,0.1251621271076524,0.07911802853437094,0.042801556420233464
E01003956,0.136332651670075,0.08725289706884799,0.03953646898432175
E01003957,0.15774647887323945,0.09788732394366197,0.02676056338028169
E01003958,0.15257469802924348,0.08773045136681501,0.03941513032422123
E01003960,0.09636247606892151,0.0797702616464582,0.03318442884492661
E01003961,0.07796810395747195,0.14057885410513882,0.07147076196101594
E01003963,0.08014440433212996,0.14007220216606497,0.06498194945848375
E01003966,0.08590308370044053,0.15638766519823788,0.06993392070484582
E01003969,0.10908239700374532,0.11891385767790262,0.06601123595505617
E01003971,0.06466729147141519,0.12933458294283037,0.05060918462980318
E01003972,0.09834638816362054,0.1227154046997389,0.050478677110530897
E01003973,0.08743570903747244,0.13886847905951505,0.05878030859662013
E01003975,0.08467459762071379,0.10496850944716585,0.03988803358992302
E01003976,0.09820538384845463,0.09122632103688934,0.03838484546360917
E01003977,0.09384908053265695,0.09384908053265695,0.05136334812935954
E01003979,0.0882016036655212,0.07502863688430698,0.03951890034364261
E01003980,0.07928240740740741,0.11168981481481481,0.05150462962962963
E01003981,0.08659638554216867,0.06475903614457831,0.04292168674698795
E01003983,0.09839650145772595,0.14212827988338192,0.0641399416909621
E01003984,0.10380267214799589,0.11099691675231244,0.050873586844809866
E01003986,0.07680372381691233,0.10861132660977502,0.05352986811481769
E01003987,0.10839391936549901,0.11566424322538003,0.051553205551883675
E01003988,0.0953757225433526,0.13872832369942195,0.07052023121387284
E01003989,0.09039865244244806,0.13250982594048288,0.06176305446378439
E01003990,0.08984582668793195,0.1541733120680489,0.0685805422647528
E01003991,0.078125,0.09283088235294118,0.03860294117647059
E01003992,0.07293354943273905,0.12074554294975688,0.06645056726094004
E01003993,0.08364779874213836,0.11823899371069183,0.061635220125786164
E01003994,0.08004926108374384,0.10036945812807882,0.049876847290640396
E01003995,0.10929432013769363,0.09466437177280551,0.05679862306368331
E01003997,0.11480075901328274,0.10436432637571158,0.046489563567362426
E01003998,0.1090617481956696,0.06976744186046512,0.05854049719326383
E01003999,0.08387622149837133,0.10830618892508144,0.05130293159609121
E01004000,0.09981515711645102,0.09673444239063463,0.05730129390018484
E01004001,0.09128065395095368,0.11716621253405994,0.05994550408719346
E01004002,0.14350797266514806,0.09719058466211086,0.03492786636294609
E01004003,0.07692307692307693,0.13793103448275862,0.058355437665782495
E01004004,0.12609699769053118,0.1066974595842956,0.04249422632794457
E01004005,0.09234828496042216,0.11451187335092348,0.044854881266490766
E01004006,0.11843790012804098,0.11075544174135724,0.03201024327784891
E01004007,0.06654676258992806,0.15827338129496402,0.05485611510791367
E01004008,0.09323040380047506,0.13004750593824227,0.062351543942992874
E01004010,0.10539018503620273,0.14883346741753822,0.061142397425583264
E01004011,0.0894828588030215,0.11214410226612434,0.058686809994189425
E01004012,0.10505050505050505,0.11969696969696969,0.06464646464646465
E01004013,0.08890420399724328,0.1206064782908339,0.07512060647829083
E01004014,0.07094386181369525,0.14805675508945096,0.05922270203578038
E01004015,0.12567567567567567,0.07297297297297298,0.029054054054054056
E01004016,0.13707637835103692,0.10217501264542236,0.028831562974203338
E01004017,0.17733230531996916,0.1110254433307633,0.03392444101773323
E01004018,0.17202141900937082,0.0963855421686747,0.040160642570281124
E01004019,0.1375507835171213,0.10156703424260012,0.06094022054556007
E01004020,0.1130952380952381,0.12648809523809523,0.04538690476190476
E01004021,0.1309192200557103,0.08245125348189415,0.027855153203342618
E01004023,0.0873015873015873,0.13275613275613277,0.04401154401154401
E01004024,0.07899571341090018,0.12308634415186773,0.06062461726883037
E01004028,0.0781483325037332,0.10602289696366352,0.057242409158785465
E01004029,0.08793103448275862,0.0603448275862069,0.0339080459770115
E01004030,0.11962470680218922,0.09304143862392494,0.04222048475371384
E01004031,0.0794351279788173,0.08120035304501325,0.041924095322153576
E01004032,0.10606060606060606,0.07424242424242425,0.02803030303030303
E01004033,0.07612456747404844,0.09836875926841325,0.046465645081562035
E01004034,0.09744779582366589,0.11214230471771075,0.05723124516627997
E01004035,0.09837467921300257,0.09923011120615911,0.03592814371257485
E01004036,0.10307414104882459,0.12537673297166968,0.056660638939119955
E01004037,0.10841121495327102,0.1146417445482866,0.06230529595015576
E01004038,0.10260336906584992,0.1296579887697805,0.05308831036242981
E01004039,0.10466004583651642,0.11459129106187929,0.059587471352177235
E01004040,0.06097560975609756,0.12737127371273713,0.061653116531165314
E01004041,0.08237105465742879,0.11624326404926867,0.05696689761354888
E01004042,0.08807339449541285,0.08868501529051988,0.05137614678899083
E01004043,0.09390862944162437,0.0829103214890017,0.04314720812182741
E01004044,0.07975460122699386,0.11481156879929887,0.057843996494303246
E01004045,0.0898598516075845,0.1261335531739489,0.05688375927452597
E01004046,0.1518282988871224,0.07233704292527822,0.031001589825119236
E01004047,0.07898658718330849,0.13189269746646795,0.043964232488822655
E01004048,0.11885895404120443,0.10618066561014262,0.025356576862123614
E01004049,0.07439613526570048,0.13526570048309178,0.057971014492753624
E01004050,0.1672158154859967,0.07495881383855024,0.039538714991762765
E01004051,0.12373968835930339,0.09349220898258478,0.02841429880843263
E01004052,0.14860259032038173,0.08111792774369461,0.026584867075664622
E01004053,0.11312764670296431,0.06836055656382335,0.03871748336358137
E01004054,0.13362701908957417,0.05800293685756241,0.033773861967694566
E01004055,0.08485401459854014,0.12864963503649635,0.046532846715328466
E01004056,0.10287443267776097,0.08219868885526979,0.039334341906202726
E01004057,0.11171960569550932,0.08105147864184009,0.03888280394304491
E01004058,0.13076923076923078,0.06987179487179487,0.04487179487179487
E01004059,0.10599334073251943,0.058823529411764705,0.03662597114317425
E01004060,0.10381231671554252,0.09266862170087976,0.05513196480938416
E01004061,0.16654954321855236,0.08151791988756149,0.03302881236823612
E01004062,0.11671232876712329,0.11068493150684931,0.04876712328767123
E01004063,0.14757160647571607,0.09153175591531756,0.03300124533001245
E01004064,0.11944965603502189,0.13133208255159476,0.041901188242651655
E01004065,0.14150197628458497,0.0932806324110672,0.028458498023715414
E01004066,0.1286654697785757,0.13644524236983843,0.041891083183722325
E01004067,0.10471491228070176,0.13432017543859648,0.04824561403508772
E01004068,0.09925558312655088,0.0967741935483871,0.04962779156327544
E01004069,0.17425742574257425,0.06930693069306931,0.026732673267326732
E01004070,0.14134041141340412,0.0869276708692767,0.019243530192435302
E01004071,0.1685575364667747,0.09805510534846029,0.03241491085899514
E01004072,0.1455223880597015,0.09253731343283582,0.02164179104477612
E01004073,0.14728682170542637,0.08527131782945736,0.028188865398167725
E01004074,0.1701492537313433,0.06865671641791045,0.026865671641791045
E01004075,0.18487394957983194,0.08938120702826585,0.012987012987012988
E01004076,0.10981308411214953,0.13161993769470404,0.0397196261682243
E01004077,0.11969696969696969,0.13560606060606062,0.02878787878787879
E01004078,0.11415863602668644,0.13787991104521868,0.03187546330615271
E01004079,0.10278745644599303,0.13066202090592335,0.02700348432055749
E01004080,0.10269799825935597,0.12010443864229765,0.022628372497824196
E01004081,0.10748407643312102,0.1393312101910828,0.03343949044585987
E01004082,0.08608695652173913,0.13217391304347825,0.021739130434782608
E01004083,0.08514190317195326,0.1343906510851419,0.037562604340567615
E01004084,0.12826797385620914,0.09477124183006536,0.02696078431372549
E01004085,0.14006024096385541,0.09412650602409639,0.022590361445783132
E01004086,0.11695137976346912,0.1202365308804205,0.022996057818659658
E01004087,0.1386748844375963,0.10631741140215717,0.020030816640986132
E01004088,0.07167235494880546,0.15631399317406144,0.04709897610921502
E01004089,0.11144278606965174,0.10945273631840796,0.030845771144278607
E01004090,0.09871668311944719,0.15695952615992104,0.04244817374136229
E01004091,0.09953051643192488,0.10610328638497653,0.0215962441314554
E01004092,0.13264495631453535,0.10246227164416204,0.020651310563939634
E01004093,0.11493354182955434,0.09773260359655982,0.027365129007036748
E01004094,0.11065006915629322,0.1037344398340249,0.030428769017980636
E01004095,0.1015625,0.09453125,0.0234375
E01004096,0.1141732283464567,0.11496062992125984,0.031496062992125984
E01004097,0.11919504643962849,0.12925696594427244,0.023993808049535603
E01004098,0.11409395973154363,0.11984659635666348,0.029721955896452542
E01004099,0.11443932411674347,0.10368663594470046,0.03225806451612903
E01004100,0.12447078746824725,0.1371718882303133,0.01693480101608806
E01004101,0.10786914235190097,0.1282051282051282,0.022988505747126436
E01004102,0.125,0.11583333333333333,0.02
E01004103,0.1288256227758007,0.11814946619217082,0.024199288256227757
E01004104,0.10869565217391304,0.12077294685990338,0.012077294685990338
E01004105,0.11691022964509394,0.1336116910229645,0.032011134307585246
E01004106,0.13605947955390335,0.10929368029739776,0.019330855018587362
E01004107,0.11058451816745656,0.11848341232227488,0.030015797788309637
E01004108,0.12218649517684887,0.10868167202572347,0.022508038585209004
E01004109,0.10608308605341246,0.1298219584569733,0.020029673590504452
E01004110,0.12113870381586916,0.11629315566323441,0.034524530587522716
E01004111,0.1033210332103321,0.11586715867158671,0.025092250922509225
E01004112,0.11911764705882352,0.11176470588235295,0.011764705882352941
E01004114,0.15151515151515152,0.09683794466403162,0.014492753623188406
E01004115,0.1369006254343294,0.12161223071577484,0.020847810979847115
E01004116,0.12121212121212122,0.1053030303030303,0.023484848484848483
E01004117,0.13223854796888504,0.11927398444252377,0.01901469317199654
E01004118,0.12289325842696629,0.13342696629213482,0.021067415730337078
E01004119,0.12566844919786097,0.14616755793226383,0.030303030303030304
E01004120,0.12123677786818551,0.13669650122050447,0.02115541090317331
E01004121,0.11245954692556634,0.11893203883495146,0.03155339805825243
E01004122,0.11868910540301152,0.10628875110717449,0.01948627103631532
E01004123,0.1037037037037037,0.1321937321937322,0.043874643874643876
E01004124,0.1286740692357936,0.13716525146962769,0.039843239712606136
E01004125,0.09703287890938252,0.12429831595829992,0.04490777866880513
E01004126,0.09860312243221035,0.12325390304026294,0.0419063270336894
E01004127,0.12233285917496443,0.1251778093883357,0.029160739687055477
E01004128,0.09879725085910653,0.13144329896907217,0.028350515463917526
E01004129,0.0974949221394719,0.12796208530805686,0.03182125930941097
E01004130,0.12421493370551291,0.1374738311235171,0.03210048848569435
E01004131,0.12653061224489795,0.11972789115646258,0.023809523809523808
E01004132,0.1292517006802721,0.1556122448979592,0.012755102040816327
E01004133,0.11856091578086672,0.15372035977105478,0.028618152085036794
E01004134,0.11926605504587157,0.12844036697247707,0.02599388379204893
E01004135,0.10806174957118353,0.1320754716981132,0.03773584905660377
E01004136,0.11805555555555555,0.1111111111111111,0.014660493827160493
E01004137,0.12678132678132678,0.09680589680589681,0.0343980343980344
E01004138,0.11798561151079137,0.13093525179856116,0.033093525179856115
E01004139,0.12889983579638753,0.12479474548440066,0.0361247947454844
E01004140,0.11533149171270718,0.1277624309392265,0.04834254143646409
E01004141,0.09927007299270073,0.13576642335766423,0.042335766423357665
E01004143,0.11056105610561057,0.1188118811881188,0.018976897689768978
E01004144,0.1394700139470014,0.11715481171548117,0.026499302649930265
E01004145,0.13177410154021676,0.12492869366799772,0.026240730176839703
E01004146,0.13046272493573266,0.12853470437017994,0.017994858611825194
E01004147,0.09000762776506484,0.13043478260869565,0.02822273073989321
E01004148,0.10900832702498107,0.12112036336109008,0.041635124905374715
E01004149,0.12533512064343164,0.1146112600536193,0.03150134048257373
E01004150,0.11070559610705596,0.09610705596107055,0.03710462287104623
E01004151,0.10991787744788377,0.10170562223626027,0.03916614024005054
E01004152,0.11373092926490985,0.09223300970873786,0.036061026352288486
E01004153,0.11815754339118825,0.09279038718291055,0.03871829105473965
E01004154,0.10517529215358931,0.11185308848080133,0.01669449081803005
E01004155,0.11827242524916944,0.09568106312292358,0.03388704318936877
E01004156,0.12576687116564417,0.09693251533742331,0.0343558282208589
E01004157,0.12112403100775193,0.10562015503875968,0.020348837209302327
E01004158,0.11127596439169139,0.09718100890207715,0.030415430267062313
E01004159,0.14007782101167315,0.11284046692607004,0.028793774319066146
E01004160,0.12915699922660479,0.11987625676720805,0.025522041763341066
E01004161,0.11297071129707113,0.1205020920502092,0.026778242677824266
E01004162,0.12118959107806691,0.12490706319702602,0.03494423791821561
E01004163,0.13662790697674418,0.12427325581395349,0.029796511627906978
E01004164,0.10756302521008404,0.11932773109243698,0.031092436974789917
E01004165,0.1166429587482219,0.12446657183499289,0.03058321479374111
E01004166,0.0934283452098179,0.11322248614410134,0.023752969121140142
E01004167,0.11012145748987855,0.14493927125506073,0.046153846153846156
E01004168,0.1150855365474339,0.12441679626749612,0.02410575427682737
E01004169,0.1046875,0.1203125,0.0265625
E01004170,0.11039719626168225,0.1191588785046729,0.02336448598130841
E01004171,0.10925039872408293,0.11722488038277512,0.022328548644338118
E01004172,0.12577747062888736,0.14996544574982723,0.033863165169315826
E01004173,0.08604038630377524,0.1273046532045654,0.021949078138718173
E01004174,0.110055423594616,0.11322248614410134,0.0332541567695962
E01004175,0.11420413990007137,0.1441827266238401,0.021413276231263382
E01004176,0.11397670549084858,0.12229617304492513,0.022462562396006656
E01004177,0.09028727770177838,0.09233926128590972,0.019151846785225718
E01004178,0.10197368421052631,0.11842105263157894,0.03179824561403509
E01004179,0.12095531587057011,0.1271186440677966,0.020801232665639446
E01004180,0.13456284153005466,0.10655737704918032,0.01912568306010929
E01004181,0.09,0.12642857142857142,0.025
E01004182,0.10022779043280182,0.1442672741078208,0.040242976461655276
E01004183,0.11353711790393013,0.1462882096069869,0.046579330422125184
E01004184,0.12123677786818551,0.14564686737184704,0.03986981285598047
E01004185,0.09874213836477988,0.11949685534591195,0.04339622641509434
E01004186,0.1237037037037037,0.12296296296296297,0.03185185185185185
E01004187,0.11245283018867924,0.12075471698113208,0.03471698113207547
E01004189,0.11363636363636363,0.12653562653562653,0.036855036855036855
E01004190,0.11996497373029773,0.11733800350262696,0.021015761821366025
E01004191,0.12863913337846988,0.12728503723764387,0.040622884224779957
E01004192,0.12987012987012986,0.10116199589883801,0.030758714969241284
E01004193,0.11927480916030535,0.11784351145038167,0.03196564885496183
E01004194,0.12003179650238474,0.1136724960254372,0.038950715421303655
E01004195,0.13747228381374724,0.11899482631189948,0.038433111603843315
E01004196,0.11755361397934869,0.11437648927720413,0.019857029388403495
E01004198,0.08216926869350863,0.11750205423171733,0.05834018077239113
E01004199,0.081203007518797,0.11203007518796992,0.059398496240601506
E01004200,0.1161764705882353,0.06691176470588235,0.030882352941176472
E01004201,0.11038961038961038,0.1204906204906205,0.05194805194805195
E01004202,0.14580801944106925,0.10449574726609964,0.03645200486026731
E01004203,0.10019392372333549,0.0989010989010989,0.053005817711700064
E01004204,0.11312217194570136,0.11764705882352941,0.04395604395604396
E01004205,0.07791446983011131,0.1253661394258934,0.04569420035149385
E01004206,0.07627829002514669,0.13327745180217937,0.05951383067896061
E01004207,0.08101045296167247,0.11498257839721254,0.04006968641114982
E01004208,0.09867282169648009,0.07674552798615118,0.03693017888055395
E01004209,0.0801564027370479,0.14858260019550343,0.06158357771260997
E01004211,0.11764705882352941,0.07866761162296244,0.04677533664068037
E01004212,0.08351293103448276,0.09051724137931035,0.032327586206896554
E01004214,0.07958199356913183,0.1310289389067524,0.06591639871382636
E01004216,0.1050449205252246,0.09744298548721493,0.0497581202487906
E01004217,0.1008955223880597,0.09671641791044776,0.04776119402985075
E01004218,0.10223048327137546,0.07930607187112763,0.0724907063197026
E01004219,0.06217120994739359,0.11382113821138211,0.04495456719273075
E01004221,0.09944410129709698,0.0846201358863496,0.04570722668313774
E01004222,0.08623771224307418,0.11215370866845398,0.054066130473637175
E01004223,0.1046048891415577,0.10403638430926662,0.0488914155770324
E01004226,0.0997319034852547,0.10991957104557641,0.04664879356568365
E01004228,0.12837432513497302,0.09598080383923216,0.03119376124775045
E01004229,0.08816120906801007,0.09655751469353484,0.04785894206549118
E01004230,0.10260770975056689,0.09410430839002268,0.02891156462585034
E01004231,0.07548579970104634,0.12780269058295965,0.043348281016442454
E01004232,0.12569444444444444,0.09027777777777778,0.025694444444444443
E01004233,0.09448388858547242,0.10431458219552157,0.05024576734025123
E01004234,0.13743392599711676,0.09514656415185008,0.02691013935607881
E01004235,0.06513026052104208,0.1683366733466934,0.050100200400801605
E01004236,0.07136929460580912,0.15601659751037344,0.053112033195020746
E01004237,0.09719789842381786,0.12609457092819615,0.0446584938704028
E01004239,0.07692307692307693,0.1426437640029873,0.08663181478715459
E01004240,0.08079268292682927,0.13109756097560976,0.04954268292682927
E01004241,0.07131410256410256,0.12900641025641027,0.046474358974358976
E01004243,0.10181190681622088,0.11561691113028473,0.0362381363244176
E01004244,0.06443914081145585,0.09844868735083533,0.056682577565632455
E01004245,0.06868250539956804,0.11101511879049676,0.05485961123110151
E01004247,0.06953476738369184,0.1330665332666333,0.05102551275637819
E01004248,0.07043286867204696,0.1269258987527513,0.05429200293470286
E01004249,0.08569868995633188,0.12609170305676856,0.060589519650655024
E01004251,0.08493008803728638,0.11755567063697565,0.050233039875712066
E01004255,0.07894736842105263,0.14009287925696595,0.053405572755417956
E01004256,0.08675445391169635,0.1254841208365608,0.0766847405112316
E01004257,0.07789095266626722,0.15817855002995806,0.057519472738166565
E01004258,0.10505529225908374,0.08925750394944708,0.045813586097946286
E01004259,0.1383776414451261,0.09884117246080436,0.04226312201772325
E01004260,0.07137654770575383,0.12454479242534595,0.05462490895848507
E01004263,0.0945945945945946,0.13513513513513514,0.05045045045045045
E01004264,0.06085376930063579,0.13805631244323344,0.06267029972752043
E01004266,0.10918114143920596,0.10256410256410256,0.05789909015715467
E01004267,0.08159912376779847,0.12595837897042717,0.054764512595837894
E01004268,0.0696551724137931,0.12413793103448276,0.06896551724137931
E01004270,0.09171162334477685,0.0946542422756253,0.045610593428151054
E01004271,0.0856989823245849,0.12212104981253348,0.046063202999464384
E01004272,0.09144542772861357,0.14749262536873156,0.04424778761061947
E01004274,0.08555133079847908,0.10076045627376426,0.052598225602027884
E01004275,0.10955207771181867,0.08796546141392336,0.05180787911494873
E01004276,0.11534090909090909,0.06306818181818181,0.03920454545454546
E01004277,0.10842541436464088,0.04696132596685083,0.03798342541436464
E01004280,0.08950418544752092,0.10882163554410818,0.04507405022537025
E01004281,0.09692671394799054,0.07328605200945626,0.041371158392434985
E01004283,0.08352272727272728,0.14659090909090908,0.042045454545454546
E01004286,0.08962025316455696,0.1230379746835443,0.052151898734177214
E01004287,0.08723281340265743,0.12824956672443674,0.049104563835932986
E01004288,0.07010014306151645,0.14091559370529327,0.044349070100143065
E01004289,0.07750472589792061,0.12413358538122243,0.05356017643352237
E01004290,0.10642317380352645,0.11838790931989925,0.039672544080604534
E01004291,0.12331180270111568,0.058719906048150326,0.039342337052260715
E01004292,0.09897610921501707,0.0552901023890785,0.023890784982935155
E01004293,0.10968819599109131,0.061247216035634745,0.02951002227171492
E01004295,0.09059474412171507,0.15214384508990317,0.04564315352697095
E01004296,0.08308895405669599,0.09335288367546432,0.04447702834799609
E01004297,0.12364945978391356,0.0894357743097239,0.03241296518607443
E01004298,0.07261247040252565,0.13417521704814522,0.05367008681925809
E01004300,0.08024691358024691,0.1384479717813051,0.047619047619047616
E01004301,0.08398950131233596,0.1268591426071741,0.06299212598425197
E01004302,0.07183673469387755,0.15510204081632653,0.05714285714285714
E01004303,0.07599463567277603,0.11890925346446134,0.048278945015645953
E01004304,0.06931886678722121,0.14406268836648584,0.05364677516576251
E01004305,0.0739972337482711,0.13278008298755187,0.04564315352697095
E01004306,0.10502577319587629,0.08634020618556701,0.059278350515463915
E01004307,0.0843155031731641,0.040344514959202174,0.027198549410698096
E01004308,0.08833333333333333,0.115,0.045
E01004309,0.0755939524838013,0.10669546436285098,0.06349892008639309
E01004310,0.06866705135603,0.0998268897864974,0.07097518753606463
E01004311,0.10930074677528853,0.09911744738628649,0.055668703326544465
E01004312,0.07487520798668885,0.11647254575707154,0.07487520798668885
E01004313,0.10290697674418604,0.10697674418604651,0.044767441860465114
E01004315,0.11310861423220973,0.09662921348314607,0.039700374531835204
E01004316,0.08779931584948689,0.09578107183580388,0.055872291904218926
E01004319,0.06325910931174089,0.12348178137651822,0.05566801619433198
E01004321,0.06888633754305395,0.11308840413318025,0.03673938002296211
E01004322,0.07931034482758621,0.10344827586206896,0.04396551724137931
E01004323,0.0872,0.1352,0.0392
E01004324,0.07692307692307693,0.14195083267248215,0.05392545598731166
E01004326,0.08262295081967214,0.12459016393442623,0.04065573770491803
E01004327,0.13862249346120314,0.13513513513513514,0.046207497820401046
E01004328,0.1723202170963365,0.12075983717774763,0.04206241519674356
E01004329,0.19486823855755894,0.11095700416088766,0.03467406380027739
E01004330,0.1709090909090909,0.09672727272727273,0.04436363636363636
E01004331,0.16666666666666666,0.1152073732718894,0.04915514592933948
E01004332,0.1596480201131364,0.09742300439974859,0.04776869893148963
E01004333,0.11847233047544817,0.1402961808261886,0.05144193296960249
E01004334,0.21351351351351353,0.14189189189189189,0.08513513513513514
E01004335,0.08970588235294118,0.16470588235294117,0.075
E01004336,0.15350223546944858,0.12518628912071536,0.044709388971684055
E01004337,0.1316901408450704,0.10492957746478873,0.04014084507042254
E01004338,0.22479721900347624,0.10776361529548088,0.047508690614136734
E01004339,0.17849898580121704,0.12440838404327248,0.03313049357674104
E01004340,0.11596091205211727,0.11791530944625407,0.05993485342019544
E01004341,0.11485642946317104,0.1285892634207241,0.06741573033707865
E01004342,0.1527864746399499,0.1308703819661866,0.042579837194740136
E01004343,0.1524390243902439,0.10975609756097561,0.03048780487804878
E01004344,0.12955182072829133,0.13585434173669467,0.049019607843137254
E01004345,0.1717314487632509,0.12084805653710247,0.03674911660777385
E01004346,0.14493809176984704,0.12163146394756008,0.03641660597232338
E01004347,0.17654171704957677,0.11910519951632406,0.03869407496977025
E01004348,0.15096774193548387,0.12,0.04387096774193548
E01004349,0.10596026490066225,0.13990066225165562,0.03642384105960265
E01004350,0.09621353196772191,0.08379888268156424,0.028553693358162633
E01004351,0.13497390007457122,0.1185682326621924,0.02609992542878449
E01004352,0.1373152709359606,0.09729064039408868,0.027093596059113302
E01004353,0.1237721021611002,0.11263916175507531,0.03274394237066143
E01004354,0.14350945857795172,0.12459230267449445,0.033920417482061316
E01004355,0.14012251148545177,0.1217457886676876,0.03905053598774885
E01004356,0.12992700729927006,0.12262773722627737,0.032116788321167884
E01004357,0.13257575757575757,0.10227272727272728,0.031818181818181815
E01004358,0.13656387665198239,0.1000629326620516,0.039647577092511016
E01004359,0.12945454545454546,0.10836363636363637,0.03272727272727273
E01004360,0.12694063926940638,0.1178082191780822,0.026484018264840183
E01004361,0.16146297948260482,0.12667261373773417,0.03300624442462088
E01004362,0.1495398773006135,0.09049079754601227,0.036042944785276074
E01004363,0.15846994535519127,0.10772833723653395,0.02810304449648712
E01004364,0.11780104712041885,0.11321989528795812,0.04581151832460733
E01004365,0.14984863773965693,0.14076690211907164,0.05852674066599395
E01004366,0.13537117903930132,0.11977542108546475,0.031815346225826574
E01004367,0.12913385826771653,0.12283464566929134,0.04488188976377953
E01004368,0.1416262789445342,0.10662358642972536,0.035541195476575124
E01004369,0.18296973961998592,0.09992962702322308,0.03870513722730472
E01004370,0.18197879858657243,0.10011778563015312,0.04122497055359246
E01004371,0.1517655897821187,0.09541697971450037,0.04432757325319309
E01004372,0.17677136596055515,0.09276844411979547,0.04309715120525932
E01004373,0.1496881496881497,0.11088011088011088,0.058212058212058215
E01004374,0.16903146206045652,0.11721159777914868,0.04441702652683529
E01004375,0.18012422360248448,0.1,0.040372670807453416
E01004376,0.16491010539367637,0.10477371357718537,0.04277743335399876
E01004377,0.15363321799307958,0.12525951557093426,0.04152249134948097
E01004378,0.13818924438393465,0.09802586793737236,0.045609257998638526
E01004379,0.13817480719794345,0.09511568123393316,0.04177377892030849
E01004380,0.12438162544169612,0.09964664310954063,0.040282685512367494
E01004381,0.1440251572327044,0.1119496855345912,0.03333333333333333
E01004382,0.11085271317829458,0.13488372093023257,0.06434108527131784
E01004383,0.12039127163280662,0.12189616252821671,0.03837471783295711
E01004384,0.11335012594458438,0.11775818639798488,0.04534005037783375
E01004385,0.11510204081632654,0.10122448979591837,0.045714285714285714
E01004386,0.1457286432160804,0.104091888011486,0.027279253409906678
E01004387,0.11848739495798319,0.10252100840336134,0.029411764705882353
E01004388,0.13591495823842065,0.10478359908883828,0.0425208807896735
E01004389,0.13131313131313133,0.1176046176046176,0.045454545454545456
E01004390,0.10054559625876851,0.13561964146531566,0.04676539360872954
E01004391,0.14886901630720673,0.1115202524986849,0.036296685954760655
E01004392,0.15328109696376102,0.11410381978452498,0.0494613124387855
E01004393,0.1362653208363374,0.0966113914924297,0.035328046142754144
E01004394,0.12728380024360536,0.10657734470158343,0.05663824604141291
E01004395,0.1407185628742515,0.10404191616766467,0.03218562874251497
E01004396,0.1616994292961319,0.12555485098287889,0.046924540266328474
E01004397,0.14427860696517414,0.11069651741293532,0.04809286898839138
E01004398,0.10838946723821188,0.12124923453766075,0.06919779546846296
E01004399,0.10475534114403859,0.13921433494141972,0.057891109579600274
E01004400,0.14779661016949153,0.1064406779661017,0.03932203389830508
E01004401,0.16783974011911207,0.09474824038982133,0.040606388738494856
E01004402,0.12869924294562973,0.11149346180316587,0.0440467997247075
E01004403,0.12270875763747455,0.11608961303462322,0.05091649694501019
E01004404,0.12216981132075472,0.12452830188679245,0.05471698113207547
E01004405,0.14202049780380674,0.10395314787701318,0.06734992679355783
E01004406,0.15712383488681758,0.09653794940079893,0.05525965379494008
E01004407,0.11338582677165354,0.12283464566929134,0.1173228346456693
E01004408,0.1452513966480447,0.1026536312849162,0.04329608938547486
E01004409,0.16415770609318997,0.10681003584229391,0.04802867383512545
E01004410,0.13110367892976588,0.10301003344481606,0.0548494983277592
E01004411,0.1720958819913952,0.10510141364474493,0.03011677934849416
E01004412,0.17409184372858122,0.08978752570253598,0.03564084989718986
E01004413,0.09450038729666925,0.09295120061967467,0.044151820294345466
E01004414,0.16354816354816354,0.10325710325710326,0.029106029106029108
E01004415,0.11380880121396054,0.11153262518968134,0.0417298937784522
E01004416,0.12999322951929587,0.1035883547731889,0.03926878808395396
E01004417,0.13660130718954247,0.11241830065359477,0.03333333333333333
E01004418,0.13195435092724678,0.12268188302425106,0.03851640513552068
E01004419,0.14005037783375315,0.12292191435768261,0.044836272040302265
E01004420,0.15018706574024585,0.1277391769107429,0.07322287546766434
E01004421,0.1532258064516129,0.11232718894009217,0.05184331797235023
E01004422,0.14942528735632185,0.10344827586206896,0.037835249042145594
E01004423,0.14155528554070473,0.10874848116646416,0.06257594167679223
E01004424,0.14375715922107674,0.12142038946162657,0.05326460481099656
E01004425,0.17463352453792225,0.1147227533460803,0.038878266411727216
E01004426,0.12165775401069519,0.11497326203208556,0.047459893048128345
E01004427,0.18268618714194781,0.11648631444939529,0.04455760661998727
E01004428,0.09085328422344997,0.1252302025782689,0.0521792510742787
E01004429,0.13168724279835392,0.10631001371742113,0.05692729766803841
E01004430,0.13606340819022458,0.10523998238661382,0.044033465433729636
E01004432,0.15921052631578947,0.11315789473684211,0.046052631578947366
E01004434,0.13170441001191896,0.1162097735399285,0.050059594755661505
E01004435,0.14160327677004095,0.09362200117027501,0.060854300760678756
E01004436,0.13359375,0.11953125,0.0375
E01004437,0.13866120218579234,0.1133879781420765,0.06557377049180328
E01004438,0.14103982300884957,0.10674778761061947,0.03926991150442478
E01004439,0.14643119941133187,0.10448859455481972,0.036055923473142015
E01004440,0.14095127610208816,0.10614849187935035,0.03944315545243619
E01004441,0.14421553090332806,0.08874801901743265,0.03169572107765452
E01004442,0.13473520249221183,0.10747663551401869,0.03660436137071651
E01004443,0.13853765805387575,0.11324903793293019,0.04178119846069269
E01004444,0.11564918314703354,0.11306964746345657,0.061049011177987965
E01004445,0.17764350453172206,0.11540785498489425,0.045921450151057405
E01004446,0.19133574007220217,0.12790097988653945,0.036101083032490974
E01004447,0.15312916111850866,0.10918774966711052,0.04061251664447404
E01004448,0.16101694915254236,0.10821382007822686,0.03389830508474576
E01004449,0.10080106809078772,0.10881174899866489,0.056742323097463285
E01004450,0.11976911976911978,0.12265512265512266,0.03535353535353535
E01004451,0.12834224598930483,0.12633689839572193,0.05481283422459893
E01004452,0.15389696169088507,0.12285336856010567,0.03500660501981506
E01004453,0.13817663817663817,0.13746438746438747,0.03347578347578348
E01004454,0.1441985244802146,0.1441985244802146,0.0409121395036888
E01004455,0.13991477272727273,0.12357954545454546,0.04971590909090909
E01004456,0.08856088560885608,0.14686346863468636,0.07011070110701106
E01004457,0.15633074935400518,0.10400516795865633,0.044573643410852716
E01004458,0.15837937384898712,0.09760589318600368,0.05156537753222836
E01004459,0.07413376309427881,0.1708299758259468,0.05640612409347301
E01004460,0.16201117318435754,0.1154562383612663,0.035381750465549346
E01004462,0.16769489624228828,0.12114413909141895,0.04094223219293326
E01004463,0.15096693699313787,0.10979413599500935,0.031815346225826574
E01004464,0.12125984251968504,0.1377952755905512,0.06929133858267716
E01004465,0.1534136546184739,0.11164658634538152,0.03855421686746988
E01004466,0.1672780630961115,0.09684519442406456,0.027879677182685254
E01004467,0.12331838565022421,0.1384529147982063,0.0397982062780269
E01004468,0.16879432624113475,0.10141843971631205,0.04680851063829787
E01004469,0.11310344827586206,0.13655172413793104,0.05862068965517241
E01004470,0.14119472459270752,0.11559348332040341,0.055857253685027156
E01004471,0.1323529411764706,0.12941176470588237,0.05220588235294118
E01004472,0.11205766710353866,0.05963302752293578,0.01310615989515072
E01004473,0.09713168187744459,0.0469361147327249,0.02803129074315515
E01004474,0.08808864265927978,0.06204986149584488,0.0260387811634349
E01004475,0.09289617486338798,0.06791569086651054,0.03825136612021858
E01004476,0.11077111383108935,0.06487148102815178,0.02937576499388005
E01004477,0.13647058823529412,0.05803921568627451,0.021176470588235293
E01004478,0.16166077738515902,0.05742049469964664,0.02561837455830389
E01004479,0.14991896272285252,0.05672609400324149,0.029173419773095625
E01004480,0.08805870580386925,0.04469646430953969,0.030020013342228154
E01004481,0.09754433833560709,0.07162346521145975,0.030695770804911322
E01004482,0.10604929051530994,0.0642270351008215,0.030619865571321882
E01004483,0.11674008810572688,0.08535242290748898,0.024229074889867842
E01004484,0.10260336906584992,0.0681470137825421,0.03445635528330781
E01004485,0.10193204530313124,0.06462358427714857,0.0313124583610926
E01004486,0.11598746081504702,0.05642633228840126,0.022727272727272728
E01004487,0.11755725190839694,0.06259541984732825,0.03435114503816794
E01004488,0.1279926335174954,0.08103130755064457,0.037753222836095765
E01004489,0.12579762989972654,0.06836827711941659,0.032816773017319965
E01004490,0.1275221953188055,0.0774818401937046,0.020984665052461663
E01004491,0.0663594470046083,0.07188940092165899,0.02304147465437788
E01004492,0.12239221140472879,0.08692628650904033,0.027816411682892908
E01004493,0.09339975093399751,0.08343711083437111,0.0273972602739726
E01004494,0.10456651224354732,0.07809397749834547,0.04169424222369292
E01004495,0.0851063829787234,0.09878419452887538,0.06231003039513678
E01004496,0.09202096680256261,0.060570762958648806,0.030285381479324403
E01004497,0.10993843447669305,0.07299912049252419,0.032541776605101144
E01004498,0.09490084985835694,0.058781869688385266,0.02762039660056657
E01004499,0.10465949820788531,0.07311827956989247,0.03369175627240143
E01004500,0.09953970080552359,0.06731875719217491,0.031070195627157654
E01004501,0.1019786910197869,0.0974124809741248,0.03881278538812785
E01004502,0.14537444933920704,0.07268722466960352,0.024963289280469897
E01004503,0.12186865267433988,0.061611374407582936,0.024373730534867976
E01004504,0.16666666666666666,0.09867330016583747,0.03150912106135987
E01004505,0.13328530259365995,0.07132564841498559,0.03314121037463977
E01004506,0.11306532663316583,0.05728643216080402,0.035678391959798994
E01004507,0.1,0.05515695067264574,0.02242152466367713
E01004508,0.1052054794520548,0.05095890410958904,0.024657534246575342
E01004510,0.12845728334357714,0.05654578979717271,0.03687768899815612
E01004511,0.13437268002969563,0.05716406829992576,0.024498886414253896
E01004512,0.14745762711864407,0.07627118644067797,0.03305084745762712
E01004513,0.1043585021485574,0.09944751381215469,0.03560466543891958
E01004514,0.1292207792207792,0.05454545454545454,0.025974025974025976
E01004515,0.09577278731836196,0.07595772787318363,0.03500660501981506
E01004516,0.13623595505617977,0.09550561797752809,0.026685393258426966
E01004517,0.15848452508004268,0.09071504802561366,0.04375667022411953
E01004518,0.14377224199288255,0.100355871886121,0.044839857651245554
E01004519,0.13829787234042554,0.10851063829787234,0.04042553191489362
E01004520,0.11675579322638147,0.10249554367201426,0.0374331550802139
E01004521,0.1340012523481528,0.11709455228553538,0.031934877896055106
E01004522,0.14163090128755365,0.10515021459227468,0.04148783977110158
E01004523,0.16753536857781087,0.09084139985107967,0.049143708116157855
E01004524,0.09704060564349622,0.1321403991741225,0.05849965588437715
E01004525,0.09925093632958802,0.09113607990012484,0.031835205992509365
E01004526,0.11621621621621622,0.08445945945945946,0.02702702702702703
E01004527,0.10121168923734854,0.0684248039914469,0.02851033499643621
E01004528,0.13200589970501475,0.11578171091445427,0.05383480825958702
E01004529,0.12656072644721908,0.09534619750283768,0.02383654937570942
E01004530,0.12401574803149606,0.09055118110236221,0.026246719160104987
E01004531,0.0956768249468462,0.09355067328136074,0.025513819985825654
E01004532,0.09991532599491956,0.07281964436917866,0.028789161727349702
E01004533,0.11148648648648649,0.08277027027027027,0.04391891891891892
E01004534,0.11973121563836286,0.05436774587660354,0.02748930971288943
E01004535,0.09452363090772693,0.1350337584396099,0.08102025506376594
E01004536,0.07776126795443289,0.0946012877662209,0.04210004952947004
E01004537,0.08357348703170028,0.10605187319884726,0.069164265129683
E01004538,0.09622823984526112,0.08704061895551257,0.033365570599613155
E01004539,0.10398505603985056,0.13760896637608966,0.053549190535491904
E01004540,0.11447987454260324,0.09200209095661264,0.04391008886565604
E01004541,0.08720112517580872,0.09353023909985936,0.030942334739803096
E01004542,0.1483820047355959,0.08050513022888714,0.018153117600631413
E01004543,0.14439946018893388,0.06612685560053981,0.0155195681511471
E01004544,0.11146245059288537,0.06877470355731226,0.02608695652173913
E01004545,0.10777777777777778,0.051666666666666666,0.024444444444444446
E01004546,0.10579937304075235,0.05721003134796238,0.019592476489028215
E01004547,0.13008130081300814,0.06097560975609756,0.03739837398373984
E01004548,0.10294936004451864,0.07679465776293823,0.041736227045075125
E01004549,0.10969568294409059,0.05024769992922859,0.04246284501061571
E01004550,0.13665158371040723,0.07963800904977375,0.02081447963800905
E01004551,0.10077519379844961,0.06272022551092318,0.03453136011275546
E01004552,0.09697309417040359,0.04820627802690583,0.027466367713004484
E01004553,0.13145539906103287,0.06438631790744467,0.02079141515761234
E01004554,0.14307692307692307,0.05076923076923077,0.01769230769230769
E01004555,0.17349397590361446,0.07630522088353414,0.00963855421686747
E01004556,0.16020671834625322,0.06459948320413436,0.014642549526270457
E01004557,0.1281085154483798,0.07083647324792766,0.023360964581763375
E01004558,0.15018050541516245,0.07220216606498195,0.02454873646209386
E01004559,0.14995563442768411,0.07897071872227152,0.038154392191659274
E01004560,0.15605875152998777,0.07160342717258263,0.03427172582619339
E01004563,0.11483797612279704,0.12052302444570778,0.06878908470722
E01004564,0.09584086799276673,0.0807715491259795,0.03496081977094635
E01004565,0.1145975443383356,0.06412005457025921,0.034788540245566164
E01004566,0.12714776632302405,0.06804123711340206,0.027491408934707903
E01004567,0.0873015873015873,0.12486772486772486,0.05555555555555555
E01004568,0.08045977011494253,0.07974137931034483,0.033045977011494254
E01004569,0.12792511700468018,0.08580343213728549,0.0374414976599064
E01004570,0.1333780160857909,0.11528150134048257,0.05361930294906166
E01004571,0.12955465587044535,0.1214574898785425,0.05600539811066127
E01004572,0.13059701492537312,0.11567164179104478,0.03955223880597015
E01004573,0.15602322206095792,0.11683599419448476,0.03555878084179971
E01004574,0.09987029831387809,0.1309987029831388,0.04798962386511025
E01004575,0.08307111390811832,0.09314033983637508,0.03650094398993078
E01004576,0.13289581624282198,0.11648892534864644,0.04922067268252666
E01004577,0.12246192893401016,0.05139593908629442,0.024746192893401017
E01004579,0.1379746835443038,0.07088607594936709,0.0310126582278481
E01004580,0.10853589598643301,0.07744488411531938,0.04465799886941775
E01004581,0.13520408163265307,0.07461734693877552,0.04272959183673469
E01004582,0.14256198347107438,0.06611570247933884,0.02737603305785124
E01004583,0.14134041141340412,0.0683477106834771,0.023888520238885203
E01004584,0.08152958152958154,0.15800865800865802,0.049783549783549784
E01004585,0.10246913580246914,0.07098765432098765,0.02654320987654321
E01004586,0.11552132701421801,0.057464454976303314,0.027251184834123223
E01004587,0.1195945945945946,0.062162162162162166,0.025
E01004588,0.11348314606741573,0.052247191011235955,0.016292134831460674
E01004589,0.11736770691994572,0.05563093622795115,0.0203527815468114
E01004590,0.10088832487309644,0.09961928934010152,0.037436548223350255
E01004591,0.0927710843373494,0.07168674698795181,0.04457831325301205
E01004592,0.10782241014799154,0.06835799859055673,0.03453136011275546
E01004593,0.13230571612074501,0.0892742453436095,0.04238921001926782
E01004594,0.13511507052709726,0.07720861172976985,0.025983667409057165
E01004595,0.13302139037433156,0.07754010695187166,0.02339572192513369
E01004596,0.12951334379905807,0.08398744113029827,0.02433281004709576
E01004597,0.1278295605858855,0.08255659121171771,0.033288948069241014
E01004598,0.09141583054626533,0.06465997770345597,0.02508361204013378
E01004599,0.13504273504273503,0.07948717948717948,0.023076923076923078
E01004601,0.12373615792007703,0.07944150216658642,0.02455464612421762
E01004602,0.13829787234042554,0.059574468085106386,0.019858156028368795
E01004604,0.1588709677419355,0.06854838709677419,0.02258064516129032
E01004605,0.13793103448275862,0.07640297498309669,0.03177822853279243
E01004606,0.1464968152866242,0.055909412597310686,0.016985138004246284
E01004607,0.14888888888888888,0.05555555555555555,0.03481481481481481
E01004608,0.11202185792349727,0.06898907103825136,0.040300546448087435
E01004609,0.12847404299947562,0.06869428421604615,0.03093864708966964
E01004610,0.12110726643598616,0.09284890426758939,0.02768166089965398
E01004611,0.09291698400609291,0.06778370144706779,0.03655750190403656
E01004612,0.10196649672250546,0.07574654042243263,0.03860160233066278
E01004613,0.08806818181818182,0.10582386363636363,0.03622159090909091
E01004614,0.10495626822157435,0.09737609329446065,0.03498542274052478
E01004615,0.1044891640866873,0.0998452012383901,0.04721362229102167
E01004616,0.11582089552238806,0.08238805970149254,0.029850746268656716
E01004617,0.08708530805687204,0.08234597156398105,0.03613744075829384
E01004618,0.10094637223974763,0.05914826498422713,0.01971608832807571
E01004619,0.1669811320754717,0.06886792452830189,0.031132075471698113
E01004620,0.14948453608247422,0.08394698085419734,0.027982326951399118
E01004621,0.1433640880056778,0.0745209368346345,0.027679205110007096
E01004622,0.10529446757882213,0.05413444378346222,0.0660321237358715
E01004623,0.14175438596491227,0.08070175438596491,0.030175438596491227
E01004624,0.11923076923076924,0.07615384615384616,0.02846153846153846
E01004625,0.1746031746031746,0.09424603174603174,0.017857142857142856
E01004626,0.14323607427055704,0.06631299734748011,0.021883289124668436
E01004627,0.12711182622687048,0.0756234915526951,0.029766693483507644
E01004628,0.11287839917906618,0.07234479220112879,0.029245767060030785
E01004629,0.13040123456790123,0.08179012345679013,0.027777777777777776
E01004630,0.11143911439114391,0.12693726937269373,0.045018450184501846
E01004631,0.1349934469200524,0.09043250327653997,0.051769331585845346
E01004632,0.15378356387306755,0.06834825061025224,0.03742880390561432
E01004633,0.11764705882352941,0.13176470588235295,0.054901960784313725
E01004634,0.12853678253839934,0.08326596604688763,0.06305578011317704
E01004635,0.11510263929618768,0.08651026392961877,0.04472140762463343
E01004636,0.15332771693344566,0.12721145745577084,0.040438079191238416
E01004637,0.1564569536423841,0.08526490066225166,0.039735099337748346
E01004638,0.18059299191374664,0.09164420485175202,0.014375561545372867
E01004639,0.11903114186851212,0.08581314878892733,0.032525951557093424
E01004640,0.1323943661971831,0.07464788732394366,0.019014084507042252
E01004641,0.12324393358876118,0.09195402298850575,0.03639846743295019
E01004642,0.10959715639810426,0.11729857819905214,0.035545023696682464
E01004643,0.11546840958605664,0.07952069716775599,0.04139433551198257
E01004644,0.14285714285714285,0.1036319612590799,0.028087167070217918
E01004645,0.11117788461538461,0.09915865384615384,0.052884615384615384
E01004646,0.12091038406827881,0.061877667140825036,0.03698435277382646
E01004647,0.12144702842377261,0.06890611541774333,0.025839793281653745
E01004648,0.13971742543171115,0.059654631083202514,0.03139717425431711
E01004649,0.13487133984028393,0.05944986690328305,0.02839396628216504
E01004650,0.15440210249671485,0.0519053876478318,0.026281208935611037
E01004651,0.1,0.0391025641025641,0.023076923076923078
E01004652,0.09109449354180829,0.04962610469068661,0.04758667573079538
E01004653,0.17657342657342656,0.08741258741258741,0.04195804195804196
E01004654,0.14133456904541242,0.061631139944392954,0.033827618164967564
E01004656,0.12643020594965676,0.06350114416475973,0.041189931350114416
E01004657,0.15132178669097537,0.08113035551504102,0.0300820419325433
E01004658,0.10560344827586207,0.05459770114942529,0.041666666666666664
E01004659,0.099933818663137,0.042356055592322965,0.03309066843150232
E01004660,0.13285024154589373,0.057971014492753624,0.016908212560386472
E01004661,0.11217587373167982,0.07440811724915446,0.032130777903043965
E01004662,0.12365145228215768,0.054771784232365145,0.02987551867219917
E01004663,0.14139020537124802,0.04897314375987362,0.036334913112164295
E01004665,0.0831918505942275,0.10950764006791172,0.0636672325976231
E01004668,0.12698412698412698,0.09774436090225563,0.04427736006683375
E01004669,0.09901685393258428,0.0997191011235955,0.05056179775280899
E01004670,0.05144404332129964,0.12003610108303249,0.06814079422382671
E01004674,0.1172069825436409,0.11034912718204488,0.04800498753117207
E01004675,0.09768378650553877,0.0891238670694864,0.044310171198388724
E01004676,0.14009287925696595,0.0936532507739938,0.04489164086687306
E01004677,0.1291866028708134,0.08680792891319207,0.04101161995898838
E01004678,0.10287081339712918,0.10287081339712918,0.061004784688995214
E01004679,0.11827321111768184,0.11413364872856298,0.054405677114133646
E01004680,0.1669642857142857,0.049107142857142856,0.019642857142857142
E01004681,0.14472900536033353,0.05896366885050625,0.029779630732578916
E01004682,0.11457455770850884,0.04296545914069082,0.040438079191238416
E01004683,0.14992272024729522,0.0695517774343122,0.0285935085007728
E01004684,0.09991235758106924,0.04645048203330412,0.025416301489921123
E01004686,0.09690230341540905,0.06513105639396347,0.03733121525019857
E01004687,0.2170212765957447,0.04170212765957447,0.013617021276595745
E01004690,0.1787280701754386,0.07017543859649122,0.01425438596491228
E01004691,0.16535433070866143,0.0610236220472441,0.01673228346456693
E01004692,0.16957026713124274,0.05226480836236934,0.016260162601626018
E01004693,0.1326829268292683,0.05268292682926829,0.027317073170731707
E01004694,0.11518708730741012,0.04548789435069699,0.029347028613352897
E01004695,0.12412412412412413,0.03903903903903904,0.043043043043043044
E01004696,0.09596774193548387,0.09435483870967742,0.04516129032258064
E01004697,0.14737718567860117,0.06910907577019151,0.03413821815154038
E01004698,0.09523809523809523,0.10098522167487685,0.05008210180623974
E01004699,0.14158163265306123,0.05357142857142857,0.046556122448979595
E01004700,0.15840840840840842,0.048798798798798795,0.036036036036036036
E01004701,0.14893617021276595,0.05547112462006079,0.04939209726443769
E01004702,0.0658964484381686,0.13093709884467267,0.04236200256739409
E01004703,0.1841631673665267,0.04979004199160168,0.027594481103779243
E01004705,0.18086124401913875,0.06315789473684211,0.027751196172248804
E01004706,0.13629283489096572,0.040498442367601244,0.042834890965732085
E01004707,0.12595907928388747,0.0748081841432225,0.024936061381074168
E01004708,0.11650485436893204,0.10380881254667662,0.05526512322628827
E01004709,0.1254355400696864,0.07177700348432056,0.05156794425087108
E01004710,0.09805153991200503,0.09742300439974859,0.05845380263984915
E01004711,0.10414052697616061,0.11543287327478043,0.07214554579673776
E01004712,0.13328255902513328,0.05026656511805026,0.020563594821020565
E01004713,0.16493055555555555,0.046875,0.027777777777777776
E01004714,0.13834788448623236,0.06648757555406314,0.02216252518468771
E01004715,0.12362971985383678,0.07429963459196103,0.02984165651644336
E01004716,0.17139737991266377,0.06768558951965066,0.027292576419213975
E01004717,0.1421232876712329,0.05565068493150685,0.01797945205479452
E01004718,0.1053952321204517,0.11166875784190715,0.05332496863237139
E01004719,0.15139701104613384,0.08771929824561403,0.050032488628979854
E01004720,0.10054054054054054,0.11513513513513514,0.08594594594594594
E01004721,0.09666666666666666,0.11,0.054
E01004722,0.07314814814814814,0.12685185185185185,0.056018518518518516
E01004723,0.09617428267800213,0.089798087141339,0.06057385759829968
E01004724,0.1312462372065021,0.060204695966285374,0.029500301023479832
E01004725,0.11300448430493273,0.07085201793721974,0.051121076233183856
E01004726,0.1365211365211365,0.05128205128205128,0.03257103257103257
E01004727,0.12509197939661515,0.046357615894039736,0.02207505518763797
E01004728,0.11145272867025365,0.04996156802459646,0.02843966179861645
E01004729,0.10526315789473684,0.07017543859649122,0.031273836765827616
E01004730,0.1389324960753532,0.054945054945054944,0.0282574568288854
E01004731,0.10144927536231885,0.05351170568561873,0.026198439241917504
E01004732,0.08501314636283962,0.07975460122699386,0.06573181419807186
E01004733,0.11688311688311688,0.048701298701298704,0.024891774891774892
E01004734,0.13855799373040753,0.061442006269592474,0.047021943573667714
E01004735,0.11056105610561057,0.07315731573157316,0.03355335533553355
E01004736,0.13505747126436782,0.0617816091954023,0.010775862068965518
E01004737,0.13869346733668342,0.09849246231155778,0.04020100502512563
E01004740,0.08797909407665505,0.09581881533101046,0.05400696864111498
E01004741,0.10124333925399645,0.06127886323268206,0.04706927175843695
E01004742,0.1421188630490956,0.0611541774332472,0.034453057708871665
E01004743,0.08914728682170543,0.10232558139534884,0.04108527131782946
E01004744,0.09320695102685624,0.0703001579778831,0.04265402843601896
E01004746,0.09375,0.08823529411764706,0.06341911764705882
E01004747,0.0868020304568528,0.07715736040609138,0.04619289340101523
E01004748,0.11025886864813039,0.04793863854266539,0.02588686481303931
E01004749,0.1325115562403698,0.06522855675398048,0.029789419619928096
E01004750,0.10077519379844961,0.06906272022551092,0.035236081747709654
E01004751,0.14140127388535031,0.05222929936305733,0.024840764331210193
E01004752,0.0982940698619009,0.08123476848090982,0.04061738424045491
E01004753,0.12554112554112554,0.06988249845392702,0.026592455163883734
E01004754,0.061146496815286625,0.08853503184713375,0.04713375796178344
E01004755,0.08839242350655659,0.10296260320543954,0.04225352112676056
E01004756,0.12915407854984895,0.07930513595166164,0.04984894259818731
E01004757,0.09077269317329333,0.10427606901725431,0.05026256564141035
E01004760,0.14587593728698023,0.09406952965235174,0.09611451942740286
E01004761,0.1618705035971223,0.05935251798561151,0.025179856115107913
E01004762,0.14184397163120568,0.07304964539007092,0.024822695035460994
E01004763,0.11263157894736842,0.06,0.031578947368421054
E01004765,0.14401388085598613,0.06824754193175246,0.025448235974551765
E01032512,0.07532051282051282,0.1063034188034188,0.07211538461538461
E01032513,0.09547738693467336,0.1185929648241206,0.062311557788944726
E01032562,0.10318791946308725,0.1518456375838926,0.03859060402684564
E01032563,0.1376994122586062,0.0873215785054576,0.023509655751469353
E01032564,0.0893574297188755,0.15160642570281124,0.04317269076305221
E01032565,0.09415867480383609,0.12641673931996514,0.04010462074978204
E01032566,0.10072895957587806,0.11332007952286283,0.03578528827037773
E01032567,0.10668670172802404,0.10593538692712247,0.04132231404958678
E01032568,0.09643435980551053,0.13290113452188007,0.050243111831442464
E01032569,0.10084033613445378,0.15966386554621848,0.03666921313980138
E01032570,0.11291460832745237,0.10726887791107975,0.02328863796753705
E01032572,0.1400862068965517,0.07902298850574713,0.03879310344827586
E01032573,0.14303877940241577,0.06357279084551812,0.026064844246662427
E01032574,0.11331626120358515,0.1440460947503201,0.05761843790012804
E01032575,0.10532761788120025,0.1359461114513166,0.050826699326393145
E01032576,0.13169642857142858,0.10863095238095238,0.03273809523809524
E01032577,0.10928571428571429,0.11714285714285715,0.03857142857142857
E01032579,0.11153846153846154,0.11208791208791209,0.05549450549450549
E01032580,0.11921708185053381,0.14145907473309607,0.046263345195729534
E01032581,0.13593539703903096,0.1379542395693136,0.02826379542395693
E01032582,0.08225966303270565,0.06838453914767097,0.050049554013875126
E01032583,0.08986834573554665,0.08013737836290784,0.04235832856325129
E01032584,0.08813559322033898,0.09152542372881356,0.04745762711864407
E01032623,0.1431438127090301,0.09297658862876254,0.016053511705685617
E01032637,0.10433070866141732,0.038385826771653545,0.028543307086614175
E01032638,0.12103746397694524,0.037463976945244955,0.024015369836695485
E01032639,0.07887161773172136,0.059297639608520435,0.029936672423719057
E01032640,0.1257606490872211,0.035496957403651115,0.02028397565922921
E01032646,0.12973760932944606,0.04664723032069971,0.03498542274052478
E01032719,0.10248198558847077,0.09287429943955164,0.03923138510808647
E01032739,0.1261319534282018,0.03234152652005175,0.02910737386804657
E01032740,0.14988814317673377,0.030574198359433258,0.03355704697986577
E01032741,0.107113654946852,0.09484873262469337,0.059689288634505316
E01032742,0.10897875257025359,0.09389993145990404,0.030843043180260453
E01032743,0.13027959547888163,0.1255205234979179,0.060083283759666865
E01032744,0.11128650355169692,0.122336227308603,0.0489344909234412
E01032764,0.10262645914396887,0.06906614785992218,0.0943579766536965
E01032765,0.09274193548387097,0.09543010752688172,0.04099462365591398
E01032767,0.06857523302263649,0.0525965379494008,0.041278295605858856
E01032768,0.11418975650713686,0.06717044500419815,0.022670025188916875
E01032769,0.12279151943462897,0.11219081272084806,0.038869257950530034
E01032770,0.07195767195767196,0.06507936507936508,0.03492063492063492
E01032771,0.08272327964860908,0.06149341142020498,0.03074670571010249
E01032772,0.07684630738522955,0.08632734530938124,0.04790419161676647
E01032774,0.0873452544704264,0.0859697386519945,0.0453920220082531
E01032775,0.11077844311377245,0.05688622754491018,0.03992015968063872
E01032776,0.08131868131868132,0.06208791208791209,0.04010989010989011
E01032777,0.07390084190832553,0.07483629560336763,0.05893358278765201
E01032779,0.09913793103448276,0.06724137931034482,0.05344827586206897
E01032780,0.09024663677130045,0.052690582959641255,0.034192825112107625
E01032781,0.07925568573397657,0.07167470709855273,0.03652653342522398
E01032782,0.09259259259259259,0.07510288065843622,0.03446502057613169
E01032783,0.1,0.07699115044247788,0.05486725663716814
E01032784,0.0837272113436867,0.09588116137744768,0.039837947332883185
E01032785,0.11516414799374675,0.10474205315268369,0.040125065138092754
E01032786,0.10407993338884262,0.13238967527060783,0.051623646960865945
E01032787,0.07700258397932816,0.1235142118863049,0.05167958656330749
E01032788,0.14523449319213314,0.07488653555219364,0.0340393343419062
E01032789,0.1319796954314721,0.10152284263959391,0.049746192893401014
E01032790,0.14126807563959956,0.10344827586206896,0.054505005561735265
E01032803,0.10265878877400296,0.0568685376661743,0.02880354505169867
E01032834,0.10091743119266056,0.040774719673802244,0.02854230377166157
E01033000,0.09322033898305085,0.13097072419106318,0.053158705701078585
E01033030,0.08106116433308769,0.11201179071481208,0.05305821665438467
E01033081,0.13109756097560976,0.09451219512195122,0.04649390243902439
E01033082,0.13675213675213677,0.10351377018043685,0.06172839506172839
E01033083,0.07510599636583888,0.09448818897637795,0.043609933373712904
E01033084,0.109375,0.12771739130434784,0.04823369565217391
E01033086,0.10114702815432743,0.14077163712200208,0.045881126173096975
E01033098,0.14890800794176043,0.054268696227663796,0.03242885506287227
E01033099,0.11248454882571075,0.07478368355995056,0.032756489493201486
E01033100,0.09646494907130018,0.07609346914319952,0.05032953864589575
E01033132,0.13633834168057873,0.06789092932665554,0.047857540345019475
E01033133,0.1318267419962335,0.06685499058380415,0.02824858757062147
E01033135,0.11538461538461539,0.059251559251559255,0.029106029106029108
E01033146,0.09419014084507042,0.15580985915492956,0.04929577464788732
E01033148,0.14516129032258066,0.14635603345280765,0.045997610513739545
E01033150,0.09302325581395349,0.1515934539190353,0.07062876830318691
E01033151,0.06848030018761726,0.15196998123827393,0.038461538461538464
E01033208,0.12926509186351706,0.06955380577427822,0.031496062992125984
E01033320,0.12305295950155763,0.10358255451713395,0.06230529595015576
E01033322,0.12023460410557185,0.10948191593352884,0.044965786901270774
E01033324,0.13296616837136113,0.1125098347757671,0.042486231313926044
E01033325,0.11083944580277098,0.07497962510187449,0.04971475142624287
E01033327,0.10576414595452142,0.0898995240613432,0.07033315705975675
E01033341,0.096045197740113,0.13088512241054615,0.0800376647834275
E01033455,0.1378169790518192,0.1565600882028666,0.04961411245865491
E01033456,0.0745679012345679,0.13283950617283952,0.06123456790123457
E01033457,0.1320872274143302,0.1501557632398754,0.03364485981308411
E01033463,0.19291635267520724,0.09796533534287867,0.027882441597588545
E01033485,0.1398243045387994,0.1398243045387994,0.05929721815519766
E01033486,0.08810068649885583,0.08581235697940504,0.06521739130434782
E01033487,0.0763430725730443,0.058435438265786996,0.02827521206409048
E01033488,0.07142857142857142,0.06936813186813187,0.027472527472527472
E01033489,0.11479028697571744,0.04562178072111847,0.01913171449595291
E01033490,0.08605577689243028,0.06135458167330677,0.028685258964143426
E01033491,0.1129976580796253,0.08548009367681499,0.045081967213114756
E01033493,0.10583333333333333,0.041666666666666664,0.0225
E01033494,0.16640625,0.05390625,0.05703125
E01033569,0.12448700410396717,0.08618331053351573,0.03488372093023256
E01033570,0.12407780013413816,0.07176391683433937,0.04560697518443997
E01033571,0.11129296235679215,0.0851063829787234,0.03273322422258593
E01033579,0.10489098408956983,0.07071302298173247,0.04301708898055392
E01033580,0.1531986531986532,0.07828282828282829,0.03282828282828283
E01033581,0.14266304347826086,0.11820652173913043,0.06317934782608696
E01033582,0.18932443703085905,0.097581317764804,0.04670558798999166
E01033584,0.09691960931630353,0.1149511645379414,0.05709992486851991
E01033586,0.11154708520179372,0.0992152466367713,0.05829596412556054
E01033587,0.12718064153066966,0.1277433877321328,0.05008441193021947
E01033589,0.10657596371882086,0.11564625850340136,0.06046863189720333
E01033590,0.11071849234393404,0.14723203769140164,0.04004711425206125
E01033591,0.133575647432985,0.14584279872785097,0.04225352112676056
E01033592,0.11652402896642527,0.12969058591178406,0.037524687294272545
E01033593,0.09905660377358491,0.05997304582210242,0.03234501347708895
E01033594,0.10595065312046444,0.06748911465892599,0.02104499274310595
E01033597,0.15148063781321183,0.06378132118451026,0.04783599088838269
E01033598,0.058823529411764705,0.09083044982698962,0.037197231833910036
E01033599,0.08740601503759399,0.1174812030075188,0.07612781954887218
E01033601,0.061712846347607056,0.14609571788413098,0.039672544080604534
E01033602,0.06639676113360324,0.09392712550607288,0.055870445344129556
E01033603,0.08543165467625899,0.06564748201438848,0.040467625899280574
E01033604,0.09912536443148688,0.13411078717201166,0.05344995140913508
E01033605,0.07252747252747253,0.08717948717948718,0.05934065934065934
E01033699,0.16470588235294117,0.07529411764705882,0.03607843137254902
E01033700,0.13066666666666665,0.06444444444444444,0.042222222222222223
E01033702,0.12464589235127478,0.1510859301227573,0.039660056657223795
E01033703,0.1513647642679901,0.11331679073614558,0.03887510339123242
E01033704,0.1788111217641419,0.07670182166826463,0.05129434324065196
E01033705,0.09911504424778761,0.11858407079646018,0.05575221238938053
E01033706,0.12807148175725985,0.055100521221146684,0.039463886820551006
E01033708,0.13340807174887892,0.043161434977578475,0.023542600896860985
E01033709,0.1033810143042913,0.09427828348504551,0.045513654096228866
E01033710,0.14142538975501115,0.111358574610245,0.05456570155902005
E01033711,0.08621636463481604,0.039538714991762765,0.02800658978583196
E01033712,0.15552099533437014,0.09020217729393468,0.04510108864696734
E01033713,0.16301489921121823,0.08326029798422437,0.042068361086765996
E01033727,0.07386848847139198,0.07087959009393681,0.04611443210930828
E01033728,0.11787564766839378,0.06606217616580311,0.025906735751295335
E01033729,0.07313432835820896,0.0781094527363184,0.045771144278606964
E01033732,0.09931506849315068,0.09018264840182648,0.033105022831050226
E01033734,0.11083944580277098,0.07986960065199673,0.05297473512632437
E01033735,0.12173913043478261,0.10821256038647344,0.05603864734299517
E01033736,0.12878048780487805,0.06195121951219512,0.03804878048780488
E01033737,0.08914728682170543,0.1330749354005168,0.05490956072351421
E01033738,0.12392880685563612,0.08371786420566908,0.05669083717864205
E01033739,0.13875598086124402,0.11642743221690591,0.08213716108452951
E01033740,0.11824324324324324,0.10726351351351351,0.057432432432432436
E01033741,0.09348692955250332,0.09481612760301285,0.07797961896322551
E01033742,0.13568773234200743,0.10130111524163568,0.04553903345724907
E01033743,0.10694050991501416,0.1274787535410765,0.0679886685552408
E01033744,0.11835205992509364,0.1295880149812734,0.0651685393258427
E01033745,0.1189358372456964,0.1267605633802817,0.04616588419405321
E01033746,0.11857379767827529,0.06633499170812604,0.020729684908789386
E01033784,0.12962962962962962,0.11916264090177134,0.027375201288244767
E01033785,0.12522686025408347,0.08892921960072596,0.029038112522686024
E01033786,0.11585365853658537,0.10772357723577236,0.04065040650406504
E01033787,0.08608058608058608,0.10073260073260074,0.05128205128205128
E01033788,0.10853355426677713,0.1052195526097763,0.04888152444076222
E01033789,0.10184442662389735,0.09623095429029671,0.03688853247794707
E01033790,0.0893909626719057,0.12475442043222004,0.04518664047151277
E01033791,0.07936507936507936,0.11671335200746966,0.040149393090569564
E01033792,0.09489704565801253,0.10922112802148612,0.017905102954341987
E01033862,0.11544461778471139,0.0530421216848674,0.02418096723868955
E01033863,0.09955555555555555,0.10666666666666667,0.060444444444444446
E01033864,0.10033821871476889,0.11724915445321307,0.0552423900789177
E01033865,0.08379501385041552,0.038781163434903045,0.028393351800554016
E01033866,0.08604206500956023,0.0372848948374761,0.022944550669216062
E01033867,0.06857142857142857,0.06285714285714286,0.03857142857142857
E01033868,0.06006006006006006,0.025525525525525526,0.01951951951951952
E01033869,0.10142348754448399,0.10053380782918149,0.04448398576512456
E01033870,0.10492227979274611,0.08484455958549222,0.025259067357512953
E01033871,0.09305993690851735,0.07176656151419558,0.051261829652996846
E01033872,0.11586452762923351,0.07130124777183601,0.044563279857397504
E01033873,0.0788211103495545,0.12063056888279644,0.0520904729266621
E01033874,0.05550416281221091,0.034227567067530065,0.020351526364477335
E01033875,0.08744186046511628,0.07906976744186046,0.04279069767441861
E01033876,0.09083044982698962,0.06487889273356401,0.029411764705882353
E01033877,0.10478359908883828,0.10022779043280182,0.04935459377372817
E01033878,0.0811111111111111,0.14333333333333334,0.06666666666666667
E01033879,0.07252514557967178,0.15352038115404976,0.07940709370037057
E01033880,0.12463599301106582,0.2708211997670355,0.09493302271403611
E01033881,0.07264397905759162,0.1119109947643979,0.05759162303664921
E01033882,0.10302534750613246,0.116107931316435,0.04088307440719542
E01033883,0.07401812688821752,0.11782477341389729,0.05664652567975831
E01033884,0.0920920920920921,0.05305305305305305,0.04704704704704705
E01033885,0.08495575221238938,0.09911504424778761,0.046902654867256637
E01033911,0.15705765407554673,0.10669317428760769,0.031146454605699137
E01033912,0.13661636219221604,0.08737092930897537,0.030182684670373314
E01033913,0.12695652173913044,0.11304347826086956,0.06608695652173913
E01033914,0.12462908011869436,0.14094955489614244,0.04376854599406528
E01033915,0.1125,0.10576923076923077,0.06346153846153846
E01033916,0.1497289972899729,0.09417344173441734,0.044715447154471545
E01033917,0.13032984714400644,0.08769106999195495,0.06757843925985518
E01033918,0.08598962194217939,0.06745737583395107,0.0385470719051149
E01033919,0.11676909569798069,0.07374890254609306,0.05179982440737489
E01033920,0.12647289866457187,0.08562450903377848,0.03613511390416339
E01033921,0.11640625,0.1265625,0.0390625
E01033922,0.14044117647058824,0.08602941176470588,0.03602941176470588
E01033923,0.12727272727272726,0.11983471074380166,0.043801652892561986
E01033924,0.13003355704697986,0.12332214765100671,0.06208053691275168
E01033925,0.1433666191155492,0.0920114122681883,0.034236804564907276
E01033926,0.09220985691573927,0.14573396926338103,0.06253312135665076
E01033927,0.1592851592851593,0.14996114996114995,0.059052059052059055
E01033928,0.17118802619270346,0.10102899906454631,0.04303086997193639
E01033929,0.0903954802259887,0.09792843691148775,0.0423728813559322
E01033930,0.13793103448275862,0.11385816525699415,0.05204944697462589
E01033931,0.11553030303030302,0.11079545454545454,0.03598484848484849
E01033932,0.10627306273062731,0.11512915129151291,0.06273062730627306
E01033933,0.10373066424021839,0.09008189262966333,0.0373066424021838
E01033934,0.136986301369863,0.10797743755036261,0.0362610797743755
E01033935,0.12829957028852057,0.12645794966236956,0.05463474524248005
E01033936,0.06,0.12,0.05333333333333334
E01033937,0.10226049515608181,0.14531754574811626,0.06673842841765339
E01033938,0.07403651115618662,0.09533468559837728,0.0436105476673428
E01033939,0.12491513917175831,0.10183299389002037,0.04480651731160896
E01033940,0.052206929283341245,0.03559563360227812,0.03274798291409587
E01033941,0.09215844785772029,0.07679870654810024,0.068714632174616
E01033942,0.057692307692307696,0.03983516483516483,0.032280219780219783
E01033943,0.1577736890524379,0.08417663293468261,0.037258509659613616
E01033944,0.06582155046318869,0.09946367625548513,0.0424183325207216
E01033945,0.10806174957118353,0.10034305317324185,0.04030874785591767
E01033946,0.11965065502183406,0.09170305676855896,0.04017467248908297
E01034026,0.039578947368421054,0.035789473684210524,0.018526315789473686
E01034027,0.09023941068139964,0.09806629834254144,0.035451197053407
E01034028,0.1534090909090909,0.0946969696969697,0.05303030303030303
E01034029,0.0946051602814699,0.0836591086786552,0.040656763096168884
E01034030,0.11967921036397286,0.07217766810610735,0.04133251079580506
E01034031,0.08141762452107279,0.05747126436781609,0.022988505747126436
E01034032,0.15761234071093225,0.07847082494969819,0.035546613011401745
E01034033,0.15202702702702703,0.08243243243243244,0.030405405405405407
E01034034,0.12311358220810167,0.10007942811755362,0.04686258935663225
E01034035,0.1504424778761062,0.10699919549477072,0.029766693483507644
E01034036,0.08654545454545455,0.14763636363636365,0.05672727272727273
E01034037,0.10174216027874565,0.11428571428571428,0.04390243902439024
E01034038,0.09290030211480363,0.11329305135951662,0.0445619335347432
E01034039,0.07830342577487764,0.16150081566068517,0.049755301794453505
E01034040,0.11882716049382716,0.12731481481481483,0.07253086419753087
E01034041,0.12886597938144329,0.13831615120274915,0.058419243986254296
E01034042,0.07492195629552549,0.10926118626430802,0.06659729448491156
E01034043,0.13333333333333333,0.08859649122807017,0.04298245614035088
E01034044,0.13537549407114624,0.07608695652173914,0.03458498023715415
E01034045,0.10429447852760736,0.1138377641445126,0.04294478527607362
E01034046,0.09543010752688172,0.12365591397849462,0.049059139784946235
E01034139,0.10959885386819485,0.14398280802292263,0.050143266475644696
E01034140,0.12118018967334036,0.1475237091675448,0.05690200210748156
E01034141,0.11981566820276497,0.12073732718894009,0.05161290322580645
E01034142,0.11505190311418685,0.0986159169550173,0.03806228373702422
E01034143,0.07823741007194245,0.07553956834532374,0.08902877697841727
E01034144,0.10710900473933649,0.13175355450236967,0.031279620853080566
E01034145,0.10609037328094302,0.13654223968565815,0.03831041257367387
E01034146,0.09500959692898273,0.13339731285988485,0.05182341650671785
E01034147,0.09765625,0.083984375,0.052734375
E01034148,0.09449354180829368,0.07273963290278722,0.04962610469068661
E01034149,0.10833806012478729,0.0952921157118548,0.047078842881452074
E01034150,0.11369990680335508,0.10810810810810811,0.03821062441752097
E01034151,0.09969788519637462,0.1067472306143001,0.06646525679758308
E01034152,0.1050080775444265,0.1284329563812601,0.05492730210016155
E01034153,0.11683532658693652,0.11959521619135234,0.03403863845446182
E01034154,0.09712837837837837,0.09797297297297297,0.028716216216216218
E01034155,0.11689145793192036,0.10789980732177264,0.03789338471419396
E01034156,0.09186351706036745,0.09011373578302712,0.051618547681539804
E01034173,0.07271468144044321,0.12326869806094183,0.05609418282548476
E01034174,0.12657004830917876,0.051207729468599035,0.034782608695652174
E01034175,0.1265377855887522,0.048330404217926184,0.04657293497363796
E01034176,0.11208515967438948,0.12711333750782716,0.042579837194740136
E01034177,0.10153102336825141,0.0958904109589041,0.0531829170024174
E01034178,0.07753050969131371,0.0674802584350323,0.033022254127781765
E01034179,0.08068459657701711,0.08312958435207823,0.03341483292583537
E01034180,0.08213552361396304,0.1273100616016427,0.054414784394250515
E01034181,0.06624605678233439,0.0416403785488959,0.024605678233438486
E01034182,0.09300411522633745,0.056790123456790124,0.0411522633744856
E01034183,0.07901234567901234,0.06748971193415639,0.030452674897119343
E01034184,0.08080808080808081,0.08080808080808081,0.046464646464646465
E01034185,0.1293774319066148,0.07879377431906615,0.0311284046692607
E01034186,0.11731843575418995,0.053471667996807665,0.0335195530726257
E01034187,0.07664562669071236,0.07123534715960325,0.056807935076645624
E01034188,0.08514335360556038,0.0686359687228497,0.03388357949609035
E01034189,0.07142857142857142,0.04207436399217221,0.03424657534246575
E01034190,0.1037037037037037,0.12,0.04518518518518518
E01034191,0.08944281524926687,0.06158357771260997,0.045454545454545456
E01034192,0.116132422490804,0.08723068838675775,0.03047819232790331
E01034193,0.09045226130653267,0.07872696817420435,0.035175879396984924
E01034194,0.09338168631006347,0.06799637352674524,0.03173164097914778
E01034195,0.05593719332679097,0.07163886162904809,0.03532875368007851
E01034196,0.11007462686567164,0.06623134328358209,0.03544776119402985
E01034198,0.11428571428571428,0.11752021563342319,0.04043126684636118
E01034199,0.11302549965541006,0.12405237767057202,0.06891798759476224
E01034200,0.08879184861717612,0.07059679767103348,0.05240174672489083
E01034201,0.12582781456953643,0.1665089877010407,0.033112582781456956
E01034202,0.16106333072713058,0.1485535574667709,0.04691164972634871
E01034203,0.10261194029850747,0.1287313432835821,0.03917910447761194
E01034204,0.1509686038744155,0.13226452905811623,0.04876419505678023
E01034205,0.18565400843881857,0.14852320675105485,0.05147679324894515
E01034206,0.10758122743682311,0.11696750902527075,0.04693140794223827
E01034207,0.12764291307752546,0.07126076742364917,0.03210649960845732
E01034208,0.09332425068119891,0.12942779291553133,0.060626702997275204
E01034209,0.09877488514548238,0.05742725880551302,0.02986217457886677
E01034210,0.09226190476190477,0.0744047619047619,0.04017857142857143
E01034211,0.11102886750555144,0.04885270170244264,0.03997039230199852
E01034212,0.11052937754508435,0.041884816753926704,0.035485747527632346
E01034213,0.08526551982049364,0.09050112191473449,0.04263275991024682
E01034214,0.07022677395757132,0.051207022677395755,0.027798098024871983
E01034215,0.08237105465742879,0.06543494996150885,0.036181678214010776
E01034216,0.07852675469075747,0.06323835997220292,0.03335649756775538
E01034217,0.06699081577525662,0.039978390059427334,0.030253916801728797
E01034218,0.11352821210061183,0.11080897348742352,0.04826648538409246
E01034219,0.05188387893761581,0.056207535515750466,0.021618282890673256
E01034220,0.08798646362098139,0.0338409475465313,0.023688663282571912
E01034221,0.07388204795852236,0.0829552819183409,0.049902786779001944
E01034222,0.07838660578386605,0.09512937595129375,0.05403348554033485
E01034223,0.07475083056478406,0.07890365448504984,0.0473421926910299
E01034224,0.10167029774872913,0.1270878721859114,0.0718954248366013
E01034225,0.0967741935483871,0.11166253101736973,0.04714640198511166
E01034226,0.10311958405545928,0.09185441941074524,0.04852686308492201
E01034227,0.0834862385321101,0.12844036697247707,0.03944954128440367
E01034228,0.10197086546700942,0.05312767780634105,0.04027420736932305
E01034229,0.11286307053941909,0.08962655601659751,0.03983402489626556
E01034230,0.07731958762886598,0.05240549828178694,0.036941580756013746
E01034231,0.11694915254237288,0.04152542372881356,0.043220338983050846
E01034383,0.12199630314232902,0.1044362292051756,0.041589648798521256
E01034384,0.11645813282001925,0.09720885466794996,0.04523580365736285
E01034385,0.12941176470588237,0.10588235294117647,0.030252100840336135
E01034386,0.09492481203007519,0.06578947368421052,0.043233082706766915
E01034387,0.08089734874235215,0.04962610469068661,0.019034670292318152
E01034388,0.06233538191395961,0.06409130816505706,0.03511852502194908
E01034389,0.07347538574577517,0.09992652461425422,0.05216752387950037
E01034390,0.10526315789473684,0.08388157894736842,0.03536184210526316
E01034391,0.11959087332808813,0.0991345397324941,0.03697875688434304
E01034392,0.08310626702997276,0.10490463215258855,0.052452316076294275
E01034393,0.09090909090909091,0.05083088954056696,0.039100684261974585
E01034394,0.08326029798422437,0.05258545135845749,0.04294478527607362
E01034395,0.07413127413127413,0.12432432432432433,0.061003861003861
E01034469,0.13111888111888112,0.12062937062937062,0.03496503496503497
E01034470,0.13,0.14181818181818182,0.04818181818181818
E01034471,0.11615628299894404,0.13357972544878563,0.03748680042238648
E01034472,0.14890282131661442,0.15987460815047022,0.04075235109717868
E01034473,0.13297872340425532,0.12872340425531914,0.047872340425531915
E01034474,0.10176721511273613,0.11212675198049969,0.05971968312004875
E01034475,0.12903225806451613,0.11182795698924732,0.055197132616487454
E01034476,0.11717495987158909,0.13723916532905298,0.05537720706260032
E01034477,0.1276595744680851,0.16188714153561518,0.056429232192414434
E01034478,0.13736903376018628,0.10244470314318975,0.046565774155995346
E01034479,0.10294117647058823,0.14772727272727273,0.04679144385026738
E01034480,0.10585817060637205,0.1510791366906475,0.047276464542651594
E01034481,0.10873015873015873,0.10952380952380952,0.04206349206349207
E01034482,0.07477820025348543,0.09885931558935361,0.043092522179974654
E01034483,0.07415036045314109,0.12873326467559218,0.05046343975283213
E01034484,0.13448534936138243,0.11570247933884298,0.05259203606311044
E01034485,0.1825726141078838,0.09602845287492591,0.04267931238885596
E01034486,0.0915032679738562,0.03333333333333333,0.022222222222222223
E01034487,0.12538540596094552,0.13257965056526208,0.06885919835560124
E01034488,0.09634317862165963,0.1209563994374121,0.04852320675105485
E01034576,0.10905550146056475,0.0798442064264849,0.03700097370983447
E01034577,0.09418282548476455,0.07940904893813482,0.04801477377654663
E01034578,0.13663133097762073,0.09305064782096584,0.02944640753828033
E01034579,0.08516129032258064,0.08193548387096775,0.03354838709677419
E01034580,0.11485451761102604,0.07274119448698316,0.039816232771822356
E01034581,0.11544461778471139,0.07956318252730109,0.031981279251170044
E01034589,0.14025500910746813,0.12507589556769885,0.024286581663630843
E01034590,0.13994439295644115,0.07877664504170528,0.04448563484708063
E01034591,0.1906116642958748,0.1379800853485064,0.029871977240398292
E01034592,0.1140724946695096,0.11087420042643924,0.04051172707889126
E01034593,0.11645569620253164,0.11392405063291139,0.03291139240506329
E01034594,0.15104166666666666,0.10590277777777778,0.028645833333333332
E01034595,0.13623725671918444,0.10750695088044486,0.04911955514365153
E01034596,0.08137254901960785,0.0803921568627451,0.041176470588235294
E01034597,0.06700593723494487,0.08142493638676845,0.04495335029686175
E01034598,0.09343200740055504,0.06290471785383904,0.04717853839037928
E01034599,0.11949215832710978,0.11874533233756535,0.05675877520537715
E01034600,0.1135752688172043,0.13306451612903225,0.04502688172043011
E01034601,0.0867992766726944,0.10849909584086799,0.045207956600361664
E01034602,0.1009657594381036,0.08340649692712906,0.056189640035118525
E01034603,0.1086105675146771,0.09099804305283757,0.026418786692759294
E01034604,0.08974358974358974,0.09829059829059829,0.04957264957264957
E01034605,0.10665597433841219,0.09302325581395349,0.03207698476343224
E01034606,0.03643892339544513,0.04720496894409938,0.01780538302277433
E01034607,0.05567010309278351,0.07268041237113403,0.021134020618556702
E01034608,0.10278840896664844,0.09732094040459267,0.045379989065062874
E01034609,0.08149632598530394,0.11022044088176353,0.05811623246492986
E01034610,0.09069946195234435,0.11452728670253651,0.04688700999231361
E01034611,0.11517761033369214,0.12594187298170076,0.03444564047362755
E01034612,0.09007912355447352,0.1199026171637249,0.06086427267194157
E01034613,0.09234507897934387,0.10206561360874848,0.0583232077764277
E01034614,0.09178743961352658,0.09316770186335403,0.05728088336783989
E01034615,0.10529634300126103,0.1210592686002522,0.0403530895334174
E01034616,0.09624796084828711,0.09135399673735727,0.0636215334420881
E01034617,0.09340659340659341,0.13681318681318683,0.03901098901098901
E01035484,0.08273145108338804,0.08207485226526592,0.03545633617859488
E01035485,0.06986027944111776,0.07285429141716566,0.03992015968063872
E01035486,0.13918918918918918,0.06891891891891892,0.04932432432432433
E01035487,0.10570342205323194,0.09961977186311786,0.05171102661596958
E01035488,0.1555221637866266,0.06235912847483095,0.03005259203606311
E01035489,0.11650485436893204,0.05383936451897617,0.03089143865842895
E01035490,0.14517218095881163,0.07292370020256583,0.02633355840648211
E01035491,0.11743772241992882,0.0400355871886121,0.02491103202846975
E01035492,0.11472011057360056,0.05459571527297857,0.019350380096751902
E01035493,0.0910958904109589,0.06506849315068493,0.043835616438356165
E01035494,0.09769417475728155,0.05643203883495146,0.027305825242718445
E01035495,0.07948969578017664,0.1521099116781158,0.06182531894013739
E01035496,0.13651877133105803,0.030716723549488054,0.03839590443686007
E01035497,0.10093299406276506,0.08651399491094147,0.04664970313825276
E01035498,0.10863509749303621,0.04178272980501393,0.028783658310120707
E01035499,0.10144927536231885,0.10831426392067124,0.06407322654462243
E01035638,0.07256524506683641,0.08020369191597708,0.03437301082113304
E01035639,0.09260539046302695,0.08638562543192813,0.051831375259156875
E01035640,0.1598326359832636,0.10460251046025104,0.052719665271966525
E01035641,0.12045270816491511,0.07679870654810024,0.060630557801131774
E01035642,0.13575525812619502,0.07265774378585087,0.03123008285532186
E01035643,0.13671599718111346,0.08456659619450317,0.046511627906976744
E01035644,0.12323612417685795,0.06773283160865474,0.03574788334901223
E01035645,0.11945701357466064,0.11312217194570136,0.05429864253393665
E01035646,0.10887397464578673,0.0738255033557047,0.04548844146159582
E01035647,0.15483234714003946,0.04142011834319527,0.023668639053254437
E01035648,0.09750390015600624,0.09906396255850235,0.0499219968798752
E01035649,0.1020746887966805,0.08049792531120332,0.03402489626556016
E01035650,0.13882618510158012,0.06941309255079006,0.04909706546275395
E01035651,0.122007722007722,0.08185328185328185,0.040926640926640924
E01035652,0.155955441302485,0.0728363324764353,0.05398457583547558
E01035653,0.09263657957244656,0.04513064133016627,0.028503562945368172
E01035654,0.13058419243986255,0.10652920962199312,0.041237113402061855
E01035655,0.12005457025920874,0.08594815825375171,0.045702592087312414
E01035656,0.08692247454972592,0.05716523101018011,0.0274079874706343
E01035657,0.16509926854754442,0.0522466039707419,0.0219435736677116
E01035658,0.09532710280373832,0.04018691588785047,0.025233644859813085
E01035659,0.08887171561051005,0.11282843894899536,0.04559505409582689
E01035660,0.11877076411960133,0.09883720930232558,0.04401993355481727
E01035661,0.10939907550077041,0.09090909090909091,0.04930662557781202
E01035662,0.17264150943396225,0.04339622641509434,0.031132075471698113
E01035663,0.11519845111326234,0.08809293320425944,0.041626331074540175
E01035664,0.15878378378378377,0.08108108108108109,0.045366795366795366
E01035665,0.08408903544929926,0.06924979389942292,0.03957131079967024
E01035666,0.07165913492575855,0.1291155584247902,0.045836023240800515
E01035667,0.06188281764318631,0.12969058591178406,0.05727452271231073
E01035668,0.09623893805309734,0.07853982300884955,0.04424778761061947
E01035669,0.11395540875309662,0.0726672171758877,0.04376548307184145
E01035670,0.04054414510536143,0.08055481461723127,0.03254201120298746
E01035671,0.06167904054825814,0.08680753854940035,0.06167904054825814
E01035672,0.07227813357731015,0.12900274473924978,0.05763952424519671
E01035673,0.07158119658119658,0.07799145299145299,0.050213675213675216
E01035674,0.0742397137745975,0.09212880143112702,0.050983899821109124
E01035675,0.07515233581584292,0.10426540284360189,0.06364251861882193
E01035676,0.07502131287297528,0.12702472293265132,0.07757885763000852
E01035677,0.06491372226787182,0.10517666392769104,0.06409202958093672
E01035678,0.10170603674540682,0.09514435695538058,0.03608923884514436
E01035679,0.07929176289453425,0.10854503464203233,0.057736720554272515
E01035680,0.08428860418071477,0.10316925151719487,0.033715441672285906
E01035681,0.06528765352294764,0.1363930187459599,0.06270200387847447
E01035682,0.06416131989000917,0.1145737855178735,0.04124656278643447
E01035683,0.04871060171919771,0.10458452722063037,0.044412607449856735
E01035684,0.08132780082987552,0.1037344398340249,0.04398340248962656
E01035685,0.07902439024390244,0.12292682926829268,0.05170731707317073
E01035686,0.06883217324052592,0.08739365815931942,0.04949729311678268
E01035687,0.06013513513513514,0.07905405405405405,0.02027027027027027
E01035688,0.05037440435670524,0.04288631722260041,0.01701837985023826
E01035689,0.0688378978534419,0.08734270910436713,0.03182827535159141
E01035690,0.06853932584269663,0.07865168539325842,0.03202247191011236
E01035691,0.13090257023311416,0.0657501494321578,0.024506873879258817
E01035692,0.07776838546069316,0.0989010989010989,0.04649196956889264
E01035693,0.0816,0.0928,0.04
E01035694,0.07398568019093078,0.13544152744630072,0.05847255369928401
E01035695,0.11137254901960784,0.14352941176470588,0.05803921568627451
E01035696,0.08682926829268292,0.0624390243902439,0.04
E01035697,0.08683666436940041,0.0771881461061337,0.03445899379738112
E01035698,0.0973111395646607,0.04865556978233035,0.046094750320102434
E01035699,0.06236860546601261,0.09600560616678346,0.04835318850735809
E01035700,0.09008189262966333,0.04094631483166515,0.056414922656960874
E01035701,0.08199643493761141,0.026737967914438502,0.0392156862745098
E01035702,0.09189640768588136,0.1060985797827903,0.07685881370091896
E01035703,0.05392620624408704,0.017029328287606435,0.0293282876064333
E01035704,0.05489923558026407,0.07088255733148019,0.04794996525364837
E01035705,0.1053082191780822,0.10787671232876712,0.0625
E01035706,0.09048067860508954,0.05937794533459001,0.04806786050895382
E01035707,0.18051708217913204,0.06694367497691597,0.039242843951985226
E01035708,0.08194774346793349,0.04928741092636579,0.03681710213776722
E01035709,0.07006369426751592,0.11385350318471338,0.050955414012738856
E01035710,0.06822344322344322,0.08836996336996338,0.046703296703296704
E01035711,0.05017605633802817,0.0409330985915493,0.027288732394366196
E01035712,0.06207521522428636,0.057091073855913006,0.03987313094698686
E01035713,0.16238317757009346,0.06425233644859812,0.03212616822429906
E01035714,0.1629086809470124,0.043968432919954906,0.02536640360766629
E01035715,0.1632571199358203,0.08624147613317289,0.026474127557160047
E01035716,0.1329019412643106,0.06470881035340965,0.03285216525634644
E01035717,0.14754098360655737,0.08196721311475409,0.05327868852459016
E01035718,0.0953619419159081,0.026441265713047248,0.011270047680970958
E01035719,0.10990009082652134,0.07266121707538602,0.04268846503178928
E01035720,0.10630291627469426,0.09501411100658513,0.036688617121354655
E01035721,0.1193069306930693,0.07079207920792079,0.053465346534653464
E01035722,0.13347570742124934,0.05125467164975974,0.02562733582487987
