LSOA21CD,MSOA21CD,LAD22CD,LAD22NM,MSOA11CD,CHNGIND
E01000001,E02000001,E09000001,City of London,E02000001,U
E01000002,E02000001,E09000001,City of London,E02000001,U
E01000003,E02000001,E09000001,City of London,E02000001,U
E01000005,E02000001,E09000001,City of London,E02000001,U
E01000006,E02000017,E09000002,Barking and Dagenham,E02000017,U
E01000007,E02000016,E09000002,Barking and Dagenham,E02000016,U
E01000008,E02000016,E09000002,Barking and Dagenham,E02000016,U
E01000009,E02000017,E09000002,Barking and Dagenham,E02000017,U
E01000011,E02000017,E09000002,Barking and Dagenham,E02000017,U
E01000012,E02000016,E09000002,Barking and Dagenham,E02000016,U
E01000013,E02000014,E09000002,Barking and Dagenham,E02000014,U
E01000014,E02000014,E09000002,Barking and Dagenham,E02000014,U
E01000015,E02000010,E09000002,Barking and Dagenham,E02000010,U
E01000016,E02000010,E09000002,Barking and Dagenham,E02000010,U
E01000017,E02000010,E09000002,Barking and Dagenham,E02000010,U
E01000018,E02000010,E09000002,Barking and Dagenham,E02000010,U
E01000019,E02006799,E09000002,Barking and Dagenham,E02006799,U
E01000020,E02006799,E09000002,Barking and Dagenham,E02006799,U
E01000021,E02000009,E09000002,Barking and Dagenham,E02000009,U
E01000022,E02000009,E09000002,Barking and Dagenham,E02000009,U
E01000024,E02000009,E09000002,Barking and Dagenham,E02000009,U
E01000025,E02000009,E09000002,Barking and Dagenham,E02000009,U
E01000027,E02000002,E09000002,Barking and Dagenham,E02000002,U
E01000028,E02000002,E09000002,Barking and Dagenham,E02000002,U
E01000029,E02000002,E09000002,Barking and Dagenham,E02000002,U
E01000030,E02000002,E09000002,Barking and Dagenham,E02000002,U
E01000031,E02000003,E09000002,Barking and Dagenham,E02000003,U
E01000032,E02000003,E09000002,Barking and Dagenham,E02000003,U
E01000033,E02000007,E09000002,Barking and Dagenham,E02000007,U
E01000034,E02000004,E09000002,Barking and Dagenham,E02000004,U
E01000035,E02000011,E09000002,Barking and Dagenham,E02000011,U
E01000036,E02000011,E09000002,Barking and Dagenham,E02000011,U
E01000037,E02000004,E09000002,Barking and Dagenham,E02000004,U
E01000038,E02000004,E09000002,Barking and Dagenham,E02000004,U
E01000039,E02000004,E09000002,Barking and Dagenham,E02000004,U
E01000040,E02000020,E09000002,Barking and Dagenham,E02000020,U
E01000041,E02000018,E09000002,Barking and Dagenham,E02000018,U
E01000042,E02000018,E09000002,Barking and Dagenham,E02000018,U
E01000043,E02000020,E09000002,Barking and Dagenham,E02000020,U
E01000044,E02000017,E09000002,Barking and Dagenham,E02000017,U
E01000045,E02000018,E09000002,Barking and Dagenham,E02000018,U
E01000046,E02000018,E09000002,Barking and Dagenham,E02000018,U
E01000049,E02000022,E09000002,Barking and Dagenham,E02000022,U
E01000050,E02000020,E09000002,Barking and Dagenham,E02000020,U
E01000051,E02000022,E09000002,Barking and Dagenham,E02000022,U
E01000052,E02000020,E09000002,Barking and Dagenham,E02000020,U
E01000053,E02000021,E09000002,Barking and Dagenham,E02000021,U
E01000054,E02000019,E09000002,Barking and Dagenham,E02000019,U
E01000055,E02000019,E09000002,Barking and Dagenham,E02000019,U
E01000056,E02000019,E09000002,Barking and Dagenham,E02000019,U
E01000057,E02000013,E09000002,Barking and Dagenham,E02000013,U
E01000058,E02000019,E09000002,Barking and Dagenham,E02000019,U
E01000059,E02000014,E09000002,Barking and Dagenham,E02000014,U
E01000060,E02000007,E09000002,Barking and Dagenham,E02000007,U
E01000061,E02000007,E09000002,Barking and Dagenham,E02000007,U
E01000062,E02000007,E09000002,Barking and Dagenham,E02000007,U
E01000063,E02000005,E09000002,Barking and Dagenham,E02000005,U
E01000064,E02000007,E09000002,Barking and Dagenham,E02000007,U
E01000065,E02000008,E09000002,Barking and Dagenham,E02000008,U
E01000066,E02000012,E09000002,Barking and Dagenham,E02000012,U
E01000067,E02000012,E09000002,Barking and Dagenham,E02000012,U
E01000068,E02000017,E09000002,Barking and Dagenham,E02000017,U
E01000069,E02000012,E09000002,Barking and Dagenham,E02000012,U
E01000070,E02000012,E09000002,Barking and Dagenham,E02000012,U
E01000071,E02000012,E09000002,Barking and Dagenham,E02000012,U
E01000072,E02000018,E09000002,Barking and Dagenham,E02000018,U
E01000073,E02000013,E09000002,Barking and Dagenham,E02000013,U
E01000074,E02000013,E09000002,Barking and Dagenham,E02000013,U
E01000075,E02000013,E09000002,Barking and Dagenham,E02000013,U
E01000076,E02000013,E09000002,Barking and Dagenham,E02000013,U
E01000077,E02000009,E09000002,Barking and Dagenham,E02000009,U
E01000078,E02000008,E09000002,Barking and Dagenham,E02000008,U
E01000079,E02000010,E09000002,Barking and Dagenham,E02000010,U
E01000080,E02000008,E09000002,Barking and Dagenham,E02000008,U
E01000081,E02000008,E09000002,Barking and Dagenham,E02000008,U
E01000082,E02000008,E09000002,Barking and Dagenham,E02000008,U
E01000083,E02000008,E09000002,Barking and Dagenham,E02000008,U
E01000084,E02000014,E09000002,Barking and Dagenham,E02000014,U
E01000085,E02000014,E09000002,Barking and Dagenham,E02000014,U
E01000086,E02000014,E09000002,Barking and Dagenham,E02000014,U
E01000087,E02000021,E09000002,Barking and Dagenham,E02000021,U
E01000088,E02000021,E09000002,Barking and Dagenham,E02000021,U
E01000089,E02000021,E09000002,Barking and Dagenham,E02000021,U
E01000090,E02000021,E09000002,Barking and Dagenham,E02000021,U
E01000091,E02000023,E09000002,Barking and Dagenham,E02000023,U
E01000093,E02000023,E09000002,Barking and Dagenham,E02000023,U
E01000094,E02000023,E09000002,Barking and Dagenham,E02000023,U
E01000095,E02000019,E09000002,Barking and Dagenham,E02000019,U
E01000096,E02000023,E09000002,Barking and Dagenham,E02000023,U
E01000097,E02006799,E09000002,Barking and Dagenham,E02006799,U
E01000098,E02006799,E09000002,Barking and Dagenham,E02006799,U
E01000099,E02006799,E09000002,Barking and Dagenham,E02006799,U
E01000100,E02000005,E09000002,Barking and Dagenham,E02000005,U
E01000101,E02000005,E09000002,Barking and Dagenham,E02000005,U
E01000102,E02000008,E09000002,Barking and Dagenham,E02000008,U
E01000103,E02000015,E09000002,Barking and Dagenham,E02000015,U
E01000104,E02000015,E09000002,Barking and Dagenham,E02000015,U
E01000105,E02000015,E09000002,Barking and Dagenham,E02000015,U
E01000106,E02000015,E09000002,Barking and Dagenham,E02000015,U
E01000107,E02000011,E09000002,Barking and Dagenham,E02000011,U
E01000108,E02000011,E09000002,Barking and Dagenham,E02000011,U
E01000110,E02000003,E09000002,Barking and Dagenham,E02000003,U
E01000111,E02000003,E09000002,Barking and Dagenham,E02000003,U
E01000112,E02000003,E09000002,Barking and Dagenham,E02000003,U
E01000113,E02000003,E09000002,Barking and Dagenham,E02000003,U
E01000114,E02000005,E09000002,Barking and Dagenham,E02000005,U
E01000115,E02000032,E09000003,Barnet,E02000032,U
E01000116,E02000032,E09000003,Barnet,E02000032,U
E01000117,E02000033,E09000003,Barnet,E02000033,U
E01000118,E02000033,E09000003,Barnet,E02000033,U
E01000119,E02000032,E09000003,Barnet,E02000032,U
E01000120,E02000032,E09000003,Barnet,E02000032,U
E01000121,E02000033,E09000003,Barnet,E02000033,U
E01000122,E02000032,E09000003,Barnet,E02000032,U
E01000123,E02000033,E09000003,Barnet,E02000033,U
E01000124,E02000033,E09000003,Barnet,E02000033,U
E01000126,E02000049,E09000003,Barnet,E02000049,U
E01000127,E02000047,E09000003,Barnet,E02000047,U
E01000128,E02000047,E09000003,Barnet,E02000047,U
E01000129,E02000047,E09000003,Barnet,E02000047,U
E01000130,E02000044,E09000003,Barnet,E02000044,U
E01000131,E02000047,E09000003,Barnet,E02000047,U
E01000132,E02000044,E09000003,Barnet,E02000044,U
E01000133,E02000044,E09000003,Barnet,E02000044,U
E01000134,E02000047,E09000003,Barnet,E02000047,U
E01000135,E02000061,E09000003,Barnet,E02000061,U
E01000136,E02000061,E09000003,Barnet,E02000061,U
E01000137,E02000064,E09000003,Barnet,E02000064,U
E01000138,E02000063,E09000003,Barnet,E02000063,U
E01000139,E02000064,E09000003,Barnet,E02000064,U
E01000140,E02000064,E09000003,Barnet,E02000064,U
E01000141,E02000062,E09000003,Barnet,E02000062,U
E01000142,E02000063,E09000003,Barnet,E02000063,U
E01000143,E02000064,E09000003,Barnet,E02000064,U
E01000144,E02000061,E09000003,Barnet,E02000061,U
E01000145,E02000060,E09000003,Barnet,E02000060,U
E01000146,E02000061,E09000003,Barnet,E02000061,U
E01000147,E02006954,E09000003,Barnet,E02000053,S
E01000150,E02000059,E09000003,Barnet,E02000059,U
E01000151,E02000049,E09000003,Barnet,E02000049,U
E01000152,E02000049,E09000003,Barnet,E02000049,U
E01000153,E02000049,E09000003,Barnet,E02000049,U
E01000154,E02000049,E09000003,Barnet,E02000049,U
E01000156,E02000045,E09000003,Barnet,E02000045,U
E01000157,E02000045,E09000003,Barnet,E02000045,U
E01000158,E02000038,E09000003,Barnet,E02000038,U
E01000159,E02000038,E09000003,Barnet,E02000038,U
E01000160,E02000038,E09000003,Barnet,E02000038,U
E01000161,E02000038,E09000003,Barnet,E02000038,U
E01000162,E02000038,E09000003,Barnet,E02000038,U
E01000163,E02000045,E09000003,Barnet,E02000045,U
E01000164,E02000045,E09000003,Barnet,E02000045,U
E01000165,E02000045,E09000003,Barnet,E02000045,U
E01000166,E02000026,E09000003,Barnet,E02000026,U
E01000167,E02000025,E09000003,Barnet,E02000025,U
E01000168,E02000026,E09000003,Barnet,E02000026,U
E01000169,E02000026,E09000003,Barnet,E02000026,U
E01000170,E02000029,E09000003,Barnet,E02000029,U
E01000171,E02000029,E09000003,Barnet,E02000029,U
E01000172,E02000026,E09000003,Barnet,E02000026,U
E01000173,E02000029,E09000003,Barnet,E02000029,U
E01000174,E02000029,E09000003,Barnet,E02000029,U
E01000175,E02000029,E09000003,Barnet,E02000029,U
E01000176,E02000050,E09000003,Barnet,E02000050,U
E01000177,E02000052,E09000003,Barnet,E02000052,U
E01000178,E02000050,E09000003,Barnet,E02000050,U
E01000179,E02000052,E09000003,Barnet,E02000052,U
E01000180,E02000052,E09000003,Barnet,E02000052,U
E01000181,E02000052,E09000003,Barnet,E02000052,U
E01000182,E02000052,E09000003,Barnet,E02000052,U
E01000183,E02000056,E09000003,Barnet,E02000056,U
E01000184,E02000050,E09000003,Barnet,E02000050,U
E01000185,E02000052,E09000003,Barnet,E02000052,U
E01000186,E02000037,E09000003,Barnet,E02000037,U
E01000187,E02000037,E09000003,Barnet,E02000037,U
E01000188,E02000037,E09000003,Barnet,E02000037,U
E01000189,E02000037,E09000003,Barnet,E02000037,U
E01000190,E02000037,E09000003,Barnet,E02000037,U
E01000191,E02000037,E09000003,Barnet,E02000037,U
E01000192,E02000041,E09000003,Barnet,E02000041,U
E01000193,E02000041,E09000003,Barnet,E02000041,U
E01000194,E02000041,E09000003,Barnet,E02000041,U
E01000195,E02000036,E09000003,Barnet,E02000036,U
E01000196,E02000051,E09000003,Barnet,E02000051,U
E01000197,E02000046,E09000003,Barnet,E02000046,U
E01000198,E02000048,E09000003,Barnet,E02000048,U
E01000199,E02000048,E09000003,Barnet,E02000048,U
E01000200,E02000051,E09000003,Barnet,E02000051,U
E01000201,E02000051,E09000003,Barnet,E02000051,U
E01000202,E02000051,E09000003,Barnet,E02000051,U
E01000203,E02000051,E09000003,Barnet,E02000051,U
E01000204,E02000048,E09000003,Barnet,E02000048,U
E01000205,E02000058,E09000003,Barnet,E02000058,U
E01000206,E02000056,E09000003,Barnet,E02000056,U
E01000207,E02000056,E09000003,Barnet,E02000056,U
E01000208,E02000056,E09000003,Barnet,E02000056,U
E01000209,E02000058,E09000003,Barnet,E02000058,U
E01000210,E02000056,E09000003,Barnet,E02000056,U
E01000211,E02000058,E09000003,Barnet,E02000058,U
E01000212,E02000058,E09000003,Barnet,E02000058,U
E01000213,E02000056,E09000003,Barnet,E02000056,U
E01000214,E02000061,E09000003,Barnet,E02000061,U
E01000215,E02000060,E09000003,Barnet,E02000060,U
E01000216,E02000058,E09000003,Barnet,E02000058,U
E01000217,E02000058,E09000003,Barnet,E02000058,U
E01000218,E02000060,E09000003,Barnet,E02000060,U
E01000219,E02000060,E09000003,Barnet,E02000060,U
E01000220,E02000060,E09000003,Barnet,E02000060,U
E01000221,E02000062,E09000003,Barnet,E02000062,U
E01000222,E02000063,E09000003,Barnet,E02000063,U
E01000223,E02000062,E09000003,Barnet,E02000062,U
E01000224,E02000063,E09000003,Barnet,E02000063,U
E01000225,E02000060,E09000003,Barnet,E02000060,U
E01000226,E02000041,E09000003,Barnet,E02000041,U
E01000227,E02000041,E09000003,Barnet,E02000041,U
E01000228,E02000030,E09000003,Barnet,E02000030,U
E01000229,E02000036,E09000003,Barnet,E02000036,U
E01000230,E02000036,E09000003,Barnet,E02000036,U
E01000231,E02000036,E09000003,Barnet,E02000036,U
E01000232,E02000036,E09000003,Barnet,E02000036,U
E01000233,E02000036,E09000003,Barnet,E02000036,U
E01000234,E02000044,E09000003,Barnet,E02000044,U
E01000235,E02000044,E09000003,Barnet,E02000044,U
E01000236,E02000057,E09000003,Barnet,E02000057,U
E01000237,E02000055,E09000003,Barnet,E02000055,U
E01000238,E02000057,E09000003,Barnet,E02000057,U
E01000239,E02000054,E09000003,Barnet,E02000054,U
E01000240,E02000054,E09000003,Barnet,E02000054,U
E01000241,E02000054,E09000003,Barnet,E02000054,U
E01000242,E02000055,E09000003,Barnet,E02000055,U
E01000243,E02000055,E09000003,Barnet,E02000055,U
E01000244,E02000055,E09000003,Barnet,E02000055,U
E01000245,E02000055,E09000003,Barnet,E02000055,U
E01000246,E02000025,E09000003,Barnet,E02000025,U
E01000247,E02000025,E09000003,Barnet,E02000025,U
E01000248,E02000024,E09000003,Barnet,E02000024,U
E01000249,E02000024,E09000003,Barnet,E02000024,U
E01000250,E02000024,E09000003,Barnet,E02000024,U
E01000251,E02000025,E09000003,Barnet,E02000025,U
E01000252,E02000025,E09000003,Barnet,E02000025,U
E01000253,E02000030,E09000003,Barnet,E02000030,U
E01000254,E02000024,E09000003,Barnet,E02000024,U
E01000255,E02000040,E09000003,Barnet,E02000040,U
E01000256,E02000039,E09000003,Barnet,E02000039,U
E01000257,E02000040,E09000003,Barnet,E02000040,U
E01000258,E02000039,E09000003,Barnet,E02000039,U
E01000259,E02000048,E09000003,Barnet,E02000048,U
E01000260,E02000048,E09000003,Barnet,E02000048,U
E01000261,E02000040,E09000003,Barnet,E02000040,U
E01000263,E02000039,E09000003,Barnet,E02000039,U
E01000264,E02000039,E09000003,Barnet,E02000039,U
E01000265,E02000034,E09000003,Barnet,E02000034,U
E01000266,E02000034,E09000003,Barnet,E02000034,U
E01000267,E02000028,E09000003,Barnet,E02000028,U
E01000268,E02000028,E09000003,Barnet,E02000028,U
E01000269,E02000028,E09000003,Barnet,E02000028,U
E01000270,E02000028,E09000003,Barnet,E02000028,U
E01000271,E02000031,E09000003,Barnet,E02000031,U
E01000272,E02000031,E09000003,Barnet,E02000031,U
E01000273,E02000031,E09000003,Barnet,E02000031,U
E01000274,E02000034,E09000003,Barnet,E02000034,U
E01000275,E02000035,E09000003,Barnet,E02000035,U
E01000276,E02000043,E09000003,Barnet,E02000043,U
E01000277,E02000035,E09000003,Barnet,E02000035,U
E01000278,E02000043,E09000003,Barnet,E02000043,U
E01000279,E02000030,E09000003,Barnet,E02000030,U
E01000280,E02000030,E09000003,Barnet,E02000030,U
E01000281,E02000031,E09000003,Barnet,E02000031,U
E01000282,E02000031,E09000003,Barnet,E02000031,U
E01000283,E02000035,E09000003,Barnet,E02000035,U
E01000284,E02000035,E09000003,Barnet,E02000035,U
E01000285,E02000027,E09000003,Barnet,E02000027,U
E01000286,E02000030,E09000003,Barnet,E02000030,U
E01000287,E02000027,E09000003,Barnet,E02000027,U
E01000288,E02000027,E09000003,Barnet,E02000027,U
E01000289,E02000027,E09000003,Barnet,E02000027,U
E01000290,E02000030,E09000003,Barnet,E02000030,U
E01000291,E02000027,E09000003,Barnet,E02000027,U
E01000292,E02000024,E09000003,Barnet,E02000024,U
E01000293,E02000024,E09000003,Barnet,E02000024,U
E01000294,E02000027,E09000003,Barnet,E02000027,U
E01000295,E02000046,E09000003,Barnet,E02000046,U
E01000296,E02000046,E09000003,Barnet,E02000046,U
E01000297,E02000050,E09000003,Barnet,E02000050,U
E01000298,E02000046,E09000003,Barnet,E02000046,U
E01000299,E02000042,E09000003,Barnet,E02000042,U
E01000300,E02000042,E09000003,Barnet,E02000042,U
E01000301,E02000043,E09000003,Barnet,E02000043,U
E01000302,E02000042,E09000003,Barnet,E02000042,U
E01000303,E02000043,E09000003,Barnet,E02000043,U
E01000304,E02000043,E09000003,Barnet,E02000043,U
E01000305,E02000059,E09000003,Barnet,E02000059,U
E01000306,E02000059,E09000003,Barnet,E02000059,U
E01000307,E02000062,E09000003,Barnet,E02000062,U
E01000308,E02000059,E09000003,Barnet,E02000059,U
E01000309,E02000054,E09000003,Barnet,E02000054,U
E01000310,E02000057,E09000003,Barnet,E02000057,U
E01000311,E02000057,E09000003,Barnet,E02000057,U
E01000312,E02000059,E09000003,Barnet,E02000059,U
E01000313,E02000059,E09000003,Barnet,E02000059,U
E01000314,E02000055,E09000003,Barnet,E02000055,U
E01000315,E02000045,E09000003,Barnet,E02000045,U
E01000316,E02000050,E09000003,Barnet,E02000050,U
E01000317,E02000042,E09000003,Barnet,E02000042,U
E01000318,E02000042,E09000003,Barnet,E02000042,U
E01000319,E02000050,E09000003,Barnet,E02000050,U
E01000320,E02000034,E09000003,Barnet,E02000034,U
E01000321,E02000035,E09000003,Barnet,E02000035,U
E01000322,E02000034,E09000003,Barnet,E02000034,U
E01000323,E02000042,E09000003,Barnet,E02000042,U
E01000324,E02000038,E09000003,Barnet,E02000038,U
E01000325,E02000078,E09000004,Bexley,E02000078,U
E01000326,E02000078,E09000004,Bexley,E02000078,U
E01000327,E02000081,E09000004,Bexley,E02000081,U
E01000328,E02000081,E09000004,Bexley,E02000081,U
E01000329,E02000081,E09000004,Bexley,E02000081,U
E01000330,E02000081,E09000004,Bexley,E02000081,U
E01000331,E02000081,E09000004,Bexley,E02000081,U
E01000332,E02000069,E09000004,Bexley,E02000069,U
E01000333,E02000067,E09000004,Bexley,E02000067,U
E01000334,E02000070,E09000004,Bexley,E02000070,U
E01000335,E02000067,E09000004,Bexley,E02000067,U
E01000336,E02000067,E09000004,Bexley,E02000067,U
E01000337,E02000067,E09000004,Bexley,E02000067,U
E01000338,E02000067,E09000004,Bexley,E02000067,U
E01000339,E02000089,E09000004,Bexley,E02000089,U
E01000340,E02000082,E09000004,Bexley,E02000082,U
E01000341,E02000086,E09000004,Bexley,E02000086,U
E01000342,E02000086,E09000004,Bexley,E02000086,U
E01000343,E02000086,E09000004,Bexley,E02000086,U
E01000344,E02000089,E09000004,Bexley,E02000089,U
E01000345,E02000086,E09000004,Bexley,E02000086,U
E01000346,E02000085,E09000004,Bexley,E02000085,U
E01000347,E02000085,E09000004,Bexley,E02000085,U
E01000348,E02000084,E09000004,Bexley,E02000084,U
E01000349,E02000084,E09000004,Bexley,E02000084,U
E01000350,E02000085,E09000004,Bexley,E02000085,U
E01000351,E02000088,E09000004,Bexley,E02000088,U
E01000352,E02000085,E09000004,Bexley,E02000085,U
E01000353,E02000075,E09000004,Bexley,E02000075,U
E01000354,E02000075,E09000004,Bexley,E02000075,U
E01000355,E02000075,E09000004,Bexley,E02000075,U
E01000356,E02000073,E09000004,Bexley,E02000073,U
E01000357,E02000073,E09000004,Bexley,E02000073,U
E01000358,E02000075,E09000004,Bexley,E02000075,U
E01000359,E02000073,E09000004,Bexley,E02000073,U
E01000360,E02000079,E09000004,Bexley,E02000079,U
E01000361,E02000084,E09000004,Bexley,E02000084,U
E01000362,E02000079,E09000004,Bexley,E02000079,U
E01000363,E02000084,E09000004,Bexley,E02000084,U
E01000364,E02000087,E09000004,Bexley,E02000087,U
E01000365,E02000079,E09000004,Bexley,E02000079,U
E01000366,E02000079,E09000004,Bexley,E02000079,U
E01000367,E02000074,E09000004,Bexley,E02000074,U
E01000368,E02000074,E09000004,Bexley,E02000074,U
E01000369,E02000078,E09000004,Bexley,E02000078,U
E01000370,E02000078,E09000004,Bexley,E02000078,U
E01000371,E02000078,E09000004,Bexley,E02000078,U
E01000372,E02000074,E09000004,Bexley,E02000074,U
E01000373,E02000072,E09000004,Bexley,E02000072,U
E01000374,E02000083,E09000004,Bexley,E02000083,U
E01000375,E02000083,E09000004,Bexley,E02000083,U
E01000376,E02000083,E09000004,Bexley,E02000083,U
E01000377,E02000083,E09000004,Bexley,E02000083,U
E01000379,E02000083,E09000004,Bexley,E02000083,U
E01000380,E02000074,E09000004,Bexley,E02000074,U
E01000381,E02000092,E09000004,Bexley,E02000092,U
E01000382,E02000091,E09000004,Bexley,E02000091,U
E01000383,E02000092,E09000004,Bexley,E02000092,U
E01000384,E02000091,E09000004,Bexley,E02000091,U
E01000385,E02000092,E09000004,Bexley,E02000092,U
E01000386,E02000092,E09000004,Bexley,E02000092,U
E01000387,E02000091,E09000004,Bexley,E02000091,U
E01000388,E02000080,E09000004,Bexley,E02000080,U
E01000389,E02000084,E09000004,Bexley,E02000084,U
E01000390,E02000084,E09000004,Bexley,E02000084,U
E01000391,E02000085,E09000004,Bexley,E02000085,U
E01000392,E02000080,E09000004,Bexley,E02000080,U
E01000393,E02000084,E09000004,Bexley,E02000084,U
E01000394,E02000079,E09000004,Bexley,E02000079,U
E01000395,E02000082,E09000004,Bexley,E02000082,U
E01000396,E02000082,E09000004,Bexley,E02000082,U
E01000398,E02006785,E09000004,Bexley,E02006785,U
E01000399,E02006785,E09000004,Bexley,E02006785,U
E01000400,E02006785,E09000004,Bexley,E02006785,U
E01000401,E02000077,E09000004,Bexley,E02000077,U
E01000402,E02000069,E09000004,Bexley,E02000069,U
E01000403,E02000068,E09000004,Bexley,E02000068,U
E01000404,E02000068,E09000004,Bexley,E02000068,U
E01000405,E02000068,E09000004,Bexley,E02000068,U
E01000406,E02000069,E09000004,Bexley,E02000069,U
E01000407,E02000069,E09000004,Bexley,E02000069,U
E01000408,E02000068,E09000004,Bexley,E02000068,U
E01000409,E02000080,E09000004,Bexley,E02000080,U
E01000410,E02000082,E09000004,Bexley,E02000082,U
E01000411,E02000080,E09000004,Bexley,E02000080,U
E01000412,E02000082,E09000004,Bexley,E02000082,U
E01000413,E02000082,E09000004,Bexley,E02000082,U
E01000414,E02000080,E09000004,Bexley,E02000080,U
E01000415,E02000080,E09000004,Bexley,E02000080,U
E01000416,E02000066,E09000004,Bexley,E02000066,U
E01000417,E02000070,E09000004,Bexley,E02000070,U
E01000418,E02000066,E09000004,Bexley,E02000066,U
E01000419,E02000070,E09000004,Bexley,E02000070,U
E01000420,E02000070,E09000004,Bexley,E02000070,U
E01000421,E02000073,E09000004,Bexley,E02000073,U
E01000422,E02000066,E09000004,Bexley,E02000066,U
E01000423,E02000089,E09000004,Bexley,E02000089,U
E01000424,E02000090,E09000004,Bexley,E02000090,U
E01000425,E02000089,E09000004,Bexley,E02000089,U
E01000426,E02000090,E09000004,Bexley,E02000090,U
E01000427,E02000090,E09000004,Bexley,E02000090,U
E01000428,E02000091,E09000004,Bexley,E02000091,U
E01000429,E02000072,E09000004,Bexley,E02000072,U
E01000430,E02000072,E09000004,Bexley,E02000072,U
E01000431,E02000072,E09000004,Bexley,E02000072,U
E01000433,E02000072,E09000004,Bexley,E02000072,U
E01000434,E02000072,E09000004,Bexley,E02000072,U
E01000435,E02000074,E09000004,Bexley,E02000074,U
E01000436,E02000075,E09000004,Bexley,E02000075,U
E01000437,E02000071,E09000004,Bexley,E02000071,U
E01000438,E02000071,E09000004,Bexley,E02000071,U
E01000439,E02000071,E09000004,Bexley,E02000071,U
E01000440,E02000071,E09000004,Bexley,E02000071,U
E01000441,E02000071,E09000004,Bexley,E02000071,U
E01000442,E02000070,E09000004,Bexley,E02000070,U
E01000443,E02000088,E09000004,Bexley,E02000088,U
E01000444,E02000087,E09000004,Bexley,E02000087,U
E01000445,E02000088,E09000004,Bexley,E02000088,U
E01000446,E02000088,E09000004,Bexley,E02000088,U
E01000447,E02000087,E09000004,Bexley,E02000087,U
E01000448,E02000087,E09000004,Bexley,E02000087,U
E01000449,E02000087,E09000004,Bexley,E02000087,U
E01000450,E02000073,E09000004,Bexley,E02000073,U
E01000451,E02000073,E09000004,Bexley,E02000073,U
E01000452,E02000073,E09000004,Bexley,E02000073,U
E01000453,E02000077,E09000004,Bexley,E02000077,U
E01000454,E02000077,E09000004,Bexley,E02000077,U
E01000455,E02000077,E09000004,Bexley,E02000077,U
E01000456,E02000077,E09000004,Bexley,E02000077,U
E01000457,E02000090,E09000004,Bexley,E02000090,U
E01000458,E02000091,E09000004,Bexley,E02000091,U
E01000459,E02000091,E09000004,Bexley,E02000091,U
E01000460,E02000086,E09000004,Bexley,E02000086,U
E01000461,E02000088,E09000004,Bexley,E02000088,U
E01000462,E02000090,E09000004,Bexley,E02000090,U
E01000463,E02000089,E09000004,Bexley,E02000089,U
E01000464,E02000066,E09000004,Bexley,E02000066,U
E01000465,E02000066,E09000004,Bexley,E02000066,U
E01000466,E02000065,E09000004,Bexley,E02000065,U
E01000467,E02000065,E09000004,Bexley,E02000065,U
E01000468,E02000065,E09000004,Bexley,E02000065,U
E01000469,E02000065,E09000004,Bexley,E02000065,U
E01000470,E02000066,E09000004,Bexley,E02000066,U
E01000471,E02000118,E09000005,Brent,E02000118,U
E01000472,E02000121,E09000005,Brent,E02000121,U
E01000473,E02000121,E09000005,Brent,E02000121,U
E01000474,E02000118,E09000005,Brent,E02000118,U
E01000475,E02000121,E09000005,Brent,E02000121,U
E01000476,E02000118,E09000005,Brent,E02000118,U
E01000477,E02000118,E09000005,Brent,E02000118,U
E01000478,E02000121,E09000005,Brent,E02000121,U
E01000479,E02000101,E09000005,Brent,E02000101,U
E01000480,E02000098,E09000005,Brent,E02000098,U
E01000481,E02000101,E09000005,Brent,E02000101,U
E01000483,E02000101,E09000005,Brent,E02000101,U
E01000484,E02000098,E09000005,Brent,E02000098,U
E01000485,E02000098,E09000005,Brent,E02000098,U
E01000486,E02000098,E09000005,Brent,E02000098,U
E01000487,E02000098,E09000005,Brent,E02000098,U
E01000488,E02000114,E09000005,Brent,E02000114,U
E01000489,E02000122,E09000005,Brent,E02000122,U
E01000490,E02000115,E09000005,Brent,E02000115,U
E01000491,E02000122,E09000005,Brent,E02000122,U
E01000492,E02000122,E09000005,Brent,E02000122,U
E01000493,E02000122,E09000005,Brent,E02000122,U
E01000494,E02000115,E09000005,Brent,E02000115,U
E01000495,E02000115,E09000005,Brent,E02000115,U
E01000497,E02000103,E09000005,Brent,E02000103,U
E01000498,E02000102,E09000005,Brent,E02000102,U
E01000499,E02000103,E09000005,Brent,E02000103,U
E01000501,E02000103,E09000005,Brent,E02000103,U
E01000502,E02000103,E09000005,Brent,E02000103,U
E01000503,E02000103,E09000005,Brent,E02000103,U
E01000504,E02000110,E09000005,Brent,E02000110,U
E01000505,E02000110,E09000005,Brent,E02000110,U
E01000506,E02000106,E09000005,Brent,E02000106,U
E01000507,E02000110,E09000005,Brent,E02000110,U
E01000508,E02000117,E09000005,Brent,E02000117,U
E01000509,E02000106,E09000005,Brent,E02000106,U
E01000510,E02000106,E09000005,Brent,E02000106,U
E01000511,E02000106,E09000005,Brent,E02000106,U
E01000512,E02000110,E09000005,Brent,E02000110,U
E01000513,E02000094,E09000005,Brent,E02000094,U
E01000514,E02000094,E09000005,Brent,E02000094,U
E01000515,E02000095,E09000005,Brent,E02000095,U
E01000516,E02000094,E09000005,Brent,E02000094,U
E01000517,E02000095,E09000005,Brent,E02000095,U
E01000518,E02000097,E09000005,Brent,E02000097,U
E01000519,E02000097,E09000005,Brent,E02000097,U
E01000520,E02000094,E09000005,Brent,E02000094,U
E01000521,E02000117,E09000005,Brent,E02000117,U
E01000522,E02000117,E09000005,Brent,E02000117,U
E01000523,E02000123,E09000005,Brent,E02000123,U
E01000524,E02000123,E09000005,Brent,E02000123,U
E01000525,E02000123,E09000005,Brent,E02000123,U
E01000526,E02000117,E09000005,Brent,E02000117,U
E01000527,E02000117,E09000005,Brent,E02000117,U
E01000528,E02000117,E09000005,Brent,E02000117,U
E01000530,E02000125,E09000005,Brent,E02000125,U
E01000531,E02000125,E09000005,Brent,E02000125,U
E01000532,E02000125,E09000005,Brent,E02000125,U
E01000533,E02000123,E09000005,Brent,E02000123,U
E01000534,E02000125,E09000005,Brent,E02000125,U
E01000535,E02000123,E09000005,Brent,E02000123,U
E01000536,E02000096,E09000005,Brent,E02000096,U
E01000538,E02000096,E09000005,Brent,E02000096,U
E01000539,E02000096,E09000005,Brent,E02000096,U
E01000540,E02000096,E09000005,Brent,E02000096,U
E01000541,E02000096,E09000005,Brent,E02000096,U
E01000543,E02000095,E09000005,Brent,E02000095,U
E01000544,E02000126,E09000005,Brent,E02000126,U
E01000545,E02000120,E09000005,Brent,E02000120,U
E01000546,E02000120,E09000005,Brent,E02000120,U
E01000547,E02000120,E09000005,Brent,E02000120,U
E01000548,E02000120,E09000005,Brent,E02000120,U
E01000549,E02000120,E09000005,Brent,E02000120,U
E01000550,E02000126,E09000005,Brent,E02000126,U
E01000551,E02000126,E09000005,Brent,E02000126,U
E01000552,E02000126,E09000005,Brent,E02000126,U
E01000553,E02000107,E09000005,Brent,E02000107,U
E01000554,E02000107,E09000005,Brent,E02000107,U
E01000555,E02000107,E09000005,Brent,E02000107,U
E01000556,E02000107,E09000005,Brent,E02000107,U
E01000557,E02000107,E09000005,Brent,E02000107,U
E01000558,E02000107,E09000005,Brent,E02000107,U
E01000559,E02000110,E09000005,Brent,E02000110,U
E01000560,E02000115,E09000005,Brent,E02000115,U
E01000561,E02000115,E09000005,Brent,E02000115,U
E01000562,E02000100,E09000005,Brent,E02000100,U
E01000563,E02000100,E09000005,Brent,E02000100,U
E01000564,E02000105,E09000005,Brent,E02000105,U
E01000565,E02000105,E09000005,Brent,E02000105,U
E01000566,E02000100,E09000005,Brent,E02000100,U
E01000567,E02000108,E09000005,Brent,E02000108,U
E01000568,E02000100,E09000005,Brent,E02000100,U
E01000569,E02000100,E09000005,Brent,E02000100,U
E01000570,E02000104,E09000005,Brent,E02000104,U
E01000571,E02000104,E09000005,Brent,E02000104,U
E01000572,E02000099,E09000005,Brent,E02000099,U
E01000573,E02000099,E09000005,Brent,E02000099,U
E01000574,E02000099,E09000005,Brent,E02000099,U
E01000575,E02000099,E09000005,Brent,E02000099,U
E01000576,E02000104,E09000005,Brent,E02000104,U
E01000577,E02000099,E09000005,Brent,E02000099,U
E01000578,E02000104,E09000005,Brent,E02000104,U
E01000579,E02000124,E09000005,Brent,E02000124,U
E01000580,E02000124,E09000005,Brent,E02000124,U
E01000581,E02000122,E09000005,Brent,E02000122,U
E01000582,E02000124,E09000005,Brent,E02000124,U
E01000583,E02000124,E09000005,Brent,E02000124,U
E01000584,E02000125,E09000005,Brent,E02000125,U
E01000585,E02000125,E09000005,Brent,E02000125,U
E01000586,E02000124,E09000005,Brent,E02000124,U
E01000587,E02000093,E09000005,Brent,E02000093,U
E01000589,E02000093,E09000005,Brent,E02000093,U
E01000590,E02000093,E09000005,Brent,E02000093,U
E01000591,E02000095,E09000005,Brent,E02000095,U
E01000592,E02000093,E09000005,Brent,E02000093,U
E01000593,E02000093,E09000005,Brent,E02000093,U
E01000594,E02000093,E09000005,Brent,E02000093,U
E01000595,E02000119,E09000005,Brent,E02000119,U
E01000596,E02000113,E09000005,Brent,E02000113,U
E01000599,E02000119,E09000005,Brent,E02000119,U
E01000601,E02000113,E09000005,Brent,E02000113,U
E01000602,E02000113,E09000005,Brent,E02000113,U
E01000603,E02000113,E09000005,Brent,E02000113,U
E01000604,E02000113,E09000005,Brent,E02000113,U
E01000605,E02000113,E09000005,Brent,E02000113,U
E01000606,E02000108,E09000005,Brent,E02000108,U
E01000607,E02000105,E09000005,Brent,E02000105,U
E01000608,E02000105,E09000005,Brent,E02000105,U
E01000609,E02000108,E09000005,Brent,E02000108,U
E01000610,E02000111,E09000005,Brent,E02000111,U
E01000611,E02000108,E09000005,Brent,E02000108,U
E01000612,E02000111,E09000005,Brent,E02000111,U
E01000613,E02000105,E09000005,Brent,E02000105,U
E01000615,E02006956,E09000005,Brent,E02000109,S
E01000616,E02000112,E09000005,Brent,E02000112,U
E01000617,E02006956,E09000005,Brent,E02000109,S
E01000618,E02006956,E09000005,Brent,E02000109,S
E01000619,E02006956,E09000005,Brent,E02000109,S
E01000620,E02000112,E09000005,Brent,E02000112,U
E01000621,E02000112,E09000005,Brent,E02000112,U
E01000622,E02000102,E09000005,Brent,E02000102,U
E01000623,E02000097,E09000005,Brent,E02000097,U
E01000624,E02000097,E09000005,Brent,E02000097,U
E01000625,E02000101,E09000005,Brent,E02000101,U
E01000626,E02000102,E09000005,Brent,E02000102,U
E01000627,E02000106,E09000005,Brent,E02000106,U
E01000628,E02000106,E09000005,Brent,E02000106,U
E01000629,E02000097,E09000005,Brent,E02000097,U
E01000630,E02000118,E09000005,Brent,E02000118,U
E01000631,E02000111,E09000005,Brent,E02000111,U
E01000632,E02000121,E09000005,Brent,E02000121,U
E01000633,E02000111,E09000005,Brent,E02000111,U
E01000634,E02000111,E09000005,Brent,E02000111,U
E01000636,E02000112,E09000005,Brent,E02000112,U
E01000637,E02000114,E09000005,Brent,E02000114,U
E01000638,E02000116,E09000005,Brent,E02000116,U
E01000639,E02000114,E09000005,Brent,E02000114,U
E01000640,E02000116,E09000005,Brent,E02000116,U
E01000641,E02000116,E09000005,Brent,E02000116,U
E01000642,E02000114,E09000005,Brent,E02000114,U
E01000643,E02000116,E09000005,Brent,E02000116,U
E01000644,E02000114,E09000005,Brent,E02000114,U
E01000645,E02000133,E09000006,Bromley,E02000133,U
E01000646,E02000142,E09000006,Bromley,E02000142,U
E01000647,E02000142,E09000006,Bromley,E02000142,U
E01000648,E02000142,E09000006,Bromley,E02000142,U
E01000649,E02000133,E09000006,Bromley,E02000133,U
E01000650,E02000148,E09000006,Bromley,E02000148,U
E01000651,E02000146,E09000006,Bromley,E02000146,U
E01000652,E02000148,E09000006,Bromley,E02000148,U
E01000653,E02000142,E09000006,Bromley,E02000142,U
E01000654,E02000165,E09000006,Bromley,E02000165,U
E01000655,E02000165,E09000006,Bromley,E02000165,U
E01000656,E02000165,E09000006,Bromley,E02000165,U
E01000657,E02000165,E09000006,Bromley,E02000165,U
E01000658,E02006789,E09000006,Bromley,E02006789,U
E01000659,E02000165,E09000006,Bromley,E02000165,U
E01000661,E02000152,E09000006,Bromley,E02000152,U
E01000662,E02000152,E09000006,Bromley,E02000152,U
E01000663,E02000152,E09000006,Bromley,E02000152,U
E01000664,E02000152,E09000006,Bromley,E02000152,U
E01000665,E02000159,E09000006,Bromley,E02000159,U
E01000666,E02000159,E09000006,Bromley,E02000159,U
E01000667,E02000159,E09000006,Bromley,E02000159,U
E01000668,E02000146,E09000006,Bromley,E02000146,U
E01000669,E02000146,E09000006,Bromley,E02000146,U
E01000670,E02000144,E09000006,Bromley,E02000144,U
E01000671,E02000146,E09000006,Bromley,E02000146,U
E01000672,E02000137,E09000006,Bromley,E02000137,U
E01000673,E02000137,E09000006,Bromley,E02000137,U
E01000674,E02000134,E09000006,Bromley,E02000134,U
E01000676,E02000134,E09000006,Bromley,E02000134,U
E01000677,E02000144,E09000006,Bromley,E02000144,U
E01000678,E02000142,E09000006,Bromley,E02000142,U
E01000679,E02000146,E09000006,Bromley,E02000146,U
E01000680,E02000163,E09000006,Bromley,E02000163,U
E01000681,E02000161,E09000006,Bromley,E02000161,U
E01000682,E02000161,E09000006,Bromley,E02000161,U
E01000683,E02000161,E09000006,Bromley,E02000161,U
E01000684,E02000161,E09000006,Bromley,E02000161,U
E01000685,E02000163,E09000006,Bromley,E02000163,U
E01000686,E02000163,E09000006,Bromley,E02000163,U
E01000687,E02000163,E09000006,Bromley,E02000163,U
E01000688,E02000163,E09000006,Bromley,E02000163,U
E01000689,E02000128,E09000006,Bromley,E02000128,U
E01000690,E02000128,E09000006,Bromley,E02000128,U
E01000691,E02000128,E09000006,Bromley,E02000128,U
E01000692,E02000128,E09000006,Bromley,E02000128,U
E01000693,E02000136,E09000006,Bromley,E02000136,U
E01000694,E02000133,E09000006,Bromley,E02000133,U
E01000695,E02000133,E09000006,Bromley,E02000133,U
E01000696,E02000133,E09000006,Bromley,E02000133,U
E01000697,E02000133,E09000006,Bromley,E02000133,U
E01000698,E02000136,E09000006,Bromley,E02000136,U
E01000699,E02000141,E09000006,Bromley,E02000141,U
E01000700,E02000139,E09000006,Bromley,E02000139,U
E01000701,E02000141,E09000006,Bromley,E02000141,U
E01000702,E02000139,E09000006,Bromley,E02000139,U
E01000703,E02000139,E09000006,Bromley,E02000139,U
E01000704,E02000141,E09000006,Bromley,E02000141,U
E01000705,E02000141,E09000006,Bromley,E02000141,U
E01000706,E02000139,E09000006,Bromley,E02000139,U
E01000707,E02006787,E09000006,Bromley,E02006787,U
E01000708,E02006787,E09000006,Bromley,E02006787,U
E01000709,E02000132,E09000006,Bromley,E02000132,U
E01000710,E02000132,E09000006,Bromley,E02000132,U
E01000711,E02000132,E09000006,Bromley,E02000132,U
E01000712,E02000138,E09000006,Bromley,E02000138,U
E01000713,E02000138,E09000006,Bromley,E02000138,U
E01000714,E02000132,E09000006,Bromley,E02000132,U
E01000715,E02000138,E09000006,Bromley,E02000138,U
E01000716,E02000137,E09000006,Bromley,E02000137,U
E01000717,E02000137,E09000006,Bromley,E02000137,U
E01000718,E02000132,E09000006,Bromley,E02000132,U
E01000719,E02000145,E09000006,Bromley,E02000145,U
E01000720,E02000145,E09000006,Bromley,E02000145,U
E01000721,E02000145,E09000006,Bromley,E02000145,U
E01000722,E02000149,E09000006,Bromley,E02000149,U
E01000723,E02000155,E09000006,Bromley,E02000155,U
E01000724,E02000145,E09000006,Bromley,E02000145,U
E01000725,E02000149,E09000006,Bromley,E02000149,U
E01000726,E02000155,E09000006,Bromley,E02000155,U
E01000727,E02000154,E09000006,Bromley,E02000154,U
E01000728,E02000145,E09000006,Bromley,E02000145,U
E01000729,E02000140,E09000006,Bromley,E02000140,U
E01000730,E02000140,E09000006,Bromley,E02000140,U
E01000731,E02000149,E09000006,Bromley,E02000149,U
E01000732,E02000149,E09000006,Bromley,E02000149,U
E01000733,E02000149,E09000006,Bromley,E02000149,U
E01000734,E02000154,E09000006,Bromley,E02000154,U
E01000735,E02000140,E09000006,Bromley,E02000140,U
E01000736,E02000136,E09000006,Bromley,E02000136,U
E01000737,E02000136,E09000006,Bromley,E02000136,U
E01000738,E02000140,E09000006,Bromley,E02000140,U
E01000739,E02000140,E09000006,Bromley,E02000140,U
E01000741,E02000131,E09000006,Bromley,E02000131,U
E01000742,E02000131,E09000006,Bromley,E02000131,U
E01000743,E02000135,E09000006,Bromley,E02000135,U
E01000744,E02000135,E09000006,Bromley,E02000135,U
E01000745,E02000131,E09000006,Bromley,E02000131,U
E01000746,E02000131,E09000006,Bromley,E02000131,U
E01000747,E02006789,E09000006,Bromley,E02006789,U
E01000748,E02006789,E09000006,Bromley,E02006789,U
E01000749,E02000162,E09000006,Bromley,E02000162,U
E01000750,E02000162,E09000006,Bromley,E02000162,U
E01000751,E02000162,E09000006,Bromley,E02000162,U
E01000752,E02000162,E09000006,Bromley,E02000162,U
E01000753,E02000157,E09000006,Bromley,E02000157,U
E01000754,E02000157,E09000006,Bromley,E02000157,U
E01000755,E02000157,E09000006,Bromley,E02000157,U
E01000756,E02000159,E09000006,Bromley,E02000159,U
E01000757,E02000157,E09000006,Bromley,E02000157,U
E01000758,E02000157,E09000006,Bromley,E02000157,U
E01000759,E02000160,E09000006,Bromley,E02000160,U
E01000760,E02000160,E09000006,Bromley,E02000160,U
E01000761,E02000160,E09000006,Bromley,E02000160,U
E01000762,E02000144,E09000006,Bromley,E02000144,U
E01000763,E02000153,E09000006,Bromley,E02000153,U
E01000764,E02000153,E09000006,Bromley,E02000153,U
E01000765,E02000160,E09000006,Bromley,E02000160,U
E01000766,E02000153,E09000006,Bromley,E02000153,U
E01000767,E02000153,E09000006,Bromley,E02000153,U
E01000768,E02000160,E09000006,Bromley,E02000160,U
E01000769,E02000150,E09000006,Bromley,E02000150,U
E01000770,E02000138,E09000006,Bromley,E02000138,U
E01000771,E02006787,E09000006,Bromley,E02006787,U
E01000772,E02000138,E09000006,Bromley,E02000138,U
E01000773,E02000150,E09000006,Bromley,E02000150,U
E01000774,E02006787,E09000006,Bromley,E02006787,U
E01000775,E02000150,E09000006,Bromley,E02000150,U
E01000777,E02000150,E09000006,Bromley,E02000150,U
E01000778,E02000150,E09000006,Bromley,E02000150,U
E01000779,E02000127,E09000006,Bromley,E02000127,U
E01000780,E02000127,E09000006,Bromley,E02000127,U
E01000781,E02000127,E09000006,Bromley,E02000127,U
E01000782,E02000127,E09000006,Bromley,E02000127,U
E01000783,E02000127,E09000006,Bromley,E02000127,U
E01000784,E02000128,E09000006,Bromley,E02000128,U
E01000785,E02000127,E09000006,Bromley,E02000127,U
E01000786,E02000158,E09000006,Bromley,E02000158,U
E01000787,E02000155,E09000006,Bromley,E02000155,U
E01000788,E02000155,E09000006,Bromley,E02000155,U
E01000789,E02000158,E09000006,Bromley,E02000158,U
E01000790,E02000154,E09000006,Bromley,E02000154,U
E01000791,E02000155,E09000006,Bromley,E02000155,U
E01000792,E02000158,E09000006,Bromley,E02000158,U
E01000793,E02000158,E09000006,Bromley,E02000158,U
E01000794,E02000161,E09000006,Bromley,E02000161,U
E01000795,E02000158,E09000006,Bromley,E02000158,U
E01000796,E02000135,E09000006,Bromley,E02000135,U
E01000797,E02000139,E09000006,Bromley,E02000139,U
E01000798,E02000135,E09000006,Bromley,E02000135,U
E01000799,E02000130,E09000006,Bromley,E02000130,U
E01000800,E02000135,E09000006,Bromley,E02000135,U
E01000801,E02000141,E09000006,Bromley,E02000141,U
E01000802,E02000130,E09000006,Bromley,E02000130,U
E01000803,E02000130,E09000006,Bromley,E02000130,U
E01000804,E02000130,E09000006,Bromley,E02000130,U
E01000805,E02000130,E09000006,Bromley,E02000130,U
E01000806,E02000135,E09000006,Bromley,E02000135,U
E01000807,E02000148,E09000006,Bromley,E02000148,U
E01000808,E02000151,E09000006,Bromley,E02000151,U
E01000809,E02000148,E09000006,Bromley,E02000148,U
E01000810,E02000151,E09000006,Bromley,E02000151,U
E01000811,E02000151,E09000006,Bromley,E02000151,U
E01000812,E02000154,E09000006,Bromley,E02000154,U
E01000813,E02000151,E09000006,Bromley,E02000151,U
E01000814,E02000154,E09000006,Bromley,E02000154,U
E01000815,E02000151,E09000006,Bromley,E02000151,U
E01000816,E02006782,E09000006,Bromley,E02006782,U
E01000818,E02006782,E09000006,Bromley,E02006782,U
E01000819,E02006782,E09000006,Bromley,E02006782,U
E01000820,E02000134,E09000006,Bromley,E02000134,U
E01000822,E02000134,E09000006,Bromley,E02000134,U
E01000823,E02000134,E09000006,Bromley,E02000134,U
E01000824,E02000134,E09000006,Bromley,E02000134,U
E01000825,E02000134,E09000006,Bromley,E02000134,U
E01000826,E02000147,E09000006,Bromley,E02000147,U
E01000827,E02000147,E09000006,Bromley,E02000147,U
E01000828,E02000137,E09000006,Bromley,E02000137,U
E01000829,E02000144,E09000006,Bromley,E02000144,U
E01000830,E02000147,E09000006,Bromley,E02000147,U
E01000831,E02000147,E09000006,Bromley,E02000147,U
E01000832,E02000156,E09000006,Bromley,E02000156,U
E01000833,E02000147,E09000006,Bromley,E02000147,U
E01000834,E02000153,E09000006,Bromley,E02000153,U
E01000835,E02000156,E09000006,Bromley,E02000156,U
E01000836,E02000156,E09000006,Bromley,E02000156,U
E01000837,E02000156,E09000006,Bromley,E02000156,U
E01000838,E02000156,E09000006,Bromley,E02000156,U
E01000839,E02000156,E09000006,Bromley,E02000156,U
E01000840,E02000156,E09000006,Bromley,E02000156,U
E01000841,E02000156,E09000006,Bromley,E02000156,U
E01000842,E02000176,E09000007,Camden,E02000176,U
E01000843,E02000179,E09000007,Camden,E02000179,U
E01000844,E02000176,E09000007,Camden,E02000176,U
E01000845,E02000179,E09000007,Camden,E02000179,U
E01000846,E02000179,E09000007,Camden,E02000179,U
E01000847,E02000179,E09000007,Camden,E02000179,U
E01000848,E02000176,E09000007,Camden,E02000176,U
E01000849,E02000176,E09000007,Camden,E02000176,U
E01000850,E02000191,E09000007,Camden,E02000191,U
E01000851,E02000191,E09000007,Camden,E02000191,U
E01000853,E02007115,E09000007,Camden,E02000189,M
E01000855,E02000193,E09000007,Camden,E02000193,U
E01000856,E02000184,E09000007,Camden,E02000184,U
E01000857,E02000183,E09000007,Camden,E02000183,U
E01000858,E02000183,E09000007,Camden,E02000183,U
E01000859,E02000183,E09000007,Camden,E02000183,U
E01000860,E02000183,E09000007,Camden,E02000183,U
E01000861,E02000184,E09000007,Camden,E02000184,U
E01000862,E02000183,E09000007,Camden,E02000183,U
E01000863,E02000186,E09000007,Camden,E02000186,U
E01000866,E02000174,E09000007,Camden,E02000174,U
E01000867,E02000180,E09000007,Camden,E02000180,U
E01000868,E02000180,E09000007,Camden,E02000180,U
E01000869,E02000180,E09000007,Camden,E02000180,U
E01000870,E02000174,E09000007,Camden,E02000174,U
E01000871,E02000170,E09000007,Camden,E02000170,U
E01000872,E02000170,E09000007,Camden,E02000170,U
E01000873,E02000170,E09000007,Camden,E02000170,U
E01000874,E02000170,E09000007,Camden,E02000170,U
E01000875,E02000178,E09000007,Camden,E02000178,U
E01000876,E02000178,E09000007,Camden,E02000178,U
E01000877,E02000170,E09000007,Camden,E02000170,U
E01000878,E02000169,E09000007,Camden,E02000169,U
E01000879,E02000169,E09000007,Camden,E02000169,U
E01000880,E02000169,E09000007,Camden,E02000169,U
E01000881,E02000173,E09000007,Camden,E02000173,U
E01000882,E02000173,E09000007,Camden,E02000173,U
E01000883,E02000173,E09000007,Camden,E02000173,U
E01000884,E02000169,E09000007,Camden,E02000169,U
E01000885,E02000169,E09000007,Camden,E02000169,U
E01000886,E02000171,E09000007,Camden,E02000171,U
E01000887,E02000171,E09000007,Camden,E02000171,U
E01000888,E02000171,E09000007,Camden,E02000171,U
E01000889,E02000172,E09000007,Camden,E02000172,U
E01000890,E02000172,E09000007,Camden,E02000172,U
E01000891,E02000172,E09000007,Camden,E02000172,U
E01000892,E02000171,E09000007,Camden,E02000171,U
E01000893,E02000167,E09000007,Camden,E02000167,U
E01000894,E02000167,E09000007,Camden,E02000167,U
E01000895,E02000167,E09000007,Camden,E02000167,U
E01000896,E02000167,E09000007,Camden,E02000167,U
E01000897,E02000173,E09000007,Camden,E02000173,U
E01000898,E02000173,E09000007,Camden,E02000173,U
E01000899,E02000167,E09000007,Camden,E02000167,U
E01000900,E02000177,E09000007,Camden,E02000177,U
E01000901,E02000172,E09000007,Camden,E02000172,U
E01000902,E02000177,E09000007,Camden,E02000177,U
E01000903,E02000171,E09000007,Camden,E02000171,U
E01000904,E02000177,E09000007,Camden,E02000177,U
E01000905,E02000177,E09000007,Camden,E02000177,U
E01000906,E02000177,E09000007,Camden,E02000177,U
E01000907,E02000166,E09000007,Camden,E02000166,U
E01000908,E02000166,E09000007,Camden,E02000166,U
E01000909,E02000166,E09000007,Camden,E02000166,U
E01000910,E02000168,E09000007,Camden,E02000168,U
E01000911,E02000168,E09000007,Camden,E02000168,U
E01000912,E02000166,E09000007,Camden,E02000166,U
E01000913,E02000166,E09000007,Camden,E02000166,U
E01000914,E02000193,E09000007,Camden,E02000193,U
E01000915,E02000192,E09000007,Camden,E02000192,U
E01000916,E02000192,E09000007,Camden,E02000192,U
E01000917,E02000192,E09000007,Camden,E02000192,U
E01000918,E02000193,E09000007,Camden,E02000193,U
E01000919,E02000193,E09000007,Camden,E02000193,U
E01000920,E02000192,E09000007,Camden,E02000192,U
E01000921,E02000168,E09000007,Camden,E02000168,U
E01000922,E02000172,E09000007,Camden,E02000172,U
E01000923,E02000168,E09000007,Camden,E02000168,U
E01000924,E02000174,E09000007,Camden,E02000174,U
E01000925,E02000174,E09000007,Camden,E02000174,U
E01000926,E02000174,E09000007,Camden,E02000174,U
E01000927,E02000172,E09000007,Camden,E02000172,U
E01000928,E02000168,E09000007,Camden,E02000168,U
E01000929,E02000185,E09000007,Camden,E02000185,U
E01000930,E02000185,E09000007,Camden,E02000185,U
E01000931,E02000178,E09000007,Camden,E02000178,U
E01000932,E02000178,E09000007,Camden,E02000178,U
E01000933,E02000185,E09000007,Camden,E02000185,U
E01000934,E02000185,E09000007,Camden,E02000185,U
E01000935,E02000185,E09000007,Camden,E02000185,U
E01000937,E02007115,E09000007,Camden,E02000189,M
E01000938,E02007115,E09000007,Camden,E02000189,M
E01000939,E02007115,E09000007,Camden,E02000189,M
E01000941,E02007115,E09000007,Camden,E02000189,M
E01000942,E02007115,E09000007,Camden,E02000189,M
E01000943,E02007115,E09000007,Camden,E02000189,M
E01000944,E02000188,E09000007,Camden,E02000188,U
E01000946,E02000186,E09000007,Camden,E02000186,U
E01000947,E02000186,E09000007,Camden,E02000186,U
E01000948,E02000186,E09000007,Camden,E02000186,U
E01000949,E02000188,E09000007,Camden,E02000188,U
E01000951,E02000188,E09000007,Camden,E02000188,U
E01000952,E02000187,E09000007,Camden,E02000187,U
E01000954,E02000187,E09000007,Camden,E02000187,U
E01000955,E02000187,E09000007,Camden,E02000187,U
E01000956,E02000187,E09000007,Camden,E02000187,U
E01000957,E02000184,E09000007,Camden,E02000184,U
E01000958,E02000184,E09000007,Camden,E02000184,U
E01000959,E02000184,E09000007,Camden,E02000184,U
E01000960,E02000182,E09000007,Camden,E02000182,U
E01000961,E02000182,E09000007,Camden,E02000182,U
E01000962,E02000181,E09000007,Camden,E02000181,U
E01000963,E02000182,E09000007,Camden,E02000182,U
E01000964,E02000181,E09000007,Camden,E02000181,U
E01000965,E02000181,E09000007,Camden,E02000181,U
E01000966,E02000181,E09000007,Camden,E02000181,U
E01000967,E02000182,E09000007,Camden,E02000182,U
E01000968,E02000181,E09000007,Camden,E02000181,U
E01000969,E02000175,E09000007,Camden,E02000175,U
E01000970,E02000175,E09000007,Camden,E02000175,U
E01000971,E02000175,E09000007,Camden,E02000175,U
E01000972,E02000175,E09000007,Camden,E02000175,U
E01000973,E02000175,E09000007,Camden,E02000175,U
E01000974,E02000178,E09000007,Camden,E02000178,U
E01000975,E02000215,E09000008,Croydon,E02000215,U
E01000976,E02000215,E09000008,Croydon,E02000215,U
E01000977,E02000215,E09000008,Croydon,E02000215,U
E01000978,E02000215,E09000008,Croydon,E02000215,U
E01000979,E02000215,E09000008,Croydon,E02000215,U
E01000980,E02000210,E09000008,Croydon,E02000210,U
E01000981,E02000210,E09000008,Croydon,E02000210,U
E01000982,E02000210,E09000008,Croydon,E02000210,U
E01000983,E02000210,E09000008,Croydon,E02000210,U
E01000984,E02000215,E09000008,Croydon,E02000215,U
E01000985,E02000214,E09000008,Croydon,E02000214,U
E01000986,E02000214,E09000008,Croydon,E02000214,U
E01000987,E02000214,E09000008,Croydon,E02000214,U
E01000989,E02000211,E09000008,Croydon,E02000211,U
E01000990,E02006788,E09000008,Croydon,E02006788,U
E01000991,E02000211,E09000008,Croydon,E02000211,U
E01000992,E02000207,E09000008,Croydon,E02000207,U
E01000993,E02000214,E09000008,Croydon,E02000214,U
E01000994,E02000202,E09000008,Croydon,E02000202,U
E01000995,E02000202,E09000008,Croydon,E02000202,U
E01000996,E02000202,E09000008,Croydon,E02000202,U
E01000997,E02000202,E09000008,Croydon,E02000202,U
E01000998,E02000203,E09000008,Croydon,E02000203,U
E01000999,E02000202,E09000008,Croydon,E02000202,U
E01001000,E02000203,E09000008,Croydon,E02000203,U
E01001001,E02000206,E09000008,Croydon,E02000206,U
E01001002,E02000202,E09000008,Croydon,E02000202,U
E01001003,E02000203,E09000008,Croydon,E02000203,U
E01001004,E02000208,E09000008,Croydon,E02000208,U
E01001005,E02000212,E09000008,Croydon,E02000212,U
E01001006,E02000209,E09000008,Croydon,E02000209,U
E01001007,E02000209,E09000008,Croydon,E02000209,U
E01001008,E02000212,E09000008,Croydon,E02000212,U
E01001009,E02000212,E09000008,Croydon,E02000212,U
E01001010,E02000212,E09000008,Croydon,E02000212,U
E01001011,E02000212,E09000008,Croydon,E02000212,U
E01001012,E02000213,E09000008,Croydon,E02000213,U
E01001013,E02000213,E09000008,Croydon,E02000213,U
E01001015,E02000234,E09000008,Croydon,E02000234,U
E01001016,E02000234,E09000008,Croydon,E02000234,U
E01001017,E02000236,E09000008,Croydon,E02000236,U
E01001018,E02000237,E09000008,Croydon,E02000237,U
E01001019,E02000237,E09000008,Croydon,E02000237,U
E01001020,E02000237,E09000008,Croydon,E02000237,U
E01001021,E02000237,E09000008,Croydon,E02000237,U
E01001022,E02000237,E09000008,Croydon,E02000237,U
E01001023,E02000234,E09000008,Croydon,E02000234,U
E01001024,E02000236,E09000008,Croydon,E02000236,U
E01001025,E02000236,E09000008,Croydon,E02000236,U
E01001026,E02000236,E09000008,Croydon,E02000236,U
E01001027,E02000236,E09000008,Croydon,E02000236,U
E01001028,E02000231,E09000008,Croydon,E02000231,U
E01001029,E02000231,E09000008,Croydon,E02000231,U
E01001030,E02000231,E09000008,Croydon,E02000231,U
E01001031,E02000231,E09000008,Croydon,E02000231,U
E01001032,E02000228,E09000008,Croydon,E02000228,U
E01001033,E02000224,E09000008,Croydon,E02000224,U
E01001034,E02000224,E09000008,Croydon,E02000224,U
E01001035,E02006988,E09000008,Croydon,E02000220,S
E01001036,E02000222,E09000008,Croydon,E02000222,U
E01001037,E02000222,E09000008,Croydon,E02000222,U
E01001038,E02000222,E09000008,Croydon,E02000222,U
E01001039,E02000222,E09000008,Croydon,E02000222,U
E01001040,E02000222,E09000008,Croydon,E02000222,U
E01001041,E02000224,E09000008,Croydon,E02000224,U
E01001042,E02000217,E09000008,Croydon,E02000217,U
E01001044,E02000216,E09000008,Croydon,E02000216,U
E01001046,E02000216,E09000008,Croydon,E02000216,U
E01001047,E02006988,E09000008,Croydon,E02000220,S
E01001049,E02000216,E09000008,Croydon,E02000216,U
E01001050,E02000216,E09000008,Croydon,E02000216,U
E01001051,E02000223,E09000008,Croydon,E02000223,U
E01001052,E02000223,E09000008,Croydon,E02000223,U
E01001053,E02000225,E09000008,Croydon,E02000225,U
E01001054,E02000223,E09000008,Croydon,E02000223,U
E01001055,E02000225,E09000008,Croydon,E02000225,U
E01001056,E02000223,E09000008,Croydon,E02000223,U
E01001057,E02000223,E09000008,Croydon,E02000223,U
E01001058,E02000227,E09000008,Croydon,E02000227,U
E01001059,E02000227,E09000008,Croydon,E02000227,U
E01001060,E02000227,E09000008,Croydon,E02000227,U
E01001061,E02000227,E09000008,Croydon,E02000227,U
E01001062,E02000219,E09000008,Croydon,E02000219,U
E01001063,E02000219,E09000008,Croydon,E02000219,U
E01001064,E02000219,E09000008,Croydon,E02000219,U
E01001065,E02000227,E09000008,Croydon,E02000227,U
E01001066,E02000227,E09000008,Croydon,E02000227,U
E01001067,E02000234,E09000008,Croydon,E02000234,U
E01001068,E02000235,E09000008,Croydon,E02000235,U
E01001069,E02000233,E09000008,Croydon,E02000233,U
E01001070,E02000233,E09000008,Croydon,E02000233,U
E01001071,E02000235,E09000008,Croydon,E02000235,U
E01001072,E02000235,E09000008,Croydon,E02000235,U
E01001073,E02000230,E09000008,Croydon,E02000230,U
E01001074,E02000234,E09000008,Croydon,E02000234,U
E01001075,E02000233,E09000008,Croydon,E02000233,U
E01001076,E02000229,E09000008,Croydon,E02000229,U
E01001077,E02000225,E09000008,Croydon,E02000225,U
E01001078,E02000225,E09000008,Croydon,E02000225,U
E01001079,E02000229,E09000008,Croydon,E02000229,U
E01001080,E02000229,E09000008,Croydon,E02000229,U
E01001081,E02000229,E09000008,Croydon,E02000229,U
E01001082,E02000225,E09000008,Croydon,E02000225,U
E01001083,E02000196,E09000008,Croydon,E02000196,U
E01001084,E02000195,E09000008,Croydon,E02000195,U
E01001085,E02000197,E09000008,Croydon,E02000197,U
E01001086,E02000196,E09000008,Croydon,E02000196,U
E01001087,E02000196,E09000008,Croydon,E02000196,U
E01001088,E02000197,E09000008,Croydon,E02000197,U
E01001089,E02000197,E09000008,Croydon,E02000197,U
E01001090,E02000197,E09000008,Croydon,E02000197,U
E01001091,E02000197,E09000008,Croydon,E02000197,U
E01001092,E02000230,E09000008,Croydon,E02000230,U
E01001093,E02000230,E09000008,Croydon,E02000230,U
E01001094,E02000231,E09000008,Croydon,E02000231,U
E01001095,E02000224,E09000008,Croydon,E02000224,U
E01001096,E02000230,E09000008,Croydon,E02000230,U
E01001097,E02000230,E09000008,Croydon,E02000230,U
E01001098,E02000230,E09000008,Croydon,E02000230,U
E01001099,E02000233,E09000008,Croydon,E02000233,U
E01001100,E02000224,E09000008,Croydon,E02000224,U
E01001101,E02000228,E09000008,Croydon,E02000228,U
E01001102,E02000228,E09000008,Croydon,E02000228,U
E01001103,E02000232,E09000008,Croydon,E02000232,U
E01001104,E02000235,E09000008,Croydon,E02000235,U
E01001105,E02000232,E09000008,Croydon,E02000232,U
E01001106,E02000232,E09000008,Croydon,E02000232,U
E01001107,E02000228,E09000008,Croydon,E02000228,U
E01001108,E02000228,E09000008,Croydon,E02000228,U
E01001109,E02000206,E09000008,Croydon,E02000206,U
E01001110,E02000213,E09000008,Croydon,E02000213,U
E01001111,E02000203,E09000008,Croydon,E02000203,U
E01001112,E02000206,E09000008,Croydon,E02000206,U
E01001113,E02000206,E09000008,Croydon,E02000206,U
E01001114,E02000206,E09000008,Croydon,E02000206,U
E01001115,E02000208,E09000008,Croydon,E02000208,U
E01001116,E02000206,E09000008,Croydon,E02000206,U
E01001118,E02000213,E09000008,Croydon,E02000213,U
E01001119,E02000227,E09000008,Croydon,E02000227,U
E01001120,E02000226,E09000008,Croydon,E02000226,U
E01001121,E02000232,E09000008,Croydon,E02000232,U
E01001122,E02000226,E09000008,Croydon,E02000226,U
E01001123,E02000226,E09000008,Croydon,E02000226,U
E01001124,E02000226,E09000008,Croydon,E02000226,U
E01001125,E02000226,E09000008,Croydon,E02000226,U
E01001126,E02000227,E09000008,Croydon,E02000227,U
E01001127,E02000218,E09000008,Croydon,E02000218,U
E01001128,E02000218,E09000008,Croydon,E02000218,U
E01001129,E02000219,E09000008,Croydon,E02000219,U
E01001130,E02000218,E09000008,Croydon,E02000218,U
E01001131,E02000211,E09000008,Croydon,E02000211,U
E01001132,E02000211,E09000008,Croydon,E02000211,U
E01001133,E02000219,E09000008,Croydon,E02000219,U
E01001134,E02000211,E09000008,Croydon,E02000211,U
E01001135,E02000218,E09000008,Croydon,E02000218,U
E01001136,E02000200,E09000008,Croydon,E02000200,U
E01001137,E02000194,E09000008,Croydon,E02000194,U
E01001138,E02000194,E09000008,Croydon,E02000194,U
E01001139,E02000200,E09000008,Croydon,E02000200,U
E01001140,E02000200,E09000008,Croydon,E02000200,U
E01001141,E02000201,E09000008,Croydon,E02000201,U
E01001142,E02000200,E09000008,Croydon,E02000200,U
E01001143,E02000201,E09000008,Croydon,E02000201,U
E01001144,E02000200,E09000008,Croydon,E02000200,U
E01001145,E02000201,E09000008,Croydon,E02000201,U
E01001146,E02000199,E09000008,Croydon,E02000199,U
E01001147,E02000198,E09000008,Croydon,E02000198,U
E01001148,E02000198,E09000008,Croydon,E02000198,U
E01001149,E02000199,E09000008,Croydon,E02000199,U
E01001150,E02000199,E09000008,Croydon,E02000199,U
E01001151,E02000198,E09000008,Croydon,E02000198,U
E01001152,E02000198,E09000008,Croydon,E02000198,U
E01001153,E02000199,E09000008,Croydon,E02000199,U
E01001154,E02000199,E09000008,Croydon,E02000199,U
E01001155,E02000203,E09000008,Croydon,E02000203,U
E01001156,E02000194,E09000008,Croydon,E02000194,U
E01001157,E02000195,E09000008,Croydon,E02000195,U
E01001158,E02000198,E09000008,Croydon,E02000198,U
E01001159,E02000195,E09000008,Croydon,E02000195,U
E01001160,E02000195,E09000008,Croydon,E02000195,U
E01001161,E02000196,E09000008,Croydon,E02000196,U
E01001162,E02000194,E09000008,Croydon,E02000194,U
E01001163,E02000195,E09000008,Croydon,E02000195,U
E01001164,E02000194,E09000008,Croydon,E02000194,U
E01001165,E02000217,E09000008,Croydon,E02000217,U
E01001166,E02000217,E09000008,Croydon,E02000217,U
E01001167,E02000221,E09000008,Croydon,E02000221,U
E01001168,E02000217,E09000008,Croydon,E02000217,U
E01001169,E02000221,E09000008,Croydon,E02000221,U
E01001170,E02006988,E09000008,Croydon,E02000220,S
E01001171,E02000221,E09000008,Croydon,E02000221,U
E01001172,E02000221,E09000008,Croydon,E02000221,U
E01001173,E02000221,E09000008,Croydon,E02000221,U
E01001174,E02000204,E09000008,Croydon,E02000204,U
E01001175,E02000204,E09000008,Croydon,E02000204,U
E01001176,E02000204,E09000008,Croydon,E02000204,U
E01001177,E02000209,E09000008,Croydon,E02000209,U
E01001178,E02000208,E09000008,Croydon,E02000208,U
E01001179,E02000209,E09000008,Croydon,E02000209,U
E01001180,E02000209,E09000008,Croydon,E02000209,U
E01001181,E02000208,E09000008,Croydon,E02000208,U
E01001182,E02000204,E09000008,Croydon,E02000204,U
E01001183,E02000204,E09000008,Croydon,E02000204,U
E01001184,E02000204,E09000008,Croydon,E02000204,U
E01001185,E02000207,E09000008,Croydon,E02000207,U
E01001186,E02000207,E09000008,Croydon,E02000207,U
E01001187,E02000210,E09000008,Croydon,E02000210,U
E01001188,E02000207,E09000008,Croydon,E02000207,U
E01001189,E02006788,E09000008,Croydon,E02006788,U
E01001190,E02006788,E09000008,Croydon,E02006788,U
E01001191,E02000201,E09000008,Croydon,E02000201,U
E01001192,E02000201,E09000008,Croydon,E02000201,U
E01001193,E02000207,E09000008,Croydon,E02000207,U
E01001194,E02006788,E09000008,Croydon,E02006788,U
E01001195,E02000258,E09000009,Ealing,E02000258,U
E01001196,E02000252,E09000009,Ealing,E02000252,U
E01001197,E02000258,E09000009,Ealing,E02000258,U
E01001198,E02000258,E09000009,Ealing,E02000258,U
E01001199,E02000258,E09000009,Ealing,E02000258,U
E01001200,E02000262,E09000009,Ealing,E02000262,U
E01001201,E02000262,E09000009,Ealing,E02000262,U
E01001202,E02000262,E09000009,Ealing,E02000262,U
E01001203,E02000262,E09000009,Ealing,E02000262,U
E01001204,E02000255,E09000009,Ealing,E02000255,U
E01001205,E02000255,E09000009,Ealing,E02000255,U
E01001206,E02000255,E09000009,Ealing,E02000255,U
E01001207,E02000255,E09000009,Ealing,E02000255,U
E01001208,E02000255,E09000009,Ealing,E02000255,U
E01001209,E02000250,E09000009,Ealing,E02000250,U
E01001210,E02000253,E09000009,Ealing,E02000253,U
E01001211,E02000250,E09000009,Ealing,E02000250,U
E01001212,E02000255,E09000009,Ealing,E02000255,U
E01001213,E02000260,E09000009,Ealing,E02000260,U
E01001214,E02000260,E09000009,Ealing,E02000260,U
E01001215,E02000260,E09000009,Ealing,E02000260,U
E01001216,E02000260,E09000009,Ealing,E02000260,U
E01001217,E02000251,E09000009,Ealing,E02000251,U
E01001218,E02000249,E09000009,Ealing,E02000249,U
E01001219,E02000266,E09000009,Ealing,E02000266,U
E01001220,E02000266,E09000009,Ealing,E02000266,U
E01001223,E02006968,E09000009,Ealing,E02000257,S
E01001224,E02000256,E09000009,Ealing,E02000256,U
E01001225,E02006968,E09000009,Ealing,E02000257,S
E01001226,E02000256,E09000009,Ealing,E02000256,U
E01001227,E02000256,E09000009,Ealing,E02000256,U
E01001228,E02000256,E09000009,Ealing,E02000256,U
E01001229,E02000268,E09000009,Ealing,E02000268,U
E01001230,E02000268,E09000009,Ealing,E02000268,U
E01001231,E02000264,E09000009,Ealing,E02000264,U
E01001232,E02000268,E09000009,Ealing,E02000268,U
E01001233,E02000268,E09000009,Ealing,E02000268,U
E01001234,E02000264,E09000009,Ealing,E02000264,U
E01001235,E02006969,E09000009,Ealing,E02000257,S
E01001236,E02006969,E09000009,Ealing,E02000257,S
E01001237,E02000268,E09000009,Ealing,E02000268,U
E01001239,E02000252,E09000009,Ealing,E02000252,U
E01001240,E02000261,E09000009,Ealing,E02000261,U
E01001241,E02000261,E09000009,Ealing,E02000261,U
E01001242,E02000261,E09000009,Ealing,E02000261,U
E01001243,E02000261,E09000009,Ealing,E02000261,U
E01001244,E02000261,E09000009,Ealing,E02000261,U
E01001245,E02000261,E09000009,Ealing,E02000261,U
E01001246,E02000252,E09000009,Ealing,E02000252,U
E01001247,E02000252,E09000009,Ealing,E02000252,U
E01001248,E02000272,E09000009,Ealing,E02000272,U
E01001249,E02000265,E09000009,Ealing,E02000265,U
E01001250,E02000265,E09000009,Ealing,E02000265,U
E01001251,E02000267,E09000009,Ealing,E02000267,U
E01001252,E02000267,E09000009,Ealing,E02000267,U
E01001253,E02000267,E09000009,Ealing,E02000267,U
E01001254,E02000267,E09000009,Ealing,E02000267,U
E01001255,E02000265,E09000009,Ealing,E02000265,U
E01001257,E02000245,E09000009,Ealing,E02000245,U
E01001258,E02000247,E09000009,Ealing,E02000247,U
E01001259,E02000251,E09000009,Ealing,E02000251,U
E01001260,E02000249,E09000009,Ealing,E02000249,U
E01001261,E02000249,E09000009,Ealing,E02000249,U
E01001262,E02000247,E09000009,Ealing,E02000247,U
E01001263,E02000247,E09000009,Ealing,E02000247,U
E01001264,E02000247,E09000009,Ealing,E02000247,U
E01001265,E02000243,E09000009,Ealing,E02000243,U
E01001266,E02000243,E09000009,Ealing,E02000243,U
E01001267,E02000243,E09000009,Ealing,E02000243,U
E01001268,E02000249,E09000009,Ealing,E02000249,U
E01001269,E02000238,E09000009,Ealing,E02000238,U
E01001270,E02000241,E09000009,Ealing,E02000241,U
E01001271,E02000238,E09000009,Ealing,E02000238,U
E01001272,E02000243,E09000009,Ealing,E02000243,U
E01001273,E02006968,E09000009,Ealing,E02000257,S
E01001274,E02006968,E09000009,Ealing,E02000257,S
E01001275,E02006968,E09000009,Ealing,E02000257,S
E01001276,E02000248,E09000009,Ealing,E02000248,U
E01001277,E02000248,E09000009,Ealing,E02000248,U
E01001278,E02000248,E09000009,Ealing,E02000248,U
E01001279,E02000250,E09000009,Ealing,E02000250,U
E01001280,E02000248,E09000009,Ealing,E02000248,U
E01001281,E02000250,E09000009,Ealing,E02000250,U
E01001282,E02000253,E09000009,Ealing,E02000253,U
E01001283,E02000253,E09000009,Ealing,E02000253,U
E01001284,E02000259,E09000009,Ealing,E02000259,U
E01001285,E02000253,E09000009,Ealing,E02000253,U
E01001286,E02000253,E09000009,Ealing,E02000253,U
E01001287,E02000253,E09000009,Ealing,E02000253,U
E01001288,E02000259,E09000009,Ealing,E02000259,U
E01001289,E02000259,E09000009,Ealing,E02000259,U
E01001290,E02000259,E09000009,Ealing,E02000259,U
E01001291,E02000251,E09000009,Ealing,E02000251,U
E01001292,E02000251,E09000009,Ealing,E02000251,U
E01001293,E02000251,E09000009,Ealing,E02000251,U
E01001294,E02000254,E09000009,Ealing,E02000254,U
E01001295,E02000254,E09000009,Ealing,E02000254,U
E01001296,E02000254,E09000009,Ealing,E02000254,U
E01001297,E02000254,E09000009,Ealing,E02000254,U
E01001298,E02000254,E09000009,Ealing,E02000254,U
E01001299,E02000272,E09000009,Ealing,E02000272,U
E01001300,E02000276,E09000009,Ealing,E02000276,U
E01001301,E02000276,E09000009,Ealing,E02000276,U
E01001302,E02000276,E09000009,Ealing,E02000276,U
E01001303,E02000269,E09000009,Ealing,E02000269,U
E01001304,E02000276,E09000009,Ealing,E02000276,U
E01001305,E02000272,E09000009,Ealing,E02000272,U
E01001306,E02000272,E09000009,Ealing,E02000272,U
E01001307,E02000239,E09000009,Ealing,E02000239,U
E01001308,E02000239,E09000009,Ealing,E02000239,U
E01001309,E02000238,E09000009,Ealing,E02000238,U
E01001310,E02000238,E09000009,Ealing,E02000238,U
E01001311,E02000238,E09000009,Ealing,E02000238,U
E01001312,E02000239,E09000009,Ealing,E02000239,U
E01001313,E02000239,E09000009,Ealing,E02000239,U
E01001314,E02000239,E09000009,Ealing,E02000239,U
E01001315,E02000240,E09000009,Ealing,E02000240,U
E01001316,E02000240,E09000009,Ealing,E02000240,U
E01001317,E02000240,E09000009,Ealing,E02000240,U
E01001318,E02000240,E09000009,Ealing,E02000240,U
E01001319,E02000241,E09000009,Ealing,E02000241,U
E01001320,E02000240,E09000009,Ealing,E02000240,U
E01001321,E02000240,E09000009,Ealing,E02000240,U
E01001322,E02000241,E09000009,Ealing,E02000241,U
E01001323,E02000241,E09000009,Ealing,E02000241,U
E01001324,E02000245,E09000009,Ealing,E02000245,U
E01001325,E02000246,E09000009,Ealing,E02000246,U
E01001326,E02000245,E09000009,Ealing,E02000245,U
E01001327,E02000246,E09000009,Ealing,E02000246,U
E01001328,E02000246,E09000009,Ealing,E02000246,U
E01001329,E02000246,E09000009,Ealing,E02000246,U
E01001330,E02000245,E09000009,Ealing,E02000245,U
E01001331,E02000246,E09000009,Ealing,E02000246,U
E01001332,E02000245,E09000009,Ealing,E02000245,U
E01001333,E02000275,E09000009,Ealing,E02000275,U
E01001334,E02000266,E09000009,Ealing,E02000266,U
E01001335,E02000275,E09000009,Ealing,E02000275,U
E01001336,E02000275,E09000009,Ealing,E02000275,U
E01001337,E02000266,E09000009,Ealing,E02000266,U
E01001338,E02000266,E09000009,Ealing,E02000266,U
E01001339,E02000266,E09000009,Ealing,E02000266,U
E01001340,E02000266,E09000009,Ealing,E02000266,U
E01001341,E02000242,E09000009,Ealing,E02000242,U
E01001342,E02000242,E09000009,Ealing,E02000242,U
E01001343,E02000242,E09000009,Ealing,E02000242,U
E01001344,E02000244,E09000009,Ealing,E02000244,U
E01001345,E02000242,E09000009,Ealing,E02000242,U
E01001346,E02000244,E09000009,Ealing,E02000244,U
E01001347,E02000244,E09000009,Ealing,E02000244,U
E01001348,E02000244,E09000009,Ealing,E02000244,U
E01001349,E02000243,E09000009,Ealing,E02000243,U
E01001350,E02000264,E09000009,Ealing,E02000264,U
E01001351,E02000262,E09000009,Ealing,E02000262,U
E01001352,E02000264,E09000009,Ealing,E02000264,U
E01001353,E02000270,E09000009,Ealing,E02000270,U
E01001354,E02000264,E09000009,Ealing,E02000264,U
E01001355,E02000270,E09000009,Ealing,E02000270,U
E01001356,E02000270,E09000009,Ealing,E02000270,U
E01001357,E02000270,E09000009,Ealing,E02000270,U
E01001358,E02000270,E09000009,Ealing,E02000270,U
E01001359,E02000263,E09000009,Ealing,E02000263,U
E01001360,E02000263,E09000009,Ealing,E02000263,U
E01001361,E02000260,E09000009,Ealing,E02000260,U
E01001362,E02000263,E09000009,Ealing,E02000263,U
E01001363,E02000263,E09000009,Ealing,E02000263,U
E01001364,E02000263,E09000009,Ealing,E02000263,U
E01001365,E02000263,E09000009,Ealing,E02000263,U
E01001366,E02006971,E09000009,Ealing,E02000274,S
E01001367,E02006970,E09000009,Ealing,E02000274,S
E01001368,E02006971,E09000009,Ealing,E02000274,S
E01001369,E02000275,E09000009,Ealing,E02000275,U
E01001370,E02006971,E09000009,Ealing,E02000274,S
E01001371,E02006971,E09000009,Ealing,E02000274,S
E01001372,E02006970,E09000009,Ealing,E02000274,S
E01001373,E02006970,E09000009,Ealing,E02000274,S
E01001374,E02006791,E09000009,Ealing,E02006791,U
E01001375,E02000271,E09000009,Ealing,E02000271,U
E01001376,E02006791,E09000009,Ealing,E02006791,U
E01001377,E02000271,E09000009,Ealing,E02000271,U
E01001379,E02000271,E09000009,Ealing,E02000271,U
E01001380,E02006791,E09000009,Ealing,E02006791,U
E01001381,E02000271,E09000009,Ealing,E02000271,U
E01001382,E02000269,E09000009,Ealing,E02000269,U
E01001383,E02000265,E09000009,Ealing,E02000265,U
E01001384,E02000269,E09000009,Ealing,E02000269,U
E01001385,E02000269,E09000009,Ealing,E02000269,U
E01001386,E02000268,E09000009,Ealing,E02000268,U
E01001387,E02000269,E09000009,Ealing,E02000269,U
E01001388,E02000265,E09000009,Ealing,E02000265,U
E01001389,E02000265,E09000009,Ealing,E02000265,U
E01001390,E02000312,E09000010,Enfield,E02000312,U
E01001391,E02000312,E09000010,Enfield,E02000312,U
E01001392,E02000308,E09000010,Enfield,E02000308,U
E01001393,E02000312,E09000010,Enfield,E02000312,U
E01001394,E02000311,E09000010,Enfield,E02000311,U
E01001395,E02000311,E09000010,Enfield,E02000311,U
E01001396,E02000312,E09000010,Enfield,E02000312,U
E01001397,E02000311,E09000010,Enfield,E02000311,U
E01001398,E02000297,E09000010,Enfield,E02000297,U
E01001399,E02000297,E09000010,Enfield,E02000297,U
E01001400,E02000297,E09000010,Enfield,E02000297,U
E01001401,E02000292,E09000010,Enfield,E02000292,U
E01001402,E02000297,E09000010,Enfield,E02000297,U
E01001403,E02000297,E09000010,Enfield,E02000297,U
E01001404,E02000302,E09000010,Enfield,E02000302,U
E01001405,E02000291,E09000010,Enfield,E02000291,U
E01001406,E02000291,E09000010,Enfield,E02000291,U
E01001407,E02000281,E09000010,Enfield,E02000281,U
E01001408,E02000280,E09000010,Enfield,E02000280,U
E01001409,E02000281,E09000010,Enfield,E02000281,U
E01001410,E02000281,E09000010,Enfield,E02000281,U
E01001411,E02000280,E09000010,Enfield,E02000280,U
E01001412,E02000280,E09000010,Enfield,E02000280,U
E01001413,E02000280,E09000010,Enfield,E02000280,U
E01001414,E02000280,E09000010,Enfield,E02000280,U
E01001415,E02000287,E09000010,Enfield,E02000287,U
E01001416,E02000289,E09000010,Enfield,E02000289,U
E01001417,E02000287,E09000010,Enfield,E02000287,U
E01001418,E02000287,E09000010,Enfield,E02000287,U
E01001419,E02000296,E09000010,Enfield,E02000296,U
E01001420,E02000296,E09000010,Enfield,E02000296,U
E01001421,E02000296,E09000010,Enfield,E02000296,U
E01001422,E02000287,E09000010,Enfield,E02000287,U
E01001423,E02000303,E09000010,Enfield,E02000303,U
E01001424,E02000306,E09000010,Enfield,E02000306,U
E01001425,E02000303,E09000010,Enfield,E02000303,U
E01001426,E02000306,E09000010,Enfield,E02000306,U
E01001427,E02000306,E09000010,Enfield,E02000306,U
E01001428,E02000303,E09000010,Enfield,E02000303,U
E01001429,E02000306,E09000010,Enfield,E02000306,U
E01001430,E02000306,E09000010,Enfield,E02000306,U
E01001431,E02000309,E09000010,Enfield,E02000309,U
E01001432,E02000309,E09000010,Enfield,E02000309,U
E01001433,E02000283,E09000010,Enfield,E02000283,U
E01001434,E02000283,E09000010,Enfield,E02000283,U
E01001435,E02000283,E09000010,Enfield,E02000283,U
E01001436,E02000283,E09000010,Enfield,E02000283,U
E01001437,E02000290,E09000010,Enfield,E02000290,U
E01001438,E02000283,E09000010,Enfield,E02000283,U
E01001439,E02000282,E09000010,Enfield,E02000282,U
E01001440,E02000288,E09000010,Enfield,E02000288,U
E01001441,E02000282,E09000010,Enfield,E02000282,U
E01001442,E02000278,E09000010,Enfield,E02000278,U
E01001444,E02000277,E09000010,Enfield,E02000277,U
E01001445,E02000279,E09000010,Enfield,E02000279,U
E01001446,E02000277,E09000010,Enfield,E02000277,U
E01001447,E02000279,E09000010,Enfield,E02000279,U
E01001448,E02000279,E09000010,Enfield,E02000279,U
E01001449,E02000279,E09000010,Enfield,E02000279,U
E01001450,E02000291,E09000010,Enfield,E02000291,U
E01001451,E02000293,E09000010,Enfield,E02000293,U
E01001452,E02000293,E09000010,Enfield,E02000293,U
E01001453,E02000293,E09000010,Enfield,E02000293,U
E01001454,E02000293,E09000010,Enfield,E02000293,U
E01001455,E02000297,E09000010,Enfield,E02000297,U
E01001456,E02000298,E09000010,Enfield,E02000298,U
E01001457,E02000286,E09000010,Enfield,E02000286,U
E01001458,E02006793,E09000010,Enfield,E02006793,U
E01001459,E02000300,E09000010,Enfield,E02000300,U
E01001460,E02000300,E09000010,Enfield,E02000300,U
E01001461,E02000303,E09000010,Enfield,E02000303,U
E01001462,E02000300,E09000010,Enfield,E02000300,U
E01001463,E02000307,E09000010,Enfield,E02000307,U
E01001464,E02000303,E09000010,Enfield,E02000303,U
E01001465,E02000307,E09000010,Enfield,E02000307,U
E01001466,E02000307,E09000010,Enfield,E02000307,U
E01001467,E02000307,E09000010,Enfield,E02000307,U
E01001468,E02000286,E09000010,Enfield,E02000286,U
E01001469,E02000284,E09000010,Enfield,E02000284,U
E01001470,E02000289,E09000010,Enfield,E02000289,U
E01001471,E02000286,E09000010,Enfield,E02000286,U
E01001472,E02000286,E09000010,Enfield,E02000286,U
E01001473,E02000289,E09000010,Enfield,E02000289,U
E01001474,E02000286,E09000010,Enfield,E02000286,U
E01001475,E02000289,E09000010,Enfield,E02000289,U
E01001476,E02000294,E09000010,Enfield,E02000294,U
E01001477,E02000294,E09000010,Enfield,E02000294,U
E01001478,E02000292,E09000010,Enfield,E02000292,U
E01001479,E02000299,E09000010,Enfield,E02000299,U
E01001480,E02000300,E09000010,Enfield,E02000300,U
E01001481,E02000294,E09000010,Enfield,E02000294,U
E01001482,E02000299,E09000010,Enfield,E02000299,U
E01001483,E02000301,E09000010,Enfield,E02000301,U
E01001484,E02000292,E09000010,Enfield,E02000292,U
E01001485,E02000301,E09000010,Enfield,E02000301,U
E01001486,E02000301,E09000010,Enfield,E02000301,U
E01001487,E02000299,E09000010,Enfield,E02000299,U
E01001488,E02000300,E09000010,Enfield,E02000300,U
E01001489,E02000299,E09000010,Enfield,E02000299,U
E01001491,E02000299,E09000010,Enfield,E02000299,U
E01001492,E02000301,E09000010,Enfield,E02000301,U
E01001493,E02000302,E09000010,Enfield,E02000302,U
E01001494,E02000302,E09000010,Enfield,E02000302,U
E01001495,E02000305,E09000010,Enfield,E02000305,U
E01001496,E02000302,E09000010,Enfield,E02000302,U
E01001497,E02000307,E09000010,Enfield,E02000307,U
E01001498,E02000305,E09000010,Enfield,E02000305,U
E01001499,E02000307,E09000010,Enfield,E02000307,U
E01001500,E02000311,E09000010,Enfield,E02000311,U
E01001501,E02000312,E09000010,Enfield,E02000312,U
E01001502,E02000294,E09000010,Enfield,E02000294,U
E01001503,E02000294,E09000010,Enfield,E02000294,U
E01001504,E02000288,E09000010,Enfield,E02000288,U
E01001505,E02000288,E09000010,Enfield,E02000288,U
E01001507,E02000288,E09000010,Enfield,E02000288,U
E01001508,E02000288,E09000010,Enfield,E02000288,U
E01001509,E02000290,E09000010,Enfield,E02000290,U
E01001511,E02000292,E09000010,Enfield,E02000292,U
E01001512,E02000291,E09000010,Enfield,E02000291,U
E01001513,E02000288,E09000010,Enfield,E02000288,U
E01001514,E02000292,E09000010,Enfield,E02000292,U
E01001515,E02000291,E09000010,Enfield,E02000291,U
E01001516,E02000281,E09000010,Enfield,E02000281,U
E01001517,E02000282,E09000010,Enfield,E02000282,U
E01001518,E02000292,E09000010,Enfield,E02000292,U
E01001520,E02000295,E09000010,Enfield,E02000295,U
E01001521,E02000304,E09000010,Enfield,E02000304,U
E01001522,E02000295,E09000010,Enfield,E02000295,U
E01001523,E02000295,E09000010,Enfield,E02000295,U
E01001524,E02000295,E09000010,Enfield,E02000295,U
E01001525,E02000296,E09000010,Enfield,E02000296,U
E01001526,E02000295,E09000010,Enfield,E02000295,U
E01001527,E02000312,E09000010,Enfield,E02000312,U
E01001528,E02000308,E09000010,Enfield,E02000308,U
E01001529,E02000308,E09000010,Enfield,E02000308,U
E01001530,E02000308,E09000010,Enfield,E02000308,U
E01001531,E02000304,E09000010,Enfield,E02000304,U
E01001532,E02000304,E09000010,Enfield,E02000304,U
E01001533,E02000304,E09000010,Enfield,E02000304,U
E01001534,E02000308,E09000010,Enfield,E02000308,U
E01001535,E02000304,E09000010,Enfield,E02000304,U
E01001536,E02000284,E09000010,Enfield,E02000284,U
E01001537,E02000281,E09000010,Enfield,E02000281,U
E01001538,E02000285,E09000010,Enfield,E02000285,U
E01001539,E02000285,E09000010,Enfield,E02000285,U
E01001540,E02000284,E09000010,Enfield,E02000284,U
E01001541,E02000284,E09000010,Enfield,E02000284,U
E01001542,E02000284,E09000010,Enfield,E02000284,U
E01001543,E02000285,E09000010,Enfield,E02000285,U
E01001544,E02000285,E09000010,Enfield,E02000285,U
E01001545,E02000278,E09000010,Enfield,E02000278,U
E01001546,E02000277,E09000010,Enfield,E02000277,U
E01001547,E02000278,E09000010,Enfield,E02000278,U
E01001548,E02000278,E09000010,Enfield,E02000278,U
E01001549,E02000282,E09000010,Enfield,E02000282,U
E01001550,E02000282,E09000010,Enfield,E02000282,U
E01001551,E02000278,E09000010,Enfield,E02000278,U
E01001552,E02000277,E09000010,Enfield,E02000277,U
E01001553,E02006793,E09000010,Enfield,E02006793,U
E01001554,E02006793,E09000010,Enfield,E02006793,U
E01001555,E02000309,E09000010,Enfield,E02000309,U
E01001556,E02000311,E09000010,Enfield,E02000311,U
E01001557,E02000309,E09000010,Enfield,E02000309,U
E01001558,E02000309,E09000010,Enfield,E02000309,U
E01001559,E02000309,E09000010,Enfield,E02000309,U
E01001560,E02000311,E09000010,Enfield,E02000311,U
E01001562,E02006793,E09000010,Enfield,E02006793,U
E01001563,E02000305,E09000010,Enfield,E02000305,U
E01001564,E02000298,E09000010,Enfield,E02000298,U
E01001565,E02000305,E09000010,Enfield,E02000305,U
E01001566,E02000305,E09000010,Enfield,E02000305,U
E01001567,E02000298,E09000010,Enfield,E02000298,U
E01001568,E02000298,E09000010,Enfield,E02000298,U
E01001569,E02000298,E09000010,Enfield,E02000298,U
E01001570,E02000302,E09000010,Enfield,E02000302,U
E01001571,E02000320,E09000011,Greenwich,E02000320,U
E01001572,E02000320,E09000011,Greenwich,E02000320,U
E01001573,E02000320,E09000011,Greenwich,E02000320,U
E01001574,E02000320,E09000011,Greenwich,E02000320,U
E01001575,E02000315,E09000011,Greenwich,E02000315,U
E01001576,E02000315,E09000011,Greenwich,E02000315,U
E01001577,E02000315,E09000011,Greenwich,E02000315,U
E01001578,E02000315,E09000011,Greenwich,E02000315,U
E01001579,E02000315,E09000011,Greenwich,E02000315,U
E01001580,E02000333,E09000011,Greenwich,E02000333,U
E01001581,E02000328,E09000011,Greenwich,E02000328,U
E01001582,E02000333,E09000011,Greenwich,E02000333,U
E01001583,E02000333,E09000011,Greenwich,E02000333,U
E01001584,E02000333,E09000011,Greenwich,E02000333,U
E01001585,E02000328,E09000011,Greenwich,E02000328,U
E01001586,E02000328,E09000011,Greenwich,E02000328,U
E01001587,E02000328,E09000011,Greenwich,E02000328,U
E01001588,E02000324,E09000011,Greenwich,E02000324,U
E01001589,E02000324,E09000011,Greenwich,E02000324,U
E01001590,E02000326,E09000011,Greenwich,E02000326,U
E01001591,E02000324,E09000011,Greenwich,E02000324,U
E01001592,E02000326,E09000011,Greenwich,E02000326,U
E01001593,E02000326,E09000011,Greenwich,E02000326,U
E01001594,E02000326,E09000011,Greenwich,E02000326,U
E01001595,E02000324,E09000011,Greenwich,E02000324,U
E01001596,E02000344,E09000011,Greenwich,E02000344,U
E01001597,E02000343,E09000011,Greenwich,E02000343,U
E01001598,E02000343,E09000011,Greenwich,E02000343,U
E01001599,E02000344,E09000011,Greenwich,E02000344,U
E01001600,E02000344,E09000011,Greenwich,E02000344,U
E01001601,E02000344,E09000011,Greenwich,E02000344,U
E01001602,E02000343,E09000011,Greenwich,E02000343,U
E01001603,E02000343,E09000011,Greenwich,E02000343,U
E01001604,E02000339,E09000011,Greenwich,E02000339,U
E01001605,E02000335,E09000011,Greenwich,E02000335,U
E01001606,E02000335,E09000011,Greenwich,E02000335,U
E01001607,E02000339,E09000011,Greenwich,E02000339,U
E01001608,E02000339,E09000011,Greenwich,E02000339,U
E01001609,E02000339,E09000011,Greenwich,E02000339,U
E01001610,E02000335,E09000011,Greenwich,E02000335,U
E01001611,E02000335,E09000011,Greenwich,E02000335,U
E01001613,E02000340,E09000011,Greenwich,E02000340,U
E01001614,E02000340,E09000011,Greenwich,E02000340,U
E01001615,E02000340,E09000011,Greenwich,E02000340,U
E01001617,E02000340,E09000011,Greenwich,E02000340,U
E01001618,E02000342,E09000011,Greenwich,E02000342,U
E01001619,E02000342,E09000011,Greenwich,E02000342,U
E01001620,E02000337,E09000011,Greenwich,E02000337,U
E01001621,E02000337,E09000011,Greenwich,E02000337,U
E01001623,E02000337,E09000011,Greenwich,E02000337,U
E01001624,E02000337,E09000011,Greenwich,E02000337,U
E01001625,E02000337,E09000011,Greenwich,E02000337,U
E01001629,E02000321,E09000011,Greenwich,E02000321,U
E01001631,E02000319,E09000011,Greenwich,E02000319,U
E01001632,E02000319,E09000011,Greenwich,E02000319,U
E01001633,E02000321,E09000011,Greenwich,E02000321,U
E01001634,E02000321,E09000011,Greenwich,E02000321,U
E01001635,E02000319,E09000011,Greenwich,E02000319,U
E01001636,E02000319,E09000011,Greenwich,E02000319,U
E01001637,E02000321,E09000011,Greenwich,E02000321,U
E01001638,E02006931,E09000011,Greenwich,E02006931,U
E01001641,E02006931,E09000011,Greenwich,E02006931,U
E01001642,E02006931,E09000011,Greenwich,E02006931,U
E01001644,E02006931,E09000011,Greenwich,E02006931,U
E01001645,E02000334,E09000011,Greenwich,E02000334,U
E01001646,E02000331,E09000011,Greenwich,E02000331,U
E01001647,E02000334,E09000011,Greenwich,E02000334,U
E01001648,E02000334,E09000011,Greenwich,E02000334,U
E01001649,E02000334,E09000011,Greenwich,E02000334,U
E01001650,E02000331,E09000011,Greenwich,E02000331,U
E01001651,E02000331,E09000011,Greenwich,E02000331,U
E01001652,E02000331,E09000011,Greenwich,E02000331,U
E01001653,E02000341,E09000011,Greenwich,E02000341,U
E01001654,E02000341,E09000011,Greenwich,E02000341,U
E01001655,E02000341,E09000011,Greenwich,E02000341,U
E01001656,E02006927,E09000011,Greenwich,E02006927,U
E01001657,E02006927,E09000011,Greenwich,E02006927,U
E01001658,E02006927,E09000011,Greenwich,E02006927,U
E01001659,E02006927,E09000011,Greenwich,E02006927,U
E01001660,E02000341,E09000011,Greenwich,E02000341,U
E01001661,E02000341,E09000011,Greenwich,E02000341,U
E01001664,E02006930,E09000011,Greenwich,E02006930,U
E01001665,E02006930,E09000011,Greenwich,E02006930,U
E01001666,E02006993,E09000011,Greenwich,E02006929,S
E01001669,E02006786,E09000011,Greenwich,E02006786,U
E01001671,E02006786,E09000011,Greenwich,E02006786,U
E01001672,E02000318,E09000011,Greenwich,E02000318,U
E01001673,E02000318,E09000011,Greenwich,E02000318,U
E01001674,E02000318,E09000011,Greenwich,E02000318,U
E01001675,E02000318,E09000011,Greenwich,E02000318,U
E01001676,E02006786,E09000011,Greenwich,E02006786,U
E01001677,E02000318,E09000011,Greenwich,E02000318,U
E01001678,E02000329,E09000011,Greenwich,E02000329,U
E01001679,E02000332,E09000011,Greenwich,E02000332,U
E01001680,E02000332,E09000011,Greenwich,E02000332,U
E01001681,E02000332,E09000011,Greenwich,E02000332,U
E01001682,E02000332,E09000011,Greenwich,E02000332,U
E01001683,E02000329,E09000011,Greenwich,E02000329,U
E01001684,E02000329,E09000011,Greenwich,E02000329,U
E01001685,E02000329,E09000011,Greenwich,E02000329,U
E01001686,E02000332,E09000011,Greenwich,E02000332,U
E01001687,E02000314,E09000011,Greenwich,E02000314,U
E01001688,E02000314,E09000011,Greenwich,E02000314,U
E01001690,E02000313,E09000011,Greenwich,E02000313,U
E01001692,E02000313,E09000011,Greenwich,E02000313,U
E01001693,E02000313,E09000011,Greenwich,E02000313,U
E01001694,E02000313,E09000011,Greenwich,E02000313,U
E01001695,E02000323,E09000011,Greenwich,E02000323,U
E01001696,E02000323,E09000011,Greenwich,E02000323,U
E01001697,E02000323,E09000011,Greenwich,E02000323,U
E01001698,E02000327,E09000011,Greenwich,E02000327,U
E01001699,E02000327,E09000011,Greenwich,E02000327,U
E01001700,E02000323,E09000011,Greenwich,E02000323,U
E01001701,E02000327,E09000011,Greenwich,E02000327,U
E01001702,E02000327,E09000011,Greenwich,E02000327,U
E01001703,E02000323,E09000011,Greenwich,E02000323,U
E01001704,E02000323,E09000011,Greenwich,E02000323,U
E01001705,E02000317,E09000011,Greenwich,E02000317,U
E01001708,E02000317,E09000011,Greenwich,E02000317,U
E01001710,E02000317,E09000011,Greenwich,E02000317,U
E01001712,E02006994,E09000011,Greenwich,E02000316,S
E01001714,E02000346,E09000012,Hackney,E02000346,U
E01001715,E02000351,E09000012,Hackney,E02000351,U
E01001716,E02000351,E09000012,Hackney,E02000351,U
E01001717,E02000351,E09000012,Hackney,E02000351,U
E01001718,E02000351,E09000012,Hackney,E02000351,U
E01001719,E02000351,E09000012,Hackney,E02000351,U
E01001720,E02000351,E09000012,Hackney,E02000351,U
E01001722,E02006921,E09000012,Hackney,E02006921,U
E01001723,E02000350,E09000012,Hackney,E02000350,U
E01001724,E02000350,E09000012,Hackney,E02000350,U
E01001725,E02000348,E09000012,Hackney,E02000348,U
E01001726,E02000348,E09000012,Hackney,E02000348,U
E01001727,E02000350,E09000012,Hackney,E02000350,U
E01001728,E02006921,E09000012,Hackney,E02006921,U
E01001729,E02000363,E09000012,Hackney,E02000363,U
E01001730,E02000363,E09000012,Hackney,E02000363,U
E01001731,E02000361,E09000012,Hackney,E02000361,U
E01001732,E02000363,E09000012,Hackney,E02000363,U
E01001733,E02000359,E09000012,Hackney,E02000359,U
E01001734,E02000361,E09000012,Hackney,E02000361,U
E01001735,E02000363,E09000012,Hackney,E02000363,U
E01001736,E02000356,E09000012,Hackney,E02000356,U
E01001737,E02000356,E09000012,Hackney,E02000356,U
E01001738,E02000356,E09000012,Hackney,E02000356,U
E01001739,E02000356,E09000012,Hackney,E02000356,U
E01001740,E02000358,E09000012,Hackney,E02000358,U
E01001741,E02000353,E09000012,Hackney,E02000353,U
E01001742,E02000352,E09000012,Hackney,E02000352,U
E01001744,E02007109,E09000012,Hackney,E02000365,S
E01001745,E02000360,E09000012,Hackney,E02000360,U
E01001746,E02000360,E09000012,Hackney,E02000360,U
E01001747,E02000358,E09000012,Hackney,E02000358,U
E01001749,E02000364,E09000012,Hackney,E02000364,U
E01001750,E02007109,E09000012,Hackney,E02000365,S
E01001751,E02007109,E09000012,Hackney,E02000365,S
E01001753,E02000369,E09000012,Hackney,E02000369,U
E01001755,E02000369,E09000012,Hackney,E02000369,U
E01001756,E02007108,E09000012,Hackney,E02000365,S
E01001757,E02000360,E09000012,Hackney,E02000360,U
E01001758,E02000360,E09000012,Hackney,E02000360,U
E01001759,E02000360,E09000012,Hackney,E02000360,U
E01001760,E02000361,E09000012,Hackney,E02000361,U
E01001761,E02000360,E09000012,Hackney,E02000360,U
E01001762,E02000361,E09000012,Hackney,E02000361,U
E01001763,E02000364,E09000012,Hackney,E02000364,U
E01001764,E02000354,E09000012,Hackney,E02000354,U
E01001765,E02000354,E09000012,Hackney,E02000354,U
E01001767,E02000354,E09000012,Hackney,E02000354,U
E01001768,E02000350,E09000012,Hackney,E02000350,U
E01001769,E02000350,E09000012,Hackney,E02000350,U
E01001770,E02000354,E09000012,Hackney,E02000354,U
E01001772,E02000368,E09000012,Hackney,E02000368,U
E01001773,E02000369,E09000012,Hackney,E02000369,U
E01001774,E02000368,E09000012,Hackney,E02000368,U
E01001775,E02000368,E09000012,Hackney,E02000368,U
E01001776,E02000369,E09000012,Hackney,E02000369,U
E01001777,E02007111,E09000012,Hackney,E02000371,S
E01001780,E02007110,E09000012,Hackney,E02000371,S
E01001781,E02000370,E09000012,Hackney,E02000370,U
E01001783,E02000370,E09000012,Hackney,E02000370,U
E01001784,E02007110,E09000012,Hackney,E02000371,S
E01001785,E02000359,E09000012,Hackney,E02000359,U
E01001786,E02000357,E09000012,Hackney,E02000357,U
E01001787,E02000357,E09000012,Hackney,E02000357,U
E01001788,E02000357,E09000012,Hackney,E02000357,U
E01001789,E02000359,E09000012,Hackney,E02000359,U
E01001790,E02000357,E09000012,Hackney,E02000357,U
E01001791,E02000359,E09000012,Hackney,E02000359,U
E01001792,E02000355,E09000012,Hackney,E02000355,U
E01001793,E02000355,E09000012,Hackney,E02000355,U
E01001794,E02000355,E09000012,Hackney,E02000355,U
E01001795,E02000355,E09000012,Hackney,E02000355,U
E01001796,E02000355,E09000012,Hackney,E02000355,U
E01001798,E02006918,E09000012,Hackney,E02006918,U
E01001799,E02000347,E09000012,Hackney,E02000347,U
E01001800,E02000348,E09000012,Hackney,E02000348,U
E01001801,E02000352,E09000012,Hackney,E02000352,U
E01001802,E02000347,E09000012,Hackney,E02000347,U
E01001803,E02000352,E09000012,Hackney,E02000352,U
E01001804,E02000347,E09000012,Hackney,E02000347,U
E01001805,E02000353,E09000012,Hackney,E02000353,U
E01001806,E02000352,E09000012,Hackney,E02000352,U
E01001807,E02000347,E09000012,Hackney,E02000347,U
E01001808,E02000345,E09000012,Hackney,E02000345,U
E01001809,E02000345,E09000012,Hackney,E02000345,U
E01001811,E02000346,E09000012,Hackney,E02000346,U
E01001812,E02000347,E09000012,Hackney,E02000347,U
E01001813,E02000346,E09000012,Hackney,E02000346,U
E01001814,E02000345,E09000012,Hackney,E02000345,U
E01001815,E02000368,E09000012,Hackney,E02000368,U
E01001816,E02000364,E09000012,Hackney,E02000364,U
E01001819,E02000364,E09000012,Hackney,E02000364,U
E01001820,E02000368,E09000012,Hackney,E02000368,U
E01001821,E02000368,E09000012,Hackney,E02000368,U
E01001822,E02006921,E09000012,Hackney,E02006921,U
E01001823,E02000345,E09000012,Hackney,E02000345,U
E01001824,E02000348,E09000012,Hackney,E02000348,U
E01001825,E02000345,E09000012,Hackney,E02000345,U
E01001826,E02000348,E09000012,Hackney,E02000348,U
E01001827,E02006921,E09000012,Hackney,E02006921,U
E01001828,E02006918,E09000012,Hackney,E02006918,U
E01001829,E02000353,E09000012,Hackney,E02000353,U
E01001830,E02000358,E09000012,Hackney,E02000358,U
E01001831,E02000353,E09000012,Hackney,E02000353,U
E01001832,E02000353,E09000012,Hackney,E02000353,U
E01001833,E02000358,E09000012,Hackney,E02000358,U
E01001834,E02000358,E09000012,Hackney,E02000358,U
E01001835,E02000358,E09000012,Hackney,E02000358,U
E01001836,E02000366,E09000012,Hackney,E02000366,U
E01001837,E02000367,E09000012,Hackney,E02000367,U
E01001838,E02000363,E09000012,Hackney,E02000363,U
E01001839,E02000367,E09000012,Hackney,E02000367,U
E01001840,E02000366,E09000012,Hackney,E02000366,U
E01001841,E02000366,E09000012,Hackney,E02000366,U
E01001842,E02000367,E09000012,Hackney,E02000367,U
E01001843,E02000367,E09000012,Hackney,E02000367,U
E01001844,E02000366,E09000012,Hackney,E02000366,U
E01001845,E02000366,E09000012,Hackney,E02000366,U
E01001846,E02000362,E09000012,Hackney,E02000362,U
E01001847,E02000362,E09000012,Hackney,E02000362,U
E01001848,E02000362,E09000012,Hackney,E02000362,U
E01001849,E02000362,E09000012,Hackney,E02000362,U
E01001850,E02000363,E09000012,Hackney,E02000363,U
E01001851,E02000381,E09000013,Hammersmith and Fulham,E02000381,U
E01001852,E02000378,E09000013,Hammersmith and Fulham,E02000378,U
E01001853,E02000378,E09000013,Hammersmith and Fulham,E02000378,U
E01001854,E02000378,E09000013,Hammersmith and Fulham,E02000378,U
E01001855,E02000381,E09000013,Hammersmith and Fulham,E02000381,U
E01001856,E02000381,E09000013,Hammersmith and Fulham,E02000381,U
E01001857,E02000378,E09000013,Hammersmith and Fulham,E02000378,U
E01001858,E02000377,E09000013,Hammersmith and Fulham,E02000377,U
E01001859,E02000379,E09000013,Hammersmith and Fulham,E02000379,U
E01001860,E02000377,E09000013,Hammersmith and Fulham,E02000377,U
E01001861,E02000377,E09000013,Hammersmith and Fulham,E02000377,U
E01001862,E02000376,E09000013,Hammersmith and Fulham,E02000376,U
E01001863,E02000377,E09000013,Hammersmith and Fulham,E02000377,U
E01001864,E02000377,E09000013,Hammersmith and Fulham,E02000377,U
E01001865,E02000379,E09000013,Hammersmith and Fulham,E02000379,U
E01001866,E02000383,E09000013,Hammersmith and Fulham,E02000383,U
E01001867,E02000383,E09000013,Hammersmith and Fulham,E02000383,U
E01001868,E02000383,E09000013,Hammersmith and Fulham,E02000383,U
E01001869,E02000381,E09000013,Hammersmith and Fulham,E02000381,U
E01001870,E02000383,E09000013,Hammersmith and Fulham,E02000383,U
E01001871,E02000383,E09000013,Hammersmith and Fulham,E02000383,U
E01001872,E02000383,E09000013,Hammersmith and Fulham,E02000383,U
E01001873,E02000381,E09000013,Hammersmith and Fulham,E02000381,U
E01001875,E02000372,E09000013,Hammersmith and Fulham,E02000372,U
E01001876,E02000372,E09000013,Hammersmith and Fulham,E02000372,U
E01001877,E02000372,E09000013,Hammersmith and Fulham,E02000372,U
E01001878,E02000372,E09000013,Hammersmith and Fulham,E02000372,U
E01001879,E02000390,E09000013,Hammersmith and Fulham,E02000390,U
E01001880,E02000388,E09000013,Hammersmith and Fulham,E02000388,U
E01001881,E02000388,E09000013,Hammersmith and Fulham,E02000388,U
E01001882,E02000388,E09000013,Hammersmith and Fulham,E02000388,U
E01001883,E02000388,E09000013,Hammersmith and Fulham,E02000388,U
E01001884,E02000388,E09000013,Hammersmith and Fulham,E02000388,U
E01001885,E02000386,E09000013,Hammersmith and Fulham,E02000386,U
E01001886,E02000387,E09000013,Hammersmith and Fulham,E02000387,U
E01001887,E02000387,E09000013,Hammersmith and Fulham,E02000387,U
E01001888,E02000389,E09000013,Hammersmith and Fulham,E02000389,U
E01001889,E02000385,E09000013,Hammersmith and Fulham,E02000385,U
E01001890,E02000387,E09000013,Hammersmith and Fulham,E02000387,U
E01001891,E02000389,E09000013,Hammersmith and Fulham,E02000389,U
E01001892,E02000387,E09000013,Hammersmith and Fulham,E02000387,U
E01001893,E02000384,E09000013,Hammersmith and Fulham,E02000384,U
E01001894,E02000384,E09000013,Hammersmith and Fulham,E02000384,U
E01001895,E02000380,E09000013,Hammersmith and Fulham,E02000380,U
E01001896,E02000380,E09000013,Hammersmith and Fulham,E02000380,U
E01001897,E02000380,E09000013,Hammersmith and Fulham,E02000380,U
E01001898,E02000384,E09000013,Hammersmith and Fulham,E02000384,U
E01001899,E02000384,E09000013,Hammersmith and Fulham,E02000384,U
E01001900,E02000384,E09000013,Hammersmith and Fulham,E02000384,U
E01001901,E02000390,E09000013,Hammersmith and Fulham,E02000390,U
E01001902,E02000390,E09000013,Hammersmith and Fulham,E02000390,U
E01001903,E02000390,E09000013,Hammersmith and Fulham,E02000390,U
E01001904,E02000393,E09000013,Hammersmith and Fulham,E02000393,U
E01001905,E02000393,E09000013,Hammersmith and Fulham,E02000393,U
E01001906,E02000393,E09000013,Hammersmith and Fulham,E02000393,U
E01001907,E02000393,E09000013,Hammersmith and Fulham,E02000393,U
E01001908,E02000386,E09000013,Hammersmith and Fulham,E02000386,U
E01001909,E02000386,E09000013,Hammersmith and Fulham,E02000386,U
E01001910,E02000385,E09000013,Hammersmith and Fulham,E02000385,U
E01001911,E02000386,E09000013,Hammersmith and Fulham,E02000386,U
E01001912,E02000386,E09000013,Hammersmith and Fulham,E02000386,U
E01001913,E02000385,E09000013,Hammersmith and Fulham,E02000385,U
E01001914,E02000385,E09000013,Hammersmith and Fulham,E02000385,U
E01001915,E02000395,E09000013,Hammersmith and Fulham,E02000395,U
E01001916,E02000395,E09000013,Hammersmith and Fulham,E02000395,U
E01001917,E02000389,E09000013,Hammersmith and Fulham,E02000389,U
E01001918,E02000389,E09000013,Hammersmith and Fulham,E02000389,U
E01001919,E02000389,E09000013,Hammersmith and Fulham,E02000389,U
E01001920,E02000391,E09000013,Hammersmith and Fulham,E02000391,U
E01001921,E02000391,E09000013,Hammersmith and Fulham,E02000391,U
E01001922,E02000391,E09000013,Hammersmith and Fulham,E02000391,U
E01001923,E02000391,E09000013,Hammersmith and Fulham,E02000391,U
E01001924,E02000391,E09000013,Hammersmith and Fulham,E02000391,U
E01001925,E02000396,E09000013,Hammersmith and Fulham,E02000396,U
E01001926,E02000395,E09000013,Hammersmith and Fulham,E02000395,U
E01001927,E02000379,E09000013,Hammersmith and Fulham,E02000379,U
E01001928,E02000382,E09000013,Hammersmith and Fulham,E02000382,U
E01001929,E02000380,E09000013,Hammersmith and Fulham,E02000380,U
E01001930,E02000379,E09000013,Hammersmith and Fulham,E02000379,U
E01001931,E02000382,E09000013,Hammersmith and Fulham,E02000382,U
E01001932,E02000382,E09000013,Hammersmith and Fulham,E02000382,U
E01001933,E02000382,E09000013,Hammersmith and Fulham,E02000382,U
E01001934,E02000396,E09000013,Hammersmith and Fulham,E02000396,U
E01001935,E02000394,E09000013,Hammersmith and Fulham,E02000394,U
E01001937,E02000396,E09000013,Hammersmith and Fulham,E02000396,U
E01001938,E02000396,E09000013,Hammersmith and Fulham,E02000396,U
E01001940,E02000376,E09000013,Hammersmith and Fulham,E02000376,U
E01001941,E02000376,E09000013,Hammersmith and Fulham,E02000376,U
E01001942,E02000376,E09000013,Hammersmith and Fulham,E02000376,U
E01001943,E02000375,E09000013,Hammersmith and Fulham,E02000375,U
E01001944,E02000375,E09000013,Hammersmith and Fulham,E02000375,U
E01001945,E02000375,E09000013,Hammersmith and Fulham,E02000375,U
E01001946,E02000375,E09000013,Hammersmith and Fulham,E02000375,U
E01001947,E02000392,E09000013,Hammersmith and Fulham,E02000392,U
E01001948,E02000392,E09000013,Hammersmith and Fulham,E02000392,U
E01001949,E02000392,E09000013,Hammersmith and Fulham,E02000392,U
E01001950,E02000392,E09000013,Hammersmith and Fulham,E02000392,U
E01001951,E02000392,E09000013,Hammersmith and Fulham,E02000392,U
E01001952,E02000395,E09000013,Hammersmith and Fulham,E02000395,U
E01001953,E02000392,E09000013,Hammersmith and Fulham,E02000392,U
E01001954,E02000374,E09000013,Hammersmith and Fulham,E02000374,U
E01001955,E02000373,E09000013,Hammersmith and Fulham,E02000373,U
E01001956,E02000374,E09000013,Hammersmith and Fulham,E02000374,U
E01001957,E02000373,E09000013,Hammersmith and Fulham,E02000373,U
E01001958,E02000373,E09000013,Hammersmith and Fulham,E02000373,U
E01001959,E02000374,E09000013,Hammersmith and Fulham,E02000374,U
E01001960,E02000374,E09000013,Hammersmith and Fulham,E02000374,U
E01001961,E02000373,E09000013,Hammersmith and Fulham,E02000373,U
E01001962,E02000400,E09000014,Haringey,E02000400,U
E01001963,E02000405,E09000014,Haringey,E02000405,U
E01001964,E02000405,E09000014,Haringey,E02000405,U
E01001965,E02000405,E09000014,Haringey,E02000405,U
E01001966,E02000405,E09000014,Haringey,E02000405,U
E01001967,E02000410,E09000014,Haringey,E02000410,U
E01001968,E02000410,E09000014,Haringey,E02000410,U
E01001969,E02000397,E09000014,Haringey,E02000397,U
E01001970,E02000400,E09000014,Haringey,E02000400,U
E01001971,E02000397,E09000014,Haringey,E02000397,U
E01001972,E02000400,E09000014,Haringey,E02000400,U
E01001973,E02000400,E09000014,Haringey,E02000400,U
E01001974,E02000397,E09000014,Haringey,E02000397,U
E01001975,E02000397,E09000014,Haringey,E02000397,U
E01001976,E02000407,E09000014,Haringey,E02000407,U
E01001977,E02000407,E09000014,Haringey,E02000407,U
E01001978,E02000407,E09000014,Haringey,E02000407,U
E01001979,E02000407,E09000014,Haringey,E02000407,U
E01001980,E02000414,E09000014,Haringey,E02000414,U
E01001981,E02000414,E09000014,Haringey,E02000414,U
E01001982,E02000414,E09000014,Haringey,E02000414,U
E01001983,E02000414,E09000014,Haringey,E02000414,U
E01001984,E02000429,E09000014,Haringey,E02000429,U
E01001985,E02000429,E09000014,Haringey,E02000429,U
E01001986,E02000430,E09000014,Haringey,E02000430,U
E01001987,E02000429,E09000014,Haringey,E02000429,U
E01001988,E02000430,E09000014,Haringey,E02000430,U
E01001989,E02000429,E09000014,Haringey,E02000429,U
E01001990,E02000430,E09000014,Haringey,E02000430,U
E01001991,E02000413,E09000014,Haringey,E02000413,U
E01001992,E02000413,E09000014,Haringey,E02000413,U
E01001993,E02000413,E09000014,Haringey,E02000413,U
E01001994,E02000426,E09000014,Haringey,E02000426,U
E01001995,E02000413,E09000014,Haringey,E02000413,U
E01001996,E02000410,E09000014,Haringey,E02000410,U
E01001997,E02000410,E09000014,Haringey,E02000410,U
E01001998,E02000419,E09000014,Haringey,E02000419,U
E01001999,E02000419,E09000014,Haringey,E02000419,U
E01002000,E02000427,E09000014,Haringey,E02000427,U
E01002001,E02000427,E09000014,Haringey,E02000427,U
E01002002,E02000427,E09000014,Haringey,E02000427,U
E01002003,E02000419,E09000014,Haringey,E02000419,U
E01002004,E02000419,E09000014,Haringey,E02000419,U
E01002005,E02000431,E09000014,Haringey,E02000431,U
E01002006,E02000431,E09000014,Haringey,E02000431,U
E01002007,E02000431,E09000014,Haringey,E02000431,U
E01002008,E02000426,E09000014,Haringey,E02000426,U
E01002009,E02000431,E09000014,Haringey,E02000431,U
E01002010,E02000426,E09000014,Haringey,E02000426,U
E01002011,E02000426,E09000014,Haringey,E02000426,U
E01002013,E02000418,E09000014,Haringey,E02000418,U
E01002014,E02000416,E09000014,Haringey,E02000416,U
E01002015,E02000416,E09000014,Haringey,E02000416,U
E01002016,E02000424,E09000014,Haringey,E02000424,U
E01002017,E02000424,E09000014,Haringey,E02000424,U
E01002018,E02000416,E09000014,Haringey,E02000416,U
E01002019,E02000418,E09000014,Haringey,E02000418,U
E01002020,E02000417,E09000014,Haringey,E02000417,U
E01002021,E02000418,E09000014,Haringey,E02000418,U
E01002022,E02000417,E09000014,Haringey,E02000417,U
E01002023,E02000417,E09000014,Haringey,E02000417,U
E01002024,E02000418,E09000014,Haringey,E02000418,U
E01002025,E02000417,E09000014,Haringey,E02000417,U
E01002026,E02000412,E09000014,Haringey,E02000412,U
E01002027,E02000406,E09000014,Haringey,E02000406,U
E01002028,E02000406,E09000014,Haringey,E02000406,U
E01002029,E02000412,E09000014,Haringey,E02000412,U
E01002030,E02000412,E09000014,Haringey,E02000412,U
E01002031,E02000412,E09000014,Haringey,E02000412,U
E01002032,E02000406,E09000014,Haringey,E02000406,U
E01002033,E02000406,E09000014,Haringey,E02000406,U
E01002034,E02006794,E09000014,Haringey,E02006794,U
E01002036,E02000398,E09000014,Haringey,E02000398,U
E01002037,E02000398,E09000014,Haringey,E02000398,U
E01002038,E02006794,E09000014,Haringey,E02006794,U
E01002039,E02000398,E09000014,Haringey,E02000398,U
E01002040,E02000398,E09000014,Haringey,E02000398,U
E01002041,E02006794,E09000014,Haringey,E02006794,U
E01002042,E02000423,E09000014,Haringey,E02000423,U
E01002043,E02000422,E09000014,Haringey,E02000422,U
E01002044,E02000423,E09000014,Haringey,E02000423,U
E01002045,E02000422,E09000014,Haringey,E02000422,U
E01002046,E02000422,E09000014,Haringey,E02000422,U
E01002047,E02000423,E09000014,Haringey,E02000423,U
E01002048,E02000423,E09000014,Haringey,E02000423,U
E01002049,E02000422,E09000014,Haringey,E02000422,U
E01002050,E02000425,E09000014,Haringey,E02000425,U
E01002051,E02000425,E09000014,Haringey,E02000425,U
E01002052,E02000425,E09000014,Haringey,E02000425,U
E01002053,E02000428,E09000014,Haringey,E02000428,U
E01002054,E02000428,E09000014,Haringey,E02000428,U
E01002055,E02000425,E09000014,Haringey,E02000425,U
E01002056,E02000428,E09000014,Haringey,E02000428,U
E01002057,E02000428,E09000014,Haringey,E02000428,U
E01002058,E02000427,E09000014,Haringey,E02000427,U
E01002059,E02000424,E09000014,Haringey,E02000424,U
E01002060,E02000424,E09000014,Haringey,E02000424,U
E01002061,E02000432,E09000014,Haringey,E02000432,U
E01002062,E02000430,E09000014,Haringey,E02000430,U
E01002063,E02000432,E09000014,Haringey,E02000432,U
E01002064,E02000432,E09000014,Haringey,E02000432,U
E01002065,E02000432,E09000014,Haringey,E02000432,U
E01002066,E02000421,E09000014,Haringey,E02000421,U
E01002067,E02000420,E09000014,Haringey,E02000420,U
E01002068,E02000421,E09000014,Haringey,E02000421,U
E01002069,E02000420,E09000014,Haringey,E02000420,U
E01002070,E02000420,E09000014,Haringey,E02000420,U
E01002071,E02000421,E09000014,Haringey,E02000421,U
E01002072,E02000421,E09000014,Haringey,E02000421,U
E01002073,E02000420,E09000014,Haringey,E02000420,U
E01002074,E02000408,E09000014,Haringey,E02000408,U
E01002075,E02000411,E09000014,Haringey,E02000411,U
E01002076,E02000411,E09000014,Haringey,E02000411,U
E01002077,E02000408,E09000014,Haringey,E02000408,U
E01002078,E02000411,E09000014,Haringey,E02000411,U
E01002079,E02000408,E09000014,Haringey,E02000408,U
E01002081,E02000408,E09000014,Haringey,E02000408,U
E01002082,E02000409,E09000014,Haringey,E02000409,U
E01002083,E02000415,E09000014,Haringey,E02000415,U
E01002084,E02000415,E09000014,Haringey,E02000415,U
E01002085,E02000415,E09000014,Haringey,E02000415,U
E01002086,E02000409,E09000014,Haringey,E02000409,U
E01002087,E02000415,E09000014,Haringey,E02000415,U
E01002088,E02000409,E09000014,Haringey,E02000409,U
E01002089,E02000409,E09000014,Haringey,E02000409,U
E01002090,E02000401,E09000014,Haringey,E02000401,U
E01002091,E02000402,E09000014,Haringey,E02000402,U
E01002092,E02000402,E09000014,Haringey,E02000402,U
E01002093,E02000401,E09000014,Haringey,E02000401,U
E01002094,E02000402,E09000014,Haringey,E02000402,U
E01002095,E02000402,E09000014,Haringey,E02000402,U
E01002096,E02000401,E09000014,Haringey,E02000401,U
E01002097,E02000401,E09000014,Haringey,E02000401,U
E01002098,E02000403,E09000014,Haringey,E02000403,U
E01002099,E02000404,E09000014,Haringey,E02000404,U
E01002100,E02000404,E09000014,Haringey,E02000404,U
E01002101,E02000403,E09000014,Haringey,E02000403,U
E01002102,E02000403,E09000014,Haringey,E02000403,U
E01002103,E02000404,E09000014,Haringey,E02000404,U
E01002104,E02000404,E09000014,Haringey,E02000404,U
E01002105,E02000403,E09000014,Haringey,E02000403,U
E01002106,E02000440,E09000015,Harrow,E02000440,U
E01002107,E02000444,E09000015,Harrow,E02000444,U
E01002108,E02000440,E09000015,Harrow,E02000440,U
E01002109,E02000440,E09000015,Harrow,E02000440,U
E01002110,E02000440,E09000015,Harrow,E02000440,U
E01002111,E02000440,E09000015,Harrow,E02000440,U
E01002112,E02000433,E09000015,Harrow,E02000433,U
E01002113,E02000434,E09000015,Harrow,E02000434,U
E01002114,E02000433,E09000015,Harrow,E02000433,U
E01002115,E02000434,E09000015,Harrow,E02000434,U
E01002116,E02000434,E09000015,Harrow,E02000434,U
E01002118,E02000434,E09000015,Harrow,E02000434,U
E01002119,E02000439,E09000015,Harrow,E02000439,U
E01002120,E02000439,E09000015,Harrow,E02000439,U
E01002121,E02000439,E09000015,Harrow,E02000439,U
E01002122,E02000439,E09000015,Harrow,E02000439,U
E01002123,E02000439,E09000015,Harrow,E02000439,U
E01002124,E02000442,E09000015,Harrow,E02000442,U
E01002125,E02000442,E09000015,Harrow,E02000442,U
E01002127,E02000455,E09000015,Harrow,E02000455,U
E01002128,E02000452,E09000015,Harrow,E02000452,U
E01002129,E02000455,E09000015,Harrow,E02000455,U
E01002130,E02000452,E09000015,Harrow,E02000452,U
E01002131,E02000455,E09000015,Harrow,E02000455,U
E01002132,E02000461,E09000015,Harrow,E02000461,U
E01002133,E02000459,E09000015,Harrow,E02000459,U
E01002134,E02000461,E09000015,Harrow,E02000461,U
E01002135,E02000461,E09000015,Harrow,E02000461,U
E01002136,E02000459,E09000015,Harrow,E02000459,U
E01002137,E02000461,E09000015,Harrow,E02000461,U
E01002138,E02000459,E09000015,Harrow,E02000459,U
E01002139,E02000438,E09000015,Harrow,E02000438,U
E01002140,E02000437,E09000015,Harrow,E02000437,U
E01002141,E02000437,E09000015,Harrow,E02000437,U
E01002142,E02000437,E09000015,Harrow,E02000437,U
E01002143,E02000437,E09000015,Harrow,E02000437,U
E01002144,E02000436,E09000015,Harrow,E02000436,U
E01002145,E02000437,E09000015,Harrow,E02000437,U
E01002146,E02000436,E09000015,Harrow,E02000436,U
E01002147,E02000436,E09000015,Harrow,E02000436,U
E01002148,E02000438,E09000015,Harrow,E02000438,U
E01002149,E02000436,E09000015,Harrow,E02000436,U
E01002150,E02000438,E09000015,Harrow,E02000438,U
E01002151,E02000438,E09000015,Harrow,E02000438,U
E01002152,E02000438,E09000015,Harrow,E02000438,U
E01002153,E02000451,E09000015,Harrow,E02000451,U
E01002155,E02000451,E09000015,Harrow,E02000451,U
E01002156,E02000447,E09000015,Harrow,E02000447,U
E01002157,E02000451,E09000015,Harrow,E02000451,U
E01002158,E02000451,E09000015,Harrow,E02000451,U
E01002159,E02000453,E09000015,Harrow,E02000453,U
E01002160,E02000453,E09000015,Harrow,E02000453,U
E01002161,E02000453,E09000015,Harrow,E02000453,U
E01002162,E02000447,E09000015,Harrow,E02000447,U
E01002163,E02000447,E09000015,Harrow,E02000447,U
E01002164,E02000453,E09000015,Harrow,E02000453,U
E01002165,E02000449,E09000015,Harrow,E02000449,U
E01002166,E02000449,E09000015,Harrow,E02000449,U
E01002167,E02000449,E09000015,Harrow,E02000449,U
E01002168,E02000449,E09000015,Harrow,E02000449,U
E01002169,E02000449,E09000015,Harrow,E02000449,U
E01002170,E02006882,E09000015,Harrow,E02006882,U
E01002171,E02006882,E09000015,Harrow,E02006882,U
E01002172,E02006882,E09000015,Harrow,E02006882,U
E01002173,E02006882,E09000015,Harrow,E02006882,U
E01002174,E02006882,E09000015,Harrow,E02006882,U
E01002175,E02006882,E09000015,Harrow,E02006882,U
E01002176,E02006882,E09000015,Harrow,E02006882,U
E01002177,E02006882,E09000015,Harrow,E02006882,U
E01002178,E02006882,E09000015,Harrow,E02006882,U
E01002179,E02000445,E09000015,Harrow,E02000445,U
E01002181,E02000452,E09000015,Harrow,E02000452,U
E01002182,E02000452,E09000015,Harrow,E02000452,U
E01002183,E02000445,E09000015,Harrow,E02000445,U
E01002184,E02000445,E09000015,Harrow,E02000445,U
E01002185,E02000441,E09000015,Harrow,E02000441,U
E01002186,E02000441,E09000015,Harrow,E02000441,U
E01002187,E02000441,E09000015,Harrow,E02000441,U
E01002188,E02000448,E09000015,Harrow,E02000448,U
E01002189,E02000448,E09000015,Harrow,E02000448,U
E01002190,E02000441,E09000015,Harrow,E02000441,U
E01002191,E02000454,E09000015,Harrow,E02000454,U
E01002192,E02000448,E09000015,Harrow,E02000448,U
E01002193,E02000448,E09000015,Harrow,E02000448,U
E01002194,E02000454,E09000015,Harrow,E02000454,U
E01002195,E02000454,E09000015,Harrow,E02000454,U
E01002196,E02000454,E09000015,Harrow,E02000454,U
E01002197,E02000444,E09000015,Harrow,E02000444,U
E01002198,E02000442,E09000015,Harrow,E02000442,U
E01002199,E02000444,E09000015,Harrow,E02000444,U
E01002200,E02000442,E09000015,Harrow,E02000442,U
E01002201,E02000444,E09000015,Harrow,E02000444,U
E01002202,E02000444,E09000015,Harrow,E02000444,U
E01002203,E02000442,E09000015,Harrow,E02000442,U
E01002204,E02006795,E09000015,Harrow,E02006795,U
E01002206,E02006795,E09000015,Harrow,E02006795,U
E01002207,E02006795,E09000015,Harrow,E02006795,U
E01002208,E02000457,E09000015,Harrow,E02000457,U
E01002209,E02000457,E09000015,Harrow,E02000457,U
E01002210,E02006795,E09000015,Harrow,E02006795,U
E01002211,E02000460,E09000015,Harrow,E02000460,U
E01002212,E02000460,E09000015,Harrow,E02000460,U
E01002214,E02000463,E09000015,Harrow,E02000463,U
E01002215,E02000463,E09000015,Harrow,E02000463,U
E01002216,E02000460,E09000015,Harrow,E02000460,U
E01002217,E02000460,E09000015,Harrow,E02000460,U
E01002218,E02000462,E09000015,Harrow,E02000462,U
E01002219,E02000462,E09000015,Harrow,E02000462,U
E01002220,E02000463,E09000015,Harrow,E02000463,U
E01002221,E02000462,E09000015,Harrow,E02000462,U
E01002222,E02000462,E09000015,Harrow,E02000462,U
E01002223,E02000463,E09000015,Harrow,E02000463,U
E01002224,E02000463,E09000015,Harrow,E02000463,U
E01002225,E02000433,E09000015,Harrow,E02000433,U
E01002226,E02000433,E09000015,Harrow,E02000433,U
E01002227,E02000435,E09000015,Harrow,E02000435,U
E01002228,E02000435,E09000015,Harrow,E02000435,U
E01002229,E02000435,E09000015,Harrow,E02000435,U
E01002230,E02000435,E09000015,Harrow,E02000435,U
E01002231,E02000445,E09000015,Harrow,E02000445,U
E01002232,E02000443,E09000015,Harrow,E02000443,U
E01002233,E02000443,E09000015,Harrow,E02000443,U
E01002234,E02000443,E09000015,Harrow,E02000443,U
E01002235,E02000443,E09000015,Harrow,E02000443,U
E01002236,E02000443,E09000015,Harrow,E02000443,U
E01002237,E02000456,E09000015,Harrow,E02000456,U
E01002238,E02000456,E09000015,Harrow,E02000456,U
E01002239,E02000457,E09000015,Harrow,E02000457,U
E01002240,E02000456,E09000015,Harrow,E02000456,U
E01002241,E02000457,E09000015,Harrow,E02000457,U
E01002242,E02000456,E09000015,Harrow,E02000456,U
E01002243,E02000476,E09000016,Havering,E02000476,U
E01002244,E02000474,E09000016,Havering,E02000474,U
E01002245,E02000474,E09000016,Havering,E02000474,U
E01002246,E02000480,E09000016,Havering,E02000480,U
E01002247,E02000480,E09000016,Havering,E02000480,U
E01002248,E02000480,E09000016,Havering,E02000480,U
E01002250,E02000480,E09000016,Havering,E02000480,U
E01002251,E02000480,E09000016,Havering,E02000480,U
E01002252,E02000481,E09000016,Havering,E02000481,U
E01002253,E02000482,E09000016,Havering,E02000482,U
E01002254,E02000482,E09000016,Havering,E02000482,U
E01002255,E02000485,E09000016,Havering,E02000485,U
E01002256,E02000481,E09000016,Havering,E02000481,U
E01002257,E02000482,E09000016,Havering,E02000482,U
E01002258,E02000481,E09000016,Havering,E02000481,U
E01002259,E02000481,E09000016,Havering,E02000481,U
E01002260,E02000489,E09000016,Havering,E02000489,U
E01002261,E02000489,E09000016,Havering,E02000489,U
E01002262,E02000489,E09000016,Havering,E02000489,U
E01002263,E02000489,E09000016,Havering,E02000489,U
E01002264,E02000489,E09000016,Havering,E02000489,U
E01002265,E02000488,E09000016,Havering,E02000488,U
E01002266,E02000490,E09000016,Havering,E02000490,U
E01002267,E02000490,E09000016,Havering,E02000490,U
E01002268,E02000473,E09000016,Havering,E02000473,U
E01002269,E02000473,E09000016,Havering,E02000473,U
E01002270,E02000478,E09000016,Havering,E02000478,U
E01002271,E02000478,E09000016,Havering,E02000478,U
E01002272,E02000477,E09000016,Havering,E02000477,U
E01002273,E02000478,E09000016,Havering,E02000478,U
E01002274,E02000477,E09000016,Havering,E02000477,U
E01002275,E02000478,E09000016,Havering,E02000478,U
E01002276,E02000464,E09000016,Havering,E02000464,U
E01002277,E02000465,E09000016,Havering,E02000465,U
E01002278,E02000464,E09000016,Havering,E02000464,U
E01002279,E02000465,E09000016,Havering,E02000465,U
E01002280,E02000467,E09000016,Havering,E02000467,U
E01002281,E02000465,E09000016,Havering,E02000465,U
E01002282,E02000467,E09000016,Havering,E02000467,U
E01002283,E02000465,E09000016,Havering,E02000465,U
E01002284,E02000467,E09000016,Havering,E02000467,U
E01002285,E02000488,E09000016,Havering,E02000488,U
E01002286,E02000488,E09000016,Havering,E02000488,U
E01002287,E02000486,E09000016,Havering,E02000486,U
E01002288,E02000488,E09000016,Havering,E02000488,U
E01002289,E02000485,E09000016,Havering,E02000485,U
E01002290,E02000488,E09000016,Havering,E02000488,U
E01002291,E02000486,E09000016,Havering,E02000486,U
E01002292,E02000485,E09000016,Havering,E02000485,U
E01002294,E02000470,E09000016,Havering,E02000470,U
E01002295,E02000473,E09000016,Havering,E02000473,U
E01002296,E02000470,E09000016,Havering,E02000470,U
E01002297,E02000467,E09000016,Havering,E02000467,U
E01002298,E02000470,E09000016,Havering,E02000470,U
E01002299,E02000465,E09000016,Havering,E02000465,U
E01002300,E02000470,E09000016,Havering,E02000470,U
E01002301,E02000466,E09000016,Havering,E02000466,U
E01002302,E02000468,E09000016,Havering,E02000468,U
E01002303,E02000466,E09000016,Havering,E02000466,U
E01002304,E02000466,E09000016,Havering,E02000466,U
E01002305,E02000468,E09000016,Havering,E02000468,U
E01002306,E02000466,E09000016,Havering,E02000466,U
E01002307,E02000466,E09000016,Havering,E02000466,U
E01002308,E02000468,E09000016,Havering,E02000468,U
E01002309,E02000469,E09000016,Havering,E02000469,U
E01002310,E02000469,E09000016,Havering,E02000469,U
E01002311,E02000469,E09000016,Havering,E02000469,U
E01002312,E02000464,E09000016,Havering,E02000464,U
E01002313,E02000464,E09000016,Havering,E02000464,U
E01002314,E02000467,E09000016,Havering,E02000467,U
E01002315,E02000469,E09000016,Havering,E02000469,U
E01002316,E02000467,E09000016,Havering,E02000467,U
E01002317,E02000477,E09000016,Havering,E02000477,U
E01002318,E02000477,E09000016,Havering,E02000477,U
E01002319,E02000479,E09000016,Havering,E02000479,U
E01002320,E02000484,E09000016,Havering,E02000484,U
E01002321,E02000484,E09000016,Havering,E02000484,U
E01002322,E02000484,E09000016,Havering,E02000484,U
E01002323,E02000484,E09000016,Havering,E02000484,U
E01002324,E02000484,E09000016,Havering,E02000484,U
E01002325,E02000474,E09000016,Havering,E02000474,U
E01002326,E02000468,E09000016,Havering,E02000468,U
E01002327,E02000472,E09000016,Havering,E02000472,U
E01002328,E02000472,E09000016,Havering,E02000472,U
E01002329,E02000474,E09000016,Havering,E02000474,U
E01002330,E02000474,E09000016,Havering,E02000474,U
E01002331,E02000468,E09000016,Havering,E02000468,U
E01002332,E02000472,E09000016,Havering,E02000472,U
E01002333,E02000471,E09000016,Havering,E02000471,U
E01002334,E02000471,E09000016,Havering,E02000471,U
E01002335,E02000472,E09000016,Havering,E02000472,U
E01002336,E02000471,E09000016,Havering,E02000471,U
E01002337,E02000475,E09000016,Havering,E02000475,U
E01002338,E02000472,E09000016,Havering,E02000472,U
E01002339,E02000471,E09000016,Havering,E02000471,U
E01002340,E02000472,E09000016,Havering,E02000472,U
E01002341,E02000471,E09000016,Havering,E02000471,U
E01002342,E02000493,E09000016,Havering,E02000493,U
E01002343,E02000492,E09000016,Havering,E02000492,U
E01002344,E02000492,E09000016,Havering,E02000492,U
E01002345,E02000493,E09000016,Havering,E02000493,U
E01002346,E02000493,E09000016,Havering,E02000493,U
E01002347,E02000493,E09000016,Havering,E02000493,U
E01002348,E02000492,E09000016,Havering,E02000492,U
E01002349,E02000492,E09000016,Havering,E02000492,U
E01002350,E02000479,E09000016,Havering,E02000479,U
E01002351,E02000479,E09000016,Havering,E02000479,U
E01002352,E02000479,E09000016,Havering,E02000479,U
E01002353,E02000476,E09000016,Havering,E02000476,U
E01002354,E02000475,E09000016,Havering,E02000475,U
E01002355,E02000477,E09000016,Havering,E02000477,U
E01002356,E02000476,E09000016,Havering,E02000476,U
E01002358,E02000479,E09000016,Havering,E02000479,U
E01002359,E02000483,E09000016,Havering,E02000483,U
E01002360,E02000483,E09000016,Havering,E02000483,U
E01002361,E02000483,E09000016,Havering,E02000483,U
E01002362,E02000485,E09000016,Havering,E02000485,U
E01002363,E02000483,E09000016,Havering,E02000483,U
E01002364,E02000486,E09000016,Havering,E02000486,U
E01002365,E02000486,E09000016,Havering,E02000486,U
E01002366,E02000486,E09000016,Havering,E02000486,U
E01002367,E02000483,E09000016,Havering,E02000483,U
E01002368,E02000491,E09000016,Havering,E02000491,U
E01002369,E02000491,E09000016,Havering,E02000491,U
E01002370,E02000491,E09000016,Havering,E02000491,U
E01002371,E02000491,E09000016,Havering,E02000491,U
E01002372,E02000490,E09000016,Havering,E02000490,U
E01002373,E02000490,E09000016,Havering,E02000490,U
E01002374,E02000490,E09000016,Havering,E02000490,U
E01002375,E02000491,E09000016,Havering,E02000491,U
E01002376,E02000475,E09000016,Havering,E02000475,U
E01002377,E02000473,E09000016,Havering,E02000473,U
E01002378,E02000473,E09000016,Havering,E02000473,U
E01002379,E02000475,E09000016,Havering,E02000475,U
E01002380,E02000475,E09000016,Havering,E02000475,U
E01002381,E02000475,E09000016,Havering,E02000475,U
E01002382,E02000477,E09000016,Havering,E02000477,U
E01002383,E02000473,E09000016,Havering,E02000473,U
E01002384,E02000482,E09000016,Havering,E02000482,U
E01002385,E02000487,E09000016,Havering,E02000487,U
E01002386,E02000485,E09000016,Havering,E02000485,U
E01002387,E02000487,E09000016,Havering,E02000487,U
E01002388,E02000487,E09000016,Havering,E02000487,U
E01002389,E02000487,E09000016,Havering,E02000487,U
E01002390,E02000487,E09000016,Havering,E02000487,U
E01002391,E02000481,E09000016,Havering,E02000481,U
E01002392,E02000513,E09000017,Hillingdon,E02000513,U
E01002393,E02000513,E09000017,Hillingdon,E02000513,U
E01002394,E02000514,E09000017,Hillingdon,E02000514,U
E01002395,E02000514,E09000017,Hillingdon,E02000514,U
E01002396,E02000519,E09000017,Hillingdon,E02000519,U
E01002397,E02000514,E09000017,Hillingdon,E02000514,U
E01002398,E02000514,E09000017,Hillingdon,E02000514,U
E01002399,E02000514,E09000017,Hillingdon,E02000514,U
E01002400,E02000517,E09000017,Hillingdon,E02000517,U
E01002401,E02000517,E09000017,Hillingdon,E02000517,U
E01002402,E02000517,E09000017,Hillingdon,E02000517,U
E01002403,E02000517,E09000017,Hillingdon,E02000517,U
E01002404,E02000517,E09000017,Hillingdon,E02000517,U
E01002405,E02000520,E09000017,Hillingdon,E02000520,U
E01002408,E02000512,E09000017,Hillingdon,E02000512,U
E01002409,E02000512,E09000017,Hillingdon,E02000512,U
E01002410,E02000510,E09000017,Hillingdon,E02000510,U
E01002411,E02000515,E09000017,Hillingdon,E02000515,U
E01002412,E02000510,E09000017,Hillingdon,E02000510,U
E01002413,E02000515,E09000017,Hillingdon,E02000515,U
E01002414,E02000508,E09000017,Hillingdon,E02000508,U
E01002415,E02000503,E09000017,Hillingdon,E02000503,U
E01002416,E02000501,E09000017,Hillingdon,E02000501,U
E01002417,E02000501,E09000017,Hillingdon,E02000501,U
E01002418,E02000499,E09000017,Hillingdon,E02000499,U
E01002419,E02000499,E09000017,Hillingdon,E02000499,U
E01002420,E02000501,E09000017,Hillingdon,E02000501,U
E01002421,E02000501,E09000017,Hillingdon,E02000501,U
E01002422,E02000511,E09000017,Hillingdon,E02000511,U
E01002423,E02000511,E09000017,Hillingdon,E02000511,U
E01002424,E02000511,E09000017,Hillingdon,E02000511,U
E01002425,E02000511,E09000017,Hillingdon,E02000511,U
E01002426,E02000514,E09000017,Hillingdon,E02000514,U
E01002427,E02000511,E09000017,Hillingdon,E02000511,U
E01002428,E02000511,E09000017,Hillingdon,E02000511,U
E01002429,E02000512,E09000017,Hillingdon,E02000512,U
E01002430,E02000500,E09000017,Hillingdon,E02000500,U
E01002431,E02000499,E09000017,Hillingdon,E02000499,U
E01002432,E02000499,E09000017,Hillingdon,E02000499,U
E01002433,E02000497,E09000017,Hillingdon,E02000497,U
E01002434,E02000500,E09000017,Hillingdon,E02000500,U
E01002435,E02000500,E09000017,Hillingdon,E02000500,U
E01002436,E02000497,E09000017,Hillingdon,E02000497,U
E01002437,E02000499,E09000017,Hillingdon,E02000499,U
E01002438,E02000496,E09000017,Hillingdon,E02000496,U
E01002439,E02000496,E09000017,Hillingdon,E02000496,U
E01002440,E02000496,E09000017,Hillingdon,E02000496,U
E01002441,E02000496,E09000017,Hillingdon,E02000496,U
E01002442,E02000496,E09000017,Hillingdon,E02000496,U
E01002443,E02000525,E09000017,Hillingdon,E02000525,U
E01002444,E02000524,E09000017,Hillingdon,E02000524,U
E01002445,E02000522,E09000017,Hillingdon,E02000522,U
E01002446,E02000524,E09000017,Hillingdon,E02000524,U
E01002447,E02000524,E09000017,Hillingdon,E02000524,U
E01002448,E02000525,E09000017,Hillingdon,E02000525,U
E01002449,E02000525,E09000017,Hillingdon,E02000525,U
E01002450,E02000507,E09000017,Hillingdon,E02000507,U
E01002451,E02000507,E09000017,Hillingdon,E02000507,U
E01002452,E02000507,E09000017,Hillingdon,E02000507,U
E01002453,E02000507,E09000017,Hillingdon,E02000507,U
E01002454,E02000507,E09000017,Hillingdon,E02000507,U
E01002455,E02000512,E09000017,Hillingdon,E02000512,U
E01002456,E02000510,E09000017,Hillingdon,E02000510,U
E01002457,E02000512,E09000017,Hillingdon,E02000512,U
E01002458,E02000504,E09000017,Hillingdon,E02000504,U
E01002459,E02000504,E09000017,Hillingdon,E02000504,U
E01002460,E02000504,E09000017,Hillingdon,E02000504,U
E01002461,E02000506,E09000017,Hillingdon,E02000506,U
E01002462,E02000504,E09000017,Hillingdon,E02000504,U
E01002463,E02000506,E09000017,Hillingdon,E02000506,U
E01002464,E02000504,E09000017,Hillingdon,E02000504,U
E01002465,E02000502,E09000017,Hillingdon,E02000502,U
E01002466,E02000503,E09000017,Hillingdon,E02000503,U
E01002467,E02000502,E09000017,Hillingdon,E02000502,U
E01002468,E02000503,E09000017,Hillingdon,E02000503,U
E01002469,E02000503,E09000017,Hillingdon,E02000503,U
E01002470,E02000500,E09000017,Hillingdon,E02000500,U
E01002471,E02000501,E09000017,Hillingdon,E02000501,U
E01002472,E02000495,E09000017,Hillingdon,E02000495,U
E01002473,E02000494,E09000017,Hillingdon,E02000494,U
E01002474,E02000495,E09000017,Hillingdon,E02000495,U
E01002475,E02000494,E09000017,Hillingdon,E02000494,U
E01002476,E02000494,E09000017,Hillingdon,E02000494,U
E01002477,E02000494,E09000017,Hillingdon,E02000494,U
E01002478,E02000495,E09000017,Hillingdon,E02000495,U
E01002479,E02000497,E09000017,Hillingdon,E02000497,U
E01002480,E02000497,E09000017,Hillingdon,E02000497,U
E01002481,E02000497,E09000017,Hillingdon,E02000497,U
E01002482,E02000494,E09000017,Hillingdon,E02000494,U
E01002483,E02000495,E09000017,Hillingdon,E02000495,U
E01002484,E02000495,E09000017,Hillingdon,E02000495,U
E01002485,E02000495,E09000017,Hillingdon,E02000495,U
E01002486,E02000521,E09000017,Hillingdon,E02000521,U
E01002487,E02000521,E09000017,Hillingdon,E02000521,U
E01002488,E02000523,E09000017,Hillingdon,E02000523,U
E01002489,E02000523,E09000017,Hillingdon,E02000523,U
E01002490,E02000523,E09000017,Hillingdon,E02000523,U
E01002491,E02000525,E09000017,Hillingdon,E02000525,U
E01002492,E02000523,E09000017,Hillingdon,E02000523,U
E01002493,E02000525,E09000017,Hillingdon,E02000525,U
E01002494,E02000502,E09000017,Hillingdon,E02000502,U
E01002495,E02000503,E09000017,Hillingdon,E02000503,U
E01002496,E02006796,E09000017,Hillingdon,E02006796,U
E01002497,E02006796,E09000017,Hillingdon,E02006796,U
E01002498,E02006796,E09000017,Hillingdon,E02006796,U
E01002499,E02006796,E09000017,Hillingdon,E02006796,U
E01002501,E02000519,E09000017,Hillingdon,E02000519,U
E01002502,E02000519,E09000017,Hillingdon,E02000519,U
E01002503,E02000520,E09000017,Hillingdon,E02000520,U
E01002505,E02000519,E09000017,Hillingdon,E02000519,U
E01002506,E02000520,E09000017,Hillingdon,E02000520,U
E01002507,E02000520,E09000017,Hillingdon,E02000520,U
E01002508,E02000519,E09000017,Hillingdon,E02000519,U
E01002509,E02000510,E09000017,Hillingdon,E02000510,U
E01002511,E02000510,E09000017,Hillingdon,E02000510,U
E01002512,E02000506,E09000017,Hillingdon,E02000506,U
E01002513,E02000506,E09000017,Hillingdon,E02000506,U
E01002514,E02000508,E09000017,Hillingdon,E02000508,U
E01002516,E02000506,E09000017,Hillingdon,E02000506,U
E01002518,E02000515,E09000017,Hillingdon,E02000515,U
E01002519,E02000515,E09000017,Hillingdon,E02000515,U
E01002520,E02000509,E09000017,Hillingdon,E02000509,U
E01002521,E02000509,E09000017,Hillingdon,E02000509,U
E01002523,E02000509,E09000017,Hillingdon,E02000509,U
E01002525,E02000522,E09000017,Hillingdon,E02000522,U
E01002526,E02000521,E09000017,Hillingdon,E02000521,U
E01002527,E02000524,E09000017,Hillingdon,E02000524,U
E01002528,E02000521,E09000017,Hillingdon,E02000521,U
E01002529,E02000522,E09000017,Hillingdon,E02000522,U
E01002530,E02000522,E09000017,Hillingdon,E02000522,U
E01002531,E02000522,E09000017,Hillingdon,E02000522,U
E01002533,E02000498,E09000017,Hillingdon,E02000498,U
E01002534,E02000498,E09000017,Hillingdon,E02000498,U
E01002535,E02000500,E09000017,Hillingdon,E02000500,U
E01002536,E02000502,E09000017,Hillingdon,E02000502,U
E01002537,E02000502,E09000017,Hillingdon,E02000502,U
E01002538,E02000498,E09000017,Hillingdon,E02000498,U
E01002539,E02000498,E09000017,Hillingdon,E02000498,U
E01002540,E02000513,E09000017,Hillingdon,E02000513,U
E01002541,E02000516,E09000017,Hillingdon,E02000516,U
E01002542,E02000513,E09000017,Hillingdon,E02000513,U
E01002543,E02000513,E09000017,Hillingdon,E02000513,U
E01002544,E02000516,E09000017,Hillingdon,E02000516,U
E01002545,E02000516,E09000017,Hillingdon,E02000516,U
E01002546,E02000516,E09000017,Hillingdon,E02000516,U
E01002547,E02000516,E09000017,Hillingdon,E02000516,U
E01002548,E02000518,E09000017,Hillingdon,E02000518,U
E01002549,E02000518,E09000017,Hillingdon,E02000518,U
E01002550,E02000515,E09000017,Hillingdon,E02000515,U
E01002551,E02000518,E09000017,Hillingdon,E02000518,U
E01002552,E02000518,E09000017,Hillingdon,E02000518,U
E01002553,E02000518,E09000017,Hillingdon,E02000518,U
E01002555,E02000547,E09000018,Hounslow,E02000547,U
E01002556,E02000547,E09000018,Hounslow,E02000547,U
E01002557,E02000548,E09000018,Hounslow,E02000548,U
E01002558,E02000548,E09000018,Hounslow,E02000548,U
E01002559,E02000548,E09000018,Hounslow,E02000548,U
E01002560,E02000548,E09000018,Hounslow,E02000548,U
E01002561,E02000548,E09000018,Hounslow,E02000548,U
E01002562,E02006972,E09000018,Hounslow,E02000528,S
E01002563,E02000531,E09000018,Hounslow,E02000531,U
E01002564,E02006973,E09000018,Hounslow,E02000528,S
E01002565,E02000531,E09000018,Hounslow,E02000531,U
E01002567,E02000531,E09000018,Hounslow,E02000531,U
E01002569,E02000526,E09000018,Hounslow,E02000526,U
E01002570,E02000526,E09000018,Hounslow,E02000526,U
E01002571,E02000532,E09000018,Hounslow,E02000532,U
E01002572,E02000532,E09000018,Hounslow,E02000532,U
E01002573,E02000526,E09000018,Hounslow,E02000526,U
E01002574,E02000526,E09000018,Hounslow,E02000526,U
E01002575,E02000526,E09000018,Hounslow,E02000526,U
E01002576,E02000533,E09000018,Hounslow,E02000533,U
E01002577,E02000532,E09000018,Hounslow,E02000532,U
E01002578,E02000532,E09000018,Hounslow,E02000532,U
E01002579,E02000533,E09000018,Hounslow,E02000533,U
E01002580,E02000533,E09000018,Hounslow,E02000533,U
E01002581,E02000533,E09000018,Hounslow,E02000533,U
E01002582,E02000533,E09000018,Hounslow,E02000533,U
E01002583,E02000538,E09000018,Hounslow,E02000538,U
E01002584,E02000538,E09000018,Hounslow,E02000538,U
E01002585,E02000538,E09000018,Hounslow,E02000538,U
E01002586,E02000538,E09000018,Hounslow,E02000538,U
E01002587,E02000541,E09000018,Hounslow,E02000541,U
E01002588,E02000541,E09000018,Hounslow,E02000541,U
E01002589,E02000538,E09000018,Hounslow,E02000538,U
E01002590,E02000547,E09000018,Hounslow,E02000547,U
E01002591,E02000549,E09000018,Hounslow,E02000549,U
E01002592,E02000547,E09000018,Hounslow,E02000547,U
E01002593,E02000549,E09000018,Hounslow,E02000549,U
E01002594,E02000549,E09000018,Hounslow,E02000549,U
E01002595,E02000547,E09000018,Hounslow,E02000547,U
E01002596,E02000552,E09000018,Hounslow,E02000552,U
E01002598,E02000550,E09000018,Hounslow,E02000550,U
E01002599,E02000550,E09000018,Hounslow,E02000550,U
E01002600,E02000550,E09000018,Hounslow,E02000550,U
E01002601,E02000552,E09000018,Hounslow,E02000552,U
E01002602,E02000552,E09000018,Hounslow,E02000552,U
E01002603,E02000550,E09000018,Hounslow,E02000550,U
E01002604,E02000551,E09000018,Hounslow,E02000551,U
E01002605,E02000551,E09000018,Hounslow,E02000551,U
E01002606,E02000551,E09000018,Hounslow,E02000551,U
E01002607,E02000551,E09000018,Hounslow,E02000551,U
E01002608,E02000553,E09000018,Hounslow,E02000553,U
E01002609,E02000553,E09000018,Hounslow,E02000553,U
E01002610,E02000553,E09000018,Hounslow,E02000553,U
E01002611,E02000549,E09000018,Hounslow,E02000549,U
E01002612,E02000549,E09000018,Hounslow,E02000549,U
E01002613,E02000549,E09000018,Hounslow,E02000549,U
E01002614,E02000552,E09000018,Hounslow,E02000552,U
E01002615,E02000551,E09000018,Hounslow,E02000551,U
E01002616,E02000552,E09000018,Hounslow,E02000552,U
E01002617,E02000553,E09000018,Hounslow,E02000553,U
E01002618,E02000536,E09000018,Hounslow,E02000536,U
E01002619,E02000535,E09000018,Hounslow,E02000535,U
E01002620,E02000529,E09000018,Hounslow,E02000529,U
E01002621,E02000536,E09000018,Hounslow,E02000536,U
E01002622,E02000535,E09000018,Hounslow,E02000535,U
E01002623,E02000536,E09000018,Hounslow,E02000536,U
E01002624,E02000542,E09000018,Hounslow,E02000542,U
E01002625,E02000529,E09000018,Hounslow,E02000529,U
E01002626,E02000529,E09000018,Hounslow,E02000529,U
E01002627,E02000529,E09000018,Hounslow,E02000529,U
E01002628,E02000536,E09000018,Hounslow,E02000536,U
E01002629,E02000536,E09000018,Hounslow,E02000536,U
E01002630,E02000537,E09000018,Hounslow,E02000537,U
E01002631,E02000529,E09000018,Hounslow,E02000529,U
E01002632,E02000535,E09000018,Hounslow,E02000535,U
E01002633,E02000530,E09000018,Hounslow,E02000530,U
E01002634,E02000530,E09000018,Hounslow,E02000530,U
E01002635,E02000535,E09000018,Hounslow,E02000535,U
E01002636,E02000535,E09000018,Hounslow,E02000535,U
E01002637,E02000530,E09000018,Hounslow,E02000530,U
E01002638,E02000530,E09000018,Hounslow,E02000530,U
E01002639,E02000537,E09000018,Hounslow,E02000537,U
E01002640,E02000537,E09000018,Hounslow,E02000537,U
E01002641,E02000543,E09000018,Hounslow,E02000543,U
E01002643,E02000540,E09000018,Hounslow,E02000540,U
E01002645,E02000540,E09000018,Hounslow,E02000540,U
E01002646,E02000542,E09000018,Hounslow,E02000542,U
E01002647,E02000546,E09000018,Hounslow,E02000546,U
E01002649,E02000543,E09000018,Hounslow,E02000543,U
E01002650,E02000546,E09000018,Hounslow,E02000546,U
E01002651,E02000546,E09000018,Hounslow,E02000546,U
E01002652,E02000546,E09000018,Hounslow,E02000546,U
E01002653,E02000544,E09000018,Hounslow,E02000544,U
E01002654,E02000544,E09000018,Hounslow,E02000544,U
E01002655,E02000544,E09000018,Hounslow,E02000544,U
E01002656,E02000544,E09000018,Hounslow,E02000544,U
E01002657,E02000543,E09000018,Hounslow,E02000543,U
E01002658,E02000540,E09000018,Hounslow,E02000540,U
E01002659,E02000544,E09000018,Hounslow,E02000544,U
E01002660,E02000541,E09000018,Hounslow,E02000541,U
E01002661,E02000541,E09000018,Hounslow,E02000541,U
E01002662,E02000542,E09000018,Hounslow,E02000542,U
E01002663,E02000542,E09000018,Hounslow,E02000542,U
E01002665,E02000541,E09000018,Hounslow,E02000541,U
E01002666,E02000546,E09000018,Hounslow,E02000546,U
E01002667,E02000545,E09000018,Hounslow,E02000545,U
E01002668,E02000539,E09000018,Hounslow,E02000539,U
E01002669,E02000539,E09000018,Hounslow,E02000539,U
E01002670,E02000545,E09000018,Hounslow,E02000545,U
E01002671,E02000545,E09000018,Hounslow,E02000545,U
E01002672,E02000545,E09000018,Hounslow,E02000545,U
E01002673,E02000545,E09000018,Hounslow,E02000545,U
E01002674,E02000537,E09000018,Hounslow,E02000537,U
E01002675,E02000534,E09000018,Hounslow,E02000534,U
E01002676,E02000537,E09000018,Hounslow,E02000537,U
E01002677,E02000540,E09000018,Hounslow,E02000540,U
E01002678,E02000534,E09000018,Hounslow,E02000534,U
E01002679,E02000534,E09000018,Hounslow,E02000534,U
E01002680,E02000534,E09000018,Hounslow,E02000534,U
E01002681,E02000539,E09000018,Hounslow,E02000539,U
E01002682,E02000539,E09000018,Hounslow,E02000539,U
E01002686,E02000531,E09000018,Hounslow,E02000531,U
E01002687,E02006792,E09000018,Hounslow,E02006792,U
E01002689,E02000532,E09000018,Hounslow,E02000532,U
E01002690,E02000532,E09000018,Hounslow,E02000532,U
E01002691,E02006792,E09000018,Hounslow,E02006792,U
E01002692,E02006792,E09000018,Hounslow,E02006792,U
E01002693,E02006792,E09000018,Hounslow,E02006792,U
E01002694,E02000572,E09000019,Islington,E02000572,U
E01002695,E02000574,E09000019,Islington,E02000574,U
E01002696,E02000573,E09000019,Islington,E02000573,U
E01002697,E02000572,E09000019,Islington,E02000572,U
E01002698,E02000570,E09000019,Islington,E02000570,U
E01002699,E02000570,E09000019,Islington,E02000570,U
E01002700,E02000570,E09000019,Islington,E02000570,U
E01002701,E02000576,E09000019,Islington,E02000576,U
E01002702,E02000576,E09000019,Islington,E02000576,U
E01002703,E02000576,E09000019,Islington,E02000576,U
E01002704,E02000576,E09000019,Islington,E02000576,U
E01002706,E02000576,E09000019,Islington,E02000576,U
E01002707,E02000575,E09000019,Islington,E02000575,U
E01002708,E02000568,E09000019,Islington,E02000568,U
E01002709,E02000572,E09000019,Islington,E02000572,U
E01002710,E02000572,E09000019,Islington,E02000572,U
E01002711,E02000574,E09000019,Islington,E02000574,U
E01002712,E02000568,E09000019,Islington,E02000568,U
E01002713,E02000568,E09000019,Islington,E02000568,U
E01002714,E02000570,E09000019,Islington,E02000570,U
E01002715,E02000572,E09000019,Islington,E02000572,U
E01002716,E02000567,E09000019,Islington,E02000567,U
E01002717,E02000569,E09000019,Islington,E02000569,U
E01002718,E02000567,E09000019,Islington,E02000567,U
E01002719,E02000569,E09000019,Islington,E02000569,U
E01002720,E02000569,E09000019,Islington,E02000569,U
E01002721,E02000567,E09000019,Islington,E02000567,U
E01002722,E02000571,E09000019,Islington,E02000571,U
E01002723,E02000575,E09000019,Islington,E02000575,U
E01002724,E02000575,E09000019,Islington,E02000575,U
E01002725,E02000575,E09000019,Islington,E02000575,U
E01002726,E02000575,E09000019,Islington,E02000575,U
E01002727,E02000574,E09000019,Islington,E02000574,U
E01002728,E02000574,E09000019,Islington,E02000574,U
E01002729,E02000574,E09000019,Islington,E02000574,U
E01002730,E02000560,E09000019,Islington,E02000560,U
E01002732,E02000558,E09000019,Islington,E02000558,U
E01002733,E02000560,E09000019,Islington,E02000560,U
E01002734,E02000558,E09000019,Islington,E02000558,U
E01002735,E02000556,E09000019,Islington,E02000556,U
E01002736,E02000558,E09000019,Islington,E02000558,U
E01002737,E02000558,E09000019,Islington,E02000558,U
E01002738,E02000562,E09000019,Islington,E02000562,U
E01002739,E02000566,E09000019,Islington,E02000566,U
E01002740,E02000566,E09000019,Islington,E02000566,U
E01002741,E02000562,E09000019,Islington,E02000562,U
E01002742,E02000559,E09000019,Islington,E02000559,U
E01002743,E02000562,E09000019,Islington,E02000562,U
E01002744,E02000562,E09000019,Islington,E02000562,U
E01002745,E02000566,E09000019,Islington,E02000566,U
E01002747,E02000559,E09000019,Islington,E02000559,U
E01002748,E02000559,E09000019,Islington,E02000559,U
E01002749,E02000559,E09000019,Islington,E02000559,U
E01002751,E02000558,E09000019,Islington,E02000558,U
E01002752,E02000562,E09000019,Islington,E02000562,U
E01002753,E02000555,E09000019,Islington,E02000555,U
E01002754,E02000555,E09000019,Islington,E02000555,U
E01002755,E02000554,E09000019,Islington,E02000554,U
E01002756,E02000554,E09000019,Islington,E02000554,U
E01002757,E02000555,E09000019,Islington,E02000555,U
E01002758,E02000554,E09000019,Islington,E02000554,U
E01002759,E02000555,E09000019,Islington,E02000555,U
E01002760,E02000555,E09000019,Islington,E02000555,U
E01002762,E02000564,E09000019,Islington,E02000564,U
E01002763,E02000560,E09000019,Islington,E02000560,U
E01002764,E02000563,E09000019,Islington,E02000563,U
E01002765,E02000568,E09000019,Islington,E02000568,U
E01002766,E02000568,E09000019,Islington,E02000568,U
E01002767,E02000564,E09000019,Islington,E02000564,U
E01002768,E02000557,E09000019,Islington,E02000557,U
E01002769,E02000561,E09000019,Islington,E02000561,U
E01002770,E02000557,E09000019,Islington,E02000557,U
E01002771,E02000557,E09000019,Islington,E02000557,U
E01002772,E02000555,E09000019,Islington,E02000555,U
E01002773,E02000557,E09000019,Islington,E02000557,U
E01002774,E02000557,E09000019,Islington,E02000557,U
E01002775,E02000567,E09000019,Islington,E02000567,U
E01002776,E02000567,E09000019,Islington,E02000567,U
E01002777,E02000565,E09000019,Islington,E02000565,U
E01002778,E02000565,E09000019,Islington,E02000565,U
E01002779,E02000565,E09000019,Islington,E02000565,U
E01002780,E02000567,E09000019,Islington,E02000567,U
E01002781,E02000565,E09000019,Islington,E02000565,U
E01002782,E02000565,E09000019,Islington,E02000565,U
E01002783,E02000563,E09000019,Islington,E02000563,U
E01002784,E02000563,E09000019,Islington,E02000563,U
E01002785,E02000561,E09000019,Islington,E02000561,U
E01002786,E02000563,E09000019,Islington,E02000563,U
E01002787,E02000563,E09000019,Islington,E02000563,U
E01002788,E02000561,E09000019,Islington,E02000561,U
E01002789,E02000561,E09000019,Islington,E02000561,U
E01002790,E02000569,E09000019,Islington,E02000569,U
E01002791,E02000569,E09000019,Islington,E02000569,U
E01002792,E02000570,E09000019,Islington,E02000570,U
E01002793,E02000569,E09000019,Islington,E02000569,U
E01002794,E02000573,E09000019,Islington,E02000573,U
E01002795,E02000566,E09000019,Islington,E02000566,U
E01002796,E02000566,E09000019,Islington,E02000566,U
E01002797,E02000571,E09000019,Islington,E02000571,U
E01002798,E02000571,E09000019,Islington,E02000571,U
E01002799,E02000571,E09000019,Islington,E02000571,U
E01002800,E02000571,E09000019,Islington,E02000571,U
E01002801,E02000573,E09000019,Islington,E02000573,U
E01002802,E02000573,E09000019,Islington,E02000573,U
E01002804,E02000554,E09000019,Islington,E02000554,U
E01002805,E02000556,E09000019,Islington,E02000556,U
E01002806,E02000556,E09000019,Islington,E02000556,U
E01002807,E02000554,E09000019,Islington,E02000554,U
E01002808,E02000556,E09000019,Islington,E02000556,U
E01002809,E02000556,E09000019,Islington,E02000556,U
E01002810,E02000556,E09000019,Islington,E02000556,U
E01002811,E02000554,E09000019,Islington,E02000554,U
E01002812,E02000589,E09000020,Kensington and Chelsea,E02000589,U
E01002813,E02000587,E09000020,Kensington and Chelsea,E02000587,U
E01002814,E02000591,E09000020,Kensington and Chelsea,E02000591,U
E01002815,E02000587,E09000020,Kensington and Chelsea,E02000587,U
E01002816,E02000587,E09000020,Kensington and Chelsea,E02000587,U
E01002817,E02000587,E09000020,Kensington and Chelsea,E02000587,U
E01002818,E02000588,E09000020,Kensington and Chelsea,E02000588,U
E01002819,E02000588,E09000020,Kensington and Chelsea,E02000588,U
E01002821,E02000590,E09000020,Kensington and Chelsea,E02000590,U
E01002823,E02000590,E09000020,Kensington and Chelsea,E02000590,U
E01002824,E02000584,E09000020,Kensington and Chelsea,E02000584,U
E01002825,E02000584,E09000020,Kensington and Chelsea,E02000584,U
E01002826,E02000584,E09000020,Kensington and Chelsea,E02000584,U
E01002827,E02000584,E09000020,Kensington and Chelsea,E02000584,U
E01002828,E02000584,E09000020,Kensington and Chelsea,E02000584,U
E01002829,E02000580,E09000020,Kensington and Chelsea,E02000580,U
E01002830,E02000580,E09000020,Kensington and Chelsea,E02000580,U
E01002831,E02000580,E09000020,Kensington and Chelsea,E02000580,U
E01002832,E02000580,E09000020,Kensington and Chelsea,E02000580,U
E01002833,E02000583,E09000020,Kensington and Chelsea,E02000583,U
E01002834,E02000589,E09000020,Kensington and Chelsea,E02000589,U
E01002835,E02000592,E09000020,Kensington and Chelsea,E02000592,U
E01002836,E02000592,E09000020,Kensington and Chelsea,E02000592,U
E01002837,E02000592,E09000020,Kensington and Chelsea,E02000592,U
E01002839,E02000589,E09000020,Kensington and Chelsea,E02000589,U
E01002840,E02000597,E09000020,Kensington and Chelsea,E02000597,U
E01002841,E02000597,E09000020,Kensington and Chelsea,E02000597,U
E01002842,E02000597,E09000020,Kensington and Chelsea,E02000597,U
E01002843,E02000597,E09000020,Kensington and Chelsea,E02000597,U
E01002844,E02000595,E09000020,Kensington and Chelsea,E02000595,U
E01002845,E02000595,E09000020,Kensington and Chelsea,E02000595,U
E01002846,E02000593,E09000020,Kensington and Chelsea,E02000593,U
E01002847,E02000591,E09000020,Kensington and Chelsea,E02000591,U
E01002848,E02000591,E09000020,Kensington and Chelsea,E02000591,U
E01002849,E02000593,E09000020,Kensington and Chelsea,E02000593,U
E01002850,E02000589,E09000020,Kensington and Chelsea,E02000589,U
E01002851,E02000591,E09000020,Kensington and Chelsea,E02000591,U
E01002852,E02000577,E09000020,Kensington and Chelsea,E02000577,U
E01002853,E02000577,E09000020,Kensington and Chelsea,E02000577,U
E01002854,E02000577,E09000020,Kensington and Chelsea,E02000577,U
E01002855,E02000577,E09000020,Kensington and Chelsea,E02000577,U
E01002856,E02000580,E09000020,Kensington and Chelsea,E02000580,U
E01002857,E02000577,E09000020,Kensington and Chelsea,E02000577,U
E01002858,E02000590,E09000020,Kensington and Chelsea,E02000590,U
E01002859,E02000588,E09000020,Kensington and Chelsea,E02000588,U
E01002860,E02000588,E09000020,Kensington and Chelsea,E02000588,U
E01002861,E02000590,E09000020,Kensington and Chelsea,E02000590,U
E01002862,E02000590,E09000020,Kensington and Chelsea,E02000590,U
E01002863,E02000588,E09000020,Kensington and Chelsea,E02000588,U
E01002864,E02000585,E09000020,Kensington and Chelsea,E02000585,U
E01002865,E02000587,E09000020,Kensington and Chelsea,E02000587,U
E01002866,E02000585,E09000020,Kensington and Chelsea,E02000585,U
E01002867,E02000585,E09000020,Kensington and Chelsea,E02000585,U
E01002868,E02000585,E09000020,Kensington and Chelsea,E02000585,U
E01002869,E02000585,E09000020,Kensington and Chelsea,E02000585,U
E01002870,E02000581,E09000020,Kensington and Chelsea,E02000581,U
E01002871,E02000583,E09000020,Kensington and Chelsea,E02000583,U
E01002872,E02000581,E09000020,Kensington and Chelsea,E02000581,U
E01002873,E02000583,E09000020,Kensington and Chelsea,E02000583,U
E01002874,E02000583,E09000020,Kensington and Chelsea,E02000583,U
E01002875,E02000583,E09000020,Kensington and Chelsea,E02000583,U
E01002876,E02000579,E09000020,Kensington and Chelsea,E02000579,U
E01002877,E02000579,E09000020,Kensington and Chelsea,E02000579,U
E01002878,E02000579,E09000020,Kensington and Chelsea,E02000579,U
E01002879,E02000581,E09000020,Kensington and Chelsea,E02000581,U
E01002880,E02000581,E09000020,Kensington and Chelsea,E02000581,U
E01002881,E02000581,E09000020,Kensington and Chelsea,E02000581,U
E01002882,E02000582,E09000020,Kensington and Chelsea,E02000582,U
E01002883,E02000582,E09000020,Kensington and Chelsea,E02000582,U
E01002884,E02000582,E09000020,Kensington and Chelsea,E02000582,U
E01002885,E02000582,E09000020,Kensington and Chelsea,E02000582,U
E01002886,E02000582,E09000020,Kensington and Chelsea,E02000582,U
E01002887,E02000586,E09000020,Kensington and Chelsea,E02000586,U
E01002888,E02000589,E09000020,Kensington and Chelsea,E02000589,U
E01002889,E02000586,E09000020,Kensington and Chelsea,E02000586,U
E01002890,E02000586,E09000020,Kensington and Chelsea,E02000586,U
E01002891,E02000586,E09000020,Kensington and Chelsea,E02000586,U
E01002892,E02000586,E09000020,Kensington and Chelsea,E02000586,U
E01002893,E02000593,E09000020,Kensington and Chelsea,E02000593,U
E01002894,E02000593,E09000020,Kensington and Chelsea,E02000593,U
E01002896,E02000596,E09000020,Kensington and Chelsea,E02000596,U
E01002897,E02000596,E09000020,Kensington and Chelsea,E02000596,U
E01002898,E02000593,E09000020,Kensington and Chelsea,E02000593,U
E01002899,E02000594,E09000020,Kensington and Chelsea,E02000594,U
E01002900,E02000594,E09000020,Kensington and Chelsea,E02000594,U
E01002901,E02000594,E09000020,Kensington and Chelsea,E02000594,U
E01002902,E02000594,E09000020,Kensington and Chelsea,E02000594,U
E01002903,E02000594,E09000020,Kensington and Chelsea,E02000594,U
E01002904,E02000578,E09000020,Kensington and Chelsea,E02000578,U
E01002905,E02000578,E09000020,Kensington and Chelsea,E02000578,U
E01002906,E02000578,E09000020,Kensington and Chelsea,E02000578,U
E01002907,E02000578,E09000020,Kensington and Chelsea,E02000578,U
E01002908,E02000579,E09000020,Kensington and Chelsea,E02000579,U
E01002909,E02000579,E09000020,Kensington and Chelsea,E02000579,U
E01002910,E02000595,E09000020,Kensington and Chelsea,E02000595,U
E01002911,E02000595,E09000020,Kensington and Chelsea,E02000595,U
E01002912,E02000596,E09000020,Kensington and Chelsea,E02000596,U
E01002913,E02000597,E09000020,Kensington and Chelsea,E02000597,U
E01002914,E02000595,E09000020,Kensington and Chelsea,E02000595,U
E01002915,E02000611,E09000021,Kingston upon Thames,E02000611,U
E01002916,E02000611,E09000021,Kingston upon Thames,E02000611,U
E01002917,E02000611,E09000021,Kingston upon Thames,E02000611,U
E01002918,E02000614,E09000021,Kingston upon Thames,E02000614,U
E01002919,E02000614,E09000021,Kingston upon Thames,E02000614,U
E01002920,E02000611,E09000021,Kingston upon Thames,E02000611,U
E01002921,E02000608,E09000021,Kingston upon Thames,E02000608,U
E01002922,E02000607,E09000021,Kingston upon Thames,E02000607,U
E01002923,E02000610,E09000021,Kingston upon Thames,E02000610,U
E01002924,E02000611,E09000021,Kingston upon Thames,E02000611,U
E01002925,E02000610,E09000021,Kingston upon Thames,E02000610,U
E01002926,E02000607,E09000021,Kingston upon Thames,E02000607,U
E01002927,E02000605,E09000021,Kingston upon Thames,E02000605,U
E01002928,E02000605,E09000021,Kingston upon Thames,E02000605,U
E01002929,E02000604,E09000021,Kingston upon Thames,E02000604,U
E01002930,E02000604,E09000021,Kingston upon Thames,E02000604,U
E01002931,E02000604,E09000021,Kingston upon Thames,E02000604,U
E01002932,E02000603,E09000021,Kingston upon Thames,E02000603,U
E01002933,E02000601,E09000021,Kingston upon Thames,E02000601,U
E01002934,E02000601,E09000021,Kingston upon Thames,E02000601,U
E01002935,E02000600,E09000021,Kingston upon Thames,E02000600,U
E01002937,E02000601,E09000021,Kingston upon Thames,E02000601,U
E01002938,E02000600,E09000021,Kingston upon Thames,E02000600,U
E01002939,E02000615,E09000021,Kingston upon Thames,E02000615,U
E01002940,E02000617,E09000021,Kingston upon Thames,E02000617,U
E01002941,E02000615,E09000021,Kingston upon Thames,E02000615,U
E01002942,E02000615,E09000021,Kingston upon Thames,E02000615,U
E01002943,E02000617,E09000021,Kingston upon Thames,E02000617,U
E01002944,E02000616,E09000021,Kingston upon Thames,E02000616,U
E01002945,E02000616,E09000021,Kingston upon Thames,E02000616,U
E01002946,E02000616,E09000021,Kingston upon Thames,E02000616,U
E01002947,E02000616,E09000021,Kingston upon Thames,E02000616,U
E01002948,E02000617,E09000021,Kingston upon Thames,E02000617,U
E01002949,E02000617,E09000021,Kingston upon Thames,E02000617,U
E01002950,E02000617,E09000021,Kingston upon Thames,E02000617,U
E01002951,E02000600,E09000021,Kingston upon Thames,E02000600,U
E01002952,E02000599,E09000021,Kingston upon Thames,E02000599,U
E01002953,E02000599,E09000021,Kingston upon Thames,E02000599,U
E01002954,E02000600,E09000021,Kingston upon Thames,E02000600,U
E01002955,E02000599,E09000021,Kingston upon Thames,E02000599,U
E01002956,E02000599,E09000021,Kingston upon Thames,E02000599,U
E01002957,E02000600,E09000021,Kingston upon Thames,E02000600,U
E01002958,E02000605,E09000021,Kingston upon Thames,E02000605,U
E01002959,E02000599,E09000021,Kingston upon Thames,E02000599,U
E01002960,E02000603,E09000021,Kingston upon Thames,E02000603,U
E01002961,E02000605,E09000021,Kingston upon Thames,E02000605,U
E01002962,E02000603,E09000021,Kingston upon Thames,E02000603,U
E01002963,E02000604,E09000021,Kingston upon Thames,E02000604,U
E01002964,E02000602,E09000021,Kingston upon Thames,E02000602,U
E01002965,E02000606,E09000021,Kingston upon Thames,E02000606,U
E01002966,E02000607,E09000021,Kingston upon Thames,E02000607,U
E01002967,E02000606,E09000021,Kingston upon Thames,E02000606,U
E01002968,E02000606,E09000021,Kingston upon Thames,E02000606,U
E01002969,E02000602,E09000021,Kingston upon Thames,E02000602,U
E01002970,E02000603,E09000021,Kingston upon Thames,E02000603,U
E01002971,E02000602,E09000021,Kingston upon Thames,E02000602,U
E01002972,E02000602,E09000021,Kingston upon Thames,E02000602,U
E01002973,E02000603,E09000021,Kingston upon Thames,E02000603,U
E01002974,E02000602,E09000021,Kingston upon Thames,E02000602,U
E01002975,E02000609,E09000021,Kingston upon Thames,E02000609,U
E01002976,E02000612,E09000021,Kingston upon Thames,E02000612,U
E01002977,E02000609,E09000021,Kingston upon Thames,E02000609,U
E01002978,E02000612,E09000021,Kingston upon Thames,E02000612,U
E01002979,E02000612,E09000021,Kingston upon Thames,E02000612,U
E01002980,E02000609,E09000021,Kingston upon Thames,E02000609,U
E01002981,E02000609,E09000021,Kingston upon Thames,E02000609,U
E01002982,E02000612,E09000021,Kingston upon Thames,E02000612,U
E01002983,E02000612,E09000021,Kingston upon Thames,E02000612,U
E01002984,E02000609,E09000021,Kingston upon Thames,E02000609,U
E01002985,E02000604,E09000021,Kingston upon Thames,E02000604,U
E01002986,E02000605,E09000021,Kingston upon Thames,E02000605,U
E01002987,E02000608,E09000021,Kingston upon Thames,E02000608,U
E01002988,E02000608,E09000021,Kingston upon Thames,E02000608,U
E01002989,E02000608,E09000021,Kingston upon Thames,E02000608,U
E01002990,E02000606,E09000021,Kingston upon Thames,E02000606,U
E01002991,E02000606,E09000021,Kingston upon Thames,E02000606,U
E01002992,E02000607,E09000021,Kingston upon Thames,E02000607,U
E01002993,E02000610,E09000021,Kingston upon Thames,E02000610,U
E01002994,E02000613,E09000021,Kingston upon Thames,E02000613,U
E01002995,E02000610,E09000021,Kingston upon Thames,E02000610,U
E01002996,E02000613,E09000021,Kingston upon Thames,E02000613,U
E01002997,E02000613,E09000021,Kingston upon Thames,E02000613,U
E01002998,E02000613,E09000021,Kingston upon Thames,E02000613,U
E01002999,E02000610,E09000021,Kingston upon Thames,E02000610,U
E01003000,E02000614,E09000021,Kingston upon Thames,E02000614,U
E01003001,E02000614,E09000021,Kingston upon Thames,E02000614,U
E01003002,E02000613,E09000021,Kingston upon Thames,E02000613,U
E01003003,E02000614,E09000021,Kingston upon Thames,E02000614,U
E01003004,E02000615,E09000021,Kingston upon Thames,E02000615,U
E01003005,E02000615,E09000021,Kingston upon Thames,E02000615,U
E01003006,E02000598,E09000021,Kingston upon Thames,E02000598,U
E01003007,E02000598,E09000021,Kingston upon Thames,E02000598,U
E01003008,E02000598,E09000021,Kingston upon Thames,E02000598,U
E01003009,E02000598,E09000021,Kingston upon Thames,E02000598,U
E01003010,E02000598,E09000021,Kingston upon Thames,E02000598,U
E01003011,E02000601,E09000021,Kingston upon Thames,E02000601,U
E01003013,E02006801,E09000022,Lambeth,E02006801,U
E01003014,E02006801,E09000022,Lambeth,E02006801,U
E01003015,E02000619,E09000022,Lambeth,E02000619,U
E01003016,E02006801,E09000022,Lambeth,E02006801,U
E01003017,E02006801,E09000022,Lambeth,E02006801,U
E01003018,E02000637,E09000022,Lambeth,E02000637,U
E01003019,E02000632,E09000022,Lambeth,E02000632,U
E01003020,E02000633,E09000022,Lambeth,E02000633,U
E01003021,E02000638,E09000022,Lambeth,E02000638,U
E01003022,E02000638,E09000022,Lambeth,E02000638,U
E01003023,E02000638,E09000022,Lambeth,E02000638,U
E01003024,E02000638,E09000022,Lambeth,E02000638,U
E01003025,E02000638,E09000022,Lambeth,E02000638,U
E01003026,E02000636,E09000022,Lambeth,E02000636,U
E01003027,E02000636,E09000022,Lambeth,E02000636,U
E01003028,E02000636,E09000022,Lambeth,E02000636,U
E01003029,E02000634,E09000022,Lambeth,E02000634,U
E01003030,E02000636,E09000022,Lambeth,E02000636,U
E01003031,E02000640,E09000022,Lambeth,E02000640,U
E01003032,E02000634,E09000022,Lambeth,E02000634,U
E01003033,E02000636,E09000022,Lambeth,E02000636,U
E01003034,E02000629,E09000022,Lambeth,E02000629,U
E01003035,E02000629,E09000022,Lambeth,E02000629,U
E01003036,E02000629,E09000022,Lambeth,E02000629,U
E01003037,E02000630,E09000022,Lambeth,E02000630,U
E01003038,E02000630,E09000022,Lambeth,E02000630,U
E01003039,E02000630,E09000022,Lambeth,E02000630,U
E01003040,E02000630,E09000022,Lambeth,E02000630,U
E01003041,E02000634,E09000022,Lambeth,E02000634,U
E01003042,E02000630,E09000022,Lambeth,E02000630,U
E01003043,E02000635,E09000022,Lambeth,E02000635,U
E01003044,E02000635,E09000022,Lambeth,E02000635,U
E01003045,E02000628,E09000022,Lambeth,E02000628,U
E01003046,E02000626,E09000022,Lambeth,E02000626,U
E01003047,E02000628,E09000022,Lambeth,E02000628,U
E01003048,E02000626,E09000022,Lambeth,E02000626,U
E01003049,E02000628,E09000022,Lambeth,E02000628,U
E01003050,E02000633,E09000022,Lambeth,E02000633,U
E01003051,E02000635,E09000022,Lambeth,E02000635,U
E01003052,E02000633,E09000022,Lambeth,E02000633,U
E01003053,E02000632,E09000022,Lambeth,E02000632,U
E01003054,E02000632,E09000022,Lambeth,E02000632,U
E01003055,E02000633,E09000022,Lambeth,E02000633,U
E01003056,E02000632,E09000022,Lambeth,E02000632,U
E01003057,E02000634,E09000022,Lambeth,E02000634,U
E01003058,E02000632,E09000022,Lambeth,E02000632,U
E01003059,E02000628,E09000022,Lambeth,E02000628,U
E01003060,E02000628,E09000022,Lambeth,E02000628,U
E01003061,E02000628,E09000022,Lambeth,E02000628,U
E01003062,E02000650,E09000022,Lambeth,E02000650,U
E01003063,E02000650,E09000022,Lambeth,E02000650,U
E01003064,E02000645,E09000022,Lambeth,E02000645,U
E01003065,E02000648,E09000022,Lambeth,E02000648,U
E01003066,E02000645,E09000022,Lambeth,E02000645,U
E01003067,E02000650,E09000022,Lambeth,E02000650,U
E01003068,E02000648,E09000022,Lambeth,E02000648,U
E01003069,E02000650,E09000022,Lambeth,E02000650,U
E01003070,E02000650,E09000022,Lambeth,E02000650,U
E01003071,E02000635,E09000022,Lambeth,E02000635,U
E01003072,E02000631,E09000022,Lambeth,E02000631,U
E01003073,E02000631,E09000022,Lambeth,E02000631,U
E01003074,E02000635,E09000022,Lambeth,E02000635,U
E01003075,E02000626,E09000022,Lambeth,E02000626,U
E01003076,E02000631,E09000022,Lambeth,E02000631,U
E01003077,E02000631,E09000022,Lambeth,E02000631,U
E01003078,E02000631,E09000022,Lambeth,E02000631,U
E01003079,E02000644,E09000022,Lambeth,E02000644,U
E01003080,E02000644,E09000022,Lambeth,E02000644,U
E01003081,E02000645,E09000022,Lambeth,E02000645,U
E01003082,E02000648,E09000022,Lambeth,E02000648,U
E01003083,E02000647,E09000022,Lambeth,E02000647,U
E01003084,E02000647,E09000022,Lambeth,E02000647,U
E01003085,E02000647,E09000022,Lambeth,E02000647,U
E01003086,E02000648,E09000022,Lambeth,E02000648,U
E01003087,E02000648,E09000022,Lambeth,E02000648,U
E01003088,E02000627,E09000022,Lambeth,E02000627,U
E01003089,E02000625,E09000022,Lambeth,E02000625,U
E01003090,E02000629,E09000022,Lambeth,E02000629,U
E01003091,E02000625,E09000022,Lambeth,E02000625,U
E01003092,E02000625,E09000022,Lambeth,E02000625,U
E01003093,E02000627,E09000022,Lambeth,E02000627,U
E01003094,E02000627,E09000022,Lambeth,E02000627,U
E01003095,E02000629,E09000022,Lambeth,E02000629,U
E01003096,E02000627,E09000022,Lambeth,E02000627,U
E01003097,E02000623,E09000022,Lambeth,E02000623,U
E01003098,E02000622,E09000022,Lambeth,E02000622,U
E01003099,E02000622,E09000022,Lambeth,E02000622,U
E01003100,E02000622,E09000022,Lambeth,E02000622,U
E01003101,E02000620,E09000022,Lambeth,E02000620,U
E01003102,E02000621,E09000022,Lambeth,E02000621,U
E01003104,E02000621,E09000022,Lambeth,E02000621,U
E01003105,E02000620,E09000022,Lambeth,E02000620,U
E01003106,E02000620,E09000022,Lambeth,E02000620,U
E01003107,E02000620,E09000022,Lambeth,E02000620,U
E01003108,E02000619,E09000022,Lambeth,E02000619,U
E01003110,E02000619,E09000022,Lambeth,E02000619,U
E01003111,E02000619,E09000022,Lambeth,E02000619,U
E01003112,E02000619,E09000022,Lambeth,E02000619,U
E01003113,E02000649,E09000022,Lambeth,E02000649,U
E01003114,E02000649,E09000022,Lambeth,E02000649,U
E01003115,E02000651,E09000022,Lambeth,E02000651,U
E01003116,E02000646,E09000022,Lambeth,E02000646,U
E01003117,E02000646,E09000022,Lambeth,E02000646,U
E01003118,E02000646,E09000022,Lambeth,E02000646,U
E01003119,E02000649,E09000022,Lambeth,E02000649,U
E01003120,E02000649,E09000022,Lambeth,E02000649,U
E01003121,E02000623,E09000022,Lambeth,E02000623,U
E01003122,E02000621,E09000022,Lambeth,E02000621,U
E01003123,E02000623,E09000022,Lambeth,E02000623,U
E01003124,E02000623,E09000022,Lambeth,E02000623,U
E01003125,E02000623,E09000022,Lambeth,E02000623,U
E01003126,E02000625,E09000022,Lambeth,E02000625,U
E01003127,E02000627,E09000022,Lambeth,E02000627,U
E01003128,E02000625,E09000022,Lambeth,E02000625,U
E01003129,E02000621,E09000022,Lambeth,E02000621,U
E01003130,E02000643,E09000022,Lambeth,E02000643,U
E01003131,E02000643,E09000022,Lambeth,E02000643,U
E01003132,E02000641,E09000022,Lambeth,E02000641,U
E01003133,E02000644,E09000022,Lambeth,E02000644,U
E01003134,E02000644,E09000022,Lambeth,E02000644,U
E01003135,E02000643,E09000022,Lambeth,E02000643,U
E01003136,E02000639,E09000022,Lambeth,E02000639,U
E01003137,E02000639,E09000022,Lambeth,E02000639,U
E01003138,E02000643,E09000022,Lambeth,E02000643,U
E01003139,E02000652,E09000022,Lambeth,E02000652,U
E01003140,E02000652,E09000022,Lambeth,E02000652,U
E01003141,E02000651,E09000022,Lambeth,E02000651,U
E01003142,E02000652,E09000022,Lambeth,E02000652,U
E01003143,E02000652,E09000022,Lambeth,E02000652,U
E01003144,E02000651,E09000022,Lambeth,E02000651,U
E01003145,E02000651,E09000022,Lambeth,E02000651,U
E01003146,E02000652,E09000022,Lambeth,E02000652,U
E01003147,E02000651,E09000022,Lambeth,E02000651,U
E01003148,E02000649,E09000022,Lambeth,E02000649,U
E01003149,E02000647,E09000022,Lambeth,E02000647,U
E01003150,E02000649,E09000022,Lambeth,E02000649,U
E01003151,E02000643,E09000022,Lambeth,E02000643,U
E01003152,E02000644,E09000022,Lambeth,E02000644,U
E01003153,E02000646,E09000022,Lambeth,E02000646,U
E01003154,E02000647,E09000022,Lambeth,E02000647,U
E01003155,E02000646,E09000022,Lambeth,E02000646,U
E01003156,E02000640,E09000022,Lambeth,E02000640,U
E01003157,E02000640,E09000022,Lambeth,E02000640,U
E01003158,E02000640,E09000022,Lambeth,E02000640,U
E01003159,E02000639,E09000022,Lambeth,E02000639,U
E01003160,E02000639,E09000022,Lambeth,E02000639,U
E01003161,E02000640,E09000022,Lambeth,E02000640,U
E01003162,E02000639,E09000022,Lambeth,E02000639,U
E01003163,E02000640,E09000022,Lambeth,E02000640,U
E01003164,E02000642,E09000022,Lambeth,E02000642,U
E01003165,E02000642,E09000022,Lambeth,E02000642,U
E01003166,E02000645,E09000022,Lambeth,E02000645,U
E01003167,E02000645,E09000022,Lambeth,E02000645,U
E01003168,E02000642,E09000022,Lambeth,E02000642,U
E01003169,E02000642,E09000022,Lambeth,E02000642,U
E01003170,E02000642,E09000022,Lambeth,E02000642,U
E01003171,E02000637,E09000022,Lambeth,E02000637,U
E01003172,E02000641,E09000022,Lambeth,E02000641,U
E01003173,E02000637,E09000022,Lambeth,E02000637,U
E01003174,E02000641,E09000022,Lambeth,E02000641,U
E01003175,E02000641,E09000022,Lambeth,E02000641,U
E01003176,E02000633,E09000022,Lambeth,E02000633,U
E01003177,E02000637,E09000022,Lambeth,E02000637,U
E01003178,E02000637,E09000022,Lambeth,E02000637,U
E01003179,E02000641,E09000022,Lambeth,E02000641,U
E01003180,E02000622,E09000022,Lambeth,E02000622,U
E01003181,E02000624,E09000022,Lambeth,E02000624,U
E01003182,E02000626,E09000022,Lambeth,E02000626,U
E01003183,E02000622,E09000022,Lambeth,E02000622,U
E01003184,E02000624,E09000022,Lambeth,E02000624,U
E01003185,E02000624,E09000022,Lambeth,E02000624,U
E01003186,E02000624,E09000022,Lambeth,E02000624,U
E01003187,E02000624,E09000022,Lambeth,E02000624,U
E01003188,E02000626,E09000022,Lambeth,E02000626,U
E01003189,E02000686,E09000023,Lewisham,E02000686,U
E01003190,E02000686,E09000023,Lewisham,E02000686,U
E01003191,E02000686,E09000023,Lewisham,E02000686,U
E01003192,E02000686,E09000023,Lewisham,E02000686,U
E01003193,E02000681,E09000023,Lewisham,E02000681,U
E01003194,E02000681,E09000023,Lewisham,E02000681,U
E01003195,E02000681,E09000023,Lewisham,E02000681,U
E01003196,E02000681,E09000023,Lewisham,E02000681,U
E01003197,E02000681,E09000023,Lewisham,E02000681,U
E01003198,E02000661,E09000023,Lewisham,E02000661,U
E01003199,E02000659,E09000023,Lewisham,E02000659,U
E01003200,E02000661,E09000023,Lewisham,E02000661,U
E01003201,E02000659,E09000023,Lewisham,E02000659,U
E01003202,E02000661,E09000023,Lewisham,E02000661,U
E01003203,E02000661,E09000023,Lewisham,E02000661,U
E01003204,E02000659,E09000023,Lewisham,E02000659,U
E01003205,E02000659,E09000023,Lewisham,E02000659,U
E01003206,E02000659,E09000023,Lewisham,E02000659,U
E01003207,E02000657,E09000023,Lewisham,E02000657,U
E01003209,E02000657,E09000023,Lewisham,E02000657,U
E01003210,E02000657,E09000023,Lewisham,E02000657,U
E01003211,E02000660,E09000023,Lewisham,E02000660,U
E01003212,E02000657,E09000023,Lewisham,E02000657,U
E01003213,E02000660,E09000023,Lewisham,E02000660,U
E01003214,E02000660,E09000023,Lewisham,E02000660,U
E01003215,E02000657,E09000023,Lewisham,E02000657,U
E01003216,E02000677,E09000023,Lewisham,E02000677,U
E01003217,E02000674,E09000023,Lewisham,E02000674,U
E01003218,E02000674,E09000023,Lewisham,E02000674,U
E01003219,E02000677,E09000023,Lewisham,E02000677,U
E01003220,E02000674,E09000023,Lewisham,E02000674,U
E01003221,E02000677,E09000023,Lewisham,E02000677,U
E01003222,E02000674,E09000023,Lewisham,E02000674,U
E01003223,E02000677,E09000023,Lewisham,E02000677,U
E01003224,E02000674,E09000023,Lewisham,E02000674,U
E01003225,E02000667,E09000023,Lewisham,E02000667,U
E01003226,E02000671,E09000023,Lewisham,E02000671,U
E01003227,E02000671,E09000023,Lewisham,E02000671,U
E01003228,E02000671,E09000023,Lewisham,E02000671,U
E01003229,E02000671,E09000023,Lewisham,E02000671,U
E01003230,E02000671,E09000023,Lewisham,E02000671,U
E01003231,E02000667,E09000023,Lewisham,E02000667,U
E01003232,E02000667,E09000023,Lewisham,E02000667,U
E01003233,E02000667,E09000023,Lewisham,E02000667,U
E01003235,E02006784,E09000023,Lewisham,E02006784,U
E01003236,E02006783,E09000023,Lewisham,E02006783,U
E01003237,E02006783,E09000023,Lewisham,E02006783,U
E01003238,E02006783,E09000023,Lewisham,E02006783,U
E01003239,E02006783,E09000023,Lewisham,E02006783,U
E01003240,E02006784,E09000023,Lewisham,E02006784,U
E01003241,E02006784,E09000023,Lewisham,E02006784,U
E01003243,E02006784,E09000023,Lewisham,E02006784,U
E01003244,E02000653,E09000023,Lewisham,E02000653,U
E01003245,E02000653,E09000023,Lewisham,E02000653,U
E01003246,E02000654,E09000023,Lewisham,E02000654,U
E01003247,E02000653,E09000023,Lewisham,E02000653,U
E01003248,E02000654,E09000023,Lewisham,E02000654,U
E01003249,E02000653,E09000023,Lewisham,E02000653,U
E01003251,E02000654,E09000023,Lewisham,E02000654,U
E01003252,E02000654,E09000023,Lewisham,E02000654,U
E01003253,E02000654,E09000023,Lewisham,E02000654,U
E01003254,E02000673,E09000023,Lewisham,E02000673,U
E01003255,E02000673,E09000023,Lewisham,E02000673,U
E01003256,E02000680,E09000023,Lewisham,E02000680,U
E01003257,E02000680,E09000023,Lewisham,E02000680,U
E01003258,E02000680,E09000023,Lewisham,E02000680,U
E01003259,E02000680,E09000023,Lewisham,E02000680,U
E01003260,E02000673,E09000023,Lewisham,E02000673,U
E01003261,E02000673,E09000023,Lewisham,E02000673,U
E01003262,E02000673,E09000023,Lewisham,E02000673,U
E01003263,E02000675,E09000023,Lewisham,E02000675,U
E01003264,E02000683,E09000023,Lewisham,E02000683,U
E01003265,E02000683,E09000023,Lewisham,E02000683,U
E01003266,E02000683,E09000023,Lewisham,E02000683,U
E01003267,E02000683,E09000023,Lewisham,E02000683,U
E01003268,E02000675,E09000023,Lewisham,E02000675,U
E01003269,E02000675,E09000023,Lewisham,E02000675,U
E01003270,E02000675,E09000023,Lewisham,E02000675,U
E01003271,E02000675,E09000023,Lewisham,E02000675,U
E01003272,E02000666,E09000023,Lewisham,E02000666,U
E01003273,E02000663,E09000023,Lewisham,E02000663,U
E01003274,E02000666,E09000023,Lewisham,E02000666,U
E01003275,E02000666,E09000023,Lewisham,E02000666,U
E01003276,E02000666,E09000023,Lewisham,E02000666,U
E01003277,E02000663,E09000023,Lewisham,E02000663,U
E01003278,E02000663,E09000023,Lewisham,E02000663,U
E01003279,E02000663,E09000023,Lewisham,E02000663,U
E01003280,E02000668,E09000023,Lewisham,E02000668,U
E01003281,E02000668,E09000023,Lewisham,E02000668,U
E01003282,E02000665,E09000023,Lewisham,E02000665,U
E01003283,E02000665,E09000023,Lewisham,E02000665,U
E01003284,E02000665,E09000023,Lewisham,E02000665,U
E01003285,E02000668,E09000023,Lewisham,E02000668,U
E01003286,E02000665,E09000023,Lewisham,E02000665,U
E01003287,E02000668,E09000023,Lewisham,E02000668,U
E01003288,E02007009,E09000023,Lewisham,E02000664,S
E01003290,E02007009,E09000023,Lewisham,E02000664,S
E01003291,E02007009,E09000023,Lewisham,E02000664,S
E01003292,E02000669,E09000023,Lewisham,E02000669,U
E01003293,E02000669,E09000023,Lewisham,E02000669,U
E01003295,E02000669,E09000023,Lewisham,E02000669,U
E01003297,E02000655,E09000023,Lewisham,E02000655,U
E01003298,E02006798,E09000023,Lewisham,E02006798,U
E01003299,E02000655,E09000023,Lewisham,E02000655,U
E01003300,E02006798,E09000023,Lewisham,E02006798,U
E01003301,E02000655,E09000023,Lewisham,E02000655,U
E01003302,E02000655,E09000023,Lewisham,E02000655,U
E01003303,E02006798,E09000023,Lewisham,E02006798,U
E01003304,E02006798,E09000023,Lewisham,E02006798,U
E01003305,E02000655,E09000023,Lewisham,E02000655,U
E01003307,E02000676,E09000023,Lewisham,E02000676,U
E01003308,E02000676,E09000023,Lewisham,E02000676,U
E01003309,E02000679,E09000023,Lewisham,E02000679,U
E01003310,E02000679,E09000023,Lewisham,E02000679,U
E01003311,E02000679,E09000023,Lewisham,E02000679,U
E01003312,E02000679,E09000023,Lewisham,E02000679,U
E01003313,E02000679,E09000023,Lewisham,E02000679,U
E01003314,E02000676,E09000023,Lewisham,E02000676,U
E01003315,E02000676,E09000023,Lewisham,E02000676,U
E01003316,E02000676,E09000023,Lewisham,E02000676,U
E01003318,E02000672,E09000023,Lewisham,E02000672,U
E01003319,E02000670,E09000023,Lewisham,E02000670,U
E01003320,E02000670,E09000023,Lewisham,E02000670,U
E01003321,E02000672,E09000023,Lewisham,E02000672,U
E01003322,E02000672,E09000023,Lewisham,E02000672,U
E01003323,E02000670,E09000023,Lewisham,E02000670,U
E01003324,E02000672,E09000023,Lewisham,E02000672,U
E01003325,E02000670,E09000023,Lewisham,E02000670,U
E01003326,E02000687,E09000023,Lewisham,E02000687,U
E01003327,E02000687,E09000023,Lewisham,E02000687,U
E01003328,E02000687,E09000023,Lewisham,E02000687,U
E01003329,E02000685,E09000023,Lewisham,E02000685,U
E01003330,E02000685,E09000023,Lewisham,E02000685,U
E01003331,E02000685,E09000023,Lewisham,E02000685,U
E01003332,E02000685,E09000023,Lewisham,E02000685,U
E01003333,E02000687,E09000023,Lewisham,E02000687,U
E01003334,E02000685,E09000023,Lewisham,E02000685,U
E01003335,E02000687,E09000023,Lewisham,E02000687,U
E01003336,E02000662,E09000023,Lewisham,E02000662,U
E01003337,E02000662,E09000023,Lewisham,E02000662,U
E01003338,E02000658,E09000023,Lewisham,E02000658,U
E01003339,E02000658,E09000023,Lewisham,E02000658,U
E01003340,E02000658,E09000023,Lewisham,E02000658,U
E01003341,E02000658,E09000023,Lewisham,E02000658,U
E01003342,E02000662,E09000023,Lewisham,E02000662,U
E01003343,E02000658,E09000023,Lewisham,E02000658,U
E01003344,E02000662,E09000023,Lewisham,E02000662,U
E01003345,E02000662,E09000023,Lewisham,E02000662,U
E01003346,E02000678,E09000023,Lewisham,E02000678,U
E01003347,E02000682,E09000023,Lewisham,E02000682,U
E01003348,E02000682,E09000023,Lewisham,E02000682,U
E01003349,E02000678,E09000023,Lewisham,E02000678,U
E01003350,E02000682,E09000023,Lewisham,E02000682,U
E01003351,E02000678,E09000023,Lewisham,E02000678,U
E01003352,E02000682,E09000023,Lewisham,E02000682,U
E01003353,E02000682,E09000023,Lewisham,E02000682,U
E01003354,E02000678,E09000023,Lewisham,E02000678,U
E01003355,E02000697,E09000024,Merton,E02000697,U
E01003356,E02000697,E09000024,Merton,E02000697,U
E01003357,E02000700,E09000024,Merton,E02000700,U
E01003358,E02000697,E09000024,Merton,E02000697,U
E01003359,E02000694,E09000024,Merton,E02000694,U
E01003360,E02000694,E09000024,Merton,E02000694,U
E01003361,E02000703,E09000024,Merton,E02000703,U
E01003362,E02000709,E09000024,Merton,E02000709,U
E01003363,E02000709,E09000024,Merton,E02000709,U
E01003364,E02000709,E09000024,Merton,E02000709,U
E01003365,E02000709,E09000024,Merton,E02000709,U
E01003366,E02000704,E09000024,Merton,E02000704,U
E01003368,E02000696,E09000024,Merton,E02000696,U
E01003369,E02000693,E09000024,Merton,E02000693,U
E01003370,E02000693,E09000024,Merton,E02000693,U
E01003371,E02000693,E09000024,Merton,E02000693,U
E01003372,E02000696,E09000024,Merton,E02000696,U
E01003373,E02000706,E09000024,Merton,E02000706,U
E01003374,E02000710,E09000024,Merton,E02000710,U
E01003375,E02000710,E09000024,Merton,E02000710,U
E01003376,E02000700,E09000024,Merton,E02000700,U
E01003377,E02000700,E09000024,Merton,E02000700,U
E01003378,E02000706,E09000024,Merton,E02000706,U
E01003379,E02000706,E09000024,Merton,E02000706,U
E01003380,E02000699,E09000024,Merton,E02000699,U
E01003381,E02000704,E09000024,Merton,E02000704,U
E01003382,E02000699,E09000024,Merton,E02000699,U
E01003383,E02000697,E09000024,Merton,E02000697,U
E01003384,E02000697,E09000024,Merton,E02000697,U
E01003385,E02000699,E09000024,Merton,E02000699,U
E01003386,E02000701,E09000024,Merton,E02000701,U
E01003387,E02000702,E09000024,Merton,E02000702,U
E01003388,E02000701,E09000024,Merton,E02000701,U
E01003389,E02000701,E09000024,Merton,E02000701,U
E01003390,E02000706,E09000024,Merton,E02000706,U
E01003391,E02000702,E09000024,Merton,E02000702,U
E01003392,E02000701,E09000024,Merton,E02000701,U
E01003393,E02000696,E09000024,Merton,E02000696,U
E01003394,E02000695,E09000024,Merton,E02000695,U
E01003395,E02000695,E09000024,Merton,E02000695,U
E01003396,E02000695,E09000024,Merton,E02000695,U
E01003397,E02000695,E09000024,Merton,E02000695,U
E01003398,E02000695,E09000024,Merton,E02000695,U
E01003399,E02000699,E09000024,Merton,E02000699,U
E01003400,E02000691,E09000024,Merton,E02000691,U
E01003401,E02000692,E09000024,Merton,E02000692,U
E01003402,E02000692,E09000024,Merton,E02000692,U
E01003403,E02000692,E09000024,Merton,E02000692,U
E01003404,E02000692,E09000024,Merton,E02000692,U
E01003405,E02000706,E09000024,Merton,E02000706,U
E01003406,E02000696,E09000024,Merton,E02000696,U
E01003407,E02000696,E09000024,Merton,E02000696,U
E01003408,E02000700,E09000024,Merton,E02000700,U
E01003409,E02000701,E09000024,Merton,E02000701,U
E01003410,E02000700,E09000024,Merton,E02000700,U
E01003411,E02000702,E09000024,Merton,E02000702,U
E01003412,E02000702,E09000024,Merton,E02000702,U
E01003413,E02000705,E09000024,Merton,E02000705,U
E01003414,E02000705,E09000024,Merton,E02000705,U
E01003415,E02000705,E09000024,Merton,E02000705,U
E01003416,E02000705,E09000024,Merton,E02000705,U
E01003417,E02000713,E09000024,Merton,E02000713,U
E01003418,E02000713,E09000024,Merton,E02000713,U
E01003419,E02000713,E09000024,Merton,E02000713,U
E01003420,E02000713,E09000024,Merton,E02000713,U
E01003421,E02000709,E09000024,Merton,E02000709,U
E01003422,E02000713,E09000024,Merton,E02000713,U
E01003423,E02000699,E09000024,Merton,E02000699,U
E01003424,E02000703,E09000024,Merton,E02000703,U
E01003425,E02000703,E09000024,Merton,E02000703,U
E01003426,E02000703,E09000024,Merton,E02000703,U
E01003427,E02000711,E09000024,Merton,E02000711,U
E01003428,E02000703,E09000024,Merton,E02000703,U
E01003429,E02000707,E09000024,Merton,E02000707,U
E01003430,E02000707,E09000024,Merton,E02000707,U
E01003431,E02000707,E09000024,Merton,E02000707,U
E01003432,E02000707,E09000024,Merton,E02000707,U
E01003433,E02000707,E09000024,Merton,E02000707,U
E01003434,E02000705,E09000024,Merton,E02000705,U
E01003435,E02000702,E09000024,Merton,E02000702,U
E01003436,E02000711,E09000024,Merton,E02000711,U
E01003437,E02000710,E09000024,Merton,E02000710,U
E01003438,E02000712,E09000024,Merton,E02000712,U
E01003439,E02000711,E09000024,Merton,E02000711,U
E01003440,E02000710,E09000024,Merton,E02000710,U
E01003441,E02000710,E09000024,Merton,E02000710,U
E01003442,E02000698,E09000024,Merton,E02000698,U
E01003443,E02000698,E09000024,Merton,E02000698,U
E01003444,E02000698,E09000024,Merton,E02000698,U
E01003445,E02000698,E09000024,Merton,E02000698,U
E01003446,E02000704,E09000024,Merton,E02000704,U
E01003447,E02000704,E09000024,Merton,E02000704,U
E01003448,E02000711,E09000024,Merton,E02000711,U
E01003449,E02000712,E09000024,Merton,E02000712,U
E01003450,E02000712,E09000024,Merton,E02000712,U
E01003451,E02000712,E09000024,Merton,E02000712,U
E01003452,E02000712,E09000024,Merton,E02000712,U
E01003453,E02000711,E09000024,Merton,E02000711,U
E01003454,E02000691,E09000024,Merton,E02000691,U
E01003455,E02000693,E09000024,Merton,E02000693,U
E01003456,E02000691,E09000024,Merton,E02000691,U
E01003457,E02000694,E09000024,Merton,E02000694,U
E01003458,E02000694,E09000024,Merton,E02000694,U
E01003459,E02000694,E09000024,Merton,E02000694,U
E01003460,E02000690,E09000024,Merton,E02000690,U
E01003461,E02000692,E09000024,Merton,E02000692,U
E01003462,E02000690,E09000024,Merton,E02000690,U
E01003463,E02000698,E09000024,Merton,E02000698,U
E01003464,E02000690,E09000024,Merton,E02000690,U
E01003465,E02000690,E09000024,Merton,E02000690,U
E01003466,E02000708,E09000024,Merton,E02000708,U
E01003467,E02000708,E09000024,Merton,E02000708,U
E01003468,E02000708,E09000024,Merton,E02000708,U
E01003469,E02000708,E09000024,Merton,E02000708,U
E01003470,E02000708,E09000024,Merton,E02000708,U
E01003471,E02000704,E09000024,Merton,E02000704,U
E01003472,E02000689,E09000024,Merton,E02000689,U
E01003473,E02000689,E09000024,Merton,E02000689,U
E01003474,E02000689,E09000024,Merton,E02000689,U
E01003476,E02000691,E09000024,Merton,E02000691,U
E01003477,E02000691,E09000024,Merton,E02000691,U
E01003478,E02000689,E09000024,Merton,E02000689,U
E01003479,E02000748,E09000025,Newham,E02000748,U
E01003480,E02000746,E09000025,Newham,E02000746,U
E01003481,E02000748,E09000025,Newham,E02000748,U
E01003483,E02000745,E09000025,Newham,E02000745,U
E01003484,E02000745,E09000025,Newham,E02000745,U
E01003485,E02000748,E09000025,Newham,E02000748,U
E01003486,E02000746,E09000025,Newham,E02000746,U
E01003487,E02000746,E09000025,Newham,E02000746,U
E01003488,E02000732,E09000025,Newham,E02000732,U
E01003489,E02000732,E09000025,Newham,E02000732,U
E01003490,E02000732,E09000025,Newham,E02000732,U
E01003491,E02000735,E09000025,Newham,E02000735,U
E01003492,E02000738,E09000025,Newham,E02000738,U
E01003494,E02000738,E09000025,Newham,E02000738,U
E01003495,E02000738,E09000025,Newham,E02000738,U
E01003496,E02000740,E09000025,Newham,E02000740,U
E01003497,E02000747,E09000025,Newham,E02000747,U
E01003498,E02000740,E09000025,Newham,E02000740,U
E01003499,E02000743,E09000025,Newham,E02000743,U
E01003500,E02000740,E09000025,Newham,E02000740,U
E01003501,E02000743,E09000025,Newham,E02000743,U
E01003502,E02000743,E09000025,Newham,E02000743,U
E01003503,E02000743,E09000025,Newham,E02000743,U
E01003506,E02000747,E09000025,Newham,E02000747,U
E01003507,E02000744,E09000025,Newham,E02000744,U
E01003508,E02000744,E09000025,Newham,E02000744,U
E01003509,E02000744,E09000025,Newham,E02000744,U
E01003511,E02000749,E09000025,Newham,E02000749,U
E01003512,E02000749,E09000025,Newham,E02000749,U
E01003513,E02000748,E09000025,Newham,E02000748,U
E01003514,E02000749,E09000025,Newham,E02000749,U
E01003515,E02000749,E09000025,Newham,E02000749,U
E01003516,E02000745,E09000025,Newham,E02000745,U
E01003517,E02000749,E09000025,Newham,E02000749,U
E01003518,E02000745,E09000025,Newham,E02000745,U
E01003519,E02000745,E09000025,Newham,E02000745,U
E01003520,E02000731,E09000025,Newham,E02000731,U
E01003521,E02000731,E09000025,Newham,E02000731,U
E01003522,E02000731,E09000025,Newham,E02000731,U
E01003523,E02000737,E09000025,Newham,E02000737,U
E01003524,E02000732,E09000025,Newham,E02000732,U
E01003525,E02000731,E09000025,Newham,E02000731,U
E01003526,E02000731,E09000025,Newham,E02000731,U
E01003527,E02000737,E09000025,Newham,E02000737,U
E01003528,E02000718,E09000025,Newham,E02000718,U
E01003529,E02000723,E09000025,Newham,E02000723,U
E01003530,E02000723,E09000025,Newham,E02000723,U
E01003531,E02000723,E09000025,Newham,E02000723,U
E01003532,E02000723,E09000025,Newham,E02000723,U
E01003533,E02000724,E09000025,Newham,E02000724,U
E01003534,E02000723,E09000025,Newham,E02000723,U
E01003535,E02000736,E09000025,Newham,E02000736,U
E01003536,E02000736,E09000025,Newham,E02000736,U
E01003537,E02000737,E09000025,Newham,E02000737,U
E01003538,E02000742,E09000025,Newham,E02000742,U
E01003539,E02000742,E09000025,Newham,E02000742,U
E01003540,E02000742,E09000025,Newham,E02000742,U
E01003541,E02000742,E09000025,Newham,E02000742,U
E01003542,E02000737,E09000025,Newham,E02000737,U
E01003543,E02000714,E09000025,Newham,E02000714,U
E01003544,E02000714,E09000025,Newham,E02000714,U
E01003545,E02000719,E09000025,Newham,E02000719,U
E01003546,E02000714,E09000025,Newham,E02000714,U
E01003547,E02000720,E09000025,Newham,E02000720,U
E01003548,E02000719,E09000025,Newham,E02000719,U
E01003549,E02000719,E09000025,Newham,E02000719,U
E01003550,E02000714,E09000025,Newham,E02000714,U
E01003551,E02000722,E09000025,Newham,E02000722,U
E01003552,E02000729,E09000025,Newham,E02000729,U
E01003553,E02000722,E09000025,Newham,E02000722,U
E01003554,E02000722,E09000025,Newham,E02000722,U
E01003555,E02000720,E09000025,Newham,E02000720,U
E01003556,E02000721,E09000025,Newham,E02000721,U
E01003557,E02000719,E09000025,Newham,E02000719,U
E01003558,E02000721,E09000025,Newham,E02000721,U
E01003559,E02000722,E09000025,Newham,E02000722,U
E01003560,E02000724,E09000025,Newham,E02000724,U
E01003561,E02000720,E09000025,Newham,E02000720,U
E01003562,E02000727,E09000025,Newham,E02000727,U
E01003563,E02000724,E09000025,Newham,E02000724,U
E01003564,E02000727,E09000025,Newham,E02000727,U
E01003565,E02000727,E09000025,Newham,E02000727,U
E01003566,E02000727,E09000025,Newham,E02000727,U
E01003567,E02000720,E09000025,Newham,E02000720,U
E01003568,E02000730,E09000025,Newham,E02000730,U
E01003569,E02000730,E09000025,Newham,E02000730,U
E01003570,E02000721,E09000025,Newham,E02000721,U
E01003571,E02000721,E09000025,Newham,E02000721,U
E01003572,E02000721,E09000025,Newham,E02000721,U
E01003573,E02000730,E09000025,Newham,E02000730,U
E01003574,E02000730,E09000025,Newham,E02000730,U
E01003575,E02000718,E09000025,Newham,E02000718,U
E01003576,E02000715,E09000025,Newham,E02000715,U
E01003577,E02000718,E09000025,Newham,E02000718,U
E01003578,E02000716,E09000025,Newham,E02000716,U
E01003579,E02000717,E09000025,Newham,E02000717,U
E01003580,E02000718,E09000025,Newham,E02000718,U
E01003581,E02000715,E09000025,Newham,E02000715,U
E01003582,E02000715,E09000025,Newham,E02000715,U
E01003583,E02000715,E09000025,Newham,E02000715,U
E01003584,E02000716,E09000025,Newham,E02000716,U
E01003585,E02000717,E09000025,Newham,E02000717,U
E01003586,E02000716,E09000025,Newham,E02000716,U
E01003587,E02000717,E09000025,Newham,E02000717,U
E01003588,E02000724,E09000025,Newham,E02000724,U
E01003589,E02000724,E09000025,Newham,E02000724,U
E01003590,E02000716,E09000025,Newham,E02000716,U
E01003591,E02000717,E09000025,Newham,E02000717,U
E01003592,E02000735,E09000025,Newham,E02000735,U
E01003593,E02000740,E09000025,Newham,E02000740,U
E01003594,E02000739,E09000025,Newham,E02000739,U
E01003595,E02000739,E09000025,Newham,E02000739,U
E01003596,E02000729,E09000025,Newham,E02000729,U
E01003597,E02000729,E09000025,Newham,E02000729,U
E01003598,E02000734,E09000025,Newham,E02000734,U
E01003599,E02000735,E09000025,Newham,E02000735,U
E01003600,E02000734,E09000025,Newham,E02000734,U
E01003601,E02000741,E09000025,Newham,E02000741,U
E01003602,E02000739,E09000025,Newham,E02000739,U
E01003603,E02000741,E09000025,Newham,E02000741,U
E01003604,E02000744,E09000025,Newham,E02000744,U
E01003605,E02000741,E09000025,Newham,E02000741,U
E01003607,E02000739,E09000025,Newham,E02000739,U
E01003608,E02000741,E09000025,Newham,E02000741,U
E01003611,E02006998,E09000025,Newham,E02000750,S
E01003615,E02006996,E09000025,Newham,E02000726,S
E01003616,E02000725,E09000025,Newham,E02000725,U
E01003618,E02000725,E09000025,Newham,E02000725,U
E01003619,E02000725,E09000025,Newham,E02000725,U
E01003621,E02000736,E09000025,Newham,E02000736,U
E01003622,E02000736,E09000025,Newham,E02000736,U
E01003623,E02000736,E09000025,Newham,E02000736,U
E01003624,E02000737,E09000025,Newham,E02000737,U
E01003625,E02000728,E09000025,Newham,E02000728,U
E01003626,E02000728,E09000025,Newham,E02000728,U
E01003627,E02000728,E09000025,Newham,E02000728,U
E01003628,E02000728,E09000025,Newham,E02000728,U
E01003629,E02000728,E09000025,Newham,E02000728,U
E01003630,E02000734,E09000025,Newham,E02000734,U
E01003631,E02000733,E09000025,Newham,E02000733,U
E01003632,E02000733,E09000025,Newham,E02000733,U
E01003633,E02000733,E09000025,Newham,E02000733,U
E01003634,E02000733,E09000025,Newham,E02000733,U
E01003635,E02000729,E09000025,Newham,E02000729,U
E01003636,E02000733,E09000025,Newham,E02000733,U
E01003637,E02000734,E09000025,Newham,E02000734,U
E01003638,E02000767,E09000026,Redbridge,E02000767,U
E01003639,E02000763,E09000026,Redbridge,E02000763,U
E01003640,E02000763,E09000026,Redbridge,E02000763,U
E01003641,E02000763,E09000026,Redbridge,E02000763,U
E01003642,E02000763,E09000026,Redbridge,E02000763,U
E01003643,E02000767,E09000026,Redbridge,E02000767,U
E01003644,E02000767,E09000026,Redbridge,E02000767,U
E01003645,E02000767,E09000026,Redbridge,E02000767,U
E01003646,E02000762,E09000026,Redbridge,E02000762,U
E01003647,E02000765,E09000026,Redbridge,E02000765,U
E01003648,E02000762,E09000026,Redbridge,E02000762,U
E01003649,E02000762,E09000026,Redbridge,E02000762,U
E01003650,E02000765,E09000026,Redbridge,E02000765,U
E01003651,E02000762,E09000026,Redbridge,E02000762,U
E01003652,E02000765,E09000026,Redbridge,E02000765,U
E01003653,E02000765,E09000026,Redbridge,E02000765,U
E01003654,E02000754,E09000026,Redbridge,E02000754,U
E01003655,E02000754,E09000026,Redbridge,E02000754,U
E01003656,E02000755,E09000026,Redbridge,E02000755,U
E01003657,E02000755,E09000026,Redbridge,E02000755,U
E01003658,E02000754,E09000026,Redbridge,E02000754,U
E01003659,E02000755,E09000026,Redbridge,E02000755,U
E01003660,E02000754,E09000026,Redbridge,E02000754,U
E01003661,E02007018,E09000026,Redbridge,E02000769,S
E01003662,E02007018,E09000026,Redbridge,E02000769,S
E01003663,E02007017,E09000026,Redbridge,E02000769,S
E01003664,E02007017,E09000026,Redbridge,E02000769,S
E01003665,E02007017,E09000026,Redbridge,E02000769,S
E01003666,E02007018,E09000026,Redbridge,E02000769,S
E01003668,E02000757,E09000026,Redbridge,E02000757,U
E01003669,E02000757,E09000026,Redbridge,E02000757,U
E01003670,E02000757,E09000026,Redbridge,E02000757,U
E01003671,E02000757,E09000026,Redbridge,E02000757,U
E01003672,E02000757,E09000026,Redbridge,E02000757,U
E01003673,E02000757,E09000026,Redbridge,E02000757,U
E01003674,E02000757,E09000026,Redbridge,E02000757,U
E01003675,E02006925,E09000026,Redbridge,E02006925,U
E01003676,E02006925,E09000026,Redbridge,E02006925,U
E01003677,E02006925,E09000026,Redbridge,E02006925,U
E01003678,E02006925,E09000026,Redbridge,E02006925,U
E01003679,E02006925,E09000026,Redbridge,E02006925,U
E01003680,E02006925,E09000026,Redbridge,E02006925,U
E01003681,E02006925,E09000026,Redbridge,E02006925,U
E01003682,E02006925,E09000026,Redbridge,E02006925,U
E01003683,E02007020,E09000026,Redbridge,E02000780,S
E01003684,E02007020,E09000026,Redbridge,E02000780,S
E01003685,E02007020,E09000026,Redbridge,E02000780,S
E01003686,E02007020,E09000026,Redbridge,E02000780,S
E01003688,E02007020,E09000026,Redbridge,E02000780,S
E01003689,E02007019,E09000026,Redbridge,E02000780,S
E01003690,E02006924,E09000026,Redbridge,E02006924,U
E01003691,E02006924,E09000026,Redbridge,E02006924,U
E01003692,E02006924,E09000026,Redbridge,E02006924,U
E01003693,E02006924,E09000026,Redbridge,E02006924,U
E01003694,E02006924,E09000026,Redbridge,E02006924,U
E01003695,E02006924,E09000026,Redbridge,E02006924,U
E01003696,E02006924,E09000026,Redbridge,E02006924,U
E01003697,E02006924,E09000026,Redbridge,E02006924,U
E01003698,E02000756,E09000026,Redbridge,E02000756,U
E01003699,E02000756,E09000026,Redbridge,E02000756,U
E01003700,E02000756,E09000026,Redbridge,E02000756,U
E01003701,E02000756,E09000026,Redbridge,E02000756,U
E01003702,E02000756,E09000026,Redbridge,E02000756,U
E01003703,E02000756,E09000026,Redbridge,E02000756,U
E01003704,E02000756,E09000026,Redbridge,E02000756,U
E01003705,E02000760,E09000026,Redbridge,E02000760,U
E01003706,E02000760,E09000026,Redbridge,E02000760,U
E01003707,E02000758,E09000026,Redbridge,E02000758,U
E01003708,E02000758,E09000026,Redbridge,E02000758,U
E01003709,E02000758,E09000026,Redbridge,E02000758,U
E01003710,E02000758,E09000026,Redbridge,E02000758,U
E01003711,E02000760,E09000026,Redbridge,E02000760,U
E01003712,E02000760,E09000026,Redbridge,E02000760,U
E01003713,E02006800,E09000026,Redbridge,E02006800,U
E01003714,E02006800,E09000026,Redbridge,E02006800,U
E01003715,E02006800,E09000026,Redbridge,E02006800,U
E01003716,E02006800,E09000026,Redbridge,E02006800,U
E01003718,E02006800,E09000026,Redbridge,E02006800,U
E01003719,E02006800,E09000026,Redbridge,E02006800,U
E01003720,E02000752,E09000026,Redbridge,E02000752,U
E01003721,E02000753,E09000026,Redbridge,E02000753,U
E01003722,E02000752,E09000026,Redbridge,E02000752,U
E01003723,E02000752,E09000026,Redbridge,E02000752,U
E01003724,E02000753,E09000026,Redbridge,E02000753,U
E01003725,E02000753,E09000026,Redbridge,E02000753,U
E01003726,E02000752,E09000026,Redbridge,E02000752,U
E01003727,E02000753,E09000026,Redbridge,E02000753,U
E01003729,E02000782,E09000026,Redbridge,E02000782,U
E01003730,E02000782,E09000026,Redbridge,E02000782,U
E01003731,E02000783,E09000026,Redbridge,E02000783,U
E01003732,E02000782,E09000026,Redbridge,E02000782,U
E01003733,E02000782,E09000026,Redbridge,E02000782,U
E01003734,E02000783,E09000026,Redbridge,E02000783,U
E01003735,E02000783,E09000026,Redbridge,E02000783,U
E01003736,E02000783,E09000026,Redbridge,E02000783,U
E01003737,E02000781,E09000026,Redbridge,E02000781,U
E01003738,E02000781,E09000026,Redbridge,E02000781,U
E01003739,E02000781,E09000026,Redbridge,E02000781,U
E01003740,E02000781,E09000026,Redbridge,E02000781,U
E01003741,E02000781,E09000026,Redbridge,E02000781,U
E01003742,E02000781,E09000026,Redbridge,E02000781,U
E01003743,E02000781,E09000026,Redbridge,E02000781,U
E01003744,E02000751,E09000026,Redbridge,E02000751,U
E01003745,E02000751,E09000026,Redbridge,E02000751,U
E01003746,E02000751,E09000026,Redbridge,E02000751,U
E01003747,E02000751,E09000026,Redbridge,E02000751,U
E01003748,E02000751,E09000026,Redbridge,E02000751,U
E01003749,E02000751,E09000026,Redbridge,E02000751,U
E01003750,E02000751,E09000026,Redbridge,E02000751,U
E01003751,E02000770,E09000026,Redbridge,E02000770,U
E01003752,E02000773,E09000026,Redbridge,E02000773,U
E01003753,E02000770,E09000026,Redbridge,E02000770,U
E01003754,E02000770,E09000026,Redbridge,E02000770,U
E01003755,E02000773,E09000026,Redbridge,E02000773,U
E01003756,E02000773,E09000026,Redbridge,E02000773,U
E01003757,E02000770,E09000026,Redbridge,E02000770,U
E01003759,E02000759,E09000026,Redbridge,E02000759,U
E01003760,E02000759,E09000026,Redbridge,E02000759,U
E01003761,E02000759,E09000026,Redbridge,E02000759,U
E01003762,E02000759,E09000026,Redbridge,E02000759,U
E01003763,E02000759,E09000026,Redbridge,E02000759,U
E01003764,E02000759,E09000026,Redbridge,E02000759,U
E01003765,E02000759,E09000026,Redbridge,E02000759,U
E01003766,E02000774,E09000026,Redbridge,E02000774,U
E01003767,E02000774,E09000026,Redbridge,E02000774,U
E01003768,E02000774,E09000026,Redbridge,E02000774,U
E01003769,E02000772,E09000026,Redbridge,E02000772,U
E01003770,E02000772,E09000026,Redbridge,E02000772,U
E01003771,E02000772,E09000026,Redbridge,E02000772,U
E01003772,E02000774,E09000026,Redbridge,E02000774,U
E01003773,E02000772,E09000026,Redbridge,E02000772,U
E01003774,E02000764,E09000026,Redbridge,E02000764,U
E01003775,E02000764,E09000026,Redbridge,E02000764,U
E01003776,E02000764,E09000026,Redbridge,E02000764,U
E01003777,E02000764,E09000026,Redbridge,E02000764,U
E01003778,E02000764,E09000026,Redbridge,E02000764,U
E01003779,E02000764,E09000026,Redbridge,E02000764,U
E01003780,E02000764,E09000026,Redbridge,E02000764,U
E01003781,E02000776,E09000026,Redbridge,E02000776,U
E01003782,E02000776,E09000026,Redbridge,E02000776,U
E01003783,E02000779,E09000026,Redbridge,E02000779,U
E01003784,E02000779,E09000026,Redbridge,E02000779,U
E01003785,E02000779,E09000026,Redbridge,E02000779,U
E01003786,E02000776,E09000026,Redbridge,E02000776,U
E01003787,E02000776,E09000026,Redbridge,E02000776,U
E01003788,E02000779,E09000026,Redbridge,E02000779,U
E01003789,E02000768,E09000026,Redbridge,E02000768,U
E01003790,E02000777,E09000026,Redbridge,E02000777,U
E01003791,E02000777,E09000026,Redbridge,E02000777,U
E01003792,E02000777,E09000026,Redbridge,E02000777,U
E01003793,E02000777,E09000026,Redbridge,E02000777,U
E01003794,E02000768,E09000026,Redbridge,E02000768,U
E01003795,E02000768,E09000026,Redbridge,E02000768,U
E01003796,E02000768,E09000026,Redbridge,E02000768,U
E01003797,E02000784,E09000027,Richmond upon Thames,E02000784,U
E01003798,E02000784,E09000027,Richmond upon Thames,E02000784,U
E01003799,E02000784,E09000027,Richmond upon Thames,E02000784,U
E01003800,E02000784,E09000027,Richmond upon Thames,E02000784,U
E01003801,E02000784,E09000027,Richmond upon Thames,E02000784,U
E01003802,E02000784,E09000027,Richmond upon Thames,E02000784,U
E01003803,E02000784,E09000027,Richmond upon Thames,E02000784,U
E01003804,E02000788,E09000027,Richmond upon Thames,E02000788,U
E01003805,E02000795,E09000027,Richmond upon Thames,E02000795,U
E01003806,E02000795,E09000027,Richmond upon Thames,E02000795,U
E01003807,E02000788,E09000027,Richmond upon Thames,E02000788,U
E01003808,E02000788,E09000027,Richmond upon Thames,E02000788,U
E01003809,E02000788,E09000027,Richmond upon Thames,E02000788,U
E01003810,E02000802,E09000027,Richmond upon Thames,E02000802,U
E01003811,E02000801,E09000027,Richmond upon Thames,E02000801,U
E01003812,E02000801,E09000027,Richmond upon Thames,E02000801,U
E01003813,E02000802,E09000027,Richmond upon Thames,E02000802,U
E01003814,E02000802,E09000027,Richmond upon Thames,E02000802,U
E01003815,E02000802,E09000027,Richmond upon Thames,E02000802,U
E01003816,E02000795,E09000027,Richmond upon Thames,E02000795,U
E01003817,E02000795,E09000027,Richmond upon Thames,E02000795,U
E01003818,E02000800,E09000027,Richmond upon Thames,E02000800,U
E01003819,E02000800,E09000027,Richmond upon Thames,E02000800,U
E01003820,E02000800,E09000027,Richmond upon Thames,E02000800,U
E01003821,E02000791,E09000027,Richmond upon Thames,E02000791,U
E01003822,E02000806,E09000027,Richmond upon Thames,E02000806,U
E01003823,E02000806,E09000027,Richmond upon Thames,E02000806,U
E01003824,E02000806,E09000027,Richmond upon Thames,E02000806,U
E01003825,E02000806,E09000027,Richmond upon Thames,E02000806,U
E01003826,E02000806,E09000027,Richmond upon Thames,E02000806,U
E01003827,E02000806,E09000027,Richmond upon Thames,E02000806,U
E01003828,E02000803,E09000027,Richmond upon Thames,E02000803,U
E01003829,E02000803,E09000027,Richmond upon Thames,E02000803,U
E01003830,E02000803,E09000027,Richmond upon Thames,E02000803,U
E01003831,E02000803,E09000027,Richmond upon Thames,E02000803,U
E01003832,E02000803,E09000027,Richmond upon Thames,E02000803,U
E01003833,E02000803,E09000027,Richmond upon Thames,E02000803,U
E01003834,E02000805,E09000027,Richmond upon Thames,E02000805,U
E01003835,E02000805,E09000027,Richmond upon Thames,E02000805,U
E01003836,E02000805,E09000027,Richmond upon Thames,E02000805,U
E01003837,E02000805,E09000027,Richmond upon Thames,E02000805,U
E01003838,E02000805,E09000027,Richmond upon Thames,E02000805,U
E01003839,E02000805,E09000027,Richmond upon Thames,E02000805,U
E01003840,E02000796,E09000027,Richmond upon Thames,E02000796,U
E01003841,E02000796,E09000027,Richmond upon Thames,E02000796,U
E01003842,E02000796,E09000027,Richmond upon Thames,E02000796,U
E01003843,E02000796,E09000027,Richmond upon Thames,E02000796,U
E01003844,E02000796,E09000027,Richmond upon Thames,E02000796,U
E01003845,E02000796,E09000027,Richmond upon Thames,E02000796,U
E01003846,E02000785,E09000027,Richmond upon Thames,E02000785,U
E01003847,E02000785,E09000027,Richmond upon Thames,E02000785,U
E01003848,E02000787,E09000027,Richmond upon Thames,E02000787,U
E01003849,E02000785,E09000027,Richmond upon Thames,E02000785,U
E01003851,E02000785,E09000027,Richmond upon Thames,E02000785,U
E01003852,E02000786,E09000027,Richmond upon Thames,E02000786,U
E01003853,E02000786,E09000027,Richmond upon Thames,E02000786,U
E01003854,E02000786,E09000027,Richmond upon Thames,E02000786,U
E01003855,E02000786,E09000027,Richmond upon Thames,E02000786,U
E01003856,E02000786,E09000027,Richmond upon Thames,E02000786,U
E01003857,E02000786,E09000027,Richmond upon Thames,E02000786,U
E01003858,E02000786,E09000027,Richmond upon Thames,E02000786,U
E01003859,E02000788,E09000027,Richmond upon Thames,E02000788,U
E01003860,E02000785,E09000027,Richmond upon Thames,E02000785,U
E01003861,E02000787,E09000027,Richmond upon Thames,E02000787,U
E01003862,E02000787,E09000027,Richmond upon Thames,E02000787,U
E01003863,E02000787,E09000027,Richmond upon Thames,E02000787,U
E01003864,E02000785,E09000027,Richmond upon Thames,E02000785,U
E01003865,E02000787,E09000027,Richmond upon Thames,E02000787,U
E01003866,E02000790,E09000027,Richmond upon Thames,E02000790,U
E01003867,E02000794,E09000027,Richmond upon Thames,E02000794,U
E01003868,E02000790,E09000027,Richmond upon Thames,E02000790,U
E01003869,E02000794,E09000027,Richmond upon Thames,E02000794,U
E01003870,E02000794,E09000027,Richmond upon Thames,E02000794,U
E01003871,E02000790,E09000027,Richmond upon Thames,E02000790,U
E01003872,E02000790,E09000027,Richmond upon Thames,E02000790,U
E01003873,E02000789,E09000027,Richmond upon Thames,E02000789,U
E01003874,E02000789,E09000027,Richmond upon Thames,E02000789,U
E01003875,E02000789,E09000027,Richmond upon Thames,E02000789,U
E01003876,E02000791,E09000027,Richmond upon Thames,E02000791,U
E01003877,E02000791,E09000027,Richmond upon Thames,E02000791,U
E01003878,E02000789,E09000027,Richmond upon Thames,E02000789,U
E01003879,E02000791,E09000027,Richmond upon Thames,E02000791,U
E01003880,E02000799,E09000027,Richmond upon Thames,E02000799,U
E01003881,E02000799,E09000027,Richmond upon Thames,E02000799,U
E01003882,E02000797,E09000027,Richmond upon Thames,E02000797,U
E01003883,E02000797,E09000027,Richmond upon Thames,E02000797,U
E01003884,E02000799,E09000027,Richmond upon Thames,E02000799,U
E01003885,E02000799,E09000027,Richmond upon Thames,E02000799,U
E01003886,E02000804,E09000027,Richmond upon Thames,E02000804,U
E01003887,E02000804,E09000027,Richmond upon Thames,E02000804,U
E01003888,E02000804,E09000027,Richmond upon Thames,E02000804,U
E01003889,E02000804,E09000027,Richmond upon Thames,E02000804,U
E01003890,E02000801,E09000027,Richmond upon Thames,E02000801,U
E01003891,E02000801,E09000027,Richmond upon Thames,E02000801,U
E01003892,E02000792,E09000027,Richmond upon Thames,E02000792,U
E01003893,E02000792,E09000027,Richmond upon Thames,E02000792,U
E01003894,E02000792,E09000027,Richmond upon Thames,E02000792,U
E01003895,E02000792,E09000027,Richmond upon Thames,E02000792,U
E01003896,E02000797,E09000027,Richmond upon Thames,E02000797,U
E01003897,E02000797,E09000027,Richmond upon Thames,E02000797,U
E01003898,E02000798,E09000027,Richmond upon Thames,E02000798,U
E01003899,E02000798,E09000027,Richmond upon Thames,E02000798,U
E01003900,E02000798,E09000027,Richmond upon Thames,E02000798,U
E01003901,E02000798,E09000027,Richmond upon Thames,E02000798,U
E01003902,E02000798,E09000027,Richmond upon Thames,E02000798,U
E01003903,E02000798,E09000027,Richmond upon Thames,E02000798,U
E01003904,E02000798,E09000027,Richmond upon Thames,E02000798,U
E01003905,E02000793,E09000027,Richmond upon Thames,E02000793,U
E01003906,E02000793,E09000027,Richmond upon Thames,E02000793,U
E01003907,E02000793,E09000027,Richmond upon Thames,E02000793,U
E01003908,E02000793,E09000027,Richmond upon Thames,E02000793,U
E01003909,E02000793,E09000027,Richmond upon Thames,E02000793,U
E01003910,E02000794,E09000027,Richmond upon Thames,E02000794,U
E01003911,E02000826,E09000028,Southwark,E02000826,U
E01003912,E02000825,E09000028,Southwark,E02000825,U
E01003913,E02000830,E09000028,Southwark,E02000830,U
E01003914,E02000830,E09000028,Southwark,E02000830,U
E01003915,E02000830,E09000028,Southwark,E02000830,U
E01003916,E02000826,E09000028,Southwark,E02000826,U
E01003917,E02000826,E09000028,Southwark,E02000826,U
E01003918,E02000826,E09000028,Southwark,E02000826,U
E01003919,E02000827,E09000028,Southwark,E02000827,U
E01003920,E02000827,E09000028,Southwark,E02000827,U
E01003921,E02000827,E09000028,Southwark,E02000827,U
E01003922,E02000827,E09000028,Southwark,E02000827,U
E01003923,E02000823,E09000028,Southwark,E02000823,U
E01003924,E02000827,E09000028,Southwark,E02000827,U
E01003925,E02000826,E09000028,Southwark,E02000826,U
E01003926,E02000827,E09000028,Southwark,E02000827,U
E01003929,E02000808,E09000028,Southwark,E02000808,U
E01003930,E02006802,E09000028,Southwark,E02006802,U
E01003932,E02006802,E09000028,Southwark,E02006802,U
E01003933,E02006802,E09000028,Southwark,E02006802,U
E01003934,E02000808,E09000028,Southwark,E02000808,U
E01003935,E02000808,E09000028,Southwark,E02000808,U
E01003936,E02000815,E09000028,Southwark,E02000815,U
E01003937,E02000815,E09000028,Southwark,E02000815,U
E01003938,E02000812,E09000028,Southwark,E02000812,U
E01003939,E02000808,E09000028,Southwark,E02000808,U
E01003940,E02000812,E09000028,Southwark,E02000812,U
E01003941,E02000812,E09000028,Southwark,E02000812,U
E01003942,E02000812,E09000028,Southwark,E02000812,U
E01003943,E02000815,E09000028,Southwark,E02000815,U
E01003945,E02000839,E09000028,Southwark,E02000839,U
E01003946,E02000839,E09000028,Southwark,E02000839,U
E01003947,E02000839,E09000028,Southwark,E02000839,U
E01003948,E02000839,E09000028,Southwark,E02000839,U
E01003949,E02000838,E09000028,Southwark,E02000838,U
E01003950,E02000838,E09000028,Southwark,E02000838,U
E01003951,E02000839,E09000028,Southwark,E02000839,U
E01003952,E02000836,E09000028,Southwark,E02000836,U
E01003953,E02000834,E09000028,Southwark,E02000834,U
E01003954,E02000836,E09000028,Southwark,E02000836,U
E01003955,E02000834,E09000028,Southwark,E02000834,U
E01003956,E02000836,E09000028,Southwark,E02000836,U
E01003957,E02000838,E09000028,Southwark,E02000838,U
E01003958,E02000838,E09000028,Southwark,E02000838,U
E01003960,E02000818,E09000028,Southwark,E02000818,U
E01003961,E02000818,E09000028,Southwark,E02000818,U
E01003963,E02000822,E09000028,Southwark,E02000822,U
E01003966,E02000821,E09000028,Southwark,E02000821,U
E01003969,E02000823,E09000028,Southwark,E02000823,U
E01003971,E02000821,E09000028,Southwark,E02000821,U
E01003972,E02000822,E09000028,Southwark,E02000822,U
E01003973,E02000822,E09000028,Southwark,E02000822,U
E01003975,E02000810,E09000028,Southwark,E02000810,U
E01003976,E02006942,E09000028,Southwark,E02000809,S
E01003977,E02000816,E09000028,Southwark,E02000816,U
E01003979,E02000812,E09000028,Southwark,E02000812,U
E01003980,E02000819,E09000028,Southwark,E02000819,U
E01003981,E02000812,E09000028,Southwark,E02000812,U
E01003983,E02000824,E09000028,Southwark,E02000824,U
E01003984,E02000829,E09000028,Southwark,E02000829,U
E01003986,E02000817,E09000028,Southwark,E02000817,U
E01003987,E02000817,E09000028,Southwark,E02000817,U
E01003988,E02000824,E09000028,Southwark,E02000824,U
E01003989,E02000824,E09000028,Southwark,E02000824,U
E01003990,E02000824,E09000028,Southwark,E02000824,U
E01003991,E02000823,E09000028,Southwark,E02000823,U
E01003992,E02000820,E09000028,Southwark,E02000820,U
E01003993,E02000823,E09000028,Southwark,E02000823,U
E01003994,E02000818,E09000028,Southwark,E02000818,U
E01003995,E02000820,E09000028,Southwark,E02000820,U
E01003997,E02000823,E09000028,Southwark,E02000823,U
E01003998,E02000820,E09000028,Southwark,E02000820,U
E01003999,E02000820,E09000028,Southwark,E02000820,U
E01004000,E02000832,E09000028,Southwark,E02000832,U
E01004001,E02000832,E09000028,Southwark,E02000832,U
E01004002,E02000835,E09000028,Southwark,E02000835,U
E01004003,E02000829,E09000028,Southwark,E02000829,U
E01004004,E02000829,E09000028,Southwark,E02000829,U
E01004005,E02000829,E09000028,Southwark,E02000829,U
E01004006,E02000829,E09000028,Southwark,E02000829,U
E01004007,E02000824,E09000028,Southwark,E02000824,U
E01004008,E02000828,E09000028,Southwark,E02000828,U
E01004010,E02000828,E09000028,Southwark,E02000828,U
E01004011,E02000825,E09000028,Southwark,E02000825,U
E01004012,E02000825,E09000028,Southwark,E02000825,U
E01004013,E02000825,E09000028,Southwark,E02000825,U
E01004014,E02000825,E09000028,Southwark,E02000825,U
E01004015,E02000834,E09000028,Southwark,E02000834,U
E01004016,E02000835,E09000028,Southwark,E02000835,U
E01004017,E02000835,E09000028,Southwark,E02000835,U
E01004018,E02000838,E09000028,Southwark,E02000838,U
E01004019,E02000832,E09000028,Southwark,E02000832,U
E01004020,E02000835,E09000028,Southwark,E02000835,U
E01004021,E02000834,E09000028,Southwark,E02000834,U
E01004023,E02000810,E09000028,Southwark,E02000810,U
E01004024,E02000817,E09000028,Southwark,E02000817,U
E01004028,E02000810,E09000028,Southwark,E02000810,U
E01004029,E02000807,E09000028,Southwark,E02000807,U
E01004030,E02000813,E09000028,Southwark,E02000813,U
E01004031,E02000813,E09000028,Southwark,E02000813,U
E01004032,E02000807,E09000028,Southwark,E02000807,U
E01004033,E02000813,E09000028,Southwark,E02000813,U
E01004034,E02000813,E09000028,Southwark,E02000813,U
E01004035,E02000817,E09000028,Southwark,E02000817,U
E01004036,E02000813,E09000028,Southwark,E02000813,U
E01004037,E02000816,E09000028,Southwark,E02000816,U
E01004038,E02000816,E09000028,Southwark,E02000816,U
E01004039,E02000819,E09000028,Southwark,E02000819,U
E01004040,E02000819,E09000028,Southwark,E02000819,U
E01004041,E02000819,E09000028,Southwark,E02000819,U
E01004042,E02000816,E09000028,Southwark,E02000816,U
E01004043,E02000816,E09000028,Southwark,E02000816,U
E01004044,E02000819,E09000028,Southwark,E02000819,U
E01004045,E02000833,E09000028,Southwark,E02000833,U
E01004046,E02000834,E09000028,Southwark,E02000834,U
E01004047,E02000833,E09000028,Southwark,E02000833,U
E01004048,E02000833,E09000028,Southwark,E02000833,U
E01004049,E02000833,E09000028,Southwark,E02000833,U
E01004050,E02000830,E09000028,Southwark,E02000830,U
E01004051,E02000833,E09000028,Southwark,E02000833,U
E01004052,E02000830,E09000028,Southwark,E02000830,U
E01004053,E02000807,E09000028,Southwark,E02000807,U
E01004054,E02000807,E09000028,Southwark,E02000807,U
E01004055,E02000807,E09000028,Southwark,E02000807,U
E01004056,E02000814,E09000028,Southwark,E02000814,U
E01004057,E02000814,E09000028,Southwark,E02000814,U
E01004058,E02000814,E09000028,Southwark,E02000814,U
E01004059,E02000814,E09000028,Southwark,E02000814,U
E01004060,E02000814,E09000028,Southwark,E02000814,U
E01004061,E02000831,E09000028,Southwark,E02000831,U
E01004062,E02000831,E09000028,Southwark,E02000831,U
E01004063,E02000831,E09000028,Southwark,E02000831,U
E01004064,E02000832,E09000028,Southwark,E02000832,U
E01004065,E02000831,E09000028,Southwark,E02000831,U
E01004066,E02000831,E09000028,Southwark,E02000831,U
E01004067,E02000828,E09000028,Southwark,E02000828,U
E01004068,E02000832,E09000028,Southwark,E02000832,U
E01004069,E02000837,E09000028,Southwark,E02000837,U
E01004070,E02000837,E09000028,Southwark,E02000837,U
E01004071,E02000836,E09000028,Southwark,E02000836,U
E01004072,E02000836,E09000028,Southwark,E02000836,U
E01004073,E02000837,E09000028,Southwark,E02000837,U
E01004074,E02000837,E09000028,Southwark,E02000837,U
E01004075,E02000837,E09000028,Southwark,E02000837,U
E01004076,E02000850,E09000029,Sutton,E02000850,U
E01004077,E02000850,E09000029,Sutton,E02000850,U
E01004078,E02000850,E09000029,Sutton,E02000850,U
E01004079,E02000850,E09000029,Sutton,E02000850,U
E01004080,E02000850,E09000029,Sutton,E02000850,U
E01004081,E02000850,E09000029,Sutton,E02000850,U
E01004082,E02000850,E09000029,Sutton,E02000850,U
E01004083,E02000858,E09000029,Sutton,E02000858,U
E01004084,E02000863,E09000029,Sutton,E02000863,U
E01004085,E02000863,E09000029,Sutton,E02000863,U
E01004086,E02000858,E09000029,Sutton,E02000858,U
E01004087,E02000856,E09000029,Sutton,E02000856,U
E01004088,E02000858,E09000029,Sutton,E02000858,U
E01004089,E02000858,E09000029,Sutton,E02000858,U
E01004090,E02000860,E09000029,Sutton,E02000860,U
E01004091,E02000861,E09000029,Sutton,E02000861,U
E01004092,E02000861,E09000029,Sutton,E02000861,U
E01004093,E02006836,E09000029,Sutton,E02006836,U
E01004094,E02006836,E09000029,Sutton,E02006836,U
E01004095,E02006836,E09000029,Sutton,E02006836,U
E01004096,E02000860,E09000029,Sutton,E02000860,U
E01004097,E02000854,E09000029,Sutton,E02000854,U
E01004098,E02000854,E09000029,Sutton,E02000854,U
E01004099,E02000854,E09000029,Sutton,E02000854,U
E01004100,E02000854,E09000029,Sutton,E02000854,U
E01004101,E02000852,E09000029,Sutton,E02000852,U
E01004102,E02000854,E09000029,Sutton,E02000854,U
E01004103,E02000852,E09000029,Sutton,E02000852,U
E01004104,E02000859,E09000029,Sutton,E02000859,U
E01004105,E02000861,E09000029,Sutton,E02000861,U
E01004106,E02000861,E09000029,Sutton,E02000861,U
E01004107,E02000859,E09000029,Sutton,E02000859,U
E01004108,E02000863,E09000029,Sutton,E02000863,U
E01004109,E02000863,E09000029,Sutton,E02000863,U
E01004110,E02000855,E09000029,Sutton,E02000855,U
E01004111,E02000855,E09000029,Sutton,E02000855,U
E01004112,E02000855,E09000029,Sutton,E02000855,U
E01004114,E02006836,E09000029,Sutton,E02006836,U
E01004115,E02000848,E09000029,Sutton,E02000848,U
E01004116,E02000847,E09000029,Sutton,E02000847,U
E01004117,E02000845,E09000029,Sutton,E02000845,U
E01004118,E02000848,E09000029,Sutton,E02000848,U
E01004119,E02000848,E09000029,Sutton,E02000848,U
E01004120,E02000855,E09000029,Sutton,E02000855,U
E01004121,E02000845,E09000029,Sutton,E02000845,U
E01004122,E02000847,E09000029,Sutton,E02000847,U
E01004123,E02000841,E09000029,Sutton,E02000841,U
E01004124,E02000841,E09000029,Sutton,E02000841,U
E01004125,E02000840,E09000029,Sutton,E02000840,U
E01004126,E02000841,E09000029,Sutton,E02000841,U
E01004127,E02000844,E09000029,Sutton,E02000844,U
E01004128,E02000841,E09000029,Sutton,E02000841,U
E01004129,E02000841,E09000029,Sutton,E02000841,U
E01004130,E02000842,E09000029,Sutton,E02000842,U
E01004131,E02000842,E09000029,Sutton,E02000842,U
E01004132,E02000848,E09000029,Sutton,E02000848,U
E01004133,E02000848,E09000029,Sutton,E02000848,U
E01004134,E02000842,E09000029,Sutton,E02000842,U
E01004135,E02000842,E09000029,Sutton,E02000842,U
E01004136,E02000842,E09000029,Sutton,E02000842,U
E01004137,E02000851,E09000029,Sutton,E02000851,U
E01004138,E02000852,E09000029,Sutton,E02000852,U
E01004139,E02000852,E09000029,Sutton,E02000852,U
E01004140,E02000851,E09000029,Sutton,E02000851,U
E01004141,E02000851,E09000029,Sutton,E02000851,U
E01004143,E02000853,E09000029,Sutton,E02000853,U
E01004144,E02000846,E09000029,Sutton,E02000846,U
E01004145,E02000846,E09000029,Sutton,E02000846,U
E01004146,E02000846,E09000029,Sutton,E02000846,U
E01004147,E02000846,E09000029,Sutton,E02000846,U
E01004148,E02000853,E09000029,Sutton,E02000853,U
E01004149,E02000851,E09000029,Sutton,E02000851,U
E01004150,E02000860,E09000029,Sutton,E02000860,U
E01004151,E02000860,E09000029,Sutton,E02000860,U
E01004152,E02000857,E09000029,Sutton,E02000857,U
E01004153,E02000860,E09000029,Sutton,E02000860,U
E01004154,E02000861,E09000029,Sutton,E02000861,U
E01004155,E02000857,E09000029,Sutton,E02000857,U
E01004156,E02000857,E09000029,Sutton,E02000857,U
E01004157,E02000855,E09000029,Sutton,E02000855,U
E01004158,E02000857,E09000029,Sutton,E02000857,U
E01004159,E02000853,E09000029,Sutton,E02000853,U
E01004160,E02000853,E09000029,Sutton,E02000853,U
E01004161,E02000853,E09000029,Sutton,E02000853,U
E01004162,E02000857,E09000029,Sutton,E02000857,U
E01004163,E02000844,E09000029,Sutton,E02000844,U
E01004164,E02000843,E09000029,Sutton,E02000843,U
E01004165,E02000844,E09000029,Sutton,E02000844,U
E01004166,E02000843,E09000029,Sutton,E02000843,U
E01004167,E02000844,E09000029,Sutton,E02000844,U
E01004168,E02000852,E09000029,Sutton,E02000852,U
E01004169,E02000843,E09000029,Sutton,E02000843,U
E01004170,E02000856,E09000029,Sutton,E02000856,U
E01004171,E02000849,E09000029,Sutton,E02000849,U
E01004172,E02000849,E09000029,Sutton,E02000849,U
E01004173,E02000849,E09000029,Sutton,E02000849,U
E01004174,E02000856,E09000029,Sutton,E02000856,U
E01004175,E02000849,E09000029,Sutton,E02000849,U
E01004176,E02000849,E09000029,Sutton,E02000849,U
E01004177,E02000859,E09000029,Sutton,E02000859,U
E01004178,E02000856,E09000029,Sutton,E02000856,U
E01004179,E02000856,E09000029,Sutton,E02000856,U
E01004180,E02000859,E09000029,Sutton,E02000859,U
E01004181,E02000859,E09000029,Sutton,E02000859,U
E01004182,E02000858,E09000029,Sutton,E02000858,U
E01004183,E02000840,E09000029,Sutton,E02000840,U
E01004184,E02000840,E09000029,Sutton,E02000840,U
E01004185,E02000840,E09000029,Sutton,E02000840,U
E01004186,E02000843,E09000029,Sutton,E02000843,U
E01004187,E02000844,E09000029,Sutton,E02000844,U
E01004189,E02000840,E09000029,Sutton,E02000840,U
E01004190,E02000847,E09000029,Sutton,E02000847,U
E01004191,E02000847,E09000029,Sutton,E02000847,U
E01004192,E02000845,E09000029,Sutton,E02000845,U
E01004193,E02000845,E09000029,Sutton,E02000845,U
E01004194,E02000847,E09000029,Sutton,E02000847,U
E01004195,E02000845,E09000029,Sutton,E02000845,U
E01004196,E02000847,E09000029,Sutton,E02000847,U
E01004198,E02000865,E09000030,Tower Hamlets,E02000865,U
E01004199,E02000865,E09000030,Tower Hamlets,E02000865,U
E01004200,E02000868,E09000030,Tower Hamlets,E02000868,U
E01004201,E02000865,E09000030,Tower Hamlets,E02000865,U
E01004202,E02000868,E09000030,Tower Hamlets,E02000868,U
E01004203,E02000868,E09000030,Tower Hamlets,E02000868,U
E01004204,E02000868,E09000030,Tower Hamlets,E02000868,U
E01004205,E02000876,E09000030,Tower Hamlets,E02000876,U
E01004206,E02000876,E09000030,Tower Hamlets,E02000876,U
E01004207,E02000874,E09000030,Tower Hamlets,E02000874,U
E01004208,E02000876,E09000030,Tower Hamlets,E02000876,U
E01004209,E02000874,E09000030,Tower Hamlets,E02000874,U
E01004211,E02000876,E09000030,Tower Hamlets,E02000876,U
E01004212,E02000874,E09000030,Tower Hamlets,E02000874,U
E01004214,E02000893,E09000030,Tower Hamlets,E02000893,U
E01004216,E02000893,E09000030,Tower Hamlets,E02000893,U
E01004217,E02000893,E09000030,Tower Hamlets,E02000893,U
E01004218,E02000893,E09000030,Tower Hamlets,E02000893,U
E01004219,E02007113,E09000030,Tower Hamlets,E02000891,S
E01004221,E02007114,E09000030,Tower Hamlets,E02000891,S
E01004222,E02000864,E09000030,Tower Hamlets,E02000864,U
E01004223,E02000864,E09000030,Tower Hamlets,E02000864,U
E01004226,E02000864,E09000030,Tower Hamlets,E02000864,U
E01004228,E02000866,E09000030,Tower Hamlets,E02000866,U
E01004229,E02000867,E09000030,Tower Hamlets,E02000867,U
E01004230,E02000866,E09000030,Tower Hamlets,E02000866,U
E01004231,E02000867,E09000030,Tower Hamlets,E02000867,U
E01004232,E02000866,E09000030,Tower Hamlets,E02000866,U
E01004233,E02000866,E09000030,Tower Hamlets,E02000866,U
E01004234,E02000866,E09000030,Tower Hamlets,E02000866,U
E01004235,E02000871,E09000030,Tower Hamlets,E02000871,U
E01004236,E02000871,E09000030,Tower Hamlets,E02000871,U
E01004237,E02000871,E09000030,Tower Hamlets,E02000871,U
E01004239,E02000871,E09000030,Tower Hamlets,E02000871,U
E01004240,E02000875,E09000030,Tower Hamlets,E02000875,U
E01004241,E02000875,E09000030,Tower Hamlets,E02000875,U
E01004243,E02000883,E09000030,Tower Hamlets,E02000883,U
E01004244,E02000883,E09000030,Tower Hamlets,E02000883,U
E01004245,E02000881,E09000030,Tower Hamlets,E02000881,U
E01004247,E02000883,E09000030,Tower Hamlets,E02000883,U
E01004248,E02000881,E09000030,Tower Hamlets,E02000881,U
E01004249,E02000881,E09000030,Tower Hamlets,E02000881,U
E01004251,E02000886,E09000030,Tower Hamlets,E02000886,U
E01004255,E02000886,E09000030,Tower Hamlets,E02000886,U
E01004256,E02000887,E09000030,Tower Hamlets,E02000887,U
E01004257,E02000887,E09000030,Tower Hamlets,E02000887,U
E01004258,E02000886,E09000030,Tower Hamlets,E02000886,U
E01004259,E02000870,E09000030,Tower Hamlets,E02000870,U
E01004260,E02000870,E09000030,Tower Hamlets,E02000870,U
E01004263,E02000870,E09000030,Tower Hamlets,E02000870,U
E01004264,E02000873,E09000030,Tower Hamlets,E02000873,U
E01004266,E02000870,E09000030,Tower Hamlets,E02000870,U
E01004267,E02000875,E09000030,Tower Hamlets,E02000875,U
E01004268,E02000875,E09000030,Tower Hamlets,E02000875,U
E01004270,E02000877,E09000030,Tower Hamlets,E02000877,U
E01004271,E02000877,E09000030,Tower Hamlets,E02000877,U
E01004272,E02000877,E09000030,Tower Hamlets,E02000877,U
E01004274,E02000894,E09000030,Tower Hamlets,E02000894,U
E01004275,E02000894,E09000030,Tower Hamlets,E02000894,U
E01004276,E02000894,E09000030,Tower Hamlets,E02000894,U
E01004277,E02006854,E09000030,Tower Hamlets,E02006854,U
E01004280,E02006853,E09000030,Tower Hamlets,E02006853,U
E01004281,E02000894,E09000030,Tower Hamlets,E02000894,U
E01004283,E02000879,E09000030,Tower Hamlets,E02000879,U
E01004286,E02000882,E09000030,Tower Hamlets,E02000882,U
E01004287,E02000879,E09000030,Tower Hamlets,E02000879,U
E01004288,E02000882,E09000030,Tower Hamlets,E02000882,U
E01004289,E02000879,E09000030,Tower Hamlets,E02000879,U
E01004290,E02000879,E09000030,Tower Hamlets,E02000879,U
E01004291,E02000890,E09000030,Tower Hamlets,E02000890,U
E01004292,E02000889,E09000030,Tower Hamlets,E02000889,U
E01004293,E02000890,E09000030,Tower Hamlets,E02000890,U
E01004295,E02000889,E09000030,Tower Hamlets,E02000889,U
E01004296,E02000889,E09000030,Tower Hamlets,E02000889,U
E01004297,E02000890,E09000030,Tower Hamlets,E02000890,U
E01004298,E02000885,E09000030,Tower Hamlets,E02000885,U
E01004300,E02000885,E09000030,Tower Hamlets,E02000885,U
E01004301,E02000888,E09000030,Tower Hamlets,E02000888,U
E01004302,E02000888,E09000030,Tower Hamlets,E02000888,U
E01004303,E02000888,E09000030,Tower Hamlets,E02000888,U
E01004304,E02000885,E09000030,Tower Hamlets,E02000885,U
E01004305,E02000885,E09000030,Tower Hamlets,E02000885,U
E01004306,E02000878,E09000030,Tower Hamlets,E02000878,U
E01004307,E02000878,E09000030,Tower Hamlets,E02000878,U
E01004308,E02000878,E09000030,Tower Hamlets,E02000878,U
E01004309,E02000878,E09000030,Tower Hamlets,E02000878,U
E01004310,E02000878,E09000030,Tower Hamlets,E02000878,U
E01004311,E02000869,E09000030,Tower Hamlets,E02000869,U
E01004312,E02000872,E09000030,Tower Hamlets,E02000872,U
E01004313,E02000872,E09000030,Tower Hamlets,E02000872,U
E01004315,E02000869,E09000030,Tower Hamlets,E02000869,U
E01004316,E02000872,E09000030,Tower Hamlets,E02000872,U
E01004319,E02000884,E09000030,Tower Hamlets,E02000884,U
E01004321,E02000884,E09000030,Tower Hamlets,E02000884,U
E01004322,E02000880,E09000030,Tower Hamlets,E02000880,U
E01004323,E02000880,E09000030,Tower Hamlets,E02000880,U
E01004324,E02000880,E09000030,Tower Hamlets,E02000880,U
E01004326,E02000880,E09000030,Tower Hamlets,E02000880,U
E01004327,E02000922,E09000031,Waltham Forest,E02000922,U
E01004328,E02000922,E09000031,Waltham Forest,E02000922,U
E01004329,E02000922,E09000031,Waltham Forest,E02000922,U
E01004330,E02000922,E09000031,Waltham Forest,E02000922,U
E01004331,E02000922,E09000031,Waltham Forest,E02000922,U
E01004332,E02000922,E09000031,Waltham Forest,E02000922,U
E01004333,E02000918,E09000031,Waltham Forest,E02000918,U
E01004334,E02000918,E09000031,Waltham Forest,E02000918,U
E01004335,E02000921,E09000031,Waltham Forest,E02000921,U
E01004336,E02000920,E09000031,Waltham Forest,E02000920,U
E01004337,E02000921,E09000031,Waltham Forest,E02000921,U
E01004338,E02000921,E09000031,Waltham Forest,E02000921,U
E01004339,E02000921,E09000031,Waltham Forest,E02000921,U
E01004340,E02000921,E09000031,Waltham Forest,E02000921,U
E01004341,E02000921,E09000031,Waltham Forest,E02000921,U
E01004342,E02000905,E09000031,Waltham Forest,E02000905,U
E01004343,E02000902,E09000031,Waltham Forest,E02000902,U
E01004344,E02000902,E09000031,Waltham Forest,E02000902,U
E01004345,E02000904,E09000031,Waltham Forest,E02000904,U
E01004346,E02000905,E09000031,Waltham Forest,E02000905,U
E01004347,E02000905,E09000031,Waltham Forest,E02000905,U
E01004348,E02000904,E09000031,Waltham Forest,E02000904,U
E01004349,E02000895,E09000031,Waltham Forest,E02000895,U
E01004350,E02000895,E09000031,Waltham Forest,E02000895,U
E01004351,E02000895,E09000031,Waltham Forest,E02000895,U
E01004352,E02000896,E09000031,Waltham Forest,E02000896,U
E01004353,E02000896,E09000031,Waltham Forest,E02000896,U
E01004354,E02000896,E09000031,Waltham Forest,E02000896,U
E01004355,E02000898,E09000031,Waltham Forest,E02000898,U
E01004356,E02000895,E09000031,Waltham Forest,E02000895,U
E01004357,E02000895,E09000031,Waltham Forest,E02000895,U
E01004358,E02000896,E09000031,Waltham Forest,E02000896,U
E01004359,E02000896,E09000031,Waltham Forest,E02000896,U
E01004360,E02000898,E09000031,Waltham Forest,E02000898,U
E01004361,E02000899,E09000031,Waltham Forest,E02000899,U
E01004362,E02000915,E09000031,Waltham Forest,E02000915,U
E01004363,E02000913,E09000031,Waltham Forest,E02000913,U
E01004364,E02000913,E09000031,Waltham Forest,E02000913,U
E01004365,E02000914,E09000031,Waltham Forest,E02000914,U
E01004366,E02000913,E09000031,Waltham Forest,E02000913,U
E01004367,E02000913,E09000031,Waltham Forest,E02000913,U
E01004368,E02000913,E09000031,Waltham Forest,E02000913,U
E01004369,E02000917,E09000031,Waltham Forest,E02000917,U
E01004370,E02000917,E09000031,Waltham Forest,E02000917,U
E01004371,E02000919,E09000031,Waltham Forest,E02000919,U
E01004372,E02000917,E09000031,Waltham Forest,E02000917,U
E01004373,E02000919,E09000031,Waltham Forest,E02000919,U
E01004374,E02000919,E09000031,Waltham Forest,E02000919,U
E01004375,E02000919,E09000031,Waltham Forest,E02000919,U
E01004376,E02000919,E09000031,Waltham Forest,E02000919,U
E01004377,E02000904,E09000031,Waltham Forest,E02000904,U
E01004378,E02000904,E09000031,Waltham Forest,E02000904,U
E01004379,E02000901,E09000031,Waltham Forest,E02000901,U
E01004380,E02000901,E09000031,Waltham Forest,E02000901,U
E01004381,E02000901,E09000031,Waltham Forest,E02000901,U
E01004382,E02000902,E09000031,Waltham Forest,E02000902,U
E01004383,E02000901,E09000031,Waltham Forest,E02000901,U
E01004384,E02000897,E09000031,Waltham Forest,E02000897,U
E01004385,E02000897,E09000031,Waltham Forest,E02000897,U
E01004386,E02000897,E09000031,Waltham Forest,E02000897,U
E01004387,E02000901,E09000031,Waltham Forest,E02000901,U
E01004388,E02000901,E09000031,Waltham Forest,E02000901,U
E01004389,E02000897,E09000031,Waltham Forest,E02000897,U
E01004390,E02000897,E09000031,Waltham Forest,E02000897,U
E01004391,E02000908,E09000031,Waltham Forest,E02000908,U
E01004392,E02000911,E09000031,Waltham Forest,E02000911,U
E01004393,E02000908,E09000031,Waltham Forest,E02000908,U
E01004394,E02000911,E09000031,Waltham Forest,E02000911,U
E01004395,E02000912,E09000031,Waltham Forest,E02000912,U
E01004396,E02000906,E09000031,Waltham Forest,E02000906,U
E01004397,E02000911,E09000031,Waltham Forest,E02000911,U
E01004398,E02000903,E09000031,Waltham Forest,E02000903,U
E01004399,E02000903,E09000031,Waltham Forest,E02000903,U
E01004400,E02000903,E09000031,Waltham Forest,E02000903,U
E01004401,E02000908,E09000031,Waltham Forest,E02000908,U
E01004402,E02000903,E09000031,Waltham Forest,E02000903,U
E01004403,E02000903,E09000031,Waltham Forest,E02000903,U
E01004404,E02000908,E09000031,Waltham Forest,E02000908,U
E01004405,E02000914,E09000031,Waltham Forest,E02000914,U
E01004406,E02000910,E09000031,Waltham Forest,E02000910,U
E01004407,E02000907,E09000031,Waltham Forest,E02000907,U
E01004408,E02000910,E09000031,Waltham Forest,E02000910,U
E01004409,E02000910,E09000031,Waltham Forest,E02000910,U
E01004410,E02000907,E09000031,Waltham Forest,E02000907,U
E01004411,E02000910,E09000031,Waltham Forest,E02000910,U
E01004412,E02000909,E09000031,Waltham Forest,E02000909,U
E01004413,E02000898,E09000031,Waltham Forest,E02000898,U
E01004414,E02000899,E09000031,Waltham Forest,E02000899,U
E01004415,E02000898,E09000031,Waltham Forest,E02000898,U
E01004416,E02000898,E09000031,Waltham Forest,E02000898,U
E01004417,E02000899,E09000031,Waltham Forest,E02000899,U
E01004418,E02000902,E09000031,Waltham Forest,E02000902,U
E01004419,E02000902,E09000031,Waltham Forest,E02000902,U
E01004420,E02000914,E09000031,Waltham Forest,E02000914,U
E01004421,E02000912,E09000031,Waltham Forest,E02000912,U
E01004422,E02000916,E09000031,Waltham Forest,E02000916,U
E01004423,E02000914,E09000031,Waltham Forest,E02000914,U
E01004424,E02000916,E09000031,Waltham Forest,E02000916,U
E01004425,E02000916,E09000031,Waltham Forest,E02000916,U
E01004426,E02000916,E09000031,Waltham Forest,E02000916,U
E01004427,E02000916,E09000031,Waltham Forest,E02000916,U
E01004428,E02000920,E09000031,Waltham Forest,E02000920,U
E01004429,E02000920,E09000031,Waltham Forest,E02000920,U
E01004430,E02000920,E09000031,Waltham Forest,E02000920,U
E01004432,E02000917,E09000031,Waltham Forest,E02000917,U
E01004434,E02000920,E09000031,Waltham Forest,E02000920,U
E01004435,E02000917,E09000031,Waltham Forest,E02000917,U
E01004436,E02000915,E09000031,Waltham Forest,E02000915,U
E01004437,E02000915,E09000031,Waltham Forest,E02000915,U
E01004438,E02000918,E09000031,Waltham Forest,E02000918,U
E01004439,E02000915,E09000031,Waltham Forest,E02000915,U
E01004440,E02000918,E09000031,Waltham Forest,E02000918,U
E01004441,E02000918,E09000031,Waltham Forest,E02000918,U
E01004442,E02000915,E09000031,Waltham Forest,E02000915,U
E01004443,E02000910,E09000031,Waltham Forest,E02000910,U
E01004444,E02000911,E09000031,Waltham Forest,E02000911,U
E01004445,E02000912,E09000031,Waltham Forest,E02000912,U
E01004446,E02000911,E09000031,Waltham Forest,E02000911,U
E01004447,E02000910,E09000031,Waltham Forest,E02000910,U
E01004448,E02000912,E09000031,Waltham Forest,E02000912,U
E01004449,E02000912,E09000031,Waltham Forest,E02000912,U
E01004450,E02000900,E09000031,Waltham Forest,E02000900,U
E01004451,E02000899,E09000031,Waltham Forest,E02000899,U
E01004452,E02000899,E09000031,Waltham Forest,E02000899,U
E01004453,E02000900,E09000031,Waltham Forest,E02000900,U
E01004454,E02000900,E09000031,Waltham Forest,E02000900,U
E01004455,E02000900,E09000031,Waltham Forest,E02000900,U
E01004456,E02000900,E09000031,Waltham Forest,E02000900,U
E01004457,E02000906,E09000031,Waltham Forest,E02000906,U
E01004458,E02000906,E09000031,Waltham Forest,E02000906,U
E01004459,E02000906,E09000031,Waltham Forest,E02000906,U
E01004460,E02000905,E09000031,Waltham Forest,E02000905,U
E01004462,E02000905,E09000031,Waltham Forest,E02000905,U
E01004463,E02000906,E09000031,Waltham Forest,E02000906,U
E01004464,E02000907,E09000031,Waltham Forest,E02000907,U
E01004465,E02000909,E09000031,Waltham Forest,E02000909,U
E01004466,E02000909,E09000031,Waltham Forest,E02000909,U
E01004467,E02000909,E09000031,Waltham Forest,E02000909,U
E01004468,E02000909,E09000031,Waltham Forest,E02000909,U
E01004469,E02000907,E09000031,Waltham Forest,E02000907,U
E01004470,E02000907,E09000031,Waltham Forest,E02000907,U
E01004471,E02000907,E09000031,Waltham Forest,E02000907,U
E01004472,E02000943,E09000032,Wandsworth,E02000943,U
E01004473,E02000948,E09000032,Wandsworth,E02000948,U
E01004474,E02000943,E09000032,Wandsworth,E02000943,U
E01004475,E02000948,E09000032,Wandsworth,E02000948,U
E01004476,E02000943,E09000032,Wandsworth,E02000943,U
E01004477,E02000939,E09000032,Wandsworth,E02000939,U
E01004478,E02000939,E09000032,Wandsworth,E02000939,U
E01004479,E02000939,E09000032,Wandsworth,E02000939,U
E01004480,E02000948,E09000032,Wandsworth,E02000948,U
E01004481,E02000951,E09000032,Wandsworth,E02000951,U
E01004482,E02000952,E09000032,Wandsworth,E02000952,U
E01004483,E02000948,E09000032,Wandsworth,E02000948,U
E01004484,E02000948,E09000032,Wandsworth,E02000948,U
E01004485,E02000952,E09000032,Wandsworth,E02000952,U
E01004486,E02000948,E09000032,Wandsworth,E02000948,U
E01004487,E02000952,E09000032,Wandsworth,E02000952,U
E01004488,E02000951,E09000032,Wandsworth,E02000951,U
E01004489,E02000952,E09000032,Wandsworth,E02000952,U
E01004490,E02000953,E09000032,Wandsworth,E02000953,U
E01004491,E02000953,E09000032,Wandsworth,E02000953,U
E01004492,E02000953,E09000032,Wandsworth,E02000953,U
E01004493,E02000941,E09000032,Wandsworth,E02000941,U
E01004494,E02000940,E09000032,Wandsworth,E02000940,U
E01004495,E02000946,E09000032,Wandsworth,E02000946,U
E01004496,E02000946,E09000032,Wandsworth,E02000946,U
E01004497,E02000946,E09000032,Wandsworth,E02000946,U
E01004498,E02000953,E09000032,Wandsworth,E02000953,U
E01004499,E02000942,E09000032,Wandsworth,E02000942,U
E01004500,E02000936,E09000032,Wandsworth,E02000936,U
E01004501,E02000936,E09000032,Wandsworth,E02000936,U
E01004502,E02000942,E09000032,Wandsworth,E02000942,U
E01004503,E02000936,E09000032,Wandsworth,E02000936,U
E01004504,E02000942,E09000032,Wandsworth,E02000942,U
E01004505,E02000936,E09000032,Wandsworth,E02000936,U
E01004506,E02000933,E09000032,Wandsworth,E02000933,U
E01004507,E02000936,E09000032,Wandsworth,E02000936,U
E01004508,E02000934,E09000032,Wandsworth,E02000934,U
E01004510,E02000934,E09000032,Wandsworth,E02000934,U
E01004511,E02000932,E09000032,Wandsworth,E02000932,U
E01004512,E02000941,E09000032,Wandsworth,E02000941,U
E01004513,E02000940,E09000032,Wandsworth,E02000940,U
E01004514,E02000934,E09000032,Wandsworth,E02000934,U
E01004515,E02000934,E09000032,Wandsworth,E02000934,U
E01004516,E02000958,E09000032,Wandsworth,E02000958,U
E01004517,E02000959,E09000032,Wandsworth,E02000959,U
E01004518,E02000958,E09000032,Wandsworth,E02000958,U
E01004519,E02000958,E09000032,Wandsworth,E02000958,U
E01004520,E02000958,E09000032,Wandsworth,E02000958,U
E01004521,E02000959,E09000032,Wandsworth,E02000959,U
E01004522,E02000959,E09000032,Wandsworth,E02000959,U
E01004523,E02000958,E09000032,Wandsworth,E02000958,U
E01004524,E02000959,E09000032,Wandsworth,E02000959,U
E01004525,E02000957,E09000032,Wandsworth,E02000957,U
E01004526,E02000957,E09000032,Wandsworth,E02000957,U
E01004527,E02000957,E09000032,Wandsworth,E02000957,U
E01004528,E02000957,E09000032,Wandsworth,E02000957,U
E01004529,E02000957,E09000032,Wandsworth,E02000957,U
E01004530,E02000957,E09000032,Wandsworth,E02000957,U
E01004531,E02000955,E09000032,Wandsworth,E02000955,U
E01004532,E02000954,E09000032,Wandsworth,E02000954,U
E01004533,E02000955,E09000032,Wandsworth,E02000955,U
E01004534,E02000930,E09000032,Wandsworth,E02000930,U
E01004535,E02000929,E09000032,Wandsworth,E02000929,U
E01004536,E02000930,E09000032,Wandsworth,E02000930,U
E01004537,E02000929,E09000032,Wandsworth,E02000929,U
E01004538,E02000929,E09000032,Wandsworth,E02000929,U
E01004539,E02000925,E09000032,Wandsworth,E02000925,U
E01004540,E02000925,E09000032,Wandsworth,E02000925,U
E01004541,E02000929,E09000032,Wandsworth,E02000929,U
E01004542,E02000943,E09000032,Wandsworth,E02000943,U
E01004543,E02000949,E09000032,Wandsworth,E02000949,U
E01004544,E02000943,E09000032,Wandsworth,E02000943,U
E01004545,E02000949,E09000032,Wandsworth,E02000949,U
E01004546,E02000949,E09000032,Wandsworth,E02000949,U
E01004547,E02000951,E09000032,Wandsworth,E02000951,U
E01004548,E02000951,E09000032,Wandsworth,E02000951,U
E01004549,E02000949,E09000032,Wandsworth,E02000949,U
E01004550,E02000939,E09000032,Wandsworth,E02000939,U
E01004551,E02000934,E09000032,Wandsworth,E02000934,U
E01004552,E02000930,E09000032,Wandsworth,E02000930,U
E01004553,E02000937,E09000032,Wandsworth,E02000937,U
E01004554,E02000931,E09000032,Wandsworth,E02000931,U
E01004555,E02000939,E09000032,Wandsworth,E02000939,U
E01004556,E02000931,E09000032,Wandsworth,E02000931,U
E01004557,E02000937,E09000032,Wandsworth,E02000937,U
E01004558,E02000937,E09000032,Wandsworth,E02000937,U
E01004559,E02000937,E09000032,Wandsworth,E02000937,U
E01004560,E02000923,E09000032,Wandsworth,E02000923,U
E01004563,E02007084,E09000032,Wandsworth,E02000924,S
E01004564,E02007084,E09000032,Wandsworth,E02000924,S
E01004565,E02000927,E09000032,Wandsworth,E02000927,U
E01004566,E02000923,E09000032,Wandsworth,E02000923,U
E01004567,E02007084,E09000032,Wandsworth,E02000924,S
E01004568,E02000935,E09000032,Wandsworth,E02000935,U
E01004569,E02000945,E09000032,Wandsworth,E02000945,U
E01004570,E02000945,E09000032,Wandsworth,E02000945,U
E01004571,E02000945,E09000032,Wandsworth,E02000945,U
E01004572,E02000938,E09000032,Wandsworth,E02000938,U
E01004573,E02000945,E09000032,Wandsworth,E02000945,U
E01004574,E02000935,E09000032,Wandsworth,E02000935,U
E01004575,E02000935,E09000032,Wandsworth,E02000935,U
E01004576,E02000935,E09000032,Wandsworth,E02000935,U
E01004577,E02000925,E09000032,Wandsworth,E02000925,U
E01004579,E02000926,E09000032,Wandsworth,E02000926,U
E01004580,E02000926,E09000032,Wandsworth,E02000926,U
E01004581,E02000926,E09000032,Wandsworth,E02000926,U
E01004582,E02000923,E09000032,Wandsworth,E02000923,U
E01004583,E02000923,E09000032,Wandsworth,E02000923,U
E01004584,E02000925,E09000032,Wandsworth,E02000925,U
E01004585,E02000930,E09000032,Wandsworth,E02000930,U
E01004586,E02000931,E09000032,Wandsworth,E02000931,U
E01004587,E02000931,E09000032,Wandsworth,E02000931,U
E01004588,E02000930,E09000032,Wandsworth,E02000930,U
E01004589,E02000931,E09000032,Wandsworth,E02000931,U
E01004590,E02000927,E09000032,Wandsworth,E02000927,U
E01004591,E02000927,E09000032,Wandsworth,E02000927,U
E01004592,E02000927,E09000032,Wandsworth,E02000927,U
E01004593,E02000947,E09000032,Wandsworth,E02000947,U
E01004594,E02000942,E09000032,Wandsworth,E02000942,U
E01004595,E02000947,E09000032,Wandsworth,E02000947,U
E01004596,E02000942,E09000032,Wandsworth,E02000942,U
E01004597,E02000947,E09000032,Wandsworth,E02000947,U
E01004598,E02000947,E09000032,Wandsworth,E02000947,U
E01004599,E02000947,E09000032,Wandsworth,E02000947,U
E01004601,E02000940,E09000032,Wandsworth,E02000940,U
E01004602,E02000932,E09000032,Wandsworth,E02000932,U
E01004604,E02000928,E09000032,Wandsworth,E02000928,U
E01004605,E02000928,E09000032,Wandsworth,E02000928,U
E01004606,E02000928,E09000032,Wandsworth,E02000928,U
E01004607,E02000928,E09000032,Wandsworth,E02000928,U
E01004608,E02000928,E09000032,Wandsworth,E02000928,U
E01004609,E02000932,E09000032,Wandsworth,E02000932,U
E01004610,E02000955,E09000032,Wandsworth,E02000955,U
E01004611,E02000954,E09000032,Wandsworth,E02000954,U
E01004612,E02000954,E09000032,Wandsworth,E02000954,U
E01004613,E02000955,E09000032,Wandsworth,E02000955,U
E01004614,E02000956,E09000032,Wandsworth,E02000956,U
E01004615,E02000956,E09000032,Wandsworth,E02000956,U
E01004616,E02000956,E09000032,Wandsworth,E02000956,U
E01004617,E02000956,E09000032,Wandsworth,E02000956,U
E01004618,E02000954,E09000032,Wandsworth,E02000954,U
E01004619,E02000937,E09000032,Wandsworth,E02000937,U
E01004620,E02000941,E09000032,Wandsworth,E02000941,U
E01004621,E02000941,E09000032,Wandsworth,E02000941,U
E01004622,E02000946,E09000032,Wandsworth,E02000946,U
E01004623,E02000941,E09000032,Wandsworth,E02000941,U
E01004624,E02000946,E09000032,Wandsworth,E02000946,U
E01004625,E02000949,E09000032,Wandsworth,E02000949,U
E01004626,E02000949,E09000032,Wandsworth,E02000949,U
E01004627,E02000941,E09000032,Wandsworth,E02000941,U
E01004628,E02000944,E09000032,Wandsworth,E02000944,U
E01004629,E02000942,E09000032,Wandsworth,E02000942,U
E01004630,E02000944,E09000032,Wandsworth,E02000944,U
E01004631,E02000944,E09000032,Wandsworth,E02000944,U
E01004632,E02000950,E09000032,Wandsworth,E02000950,U
E01004633,E02000944,E09000032,Wandsworth,E02000944,U
E01004634,E02000950,E09000032,Wandsworth,E02000950,U
E01004635,E02000950,E09000032,Wandsworth,E02000950,U
E01004636,E02000950,E09000032,Wandsworth,E02000950,U
E01004637,E02000950,E09000032,Wandsworth,E02000950,U
E01004638,E02000933,E09000032,Wandsworth,E02000933,U
E01004639,E02000933,E09000032,Wandsworth,E02000933,U
E01004640,E02000933,E09000032,Wandsworth,E02000933,U
E01004641,E02000933,E09000032,Wandsworth,E02000933,U
E01004642,E02000938,E09000032,Wandsworth,E02000938,U
E01004643,E02000938,E09000032,Wandsworth,E02000938,U
E01004644,E02000938,E09000032,Wandsworth,E02000938,U
E01004645,E02000938,E09000032,Wandsworth,E02000938,U
E01004646,E02000961,E09000033,Westminster,E02000961,U
E01004647,E02000960,E09000033,Westminster,E02000960,U
E01004648,E02000961,E09000033,Westminster,E02000961,U
E01004649,E02000960,E09000033,Westminster,E02000960,U
E01004650,E02000961,E09000033,Westminster,E02000961,U
E01004651,E02000962,E09000033,Westminster,E02000962,U
E01004652,E02000976,E09000033,Westminster,E02000976,U
E01004653,E02000973,E09000033,Westminster,E02000973,U
E01004654,E02000973,E09000033,Westminster,E02000973,U
E01004656,E02000973,E09000033,Westminster,E02000973,U
E01004657,E02000971,E09000033,Westminster,E02000971,U
E01004658,E02000971,E09000033,Westminster,E02000971,U
E01004659,E02000967,E09000033,Westminster,E02000967,U
E01004660,E02000967,E09000033,Westminster,E02000967,U
E01004661,E02000971,E09000033,Westminster,E02000971,U
E01004662,E02000971,E09000033,Westminster,E02000971,U
E01004663,E02000971,E09000033,Westminster,E02000971,U
E01004665,E02000983,E09000033,Westminster,E02000983,U
E01004668,E02000982,E09000033,Westminster,E02000982,U
E01004669,E02000983,E09000033,Westminster,E02000983,U
E01004670,E02000968,E09000033,Westminster,E02000968,U
E01004674,E02000964,E09000033,Westminster,E02000964,U
E01004675,E02000964,E09000033,Westminster,E02000964,U
E01004676,E02000965,E09000033,Westminster,E02000965,U
E01004677,E02000964,E09000033,Westminster,E02000964,U
E01004678,E02000964,E09000033,Westminster,E02000964,U
E01004679,E02000964,E09000033,Westminster,E02000964,U
E01004680,E02000974,E09000033,Westminster,E02000974,U
E01004681,E02000975,E09000033,Westminster,E02000975,U
E01004682,E02000975,E09000033,Westminster,E02000975,U
E01004683,E02000974,E09000033,Westminster,E02000974,U
E01004684,E02000974,E09000033,Westminster,E02000974,U
E01004686,E02000974,E09000033,Westminster,E02000974,U
E01004687,E02000978,E09000033,Westminster,E02000978,U
E01004690,E02000978,E09000033,Westminster,E02000978,U
E01004691,E02000978,E09000033,Westminster,E02000978,U
E01004692,E02000978,E09000033,Westminster,E02000978,U
E01004693,E02000976,E09000033,Westminster,E02000976,U
E01004694,E02000975,E09000033,Westminster,E02000975,U
E01004695,E02000976,E09000033,Westminster,E02000976,U
E01004696,E02000976,E09000033,Westminster,E02000976,U
E01004697,E02000975,E09000033,Westminster,E02000975,U
E01004698,E02000976,E09000033,Westminster,E02000976,U
E01004699,E02000976,E09000033,Westminster,E02000976,U
E01004700,E02000975,E09000033,Westminster,E02000975,U
E01004701,E02000966,E09000033,Westminster,E02000966,U
E01004702,E02000968,E09000033,Westminster,E02000968,U
E01004703,E02000966,E09000033,Westminster,E02000966,U
E01004705,E02000966,E09000033,Westminster,E02000966,U
E01004706,E02000965,E09000033,Westminster,E02000965,U
E01004707,E02000965,E09000033,Westminster,E02000965,U
E01004708,E02000965,E09000033,Westminster,E02000965,U
E01004709,E02000966,E09000033,Westminster,E02000966,U
E01004710,E02000961,E09000033,Westminster,E02000961,U
E01004711,E02000961,E09000033,Westminster,E02000961,U
E01004712,E02000967,E09000033,Westminster,E02000967,U
E01004713,E02000970,E09000033,Westminster,E02000970,U
E01004714,E02000970,E09000033,Westminster,E02000970,U
E01004715,E02000972,E09000033,Westminster,E02000972,U
E01004716,E02000970,E09000033,Westminster,E02000970,U
E01004717,E02000970,E09000033,Westminster,E02000970,U
E01004718,E02000963,E09000033,Westminster,E02000963,U
E01004719,E02000963,E09000033,Westminster,E02000963,U
E01004720,E02000963,E09000033,Westminster,E02000963,U
E01004721,E02000963,E09000033,Westminster,E02000963,U
E01004722,E02000963,E09000033,Westminster,E02000963,U
E01004723,E02000964,E09000033,Westminster,E02000964,U
E01004724,E02000960,E09000033,Westminster,E02000960,U
E01004725,E02000962,E09000033,Westminster,E02000962,U
E01004726,E02000962,E09000033,Westminster,E02000962,U
E01004727,E02000967,E09000033,Westminster,E02000967,U
E01004728,E02000962,E09000033,Westminster,E02000962,U
E01004729,E02000962,E09000033,Westminster,E02000962,U
E01004730,E02000960,E09000033,Westminster,E02000960,U
E01004731,E02000979,E09000033,Westminster,E02000979,U
E01004732,E02000979,E09000033,Westminster,E02000979,U
E01004733,E02000979,E09000033,Westminster,E02000979,U
E01004734,E02000977,E09000033,Westminster,E02000977,U
E01004735,E02000977,E09000033,Westminster,E02000977,U
E01004736,E02000977,E09000033,Westminster,E02000977,U
E01004737,E02000983,E09000033,Westminster,E02000983,U
E01004740,E02000980,E09000033,Westminster,E02000980,U
E01004741,E02000983,E09000033,Westminster,E02000983,U
E01004742,E02000981,E09000033,Westminster,E02000981,U
E01004743,E02000980,E09000033,Westminster,E02000980,U
E01004744,E02000979,E09000033,Westminster,E02000979,U
E01004746,E02000980,E09000033,Westminster,E02000980,U
E01004747,E02000980,E09000033,Westminster,E02000980,U
E01004748,E02000979,E09000033,Westminster,E02000979,U
E01004749,E02000981,E09000033,Westminster,E02000981,U
E01004750,E02000982,E09000033,Westminster,E02000982,U
E01004751,E02000981,E09000033,Westminster,E02000981,U
E01004752,E02000981,E09000033,Westminster,E02000981,U
E01004753,E02000981,E09000033,Westminster,E02000981,U
E01004754,E02000969,E09000033,Westminster,E02000969,U
E01004755,E02000969,E09000033,Westminster,E02000969,U
E01004756,E02000965,E09000033,Westminster,E02000965,U
E01004757,E02000969,E09000033,Westminster,E02000969,U
E01004760,E02000973,E09000033,Westminster,E02000973,U
E01004761,E02000977,E09000033,Westminster,E02000977,U
E01004762,E02000970,E09000033,Westminster,E02000970,U
E01004763,E02000972,E09000033,Westminster,E02000972,U
E01004765,E02000972,E09000033,Westminster,E02000972,U
E01032512,E02000969,E09000033,Westminster,E02000969,U
E01032513,E02000969,E09000033,Westminster,E02000969,U
E01032562,E02006782,E09000006,Bromley,E02006782,U
E01032563,E02006782,E09000006,Bromley,E02006782,U
E01032564,E02006783,E09000023,Lewisham,E02006783,U
E01032565,E02006784,E09000023,Lewisham,E02006784,U
E01032566,E02006785,E09000004,Bexley,E02006785,U
E01032567,E02006786,E09000011,Greenwich,E02006786,U
E01032568,E02006787,E09000006,Bromley,E02006787,U
E01032569,E02006788,E09000008,Croydon,E02006788,U
E01032570,E02006789,E09000006,Bromley,E02006789,U
E01032572,E02006791,E09000009,Ealing,E02006791,U
E01032573,E02006792,E09000018,Hounslow,E02006792,U
E01032574,E02006793,E09000010,Enfield,E02006793,U
E01032575,E02006794,E09000014,Haringey,E02006794,U
E01032576,E02006795,E09000015,Harrow,E02006795,U
E01032577,E02006796,E09000017,Hillingdon,E02006796,U
E01032579,E02006798,E09000023,Lewisham,E02006798,U
E01032580,E02006799,E09000002,Barking and Dagenham,E02006799,U
E01032581,E02006800,E09000026,Redbridge,E02006800,U
E01032582,E02006801,E09000022,Lambeth,E02006801,U
E01032583,E02006802,E09000028,Southwark,E02006802,U
E01032584,E02006802,E09000028,Southwark,E02006802,U
E01032623,E02006836,E09000029,Sutton,E02006836,U
E01032637,E02006941,E09000028,Southwark,E02000809,S
E01032638,E02006941,E09000028,Southwark,E02000809,S
E01032639,E02000820,E09000028,Southwark,E02000820,U
E01032640,E02006941,E09000028,Southwark,E02000809,S
E01032646,E02006942,E09000028,Southwark,E02000809,S
E01032719,E02000820,E09000028,Southwark,E02000820,U
E01032739,E02000001,E09000001,City of London,E02000001,U
E01032740,E02000001,E09000001,City of London,E02000001,U
E01032741,E02000476,E09000016,Havering,E02000476,U
E01032742,E02000476,E09000016,Havering,E02000476,U
E01032743,E02000247,E09000009,Ealing,E02000247,U
E01032744,E02000247,E09000009,Ealing,E02000247,U
E01032764,E02000867,E09000030,Tower Hamlets,E02000867,U
E01032765,E02000867,E09000030,Tower Hamlets,E02000867,U
E01032767,E02000884,E09000030,Tower Hamlets,E02000884,U
E01032768,E02000888,E09000030,Tower Hamlets,E02000888,U
E01032769,E02000888,E09000030,Tower Hamlets,E02000888,U
E01032770,E02006853,E09000030,Tower Hamlets,E02006853,U
E01032771,E02006854,E09000030,Tower Hamlets,E02006854,U
E01032772,E02006853,E09000030,Tower Hamlets,E02006853,U
E01032774,E02006853,E09000030,Tower Hamlets,E02006853,U
E01032775,E02000894,E09000030,Tower Hamlets,E02000894,U
E01032776,E02007112,E09000030,Tower Hamlets,E02000891,S
E01032777,E02007113,E09000030,Tower Hamlets,E02000891,S
E01032779,E02007113,E09000030,Tower Hamlets,E02000891,S
E01032780,E02007113,E09000030,Tower Hamlets,E02000891,S
E01032781,E02006854,E09000030,Tower Hamlets,E02006854,U
E01032782,E02006854,E09000030,Tower Hamlets,E02006854,U
E01032783,E02000894,E09000030,Tower Hamlets,E02000894,U
E01032784,E02000867,E09000030,Tower Hamlets,E02000867,U
E01032785,E02000873,E09000030,Tower Hamlets,E02000873,U
E01032786,E02000873,E09000030,Tower Hamlets,E02000873,U
E01032787,E02000874,E09000030,Tower Hamlets,E02000874,U
E01032788,E02000394,E09000013,Hammersmith and Fulham,E02000394,U
E01032789,E02000394,E09000013,Hammersmith and Fulham,E02000394,U
E01032790,E02000394,E09000013,Hammersmith and Fulham,E02000394,U
E01032803,E02006942,E09000028,Southwark,E02000809,S
E01032834,E02006941,E09000028,Southwark,E02000809,S
E01033000,E02000550,E09000018,Hounslow,E02000550,U
E01033030,E02000550,E09000018,Hounslow,E02000550,U
E01033081,E02006973,E09000018,Hounslow,E02000528,S
E01033082,E02006973,E09000018,Hounslow,E02000528,S
E01033083,E02000543,E09000018,Hounslow,E02000543,U
E01033084,E02000543,E09000018,Hounslow,E02000543,U
E01033086,E02000416,E09000014,Haringey,E02000416,U
E01033098,E02007083,E09000032,Wandsworth,E02000924,S
E01033099,E02000926,E09000032,Wandsworth,E02000926,U
E01033100,E02007084,E09000032,Wandsworth,E02000924,S
E01033132,E02007083,E09000032,Wandsworth,E02000924,S
E01033133,E02000926,E09000032,Wandsworth,E02000926,U
E01033135,E02000932,E09000032,Wandsworth,E02000932,U
E01033146,E02000301,E09000010,Enfield,E02000301,U
E01033148,E02000279,E09000010,Enfield,E02000279,U
E01033150,E02000279,E09000010,Enfield,E02000279,U
E01033151,E02000301,E09000010,Enfield,E02000301,U
E01033208,E02000621,E09000022,Lambeth,E02000621,U
E01033320,E02000669,E09000023,Lewisham,E02000669,U
E01033322,E02000669,E09000023,Lewisham,E02000669,U
E01033324,E02000660,E09000023,Lewisham,E02000660,U
E01033325,E02000660,E09000023,Lewisham,E02000660,U
E01033327,E02007009,E09000023,Lewisham,E02000664,S
E01033341,E02007009,E09000023,Lewisham,E02000664,S
E01033455,E02000123,E09000005,Brent,E02000123,U
E01033456,E02000119,E09000005,Brent,E02000119,U
E01033457,E02006955,E09000005,Brent,E02000109,S
E01033463,E02000095,E09000005,Brent,E02000095,U
E01033485,E02000123,E09000005,Brent,E02000123,U
E01033486,E02000564,E09000019,Islington,E02000564,U
E01033487,E02000564,E09000019,Islington,E02000564,U
E01033488,E02000564,E09000019,Islington,E02000564,U
E01033489,E02000575,E09000019,Islington,E02000575,U
E01033490,E02000575,E09000019,Islington,E02000575,U
E01033491,E02000564,E09000019,Islington,E02000564,U
E01033493,E02000559,E09000019,Islington,E02000559,U
E01033494,E02000559,E09000019,Islington,E02000559,U
E01033569,E02000601,E09000021,Kingston upon Thames,E02000601,U
E01033570,E02000787,E09000027,Richmond upon Thames,E02000787,U
E01033571,E02000787,E09000027,Richmond upon Thames,E02000787,U
E01033579,E02006997,E09000025,Newham,E02000726,S
E01033580,E02006999,E09000025,Newham,E02000750,S
E01033581,E02006998,E09000025,Newham,E02000750,S
E01033582,E02006998,E09000025,Newham,E02000750,S
E01033584,E02000747,E09000025,Newham,E02000747,U
E01033586,E02006997,E09000025,Newham,E02000726,S
E01033587,E02000022,E09000002,Barking and Dagenham,E02000022,U
E01033589,E02007019,E09000026,Redbridge,E02000780,S
E01033590,E02007017,E09000026,Redbridge,E02000769,S
E01033591,E02007019,E09000026,Redbridge,E02000780,S
E01033592,E02007017,E09000026,Redbridge,E02000769,S
E01033593,E02000974,E09000033,Westminster,E02000974,U
E01033594,E02000974,E09000033,Westminster,E02000974,U
E01033597,E02000982,E09000033,Westminster,E02000982,U
E01033598,E02000968,E09000033,Westminster,E02000968,U
E01033599,E02000982,E09000033,Westminster,E02000982,U
E01033601,E02000968,E09000033,Westminster,E02000968,U
E01033602,E02000968,E09000033,Westminster,E02000968,U
E01033603,E02000968,E09000033,Westminster,E02000968,U
E01033604,E02000968,E09000033,Westminster,E02000968,U
E01033605,E02000968,E09000033,Westminster,E02000968,U
E01033699,E02007108,E09000012,Hackney,E02000365,S
E01033700,E02007108,E09000012,Hackney,E02000365,S
E01033702,E02006918,E09000012,Hackney,E02006918,U
E01033703,E02000354,E09000012,Hackney,E02000354,U
E01033704,E02000367,E09000012,Hackney,E02000367,U
E01033705,E02006918,E09000012,Hackney,E02006918,U
E01033706,E02007111,E09000012,Hackney,E02000371,S
E01033708,E02007111,E09000012,Hackney,E02000371,S
E01033709,E02007110,E09000012,Hackney,E02000371,S
E01033710,E02006918,E09000012,Hackney,E02006918,U
E01033711,E02007110,E09000012,Hackney,E02000371,S
E01033712,E02000367,E09000012,Hackney,E02000367,U
E01033713,E02000354,E09000012,Hackney,E02000354,U
E01033727,E02006928,E09000011,Greenwich,E02006928,U
E01033728,E02006928,E09000011,Greenwich,E02006928,U
E01033729,E02000342,E09000011,Greenwich,E02000342,U
E01033732,E02006993,E09000011,Greenwich,E02006929,S
E01033734,E02006991,E09000011,Greenwich,E02000316,S
E01033735,E02006994,E09000011,Greenwich,E02000316,S
E01033736,E02006991,E09000011,Greenwich,E02000316,S
E01033737,E02006994,E09000011,Greenwich,E02000316,S
E01033738,E02006930,E09000011,Greenwich,E02006930,U
E01033739,E02000314,E09000011,Greenwich,E02000314,U
E01033740,E02000314,E09000011,Greenwich,E02000314,U
E01033741,E02000314,E09000011,Greenwich,E02000314,U
E01033742,E02000319,E09000011,Greenwich,E02000319,U
E01033743,E02000314,E09000011,Greenwich,E02000314,U
E01033744,E02000319,E09000011,Greenwich,E02000319,U
E01033745,E02000314,E09000011,Greenwich,E02000314,U
E01033746,E02006931,E09000011,Greenwich,E02006931,U
E01033784,E02000470,E09000016,Havering,E02000470,U
E01033785,E02000470,E09000016,Havering,E02000470,U
E01033786,E02000480,E09000016,Havering,E02000480,U
E01033787,E02000480,E09000016,Havering,E02000480,U
E01033788,E02000480,E09000016,Havering,E02000480,U
E01033789,E02000072,E09000004,Bexley,E02000072,U
E01033790,E02000072,E09000004,Bexley,E02000072,U
E01033791,E02000083,E09000004,Bexley,E02000083,U
E01033792,E02000083,E09000004,Bexley,E02000083,U
E01033862,E02000620,E09000022,Lambeth,E02000620,U
E01033863,E02000620,E09000022,Lambeth,E02000620,U
E01033864,E02000621,E09000022,Lambeth,E02000621,U
E01033865,E02000621,E09000022,Lambeth,E02000621,U
E01033866,E02000621,E09000022,Lambeth,E02000621,U
E01033867,E02000808,E09000028,Southwark,E02000808,U
E01033868,E02000808,E09000028,Southwark,E02000808,U
E01033869,E02000810,E09000028,Southwark,E02000810,U
E01033870,E02000810,E09000028,Southwark,E02000810,U
E01033871,E02000810,E09000028,Southwark,E02000810,U
E01033872,E02000810,E09000028,Southwark,E02000810,U
E01033873,E02000815,E09000028,Southwark,E02000815,U
E01033874,E02000815,E09000028,Southwark,E02000815,U
E01033875,E02000818,E09000028,Southwark,E02000818,U
E01033876,E02000818,E09000028,Southwark,E02000818,U
E01033877,E02000818,E09000028,Southwark,E02000818,U
E01033878,E02000821,E09000028,Southwark,E02000821,U
E01033879,E02000821,E09000028,Southwark,E02000821,U
E01033880,E02000821,E09000028,Southwark,E02000821,U
E01033881,E02000822,E09000028,Southwark,E02000822,U
E01033882,E02000828,E09000028,Southwark,E02000828,U
E01033883,E02000828,E09000028,Southwark,E02000828,U
E01033884,E02006941,E09000028,Southwark,E02000809,S
E01033885,E02006942,E09000028,Southwark,E02000809,S
E01033911,E02000040,E09000003,Barnet,E02000040,U
E01033912,E02000040,E09000003,Barnet,E02000040,U
E01033913,E02000047,E09000003,Barnet,E02000047,U
E01033914,E02000047,E09000003,Barnet,E02000047,U
E01033915,E02006953,E09000003,Barnet,E02000053,S
E01033916,E02006953,E09000003,Barnet,E02000053,S
E01033917,E02006953,E09000003,Barnet,E02000053,S
E01033918,E02006953,E09000003,Barnet,E02000053,S
E01033919,E02006953,E09000003,Barnet,E02000053,S
E01033920,E02006953,E09000003,Barnet,E02000053,S
E01033921,E02006954,E09000003,Barnet,E02000053,S
E01033922,E02006954,E09000003,Barnet,E02000053,S
E01033923,E02006954,E09000003,Barnet,E02000053,S
E01033924,E02006954,E09000003,Barnet,E02000053,S
E01033925,E02006954,E09000003,Barnet,E02000053,S
E01033926,E02000290,E09000010,Enfield,E02000290,U
E01033927,E02000296,E09000010,Enfield,E02000296,U
E01033928,E02000296,E09000010,Enfield,E02000296,U
E01033929,E02000094,E09000005,Brent,E02000094,U
E01033930,E02000094,E09000005,Brent,E02000094,U
E01033931,E02000101,E09000005,Brent,E02000101,U
E01033932,E02000101,E09000005,Brent,E02000101,U
E01033933,E02000102,E09000005,Brent,E02000102,U
E01033934,E02000102,E09000005,Brent,E02000102,U
E01033935,E02000112,E09000005,Brent,E02000112,U
E01033936,E02000112,E09000005,Brent,E02000112,U
E01033937,E02000119,E09000005,Brent,E02000119,U
E01033938,E02000119,E09000005,Brent,E02000119,U
E01033939,E02000119,E09000005,Brent,E02000119,U
E01033940,E02006955,E09000005,Brent,E02000109,S
E01033941,E02006955,E09000005,Brent,E02000109,S
E01033942,E02006955,E09000005,Brent,E02000109,S
E01033943,E02000411,E09000014,Haringey,E02000411,U
E01033944,E02000411,E09000014,Haringey,E02000411,U
E01033945,E02000416,E09000014,Haringey,E02000416,U
E01033946,E02000416,E09000014,Haringey,E02000416,U
E01034026,E02000252,E09000009,Ealing,E02000252,U
E01034027,E02000252,E09000009,Ealing,E02000252,U
E01034028,E02000256,E09000009,Ealing,E02000256,U
E01034029,E02000256,E09000009,Ealing,E02000256,U
E01034030,E02006969,E09000009,Ealing,E02000257,S
E01034031,E02006969,E09000009,Ealing,E02000257,S
E01034032,E02000531,E09000018,Hounslow,E02000531,U
E01034033,E02000531,E09000018,Hounslow,E02000531,U
E01034034,E02000539,E09000018,Hounslow,E02000539,U
E01034035,E02000539,E09000018,Hounslow,E02000539,U
E01034036,E02000540,E09000018,Hounslow,E02000540,U
E01034037,E02000540,E09000018,Hounslow,E02000540,U
E01034038,E02000542,E09000018,Hounslow,E02000542,U
E01034039,E02000542,E09000018,Hounslow,E02000542,U
E01034040,E02000543,E09000018,Hounslow,E02000543,U
E01034041,E02000543,E09000018,Hounslow,E02000543,U
E01034042,E02006972,E09000018,Hounslow,E02000528,S
E01034043,E02006972,E09000018,Hounslow,E02000528,S
E01034044,E02006972,E09000018,Hounslow,E02000528,S
E01034045,E02006973,E09000018,Hounslow,E02000528,S
E01034046,E02006973,E09000018,Hounslow,E02000528,S
E01034139,E02000208,E09000008,Croydon,E02000208,U
E01034140,E02000208,E09000008,Croydon,E02000208,U
E01034141,E02000213,E09000008,Croydon,E02000213,U
E01034142,E02000213,E09000008,Croydon,E02000213,U
E01034143,E02000213,E09000008,Croydon,E02000213,U
E01034144,E02000217,E09000008,Croydon,E02000217,U
E01034145,E02000217,E09000008,Croydon,E02000217,U
E01034146,E02000217,E09000008,Croydon,E02000217,U
E01034147,E02006987,E09000008,Croydon,E02000220,S
E01034148,E02006987,E09000008,Croydon,E02000220,S
E01034149,E02006987,E09000008,Croydon,E02000220,S
E01034150,E02006987,E09000008,Croydon,E02000220,S
E01034151,E02006987,E09000008,Croydon,E02000220,S
E01034152,E02006988,E09000008,Croydon,E02000220,S
E01034153,E02000843,E09000029,Sutton,E02000843,U
E01034154,E02000843,E09000029,Sutton,E02000843,U
E01034155,E02000851,E09000029,Sutton,E02000851,U
E01034156,E02000851,E09000029,Sutton,E02000851,U
E01034173,E02000317,E09000011,Greenwich,E02000317,U
E01034174,E02006927,E09000011,Greenwich,E02006927,U
E01034175,E02006927,E09000011,Greenwich,E02006927,U
E01034176,E02006927,E09000011,Greenwich,E02006927,U
E01034177,E02006927,E09000011,Greenwich,E02006927,U
E01034178,E02006928,E09000011,Greenwich,E02006928,U
E01034179,E02006928,E09000011,Greenwich,E02006928,U
E01034180,E02006928,E09000011,Greenwich,E02006928,U
E01034181,E02006928,E09000011,Greenwich,E02006928,U
E01034182,E02006928,E09000011,Greenwich,E02006928,U
E01034183,E02006930,E09000011,Greenwich,E02006930,U
E01034184,E02006930,E09000011,Greenwich,E02006930,U
E01034185,E02006930,E09000011,Greenwich,E02006930,U
E01034186,E02006991,E09000011,Greenwich,E02000316,S
E01034187,E02006991,E09000011,Greenwich,E02000316,S
E01034188,E02006992,E09000011,Greenwich,E02006929,S
E01034189,E02006992,E09000011,Greenwich,E02006929,S
E01034190,E02006992,E09000011,Greenwich,E02006929,S
E01034191,E02006992,E09000011,Greenwich,E02006929,S
E01034192,E02006992,E09000011,Greenwich,E02006929,S
E01034193,E02006993,E09000011,Greenwich,E02006929,S
E01034194,E02006993,E09000011,Greenwich,E02006929,S
E01034195,E02006993,E09000011,Greenwich,E02006929,S
E01034196,E02006993,E09000011,Greenwich,E02006929,S
E01034198,E02006994,E09000011,Greenwich,E02000316,S
E01034199,E02000725,E09000025,Newham,E02000725,U
E01034200,E02000725,E09000025,Newham,E02000725,U
E01034201,E02000735,E09000025,Newham,E02000735,U
E01034202,E02000735,E09000025,Newham,E02000735,U
E01034203,E02000738,E09000025,Newham,E02000738,U
E01034204,E02000738,E09000025,Newham,E02000738,U
E01034205,E02000746,E09000025,Newham,E02000746,U
E01034206,E02000746,E09000025,Newham,E02000746,U
E01034207,E02000746,E09000025,Newham,E02000746,U
E01034208,E02000747,E09000025,Newham,E02000747,U
E01034209,E02000747,E09000025,Newham,E02000747,U
E01034210,E02000747,E09000025,Newham,E02000747,U
E01034211,E02000747,E09000025,Newham,E02000747,U
E01034212,E02000747,E09000025,Newham,E02000747,U
E01034213,E02006995,E09000025,Newham,E02000726,S
E01034214,E02006995,E09000025,Newham,E02000726,S
E01034215,E02006995,E09000025,Newham,E02000726,S
E01034216,E02006995,E09000025,Newham,E02000726,S
E01034217,E02006995,E09000025,Newham,E02000726,S
E01034218,E02006996,E09000025,Newham,E02000726,S
E01034219,E02006996,E09000025,Newham,E02000726,S
E01034220,E02006996,E09000025,Newham,E02000726,S
E01034221,E02006996,E09000025,Newham,E02000726,S
E01034222,E02006997,E09000025,Newham,E02000726,S
E01034223,E02006997,E09000025,Newham,E02000726,S
E01034224,E02006998,E09000025,Newham,E02000750,S
E01034225,E02006999,E09000025,Newham,E02000750,S
E01034226,E02006999,E09000025,Newham,E02000750,S
E01034227,E02006999,E09000025,Newham,E02000750,S
E01034228,E02006999,E09000025,Newham,E02000750,S
E01034229,E02006999,E09000025,Newham,E02000750,S
E01034230,E02006999,E09000025,Newham,E02000750,S
E01034231,E02006999,E09000025,Newham,E02000750,S
E01034383,E02000131,E09000006,Bromley,E02000131,U
E01034384,E02000131,E09000006,Bromley,E02000131,U
E01034385,E02000144,E09000006,Bromley,E02000144,U
E01034386,E02000144,E09000006,Bromley,E02000144,U
E01034387,E02000653,E09000023,Lewisham,E02000653,U
E01034388,E02000653,E09000023,Lewisham,E02000653,U
E01034389,E02000653,E09000023,Lewisham,E02000653,U
E01034390,E02000672,E09000023,Lewisham,E02000672,U
E01034391,E02000672,E09000023,Lewisham,E02000672,U
E01034392,E02007008,E09000023,Lewisham,E02000664,S
E01034393,E02007008,E09000023,Lewisham,E02000664,S
E01034394,E02007008,E09000023,Lewisham,E02000664,S
E01034395,E02007008,E09000023,Lewisham,E02000664,S
E01034469,E02000005,E09000002,Barking and Dagenham,E02000005,U
E01034470,E02000005,E09000002,Barking and Dagenham,E02000005,U
E01034471,E02000009,E09000002,Barking and Dagenham,E02000009,U
E01034472,E02000009,E09000002,Barking and Dagenham,E02000009,U
E01034473,E02000016,E09000002,Barking and Dagenham,E02000016,U
E01034474,E02000016,E09000002,Barking and Dagenham,E02000016,U
E01034475,E02000020,E09000002,Barking and Dagenham,E02000020,U
E01034476,E02000020,E09000002,Barking and Dagenham,E02000020,U
E01034477,E02000020,E09000002,Barking and Dagenham,E02000020,U
E01034478,E02000020,E09000002,Barking and Dagenham,E02000020,U
E01034479,E02000022,E09000002,Barking and Dagenham,E02000022,U
E01034480,E02000773,E09000026,Redbridge,E02000773,U
E01034481,E02000773,E09000026,Redbridge,E02000773,U
E01034482,E02000782,E09000026,Redbridge,E02000782,U
E01034483,E02000782,E09000026,Redbridge,E02000782,U
E01034484,E02000782,E09000026,Redbridge,E02000782,U
E01034485,E02000908,E09000031,Waltham Forest,E02000908,U
E01034486,E02000908,E09000031,Waltham Forest,E02000908,U
E01034487,E02000914,E09000031,Waltham Forest,E02000914,U
E01034488,E02000914,E09000031,Waltham Forest,E02000914,U
E01034576,E02000601,E09000021,Kingston upon Thames,E02000601,U
E01034577,E02000601,E09000021,Kingston upon Thames,E02000601,U
E01034578,E02000689,E09000024,Merton,E02000689,U
E01034579,E02000689,E09000024,Merton,E02000689,U
E01034580,E02000693,E09000024,Merton,E02000693,U
E01034581,E02000693,E09000024,Merton,E02000693,U
E01034589,E02000434,E09000015,Harrow,E02000434,U
E01034590,E02000434,E09000015,Harrow,E02000434,U
E01034591,E02000445,E09000015,Harrow,E02000445,U
E01034592,E02000445,E09000015,Harrow,E02000445,U
E01034593,E02000447,E09000015,Harrow,E02000447,U
E01034594,E02000447,E09000015,Harrow,E02000447,U
E01034595,E02000455,E09000015,Harrow,E02000455,U
E01034596,E02000455,E09000015,Harrow,E02000455,U
E01034597,E02000455,E09000015,Harrow,E02000455,U
E01034598,E02000455,E09000015,Harrow,E02000455,U
E01034599,E02000459,E09000015,Harrow,E02000459,U
E01034600,E02000459,E09000015,Harrow,E02000459,U
E01034601,E02000508,E09000017,Hillingdon,E02000508,U
E01034602,E02000508,E09000017,Hillingdon,E02000508,U
E01034603,E02000508,E09000017,Hillingdon,E02000508,U
E01034604,E02000508,E09000017,Hillingdon,E02000508,U
E01034605,E02000508,E09000017,Hillingdon,E02000508,U
E01034606,E02000509,E09000017,Hillingdon,E02000509,U
E01034607,E02000509,E09000017,Hillingdon,E02000509,U
E01034608,E02000515,E09000017,Hillingdon,E02000515,U
E01034609,E02000515,E09000017,Hillingdon,E02000515,U
E01034610,E02000520,E09000017,Hillingdon,E02000520,U
E01034611,E02000520,E09000017,Hillingdon,E02000520,U
E01034612,E02000520,E09000017,Hillingdon,E02000520,U
E01034613,E02000520,E09000017,Hillingdon,E02000520,U
E01034614,E02000521,E09000017,Hillingdon,E02000521,U
E01034615,E02000521,E09000017,Hillingdon,E02000521,U
E01034616,E02000523,E09000017,Hillingdon,E02000523,U
E01034617,E02000523,E09000017,Hillingdon,E02000523,U
E01035484,E02000372,E09000013,Hammersmith and Fulham,E02000372,U
E01035485,E02000372,E09000013,Hammersmith and Fulham,E02000372,U
E01035486,E02000394,E09000013,Hammersmith and Fulham,E02000394,U
E01035487,E02000394,E09000013,Hammersmith and Fulham,E02000394,U
E01035488,E02000926,E09000032,Wandsworth,E02000926,U
E01035489,E02000926,E09000032,Wandsworth,E02000926,U
E01035490,E02000932,E09000032,Wandsworth,E02000932,U
E01035491,E02000932,E09000032,Wandsworth,E02000932,U
E01035492,E02000932,E09000032,Wandsworth,E02000932,U
E01035493,E02000932,E09000032,Wandsworth,E02000932,U
E01035494,E02000940,E09000032,Wandsworth,E02000940,U
E01035495,E02000940,E09000032,Wandsworth,E02000940,U
E01035496,E02007083,E09000032,Wandsworth,E02000924,S
E01035497,E02007083,E09000032,Wandsworth,E02000924,S
E01035498,E02007083,E09000032,Wandsworth,E02000924,S
E01035499,E02007084,E09000032,Wandsworth,E02000924,S
E01035638,E02000346,E09000012,Hackney,E02000346,U
E01035639,E02000346,E09000012,Hackney,E02000346,U
E01035640,E02000364,E09000012,Hackney,E02000364,U
E01035641,E02000364,E09000012,Hackney,E02000364,U
E01035642,E02000369,E09000012,Hackney,E02000369,U
E01035643,E02000369,E09000012,Hackney,E02000369,U
E01035644,E02000369,E09000012,Hackney,E02000369,U
E01035645,E02000369,E09000012,Hackney,E02000369,U
E01035646,E02000370,E09000012,Hackney,E02000370,U
E01035647,E02000370,E09000012,Hackney,E02000370,U
E01035648,E02000370,E09000012,Hackney,E02000370,U
E01035649,E02000370,E09000012,Hackney,E02000370,U
E01035650,E02007109,E09000012,Hackney,E02000365,S
E01035651,E02000560,E09000019,Islington,E02000560,U
E01035652,E02000560,E09000019,Islington,E02000560,U
E01035653,E02000564,E09000019,Islington,E02000564,U
E01035654,E02000564,E09000019,Islington,E02000564,U
E01035655,E02000573,E09000019,Islington,E02000573,U
E01035656,E02000573,E09000019,Islington,E02000573,U
E01035657,E02000864,E09000030,Tower Hamlets,E02000864,U
E01035658,E02000864,E09000030,Tower Hamlets,E02000864,U
E01035659,E02000864,E09000030,Tower Hamlets,E02000864,U
E01035660,E02000865,E09000030,Tower Hamlets,E02000865,U
E01035661,E02000865,E09000030,Tower Hamlets,E02000865,U
E01035662,E02000867,E09000030,Tower Hamlets,E02000867,U
E01035663,E02000867,E09000030,Tower Hamlets,E02000867,U
E01035664,E02000869,E09000030,Tower Hamlets,E02000869,U
E01035665,E02000871,E09000030,Tower Hamlets,E02000871,U
E01035666,E02000871,E09000030,Tower Hamlets,E02000871,U
E01035667,E02000871,E09000030,Tower Hamlets,E02000871,U
E01035668,E02000872,E09000030,Tower Hamlets,E02000872,U
E01035669,E02000872,E09000030,Tower Hamlets,E02000872,U
E01035670,E02000873,E09000030,Tower Hamlets,E02000873,U
E01035671,E02000875,E09000030,Tower Hamlets,E02000875,U
E01035672,E02000875,E09000030,Tower Hamlets,E02000875,U
E01035673,E02000875,E09000030,Tower Hamlets,E02000875,U
E01035674,E02000877,E09000030,Tower Hamlets,E02000877,U
E01035675,E02000877,E09000030,Tower Hamlets,E02000877,U
E01035676,E02000877,E09000030,Tower Hamlets,E02000877,U
E01035677,E02000877,E09000030,Tower Hamlets,E02000877,U
E01035678,E02000881,E09000030,Tower Hamlets,E02000881,U
E01035679,E02000881,E09000030,Tower Hamlets,E02000881,U
E01035680,E02000882,E09000030,Tower Hamlets,E02000882,U
E01035681,E02000882,E09000030,Tower Hamlets,E02000882,U
E01035682,E02000882,E09000030,Tower Hamlets,E02000882,U
E01035683,E02000882,E09000030,Tower Hamlets,E02000882,U
E01035684,E02000883,E09000030,Tower Hamlets,E02000883,U
E01035685,E02000883,E09000030,Tower Hamlets,E02000883,U
E01035686,E02000884,E09000030,Tower Hamlets,E02000884,U
E01035687,E02000884,E09000030,Tower Hamlets,E02000884,U
E01035688,E02000884,E09000030,Tower Hamlets,E02000884,U
E01035689,E02000884,E09000030,Tower Hamlets,E02000884,U
E01035690,E02000886,E09000030,Tower Hamlets,E02000886,U
E01035691,E02000886,E09000030,Tower Hamlets,E02000886,U
E01035692,E02000887,E09000030,Tower Hamlets,E02000887,U
E01035693,E02000887,E09000030,Tower Hamlets,E02000887,U
E01035694,E02000887,E09000030,Tower Hamlets,E02000887,U
E01035695,E02000887,E09000030,Tower Hamlets,E02000887,U
E01035696,E02000889,E09000030,Tower Hamlets,E02000889,U
E01035697,E02000889,E09000030,Tower Hamlets,E02000889,U
E01035698,E02006853,E09000030,Tower Hamlets,E02006853,U
E01035699,E02006853,E09000030,Tower Hamlets,E02006853,U
E01035700,E02007112,E09000030,Tower Hamlets,E02000891,S
E01035701,E02007112,E09000030,Tower Hamlets,E02000891,S
E01035702,E02007112,E09000030,Tower Hamlets,E02000891,S
E01035703,E02007114,E09000030,Tower Hamlets,E02000891,S
E01035704,E02007114,E09000030,Tower Hamlets,E02000891,S
E01035705,E02007114,E09000030,Tower Hamlets,E02000891,S
E01035706,E02007114,E09000030,Tower Hamlets,E02000891,S
E01035707,E02000180,E09000007,Camden,E02000180,U
E01035708,E02000187,E09000007,Camden,E02000187,U
E01035709,E02000187,E09000007,Camden,E02000187,U
E01035710,E02000188,E09000007,Camden,E02000188,U
E01035711,E02000191,E09000007,Camden,E02000191,U
E01035712,E02007115,E09000007,Camden,E02000189,M
E01035713,E02000592,E09000020,Kensington and Chelsea,E02000592,U
E01035714,E02000596,E09000020,Kensington and Chelsea,E02000596,U
E01035715,E02000966,E09000033,Westminster,E02000966,U
E01035716,E02000972,E09000033,Westminster,E02000972,U
E01035717,E02000973,E09000033,Westminster,E02000973,U
E01035718,E02000978,E09000033,Westminster,E02000978,U
E01035719,E02000980,E09000033,Westminster,E02000980,U
E01035720,E02000980,E09000033,Westminster,E02000980,U
E01035721,E02000982,E09000033,Westminster,E02000982,U
E01035722,E02000983,E09000033,Westminster,E02000983,U
