{
"type": "FeatureCollection",
"name": "rail_catchments_800m_allmodes",
"crs": { "type": "name", "properties": { "name": "urn:ogc:def:crs:OGC:1.3:CRS84" } },
"features": [
{ "type": "Feature", "properties": { "NLC": 500, "total_activity": 20020.017376020103, "log_total_activity": 9.9045378695610449, "direction_balance": -0.40423665112432589, "post_2300_share": 0.1748834720400288, "midnight_share_common_window": 0.047842867079563402, "night_tube_extension_share": 0.085603065447858701, "post_0100_share": 0.0439520951913644, "common_window_persistence": 0.075467145963734703, "weekend_common_ratio": 0.86066639130805023, "volume_band": "high", "cluster": 4, "Station": "Acton Town", "mode_label": "LU", "tot_entry": 5963.5962982434603, "tot_exit": 14056.421077776648, "easting": 519477.6064, "northing": 179592.1471, "lon": -0.2800217640856027, "lat": 51.502645550838338, "coord_source": "underground_stations_csv", "catchment_area_m2": 1231702.4429543123, "station_in_lnwc_extent": true }, "geometry": { "type": "Polygon", "coordinates": [ [ [ -0.284679842398538, 51.496067477039887 ], [ -0.285690392383741, 51.496384096337096 ], [ -0.286646372953325, 51.496761010150372 ], [ -0.287538579622952, 51.497194590045844 ], [ -0.288358421136848, 51.497680661961084 ], [ -0.289098002160813, 51.498214546343895 ], [ -0.289750199311295, 51.49879110315824 ], [ -0.290308729788637, 51.499404781325318 ], [ -0.290768211952326, 51.500049672127005 ], [ -0.291124217252242, 51.500719566058336 ], [ -0.291373313011849, 51.501408012584527 ], [ -0.291513095646148, 51.502108382228052 ], [ -0.291536511662513, 51.502675762162774 ], [ -0.276627168736515, 51.509512757285279 ], [ -0.276417976440946, 51.509476773111807 ], [ -0.275362325676476, 51.509223419980515 ], [ -0.274566224753011, 51.508973971880614 ], [ -0.271293598916995, 51.505445784554226 ], [ -0.278805312466722, 51.496979620085078 ], [ -0.28440585208751, 51.4960017249035 ], [ -0.284679842398538, 51.496067477039887 ] ] ] } },
{ "type": "Feature", "properties": { "NLC": 501, "total_activity": 17385.19949178, "log_total_activity": 9.7634320378501833, "direction_balance": 0.27140457700533982, "post_2300_share": 0.081099914913639104, "midnight_share_common_window": 0.019624107236268801, "night_tube_extension_share": 0.0030242846023452999, "post_0100_share": 0.0015360510867088999, "common_window_persistence": 0.028972524631285301, "weekend_common_ratio": 0.57869059174054338, "volume_band": "medium", "cluster": 2, "Station": "Barbican", "mode_label": "LU", "tot_entry": 11051.811102999998, "tot_exit": 6333.3883887800021, "easting": 532004.2025, "northing": 181856.32970000099, "lon": -0.098799962912152706, "lat": 51.520208600153815, "coord_source": "underground_stations_csv", "catchment_area_m2": 506176.47789219272, "station_in_lnwc_extent": true }, "geometry": { "type": "Polygon", "coordinates": [ [ [ -0.094745818064137, 51.517904796827366 ], [ -0.102327765172539, 51.517184767014967 ], [ -0.101408849642815, 51.52592050472451 ], [ -0.097736802104694, 51.526671185792942 ], [ -0.092635560063657, 51.522127448928572 ], [ -0.094745818064137, 51.517904796827366 ] ] ] } },
{ "type": "Feature", "properties": { "NLC": 502, "total_activity": 25375.977887714907, "log_total_activity": 10.14159765962032, "direction_balance": -0.034799851854443599, "post_2300_share": 0.1050819505156647, "midnight_share_common_window": 0.025212525354098798, "night_tube_extension_share": 0.0011259831342128001, "post_0100_share": 0.0006462421717327, "common_window_persistence": 0.037964377120645598, "weekend_common_ratio": 0.71862656185274898, "volume_band": "high", "cluster": 2, "Station": "Aldgate", "mode_label": "LU", "tot_entry": 12246.448808280393, "tot_exit": 13129.529079434513, "easting": 533613.1509, "northing": 181262.29549999899, "lon": -0.075848966888027503, "lat": 51.514492441579861, "coord_source": "underground_stations_csv", "catchment_area_m2": 290636.5934304191, "station_in_lnwc_extent": true }, "geometry": { "type": "Polygon", "coordinates": [ [ [ -0.07556043743776, 51.51898702455339 ], [ -0.072474731693049, 51.512951556359972 ], [ -0.076196894752005, 51.512219316610782 ], [ -0.08208510165364, 51.512560627285986 ], [ -0.082224063521878, 51.513222781689507 ], [ -0.076457258855607, 51.519003329880725 ], [ -0.07556043743776, 51.51898702455339 ] ] ] } },
{ "type": "Feature", "properties": { "NLC": 503, "total_activity": 51676.273256400003, "log_total_activity": 10.852773374997954, "direction_balance": -0.0244787692085233, "post_2300_share": 0.12582882507292059, "midnight_share_common_window": 0.035746022848114803, "night_tube_extension_share": 0.0055808327194923997, "post_0100_share": 0.0033319312816094998, "common_window_persistence": 0.056711513972464198, "weekend_common_ratio": 0.97158722668034958, "volume_band": "high", "cluster": 2, "Station": "Aldgate East", "mode_label": "LU", "tot_entry": 25205.650844899988, "tot_exit": 26470.6224115, "easting": 533936.1921, "northing": 181374.788000001, "lon": -0.071153641668070006, "lat": 51.515426916212078, "coord_source": "underground_stations_csv", "catchment_area_m2": 525377.62554964353, "station_in_lnwc_extent": true }, "geometry": { "type": "Polygon", "coordinates": [ [ [ -0.062926312306829, 51.514490753513542 ], [ -0.065049852480377, 51.511391210909032 ], [ -0.072474731693049, 51.512951556359972 ], [ -0.07556043743776, 51.51898702455339 ], [ -0.06889110237964, 51.520364256417359 ], [ -0.062926312306829, 51.514490753513542 ] ] ] } },
{ "type": "Feature", "properties": { "NLC": 504, "total_activity": 17004.300557321189, "log_total_activity": 9.7412803719291006, "direction_balance": -0.14066076164887861, "post_2300_share": 0.2667176403321278, "midnight_share_common_window": 0.1423957912181667, "night_tube_extension_share": 0.0074236059799021002, "post_0100_share": 0.0063382406714273002, "common_window_persistence": 0.2679403579262617, "weekend_common_ratio": 0.83383498162841163, "volume_band": "medium", "cluster": 3, "Station": "Stratford International DLR", "mode_label": "DLR", "tot_entry": 7306.2313448109699, "tot_exit": 9698.0692125102159, "easting": 538214.2, "northing": 184786.0, "lon": -0.008202, "lat": 51.54505, "coord_source": "naptan_rse_tmu", "catchment_area_m2": 1034454.611946668, "station_in_lnwc_extent": true }, "geometry": { "type": "Polygon", "coordinates": [ [ [ -0.0176151969125, 51.549206797684455 ], [ -0.01691649543984, 51.549762048674381 ], [ -0.016133847141204, 51.550271923390326 ], [ -0.015274789209232, 51.550731509869586 ], [ -0.014347595707852, 51.551136380480315 ], [ -0.013497964541893, 51.551434626380974 ], [ -0.0023454493838, 51.55041593660669 ], [ -0.001237150150799, 51.545520979672453 ], [ -0.012983067466704, 51.539932314746174 ], [ -0.015760602327086, 51.540411285755468 ], [ -0.017917213956085, 51.548911115448021 ], [ -0.0176151969125, 51.549206797684455 ] ] ] } },
{ "type": "Feature", "properties": { "NLC": 505, "total_activity": 9844.4078494334208, "log_total_activity": 9.1947604172779638, "direction_balance": -0.445756849584725, "post_2300_share": 0.1249462443180076, "midnight_share_common_window": 0.041873503358667602, "night_tube_extension_share": 0.0126601953871513, "post_0100_share": 0.0078973250371204007, "common_window_persistence": 0.061850117388495399, "weekend_common_ratio": 0.68306092900466087, "volume_band": "medium", "cluster": 0, "Station": "Alperton", "mode_label": "LU", "tot_entry": 2728.0978102214176, "tot_exit": 7116.3100392120014, "easting": 517996.164, "northing": 183795.16400000101, "lon": -0.29994934997251299, "lat": 51.540730963558445, "coord_source": "underground_stations_csv", "catchment_area_m2": 1805377.1462870107, "station_in_lnwc_extent": true }, "geometry": { "type": "Polygon", "coordinates": [ [ [ -0.288501236759094, 51.539859397676729 ], [ -0.288693440027648, 51.539163871935195 ], [ -0.288994032372755, 51.538483442622663 ], [ -0.289400114556618, 51.537824661791305 ], [ -0.289907772026317, 51.537193872761691 ], [ -0.289933650859668, 51.537168320492512 ], [ -0.302688420579209, 51.533750744759239 ], [ -0.303552211056103, 51.533899043605466 ], [ -0.3046085918957, 51.53415214859205 ], [ -0.305620121294493, 51.534468603133078 ], [ -0.306577060679186, 51.534845360899013 ], [ -0.307470196339587, 51.535278794960263 ], [ -0.308290928079449, 51.535764732660567 ], [ -0.30903135199534, 51.536298495742443 ], [ -0.309684336588081, 51.536874945340351 ], [ -0.31024359147409, 51.537488531410645 ], [ -0.310703728033669, 51.53813334612471 ], [ -0.311060311409586, 51.538803180712897 ], [ -0.311309903351178, 51.539491585214378 ], [ -0.311450095486274, 51.540191930558613 ], [ -0.311479532694322, 51.540897472382277 ], [ -0.311397926348811, 51.541601415967918 ], [ -0.311206057294027, 51.542296981679272 ], [ -0.310905768519957, 51.542977470263473 ], [ -0.310499947598335, 51.543636327390537 ], [ -0.309992499041918, 51.544267206807916 ], [ -0.309480670712414, 51.544772795150323 ], [ -0.306201071134162, 51.546771956866984 ], [ -0.306133187967151, 51.546801853750644 ], [ -0.30514904589098, 51.547150581974513 ], [ -0.30497619029639, 51.547198532703966 ], [ -0.29180452097701, 51.545814172456552 ], [ -0.29160595655986, 51.545696580443625 ], [ -0.290865589208861, 51.545162708666112 ], [ -0.290212728768433, 51.544586156193574 ], [ -0.289653660851056, 51.54397247702304 ], [ -0.289193766891327, 51.543327582561005 ], [ -0.288837472423502, 51.542657684641739 ], [ -0.288588204595667, 51.541969235659828 ], [ -0.288448359324486, 51.541268866395193 ], [ -0.288419278400725, 51.54056332213041 ], [ -0.288501236759094, 51.539859397676729 ] ] ] } },
{ "type": "Feature", "properties": { "NLC": 506, "total_activity": 6726.8008428205103, "log_total_activity": 8.8140035999691939, "direction_balance": -0.68040646523145709, "post_2300_share": 0.14739004733560609, "midnight_share_common_window": 0.061164991346823197, "night_tube_extension_share": 0.019646867797510702, "post_0100_share": 0.0127133931618293, "common_window_persistence": 0.0908015876210264, "weekend_common_ratio": 0.63273921649746401, "volume_band": "low", "cluster": 0, "Station": "Amersham", "mode_label": "LU", "tot_entry": 1074.9210295205105, "tot_exit": 5651.8798133, "easting": 496371.5781, "northing": 198181.3279, "lon": -0.60770521342283412, "lat": 51.674145407023566, "coord_source": "underground_stations_csv", "catchment_area_m2": 2007391.0339493849, "station_in_lnwc_extent": false }, "geometry": { "type": "Polygon", "coordinates": [ [ [ -0.596217089631158, 51.673303600621871 ], [ -0.5964052003601, 51.672607557036159 ], [ -0.596702125077979, 51.671926328336447 ], [ -0.597104999804765, 51.671266474288373 ], [ -0.597609940809327, 51.670634348559254 ], [ -0.598212082158853, 51.670036037570654 ], [ -0.598905622698477, 51.669477301932552 ], [ -0.599683882004149, 51.668963521021432 ], [ -0.600539364766667, 51.668499641233396 ], [ -0.601463832984981, 51.668090128409105 ], [ -0.602448385273145, 51.667738924885811 ], [ -0.603483542518307, 51.667449411587725 ], [ -0.604559339067377, 51.667224375518259 ], [ -0.605665418568136, 51.667065982964303 ], [ -0.606791133546908, 51.666975758669622 ], [ -0.60792564776994, 51.666954571176205 ], [ -0.60905804040959, 51.667002624473795 ], [ -0.610177411019534, 51.667119456037625 ], [ -0.611272984315629, 51.667303941272863 ], [ -0.612334213760885, 51.667554304323893 ], [ -0.613350882964134, 51.667868135144438 ], [ -0.614313203922385, 51.668242412665911 ], [ -0.61521191116642, 51.668673533842366 ], [ -0.616038350907469, 51.669157348293972 ], [ -0.616784564329716, 51.669689198217867 ], [ -0.617443364228316, 51.670263963184041 ], [ -0.618008404255267, 51.670876109387422 ], [ -0.618474240105137, 51.671519742883909 ], [ -0.618836382048823, 51.672188666300045 ], [ -0.619091338305522, 51.672876438472265 ], [ -0.619236648830084, 51.67357643644285 ], [ -0.619270909184246, 51.67428191921708 ], [ -0.619193784254945, 51.674986092668398 ], [ -0.619006011680198, 51.675682174967491 ], [ -0.618709394941929, 51.676363461904529 ], [ -0.618306786184685, 51.677023391475899 ], [ -0.617802058918538, 51.677655607111916 ], [ -0.61720007086245, 51.678254018935988 ], [ -0.616506617280308, 51.678812862463019 ], [ -0.615728375254432, 51.679326754170503 ], [ -0.614872839429968, 51.679790743404446 ], [ -0.613948249847107, 51.680200360118207 ], [ -0.612963512555765, 51.680551657982214 ], [ -0.611928113778362, 51.68084125244669 ], [ -0.610852028449936, 51.681066353389127 ], [ -0.609745624020335, 51.681224792029589 ], [ -0.60861956045007, 51.681315041853189 ], [ -0.607484687369069, 51.681336233336907 ], [ -0.606351939395688, 51.681288162337651 ], [ -0.605232230631528, 51.681171292060476 ], [ -0.604136349355811, 51.68098674858787 ], [ -0.603074853941008, 51.680736310013543 ], [ -0.602057970999353, 51.680422389286086 ], [ -0.60109549674768, 51.680048010929156 ], [ -0.600196702546188, 51.679616781863757 ], [ -0.599370245525371, 51.679132856615787 ], [ -0.598624085165096, 51.678600897246 ], [ -0.597965406631064, 51.67802602839032 ], [ -0.597400551607303, 51.677413787846262 ], [ -0.596934957289677, 51.676770073183377 ], [ -0.59657310412534, 51.676101084894263 ], [ -0.596318472797466, 51.675413266635573 ], [ -0.596173510864373, 51.674713243136033 ], [ -0.596139609368152, 51.674007756371545 ], [ -0.596217089631158, 51.673303600621871 ] ] ] } },
{ "type": "Feature", "properties": { "NLC": 507, "total_activity": 57649.752629100003, "log_total_activity": 10.962158580756826, "direction_balance": 0.1010869824159205, "post_2300_share": 0.1256461478282857, "midnight_share_common_window": 0.033333441216070098, "night_tube_extension_share": 0.0016221041040502999, "post_0100_share": 0.0010401452267417, "common_window_persistence": 0.054139550001357901, "weekend_common_ratio": 0.9995170764451784, "volume_band": "high", "cluster": 1, "Station": "Angel", "mode_label": "LU", "tot_entry": 31738.696079699999, "tot_exit": 25911.0565494, "easting": 531560.5615, "northing": 183099.9257, "lon": -0.10472643840232029, "lat": 51.531487587496471, "coord_source": "underground_stations_csv", "catchment_area_m2": 1744083.0416587647, "station_in_lnwc_extent": true }, "geometry": { "type": "Polygon", "coordinates": [ [ [ -0.113087175486102, 51.526535437561883 ], [ -0.11382513582009, 51.527070408233286 ], [ -0.114008659386764, 51.527233376218661 ], [ -0.115493691927711, 51.534037123489348 ], [ -0.115262008449345, 51.534410363480646 ], [ -0.114751988385933, 51.535040372045351 ], [ -0.114145394091835, 51.535636166522281 ], [ -0.113570868563916, 51.536094122386196 ], [ -0.106772020563265, 51.538562513166774 ], [ -0.106682593789412, 51.538574958239764 ], [ -0.105559200886055, 51.538660411838869 ], [ -0.104427784677055, 51.538676776410924 ], [ -0.10329924645072, 51.538623894334854 ], [ -0.102184459710215, 51.538502275183255 ], [ -0.101094165261074, 51.53831309080384 ], [ -0.100038867586801, 51.53805816401124 ], [ -0.099028733517619, 51.537739950998983 ], [ -0.098073494174676, 51.537361517642402 ], [ -0.097182351139571, 51.536926509922239 ], [ -0.096363887757238, 51.536439118755467 ], [ -0.095625986429489, 51.53590403957498 ], [ -0.094975752697423, 51.535326427048645 ], [ -0.09441944684404, 51.53471184537711 ], [ -0.093962423674491, 51.53406621465075 ], [ -0.093609081051213, 51.533395753784589 ], [ -0.093362817675515, 51.532706920583252 ], [ -0.093226000517035, 51.532006349514013 ], [ -0.09320285038584, 51.531379531315636 ], [ -0.097736802104694, 51.526671185792942 ], [ -0.101408849642815, 51.52592050472451 ], [ -0.112356344999159, 51.526100324989045 ], [ -0.113087175486102, 51.526535437561883 ] ] ] } },
{ "type": "Feature", "properties": { "NLC": 508, "total_activity": 29411.107245280709, "log_total_activity": 10.28916167961984, "direction_balance": -0.32282780452511273, "post_2300_share": 0.14718672707252611, "midnight_share_common_window": 0.038516840168211101, "night_tube_extension_share": 0.0535156528883775, "post_0100_share": 0.025537633074955199, "common_window_persistence": 0.059434689137175201, "weekend_common_ratio": 0.7869622795228649, "volume_band": "high", "cluster": 4, "Station": "Archway", "mode_label": "LU", "tot_entry": 9958.1920323170598, "tot_exit": 19452.91521296366, "easting": 529363.5176, "northing": 186721.2423, "lon": -0.13505202452388371, "lat": 51.564538192507868, "coord_source": "underground_stations_csv", "catchment_area_m2": 1065454.843219534, "station_in_lnwc_extent": true }, "geometry": { "type": "Polygon", "coordinates": [ [ [ -0.146175376662602, 51.562626165901143 ], [ -0.1464225908584, 51.563314894376518 ], [ -0.146560308682325, 51.564015408857443 ], [ -0.146587198828843, 51.564720963340704 ], [ -0.146502997192811, 51.565424762975255 ], [ -0.146308509610405, 51.56612002949938 ], [ -0.146005604293409, 51.566800066530099 ], [ -0.145597194022227, 51.567458324075467 ], [ -0.145087208261996, 51.568088461647662 ], [ -0.144480555463882, 51.568684409368018 ], [ -0.143783075909072, 51.569240426473534 ], [ -0.143001485545152, 51.56975115665967 ], [ -0.142143311352639, 51.570211679724366 ], [ -0.141216818862358, 51.570617559013385 ], [ -0.140230932521501, 51.570964884207932 ], [ -0.139195149676478, 51.57125030904006 ], [ -0.138119449003677, 51.571471083570465 ], [ -0.137014194273984, 51.571625080715755 ], [ -0.135890034383084, 51.571710816768352 ], [ -0.13475780061649, 51.571727465709522 ], [ -0.133628402145643, 51.5716748671773 ], [ -0.132512720768905, 51.571553528011755 ], [ -0.131421505918789, 51.571364617362804 ], [ -0.130365270954049, 51.571109955408026 ], [ -0.130119248067936, 51.571032588447473 ], [ -0.133543019103218, 51.560136866146031 ], [ -0.145993815920007, 51.562282692805951 ], [ -0.146175376662602, 51.562626165901143 ] ] ] } },
{ "type": "Feature", "properties": { "NLC": 509, "total_activity": 12838.801213037006, "log_total_activity": 9.4603050952734087, "direction_balance": -0.51361779445309952, "post_2300_share": 0.1645031480994017, "midnight_share_common_window": 0.047323420823508197, "night_tube_extension_share": 0.070629740764561494, "post_0100_share": 0.035715806930618599, "common_window_persistence": 0.072818919740953197, "weekend_common_ratio": 0.80765439219129065, "volume_band": "medium", "cluster": 4, "Station": "Arnos Grove", "mode_label": "LU", "tot_entry": 3122.2822252875799, "tot_exit": 9716.5189877494195, "easting": 529355.1742, "northing": 192497.91479999901, "lon": -0.13304517429093191, "lat": 51.61645247794506, "coord_source": "underground_stations_csv", "catchment_area_m2": 1866175.6874052533, "station_in_lnwc_extent": true }, "geometry": { "type": "Polygon", "coordinates": [ [ [ -0.121581682337602, 51.615564474238944 ], [ -0.121776777490405, 51.61486926024525 ], [ -0.122080381783141, 51.614189297969872 ], [ -0.12212460442583, 51.614118168088439 ], [ -0.13525265745809, 51.609400869648653 ], [ -0.135587080162526, 51.609437206314567 ], [ -0.136679222147127, 51.609626086349046 ], [ -0.137736382304201, 51.609880699149926 ], [ -0.13874838335982, 51.610198593766228 ], [ -0.139705482186571, 51.610576710010228 ], [ -0.140598463520092, 51.611011407878316 ], [ -0.141418728625589, 51.611498502550077 ], [ -0.142158378063583, 51.612033304630522 ], [ -0.142810287759523, 51.61261066525045 ], [ -0.143368177644911, 51.613225025592584 ], [ -0.143826672207682, 51.613870470369115 ], [ -0.144181352365994, 51.614540784737756 ], [ -0.144428798161884, 51.615229514110112 ], [ -0.1445666218584, 51.615930026278036 ], [ -0.144593491115296, 51.616635575261142 ], [ -0.144509142013168, 51.617339366261319 ], [ -0.144314381793198, 51.618034621099511 ], [ -0.144011081278487, 51.618714643504084 ], [ -0.143602157042474, 51.619372883622304 ], [ -0.14309154348901, 51.620003001132091 ], [ -0.14248415510653, 51.620598926345544 ], [ -0.141785839254225, 51.621154918713636 ], [ -0.141003319930499, 51.621665622167164 ], [ -0.140144133062079, 51.622126116758544 ], [ -0.139216553935256, 51.622531966104823 ], [ -0.138229517467876, 51.622879260172851 ], [ -0.137192532091132, 51.62316465299196 ], [ -0.13611558807325, 51.623385394929038 ], [ -0.135009061171957, 51.623539359212934 ], [ -0.133883612548849, 51.623625062451481 ], [ -0.132750085915757, 51.623641678941254 ], [ -0.131619402910575, 51.623589048632923 ], [ -0.130502457717622, 51.623467678673087 ], [ -0.129410011954983, 51.623278738509406 ], [ -0.128352590848709, 51.623024048605352 ], [ -0.12734038170086, 51.622706062874883 ], [ -0.126383135635714, 51.622327845007256 ], [ -0.125490073575922, 51.621893038911359 ], [ -0.124669797358543, 51.621405833566818 ], [ -0.123930206850074, 51.620870922621656 ], [ -0.123278423860441, 51.620293459128689 ], [ -0.122720723588886, 51.619679005858586 ], [ -0.122262474260719, 51.619033481670286 ], [ -0.121908085533557, 51.618363104457821 ], [ -0.121660966165823, 51.617674331224663 ], [ -0.121523491350023, 51.616973795864496 ], [ -0.121496980019113, 51.616268245248996 ], [ -0.121581682337602, 51.615564474238944 ] ] ] } },
{ "type": "Feature", "properties": { "NLC": 510, "total_activity": 9476.0375814912604, "log_total_activity": 9.1566270550095794, "direction_balance": -0.41142430592017321, "post_2300_share": 0.1591433835651731, "midnight_share_common_window": 0.041675379155440902, "night_tube_extension_share": 0.058953269830480402, "post_0100_share": 0.028115567543519501, "common_window_persistence": 0.065804706562440196, "weekend_common_ratio": 0.77952475133017252, "volume_band": "medium", "cluster": 4, "Station": "Arsenal", "mode_label": "LU", "tot_entry": 2788.6826983263691, "tot_exit": 6687.3548831648895, "easting": 531305.0253, "northing": 186112.09689999899, "lon": -0.1072853032769284, "lat": 51.558615856035573, "coord_source": "underground_stations_csv", "catchment_area_m2": 1076994.4512768188, "station_in_lnwc_extent": true }, "geometry": { "type": "Polygon", "coordinates": [ [ [ -0.095836902312982, 51.557725482017851 ], [ -0.096032118415565, 51.557030305795209 ], [ -0.096335697175633, 51.556350403740851 ], [ -0.096744710608743, 51.555692322817016 ], [ -0.097214649257114, 51.555112456420829 ], [ -0.099448855677252, 51.553766982385227 ], [ -0.104015734227681, 51.553204364735507 ], [ -0.118787684140835, 51.559060114190714 ], [ -0.118734180076897, 51.559505117139203 ], [ -0.118539297673064, 51.560200334247838 ], [ -0.118236021501782, 51.560880296421317 ], [ -0.11782726791918, 51.561538454387062 ], [ -0.117448288329204, 51.562006344541153 ], [ -0.096506410716427, 51.56117839221838 ], [ -0.096161400665323, 51.560524189647623 ], [ -0.095914962842267, 51.559835362937271 ], [ -0.095778035966382, 51.559134796689598 ], [ -0.095751933709313, 51.558429238071156 ], [ -0.095836902312982, 51.557725482017851 ] ] ] } },
{ "type": "Feature", "properties": { "NLC": 511, "total_activity": 75030.761026723849, "log_total_activity": 11.225666783232269, "direction_balance": 0.3622115629022567, "post_2300_share": 0.1172525856390728, "midnight_share_common_window": 0.0309190431703475, "night_tube_extension_share": 0.028507631150523099, "post_0100_share": 0.0136539997478299, "common_window_persistence": 0.045736296897985002, "weekend_common_ratio": 0.73510393357578541, "volume_band": "high", "cluster": 2, "Station": "Baker Street", "mode_label": "LU", "tot_entry": 51103.885121979591, "tot_exit": 23926.875904744251, "easting": 527954.6729, "northing": 182063.56750000099, "lon": -0.15705815977299459, "lat": 51.523002003710801, "coord_source": "underground_stations_csv", "catchment_area_m2": 826930.16493700666, "station_in_lnwc_extent": true }, "geometry": { "type": "Polygon", "coordinates": [ [ [ -0.162235627104242, 51.529427751277687 ], [ -0.16120092689336, 51.529713383006289 ], [ -0.160126312328725, 51.529934371551391 ], [ -0.159022136709038, 51.530088587768759 ], [ -0.15789903852468, 51.530174545840545 ], [ -0.15676783882343, 51.530191417608933 ], [ -0.155639436805665, 51.530139040564528 ], [ -0.15452470466186, 51.530017919412494 ], [ -0.153434382672784, 51.529829221200856 ], [ -0.152378975590119, 51.529574764058779 ], [ -0.152105308686479, 51.529488692389414 ], [ -0.151434169766946, 51.519335243478778 ], [ -0.154636571912236, 51.518268824414697 ], [ -0.159366541834266, 51.518327739282086 ], [ -0.162668845540681, 51.529274878603843 ], [ -0.162235627104242, 51.529427751277687 ] ] ] } },
{ "type": "Feature", "properties": { "NLC": 512, "total_activity": 45341.091658179917, "log_total_activity": 10.721991055731888, "direction_balance": -0.2734990845390407, "post_2300_share": 0.1570646322691073, "midnight_share_common_window": 0.042264308074841397, "night_tube_extension_share": 0.067571570199115694, "post_0100_share": 0.0342980506863984, "common_window_persistence": 0.063930744737675099, "weekend_common_ratio": 0.83304488181615111, "volume_band": "high", "cluster": 4, "Station": "Balham LU", "mode_label": "LU", "tot_entry": 16470.17229883347, "tot_exit": 28870.919359346441, "easting": 528480.3274, "northing": 173244.480799999, "lon": -0.1526912294756308, "lat": 51.443627372908779, "coord_source": "underground_stations_csv", "catchment_area_m2": 1550139.7748050364, "station_in_lnwc_extent": true }, "geometry": { "type": "Polygon", "coordinates": [ [ [ -0.141270558740992, 51.442741694527982 ], [ -0.141464549697083, 51.442046417903406 ], [ -0.141766648166863, 51.441366371180592 ], [ -0.142173940446332, 51.440708102721132 ], [ -0.142682500368133, 51.440077950907202 ], [ -0.143287427255513, 51.43948198314186 ], [ -0.143982893232412, 51.438925937466713 ], [ -0.144762199429632, 51.438415167357448 ], [ -0.145617840542753, 51.437954590226163 ], [ -0.146541577118351, 51.437548640125122 ], [ -0.147524514872156, 51.437201225103884 ], [ -0.147900783420848, 51.437097188062729 ], [ -0.164037282168356, 51.442432880616195 ], [ -0.16416889220234, 51.443102545315952 ], [ -0.164196030770884, 51.443808111627106 ], [ -0.164112370093468, 51.444511942636915 ], [ -0.163918710831274, 51.44520725978375 ], [ -0.163616913251239, 51.445887366200601 ], [ -0.163209879494336, 51.446545711231899 ], [ -0.162701525793048, 51.447175953552836 ], [ -0.162096744899187, 51.447772022282265 ], [ -0.161401359078364, 51.448328175498517 ], [ -0.160622064119421, 51.448839055593226 ], [ -0.159766364894898, 51.44929974092755 ], [ -0.158842503091405, 51.449705793291123 ], [ -0.15785937780565, 51.45005330070439 ], [ -0.15758132559021, 51.450130186791242 ], [ -0.142320337066258, 51.446733020776009 ], [ -0.141950613419345, 51.446210674279612 ], [ -0.141597208721357, 51.445540348236186 ], [ -0.141350658499463, 51.444851603521705 ], [ -0.141213332513034, 51.444151073752238 ], [ -0.141186548312334, 51.443445505744577 ], [ -0.141270558740992, 51.442741694527982 ] ] ] } },
{ "type": "Feature", "properties": { "NLC": 513, "total_activity": 123963.74310258112, "log_total_activity": 11.727752474339892, "direction_balance": 0.47486580022953451, "post_2300_share": 0.1046785428325625, "midnight_share_common_window": 0.031696376767585903, "night_tube_extension_share": 0.019706374035510999, "post_0100_share": 0.0079869830706521001, "common_window_persistence": 0.044581063421212701, "weekend_common_ratio": 0.36887434725126989, "volume_band": "high", "cluster": 1, "Station": "Bank and Monument", "mode_label": "DLR,LU", "tot_entry": 91414.942585218363, "tot_exit": 32548.80051736275, "easting": 532710.1551, "northing": 181119.8978, "lon": -0.088908087271181005, "lat": 51.513425435909184, "coord_source": "underground_stations_csv", "catchment_area_m2": 270882.80513192236, "station_in_lnwc_extent": true }, "geometry": { "type": "Polygon", "coordinates": [ [ [ -0.082224063521878, 51.513222781689507 ], [ -0.08208510165364, 51.512560627285986 ], [ -0.083499435406082, 51.510601511735786 ], [ -0.0919059992341, 51.513122774416736 ], [ -0.093045685303452, 51.514556048242234 ], [ -0.092484776216077, 51.51578684783 ], [ -0.087070774320613, 51.515959084867013 ], [ -0.082224063521878, 51.513222781689507 ] ] ] } },
{ "type": "Feature", "properties": { "NLC": 514, "total_activity": 69390.794122224237, "log_total_activity": 11.147523899190189, "direction_balance": -0.45702464592282599, "post_2300_share": 0.1338571657874689, "midnight_share_common_window": 0.043465321527161198, "night_tube_extension_share": 0.017141956919164199, "post_0100_share": 0.0128497330856328, "common_window_persistence": 0.066813016009873299, "weekend_common_ratio": 0.79322897962929484, "volume_band": "high", "cluster": 4, "Station": "Barking", "mode_label": "LO,LU", "tot_entry": 18838.745504105504, "tot_exit": 50552.048618118766, "easting": 544358.8052, "northing": 184382.179, "lon": 0.080182080144554996, "lat": 51.539885097485445, "coord_source": "underground_stations_csv", "catchment_area_m2": 1986932.0038579528, "station_in_lnwc_extent": true }, "geometry": { "type": "Polygon", "coordinates": [ [ [ 0.090193005853336, 51.536315816314733 ], [ 0.089583764902142, 51.535721109741544 ], [ 0.088884005460964, 51.535166504287744 ], [ 0.088100467712045, 51.534657339549739 ], [ 0.087240697670001, 51.534198517473101 ], [ 0.086312974505148, 51.533794455205076 ], [ 0.085326230844659, 51.533449042615139 ], [ 0.084289966817758, 51.533165604889774 ], [ 0.08321415867002, 51.532946870560103 ], [ 0.082109162822807, 51.532794945267923 ], [ 0.080985616296552, 51.532711291521395 ], [ 0.07985433445071, 51.532696714634035 ], [ 0.078726207018252, 51.532751354981045 ], [ 0.07761209342858, 51.532874686648036 ], [ 0.076522718419387, 51.533065522484016 ], [ 0.075468568935361, 51.533322025511453 ], [ 0.074459793299557, 51.533641726583575 ], [ 0.073506103622122, 51.534021548120819 ], [ 0.072616682380737, 51.534457833698966 ], [ 0.071800094068116, 51.534946383206311 ], [ 0.071064202754348, 51.535482493233168 ], [ 0.070416096356382, 51.536061002307335 ], [ 0.06986201834375, 51.536676340541831 ], [ 0.069407307539561, 51.537322583219492 ], [ 0.06905634659921, 51.537993507800223 ], [ 0.068812519667021, 51.538682653804095 ], [ 0.068678179623856, 51.539383384994856 ], [ 0.068654625247259, 51.540088953267031 ], [ 0.068742088511061, 51.54079256362143 ], [ 0.068939732154114, 51.541487439604332 ], [ 0.069245657549169, 51.54216688858002 ], [ 0.069656922803592, 51.542824366207547 ], [ 0.07016957092465, 51.543453539499936 ], [ 0.070778667784577, 51.544048347857228 ], [ 0.071478349525273, 51.544603061484061 ], [ 0.072261878950485, 51.545112336626964 ], [ 0.073121710365475, 51.545571267097642 ], [ 0.074049562241397, 51.545975431583237 ], [ 0.075036497004787, 51.546320936286172 ], [ 0.076073007182445, 51.546604452480096 ], [ 0.077149107069358, 51.546823248618381 ], [ 0.078254429032795, 51.54697521668394 ], [ 0.079378323519855, 51.547058892524866 ], [ 0.080509961799144, 51.547073469978606 ], [ 0.08163844044015, 51.547018808648126 ], [ 0.082752886516725, 51.546895435254243 ], [ 0.083842562513888, 51.546704538551474 ], [ 0.084896969920152, 51.546447957856458 ], [ 0.085905950500655, 51.546128165300651 ], [ 0.086859784269341, 51.545748241979283 ], [ 0.087749283211183, 51.545311848228103 ], [ 0.088565879847484, 51.544823188315831 ], [ 0.089301709788281, 51.544286969894955 ], [ 0.089949687475159, 51.543708358603233 ], [ 0.090503574384877, 51.543092928255739 ], [ 0.090958039038307, 51.542446607109525 ], [ 0.091308708239491, 51.54177562072018 ], [ 0.09134051132119, 51.541685608523508 ], [ 0.090397910633791, 51.536567161410964 ], [ 0.090193005853336, 51.536315816314733 ] ] ] } },
{ "type": "Feature", "properties": { "NLC": 515, "total_activity": 4761.8924933707785, "log_total_activity": 8.4686104293453663, "direction_balance": -0.69853122621060926, "post_2300_share": 0.14832734239417711, "midnight_share_common_window": 0.051155307937218703, "night_tube_extension_share": 0.061881572654424802, "post_0100_share": 0.032057174611248802, "common_window_persistence": 0.074569530538227194, "weekend_common_ratio": 0.63363957675756066, "volume_band": "low", "cluster": 0, "Station": "Barkingside", "mode_label": "LU", "tot_entry": 717.78094544669614, "tot_exit": 4044.1115479240812, "easting": 544798.7557, "northing": 189493.9487, "lon": 0.088625204234367205, "lat": 51.585703775188449, "coord_source": "underground_stations_csv", "catchment_area_m2": 1622174.0786462568, "station_in_lnwc_extent": true }, "geometry": { "type": "Polygon", "coordinates": [ [ [ 0.100075997709904, 51.584794253030942 ], [ 0.099877673596364, 51.58409944185162 ], [ 0.099570993899796, 51.58342008570542 ], [ 0.09915891645596, 51.5827627262845 ], [ 0.098645413516077, 51.582133693198521 ], [ 0.098035433349043, 51.581539043060054 ], [ 0.097504139351607, 51.581118501173442 ], [ 0.081029923543226, 51.580289822222603 ], [ 0.080233745991899, 51.580765805070634 ], [ 0.079497230753786, 51.581301971245232 ], [ 0.078848597597577, 51.581880528761566 ], [ 0.078294095072078, 51.582495907268367 ], [ 0.077839066097234, 51.583142181662573 ], [ 0.077487896403066, 51.583813129100157 ], [ 0.077243972156296, 51.584502288882057 ], [ 0.077109647188017, 51.585203024639988 ], [ 0.07708622014419, 51.585908588224456 ], [ 0.077173921785992, 51.586612184680931 ], [ 0.077371912569705, 51.587307037688575 ], [ 0.077678290537072, 51.587986454831444 ], [ 0.078090109447615, 51.588643892073314 ], [ 0.078603406985404, 51.589273016813898 ], [ 0.079213242775029, 51.589867768918417 ], [ 0.079913745846223, 51.590422419130583 ], [ 0.080698171094375, 51.590931624304986 ], [ 0.081558964196304, 51.591390478924509 ], [ 0.081618683541511, 51.591416458886279 ], [ 0.098044760943376, 51.589846236102936 ], [ 0.098403438473728, 51.589526186040104 ], [ 0.098957749302004, 51.588910715287241 ], [ 0.099412531398588, 51.588264362319336 ], [ 0.099763408520855, 51.587593352999924 ], [ 0.100007005745457, 51.586904150406191 ], [ 0.100140981808578, 51.58620339255161 ], [ 0.100164051472483, 51.585497828434868 ], [ 0.100075997709904, 51.584794253030942 ] ] ] } },
{ "type": "Feature", "properties": { "NLC": 516, "total_activity": 20384.784287502065, "log_total_activity": 9.922593088268572, "direction_balance": -0.27358295599557519, "post_2300_share": 0.1646991827852925, "midnight_share_common_window": 0.042548972281500202, "night_tube_extension_share": 0.089181449875138999, "post_0100_share": 0.042366167496757402, "common_window_persistence": 0.066351632546506903, "weekend_common_ratio": 0.70302811488827899, "volume_band": "high", "cluster": 4, "Station": "Barons Court", "mode_label": "LU", "tot_entry": 7403.9273723975466, "tot_exit": 12980.856915104529, "easting": 524045.7583, "northing": 178327.6646, "lon": -0.21468405012348479, "lat": 51.49029837209941, "coord_source": "underground_stations_csv", "catchment_area_m2": 844102.37335965503, "station_in_lnwc_extent": true }, "geometry": { "type": "Polygon", "coordinates": [ [ [ -0.209503444941895, 51.483874871132002 ], [ -0.210536808346851, 51.48358879819628 ], [ -0.211610094724584, 51.483367333219533 ], [ -0.212712971896212, 51.483212608125946 ], [ -0.213834823209542, 51.483126112369419 ], [ -0.214964849604352, 51.483108678613867 ], [ -0.216092173421935, 51.483160474726937 ], [ -0.217205942966542, 51.483281002164652 ], [ -0.218295436819244, 51.483469100761738 ], [ -0.219350166907074, 51.483722959882499 ], [ -0.220359979341887, 51.484040135825232 ], [ -0.221315152064221, 51.484417575314183 ], [ -0.222162623706746, 51.484830283671513 ], [ -0.216815486704246, 51.495068680458623 ], [ -0.210483007235974, 51.493557817645176 ], [ -0.209173731047635, 51.483991514535496 ], [ -0.209503444941895, 51.483874871132002 ] ] ] } },
{ "type": "Feature", "properties": { "NLC": 517, "total_activity": 16717.594320579999, "log_total_activity": 9.7242768113688207, "direction_balance": -0.20995972537143259, "post_2300_share": 0.1211060855046372, "midnight_share_common_window": 0.029872124673778699, "night_tube_extension_share": 0.0012841002358597001, "post_0100_share": 0.00079072654070360001, "common_window_persistence": 0.047724965191230297, "weekend_common_ratio": 1.1123525396319067, "volume_band": "medium", "cluster": 2, "Station": "Bayswater", "mode_label": "LU", "tot_entry": 6603.7864040800014, "tot_exit": 10113.8079165, "easting": 525842.957, "northing": 180822.646199999, "lon": -0.1879225224209527, "lat": 51.512323946634481, "coord_source": "underground_stations_csv", "catchment_area_m2": 430477.21646151354, "station_in_lnwc_extent": true }, "geometry": { "type": "Polygon", "coordinates": [ [ [ -0.181664537538672, 51.51215242607114 ], [ -0.191909305712047, 51.510642595428578 ], [ -0.196622085503545, 51.515372970072015 ], [ -0.195992909705734, 51.515749952147779 ], [ -0.183055797209555, 51.515648090515697 ], [ -0.181438700343803, 51.513875342434176 ], [ -0.181664537538672, 51.51215242607114 ] ] ] } },
{ "type": "Feature", "properties": { "NLC": 518, "total_activity": 10009.019917568412, "log_total_activity": 9.2113418620743595, "direction_balance": -0.57279609307605328, "post_2300_share": 0.1085945941106958, "midnight_share_common_window": 0.036935153862338997, "night_tube_extension_share": 0.017481466078415199, "post_0100_share": 0.010495269531062799, "common_window_persistence": 0.053199983817949797, "weekend_common_ratio": 0.63241322812325462, "volume_band": "medium", "cluster": 0, "Station": "Becontree", "mode_label": "LU", "tot_entry": 2137.9462066324122, "tot_exit": 7871.0737109359989, "easting": 547627.5438, "northing": 184527.341, "lon": 0.12734178482833169, "lat": 51.540344707763779, "coord_source": "underground_stations_csv", "catchment_area_m2": 1958219.6117049828, "station_in_lnwc_extent": true }, "geometry": { "type": "Polygon", "coordinates": [ [ [ 0.137862502315368, 51.537400310834883 ], [ 0.137348999681216, 51.536771442888536 ], [ 0.136739144921777, 51.536176988528211 ], [ 0.136038813335906, 51.535622671207435 ], [ 0.135254750607454, 51.53511382774699 ], [ 0.134394507798179, 51.534655356998179 ], [ 0.133466368622802, 51.534251672725368 ], [ 0.132479269706733, 51.533906661158888 ], [ 0.131442714593064, 51.533623643624864 ], [ 0.130366682324289, 51.533405344610046 ], [ 0.129261531475036, 51.533253865566643 ], [ 0.128137900554827, 51.533170664708237 ], [ 0.127006605733818, 51.533156542989978 ], [ 0.125878536869569, 51.533211636406996 ], [ 0.124764552828767, 51.5333354146848 ], [ 0.123675377104469, 51.533526686374508 ], [ 0.122621494726656, 51.533783610303843 ], [ 0.121613051451892, 51.534103713275066 ], [ 0.120659756196527, 51.534483913840006 ], [ 0.119770787647635, 51.534920551925651 ], [ 0.118954705946709, 51.535409424026163 ], [ 0.118219370293587, 51.535945823625291 ], [ 0.117571863262505, 51.536524586461546 ], [ 0.117018422558945, 51.537140140202936 ], [ 0.116564380875821, 51.537786558055046 ], [ 0.116214114430944, 51.538457615788545 ], [ 0.115971000685414, 51.539146851638371 ], [ 0.115837385655389, 51.539847628500041 ], [ 0.115814561138211, 51.54055319782497 ], [ 0.115902752079142, 51.541256764600448 ], [ 0.116101114207774, 51.541951552789136 ], [ 0.116407741974474, 51.542630870597719 ], [ 0.116819686717855, 51.54328817494558 ], [ 0.117332984895452, 51.543917134512064 ], [ 0.117942696112068, 51.544511690753552 ], [ 0.118642950585114, 51.545066116301264 ], [ 0.119427005594147, 51.54557507017536 ], [ 0.120287310374066, 51.54603364928137 ], [ 0.121215578828649, 51.546437435690841 ], [ 0.122202869364363, 51.546782539248412 ], [ 0.123239671074279, 51.547065635092721 ], [ 0.124315995439351, 51.547283995727646 ], [ 0.12542147265985, 51.54743551733295 ], [ 0.126545451683992, 51.547518740059395 ], [ 0.127677102964178, 51.547532862111467 ], [ 0.128805522944321, 51.547477747481246 ], [ 0.129919839264546, 51.547353927258385 ], [ 0.131009315662485, 51.547162594503718 ], [ 0.132063455553434, 51.546905592736167 ], [ 0.133072103284745, 51.546585398144835 ], [ 0.134025542082916, 51.546205095698724 ], [ 0.134914587744607, 51.545768349386144 ], [ 0.135730677164924, 51.545279366871974 ], [ 0.136465950847378, 51.544742858915633 ], [ 0.136880303575327, 51.544372359721073 ], [ 0.137980629874038, 51.537588658777445 ], [ 0.137862502315368, 51.537400310834883 ] ] ] } },
{ "type": "Feature", "properties": { "NLC": 519, "total_activity": 18062.861970411297, "log_total_activity": 9.8016686452182729, "direction_balance": -0.14828846508673349, "post_2300_share": 0.1216838528751292, "midnight_share_common_window": 0.029442051583988601, "night_tube_extension_share": 0.038657399426413601, "post_0100_share": 0.017781695521475599, "common_window_persistence": 0.043405801060352897, "weekend_common_ratio": 0.73952065907699427, "volume_band": "medium", "cluster": 4, "Station": "Belsize Park", "mode_label": "LU", "tot_entry": 7692.1739468727392, "tot_exit": 10370.688023538569, "easting": 527353.7983, "northing": 185088.897399999, "lon": -0.1646209868164118, "lat": 51.550325700776213, "coord_source": "underground_stations_csv", "catchment_area_m2": 872100.22733306175, "station_in_lnwc_extent": true }, "geometry": { "type": "Polygon", "coordinates": [ [ [ -0.173731603229403, 51.551594870893254 ], [ -0.17302788408365, 51.552201877556286 ], [ -0.158454666199255, 51.553434009131259 ], [ -0.15505175814729, 51.549669240162167 ], [ -0.163734524371787, 51.543417177132966 ], [ -0.172933212391927, 51.548937181745252 ], [ -0.173713766257889, 51.550551838745385 ], [ -0.173731603229403, 51.551594870893254 ] ] ] } },
{ "type": "Feature", "properties": { "NLC": 520, "total_activity": 53180.236184223693, "log_total_activity": 10.88146090981123, "direction_balance": -0.14206173511128739, "post_2300_share": 0.17666289866515761, "midnight_share_common_window": 0.045864515342245699, "night_tube_extension_share": 0.080160647329178394, "post_0100_share": 0.040862314978505399, "common_window_persistence": 0.074853865959853993, "weekend_common_ratio": 0.91973389840950315, "volume_band": "high", "cluster": 4, "Station": "Bethnal Green LU", "mode_label": "LO,LU", "tot_entry": 22812.679779132399, "tot_exit": 30367.556405091291, "easting": 535043.5417, "northing": 182718.410700001, "lon": -0.054690301925830499, "lat": 51.527237667207054, "coord_source": "underground_stations_csv", "catchment_area_m2": 878428.8796823147, "station_in_lnwc_extent": true }, "geometry": { "type": "Polygon", "coordinates": [ [ [ -0.04558597109078, 51.531650197278509 ], [ -0.044936437662724, 51.531072314292551 ], [ -0.04438086269801, 51.530457502553396 ], [ -0.043924593955753, 51.529811684364958 ], [ -0.043572022026963, 51.529141080445065 ], [ -0.043537932244721, 51.529045411467955 ], [ -0.043633497608928, 51.528657001163708 ], [ -0.054380696218779, 51.522356776439089 ], [ -0.065208248807201, 51.525680274223866 ], [ -0.066021653168661, 51.527429065516678 ], [ -0.065794826770147, 51.527920399338683 ], [ -0.04575378019859, 51.531772062872207 ], [ -0.04558597109078, 51.531650197278509 ] ] ] } },
{ "type": "Feature", "properties": { "NLC": 521, "total_activity": 35737.953639238607, "log_total_activity": 10.483996511262976, "direction_balance": 0.15670374066702161, "post_2300_share": 0.086933179676101896, "midnight_share_common_window": 0.020613943827494902, "night_tube_extension_share": 0.0013067617286916999, "post_0100_share": 0.00065938321949249995, "common_window_persistence": 0.028986563332508802, "weekend_common_ratio": 0.53761920942445485, "volume_band": "high", "cluster": 2, "Station": "Blackfriars LU", "mode_label": "LU", "tot_entry": 20669.112329145944, "tot_exit": 15068.841310092659, "easting": 531693.8776, "northing": 180893.0855, "lon": -0.103629638137254, "lat": 51.511624767475567, "coord_source": "underground_stations_csv", "catchment_area_m2": 526642.61249176774, "station_in_lnwc_extent": true }, "geometry": { "type": "Polygon", "coordinates": [ [ [ -0.098886415575634, 51.512082385242714 ], [ -0.09864472469279, 51.507405417060951 ], [ -0.108479875540838, 51.508328224232606 ], [ -0.109374836677912, 51.514108339574079 ], [ -0.105358542516454, 51.515982353890855 ], [ -0.104430643020326, 51.516046156805267 ], [ -0.098886415575634, 51.512082385242714 ] ] ] } },
{ "type": "Feature", "properties": { "NLC": 522, "total_activity": 40149.850876836455, "log_total_activity": 10.600398911599578, "direction_balance": -0.46426870870691711, "post_2300_share": 0.1636144376935991, "midnight_share_common_window": 0.043395466112025799, "night_tube_extension_share": 0.066153868739834004, "post_0100_share": 0.032071948495474102, "common_window_persistence": 0.068107736711616101, "weekend_common_ratio": 0.8140081796458517, "volume_band": "high", "cluster": 4, "Station": "Blackhorse Road", "mode_label": "LO,LU", "tot_entry": 10754.765727736152, "tot_exit": 29395.085149100323, "easting": 535760.6278, "northing": 189370.2981, "lon": -0.041793873795218997, "lat": 51.586840594392974, "coord_source": "underground_stations_csv", "catchment_area_m2": 1565022.7332747476, "station_in_lnwc_extent": true }, "geometry": { "type": "Polygon", "coordinates": [ [ [ -0.045439044350312, 51.580017116103981 ], [ -0.046494988786815, 51.580272539401591 ], [ -0.047505678735393, 51.580591208685952 ], [ -0.048461383676451, 51.58097005631133 ], [ -0.049352901750484, 51.581405435231623 ], [ -0.050171648296225, 51.581893154067394 ], [ -0.050909738481571, 51.582428517411181 ], [ -0.05156006323317, 51.583006370985771 ], [ -0.05170426345134, 51.583165733441355 ], [ -0.050254162721152, 51.591722433677923 ], [ -0.049736311558644, 51.592059786361077 ], [ -0.048876786312616, 51.592519611114348 ], [ -0.04794902340807, 51.592924738803461 ], [ -0.046961959545473, 51.593271266348978 ], [ -0.045925103429578, 51.593555855167203 ], [ -0.044848444090096, 51.593775763373635 ], [ -0.043742354545851, 51.593928872232745 ], [ -0.042617491745421, 51.594013706597046 ], [ -0.041484693754111, 51.594029449137757 ], [ -0.040354875184352, 51.593975948228589 ], [ -0.039238921884028, 51.593853719406781 ], [ -0.038147585904557, 51.593663940396716 ], [ -0.037091381767751, 51.593408439745097 ], [ -0.036080485037592, 51.59308967917746 ], [ -0.035124634180174, 51.592710729847568 ], [ -0.034233036662485, 51.592275242709903 ], [ -0.033414280198767, 51.591787413302683 ], [ -0.032676250002261, 51.591251941282557 ], [ -0.032026052840984, 51.590673985103102 ], [ -0.031469948629055, 51.59005911227591 ], [ -0.03101329021115, 51.589413245695702 ], [ -0.030660471917231, 51.588742606548202 ], [ -0.030414887378903, 51.588053654353175 ], [ -0.030412064493404, 51.588039110902706 ], [ -0.044534583776128, 51.579859841302046 ], [ -0.045439044350312, 51.580017116103981 ] ] ] } },
{ "type": "Feature", "properties": { "NLC": 523, "total_activity": 5855.107481398567, "log_total_activity": 8.6752404095366771, "direction_balance": -0.31992878951089898, "post_2300_share": 0.15417994685503811, "midnight_share_common_window": 0.062603427554942304, "night_tube_extension_share": 0.015183504681113799, "post_0100_share": 0.0109139651721705, "common_window_persistence": 0.1018148474177267, "weekend_common_ratio": 0.87550312519207407, "volume_band": "low", "cluster": 3, "Station": "King George V", "mode_label": "DLR", "tot_entry": 1990.9450162092585, "tot_exit": 3864.1624651893089, "easting": 543247.0, "northing": 180125.0, "lon": 0.06243, "lat": 51.501915, "coord_source": "naptan_rse_tmu", "catchment_area_m2": 1118450.869910721, "station_in_lnwc_extent": true }, "geometry": { "type": "Polygon", "coordinates": [ [ [ 0.073862973442575, 51.501008057321862 ], [ 0.0736654480253, 51.500313184001236 ], [ 0.073359755505232, 51.499633739591445 ], [ 0.072948844192659, 51.498976266638749 ], [ 0.072867084349998, 51.498875830636365 ], [ 0.060464987394142, 51.495046066253146 ], [ 0.059827380332389, 51.49491095235566 ], [ 0.058779036616873, 51.495094572372267 ], [ 0.057725653326994, 51.495350908835327 ], [ 0.056717580314124, 51.495670451295332 ], [ 0.055764522925594, 51.496050123697742 ], [ 0.054875657551402, 51.49648627105212 ], [ 0.054319385733553, 51.496819187265551 ], [ 0.056364895691921, 51.504677513502962 ], [ 0.058294179095425, 51.50545194732463 ], [ 0.068510779539627, 51.50462086364454 ], [ 0.073945223617826, 51.501669822206424 ], [ 0.073862973442575, 51.501008057321862 ] ] ] } },
{ "type": "Feature", "properties": { "NLC": 524, "total_activity": 153076.62950538771, "log_total_activity": 11.938700454087806, "direction_balance": 0.50074993639197085, "post_2300_share": 0.090314338680828707, "midnight_share_common_window": 0.021448964985088099, "night_tube_extension_share": 0.021794583445678702, "post_0100_share": 0.0101792877623332, "common_window_persistence": 0.030508887326179901, "weekend_common_ratio": 0.73759449026544222, "volume_band": "high", "cluster": 1, "Station": "Bond Street", "mode_label": "EZL,LU", "tot_entry": 114864.87099665396, "tot_exit": 38211.758508733779, "easting": 528490.674, "northing": 181117.635, "lon": -0.1496811425789451, "lat": 51.514379580029129, "coord_source": "underground_stations_csv", "catchment_area_m2": 569193.8607293953, "station_in_lnwc_extent": true }, "geometry": { "type": "Polygon", "coordinates": [ [ [ -0.151434169766946, 51.519335243478778 ], [ -0.146796545950512, 51.518652101564385 ], [ -0.144560378541303, 51.511197571690403 ], [ -0.151742326807776, 51.508539647870315 ], [ -0.152112849980594, 51.508595094328989 ], [ -0.154636571912236, 51.518268824414697 ], [ -0.151434169766946, 51.519335243478778 ] ] ] } },
{ "type": "Feature", "properties": { "NLC": 525, "total_activity": 17856.609618220002, "log_total_activity": 9.7901850055078352, "direction_balance": 0.0011946318162342001, "post_2300_share": 0.13285126186997159, "midnight_share_common_window": 0.040169160275786799, "night_tube_extension_share": 0.0033568765780519999, "post_0100_share": 0.0019604272688069999, "common_window_persistence": 0.064517216171218195, "weekend_common_ratio": 0.88297963944225155, "volume_band": "medium", "cluster": 2, "Station": "Borough", "mode_label": "LU", "tot_entry": 8938.9708461000009, "tot_exit": 8917.6387721200044, "easting": 532439.9633, "northing": 179751.461100001, "lon": -0.093312951273598801, "lat": 51.501191365275403, "coord_source": "underground_stations_csv", "catchment_area_m2": 833716.7040598297, "station_in_lnwc_extent": true }, "geometry": { "type": "Polygon", "coordinates": [ [ [ -0.082074388322283, 51.499604611534821 ], [ -0.082377769501549, 51.498924737478561 ], [ -0.082786446481952, 51.498266695862661 ], [ -0.083296479755775, 51.497636822879358 ], [ -0.083902954456058, 51.497041183241329 ], [ -0.08460002780338, 51.496485511825469 ], [ -0.085380985455449, 51.495975158498887 ], [ -0.086238306213766, 51.495515036656535 ], [ -0.087163734462518, 51.495109575963312 ], [ -0.088148359641867, 51.494762679754018 ], [ -0.089182701991544, 51.494477687498566 ], [ -0.089935231295053, 51.494323312395714 ], [ -0.100797352789919, 51.500546721433096 ], [ -0.097613090118216, 51.505387439814044 ], [ -0.082059875336212, 51.499656307742434 ], [ -0.082074388322283, 51.499604611534821 ] ] ] } },
{ "type": "Feature", "properties": { "NLC": 526, "total_activity": 4990.3825038901559, "log_total_activity": 8.5154682052607527, "direction_balance": -0.49397783160273451, "post_2300_share": 0.16793488494376191, "midnight_share_common_window": 0.043716441936008099, "night_tube_extension_share": 0.076049064230575503, "post_0100_share": 0.035903454084473103, "common_window_persistence": 0.068400700686150895, "weekend_common_ratio": 0.83620068425009275, "volume_band": "low", "cluster": 4, "Station": "Boston Manor", "mode_label": "LU", "tot_entry": 1262.6220878751355, "tot_exit": 3727.7604160150199, "easting": 516333.5188, "northing": 178693.009, "lon": -0.32559520873087627, "lat": 51.495219674970095, "coord_source": "underground_stations_csv", "catchment_area_m2": 1750049.5930790636, "station_in_lnwc_extent": true }, "geometry": { "type": "Polygon", "coordinates": [ [ [ -0.315054731047579, 51.492315738957927 ], [ -0.315561516235976, 51.491684826378069 ], [ -0.316164908815982, 51.491087957553333 ], [ -0.316859095652521, 51.490530879205608 ], [ -0.317637390160767, 51.490018954755655 ], [ -0.318492296747071, 51.489557112730239 ], [ -0.319415583002905, 51.489149799358316 ], [ -0.320398358956289, 51.488800935811582 ], [ -0.321431162618664, 51.488513880498211 ], [ -0.322504051005983, 51.488291396770947 ], [ -0.323606695761402, 51.488135626358485 ], [ -0.324728482463792, 51.488048068774575 ], [ -0.32585861267181, 51.48802956690129 ], [ -0.326986207727611, 51.488080298885031 ], [ -0.328100413327896, 51.488199776422178 ], [ -0.329190503862696, 51.488386849451345 ], [ -0.330245985524567, 51.488639717206965 ], [ -0.331256697202209, 51.488955945529128 ], [ -0.332212908193321, 51.489332490263827 ], [ -0.333105411801174, 51.489765726529939 ], [ -0.333925613917956, 51.490251483573132 ], [ -0.334665615744961, 51.49078508487306 ], [ -0.335318289854704, 51.491361393119973 ], [ -0.335877348862783, 51.4919748596297 ], [ -0.336337406046955, 51.492619577723744 ], [ -0.336694027326998, 51.493289339562281 ], [ -0.336943774100868, 51.493977695885015 ], [ -0.337084236519465, 51.494678018085892 ], [ -0.337114056873451, 51.495383562025665 ], [ -0.337032942860047, 51.496087532968119 ], [ -0.336841670594683, 51.496783151015727 ], [ -0.336542077330943, 51.497463716414174 ], [ -0.336137043951448, 51.498122674096606 ], [ -0.335630467391196, 51.498753676845141 ], [ -0.335027223252482, 51.499350646460123 ], [ -0.334333118965863, 51.499907832346409 ], [ -0.333554837943818, 51.500419866950494 ], [ -0.33269987526173, 51.500881817512557 ], [ -0.331776465483849, 51.501289233632576 ], [ -0.330793503329042, 51.501638190190313 ], [ -0.329760457941482, 51.50192532520326 ], [ -0.32868728159458, 51.50214787225584 ], [ -0.327584313711305, 51.502303687185794 ], [ -0.326462181130406, 51.502391268768619 ], [ -0.325331695585151, 51.50240977319995 ], [ -0.32420374938879, 51.50235902223509 ], [ -0.323692873526775, 51.502304239973952 ], [ -0.314898401211497, 51.492569884863428 ], [ -0.315054731047579, 51.492315738957927 ] ] ] } },
{ "type": "Feature", "properties": { "NLC": 527, "total_activity": 17652.05632646356, "log_total_activity": 9.7786642103429031, "direction_balance": -0.55660223591209634, "post_2300_share": 0.170292878751756, "midnight_share_common_window": 0.048321742409549201, "night_tube_extension_share": 0.070446111029051905, "post_0100_share": 0.034711302363687802, "common_window_persistence": 0.075384755614876897, "weekend_common_ratio": 0.75616323385239448, "volume_band": "medium", "cluster": 4, "Station": "Bounds Green", "mode_label": "LU", "tot_entry": 3913.4411533538369, "tot_exit": 13738.615173109723, "easting": 529984.4864000001, "northing": 191469.27260000099, "lon": -0.12434197787111501, "lat": 51.607063786857431, "coord_source": "underground_stations_csv", "catchment_area_m2": 1837281.0780255897, "station_in_lnwc_extent": true }, "geometry": { "type": "Polygon", "coordinates": [ [ [ -0.11288103878021, 51.606174957392412 ], [ -0.113076222504955, 51.605479757741328 ], [ -0.113379889930076, 51.604799817620012 ], [ -0.113726114031797, 51.604243002770851 ], [ -0.120467266217342, 51.600295980734778 ], [ -0.121274402911544, 51.600130572672583 ], [ -0.122380401640518, 51.599976732032538 ], [ -0.123505283024995, 51.599891133107278 ], [ -0.124638218860994, 51.599874599928249 ], [ -0.125768303505457, 51.599927291696275 ], [ -0.126884658705835, 51.600048701248916 ], [ -0.127976538168505, 51.600237659934038 ], [ -0.129033430866444, 51.600492348841627 ], [ -0.130045162098358, 51.600810316287884 ], [ -0.131001991332447, 51.601188501383632 ], [ -0.131894705898044, 51.601623263461917 ], [ -0.132714709627264, 51.602110417083566 ], [ -0.133454105596119, 51.602645272285422 ], [ -0.134105772169956, 51.603222679685985 ], [ -0.134663431621144, 51.603837080016781 ], [ -0.135121710656922, 51.604482557604079 ], [ -0.135476192271817, 51.605152897288825 ], [ -0.135723458421271, 51.605841644237948 ], [ -0.135861123100298, 51.606542166073275 ], [ -0.135887855502427, 51.607247716720551 ], [ -0.135803393028976, 51.607951501365029 ], [ -0.135608544015975, 51.608646741888286 ], [ -0.135305180144832, 51.60932674215622 ], [ -0.135260982833182, 51.609397877311409 ], [ -0.122132931511625, 51.614115176702171 ], [ -0.121798486257719, 51.614078801487359 ], [ -0.120706303241059, 51.613889782655647 ], [ -0.119649149812315, 51.61363501663844 ], [ -0.118637210692518, 51.613316958082827 ], [ -0.117680234402486, 51.61293867137929 ], [ -0.116787439264161, 51.612503801099471 ], [ -0.115967424541787, 51.612016536840713 ], [ -0.115228087581817, 51.611481572817873 ], [ -0.114576547751222, 51.610904062594358 ], [ -0.11401907790696, 51.61028956939009 ], [ -0.113561044055302, 51.609644012447895 ], [ -0.113206853779436, 51.608973609976374 ], [ -0.112959913927922, 51.60828481922146 ], [ -0.112822597966302, 51.607584274244758 ], [ -0.112796223300033, 51.606878722009832 ], [ -0.11288103878021, 51.606174957392412 ] ] ] } },
{ "type": "Feature", "properties": { "NLC": 528, "total_activity": 18998.706032408489, "log_total_activity": 9.8521787860503842, "direction_balance": -0.31608731179167182, "post_2300_share": 0.15012089289005409, "midnight_share_common_window": 0.047961938970614897, "night_tube_extension_share": 0.0135152848333555, "post_0100_share": 0.0078148072086349999, "common_window_persistence": 0.0802860169932815, "weekend_common_ratio": 0.82162252328489316, "volume_band": "medium", "cluster": 4, "Station": "Bow Road", "mode_label": "LU", "tot_entry": 6496.7280575521354, "tot_exit": 12501.977974856343, "easting": 537089.8973, "northing": 182735.951300001, "lon": -0.025203212169073098, "lat": 51.526902665586434, "coord_source": "underground_stations_csv", "catchment_area_m2": 577113.19526725134, "station_in_lnwc_extent": true }, "geometry": { "type": "Polygon", "coordinates": [ [ [ -0.032274924758134, 51.532582618496207 ], [ -0.031348251825801, 51.532987630184614 ], [ -0.030362375388057, 51.533334033838592 ], [ -0.02932679270731, 51.533618492071049 ], [ -0.028251480539462, 51.533838264258499 ], [ -0.027146798916659, 51.533991232978281 ], [ -0.026721960987955, 51.534023261963888 ], [ -0.021575775793455, 51.524627001615613 ], [ -0.026876817930809, 51.520854976474432 ], [ -0.032646328755876, 51.532383747488581 ], [ -0.032274924758134, 51.532582618496207 ] ] ] } },
{ "type": "Feature", "properties": { "NLC": 529, "total_activity": 6647.9127703477534, "log_total_activity": 8.8022086271026438, "direction_balance": -0.37618176478926602, "post_2300_share": 0.140204317880813, "midnight_share_common_window": 0.036580477221383197, "night_tube_extension_share": 0.052109766589508902, "post_0100_share": 0.023918786789661299, "common_window_persistence": 0.054543897171735398, "weekend_common_ratio": 0.73441925563044475, "volume_band": "low", "cluster": 4, "Station": "Brent Cross", "mode_label": "LU", "tot_entry": 2073.5446061166176, "tot_exit": 4574.3681642311385, "easting": 523873.7006, "northing": 187934.037, "lon": -0.21378475842151329, "lat": 51.576668983672157, "coord_source": "underground_stations_csv", "catchment_area_m2": 1793474.5471181367, "station_in_lnwc_extent": true }, "geometry": { "type": "Polygon", "coordinates": [ [ [ -0.205825893317102, 51.57146073274675 ], [ -0.206683459082596, 51.570999738036946 ], [ -0.207609388894578, 51.570593336292703 ], [ -0.20859476734987, 51.570245439904532 ], [ -0.209630107426581, 51.569959397966542 ], [ -0.210705441745112, 51.569737964074008 ], [ -0.211810418424582, 51.569583269848827 ], [ -0.212934400616679, 51.569496804445635 ], [ -0.214066568764539, 51.569479400234833 ], [ -0.21519602460874, 51.569531224799377 ], [ -0.216311895946145, 51.569651779322079 ], [ -0.217403441140309, 51.569839903378508 ], [ -0.218460152384403, 51.570093786090411 ], [ -0.219471856729289, 51.570410983532156 ], [ -0.220428813910231, 51.57078844222503 ], [ -0.221321810035657, 51.571222528493529 ], [ -0.222142246240133, 51.571709063403674 ], [ -0.222882221450904, 51.572243362948896 ], [ -0.223534608472687, 51.572820283098281 ], [ -0.224093122658207, 51.573434269276369 ], [ -0.224552382501978, 51.574079409799786 ], [ -0.224907961571091, 51.574749492758627 ], [ -0.225156431268929, 51.575438065796327 ], [ -0.225271090928161, 51.576016001607485 ], [ -0.214859380498512, 51.583823918760707 ], [ -0.214635356288138, 51.583841150907226 ], [ -0.213502831073116, 51.583858557141397 ], [ -0.212373022658209, 51.583806713003924 ], [ -0.211256816795644, 51.583686118064229 ], [ -0.210164967977484, 51.583497934299878 ], [ -0.209107995678659, 51.583243974883786 ], [ -0.208096082880494, 51.582926686689134 ], [ -0.207138977858469, 51.582549126682324 ], [ -0.2062459001856, 51.582114932432276 ], [ -0.205425451861146, 51.581628287022596 ], [ -0.204685534423622, 51.581093878706326 ], [ -0.204033272848121, 51.580516855694412 ], [ -0.203474946961081, 51.579902776515219 ], [ -0.203015931031784, 51.579257556426086 ], [ -0.202660642119643, 51.57858741039469 ], [ -0.202412497670707, 51.577898793201285 ], [ -0.202293241512952, 51.577296163080042 ], [ -0.205507149635018, 51.571669361481987 ], [ -0.205825893317102, 51.57146073274675 ] ] ] } },
{ "type": "Feature", "properties": { "NLC": 530, "total_activity": 15791.65384053436, "log_total_activity": 9.6673001640921559, "direction_balance": -0.38973318993784267, "post_2300_share": 0.14196662773089869, "midnight_share_common_window": 0.044921775714280701, "night_tube_extension_share": 0.012958955390614899, "post_0100_share": 0.0072435916852967002, "common_window_persistence": 0.071925627607965295, "weekend_common_ratio": 0.86241373369753582, "volume_band": "medium", "cluster": 4, "Station": "Bromley-by-Bow", "mode_label": "LU", "tot_entry": 4818.5611074343624, "tot_exit": 10973.092733099998, "easting": 538049.5634, "northing": 182523.51359999899, "lon": -0.011461459462546701, "lat": 51.524760125717513, "coord_source": "underground_stations_csv", "catchment_area_m2": 783554.21219031722, "station_in_lnwc_extent": true }, "geometry": { "type": "Polygon", "coordinates": [ [ [ -0.016464523533562, 51.525965833507229 ], [ -0.013716999247214, 51.529285934137519 ], [ -0.005503711616456, 51.529851631570303 ], [ -0.002503144285578, 51.524628471629882 ], [ -0.006046077922285, 51.519168810470454 ], [ -0.010925538660419, 51.519720294767076 ], [ -0.016464523533562, 51.525965833507229 ] ] ] } },
{ "type": "Feature", "properties": { "NLC": 531, "total_activity": 8184.0413358660717, "log_total_activity": 9.0100635399899236, "direction_balance": -0.52766305359295373, "post_2300_share": 0.13368691410330799, "midnight_share_common_window": 0.038631987228467599, "night_tube_extension_share": 0.040247412701684103, "post_0100_share": 0.020187217998870799, "common_window_persistence": 0.056317847338310398, "weekend_common_ratio": 0.75636277525238071, "volume_band": "low", "cluster": 0, "Station": "Buckhurst Hill", "mode_label": "LU", "tot_entry": 1932.8125469260119, "tot_exit": 6251.2287889400586, "easting": 541777.5666, "northing": 193891.179, "lon": 0.0468240751565627, "lat": 51.625982897027001, "coord_source": "underground_stations_csv", "catchment_area_m2": 1755887.3278828822, "station_in_lnwc_extent": false }, "geometry": { "type": "Polygon", "coordinates": [ [ [ 0.0582859388206, 51.625077339350149 ], [ 0.058088057807038, 51.624382456948076 ], [ 0.057781710323158, 51.623702992098252 ], [ 0.057369851019599, 51.623045487541063 ], [ 0.0568564500608, 51.622416274284518 ], [ 0.056246454746772, 51.621821410676169 ], [ 0.055545741753956, 51.62126662410877 ], [ 0.054761060459516, 51.620757255918697 ], [ 0.053993004367893, 51.620347808235231 ], [ 0.036539184023113, 51.622713187447538 ], [ 0.036486581025158, 51.622771436659015 ], [ 0.036030566780995, 51.623417555567663 ], [ 0.035678482727, 51.624088383609148 ], [ 0.035433723840961, 51.624777461238047 ], [ 0.035298651999771, 51.625478152880873 ], [ 0.035274573052141, 51.626183710816484 ], [ 0.035361724049197, 51.626887340147853 ], [ 0.035559270763341, 51.627582264240026 ], [ 0.035865315526909, 51.628261789994546 ], [ 0.036276915322636, 51.628919372330486 ], [ 0.036790109958824, 51.629548677250867 ], [ 0.037399960064321, 51.630143642885486 ], [ 0.038100594542973, 51.630698537920843 ], [ 0.038885267034873, 51.631208016852177 ], [ 0.039746420843836, 51.631667171523674 ], [ 0.040675761707463, 51.632071578458124 ], [ 0.041664337709184, 51.632417341517552 ], [ 0.042702625561405, 51.632701129482008 ], [ 0.043780622426054, 51.632920208182327 ], [ 0.044887942384175, 51.633072466875397 ], [ 0.04601391662025, 51.633156438606079 ], [ 0.047147696350188, 51.63317131435884 ], [ 0.048278357494728, 51.633116950861258 ], [ 0.049395006082745, 51.632993871964274 ], [ 0.050486883361753, 51.6328032635857 ], [ 0.051543469595759, 51.632546962265991 ], [ 0.052554585543752, 51.632227437447696 ], [ 0.053510490635072, 51.631847767650207 ], [ 0.054401976890634, 51.631411610771124 ], [ 0.055220457681112, 51.630923168802262 ], [ 0.055958050464221, 51.63038714730201 ], [ 0.056607652702616, 51.629808710016924 ], [ 0.057163010231103, 51.629193429091799 ], [ 0.057618777416087, 51.628547231350126 ], [ 0.057970568530614, 51.627876341164239 ], [ 0.058214999854395, 51.627187220467775 ], [ 0.058349722098571, 51.626486506489229 ], [ 0.058373442849245, 51.62578094780811 ], [ 0.0582859388206, 51.625077339350149 ] ] ] } },
{ "type": "Feature", "properties": { "NLC": 532, "total_activity": 11079.602180753254, "log_total_activity": 9.3129513072678858, "direction_balance": -0.57376571185385972, "post_2300_share": 0.13316042182704141, "midnight_share_common_window": 0.040021558007550299, "night_tube_extension_share": 0.053068590159586197, "post_0100_share": 0.0242438113911074, "common_window_persistence": 0.0580050158154733, "weekend_common_ratio": 0.69552216965394342, "volume_band": "medium", "cluster": 0, "Station": "Burnt Oak", "mode_label": "LU", "tot_entry": 2361.2531742278943, "tot_exit": 8718.3490065253645, "easting": 520325.5892, "northing": 190759.99159999899, "lon": -0.26399369483295398, "lat": 51.602834176714175, "coord_source": "underground_stations_csv", "catchment_area_m2": 1853481.6077304112, "station_in_lnwc_extent": true }, "geometry": { "type": "Polygon", "coordinates": [ [ [ -0.25247259876664, 51.602454385587272 ], [ -0.261454882480163, 51.595827241146708 ], [ -0.262010484736808, 51.59574925517547 ], [ -0.263135030232815, 51.595662314356467 ], [ -0.264267841631202, 51.595644431670586 ], [ -0.265398014485101, 51.595695779305196 ], [ -0.266514669695317, 51.59581586303279 ], [ -0.267607058086791, 51.596003526960196 ], [ -0.268664663743727, 51.59625696463808 ], [ -0.269677305115316, 51.596573736425192 ], [ -0.270635232924827, 51.596950792941151 ], [ -0.271529223944697, 51.597384504383498 ], [ -0.272350669738959, 51.597870695428675 ], [ -0.27309165952155, 51.598404685383052 ], [ -0.27374505633426, 51.598981333199241 ], [ -0.274304565811006, 51.599595086927124 ], [ -0.274764796864962, 51.600240037125197 ], [ -0.27512131371148, 51.600909973719929 ], [ -0.275370678721804, 51.60159844576814 ], [ -0.27551048568971, 51.60229882354804 ], [ -0.275539383184539, 51.6030043623823 ], [ -0.275457087758821, 51.603708267579819 ], [ -0.275264386875882, 51.604403759871111 ], [ -0.274963131521651, 51.605084140706715 ], [ -0.274556218564291, 51.605742856790371 ], [ -0.274047563024412, 51.606373563223592 ], [ -0.273983365884344, 51.606436819670265 ], [ -0.264782758520952, 51.610007129572999 ], [ -0.263719434152702, 51.610023911851229 ], [ -0.262588908093192, 51.609972544873685 ], [ -0.261471917627281, 51.609852420927069 ], [ -0.26037922481372, 51.609664697450185 ], [ -0.259321357267077, 51.609411183180782 ], [ -0.258308506602435, 51.60909432070352 ], [ -0.257350430139538, 51.608717162883934 ], [ -0.256456356818614, 51.608283343417533 ], [ -0.255634898238414, 51.607797041779165 ], [ -0.254893965676355, 51.607262942912534 ], [ -0.254240693891692, 51.606686192050418 ], [ -0.25368137244575, 51.606072345102938 ], [ -0.253221385199436, 51.605427315094012 ], [ -0.252865158568005, 51.604757315164193 ], [ -0.252616119027413, 51.604068798690648 ], [ -0.252476660276263, 51.603368397102422 ], [ -0.252448120363444, 51.602662855991724 ], [ -0.25247259876664, 51.602454385587272 ] ] ] } },
{ "type": "Feature", "properties": { "NLC": 533, "total_activity": 10490.789808579249, "log_total_activity": 9.2583483072919286, "direction_balance": -0.17129886534061689, "post_2300_share": 0.080356028109951294, "midnight_share_common_window": 0.028460959330187999, "night_tube_extension_share": 0.0043643684951953001, "post_0100_share": 0.0024990950491574002, "common_window_persistence": 0.0408577895778117, "weekend_common_ratio": 0.64908303633543951, "volume_band": "medium", "cluster": 2, "Station": "London City Airport", "mode_label": "DLR", "tot_entry": 4346.8647089213573, "tot_exit": 6143.9250996578912, "easting": 542325.0, "northing": 180248.33333333331, "lon": 0.04921, "lat": 51.503256666666665, "coord_source": "naptan_rse_tmu", "catchment_area_m2": 956538.04295493418, "station_in_lnwc_extent": true }, "geometry": { "type": "Polygon", "coordinates": [ [ [ 0.053317103129715, 51.496537296091681 ], [ 0.052242303242689, 51.496318265148695 ], [ 0.051138291999248, 51.49616603618211 ], [ 0.050015696949766, 51.49608207462353 ], [ 0.04888532430228, 51.496067188749173 ], [ 0.047758055044663, 51.496121521907938 ], [ 0.04664474035134, 51.496244551141231 ], [ 0.045556097274277, 51.496435092207982 ], [ 0.044502605715382, 51.496691310966398 ], [ 0.043494407665482, 51.497010741004466 ], [ 0.04254120967387, 51.497390307349797 ], [ 0.04194987510854, 51.497680348161786 ], [ 0.041163150700204, 51.503901580640566 ], [ 0.05095902832936, 51.506654046675081 ], [ 0.056364895691921, 51.504677513502962 ], [ 0.054317368146129, 51.496811434777889 ], [ 0.053317103129715, 51.496537296091681 ] ] ] } },
{ "type": "Feature", "properties": { "NLC": 534, "total_activity": 17030.471174988088, "log_total_activity": 9.7428181571826507, "direction_balance": -0.2542732856456445, "post_2300_share": 0.15218239766414571, "midnight_share_common_window": 0.0392486695975309, "night_tube_extension_share": 0.063273203159343094, "post_0100_share": 0.029713814737532301, "common_window_persistence": 0.062564488814481095, "weekend_common_ratio": 0.78976342697845237, "volume_band": "medium", "cluster": 4, "Station": "Caledonian Road", "mode_label": "LU", "tot_entry": 6350.0386566152174, "tot_exit": 10680.432518372874, "easting": 530558.3633, "northing": 184969.7784, "lon": -0.11847347641237981, "lat": 51.548523531923458, "coord_source": "underground_stations_csv", "catchment_area_m2": 947829.05261236581, "station_in_lnwc_extent": true }, "geometry": { "type": "Polygon", "coordinates": [ [ [ -0.127574311752049, 51.544105319207929 ], [ -0.127977748436663, 51.544463293813102 ], [ -0.129109591826431, 51.545759306923344 ], [ -0.129239596999599, 51.545942681650793 ], [ -0.129593558629927, 51.546613040034778 ], [ -0.129840440846161, 51.5473018018454 ], [ -0.129938825321742, 51.547803341445992 ], [ -0.129282781001956, 51.551011824098104 ], [ -0.129013867352946, 51.551445113370946 ], [ -0.128503839085896, 51.552075179984591 ], [ -0.127897190223555, 51.552671043460649 ], [ -0.127199761013963, 51.553226963847699 ], [ -0.126418266923931, 51.553737585773341 ], [ -0.125560234010034, 51.554197990078976 ], [ -0.124633926444774, 51.554603741255129 ], [ -0.124357960579968, 51.554700948919432 ], [ -0.111037165753565, 51.548327737771473 ], [ -0.111285289357928, 51.547034530384195 ], [ -0.127107972044259, 51.543767508322112 ], [ -0.127574311752049, 51.544105319207929 ] ] ] } },
{ "type": "Feature", "properties": { "NLC": 535, "total_activity": 87890.993123741035, "log_total_activity": 11.383863988781831, "direction_balance": 0.2017742593917245, "post_2300_share": 0.1855416303751487, "midnight_share_common_window": 0.0383046184667978, "night_tube_extension_share": 0.094415139104939205, "post_0100_share": 0.0544350226949009, "common_window_persistence": 0.061588437536490001, "weekend_common_ratio": 1.4045596788438537, "volume_band": "high", "cluster": 3, "Station": "Camden Town", "mode_label": "LU", "tot_entry": 52812.566584243534, "tot_exit": 35078.426539497537, "easting": 528910.2525, "northing": 183893.5725, "lon": -0.1426229702612466, "lat": 51.539230598338783, "coord_source": "underground_stations_csv", "catchment_area_m2": 581691.3732109546, "station_in_lnwc_extent": true }, "geometry": { "type": "Polygon", "coordinates": [ [ [ -0.150981103157731, 51.534275726418663 ], [ -0.151719636783075, 51.534810463619287 ], [ -0.152370589818393, 51.5353877686169 ], [ -0.152927691418024, 51.536002083125979 ], [ -0.153385573675081, 51.536647492296659 ], [ -0.153404992149357, 51.536684235251776 ], [ -0.146618857961439, 51.542397721575568 ], [ -0.144397184110519, 51.542865052221735 ], [ -0.137033704397109, 51.538183438042836 ], [ -0.150188517655969, 51.533804413498444 ], [ -0.150981103157731, 51.534275726418663 ] ] ] } },
{ "type": "Feature", "properties": { "NLC": 536, "total_activity": 13879.225486608, "log_total_activity": 9.5382204793616925, "direction_balance": 0.1531125058406525, "post_2300_share": 0.088950671516161095, "midnight_share_common_window": 0.022744785213399399, "night_tube_extension_share": 0.00081730098569479995, "post_0100_share": 0.00056844304342569996, "common_window_persistence": 0.031220034539210802, "weekend_common_ratio": 0.34885641161473041, "volume_band": "medium", "cluster": 1, "Station": "Cannon Street LU", "mode_label": "LU", "tot_entry": 8002.154239995004, "tot_exit": 5877.0712466130008, "easting": 532611.4757, "northing": 180900.065, "lon": -0.090411920567854603, "lat": 51.511473069258997, "coord_source": "underground_stations_csv", "catchment_area_m2": 244434.78257941891, "station_in_lnwc_extent": true }, "geometry": { "type": "Polygon", "coordinates": [ [ [ -0.083499435406082, 51.510601511735786 ], [ -0.084080621672216, 51.50854489223773 ], [ -0.093098629528536, 51.508126650257481 ], [ -0.0919059992341, 51.513122774416736 ], [ -0.083499435406082, 51.510601511735786 ] ] ] } },
{ "type": "Feature", "properties": { "NLC": 537, "total_activity": 8646.4370544141566, "log_total_activity": 9.0650182617347195, "direction_balance": -0.56586210811174231, "post_2300_share": 0.14741158897609249, "midnight_share_common_window": 0.0434173531443122, "night_tube_extension_share": 0.063360876428810095, "post_0100_share": 0.0301243160009107, "common_window_persistence": 0.063979408578110797, "weekend_common_ratio": 0.73057648731833769, "volume_band": "medium", "cluster": 4, "Station": "Canons Park", "mode_label": "LU", "tot_entry": 1876.8729775739384, "tot_exit": 6769.5640768402127, "easting": 518186.8967, "northing": 191252.07, "lon": -0.2946941062058866, "lat": 51.60770907048488, "coord_source": "underground_stations_csv", "catchment_area_m2": 1966085.0343725425, "station_in_lnwc_extent": true }, "geometry": { "type": "Polygon", "coordinates": [ [ [ -0.283229293172898, 51.60683684653948 ], [ -0.28342188381901, 51.606141340423576 ], [ -0.283723020590751, 51.605460936895518 ], [ -0.284129798990745, 51.604802187756903 ], [ -0.284638297747184, 51.604171436020209 ], [ -0.28524361672271, 51.603574754864518 ], [ -0.2859399242212, 51.603017889197602 ], [ -0.286720513232428, 51.602506200385321 ], [ -0.28757786606978, 51.602044614678547 ], [ -0.288503726776807, 51.601637575831752 ], [ -0.289489180605005, 51.601289002367515 ], [ -0.290524739798657, 51.60100224989597 ], [ -0.291600434863223, 51.600780078850001 ], [ -0.292705910442308, 51.600624627945059 ], [ -0.293830524885039, 51.600537393616968 ], [ -0.294963452551109, 51.600519215635295 ], [ -0.296093787875149, 51.600570269029021 ], [ -0.297210650195605, 51.600690062402272 ], [ -0.298303288346159, 51.60087744265617 ], [ -0.299361184009901, 51.601130606071585 ], [ -0.300374152848019, 51.601447115647154 ], [ -0.301332442435553, 51.601823924526663 ], [ -0.302226826066585, 51.602257405291851 ], [ -0.303048691529958, 51.602743384840487 ], [ -0.303790124003706, 51.603277184515889 ], [ -0.304443982271655, 51.603853665103841 ], [ -0.305003967528491, 51.604467276265758 ], [ -0.305464684109463, 51.605112109934417 ], [ -0.305821691557231, 51.605781957160232 ], [ -0.30607154752046, 51.606470367862691 ], [ -0.306211841065851, 51.607170712912804 ], [ -0.306241216076663, 51.607876247950685 ], [ -0.306159384505468, 51.60858017832404 ], [ -0.305967129346102, 51.609275724522952 ], [ -0.305666297288611, 51.609956187480826 ], [ -0.305259781120372, 51.610615013112231 ], [ -0.304751492035776, 51.61124585546505 ], [ -0.304146322114607, 51.61184263787792 ], [ -0.303450097324912, 51.612399611551837 ], [ -0.303258028305335, 51.612525546834618 ], [ -0.294696840894529, 51.614894549886095 ], [ -0.29442464796082, 51.614898915464373 ], [ -0.293293959270078, 51.614847842874831 ], [ -0.292176761462854, 51.614728009418556 ], [ -0.291083818598037, 51.614540569734856 ], [ -0.290025660702537, 51.614287329826652 ], [ -0.289012482192585, 51.61397072963495 ], [ -0.288054043550713, 51.613593819498242 ], [ -0.287159577210908, 51.613160230726059 ], [ -0.286337698562782, 51.612674140571279 ], [ -0.286201205302078, 51.612575844948417 ], [ -0.283276367041549, 51.608747964722092 ], [ -0.283176125578911, 51.608246295183918 ], [ -0.283147108235025, 51.607540757717004 ], [ -0.283229293172898, 51.60683684653948 ] ] ] } },
{ "type": "Feature", "properties": { "NLC": 538, "total_activity": 12189.223321612755, "log_total_activity": 9.4083895423741808, "direction_balance": -0.35431304317116868, "post_2300_share": 0.14918172979393429, "midnight_share_common_window": 0.055565543549131298, "night_tube_extension_share": 0.0092383263815756997, "post_0100_share": 0.0055119621981623004, "common_window_persistence": 0.088198131845815805, "weekend_common_ratio": 0.78769158757324165, "volume_band": "medium", "cluster": 4, "Station": "Pontoon Dock", "mode_label": "DLR", "tot_entry": 3935.2112563195801, "tot_exit": 8254.0120652931782, "easting": 541229.0, "northing": 180131.0, "lon": 0.03338, "lat": 51.50248, "coord_source": "naptan_rse_tmu", "catchment_area_m2": 1034929.6903462627, "station_in_lnwc_extent": true }, "geometry": { "type": "Polygon", "coordinates": [ [ [ 0.041298012849095, 51.497251497096499 ], [ 0.040439418476825, 51.496792316240715 ], [ 0.039512868455239, 51.496387868417166 ], [ 0.038527284125505, 51.496042047209251 ], [ 0.037492154465038, 51.495758181738701 ], [ 0.036417444808712, 51.495539004655342 ], [ 0.035313501012819, 51.495386625863532 ], [ 0.034190949979581, 51.495302512236726 ], [ 0.033060597494009, 51.495287473514587 ], [ 0.031933324350121, 51.495341654516871 ], [ 0.030819981759509, 51.495464533749242 ], [ 0.029731287041985, 51.495654928414147 ], [ 0.028677720595431, 51.495911005778751 ], [ 0.027669425130049, 51.496230300791879 ], [ 0.027492224501029, 51.49630083119709 ], [ 0.028303741198446, 51.505318215398127 ], [ 0.030322248444378, 51.506007044248882 ], [ 0.039017746520808, 51.505738743530621 ], [ 0.041163150700204, 51.503901580640566 ], [ 0.041950382827882, 51.497676332746735 ], [ 0.041298012849095, 51.497251497096499 ] ] ] } },
{ "type": "Feature", "properties": { "NLC": 539, "total_activity": 5219.5066367962154, "log_total_activity": 8.5603497330244842, "direction_balance": -0.5458300166034612, "post_2300_share": 0.13970094580071771, "midnight_share_common_window": 0.048061699001605597, "night_tube_extension_share": 0.0164974520749036, "post_0100_share": 0.0094988211984879996, "common_window_persistence": 0.075439324768384997, "weekend_common_ratio": 0.68044285922513636, "volume_band": "low", "cluster": 0, "Station": "Chalfont & Latimer", "mode_label": "LU", "tot_entry": 1185.2716212859305, "tot_exit": 4034.2350155102849, "easting": 499633.5338, "northing": 197564.355, "lon": -0.56072345204647733, "lat": 51.668031426229057, "coord_source": "underground_stations_csv", "catchment_area_m2": 2007391.0339493849, "station_in_lnwc_extent": false }, "geometry": { "type": "Polygon", "coordinates": [ [ [ -0.549237836894787, 51.66718504206105 ], [ -0.549426639024503, 51.666489078444577 ], [ -0.549724224288694, 51.66580797302209 ], [ -0.550127722351965, 51.665148284369295 ], [ -0.550633243487333, 51.664516364558438 ], [ -0.551235916183113, 51.663918298026246 ], [ -0.551929934175959, 51.663359843027344 ], [ -0.552708612452604, 51.662846376234967 ], [ -0.55356445167774, 51.662382841020303 ], [ -0.554489210425759, 51.66197369990644 ], [ -0.555473984520366, 51.661622891652243 ], [ -0.556509292719146, 51.661333793377317 ], [ -0.557585167920493, 51.661109188090705 ], [ -0.558691253018464, 51.660951237933432 ], [ -0.559816900487569, 51.660861463392003 ], [ -0.560951274744567, 51.660840728680313 ], [ -0.56208345630838, 51.660889233430957 ], [ -0.563202546762379, 51.661006510774669 ], [ -0.564297773515822, 51.661191431826623 ], [ -0.565358593363071, 51.661442216536678 ], [ -0.566374793850394, 51.66175645080002 ], [ -0.567336591480696, 51.662131109664415 ], [ -0.568234725816021, 51.662562586412498 ], [ -0.569060548576107, 51.663046727240598 ], [ -0.569806106878188, 51.663578871202446 ], [ -0.570464219818205, 51.664153895035518 ], [ -0.571028547656331, 51.664766262440224 ], [ -0.571493652939335, 51.66541007734012 ], [ -0.571855052968616, 51.666079140612311 ], [ -0.572109263104661, 51.666767009743445 ], [ -0.572253830485774, 51.66746706083881 ], [ -0.572287357830202, 51.668172552388718 ], [ -0.572209517085548, 51.668876690178827 ], [ -0.572021052786598, 51.669572692719903 ], [ -0.571723775081611, 51.6702538565672 ], [ -0.571320542486656, 51.670913620899853 ], [ -0.570815234526917, 51.671545630737278 ], [ -0.570212714521856, 51.672143798183065 ], [ -0.569518782867003, 51.672702361104498 ], [ -0.568740121257702, 51.673215938680983 ], [ -0.567884228388742, 51.67367958328397 ], [ -0.566959347747231, 51.674088828186591 ], [ -0.565974388193763, 51.674439730641495 ], [ -0.564938838097832, 51.674728909908929 ], [ -0.563862673857015, 51.674953579867456 ], [ -0.56275626368488, 51.675111575890618 ], [ -0.561630267599337, 51.675201375729415 ], [ -0.560495534580762, 51.675222114197716 ], [ -0.55936299789724, 51.675173591518593 ], [ -0.558243569612454, 51.675056275250292 ], [ -0.557148035299792, 51.674871295773514 ], [ -0.556086949984226, 51.674620435383581 ], [ -0.555070536321282, 51.674306111093692 ], [ -0.554108586000277, 51.673931351315694 ], [ -0.553210365326983, 51.673499766645065 ], [ -0.552384525899581, 51.673015515032851 ], [ -0.55163902124135, 51.672483261682693 ], [ -0.550981030194845, 51.671908134060864 ], [ -0.550416887815593, 51.671295672455472 ], [ -0.549952024429744, 51.670651776563027 ], [ -0.549590913439924, 51.669982648618976 ], [ -0.549337028378026, 51.669294733621932 ], [ -0.549192809613327, 51.668594657229228 ], [ -0.54915964103045, 51.66788916192268 ], [ -0.549237836894787, 51.66718504206105 ] ] ] } },
{ "type": "Feature", "properties": { "NLC": 540, "total_activity": 23358.99228246096, "log_total_activity": 10.058780106568006, "direction_balance": 0.00054877549505400001, "post_2300_share": 0.1573155015286391, "midnight_share_common_window": 0.033451502562962199, "night_tube_extension_share": 0.035898269540682599, "post_0100_share": 0.017303121938887601, "common_window_persistence": 0.0560993262544855, "weekend_common_ratio": 0.86127962547555437, "volume_band": "high", "cluster": 1, "Station": "Chalk Farm", "mode_label": "LU", "tot_entry": 11685.905562507362, "tot_exit": 11673.086719953588, "easting": 528202.4569, "northing": 184390.60700000101, "lon": -0.1526421476691667, "lat": 51.543858359097648, "coord_source": "underground_stations_csv", "catchment_area_m2": 1019027.9327281736, "station_in_lnwc_extent": true }, "geometry": { "type": "Polygon", "coordinates": [ [ [ -0.154061820195532, 51.536721383347519 ], [ -0.155176714351061, 51.53684251038338 ], [ -0.156267210846528, 51.537031193919084 ], [ -0.157322811960442, 51.537285617690898 ], [ -0.158333355420012, 51.537603332564551 ], [ -0.159289112125612, 51.537981280079151 ], [ -0.160180879732585, 51.538415821851693 ], [ -0.161000071193558, 51.538902774560725 ], [ -0.161738797411687, 51.539437450174262 ], [ -0.162389943210556, 51.540014701037137 ], [ -0.16294723588934, 51.540628969385658 ], [ -0.163405305701808, 51.541274340815164 ], [ -0.163706651620182, 51.541844212333167 ], [ -0.163734524371787, 51.543417177132966 ], [ -0.15505175814729, 51.549669240162167 ], [ -0.15442317570357, 51.549633506689432 ], [ -0.146618857961439, 51.542397721575568 ], [ -0.153397508075813, 51.536690537378789 ], [ -0.154061820195532, 51.536721383347519 ] ] ] } },
{ "type": "Feature", "properties": { "NLC": 541, "total_activity": 23917.078064615067, "log_total_activity": 10.082389856367188, "direction_balance": 0.50513981081474602, "post_2300_share": 0.1044106895235513, "midnight_share_common_window": 0.022100273320251902, "night_tube_extension_share": 0.0776603996207679, "post_0100_share": 0.0291512974952647, "common_window_persistence": 0.030087704797181598, "weekend_common_ratio": 0.33032828573806478, "volume_band": "high", "cluster": 1, "Station": "Chancery Lane", "mode_label": "LU", "tot_entry": 17999.273176708124, "tot_exit": 5917.8048879069484, "easting": 531123.9465, "northing": 181615.46550000101, "lon": -0.1115693026029435, "lat": 51.518248903508308, "coord_source": "underground_stations_csv", "catchment_area_m2": 546686.63473548822, "station_in_lnwc_extent": true }, "geometry": { "type": "Polygon", "coordinates": [ [ [ -0.105358542516454, 51.515982353890855 ], [ -0.109374836677912, 51.514108339574079 ], [ -0.115421026575683, 51.514977502118526 ], [ -0.116758992241336, 51.521846393660837 ], [ -0.113553938921313, 51.525139370383236 ], [ -0.105358542516454, 51.515982353890855 ] ] ] } },
{ "type": "Feature", "properties": { "NLC": 542, "total_activity": 83089.294122872408, "log_total_activity": 11.327683176463481, "direction_balance": 0.35361507907692991, "post_2300_share": 0.1243621842881541, "midnight_share_common_window": 0.028646658860378201, "night_tube_extension_share": 0.0202597656114075, "post_0100_share": 0.010502857614201401, "common_window_persistence": 0.047806941148371598, "weekend_common_ratio": 1.0347540303687888, "volume_band": "high", "cluster": 1, "Station": "Embankment", "mode_label": "LU", "tot_entry": 56235.460717289097, "tot_exit": 26853.833405583289, "easting": 530419.3254, "northing": 180395.87140000099, "lon": -0.12216953430795729, "lat": 51.507451856556742, "coord_source": "underground_stations_csv", "catchment_area_m2": 341453.80195522588, "station_in_lnwc_extent": true }, "geometry": { "type": "Polygon", "coordinates": [ [ [ -0.120809371755303, 51.503557673842685 ], [ -0.124665622305709, 51.504365483303715 ], [ -0.124858559060062, 51.509666354454446 ], [ -0.123998588062133, 51.510188404561035 ], [ -0.120009424096176, 51.510787957183339 ], [ -0.115920376006445, 51.507219069626458 ], [ -0.120809371755303, 51.503557673842685 ] ] ] } },
{ "type": "Feature", "properties": { "NLC": 543, "total_activity": 3657.8552352026732, "log_total_activity": 8.2049056002033716, "direction_balance": -0.69396199362074529, "post_2300_share": 0.14562553990006619, "midnight_share_common_window": 0.056520067938778298, "night_tube_extension_share": 0.039808961956529998, "post_0100_share": 0.025705306756348498, "common_window_persistence": 0.081203291041394399, "weekend_common_ratio": 0.59995834419279692, "volume_band": "low", "cluster": 0, "Station": "Chesham", "mode_label": "LU", "tot_entry": 559.72136190267315, "tot_exit": 3098.1338732999989, "easting": 496079.3711, "northing": 201633.0847, "lon": -0.61098040239473517, "lat": 51.705221617961683, "coord_source": "underground_stations_csv", "catchment_area_m2": 2007391.0339493849, "station_in_lnwc_extent": false }, "geometry": { "type": "Polygon", "coordinates": [ [ [ -0.599484352014963, 51.704380076993978 ], [ -0.599672550801149, 51.703684032358524 ], [ -0.599969639048186, 51.703002800068681 ], [ -0.600372751192866, 51.702342939923902 ], [ -0.600878001210283, 51.701710805649213 ], [ -0.60148052018562, 51.701112483747238 ], [ -0.602174503322724, 51.700553734931546 ], [ -0.602953265932229, 51.700039938703796 ], [ -0.603809307856761, 51.699576041605908 ], [ -0.604734385710983, 51.699166509643426 ], [ -0.605719592240369, 51.698815285336103 ], [ -0.606755442035612, 51.698525749806727 ], [ -0.607831962779771, 51.698300690271232 ], [ -0.60893879115333, 51.698142273241281 ], [ -0.610065272478699, 51.698052023695361 ], [ -0.611200563150659, 51.698030810417968 ], [ -0.612333734873199, 51.698078837646818 ], [ -0.613453879706292, 51.698195643108185 ], [ -0.614550214918573, 51.698380102459012 ], [ -0.615612186643687, 51.69863044009368 ], [ -0.616629571349215, 51.698944246211632 ], [ -0.617592574147538, 51.699318499983491 ], [ -0.618491923007494, 51.699749598593563 ], [ -0.619318957964073, 51.700233391880971 ], [ -0.620065714470296, 51.700765222248471 ], [ -0.620725000090385, 51.7013399694562 ], [ -0.621290463796035, 51.701952099871846 ], [ -0.621756657197318, 51.702595719705009 ], [ -0.622119087115936, 51.703264631715342 ], [ -0.622374258990634, 51.70395239485039 ], [ -0.622519710691603, 51.704652386240461 ], [ -0.622554036412099, 51.705357864954841 ], [ -0.622476900400282, 51.706062036906495 ], [ -0.622289040391599, 51.706758120280455 ], [ -0.621992260701032, 51.707439410856239 ], [ -0.621589415034138, 51.708099346594466 ], [ -0.621084379175232, 51.708731570865076 ], [ -0.620482013809138, 51.709329993706987 ], [ -0.619788117828891, 51.709888850527548 ], [ -0.619009372574469, 51.710402757674565 ], [ -0.618153277536295, 51.710866764343521 ], [ -0.617228078140833, 51.71127640031812 ], [ -0.616242686313371, 51.711627719081491 ], [ -0.615206594584115, 51.711917335880962 ], [ -0.614129784567394, 51.712142460377386 ], [ -0.613022630699308, 51.712300923562751 ], [ -0.611895800166019, 51.712391198684799 ], [ -0.610760149992613, 51.712412415976182 ], [ -0.60962662229054, 51.71236437104492 ], [ -0.608506138679924, 51.712247526845026 ], [ -0.607409494911159, 51.712063009208251 ], [ -0.606347256708257, 51.711812595980163 ], [ -0.605329657844226, 51.711498699866262 ], [ -0.604366501436676, 51.711124345154445 ], [ -0.603467065419887, 51.710693138539511 ], [ -0.602640013108253, 51.710209234332822 ], [ -0.601893309715697, 51.709677294394282 ], [ -0.60123414563687, 51.709102443174416 ], [ -0.600668867229308, 51.708490218302742 ], [ -0.600202915762042, 51.707846517199499 ], [ -0.599840775115977, 51.70717754022823 ], [ -0.59958592873579, 51.706489730937768 ], [ -0.599440826242717, 51.705789713971569 ], [ -0.59940686002364, 51.705084231243191 ], [ -0.599484352014963, 51.704380076993978 ] ] ] } },
{ "type": "Feature", "properties": { "NLC": 544, "total_activity": 944.06538964813103, "log_total_activity": 6.8512541204947004, "direction_balance": -0.65826380548375552, "post_2300_share": 0.080688060235417094, "midnight_share_common_window": 0.019678932462287298, "night_tube_extension_share": 0.0, "post_0100_share": 0.0, "common_window_persistence": 0.026889411895241699, "weekend_common_ratio": 0.47951017575305083, "volume_band": "low", "cluster": 0, "Station": "Chigwell", "mode_label": "LU", "tot_entry": 161.310656816424, "tot_exit": 782.7547328317072, "easting": 543795.2009000001, "northing": 193021.03900000101, "lon": 0.075594974989197594, "lat": 51.61765286220907, "coord_source": "underground_stations_csv", "catchment_area_m2": 1893706.6215227162, "station_in_lnwc_extent": false }, "geometry": { "type": "Polygon", "coordinates": [ [ [ 0.080748253724684, 51.611216983208607 ], [ 0.079710232459216, 51.610933528024994 ], [ 0.078632596168573, 51.610714774688091 ], [ 0.077525718861791, 51.610562829019926 ], [ 0.076400255658064, 51.610479153722693 ], [ 0.075267040353185, 51.610464554316017 ], [ 0.074136981277345, 51.610519171391587 ], [ 0.07302095643983, 51.610642479259361 ], [ 0.071929708962834, 51.610833290998883 ], [ 0.070873743803938, 51.611089769866616 ], [ 0.069863226754783, 51.611409446951299 ], [ 0.068907886682229, 51.611789244907747 ], [ 0.068016921947961, 51.612225507542753 ], [ 0.067198911903403, 51.612714034969741 ], [ 0.066461734309199, 51.613250123996231 ], [ 0.065812489472905, 51.613828613356567 ], [ 0.065257431835271, 51.61444393335799 ], [ 0.064801909665287, 51.615090159462888 ], [ 0.064450313447482, 51.61576106929428 ], [ 0.064206033462588, 51.616450202517079 ], [ 0.064071426975334, 51.617150923020425 ], [ 0.064047795351596, 51.61785648280307 ], [ 0.064135371332197, 51.618560086948094 ], [ 0.064333316593381, 51.619254959061223 ], [ 0.064639729625038, 51.619934406542804 ], [ 0.065051663858344, 51.620591885064222 ], [ 0.065565155875312, 51.621221061627132 ], [ 0.066175263435065, 51.621815875596702 ], [ 0.066876112956132, 51.622370597119584 ], [ 0.067660956001874, 51.622879882362064 ], [ 0.068522234228171, 51.623338825034082 ], [ 0.069451652169567, 51.623743003700888 ], [ 0.070440257163083, 51.624088524424025 ], [ 0.071478525638717, 51.624372058318869 ], [ 0.072556454942825, 51.624590873664843 ], [ 0.073663659806031, 51.624742862257023 ], [ 0.074789472521325, 51.624826559743575 ], [ 0.075923045861383, 51.624841159752158 ], [ 0.077053457736921, 51.624786521668042 ], [ 0.078169816580755, 51.62466317198848 ], [ 0.079261366435016, 51.624472299240843 ], [ 0.080317590721933, 51.624215742513115 ], [ 0.081328313691721, 51.623895973708706 ], [ 0.082283798564104, 51.623516073697516 ], [ 0.083174841412825, 51.623079702594687 ], [ 0.083992859884565, 51.622591064455101 ], [ 0.084729975894829, 51.622054866725939 ], [ 0.0853790915027, 51.621476274850174 ], [ 0.085933957233605, 51.620860862460198 ], [ 0.086389232193421, 51.620214557644061 ], [ 0.086740535397769, 51.619543585803562 ], [ 0.086756900440798, 51.619497354494193 ], [ 0.081167720544197, 51.611363579182317 ], [ 0.080748253724684, 51.611216983208607 ] ] ] } },
{ "type": "Feature", "properties": { "NLC": 545, "total_activity": 7480.91863119764, "log_total_activity": 8.9202445395746484, "direction_balance": -0.2902979300311902, "post_2300_share": 0.11356295422900919, "midnight_share_common_window": 0.038614149869738601, "night_tube_extension_share": 0.0152620234169358, "post_0100_share": 0.0082570757414789, "common_window_persistence": 0.055230342537149001, "weekend_common_ratio": 0.61986497625095172, "volume_band": "low", "cluster": 0, "Station": "Chiswick Park", "mode_label": "LU", "tot_entry": 2654.6117189146003, "tot_exit": 4826.3069122830366, "easting": 520293.2801, "northing": 178723.68019999901, "lon": -0.26857152550054481, "lat": 51.494667485901772, "coord_source": "underground_stations_csv", "catchment_area_m2": 672783.20787305688, "station_in_lnwc_extent": true }, "geometry": { "type": "Polygon", "coordinates": [ [ [ -0.261475848326621, 51.489001536771887 ], [ -0.262399620512087, 51.488594677052852 ], [ -0.263382808064236, 51.48824629538926 ], [ -0.264415945039459, 51.48795974555064 ], [ -0.265489085251328, 51.487737786024475 ], [ -0.265586724885016, 51.487724042677634 ], [ -0.275178691263963, 51.496111564867412 ], [ -0.261742686776922, 51.498232368768342 ], [ -0.261258362457698, 51.489118846244601 ], [ -0.261475848326621, 51.489001536771887 ] ] ] } },
{ "type": "Feature", "properties": { "NLC": 546, "total_activity": 3946.174511664658, "log_total_activity": 8.2807552884337774, "direction_balance": -0.4850669117944354, "post_2300_share": 0.119037600006654, "midnight_share_common_window": 0.046932682375813599, "night_tube_extension_share": 0.0146523330776835, "post_0100_share": 0.0072064944852537997, "common_window_persistence": 0.0662046707839926, "weekend_common_ratio": 0.66903127559170661, "volume_band": "low", "cluster": 0, "Station": "Chorleywood", "mode_label": "LU", "tot_entry": 1016.007913944784, "tot_exit": 2930.1665977198732, "easting": 502580.7743, "northing": 196094.9067, "lon": -0.51855303101821815, "lat": 51.654293984511988, "coord_source": "underground_stations_csv", "catchment_area_m2": 2007391.0339493849, "station_in_lnwc_extent": false }, "geometry": { "type": "Polygon", "coordinates": [ [ [ -0.507071755546086, 51.653443508014064 ], [ -0.507261140869773, 51.652747615338193 ], [ -0.507559261890812, 51.652066619575685 ], [ -0.507963243121733, 51.65140707824397 ], [ -0.50846919019069, 51.650775341994823 ], [ -0.509072227492769, 51.650177493495988 ], [ -0.509766545262102, 51.649619288901739 ], [ -0.510545455607007, 51.649106102473816 ], [ -0.511401456965256, 51.648642874883976 ], [ -0.512326306356953, 51.64823406569392 ], [ -0.513311098738843, 51.647883610467645 ], [ -0.514346352697001, 51.647594882927194 ], [ -0.515422101655228, 51.647370662513715 ], [ -0.51652798972474, 51.647213107664705 ], [ -0.51765337127717, 51.647123735062621 ], [ -0.518787413288123, 51.647103405053592 ], [ -0.519919199472513, 51.647152313375763 ], [ -0.52103783521622, 51.647269989276076 ], [ -0.522132552301109, 51.647455300033997 ], [ -0.523192812422379, 51.647706461848472 ], [ -0.524208408508466, 51.648021056984632 ], [ -0.52516956287425, 51.648396057016079 ], [ -0.526067021267928, 51.648827851940361 ], [ -0.52689214191033, 51.649312284889554 ], [ -0.527636978672439, 51.649844692103521 ], [ -0.528294357591871, 51.650419947783213 ], [ -0.528857945991823, 51.651032513394497 ], [ -0.529322313535643, 51.651676490949889 ], [ -0.529682984626511, 51.652345679757396 ], [ -0.529936481643615, 51.653033636091806 ], [ -0.53008035859334, 51.653733735215582 ], [ -0.530113224845241, 51.654439235153355 ], [ -0.530034758717319, 51.65514334160693 ], [ -0.529845710772349, 51.655839273386022 ], [ -0.529547896785928, 51.656520327724834 ], [ -0.52914418044636, 51.657179944854832 ], [ -0.528638445945862, 51.657811771211449 ], [ -0.528035560720463, 51.658409720664096 ], [ -0.527341328691806, 51.658968033178922 ], [ -0.52656243445661, 51.659481330346885 ], [ -0.52570637895801, 51.659944667240495 ], [ -0.524781407256486, 51.660353580097613 ], [ -0.523796429095589, 51.660704129370345 ], [ -0.522760933028628, 51.66099293772254 ], [ -0.521684894935904, 51.661217222607426 ], [ -0.520578681817483, 51.661374823109959 ], [ -0.519452951793175, 51.661464220793249 ], [ -0.518318551278959, 51.661484554347297 ], [ -0.517186410337, 51.661435627897738 ], [ -0.516067437214554, 51.661317912894191 ], [ -0.514972413095033, 51.66113254355998 ], [ -0.513911888082408, 51.660881305947186 ], [ -0.512896079427871, 51.660566620703541 ], [ -0.511934772985424, 51.660191519718268 ], [ -0.511037228851092, 51.659759616873394 ], [ -0.510212092099009, 51.659275073184169 ], [ -0.509467309477278, 51.658742556666432 ], [ -0.508810052867693, 51.658167197319685 ], [ -0.508246650246761, 51.657554537661966 ], [ -0.507782524811747, 51.656910479294837 ], [ -0.507422142855367, 51.656241226015908 ], [ -0.507168970887157, 51.655553224027983 ], [ -0.507025442409285, 51.654853099822994 ], [ -0.50699293466062, 51.654147596340216 ], [ -0.507071755546086, 51.653443508014064 ] ] ] } },
{ "type": "Feature", "properties": { "NLC": 547, "total_activity": 43497.499876009177, "log_total_activity": 10.680481730873147, "direction_balance": -0.26774714199301142, "post_2300_share": 0.23771784565007201, "midnight_share_common_window": 0.063625767986984799, "night_tube_extension_share": 0.1393069987219899, "post_0100_share": 0.077831046908891505, "common_window_persistence": 0.1066911739332579, "weekend_common_ratio": 0.96471511354619921, "volume_band": "high", "cluster": 3, "Station": "Clapham Common", "mode_label": "LU", "tot_entry": 15925.584300183176, "tot_exit": 27571.915575826009, "easting": 529504.8104, "northing": 175338.249199999, "lon": -0.13719253566731909, "lat": 51.462210512594631, "coord_source": "underground_stations_csv", "catchment_area_m2": 1141951.1545578605, "station_in_lnwc_extent": true }, "geometry": { "type": "Polygon", "coordinates": [ [ [ -0.127786394037762, 51.458063867226102 ], [ -0.12848233432415, 51.457507920005717 ], [ -0.129262132763233, 51.456997259488631 ], [ -0.130118279312687, 51.456536802030435 ], [ -0.13104252965515, 51.456130980529906 ], [ -0.132025984563072, 51.455783701797621 ], [ -0.133059175533625, 51.4554983089877 ], [ -0.134132155871581, 51.455277549452482 ], [ -0.135234596347021, 51.455123548327727 ], [ -0.136087124931976, 51.455058344826959 ], [ -0.148324118245658, 51.460391033899086 ], [ -0.148537522979339, 51.460986732057073 ], [ -0.1486750052439, 51.4616872529582 ], [ -0.148701908421021, 51.462392818426061 ], [ -0.1486179683103, 51.463096633503646 ], [ -0.14842398825907, 51.463791919781585 ], [ -0.148121831619513, 51.464471980688742 ], [ -0.147714403987388, 51.465130266006334 ], [ -0.147205625386348, 51.46576043498316 ], [ -0.147189127475428, 51.465776680994807 ], [ -0.138327539212154, 51.466289259123229 ], [ -0.127339439043794, 51.458503812136058 ], [ -0.127786394037762, 51.458063867226102 ] ] ] } },
{ "type": "Feature", "properties": { "NLC": 548, "total_activity": 28327.994884416548, "log_total_activity": 10.251641113353539, "direction_balance": -0.2926298914580393, "post_2300_share": 0.22221980913798259, "midnight_share_common_window": 0.059220419608575402, "night_tube_extension_share": 0.099770470345386997, "post_0100_share": 0.055271509488441901, "common_window_persistence": 0.098903730778598598, "weekend_common_ratio": 0.98666563510252336, "volume_band": "high", "cluster": 3, "Station": "Clapham North", "mode_label": "LU", "tot_entry": 10019.188408082928, "tot_exit": 18308.806476333611, "easting": 530038.9661, "northing": 175743.4515, "lon": -0.1293589507032176, "lat": 51.46572960060881, "coord_source": "underground_stations_csv", "catchment_area_m2": 552732.92476357229, "station_in_lnwc_extent": true }, "geometry": { "type": "Polygon", "coordinates": [ [ [ -0.125226442696511, 51.459017133072123 ], [ -0.126299541945066, 51.458796446590306 ], [ -0.12645170614309, 51.458775203734682 ], [ -0.132868072204256, 51.468842850680659 ], [ -0.130591798280775, 51.470553006111885 ], [ -0.120820640747668, 51.466605135953074 ], [ -0.124887376167693, 51.459110758350853 ], [ -0.125226442696511, 51.459017133072123 ] ] ] } },
{ "type": "Feature", "properties": { "NLC": 549, "total_activity": 28790.350817705537, "log_total_activity": 10.26783030218964, "direction_balance": -0.43638281583786992, "post_2300_share": 0.16991973282024109, "midnight_share_common_window": 0.047056821293357101, "night_tube_extension_share": 0.079392442712580405, "post_0100_share": 0.038033952883343297, "common_window_persistence": 0.072967912169252899, "weekend_common_ratio": 0.70203697327807879, "volume_band": "high", "cluster": 4, "Station": "Clapham South", "mode_label": "LU", "tot_entry": 8113.3682294575356, "tot_exit": 20676.982588248, "easting": 528834.0334, "northing": 174322.7074, "lon": -0.1472124126324337, "lat": 51.453236952455363, "coord_source": "underground_stations_csv", "catchment_area_m2": 1692061.2719411927, "station_in_lnwc_extent": true }, "geometry": { "type": "Polygon", "coordinates": [ [ [ -0.135789468123084, 51.452350718332298 ], [ -0.135983586642151, 51.451655453122612 ], [ -0.136285833333143, 51.450975423057606 ], [ -0.13669329306274, 51.450317176337812 ], [ -0.137202038049564, 51.449687051135385 ], [ -0.137807165833754, 51.449091114596406 ], [ -0.138502846604248, 51.448535104461193 ], [ -0.139282379423599, 51.448024373862445 ], [ -0.140138256805799, 51.447563839831261 ], [ -0.141062237023472, 51.447157936004267 ], [ -0.142045423447869, 51.446810569985111 ], [ -0.14232348049817, 51.446733720773814 ], [ -0.157584469498071, 51.450130886383995 ], [ -0.157954403395143, 51.450653185324647 ], [ -0.158308086540246, 51.451323464270381 ], [ -0.158554925287898, 51.452012175478941 ], [ -0.158692537792374, 51.452712686914012 ], [ -0.158719593794936, 51.45341825260099 ], [ -0.158635827626095, 51.454122077581509 ], [ -0.158442040960344, 51.454817383351553 ], [ -0.158140095289286, 51.455497473153137 ], [ -0.157732894178219, 51.456155796490037 ], [ -0.157224355469951, 51.456786012245807 ], [ -0.156619373697175, 51.457382049794397 ], [ -0.155923773059817, 51.457938167513788 ], [ -0.155144251415848, 51.458449008136881 ], [ -0.154288315821813, 51.458909650404379 ], [ -0.153364210242136, 51.459315656520197 ], [ -0.152380836123153, 51.459663114949791 ], [ -0.151347666598002, 51.459948678147107 ], [ -0.150274655151305, 51.460169594844395 ], [ -0.149172139627226, 51.460323736592223 ], [ -0.14831952892192, 51.460389034413389 ], [ -0.13608253668445, 51.455056344871267 ], [ -0.135869320387722, 51.454460625384698 ], [ -0.135732053456595, 51.453760090845705 ], [ -0.135705352020482, 51.45305452348736 ], [ -0.135789468123084, 51.452350718332298 ] ] ] } },
{ "type": "Feature", "properties": { "NLC": 550, "total_activity": 5979.6170225667611, "log_total_activity": 8.6962790226531119, "direction_balance": -0.50238430364847297, "post_2300_share": 0.1849075975190376, "midnight_share_common_window": 0.0553152549571614, "night_tube_extension_share": 0.079928455259030695, "post_0100_share": 0.041826674203191999, "common_window_persistence": 0.085342899740033604, "weekend_common_ratio": 0.92791990508954658, "volume_band": "low", "cluster": 4, "Station": "Cockfosters", "mode_label": "LU", "tot_entry": 1487.7756443000023, "tot_exit": 4491.8413782667594, "easting": 528140.5216, "northing": 196370.20560000101, "lon": -0.14916314678277609, "lat": 51.651528627657036, "coord_source": "underground_stations_csv", "catchment_area_m2": 1923513.9703284188, "station_in_lnwc_extent": true }, "geometry": { "type": "Polygon", "coordinates": [ [ [ -0.142986584931368, 51.645449638799043 ], [ -0.143974080709703, 51.645102310503354 ], [ -0.145011529147793, 51.64481686332811 ], [ -0.146088942585307, 51.644596045140688 ], [ -0.147195949143383, 51.644441981634571 ], [ -0.148321892450108, 51.644356155892552 ], [ -0.149455934086452, 51.644339394128195 ], [ -0.150587157772972, 51.644391857741738 ], [ -0.151704674301335, 51.644513041766736 ], [ -0.152797726207718, 51.644701779722133 ], [ -0.15385579118751, 51.644956254823498 ], [ -0.154868683262536, 51.645274017446532 ], [ -0.155826650732917, 51.645652008675597 ], [ -0.156720469975841, 51.646086589712382 ], [ -0.157541534192302, 51.646573576863261 ], [ -0.158281936250306, 51.647108281770784 ], [ -0.15893454482844, 51.647685556503689 ], [ -0.159493073126739, 51.648299843074128 ], [ -0.159952139481918, 51.648945226907081 ], [ -0.160307319300527, 51.649615493749437 ], [ -0.160555187805872, 51.650304189472656 ], [ -0.160693353181803, 51.651004682194561 ], [ -0.160720479788023, 51.651710226123605 ], [ -0.160636301216367, 51.652414026511629 ], [ -0.16044162305491, 51.653109305089956 ], [ -0.160138315325634, 51.65378936535879 ], [ -0.159729294660983, 51.654447657100619 ], [ -0.159218496383769, 51.655077839495767 ], [ -0.158610836752871, 51.655673842230421 ], [ -0.157912165732676, 51.656229924007683 ], [ -0.15712921073673, 51.656740727895638 ], [ -0.156269511884156, 51.657201332977444 ], [ -0.155341349390654, 51.657607301803964 ], [ -0.154353663793063, 51.657954723189007 ], [ -0.153315969777012, 51.65824024993352 ], [ -0.152238264440253, 51.65846113111229 ], [ -0.151130930879176, 51.658615238611169 ], [ -0.150004638032234, 51.658701087656688 ], [ -0.148870237751094, 51.658717851139777 ], [ -0.14773866009772, 51.658665367594139 ], [ -0.146620807883192, 51.658544142752184 ], [ -0.145527451471568, 51.658355344663597 ], [ -0.144469124869421, 51.658100792423618 ], [ -0.143456024108932, 51.657782938620969 ], [ -0.142497908909641, 51.657404845675266 ], [ -0.141604008571499, 51.65697015629376 ], [ -0.140782933009956, 51.656483058333684 ], [ -0.140042589792985, 51.655948244410823 ], [ -0.139390107980775, 51.655370866645832 ], [ -0.138831769501747, 51.654756486986038 ], [ -0.138372948724531, 51.654111023583837 ], [ -0.138018060805156, 51.653440693750063 ], [ -0.13793188884547, 51.653200938117003 ], [ -0.142498185313257, 51.645663236614197 ], [ -0.142986584931368, 51.645449638799043 ] ] ] } },
{ "type": "Feature", "properties": { "NLC": 551, "total_activity": 25842.767086211381, "log_total_activity": 10.159824732341027, "direction_balance": -0.55437733337546191, "post_2300_share": 0.15370085421079779, "midnight_share_common_window": 0.043593417222522302, "night_tube_extension_share": 0.063511978538344893, "post_0100_share": 0.0308122337034194, "common_window_persistence": 0.068169745387141101, "weekend_common_ratio": 0.76261875550728009, "volume_band": "high", "cluster": 4, "Station": "Colindale", "mode_label": "LU", "tot_entry": 5758.0613909571812, "tot_exit": 20084.705695254201, "easting": 521318.6301, "northing": 189961.52030000099, "lon": -0.2499380568695295, "lat": 51.595445394197213, "coord_source": "underground_stations_csv", "catchment_area_m2": 1900645.4903005122, "station_in_lnwc_extent": true }, "geometry": { "type": "Polygon", "coordinates": [ [ [ -0.238477292048424, 51.594568833844093 ], [ -0.238670508247396, 51.593873405784308 ], [ -0.238972225531155, 51.593193121313611 ], [ -0.239379533819123, 51.59253453108456 ], [ -0.239888506744687, 51.591903976577463 ], [ -0.240494239612833, 51.591307529070612 ], [ -0.241190896750481, 51.590750931220931 ], [ -0.241971767789098, 51.590239541814974 ], [ -0.242829332334419, 51.589778284220706 ], [ -0.243755332398744, 51.589371599033932 ], [ -0.244740851897997, 51.589023401373005 ], [ -0.245776402449173, 51.588737043231163 ], [ -0.246852014644575, 51.588515281246337 ], [ -0.247957333927805, 51.588360250197496 ], [ -0.249081720153365, 51.588273442480165 ], [ -0.250214349877197, 51.588255693758732 ], [ -0.251344320399961, 51.588307174931352 ], [ -0.252460754568448, 51.588427390485478 ], [ -0.25355290533339, 51.588615183259137 ], [ -0.254610259064231, 51.588868745562756 ], [ -0.25562263663297, 51.589185636555356 ], [ -0.256580291300045, 51.589562805708781 ], [ -0.25747400246512, 51.58999662213585 ], [ -0.258295164384342, 51.590482909501787 ], [ -0.259035869002827, 51.591016986184876 ], [ -0.259688982106428, 51.591593710302035 ], [ -0.26024821205965, 51.592207529167538 ], [ -0.26070817046656, 51.592852532711646 ], [ -0.261064424167827, 51.593522510346119 ], [ -0.261313538069174, 51.594211010731492 ], [ -0.261453108383598, 51.59491140387194 ], [ -0.261481785961069, 51.595616944941185 ], [ -0.261457353205359, 51.59582541787627 ], [ -0.252475070213265, 51.602452562514678 ], [ -0.251919370601472, 51.602530502334119 ], [ -0.250794636265367, 51.602617333785098 ], [ -0.249661649104949, 51.602635084712084 ], [ -0.248531325555643, 51.60258358413212 ], [ -0.247414556337273, 51.602463328303628 ], [ -0.246322101374888, 51.60227547593621 ], [ -0.245264485989181, 51.602021837009659 ], [ -0.244251899363404, 51.601704855309507 ], [ -0.243294096271062, 51.60132758484977 ], [ -0.24240030301639, 51.600893660410748 ], [ -0.241579128497898, 51.600407262478086 ], [ -0.240838481254649, 51.599873076922485 ], [ -0.240185493295893, 51.599296249810962 ], [ -0.239626451447876, 51.598682337787245 ], [ -0.239166736877754, 51.598037254501079 ], [ -0.238810773374345, 51.597367213605182 ], [ -0.238561984879787, 51.596678668870084 ], [ -0.238422762675883, 51.595978251995952 ], [ -0.238394442534973, 51.595272708721168 ], [ -0.238477292048424, 51.594568833844093 ] ] ] } },
{ "type": "Feature", "properties": { "NLC": 552, "total_activity": 23349.774336628721, "log_total_activity": 10.058385424715445, "direction_balance": -0.48508427167366452, "post_2300_share": 0.17321297136041899, "midnight_share_common_window": 0.048508024269824902, "night_tube_extension_share": 0.080538238074439703, "post_0100_share": 0.039441555017515603, "common_window_persistence": 0.075166674923443894, "weekend_common_ratio": 0.77124538220056316, "volume_band": "high", "cluster": 4, "Station": "Colliers Wood", "mode_label": "LU", "tot_entry": 6011.5830294003717, "tot_exit": 17338.191307228339, "easting": 526787.9528, "northing": 170368.2575, "lon": -0.17805799608697151, "lat": 51.418159716964162, "coord_source": "underground_stations_csv", "catchment_area_m2": 1701150.2829709365, "station_in_lnwc_extent": true }, "geometry": { "type": "Polygon", "coordinates": [ [ [ -0.166643109515712, 51.417276565349759 ], [ -0.166836598625531, 51.41658123894819 ], [ -0.167138144415541, 51.415901118593418 ], [ -0.167544838508266, 51.415242753358406 ], [ -0.168052760499512, 51.414612482559612 ], [ -0.168657015856739, 51.414016374748236 ], [ -0.169351783169961, 51.413460169316629 ], [ -0.17013037029568, 51.412949221280819 ], [ -0.170985278850142, 51.412488449768041 ], [ -0.171908276429072, 51.41208229070358 ], [ -0.17289047585817, 51.411734654150266 ], [ -0.173922420712371, 51.411448886708854 ], [ -0.174994176282923, 51.411227739339509 ], [ -0.176095425120206, 51.411073340912154 ], [ -0.177215566237303, 51.410987177738917 ], [ -0.178343817025037, 51.410970079284219 ], [ -0.179469316903826, 51.411022210189351 ], [ -0.18058123172144, 51.411143068688133 ], [ -0.181668857898765, 51.411331491428015 ], [ -0.182721725327979, 51.411585664651753 ], [ -0.183091686254155, 51.411702191218822 ], [ -0.188273645703974, 51.421446812294 ], [ -0.188064795764629, 51.421706110228968 ], [ -0.187460686479093, 51.422302318861433 ], [ -0.186765999517006, 51.422858631707648 ], [ -0.185987423934011, 51.423369689623769 ], [ -0.185132457670284, 51.423830569259913 ], [ -0.18420933534783, 51.424236830535648 ], [ -0.183226948934774, 51.424584559460264 ], [ -0.182194762041868, 51.424870405883176 ], [ -0.181122718679276, 51.425091615809016 ], [ -0.180021147356304, 51.425246057963882 ], [ -0.179239117410863, 51.425306211906999 ], [ -0.167210923546962, 51.420529643487214 ], [ -0.166971170045678, 51.420075173515734 ], [ -0.166724364143887, 51.419386476904194 ], [ -0.166586715660986, 51.41868597087133 ], [ -0.166559545261402, 51.417980402006783 ], [ -0.166643109515712, 51.417276565349759 ] ] ] } },
{ "type": "Feature", "properties": { "NLC": 553, "total_activity": 61910.546917216605, "log_total_activity": 11.033461982749603, "direction_balance": 0.35735070273211511, "post_2300_share": 0.095951278499280104, "midnight_share_common_window": 0.021195853104322399, "night_tube_extension_share": 0.019295901334688802, "post_0100_share": 0.0102686880221988, "common_window_persistence": 0.033678617123799, "weekend_common_ratio": 1.0410102719553331, "volume_band": "high", "cluster": 1, "Station": "Covent Garden", "mode_label": "LU", "tot_entry": 42017.16218230674, "tot_exit": 19893.384734909847, "easting": 530250.6062, "northing": 181025.0034, "lon": -0.1243670278686055, "lat": 51.513144508444505, "coord_source": "underground_stations_csv", "catchment_area_m2": 284915.12177938229, "station_in_lnwc_extent": true }, "geometry": { "type": "Polygon", "coordinates": [ [ [ -0.128407084058492, 51.514100106382877 ], [ -0.125272594452088, 51.516360555582608 ], [ -0.118282808835852, 51.513935903749562 ], [ -0.120009424096176, 51.510787957183339 ], [ -0.123998588062133, 51.510188404561035 ], [ -0.128407084058492, 51.514100106382877 ] ] ] } },
{ "type": "Feature", "properties": { "NLC": 554, "total_activity": 2828.076169495092, "log_total_activity": 7.9477054954690098, "direction_balance": -0.68758411555091725, "post_2300_share": 0.14215693561008449, "midnight_share_common_window": 0.0621758891135498, "night_tube_extension_share": 0.0131443810713847, "post_0100_share": 0.0075312244183112003, "common_window_persistence": 0.088757927596192707, "weekend_common_ratio": 0.55152872774829587, "volume_band": "low", "cluster": 0, "Station": "Croxley", "mode_label": "LU", "tot_entry": 441.76795889109161, "tot_exit": 2386.3082106039988, "easting": 507909.4599, "northing": 195402.8332, "lon": -0.44176805492340049, "lat": 51.647077178580098, "coord_source": "underground_stations_csv", "catchment_area_m2": 2007391.0339493849, "station_in_lnwc_extent": false }, "geometry": { "type": "Polygon", "coordinates": [ [ [ -0.43029020253814, 51.646219220580925 ], [ -0.430480728529433, 51.645523460663469 ], [ -0.430779946205672, 51.64484266841869 ], [ -0.43118496952721, 51.644183399399587 ], [ -0.431691894097504, 51.643552001631598 ], [ -0.432295834910522, 51.642954554519825 ], [ -0.43299097351292, 51.642396810350974 ], [ -0.433770614122301, 51.641884138951745 ], [ -0.434627248157935, 51.641421476033983 ], [ -0.435552626560672, 51.641013275722557 ], [ -0.436537839205269, 51.640663467719854 ], [ -0.437573400641536, 51.640375419517952 ], [ -0.43864934134118, 51.640151904019625 ], [ -0.439755303575568, 51.639995072878222 ], [ -0.4408806410062, 51.63990643581166 ], [ -0.442014521034936, 51.639886846087897 ], [ -0.443146028935179, 51.639936492321162 ], [ -0.444264272768587, 51.640054896657311 ], [ -0.445358488084472, 51.640240919365539 ], [ -0.446418141401146, 51.640492769792786 ], [ -0.447433031479713, 51.640808023576319 ], [ -0.448393387421546, 51.641183645949468 ], [ -0.449289962650283, 51.641616020918271 ], [ -0.450114123877761, 51.642100986029583 ], [ -0.450857934200305, 51.642633872398115 ], [ -0.451514229526931, 51.643209549609068 ], [ -0.452076687603734, 51.643822475066521 ], [ -0.452539888968589, 51.64446674731429 ], [ -0.452899369246514, 51.645136162818368 ], [ -0.453151662278133, 51.645824275665696 ], [ -0.453294333660744, 51.64652445960629 ], [ -0.45332600437282, 51.647229971842542 ], [ -0.453246364247539, 51.647934017952323 ], [ -0.453056175158165, 51.64862981732113 ], [ -0.452757263876994, 51.64931066845336 ], [ -0.452352504669083, 51.649970013533007 ], [ -0.451845791781234, 51.650601501611646 ], [ -0.451242002084642, 51.651199049813634 ], [ -0.450546948225331, 51.651756901967389 ], [ -0.449767322729068, 51.652269684096431 ], [ -0.448910633595792, 51.652732456233593 ], [ -0.447985132002023, 51.6531407600568 ], [ -0.446999732807166, 51.653490661885776 ], [ -0.445963928630431, 51.653778790622702 ], [ -0.444887698328491, 51.654002370269978 ], [ -0.443781410759234, 51.654159246708922 ], [ -0.442655724763596, 51.654247908480968 ], [ -0.441521486334879, 51.654267501368686 ], [ -0.440389623972787, 51.654217836636256 ], [ -0.439271043237441, 51.654099392848757 ], [ -0.438176521526474, 51.653913311253085 ], [ -0.437116604096173, 51.653661384765286 ], [ -0.43610150233517, 51.653346040671053 ], [ -0.435140995276927, 51.652970317207718 ], [ -0.434244335305126, 51.652537834253998 ], [ -0.433420158964558, 51.652052758412893 ], [ -0.432676403739681, 51.651519762824954 ], [ -0.432020231604108, 51.650943982102206 ], [ -0.431457960077578, 51.650330962818501 ], [ -0.430995001453193, 51.649686610035687 ], [ -0.430635810777557, 51.649017130382703 ], [ -0.43038384308079, 51.648328972237799 ], [ -0.43024152026316, 51.647628763591747 ], [ -0.430210207951039, 51.646923248191548 ], [ -0.43029020253814, 51.646219220580925 ] ] ] } },
{ "type": "Feature", "properties": { "NLC": 555, "total_activity": 9097.9094687147517, "log_total_activity": 9.1159098467209478, "direction_balance": -0.51833178360252852, "post_2300_share": 0.1146189413059816, "midnight_share_common_window": 0.038373754398725299, "night_tube_extension_share": 0.017980874892881599, "post_0100_share": 0.0105765622535204, "common_window_persistence": 0.055614978153278198, "weekend_common_ratio": 0.70317523260555082, "volume_band": "medium", "cluster": 0, "Station": "Dagenham East", "mode_label": "LU", "tot_entry": 2191.0869133707506, "tot_exit": 6906.8225553440025, "easting": 550293.9749, "northing": 185030.270500001, "lon": 0.16597604681459349, "lat": 51.544160436228381, "coord_source": "underground_stations_csv", "catchment_area_m2": 1918035.7210223645, "station_in_lnwc_extent": true }, "geometry": { "type": "Polygon", "coordinates": [ [ [ 0.177414656207289, 51.543243499034475 ], [ 0.177215356829923, 51.542548825802449 ], [ 0.176907828638225, 51.541869677666639 ], [ 0.176495037621371, 51.541212594312512 ], [ 0.175980962883901, 51.540583902688674 ], [ 0.175370558182648, 51.539989656117967 ], [ 0.174669704106652, 51.539435576051488 ], [ 0.173885151364916, 51.538926997024298 ], [ 0.173024455731193, 51.538468815340771 ], [ 0.172095905273933, 51.538065441981658 ], [ 0.171108440572354, 51.537720760183767 ], [ 0.170071568685636, 51.537438088098718 ], [ 0.16899527170102, 51.537220146888046 ], [ 0.167889910737464, 51.537069034560268 ], [ 0.166766126324079, 51.536986205799693 ], [ 0.165634736106574, 51.536972457980596 ], [ 0.164506630859918, 51.537027923499956 ], [ 0.163392669801282, 51.537152068502529 ], [ 0.162303576203892, 51.537343698010261 ], [ 0.16124983430966, 51.537600967407364 ], [ 0.160241588526305, 51.537921400171165 ], [ 0.159288545873401, 51.538301911679213 ], [ 0.158399882611378, 51.538738838865214 ], [ 0.15816897920989, 51.538877297774441 ], [ 0.15532577514573, 51.546900424881862 ], [ 0.155455673428764, 51.547107349014183 ], [ 0.155969544069269, 51.547736132380692 ], [ 0.15657980564862, 51.548330480924193 ], [ 0.157280583077875, 51.54888466927477 ], [ 0.158065128593523, 51.549393358736118 ], [ 0.158925886699508, 51.549851648759898 ], [ 0.159854566926604, 51.550255124201911 ], [ 0.160842223708614, 51.550599897902366 ], [ 0.161879342604818, 51.550882648177875 ], [ 0.162955932035534, 51.551100650862089 ], [ 0.164061619643268, 51.551251805584108 ], [ 0.165185752346155, 51.551334656030427 ], [ 0.166317499113912, 51.551348403993366 ], [ 0.167445955469545, 51.551292917070477 ], [ 0.16856024870296, 51.551168729939512 ], [ 0.169649642775636, 51.550977039197477 ], [ 0.170703641898568, 51.55071969181337 ], [ 0.171712091778879, 51.550399167306871 ], [ 0.172665277553666, 51.550018553826021 ], [ 0.173554017462406, 51.5495815183559 ], [ 0.174369751351491, 51.549092271346957 ], [ 0.175104623155499, 51.548555526106135 ], [ 0.175751556559232, 51.547976453343949 ], [ 0.176304323111717, 51.547360631317837 ], [ 0.176757602137554, 51.546713992053832 ], [ 0.177107031871387, 51.546042764167119 ], [ 0.177349251327184, 51.545353412833947 ], [ 0.177481932504342, 51.544652577494283 ], [ 0.177503802626705, 51.543947007887034 ], [ 0.177414656207289, 51.543243499034475 ] ] ] } },
{ "type": "Feature", "properties": { "NLC": 556, "total_activity": 16823.395199294089, "log_total_activity": 9.7305852073167074, "direction_balance": -0.5327266368385597, "post_2300_share": 0.110738426612023, "midnight_share_common_window": 0.039902580420400603, "night_tube_extension_share": 0.0164868610889757, "post_0100_share": 0.010450185988125599, "common_window_persistence": 0.058127452083288497, "weekend_common_ratio": 0.65560071981034584, "volume_band": "medium", "cluster": 0, "Station": "Dagenham Heathway", "mode_label": "LU", "tot_entry": 3930.5622272840906, "tot_exit": 12892.832972010005, "easting": 549022.5413, "northing": 184709.7413, "lon": 0.14751917346847759, "lat": 51.541617327806051, "coord_source": "underground_stations_csv", "catchment_area_m2": 1868864.2987779141, "station_in_lnwc_extent": true }, "geometry": { "type": "Polygon", "coordinates": [ [ [ 0.158038825080659, 51.538671133148632 ], [ 0.157525032058999, 51.538042357084642 ], [ 0.156914899984651, 51.537448011028651 ], [ 0.156214306823916, 51.536893817390514 ], [ 0.155430000776199, 51.536385111799468 ], [ 0.154569535242843, 51.535926791778977 ], [ 0.153641196079793, 51.535523269641963 ], [ 0.152653921834836, 51.535178430057705 ], [ 0.151617217736229, 51.534895592696806 ], [ 0.150541064258312, 51.534677480311764 ], [ 0.149435821140571, 51.534526192558509 ], [ 0.148312127779268, 51.534443185809778 ], [ 0.14718080094471, 51.534429259152638 ], [ 0.146052730802296, 51.534484546705109 ], [ 0.144938776231282, 51.534608516324532 ], [ 0.143849660441897, 51.534799974720634 ], [ 0.142795867888586, 51.535057078924332 ], [ 0.141787543465145, 51.535377354002797 ], [ 0.140834394946143, 51.5357577168513 ], [ 0.139945599608753, 51.536194505834544 ], [ 0.139129715929893, 51.536683515993957 ], [ 0.138394601206056, 51.537220039483742 ], [ 0.137980324200918, 51.537590543561699 ], [ 0.136879997819468, 51.544374244501455 ], [ 0.136998140268461, 51.544562593062672 ], [ 0.137511729029841, 51.545191460808518 ], [ 0.138121717787159, 51.545785908790947 ], [ 0.138822234081706, 51.546340210683141 ], [ 0.139606532668005, 51.546849026695725 ], [ 0.14046706043145, 51.54730745506177 ], [ 0.141395529124632, 51.547711079304719 ], [ 0.142382995221996, 51.548056010831431 ], [ 0.143419946122502, 51.548338926437964 ], [ 0.144496391867353, 51.548557100364931 ], [ 0.145601961485407, 51.548708430591297 ], [ 0.146726003033181, 51.548791459112238 ], [ 0.14785768635975, 51.548805386003885 ], [ 0.14898610759993, 51.548750077139211 ], [ 0.150100394381972, 51.548626065479951 ], [ 0.151189810728963, 51.548434545931947 ], [ 0.152243860636194, 51.54817736381424 ], [ 0.153252389319906, 51.547856997053913 ], [ 0.15420568115592, 51.547476532278971 ], [ 0.155094553359473, 51.547039635041621 ], [ 0.155325506873458, 51.546901181777919 ], [ 0.158168711028223, 51.538878054676871 ], [ 0.158038825080659, 51.538671133148632 ] ] ] } },
{ "type": "Feature", "properties": { "NLC": 557, "total_activity": 5783.6556596935006, "log_total_activity": 8.6629641148991716, "direction_balance": -0.49365240594178189, "post_2300_share": 0.13146425207322829, "midnight_share_common_window": 0.046140738316317903, "night_tube_extension_share": 0.0210613801057443, "post_0100_share": 0.013109034321558801, "common_window_persistence": 0.0662204824509776, "weekend_common_ratio": 0.59911314766120061, "volume_band": "low", "cluster": 0, "Station": "Debden", "mode_label": "LU", "tot_entry": 1464.2700640735002, "tot_exit": 4319.3855956199986, "easting": 544272.9229, "northing": 196121.78209999899, "lon": 0.083766896562363205, "lat": 51.645391879390402, "coord_source": "underground_stations_csv", "catchment_area_m2": 2007391.0339494327, "station_in_lnwc_extent": false }, "geometry": { "type": "Polygon", "coordinates": [ [ [ 0.095232803505785, 51.644482670052611 ], [ 0.095034266318009, 51.643787859414047 ], [ 0.094727230084725, 51.643108500801418 ], [ 0.094314656090853, 51.642451135929178 ], [ 0.093800521383184, 51.641822094457417 ], [ 0.093189780325884, 51.641227433076885 ], [ 0.092488316773415, 51.640672877230685 ], [ 0.09170288732584, 51.640163766031534 ], [ 0.090841056216054, 51.639705000903355 ], [ 0.089911122457653, 51.639300998439069 ], [ 0.08892203995521, 51.638955647926608 ], [ 0.087883331345015, 51.638672273949616 ], [ 0.086804996393285, 51.638453604421017 ], [ 0.085697415829924, 51.638301744355182 ], [ 0.084571251538707, 51.638218155629843 ], [ 0.083437344058886, 51.638203642931103 ], [ 0.08230660837837, 51.638258346016016 ], [ 0.081189929014626, 51.638381738367173 ], [ 0.080098055386111, 51.638572632251488 ], [ 0.079041498474395, 51.638829190135688 ], [ 0.078030429765057, 51.639148942349017 ], [ 0.0770745834342, 51.639528810824402 ], [ 0.076183162717059, 51.639965138691167 ], [ 0.075364751356058, 51.640453725436224 ], [ 0.074627230978022, 51.640989867297336 ], [ 0.073977705194578, 51.641568402501591 ], [ 0.073422431156515, 51.642183760915998 ], [ 0.072966759222556, 51.642830017634004 ], [ 0.072615081326323, 51.643500949984634 ], [ 0.072370788542775, 51.644190097416406 ], [ 0.072236238268068, 51.644890823681699 ], [ 0.072212731335118, 51.645596380723603 ], [ 0.072300499292222, 51.646299973651082 ], [ 0.072498701974685, 51.646994826177092 ], [ 0.072805435400484, 51.647674245889519 ], [ 0.07321774992142, 51.648331688725854 ], [ 0.0737316784621, 51.648960822029913 ], [ 0.074342274581242, 51.649555585581851 ], [ 0.075043659994278, 51.65011025001219 ], [ 0.075829081103998, 51.650619472035388 ], [ 0.076690973997929, 51.651078345968607 ], [ 0.077621037288149, 51.651482451037623 ], [ 0.078610312092247, 51.651827894011447 ], [ 0.07964926838389, 51.652111346753216 ], [ 0.080727896878604, 51.652330078323104 ], [ 0.08183580556579, 51.652481981322524 ], [ 0.082962319952059, 51.652565592223823 ], [ 0.084096586044199, 51.652580105488724 ], [ 0.085227675073031, 51.652525381338378 ], [ 0.086344688942109, 51.652401947099769 ], [ 0.087436865378121, 51.65221099211567 ], [ 0.088493681762776, 51.651954356267346 ], [ 0.089504956639092, 51.651634512221719 ], [ 0.090460947908089, 51.651254541574922 ], [ 0.09135244676464, 51.650818105124031 ], [ 0.092170866463468, 51.650329407554942 ], [ 0.092908325057332, 51.649793156888784 ], [ 0.093557721308939, 51.649214519079791 ], [ 0.094112803045335, 51.648599068204028 ], [ 0.094568227297842, 51.647952732721244 ], [ 0.094919611651101, 51.647281738329333 ], [ 0.095163576310842, 51.646592547963969 ], [ 0.095297776490522, 51.64589179952273 ], [ 0.09532092481118, 51.645186241914644 ], [ 0.095232803505785, 51.644482670052611 ] ] ] } },
{ "type": "Feature", "properties": { "NLC": 558, "total_activity": 12178.695248356938, "log_total_activity": 9.4075255202905161, "direction_balance": -0.4447627713722031, "post_2300_share": 0.15973255912774309, "midnight_share_common_window": 0.044358628105476403, "night_tube_extension_share": 0.069323302146188495, "post_0100_share": 0.033867440731310101, "common_window_persistence": 0.069366227769846397, "weekend_common_ratio": 0.8291478407238001, "volume_band": "medium", "cluster": 4, "Station": "Dollis Hill", "mode_label": "LU", "tot_entry": 3381.0324990001118, "tot_exit": 8797.6627493568303, "easting": 522189.8506, "northing": 185144.020099999, "lon": -0.23904076572437891, "lat": 51.551961940990857, "coord_source": "underground_stations_csv", "catchment_area_m2": 1511515.1156370419, "station_in_lnwc_extent": true }, "geometry": { "type": "Polygon", "coordinates": [ [ [ -0.232865263695495, 51.545887598378641 ], [ -0.233849916023315, 51.545539481571645 ], [ -0.234884538256993, 51.545253208785908 ], [ -0.235959169921751, 51.54503153583974 ], [ -0.237063465894978, 51.544876596656643 ], [ -0.238186795875332, 51.544789882749313 ], [ -0.239318346578896, 51.544772228879957 ], [ -0.240447225685074, 51.544823805034206 ], [ -0.241562566538538, 51.544944114785146 ], [ -0.242653632606442, 51.54513200006356 ], [ -0.243709920692404, 51.545385652288417 ], [ -0.244721261920327, 51.545702629751602 ], [ -0.245677919521966, 51.546079881090712 ], [ -0.246570682492044, 51.546513774625105 ], [ -0.247390954213368, 51.547000133275226 ], [ -0.248082437507464, 51.547499335557859 ], [ -0.242126936342236, 51.558891510907088 ], [ -0.242123274797253, 51.558892266194555 ], [ -0.241018654173081, 51.559047249604497 ], [ -0.239894976921471, 51.559133987151036 ], [ -0.238763069671783, 51.559151643163432 ], [ -0.237633838446478, 51.559100047573743 ], [ -0.23651816343263, 51.558979697555763 ], [ -0.235426794004682, 51.558791752726144 ], [ -0.23437024501697, 51.558538023954469 ], [ -0.233358695371902, 51.558220955890491 ], [ -0.232401889847074, 51.557843603378323 ], [ -0.231509045132372, 51.557409601986649 ], [ -0.230688760986382, 51.556923132939943 ], [ -0.229948937370884, 51.556388882791289 ], [ -0.229296698363185, 51.555811998227249 ], [ -0.228939115398773, 51.555418819555321 ], [ -0.232821198085122, 51.545906964745704 ], [ -0.232865263695495, 51.545887598378641 ] ] ] } },
{ "type": "Feature", "properties": { "NLC": 559, "total_activity": 9824.2325053553159, "log_total_activity": 9.1927091011246684, "direction_balance": -0.18950723873192399, "post_2300_share": 0.18234910047001079, "midnight_share_common_window": 0.073931503568095094, "night_tube_extension_share": 0.012673360968841, "post_0100_share": 0.0080856173460324005, "common_window_persistence": 0.1226463211823714, "weekend_common_ratio": 0.87035227383276259, "volume_band": "medium", "cluster": 3, "Station": "West Silvertown", "mode_label": "DLR", "tot_entry": 3981.2346653025079, "tot_exit": 5842.9978400528007, "easting": 540490.0, "northing": 180152.0, "lon": 0.02275, "lat": 51.50285, "coord_source": "naptan_rse_tmu", "catchment_area_m2": 1030161.2598551851, "station_in_lnwc_extent": true }, "geometry": { "type": "Polygon", "coordinates": [ [ [ 0.026862045100754, 51.496131250767412 ], [ 0.025787374888124, 51.495911975790705 ], [ 0.024683454696837, 51.495759496623819 ], [ 0.023560911202488, 51.495675281106173 ], [ 0.022430550117818, 51.495660139957948 ], [ 0.021303252319604, 51.495714218984531 ], [ 0.020189869256442, 51.495836997673003 ], [ 0.019101118637117, 51.49602729419334 ], [ 0.018047481396744, 51.49628327675731 ], [ 0.017039100925887, 51.496602481226134 ], [ 0.01608568552675, 51.49698183479871 ], [ 0.015196415030386, 51.497417685554012 ], [ 0.014821419180374, 51.497641865068339 ], [ 0.012753845537121, 51.504065931308048 ], [ 0.023108729297984, 51.506671065487694 ], [ 0.028303741198446, 51.505318215398127 ], [ 0.027492529206795, 51.496304217793096 ], [ 0.026862045100754, 51.496131250767412 ] ] ] } },
{ "type": "Feature", "properties": { "NLC": 560, "total_activity": 68851.427652816972, "log_total_activity": 11.139720763561572, "direction_balance": -0.38075545262842858, "post_2300_share": 0.13857965935157471, "midnight_share_common_window": 0.033119433499007797, "night_tube_extension_share": 0.065156499992231304, "post_0100_share": 0.032675147255703897, "common_window_persistence": 0.049221002019312197, "weekend_common_ratio": 0.87742219173681557, "volume_band": "high", "cluster": 4, "Station": "Ealing Broadway", "mode_label": "EZL,LU", "tot_entry": 21317.93557637756, "tot_exit": 47533.492076439412, "easting": 517989.3481, "northing": 180932.526699999, "lon": -0.30100554864828499, "lat": 51.515004541097582, "coord_source": "underground_stations_csv", "catchment_area_m2": 1474899.9295205069, "station_in_lnwc_extent": true }, "geometry": { "type": "Polygon", "coordinates": [ [ [ -0.300142385232163, 51.507832808623824 ], [ -0.301273009532314, 51.507814548373638 ], [ -0.302401059634442, 51.507865520862502 ], [ -0.303515676857965, 51.507985235472511 ], [ -0.304606131632686, 51.508172539861079 ], [ -0.305661926645955, 51.508425631036665 ], [ -0.306672897769955, 51.508742072689721 ], [ -0.30762931180356, 51.509118818613651 ], [ -0.308521960092976, 51.50955224199155 ], [ -0.309342247134005, 51.510038170268594 ], [ -0.30970367951086, 51.510298860932323 ], [ -0.311245400246882, 51.5182890800032 ], [ -0.311043167500537, 51.518540658121523 ], [ -0.310439337374123, 51.519137493974206 ], [ -0.309744629977477, 51.519694527008014 ], [ -0.30896573453438, 51.520206391140007 ], [ -0.308110152041716, 51.520668155250874 ], [ -0.307186123038233, 51.521075370735396 ], [ -0.306202548212545, 51.521424114405107 ], [ -0.305168902616101, 51.521711026327587 ], [ -0.304095144309944, 51.521933342236181 ], [ -0.302991618329028, 51.522088920195344 ], [ -0.301868956894102, 51.522176261263873 ], [ -0.300737976838333, 51.522194523955065 ], [ -0.29960957524341, 51.522143532354001 ], [ -0.298494624297587, 51.522023777813125 ], [ -0.297881359098861, 51.521918436367116 ], [ -0.293402646134316, 51.513348339379895 ], [ -0.299350105526306, 51.507894449880936 ], [ -0.300142385232163, 51.507832808623824 ] ] ] } },
{ "type": "Feature", "properties": { "NLC": 561, "total_activity": 7314.526526185191, "log_total_activity": 8.8977542898365485, "direction_balance": -0.3677702820450609, "post_2300_share": 0.1386777673160233, "midnight_share_common_window": 0.0457638196424646, "night_tube_extension_share": 0.020313292584541301, "post_0100_share": 0.012482917074325601, "common_window_persistence": 0.070043726214617297, "weekend_common_ratio": 0.72906286774295415, "volume_band": "low", "cluster": 4, "Station": "Ealing Common", "mode_label": "LU", "tot_entry": 2312.2305213119907, "tot_exit": 5002.2960048732011, "easting": 518895.9685, "northing": 180345.99620000101, "lon": -0.28814377331699448, "lat": 51.509543255669932, "coord_source": "underground_stations_csv", "catchment_area_m2": 1206672.6915158483, "station_in_lnwc_extent": true }, "geometry": { "type": "Polygon", "coordinates": [ [ [ -0.291745821106996, 51.502711657017464 ], [ -0.292801416584546, 51.502964862381795 ], [ -0.293812175989488, 51.503281413251898 ], [ -0.2947683681568, 51.50365826236964 ], [ -0.295660786566552, 51.504091781924387 ], [ -0.296480837925734, 51.504577798435001 ], [ -0.297220624880794, 51.505111632883271 ], [ -0.297873022066116, 51.505688145714508 ], [ -0.298431744756301, 51.506301786274101 ], [ -0.298891409459935, 51.506946646206693 ], [ -0.299247585868661, 51.507616516305312 ], [ -0.299348685481397, 51.507895752273214 ], [ -0.293402646134316, 51.513348339379895 ], [ -0.284227110344121, 51.513654939436222 ], [ -0.276957216144196, 51.511242614379618 ], [ -0.276790116781542, 51.510780459956969 ], [ -0.276650536997715, 51.510080075619264 ], [ -0.276627304400386, 51.50951269509185 ], [ -0.291536647285958, 51.502675699951645 ], [ -0.291745821106996, 51.502711657017464 ] ] ] } },
{ "type": "Feature", "properties": { "NLC": 562, "total_activity": 70999.694962988986, "log_total_activity": 11.170444944186659, "direction_balance": -0.2213915787620436, "post_2300_share": 0.1442311040354064, "midnight_share_common_window": 0.037571694813925, "night_tube_extension_share": 0.038496640795028098, "post_0100_share": 0.019107305721495899, "common_window_persistence": 0.061183920088569502, "weekend_common_ratio": 0.9655753231799572, "volume_band": "high", "cluster": 4, "Station": "Earl's Court", "mode_label": "LU", "tot_entry": 27640.480201754675, "tot_exit": 43359.214761234303, "easting": 525534.3012, "northing": 178551.8071, "lon": -0.19317540262977839, "lat": 51.49198454803539, "coord_source": "underground_stations_csv", "catchment_area_m2": 637520.21523374273, "station_in_lnwc_extent": true }, "geometry": { "type": "Polygon", "coordinates": [ [ [ -0.200509998941996, 51.496172270525861 ], [ -0.200182037137714, 51.496548974942314 ], [ -0.190413285562333, 51.496113141580679 ], [ -0.184693785650975, 51.487710149899819 ], [ -0.199112958981512, 51.490572694161088 ], [ -0.200509998941996, 51.496172270525861 ] ] ] } },
{ "type": "Feature", "properties": { "NLC": 563, "total_activity": 13792.352531971352, "log_total_activity": 9.5319420545085141, "direction_balance": -0.34787365755811839, "post_2300_share": 0.1493712943731498, "midnight_share_common_window": 0.042999690979463399, "night_tube_extension_share": 0.0642987617570034, "post_0100_share": 0.030505759887629699, "common_window_persistence": 0.065371056327877403, "weekend_common_ratio": 0.76858273306795433, "volume_band": "medium", "cluster": 4, "Station": "East Acton", "mode_label": "LU", "tot_entry": 4497.1782051717528, "tot_exit": 9295.1743267996062, "easting": 521720.9991, "northing": 181197.769, "lon": -0.24716252199343641, "lat": 51.516597450540978, "coord_source": "underground_stations_csv", "catchment_area_m2": 1773801.7734832305, "station_in_lnwc_extent": true }, "geometry": { "type": "Polygon", "coordinates": [ [ [ -0.235721585786025, 51.515720796699505 ], [ -0.235914480647161, 51.515025361442618 ], [ -0.236215688777134, 51.514345070730855 ], [ -0.236622305018978, 51.513686475279144 ], [ -0.237130409688356, 51.513055916620893 ], [ -0.237735106466168, 51.5124594660779 ], [ -0.238430569667676, 51.511902866340286 ], [ -0.239210100428538, 51.511391476217113 ], [ -0.240066191263502, 51.510930219087754 ], [ -0.24099059837434, 51.510523535547975 ], [ -0.24197442101036, 51.510175340704649 ], [ -0.243008187118494, 51.509888986527791 ], [ -0.244081944460713, 51.509667229620653 ], [ -0.245185356325262, 51.509512204716081 ], [ -0.246307800915121, 51.509425404152616 ], [ -0.247438473462645, 51.509407663527 ], [ -0.24856649009385, 51.50945915365989 ], [ -0.249680992449419, 51.509579378951912 ], [ -0.250771252062406, 51.509767182146035 ], [ -0.251701553396068, 51.509990673827545 ], [ -0.257242226288064, 51.514372960655173 ], [ -0.257048974588057, 51.517596436843817 ], [ -0.248242346370346, 51.52375209738581 ], [ -0.248017484440063, 51.52376948482339 ], [ -0.246886456076857, 51.523787227625 ], [ -0.24575808802812, 51.523735718116619 ], [ -0.24464325215795, 51.52361545264219 ], [ -0.243552689750074, 51.52342759000291 ], [ -0.242496907878641, 51.523173940275306 ], [ -0.241486078051644, 51.522856947346121 ], [ -0.240529938109502, 51.522479665333954 ], [ -0.239637698329164, 51.522045729126418 ], [ -0.238817952642394, 51.521559319318129 ], [ -0.238078595826411, 51.521025121889693 ], [ -0.23742674746612, 51.520448283017998 ], [ -0.236868683420448, 51.519834359455672 ], [ -0.236409775451582, 51.519189264959685 ], [ -0.236054439595843, 51.518519213287163 ], [ -0.235806093769413, 51.51783065830962 ], [ -0.235667125011988, 51.517130231823742 ], [ -0.235638866677699, 51.516424679659181 ], [ -0.235721585786025, 51.515720796699505 ] ] ] } },
{ "type": "Feature", "properties": { "NLC": 564, "total_activity": 7595.2165392428606, "log_total_activity": 8.9354055785351889, "direction_balance": -0.54655466144628961, "post_2300_share": 0.123602646811519, "midnight_share_common_window": 0.041551494151448001, "night_tube_extension_share": 0.015739178026018898, "post_0100_share": 0.0085379581989842995, "common_window_persistence": 0.060084914082869298, "weekend_common_ratio": 0.63569369241077089, "volume_band": "low", "cluster": 0, "Station": "Eastcote", "mode_label": "LU", "tot_entry": 1722.00776751286, "tot_exit": 5873.2087717300046, "easting": 511153.3473, "northing": 187621.8123, "lon": -0.39736801686353979, "lat": 51.576511969832765, "coord_source": "underground_stations_csv", "catchment_area_m2": 1781950.584873365, "station_in_lnwc_extent": true }, "geometry": { "type": "Polygon", "coordinates": [ [ [ -0.385908856935927, 51.575649822706467 ], [ -0.386099740445025, 51.574954130068555 ], [ -0.386399132185824, 51.574273444780317 ], [ -0.386804144464573, 51.573614321363976 ], [ -0.387310873012124, 51.572983106443139 ], [ -0.387914434729315, 51.572385877663315 ], [ -0.388609014830039, 51.571828385210893 ], [ -0.389387922923569, 51.571315996491499 ], [ -0.390243657492847, 51.570853644498598 ], [ -0.391167978146024, 51.570445780367066 ], [ -0.392151984945127, 51.570096330566599 ], [ -0.393186204049068, 51.569808659144691 ], [ -0.394260678848843, 51.569585535380661 ], [ -0.395365065721183, 51.569429107160232 ], [ -0.396488733483645, 51.569340880325562 ], [ -0.397620865599476, 51.569321704197897 ], [ -0.398750564154834, 51.569371763411723 ], [ -0.39986695461435, 51.5694905761382 ], [ -0.400959290353805, 51.56967699871516 ], [ -0.401824082464203, 51.56988322052085 ], [ -0.407358608846937, 51.580107419749083 ], [ -0.406823320096682, 51.580637312157037 ], [ -0.406128823835663, 51.581194912375466 ], [ -0.405349930219062, 51.581707411554781 ], [ -0.404494140207595, 51.582169872456625 ], [ -0.40356969632372, 51.582577839760781 ], [ -0.402585503241099, 51.58292738303269 ], [ -0.401551041959588, 51.583215134632816 ], [ -0.400476278394938, 51.583438322200642 ], [ -0.399371567267493, 51.583594795398497 ], [ -0.398247552220639, 51.583683046655743 ], [ -0.397115063137071, 51.583702225712607 ], [ -0.395985011648709, 51.583652147822022 ], [ -0.394868285853935, 51.583533295530593 ], [ -0.393775645263717, 51.583346814020935 ], [ -0.392717616995868, 51.583094500061151 ], [ -0.391704394224281, 51.58277878466815 ], [ -0.390745737867639, 51.582402709653678 ], [ -0.389850882469997, 51.581969898279851 ], [ -0.389028447184101, 51.581484520309317 ], [ -0.388286352717947, 51.580951251788441 ], [ -0.387631745046182, 51.580375229953283 ], [ -0.387070926621345, 51.57976200369481 ], [ -0.386609295746233, 51.579117480063076 ], [ -0.386251294688616, 51.578447867327199 ], [ -0.386000367034021, 51.577759615142206 ], [ -0.3858589246821, 51.577059352399836 ], [ -0.385828324798313, 51.576353823364038 ], [ -0.385908856935927, 51.575649822706467 ] ] ] } },
{ "type": "Feature", "properties": { "NLC": 565, "total_activity": 21695.417960667291, "log_total_activity": 9.9849024549658516, "direction_balance": -0.50422482253053025, "post_2300_share": 0.1397843706535358, "midnight_share_common_window": 0.037855902385983999, "night_tube_extension_share": 0.0435180866208425, "post_0100_share": 0.0205432404861393, "common_window_persistence": 0.056895092546951097, "weekend_common_ratio": 0.69294264745298217, "volume_band": "high", "cluster": 4, "Station": "East Finchley", "mode_label": "LU", "tot_entry": 5378.024844862076, "tot_exit": 16317.393115805224, "easting": 527221.696, "northing": 189183.6545, "lon": -0.16504412190393461, "lat": 51.587154020260137, "coord_source": "underground_stations_csv", "catchment_area_m2": 2007391.0339494327, "station_in_lnwc_extent": true }, "geometry": { "type": "Polygon", "coordinates": [ [ [ -0.153587289252575, 51.586269204826564 ], [ -0.153781759942425, 51.585573928266236 ], [ -0.154084681700134, 51.58489387332213 ], [ -0.154493132855723, 51.584235588431568 ], [ -0.155003176048644, 51.583605412130048 ], [ -0.1556098962908, 51.583009412050444 ], [ -0.156307448415475, 51.582453326538534 ], [ -0.157089113450778, 51.581942509445895 ], [ -0.157947363371616, 51.581481878629006 ], [ -0.158873933604868, 51.581075868648895 ], [ -0.159859902589288, 51.580728388123823 ], [ -0.160895777625171, 51.580442782144175 ], [ -0.161971586189692, 51.580221800108653 ], [ -0.163076971842526, 51.580067569289923 ], [ -0.164201293803306, 51.579981574382693 ], [ -0.165333729248123, 51.579964643229417 ], [ -0.166463377346777, 51.58001693886073 ], [ -0.16757936404626, 51.580137957926304 ], [ -0.168670946598907, 51.580326535531341 ], [ -0.169727616836026, 51.580580856432924 ], [ -0.170739202199547, 51.580898472488407 ], [ -0.17169596356511, 51.5812763261901 ], [ -0.172588688920059, 51.581710780060291 ], [ -0.173408781998571, 51.582197651626259 ], [ -0.174148345023493, 51.582732253639954 ], [ -0.174800254759717, 51.583309439157553 ], [ -0.175358231146953, 51.58392365104735 ], [ -0.175816897849696, 51.584568975450985 ], [ -0.176171834138579, 51.585239198685684 ], [ -0.176419617599497, 51.58592786704159 ], [ -0.176557857253989, 51.586628348899595 ], [ -0.176585216765753, 51.587333898572908 ], [ -0.176501427502893, 51.588037721259056 ], [ -0.17630729132269, 51.588733038476278 ], [ -0.176004673044503, 51.589413153354919 ], [ -0.175596482675765, 51.590071515154449 ], [ -0.175086647555129, 51.590701782383761 ], [ -0.174480074674594, 51.591297883915729 ], [ -0.173782603537848, 51.591854077505772 ], [ -0.173000950004462, 51.59236500514892 ], [ -0.172142641657515, 51.592825744740331 ], [ -0.171215945315406, 51.593231857538868 ], [ -0.170229787385675, 51.593579430974955 ], [ -0.16919366782909, 51.593865116387725 ], [ -0.168117568565266, 51.594086161325862 ], [ -0.167011857205941, 51.594240436099419 ], [ -0.165887187048202, 51.594326454324538 ], [ -0.164754394296973, 51.59434338726264 ], [ -0.16362439351354, 51.594291071814524 ], [ -0.162508072304389, 51.594170012092086 ], [ -0.161416186272209, 51.59398137455247 ], [ -0.160359255248237, 51.593726976741934 ], [ -0.159347461812438, 51.593409269758638 ], [ -0.158390553085271, 51.59303131460463 ], [ -0.157497746742418, 51.592596752656299 ], [ -0.156677642162015, 51.592109770539786 ], [ -0.15593813756323, 51.591575059751584 ], [ -0.155286353935883, 51.590997771415573 ], [ -0.154728566493969, 51.590383466614746 ], [ -0.154270144311931, 51.589738062778032 ], [ -0.153915498722343, 51.589067776640682 ], [ -0.153668040967897, 51.588379064329935 ], [ -0.15353014951034, 51.587678559154099 ], [ -0.153503147304961, 51.586973007695917 ], [ -0.153587289252575, 51.586269204826564 ] ] ] } },
{ "type": "Feature", "properties": { "NLC": 566, "total_activity": 44681.423740799997, "log_total_activity": 10.707335498372538, "direction_balance": -0.45811685849904621, "post_2300_share": 0.14091493797299631, "midnight_share_common_window": 0.052405189109091102, "night_tube_extension_share": 0.0198470906701383, "post_0100_share": 0.012990760735002599, "common_window_persistence": 0.081512899181037601, "weekend_common_ratio": 0.80032622841972667, "volume_band": "high", "cluster": 4, "Station": "East Ham", "mode_label": "LU", "tot_entry": 12106.05513170001, "tot_exit": 32575.368609100002, "easting": 542463.3563, "northing": 184275.4352, "lon": 0.052826568311649003, "lat": 51.539407099138067, "coord_source": "underground_stations_csv", "catchment_area_m2": 1804633.3870215854, "station_in_lnwc_extent": true }, "geometry": { "type": "Polygon", "coordinates": [ [ [ 0.064266574247056, 51.538501185626401 ], [ 0.064069015821735, 51.537806300500293 ], [ 0.063763198267796, 51.537126836364266 ], [ 0.063352071109995, 51.536469335954045 ], [ 0.062839597442362, 51.535840130240729 ], [ 0.062230715618801, 51.535245277503009 ], [ 0.061531291580714, 51.534690505033204 ], [ 0.06074806228512, 51.534181154036688 ], [ 0.059888570781101, 51.533722128252833 ], [ 0.058961093561502, 51.533317846790439 ], [ 0.057974560889676, 51.532972201629278 ], [ 0.056938470867259, 51.532688520194618 ], [ 0.055862798067833, 51.532469533363276 ], [ 0.054757897612316, 51.532317349207283 ], [ 0.053634405604658, 51.532233432726024 ], [ 0.052503136880534, 51.532218591761357 ], [ 0.051374981046827, 51.532272969229822 ], [ 0.050260797805753, 51.532396041746715 ], [ 0.049171312564122, 51.532586624655032 ], [ 0.048117013325655, 51.532842883411348 ], [ 0.047108049852258, 51.533162351219964 ], [ 0.046320931349794, 51.533475579049487 ], [ 0.041718015381592, 51.541306456731654 ], [ 0.041888819156735, 51.541686353193917 ], [ 0.042270012601529, 51.542296437435589 ], [ 0.054545780228594, 51.546511689575112 ], [ 0.055393156850062, 51.546418083759804 ], [ 0.05648294325793, 51.546227440100203 ], [ 0.057537500652451, 51.545971103775926 ], [ 0.058546669350921, 51.545651544563569 ], [ 0.059500727551566, 51.545271841310019 ], [ 0.060390485073397, 51.544835652230766 ], [ 0.061207371942558, 51.544347179623024 ], [ 0.061943520968935, 51.54381112933531 ], [ 0.062591843516138, 51.543232665386469 ], [ 0.063146097734964, 51.54261736017326 ], [ 0.063600948604545, 51.54197114074865 ], [ 0.06395201920568, 51.541300231689831 ], [ 0.064195932736679, 51.540611095108964 ], [ 0.064330344872283, 51.539910368385037 ], [ 0.064353966160282, 51.539204800218698 ], [ 0.064266574247056, 51.538501185626401 ] ] ] } },
{ "type": "Feature", "properties": { "NLC": 567, "total_activity": 24259.95488002399, "log_total_activity": 10.096623541988244, "direction_balance": -0.43249274496805801, "post_2300_share": 0.1223129790429619, "midnight_share_common_window": 0.035994879929688701, "night_tube_extension_share": 0.0085491510289043993, "post_0100_share": 0.0045330075685678, "common_window_persistence": 0.053175284180739198, "weekend_common_ratio": 0.71423364557754199, "volume_band": "high", "cluster": 4, "Station": "East Putney", "mode_label": "LU", "tot_entry": 6883.8502005805894, "tot_exit": 17376.104679443401, "easting": 524381.7165, "northing": 174869.93, "lon": -0.21106368228054331, "lat": 51.459149587092405, "coord_source": "underground_stations_csv", "catchment_area_m2": 1763166.3777707459, "station_in_lnwc_extent": true }, "geometry": { "type": "Polygon", "coordinates": [ [ [ -0.199637872888474, 51.458269550296997 ], [ -0.199831051060228, 51.457574170877464 ], [ -0.200132394100236, 51.456893968029831 ], [ -0.200538995570183, 51.456235491622358 ], [ -0.201046935944935, 51.45560508204229 ], [ -0.201651320502951, 51.455008809176839 ], [ -0.202346326579449, 51.454452414006859 ], [ -0.203125259722839, 51.453941253373891 ], [ -0.203980618210531, 51.453480248450383 ], [ -0.204904165301084, 51.453073837406819 ], [ -0.205887008526617, 51.452725932729741 ], [ -0.206919685263113, 51.452439883598849 ], [ -0.207965333538652, 51.45222400171459 ], [ -0.209582971230592, 51.452026062059083 ], [ -0.21021548068837, 51.451977275757329 ], [ -0.211344737857104, 51.451959869355619 ], [ -0.21247128998283, 51.452011693068215 ], [ -0.213584292792451, 51.452132248085334 ], [ -0.214673032242286, 51.452320373975738 ], [ -0.215727027516517, 51.452574259840191 ], [ -0.216736131796478, 51.452891461718416 ], [ -0.217690629836702, 51.453268926083645 ], [ -0.218581331413534, 51.453703019199828 ], [ -0.21939965975074, 51.45418956206057 ], [ -0.220137734073659, 51.454723870576053 ], [ -0.220788445498567, 51.455300800622325 ], [ -0.221345525526687, 51.455914797522212 ], [ -0.221803606482, 51.456559949483314 ], [ -0.222158273308173, 51.457230044480362 ], [ -0.222406106221806, 51.457918630036822 ], [ -0.222544713806128, 51.458619075330731 ], [ -0.222572756220259, 51.459324635028956 ], [ -0.222489958293731, 51.460028514235333 ], [ -0.22229711237275, 51.460723933928037 ], [ -0.221996070883323, 51.461404196256112 ], [ -0.221589728675342, 51.462062749065495 ], [ -0.221081995310654, 51.46269324903286 ], [ -0.220477757555512, 51.463289622797468 ], [ -0.21978283243315, 51.463846125500957 ], [ -0.219003911284134, 51.464357396169341 ], [ -0.218602213198318, 51.46457393408312 ], [ -0.201185469339031, 51.462830131407841 ], [ -0.200780401719313, 51.462383458834324 ], [ -0.200322563063381, 51.46173822766162 ], [ -0.199968184460372, 51.461068069880213 ], [ -0.199720674617429, 51.460379440379491 ], [ -0.1995824125359, 51.459678971670137 ], [ -0.199554724779185, 51.45897340998512 ], [ -0.199637872888474, 51.458269550296997 ] ] ] } },
{ "type": "Feature", "properties": { "NLC": 568, "total_activity": 14952.379218758941, "log_total_activity": 9.6126925879764311, "direction_balance": -0.52274254609068271, "post_2300_share": 0.14742388946191409, "midnight_share_common_window": 0.041580229693593297, "night_tube_extension_share": 0.067380599995006493, "post_0100_share": 0.031441042824618702, "common_window_persistence": 0.061805119688851801, "weekend_common_ratio": 0.82508415823475378, "volume_band": "medium", "cluster": 4, "Station": "Edgware", "mode_label": "LU", "tot_entry": 3568.0672179157391, "tot_exit": 11384.312000843192, "easting": 519550.4974, "northing": 191940.4673, "lon": -0.27477777123740049, "lat": 51.61360827412279, "coord_source": "underground_stations_csv", "catchment_area_m2": 1948979.1720690867, "station_in_lnwc_extent": true }, "geometry": { "type": "Polygon", "coordinates": [ [ [ -0.263311903082067, 51.612734095183548 ], [ -0.263504824532924, 51.61203862549818 ], [ -0.263806299064132, 51.611358276875308 ], [ -0.264213418925937, 51.610699600586436 ], [ -0.264722259559283, 51.610068938941168 ], [ -0.264786474698676, 51.610005687765479 ], [ -0.27398708148318, 51.606435377565212 ], [ -0.275050320387779, 51.606418501442391 ], [ -0.276180775162314, 51.60646974772834 ], [ -0.277297724958599, 51.606589731344414 ], [ -0.278390417768251, 51.606777297360992 ], [ -0.279448334747533, 51.607030640271361 ], [ -0.280461291351144, 51.607347321346822 ], [ -0.281419535269996, 51.607724292080583 ], [ -0.282313840235378, 51.608157923496584 ], [ -0.283135594790548, 51.608644041042375 ], [ -0.283272069750034, 51.60874234012428 ], [ -0.286196907296084, 51.612570220454579 ], [ -0.286297190526799, 51.613071887450445 ], [ -0.286326258236185, 51.613777423979876 ], [ -0.286244106081751, 51.614481336850339 ], [ -0.286051520143562, 51.615176846719017 ], [ -0.285750350296866, 51.615857254867784 ], [ -0.285343492582562, 51.616516007737623 ], [ -0.284834861485526, 51.617146760075926 ], [ -0.28422935238126, 51.61774343608711 ], [ -0.283532794506944, 51.618300287995908 ], [ -0.282751894905315, 51.61881195145785 ], [ -0.281894173878052, 51.619273497280467 ], [ -0.280967892568495, 51.619680478955473 ], [ -0.279981973370846, 51.620028975541445 ], [ -0.27894591393354, 51.620315629481674 ], [ -0.277869695587642, 51.620537678991049 ], [ -0.276763687086152, 51.620692984697733 ], [ -0.275638544586459, 51.620780050281766 ], [ -0.274505108845337, 51.620798036909903 ], [ -0.273374300623514, 51.620746771327468 ], [ -0.272257015314539, 51.6206267475281 ], [ -0.271164017820363, 51.620439121985598 ], [ -0.270105838693577, 51.620185702494247 ], [ -0.269092672553665, 51.619868930725744 ], [ -0.268134279762076, 51.61949185867212 ], [ -0.267239892308617, 51.619058119203125 ], [ -0.266418124819997, 51.618571891023628 ], [ -0.265676891550715, 51.618037858370442 ], [ -0.265023330157474, 51.617461165839451 ], [ -0.264463732991452, 51.616847368779766 ], [ -0.264003486568917, 51.616202379735874 ], [ -0.263647019800424, 51.615532411454808 ], [ -0.263397761473158, 51.614843917009821 ], [ -0.26325810739068, 51.614143527618836 ], [ -0.26322939748037, 51.613437988757532 ], [ -0.263311903082067, 51.612734095183548 ] ] ] } },
{ "type": "Feature", "properties": { "NLC": 569, "total_activity": 22092.722980753621, "log_total_activity": 10.003048819142048, "direction_balance": 0.048586242131844599, "post_2300_share": 0.1163006274999336, "midnight_share_common_window": 0.032822080063765698, "night_tube_extension_share": 0.0064815661573475996, "post_0100_share": 0.0039998133039319999, "common_window_persistence": 0.049816707919563101, "weekend_common_ratio": 0.82773538299393856, "volume_band": "high", "cluster": 2, "Station": "Edgware Road (DIS)", "mode_label": "LU", "tot_entry": 11583.062684424143, "tot_exit": 10509.660296329484, "easting": 527220.0675, "northing": 181696.8814, "lon": -0.1677731663889066, "lat": 51.519872451298447, "coord_source": "underground_stations_csv", "catchment_area_m2": 324389.5444046781, "station_in_lnwc_extent": true }, "geometry": { "type": "Polygon", "coordinates": [ [ [ -0.166774862390091, 51.514015729793329 ], [ -0.167992518723365, 51.514460086265714 ], [ -0.170842626690219, 51.517213453682125 ], [ -0.167813946600523, 51.52210241269254 ], [ -0.160794433341986, 51.517880908724216 ], [ -0.166774862390091, 51.514015729793329 ] ] ] } },
{ "type": "Feature", "properties": { "NLC": 570, "total_activity": 64606.222333483951, "log_total_activity": 11.076081484349372, "direction_balance": -0.1315584355221692, "post_2300_share": 0.1339040157549089, "midnight_share_common_window": 0.038352764137545001, "night_tube_extension_share": 0.0030975625574837001, "post_0100_share": 0.0019340270591517001, "common_window_persistence": 0.062224344138041801, "weekend_common_ratio": 0.99314465786969264, "volume_band": "high", "cluster": 4, "Station": "Elephant & Castle LU", "mode_label": "LU", "tot_entry": 28053.364399146682, "tot_exit": 36552.857934337277, "easting": 531908.9646, "northing": 179141.8869, "lon": -0.1011862761028003, "lat": 51.495837467877877, "coord_source": "underground_stations_csv", "catchment_area_m2": 929409.74760122981, "station_in_lnwc_extent": true }, "geometry": { "type": "Polygon", "coordinates": [ [ [ -0.0899487318953, 51.494251478225664 ], [ -0.090251958759027, 51.493571581629247 ], [ -0.090660473109752, 51.492913510332642 ], [ -0.09117033700613, 51.492283600814581 ], [ -0.091776637212141, 51.491687918140144 ], [ -0.092473532628172, 51.49113219760121 ], [ -0.093254310624456, 51.490621789538388 ], [ -0.094111451731277, 51.490161607874079 ], [ -0.094729318242135, 51.489890806751461 ], [ -0.109370579678814, 51.493527956797742 ], [ -0.105046213951654, 51.499721906378447 ], [ -0.100797352789919, 51.500546721433096 ], [ -0.089929501877047, 51.494320029041297 ], [ -0.0899487318953, 51.494251478225664 ] ] ] } },
{ "type": "Feature", "properties": { "NLC": 571, "total_activity": 8844.3491670795938, "log_total_activity": 9.0876470820249633, "direction_balance": -0.63173554615401184, "post_2300_share": 0.12647961735778721, "midnight_share_common_window": 0.0416367806940173, "night_tube_extension_share": 0.0295626780659464, "post_0100_share": 0.021657641114361501, "common_window_persistence": 0.0593113479580408, "weekend_common_ratio": 0.63038618736028995, "volume_band": "medium", "cluster": 0, "Station": "Elm Park", "mode_label": "LU", "tot_entry": 1628.5297078188937, "tot_exit": 7215.8194592607006, "easting": 552542.0054, "northing": 185716.105799999, "lon": 0.1986662037147443, "lat": 51.549719886941837, "coord_source": "underground_stations_csv", "catchment_area_m2": 1988306.2025060884, "station_in_lnwc_extent": true }, "geometry": { "type": "Polygon", "coordinates": [ [ [ 0.210105448947414, 51.548799753377828 ], [ 0.209905626310307, 51.548105142555336 ], [ 0.209597573805943, 51.54742608700645 ], [ 0.209184262471072, 51.546769125522879 ], [ 0.208669676418201, 51.546140583877616 ], [ 0.208058774324424, 51.545546513947592 ], [ 0.207357441564085, 51.544992635481449 ], [ 0.206572433450648, 51.544484281071931 ], [ 0.20571131013735, 51.544026344859859 ], [ 0.204782363805203, 51.543623235462029 ], [ 0.203794538839691, 51.543278833573673 ], [ 0.202757345763555, 51.542996454651728 ], [ 0.201680769751765, 51.542778817035746 ], [ 0.200575174605642, 51.542628015812163 ], [ 0.199451203105655, 51.542545502671217 ], [ 0.198319674696335, 51.542532071949736 ], [ 0.197191481481721, 51.542587852993229 ], [ 0.196077483525574, 51.542712308910062 ], [ 0.194988404457103, 51.542904241730227 ], [ 0.193934728380133, 51.54316180391902 ], [ 0.192926599071499, 51.54348251613586 ], [ 0.191973722433044, 51.543863291068668 ], [ 0.191085273131238, 51.54430046311542 ], [ 0.190269806319173, 51.544789823629685 ], [ 0.189535175288064, 51.545326661392153 ], [ 0.188888455839699, 51.545905807921223 ], [ 0.188335878107996, 51.546521687188459 ], [ 0.187882766487595, 51.547168369262245 ], [ 0.187533488250752, 51.547839627365512 ], [ 0.187291411351449, 51.548528997799764 ], [ 0.187158871828337, 51.549229842159946 ], [ 0.187137151126646, 51.549935411242629 ], [ 0.187226463564406, 51.550638910032383 ], [ 0.187425954071081, 51.551333563141547 ], [ 0.187733706228003, 51.552012680072778 ], [ 0.188146760540606, 51.552669719675428 ], [ 0.188661142773602, 51.553298353174412 ], [ 0.189271902082584, 51.553892525163022 ], [ 0.189973158580348, 51.554446511970447 ], [ 0.190758159884157, 51.554954976840499 ], [ 0.191619346102468, 51.555413021387388 ], [ 0.192548422636867, 51.555816232831134 ], [ 0.193536440098267, 51.556160726554864 ], [ 0.194573880566424, 51.556443183572526 ], [ 0.195650749359228, 51.556660882543298 ], [ 0.196756671423949, 51.556811726023021 ], [ 0.197880991416818, 51.556894260697554 ], [ 0.199012876500917, 51.556907691402486 ], [ 0.200141420865393, 51.556851888792984 ], [ 0.201255750951991, 51.55672739058943 ], [ 0.202345130367916, 51.556535396386948 ], [ 0.203399063467154, 51.556277756079076 ], [ 0.204407396595653, 51.555956952008472 ], [ 0.205360416018886, 51.555576075017122 ], [ 0.206248941583244, 51.555138794629045 ], [ 0.20706441520491, 51.554649323654267 ], [ 0.207588223396447, 51.554266438156375 ], [ 0.210192963471729, 51.549486369895511 ], [ 0.210105448947414, 51.548799753377828 ] ] ] } },
{ "type": "Feature", "properties": { "NLC": 572, "total_activity": 11854.947344342299, "log_total_activity": 9.3805849062593314, "direction_balance": -0.63024607668995225, "post_2300_share": 0.15331043009361681, "midnight_share_common_window": 0.056636849353567199, "night_tube_extension_share": 0.031807570100994997, "post_0100_share": 0.017972308994664701, "common_window_persistence": 0.083338191236139197, "weekend_common_ratio": 0.93919000712436862, "volume_band": "medium", "cluster": 0, "Station": "Epping", "mode_label": "LU", "tot_entry": 2191.7066456022994, "tot_exit": 9663.2406987400063, "easting": 546209.4306, "northing": 201538.4, "lon": 0.1139996191841897, "lat": 51.693560925252619, "coord_source": "underground_stations_csv", "catchment_area_m2": 2007391.0339494327, "station_in_lnwc_extent": false }, "geometry": { "type": "Polygon", "coordinates": [ [ [ 0.125476978250432, 51.69264863852657 ], [ 0.125277747193181, 51.691953892052155 ], [ 0.124969913541106, 51.691274626625798 ], [ 0.124556446267885, 51.690617383061259 ], [ 0.124041331029659, 51.689988489846911 ], [ 0.123429531637367, 51.689394002242274 ], [ 0.122726942138538, 51.688839644013441 ], [ 0.12194032997442, 51.688330752366866 ], [ 0.12107727076288, 51.687872226609215 ], [ 0.12014607533683, 51.687468481025753 ], [ 0.119155709740997, 51.687123402428689 ], [ 0.118115708956132, 51.686840312781747 ], [ 0.117036085178817, 51.686621937259055 ], [ 0.115927231536057, 51.68647037804368 ], [ 0.114799822156642, 51.686387094116803 ], [ 0.113664709555422, 51.686372887230561 ], [ 0.112532820311743, 51.686427894198971 ], [ 0.11141505003927, 51.686551585580553 ], [ 0.110322158651074, 51.68674277076537 ], [ 0.109264666921114, 51.686999609418059 ], [ 0.108252755331191, 51.687319629167327 ], [ 0.107296166171068, 51.687699749373046 ], [ 0.106404109829091, 51.688136310743651 ], [ 0.105585176171381, 51.688625110520455 ], [ 0.104847251859984, 51.689161442892413 ], [ 0.104197444404585, 51.689740144254294 ], [ 0.103642013679017, 51.690355642874721 ], [ 0.103186311563415, 51.69100201249811 ], [ 0.102834730296045, 51.69167302936669 ], [ 0.102590660036276, 51.692362232114903 ], [ 0.102456456052683, 51.69306298396161 ], [ 0.102433415858503, 51.6937685366021 ], [ 0.10252176652164, 51.694472095185667 ], [ 0.102720662278879, 51.695166883753494 ], [ 0.103028192484962, 51.695846210506403 ], [ 0.103441399827461, 51.69650353227393 ], [ 0.103956308639233, 51.697132517562366 ], [ 0.104567963042193, 51.697727107573883 ], [ 0.105270474560666, 51.698281574606909 ], [ 0.106057078750151, 51.698790577273726 ], [ 0.106920200299246, 51.699249212001263 ], [ 0.107851525979436, 51.699653060316521 ], [ 0.108842084740406, 51.699998231459418 ], [ 0.109882334178178, 51.700281399909727 ], [ 0.110962252540576, 51.700499837464946 ], [ 0.112071435379857, 51.700651439558172 ], [ 0.113199195916391, 51.700734745560389 ], [ 0.114334668140558, 51.70074895287118 ], [ 0.115466911652898, 51.700693924660143 ], [ 0.116585017225402, 51.700570191185179 ], [ 0.117678212059605, 51.700378944673794 ], [ 0.118735963720287, 51.700122027818097 ], [ 0.119748081736654, 51.699801915994726 ], [ 0.120704815886092, 51.699421693382128 ], [ 0.1215969502084, 51.698985023207328 ], [ 0.122415891840715, 51.698496112410261 ], [ 0.123153753814533, 51.697959671068453 ], [ 0.123803431015771, 51.697380866974783 ], [ 0.124358668576188, 51.696765275808531 ], [ 0.124814122038883, 51.696118827381781 ], [ 0.125165408721179, 51.695447748480674 ], [ 0.125409149784445, 51.694758502854611 ], [ 0.125543002610943, 51.694057728932556 ], [ 0.125565683182205, 51.693352175867552 ], [ 0.125476978250432, 51.69264863852657 ] ] ] } },
{ "type": "Feature", "properties": { "NLC": 573, "total_activity": 28539.505512765722, "log_total_activity": 10.259079603304436, "direction_balance": -0.352109337061976, "post_2300_share": 0.22574248186381241, "midnight_share_common_window": 0.11772549312019941, "night_tube_extension_share": 0.031364019517161501, "post_0100_share": 0.0217555972285409, "common_window_persistence": 0.19111022975153941, "weekend_common_ratio": 0.79082150132256535, "volume_band": "high", "cluster": 3, "Station": "Woolwich Arsenal", "mode_label": "DLR", "tot_entry": 9245.2395732945879, "tot_exit": 19294.265939471134, "easting": 543720.0, "northing": 178850.66666666666, "lon": 0.068723333333333303, "lat": 51.49034666666666, "coord_source": "naptan_rse_tmu", "catchment_area_m2": 1166432.6840266101, "station_in_lnwc_extent": true }, "geometry": { "type": "Polygon", "coordinates": [ [ [ 0.078725059700248, 51.486775963998298 ], [ 0.078116645744537, 51.486181184041584 ], [ 0.077417799860391, 51.485626495690248 ], [ 0.076635253430811, 51.485117239341925 ], [ 0.075776542925175, 51.484658317827311 ], [ 0.074849937314427, 51.484254149253957 ], [ 0.073864358470282, 51.483908624517447 ], [ 0.072829295313724, 51.483625069886308 ], [ 0.071754712536878, 51.483406215019016 ], [ 0.070650954773273, 51.48325416671922 ], [ 0.06952864713414, 51.483170388680207 ], [ 0.068398593062508, 51.483155687412307 ], [ 0.067271670481895, 51.483210204487918 ], [ 0.066158727232393, 51.483333415178556 ], [ 0.065070476793597, 51.483524133496601 ], [ 0.064017395291229, 51.483780523594113 ], [ 0.063009620772284, 51.484100117409369 ], [ 0.062056855712354, 51.484479838393035 ], [ 0.061168273688602, 51.484916031086385 ], [ 0.060352431112819, 51.485404496269311 ], [ 0.059617184871545, 51.485940531341356 ], [ 0.0589696166648, 51.486518975549544 ], [ 0.058415964771857, 51.487134259629215 ], [ 0.057961563902486, 51.487780459382748 ], [ 0.057610793715656, 51.488451352681942 ], [ 0.057367036505474, 51.489140479347093 ], [ 0.057232644467115, 51.489841203327785 ], [ 0.057208916864124, 51.490546776588054 ], [ 0.057296087323901, 51.491250404081384 ], [ 0.057493321391072, 51.491945309190207 ], [ 0.057798724369902, 51.492624799000112 ], [ 0.058209359387624, 51.493282328778996 ], [ 0.058721275511836, 51.493911565040115 ], [ 0.059329545657541, 51.494506446579898 ], [ 0.059843257938384, 51.494914316996045 ], [ 0.060464987394142, 51.495046066253146 ], [ 0.078935521537859, 51.487034520765228 ], [ 0.078725059700248, 51.486775963998298 ] ] ] } },
{ "type": "Feature", "properties": { "NLC": 574, "total_activity": 183434.26864818644, "log_total_activity": 12.119617124832097, "direction_balance": 0.070363425675847899, "post_2300_share": 0.083925373733454003, "midnight_share_common_window": 0.018474983233804702, "night_tube_extension_share": 0.012514060451316599, "post_0100_share": 0.0059264726122716998, "common_window_persistence": 0.0267635212423811, "weekend_common_ratio": 0.98561852789503679, "volume_band": "high", "cluster": 2, "Station": "Euston LU", "mode_label": "LO,LU", "tot_entry": 98170.666088308222, "tot_exit": 85263.602559878113, "easting": 529498.32, "northing": 182668.2502, "lon": -0.13459860915117339, "lat": 51.528084584513458, "coord_source": "underground_stations_csv", "catchment_area_m2": 436065.35197004187, "station_in_lnwc_extent": true }, "geometry": { "type": "Polygon", "coordinates": [ [ [ -0.128517231897936, 51.526305093668739 ], [ -0.129325017020859, 51.52565908198951 ], [ -0.140358615780067, 51.527897684604163 ], [ -0.142687932370912, 51.528851147254272 ], [ -0.143637482657101, 51.529695964746999 ], [ -0.131359067056029, 51.532691074574728 ], [ -0.128517231897936, 51.526305093668739 ] ] ] } },
{ "type": "Feature", "properties": { "NLC": 575, "total_activity": 37237.470997756478, "log_total_activity": 10.525097672485703, "direction_balance": 0.26229551983616373, "post_2300_share": 0.087702937244923201, "midnight_share_common_window": 0.0243044714183384, "night_tube_extension_share": 0.0029042798058476998, "post_0100_share": 0.0017895467984705999, "common_window_persistence": 0.0347514120281322, "weekend_common_ratio": 0.65629205646477429, "volume_band": "high", "cluster": 2, "Station": "Euston Square", "mode_label": "LU", "tot_entry": 23502.346405248521, "tot_exit": 13735.124592507938, "easting": 529416.5999, "northing": 182393.38199999899, "lon": -0.13587687351584909, "lat": 51.525633154752434, "coord_source": "underground_stations_csv", "catchment_area_m2": 186683.38229365024, "station_in_lnwc_extent": true }, "geometry": { "type": "Polygon", "coordinates": [ [ [ -0.134877971773876, 51.523145012510085 ], [ -0.140358615780067, 51.527897684604163 ], [ -0.129325017020859, 51.52565908198951 ], [ -0.130459019460049, 51.523669209939932 ], [ -0.134877971773876, 51.523145012510085 ] ] ] } },
{ "type": "Feature", "properties": { "NLC": 576, "total_activity": 3517.6339655845072, "log_total_activity": 8.1658281153114576, "direction_balance": -0.62018008573259176, "post_2300_share": 0.1402183901633611, "midnight_share_common_window": 0.041972758612369897, "night_tube_extension_share": 0.063862905289536795, "post_0100_share": 0.030388010874648399, "common_window_persistence": 0.0600895820605701, "weekend_common_ratio": 0.57458586076149121, "volume_band": "low", "cluster": 0, "Station": "Fairlop", "mode_label": "LU", "tot_entry": 668.03371561621589, "tot_exit": 2849.6002499682909, "easting": 544935.5979000001, "northing": 190594.5734, "lon": 0.091053095971659004, "lat": 51.595558107334746, "coord_source": "underground_stations_csv", "catchment_area_m2": 1498422.2291559596, "station_in_lnwc_extent": true }, "geometry": { "type": "Polygon", "coordinates": [ [ [ 0.102506307312441, 51.594648322189343 ], [ 0.10230789891903, 51.593953517116788 ], [ 0.102001112477625, 51.593274169552473 ], [ 0.101588906854234, 51.592616821105516 ], [ 0.101075255536334, 51.591987801279338 ], [ 0.10046510822311, 51.591393166558305 ], [ 0.099764343043662, 51.590838642131089 ], [ 0.098979709867738, 51.590329566810517 ], [ 0.098118765257951, 51.589870841677815 ], [ 0.09805903879348, 51.589844870191442 ], [ 0.081632962433036, 51.591415094963125 ], [ 0.081274151020915, 51.591735095139427 ], [ 0.080719565409557, 51.592350485112448 ], [ 0.080264476657856, 51.592996768608145 ], [ 0.079913271073852, 51.593667722695123 ], [ 0.079669335172557, 51.594356886610477 ], [ 0.079535022900159, 51.595057623946204 ], [ 0.079511632783308, 51.595763186537589 ], [ 0.079599395230494, 51.596466779439488 ], [ 0.079797470115221, 51.59716162636505 ], [ 0.080103954671872, 51.597841034956588 ], [ 0.080515901635699, 51.59849846125973 ], [ 0.081029347459367, 51.599127572779068 ], [ 0.081639350340721, 51.599722309506546 ], [ 0.082340037701096, 51.600276942333451 ], [ 0.082982941282915, 51.600694158795783 ], [ 0.101571476488917, 51.598504160493938 ], [ 0.10184290487231, 51.598118439278885 ], [ 0.102193817700374, 51.597447423296778 ], [ 0.102437426381023, 51.596758216564048 ], [ 0.102571389542971, 51.596057457134123 ], [ 0.102594422075689, 51.595351894020865 ], [ 0.102506307312441, 51.594648322189343 ] ] ] } },
{ "type": "Feature", "properties": { "NLC": 577, "total_activity": 128582.0101124894, "log_total_activity": 11.764329967846992, "direction_balance": 0.31763044248189359, "post_2300_share": 0.093185854546891697, "midnight_share_common_window": 0.023104992401904799, "night_tube_extension_share": 0.0018015365352655, "post_0100_share": 0.0012085523691229001, "common_window_persistence": 0.033464450121832703, "weekend_common_ratio": 0.4940232980469676, "volume_band": "high", "cluster": 2, "Station": "Farringdon", "mode_label": "EZL,LU", "tot_entry": 84711.785439865416, "tot_exit": 43870.224672624048, "easting": 531559.9989, "northing": 181873.9267, "lon": -0.1051919886781835, "lat": 51.52047027577585, "coord_source": "underground_stations_csv", "catchment_area_m2": 598145.13888607011, "station_in_lnwc_extent": true }, "geometry": { "type": "Polygon", "coordinates": [ [ [ -0.113130436671516, 51.525685187888698 ], [ -0.112356959276727, 51.526100335050295 ], [ -0.101408849642815, 51.52592050472451 ], [ -0.102327765172539, 51.517184767014967 ], [ -0.104430643020326, 51.516046156805267 ], [ -0.105358542516454, 51.515982353890855 ], [ -0.113553938921313, 51.525139370383236 ], [ -0.113432415838167, 51.525487824704619 ], [ -0.113130436671516, 51.525685187888698 ] ] ] } },
{ "type": "Feature", "properties": { "NLC": 578, "total_activity": 20716.957511849112, "log_total_activity": 9.9387561158315592, "direction_balance": -0.45828839906727592, "post_2300_share": 0.1395421013793747, "midnight_share_common_window": 0.037760744987141499, "night_tube_extension_share": 0.049603658625821799, "post_0100_share": 0.0243181940488186, "common_window_persistence": 0.056907668733629797, "weekend_common_ratio": 0.72015782317569577, "volume_band": "high", "cluster": 4, "Station": "Finchley Central", "mode_label": "LU", "tot_entry": 5611.3081100994996, "tot_exit": 15105.64940174961, "easting": 525278.0259, "northing": 190668.344000001, "lon": -0.19255484880487289, "lat": 51.600931751537729, "coord_source": "underground_stations_csv", "catchment_area_m2": 1714094.0939303585, "station_in_lnwc_extent": true }, "geometry": { "type": "Polygon", "coordinates": [ [ [ -0.181093952761825, 51.600049585131607 ], [ -0.181288068640051, 51.599354261034563 ], [ -0.181590678150015, 51.598674133506577 ], [ -0.181998862622693, 51.598015751685253 ], [ -0.182508687259369, 51.597385455040524 ], [ -0.183115239170236, 51.596789312364734 ], [ -0.183812674803366, 51.596233063377049 ], [ -0.184594276302847, 51.595722063503054 ], [ -0.185452516250233, 51.595261232358894 ], [ -0.186379130164082, 51.594855006433647 ], [ -0.187365196059135, 51.594507296423927 ], [ -0.188401220300203, 51.594221449628449 ], [ -0.189477228926594, 51.59400021776316 ], [ -0.190582863571616, 51.593845730504746 ], [ -0.191707481058577, 51.593759475015375 ], [ -0.192840255720295, 51.593742281645021 ], [ -0.193970283463636, 51.593794315947576 ], [ -0.195086686584254, 51.593915077087637 ], [ -0.196178718329735, 51.59410340265282 ], [ -0.197235866211571, 51.594357479826236 ], [ -0.198247953078178, 51.594674862811516 ], [ -0.199205234981971, 51.59505249634509 ], [ -0.200098494903558, 51.595486745069486 ], [ -0.200919131434854, 51.595973428487937 ], [ -0.201659241570195, 51.596507861165051 ], [ -0.202311696809879, 51.597084897788932 ], [ -0.20287021184347, 51.597698982663182 ], [ -0.203329405150194, 51.598344203154376 ], [ -0.203684850930142, 51.599014346582443 ], [ -0.203933121862204, 51.599702960008102 ], [ -0.204071822271702, 51.600403412343333 ], [ -0.204099611382207, 51.601108958187844 ], [ -0.204016216420646, 51.601812802777999 ], [ -0.203921637036648, 51.602152194744932 ], [ -0.198898691503319, 51.60682210171106 ], [ -0.181808323099053, 51.603559403179432 ], [ -0.181779088499701, 51.603518297598171 ], [ -0.1814239334425, 51.602848091124905 ], [ -0.181175988328377, 51.602159433597571 ], [ -0.181037636311004, 51.601458957798997 ], [ -0.181010204778299, 51.60075341003116 ], [ -0.181093952761825, 51.600049585131607 ] ] ] } },
{ "type": "Feature", "properties": { "NLC": 579, "total_activity": 29612.932551995451, "log_total_activity": 10.296000223894501, "direction_balance": -0.063551862048698199, "post_2300_share": 0.12763116797010191, "midnight_share_common_window": 0.032751138649293701, "night_tube_extension_share": 0.0436350883760072, "post_0100_share": 0.020250036762661499, "common_window_persistence": 0.049210279922849598, "weekend_common_ratio": 0.75602086703053595, "volume_band": "high", "cluster": 4, "Station": "Finchley Road", "mode_label": "LU", "tot_entry": 13865.487773796811, "tot_exit": 15747.444778198636, "easting": 526220.4473, "northing": 184716.2096, "lon": -0.18109153879636949, "lat": 51.547230838366929, "coord_source": "underground_stations_csv", "catchment_area_m2": 370978.77845023404, "station_in_lnwc_extent": true }, "geometry": { "type": "Polygon", "coordinates": [ [ [ -0.185734691590132, 51.547872965784599 ], [ -0.173713766257889, 51.550551838745385 ], [ -0.172933212391927, 51.548937181745252 ], [ -0.179452734603978, 51.544442862020041 ], [ -0.185235906178482, 51.543768924399849 ], [ -0.185734691590132, 51.547872965784599 ] ] ] } },
{ "type": "Feature", "properties": { "NLC": 580, "total_activity": 96987.919852313105, "log_total_activity": 11.4823520226343, "direction_balance": -0.26554566966314369, "post_2300_share": 0.1576740652877863, "midnight_share_common_window": 0.040771008160653502, "night_tube_extension_share": 0.063449361184157005, "post_0100_share": 0.032772226971105899, "common_window_persistence": 0.063961206536861603, "weekend_common_ratio": 0.89497203118450008, "volume_band": "high", "cluster": 4, "Station": "Finsbury Park LU", "mode_label": "LU", "tot_entry": 35616.598862947634, "tot_exit": 61371.320989365457, "easting": 531329.8862, "northing": 186775.33280000099, "lon": -0.10667934765407899, "lat": 51.564570214521559, "coord_source": "underground_stations_csv", "catchment_area_m2": 1025905.856245169, "station_in_lnwc_extent": true }, "geometry": { "type": "Polygon", "coordinates": [ [ [ -0.095424720571114, 51.562984592813379 ], [ -0.095728350355285, 51.56230469348629 ], [ -0.09613742820456, 51.561646615952384 ], [ -0.096516621673402, 51.561178796833374 ], [ -0.11745849970477, 51.562006747336994 ], [ -0.117803827770847, 51.562660890312415 ], [ -0.117999833341789, 51.563207951230872 ], [ -0.118068569984435, 51.564063248150973 ], [ -0.106593185946948, 51.571142548707833 ], [ -0.095257048615486, 51.563581568730669 ], [ -0.095424720571114, 51.562984592813379 ] ] ] } },
{ "type": "Feature", "properties": { "NLC": 581, "total_activity": 24260.60167008916, "log_total_activity": 10.096650201344683, "direction_balance": -0.053237715688824301, "post_2300_share": 0.1059170631221082, "midnight_share_common_window": 0.031077540600510201, "night_tube_extension_share": 0.0055164025960238996, "post_0100_share": 0.0034213980575484998, "common_window_persistence": 0.044574266602359698, "weekend_common_ratio": 0.68835464425769133, "volume_band": "high", "cluster": 4, "Station": "Fulham Broadway", "mode_label": "LU", "tot_entry": 11484.511327968568, "tot_exit": 12776.090342120591, "easting": 525454.6092, "northing": 177301.7324, "lon": -0.19476643999333529, "lat": 51.480767775659338, "coord_source": "underground_stations_csv", "catchment_area_m2": 969484.11675186548, "station_in_lnwc_extent": true }, "geometry": { "type": "Polygon", "coordinates": [ [ [ -0.20619775614192, 51.481648337709728 ], [ -0.206004563682861, 51.482343724840561 ], [ -0.205703130425475, 51.483023939176277 ], [ -0.205390236095861, 51.483530455733543 ], [ -0.184945029141305, 51.484516122472996 ], [ -0.184477141162402, 51.484000146979071 ], [ -0.18401932539294, 51.483354854544693 ], [ -0.183665027425284, 51.482684650548016 ], [ -0.183450738063125, 51.482088091031052 ], [ -0.192287943896668, 51.475055978700226 ], [ -0.206201041954289, 51.481620505751486 ], [ -0.20619775614192, 51.481648337709728 ] ] ] } },
{ "type": "Feature", "properties": { "NLC": 582, "total_activity": 19639.256602102665, "log_total_activity": 9.8853366471032835, "direction_balance": -0.57826072966686759, "post_2300_share": 0.15924960901931701, "midnight_share_common_window": 0.047398284277980499, "night_tube_extension_share": 0.070015782447194905, "post_0100_share": 0.034180646635138201, "common_window_persistence": 0.072037354830866901, "weekend_common_ratio": 0.70194942691703555, "volume_band": "medium", "cluster": 4, "Station": "Gants Hill", "mode_label": "LU", "tot_entry": 4141.3228746279628, "tot_exit": 15497.933727474699, "easting": 543273.6779, "northing": 188430.207599999, "lon": 0.066194132255611396, "lat": 51.576535009203191, "coord_source": "underground_stations_csv", "catchment_area_m2": 1970610.9872129248, "station_in_lnwc_extent": true }, "geometry": { "type": "Polygon", "coordinates": [ [ [ 0.07764313651359, 51.575627695784917 ], [ 0.077445197497449, 51.574932841414039 ], [ 0.077138916395576, 51.574253421222934 ], [ 0.07672724720495, 51.573595977522174 ], [ 0.076214158245969, 51.572966840734608 ], [ 0.07560459380248, 51.572372068472859 ], [ 0.074904426392129, 51.57181738725194 ], [ 0.074120400131053, 51.571308137396137 ], [ 0.073260065741386, 51.570849221668645 ], [ 0.072331707829146, 51.570445058116441 ], [ 0.071344265133003, 51.570099537582095 ], [ 0.070307244510682, 51.569815986289299 ], [ 0.0692306294886, 51.569597133860697 ], [ 0.06812478425139, 51.569445087073426 ], [ 0.067000353990722, 51.569361309603941 ], [ 0.065868162566879, 51.56934660795573 ], [ 0.064739108461785, 51.56940112370453 ], [ 0.063624060018064, 51.569524332135138 ], [ 0.0625337509655, 51.569715047283289 ], [ 0.061478677233556, 51.56997143333389 ], [ 0.060468996036634, 51.57029102226749 ], [ 0.059514428197534, 51.570670737585523 ], [ 0.058624164644318, 51.571106923888273 ], [ 0.057806777976683, 51.571595382021854 ], [ 0.057070139950422, 51.572131409458706 ], [ 0.056421345672996, 51.572709845524138 ], [ 0.0559123998966, 51.573274370541249 ], [ 0.055691911434096, 51.57951270574867 ], [ 0.056172519864985, 51.580102337090395 ], [ 0.056781939745101, 51.580697211239695 ], [ 0.057482029112037, 51.581252000759271 ], [ 0.058266046848824, 51.581761361163075 ], [ 0.05912644256091, 51.582220385439577 ], [ 0.060054929285694, 51.582624651370267 ], [ 0.061042563334312, 51.582970264178321 ], [ 0.062079830495472, 51.583253894093936 ], [ 0.06315673776841, 51.583472808473068 ], [ 0.064262909737453, 51.583624898157922 ], [ 0.065387688654811, 51.583708697823404 ], [ 0.066520237261515, 51.583723400113087 ], [ 0.067649643349306, 51.583668863426624 ], [ 0.068765025049061, 51.583545613283775 ], [ 0.069855635824149, 51.583354837251825 ], [ 0.070910968150082, 51.583098373485576 ], [ 0.071920854874836, 51.582778692991077 ], [ 0.072875567277291, 51.582398875785501 ], [ 0.073765908873896, 51.581962581184072 ], [ 0.074583304065795, 51.581474012502476 ], [ 0.075319880769612, 51.580937876516664 ], [ 0.075968546234472, 51.580359338072704 ], [ 0.07652305531493, 51.579743970286508 ], [ 0.076978070543611, 51.579097700814856 ], [ 0.077329213427813, 51.578426754717938 ], [ 0.077573106480132, 51.577737594465013 ], [ 0.077707405583589, 51.577036857663082 ], [ 0.07773082238582, 51.576331293109455 ], [ 0.07764313651359, 51.575627695784917 ] ] ] } },
{ "type": "Feature", "properties": { "NLC": 583, "total_activity": 49643.892184906006, "log_total_activity": 10.812650787744236, "direction_balance": -0.016602735710091399, "post_2300_share": 0.13335078165766381, "midnight_share_common_window": 0.032697596008134301, "night_tube_extension_share": 0.029354639078628099, "post_0100_share": 0.0142373367919146, "common_window_persistence": 0.051150441193583203, "weekend_common_ratio": 0.89420119552106647, "volume_band": "high", "cluster": 4, "Station": "Gloucester Road", "mode_label": "LU", "tot_entry": 24409.833881669863, "tot_exit": 25234.058303236143, "easting": 526182.7589, "northing": 178846.48949999901, "lon": -0.18373468987431099, "lat": 51.494488639199268, "coord_source": "underground_stations_csv", "catchment_area_m2": 889655.17276133224, "station_in_lnwc_extent": true }, "geometry": { "type": "Polygon", "coordinates": [ [ [ -0.179591655283412, 51.487778016367614 ], [ -0.180665183335194, 51.487556837285062 ], [ -0.18176825935785, 51.48740240542697 ], [ -0.182890264787643, 51.487316207425195 ], [ -0.184020399082643, 51.487299073078148 ], [ -0.184053925466143, 51.487300622426567 ], [ -0.184693785650975, 51.487710149899819 ], [ -0.190413285562333, 51.496113141580679 ], [ -0.180806088155974, 51.50143589154937 ], [ -0.18011725107593, 51.501316773957008 ], [ -0.179062344212334, 51.501062560775139 ], [ -0.17805245423626, 51.500745029148149 ], [ -0.177831106727694, 51.500657480222181 ], [ -0.179068110773661, 51.48792277504932 ], [ -0.179591655283412, 51.487778016367614 ] ] ] } },
{ "type": "Feature", "properties": { "NLC": 584, "total_activity": 24661.055774892106, "log_total_activity": 10.113021138000056, "direction_balance": -0.38527931282051259, "post_2300_share": 0.1443072614780489, "midnight_share_common_window": 0.039092737627860301, "night_tube_extension_share": 0.054350268144007098, "post_0100_share": 0.0252479969490206, "common_window_persistence": 0.0607183700522681, "weekend_common_ratio": 0.82192260798547401, "volume_band": "high", "cluster": 4, "Station": "Golders Green", "mode_label": "LU", "tot_entry": 7579.8305762566688, "tot_exit": 17081.225198635417, "easting": 525255.0926, "northing": 187480.2837, "lon": -0.19402225224523731, "lat": 51.572286203188888, "coord_source": "underground_stations_csv", "catchment_area_m2": 1975027.2370004142, "station_in_lnwc_extent": true }, "geometry": { "type": "Polygon", "coordinates": [ [ [ -0.18256851776931, 51.571404246137902 ], [ -0.182762478132629, 51.5707089149466 ], [ -0.183064864675876, 51.570028778371963 ], [ -0.183472760884419, 51.569370385639616 ], [ -0.18398223474173, 51.568740076325767 ], [ -0.184588376740963, 51.568143919346106 ], [ -0.185285347281154, 51.567587654559134 ], [ -0.186066432987189, 51.56707663754419 ], [ -0.186924111408036, 51.566615788084093 ], [ -0.187850123468435, 51.566209542845975 ], [ -0.188835552976087, 51.565861812713926 ], [ -0.189870912419864, 51.56557594518177 ], [ -0.190946234235447, 51.565354692166366 ], [ -0.192051166663451, 51.565200183548896 ], [ -0.193175073282074, 51.565113906697881 ], [ -0.194307135261844, 51.565096692169327 ], [ -0.195436455364631, 51.565148705720837 ], [ -0.196552162692703, 51.56526944671652 ], [ -0.197643517186623, 51.565457752937384 ], [ -0.198700012873088, 51.565711811751804 ], [ -0.199711478875458, 51.566029177539185 ], [ -0.200668177220645, 51.566406795200074 ], [ -0.201560896505947, 51.566841029528383 ], [ -0.202381040528189, 51.567327700164434 ], [ -0.203120711024796, 51.567862121794214 ], [ -0.20377278373164, 51.568439149210661 ], [ -0.204330977025498, 51.569053226804556 ], [ -0.204789912488815, 51.56969844201118 ], [ -0.205145166810843, 51.570368582200246 ], [ -0.205393314521367, 51.57105719446281 ], [ -0.205512597483991, 51.571659822284126 ], [ -0.202298690733473, 51.577286624053173 ], [ -0.201979889706236, 51.57749524245753 ], [ -0.201122153275766, 51.577956200656232 ], [ -0.2001960155625, 51.578362548706778 ], [ -0.199210397587506, 51.578710371774058 ], [ -0.198174794104606, 51.57899631879279 ], [ -0.197099182056406, 51.579217634791512 ], [ -0.195993924355766, 51.579372187468593 ], [ -0.194869669924536, 51.579458487762345 ], [ -0.193737250958433, 51.579475704215881 ], [ -0.192607578414371, 51.579423670997585 ], [ -0.191491536734207, 51.579302889499175 ], [ -0.19039987882634, 51.579114523496123 ], [ -0.189343122324103, 51.57886038791743 ], [ -0.188331448127139, 51.578542931333757 ], [ -0.187374602209337, 51.578165212333751 ], [ -0.186481801644533, 51.577730870017895 ], [ -0.185661645759422, 51.577244088895831 ], [ -0.184922033272466, 51.576709558527448 ], [ -0.184270086218509, 51.576132428298578 ], [ -0.183712081392005, 51.575518257769453 ], [ -0.183253389967813, 51.574872963076267 ], [ -0.182898425878394, 51.574202759903891 ], [ -0.182650603440488, 51.573514103581722 ], [ -0.182512304634188, 51.572813626880418 ], [ -0.182484856343305, 51.572108076110304 ], [ -0.18256851776931, 51.571404246137902 ] ] ] } },
{ "type": "Feature", "properties": { "NLC": 585, "total_activity": 7819.4356290452815, "log_total_activity": 8.9644955390268155, "direction_balance": -0.29106571765162098, "post_2300_share": 0.13121568652014781, "midnight_share_common_window": 0.0381888045274483, "night_tube_extension_share": 0.0115687725125024, "post_0100_share": 0.0077090842693772, "common_window_persistence": 0.059413931700304998, "weekend_common_ratio": 0.82146655397186319, "volume_band": "low", "cluster": 4, "Station": "Goldhawk Road", "mode_label": "LU", "tot_entry": 2771.7329930232822, "tot_exit": 5047.7026360220025, "easting": 523183.913, "northing": 179607.8456, "lon": -0.22664486415404561, "lat": 51.501991795196169, "coord_source": "underground_stations_csv", "catchment_area_m2": 722075.10721841, "station_in_lnwc_extent": true }, "geometry": { "type": "Polygon", "coordinates": [ [ [ -0.238136530056282, 51.501459861792235 ], [ -0.23816482338598, 51.502165415360416 ], [ -0.238082171554454, 51.502869302195549 ], [ -0.237889365488015, 51.503564743203128 ], [ -0.237588257216008, 51.504245040327071 ], [ -0.237488906758063, 51.504406001353061 ], [ -0.22333354127854, 51.503937114652388 ], [ -0.219208658102278, 51.498621983881478 ], [ -0.219347527706376, 51.498412067688108 ], [ -0.2300284659753, 51.497542450738116 ], [ -0.238086026782608, 51.501205304909746 ], [ -0.238136530056282, 51.501459861792235 ] ] ] } },
{ "type": "Feature", "properties": { "NLC": 586, "total_activity": 18240.722646889844, "log_total_activity": 9.8114667025290156, "direction_balance": 0.44037513953231272, "post_2300_share": 0.092201214726358699, "midnight_share_common_window": 0.019864537071183099, "night_tube_extension_share": 0.033271934904480799, "post_0100_share": 0.014663475016734, "common_window_persistence": 0.0282677169265717, "weekend_common_ratio": 0.52734605525220302, "volume_band": "medium", "cluster": 1, "Station": "Goodge Street", "mode_label": "LU", "tot_entry": 13136.741713842086, "tot_exit": 5103.9809330477601, "easting": 529537.2731, "northing": 181836.5931, "lon": -0.13434290236565841, "lat": 51.520601842773736, "coord_source": "underground_stations_csv", "catchment_area_m2": 388843.30024757946, "station_in_lnwc_extent": true }, "geometry": { "type": "Polygon", "coordinates": [ [ [ -0.128193201842649, 51.52005453438673 ], [ -0.13638561541939, 51.517100891233518 ], [ -0.141368051253559, 51.519776490634001 ], [ -0.14036993347044, 51.52096756050237 ], [ -0.134877971773876, 51.523145012510085 ], [ -0.130459019460049, 51.523669209939932 ], [ -0.128193201842649, 51.52005453438673 ] ] ] } },
{ "type": "Feature", "properties": { "NLC": 587, "total_activity": 1217.7457387074801, "log_total_activity": 7.1055775258607996, "direction_balance": -0.73630757067580666, "post_2300_share": 0.088361165288151605, "midnight_share_common_window": 0.024856831967104798, "night_tube_extension_share": 0.0, "post_0100_share": 0.0, "common_window_persistence": 0.033833794413735199, "weekend_common_ratio": 0.49584916045365401, "volume_band": "low", "cluster": 0, "Station": "Grange Hill", "mode_label": "LU", "tot_entry": 160.55516606947992, "tot_exit": 1057.1905726379991, "easting": 544967.3103, "northing": 192558.69129999899, "lon": 0.092321842213341401, "lat": 51.613198154160507, "coord_source": "underground_stations_csv", "catchment_area_m2": 1674189.6599550077, "station_in_lnwc_extent": false }, "geometry": { "type": "Polygon", "coordinates": [ [ [ 0.103779455447653, 51.612288197875841 ], [ 0.103580942909816, 51.611593398003563 ], [ 0.103274010947367, 51.610914057240322 ], [ 0.102861619832075, 51.610256717129154 ], [ 0.102347744841454, 51.60962770709245 ], [ 0.101737337831616, 51.609033083519392 ], [ 0.10148198157503, 51.608831107970857 ], [ 0.084349649662603, 51.608006686603694 ], [ 0.083924833703815, 51.608260531262637 ], [ 0.083187926906215, 51.608796722732507 ], [ 0.082538959374245, 51.609375301957215 ], [ 0.081984182880488, 51.609990698377842 ], [ 0.081528942988284, 51.610636986719953 ], [ 0.081177627465015, 51.611307944006214 ], [ 0.081161259435721, 51.611354174628516 ], [ 0.086750436981395, 51.619487950286214 ], [ 0.087169999584812, 51.619634523541649 ], [ 0.088208265601011, 51.619917909602343 ], [ 0.089286164763256, 51.620136571724899 ], [ 0.090393312091739, 51.620288403181178 ], [ 0.091519040433488, 51.62037194113384 ], [ 0.092652503374346, 51.620386380748172 ], [ 0.093782779889474, 51.620331582955259 ], [ 0.094898979717117, 51.620208075791673 ], [ 0.095990348433163, 51.62001704930239 ], [ 0.097046371207082, 51.619760344056949 ], [ 0.098056874232864, 51.619440433389705 ], [ 0.099012122851715, 51.619060399537304 ], [ 0.099902915416003, 51.618623903904073 ], [ 0.100720671986106, 51.61813515174422 ], [ 0.101457517002921, 51.617598851602821 ], [ 0.102106355138183, 51.617020169908621 ], [ 0.102660939591953, 51.616404681158407 ], [ 0.10311593218088, 51.615758314174727 ], [ 0.103466954641308, 51.615087294957128 ], [ 0.103710630657275, 51.614398086678804 ], [ 0.103844618213912, 51.613697327408417 ], [ 0.103867631970925, 51.612991766158352 ], [ 0.103779455447653, 51.612288197875841 ] ] ] } },
{ "type": "Feature", "properties": { "NLC": 588, "total_activity": 18227.247113171608, "log_total_activity": 9.8107277090820713, "direction_balance": 0.32907457037750748, "post_2300_share": 0.1008612088263786, "midnight_share_common_window": 0.0258817397803618, "night_tube_extension_share": 0.0030193941574710999, "post_0100_share": 0.0019897586978920002, "common_window_persistence": 0.0377328642778628, "weekend_common_ratio": 0.60488517806191811, "volume_band": "medium", "cluster": 2, "Station": "Great Portland Street", "mode_label": "LU", "tot_entry": 12112.685313051605, "tot_exit": 6114.5618001199991, "easting": 528837.973, "northing": 182179.85789999901, "lon": -0.14429097119738621, "lat": 51.523846456203088, "coord_source": "underground_stations_csv", "catchment_area_m2": 374709.90720724902, "station_in_lnwc_extent": true }, "geometry": { "type": "Polygon", "coordinates": [ [ [ -0.149466718865344, 51.530272749508704 ], [ -0.148431922317382, 51.530558267555172 ], [ -0.148210783516018, 51.530603716926805 ], [ -0.143637482657101, 51.529695964746999 ], [ -0.142687932370912, 51.528851147254272 ], [ -0.14036993347044, 51.52096756050237 ], [ -0.141368051253559, 51.519776490634001 ], [ -0.142472445428275, 51.519642380413949 ], [ -0.150008896123161, 51.530081509008888 ], [ -0.149466718865344, 51.530272749508704 ] ] ] } },
{ "type": "Feature", "properties": { "NLC": 589, "total_activity": 11637.972736643227, "log_total_activity": 9.3621144645252112, "direction_balance": -0.53271427433889795, "post_2300_share": 0.1190608539381135, "midnight_share_common_window": 0.038379361825873801, "night_tube_extension_share": 0.016500970377574399, "post_0100_share": 0.0085960729148612004, "common_window_persistence": 0.056940774288452102, "weekend_common_ratio": 0.68132231858849501, "volume_band": "medium", "cluster": 4, "Station": "Greenford", "mode_label": "LU", "tot_entry": 2719.1292677332253, "tot_exit": 8918.8434689100013, "easting": 514763.0955, "northing": 183928.051899999, "lon": -0.3465040750206399, "lat": 51.542591271123548, "coord_source": "underground_stations_csv", "catchment_area_m2": 2007391.0339493849, "station_in_lnwc_extent": true }, "geometry": { "type": "Polygon", "coordinates": [ [ [ -0.335054501932317, 51.541724237020532 ], [ -0.335246005585507, 51.541028628965357 ], [ -0.335545919150588, 51.540348074495959 ], [ -0.335951349921835, 51.539689126872652 ], [ -0.336458389613557, 51.539058131024611 ], [ -0.337062152143625, 51.538461162487017 ], [ -0.337756820804758, 51.537903968940171 ], [ -0.338535704364852, 51.537391914912135 ], [ -0.339391301552939, 51.536929930174821 ], [ -0.340315373307971, 51.536522462328726 ], [ -0.341299022094378, 51.536173434030175 ], [ -0.342332777521738, 51.53588620527087 ], [ -0.343406687446628, 51.535663541070974 ], [ -0.34451041368327, 51.53550758489439 ], [ -0.345633331406355, 51.535419838041342 ], [ -0.346764631294882, 51.5354011452146 ], [ -0.347893423440168, 51.53545168639792 ], [ -0.349008842024707, 51.535570975124102 ], [ -0.350100149771298, 51.535757863149591 ], [ -0.351156841164039, 51.536010551490669 ], [ -0.352168743454173, 51.536326607715985 ], [ -0.353126114484523, 51.536702989330152 ], [ -0.354019736395938, 51.53713607302484 ], [ -0.354841004317789, 51.537621689517294 ], [ -0.355582009191526, 51.538155163643417 ], [ -0.356235613931437, 51.538731359321091 ], [ -0.356795522189463, 51.539344728953296 ], [ -0.357256339060631, 51.539989366797613 ], [ -0.357613623141892, 51.540659065790059 ], [ -0.357863929439037, 51.541347377278406 ], [ -0.358004842703379, 51.542047673090927 ], [ -0.358035000870993, 51.542753209344568 ], [ -0.357954108371945, 51.543457191378792 ], [ -0.357762939173926, 51.544152839190332 ], [ -0.357463329523445, 51.544833452738743 ], [ -0.357058160446964, 51.545492476493315 ], [ -0.35655133017339, 51.546123562599199 ], [ -0.355947716737029, 51.546720632052619 ], [ -0.355253131115575, 51.547277933295192 ], [ -0.354474261349958, 51.547790097660155 ], [ -0.353618608181036, 51.548252191135383 ], [ -0.352694412821164, 51.548659761941671 ], [ -0.351710577555977, 51.54900888346598 ], [ -0.350676579942171, 51.549296192133987 ], [ -0.349602381430259, 51.549518919854691 ], [ -0.348498331296254, 51.549674920723106 ], [ -0.347375066812664, 51.549762691721554 ], [ -0.346243410626299, 51.549781387219355 ], [ -0.345114266338172, 51.549730827130091 ], [ -0.343998513298444, 51.549611498647529 ], [ -0.34290690163724, 51.549424551543026 ], [ -0.34184994854973, 51.549171787070691 ], [ -0.340837836841455, 51.54885564058754 ], [ -0.339880316717416, 51.548479158057489 ], [ -0.338986611766347, 51.54804596666709 ], [ -0.338165330050044, 51.547560239837736 ], [ -0.337424381157169, 51.547026656973685 ], [ -0.336770900022118, 51.546450358335818 ], [ -0.336211178242885, 51.545836895477869 ], [ -0.335750603558164, 51.545192177724871 ], [ -0.335393608063918, 51.54452241521161 ], [ -0.335143625664118, 51.543834059031425 ], [ -0.335003059160259, 51.543133739073504 ], [ -0.334973257290455, 51.542428200148819 ], [ -0.335054501932317, 51.541724237020532 ] ] ] } },
{ "type": "Feature", "properties": { "NLC": 590, "total_activity": 115055.53815306824, "log_total_activity": 11.653178922645584, "direction_balance": 0.48989558298063068, "post_2300_share": 0.1710651270857001, "midnight_share_common_window": 0.046949261450436597, "night_tube_extension_share": 0.079887579546088702, "post_0100_share": 0.0360711968235626, "common_window_persistence": 0.073661017294530895, "weekend_common_ratio": 0.67185173791805752, "volume_band": "high", "cluster": 1, "Station": "Green Park", "mode_label": "LU", "tot_entry": 85710.36904585798, "tot_exit": 29345.169107210342, "easting": 529007.2306, "northing": 180294.83479999899, "lon": -0.14254189011089011, "lat": 51.506867699299832, "coord_source": "underground_stations_csv", "catchment_area_m2": 784210.12851958955, "station_in_lnwc_extent": true }, "geometry": { "type": "Polygon", "coordinates": [ [ [ -0.140487731067489, 51.511026588814765 ], [ -0.134766155932465, 51.50484775682186 ], [ -0.134761467938192, 51.504793517242952 ], [ -0.141466826400082, 51.501606856635519 ], [ -0.145504956184378, 51.501689097081488 ], [ -0.151742326807776, 51.508539647870315 ], [ -0.144560378541303, 51.511197571690403 ], [ -0.140487731067489, 51.511026588814765 ] ] ] } },
{ "type": "Feature", "properties": { "NLC": 591, "total_activity": 12454.386623135775, "log_total_activity": 9.4299084688151247, "direction_balance": -0.127296284301571, "post_2300_share": 0.1113123164531345, "midnight_share_common_window": 0.0358363549799669, "night_tube_extension_share": 0.0088873296696357004, "post_0100_share": 0.0043657732237343998, "common_window_persistence": 0.050406749407084298, "weekend_common_ratio": 0.56717404593840859, "volume_band": "medium", "cluster": 2, "Station": "Gunnersbury", "mode_label": "LO,LU", "tot_entry": 5434.4947413777027, "tot_exit": 7019.8918817580761, "easting": 519845.2545, "northing": 178387.583799999, "lon": -0.27513618239456988, "lat": 51.491741910939432, "coord_source": "underground_stations_csv", "catchment_area_m2": 1365722.8284430716, "station_in_lnwc_extent": true }, "geometry": { "type": "Polygon", "coordinates": [ [ [ -0.265711253636969, 51.487606182917169 ], [ -0.266405994368218, 51.487049408280392 ], [ -0.267184785708326, 51.486537823223024 ], [ -0.268040127288205, 51.486076353003256 ], [ -0.26896378251912, 51.485669440270087 ], [ -0.269946857884022, 51.485321002338303 ], [ -0.270979888518243, 51.4850343935192 ], [ -0.272052929258008, 51.484812372868085 ], [ -0.273155650283872, 51.484657077657012 ], [ -0.27427743644315, 51.48457000282658 ], [ -0.27540748930091, 51.484551986613226 ], [ -0.276534930943588, 51.48460320248978 ], [ -0.27764890854288, 51.484723157495978 ], [ -0.278738698680431, 51.484910696975398 ], [ -0.279793810436068, 51.485164015673298 ], [ -0.280804086253843, 51.485480675089498 ], [ -0.281759799620915, 51.485857626920179 ], [ -0.282651748624085, 51.486291242365041 ], [ -0.283471344487421, 51.48677734701873 ], [ -0.284210694241442, 51.487311261013176 ], [ -0.284862676729462, 51.487887844026453 ], [ -0.285421011219408, 51.488501544726823 ], [ -0.285880317959143, 51.489146454178361 ], [ -0.286236170089495, 51.489816362695848 ], [ -0.286485136411104, 51.490504819603316 ], [ -0.286624814588073, 51.49120519532277 ], [ -0.286653854462549, 51.491910745195952 ], [ -0.286571971248841, 51.492614674425944 ], [ -0.286379948472644, 51.493310203513438 ], [ -0.286079630619537, 51.493990633557523 ], [ -0.285673905556048, 51.494649410791936 ], [ -0.285166676885523, 51.495280189734103 ], [ -0.28456282649855, 51.49587689433779 ], [ -0.284407465344493, 51.496001443172283 ], [ -0.278805312466722, 51.496979620085078 ], [ -0.275178691263963, 51.496111564867412 ], [ -0.265589487986246, 51.487726459372801 ], [ -0.265711253636969, 51.487606182917169 ] ] ] } },
{ "type": "Feature", "properties": { "NLC": 592, "total_activity": 11540.465514010884, "log_total_activity": 9.3537015262807035, "direction_balance": -0.68251773691869855, "post_2300_share": 0.15344039591072381, "midnight_share_common_window": 0.048868984592317297, "night_tube_extension_share": 0.071681237113315296, "post_0100_share": 0.035731573138189802, "common_window_persistence": 0.071707929432373002, "weekend_common_ratio": 0.59626164050022401, "volume_band": "medium", "cluster": 0, "Station": "Hainault", "mode_label": "LU", "tot_entry": 1831.9465541999448, "tot_exit": 9708.5189598109355, "easting": 545079.8923, "northing": 191498.1822, "lon": 0.093508196158791204, "lat": 51.603640197514103, "coord_source": "underground_stations_csv", "catchment_area_m2": 1473453.2282823261, "station_in_lnwc_extent": true }, "geometry": { "type": "Polygon", "coordinates": [ [ [ 0.104963380944624, 51.602730151457138 ], [ 0.104764896330831, 51.602035352259023 ], [ 0.104458015405296, 51.601356013026226 ], [ 0.104045697945752, 51.600698675287283 ], [ 0.103531918518151, 51.600069668441989 ], [ 0.102921628056459, 51.599475048849257 ], [ 0.10222070606894, 51.598920541551593 ], [ 0.101577654714747, 51.598503432086574 ], [ 0.082989120130709, 51.60069343136081 ], [ 0.08271751595705, 51.601079110753346 ], [ 0.082366287804047, 51.601750071606524 ], [ 0.082122349394517, 51.602439239798073 ], [ 0.081988054701185, 51.603139978878772 ], [ 0.08196470208385, 51.603845540667081 ], [ 0.082052521592278, 51.604549130225443 ], [ 0.082250672552735, 51.605243971298954 ], [ 0.082557251469036, 51.605923371585945 ], [ 0.082969310169495, 51.606580787211634 ], [ 0.083482884032123, 51.607209885783071 ], [ 0.084093030022704, 51.607804607416334 ], [ 0.084348304271589, 51.608006621762883 ], [ 0.1014806361409, 51.608831043327037 ], [ 0.101905357525948, 51.608577136180763 ], [ 0.102642036812591, 51.608040829681357 ], [ 0.103290726895709, 51.607462142258449 ], [ 0.103845182400372, 51.606846648463431 ], [ 0.104300066383749, 51.606200277166948 ], [ 0.104651001626314, 51.605529254409582 ], [ 0.104894612649867, 51.604840043398234 ], [ 0.105028558062942, 51.604139282227599 ], [ 0.105051552928381, 51.603433719928177 ], [ 0.104963380944624, 51.602730151457138 ] ] ] } },
{ "type": "Feature", "properties": { "NLC": 593, "total_activity": 92622.924829854659, "log_total_activity": 11.436302754756168, "direction_balance": 0.053542012312162997, "post_2300_share": 0.14144157048832429, "midnight_share_common_window": 0.032730238027959199, "night_tube_extension_share": 0.037585841358834401, "post_0100_share": 0.018197036330972399, "common_window_persistence": 0.051508972132409701, "weekend_common_ratio": 0.82345649288944511, "volume_band": "high", "cluster": 2, "Station": "Hammersmith (DIS)", "mode_label": "LU", "tot_entry": 48791.071305741651, "tot_exit": 43831.853524113038, "easting": 523460.9489, "northing": 178502.7234, "lon": -0.2230418838988803, "lat": 51.491999519638057, "coord_source": "underground_stations_csv", "catchment_area_m2": 644834.41433310776, "station_in_lnwc_extent": true }, "geometry": { "type": "Polygon", "coordinates": [ [ [ -0.222191318796114, 51.484827309534857 ], [ -0.223321386066072, 51.484809795612968 ], [ -0.224448763244966, 51.484861511852998 ], [ -0.22556259812388, 51.484981960479594 ], [ -0.22665216865569, 51.485169982085942 ], [ -0.227706986030197, 51.485423766777345 ], [ -0.228716895520052, 51.485740871568545 ], [ -0.229672174132638, 51.486118243868752 ], [ -0.230563624133005, 51.486552250829867 ], [ -0.231382661541581, 51.487038714276885 ], [ -0.231889523377528, 51.487405266137493 ], [ -0.230702146371451, 51.490123069502154 ], [ -0.217418949060848, 51.495597961433788 ], [ -0.216815486704246, 51.495068680458623 ], [ -0.222163036973377, 51.484829492179784 ], [ -0.222191318796114, 51.484827309534857 ] ] ] } },
{ "type": "Feature", "properties": { "NLC": 594, "total_activity": 14566.802204192682, "log_total_activity": 9.5865690438985123, "direction_balance": -0.082915971253725004, "post_2300_share": 0.13223347855950621, "midnight_share_common_window": 0.031337884386375997, "night_tube_extension_share": 0.034311885377618902, "post_0100_share": 0.0168878047716523, "common_window_persistence": 0.047871627118715003, "weekend_common_ratio": 1.0015218428485226, "volume_band": "medium", "cluster": 4, "Station": "Hampstead", "mode_label": "LU", "tot_entry": 6679.4908256855761, "tot_exit": 7887.3113785071109, "easting": 526372.6132, "northing": 185761.4121, "lon": -0.17852309354375809, "lat": 51.556589879884903, "coord_source": "underground_stations_csv", "catchment_area_m2": 1277260.5687774073, "station_in_lnwc_extent": true }, "geometry": { "type": "Polygon", "coordinates": [ [ [ -0.190028975897271, 51.556062806808043 ], [ -0.190056537587469, 51.556768358699188 ], [ -0.18997302420014, 51.557472197075434 ], [ -0.189779234944296, 51.558167543305132 ], [ -0.189477031305862, 51.558847700240712 ], [ -0.189069319305482, 51.559506116738298 ], [ -0.188560021679815, 51.560136450781954 ], [ -0.187954040247782, 51.560732630602992 ], [ -0.187257208818613, 51.561288913204862 ], [ -0.186476237090815, 51.561799939727344 ], [ -0.185618646079147, 51.562260787115058 ], [ -0.184692695689775, 51.562667015590264 ], [ -0.183707305140799, 51.56301471147075 ], [ -0.182671966995803, 51.563300524917416 ], [ -0.181596655640975, 51.563521702246554 ], [ -0.180491731091238, 51.563676112493475 ], [ -0.179367839056977, 51.563762267969508 ], [ -0.178235808239951, 51.563779338613784 ], [ -0.177106545854439, 51.56372716000002 ], [ -0.175990932387189, 51.563606234921131 ], [ -0.174899716617308, 51.563417728536074 ], [ -0.173843411914626, 51.563163457126301 ], [ -0.172832194822344, 51.562845870570818 ], [ -0.171875806907131, 51.562468028709858 ], [ -0.17098346082746, 51.562033571826824 ], [ -0.170724901530213, 51.561879995965796 ], [ -0.17302788408365, 51.552201877556286 ], [ -0.173731603229403, 51.551594870893254 ], [ -0.18998132680907, 51.555821588456304 ], [ -0.190028975897271, 51.556062806808043 ] ] ] } },
{ "type": "Feature", "properties": { "NLC": 595, "total_activity": 11087.567171938335, "log_total_activity": 9.3136698719918112, "direction_balance": -0.44648062509876479, "post_2300_share": 0.1206678605858947, "midnight_share_common_window": 0.038004434395592701, "night_tube_extension_share": 0.0091641566081517006, "post_0100_share": 0.0055575672768183003, "common_window_persistence": 0.057369097517248099, "weekend_common_ratio": 0.85982610702670115, "volume_band": "medium", "cluster": 4, "Station": "Hanger Lane", "mode_label": "LU", "tot_entry": 3068.5916250933842, "tot_exit": 8018.9755468449594, "easting": 518527.3157, "northing": 182634.1785, "lon": -0.29268452494969588, "lat": 51.530185529338247, "coord_source": "underground_stations_csv", "catchment_area_m2": 1458803.5162640233, "station_in_lnwc_extent": true }, "geometry": { "type": "Polygon", "coordinates": [ [ [ -0.296287598571285, 51.523353823065811 ], [ -0.297343694857109, 51.523606991306941 ], [ -0.298354940388347, 51.523923506440525 ], [ -0.29931159932258, 51.524300321553305 ], [ -0.300204460647983, 51.524733809163109 ], [ -0.301024926808268, 51.525219796097488 ], [ -0.301765096456211, 51.525753603624267 ], [ -0.302417840540532, 51.526330092449179 ], [ -0.302976870993692, 51.526943712150086 ], [ -0.303436801357885, 51.527588554573647 ], [ -0.303793198762781, 51.528258410682611 ], [ -0.304042626750452, 51.528946830308094 ], [ -0.30418267852996, 51.529647184233205 ], [ -0.304212000335172, 51.530352728011302 ], [ -0.304130304654033, 51.531056666905563 ], [ -0.303938373194475, 51.531752221324474 ], [ -0.303638049550866, 51.532432692123685 ], [ -0.303232221634117, 51.533091525144293 ], [ -0.302724794027561, 51.533722374366 ], [ -0.302698924292357, 51.533747929554991 ], [ -0.289944156124676, 51.53716550644657 ], [ -0.289080350667652, 51.537017107303278 ], [ -0.288023993342104, 51.536763862767984 ], [ -0.287012539100523, 51.536447257258949 ], [ -0.286055731805945, 51.536070341162464 ], [ -0.285162788171603, 51.535636745841501 ], [ -0.284342308916868, 51.535150648607726 ], [ -0.283602195892176, 51.534616732432127 ], [ -0.282949575972804, 51.534040140784249 ], [ -0.282558445393059, 51.533610609614264 ], [ -0.293609537874349, 51.523496353057219 ], [ -0.295687069607595, 51.523250660076606 ], [ -0.296287598571285, 51.523353823065811 ] ] ] } },
{ "type": "Feature", "properties": { "NLC": 596, "total_activity": 8866.723494646465, "log_total_activity": 9.0901733901245247, "direction_balance": -0.2038572784821498, "post_2300_share": 0.1100093813273194, "midnight_share_common_window": 0.028610154605055501, "night_tube_extension_share": 0.0048276543336119001, "post_0100_share": 0.002893801581269, "common_window_persistence": 0.042746545755041603, "weekend_common_ratio": 0.69922304665902646, "volume_band": "medium", "cluster": 4, "Station": "Harlesden", "mode_label": "LO,LU", "tot_entry": 3529.5886869870492, "tot_exit": 5337.134807659414, "easting": 520874.9265, "northing": 183414.18689999901, "lon": -0.25859014422365278, "lat": 51.536698482952602, "coord_source": "underground_stations_csv", "catchment_area_m2": 1747525.531997001, "station_in_lnwc_extent": true }, "geometry": { "type": "Polygon", "coordinates": [ [ [ -0.264266029583035, 51.530438166669455 ], [ -0.26522253558865, 51.530815258066212 ], [ -0.266115192799718, 51.531249002873999 ], [ -0.266935405620018, 51.531735225444351 ], [ -0.267675275135924, 51.53226924477628 ], [ -0.268327675180076, 51.532845919535717 ], [ -0.26888632099166, 51.533459697509386 ], [ -0.269345829810807, 51.534104669018767 ], [ -0.269701772820963, 51.534774623782042 ], [ -0.269950717935009, 51.535463110678535 ], [ -0.270090263007951, 51.536163499841429 ], [ -0.270119059150168, 51.536869046482508 ], [ -0.270036823909847, 51.537572955834918 ], [ -0.26984434419024, 51.538268448589278 ], [ -0.269822990461588, 51.538316737076777 ], [ -0.265248267032422, 51.542560167397291 ], [ -0.264767890350127, 51.542771500629271 ], [ -0.263783528086992, 51.543119879881608 ], [ -0.262749129872227, 51.543406409806188 ], [ -0.261674661025113, 51.543628329816258 ], [ -0.260570473433302, 51.543783501790735 ], [ -0.259447205698331, 51.54387043070043 ], [ -0.258315680500447, 51.543888279030611 ], [ -0.257186800178085, 51.543836874859863 ], [ -0.256071441535027, 51.543716713516957 ], [ -0.254980350895899, 51.543528952799988 ], [ -0.253924040428188, 51.543275401803719 ], [ -0.252912686736352, 51.542958503464213 ], [ -0.251956032711122, 51.542581310989618 ], [ -0.251063293584748, 51.542147458405928 ], [ -0.250243068101408, 51.541661125503346 ], [ -0.249503255661363, 51.54112699752293 ], [ -0.248850980238574, 51.540550219974008 ], [ -0.248292521804728, 51.53993634902001 ], [ -0.247839799440927, 51.539300488601377 ], [ -0.255154156937293, 51.53001521289081 ], [ -0.263885185373529, 51.530318843671026 ], [ -0.264266029583035, 51.530438166669455 ] ] ] } },
{ "type": "Feature", "properties": { "NLC": 597, "total_activity": 19549.947789565445, "log_total_activity": 9.8807790445230577, "direction_balance": -0.47118967266941308, "post_2300_share": 0.10666114657150159, "midnight_share_common_window": 0.0281378810898536, "night_tube_extension_share": 0.0082917611879689997, "post_0100_share": 0.0054590295464959004, "common_window_persistence": 0.041367932876428898, "weekend_common_ratio": 0.75617572799347976, "volume_band": "medium", "cluster": 4, "Station": "Harrow & Wealdstone", "mode_label": "LO,LU", "tot_entry": 5169.1071449479887, "tot_exit": 14380.840644617463, "easting": 515443.4908, "northing": 189445.8062, "lon": -0.33488645488903879, "lat": 51.592043825104341, "coord_source": "underground_stations_csv", "catchment_area_m2": 1959689.5663577174, "station_in_lnwc_extent": true }, "geometry": { "type": "Polygon", "coordinates": [ [ [ -0.323424719395191, 51.591175553818616 ], [ -0.323616625607497, 51.590479973879852 ], [ -0.323917054943059, 51.589799459177257 ], [ -0.324323109717592, 51.589140562586003 ], [ -0.324830875626572, 51.588509628541381 ], [ -0.325435459587091, 51.587912731980552 ], [ -0.326131036976821, 51.587355619887781 ], [ -0.326910907810739, 51.586843656003694 ], [ -0.327767561311427, 51.586381769229277 ], [ -0.328692748249353, 51.585974406218881 ], [ -0.329677560356187, 51.585625488616813 ], [ -0.330419989700107, 51.585419528137422 ], [ -0.341217620179957, 51.586038586368495 ], [ -0.34151731658051, 51.586156324486218 ], [ -0.342411785456133, 51.586589500759864 ], [ -0.343233807298218, 51.587075201413782 ], [ -0.343975465786028, 51.587608750476164 ], [ -0.344629617534822, 51.588185011145868 ], [ -0.345189960921497, 51.588798435202399 ], [ -0.345651096841095, 51.589443116381133 ], [ -0.346008580806452, 51.590112847202406 ], [ -0.346258965885257, 51.590801178708396 ], [ -0.346399836055902, 51.591501482535108 ], [ -0.346429829654714, 51.592207014722199 ], [ -0.346348652681892, 51.592910980647602 ], [ -0.346157081830591, 51.593606600461996 ], [ -0.345856957202412, 51.594287174392839 ], [ -0.345451164771908, 51.594946147288802 ], [ -0.344943608761866, 51.595577171782331 ], [ -0.344339174188898, 51.596174169460319 ], [ -0.343643679934449, 51.596731389452614 ], [ -0.3428638227887, 51.597243463872054 ], [ -0.342007113003039, 51.597705459569937 ], [ -0.341081801969995, 51.598112925705941 ], [ -0.340096802726804, 51.598461936672734 ], [ -0.339061604049376, 51.598749129958691 ], [ -0.337986178966643, 51.598971738582478 ], [ -0.336880888580291, 51.599127617785051 ], [ -0.335756382121357, 51.599215265719941 ], [ -0.334623494212334, 51.599233837941775 ], [ -0.333493140331159, 51.599183155552005 ], [ -0.332376211491215, 51.599063706923417 ], [ -0.331283469159278, 51.598876642986205 ], [ -0.33022544143092, 51.598623766121776 ], [ -0.32921232147041, 51.598307512772038 ], [ -0.328253869199692, 51.597930929932865 ], [ -0.327359317188811, 51.597497645759688 ], [ -0.326537281658585, 51.597011834570402 ], [ -0.325795679455774, 51.596478176584597 ], [ -0.325141651802119, 51.595901812789258 ], [ -0.324581495551813, 51.595288295368022 ], [ -0.32412060261827, 51.594643534173365 ], [ -0.323763408150834, 51.593973739760017 ], [ -0.323513347956576, 51.593285363529539 ], [ -0.323372825571973, 51.592585035564674 ], [ -0.323343189295476, 51.591879500753407 ], [ -0.323424719395191, 51.591175553818616 ] ] ] } },
{ "type": "Feature", "properties": { "NLC": 598, "total_activity": 30529.93007509533, "log_total_activity": 10.326495549565433, "direction_balance": -0.42614200048881212, "post_2300_share": 0.1213784334122186, "midnight_share_common_window": 0.039080528936226003, "night_tube_extension_share": 0.0143180990447303, "post_0100_share": 0.0077914205880491002, "common_window_persistence": 0.057957050440542598, "weekend_common_ratio": 0.75336263696092864, "volume_band": "high", "cluster": 4, "Station": "Harrow-on-the-Hill", "mode_label": "LU", "tot_entry": 8759.9222990553317, "tot_exit": 21770.007776040009, "easting": 515346.2006, "northing": 188038.3989, "lon": -0.33675223223469858, "lat": 51.579414603144983, "coord_source": "underground_stations_csv", "catchment_area_m2": 1686047.6100512859, "station_in_lnwc_extent": true }, "geometry": { "type": "Polygon", "coordinates": [ [ [ -0.327999016526846, 51.574726547507673 ], [ -0.328778647160716, 51.574214568018625 ], [ -0.329635041585188, 51.573752664351041 ], [ -0.330559953064858, 51.573345283322723 ], [ -0.331544475982593, 51.572996346752113 ], [ -0.332579131536827, 51.572709213746109 ], [ -0.333653958924142, 51.572486648401522 ], [ -0.334758611132967, 51.572330793229639 ], [ -0.335882454431037, 51.572243148557646 ], [ -0.337014670594587, 51.572224558104395 ], [ -0.338144360901686, 51.572275200868305 ], [ -0.339260650895544, 51.572394589404894 ], [ -0.340352794916447, 51.572581574510707 ], [ -0.341410279403099, 51.5728343562688 ], [ -0.342422923975633, 51.573150501350007 ], [ -0.343380979333274, 51.573526966405389 ], [ -0.344275221029393, 51.573960127325172 ], [ -0.345097038225328, 51.574445814085088 ], [ -0.345139946111454, 51.574476689267534 ], [ -0.344902627423101, 51.584499167337398 ], [ -0.344727636809508, 51.584614108134588 ], [ -0.343871186163882, 51.585076120677357 ], [ -0.342946150701209, 51.585483604787164 ], [ -0.341961440803218, 51.585832634684166 ], [ -0.341219055208299, 51.586038668575576 ], [ -0.330421424686418, 51.585419610476237 ], [ -0.330121762433676, 51.585301844306798 ], [ -0.329227437640476, 51.584868575538302 ], [ -0.328405606743327, 51.584382778293467 ], [ -0.327688213666092, 51.583866428060233 ], [ -0.327059696260563, 51.581643044125165 ], [ -0.327950544687986, 51.574765384085921 ], [ -0.327999016526846, 51.574726547507673 ] ] ] } },
{ "type": "Feature", "properties": { "NLC": 599, "total_activity": 17895.201553783554, "log_total_activity": 9.7923437656112124, "direction_balance": 0.1337389930295895, "post_2300_share": 0.074162184092979602, "midnight_share_common_window": 0.018566425249392698, "night_tube_extension_share": 0.0038117294861107999, "post_0100_share": 0.0028179290957725, "common_window_persistence": 0.0255230719455544, "weekend_common_ratio": 0.81574678893150843, "volume_band": "medium", "cluster": 2, "Station": "Wood Lane", "mode_label": "LU", "tot_entry": 10144.243894824054, "tot_exit": 7750.9576589595008, "easting": 523373.9519, "northing": 180519.17710000099, "lon": -0.22358983250307199, "lat": 51.510140640931617, "coord_source": "underground_stations_csv", "catchment_area_m2": 275425.71164708456, "station_in_lnwc_extent": true }, "geometry": { "type": "Polygon", "coordinates": [ [ [ -0.22138784241688, 51.50719053785447 ], [ -0.231812969934304, 51.509902823609671 ], [ -0.220625326020147, 51.511734628161129 ], [ -0.216294989717446, 51.508819731353221 ], [ -0.22138784241688, 51.50719053785447 ] ] ] } },
{ "type": "Feature", "properties": { "NLC": 601, "total_activity": 19069.653033615639, "log_total_activity": 9.8559059420362392, "direction_balance": -0.40176943840189971, "post_2300_share": 0.15214299186551819, "midnight_share_common_window": 0.041941351117645402, "night_tube_extension_share": 0.066659574655546297, "post_0100_share": 0.0320362306791383, "common_window_persistence": 0.063624462542624799, "weekend_common_ratio": 0.75340747537562203, "volume_band": "medium", "cluster": 4, "Station": "Hendon Central", "mode_label": "LU", "tot_entry": 5704.0246218904022, "tot_exit": 13365.628411725253, "easting": 522985.7318, "northing": 188635.9596, "lon": -0.22634673982323819, "lat": 51.583171424820769, "coord_source": "underground_stations_csv", "catchment_area_m2": 1825838.3440672329, "station_in_lnwc_extent": true }, "geometry": { "type": "Polygon", "coordinates": [ [ [ -0.225494305750586, 51.575999324279906 ], [ -0.226626633735962, 51.575981800378401 ], [ -0.227756267862709, 51.576033505644403 ], [ -0.228872334213009, 51.576153942408695 ], [ -0.229964089274951, 51.5763419513803 ], [ -0.231021023223425, 51.576595722788625 ], [ -0.232032960967522, 51.57691281377965 ], [ -0.232990159997758, 51.577290171899563 ], [ -0.23388340409634, 51.577724164441364 ], [ -0.234704092012422, 51.578210613373933 ], [ -0.235444320251528, 51.578744835518975 ], [ -0.236096959183561, 51.579321687591523 ], [ -0.236655721736727, 51.579935615672404 ], [ -0.237115224014591, 51.580580708638529 ], [ -0.237471037249867, 51.581250755038845 ], [ -0.237719730590588, 51.58193930286987 ], [ -0.237858904301466, 51.582639721677033 ], [ -0.237887213054507, 51.58334526638501 ], [ -0.237804379077713, 51.584049142243472 ], [ -0.237611195027816, 51.58474457026292 ], [ -0.237309516551806, 51.585424852510741 ], [ -0.236902244601369, 51.586083436638447 ], [ -0.236393297663441, 51.586713979017098 ], [ -0.235787574167831, 51.5873104058725 ], [ -0.235090905428367, 51.587866971829051 ], [ -0.234309999566324, 51.588378315296978 ], [ -0.233452376952997, 51.588839510167162 ], [ -0.232526297791398, 51.589246113313429 ], [ -0.231540682534219, 51.589594207442637 ], [ -0.230505025905705, 51.589880438877216 ], [ -0.229429305358095, 51.590102049904658 ], [ -0.228323884848264, 51.590256905379789 ], [ -0.227199414866448, 51.590343513322438 ], [ -0.226066729685991, 51.590361039310572 ], [ -0.224936742830608, 51.5903093145292 ], [ -0.223820341773282, 51.590188837397456 ], [ -0.222728282888529, 51.590000768757662 ], [ -0.2216710876772, 51.589746920673356 ], [ -0.220658941270388, 51.589429738945263 ], [ -0.219701594196368, 51.589052279514121 ], [ -0.218808268362174, 51.588618178980269 ], [ -0.217987568159702, 51.58813161952488 ], [ -0.217247397555585, 51.587597288573605 ], [ -0.216594883965039, 51.58702033359279 ], [ -0.216036309643057, 51.586406312456255 ], [ -0.215577051252449, 51.585761139863244 ], [ -0.215221528188054, 51.585091030324769 ], [ -0.214973160150732, 51.584402438270679 ], [ -0.214858612928174, 51.583824494240005 ], [ -0.225270323621696, 51.576016577158143 ], [ -0.225494305750586, 51.575999324279906 ] ] ] } },
{ "type": "Feature", "properties": { "NLC": 602, "total_activity": 13951.199997230857, "log_total_activity": 9.5433924807099295, "direction_balance": -0.53244927613392201, "post_2300_share": 0.15748253230022849, "midnight_share_common_window": 0.0453708237194968, "night_tube_extension_share": 0.066036909213397194, "post_0100_share": 0.033023889672526403, "common_window_persistence": 0.067841382033598394, "weekend_common_ratio": 0.79061891981505594, "volume_band": "medium", "cluster": 4, "Station": "High Barnet", "mode_label": "LU", "tot_entry": 3261.4468287528566, "tot_exit": 10689.753168478004, "easting": 525030.1427, "northing": 196180.328199999, "lon": -0.1941662468819022, "lat": 51.650521912227859, "coord_source": "underground_stations_csv", "catchment_area_m2": 2007391.0339494415, "station_in_lnwc_extent": true }, "geometry": { "type": "Polygon", "coordinates": [ [ [ -0.182692834018855, 51.649639788186612 ], [ -0.182887156360433, 51.648944468882156 ], [ -0.183190090857492, 51.648264345701143 ], [ -0.183598715698471, 51.647605967737917 ], [ -0.184109091832642, 51.64697567442343 ], [ -0.184716301050081, 51.646379534515752 ], [ -0.185414493462221, 51.645823287704879 ], [ -0.186196943921255, 51.645312289392727 ], [ -0.187056116831957, 51.644851459177495 ], [ -0.187983738729992, 51.644445233536601 ], [ -0.188970877927535, 51.644097523161086 ], [ -0.190008030460404, 51.643811675350761 ], [ -0.191085211511677, 51.64359044182919 ], [ -0.192192051435365, 51.643435952287142 ], [ -0.19331789546059, 51.643349693907545 ], [ -0.194451906122238, 51.643332497067334 ], [ -0.195583167438568, 51.643384527353625 ], [ -0.196700789839886, 51.643505283969958 ], [ -0.197794014845385, 51.643693604548396 ], [ -0.19885231848755, 51.643947676321368 ], [ -0.199865512495219, 51.644265053546455 ], [ -0.200823842267338, 51.644642681017636 ], [ -0.2017180806994, 51.645076923438445 ], [ -0.202539616963441, 51.645563600375496 ], [ -0.203280539389732, 51.646098026458652 ], [ -0.203933711653724, 51.646675056442369 ], [ -0.204492841534786, 51.647289134696912 ], [ -0.20495254158334, 51.64793434865507 ], [ -0.20530838110945, 51.648604485701867 ], [ -0.205556928988217, 51.649293092961322 ], [ -0.20569578686451, 51.649993539406054 ], [ -0.205723612431099, 51.650699079693354 ], [ -0.205640132549062, 51.651402919113359 ], [ -0.205446146076675, 51.652098279024599 ], [ -0.205143516371951, 51.652778462147026 ], [ -0.204735153533452, 51.653436917082786 ], [ -0.204224986543299, 51.654067301442915 ], [ -0.203617925574127, 51.654663542970518 ], [ -0.202919814817404, 51.655219898070392 ], [ -0.202137376282965, 51.655731007179156 ], [ -0.201278145107778, 51.656191946440728 ], [ -0.200350396995248, 51.656598275187157 ], [ -0.19936306848355, 51.656946078765031 ], [ -0.198325670812105, 51.65723200629288 ], [ -0.197248198218371, 51.657453302983633 ], [ -0.19614103155215, 51.65760783671896 ], [ -0.195014838140856, 51.657694118617606 ], [ -0.193880468876311, 51.657711317398785 ], [ -0.192748853521171, 51.657659267400859 ], [ -0.19163089525064, 51.657538470177741 ], [ -0.190537365452793, 51.657350089657868 ], [ -0.189478799808146, 51.657095940912356 ], [ -0.188465396656468, 51.656778472641626 ], [ -0.1875069186361, 51.656400743550478 ], [ -0.186612598548644, 51.655966392840682 ], [ -0.185791050360036, 51.655479605107018 ], [ -0.185050186198257, 51.654945069977522 ], [ -0.18439714014878, 51.65436793688832 ], [ -0.183838199581885, 51.653753765431418 ], [ -0.183378744671908, 51.653108471755736 ], [ -0.183023196688251, 51.652438271539751 ], [ -0.182774975551999, 51.651749620087038 ], [ -0.182636467061751, 51.651049150123278 ], [ -0.18260900009803, 51.650343607894953 ], [ -0.182692834018855, 51.649639788186612 ] ] ] } },
{ "type": "Feature", "properties": { "NLC": 603, "total_activity": 72618.84151358658, "log_total_activity": 11.192993462558711, "direction_balance": -0.036402396014635102, "post_2300_share": 0.16531299175499159, "midnight_share_common_window": 0.039275792817581999, "night_tube_extension_share": 0.067084765944459696, "post_0100_share": 0.035526067638471798, "common_window_persistence": 0.064312018624767597, "weekend_common_ratio": 1.0030248947914393, "volume_band": "high", "cluster": 3, "Station": "Highbury & Islington", "mode_label": "LO,LU", "tot_entry": 34987.670843342486, "tot_exit": 37631.170670244086, "easting": 531583.269, "northing": 184873.93480000101, "lon": -0.1037367147978817, "lat": 51.5474243924603, "coord_source": "underground_stations_csv", "catchment_area_m2": 1049846.0849516757, "station_in_lnwc_extent": true }, "geometry": { "type": "Polygon", "coordinates": [ [ [ -0.096653738218656, 51.541748648337162 ], [ -0.097580024782495, 51.541343117151015 ], [ -0.098565580181085, 51.540996145491768 ], [ -0.09960091570121, 51.540711073553361 ], [ -0.100676064016125, 51.54049064559598 ], [ -0.101780675041124, 51.540336983561183 ], [ -0.102904115449908, 51.540251566670847 ], [ -0.104035570899525, 51.540235217205598 ], [ -0.105066179779727, 51.5402835030022 ], [ -0.111285289357928, 51.547034530384195 ], [ -0.111037165753565, 51.548327737771473 ], [ -0.104015734227681, 51.553204364735507 ], [ -0.099448855677252, 51.553766982385227 ], [ -0.096136173903668, 51.542026212882909 ], [ -0.096653738218656, 51.541748648337162 ] ] ] } },
{ "type": "Feature", "properties": { "NLC": 604, "total_activity": 19159.437389026225, "log_total_activity": 9.8606028795015686, "direction_balance": -0.44854634419898071, "post_2300_share": 0.1480375487804643, "midnight_share_common_window": 0.038118431253737997, "night_tube_extension_share": 0.047760783300148803, "post_0100_share": 0.023552504450118399, "common_window_persistence": 0.058519927653502002, "weekend_common_ratio": 0.78362426078854264, "volume_band": "medium", "cluster": 4, "Station": "Highgate", "mode_label": "LU", "tot_entry": 5282.7708956346232, "tot_exit": 13876.666493391614, "easting": 528534.7964, "northing": 188180.79109999901, "lon": -0.14646788226539451, "lat": 51.57784395375154, "coord_source": "underground_stations_csv", "catchment_area_m2": 2007391.0339494327, "station_in_lnwc_extent": true }, "geometry": { "type": "Polygon", "coordinates": [ [ [ -0.135013794714621, 51.57695735030962 ], [ -0.13520850472202, 51.576262105929011 ], [ -0.135511637046161, 51.575582100069752 ], [ -0.135920267993353, 51.574923880695565 ], [ -0.136430458475926, 51.574293785710417 ], [ -0.137037292091707, 51.57369788196371 ], [ -0.137734922586401, 51.573141906873381 ], [ -0.138516630237355, 51.572631213227837 ], [ -0.139374886612591, 51.572170717695158 ], [ -0.140301427079782, 51.571764853534198 ], [ -0.141287330366593, 51.571417527959952 ], [ -0.142323104407495, 51.571132084571616 ], [ -0.14339877765293, 51.570911271203364 ], [ -0.144503994965534, 51.570757213504919 ], [ -0.145628117185063, 51.570671394505119 ], [ -0.146760323409323, 51.570654640353808 ], [ -0.147889715012997, 51.57070711237828 ], [ -0.149005420409984, 51.570828305530689 ], [ -0.150096699557925, 51.571017053240809 ], [ -0.151153047205928, 51.571271538628267 ], [ -0.152164293898266, 51.571589311967003 ], [ -0.153120703767764, 51.571967314234897 ], [ -0.15401306818259, 51.572401906523616 ], [ -0.154832794348993, 51.572888905027149 ], [ -0.155571988019848, 51.573423621274429 ], [ -0.156223529514177, 51.574000907220842 ], [ -0.156781142315806, 51.574615204766502 ], [ -0.157239453589285, 51.575260599227015 ], [ -0.157594046027586, 51.575930876243625 ], [ -0.157841500528306, 51.576619581587153 ], [ -0.157979429282135, 51.577320083280746 ], [ -0.158006498948813, 51.5780256354453 ], [ -0.157922443690446, 51.578729443252975 ], [ -0.15772806792928, 51.579424728364032 ], [ -0.157425238795757, 51.580104794216986 ], [ -0.157016868332124, 51.58076309054259 ], [ -0.156506885615816, 51.581393276479666 ], [ -0.155900199064664, 51.581989281683633 ], [ -0.155202649281349, 51.582545364837529 ], [ -0.154420952886831, 51.583056169000209 ], [ -0.153562637880508, 51.583516773256399 ], [ -0.152635971147865, 51.583922740169115 ], [ -0.151649878813546, 51.584270158574647 ], [ -0.15061386020807, 51.584555681306377 ], [ -0.149537896279474, 51.584776557480957 ], [ -0.148432353335912, 51.584930659035109 ], [ -0.147307883051446, 51.585016501254579 ], [ -0.14617531970421, 51.585033257097272 ], [ -0.14504557564356, 51.584980765170826 ], [ -0.143929536000321, 51.584859531287961 ], [ -0.142837953661749, 51.584670723584154 ], [ -0.141781345530184, 51.584416161245287 ], [ -0.14076989107159, 51.5840982969546 ], [ -0.139813334137481, 51.583720193229439 ], [ -0.1389208890113, 51.583285492877138 ], [ -0.138101151588488, 51.58279838385652 ], [ -0.137362016548746, 51.5822635588857 ], [ -0.136710601319889, 51.581686170187524 ], [ -0.136153177565779, 51.581071779810564 ], [ -0.135695110856878, 51.580426306006686 ], [ -0.13534080910173, 51.579755966183747 ], [ -0.135093680231949, 51.579067216984541 ], [ -0.134956099543033, 51.578366692071263 ], [ -0.134929386999304, 51.577661138215319 ], [ -0.135013794714621, 51.57695735030962 ] ] ] } },
{ "type": "Feature", "properties": { "NLC": 605, "total_activity": 35002.806674330001, "log_total_activity": 10.463212096681094, "direction_balance": 0.20698894975308951, "post_2300_share": 0.086492123865891293, "midnight_share_common_window": 0.020977739313516101, "night_tube_extension_share": 0.0031383673508178001, "post_0100_share": 0.0017131100581706999, "common_window_persistence": 0.029603527660615501, "weekend_common_ratio": 0.90732540217169899, "volume_band": "high", "cluster": 2, "Station": "High Street Kensington", "mode_label": "LU", "tot_entry": 21124.000433130008, "tot_exit": 13878.806241200004, "easting": 525578.3546, "northing": 179494.316500001, "lon": -0.19220609592531959, "lat": 51.500445098932737, "coord_source": "underground_stations_csv", "catchment_area_m2": 1082954.4528878583, "station_in_lnwc_extent": true }, "geometry": { "type": "Polygon", "coordinates": [ [ [ -0.181912154140765, 51.503677189733537 ], [ -0.181454184651488, 51.503031887770362 ], [ -0.181099779176413, 51.502361677041129 ], [ -0.180852346669573, 51.50167301294546 ], [ -0.180805651890306, 51.501436133210426 ], [ -0.190413285562333, 51.496113141580679 ], [ -0.200182037137714, 51.496548974942314 ], [ -0.202050504173972, 51.501363959208348 ], [ -0.198652865392225, 51.504018176509568 ], [ -0.190283244777581, 51.505471586682027 ], [ -0.182033546550322, 51.503811014595755 ], [ -0.181912154140765, 51.503677189733537 ] ] ] } },
{ "type": "Feature", "properties": { "NLC": 606, "total_activity": 5048.1750742206004, "log_total_activity": 8.5269801572865891, "direction_balance": -0.56627329771615598, "post_2300_share": 0.1293291509860717, "midnight_share_common_window": 0.046587546483210097, "night_tube_extension_share": 0.022604576681302301, "post_0100_share": 0.0125673890376702, "common_window_persistence": 0.066607471527516601, "weekend_common_ratio": 0.74035094760461562, "volume_band": "low", "cluster": 0, "Station": "Hillingdon", "mode_label": "LU", "tot_entry": 1094.7641637466006, "tot_exit": 3953.4109104740019, "easting": 507602.2269, "northing": 185034.94229999901, "lon": -0.4493839489109262, "lat": 51.553949316486722, "coord_source": "underground_stations_csv", "catchment_area_m2": 1764125.9886656138, "station_in_lnwc_extent": true }, "geometry": { "type": "Polygon", "coordinates": [ [ [ -0.437929358585507, 51.553092285560709 ], [ -0.438119348009713, 51.552396498311836 ], [ -0.438417810327377, 51.551715670056247 ], [ -0.438821866796335, 51.55105635669689 ], [ -0.439327622350858, 51.550424906690203 ], [ -0.439930203258445, 51.549827399948896 ], [ -0.440623804172841, 51.549269589339062 ], [ -0.441401744125676, 51.548756845332484 ], [ -0.442256530914306, 51.548294104345658 ], [ -0.443179933264014, 51.547885821260415 ], [ -0.444163060069269, 51.547535926581205 ], [ -0.44519644595212, 51.547247788639126 ], [ -0.446270142316328, 51.547024181204797 ], [ -0.447373813024301, 51.546867256819773 ], [ -0.448496833780522, 51.546778526101754 ], [ -0.44962839427047, 51.546758843221369 ], [ -0.450757602078256, 51.546808397689851 ], [ -0.451873587389522, 51.546926712535438 ], [ -0.45296560747883, 51.547112648886902 ], [ -0.454023149982751, 51.547364416919748 ], [ -0.455036033971167, 51.547679593060742 ], [ -0.455994507849909, 51.548055143286369 ], [ -0.456889343157429, 51.548487452292491 ], [ -0.45771192335668, 51.548972358255902 ], [ -0.458454326770291, 51.549505192855634 ], [ -0.459109402862116, 51.550080826170216 ], [ -0.459670841130885, 51.550693716021655 ], [ -0.460133231951295, 51.551337961292326 ], [ -0.460492118774054, 51.552007358704458 ], [ -0.460744041178218, 51.552695462516454 ], [ -0.460886568356105, 51.553395646563466 ], [ -0.46091832270219, 51.554101168046088 ], [ -0.460838993271951, 51.55480523245344 ], [ -0.460649338973676, 51.555501058996008 ], [ -0.46035118145491, 51.556181945918752 ], [ -0.45994738774457, 51.556841335064199 ], [ -0.459441842810718, 51.557472875063496 ], [ -0.45883941229182, 51.55807048254551 ], [ -0.458145895754777, 51.558628400772818 ], [ -0.457367970925386, 51.559141255137909 ], [ -0.456513129425099, 51.559604104983322 ], [ -0.455589604631174, 51.560012491243761 ], [ -0.454606292354601, 51.560362479449878 ], [ -0.45357266510089, 51.560650697676394 ], [ -0.453386745740846, 51.560689418697194 ], [ -0.438032021617011, 51.555226042988558 ], [ -0.43802325495823, 51.555202064917857 ], [ -0.437881074453734, 51.554501856221279 ], [ -0.43784967658101, 51.553796331557827 ], [ -0.437929358585507, 51.553092285560709 ] ] ] } },
{ "type": "Feature", "properties": { "NLC": 607, "total_activity": 78112.439577901081, "log_total_activity": 11.265917402686693, "direction_balance": 0.44622705208113528, "post_2300_share": 0.13569619738799979, "midnight_share_common_window": 0.032438476606034203, "night_tube_extension_share": 0.054399329388635599, "post_0100_share": 0.0251028042814299, "common_window_persistence": 0.051586560578379702, "weekend_common_ratio": 0.65663082350913193, "volume_band": "high", "cluster": 1, "Station": "Holborn", "mode_label": "LU", "tot_entry": 56484.161610806885, "tot_exit": 21628.277967094251, "easting": 530512.0615, "northing": 181525.07090000101, "lon": -0.1204164211277831, "lat": 51.5175781351181, "coord_source": "underground_stations_csv", "catchment_area_m2": 422880.49938797869, "station_in_lnwc_extent": true }, "geometry": { "type": "Polygon", "coordinates": [ [ [ -0.116758992241336, 51.521846393660837 ], [ -0.115421026575683, 51.514977502118526 ], [ -0.118282808835852, 51.513935903749562 ], [ -0.125272594452088, 51.516360555582608 ], [ -0.126108370938422, 51.519288297832979 ], [ -0.116758992241336, 51.521846393660837 ] ] ] } },
{ "type": "Feature", "properties": { "NLC": 608, "total_activity": 9691.5513725482524, "log_total_activity": 9.1791129697681537, "direction_balance": -0.090536651066152302, "post_2300_share": 0.1300328988729175, "midnight_share_common_window": 0.030185128664828399, "night_tube_extension_share": 0.061172573410436797, "post_0100_share": 0.029435510665165001, "common_window_persistence": 0.043640611656973603, "weekend_common_ratio": 0.80793607719353988, "volume_band": "medium", "cluster": 4, "Station": "Holland Park", "mode_label": "LU", "tot_entry": 4407.0553838210844, "tot_exit": 5284.4959887271698, "easting": 524626.2477, "northing": 180217.3517, "lon": -0.2056604531683881, "lat": 51.507153573531603, "coord_source": "underground_stations_csv", "catchment_area_m2": 894697.83346197591, "station_in_lnwc_extent": true }, "geometry": { "type": "Polygon", "coordinates": [ [ [ -0.209523895694288, 51.511987579199982 ], [ -0.20357629517904, 51.513181263694875 ], [ -0.198652865392225, 51.504018176509568 ], [ -0.202050504173972, 51.501363959208348 ], [ -0.210727497453353, 51.502968015929376 ], [ -0.213866185160389, 51.508717779162943 ], [ -0.209523895694288, 51.511987579199982 ] ] ] } },
{ "type": "Feature", "properties": { "NLC": 609, "total_activity": 19465.290971758732, "log_total_activity": 9.8764395805660179, "direction_balance": -0.2869160279455974, "post_2300_share": 0.15230234604558149, "midnight_share_common_window": 0.039927692756499003, "night_tube_extension_share": 0.065372534997086396, "post_0100_share": 0.031236306727234799, "common_window_persistence": 0.063381068517519706, "weekend_common_ratio": 0.79172574864316481, "volume_band": "medium", "cluster": 4, "Station": "Holloway Road", "mode_label": "LU", "tot_entry": 6940.1935016682128, "tot_exit": 12525.097470090515, "easting": 530907.4434, "northing": 185449.7238, "lon": -0.1132635134211874, "lat": 51.552755764486477, "coord_source": "underground_stations_csv", "catchment_area_m2": 823543.90371805488, "station_in_lnwc_extent": true }, "geometry": { "type": "Polygon", "coordinates": [ [ [ -0.124213142882896, 51.555019637765135 ], [ -0.123804529818874, 51.555677818584442 ], [ -0.123294381262222, 51.556307860908532 ], [ -0.122687607237237, 51.556903695775667 ], [ -0.121990049197704, 51.557459583509598 ], [ -0.121208423851784, 51.557970169052012 ], [ -0.120350258521036, 51.558430533594482 ], [ -0.119423818654363, 51.558836242010322 ], [ -0.118787874598559, 51.559060189668521 ], [ -0.104015734227681, 51.553204364735507 ], [ -0.111037165753565, 51.548327737771473 ], [ -0.124355702395942, 51.554699868789349 ], [ -0.124213142882896, 51.555019637765135 ] ] ] } },
{ "type": "Feature", "properties": { "NLC": 610, "total_activity": 5251.1265354847092, "log_total_activity": 8.56638832795133, "direction_balance": -0.5423163032315742, "post_2300_share": 0.1116009920094669, "midnight_share_common_window": 0.034163934644171702, "night_tube_extension_share": 0.0257561486570962, "post_0100_share": 0.017414899974008601, "common_window_persistence": 0.047415098288727503, "weekend_common_ratio": 0.53064499545946242, "volume_band": "low", "cluster": 0, "Station": "Hornchurch", "mode_label": "LU", "tot_entry": 1201.6775024797082, "tot_exit": 4049.4490330049998, "easting": 553944.498, "northing": 186240.2941, "lon": 0.219106840074, "lat": 51.554048957107327, "coord_source": "underground_stations_csv", "catchment_area_m2": 1874927.3845493174, "station_in_lnwc_extent": true }, "geometry": { "type": "Polygon", "coordinates": [ [ [ 0.230038153985577, 51.551753253445533 ], [ 0.229624509147963, 51.551096368465039 ], [ 0.229109593362726, 51.550467920914912 ], [ 0.228498368480103, 51.549873961764746 ], [ 0.227796722980137, 51.549320209695559 ], [ 0.227011415184741, 51.54881199608225 ], [ 0.226150008129507, 51.548354213709416 ], [ 0.225220796724096, 51.547951269712307 ], [ 0.224232727902814, 51.547607043193537 ], [ 0.223195314532989, 51.547324847921701 ], [ 0.222118543907525, 51.547107400468526 ], [ 0.221012781698762, 51.546956794090107 ], [ 0.219888672293378, 51.546874478601453 ], [ 0.21875703646193, 51.546861246437231 ], [ 0.217628767341624, 51.546917225032182 ], [ 0.216514725726621, 51.547041875593649 ], [ 0.215425635666752, 51.547233998278465 ], [ 0.214371981372638, 51.547491743724827 ], [ 0.213363906413009, 51.547812630828517 ], [ 0.212411116168648, 51.548193570594194 ], [ 0.211522784476935, 51.548630895833298 ], [ 0.210707465361717, 51.54912039642452 ], [ 0.210183741605944, 51.549503295151531 ], [ 0.20757899964437, 51.554283363217685 ], [ 0.207666489222509, 51.554969981349373 ], [ 0.207866311147735, 51.555664595277165 ], [ 0.208174397433002, 51.556343654129591 ], [ 0.208587785364969, 51.557000617313989 ], [ 0.209102497493734, 51.557629156790007 ], [ 0.209713579795461, 51.558223218055353 ], [ 0.210415149269414, 51.558777078504761 ], [ 0.211200450515319, 51.559285402598398 ], [ 0.212061920749277, 51.559743293305928 ], [ 0.212991262633706, 51.560146339328888 ], [ 0.213979524220066, 51.560490657643811 ], [ 0.215017185233176, 51.560772930954514 ], [ 0.216094248863338, 51.560990439690201 ], [ 0.217200338178207, 51.561141088239751 ], [ 0.218324796220601, 51.561223425167583 ], [ 0.219456788822034, 51.561236657215055 ], [ 0.220585409134829, 51.561180656951969 ], [ 0.221699782868694, 51.561055964003678 ], [ 0.222789173210653, 51.560863779842215 ], [ 0.223843084410414, 51.560605956191921 ], [ 0.224683217445275, 51.560338506139594 ], [ 0.230246155025336, 51.552211227024827 ], [ 0.230038153985577, 51.551753253445533 ] ] ] } },
{ "type": "Feature", "properties": { "NLC": 611, "total_activity": 12969.395238467108, "log_total_activity": 9.4704247501281564, "direction_balance": -0.57468008717279706, "post_2300_share": 0.1746050435286724, "midnight_share_common_window": 0.040416550686431699, "night_tube_extension_share": 0.1047900900751295, "post_0100_share": 0.0525791999477122, "common_window_persistence": 0.064468170761684401, "weekend_common_ratio": 0.74550721098629891, "volume_band": "medium", "cluster": 4, "Station": "Hounslow Central", "mode_label": "LU", "tot_entry": 2758.0710261231852, "tot_exit": 10211.324212343919, "easting": 513567.6962, "northing": 175971.364700001, "lon": -0.36629391723799082, "lat": 51.471319799634692, "coord_source": "underground_stations_csv", "catchment_area_m2": 1502304.352640566, "station_in_lnwc_extent": true }, "geometry": { "type": "Polygon", "coordinates": [ [ [ -0.35833550393472, 51.466121817253423 ], [ -0.359189553844623, 51.465659669078356 ], [ -0.360111997427169, 51.465252026156513 ], [ -0.361093952816325, 51.464902812833671 ], [ -0.362125965915957, 51.464615390886223 ], [ -0.363198101345292, 51.464392527196793 ], [ -0.364300037988777, 51.464236367151898 ], [ -0.365421168235253, 51.46414841401554 ], [ -0.36655069995679, 51.464129514476795 ], [ -0.367677760251948, 51.464179850508913 ], [ -0.368791499961652, 51.464298937618544 ], [ -0.369881197958674, 51.464485629501056 ], [ -0.370936364213798, 51.464738129058446 ], [ -0.371946840653143, 51.465054005673721 ], [ -0.372902898841767, 51.465430218577161 ], [ -0.373795333558331, 51.465863146080927 ], [ -0.374615551364095, 51.466348620402222 ], [ -0.375355653316439, 51.46688196774204 ], [ -0.376008511032094, 51.467458053235426 ], [ -0.376567835367887, 51.468071330343172 ], [ -0.377028237056378, 51.468715894211137 ], [ -0.37712396278542, 51.468895433201347 ], [ -0.374960945396106, 51.476051472218998 ], [ -0.374254138840138, 51.476517253209927 ], [ -0.373400033423763, 51.476979509858502 ], [ -0.372477466975916, 51.477387255507821 ], [ -0.371495326084273, 51.477736561864376 ], [ -0.370463071973723, 51.478024063576555 ], [ -0.369390649286956, 51.478246990696363 ], [ -0.368288390178662, 51.47840319539975 ], [ -0.36716691465215, 51.478491172706477 ], [ -0.366037028104264, 51.478510074998624 ], [ -0.364909617072226, 51.478459720197144 ], [ -0.364371470763066, 51.478402178155577 ], [ -0.358255002347946, 51.466174855793938 ], [ -0.35833550393472, 51.466121817253423 ] ] ] } },
{ "type": "Feature", "properties": { "NLC": 612, "total_activity": 15270.020755579329, "log_total_activity": 9.6337122431022362, "direction_balance": -0.59025349958114504, "post_2300_share": 0.1816956085857149, "midnight_share_common_window": 0.050361097144257801, "night_tube_extension_share": 0.098799199165347795, "post_0100_share": 0.0495911204261179, "common_window_persistence": 0.081254968131398, "weekend_common_ratio": 0.82581689929633806, "volume_band": "medium", "cluster": 4, "Station": "Hounslow East", "mode_label": "LU", "tot_entry": 3128.4187829609532, "tot_exit": 12141.601972618369, "easting": 514254.5504, "northing": 176202.92919999899, "lon": -0.35633446056928542, "lat": 51.473262922708727, "coord_source": "underground_stations_csv", "catchment_area_m2": 1259605.4991851544, "station_in_lnwc_extent": true }, "geometry": { "type": "Polygon", "coordinates": [ [ [ -0.34490201723681, 51.472396992175263 ], [ -0.345093056589711, 51.471701356178897 ], [ -0.345392345410727, 51.471020763399395 ], [ -0.345796997027298, 51.470361767468631 ], [ -0.346303110671261, 51.469730713784223 ], [ -0.346905809189445, 51.469133678441885 ], [ -0.347599286128556, 51.468576409769149 ], [ -0.348376861736499, 51.468064273021511 ], [ -0.349231047337641, 51.467602198771587 ], [ -0.350153617460352, 51.467194635485676 ], [ -0.351135689021868, 51.466845506742757 ], [ -0.352167806809109, 51.466558173504886 ], [ -0.353240034434841, 51.466335401800869 ], [ -0.354342049897154, 51.466179336131731 ], [ -0.355463244827107, 51.466091478853272 ], [ -0.356592826474825, 51.466072675731994 ], [ -0.357719921458702, 51.466123107813345 ], [ -0.358257914559366, 51.466180679142688 ], [ -0.364374384500404, 51.478408001354445 ], [ -0.364293867867437, 51.478461043804813 ], [ -0.363439626627982, 51.478923226528444 ], [ -0.363173400656553, 51.479040852491693 ], [ -0.345385185596612, 51.475465374818334 ], [ -0.345241310292971, 51.475195174577728 ], [ -0.344991534270087, 51.474506833603364 ], [ -0.344851005360762, 51.473806518022919 ], [ -0.344821071961386, 51.473100972604797 ], [ -0.34490201723681, 51.472396992175263 ] ] ] } },
{ "type": "Feature", "properties": { "NLC": 613, "total_activity": 13121.161865045167, "log_total_activity": 9.4820578252231318, "direction_balance": -0.59531338093007713, "post_2300_share": 0.20120424286497279, "midnight_share_common_window": 0.049126735656502003, "night_tube_extension_share": 0.1132895429492196, "post_0100_share": 0.059005065283748, "common_window_persistence": 0.086075437859930201, "weekend_common_ratio": 0.87501269118113123, "volume_band": "medium", "cluster": 3, "Station": "Hounslow West", "mode_label": "LU", "tot_entry": 2654.9793167171679, "tot_exit": 10466.182548328001, "easting": 512207.7403, "northing": 176196.9816, "lon": -0.38579398315426039, "lat": 51.47361867347103, "coord_source": "underground_stations_csv", "catchment_area_m2": 1947103.2244408734, "station_in_lnwc_extent": true }, "geometry": { "type": "Polygon", "coordinates": [ [ [ -0.377832929462798, 51.468421993864219 ], [ -0.378686829014328, 51.467959702473131 ], [ -0.379609149107015, 51.467551905174574 ], [ -0.380591009060967, 51.467202527800389 ], [ -0.381622955696429, 51.466914933706036 ], [ -0.38269505427053, 51.466691891431054 ], [ -0.383796984021083, 51.466535548080557 ], [ -0.38491813740241, 51.46644740868264 ], [ -0.386047722063588, 51.466428321718759 ], [ -0.387174864593861, 51.466478470965825 ], [ -0.388288715043399, 51.4665973737279 ], [ -0.389378551220353, 51.46678388547457 ], [ -0.390433881767199, 51.467036210841464 ], [ -0.391444547030756, 51.467351920888206 ], [ -0.392400816760896, 51.467727976448515 ], [ -0.393293483702554, 51.468160757349359 ], [ -0.39411395218418, 51.468646097219647 ], [ -0.394854320852619, 51.469179323555238 ], [ -0.395507458759423, 51.469755302656878 ], [ -0.396067074066163, 51.470368489010525 ], [ -0.396527774705907, 51.471012978636935 ], [ -0.396885120414076, 51.471682565898497 ], [ -0.397135665623672, 51.47237080321888 ], [ -0.397276992806673, 51.473071063141475 ], [ -0.397307735934406, 51.47377660213057 ], [ -0.397227593824119, 51.474480625501897 ], [ -0.397037333235887, 51.475176352857375 ], [ -0.396738781682481, 51.475857083394466 ], [ -0.396334810013973, 51.476516260460151 ], [ -0.395829304937704, 51.477147534727798 ], [ -0.395227131731813, 51.477744825386381 ], [ -0.394534087505832, 51.478302378751863 ], [ -0.393756845454013, 51.478814823733892 ], [ -0.392902890635081, 51.479277223621928 ], [ -0.391980447895086, 51.479685123689272 ], [ -0.390998402627184, 51.480034594154695 ], [ -0.389966215132642, 51.480322268085324 ], [ -0.388893829410409, 51.480545373873547 ], [ -0.387791577257613, 51.480701761973471 ], [ -0.386670078609674, 51.48078992563731 ], [ -0.385540139085916, 51.480809015451079 ], [ -0.384412645734267, 51.480758847528378 ], [ -0.383298461986426, 51.48063990528275 ], [ -0.382208322842711, 51.480453334762046 ], [ -0.381152731303491, 51.480200933589245 ], [ -0.380141857051736, 51.47988513361792 ], [ -0.379185438368873, 51.479508977470054 ], [ -0.378292688234136, 51.479076089184233 ], [ -0.377472205516136, 51.478590639258314 ], [ -0.376731892115123, 51.478057304425775 ], [ -0.376078876855648, 51.477481222555383 ], [ -0.37551944686287, 51.47686794311047 ], [ -0.375058987082209, 51.476223373647819 ], [ -0.374963254806785, 51.476043833124663 ], [ -0.377126271447364, 51.468887794049039 ], [ -0.377832929462798, 51.468421993864219 ] ] ] } },
{ "type": "Feature", "properties": { "NLC": 614, "total_activity": 12608.40574080312, "log_total_activity": 9.4421983018217848, "direction_balance": 0.45892081280048941, "post_2300_share": 0.14366991868931819, "midnight_share_common_window": 0.032080460319932502, "night_tube_extension_share": 0.052085197677929698, "post_0100_share": 0.025172250523305, "common_window_persistence": 0.048186737635856097, "weekend_common_ratio": 1.0019379599149771, "volume_band": "medium", "cluster": 2, "Station": "Hyde Park Corner", "mode_label": "LU", "tot_entry": 9197.3327757454153, "tot_exit": 3411.0729650576968, "easting": 528213.2383, "northing": 179816.724099999, "lon": -0.15414966922837581, "lat": 51.502751550495702, "coord_source": "underground_stations_csv", "catchment_area_m2": 801272.11354263674, "station_in_lnwc_extent": true }, "geometry": { "type": "Polygon", "coordinates": [ [ [ -0.151742326807776, 51.508539647870315 ], [ -0.145504956184378, 51.501689097081488 ], [ -0.152004349229026, 51.497279435126657 ], [ -0.15545798007936, 51.497561857885117 ], [ -0.160776469076211, 51.507596966255832 ], [ -0.152112849980594, 51.508595094328989 ], [ -0.151742326807776, 51.508539647870315 ] ] ] } },
{ "type": "Feature", "properties": { "NLC": 615, "total_activity": 2685.1153526734383, "log_total_activity": 7.8958513220558366, "direction_balance": -0.49997188760837219, "post_2300_share": 0.1334968530804449, "midnight_share_common_window": 0.045240821532634597, "night_tube_extension_share": 0.023143760218158602, "post_0100_share": 0.013412155491804899, "common_window_persistence": 0.065267339770139002, "weekend_common_ratio": 0.65911093601629966, "volume_band": "low", "cluster": 0, "Station": "Ickenham", "mode_label": "LU", "tot_entry": 671.31658067553997, "tot_exit": 2013.7987719978985, "easting": 508092.3561, "northing": 185937.6131, "lon": -0.44204013678137111, "lat": 51.561968972110819, "coord_source": "underground_stations_csv", "catchment_area_m2": 1443016.4545481596, "station_in_lnwc_extent": true }, "geometry": { "type": "Polygon", "coordinates": [ [ [ -0.430583688182377, 51.561111209411251 ], [ -0.430773825544993, 51.560415436210235 ], [ -0.431072452261053, 51.559734628914811 ], [ -0.431476688003814, 51.559075343225366 ], [ -0.431982635980203, 51.558443927331155 ], [ -0.432585420604277, 51.55784646081576 ], [ -0.433279234568101, 51.557288696157187 ], [ -0.434057394852271, 51.55677600338408 ], [ -0.434912407133483, 51.556313318419122 ], [ -0.435836037967099, 51.555905095604231 ], [ -0.436819394049252, 51.555555264863123 ], [ -0.437853007796317, 51.555267193911057 ], [ -0.438038917604254, 51.555228497396442 ], [ -0.45339364339431, 51.560691872214022 ], [ -0.453402419156492, 51.560715849190302 ], [ -0.453544855818157, 51.561416040496759 ], [ -0.453576499422696, 51.562121562130393 ], [ -0.45349704008965, 51.562825619578398 ], [ -0.453307237976193, 51.563521432117732 ], [ -0.453008916151637, 51.564202298127569 ], [ -0.452604943225914, 51.564861659651143 ], [ -0.452099205892187, 51.565493165584897 ], [ -0.451496571641523, 51.566090732885144 ], [ -0.450802842003084, 51.566648605200747 ], [ -0.450024696755699, 51.567161408365834 ], [ -0.449169629644816, 51.567624202215477 ], [ -0.448790750565132, 51.567791679621536 ], [ -0.430890466949307, 51.56380432653043 ], [ -0.4306772528932, 51.563220989117553 ], [ -0.430535163087856, 51.56252077318878 ], [ -0.430503876125955, 51.561815248408763 ], [ -0.430583688182377, 51.561111209411251 ] ] ] } },
{ "type": "Feature", "properties": { "NLC": 616, "total_activity": 24113.461860837597, "log_total_activity": 10.090567016717589, "direction_balance": -0.31057875279123331, "post_2300_share": 0.1929233763774473, "midnight_share_common_window": 0.046772991129844503, "night_tube_extension_share": 0.1115898479798616, "post_0100_share": 0.057393442963578803, "common_window_persistence": 0.077811265102585694, "weekend_common_ratio": 0.91813383326751363, "volume_band": "high", "cluster": 4, "Station": "Kennington", "mode_label": "LU", "tot_entry": 8312.1664753098394, "tot_exit": 15801.295385527756, "easting": 531598.8041, "northing": 178299.55629999901, "lon": -0.1059654128623501, "lat": 51.488340031919968, "coord_source": "underground_stations_csv", "catchment_area_m2": 1252937.2675523013, "station_in_lnwc_extent": true }, "geometry": { "type": "Polygon", "coordinates": [ [ [ -0.094534620387125, 51.487449700583824 ], [ -0.094729527643506, 51.486754515722794 ], [ -0.095032630998049, 51.486074604690344 ], [ -0.095441007062509, 51.485416514537157 ], [ -0.095950719228325, 51.484786581924041 ], [ -0.096556855721302, 51.48419087213906 ], [ -0.097253577018586, 51.483635120735691 ], [ -0.098034172166911, 51.483124678352333 ], [ -0.098891123456686, 51.482664459242315 ], [ -0.099816178827369, 51.482258894007877 ], [ -0.100800431306629, 51.481911886990964 ], [ -0.100893136800118, 51.481886324860433 ], [ -0.115263197716034, 51.487434934493074 ], [ -0.116610878501251, 51.491069590641963 ], [ -0.116491185163943, 51.491262616827242 ], [ -0.115981679268406, 51.491892640224329 ], [ -0.115851471650879, 51.492020662168869 ], [ -0.109370579678814, 51.493527956797742 ], [ -0.094731052294127, 51.489891237662739 ], [ -0.094612586333422, 51.489559604560668 ], [ -0.094475861711252, 51.488859031180283 ], [ -0.094449791076436, 51.488153464851401 ], [ -0.094534620387125, 51.487449700583824 ] ] ] } },
{ "type": "Feature", "properties": { "NLC": 617, "total_activity": 7721.2883043917491, "log_total_activity": 8.9518660115832986, "direction_balance": -0.44550363212630151, "post_2300_share": 0.1330475314490506, "midnight_share_common_window": 0.036601682176938197, "night_tube_extension_share": 0.0045046706116654003, "post_0100_share": 0.0024361843411811, "common_window_persistence": 0.056323219994618298, "weekend_common_ratio": 0.73868387967959925, "volume_band": "low", "cluster": 4, "Station": "Kensal Green", "mode_label": "LO,LU", "tot_entry": 2140.7131600454486, "tot_exit": 5580.5751443463041, "easting": 523257.1398, "northing": 182789.7245, "lon": -0.2244787816465951, "lat": 51.530571777558123, "coord_source": "underground_stations_csv", "catchment_area_m2": 1387122.9892844907, "station_in_lnwc_extent": true }, "geometry": { "type": "Polygon", "coordinates": [ [ [ -0.213529785547039, 51.528317263960936 ], [ -0.213936856673675, 51.527658753039042 ], [ -0.214445432646872, 51.527028298641355 ], [ -0.21505061260958, 51.526431971083966 ], [ -0.215746566225807, 51.525875511871199 ], [ -0.216526589911355, 51.525364278457651 ], [ -0.217383171437865, 51.524903192712635 ], [ -0.218308062286261, 51.524496693580836 ], [ -0.219292357052551, 51.524148694392977 ], [ -0.220326579142521, 51.523862545234941 ], [ -0.22140077193266, 51.523641000736113 ], [ -0.222504594523415, 51.523486193584482 ], [ -0.223627421167743, 51.523399614022686 ], [ -0.224758443423597, 51.523382095520432 ], [ -0.225886774053399, 51.523433806760771 ], [ -0.227001551677273, 51.523554250016694 ], [ -0.228092045179712, 51.523742265933805 ], [ -0.229147756871654, 51.523996044673183 ], [ -0.230158523421518, 51.524313143308326 ], [ -0.231114613589631, 51.524690509309423 ], [ -0.232006821830321, 51.525124509890986 ], [ -0.232826556864656, 51.525610966941535 ], [ -0.233565924373986, 51.526145197201608 ], [ -0.234217803019622, 51.526722057305136 ], [ -0.234775913056821, 51.52733599325267 ], [ -0.235234876881096, 51.52798109384274 ], [ -0.23531307044975, 51.528128520373194 ], [ -0.233738548425494, 51.534846907301493 ], [ -0.233212798798084, 51.535267406581376 ], [ -0.232432787333763, 51.535778750309788 ], [ -0.231576148319326, 51.536239944653246 ], [ -0.230877418266326, 51.536547081212106 ], [ -0.213403413885564, 51.528602244563402 ], [ -0.213529785547039, 51.528317263960936 ] ] ] } },
{ "type": "Feature", "properties": { "NLC": 618, "total_activity": 7333.8523326931008, "log_total_activity": 8.9003925584989183, "direction_balance": 0.13382379833010619, "post_2300_share": 0.055589704327928702, "midnight_share_common_window": 0.0086266269134529002, "night_tube_extension_share": 0.0, "post_0100_share": 0.0, "common_window_persistence": 0.0111805772481648, "weekend_common_ratio": 0.72257401621588491, "volume_band": "low", "cluster": 2, "Station": "Kensington (Olympia)", "mode_label": "LO,LU", "tot_entry": 4157.6481541231005, "tot_exit": 3176.2041785699994, "easting": 524341.6907, "northing": 179162.42390000101, "lon": -0.21012996310043211, "lat": 51.497735488084537, "coord_source": "underground_stations_csv", "catchment_area_m2": 929805.94888538215, "station_in_lnwc_extent": true }, "geometry": { "type": "Polygon", "coordinates": [ [ [ -0.202050504173972, 51.501363959208348 ], [ -0.200182037137714, 51.496548974942314 ], [ -0.200509998941996, 51.496172270525861 ], [ -0.210483007235974, 51.493557817645176 ], [ -0.216815486704246, 51.495068680458623 ], [ -0.217418949060848, 51.495597961433788 ], [ -0.219347527706376, 51.498412067688108 ], [ -0.219208658102278, 51.498621983881478 ], [ -0.210727497453353, 51.502968015929376 ], [ -0.202050504173972, 51.501363959208348 ] ] ] } },
{ "type": "Feature", "properties": { "NLC": 619, "total_activity": 36195.280876455217, "log_total_activity": 10.496711654316462, "direction_balance": -0.095663105282294394, "post_2300_share": 0.17483743179030681, "midnight_share_common_window": 0.042880370042096702, "night_tube_extension_share": 0.010430937569663699, "post_0100_share": 0.0055893846665043996, "common_window_persistence": 0.079510939793941804, "weekend_common_ratio": 0.67000409853727627, "volume_band": "high", "cluster": 3, "Station": "Kentish Town", "mode_label": "LU", "tot_entry": 16366.363955624334, "tot_exit": 19828.916920830889, "easting": 529009.0105, "northing": 185127.159, "lon": -0.14074793998214261, "lat": 51.550293877449789, "coord_source": "underground_stations_csv", "catchment_area_m2": 802619.97167171293, "station_in_lnwc_extent": true }, "geometry": { "type": "Polygon", "coordinates": [ [ [ -0.130207034104932, 51.547373344980876 ], [ -0.130615682857535, 51.546868436007863 ], [ -0.13956505494345, 51.546001995683973 ], [ -0.148036204815895, 51.550913979123457 ], [ -0.144089562457033, 51.554175988138631 ], [ -0.129634185192453, 51.55221827742843 ], [ -0.129627396014672, 51.552205421309246 ], [ -0.129380492394323, 51.551516659363976 ], [ -0.129282107117902, 51.5510151195788 ], [ -0.129938151538435, 51.547806636933132 ], [ -0.130207034104932, 51.547373344980876 ] ] ] } },
{ "type": "Feature", "properties": { "NLC": 620, "total_activity": 6298.4385766319565, "log_total_activity": 8.7482157935883382, "direction_balance": -0.30939813468713911, "post_2300_share": 0.1034183098469382, "midnight_share_common_window": 0.026861328888064299, "night_tube_extension_share": 0.0015067236143108001, "post_0100_share": 0.0011174454282354999, "common_window_persistence": 0.039780206760122103, "weekend_common_ratio": 0.76188857071080196, "volume_band": "low", "cluster": 2, "Station": "Kenton", "mode_label": "LO,LU", "tot_entry": 2174.8567147902536, "tot_exit": 4123.5818618417034, "easting": 516727.9918, "northing": 188314.4716, "lon": -0.31672815541742488, "lat": 51.581611621020151, "coord_source": "underground_stations_csv", "catchment_area_m2": 1278831.7343218061, "station_in_lnwc_extent": true }, "geometry": { "type": "Polygon", "coordinates": [ [ [ -0.305269428694467, 51.580741601798358 ], [ -0.305461563806593, 51.580046052488633 ], [ -0.305762190852872, 51.579365584949123 ], [ -0.306168410249352, 51.578706751600002 ], [ -0.306540368544738, 51.578244745716773 ], [ -0.327059696260563, 51.581643044125165 ], [ -0.327688521680999, 51.583867517612731 ], [ -0.327289265270541, 51.584515550804447 ], [ -0.326781578992648, 51.585146496606292 ], [ -0.326177050081549, 51.585743400862171 ], [ -0.325481498331573, 51.586300513601643 ], [ -0.324701621090615, 51.586812467970702 ], [ -0.323844928807082, 51.587274331977312 ], [ -0.322919672707794, 51.587681656050236 ], [ -0.321934765303036, 51.588030515951246 ], [ -0.320899694485525, 51.588317550624794 ], [ -0.319824432053206, 51.588539994618372 ], [ -0.318719337540831, 51.588695704759779 ], [ -0.317595058291665, 51.588783180832195 ], [ -0.316462426737826, 51.588801580046692 ], [ -0.315332355885448, 51.588750725172289 ], [ -0.314215734018608, 51.58863110624403 ], [ -0.313123319643692, 51.588443875833214 ], [ -0.312065637693465, 51.588190837925289 ], [ -0.311052877997604, 51.587874430513658 ], [ -0.310094797003962, 51.587497702078153 ], [ -0.309200623702626, 51.587064282176406 ], [ -0.308378970663234, 51.586578346433171 ], [ -0.307637751045465, 51.586044576267028 ], [ -0.306984102383712, 51.585468113744561 ], [ -0.306424317880184, 51.584854511999112 ], [ -0.30596378586691, 51.584209681694162 ], [ -0.30560693801701, 51.583539834048615 ], [ -0.305357206799961, 51.582851420975338 ], [ -0.305216992585411, 51.582151072910463 ], [ -0.305187640706191, 51.581445534934119 ], [ -0.305269428694467, 51.580741601798358 ] ] ] } },
{ "type": "Feature", "properties": { "NLC": 621, "total_activity": 10327.376597991091, "log_total_activity": 9.2426503956485888, "direction_balance": -0.28123565096101061, "post_2300_share": 0.1058056536359336, "midnight_share_common_window": 0.031357280266826999, "night_tube_extension_share": 0.0067755657274062003, "post_0100_share": 0.0039744523203767996, "common_window_persistence": 0.044599135665769403, "weekend_common_ratio": 0.74432934318095623, "volume_band": "medium", "cluster": 0, "Station": "Kew Gardens", "mode_label": "LO,LU", "tot_entry": 3711.4750588677798, "tot_exit": 6615.9015391233097, "easting": 519196.0695, "northing": 176731.8028, "lon": -0.28504091647405499, "lat": 51.476997744586541, "coord_source": "underground_stations_csv", "catchment_area_m2": 2007391.0339493849, "station_in_lnwc_extent": true }, "geometry": { "type": "Polygon", "coordinates": [ [ [ -0.27360906017349, 51.476124866382428 ], [ -0.273801198325885, 51.475429357394269 ], [ -0.274101569648221, 51.474748957299241 ], [ -0.27450727704876, 51.474090217869083 ], [ -0.275014409599643, 51.473459482027302 ], [ -0.275618080345019, 51.472862822805475 ], [ -0.276312473479955, 51.472305984906555 ], [ -0.277090900441375, 51.471794329436079 ], [ -0.277945864367706, 51.47133278233121 ], [ -0.278869132304742, 51.470925786982164 ], [ -0.279851814462075, 51.470577261499855 ], [ -0.280884449758017, 51.470290561039121 ], [ -0.28195709683183, 51.470068445537933 ], [ -0.283059429650702, 51.469913053181791 ], [ -0.284180836795887, 51.469825879846553 ], [ -0.285310523477912, 51.469807764716847 ], [ -0.286437615305275, 51.469858882217444 ], [ -0.287551262814574, 51.469978740334696 ], [ -0.288640745762955, 51.470166185344326 ], [ -0.289695576185888, 51.47041941290037 ], [ -0.290705599234857, 51.470735985379278 ], [ -0.291661090830237, 51.471112855313443 ], [ -0.292552851194444, 51.471546394690215 ], [ -0.293372293368993, 51.472032429835785 ], [ -0.294111525866157, 51.472566281550698 ], [ -0.294763428660973, 51.473142810111995 ], [ -0.295321721792066, 51.47375646471189 ], [ -0.295781025909428, 51.474401336858016 ], [ -0.29613691418343, 51.475071217224283 ], [ -0.296385955071214, 51.475759655405916 ], [ -0.296525745523483, 51.476460022005504 ], [ -0.296554934305763, 51.477165572453131 ], [ -0.296473235202719, 51.477869511947006 ], [ -0.296281429970972, 51.478565060889764 ], [ -0.295981361004482, 51.479245520190226 ], [ -0.295575913775621, 51.479904335801443 ], [ -0.295068989213999, 51.48053516187224 ], [ -0.294465466282556, 51.481131921903682 ], [ -0.293771155105814, 51.481688867318702 ], [ -0.292992741097243, 51.482200632879987 ], [ -0.292137720620644, 51.482662288419675 ], [ -0.291214328803414, 51.483069386380436 ], [ -0.290231460196609, 51.483418004708035 ], [ -0.289198583047064, 51.483704784679681 ], [ -0.288125648009815, 51.483926963301776 ], [ -0.287022992183948, 51.484082399963164 ], [ -0.285901239401188, 51.484169597085383 ], [ -0.284771197733666, 51.484187714569643 ], [ -0.283643755214781, 51.484136577900721 ], [ -0.282529774784814, 51.484016679828876 ], [ -0.281439989480575, 51.483829175613778 ], [ -0.28038489888596, 51.483575871876688 ], [ -0.279374667847738, 51.483259209168736 ], [ -0.278419028438443, 51.48288223842497 ], [ -0.277527186116065, 51.482448591532105 ], [ -0.276707730988694, 51.481962446295697 ], [ -0.275968555041824, 51.481428486146001 ], [ -0.275316776127222, 51.480851854972975 ], [ -0.274758669445613, 51.480238107527811 ], [ -0.274299607181856, 51.479593155870795 ], [ -0.273944006871283, 51.478923212383599 ], [ -0.273695288990477, 51.47823472989672 ], [ -0.27355584417576, 51.477534339510143 ], [ -0.273527010378949, 51.476828786707962 ], [ -0.27360906017349, 51.476124866382428 ] ] ] } },
{ "type": "Feature", "properties": { "NLC": 622, "total_activity": 23755.442449169401, "log_total_activity": 10.075609033695828, "direction_balance": -0.32642340838905781, "post_2300_share": 0.16750519069961309, "midnight_share_common_window": 0.045077202755633303, "night_tube_extension_share": 0.074168197439336198, "post_0100_share": 0.035749849652656797, "common_window_persistence": 0.0728098052890708, "weekend_common_ratio": 0.85678226729407347, "volume_band": "high", "cluster": 4, "Station": "Kilburn", "mode_label": "LU", "tot_entry": 8000.5549785607072, "tot_exit": 15754.887470608695, "easting": 524583.2751, "northing": 184644.8518, "lon": -0.20471489160119849, "lat": 51.546953022454446, "coord_source": "underground_stations_csv", "catchment_area_m2": 919849.13041093457, "station_in_lnwc_extent": true }, "geometry": { "type": "Polygon", "coordinates": [ [ [ -0.211812271265536, 51.552622371150257 ], [ -0.210886747108056, 51.553028811129245 ], [ -0.209901761092153, 51.553376731496783 ], [ -0.208866801879913, 51.553662780251337 ], [ -0.207791840202702, 51.553884201442273 ], [ -0.206687232702701, 51.55403886175511 ], [ -0.205563622032315, 51.554125271091507 ], [ -0.204431834179716, 51.554142596944089 ], [ -0.203302774016268, 51.554090672426923 ], [ -0.202187320079154, 51.553969997883939 ], [ -0.201096219610129, 51.553781736059392 ], [ -0.200039984868722, 51.553527700877552 ], [ -0.199028791725569, 51.553210339940676 ], [ -0.198072381518948, 51.552832710914721 ], [ -0.197293195487958, 51.552453551055642 ], [ -0.197361861247114, 51.549884786518383 ], [ -0.20692619710076, 51.543812380755249 ], [ -0.214359585910135, 51.546300237512021 ], [ -0.212256221939182, 51.552383580132819 ], [ -0.211812271265536, 51.552622371150257 ] ] ] } },
{ "type": "Feature", "properties": { "NLC": 623, "total_activity": 11633.3917302096, "log_total_activity": 9.3617207950581864, "direction_balance": -0.34122493674663518, "post_2300_share": 0.1259410446259599, "midnight_share_common_window": 0.033282076648433301, "night_tube_extension_share": 0.0048923834632973, "post_0100_share": 0.0030445597123687001, "common_window_persistence": 0.052607384091078298, "weekend_common_ratio": 0.91819625883655143, "volume_band": "medium", "cluster": 4, "Station": "Kilburn Park", "mode_label": "LU", "tot_entry": 3831.8941864600019, "tot_exit": 7801.4975437495987, "easting": 525357.7486, "northing": 183328.0363, "lon": -0.19402032290999019, "lat": 51.534947545387965, "coord_source": "underground_stations_csv", "catchment_area_m2": 551991.51064917119, "station_in_lnwc_extent": true }, "geometry": { "type": "Polygon", "coordinates": [ [ [ -0.197638484353802, 51.528119024876197 ], [ -0.198580559752099, 51.528345747683311 ], [ -0.200587628376384, 51.537786195825703 ], [ -0.186235592530837, 51.534590624696733 ], [ -0.197011376280815, 51.528010738869426 ], [ -0.197638484353802, 51.528119024876197 ] ] ] } },
{ "type": "Feature", "properties": { "NLC": 624, "total_activity": 14089.998213639619, "log_total_activity": 9.5532914479219517, "direction_balance": -0.52353741763330386, "post_2300_share": 0.1346247263587434, "midnight_share_common_window": 0.039505684519968998, "night_tube_extension_share": 0.068081947958408995, "post_0100_share": 0.032349879565096197, "common_window_persistence": 0.056493425000353398, "weekend_common_ratio": 0.71805128901174975, "volume_band": "medium", "cluster": 0, "Station": "Kingsbury", "mode_label": "LU", "tot_entry": 3356.6784672064346, "tot_exit": 10733.319746433182, "easting": 519358.6236, "northing": 188712.7984, "lon": -0.27864474402888673, "lat": 51.584641087244194, "coord_source": "underground_stations_csv", "catchment_area_m2": 1855414.5743149933, "station_in_lnwc_extent": true }, "geometry": { "type": "Polygon", "coordinates": [ [ [ -0.267186073872227, 51.583767349153753 ], [ -0.26737880295701, 51.583071868113358 ], [ -0.267680017676537, 51.582391503995005 ], [ -0.268086812790156, 51.581732808220472 ], [ -0.268595266872149, 51.581102123288353 ], [ -0.269200480221836, 51.580505521734729 ], [ -0.269896622165899, 51.579948747701472 ], [ -0.270676987292983, 51.579437161672985 ], [ -0.271534060075842, 51.57897568891152 ], [ -0.27245958725697, 51.578568772085305 ], [ -0.273444657300316, 51.578220328543466 ], [ -0.274479786145176, 51.577933712646605 ], [ -0.275555008439037, 51.577711683514131 ], [ -0.276659973374748, 51.577556378496389 ], [ -0.277784044214231, 51.577469292625935 ], [ -0.278916400546409, 51.577451264243983 ], [ -0.280046142301436, 51.577502466939997 ], [ -0.281162394526922, 51.577622407881208 ], [ -0.282254411924637, 51.577809932548178 ], [ -0.283311682148458, 51.57806323583133 ], [ -0.284324026875851, 51.578379879382233 ], [ -0.285281699685942, 51.578756815054057 ], [ -0.286175479807147, 51.579190414206728 ], [ -0.286996760835938, 51.579676502596882 ], [ -0.287737633575526, 51.580210400518375 ], [ -0.28839096219841, 51.580786967809331 ], [ -0.288950452999624, 51.581400653294544 ], [ -0.289410715077333, 51.582045548189257 ], [ -0.289767312353775, 51.582715442952548 ], [ -0.290016806431577, 51.583403887044334 ], [ -0.290156789867574, 51.584104251012512 ], [ -0.290185909537517, 51.584809790313543 ], [ -0.290103879859783, 51.585513710252854 ], [ -0.289911485743322, 51.586209231420064 ], [ -0.289610575223876, 51.586889654989079 ], [ -0.289365947435519, 51.587286067766392 ], [ -0.275499510792512, 51.591552061622799 ], [ -0.275033971290508, 51.591472113211822 ], [ -0.27397643932508, 51.591218733438865 ], [ -0.272963885373152, 51.59090199929846 ], [ -0.272006063895978, 51.590524962418762 ], [ -0.271112201378335, 51.59009125532917 ], [ -0.270290907390198, 51.589605056421028 ], [ -0.269550091626372, 51.58907104964765 ], [ -0.268896887724813, 51.588494379353961 ], [ -0.268337584597515, 51.587880600673586 ], [ -0.267877565934108, 51.58723562597266 ], [ -0.26752125845808, 51.586565667858999 ], [ -0.267272089429936, 51.585877179307289 ], [ -0.267132453801365, 51.585176791478133 ], [ -0.267103691330576, 51.584471249832042 ], [ -0.267186073872227, 51.583767349153753 ] ] ] } },
{ "type": "Feature", "properties": { "NLC": 625, "total_activity": 313585.64886705001, "log_total_activity": 12.655830992786315, "direction_balance": 0.05630815371615, "post_2300_share": 0.12088617434279619, "midnight_share_common_window": 0.029970118769432799, "night_tube_extension_share": 0.0349435275080636, "post_0100_share": 0.017254765470723701, "common_window_persistence": 0.046075925807526903, "weekend_common_ratio": 1.0242774648187376, "volume_band": "high", "cluster": 2, "Station": "King's Cross St. Pancras", "mode_label": "LU", "tot_entry": 165621.53889331734, "tot_exit": 147964.10997373282, "easting": 530174.7976, "northing": 182874.774700001, "lon": -0.12477613021792849, "lat": 51.529785143075891, "coord_source": "underground_stations_csv", "catchment_area_m2": 1132622.1624126507, "station_in_lnwc_extent": true }, "geometry": { "type": "Polygon", "coordinates": [ [ [ -0.114240988615381, 51.526863224236358 ], [ -0.114357324608797, 51.526719496034978 ], [ -0.128517231897936, 51.526305093668739 ], [ -0.131359067056029, 51.532691074574728 ], [ -0.127695393627398, 51.53673842494414 ], [ -0.126735343267322, 51.536872211979187 ], [ -0.125612024977051, 51.53695785847124 ], [ -0.124480653197231, 51.536974416987121 ], [ -0.123352128787665, 51.536921728036489 ], [ -0.122237325118552, 51.536800299330636 ], [ -0.121146983159287, 51.536611300881802 ], [ -0.120091607852443, 51.536356553712714 ], [ -0.119081366778048, 51.53603851228597 ], [ -0.118125992090481, 51.535660240823503 ], [ -0.117234686677945, 51.535225383746209 ], [ -0.116416035452649, 51.534738130519919 ], [ -0.115677922629118, 51.534203175248926 ], [ -0.115494365644112, 51.534040209714718 ], [ -0.114009332914057, 51.527236462453928 ], [ -0.114240988615381, 51.526863224236358 ] ] ] } },
{ "type": "Feature", "properties": { "NLC": 626, "total_activity": 54051.027004476819, "log_total_activity": 10.897702324759658, "direction_balance": 0.52918280535638207, "post_2300_share": 0.078763385597912905, "midnight_share_common_window": 0.0193998586962386, "night_tube_extension_share": 0.017103542131421599, "post_0100_share": 0.0086255410718133994, "common_window_persistence": 0.026497183795379901, "weekend_common_ratio": 1.037334313803709, "volume_band": "high", "cluster": 2, "Station": "Knightsbridge", "mode_label": "LU", "tot_entry": 41326.950553549672, "tot_exit": 12724.076450927112, "easting": 527709.677, "northing": 179635.9859, "lon": -0.16146611606618971, "lat": 51.501241187291313, "coord_source": "underground_stations_csv", "catchment_area_m2": 1067495.4369788005, "station_in_lnwc_extent": true }, "geometry": { "type": "Polygon", "coordinates": [ [ [ -0.172985474610964, 51.501421206575827 ], [ -0.172901821105419, 51.502125037547358 ], [ -0.172708028737604, 51.502820361596257 ], [ -0.172405959039864, 51.503500481788535 ], [ -0.171998516758516, 51.504158847334772 ], [ -0.171489622046822, 51.504789116710896 ], [ -0.171287664030042, 51.504987958945435 ], [ -0.165594013310564, 51.507955226284359 ], [ -0.164803199758112, 51.50811796900507 ], [ -0.160776469076211, 51.507596966255832 ], [ -0.15545798007936, 51.497561857885117 ], [ -0.164107070761712, 51.495620074943915 ], [ -0.172979769332253, 51.501273680758636 ], [ -0.172985474610964, 51.501421206575827 ] ] ] } },
{ "type": "Feature", "properties": { "NLC": 627, "total_activity": 17958.508968414637, "log_total_activity": 9.7958750011937195, "direction_balance": 0.0091464908026655002, "post_2300_share": 0.10088166035949959, "midnight_share_common_window": 0.026806652915202001, "night_tube_extension_share": 0.0059100326228492999, "post_0100_share": 0.0039642268377134996, "common_window_persistence": 0.0385227020960109, "weekend_common_ratio": 0.91327774597327038, "volume_band": "medium", "cluster": 4, "Station": "Ladbroke Grove", "mode_label": "LU", "tot_entry": 9061.3831527619168, "tot_exit": 8897.1258156527219, "easting": 524234.8749, "northing": 181339.0615, "lon": -0.21090185775767431, "lat": 51.517320539198892, "coord_source": "underground_stations_csv", "catchment_area_m2": 1009505.7627606955, "station_in_lnwc_extent": true }, "geometry": { "type": "Polygon", "coordinates": [ [ [ -0.220932808718761, 51.520864303794205 ], [ -0.220327780486687, 51.521460663692373 ], [ -0.219631950707131, 51.522017151674348 ], [ -0.21885201942904, 51.522528406904705 ], [ -0.217995497641537, 51.522989504127814 ], [ -0.217070634945826, 51.523396001161743 ], [ -0.216086340075269, 51.523743981739223 ], [ -0.215052095030275, 51.524030093280089 ], [ -0.213977863657587, 51.52425157922994 ], [ -0.212873995558374, 51.52440630565134 ], [ -0.211751126255757, 51.524492781809599 ], [ -0.211133612196495, 51.524502278984613 ], [ -0.201670791641944, 51.514527073036831 ], [ -0.20357629517904, 51.513181263694875 ], [ -0.209523895694288, 51.511987579199982 ], [ -0.221387173188213, 51.520300831550415 ], [ -0.220932808718761, 51.520864303794205 ] ] ] } },
{ "type": "Feature", "properties": { "NLC": 628, "total_activity": 10095.077677967194, "log_total_activity": 9.2199022786863392, "direction_balance": -0.12934231158444481, "post_2300_share": 0.1093402289658717, "midnight_share_common_window": 0.0238331144295332, "night_tube_extension_share": 0.0018385869268323001, "post_0100_share": 0.0010508592046946999, "common_window_persistence": 0.038018090836177201, "weekend_common_ratio": 0.87406617625017025, "volume_band": "medium", "cluster": 4, "Station": "Lambeth North", "mode_label": "LU", "tot_entry": 4394.6784977371944, "tot_exit": 5700.3991802300015, "easting": 531133.5815, "northing": 179456.1932, "lon": -0.1122327661467621, "lat": 51.498842228801465, "coord_source": "underground_stations_csv", "catchment_area_m2": 814416.63597627787, "station_in_lnwc_extent": true }, "geometry": { "type": "Polygon", "coordinates": [ [ [ -0.116914422565516, 51.492271064443798 ], [ -0.117923687933757, 51.492589116808858 ], [ -0.118878169262404, 51.492967383400554 ], [ -0.119768676477079, 51.493402222761894 ], [ -0.120586634658366, 51.493889448703626 ], [ -0.121203774661945, 51.494337053104012 ], [ -0.118865236712033, 51.500101390924172 ], [ -0.109423019399804, 51.501862126090202 ], [ -0.105046213951654, 51.499721906378447 ], [ -0.109370579678814, 51.493527956797742 ], [ -0.115865086001148, 51.492017495324127 ], [ -0.116914422565516, 51.492271064443798 ] ] ] } },
{ "type": "Feature", "properties": { "NLC": 629, "total_activity": 13279.869120568805, "log_total_activity": 9.4940798667149036, "direction_balance": -0.15716836056381309, "post_2300_share": 0.1758257416956365, "midnight_share_common_window": 0.038159751118911102, "night_tube_extension_share": 0.078124524703631404, "post_0100_share": 0.040216977092619802, "common_window_persistence": 0.0639260141994515, "weekend_common_ratio": 1.1365098711981645, "volume_band": "medium", "cluster": 4, "Station": "Lancaster Gate", "mode_label": "LU", "tot_entry": 5596.3469311934978, "tot_exit": 7683.5221893753051, "easting": 526710.5082, "northing": 180773.3476, "lon": -0.17544510185673501, "lat": 51.511687195783409, "coord_source": "underground_stations_csv", "catchment_area_m2": 1012209.3327470054, "station_in_lnwc_extent": true }, "geometry": { "type": "Polygon", "coordinates": [ [ [ -0.165419779386767, 51.508139590401179 ], [ -0.165621776984782, 51.507940758766701 ], [ -0.171315424106793, 51.504973490037095 ], [ -0.17237576907764, 51.504755197309223 ], [ -0.173479287974289, 51.504600848252899 ], [ -0.174601730338502, 51.504514734141132 ], [ -0.175732291425724, 51.504497683964743 ], [ -0.176860088434441, 51.504549861900024 ], [ -0.177974265116899, 51.504670765728761 ], [ -0.17906409613661, 51.504859231663886 ], [ -0.179390862501391, 51.504937971375092 ], [ -0.181664537538672, 51.51215242607114 ], [ -0.181438700343803, 51.513875342434176 ], [ -0.167992518723365, 51.514460086265714 ], [ -0.166774862390091, 51.514015729793329 ], [ -0.165239540927224, 51.508362748885439 ], [ -0.165419779386767, 51.508139590401179 ] ] ] } },
{ "type": "Feature", "properties": { "NLC": 630, "total_activity": 7284.8086023645801, "log_total_activity": 8.8936837079899469, "direction_balance": -0.0126164173867645, "post_2300_share": 0.083617479972618605, "midnight_share_common_window": 0.023855900586376801, "night_tube_extension_share": 0.0075587615254499004, "post_0100_share": 0.0042757702961306997, "common_window_persistence": 0.033293552223048299, "weekend_common_ratio": 0.61348174012787471, "volume_band": "low", "cluster": 2, "Station": "Latimer Road", "mode_label": "LU", "tot_entry": 3596.4502082272279, "tot_exit": 3688.3583941373522, "easting": 523762.9916, "northing": 180897.8333, "lon": -0.2178539357732128, "lat": 51.513458663999614, "coord_source": "underground_stations_csv", "catchment_area_m2": 630575.61419549421, "station_in_lnwc_extent": true }, "geometry": { "type": "Polygon", "coordinates": [ [ [ -0.22402313806366, 51.519533767961562 ], [ -0.223038978777269, 51.519881808415832 ], [ -0.222004863917408, 51.520167982707605 ], [ -0.221381175097601, 51.520296629416912 ], [ -0.209523895694288, 51.511987579199982 ], [ -0.213866185160389, 51.508717779162943 ], [ -0.216294989717446, 51.508819731353221 ], [ -0.220625326020147, 51.511734628161129 ], [ -0.224329862641781, 51.519398918464674 ], [ -0.22402313806366, 51.519533767961562 ] ] ] } },
{ "type": "Feature", "properties": { "NLC": 631, "total_activity": 177735.30840152336, "log_total_activity": 12.088056317421792, "direction_balance": 0.4209739489719897, "post_2300_share": 0.16801790235275149, "midnight_share_common_window": 0.039897213802099901, "night_tube_extension_share": 0.066929269141275005, "post_0100_share": 0.036989054656440902, "common_window_persistence": 0.072151164154185099, "weekend_common_ratio": 1.275902825984556, "volume_band": "high", "cluster": 1, "Station": "Leicester Square", "mode_label": "LU", "tot_entry": 126278.62152553344, "tot_exit": 51456.686875989821, "easting": 529980.4296, "northing": 180824.48200000101, "lon": -0.128332134429999, "lat": 51.511404657286057, "coord_source": "underground_stations_csv", "catchment_area_m2": 193801.64348538313, "station_in_lnwc_extent": true }, "geometry": { "type": "Polygon", "coordinates": [ [ [ -0.130017536602054, 51.509193207939276 ], [ -0.132715708548561, 51.513379066118269 ], [ -0.128407084058492, 51.514100106382877 ], [ -0.123998588062133, 51.510188404561035 ], [ -0.124858559060062, 51.509666354454446 ], [ -0.130017536602054, 51.509193207939276 ] ] ] } },
{ "type": "Feature", "properties": { "NLC": 632, "total_activity": 37323.285749063478, "log_total_activity": 10.527399486231356, "direction_balance": -0.44636971907469941, "post_2300_share": 0.15857245458331551, "midnight_share_common_window": 0.047947415637497097, "night_tube_extension_share": 0.055457780945625597, "post_0100_share": 0.0268548211373545, "common_window_persistence": 0.076196161532672405, "weekend_common_ratio": 0.76830522096955944, "volume_band": "high", "cluster": 4, "Station": "Leyton", "mode_label": "LU", "tot_entry": 10331.650587154649, "tot_exit": 26991.635161908835, "easting": 538367.4374000001, "northing": 186075.85359999901, "lon": -0.0054871553824250002, "lat": 51.556603565210629, "coord_source": "underground_stations_csv", "catchment_area_m2": 1714021.7811058455, "station_in_lnwc_extent": true }, "geometry": { "type": "Polygon", "coordinates": [ [ [ 0.00595847236222, 51.555703283298108 ], [ 0.005761718095369, 51.555008293159602 ], [ 0.005456642776703, 51.554328670799265 ], [ 0.005046188792884, 51.5536709604796 ], [ 0.004855640300402, 51.553436641122552 ], [ -0.0023454493838, 51.55041593660669 ], [ -0.013485782748656, 51.551433514277115 ], [ -0.01386315193621, 51.551658676191956 ], [ -0.014600329401132, 51.552194260765148 ], [ -0.015249767291809, 51.552772308881629 ], [ -0.015805209328735, 51.553387255096737 ], [ -0.016261303563285, 51.554033178472778 ], [ -0.016613654024995, 51.554703859549534 ], [ -0.016858863192835, 51.555392840197619 ], [ -0.016994564876232, 51.55609348577925 ], [ -0.017019447183025, 51.556799049019553 ], [ -0.016933265346211, 51.557502734973902 ], [ -0.016736844278587, 51.558197766466414 ], [ -0.016432070823082, 51.558877449369071 ], [ -0.016021875765928, 51.559535237092781 ], [ -0.015510205778808, 51.560164793667923 ], [ -0.014901985553756, 51.560760054806131 ], [ -0.014203070489926, 51.56131528635315 ], [ -0.013420190383512, 51.561825139568136 ], [ -0.012560884659982, 51.562284702694825 ], [ -0.011633429770692, 51.562689548325636 ], [ -0.011181075444566, 51.562848283523159 ], [ -0.002814452565455, 51.563499908713531 ], [ 0.006034556442179, 51.556321977826208 ], [ 0.00595847236222, 51.555703283298108 ] ] ] } },
{ "type": "Feature", "properties": { "NLC": 633, "total_activity": 28422.391445501384, "log_total_activity": 10.254967727589223, "direction_balance": -0.44746977951794942, "post_2300_share": 0.16618189964105479, "midnight_share_common_window": 0.047494411554171903, "night_tube_extension_share": 0.066252446687311894, "post_0100_share": 0.031979631284505802, "common_window_persistence": 0.074316702873022902, "weekend_common_ratio": 0.76768522792339544, "volume_band": "high", "cluster": 4, "Station": "Leytonstone", "mode_label": "LU", "tot_entry": 7852.1151060050152, "tot_exit": 20570.276339496369, "easting": 539279.2763, "northing": 187404.73540000099, "lon": 0.0081832198740443007, "lat": 51.568320494028455, "coord_source": "underground_stations_csv", "catchment_area_m2": 1272796.7112305372, "station_in_lnwc_extent": true }, "geometry": { "type": "Polygon", "coordinates": [ [ [ 0.019631476821209, 51.567418850839459 ], [ 0.019434459089632, 51.566723887765583 ], [ 0.019175981703339, 51.566148647486756 ], [ -0.000773803619657, 51.56555465262413 ], [ 0.00117144050221, 51.574029493074356 ], [ 0.002037254106081, 51.574407179254202 ], [ 0.003024281384571, 51.574753287536197 ], [ 0.00406101277221, 51.575037436649858 ], [ 0.00513746043751, 51.575256888948566 ], [ 0.006243253399286, 51.575409530090852 ], [ 0.007367737566421, 51.575493889437404 ], [ 0.008500078523332, 51.575509154237757 ], [ 0.009629366064292, 51.575455177470147 ], [ 0.010744719462469, 51.575332479257909 ], [ 0.011835392452253, 51.575142241848923 ], [ 0.012890876906356, 51.574886298206977 ], [ 0.013901004202081, 51.574567114325724 ], [ 0.014856043294139, 51.574187765436911 ], [ 0.015746794543982, 51.573751906343475 ], [ 0.016564678397644, 51.573263736165551 ], [ 0.017301818055009, 51.572727957840662 ], [ 0.01795111533266, 51.572149732770662 ], [ 0.018506318989547, 51.571534631054455 ], [ 0.018962084858757, 51.57088857778826 ], [ 0.019314027209031, 51.570217795952537 ], [ 0.019558760845465, 51.56952874643769 ], [ 0.019693933549184, 51.568828065787876 ], [ 0.019718248549805, 51.568122502263456 ], [ 0.019631476821209, 51.567418850839459 ] ] ] } },
{ "type": "Feature", "properties": { "NLC": 634, "total_activity": 378612.93823007093, "log_total_activity": 12.844272332267415, "direction_balance": 0.20297202036745471, "post_2300_share": 0.1269575777940552, "midnight_share_common_window": 0.031278634247783099, "night_tube_extension_share": 0.025326089060342099, "post_0100_share": 0.012236287339037, "common_window_persistence": 0.047630646265267598, "weekend_common_ratio": 0.70400967269910308, "volume_band": "high", "cluster": 2, "Station": "Liverpool Street LU", "mode_label": "EZL,LO,LU", "tot_entry": 227730.38561994344, "tot_exit": 150882.55261012763, "easting": 533093.853, "northing": 181566.9186, "lon": -0.083213309235549801, "lat": 51.517352371017459, "coord_source": "underground_stations_csv", "catchment_area_m2": 403078.02500127401, "station_in_lnwc_extent": true }, "geometry": { "type": "Polygon", "coordinates": [ [ [ -0.082334201446405, 51.521906970454168 ], [ -0.076457258855607, 51.519003329880725 ], [ -0.082224063521878, 51.513222781689507 ], [ -0.087070774320613, 51.515959084867013 ], [ -0.084768966487811, 51.521364922528861 ], [ -0.082334201446405, 51.521906970454168 ] ] ] } },
{ "type": "Feature", "properties": { "NLC": 635, "total_activity": 234170.29034949469, "log_total_activity": 12.363808136591739, "direction_balance": 0.085213141207542198, "post_2300_share": 0.13484702895987749, "midnight_share_common_window": 0.033815005030841103, "night_tube_extension_share": 0.025826136208411399, "post_0100_share": 0.012869503855744299, "common_window_persistence": 0.052973897758659003, "weekend_common_ratio": 0.98249649095430602, "volume_band": "high", "cluster": 2, "Station": "London Bridge LU", "mode_label": "LU", "tot_entry": 127062.33818382864, "tot_exit": 107107.95216566602, "easting": 532683.0478, "northing": 180188.85229999901, "lon": -0.089648517235708394, "lat": 51.505065005491687, "coord_source": "underground_stations_csv", "catchment_area_m2": 755521.64433020423, "station_in_lnwc_extent": true }, "geometry": { "type": "Polygon", "coordinates": [ [ [ -0.078712604074796, 51.502798029606119 ], [ -0.079121369666563, 51.502140002086691 ], [ -0.079631497735389, 51.501510146415782 ], [ -0.080238072501274, 51.500914527139003 ], [ -0.080935250221251, 51.500358878936837 ], [ -0.081716315548261, 51.499848551452587 ], [ -0.082068594926825, 51.499659521758879 ], [ -0.097613090118216, 51.505387439814044 ], [ -0.097806846049639, 51.506916039390852 ], [ -0.093098629528536, 51.508126650257481 ], [ -0.084080621672216, 51.50854489223773 ], [ -0.078674474977311, 51.502883453391505 ], [ -0.078712604074796, 51.502798029606119 ] ] ] } },
{ "type": "Feature", "properties": { "NLC": 636, "total_activity": 9990.8419397899215, "log_total_activity": 9.2095242330043483, "direction_balance": -0.57029783606212792, "post_2300_share": 0.18404448896376821, "midnight_share_common_window": 0.053718068817663799, "night_tube_extension_share": 0.1044446003387189, "post_0100_share": 0.052075242407342202, "common_window_persistence": 0.080274092943634898, "weekend_common_ratio": 0.68697952326409295, "volume_band": "medium", "cluster": 0, "Station": "Loughton", "mode_label": "LU", "tot_entry": 2146.5432005444882, "tot_exit": 7844.2987392454352, "easting": 542318.8891, "northing": 195612.3879, "lon": 0.055338101699993002, "lat": 51.641312243488471, "coord_source": "underground_stations_csv", "catchment_area_m2": 2007391.0339494327, "station_in_lnwc_extent": false }, "geometry": { "type": "Polygon", "coordinates": [ [ [ 0.066803629396771, 51.640405815642154 ], [ 0.066605545145101, 51.639710951488254 ], [ 0.06629896111139, 51.639031513092227 ], [ 0.06588683422741, 51.63837404293875 ], [ 0.065373137236783, 51.637744871703475 ], [ 0.064762820291822, 51.637150057328192 ], [ 0.064061763166877, 51.6365953267305 ], [ 0.063276718552768, 51.636086020706706 ], [ 0.062415246981475, 51.635627042557353 ], [ 0.061485644009444, 51.635222810926713 ], [ 0.06049686036096, 51.634877217309253 ], [ 0.0594584157993, 51.634593588628974 ], [ 0.058380307552415, 51.634374655250475 ], [ 0.057272914170964, 51.634222524727697 ], [ 0.056146895739322, 51.634138661541272 ], [ 0.055013091394394, 51.634123873018524 ], [ 0.053882415132209, 51.634178301570927 ], [ 0.052765750898316, 51.634301423322853 ], [ 0.051673847964722, 51.634492053145316 ], [ 0.050617217593444, 51.634748356046245 ], [ 0.04960603197478, 51.635067864808896 ], [ 0.048650026407136, 51.635447503709372 ], [ 0.047758405654965, 51.635883618086872 ], [ 0.046939755382268, 51.636372009483672 ], [ 0.04620195951148, 51.63690797601857 ], [ 0.045552124301969, 51.637486357607223 ], [ 0.0449965098791, 51.638101585596502 ], [ 0.044540469874573, 51.638747736336839 ], [ 0.044188399762054, 51.639418588179062 ], [ 0.043943694389712, 51.640107681348567 ], [ 0.043808715123889, 51.640808380122017 ], [ 0.043784766926554, 51.641513936709238 ], [ 0.043872085594252, 51.642217556225539 ], [ 0.04406983528887, 51.642912462129857 ], [ 0.044376116391648, 51.643591961497975 ], [ 0.044787983612277, 51.644249509502139 ], [ 0.045301474185855, 51.644878772474925 ], [ 0.045911645892556, 51.645473688949096 ], [ 0.046612624539459, 51.646028528083534 ], [ 0.047397660451612, 51.646537944910776 ], [ 0.04825919343145, 51.646997031872324 ], [ 0.049188925562629, 51.64740136614224 ], [ 0.050177901157354, 51.647747052281673 ], [ 0.051216593075961, 51.6480307598111 ], [ 0.052294994584709, 51.648249755335733 ], [ 0.053402715863053, 51.648401928913415 ], [ 0.054529084225721, 51.648485814409007 ], [ 0.055663247088154, 51.648500603637757 ], [ 0.056794276676696, 51.6484461541611 ], [ 0.05791127546766, 51.648322990658755 ], [ 0.0590034813322, 51.648132299864201 ], [ 0.06006037136683, 51.647875919112586 ], [ 0.061071763402535, 51.647556318612423 ], [ 0.062027914208421, 51.647176577613024 ], [ 0.062919613438609, 51.646740354698821 ], [ 0.063738272413233, 51.646251852498494 ], [ 0.064476006875452, 51.645715777151445 ], [ 0.065125712925795, 51.645137292923529 ], [ 0.065681135402411, 51.644521972412278 ], [ 0.066136928049991, 51.643875742822807 ], [ 0.066488704900653, 51.643204828834435 ], [ 0.06673308237612, 51.642515692610004 ], [ 0.066867711710942, 51.641814971527431 ], [ 0.066891301390799, 51.641109414234215 ], [ 0.066803629396771, 51.640405815642154 ] ] ] } },
{ "type": "Feature", "properties": { "NLC": 637, "total_activity": 11970.360893667006, "log_total_activity": 9.3902724841252443, "direction_balance": -0.28772324418244349, "post_2300_share": 0.1053525346204226, "midnight_share_common_window": 0.028283457961884501, "night_tube_extension_share": 0.0034963306548234001, "post_0100_share": 0.001834360051118, "common_window_persistence": 0.041933259580521, "weekend_common_ratio": 0.74032771030671685, "volume_band": "medium", "cluster": 4, "Station": "Maida Vale", "mode_label": "LU", "tot_entry": 4263.1049116532422, "tot_exit": 7707.2559820137631, "easting": 525940.2151, "northing": 182761.77370000101, "lon": -0.1858293287116454, "lat": 51.529729085515065, "coord_source": "underground_stations_csv", "catchment_area_m2": 927874.34215641394, "station_in_lnwc_extent": true }, "geometry": { "type": "Polygon", "coordinates": [ [ [ -0.174743242500342, 51.527784464912202 ], [ -0.193463281657193, 51.525305482679876 ], [ -0.196816698087087, 51.52757519045953 ], [ -0.196942146776902, 51.52781213076058 ], [ -0.197013212713115, 51.52800961726183 ], [ -0.186235592530837, 51.534590624696733 ], [ -0.183630551285664, 51.53548900579851 ], [ -0.174636379918649, 51.528024957529773 ], [ -0.174743242500342, 51.527784464912202 ] ] ] } },
{ "type": "Feature", "properties": { "NLC": 638, "total_activity": 28136.944102784302, "log_total_activity": 10.244874268396847, "direction_balance": -0.44520187131186129, "post_2300_share": 0.17549029307128569, "midnight_share_common_window": 0.049872381690011097, "night_tube_extension_share": 0.071465187161366295, "post_0100_share": 0.034356586802672499, "common_window_persistence": 0.0817216071358811, "weekend_common_ratio": 0.84650915555801931, "volume_band": "high", "cluster": 4, "Station": "Manor House", "mode_label": "LU", "tot_entry": 7805.1619676137461, "tot_exit": 20331.782135170568, "easting": 532047.6613, "northing": 187481.79, "lon": -0.096064830695959599, "lat": 51.57075126410129, "coord_source": "underground_stations_csv", "catchment_area_m2": 1254906.1795278979, "station_in_lnwc_extent": true }, "geometry": { "type": "Polygon", "coordinates": [ [ [ -0.084809078965026, 51.569164613721739 ], [ -0.085112910043414, 51.568484744608895 ], [ -0.085522198065669, 51.567826706903446 ], [ -0.08603299762403, 51.567196836757439 ], [ -0.086640386459391, 51.566601198853149 ], [ -0.087338512979746, 51.566045528047283 ], [ -0.088120652694997, 51.565535174197272 ], [ -0.088979273021539, 51.565075050699114 ], [ -0.08990610583085, 51.564669587229744 ], [ -0.090892227043171, 51.56432268714687 ], [ -0.09192814250104, 51.564037689954219 ], [ -0.093003879298354, 51.563817339191594 ], [ -0.094109081689438, 51.563663756056712 ], [ -0.095233110659699, 51.563578419011556 ], [ -0.095251922258599, 51.563578148743495 ], [ -0.106593185946948, 51.571142548707833 ], [ -0.106530687140796, 51.572405778048626 ], [ -0.087836421866444, 51.575528333537761 ], [ -0.08477333098219, 51.569291763777187 ], [ -0.084809078965026, 51.569164613721739 ] ] ] } },
{ "type": "Feature", "properties": { "NLC": 639, "total_activity": 13054.549486845181, "log_total_activity": 9.4769685703926321, "direction_balance": 0.48890975749920279, "post_2300_share": 0.079923260583335806, "midnight_share_common_window": 0.018583777538318899, "night_tube_extension_share": 0.00084515094064510003, "post_0100_share": 0.00043603501436579998, "common_window_persistence": 0.0253772635621566, "weekend_common_ratio": 0.42701711260799718, "volume_band": "medium", "cluster": 1, "Station": "Mansion House", "mode_label": "LU", "tot_entry": 9718.5230553600031, "tot_exit": 3336.026431485182, "easting": 532354.1684, "northing": 180931.56320000099, "lon": -0.094105792133621996, "lat": 51.511816403196178, "coord_source": "underground_stations_csv", "catchment_area_m2": 286690.11114953959, "station_in_lnwc_extent": true }, "geometry": { "type": "Polygon", "coordinates": [ [ [ -0.0919059992341, 51.513122774416736 ], [ -0.093098629528536, 51.508126650257481 ], [ -0.097806846049639, 51.506916039390852 ], [ -0.09864472469279, 51.507405417060951 ], [ -0.098886415575634, 51.512082385242714 ], [ -0.093045685303452, 51.514556048242234 ], [ -0.0919059992341, 51.513122774416736 ] ] ] } },
{ "type": "Feature", "properties": { "NLC": 640, "total_activity": 36706.278568303511, "log_total_activity": 10.510730340490451, "direction_balance": 0.32071505424031788, "post_2300_share": 0.14555325490274679, "midnight_share_common_window": 0.032478869397061502, "night_tube_extension_share": 0.058801136277310199, "post_0100_share": 0.028976016554452599, "common_window_persistence": 0.049900525554473801, "weekend_common_ratio": 0.97759133363766237, "volume_band": "high", "cluster": 2, "Station": "Marble Arch", "mode_label": "LU", "tot_entry": 24239.267345148601, "tot_exit": 12467.011223154916, "easting": 527960.1312, "northing": 181017.4747, "lon": -0.15735899068029291, "lat": 51.513599760877092, "coord_source": "underground_stations_csv", "catchment_area_m2": 919771.94747435744, "station_in_lnwc_extent": true }, "geometry": { "type": "Polygon", "coordinates": [ [ [ -0.164892079182678, 51.508156838711088 ], [ -0.165239780841588, 51.508363632344818 ], [ -0.166774862390091, 51.514015729793329 ], [ -0.160794433341986, 51.517880908724216 ], [ -0.159366541834266, 51.518327739282086 ], [ -0.154636571912236, 51.518268824414697 ], [ -0.152112849980594, 51.508595094328989 ], [ -0.160776469076211, 51.507596966255832 ], [ -0.164815655616277, 51.508119580386975 ], [ -0.164892079182678, 51.508156838711088 ] ] ] } },
{ "type": "Feature", "properties": { "NLC": 641, "total_activity": 35056.006180238212, "log_total_activity": 10.464730763506823, "direction_balance": -0.21934873086777909, "post_2300_share": 0.089760341686777601, "midnight_share_common_window": 0.0163898514860145, "night_tube_extension_share": 0.00041360586664290002, "post_0100_share": 0.0002064164956131, "common_window_persistence": 0.024211353224243799, "weekend_common_ratio": 0.88215265522875097, "volume_band": "high", "cluster": 4, "Station": "Marylebone LU", "mode_label": "LU", "tot_entry": 13683.257857654969, "tot_exit": 21372.74832258324, "easting": 527458.7894, "northing": 181957.28759999899, "lon": -0.1642402663188004, "lat": 51.522158907002193, "coord_source": "underground_stations_csv", "catchment_area_m2": 594686.00086434453, "station_in_lnwc_extent": true }, "geometry": { "type": "Polygon", "coordinates": [ [ [ -0.171328774695609, 51.527830639746789 ], [ -0.170403406498164, 51.528236763342171 ], [ -0.169418660426047, 51.528584347405662 ], [ -0.168384022833066, 51.528870043177314 ], [ -0.1673094613537, 51.529091098108829 ], [ -0.166205328774435, 51.529245382416235 ], [ -0.165082263170367, 51.529331409625513 ], [ -0.163951085274962, 51.529348350912521 ], [ -0.162822694078299, 51.529296043097894 ], [ -0.162670236275113, 51.529279487807976 ], [ -0.159366541834266, 51.518327739282086 ], [ -0.160794433341986, 51.517880908724216 ], [ -0.167813946600523, 51.52210241269254 ], [ -0.171779202092845, 51.527588499290694 ], [ -0.171328774695609, 51.527830639746789 ] ] ] } },
{ "type": "Feature", "properties": { "NLC": 642, "total_activity": 47840.886500564979, "log_total_activity": 10.775656821387267, "direction_balance": -0.2444849414711773, "post_2300_share": 0.1797531204498774, "midnight_share_common_window": 0.048860376423507802, "night_tube_extension_share": 0.096358263960245397, "post_0100_share": 0.047367594856675799, "common_window_persistence": 0.078403139073095304, "weekend_common_ratio": 0.82387329177827484, "volume_band": "high", "cluster": 4, "Station": "Mile End", "mode_label": "LU", "tot_entry": 18072.255082272561, "tot_exit": 29768.631418292432, "easting": 536500.7831, "northing": 182534.4935, "lon": -0.033768063294587099, "lat": 51.525234918872158, "coord_source": "underground_stations_csv", "catchment_area_m2": 1194114.6374301836, "station_in_lnwc_extent": true }, "geometry": { "type": "Polygon", "coordinates": [ [ [ -0.027623713193526, 51.519150081129737 ], [ -0.028609300445597, 51.518803696668428 ], [ -0.029644548738992, 51.518519240567024 ], [ -0.030719491591938, 51.518299451159251 ], [ -0.031823780900619, 51.518146444241822 ], [ -0.032946786436389, 51.518061692732516 ], [ -0.033587392749412, 51.518052811991204 ], [ -0.036912125048081, 51.518714235404858 ], [ -0.043633497608928, 51.528657001163708 ], [ -0.043540524690226, 51.529034874976858 ], [ -0.043179135496754, 51.529389118484524 ], [ -0.042481051188562, 51.529944530002567 ], [ -0.041699030078901, 51.530454583520985 ], [ -0.040840603315704, 51.530914365356438 ], [ -0.039914038878778, 51.531319445996409 ], [ -0.038928261921633, 51.531665922818206 ], [ -0.037892768747017, 51.531950457729877 ], [ -0.03681753524735, 51.532170309369079 ], [ -0.035712920695838, 51.532323359547583 ], [ -0.03458956782003, 51.532408133685081 ], [ -0.03345830012636, 51.532423815034164 ], [ -0.032647109322062, 51.532385306831159 ], [ -0.026876817930809, 51.520854976474432 ], [ -0.027550971023761, 51.519181879820671 ], [ -0.027623713193526, 51.519150081129737 ] ] ] } },
{ "type": "Feature", "properties": { "NLC": 643, "total_activity": 5466.7492269499153, "log_total_activity": 8.6066223348590682, "direction_balance": -0.59376026304779006, "post_2300_share": 0.096951655661663805, "midnight_share_common_window": 0.028185438169057601, "night_tube_extension_share": 0.0077816438525677998, "post_0100_share": 0.0040002575598393998, "common_window_persistence": 0.039636017269801302, "weekend_common_ratio": 0.66264615229501056, "volume_band": "low", "cluster": 0, "Station": "Mill Hill East", "mode_label": "LU", "tot_entry": 1110.4053839699147, "tot_exit": 4356.3438429800026, "easting": 524045.7492, "northing": 191450.480699999, "lon": -0.2100614199314407, "lat": 51.608233232687525, "coord_source": "underground_stations_csv", "catchment_area_m2": 1961726.8493077937, "station_in_lnwc_extent": true }, "geometry": { "type": "Polygon", "coordinates": [ [ [ -0.204868469753371, 51.601809527675357 ], [ -0.205904555252803, 51.601523527231699 ], [ -0.206980656283952, 51.60130213597597 ], [ -0.208086413590077, 51.601147485118595 ], [ -0.209211182813815, 51.601061063396003 ], [ -0.21034413682804, 51.601043702757778 ], [ -0.211474369814404, 51.601095570367434 ], [ -0.212591002094617, 51.601216166993694 ], [ -0.213683284712495, 51.601404331807601 ], [ -0.21474070276704, 51.601658253539412 ], [ -0.215753076508553, 51.601975487889234 ], [ -0.216710659230589, 51.602352981024445 ], [ -0.217604231020561, 51.602787098939601 ], [ -0.218425187470579, 51.60327366239779 ], [ -0.21916562249731, 51.603807987119275 ], [ -0.21981840447503, 51.604384928832438 ], [ -0.220377244948925, 51.604998932755741 ], [ -0.220836759265672, 51.605644087036396 ], [ -0.221192518534769, 51.606314179633088 ], [ -0.221441092416172, 51.607002758097344 ], [ -0.221580082317019, 51.607703191679157 ], [ -0.221608144671559, 51.608408735160161 ], [ -0.221525004073183, 51.609112593800738 ], [ -0.221331456124668, 51.609807988775806 ], [ -0.221029359971601, 51.610488222469527 ], [ -0.220621620583351, 51.611146742999196 ], [ -0.220112160945119, 51.611777207346606 ], [ -0.219505884422358, 51.61237354248717 ], [ -0.218808627654479, 51.612930003926785 ], [ -0.21802710442699, 51.613441231080564 ], [ -0.217168841059486, 51.613902298958088 ], [ -0.216242103929942, 51.614308765654961 ], [ -0.215255819833063, 51.614656715191131 ], [ -0.214219489940862, 51.614942795280953 ], [ -0.213143098196754, 51.615164249669178 ], [ -0.212037015029418, 51.615318944719199 ], [ -0.210911897318881, 51.615405389996305 ], [ -0.209778585584422, 51.615422752645742 ], [ -0.208647999391383, 51.615370865426698 ], [ -0.207531031991584, 51.615250228324008 ], [ -0.206438445219672, 51.615062003722144 ], [ -0.205380765665113, 51.614808005188451 ], [ -0.204368183126904, 51.614490679974274 ], [ -0.203410452335433, 51.614113085404107 ], [ -0.202516798893507, 51.61367885938153 ], [ -0.201695830346857, 51.613192185297848 ], [ -0.200955453243677, 51.612657751684175 ], [ -0.200302796983725, 51.612080706996757 ], [ -0.199744145190548, 51.61146660997435 ], [ -0.199549511179417, 51.611193168690022 ], [ -0.198898691503319, 51.60682210171106 ], [ -0.203936644928773, 51.602138239897272 ], [ -0.204868469753371, 51.601809527675357 ] ] ] } },
{ "type": "Feature", "properties": { "NLC": 645, "total_activity": 71109.741811889267, "log_total_activity": 11.171993684715844, "direction_balance": 0.4528715669940635, "post_2300_share": 0.091654772729862, "midnight_share_common_window": 0.024718123067613899, "night_tube_extension_share": 0.0024532396892634001, "post_0100_share": 0.0012633851803983999, "common_window_persistence": 0.0345440953658563, "weekend_common_ratio": 0.40305024196758288, "volume_band": "high", "cluster": 1, "Station": "Moorgate", "mode_label": "LU", "tot_entry": 51656.66100739142, "tot_exit": 19453.080804497858, "easting": 532667.8252, "northing": 181668.245, "lon": -0.089311535155519803, "lat": 51.518363055525533, "coord_source": "underground_stations_csv", "catchment_area_m2": 357646.94884935475, "station_in_lnwc_extent": true }, "geometry": { "type": "Polygon", "coordinates": [ [ [ -0.087070774320613, 51.515959084867013 ], [ -0.092484776216077, 51.51578684783 ], [ -0.094745818064137, 51.517904796827366 ], [ -0.092635560063657, 51.522127448928572 ], [ -0.084768966487811, 51.521364922528861 ], [ -0.087070774320613, 51.515959084867013 ] ] ] } },
{ "type": "Feature", "properties": { "NLC": 646, "total_activity": 2197.0129783485463, "log_total_activity": 7.6953090395633073, "direction_balance": -0.49354405183010769, "post_2300_share": 0.1245336652107993, "midnight_share_common_window": 0.045151234080568897, "night_tube_extension_share": 0.0140970842270317, "post_0100_share": 0.0078075400547296002, "common_window_persistence": 0.064159435555859901, "weekend_common_ratio": 0.56116457523183372, "volume_band": "low", "cluster": 0, "Station": "Moor Park", "mode_label": "LU", "tot_entry": 556.34514554553607, "tot_exit": 1640.6678328030098, "easting": 508606.4789, "northing": 193502.84919999901, "lon": -0.43228696397287458, "lat": 51.629866296693372, "coord_source": "underground_stations_csv", "catchment_area_m2": 2007391.0339493849, "station_in_lnwc_extent": false }, "geometry": { "type": "Polygon", "coordinates": [ [ [ -0.420813648798039, 51.629007447664307 ], [ -0.421004241621354, 51.628311701766584 ], [ -0.42130348179337, 51.627630931983312 ], [ -0.421708483063098, 51.626971693651043 ], [ -0.422215341251342, 51.626340334499844 ], [ -0.422819171995824, 51.625742933563316 ], [ -0.423514157906986, 51.625185242684068 ], [ -0.424293604675867, 51.624672631176416 ], [ -0.425150005590512, 51.62421003417635 ], [ -0.426075113837818, 51.623801905174972 ], [ -0.427060021894192, 51.623452173189079 ], [ -0.428095247241642, 51.623164204979879 ], [ -0.42917082358643, 51.62294077268092 ], [ -0.430276396705769, 51.622784027145499 ], [ -0.431401324004646, 51.622695477268103 ], [ -0.432534776830151, 51.62267597547789 ], [ -0.433665844564845, 51.622725709542991 ], [ -0.434783639504079, 51.622844200763936 ], [ -0.43587740151484, 51.623030308573448 ], [ -0.43693660147571, 51.623282241499048 ], [ -0.437951042508887, 51.623597574383261 ], [ -0.438910958035834, 51.623973271697245 ], [ -0.439807105717856, 51.624405716724759 ], [ -0.440630856381358, 51.624890746337158 ], [ -0.441374277074632, 51.625423691026988 ], [ -0.442030207458063, 51.625999419816736 ], [ -0.442592328792442, 51.626612389612589 ], [ -0.443055224859804, 51.627256698530168 ], [ -0.443414434227507, 51.627926142681105 ], [ -0.443666493348279, 51.628614275875329 ], [ -0.443808970076009, 51.629314471665865 ], [ -0.443840487268364, 51.630019987140074 ], [ -0.443760736242052, 51.630724027843918 ], [ -0.443570479943713, 51.631419813214464 ], [ -0.443271545798333, 51.632100641890531 ], [ -0.442866808296469, 51.632759956272373 ], [ -0.442360161480864, 51.63339140570735 ], [ -0.441756481590867, 51.633988907692327 ], [ -0.44106158021878, 51.634546706501418 ], [ -0.440282148424774, 51.635059428672719 ], [ -0.439425692345325, 51.6355221348174 ], [ -0.438500460913489, 51.63593036725004 ], [ -0.437515366386769, 51.636280192979008 ], [ -0.436479898449109, 51.636568241640653 ], [ -0.435404032716849, 51.636791738009606 ], [ -0.434298134533778, 51.636948528770475 ], [ -0.433172858986924, 51.637037103290737 ], [ -0.432039048112176, 51.63705660819425 ], [ -0.430907626286605, 51.637006855593185 ], [ -0.429789494822374, 51.636888324899438 ], [ -0.428695426784965, 51.63670215819711 ], [ -0.427635963056229, 51.636450149221943 ], [ -0.426621310650421, 51.636134726053946 ], [ -0.425661244269005, 51.635758927691498 ], [ -0.424765012047933, 51.635326374734113 ], [ -0.423941246409583, 51.634841234458108 ], [ -0.423197880881139, 51.634308180623655 ], [ -0.422542073682258, 51.633732348402631 ], [ -0.421980138818237, 51.633119284863717 ], [ -0.42151748534109, 51.632474895493715 ], [ -0.42115856536085, 51.631805387272756 ], [ -0.420906831303793, 51.631117208853119 ], [ -0.420764702824014, 51.630416988419732 ], [ -0.420733543680876, 51.629711469832223 ], [ -0.420813648798039, 51.629007447664307 ] ] ] } },
{ "type": "Feature", "properties": { "NLC": 647, "total_activity": 36244.224656104081, "log_total_activity": 10.498062917980469, "direction_balance": -0.53230202740293708, "post_2300_share": 0.19443618966524701, "midnight_share_common_window": 0.0584574139676294, "night_tube_extension_share": 0.1015318953850855, "post_0100_share": 0.0510930850698222, "common_window_persistence": 0.0925846782341124, "weekend_common_ratio": 0.89379874215053812, "volume_band": "high", "cluster": 4, "Station": "Morden", "mode_label": "LU", "tot_entry": 8475.6751950061844, "tot_exit": 27768.549461097908, "easting": 525669.7872, "northing": 168602.37130000099, "lon": -0.19475485350439259, "lat": 51.40253820130652, "coord_source": "underground_stations_csv", "catchment_area_m2": 1951168.6195844302, "station_in_lnwc_extent": true }, "geometry": { "type": "Polygon", "coordinates": [ [ [ -0.183343487118282, 51.401656709368083 ], [ -0.183536651608533, 51.40096135046759 ], [ -0.183837842028221, 51.400281181943335 ], [ -0.184244153424569, 51.399622753333638 ], [ -0.184751669080225, 51.398992404566741 ], [ -0.185355498376084, 51.398396204946103 ], [ -0.18604982400448, 51.397839894749609 ], [ -0.186827958073663, 51.397328830003353 ], [ -0.187682406560166, 51.396867930959424 ], [ -0.188604941486672, 51.396461634772074 ], [ -0.18958668013001, 51.396113852825053 ], [ -0.190618170497728, 51.395827933119548 ], [ -0.191689482252669, 51.3956066280819 ], [ -0.192790302213899, 51.395452068100106 ], [ -0.193910033519376, 51.395365741041367 ], [ -0.195037897501473, 51.395348477947515 ], [ -0.196163037301072, 51.395400445044338 ], [ -0.197274622229668, 51.395521142141789 ], [ -0.198361951881934, 51.395709407440407 ], [ -0.199414559003454, 51.395963428697641 ], [ -0.200422310130017, 51.396280760648061 ], [ -0.201375503035594, 51.396658348510321 ], [ -0.202264960056042, 51.397092557356565 ], [ -0.203082116394119, 51.397579207063082 ], [ -0.203819102558533, 51.398113612507842 ], [ -0.204468820144791, 51.398690628630078 ], [ -0.205025010228293, 51.399304699920243 ], [ -0.205482313709826, 51.399949913866131 ], [ -0.205836323029654, 51.400620057842374 ], [ -0.206083624748228, 51.40130867889787 ], [ -0.206221832578326, 51.402009145866408 ], [ -0.2062496105444, 51.402714713204162 ], [ -0.206166686039253, 51.403418585940067 ], [ -0.205973852645008, 51.40411398511398 ], [ -0.205672962683663, 51.404794213072478 ], [ -0.205266909561548, 51.405452717993242 ], [ -0.204759600070681, 51.406083157015424 ], [ -0.204155916907372, 51.40667945736709 ], [ -0.203461671763491, 51.407235874899321 ], [ -0.202683549437814, 51.407747049461221 ], [ -0.201829043502509, 51.40820805658047 ], [ -0.200906384142618, 51.408614454949621 ], [ -0.199924458863213, 51.408962329258038 ], [ -0.199709333184849, 51.409021963685049 ], [ -0.188353804095317, 51.408505335511698 ], [ -0.188132495698556, 51.408417657535118 ], [ -0.187242958193617, 51.407983341353109 ], [ -0.186425790112061, 51.407496581830983 ], [ -0.185688861396473, 51.406962068310889 ], [ -0.185039268243621, 51.406384950006895 ], [ -0.184483264796197, 51.405770786355298 ], [ -0.184026202981092, 51.405125493417749 ], [ -0.18367248107094, 51.404455286855168 ], [ -0.183425501460294, 51.403766622023866 ], [ -0.183287638057951, 51.403066131772327 ], [ -0.183260213603296, 51.402360562539101 ], [ -0.183343487118282, 51.401656709368083 ] ] ] } },
{ "type": "Feature", "properties": { "NLC": 648, "total_activity": 13916.129791498868, "log_total_activity": 9.5408757194882341, "direction_balance": 0.144299168113246, "post_2300_share": 0.1932873882000832, "midnight_share_common_window": 0.034101185451608798, "night_tube_extension_share": 0.14105464308588139, "post_0100_share": 0.075968699387104696, "common_window_persistence": 0.0552466049555062, "weekend_common_ratio": 0.91117940247771045, "volume_band": "medium", "cluster": 3, "Station": "Mornington Crescent", "mode_label": "LU", "tot_entry": 7962.1078718840608, "tot_exit": 5954.0219196148091, "easting": 529191.6489, "northing": 183397.12749999901, "lon": -0.13874979864115169, "lat": 51.534704942339104, "coord_source": "underground_stations_csv", "catchment_area_m2": 911643.60027092288, "station_in_lnwc_extent": true }, "geometry": { "type": "Polygon", "coordinates": [ [ [ -0.148496759451071, 51.530862425300661 ], [ -0.149053754720096, 51.531476757590397 ], [ -0.149511538007021, 51.532122181359981 ], [ -0.149865697097285, 51.532792481966268 ], [ -0.150112817071398, 51.533481204950945 ], [ -0.150177095598294, 51.533808216729788 ], [ -0.137033704397109, 51.538183438042836 ], [ -0.128609715805652, 51.538114628053179 ], [ -0.128444401821408, 51.537932205399649 ], [ -0.127986862565983, 51.537286702439197 ], [ -0.127696685590568, 51.536736997830168 ], [ -0.131359067056029, 51.532691074574728 ], [ -0.143637482657101, 51.529695964746999 ], [ -0.148203469046026, 51.530602265251879 ], [ -0.148496759451071, 51.530862425300661 ] ] ] } },
{ "type": "Feature", "properties": { "NLC": 649, "total_activity": 9457.5359335414087, "log_total_activity": 9.1546728861725004, "direction_balance": -0.45204094565116032, "post_2300_share": 0.14569609413320381, "midnight_share_common_window": 0.042501054456373602, "night_tube_extension_share": 0.072696116946449105, "post_0100_share": 0.034217537228169302, "common_window_persistence": 0.063640500168605896, "weekend_common_ratio": 0.77245875902865302, "volume_band": "medium", "cluster": 4, "Station": "Neasden", "mode_label": "LU", "tot_entry": 2591.1712233067624, "tot_exit": 6866.364710234644, "easting": 521342.3348, "northing": 185397.9068, "lon": -0.25117089538366028, "lat": 51.554426400499011, "coord_source": "underground_stations_csv", "catchment_area_m2": 1672936.3514980872, "station_in_lnwc_extent": true }, "geometry": { "type": "Polygon", "coordinates": [ [ [ -0.248087290786764, 51.547496297868555 ], [ -0.249191608206967, 51.547341244745546 ], [ -0.250314978761518, 51.547254415082698 ], [ -0.251446588775938, 51.547236644756111 ], [ -0.252575545359078, 51.547288104872109 ], [ -0.253690981110535, 51.547408300120466 ], [ -0.254782158585007, 51.547596073533917 ], [ -0.255838573514998, 51.54784961760808 ], [ -0.25685005580489, 51.548166491675865 ], [ -0.257806867330176, 51.548543645370223 ], [ -0.25869979560555, 51.548977447950641 ], [ -0.259520242424188, 51.549463723213428 ], [ -0.26026030661777, 51.549997789651144 ], [ -0.260912860141913, 51.550574505476987 ], [ -0.261471616754606, 51.55118831808295 ], [ -0.261931192624994, 51.551833317457564 ], [ -0.262287158286214, 51.55250329305111 ], [ -0.262536081427953, 51.553191793542439 ], [ -0.262675560111482, 51.55389218893378 ], [ -0.262704246081118, 51.554597734376657 ], [ -0.262621857940768, 51.555301635115292 ], [ -0.262429184061221, 51.555997111922565 ], [ -0.262128075182663, 51.556677466398305 ], [ -0.261721426776121, 51.557336145500656 ], [ -0.261213151326612, 51.557966804688512 ], [ -0.260608140798442, 51.558563369065048 ], [ -0.259912219638575, 51.55912009193252 ], [ -0.259132088766207, 51.559631610191992 ], [ -0.258275261084807, 51.560092996052724 ], [ -0.257349989135877, 51.560499804550609 ], [ -0.256365185590951, 51.560848116415698 ], [ -0.255330337348655, 51.561134575874064 ], [ -0.254255414066859, 51.561356423017216 ], [ -0.253150772014726, 51.561511520425604 ], [ -0.252027054175843, 51.561598373788243 ], [ -0.250895087570632, 51.561616146318187 ], [ -0.249765778793829, 51.561564666824495 ], [ -0.248650008780442, 51.561444431362041 ], [ -0.247558527821274, 51.561256598443499 ], [ -0.246501851846568, 51.561002977860014 ], [ -0.245490160983743, 51.560686013218849 ], [ -0.244533201372646, 51.560308758367817 ], [ -0.243640191189441, 51.559874847934708 ], [ -0.242819731788617, 51.559388462267997 ], [ -0.24212812969907, 51.558889228772706 ], [ -0.24808363025567, 51.547497053353069 ], [ -0.248087290786764, 51.547496297868555 ] ] ] } },
{ "type": "Feature", "properties": { "NLC": 650, "total_activity": 12631.776404290344, "log_total_activity": 9.4440500173375632, "direction_balance": -0.65608883120297878, "post_2300_share": 0.17455959885634989, "midnight_share_common_window": 0.057427319070466699, "night_tube_extension_share": 0.090730520658727096, "post_0100_share": 0.043599522090021901, "common_window_persistence": 0.087663555805314097, "weekend_common_ratio": 0.69054428422195002, "volume_band": "medium", "cluster": 4, "Station": "Newbury Park", "mode_label": "LU", "tot_entry": 2172.1044935910641, "tot_exit": 10459.671910699288, "easting": 544920.2921, "northing": 188384.718599999, "lon": 0.089920829906461996, "lat": 51.575705737515378, "coord_source": "underground_stations_csv", "catchment_area_m2": 1768780.3904981774, "station_in_lnwc_extent": true }, "geometry": { "type": "Polygon", "coordinates": [ [ [ 0.101369085920925, 51.574796116144114 ], [ 0.101170790111972, 51.574101305770341 ], [ 0.100864162878855, 51.573421951375529 ], [ 0.100452161549442, 51.572764594635224 ], [ 0.099938757639611, 51.572135565133578 ], [ 0.099328898462637, 51.571540919449063 ], [ 0.098649657107213, 51.571003165357048 ], [ 0.0884713103365, 51.568571741746482 ], [ 0.088462129385371, 51.568572186873425 ], [ 0.087347171855594, 51.568695619865593 ], [ 0.086256988230852, 51.56888655419192 ], [ 0.08520207323521, 51.569143151927975 ], [ 0.084192582557545, 51.569462943016816 ], [ 0.083238235189575, 51.569842849013988 ], [ 0.082348219940207, 51.570279212684 ], [ 0.081531107022169, 51.570767833165277 ], [ 0.080794765559288, 51.571304006366653 ], [ 0.080146287807245, 51.571882570209397 ], [ 0.079591920817383, 51.572497954280799 ], [ 0.079137006202989, 51.573144233423584 ], [ 0.078785928590865, 51.573815184747595 ], [ 0.078542073258648, 51.574504347515891 ], [ 0.078407793371135, 51.575205085331071 ], [ 0.078384387137293, 51.575910650023665 ], [ 0.078472085114928, 51.576614246628331 ], [ 0.078670047792638, 51.577309098822752 ], [ 0.078976373479981, 51.577988514199014 ], [ 0.079388116437327, 51.578645948738078 ], [ 0.079901315077889, 51.579275069866 ], [ 0.080511029976776, 51.579869817483193 ], [ 0.081042154354513, 51.580290438322251 ], [ 0.097516370558728, 51.581119115550486 ], [ 0.098312370125626, 51.580643017411433 ], [ 0.099048649968389, 51.580106735683671 ], [ 0.099696998629183, 51.579528069507006 ], [ 0.100251174017568, 51.578912593226853 ], [ 0.100705841883396, 51.578266235543921 ], [ 0.101056627082274, 51.577595222366725 ], [ 0.10130015557384, 51.576906016809097 ], [ 0.1014340867536, 51.576205256912857 ], [ 0.101457135813229, 51.575499691696024 ], [ 0.101369085920925, 51.574796116144114 ] ] ] } },
{ "type": "Feature", "properties": { "NLC": 653, "total_activity": 23789.001023896624, "log_total_activity": 10.077020646335953, "direction_balance": -0.36681567334971898, "post_2300_share": 0.1626945275763691, "midnight_share_common_window": 0.041534291206404103, "night_tube_extension_share": 0.093291965270436095, "post_0100_share": 0.043531657989057199, "common_window_persistence": 0.0638198619760805, "weekend_common_ratio": 0.79291987798995156, "volume_band": "high", "cluster": 4, "Station": "North Acton", "mode_label": "LU", "tot_entry": 7531.4112974994159, "tot_exit": 16257.589726397207, "easting": 520828.4021, "northing": 181956.9398, "lon": -0.25976007811947438, "lat": 51.523611766196801, "coord_source": "underground_stations_csv", "catchment_area_m2": 1458456.8901123344, "station_in_lnwc_extent": true }, "geometry": { "type": "Polygon", "coordinates": [ [ [ -0.271285695195847, 51.523782184381375 ], [ -0.271203506352974, 51.524486096448264 ], [ -0.271011104350128, 51.525181593288359 ], [ -0.270710337317189, 51.525861976309713 ], [ -0.270304097439979, 51.526520692197046 ], [ -0.269796293274781, 51.527151396056531 ], [ -0.269191812251265, 51.527748012562988 ], [ -0.268496473719357, 51.528304794518377 ], [ -0.267716972987821, 51.5288163782567 ], [ -0.266860816890299, 51.5292778353583 ], [ -0.265936251497584, 51.529684720174629 ], [ -0.264952182672035, 51.530033112702256 ], [ -0.263918090230411, 51.530319656391598 ], [ -0.263916721532715, 51.530319939190029 ], [ -0.255154156937293, 51.53001521289081 ], [ -0.248741341485432, 51.525705352284589 ], [ -0.248650782812473, 51.525534708809644 ], [ -0.248402210702405, 51.524846179143495 ], [ -0.248263029536222, 51.524145766362231 ], [ -0.248247021045653, 51.523748830503528 ], [ -0.257048974588057, 51.517596436843817 ], [ -0.271284084679439, 51.523742744807443 ], [ -0.271285695195847, 51.523782184381375 ] ] ] } },
{ "type": "Feature", "properties": { "NLC": 654, "total_activity": 1924.4890920319776, "log_total_activity": 7.5629352882334526, "direction_balance": -0.44979292588967013, "post_2300_share": 0.13910254976152001, "midnight_share_common_window": 0.049520317299068403, "night_tube_extension_share": 0.0148209496512016, "post_0100_share": 0.0079274006542387008, "common_window_persistence": 0.075786286188179106, "weekend_common_ratio": 0.7056619634076865, "volume_band": "low", "cluster": 4, "Station": "North Ealing", "mode_label": "LU", "tot_entry": 529.43375624207977, "tot_exit": 1395.0553357898968, "easting": 518828.0459, "northing": 181227.756, "lon": -0.28882511595801391, "lat": 51.517482284384883, "coord_source": "underground_stations_csv", "catchment_area_m2": 782700.24039357284, "station_in_lnwc_extent": true }, "geometry": { "type": "Polygon", "coordinates": [ [ [ -0.297563392691014, 51.522173168880173 ], [ -0.296784319603087, 51.522684950257045 ], [ -0.295928568922036, 51.523146623751231 ], [ -0.295694359570027, 51.523249797881697 ], [ -0.293609537874349, 51.523496353057219 ], [ -0.2855513589804, 51.521803568746158 ], [ -0.284227110344121, 51.513654939436222 ], [ -0.293402646134316, 51.513348339379895 ], [ -0.297881316213943, 51.521918354321969 ], [ -0.297563392691014, 51.522173168880173 ] ] ] } },
{ "type": "Feature", "properties": { "NLC": 655, "total_activity": 10282.992378229488, "log_total_activity": 9.2383438272565179, "direction_balance": -0.51674929912865064, "post_2300_share": 0.18167466566100321, "midnight_share_common_window": 0.050448738414186498, "night_tube_extension_share": 0.084277608690800102, "post_0100_share": 0.041035941429029603, "common_window_persistence": 0.080623304861517905, "weekend_common_ratio": 0.80034163613010589, "volume_band": "medium", "cluster": 4, "Station": "Northfields", "mode_label": "LU", "tot_entry": 2484.6316369170718, "tot_exit": 7798.3607413124137, "easting": 517196.8059, "northing": 179206.2903, "lon": -0.312994928337679, "lat": 51.499654705045963, "coord_source": "underground_stations_csv", "catchment_area_m2": 1066986.0096965297, "station_in_lnwc_extent": true }, "geometry": { "type": "Polygon", "coordinates": [ [ [ -0.306816406140859, 51.493584179662385 ], [ -0.307799371977006, 51.493235423729288 ], [ -0.308832353067657, 51.492948481246032 ], [ -0.30990540472263, 51.492726114479098 ], [ -0.311008197015146, 51.492570464031438 ], [ -0.312130114105377, 51.492483028262107 ], [ -0.313260356298087, 51.492464648880919 ], [ -0.314388043858366, 51.492515502855404 ], [ -0.314898798432673, 51.492570324643772 ], [ -0.32369327091578, 51.502304679725334 ], [ -0.323536953392974, 51.502558836856366 ], [ -0.323030153414082, 51.503189782683755 ], [ -0.32242668616839, 51.503786685013743 ], [ -0.321732361236656, 51.504343793898556 ], [ -0.320953864158236, 51.504855742525805 ], [ -0.32009869209152, 51.505317598963373 ], [ -0.319175081619746, 51.505724913717607 ], [ -0.318191929397201, 51.506073762644547 ], [ -0.317158706401182, 51.50636078479846 ], [ -0.316085366618161, 51.506583214851076 ], [ -0.314982251047516, 51.506738909767478 ], [ -0.314054594973063, 51.50681120424651 ], [ -0.306448621784768, 51.493746356139731 ], [ -0.306816406140859, 51.493584179662385 ] ] ] } },
{ "type": "Feature", "properties": { "NLC": 656, "total_activity": 5534.1544366180724, "log_total_activity": 8.6188747465815059, "direction_balance": -0.61982958866589244, "post_2300_share": 0.12997014283197739, "midnight_share_common_window": 0.0434464562083373, "night_tube_extension_share": 0.0132757323700128, "post_0100_share": 0.0072933972971681998, "common_window_persistence": 0.064847515695607705, "weekend_common_ratio": 0.64206444466772827, "volume_band": "low", "cluster": 0, "Station": "North Harrow", "mode_label": "LU", "tot_entry": 1051.9608842777843, "tot_exit": 4482.1935523402881, "easting": 513541.1687, "northing": 188613.229499999, "lon": -0.36260470099099668, "lat": 51.584947105274843, "coord_source": "underground_stations_csv", "catchment_area_m2": 1558469.8356026993, "station_in_lnwc_extent": true }, "geometry": { "type": "Polygon", "coordinates": [ [ [ -0.373366130167934, 51.582343822534938 ], [ -0.373723970240794, 51.583013472762474 ], [ -0.373974738955438, 51.583701749233818 ], [ -0.374116016599713, 51.584402024116628 ], [ -0.374146437589017, 51.585107553731085 ], [ -0.374065703809874, 51.585811543481896 ], [ -0.373874587688539, 51.586507213292258 ], [ -0.373574924947542, 51.587187862910142 ], [ -0.373361509946913, 51.587534883834202 ], [ -0.370392988457532, 51.590248013666127 ], [ -0.369727753735965, 51.590607084748093 ], [ -0.368802831601105, 51.591014773349215 ], [ -0.367818194447538, 51.59136402058774 ], [ -0.36678332755857, 51.591651461675944 ], [ -0.365708200762615, 51.591874327245073 ], [ -0.364603172283961, 51.592030470060116 ], [ -0.363478888827251, 51.592118385734302 ], [ -0.362346182864081, 51.592137227241942 ], [ -0.361215968117823, 51.592086813089203 ], [ -0.360099134260617, 51.591967629063603 ], [ -0.359006441844284, 51.591780823545037 ], [ -0.357948418484552, 51.591528196424292 ], [ -0.356935257305536, 51.591212181736445 ], [ -0.355976718629042, 51.590835824177361 ], [ -0.355082035861019, 51.590402749731766 ], [ -0.354259826486036, 51.589917130696833 ], [ -0.35351800903012, 51.589383645441188 ], [ -0.352863726793413, 51.588807433288167 ], [ -0.352303279087429, 51.588194044961298 ], [ -0.351842060637941, 51.587549389070531 ], [ -0.351484509734398, 51.586879675157448 ], [ -0.351402386183444, 51.586653968842938 ], [ -0.363202314990152, 51.578725523697827 ], [ -0.373326521346389, 51.582288497110483 ], [ -0.373366130167934, 51.582343822534938 ] ] ] } },
{ "type": "Feature", "properties": { "NLC": 657, "total_activity": 16549.605871729829, "log_total_activity": 9.7141779886988679, "direction_balance": -0.60521861384504672, "post_2300_share": 0.1195627236423053, "midnight_share_common_window": 0.040844378333278697, "night_tube_extension_share": 0.0159963678052196, "post_0100_share": 0.0092773969864908996, "common_window_persistence": 0.060797000402154897, "weekend_common_ratio": 0.79406112250942307, "volume_band": "medium", "cluster": 4, "Station": "Northolt", "mode_label": "LU", "tot_entry": 3266.7381731798291, "tot_exit": 13282.867698550001, "easting": 513213.3316, "northing": 184523.89760000099, "lon": -0.36865042407239051, "lat": 51.548259260590001, "coord_source": "underground_stations_csv", "catchment_area_m2": 2007391.0339493849, "station_in_lnwc_extent": true }, "geometry": { "type": "Polygon", "coordinates": [ [ [ -0.357198960230908, 51.547394372596877 ], [ -0.357390152724311, 51.546698726271799 ], [ -0.357689776350316, 51.546018113237245 ], [ -0.358094941191905, 51.54535908731868 ], [ -0.358601741520433, 51.544727994200336 ], [ -0.359205293554675, 51.544130910354752 ], [ -0.359899782610124, 51.543573584573146 ], [ -0.36067851918001, 51.543061382657044 ], [ -0.361534003404802, 51.542599235802427 ], [ -0.36245799730757, 51.542191593170486 ], [ -0.363441604099242, 51.54184237909999 ], [ -0.364475353791204, 51.541554955370636 ], [ -0.365549294293397, 51.541332088878924 ], [ -0.366653087124508, 51.541175925035517 ], [ -0.367776106817684, 51.541087967138992 ], [ -0.368907543070562, 51.541069061923025 ], [ -0.370036504662694, 51.541119391415108 ], [ -0.371152124146996, 51.541238471185345 ], [ -0.37224366231447, 51.541425155001122 ], [ -0.373300611433692, 51.541677645844139 ], [ -0.37431279627786, 51.541993513184202 ], [ -0.375270471972935, 51.542369716344282 ], [ -0.376164417730094, 51.542802633734262 ], [ -0.376986025564266, 51.543288097672949 ], [ -0.377727383147516, 51.543821434465691 ], [ -0.378381350001132, 51.544397509353509 ], [ -0.37894162629297, 51.545010775903499 ], [ -0.379402813576314, 51.54565532936703 ], [ -0.379760466882721, 51.546324963494122 ], [ -0.380011137663206, 51.547013230258671 ], [ -0.380152407159112, 51.547713501921216 ], [ -0.380182909875152, 51.548419034832889 ], [ -0.380102346921699, 51.549123034366971 ], [ -0.379911489090458, 51.549818720353116 ], [ -0.379612169626328, 51.550499392384644 ], [ -0.379207266757555, 51.551158494368792 ], [ -0.378700676145319, 51.551789677698245 ], [ -0.378097273511563, 51.55238686243365 ], [ -0.377402867799415, 51.55294429590667 ], [ -0.376624145312809, 51.553456608177221 ], [ -0.375768605370062, 51.553918863808519 ], [ -0.374844488089312, 51.554326609459103 ], [ -0.373860695000977, 51.5546759168313 ], [ -0.372826703252945, 51.554963420559844 ], [ -0.371752474237354, 51.555186350673893 ], [ -0.370648357522929, 51.555342559317864 ], [ -0.369524991023173, 51.555430541471452 ], [ -0.368393198368038, 51.555449449468917 ], [ -0.367263884474306, 51.555399101175738 ], [ -0.366147930327821, 51.555279981744413 ], [ -0.36505608799846, 51.55509323893169 ], [ -0.363998876906419, 51.554840672023055 ], [ -0.362986482345968, 51.554524714471903 ], [ -0.362028657250425, 51.554148410421988 ], [ -0.361134628149988, 51.553715385340624 ], [ -0.360313006232562, 51.553229811047458 ], [ -0.359571704367293, 51.552696365478035 ], [ -0.358917860891679, 51.552120187571589 ], [ -0.358357770896518, 51.551506827719919 ], [ -0.357896825669246, 51.550862194257206 ], [ -0.357539460876228, 51.550192496507762 ], [ -0.357289113979042, 51.549504184942649 ], [ -0.35714819128969, 51.548803889023006 ], [ -0.357118044975883, 51.548098353329863 ], [ -0.357198960230908, 51.547394372596877 ] ] ] } },
{ "type": "Feature", "properties": { "NLC": 659, "total_activity": 5113.9158427974262, "log_total_activity": 8.5399162252293426, "direction_balance": -0.51597830817670864, "post_2300_share": 0.1280135702895896, "midnight_share_common_window": 0.037650000554983097, "night_tube_extension_share": 0.00014890284377460001, "post_0100_share": 8.2516403433675661e-05, "common_window_persistence": 0.058175741858039601, "weekend_common_ratio": 0.75291089897709018, "volume_band": "low", "cluster": 4, "Station": "North Wembley", "mode_label": "LO,LU", "tot_entry": 1237.6230990363724, "tot_exit": 3876.2927437610529, "easting": 517667.5472, "northing": 186197.87350000101, "lon": -0.30388264583420138, "lat": 51.562393713680144, "coord_source": "underground_stations_csv", "catchment_area_m2": 1492937.9956083784, "station_in_lnwc_extent": true }, "geometry": { "type": "Polygon", "coordinates": [ [ [ -0.292429017710484, 51.561522483978116 ], [ -0.292621260366772, 51.56082695455995 ], [ -0.292921944820962, 51.560146518372797 ], [ -0.29332817094234, 51.559487727534687 ], [ -0.293580757587061, 51.559173992518296 ], [ -0.307083272913882, 51.555512964820601 ], [ -0.312638092293951, 51.557722845228767 ], [ -0.312968637461522, 51.557960992744079 ], [ -0.313621976213815, 51.558537421642349 ], [ -0.314181543457653, 51.559150989649346 ], [ -0.314641947562438, 51.559795789111575 ], [ -0.314998751090518, 51.560465611407423 ], [ -0.315248513666292, 51.561154006695354 ], [ -0.315388825268764, 51.561854345994391 ], [ -0.315418329620781, 51.562559885000042 ], [ -0.315336737442812, 51.563263829022226 ], [ -0.315144829436248, 51.563959398420664 ], [ -0.314982265397722, 51.564327681029098 ], [ -0.300506112732319, 51.567557261614759 ], [ -0.293093875270859, 51.564937535730564 ], [ -0.292765623091096, 51.564320753428206 ], [ -0.292516185012561, 51.563632313605261 ], [ -0.292376220695582, 51.562931950345835 ], [ -0.292347073071329, 51.562226408875212 ], [ -0.292429017710484, 51.561522483978116 ] ] ] } },
{ "type": "Feature", "properties": { "NLC": 660, "total_activity": 10927.321450802639, "log_total_activity": 9.2991129967149408, "direction_balance": -0.21101282370541671, "post_2300_share": 0.1089178272321925, "midnight_share_common_window": 0.0337992707568626, "night_tube_extension_share": 0.0100738692634682, "post_0100_share": 0.0057396496627956, "common_window_persistence": 0.048941208951891899, "weekend_common_ratio": 0.67174772611175182, "volume_band": "medium", "cluster": 0, "Station": "Northwick Park", "mode_label": "LU", "tot_entry": 4310.7582479660041, "tot_exit": 6616.563202836639, "easting": 516643.3006, "northing": 187963.52349999899, "lon": -0.31806633884631419, "lat": 51.578475004012958, "coord_source": "underground_stations_csv", "catchment_area_m2": 1024537.1300519692, "station_in_lnwc_extent": true }, "geometry": { "type": "Polygon", "coordinates": [ [ [ -0.306608371146176, 51.577605121980874 ], [ -0.306687357608532, 51.577319132519605 ], [ -0.31975386706651, 51.571367182375397 ], [ -0.320577572307784, 51.571455414246813 ], [ -0.321669613178294, 51.571642572389941 ], [ -0.322726968413106, 51.571895521440155 ], [ -0.323739458874576, 51.572211826458229 ], [ -0.324697336743145, 51.572588442555578 ], [ -0.325591379278252, 51.573021744168386 ], [ -0.326412977555837, 51.573507559917694 ], [ -0.327154219331042, 51.574041212722591 ], [ -0.32780796522984, 51.574617564781875 ], [ -0.32794959232334, 51.574772737889099 ], [ -0.327059696260563, 51.581643044125165 ], [ -0.306534199042054, 51.578243723343661 ], [ -0.306608371146176, 51.577605121980874 ] ] ] } },
{ "type": "Feature", "properties": { "NLC": 661, "total_activity": 7195.9104205389749, "log_total_activity": 8.8814071046523768, "direction_balance": -0.4794461580487992, "post_2300_share": 0.1348990095793503, "midnight_share_common_window": 0.0421719083064796, "night_tube_extension_share": 0.0100978170815269, "post_0100_share": 0.0059117400573538001, "common_window_persistence": 0.062495747240538801, "weekend_common_ratio": 0.72005710674482459, "volume_band": "low", "cluster": 4, "Station": "Northwood", "mode_label": "LU", "tot_entry": 1872.929407874122, "tot_exit": 5322.9810126648536, "easting": 509229.7103, "northing": 191418.7435, "lon": -0.42393545931415821, "lat": 51.611014101617926, "coord_source": "underground_stations_csv", "catchment_area_m2": 2007391.0339493849, "station_in_lnwc_extent": true }, "geometry": { "type": "Polygon", "coordinates": [ [ [ -0.412467066379928, 51.61015447551685 ], [ -0.412657701260002, 51.609458741421932 ], [ -0.412956935685123, 51.608777990806992 ], [ -0.413361883465254, 51.608118778823986 ], [ -0.41386864094152, 51.607487452949542 ], [ -0.414472324726127, 51.606890091897256 ], [ -0.415167118848599, 51.606332447126412 ], [ -0.415946330849849, 51.605819887508076 ], [ -0.416802456280657, 51.605357347679657 ], [ -0.417727250981661, 51.604949280582794 ], [ -0.418711810448431, 51.604599614639334 ], [ -0.419746655518498, 51.604311715975662 ], [ -0.42082182355776, 51.60408835605682 ], [ -0.421926964272025, 51.603931685040138 ], [ -0.423051439226152, 51.60384321110346 ], [ -0.424184424118477, 51.603823785945437 ], [ -0.425315012832471, 51.60387359659687 ], [ -0.426432322270938, 51.603992163621093 ], [ -0.427525596970697, 51.604178345721046 ], [ -0.428584312497799, 51.60443035070876 ], [ -0.429598276634611, 51.604745752732491 ], [ -0.430557727390798, 51.605121515597034 ], [ -0.431453426899878, 51.605554021954084 ], [ -0.43227675030156, 51.606039108083507 ], [ -0.433019768757098, 51.606572103932528 ], [ -0.433675325799962, 51.607147878029757 ], [ -0.434237106286869, 51.607760886843813 ], [ -0.434699697283978, 51.608405228113348 ], [ -0.435058640299287, 51.609074697637176 ], [ -0.435310474354244, 51.609762848979784 ], [ -0.435452769474673, 51.610463055518409 ], [ -0.435484150272302, 51.611168574236046 ], [ -0.435404309382935, 51.61187261064677 ], [ -0.435214010624428, 51.612568384228531 ], [ -0.434915081836491, 51.61324919373353 ], [ -0.434510397463696, 51.613908481746641 ], [ -0.434003851042323, 51.614539897869463 ], [ -0.433400317849442, 51.615137359920197 ], [ -0.432705608068374, 51.615695112558249 ], [ -0.431926410917013, 51.616207782767262 ], [ -0.431070230273902, 51.616670431659912 ], [ -0.430145312420181, 51.617078602103298 ], [ -0.429160566592969, 51.617428361703993 ], [ -0.428125479116459, 51.617716340736401 ], [ -0.427050021940299, 51.617939764646991 ], [ -0.42594455647005, 51.618096480819254 ], [ -0.424819733621044, 51.618184979340036 ], [ -0.423686391064352, 51.618204407565948 ], [ -0.422555448661343, 51.61815457834826 ], [ -0.421437803101288, 51.618035971837152 ], [ -0.420344222764332, 51.617849730847134 ], [ -0.419285243829892, 51.617597649829314 ], [ -0.418271068638196, 51.617282157557213 ], [ -0.417311467290298, 51.616906293694235 ], [ -0.416415683439838, 51.616473679469948 ], [ -0.415592345188294, 51.615988482749849 ], [ -0.414849381945085, 51.615455377836597 ], [ -0.41419394805496, 51.61487950039286 ], [ -0.413632353928508, 51.614266397921604 ], [ -0.413170005337843, 51.613621976283333 ], [ -0.412811351459425, 51.612952442767721 ], [ -0.412559842160434, 51.612264246269568 ], [ -0.412417894934861, 51.611564015146826 ], [ -0.412386871801572, 51.610858493361327 ], [ -0.412467066379928, 51.61015447551685 ] ] ] } },
{ "type": "Feature", "properties": { "NLC": 662, "total_activity": 4648.6242920382456, "log_total_activity": 8.4445416979059846, "direction_balance": -0.48938199272073563, "post_2300_share": 0.1186800544573469, "midnight_share_common_window": 0.039803342140783203, "night_tube_extension_share": 0.011663634893829501, "post_0100_share": 0.0063335486642753002, "common_window_persistence": 0.058368635251746098, "weekend_common_ratio": 0.67936018347902982, "volume_band": "low", "cluster": 0, "Station": "Northwood Hills", "mode_label": "LU", "tot_entry": 1186.8356362952743, "tot_exit": 3461.7886557429706, "easting": 510307.602, "northing": 190238.042400001, "lon": -0.40874635454418362, "lat": 51.600192233720477, "coord_source": "underground_stations_csv", "catchment_area_m2": 2007391.0339493849, "station_in_lnwc_extent": true }, "geometry": { "type": "Polygon", "coordinates": [ [ [ -0.397281003842267, 51.599331147919145 ], [ -0.397471821323797, 51.598635438857926 ], [ -0.397771207287613, 51.597954727089103 ], [ -0.398176274088488, 51.597295567389963 ], [ -0.39868311692559, 51.596664306733203 ], [ -0.399286851593225, 51.596067023204228 ], [ -0.399981661634799, 51.595509467515775 ], [ -0.400760854441413, 51.594997007681371 ], [ -0.401616925751654, 51.594534577378049 ], [ -0.402541631929664, 51.594126628493377 ], [ -0.403526069325082, 51.593777088311725 ], [ -0.404560759951791, 51.593489321749438 ], [ -0.405635742662964, 51.593266099000516 ], [ -0.406740668948291, 51.593109568902499 ], [ -0.407864902435973, 51.593021238277366 ], [ -0.408997621147345, 51.593001957444812 ], [ -0.410127921526258, 51.593051912046803 ], [ -0.411244923248731, 51.593170621261358 ], [ -0.412337873811072, 51.593356942422858 ], [ -0.413396251896743, 51.59360908200464 ], [ -0.414409868533583, 51.593924612859155 ], [ -0.415368965073699, 51.594300497550698 ], [ -0.41626430705799, 51.59473311755756 ], [ -0.417087273065823, 51.595218308064766 ], [ -0.417829937697396, 51.595751398013746 ], [ -0.418485147891399, 51.596327255026118 ], [ -0.419046591843346, 51.596940334770999 ], [ -0.41950885985967, 51.597584734302892 ], [ -0.419867496558941, 51.598254248858311 ], [ -0.420119043913528, 51.598942431566819 ], [ -0.420261074712058, 51.599642655502322 ], [ -0.420292216114276, 51.60034817747907 ], [ -0.420212163064584, 51.601052202978671 ], [ -0.420021681427668, 51.601747951583135 ], [ -0.419722600808444, 51.602428722284415 ], [ -0.419317797117916, 51.603087958040462 ], [ -0.418811165045734, 51.603719308955775 ], [ -0.418207580698014, 51.60431669347637 ], [ -0.417512854754639, 51.604874357008406 ], [ -0.416733676592661, 51.605386927394044 ], [ -0.415877549910704, 51.605849466707831 ], [ -0.414952720472529, 51.606257518872958 ], [ -0.413968096665318, 51.606607152636052 ], [ -0.412933163638884, 51.606894999484481 ], [ -0.411857891855342, 51.607118286138927 ], [ -0.410752640933891, 51.607274861305932 ], [ -0.409628059721912, 51.607363216431587 ], [ -0.408494983560926, 51.607382500254658 ], [ -0.407364329743668, 51.607332527018251 ], [ -0.406246992176561, 51.60721377826043 ], [ -0.405153736269615, 51.607027398166508 ], [ -0.404095095073595, 51.606775182527798 ], [ -0.403081267671843, 51.606459561414709 ], [ -0.402122020811829, 51.606083575731567 ], [ -0.401226594729363, 51.60565084788108 ], [ -0.400403614076922, 51.605165546822633 ], [ -0.39966100481709, 51.60463234786323 ], [ -0.399005917883271, 51.604056387570409 ], [ -0.398444660343132, 51.603443214244059 ], [ -0.397982634726535, 51.602798734426052 ], [ -0.397624287099625, 51.602129155965123 ], [ -0.397373064381146, 51.601440928187621 ], [ -0.397231381306887, 51.600740679751603 ], [ -0.397200597354258, 51.600035154784322 ], [ -0.397281003842267, 51.599331147919145 ] ] ] } },
{ "type": "Feature", "properties": { "NLC": 663, "total_activity": 45493.111302198682, "log_total_activity": 10.725338174633604, "direction_balance": 0.067699213832893401, "post_2300_share": 0.1280621223050335, "midnight_share_common_window": 0.033299663938679197, "night_tube_extension_share": 0.042209504783180099, "post_0100_share": 0.021437198733592299, "common_window_persistence": 0.048978307856735598, "weekend_common_ratio": 1.0132425726235901, "volume_band": "high", "cluster": 2, "Station": "Notting Hill Gate", "mode_label": "LU", "tot_entry": 24286.479586084926, "tot_exit": 21206.631716113759, "easting": 525284.9146, "northing": 180456.3574, "lon": -0.1960899733626558, "lat": 51.509156012573975, "coord_source": "underground_stations_csv", "catchment_area_m2": 727568.7565456708, "station_in_lnwc_extent": true }, "geometry": { "type": "Polygon", "coordinates": [ [ [ -0.201670791641944, 51.514527073036831 ], [ -0.196622085503545, 51.515372970072015 ], [ -0.191909305712047, 51.510642595428578 ], [ -0.190283244777581, 51.505471586682027 ], [ -0.198652865392225, 51.504018176509568 ], [ -0.20357629517904, 51.513181263694875 ], [ -0.201670791641944, 51.514527073036831 ] ] ] } },
{ "type": "Feature", "properties": { "NLC": 664, "total_activity": 9469.2601041700273, "log_total_activity": 9.1559116519243755, "direction_balance": -0.55228696819212364, "post_2300_share": 0.17764894361475861, "midnight_share_common_window": 0.055680049897526701, "night_tube_extension_share": 0.068150633443592096, "post_0100_share": 0.0359823850469373, "common_window_persistence": 0.087514188057063, "weekend_common_ratio": 0.88120038641423526, "volume_band": "medium", "cluster": 4, "Station": "Oakwood", "mode_label": "LU", "tot_entry": 2119.7555751076652, "tot_exit": 7349.504529062363, "easting": 529390.306, "northing": 195935.21440000099, "lon": -0.13126893872170819, "lat": 51.647333628194318, "coord_source": "underground_stations_csv", "catchment_area_m2": 1923513.9703284272, "station_in_lnwc_extent": true }, "geometry": { "type": "Polygon", "coordinates": [ [ [ -0.119797711886781, 51.646445377330643 ], [ -0.119992979079118, 51.645750171393637 ], [ -0.120296828223477, 51.645070219482463 ], [ -0.120706328706695, 51.644412069038339 ], [ -0.121217533053793, 51.643782057297933 ], [ -0.121825515088736, 51.643186250305099 ], [ -0.122524417491321, 51.642630384541981 ], [ -0.123307508287731, 51.642119811739946 ], [ -0.124167245727643, 51.641659447399292 ], [ -0.125095350921373, 51.641253723511703 ], [ -0.126082887537303, 51.640906545937817 ], [ -0.127120347793324, 51.640621256848753 ], [ -0.12819774391687, 51.640400602590418 ], [ -0.129304704196747, 51.640246707278784 ], [ -0.130430572706964, 51.640161052378069 ], [ -0.131564511748367, 51.64014446245789 ], [ -0.132695606028423, 51.640197097264746 ], [ -0.133812967583286, 51.640318450184779 ], [ -0.134905840439276, 51.640507353111488 ], [ -0.135963704013329, 51.640761987672619 ], [ -0.136976374263732, 51.641079902708974 ], [ -0.137934101623474, 51.641458037837658 ], [ -0.138827664778597, 51.641892752874803 ], [ -0.139648459392839, 51.642379862836428 ], [ -0.140388580927259, 51.642914678182066 ], [ -0.14104090075896, 51.643492049916482 ], [ -0.141599134866084, 51.644106419116966 ], [ -0.142057904416404, 51.644751870411874 ], [ -0.142412787673282, 51.645422188897356 ], [ -0.142498969662778, 51.645661941632426 ], [ -0.137932673460037, 51.653199643169884 ], [ -0.137444166361774, 51.653413218624706 ], [ -0.136456439776015, 51.653760489227281 ], [ -0.135418733832474, 51.654045857813053 ], [ -0.134341045745352, 51.654266574981122 ], [ -0.133233758445841, 51.654420514197945 ], [ -0.132107540427112, 51.654506192312006 ], [ -0.130973242819738, 51.654522783861694 ], [ -0.129841794695743, 51.654470129037804 ], [ -0.128724097616996, 51.654348735223465 ], [ -0.127630920451175, 51.654159772096762 ], [ -0.126572795475802, 51.653905060343348 ], [ -0.125559916778095, 51.653587054088902 ], [ -0.124602041935577, 51.653208817221767 ], [ -0.123708397929886, 51.652773993835581 ], [ -0.122887592204325, 51.652286773078131 ], [ -0.122147529724832, 51.651751848747658 ], [ -0.12149533684486, 51.651174374027661 ], [ -0.120937292707578, 51.65055991179851 ], [ -0.12047876884478, 51.649914381006887 ], [ -0.12012417755147, 51.649243999611677 ], [ -0.119876929529225, 51.648555224657542 ], [ -0.119739401201041, 51.647854690055389 ], [ -0.11971291200619, 51.647149142669868 ], [ -0.119797711886781, 51.646445377330643 ] ] ] } },
{ "type": "Feature", "properties": { "NLC": 665, "total_activity": 73536.948081315291, "log_total_activity": 11.20555685238978, "direction_balance": 0.14101468176269791, "post_2300_share": 0.1355139124053861, "midnight_share_common_window": 0.038916960946580301, "night_tube_extension_share": 0.0022107709234416, "post_0100_share": 0.0013000148014206999, "common_window_persistence": 0.062345812992895801, "weekend_common_ratio": 0.84068387390284305, "volume_band": "high", "cluster": 2, "Station": "Old Street", "mode_label": "LU", "tot_entry": 41953.368706401008, "tot_exit": 31583.57937491429, "easting": 532764.4507, "northing": 182418.81110000101, "lon": -0.087637202591825503, "lat": 51.525085276312062, "coord_source": "underground_stations_csv", "catchment_area_m2": 999049.40914587711, "station_in_lnwc_extent": true }, "geometry": { "type": "Polygon", "coordinates": [ [ [ -0.092805040194238, 51.531513987311683 ], [ -0.091769874038029, 51.531799001396116 ], [ -0.090694890801905, 51.532019349688611 ], [ -0.089590447343066, 51.532172909214779 ], [ -0.088467184737202, 51.532258200485536 ], [ -0.087335925619099, 51.532274401769477 ], [ -0.087130917062445, 51.532264764997755 ], [ -0.080562401527799, 51.527165005572193 ], [ -0.082334201446405, 51.521906970454168 ], [ -0.084768966487811, 51.521364922528861 ], [ -0.092635560063657, 51.522127448928572 ], [ -0.097736802104694, 51.526671185792942 ], [ -0.093211017067308, 51.53137105156177 ], [ -0.092805040194238, 51.531513987311683 ] ] ] } },
{ "type": "Feature", "properties": { "NLC": 667, "total_activity": 6527.4226393859171, "log_total_activity": 8.7839206371012235, "direction_balance": -0.58967047639516268, "post_2300_share": 0.16266751439396421, "midnight_share_common_window": 0.045809670780754, "night_tube_extension_share": 0.074774223574931395, "post_0100_share": 0.037421169237299899, "common_window_persistence": 0.070310994363968995, "weekend_common_ratio": 0.77222275504998805, "volume_band": "low", "cluster": 4, "Station": "Osterley", "mode_label": "LU", "tot_entry": 1339.1971109933256, "tot_exit": 5188.2255283925924, "easting": 514520.2731, "northing": 177096.8334, "lon": -0.35222074679683529, "lat": 51.481243468780903, "coord_source": "underground_stations_csv", "catchment_area_m2": 1704404.3709853978, "station_in_lnwc_extent": true }, "geometry": { "type": "Polygon", "coordinates": [ [ [ -0.340786398312013, 51.480377120966658 ], [ -0.340977536278866, 51.479681493452837 ], [ -0.3412769411031, 51.479000913093529 ], [ -0.341681724993369, 51.478341933400493 ], [ -0.342187985906423, 51.477710899614451 ], [ -0.342790845270031, 51.477113887638929 ], [ -0.34348449508157, 51.476556645575961 ], [ -0.344262253924267, 51.47604453842424 ], [ -0.345116631358495, 51.475582496470835 ], [ -0.345382882499748, 51.475464911679644 ], [ -0.363171097192257, 51.479040389699541 ], [ -0.363315090551687, 51.47931056880919 ], [ -0.363565167959289, 51.479998872870517 ], [ -0.363706000939253, 51.480699168005764 ], [ -0.363736228218697, 51.481404710337948 ], [ -0.363655553580258, 51.482108705148192 ], [ -0.363464748911265, 51.482804372311094 ], [ -0.363165646964287, 51.483485011601402 ], [ -0.36276112389127, 51.484144067242617 ], [ -0.362255071712402, 51.484775191075407 ], [ -0.361652360978373, 51.485372303735787 ], [ -0.360958793980057, 51.485929653252484 ], [ -0.36018104895176, 51.486441870497409 ], [ -0.359326615802225, 51.486904020952657 ], [ -0.358403723990537, 51.487311652293634 ], [ -0.35742126324124, 51.487660837327546 ], [ -0.356388697863362, 51.487948211871171 ], [ -0.355315975501154, 51.488171007201487 ], [ -0.35421343119924, 51.488327076764101 ], [ -0.353091687711243, 51.488414916880934 ], [ -0.35196155301808, 51.48843368125614 ], [ -0.350833916049783, 51.488383189139761 ], [ -0.349719641622432, 51.488263927070015 ], [ -0.348629465609632, 51.488077044177153 ], [ -0.347573891365531, 51.487824341094743 ], [ -0.346563088404012, 51.487508252585947 ], [ -0.345606794316279, 51.487131824053343 ], [ -0.344714220876984, 51.486698682160082 ], [ -0.343893965247594, 51.486212999847375 ], [ -0.343153927135288, 51.485679456087311 ], [ -0.342501232706983, 51.485103190760761 ], [ -0.341942165991482, 51.484489755097464 ], [ -0.341482108429197, 51.483845058157769 ], [ -0.341125487148972, 51.483175309873694 ], [ -0.340875732466159, 51.48248696119979 ], [ -0.340735245006106, 51.481786641951814 ], [ -0.340705372763558, 51.481081096933401 ], [ -0.340786398312013, 51.480377120966658 ] ] ] } },
{ "type": "Feature", "properties": { "NLC": 668, "total_activity": 24960.822427301104, "log_total_activity": 10.125102833732283, "direction_balance": -0.23183663900564291, "post_2300_share": 0.20937479563673911, "midnight_share_common_window": 0.0515956197594932, "night_tube_extension_share": 0.087546276731981704, "post_0100_share": 0.044329777876663597, "common_window_persistence": 0.086001496968545602, "weekend_common_ratio": 0.83660518422982655, "volume_band": "high", "cluster": 4, "Station": "Oval", "mode_label": "LU", "tot_entry": 9586.9946244694711, "tot_exit": 15373.827802831633, "easting": 531170.2991, "northing": 177564.9022, "lon": -0.1124062491167189, "lat": 51.48183745351276, "coord_source": "underground_stations_csv", "catchment_area_m2": 1262067.1857397857, "station_in_lnwc_extent": true }, "geometry": { "type": "Polygon", "coordinates": [ [ [ -0.10097693760248, 51.480947764670645 ], [ -0.101171716812592, 51.480252567075247 ], [ -0.101474679101303, 51.479572637243422 ], [ -0.101882902439909, 51.478914522407536 ], [ -0.102392451691278, 51.478284559466637 ], [ -0.102998416650321, 51.477688814001446 ], [ -0.103694959445864, 51.477133021909587 ], [ -0.104475370842995, 51.476622534221775 ], [ -0.105332134900625, 51.476162265628027 ], [ -0.10625700135988, 51.475756647207405 ], [ -0.107241065065967, 51.475409583814312 ], [ -0.108274851659915, 51.475124416528942 ], [ -0.109348408717591, 51.47490389053214 ], [ -0.1104514014623, 51.474750128711293 ], [ -0.111573212134376, 51.474664611250304 ], [ -0.112461029712909, 51.474651685915241 ], [ -0.120141578374927, 51.477834488133873 ], [ -0.120877107655317, 51.480718856864044 ], [ -0.115263197716034, 51.487434934493074 ], [ -0.100901043497346, 51.481889378666743 ], [ -0.100892222083964, 51.481651535484346 ], [ -0.10097693760248, 51.480947764670645 ] ] ] } },
{ "type": "Feature", "properties": { "NLC": 669, "total_activity": 218750.25297820845, "log_total_activity": 12.295690532103841, "direction_balance": 0.42604200575860018, "post_2300_share": 0.1084571808189749, "midnight_share_common_window": 0.0262319875979777, "night_tube_extension_share": 0.0367008833019518, "post_0100_share": 0.017806945499324399, "common_window_persistence": 0.038437481383458399, "weekend_common_ratio": 0.83429590925219321, "volume_band": "high", "cluster": 1, "Station": "Oxford Circus", "mode_label": "LU", "tot_entry": 155973.52475862289, "tot_exit": 62776.728219585682, "easting": 529046.6139, "northing": 181236.3369, "lon": -0.1416304596960839, "lat": 51.515319726422334, "coord_source": "underground_stations_csv", "catchment_area_m2": 533854.12344046345, "station_in_lnwc_extent": true }, "geometry": { "type": "Polygon", "coordinates": [ [ [ -0.13638561541939, 51.517100891233518 ], [ -0.135552522413976, 51.513928670490316 ], [ -0.140487731067489, 51.511026588814765 ], [ -0.144560378541303, 51.511197571690403 ], [ -0.146796545950512, 51.518652101564385 ], [ -0.142472445428275, 51.519642380413949 ], [ -0.141368051253559, 51.519776490634001 ], [ -0.13638561541939, 51.517100891233518 ] ] ] } },
{ "type": "Feature", "properties": { "NLC": 670, "total_activity": 233216.78175191639, "log_total_activity": 12.359727981631767, "direction_balance": -0.025000377565334402, "post_2300_share": 0.1121111496031354, "midnight_share_common_window": 0.025647680214306599, "night_tube_extension_share": 0.0024649507146754001, "post_0100_share": 0.0015993108117636999, "common_window_persistence": 0.039214343563237497, "weekend_common_ratio": 0.94662605756726881, "volume_band": "high", "cluster": 2, "Station": "Paddington TfL", "mode_label": "EZL,LU", "tot_entry": 113693.13707677306, "tot_exit": 119523.64467514324, "easting": 526659.2098, "northing": 181314.446900001, "lon": -0.1759896922641174, "lat": 51.516561482784041, "coord_source": "underground_stations_csv", "catchment_area_m2": 498197.25820740976, "station_in_lnwc_extent": true }, "geometry": { "type": "Polygon", "coordinates": [ [ [ -0.181438700343803, 51.513875342434176 ], [ -0.183055797209555, 51.515648090515697 ], [ -0.181072150714598, 51.519311086362102 ], [ -0.177388020140642, 51.52095659430708 ], [ -0.170842626690219, 51.517213453682125 ], [ -0.167992518723365, 51.514460086265714 ], [ -0.181438700343803, 51.513875342434176 ] ] ] } },
{ "type": "Feature", "properties": { "NLC": 671, "total_activity": 6986.084032446488, "log_total_activity": 8.8518185854511433, "direction_balance": -0.1915789088618626, "post_2300_share": 0.13234125132053101, "midnight_share_common_window": 0.039311599166079098, "night_tube_extension_share": 0.0103714428062248, "post_0100_share": 0.0064987846789513999, "common_window_persistence": 0.061662232791981297, "weekend_common_ratio": 0.87379974147322803, "volume_band": "low", "cluster": 4, "Station": "Park Royal", "mode_label": "LU", "tot_entry": 2823.8488381465531, "tot_exit": 4162.2351942999348, "easting": 519141.6075, "northing": 182236.24180000101, "lon": -0.2839675301559994, "lat": 51.526479964901441, "coord_source": "underground_stations_csv", "catchment_area_m2": 1213060.5639864008, "station_in_lnwc_extent": true }, "geometry": { "type": "Polygon", "coordinates": [ [ [ -0.272523328515296, 51.525606873401777 ], [ -0.272715709479947, 51.524911373931381 ], [ -0.273016440135094, 51.524230985324635 ], [ -0.273422619916072, 51.523572259241185 ], [ -0.273509066759099, 51.523464869719618 ], [ -0.2855513589804, 51.521803568746158 ], [ -0.293609537874349, 51.523496353057219 ], [ -0.282551579016546, 51.533616892161724 ], [ -0.281453320281073, 51.533498793384084 ], [ -0.280362362947298, 51.533311269749269 ], [ -0.279306141204508, 51.53305794779147 ], [ -0.278294830803653, 51.532741268239263 ], [ -0.27733817422056, 51.532364282192205 ], [ -0.276445386715103, 51.531930621687017 ], [ -0.275625067501228, 51.531444464663089 ], [ -0.274885116886434, 51.53091049466699 ], [ -0.274232660180487, 51.530333855686301 ], [ -0.273673979106372, 51.52972010255003 ], [ -0.273214451372858, 51.52907514737565 ], [ -0.272858498987939, 51.528405202580792 ], [ -0.27260954580693, 51.527716721010087 ], [ -0.272469984718872, 51.527016333755931 ], [ -0.272441154781102, 51.526310786272774 ], [ -0.272523328515296, 51.525606873401777 ] ] ] } },
{ "type": "Feature", "properties": { "NLC": 672, "total_activity": 21654.81960199204, "log_total_activity": 9.9830295010965315, "direction_balance": -0.24336935871396581, "post_2300_share": 0.11530891021684329, "midnight_share_common_window": 0.0356782175134134, "night_tube_extension_share": 0.0082394039217851996, "post_0100_share": 0.0043447006458758996, "common_window_persistence": 0.051289404693035001, "weekend_common_ratio": 0.67117219592445576, "volume_band": "high", "cluster": 4, "Station": "Parsons Green", "mode_label": "LU", "tot_entry": 8192.3500211943119, "tot_exit": 13462.46958079774, "easting": 524984.5495, "northing": 176646.7489, "lon": -0.2017635248636348, "lat": 51.47498535708651, "coord_source": "underground_stations_csv", "catchment_area_m2": 1251676.0589075566, "station_in_lnwc_extent": true }, "geometry": { "type": "Polygon", "coordinates": [ [ [ -0.192348800373103, 51.470843819369911 ], [ -0.193044163727177, 51.470287484264396 ], [ -0.19382347343684, 51.469776390430582 ], [ -0.194679224154502, 51.469315458396636 ], [ -0.19560317536376, 51.468909125630319 ], [ -0.196586430708074, 51.468561303863687 ], [ -0.197227207007489, 51.468383937077427 ], [ -0.213264458476947, 51.474856234966346 ], [ -0.213276525098074, 51.475161355893732 ], [ -0.21319354950888, 51.475865225046398 ], [ -0.213000489809381, 51.476560625626917 ], [ -0.212699200480604, 51.477240859967424 ], [ -0.212292578756194, 51.477899376182414 ], [ -0.211784536887632, 51.478529831299873 ], [ -0.211179964610883, 51.479126152389895 ], [ -0.210484682170413, 51.479682595100279 ], [ -0.209705384348536, 51.480193799033806 ], [ -0.208849576036003, 51.480654839431203 ], [ -0.207925499962554, 51.481061274660348 ], [ -0.206942057283187, 51.481409189051611 ], [ -0.206192769406914, 51.481616603612693 ], [ -0.192287943896668, 51.475055978700226 ], [ -0.192329962519376, 51.470862392754711 ], [ -0.192348800373103, 51.470843819369911 ] ] ] } },
{ "type": "Feature", "properties": { "NLC": 673, "total_activity": 6281.0533568168421, "log_total_activity": 8.7454521736659672, "direction_balance": -0.49216665977023361, "post_2300_share": 0.1104962162805075, "midnight_share_common_window": 0.036314927109169601, "night_tube_extension_share": 0.0075929317394445002, "post_0100_share": 0.0045417233389496003, "common_window_persistence": 0.053118712731443703, "weekend_common_ratio": 0.77726342468645682, "volume_band": "low", "cluster": 4, "Station": "Perivale", "mode_label": "LU", "tot_entry": 1594.8641531768417, "tot_exit": 4686.1892036399986, "easting": 516378.3501, "northing": 183314.9891, "lon": -0.32342516922982101, "lat": 51.536750921663099, "coord_source": "underground_stations_csv", "catchment_area_m2": 2007391.0339493849, "station_in_lnwc_extent": true }, "geometry": { "type": "Polygon", "coordinates": [ [ [ -0.311977551045491, 51.53588165143514 ], [ -0.312169379096111, 51.535186083376963 ], [ -0.31246959509196, 51.534505590049889 ], [ -0.312875303418434, 51.533846724124217 ], [ -0.313382593120991, 51.533215829741295 ], [ -0.313986575714223, 51.532618981458477 ], [ -0.314681432376111, 51.532061925797557 ], [ -0.315460470068551, 51.531550025958538 ], [ -0.31631618604052, 51.531088210228731 ], [ -0.317240340090961, 51.530680924581567 ], [ -0.318224033895156, 51.530332089919554 ], [ -0.319257796631874, 51.530045064370761 ], [ -0.320331676089263, 51.529822610999581 ], [ -0.321435334376078, 51.529666871241126 ], [ -0.32255814732163, 51.529579344313014 ], [ -0.323689306613306, 51.52956087280166 ], [ -0.324817923694901, 51.529611634561086 ], [ -0.325933134432501, 51.52973114100142 ], [ -0.327024203547502, 51.529918241783832 ], [ -0.328080627818462, 51.530171135876863 ], [ -0.329092237064998, 51.530487388868593 ], [ -0.330049291947646, 51.53086395636948 ], [ -0.330942577647337, 51.531297213281285 ], [ -0.331763492526799, 51.531782988653234 ], [ -0.332504130923143, 51.532316605790818 ], [ -0.333157359276092, 51.532892927234073 ], [ -0.333716884858991, 51.533506404173941 ], [ -0.334177316449498, 51.534151129833376 ], [ -0.334534216353056, 51.53482089630139 ], [ -0.334784143274179, 51.53550925427443 ], [ -0.334924685617551, 51.536209575131387 ], [ -0.334954484892089, 51.536915114746378 ], [ -0.334873248985744, 51.537619078424861 ], [ -0.334681755175768, 51.53831468633873 ], [ -0.334381842837948, 51.538995238830353 ], [ -0.333976395917484, 51.539654180955822 ], [ -0.33346931532323, 51.540285165645408 ], [ -0.332865481504678, 51.540882114871373 ], [ -0.33217070756652, 51.541439278232701 ], [ -0.331391683367832, 51.541951288390543 ], [ -0.330535911141077, 51.542413212818069 ], [ -0.329611633249153, 51.542820601364681 ], [ -0.328627752775932, 51.543169529173483 ], [ -0.327593747716233, 51.543456634536852 ], [ -0.326519579594242, 51.543679151323147 ], [ -0.325415597394425, 51.543834935660271 ], [ -0.324292437735266, 51.543922486617447 ], [ -0.32316092225339, 51.543940960684843 ], [ -0.322031953193193, 51.5438901799102 ], [ -0.320916408214928, 51.543770633614145 ], [ -0.319825035441886, 51.543583473667148 ], [ -0.318768349764914, 51.543330503374357 ], [ -0.317756531410082, 51.543014160075913 ], [ -0.316799327752772, 51.542637491631915 ], [ -0.315905959329374, 51.542204127019673 ], [ -0.315085030956188, 51.54171824132893 ], [ -0.314344448814655, 51.541184515493619 ], [ -0.31369134430321, 51.540608091150915 ], [ -0.31313200538935, 51.539994521064273 ], [ -0.312671816121826, 51.539349715590248 ], [ -0.312315204882861, 51.538679885707097 ], [ -0.312065601874722, 51.53799148315543 ], [ -0.311925406244934, 51.537291138269431 ], [ -0.311895963160569, 51.536585596098391 ], [ -0.311977551045491, 51.53588165143514 ] ] ] } },
{ "type": "Feature", "properties": { "NLC": 674, "total_activity": 172934.9793351932, "log_total_activity": 12.060676743343926, "direction_balance": 0.39597939987512831, "post_2300_share": 0.1361483490403477, "midnight_share_common_window": 0.031813641551879497, "night_tube_extension_share": 0.033299578617550799, "post_0100_share": 0.018160576854251601, "common_window_persistence": 0.055116270818276601, "weekend_common_ratio": 1.1576311179623464, "volume_band": "high", "cluster": 1, "Station": "Piccadilly Circus", "mode_label": "LU", "tot_entry": 120706.83433488043, "tot_exit": 52228.145000312812, "easting": 529612.6446, "northing": 180665.529899999, "lon": -0.13368738643164721, "lat": 51.510060615198363, "coord_source": "underground_stations_csv", "catchment_area_m2": 401627.24900430924, "station_in_lnwc_extent": true }, "geometry": { "type": "Polygon", "coordinates": [ [ [ -0.134766155932465, 51.50484775682186 ], [ -0.140487731067489, 51.511026588814765 ], [ -0.135552522413976, 51.513928670490316 ], [ -0.132715708548561, 51.513379066118269 ], [ -0.130017536602054, 51.509193207939276 ], [ -0.134766155932465, 51.50484775682186 ] ] ] } },
{ "type": "Feature", "properties": { "NLC": 675, "total_activity": 8605.064167363289, "log_total_activity": 9.0602223694901163, "direction_balance": -0.56096375410720389, "post_2300_share": 0.1190433339283129, "midnight_share_common_window": 0.042388693434820997, "night_tube_extension_share": 0.011184534572314799, "post_0100_share": 0.0064244889253785003, "common_window_persistence": 0.060505377483144697, "weekend_common_ratio": 0.65882909016710312, "volume_band": "medium", "cluster": 0, "Station": "Pinner", "mode_label": "LU", "tot_entry": 1888.9675338528989, "tot_exit": 6716.0966335103922, "easting": 512236.1384, "northing": 189460.7521, "lon": -0.38116191894249879, "lat": 51.592825567877362, "coord_source": "underground_stations_csv", "catchment_area_m2": 2002160.3793844723, "station_in_lnwc_extent": true }, "geometry": { "type": "Polygon", "coordinates": [ [ [ -0.369699003207342, 51.591961807084296 ], [ -0.369890207744468, 51.591266145458 ], [ -0.370189953567602, 51.590585506423416 ], [ -0.370403407431442, 51.590238491778109 ], [ -0.373371927672442, 51.587525361667552 ], [ -0.374037088554363, 51.587166269102028 ], [ -0.374961885807512, 51.586758537898028 ], [ -0.37594636913716, 51.586409229110842 ], [ -0.376981060118047, 51.586121705429655 ], [ -0.37805599760222, 51.585898734711122 ], [ -0.379160833516183, 51.585742463367367 ], [ -0.380284932358636, 51.585654395730387 ], [ -0.381417473446708, 51.585635379589156 ], [ -0.382547554932898, 51.585685598038566 ], [ -0.383664298598339, 51.585804567717425 ], [ -0.384756954420771, 51.585991143453477 ], [ -0.385815003917639, 51.586243529269801 ], [ -0.386828261276211, 51.586559295648669 ], [ -0.387786971303227, 51.586935402886922 ], [ -0.388681903256366, 51.587368230320138 ], [ -0.389504439658337, 51.587853611135678 ], [ -0.39024665924148, 51.588386872441944 ], [ -0.390901413225827, 51.588962880209564 ], [ -0.391462394196386, 51.589576088654752 ], [ -0.391924196915121, 51.59022059359112 ], [ -0.392282370479382, 51.5908901892385 ], [ -0.392533461320522, 51.591578427943638 ], [ -0.392675046623462, 51.59227868223919 ], [ -0.392705757839224, 51.592984208645071 ], [ -0.3926252940571, 51.593688212598188 ], [ -0.392434425100295, 51.594383913886226 ], [ -0.392134984307627, 51.595064611955053 ], [ -0.391729851063292, 51.595723750460671 ], [ -0.391222923235789, 51.59635498044301 ], [ -0.390619079784936, 51.596952221511856 ], [ -0.38992413389148, 51.597509720454504 ], [ -0.389144777056198, 51.598022106698068 ], [ -0.388288514703643, 51.598484444090857 ], [ -0.387363593908878, 51.59889227850136 ], [ -0.386378923942954, 51.599241680774377 ], [ -0.385343990403456, 51.599529284628026 ], [ -0.384268763759729, 51.599752319124782 ], [ -0.383163603197508, 51.599908635401469 ], [ -0.382039156694146, 51.5999967273994 ], [ -0.380906258292927, 51.60001574639336 ], [ -0.3797758235727, 51.599965509178936 ], [ -0.378658744326917, 51.599846499838321 ], [ -0.377565783474006, 51.599659865068048 ], [ -0.376507471218671, 51.599407403113624 ], [ -0.375494003471305, 51.599091546418776 ], [ -0.374535143510291, 51.598715338157412 ], [ -0.373640127839829, 51.598282402876244 ], [ -0.372817577154417, 51.597796911532434 ], [ -0.37207541327062, 51.5972635412651 ], [ -0.371420782827909, 51.596687430290991 ], [ -0.370859988493639, 51.596074128360009 ], [ -0.370398428333518, 51.595429543251143 ], [ -0.370040543928802, 51.59475988382556 ], [ -0.369789777735904, 51.59407160018749 ], [ -0.369648540093849, 51.593371321530995 ], [ -0.369618186191206, 51.592665792272349 ], [ -0.369699003207342, 51.591961807084296 ] ] ] } },
{ "type": "Feature", "properties": { "NLC": 676, "total_activity": 18046.79494749671, "log_total_activity": 9.8007787927248593, "direction_balance": -0.51636829148634578, "post_2300_share": 0.16129294720559059, "midnight_share_common_window": 0.057334325509955403, "night_tube_extension_share": 0.019537560600256, "post_0100_share": 0.011847639876594301, "common_window_persistence": 0.092967731105557505, "weekend_common_ratio": 0.79323738960440449, "volume_band": "medium", "cluster": 4, "Station": "Plaistow", "mode_label": "LU", "tot_entry": 4364.0011368267078, "tot_exit": 13682.793810669997, "easting": 540003.2462000001, "northing": 183297.1438, "lon": 0.016988720645060702, "lat": 51.531231341070843, "coord_source": "underground_stations_csv", "catchment_area_m2": 1527595.8030142121, "station_in_lnwc_extent": true }, "geometry": { "type": "Polygon", "coordinates": [ [ [ 0.028230515179657, 51.529633984144304 ], [ 0.027925287013478, 51.528954419260081 ], [ 0.027514749821581, 51.528296785933122 ], [ 0.02700286101908, 51.527667416416755 ], [ 0.026394553331302, 51.527072370569037 ], [ 0.025695687175452, 51.526517377543541 ], [ 0.024912994141744, 51.526007780670724 ], [ 0.024054012121307, 51.525548486058405 ], [ 0.023127012707301, 51.525143915404421 ], [ 0.022140921568593, 51.524797963473141 ], [ 0.021105232561498, 51.524513960643255 ], [ 0.02002991640407, 51.524294640885429 ], [ 0.018925324788371, 51.524142115476081 ], [ 0.01780209084897, 51.524057852699002 ], [ 0.016671026940037, 51.524042663728679 ], [ 0.015543020698585, 51.524096694830597 ], [ 0.014428930387458, 51.524219425953191 ], [ 0.0142069119603, 51.524258197802034 ], [ 0.013801031601181, 51.52445434849907 ], [ 0.010110891074753, 51.530633907840006 ], [ 0.011685359181668, 51.537611969689102 ], [ 0.011835085470872, 51.537664501390182 ], [ 0.012871019917463, 51.537948582876794 ], [ 0.013946627199735, 51.538167964676653 ], [ 0.015051544437863, 51.538320533129102 ], [ 0.016175125983786, 51.5384048182962 ], [ 0.017306546125014, 51.538420008143099 ], [ 0.01843490353472, 51.538365956370519 ], [ 0.019549326454862, 51.538243183824484 ], [ 0.020639077591703, 51.538052873468565 ], [ 0.02169365770609, 51.537796858968527 ], [ 0.022702906893731, 51.53747760699946 ], [ 0.023657102573705, 51.537098193447456 ], [ 0.023968455710364, 51.536945686729595 ], [ 0.028236296901482, 51.529654383083546 ], [ 0.028230515179657, 51.529633984144304 ] ] ] } },
{ "type": "Feature", "properties": { "NLC": 677, "total_activity": 9044.2580625259725, "log_total_activity": 9.1099959283815952, "direction_balance": -0.56600482393647178, "post_2300_share": 0.1204980551306379, "midnight_share_common_window": 0.039580971689224601, "night_tube_extension_share": 0.0090805391806728, "post_0100_share": 0.0053183451313807001, "common_window_persistence": 0.058512341778026798, "weekend_common_ratio": 0.70639393781058557, "volume_band": "medium", "cluster": 0, "Station": "Preston Road", "mode_label": "LU", "tot_entry": 1962.5821851049704, "tot_exit": 7081.6758774210002, "easting": 518249.3308, "northing": 187281.8291, "lon": -0.295129262413792, "lat": 51.572014075601601, "coord_source": "underground_stations_csv", "catchment_area_m2": 1589879.8449931012, "station_in_lnwc_extent": true }, "geometry": { "type": "Polygon", "coordinates": [ [ [ -0.283673408119861, 51.571141971898626 ], [ -0.283837263081512, 51.570549710897517 ], [ -0.291332856675367, 51.565230802668793 ], [ -0.292037820352888, 51.565085076516993 ], [ -0.293091670204309, 51.564936756274427 ], [ -0.300506112732319, 51.567557261614759 ], [ -0.303741263759375, 51.576794621783868 ], [ -0.303098573100688, 51.57721636058394 ], [ -0.302241848236871, 51.577678067243383 ], [ -0.301316599905047, 51.578085221629522 ], [ -0.300331740543471, 51.578433901139306 ], [ -0.299296757584104, 51.578720746455708 ], [ -0.298221621979778, 51.578942993951323 ], [ -0.297116692043876, 51.579098502347875 ], [ -0.295992613533793, 51.579185773373048 ], [ -0.294860216946587, 51.579203966214337 ], [ -0.293730413022848, 51.579152905629762 ], [ -0.292614087472547, 51.579033083636936 ], [ -0.291521995944325, 51.578845654763988 ], [ -0.290464660257236, 51.578592424908777 ], [ -0.289452266901447, 51.578275833913942 ], [ -0.288494568791844, 51.577898932027871 ], [ -0.287600791226305, 51.577465350478704 ], [ -0.286779542958758, 51.576979266447843 ], [ -0.286038733246601, 51.576445362781435 ], [ -0.285385495673103, 51.575868782830945 ], [ -0.284826119478699, 51.575255080859641 ], [ -0.284365989061261, 51.574610168494871 ], [ -0.284009532225311, 51.573940257744468 ], [ -0.283760177674601, 51.573251801127398 ], [ -0.283620322152191, 51.572551429497544 ], [ -0.283591307538342, 51.571845888160347 ], [ -0.283673408119861, 51.571141971898626 ] ] ] } },
{ "type": "Feature", "properties": { "NLC": 678, "total_activity": 18295.635543052787, "log_total_activity": 9.8144724718206042, "direction_balance": -0.267940569935262, "post_2300_share": 0.121867971383122, "midnight_share_common_window": 0.033020555418421603, "night_tube_extension_share": 0.0063421952831168998, "post_0100_share": 0.0035527879773184002, "common_window_persistence": 0.049455805649794099, "weekend_common_ratio": 0.69376709161123618, "volume_band": "medium", "cluster": 4, "Station": "Putney Bridge", "mode_label": "LU", "tot_entry": 6696.7462641596958, "tot_exit": 11598.889278893092, "easting": 524519.2741, "northing": 175886.506, "lon": -0.2087270375114135, "lat": 51.468255468258462, "coord_source": "underground_stations_csv", "catchment_area_m2": 1433240.8626403089, "station_in_lnwc_extent": true }, "geometry": { "type": "Polygon", "coordinates": [ [ [ -0.197299008198485, 51.4673751831739 ], [ -0.197492263762016, 51.466679809366013 ], [ -0.197793704819564, 51.465999614468302 ], [ -0.198200423986794, 51.465341148272032 ], [ -0.198708500603412, 51.464710751065624 ], [ -0.19931303863457, 51.464114492616659 ], [ -0.200008213936732, 51.463558113766553 ], [ -0.200787330428368, 51.463046971199212 ], [ -0.201189097735583, 51.462830494973602 ], [ -0.218605841884624, 51.464574297112335 ], [ -0.219011103987823, 51.465020909790823 ], [ -0.219469239815697, 51.465666070477113 ], [ -0.219823939582485, 51.466336171891371 ], [ -0.220071783185129, 51.467024761495331 ], [ -0.220210379101301, 51.467725208428185 ], [ -0.220238387599787, 51.468430767341005 ], [ -0.220155533834046, 51.469134643344979 ], [ -0.219962610685471, 51.469830057448938 ], [ -0.219661471321445, 51.470510311855385 ], [ -0.219255011532385, 51.471168854486159 ], [ -0.218747142010833, 51.471799342115503 ], [ -0.218142750833084, 51.472395701500979 ], [ -0.217447656499184, 51.472952187922125 ], [ -0.216668551979094, 51.473463440561247 ], [ -0.215812940300755, 51.473924534190445 ], [ -0.214889062298634, 51.474331026665219 ], [ -0.213905817218302, 51.474679001764834 ], [ -0.213265014529911, 51.474856459308278 ], [ -0.197227762901951, 51.468384161494122 ], [ -0.197215804070869, 51.468079039643037 ], [ -0.197299008198485, 51.4673751831739 ] ] ] } },
{ "type": "Feature", "properties": { "NLC": 679, "total_activity": 11877.068243037344, "log_total_activity": 9.3824489738899395, "direction_balance": -0.60666269707465237, "post_2300_share": 0.12531828800014619, "midnight_share_common_window": 0.036705297694751698, "night_tube_extension_share": 0.064106873908168896, "post_0100_share": 0.029716017954582501, "common_window_persistence": 0.050957531008130802, "weekend_common_ratio": 0.61576805052901773, "volume_band": "medium", "cluster": 0, "Station": "Queensbury", "mode_label": "LU", "tot_entry": 2335.8469946883042, "tot_exit": 9541.2212483490384, "easting": 518808.7824, "northing": 189763.2019, "lon": -0.28622177754727351, "lat": 51.594197452092949, "coord_source": "underground_stations_csv", "catchment_area_m2": 1855414.5743150357, "station_in_lnwc_extent": true }, "geometry": { "type": "Polygon", "coordinates": [ [ [ -0.27476054350707, 51.593324431631345 ], [ -0.274953201131653, 51.592628938542887 ], [ -0.275254369770901, 51.591948555584118 ], [ -0.275499145735765, 51.591552173899764 ], [ -0.289365582446396, 51.587286180087204 ], [ -0.289831105830631, 51.587366071534333 ], [ -0.290888640419603, 51.587619308571185 ], [ -0.291901250242881, 51.587935888684108 ], [ -0.292859186329376, 51.588312764337324 ], [ -0.293753225374474, 51.588746307469023 ], [ -0.294574758483095, 51.58923234437578 ], [ -0.295315874032301, 51.589766195847758 ], [ -0.295969433857146, 51.590342722171059 ], [ -0.296529142026401, 51.590956372565692 ], [ -0.296989605544572, 51.591601238585653 ], [ -0.297346386393024, 51.592271110968781 ], [ -0.297596044405015, 51.592959539391352 ], [ -0.297736170556616, 51.593659894552857 ], [ -0.297765410346716, 51.594365431995243 ], [ -0.297683477034091, 51.595069357042405 ], [ -0.297491154596615, 51.595764890235259 ], [ -0.297190290376574, 51.596445332632136 ], [ -0.296783777475338, 51.597104130345478 ], [ -0.296275527059856, 51.597734937692174 ], [ -0.295670430841146, 51.59833167834821 ], [ -0.294974314080575, 51.598888603917167 ], [ -0.294193879572007, 51.599400349346368 ], [ -0.293336643136134, 51.599861984655149 ], [ -0.292410861246422, 51.600269062474403 ], [ -0.291425451483402, 51.600617660937552 ], [ -0.290389906584549, 51.600904421507273 ], [ -0.289314202920162, 51.601126581371823 ], [ -0.288208704280655, 51.60128200009661 ], [ -0.28708406190703, 51.601369180272961 ], [ -0.285951111733455, 51.601387281963547 ], [ -0.28482076983852, 51.601336130804832 ], [ -0.283703927119409, 51.601216219687494 ], [ -0.282611344211, 51.601028703999049 ], [ -0.281553547669377, 51.600775390474531 ], [ -0.280540728426711, 51.600458719763765 ], [ -0.27958264350196, 51.600081742884164 ], [ -0.278688521919509, 51.599648091787614 ], [ -0.277866975746297, 51.599161944326553 ], [ -0.277125917107329, 51.598627983959375 ], [ -0.27647248198052, 51.59805135458474 ], [ -0.275912961505022, 51.597437610942855 ], [ -0.275452741463362, 51.596792665063184 ], [ -0.275096250517511, 51.596122729276793 ], [ -0.274846917693414, 51.595434256344021 ], [ -0.274707139518215, 51.59473387727585 ], [ -0.274678257120487, 51.594028337449046 ], [ -0.27476054350707, 51.593324431631345 ] ] ] } },
{ "type": "Feature", "properties": { "NLC": 680, "total_activity": 20427.053972080183, "log_total_activity": 9.9246644298278888, "direction_balance": -0.39720493715083782, "post_2300_share": 0.13702289693216829, "midnight_share_common_window": 0.036635229662156397, "night_tube_extension_share": 0.0082768791794202001, "post_0100_share": 0.0045060999947195996, "common_window_persistence": 0.057601536734294301, "weekend_common_ratio": 0.75302775272618216, "volume_band": "high", "cluster": 4, "Station": "Queen's Park", "mode_label": "LO,LU", "tot_entry": 6156.6636414616532, "tot_exit": 14270.39033061852, "easting": 524547.4749, "northing": 183200.2402, "lon": -0.2057416029735368, "lat": 51.533978210095327, "coord_source": "underground_stations_csv", "catchment_area_m2": 1057955.5274332555, "station_in_lnwc_extent": true }, "geometry": { "type": "Polygon", "coordinates": [ [ [ -0.19864782965914, 51.52830851235899 ], [ -0.199319803003619, 51.528013358081587 ], [ -0.207568789571815, 51.526885526258731 ], [ -0.20826744574663, 51.52696111923175 ], [ -0.20935793879216, 51.527149309277341 ], [ -0.210413620456557, 51.527403256265828 ], [ -0.211424327695813, 51.527720515651396 ], [ -0.212380329839241, 51.528098033357146 ], [ -0.213272422186173, 51.528532175137251 ], [ -0.213390849963789, 51.528602485885393 ], [ -0.212542166710586, 51.53635381535387 ], [ -0.201369258078233, 51.538955172930862 ], [ -0.200587628376384, 51.537786195825703 ], [ -0.198580360255103, 51.52834480914418 ], [ -0.19864782965914, 51.52830851235899 ] ] ] } },
{ "type": "Feature", "properties": { "NLC": 681, "total_activity": 27975.420449229197, "log_total_activity": 10.239117307556114, "direction_balance": -0.2096998138873378, "post_2300_share": 0.1579511009848269, "midnight_share_common_window": 0.034546095962874002, "night_tube_extension_share": 0.057962422322374099, "post_0100_share": 0.029438411197136499, "common_window_persistence": 0.058406478634198303, "weekend_common_ratio": 1.0615998426400182, "volume_band": "high", "cluster": 4, "Station": "Queensway", "mode_label": "LU", "tot_entry": 11054.489993802894, "tot_exit": 16920.930455426289, "easting": 525903.0798, "northing": 180593.604, "lon": -0.18713829824007039, "lat": 51.510252176074523, "coord_source": "underground_stations_csv", "catchment_area_m2": 566737.22842854157, "station_in_lnwc_extent": true }, "geometry": { "type": "Polygon", "coordinates": [ [ [ -0.180050475707197, 51.504581390222839 ], [ -0.180975275302331, 51.504175183397386 ], [ -0.181959404737533, 51.503827494890025 ], [ -0.182025144295375, 51.50380932295969 ], [ -0.190283244777581, 51.505471586682027 ], [ -0.191909305712047, 51.510642595428578 ], [ -0.181664537538672, 51.51215242607114 ], [ -0.179390398725147, 51.504936499567727 ], [ -0.180050475707197, 51.504581390222839 ] ] ] } },
{ "type": "Feature", "properties": { "NLC": 682, "total_activity": 9242.3634903736165, "log_total_activity": 9.1316611125083664, "direction_balance": -0.1660032947164029, "post_2300_share": 0.1171235853592093, "midnight_share_common_window": 0.032247096609672801, "night_tube_extension_share": 0.0066446655671006001, "post_0100_share": 0.0036023650469715002, "common_window_persistence": 0.049129780862272501, "weekend_common_ratio": 0.73422344418669083, "volume_band": "medium", "cluster": 4, "Station": "Ravenscourt Park", "mode_label": "LU", "tot_entry": 3854.0503500024993, "tot_exit": 5388.3131403711168, "easting": 522571.1867, "northing": 178722.46, "lon": -0.2357753569718746, "lat": 51.494167735828484, "coord_source": "underground_stations_csv", "catchment_area_m2": 1011252.0976312871, "station_in_lnwc_extent": true }, "geometry": { "type": "Polygon", "coordinates": [ [ [ -0.232697943246226, 51.487237221331817 ], [ -0.233800847583252, 51.487082298174712 ], [ -0.234922759085319, 51.486995601213117 ], [ -0.23605287811276, 51.486977965047096 ], [ -0.237180326115761, 51.487029559492164 ], [ -0.238294250204333, 51.487149887945016 ], [ -0.239383927473625, 51.487337792155429 ], [ -0.24043886808727, 51.487591463358555 ], [ -0.241448916133121, 51.487908459661497 ], [ -0.242089852349029, 51.488161546849476 ], [ -0.239685945618759, 51.500926286462409 ], [ -0.23885368072582, 51.50109817058361 ], [ -0.238087198318981, 51.501205837391311 ], [ -0.2300284659753, 51.497542450738116 ], [ -0.230702146371451, 51.490123069502154 ], [ -0.231890044706097, 51.487404072785388 ], [ -0.232697943246226, 51.487237221331817 ] ] ] } },
{ "type": "Feature", "properties": { "NLC": 683, "total_activity": 12784.465723168672, "log_total_activity": 9.4560643143726359, "direction_balance": -0.57026105087670087, "post_2300_share": 0.1287908017437725, "midnight_share_common_window": 0.0439909488632085, "night_tube_extension_share": 0.017388079324822701, "post_0100_share": 0.0099019565971154994, "common_window_persistence": 0.065232349894132999, "weekend_common_ratio": 0.71236589876198686, "volume_band": "medium", "cluster": 0, "Station": "Rayners Lane", "mode_label": "LU", "tot_entry": 2746.9914324886731, "tot_exit": 10037.47429068, "easting": 512952.7879, "northing": 187515.078199999, "lon": -0.3714462140203309, "lat": 51.575195361923193, "coord_source": "underground_stations_csv", "catchment_area_m2": 1839855.2904424847, "station_in_lnwc_extent": true }, "geometry": { "type": "Polygon", "coordinates": [ [ [ -0.360179205466057, 51.573635043210352 ], [ -0.360478973850286, 51.572954427263419 ], [ -0.360884346916594, 51.572295396388469 ], [ -0.361391416924785, 51.571664296316499 ], [ -0.361995297491341, 51.571067203586011 ], [ -0.362690170763976, 51.570509867072374 ], [ -0.363469343533305, 51.569997652679135 ], [ -0.364325311738105, 51.569535491720835 ], [ -0.365249832741166, 51.569127833492956 ], [ -0.366234004679405, 51.568778602482993 ], [ -0.367268352125249, 51.568491160632284 ], [ -0.368342917236959, 51.568268275010588 ], [ -0.369447355524029, 51.568112091211759 ], [ -0.370571035310534, 51.568024112725666 ], [ -0.371703139944683, 51.568005186483695 ], [ -0.372832771777113, 51.56805549471563 ], [ -0.37394905691392, 51.568174553196229 ], [ -0.375041249743191, 51.568361215898321 ], [ -0.376098836235844, 51.56861368600751 ], [ -0.377111635033054, 51.568929533194137 ], [ -0.378069895353215, 51.569305716976451 ], [ -0.378964390781088, 51.569738615952204 ], [ -0.379786508040367, 51.570224062618998 ], [ -0.380528329897941, 51.570757383450044 ], [ -0.381182711403177, 51.571333443841624 ], [ -0.381743348728361, 51.571946697501957 ], [ -0.382204839946128, 51.572591239808013 ], [ -0.382562737155964, 51.573260864618483 ], [ -0.382813589453825, 51.573949123998112 ], [ -0.382954976325922, 51.574649390279433 ], [ -0.382985531138932, 51.57535491986593 ], [ -0.382904954493548, 51.576058918163142 ], [ -0.382714017305357, 51.576754605012738 ], [ -0.382414553575826, 51.577435279999285 ], [ -0.382009442915454, 51.578094387001038 ], [ -0.381502582980325, 51.578725577361396 ], [ -0.380898852080966, 51.579322771072242 ], [ -0.380204062318038, 51.579880215377479 ], [ -0.37942490369169, 51.580392540231259 ], [ -0.37856887971964, 51.580854810074086 ], [ -0.377644235182198, 51.581262571426095 ], [ -0.376659876689804, 51.581611895836836 ], [ -0.375625286839203, 51.581899417775546 ], [ -0.37455043278761, 51.582122367094804 ], [ -0.373445670129332, 51.582278595752847 ], [ -0.373325190687108, 51.58228802891017 ], [ -0.363202314990152, 51.578725523697827 ], [ -0.360138146639631, 51.573784373809055 ], [ -0.360179205466057, 51.573635043210352 ] ] ] } },
{ "type": "Feature", "properties": { "NLC": 684, "total_activity": 8421.6876083253865, "log_total_activity": 9.0386842496928139, "direction_balance": -0.59011460467192511, "post_2300_share": 0.17350873410570011, "midnight_share_common_window": 0.055654902856037303, "night_tube_extension_share": 0.054063456002950497, "post_0100_share": 0.028136422527402598, "common_window_persistence": 0.088414720511367298, "weekend_common_ratio": 0.73370324870402859, "volume_band": "medium", "cluster": 4, "Station": "Redbridge", "mode_label": "LU", "tot_entry": 1725.9633773340004, "tot_exit": 6695.724230991389, "easting": 541834.4862, "northing": 188358.00049999901, "lon": 0.045410274138932401, "lat": 51.576249813818855, "coord_source": "underground_stations_csv", "catchment_area_m2": 1808034.6061269925, "station_in_lnwc_extent": true }, "geometry": { "type": "Polygon", "coordinates": [ [ [ 0.055431916501582, 51.572683403139614 ], [ 0.054822624245782, 51.572088519834637 ], [ 0.054122710828628, 51.571533711718565 ], [ 0.053338917923889, 51.571024320338033 ], [ 0.052478794010193, 51.570565249819317 ], [ 0.05155062167036, 51.570160919699902 ], [ 0.050563337859519, 51.569815222425923 ], [ 0.049526447908541, 51.569531485922475 ], [ 0.048449934088257, 51.569312441594825 ], [ 0.047344159610967, 51.569160198067017 ], [ 0.046219768988529, 51.569076220908904 ], [ 0.04508758570043, 51.56906131854565 ], [ 0.043958508150437, 51.569115634484497 ], [ 0.0428434049064, 51.569238645933083 ], [ 0.041753010224574, 51.569429168822765 ], [ 0.040697820857106, 51.569685369188782 ], [ 0.039687995129456, 51.570004780798811 ], [ 0.038733255253251, 51.570384328861174 ], [ 0.037842793809891, 51.570820359586236 ], [ 0.037502899135238, 51.571023363231518 ], [ 0.036527557568781, 51.580831701811015 ], [ 0.036696028644108, 51.580965285005611 ], [ 0.037479812757779, 51.581474786929775 ], [ 0.038339997729609, 51.581933966013231 ], [ 0.039268298630349, 51.582338398546412 ], [ 0.040255773564348, 51.582684188147446 ], [ 0.041292909855979, 51.582968003343176 ], [ 0.042369715767679, 51.583187109704205 ], [ 0.043475816862238, 51.583339396222648 ], [ 0.044600556076078, 51.583423395676498 ], [ 0.045733096533537, 51.583438298783761 ], [ 0.046862526105034, 51.583383962008661 ], [ 0.047977962694722, 51.583260908944233 ], [ 0.049068659236061, 51.583070325258404 ], [ 0.050124107376612, 51.58281404725232 ], [ 0.051134138846411, 51.58249454414198 ], [ 0.052089023527275, 51.582114894235303 ], [ 0.052979563273042, 51.581678755235814 ], [ 0.053797180572837, 51.581190328960282 ], [ 0.05453400120042, 51.580654320813103 ], [ 0.055182930051993, 51.580075894409482 ], [ 0.055691958569864, 51.57951137223445 ], [ 0.055912447024648, 51.573273037025743 ], [ 0.055431916501582, 51.572683403139614 ] ] ] } },
{ "type": "Feature", "properties": { "NLC": 685, "total_activity": 6437.0720904458767, "log_total_activity": 8.7699844094422037, "direction_balance": 0.26122911718228098, "post_2300_share": 0.072603442292892395, "midnight_share_common_window": 0.0142400990786285, "night_tube_extension_share": 0.00086125397881720001, "post_0100_share": 0.00045183467101980003, "common_window_persistence": 0.019885556227738299, "weekend_common_ratio": 0.73584755081596254, "volume_band": "low", "cluster": 2, "Station": "Regent's Park", "mode_label": "LU", "tot_entry": 4059.3113749358777, "tot_exit": 2377.7607155100004, "easting": 528699.2958, "northing": 182113.1305, "lon": -0.14631312455288231, "lat": 51.523278384742909, "coord_source": "underground_stations_csv", "catchment_area_m2": 483313.78296244761, "station_in_lnwc_extent": true }, "geometry": { "type": "Polygon", "coordinates": [ [ [ -0.151489096918086, 51.529704591594374 ], [ -0.150454325545062, 51.529990127765714 ], [ -0.150009005834006, 51.530081660937405 ], [ -0.142472445428275, 51.519642380413949 ], [ -0.146796545950512, 51.518652101564385 ], [ -0.151434169766946, 51.519335243478778 ], [ -0.152105213560274, 51.529487253514553 ], [ -0.151489096918086, 51.529704591594374 ] ] ] } },
{ "type": "Feature", "properties": { "NLC": 686, "total_activity": 53707.707086891431, "log_total_activity": 10.891330410498268, "direction_balance": -0.35648105597076829, "post_2300_share": 0.13716094129084069, "midnight_share_common_window": 0.052886203929593402, "night_tube_extension_share": 0.032545249942748801, "post_0100_share": 0.021000136507357599, "common_window_persistence": 0.075018863784180295, "weekend_common_ratio": 0.81316249970760257, "volume_band": "high", "cluster": 0, "Station": "Richmond", "mode_label": "LO,LU", "tot_entry": 17280.96347539383, "tot_exit": 36426.743611497652, "easting": 518077.1529, "northing": 175161.4717, "lon": -0.30166912590765971, "lat": 51.463118722979786, "coord_source": "underground_stations_csv", "catchment_area_m2": 2007391.0339493849, "station_in_lnwc_extent": true }, "geometry": { "type": "Polygon", "coordinates": [ [ [ -0.290240376612987, 51.462247493483531 ], [ -0.2904321991673, 51.461551952779509 ], [ -0.290732228031902, 51.460871505396355 ], [ -0.291137569414999, 51.460212703562718 ], [ -0.291644315914607, 51.459581890804401 ], [ -0.29224758429269, 51.458985140895102 ], [ -0.29294156261827, 51.458428199412324 ], [ -0.293719566321094, 51.457916428460223 ], [ -0.294574102612908, 51.457454755088968 ], [ -0.295496942654206, 51.457047623905382 ], [ -0.296479200771167, 51.456698954328878 ], [ -0.297511419961106, 51.456412102902057 ], [ -0.298583662865594, 51.456189831016594 ], [ -0.299685607339091, 51.456034278363553 ], [ -0.300806645697835, 51.455946942361791 ], [ -0.301935986699284, 51.455928663761576 ], [ -0.303062759276819, 51.45597961856086 ], [ -0.304176117038033, 51.456099316311573 ], [ -0.30526534252772, 51.456286604832513 ], [ -0.30631995025893, 51.456539681283388 ], [ -0.307329787526854, 51.456856109494481 ], [ -0.308285132041105, 51.45723284338623 ], [ -0.30917678544163, 51.457666256254896 ], [ -0.309996161802075, 51.458152175644024 ], [ -0.310735370271425, 51.458685923468067 ], [ -0.311387291059771, 51.459262361004079 ], [ -0.311945644036731, 51.45987593832043 ], [ -0.312405049280685, 51.460520747669079 ], [ -0.312761078993121, 51.461190580328839 ], [ -0.313010300274153, 51.461878986354918 ], [ -0.313150308342194, 51.462579336660291 ], [ -0.313179749871705, 51.463284886832902 ], [ -0.313098336217465, 51.463988842074755 ], [ -0.312906846390634, 51.464684422638094 ], [ -0.312607119750436, 51.465364929128619 ], [ -0.31220203847435, 51.466023807046248 ], [ -0.311695499968594, 51.466654709941281 ], [ -0.311092379478116, 51.467251560576152 ], [ -0.310398483250656, 51.467808609502477 ], [ -0.309620492701481, 51.468320490487152 ], [ -0.308765900113355, 51.468782272251481 ], [ -0.30784293648922, 51.469189506023213 ], [ -0.306860492252112, 51.469538268440481 ], [ -0.305828031557212, 51.469825199392865 ], [ -0.304755501043846, 51.470047534432588 ], [ -0.303653233910206, 51.4702031314416 ], [ -0.302531850239699, 51.470290491296474 ], [ -0.301402154545007, 51.470308772330242 ], [ -0.300275031523414, 51.470257798451485 ], [ -0.299161341034697, 51.470138060841442 ], [ -0.298071813320594, 51.469950713213102 ], [ -0.297016945482371, 51.469697560678242 ], [ -0.296006900220603, 51.46938104233044 ], [ -0.295051407818763, 51.469004207713134 ], [ -0.294159672320142, 51.468570687400891 ], [ -0.293340282806076, 51.468084657979198 ], [ -0.292601130633063, 51.467550801762066 ], [ -0.291949333427574, 51.466974261637944 ], [ -0.291391166570773, 51.466360591480814 ], [ -0.290932002831782, 51.465715702606616 ], [ -0.290576260728216, 51.465045806792602 ], [ -0.290327362107311, 51.464357356410567 ], [ -0.290187699351009, 51.463656982252083 ], [ -0.290158612514714, 51.462951429645912 ], [ -0.290240376612987, 51.462247493483531 ] ] ] } },
{ "type": "Feature", "properties": { "NLC": 687, "total_activity": 6072.7099523772213, "log_total_activity": 8.7117248921403956, "direction_balance": -0.51098351776178186, "post_2300_share": 0.13644056802237289, "midnight_share_common_window": 0.046989664624034498, "night_tube_extension_share": 0.019962672354128401, "post_0100_share": 0.0115037303588822, "common_window_persistence": 0.069162251356383694, "weekend_common_ratio": 0.69097761970011939, "volume_band": "low", "cluster": 0, "Station": "Rickmansworth", "mode_label": "LU", "tot_entry": 1484.8276292822629, "tot_exit": 4587.8823230949602, "easting": 505715.6061, "northing": 194601.2017, "lon": -0.47370581066277861, "lat": 51.640288366349878, "coord_source": "underground_stations_csv", "catchment_area_m2": 2007391.0339493849, "station_in_lnwc_extent": false }, "geometry": { "type": "Polygon", "coordinates": [ [ [ -0.462229001060337, 51.639433538800894 ], [ -0.46241900856081, 51.638737722048255 ], [ -0.462717702728765, 51.638056843371515 ], [ -0.463122202564891, 51.63739745915818 ], [ -0.463628608711592, 51.636765918545052 ], [ -0.464232041151965, 51.636168302314523 ], [ -0.464926686324061, 51.635610364383389 ], [ -0.465705853192215, 51.635097476445246 ], [ -0.466562037732254, 51.634634576297891 ], [ -0.467486995207753, 51.634226120350817 ], [ -0.468471819540962, 51.633876040767994 ], [ -0.469507029015224, 51.633587707656069 ], [ -0.470582657486089, 51.63336389666042 ], [ -0.471688350226712, 51.633206762278675 ], [ -0.472813463489616, 51.633117817147152 ], [ -0.47394716683213, 51.633097917498553 ], [ -0.47507854722695, 51.633147254929646 ], [ -0.476196713962563, 51.633265354557871 ], [ -0.477290903330888, 51.633451079584653 ], [ -0.47835058210145, 51.633702642221671 ], [ -0.479365548792719, 51.634017620875788 ], [ -0.480326031771813, 51.634392983428313 ], [ -0.481222783243435, 51.634825116386217 ], [ -0.482047168227377, 51.635309859626062 ], [ -0.482791247670893, 51.635842546398862 ], [ -0.483447854897381, 51.636418048211972 ], [ -0.484010664655435, 51.637030824159034 ], [ -0.484474254102169, 51.637674974224566 ], [ -0.48483415513091, 51.638344296052509 ], [ -0.485086897535371, 51.639032344633513 ], [ -0.485230042589502, 51.639732494338396 ], [ -0.485262206713453, 51.640438002701416 ], [ -0.485183074990877, 51.641142075339964 ], [ -0.48499340439996, 51.641837931386348 ], [ -0.48469501671947, 51.642518868801403 ], [ -0.484290781170576, 51.643178328940344 ], [ -0.483784586954463, 51.643809959748587 ], [ -0.48318130594366, 51.6444076769776 ], [ -0.482486745880764, 51.644965722829255 ], [ -0.481707594530736, 51.645478721462652 ], [ -0.480851355321396, 51.645941730826017 ], [ -0.479926275090081, 51.646350290312746 ], [ -0.478941264631972, 51.646700463779943 ], [ -0.477905812816405, 51.646988877512968 ], [ -0.476829895100869, 51.647212752768276 ], [ -0.475723877327719, 51.647369932578734 ], [ -0.474598415735251, 51.647458902562263 ], [ -0.473464354152248, 51.647478805531065 ], [ -0.472332619372995, 51.647429449760843 ], [ -0.471214115727805, 51.647311310838866 ], [ -0.470119619872001, 51.647125527073769 ], [ -0.469059676814204, 51.646873888511131 ], [ -0.468044498192356, 51.646558819661898 ], [ -0.467083863783709, 51.646183356110875 ], [ -0.466187027202911, 51.645751115232471 ], [ -0.465362626700871, 51.645266261297351 ], [ -0.46461860192668, 51.644733465308555 ], [ -0.463962117456031, 51.644157859955783 ], [ -0.463399493822889, 51.643544990124376 ], [ -0.462936146717463, 51.642900759437708 ], [ -0.462576534933386, 51.64223137335015 ], [ -0.462324117561434, 51.641543279340418 ], [ -0.462181320836842, 51.640843104783535 ], [ -0.462149514953354, 51.640137593100292 ], [ -0.462229001060337, 51.639433538800894 ] ] ] } },
{ "type": "Feature", "properties": { "NLC": 688, "total_activity": 596.68644528060327, "log_total_activity": 6.3930662774412221, "direction_balance": -0.76931292826668962, "post_2300_share": 0.087699822441410502, "midnight_share_common_window": 0.0198963667140242, "night_tube_extension_share": 0.0, "post_0100_share": 0.0, "common_window_persistence": 0.027838085074469599, "weekend_common_ratio": 0.53844952298189941, "volume_band": "low", "cluster": 0, "Station": "Roding Valley", "mode_label": "LU", "tot_entry": 68.823924402370253, "tot_exit": 527.862520878233, "easting": 541589.7031, "northing": 192894.9639, "lon": 0.043709650244648401, "lat": 51.617078614166488, "coord_source": "underground_stations_csv", "catchment_area_m2": 1670637.9737882151, "station_in_lnwc_extent": false }, "geometry": { "type": "Polygon", "coordinates": [ [ [ 0.055169345449621, 51.616173383393431 ], [ 0.054971554511456, 51.615478493794249 ], [ 0.054665317110269, 51.614799018667398 ], [ 0.054253586834603, 51.614141500852682 ], [ 0.053740332604757, 51.613512271486258 ], [ 0.0531305003066, 51.612917389071434 ], [ 0.052429965046082, 51.612362581182602 ], [ 0.051645474488679, 51.611853189362016 ], [ 0.050784583832455, 51.611394117737817 ], [ 0.049855583042658, 51.610989785855814 ], [ 0.04886741704882, 51.610644086176919 ], [ 0.047829599671529, 51.610360346647269 ], [ 0.046752122105136, 51.61014129869956 ], [ 0.045645356833635, 51.609989050991153 ], [ 0.04451995789983, 51.609905069131067 ], [ 0.044473738902535, 51.609904461322124 ], [ 0.033258892006233, 51.614030539575324 ], [ 0.032918436843577, 51.614512957750918 ], [ 0.032566371867999, 51.615183777165221 ], [ 0.032321609778953, 51.615872849281295 ], [ 0.032186512481523, 51.616573538578727 ], [ 0.032162386066862, 51.617279097359052 ], [ 0.032249468040558, 51.617982730717259 ], [ 0.032446924837227, 51.618677661980001 ], [ 0.032752859652886, 51.619357197980115 ], [ 0.033164330527183, 51.620014793538409 ], [ 0.033677378508468, 51.620644114531096 ], [ 0.034287065636894, 51.621239098933778 ], [ 0.034987522385297, 51.621794015252704 ], [ 0.035772004105381, 51.622303517778697 ], [ 0.036539933002804, 51.622713086004978 ], [ 0.05399375326667, 51.620347706682089 ], [ 0.054046330900011, 51.620289449878953 ], [ 0.054502057067029, 51.619643263811362 ], [ 0.054853829276564, 51.618972382261056 ], [ 0.055098263987891, 51.618283267078311 ], [ 0.05523301187687, 51.617582555438538 ], [ 0.055256780279915, 51.61687699589887 ], [ 0.055169345449621, 51.616173383393431 ] ] ] } },
{ "type": "Feature", "properties": { "NLC": 690, "total_activity": 8826.7723738981422, "log_total_activity": 9.0856579824835002, "direction_balance": -0.14505028075811049, "post_2300_share": 0.10364308752352309, "midnight_share_common_window": 0.0297693161184907, "night_tube_extension_share": 0.0068137234095328996, "post_0100_share": 0.0046151045231968999, "common_window_persistence": 0.044229557466530699, "weekend_common_ratio": 0.82446168780677487, "volume_band": "medium", "cluster": 4, "Station": "Royal Oak", "mode_label": "LU", "tot_entry": 3773.2232814381409, "tot_exit": 5053.5490924600008, "easting": 525833.8943, "northing": 181570.6391, "lon": -0.18778627332991851, "lat": 51.519048130119486, "coord_source": "underground_stations_csv", "catchment_area_m2": 617810.43193713482, "station_in_lnwc_extent": true }, "geometry": { "type": "Polygon", "coordinates": [ [ [ -0.195992909705734, 51.515749952147779 ], [ -0.193026038967113, 51.523995419645019 ], [ -0.181072150714598, 51.519311086362102 ], [ -0.183055797209555, 51.515648090515697 ], [ -0.195992909705734, 51.515749952147779 ] ] ] } },
{ "type": "Feature", "properties": { "NLC": 691, "total_activity": 4768.616259282785, "log_total_activity": 8.4700211318585339, "direction_balance": -0.4253994054246501, "post_2300_share": 0.12635388869252551, "midnight_share_common_window": 0.040739450019631397, "night_tube_extension_share": 0.015760584422425599, "post_0100_share": 0.0093612144622476998, "common_window_persistence": 0.059999952707644799, "weekend_common_ratio": 0.74155007518366989, "volume_band": "low", "cluster": 0, "Station": "Ruislip", "mode_label": "LU", "tot_entry": 1370.0248689427849, "tot_exit": 3398.5913903400001, "easting": 509473.5706, "northing": 187004.4778, "lon": -0.42179066690625527, "lat": 51.571291779405307, "coord_source": "underground_stations_csv", "catchment_area_m2": 1333112.5527998826, "station_in_lnwc_extent": true }, "geometry": { "type": "Polygon", "coordinates": [ [ [ -0.422039616286435, 51.5641014221722 ], [ -0.423169217494913, 51.564151245448151 ], [ -0.424285549073705, 51.564269825390888 ], [ -0.425377864965729, 51.564456020578369 ], [ -0.426435649960572, 51.564708038695429 ], [ -0.427448720793157, 51.565023453762578 ], [ -0.428346107785755, 51.565375232886495 ], [ -0.431090730440765, 51.575540857558231 ], [ -0.430553031666503, 51.575972915138848 ], [ -0.429774499899383, 51.576485579941348 ], [ -0.428919053256901, 51.576948222281295 ], [ -0.427994930949982, 51.577356385091164 ], [ -0.427011034550546, 51.577706136053266 ], [ -0.425976842196558, 51.577994105527225 ], [ -0.424902317209466, 51.578217519053354 ], [ -0.423797812008056, 51.578374224116644 ], [ -0.422673968249212, 51.578462710912049 ], [ -0.421541614163451, 51.578482126909826 ], [ -0.420411660080837, 51.578432285079302 ], [ -0.420199157950259, 51.578409712630247 ], [ -0.41378993114417, 51.567041191262199 ], [ -0.420930721595116, 51.564120439038497 ], [ -0.422039616286435, 51.5641014221722 ] ] ] } },
{ "type": "Feature", "properties": { "NLC": 692, "total_activity": 3036.1771361526812, "log_total_activity": 8.0186837893747107, "direction_balance": -0.63888759514115956, "post_2300_share": 0.139632639185678, "midnight_share_common_window": 0.049193178642286103, "night_tube_extension_share": 0.022682997323392299, "post_0100_share": 0.0133146509159364, "common_window_persistence": 0.073026294993532401, "weekend_common_ratio": 0.74130478039187697, "volume_band": "low", "cluster": 0, "Station": "Ruislip Gardens", "mode_label": "LU", "tot_entry": 548.20061360676073, "tot_exit": 2487.97652254592, "easting": 510266.398, "northing": 185851.59930000099, "lon": -0.41071693462717618, "lat": 51.560775490097292, "coord_source": "underground_stations_csv", "catchment_area_m2": 1618629.9739370302, "station_in_lnwc_extent": true }, "geometry": { "type": "Polygon", "coordinates": [ [ [ -0.409835797939609, 51.553604466698069 ], [ -0.41096753631858, 51.55358515834687 ], [ -0.412096862763485, 51.553635085979749 ], [ -0.413212906318351, 51.55375376903396 ], [ -0.414304923696291, 51.553940065094991 ], [ -0.41536240255802, 51.55419218087664 ], [ -0.41637516258301, 51.554507689458951 ], [ -0.417333453366371, 51.554883553618815 ], [ -0.418228048204256, 51.555316155030177 ], [ -0.41905033286902, 51.555801329054916 ], [ -0.419792388522405, 51.556334404790952 ], [ -0.420447067970021, 51.556910249994601 ], [ -0.42100806452309, 51.557523320446606 ], [ -0.421469972803115, 51.558167713289059 ], [ -0.421828340901288, 51.558837223821392 ], [ -0.422079713386397, 51.559525405210586 ], [ -0.42222166474192, 51.560225630542433 ], [ -0.422252822904133, 51.560931156617357 ], [ -0.422172882667746, 51.561635188877453 ], [ -0.421982608822512, 51.562330946840135 ], [ -0.421683828983082, 51.563011729408032 ], [ -0.421279416173621, 51.563670979426128 ], [ -0.420913421141725, 51.564127516319274 ], [ -0.41378993114417, 51.567041191262199 ], [ -0.405899476315854, 51.567305436078257 ], [ -0.405057137422256, 51.567042997992033 ], [ -0.4040986966402, 51.566667032985748 ], [ -0.403204017873354, 51.5662343238847 ], [ -0.402381718574702, 51.565749039465416 ], [ -0.401639718144874, 51.565215854872413 ], [ -0.400985161656046, 51.564639906532683 ], [ -0.400424351071758, 51.564026742628933 ], [ -0.400395676686532, 51.563986714591813 ], [ -0.409179957696148, 51.553656058250255 ], [ -0.409835797939609, 51.553604466698069 ] ] ] } },
{ "type": "Feature", "properties": { "NLC": 693, "total_activity": 4755.9079300258963, "log_total_activity": 8.4673531416151473, "direction_balance": -0.52254536803923612, "post_2300_share": 0.13965130364482889, "midnight_share_common_window": 0.047225347138940901, "night_tube_extension_share": 0.018440914728724299, "post_0100_share": 0.0108097557029998, "common_window_persistence": 0.069624139408514002, "weekend_common_ratio": 0.7607872967229774, "volume_band": "low", "cluster": 0, "Station": "Ruislip Manor", "mode_label": "LU", "tot_entry": 1135.3651351848971, "tot_exit": 3620.5427948410006, "easting": 510159.7912, "northing": 187262.36669999899, "lon": -0.41181243175639198, "lat": 51.573476142150497, "coord_source": "underground_stations_csv", "catchment_area_m2": 1305744.1977926339, "station_in_lnwc_extent": true }, "geometry": { "type": "Polygon", "coordinates": [ [ [ -0.402358139680728, 51.569351205874746 ], [ -0.403052497868504, 51.568793625731466 ], [ -0.403831193029832, 51.568281139039186 ], [ -0.404686725695678, 51.567818679735055 ], [ -0.405610857415857, 51.567410699987519 ], [ -0.405907908854479, 51.56730515396459 ], [ -0.41378993114417, 51.567041191262199 ], [ -0.420197172522882, 51.578406191847037 ], [ -0.419795489630763, 51.578670613334708 ], [ -0.418939901715669, 51.579133181546482 ], [ -0.418015646960608, 51.579541264479523 ], [ -0.417031628215006, 51.579890930585506 ], [ -0.415997324797005, 51.580178811041506 ], [ -0.414922701099462, 51.580402132245517 ], [ -0.413818110493414, 51.580558742572158 ], [ -0.41269419545961, 51.580647133129347 ], [ -0.411561784916052, 51.58066645231478 ], [ -0.410431789737258, 51.580616514030872 ], [ -0.409315097478831, 51.580497799478671 ], [ -0.408222467328833, 51.580311452513293 ], [ -0.407357448281336, 51.580105276279191 ], [ -0.401822922409991, 51.569881076997056 ], [ -0.402358139680728, 51.569351205874746 ] ] ] } },
{ "type": "Feature", "properties": { "NLC": 694, "total_activity": 31451.886356070565, "log_total_activity": 10.356246033945103, "direction_balance": 0.078688134747166794, "post_2300_share": 0.11309643817926369, "midnight_share_common_window": 0.023920752027186101, "night_tube_extension_share": 0.029202906174118699, "post_0100_share": 0.0132385473289807, "common_window_persistence": 0.037102420769995197, "weekend_common_ratio": 0.7654498593488499, "volume_band": "high", "cluster": 2, "Station": "Russell Square", "mode_label": "LU", "tot_entry": 16963.388313854794, "tot_exit": 14488.498042215757, "easting": 530229.0927, "northing": 182127.7234, "lon": -0.1242697810208252, "lat": 51.523059183326119, "coord_source": "underground_stations_csv", "catchment_area_m2": 674304.37434937188, "station_in_lnwc_extent": true }, "geometry": { "type": "Polygon", "coordinates": [ [ [ -0.113966045002146, 51.526285196541892 ], [ -0.113508824543766, 51.525639639155514 ], [ -0.113430959516018, 51.525492000516735 ], [ -0.113553938921313, 51.525139370383236 ], [ -0.116758992241336, 51.521846393660837 ], [ -0.126108370938422, 51.519288297832979 ], [ -0.128193201842649, 51.52005453438673 ], [ -0.130459019460049, 51.523669209939932 ], [ -0.129325017020859, 51.52565908198951 ], [ -0.128517231897936, 51.526305093668739 ], [ -0.114359284777329, 51.526719438787829 ], [ -0.113966045002146, 51.526285196541892 ] ] ] } },
{ "type": "Feature", "properties": { "NLC": 695, "total_activity": 24502.40727575, "log_total_activity": 10.106567459342729, "direction_balance": 0.3277379774556945, "post_2300_share": 0.075205170838610794, "midnight_share_common_window": 0.0168511417069452, "night_tube_extension_share": 0.0010783922649017, "post_0100_share": 0.00068509724538830003, "common_window_persistence": 0.0228122854748261, "weekend_common_ratio": 0.51140762161301323, "volume_band": "high", "cluster": 2, "Station": "St. James's Park", "mode_label": "LU", "tot_entry": 16266.388339550009, "tot_exit": 8236.0189361999983, "easting": 529646.6061, "northing": 179498.07410000099, "lon": -0.1336270216533475, "lat": 51.499561277845729, "coord_source": "underground_stations_csv", "catchment_area_m2": 711170.92149575357, "station_in_lnwc_extent": true }, "geometry": { "type": "Polygon", "coordinates": [ [ [ -0.134761467938192, 51.504793517242952 ], [ -0.131188495074467, 51.503682095009246 ], [ -0.126948532013975, 51.494301024975776 ], [ -0.135225296693011, 51.494326347727913 ], [ -0.141466826400082, 51.501606856635519 ], [ -0.134761467938192, 51.504793517242952 ] ] ] } },
{ "type": "Feature", "properties": { "NLC": 696, "total_activity": 20073.566798526201, "log_total_activity": 9.9072089594302604, "direction_balance": -0.066105355065716104, "post_2300_share": 0.1124213720897816, "midnight_share_common_window": 0.026976115325850099, "night_tube_extension_share": 0.043362782357165099, "post_0100_share": 0.019541632641564201, "common_window_persistence": 0.038830692678208302, "weekend_common_ratio": 0.67501270434496907, "volume_band": "high", "cluster": 4, "Station": "St. John's Wood", "mode_label": "LU", "tot_entry": 9373.2982689371365, "tot_exit": 10700.26852958907, "easting": 526735.2854000001, "northing": 183390.8717, "lon": -0.17414757419359139, "lat": 51.535204969887033, "coord_source": "underground_stations_csv", "catchment_area_m2": 1311057.8313747228, "station_in_lnwc_extent": true }, "geometry": { "type": "Polygon", "coordinates": [ [ [ -0.162703567835819, 51.534321163299261 ], [ -0.162897658204403, 51.533625862192949 ], [ -0.163200079821591, 51.532945773216348 ], [ -0.163607915846247, 51.532287445136561 ], [ -0.164117234851998, 51.531657216907526 ], [ -0.164723128832707, 51.53106115666494 ], [ -0.165419760583872, 51.53050500333697 ], [ -0.166200419999207, 51.529994111431293 ], [ -0.167057588737156, 51.529533399527878 ], [ -0.167983012632859, 51.529127302971503 ], [ -0.168967781157968, 51.528779731216773 ], [ -0.170002413164338, 51.528494030234832 ], [ -0.171076948088475, 51.528272950341091 ], [ -0.172181041742435, 51.528118619751901 ], [ -0.173304065773807, 51.528032524123446 ], [ -0.174435209843077, 51.528015492268352 ], [ -0.174636177287959, 51.528024789336456 ], [ -0.183630551285664, 51.53548900579851 ], [ -0.183419808988835, 51.536182156008969 ], [ -0.173181962291925, 51.539496733296126 ], [ -0.165221015792605, 51.539748487903616 ], [ -0.165052957290279, 51.539626864456501 ], [ -0.164401782824967, 51.539049628062536 ], [ -0.163844489137045, 51.538435366464242 ], [ -0.16338644055537, 51.537789996672267 ], [ -0.163032044826277, 51.537119735092226 ], [ -0.162784710799652, 51.536431037613646 ], [ -0.162646815760392, 51.535730537401285 ], [ -0.162619682713665, 51.535024980990059 ], [ -0.162703567835819, 51.534321163299261 ] ] ] } },
{ "type": "Feature", "properties": { "NLC": 697, "total_activity": 26175.806832325707, "log_total_activity": 10.17262906228952, "direction_balance": 0.4932589530535828, "post_2300_share": 0.10161240188066981, "midnight_share_common_window": 0.0230252519970645, "night_tube_extension_share": 0.050550435409878802, "post_0100_share": 0.021553920427901298, "common_window_persistence": 0.031827482006847201, "weekend_common_ratio": 0.55530285078572283, "volume_band": "high", "cluster": 2, "Station": "St. Paul's", "mode_label": "LU", "tot_entry": 19543.628952885745, "tot_exit": 6632.1778794399524, "easting": 532108.3512, "northing": 181274.1885, "lon": -0.097517753107932995, "lat": 51.514952875698363, "coord_source": "underground_stations_csv", "catchment_area_m2": 322524.02923758997, "station_in_lnwc_extent": true }, "geometry": { "type": "Polygon", "coordinates": [ [ [ -0.092484776216077, 51.51578684783 ], [ -0.093045685303452, 51.514556048242234 ], [ -0.098886415575634, 51.512082385242714 ], [ -0.104430643020326, 51.516046156805267 ], [ -0.102327765172539, 51.517184767014967 ], [ -0.094745818064137, 51.517904796827366 ], [ -0.092484776216077, 51.51578684783 ] ] ] } },
{ "type": "Feature", "properties": { "NLC": 698, "total_activity": 54564.286584941365, "log_total_activity": 10.907153182708626, "direction_balance": -0.41338204511403798, "post_2300_share": 0.1883930517530609, "midnight_share_common_window": 0.054423370714839103, "night_tube_extension_share": 0.096422896892028098, "post_0100_share": 0.047120733058160197, "common_window_persistence": 0.0888322216049615, "weekend_common_ratio": 0.87501546075418024, "volume_band": "high", "cluster": 4, "Station": "Seven Sisters", "mode_label": "LO,LU", "tot_entry": 16004.195103134927, "tot_exit": 38560.091481806434, "easting": 533642.8986, "northing": 188930.9134, "lon": -0.072510027912781799, "lat": 51.58339794718637, "coord_source": "underground_stations_csv", "catchment_area_m2": 924302.61120960303, "station_in_lnwc_extent": true }, "geometry": { "type": "Polygon", "coordinates": [ [ [ -0.084023637037167, 51.582881356792115 ], [ -0.084049561541482, 51.58358691349445 ], [ -0.083964352219853, 51.584290655684583 ], [ -0.083768824609357, 51.584985805649524 ], [ -0.083464856936626, 51.585665668124236 ], [ -0.083055372214463, 51.586323694793499 ], [ -0.082544310259352, 51.586953547389001 ], [ -0.081936589892932, 51.587549158773079 ], [ -0.081238061685868, 51.588104791418971 ], [ -0.080455451694827, 51.588615092722684 ], [ -0.079596296731268, 51.589075146611243 ], [ -0.078709362235999, 51.589462823014379 ], [ -0.069107601166716, 51.588576747371178 ], [ -0.062371692487792, 51.58163752857088 ], [ -0.083896784502351, 51.582231740529579 ], [ -0.084023637037167, 51.582881356792115 ] ] ] } },
{ "type": "Feature", "properties": { "NLC": 700, "total_activity": 91919.555262714275, "log_total_activity": 11.428679953221476, "direction_balance": 0.1426882845164098, "post_2300_share": 0.092341011333010398, "midnight_share_common_window": 0.0183886067118957, "night_tube_extension_share": 0.0274362948887889, "post_0100_share": 0.0131259931508856, "common_window_persistence": 0.026185235383783499, "weekend_common_ratio": 0.95709404748352001, "volume_band": "high", "cluster": 2, "Station": "Shepherd's Bush LU", "mode_label": "LO,LU", "tot_entry": 52517.699458331168, "tot_exit": 39401.855804383122, "easting": 523719.5706, "northing": 179883.5582, "lon": -0.21883487498389029, "lat": 51.504352771713251, "coord_source": "underground_stations_csv", "catchment_area_m2": 611680.10276114196, "station_in_lnwc_extent": true }, "geometry": { "type": "Polygon", "coordinates": [ [ [ -0.210727497453353, 51.502968015929376 ], [ -0.219208658102278, 51.498621983881478 ], [ -0.22333354127854, 51.503937114652388 ], [ -0.22138784241688, 51.50719053785447 ], [ -0.216294989717446, 51.508819731353221 ], [ -0.213866185160389, 51.508717779162943 ], [ -0.210727497453353, 51.502968015929376 ] ] ] } },
{ "type": "Feature", "properties": { "NLC": 702, "total_activity": 47332.799319600002, "log_total_activity": 10.76497989264711, "direction_balance": 0.27485282993632038, "post_2300_share": 0.080095941653087893, "midnight_share_common_window": 0.020189149536781598, "night_tube_extension_share": 0.00091580003620450004, "post_0100_share": 0.0006109899134578, "common_window_persistence": 0.028569400029207902, "weekend_common_ratio": 0.76148851347168089, "volume_band": "high", "cluster": 2, "Station": "Sloane Square", "mode_label": "LU", "tot_entry": 30171.176580700016, "tot_exit": 17161.622738899987, "easting": 528090.7172, "northing": 178654.7576, "lon": -0.15633533949456771, "lat": 51.492336934610833, "coord_source": "underground_stations_csv", "catchment_area_m2": 1415361.5423343861, "station_in_lnwc_extent": true }, "geometry": { "type": "Polygon", "coordinates": [ [ [ -0.146315750821388, 51.488787741807698 ], [ -0.146921291806726, 51.488191766010459 ], [ -0.147617470482934, 51.487635710174757 ], [ -0.148397581113187, 51.487124927871442 ], [ -0.149254110644762, 51.486664336627392 ], [ -0.150178811069917, 51.486258370627887 ], [ -0.151162778826373, 51.48591093807299 ], [ -0.152196540473962, 51.485625383596073 ], [ -0.153270143824998, 51.485404456104213 ], [ -0.154373253654747, 51.485250282348538 ], [ -0.155495251075412, 51.485164346477085 ], [ -0.156625335622737, 51.485147475765679 ], [ -0.157752629078972, 51.485199832663724 ], [ -0.15886628003965, 51.485320913230645 ], [ -0.159955568224691, 51.485509551978211 ], [ -0.161010007536702, 51.485763933072299 ], [ -0.162019446881, 51.486081607787455 ], [ -0.162974167782838, 51.486459518047063 ], [ -0.163864977867206, 51.486894025824128 ], [ -0.164683299305351, 51.487380948121661 ], [ -0.165421251379356, 51.487915597197642 ], [ -0.166022365582784, 51.488449023748863 ], [ -0.164107070761712, 51.495620074943915 ], [ -0.15545798007936, 51.497561857885117 ], [ -0.152004349229026, 51.497279435126657 ], [ -0.145810602361866, 51.489413045823213 ], [ -0.146315750821388, 51.488787741807698 ] ] ] } },
{ "type": "Feature", "properties": { "NLC": 703, "total_activity": 6620.2036114220791, "log_total_activity": 8.7980324468190272, "direction_balance": -0.45893253298200748, "post_2300_share": 0.14834549942956821, "midnight_share_common_window": 0.042879353346160699, "night_tube_extension_share": 0.0478837073274644, "post_0100_share": 0.024590069503125801, "common_window_persistence": 0.065932857775957407, "weekend_common_ratio": 0.80651072825704184, "volume_band": "low", "cluster": 4, "Station": "Snaresbrook", "mode_label": "LU", "tot_entry": 1790.9883995877565, "tot_exit": 4829.2152118343229, "easting": 540156.7713, "northing": 188804.041300001, "lon": 0.021393426338283401, "lat": 51.580677077117969, "coord_source": "underground_stations_csv", "catchment_area_m2": 1495924.8162163161, "station_in_lnwc_extent": true }, "geometry": { "type": "Polygon", "coordinates": [ [ [ 0.016683931510094, 51.574111640022039 ], [ 0.015673834395108, 51.574430847568003 ], [ 0.014718797259101, 51.574810203080887 ], [ 0.013828015541658, 51.575246054624934 ], [ 0.01301006682433, 51.575734206269722 ], [ 0.012272828267439, 51.576269958439404 ], [ 0.011623400753917, 51.576848153111115 ], [ 0.01106804047051, 51.577463223429419 ], [ 0.010612098586507, 51.57810924726153 ], [ 0.010259969613669, 51.578780004179528 ], [ 0.010015048948667, 51.579469035322916 ], [ 0.009879700012188, 51.580169705566448 ], [ 0.009855231307329, 51.580875267396209 ], [ 0.009941883625173, 51.581578925879299 ], [ 0.010138827528163, 51.582273904102301 ], [ 0.010444171143103, 51.582953508447993 ], [ 0.010854978196238, 51.58361119308141 ], [ 0.011367296123832, 51.584240623023511 ], [ 0.011976193993933, 51.584835735203207 ], [ 0.012675809879698, 51.585390796898764 ], [ 0.0134594072324, 51.58590046100332 ], [ 0.01431943971434, 51.586359817580423 ], [ 0.015247623869001, 51.58676444121064 ], [ 0.016235018928746, 51.587110433670887 ], [ 0.017272112990256, 51.587394461533258 ], [ 0.01814410266895, 51.587572072404157 ], [ 0.030613187689387, 51.584996711122471 ], [ 0.031165081017882, 51.584505167194685 ], [ 0.031720250391165, 51.58389000447162 ], [ 0.032175946096401, 51.583243901853145 ], [ 0.032527783082338, 51.582573082794895 ], [ 0.032609986876912, 51.582341499290898 ], [ 0.017405593446122, 51.573936607956917 ], [ 0.016683931510094, 51.574111640022039 ] ] ] } },
{ "type": "Feature", "properties": { "NLC": 704, "total_activity": 8886.8513324676878, "log_total_activity": 9.0924406044095072, "direction_balance": -0.43737388865506188, "post_2300_share": 0.1776467688102206, "midnight_share_common_window": 0.0456779795280342, "night_tube_extension_share": 0.092417395928454799, "post_0100_share": 0.045929882572604198, "common_window_persistence": 0.070696478373250493, "weekend_common_ratio": 0.78838635426094683, "volume_band": "medium", "cluster": 4, "Station": "South Ealing", "mode_label": "LU", "tot_entry": 2499.9873036434387, "tot_exit": 6386.8640288242459, "easting": 517574.6349, "northing": 179353.532600001, "lon": -0.30750525770727971, "lat": 51.500899666857592, "coord_source": "underground_stations_csv", "catchment_area_m2": 1324327.450566869, "station_in_lnwc_extent": true }, "geometry": { "type": "Polygon", "coordinates": [ [ [ -0.296066950385966, 51.500028923392819 ], [ -0.296258856714101, 51.499333378111388 ], [ -0.296559060574951, 51.498652921521362 ], [ -0.296964666481351, 51.49799410593922 ], [ -0.2974717644749, 51.497363275022174 ], [ -0.298075467925065, 51.496766502717207 ], [ -0.298769960705239, 51.496209534815797 ], [ -0.299548553287036, 51.49569773367454 ], [ -0.300403747209457, 51.495236026632206 ], [ -0.301327307300321, 51.494828858617659 ], [ -0.302310340954172, 51.494480149402897 ], [ -0.303343383704368, 51.494193255910197 ], [ -0.304416490267903, 51.493970939934435 ], [ -0.305519330190091, 51.493815341589709 ], [ -0.306446733814226, 51.493743112184418 ], [ -0.314052705941113, 51.506807960410775 ], [ -0.313684839160893, 51.50697015849692 ], [ -0.312701619047384, 51.507318960695706 ], [ -0.31166833432286, 51.50760593384441 ], [ -0.310594939569264, 51.507828313086982 ], [ -0.309491776316264, 51.507983955878068 ], [ -0.308369473287054, 51.508071362651989 ], [ -0.307238843858824, 51.508089691289037 ], [ -0.306110781732312, 51.50803876523878 ], [ -0.304996155822572, 51.507919075221793 ], [ -0.303905705390788, 51.507731774492974 ], [ -0.302849936434578, 51.507478667713251 ], [ -0.301839020341695, 51.507162193536651 ], [ -0.300882695789623, 51.50678540108273 ], [ -0.299990174841369, 51.506351920521737 ], [ -0.299170054146235, 51.505865928058306 ], [ -0.298430232103917, 51.50533210565267 ], [ -0.297777832791422, 51.50475559586986 ], [ -0.297219137385694, 51.504141952293836 ], [ -0.296759523741173, 51.503497085986552 ], [ -0.296403414701545, 51.502827208509849 ], [ -0.296154235639465, 51.502138772060526 ], [ -0.296014381628013, 51.501438407297314 ], [ -0.295985194553908, 51.500732859459369 ], [ -0.296066950385966, 51.500028923392819 ] ] ] } },
{ "type": "Feature", "properties": { "NLC": 705, "total_activity": 18670.788036984133, "log_total_activity": 9.8347690025437444, "direction_balance": -0.51635506062266912, "post_2300_share": 0.1228482946318437, "midnight_share_common_window": 0.0378942345589812, "night_tube_extension_share": 0.0108863317342064, "post_0100_share": 0.0061957033123839003, "common_window_persistence": 0.055743856367295501, "weekend_common_ratio": 0.62595152574970558, "volume_band": "medium", "cluster": 0, "Station": "Southfields", "mode_label": "LU", "tot_entry": 4515.0160741370973, "tot_exit": 14155.771962847051, "easting": 524726.397, "northing": 173312.818499999, "lon": -0.2066534771013345, "lat": 51.445079857841328, "coord_source": "underground_stations_csv", "catchment_area_m2": 1928292.3500260338, "station_in_lnwc_extent": true }, "geometry": { "type": "Polygon", "coordinates": [ [ [ -0.195231269335236, 51.444199424423722 ], [ -0.195424449534202, 51.443504050743847 ], [ -0.19572575990181, 51.442823857397279 ], [ -0.196132294318346, 51.442165394160916 ], [ -0.19664013390802, 51.441535001295435 ], [ -0.197054143768628, 51.441126473576929 ], [ -0.208681515460526, 51.438009227623553 ], [ -0.209173932916165, 51.438062596590214 ], [ -0.210262320010335, 51.438250760453151 ], [ -0.211315967802627, 51.438504683181193 ], [ -0.212324732817228, 51.438821920458786 ], [ -0.213278903072902, 51.439199418417758 ], [ -0.214169291500276, 51.43963354299791 ], [ -0.214987324337168, 51.440120114889233 ], [ -0.215725123653779, 51.440654449721457 ], [ -0.216375583214698, 51.44123140311634 ], [ -0.216932436947413, 51.441845420171028 ], [ -0.217390319356728, 51.442490588898153 ], [ -0.217744817300633, 51.443160697110187 ], [ -0.217992512625035, 51.443849292202557 ], [ -0.218131015241637, 51.444549743260893 ], [ -0.218158986324299, 51.445255304896037 ], [ -0.218076151393611, 51.445959182192787 ], [ -0.217883303156371, 51.446654596147546 ], [ -0.217582294065052, 51.447334848964545 ], [ -0.217176018661488, 51.447993388581537 ], [ -0.216668385867748, 51.448623871802496 ], [ -0.216064281484622, 51.449220225428434 ], [ -0.215369521253361, 51.449776704795525 ], [ -0.214590794928292, 51.450287949155232 ], [ -0.213735601895772, 51.450749033360651 ], [ -0.21281217895778, 51.451155515359424 ], [ -0.211829420975357, 51.451503479033001 ], [ -0.210796795137348, 51.451789571967687 ], [ -0.209751169571674, 51.452005479353339 ], [ -0.208133533279433, 51.452203421345004 ], [ -0.207501018749657, 51.452252196357975 ], [ -0.206371753825115, 51.452269565642105 ], [ -0.205245203730038, 51.452217683312021 ], [ -0.204132222798626, 51.452097049304399 ], [ -0.203043534428154, 51.451908825970989 ], [ -0.201989627622887, 51.451654826862317 ], [ -0.200980655812361, 51.451337499229254 ], [ -0.200026338924862, 51.450959900412215 ], [ -0.199135869664741, 51.450525668347311 ], [ -0.198317824900534, 51.450038986475185 ], [ -0.197580083020403, 51.449504543392599 ], [ -0.196929748052504, 51.448927487637732 ], [ -0.196373081281307, 51.448313378047146 ], [ -0.195915441017179, 51.447668130164303 ], [ -0.195561231096631, 51.446997959218599 ], [ -0.195313858605177, 51.44630932022546 ], [ -0.195175701224826, 51.445608845786332 ], [ -0.195148084514486, 51.444903282188882 ], [ -0.195231269335236, 51.444199424423722 ] ] ] } },
{ "type": "Feature", "properties": { "NLC": 706, "total_activity": 15840.395285777411, "log_total_activity": 9.6703817477123764, "direction_balance": -0.52586443065565536, "post_2300_share": 0.1478755234771561, "midnight_share_common_window": 0.042194256216925803, "night_tube_extension_share": 0.058618008379290598, "post_0100_share": 0.029243438297232801, "common_window_persistence": 0.062885972657096306, "weekend_common_ratio": 0.75207305096096944, "volume_band": "medium", "cluster": 4, "Station": "Southgate", "mode_label": "LU", "tot_entry": 3755.2474187307735, "tot_exit": 12085.147867046644, "easting": 529675.8503, "northing": 194264.9911, "lon": -0.1277625393853033, "lat": 51.632258543711721, "coord_source": "underground_stations_csv", "catchment_area_m2": 2007391.0339494327, "station_in_lnwc_extent": true }, "geometry": { "type": "Polygon", "coordinates": [ [ [ -0.116295186758755, 51.631369987105835 ], [ -0.116490436617852, 51.630674785182094 ], [ -0.11679423129229, 51.629994840186946 ], [ -0.117203640697646, 51.629336699495234 ], [ -0.117714718239801, 51.628706700250099 ], [ -0.118322538967074, 51.628110908375582 ], [ -0.119021247115197, 51.627555060208941 ], [ -0.119804112582792, 51.627044507312824 ], [ -0.120663595790378, 51.62658416499675 ], [ -0.121591420296588, 51.6261784650411 ], [ -0.122578652472006, 51.625831313077001 ], [ -0.12361578746464, 51.62554605102973 ], [ -0.124692840631797, 51.625325424985682 ], [ -0.125799443561871, 51.625171558789724 ], [ -0.126924943766524, 51.625085933626345 ], [ -0.128058507089357, 51.625069373779127 ], [ -0.129189221851746, 51.625122038705385 ], [ -0.130306203740265, 51.625243421501189 ], [ -0.131398700433193, 51.625432353772311 ], [ -0.132456194965951, 51.625687016863672 ], [ -0.133468506847167, 51.626004959340897 ], [ -0.134425889957966, 51.626383120556255 ], [ -0.135319126297238, 51.626817860074027 ], [ -0.136139614674469, 51.627304992673615 ], [ -0.136879453499144, 51.627839828595725 ], [ -0.137531516871089, 51.628417218646078 ], [ -0.138089523239258, 51.629031603724663 ], [ -0.138548095966485, 51.62967706830603 ], [ -0.138902815214235, 51.630347397357589 ], [ -0.1391502606437, 51.631036136149753 ], [ -0.139288044516763, 51.631736652383708 ], [ -0.139314834871891, 51.632442200039783 ], [ -0.139230368544803, 51.633145984332316 ], [ -0.139035453901131, 51.633841227146299 ], [ -0.138731963247087, 51.634521232325298 ], [ -0.138322814983763, 51.63517945018161 ], [ -0.137811945669735, 51.635809540606765 ], [ -0.137204272254594, 51.636405434172666 ], [ -0.136505644841484, 51.636961390634127 ], [ -0.135722790429181, 51.637472054266787 ], [ -0.134863248172314, 51.637932505505617 ], [ -0.133935296781482, 51.638338308384384 ], [ -0.132947874762203, 51.638685553316662 ], [ -0.131910494262061, 51.638970894804444 ], [ -0.130833149358467, 51.639191583708524 ], [ -0.129726219674293, 51.639345493768332 ], [ -0.128600370254856, 51.639431142113736 ], [ -0.127466448676682, 51.639447703570255 ], [ -0.126335380385952, 51.639395018618742 ], [ -0.125218063281988, 51.639273594932668 ], [ -0.124125262568653, 51.639084602477716 ], [ -0.123067506893862, 51.638829862221719 ], [ -0.122054986784527, 51.638511828564489 ], [ -0.121097456361614, 51.638133565657753 ], [ -0.120204139287354, 51.637698717845147 ], [ -0.119383639854857, 51.637211474508995 ], [ -0.118643860079488, 51.636676529664136 ], [ -0.117991923592187, 51.636099036690695 ], [ -0.117434107067891, 51.635484558643931 ], [ -0.116975779848173, 51.634839014622067 ], [ -0.116621352336853, 51.634168622710462 ], [ -0.11637423366147, 51.633479840054477 ], [ -0.116236799003167, 51.632779300638497 ], [ -0.116210366903353, 51.63207375137312 ], [ -0.116295186758755, 51.631369987105835 ] ] ] } },
{ "type": "Feature", "properties": { "NLC": 707, "total_activity": 7950.3779494249547, "log_total_activity": 8.9811005196006857, "direction_balance": -0.47496302431938719, "post_2300_share": 0.13671125403010201, "midnight_share_common_window": 0.048087242857867502, "night_tube_extension_share": 0.019969920039784698, "post_0100_share": 0.0122973244395519, "common_window_persistence": 0.073634251388851393, "weekend_common_ratio": 0.7380016985246578, "volume_band": "low", "cluster": 4, "Station": "South Harrow", "mode_label": "LU", "tot_entry": 2087.1211970419545, "tot_exit": 5863.2567523830021, "easting": 514320.5446, "northing": 186361.22729999901, "lon": -0.35209275690794739, "lat": 51.564549549948175, "coord_source": "underground_stations_csv", "catchment_area_m2": 1941353.4269613544, "station_in_lnwc_extent": true }, "geometry": { "type": "Polygon", "coordinates": [ [ [ -0.340634747430151, 51.56370738718045 ], [ -0.348074222703309, 51.557812444254587 ], [ -0.348993101230689, 51.557621971673314 ], [ -0.350097342861618, 51.557465968046017 ], [ -0.351220792842602, 51.557378172730047 ], [ -0.352352636732778, 51.557359430894223 ], [ -0.353481979390887, 51.557409922993799 ], [ -0.354597949704269, 51.55752916303409 ], [ -0.355689805088737, 51.557716003240436 ], [ -0.35674703476043, 51.557968645089936 ], [ -0.357759460792162, 51.558284656599518 ], [ -0.358717335987508, 51.558660995705274 ], [ -0.359611437635614, 51.559094039509098 ], [ -0.360433156248268, 51.55957961911362 ], [ -0.361174578427829, 51.560113059711192 ], [ -0.361828563069729, 51.560689225543882 ], [ -0.362388810165984, 51.561302569303429 ], [ -0.362849921545928, 51.56194718549785 ], [ -0.36320745296659, 51.562616867272887 ], [ -0.363457957047107, 51.563305166143188 ], [ -0.363599016628566, 51.564005454059441 ], [ -0.363629268231852, 51.564710987215321 ], [ -0.363548415380732, 51.565414970980619 ], [ -0.363357231654476, 51.566110625335611 ], [ -0.363057553433039, 51.566791250176742 ], [ -0.362652262397158, 51.567450289864311 ], [ -0.36214525794478, 51.568081396389417 ], [ -0.361541419782966, 51.568678490550951 ], [ -0.360846561049957, 51.569235820551512 ], [ -0.36006737241435, 51.569748017446351 ], [ -0.359211357686583, 51.570210146908799 ], [ -0.358286761560996, 51.570617756811764 ], [ -0.357302490184079, 51.570966920164352 ], [ -0.356268025315025, 51.571254272988121 ], [ -0.355193332907914, 51.571477046765708 ], [ -0.354088766999889, 51.571633095147426 ], [ -0.352964969836111, 51.571720914657092 ], [ -0.351832769199482, 51.571739659196183 ], [ -0.350703073940829, 51.571689148205543 ], [ -0.349586768723056, 51.571569868405859 ], [ -0.348494609000537, 51.571382969099631 ], [ -0.347437117252676, 51.571130251081037 ], [ -0.346424481478101, 51.570814149260215 ], [ -0.345466456933532, 51.570437709171784 ], [ -0.344572272069231, 51.570004557594402 ], [ -0.343750539571362, 51.569518867567261 ], [ -0.343009173371162, 51.568985318141401 ], [ -0.342355312421946, 51.568409049257014 ], [ -0.341795251978253, 51.567795612182536 ], [ -0.341334383037797, 51.567150915996031 ], [ -0.340977140526735, 51.566481170625757 ], [ -0.340726960723296, 51.565792827001069 ], [ -0.340586248324608, 51.565092514891106 ], [ -0.340556353467749, 51.564386979031944 ], [ -0.340634747430151, 51.56370738718045 ] ] ] } },
{ "type": "Feature", "properties": { "NLC": 708, "total_activity": 98068.02095885342, "log_total_activity": 11.493426805251527, "direction_balance": 0.32255609277950248, "post_2300_share": 0.1141049631851799, "midnight_share_common_window": 0.025137634241571401, "night_tube_extension_share": 0.018276719903000099, "post_0100_share": 0.0091667000055108, "common_window_persistence": 0.038619454472954999, "weekend_common_ratio": 0.91179892145338481, "volume_band": "high", "cluster": 2, "Station": "South Kensington", "mode_label": "LU", "tot_entry": 64850.229312979762, "tot_exit": 33217.791645873644, "easting": 526917.564, "northing": 178820.259, "lon": -0.1731650469113846, "lat": 51.494088587081883, "coord_source": "underground_stations_csv", "catchment_area_m2": 1274994.6626426503, "station_in_lnwc_extent": true }, "geometry": { "type": "Polygon", "coordinates": [ [ [ -0.166081437022349, 51.488416983808534 ], [ -0.1670060271844, 51.488010884076488 ], [ -0.16798990866104, 51.487663309502459 ], [ -0.16902360884066, 51.487377606086788 ], [ -0.170097176125627, 51.48715652417004 ], [ -0.171200275637152, 51.487002191989568 ], [ -0.172322288585987, 51.486916095217921 ], [ -0.173452414358124, 51.486899062679335 ], [ -0.174579774339199, 51.486951258380493 ], [ -0.175693516485076, 51.487072179932063 ], [ -0.176782919639083, 51.487260663376119 ], [ -0.177837496598673, 51.487514894373291 ], [ -0.178847094946033, 51.487832425642772 ], [ -0.179068382942255, 51.487919972241308 ], [ -0.177831379067743, 51.500654677424315 ], [ -0.177307680563918, 51.500799426432096 ], [ -0.17623382419253, 51.501020571064338 ], [ -0.175130400758474, 51.501174947078553 ], [ -0.17400804149916, 51.501261067117618 ], [ -0.172984187166323, 51.501276495252263 ], [ -0.164107070761712, 51.495620074943915 ], [ -0.166022446905852, 51.488448719216365 ], [ -0.166081437022349, 51.488416983808534 ] ] ] } },
{ "type": "Feature", "properties": { "NLC": 709, "total_activity": 3310.8413677582162, "log_total_activity": 8.1052596181498231, "direction_balance": -0.49652515862357899, "post_2300_share": 0.1061674668904436, "midnight_share_common_window": 0.030155584336903699, "night_tube_extension_share": 0.0023355192278710002, "post_0100_share": 0.0013410935295975, "common_window_persistence": 0.044126541100970203, "weekend_common_ratio": 0.85553372314064913, "volume_band": "low", "cluster": 0, "Station": "South Kenton", "mode_label": "LO,LU", "tot_entry": 833.46266622728069, "tot_exit": 2477.3787015309358, "easting": 517336.1598, "northing": 187060.2129, "lon": -0.30837349233977213, "lat": 51.570212909100526, "coord_source": "underground_stations_csv", "catchment_area_m2": 1256008.3890921136, "station_in_lnwc_extent": true }, "geometry": { "type": "Polygon", "coordinates": [ [ [ -0.315004502442357, 51.564326887910852 ], [ -0.315898290834417, 51.564760261666372 ], [ -0.316719637287827, 51.565246143665192 ], [ -0.317460631981042, 51.565779856187937 ], [ -0.318114137918178, 51.566356260857745 ], [ -0.31867385969327, 51.566969808065458 ], [ -0.319134404187005, 51.567614590358446 ], [ -0.319491332608748, 51.568284399280984 ], [ -0.319741203378718, 51.568972785120891 ], [ -0.319881605432196, 51.569673118988604 ], [ -0.319911181618878, 51.570378656632379 ], [ -0.319829641965141, 51.571082603375622 ], [ -0.31975074952033, 51.571368602817259 ], [ -0.306684239251416, 51.577320552605485 ], [ -0.305860457425066, 51.577232222562174 ], [ -0.304768351507928, 51.577044916821059 ], [ -0.303742958896981, 51.576799460953474 ], [ -0.300506112732319, 51.567557261614759 ], [ -0.314997739388284, 51.56432422762709 ], [ -0.315004502442357, 51.564326887910852 ] ] ] } },
{ "type": "Feature", "properties": { "NLC": 710, "total_activity": 6022.0645487003994, "log_total_activity": 8.7033514700210599, "direction_balance": -0.55622853886995782, "post_2300_share": 0.1221549980931463, "midnight_share_common_window": 0.042132203865066997, "night_tube_extension_share": 0.016796571005609801, "post_0100_share": 0.0090917819904882003, "common_window_persistence": 0.061172545379408701, "weekend_common_ratio": 0.71838469484971057, "volume_band": "low", "cluster": 0, "Station": "South Ruislip", "mode_label": "LU", "tot_entry": 1336.2101918981018, "tot_exit": 4685.8543568022978, "easting": 511097.3834, "northing": 185434.10469999901, "lon": -0.3988661306887068, "lat": 51.55686021118094, "coord_source": "underground_stations_csv", "catchment_area_m2": 1702711.6176016519, "station_in_lnwc_extent": true }, "geometry": { "type": "Polygon", "coordinates": [ [ [ -0.387411871251381, 51.555998250246105 ], [ -0.387602642885084, 51.555302551998189 ], [ -0.387901876647652, 51.554621859357766 ], [ -0.388306686371589, 51.553962726918591 ], [ -0.38881316974257, 51.553331501391952 ], [ -0.38941644602584, 51.552734260526485 ], [ -0.390110703186387, 51.552176754626018 ], [ -0.390889253944691, 51.551664351226798 ], [ -0.391744600225001, 51.55120198346475 ], [ -0.392668505373743, 51.550794102627776 ], [ -0.393652073452224, 51.550444635347468 ], [ -0.394685834841217, 51.550156945840548 ], [ -0.395759837335621, 51.549933803561274 ], [ -0.396863741855863, 51.549777356574261 ], [ -0.397986921859415, 51.549689110902797 ], [ -0.399118565501186, 51.549669916049737 ], [ -0.400247779565768, 51.549719956829819 ], [ -0.401363694177991, 51.549838751591466 ], [ -0.40245556729092, 51.550025156845088 ], [ -0.403512887952493, 51.550277378253455 ], [ -0.404525477363402, 51.550592987879895 ], [ -0.405483586759415, 51.55096894752846 ], [ -0.406377991181065, 51.55140163795371 ], [ -0.407200078232119, 51.551886893660232 ], [ -0.407941930975208, 51.552420042959092 ], [ -0.40859640416809, 51.552995952897824 ], [ -0.409157193106672, 51.553609078633215 ], [ -0.409185868905744, 51.553649104607416 ], [ -0.400401590601061, 51.563979761426509 ], [ -0.399745591299795, 51.56403129877252 ], [ -0.398613591095718, 51.564050496557911 ], [ -0.397484024495489, 51.564000437119397 ], [ -0.396367774922025, 51.563881602825582 ], [ -0.395275597294636, 51.563695138685318 ], [ -0.394218014267704, 51.56344284129873 ], [ -0.393205214723092, 51.563127141522337 ], [ -0.39224695550035, 51.562751081016486 ], [ -0.391352467316701, 51.562318282902524 ], [ -0.390530365787306, 51.561832916814303 ], [ -0.389788568405925, 51.561299658682593 ], [ -0.389134218287279, 51.560723645642305 ], [ -0.388573615405788, 51.560110426498724 ], [ -0.388112155991712, 51.559465908232404 ], [ -0.387754280665706, 51.558796299060134 ], [ -0.3875034318073, 51.558108048601952 ], [ -0.387362020562702, 51.557407785732607 ], [ -0.387331403803521, 51.556702254717067 ], [ -0.387411871251381, 51.555998250246105 ] ] ] } },
{ "type": "Feature", "properties": { "NLC": 711, "total_activity": 16040.910589223831, "log_total_activity": 9.6829599883683777, "direction_balance": -0.32904930618071448, "post_2300_share": 0.19851800285821011, "midnight_share_common_window": 0.053667381185526997, "night_tube_extension_share": 0.12558681747743769, "post_0100_share": 0.062265075154448998, "common_window_persistence": 0.083056442438599207, "weekend_common_ratio": 0.77214078716633028, "volume_band": "medium", "cluster": 4, "Station": "South Wimbledon", "mode_label": "LU", "tot_entry": 5381.3300446664243, "tot_exit": 10659.580544557391, "easting": 525736.3947, "northing": 169989.4476, "lon": -0.19330652029319109, "lat": 51.414989292576763, "coord_source": "underground_stations_csv", "catchment_area_m2": 1598605.7788686128, "station_in_lnwc_extent": true }, "geometry": { "type": "Polygon", "coordinates": [ [ [ -0.183300757404121, 51.411443353568281 ], [ -0.183904773538926, 51.410847164446039 ], [ -0.18459930902089, 51.41029086601651 ], [ -0.185377673936673, 51.409779814191673 ], [ -0.186232372039762, 51.409318929098568 ], [ -0.187155172949737, 51.408912647756324 ], [ -0.188137191383384, 51.408564881405169 ], [ -0.188352329423127, 51.408505268348243 ], [ -0.199707858475835, 51.4090218966642 ], [ -0.199929192455204, 51.409109553013536 ], [ -0.200818874194512, 51.409543774190517 ], [ -0.201636233626869, 51.410030435017333 ], [ -0.202373399304948, 51.41056485026553 ], [ -0.2030232710946, 51.411141874780611 ], [ -0.203579588584645, 51.411755952972875 ], [ -0.20403699144674, 51.412401172264161 ], [ -0.204391071161379, 51.413071319978087 ], [ -0.204638413607965, 51.4137599431279 ], [ -0.204751552078821, 51.414333310811422 ], [ -0.19506827801879, 51.422091095886387 ], [ -0.194151530321257, 51.422161736842533 ], [ -0.193023005858097, 51.422178984829451 ], [ -0.191897213483974, 51.422126981363817 ], [ -0.190785000226702, 51.422006227549595 ], [ -0.189697082081293, 51.421817886892597 ], [ -0.188643940625508, 51.421563774073242 ], [ -0.18827388612317, 51.421447264300518 ], [ -0.183091926573256, 51.411702643235657 ], [ -0.183300757404121, 51.411443353568281 ] ] ] } },
{ "type": "Feature", "properties": { "NLC": 712, "total_activity": 15511.787843033657, "log_total_activity": 9.6494199848948536, "direction_balance": -0.54479830043531774, "post_2300_share": 0.14952565833017761, "midnight_share_common_window": 0.045000941815616598, "night_tube_extension_share": 0.052655208337138902, "post_0100_share": 0.025635882467836098, "common_window_persistence": 0.068010508230178193, "weekend_common_ratio": 0.70988975063571547, "volume_band": "medium", "cluster": 4, "Station": "South Woodford", "mode_label": "LU", "tot_entry": 3530.4960947178483, "tot_exit": 11981.291748315791, "easting": 540535.7362, "northing": 190062.66960000101, "lon": 0.027362518469825299, "lat": 51.591892453017074, "coord_source": "underground_stations_csv", "catchment_area_m2": 1919490.7237473428, "station_in_lnwc_extent": true }, "geometry": { "type": "Polygon", "coordinates": [ [ [ 0.038816256445811, 51.590988880731473 ], [ 0.038618834717065, 51.590293956843787 ], [ 0.038313020310109, 51.589614431784952 ], [ 0.03790176273508, 51.58895684887738 ], [ 0.037389026356544, 51.588327539885924 ], [ 0.036779752071309, 51.587732564082557 ], [ 0.036079809611056, 51.587177649942838 ], [ 0.035295940933548, 51.586668140033936 ], [ 0.034435695250617, 51.586208939622736 ], [ 0.033507356320304, 51.585804469496573 ], [ 0.032519862703563, 51.585458623448638 ], [ 0.031482721752171, 51.585174730835334 ], [ 0.030610729004663, 51.58499721909714 ], [ 0.018141643699555, 51.587572580120309 ], [ 0.017589571804622, 51.588064064465634 ], [ 0.017034160321876, 51.588679162523754 ], [ 0.016578195853204, 51.589325208674389 ], [ 0.016226073130955, 51.589995982274893 ], [ 0.015981187494959, 51.590685024304086 ], [ 0.015845902032046, 51.59138569953182 ], [ 0.015821524637525, 51.592091260395911 ], [ 0.015908295226475, 51.592794911972348 ], [ 0.016105383225426, 51.593489877413731 ], [ 0.016410895376185, 51.594169463225278 ], [ 0.016821893784149, 51.594827123749894 ], [ 0.017334424044396, 51.595456524239879 ], [ 0.017943553181132, 51.596051601907128 ], [ 0.01864341704065, 51.596606624361435 ], [ 0.01942727668577, 51.597116244873177 ], [ 0.020287583251772, 51.59757555392509 ], [ 0.021216050640915, 51.597980126554816 ], [ 0.022203735355644, 51.598326065030008 ], [ 0.023241122700396, 51.598610036442317 ], [ 0.024318218519071, 51.598829304856395 ], [ 0.025424645580643, 51.598981757702049 ], [ 0.026549743679422, 51.599065926153941 ], [ 0.027682672479703, 51.599080999301115 ], [ 0.028812516107397, 51.599026831968807 ], [ 0.029928388473931, 51.598903946117169 ], [ 0.031019538310458, 51.598713525802872 ], [ 0.032075452893341, 51.598457405753059 ], [ 0.033085959454846, 51.598138053662154 ], [ 0.034041323295977, 51.597758546383744 ], [ 0.034932341651047, 51.597322540247959 ], [ 0.035750432395611, 51.596834235792642 ], [ 0.036487716740427, 51.596298337249877 ], [ 0.037137095113324, 51.595720007180347 ], [ 0.03769231549807, 51.595104816694992 ], [ 0.038148033573382, 51.594458691745352 ], [ 0.038499864075668, 51.593787856002265 ], [ 0.038744422894948, 51.593098770874995 ], [ 0.038879359503774, 51.592398073249988 ], [ 0.038903379413104, 51.591692511550121 ], [ 0.038816256445811, 51.590988880731473 ] ] ] } },
{ "type": "Feature", "properties": { "NLC": 713, "total_activity": 9102.1018389013716, "log_total_activity": 9.1163704958426202, "direction_balance": -0.30951127529106648, "post_2300_share": 0.124106687340879, "midnight_share_common_window": 0.038357633584723903, "night_tube_extension_share": 0.0098452576401484998, "post_0100_share": 0.0053003919830970003, "common_window_persistence": 0.057586786961851801, "weekend_common_ratio": 0.7321862375004623, "volume_band": "medium", "cluster": 4, "Station": "Stamford Brook", "mode_label": "LU", "tot_entry": 3142.4493454569219, "tot_exit": 5959.6524934444487, "easting": 521859.3453, "northing": 178788.8474, "lon": -0.24600122518353931, "lat": 51.494918105059803, "coord_source": "underground_stations_csv", "catchment_area_m2": 1015186.0663027943, "station_in_lnwc_extent": true }, "geometry": { "type": "Polygon", "coordinates": [ [ [ -0.242922206231298, 51.487987844610132 ], [ -0.244025096424595, 51.487832825137055 ], [ -0.245147009368911, 51.487746030341377 ], [ -0.246277145410463, 51.487728295764633 ], [ -0.247404625835731, 51.487779792169377 ], [ -0.248518597442998, 51.487900023895797 ], [ -0.249608336870639, 51.488087833624469 ], [ -0.250355306184062, 51.488267373627338 ], [ -0.250196119816955, 51.501614990304688 ], [ -0.250154693996959, 51.501626470761522 ], [ -0.249081154779634, 51.501848285632981 ], [ -0.247977941036991, 51.502003349267191 ], [ -0.246855681981617, 51.502090167680201 ], [ -0.245725190568147, 51.50210790442285 ], [ -0.244597359166849, 51.5020563886494 ], [ -0.243483054467251, 51.501936116763957 ], [ -0.242393012631532, 51.501748247629202 ], [ -0.241337735714877, 51.50149459138364 ], [ -0.240327390357436, 51.50117759197596 ], [ -0.239686283275158, 51.500924494046714 ], [ -0.242090189804747, 51.488159754421311 ], [ -0.242922206231298, 51.487987844610132 ] ] ] } },
{ "type": "Feature", "properties": { "NLC": 714, "total_activity": 12830.215940520427, "log_total_activity": 9.4596362263473885, "direction_balance": -0.54166836396420803, "post_2300_share": 0.18111162231040129, "midnight_share_common_window": 0.054924134189110699, "night_tube_extension_share": 0.098893039854153403, "post_0100_share": 0.049841090287564303, "common_window_persistence": 0.081834521702414398, "weekend_common_ratio": 0.86294213757863725, "volume_band": "medium", "cluster": 4, "Station": "Stanmore", "mode_label": "LU", "tot_entry": 2940.2469313556107, "tot_exit": 9889.9690091648154, "easting": 517562.6021, "northing": 192572.9608, "lon": -0.3032624771028668, "lat": 51.619710927804022, "coord_source": "underground_stations_csv", "catchment_area_m2": 1977333.0136827657, "station_in_lnwc_extent": true }, "geometry": { "type": "Polygon", "coordinates": [ [ [ -0.291794460443867, 51.618839513348441 ], [ -0.291986975622499, 51.618143993813447 ], [ -0.292288068505573, 51.617463569203018 ], [ -0.29269483501451, 51.616804791521986 ], [ -0.293203353988314, 51.616174004057704 ], [ -0.293808725091537, 51.615577280333113 ], [ -0.2945051161231, 51.615020365665636 ], [ -0.294697219731318, 51.61489444507594 ], [ -0.303258407103189, 51.612525441996425 ], [ -0.303530585462583, 51.612521055793536 ], [ -0.304661230182704, 51.61257202936757 ], [ -0.305778410838803, 51.612691743849759 ], [ -0.306871373202715, 51.612879046900645 ], [ -0.307929595839052, 51.613132135544411 ], [ -0.308942891263783, 51.613448573499809 ], [ -0.309901503910124, 51.613825314600575 ], [ -0.310796203963868, 51.614258732081552 ], [ -0.311618376168917, 51.614744653450458 ], [ -0.312360102750948, 51.615278400611629 ], [ -0.313014239662378, 51.615854834857323 ], [ -0.313574485414668, 51.616468406296114 ], [ -0.314035441833846, 51.61711320724423 ], [ -0.314392666151548, 51.617783029068185 ], [ -0.314642713925909, 51.618471421932909 ], [ -0.314783172373813, 51.619171756882132 ], [ -0.314812683787317, 51.619877289653992 ], [ -0.314730958801855, 51.620581225618643 ], [ -0.314538779381009, 51.621276785212785 ], [ -0.314237991481514, 51.621957269241257 ], [ -0.313831487461606, 51.622616123415781 ], [ -0.313323178394973, 51.623247001509412 ], [ -0.312717956550446, 51.623843826516421 ], [ -0.312021648393179, 51.624400849227115 ], [ -0.311240958555432, 51.624912703652285 ], [ -0.31038340531339, 51.625374458760085 ], [ -0.30945724818959, 51.625781666026064 ], [ -0.308471408377924, 51.626130402335221 ], [ -0.307435382758733, 51.626417307820844 ], [ -0.306359152334744, 51.626639618273614 ], [ -0.305253085973636, 51.626795191806877 ], [ -0.304127840389446, 51.626882529519293 ], [ -0.30299425733224, 51.626900789954909 ], [ -0.301863258983086, 51.626849797220025 ], [ -0.300745742569181, 51.62673004267868 ], [ -0.299652475221676, 51.626542680209774 ], [ -0.298593990096308, 51.626289515072493 ], [ -0.297580484764416, 51.625972986487703 ], [ -0.296621722859395, 51.625596144104534 ], [ -0.29572693993138, 51.625162618580347 ], [ -0.294904754421279, 51.624676586559453 ], [ -0.294163084614721, 51.624142730389842 ], [ -0.293509072377435, 51.623566192968354 ], [ -0.292949014406804, 51.622952528151437 ], [ -0.292488301660453, 51.622307647211294 ], [ -0.292131367542538, 51.621637761855496 ], [ -0.291881645342708, 51.620949324360581 ], [ -0.291741535332434, 51.620248965397927 ], [ -0.291712381829398, 51.619543430152241 ], [ -0.291794460443867, 51.618839513348441 ] ] ] } },
{ "type": "Feature", "properties": { "NLC": 715, "total_activity": 21681.043906230003, "log_total_activity": 9.9842397272274894, "direction_balance": -0.14950921492477379, "post_2300_share": 0.14275495540418309, "midnight_share_common_window": 0.043264814222131798, "night_tube_extension_share": 0.0091426931839987992, "post_0100_share": 0.0053967670507958001, "common_window_persistence": 0.069818662392002004, "weekend_common_ratio": 0.78066858103941472, "volume_band": "high", "cluster": 4, "Station": "Stepney Green", "mode_label": "LU", "tot_entry": 9219.7640265300015, "tot_exit": 12461.279879699998, "easting": 535621.3116, "northing": 182135.557, "lon": -0.046590903238870197, "lat": 51.521861692164272, "coord_source": "underground_stations_csv", "catchment_area_m2": 1003086.1558483208, "station_in_lnwc_extent": true }, "geometry": { "type": "Polygon", "coordinates": [ [ [ -0.043633497608928, 51.528657001163708 ], [ -0.036912125048081, 51.518714235404858 ], [ -0.048806177131188, 51.515727749543295 ], [ -0.05207456727385, 51.51689415808174 ], [ -0.054380696218779, 51.522356776439089 ], [ -0.043633497608928, 51.528657001163708 ] ] ] } },
{ "type": "Feature", "properties": { "NLC": 716, "total_activity": 35628.464845955728, "log_total_activity": 10.480928238727213, "direction_balance": -0.34087487900434688, "post_2300_share": 0.22359833631372469, "midnight_share_common_window": 0.057857531656702599, "night_tube_extension_share": 0.13221232790440729, "post_0100_share": 0.068893840021550107, "common_window_persistence": 0.096515624661771507, "weekend_common_ratio": 0.89577182017052537, "volume_band": "high", "cluster": 4, "Station": "Stockwell", "mode_label": "LU", "tot_entry": 11741.808101239974, "tot_exit": 23886.656744715769, "easting": 530460.3355, "northing": 176432.88739999899, "lon": -0.1230421883655021, "lat": 51.471828457292581, "coord_source": "underground_stations_csv", "catchment_area_m2": 1149314.9646991165, "station_in_lnwc_extent": true }, "geometry": { "type": "Polygon", "coordinates": [ [ [ -0.111615139720122, 51.470939827441889 ], [ -0.111809710996703, 51.470244608954857 ], [ -0.112080155905927, 51.469637173881651 ], [ -0.120820640747668, 51.466605135953074 ], [ -0.130591798280775, 51.470553006111885 ], [ -0.131490888743235, 51.474403372261015 ], [ -0.120141578374927, 51.477834488133873 ], [ -0.112466692515773, 51.474654032914444 ], [ -0.112293303849424, 51.474408944525351 ], [ -0.11194012908478, 51.47373853436774 ], [ -0.111693886208818, 51.473049733460542 ], [ -0.111556942011189, 51.472349175959806 ], [ -0.111530610355994, 51.471643608947709 ], [ -0.111615139720122, 51.470939827441889 ] ] ] } },
{ "type": "Feature", "properties": { "NLC": 717, "total_activity": 9571.9389004675304, "log_total_activity": 9.1666955324406114, "direction_balance": -0.4271749491743223, "post_2300_share": 0.12567475169098419, "midnight_share_common_window": 0.0357476631719588, "night_tube_extension_share": 0.0078642581981887994, "post_0100_share": 0.0048413806412765997, "common_window_persistence": 0.0550400700933159, "weekend_common_ratio": 0.7208915387294661, "volume_band": "medium", "cluster": 4, "Station": "Stonebridge Park", "mode_label": "LO,LU", "tot_entry": 2741.5231935802963, "tot_exit": 6830.4157068872337, "easting": 519615.5138, "northing": 184218.2261, "lon": -0.27646679490996789, "lat": 51.544192649732523, "coord_source": "underground_stations_csv", "catchment_area_m2": 1987449.6961720795, "station_in_lnwc_extent": true }, "geometry": { "type": "Polygon", "coordinates": [ [ [ -0.265018318518108, 51.54331878858202 ], [ -0.265210894799877, 51.542623305209901 ], [ -0.265232255517003, 51.54257501766061 ], [ -0.26980698194328, 51.538331588002634 ], [ -0.270287288521315, 51.538120233327319 ], [ -0.271271493608406, 51.537771797744334 ], [ -0.272305711460773, 51.537485190715067 ], [ -0.273379985491413, 51.537263171275271 ], [ -0.274483974016009, 51.537107876683535 ], [ -0.275607049689135, 51.537020801873055 ], [ -0.276738401672144, 51.537002785079331 ], [ -0.277867139555659, 51.537053999780433 ], [ -0.27898239804321, 51.537173953027839 ], [ -0.280073441395415, 51.53736149018296 ], [ -0.281129766636303, 51.537614806014858 ], [ -0.282141204534956, 51.537931462052875 ], [ -0.283098017396373, 51.538308410028137 ], [ -0.283990992725349, 51.538742021180056 ], [ -0.284811531865741, 51.539228121147545 ], [ -0.285551732764668, 51.539762030110623 ], [ -0.286204466066284, 51.540338607798795 ], [ -0.286763443802655, 51.540952302934464 ], [ -0.287223280018953, 51.541597206637896 ], [ -0.287579542746529, 51.542267109281504 ], [ -0.287828796819361, 51.542955560247798 ], [ -0.287968637116383, 51.543655930017351 ], [ -0.287997711903421, 51.544361473990023 ], [ -0.287915736043075, 51.545065397425979 ], [ -0.287723493937921, 51.545760920881385 ], [ -0.287422832171154, 51.546441345508647 ], [ -0.287016641908018, 51.547100117592194 ], [ -0.286508831220415, 51.547730891697164 ], [ -0.285904287594748, 51.548327591821561 ], [ -0.285208830978482, 51.548884469961571 ], [ -0.284429157813167, 51.54939616152393 ], [ -0.283572776589751, 51.54985773704955 ], [ -0.282647935545014, 51.55026474974796 ], [ -0.281663543195203, 51.550613278382706 ], [ -0.280629082473345, 51.550899965091759 ], [ -0.279554519299777, 51.551122047777298 ], [ -0.278450206470419, 51.551277386750286 ], [ -0.277326783793548, 51.55136448537192 ], [ -0.276195075442972, 51.551382504491698 ], [ -0.275065985523075, 51.551331270542128 ], [ -0.273950392858889, 51.551211277211458 ], [ -0.272859046032018, 51.551023680678647 ], [ -0.271802459680795, 51.550770288456469 ], [ -0.270790813070462, 51.550453541951271 ], [ -0.269833851916693, 51.550076492908495 ], [ -0.268940794413482, 51.549642773972657 ], [ -0.268120242374881, 51.549156563646996 ], [ -0.267380098349443, 51.548622545992451 ], [ -0.266727489507392, 51.548045865456466 ], [ -0.266168699033752, 51.547432077269065 ], [ -0.26570910568695, 51.546787093885847 ], [ -0.265353132102292, 51.546117127996467 ], [ -0.265104202334205, 51.545428632648957 ], [ -0.264964709040904, 51.544728239068242 ], [ -0.264935990621406, 51.544022692769516 ], [ -0.265018318518108, 51.54331878858202 ] ] ] } },
{ "type": "Feature", "properties": { "NLC": 718, "total_activity": 73131.507727762451, "log_total_activity": 11.200028249045344, "direction_balance": 0.3031194933192794, "post_2300_share": 0.12549363990159421, "midnight_share_common_window": 0.0252569394593226, "night_tube_extension_share": 0.043361813767164602, "post_0100_share": 0.0218903314723525, "common_window_persistence": 0.042003725949540098, "weekend_common_ratio": 0.98483742060810919, "volume_band": "high", "cluster": 1, "Station": "Charing Cross LU", "mode_label": "LU", "tot_entry": 47649.546647938369, "tot_exit": 25481.961079824057, "easting": 530057.6992, "northing": 180378.38189999899, "lon": -0.12738368322038379, "lat": 51.507377950733407, "coord_source": "underground_stations_csv", "catchment_area_m2": 323781.51695745264, "station_in_lnwc_extent": true }, "geometry": { "type": "Polygon", "coordinates": [ [ [ -0.124665622305709, 51.504365483303715 ], [ -0.131188495074467, 51.503682095009246 ], [ -0.134761467938192, 51.504793517242952 ], [ -0.134766155932465, 51.50484775682186 ], [ -0.130017536602054, 51.509193207939276 ], [ -0.124858559060062, 51.509666354454446 ], [ -0.124665622305709, 51.504365483303715 ] ] ] } },
{ "type": "Feature", "properties": { "NLC": 719, "total_activity": 219531.13859923801, "log_total_activity": 12.299253918087995, "direction_balance": -0.0001482278325653, "post_2300_share": 0.1333516458149239, "midnight_share_common_window": 0.0361122352320246, "night_tube_extension_share": 0.055257248633972099, "post_0100_share": 0.029859726313689699, "common_window_persistence": 0.053930686171056001, "weekend_common_ratio": 0.94708502750819756, "volume_band": "high", "cluster": 4, "Station": "Stratford", "mode_label": "DLR,EZL,LO,LU", "tot_entry": 109749.29898719145, "tot_exit": 109781.8396120465, "easting": 538530.0487, "northing": 184394.6448, "lon": -0.0038044932283003998, "lat": 51.541456474970367, "coord_source": "underground_stations_csv", "catchment_area_m2": 460313.96354677493, "station_in_lnwc_extent": true }, "geometry": { "type": "Polygon", "coordinates": [ [ [ -0.001237150150799, 51.545520979672453 ], [ 0.003506340255031, 51.541893633020614 ], [ -0.007947063355184, 51.53748788419734 ], [ -0.012983067466704, 51.539932314746174 ], [ -0.001237150150799, 51.545520979672453 ] ] ] } },
{ "type": "Feature", "properties": { "NLC": 720, "total_activity": 6285.4056478433649, "log_total_activity": 8.7461447472263174, "direction_balance": -0.57792808074559165, "post_2300_share": 0.12632697558202699, "midnight_share_common_window": 0.046317879200607197, "night_tube_extension_share": 0.0185229068776546, "post_0100_share": 0.0105281180272609, "common_window_persistence": 0.068086342854506099, "weekend_common_ratio": 0.64346778914030589, "volume_band": "low", "cluster": 0, "Station": "Sudbury Hill", "mode_label": "LU", "tot_entry": 1326.4466125388751, "tot_exit": 4958.9590353044914, "easting": 515411.8716, "northing": 185542.0623, "lon": -0.33662394125643841, "lat": 51.556965186588663, "coord_source": "underground_stations_csv", "catchment_area_m2": 1941353.4269613281, "station_in_lnwc_extent": true }, "geometry": { "type": "Polygon", "coordinates": [ [ [ -0.325170975080236, 51.556097159252971 ], [ -0.325362694592677, 51.555401570882609 ], [ -0.325662854597635, 51.554721045474672 ], [ -0.326068560013347, 51.554062136008589 ], [ -0.326575899907247, 51.553431187044993 ], [ -0.327179985305062, 51.55283427366647 ], [ -0.32787499638998, 51.552277143021058 ], [ -0.328654238632942, 51.551765159030097 ], [ -0.32951020731031, 51.551303250790149 ], [ -0.330434659785854, 51.550895865164286 ], [ -0.331418694860634, 51.550546924016473 ], [ -0.332452838427832, 51.550259786498792 ], [ -0.333527134610251, 51.550037216752514 ], [ -0.334631241506757, 51.549881357332012 ], [ -0.335754530630705, 51.549793708605982 ], [ -0.336886189088869, 51.54977511433264 ], [ -0.338015323523674, 51.549825753547282 ], [ -0.339131064825103, 51.549945138839433 ], [ -0.340222672611389, 51.550132121036462 ], [ -0.341279638479769, 51.550384900248766 ], [ -0.342291787040038, 51.550701043170896 ], [ -0.343249373764341, 51.551077506473654 ], [ -0.344143178716416, 51.551510666062974 ], [ -0.344964595262089, 51.551996351926213 ], [ -0.345705712909837, 51.552529888232016 ], [ -0.346359393485419, 51.553106138300166 ], [ -0.346919339907263, 51.553719554010335 ], [ -0.347380156899085, 51.554364229176699 ], [ -0.34773740305245, 51.555033956375986 ], [ -0.347987633733899, 51.555722286684279 ], [ -0.348128434418336, 51.556422591748294 ], [ -0.348158444121471, 51.557128127595391 ], [ -0.348080175778197, 51.557807726305107 ], [ -0.340640702050415, 51.563702669626821 ], [ -0.339721666947839, 51.563893075191302 ], [ -0.338617235832268, 51.564048979284046 ], [ -0.337493599630418, 51.564136652122166 ], [ -0.336361584573526, 51.564155249020892 ], [ -0.335232097723059, 51.564104590843968 ], [ -0.33411602173217, 51.563985165730642 ], [ -0.333024109844556, 51.56379812438378 ], [ -0.331966882149424, 51.563545268966166 ], [ -0.330954524098836, 51.563229035711693 ], [ -0.32999678827124, 51.562852471421017 ], [ -0.329102900332852, 51.562419204069137 ], [ -0.328281470106966, 51.561933407809917 ], [ -0.327540408610821, 51.561399762717187 ], [ -0.326886851860788, 51.560823409651789 ], [ -0.326327092179888, 51.560209900692122 ], [ -0.325866517668054, 51.559565145607628 ], [ -0.325509560415353, 51.558895354892684 ], [ -0.325259653952952, 51.558206979912178 ], [ -0.325119200346393, 51.557506650736066 ], [ -0.325089547241958, 51.556801112263621 ], [ -0.325170975080236, 51.556097159252971 ] ] ] } },
{ "type": "Feature", "properties": { "NLC": 721, "total_activity": 6260.0361815950873, "log_total_activity": 8.7421009746129901, "direction_balance": -0.54849186852303788, "post_2300_share": 0.13815101874838109, "midnight_share_common_window": 0.048932766122547398, "night_tube_extension_share": 0.015597986455679599, "post_0100_share": 0.0094107519463472993, "common_window_persistence": 0.073548304706693296, "weekend_common_ratio": 0.7319308330040909, "volume_band": "low", "cluster": 4, "Station": "Sudbury Town", "mode_label": "LU", "tot_entry": 1413.2286196650866, "tot_exit": 4846.8075619299989, "easting": 516874.9001, "northing": 184890.216, "lon": -0.31574648733108518, "lat": 51.550805806993615, "coord_source": "underground_stations_csv", "catchment_area_m2": 1908884.0473693369, "station_in_lnwc_extent": true }, "geometry": { "type": "Polygon", "coordinates": [ [ [ -0.305701452367253, 51.547270042949265 ], [ -0.306213350885947, 51.546764471941941 ], [ -0.309492949387974, 51.544765309869696 ], [ -0.309560827335244, 51.54473541098416 ], [ -0.310544883990002, 51.544386644828393 ], [ -0.311579014071846, 51.544099690961964 ], [ -0.312653261835051, 51.543877311758735 ], [ -0.313757285845585, 51.543721647939471 ], [ -0.314880458415006, 51.543634197990592 ], [ -0.316011967771706, 51.543615803757532 ], [ -0.317140921992377, 51.543666642350573 ], [ -0.318256453700163, 51.543786224440545 ], [ -0.31934782452876, 51.543973398960816 ], [ -0.320404528353874, 51.544226364170704 ], [ -0.321416392304966, 51.544542684974353 ], [ -0.322373674590931, 51.544919316330052 ], [ -0.323267158203154, 51.545352632525628 ], [ -0.324088239597955, 51.545838462040237 ], [ -0.324829011507572, 51.546372127658792 ], [ -0.325482339083881, 51.546948491455126 ], [ -0.326041928641889, 51.547562004212871 ], [ -0.326502388339762, 51.548206758810466 ], [ -0.326859280208395, 51.54887654705842 ], [ -0.327109163025485, 51.549564919443469 ], [ -0.327249625616087, 51.550265247205608 ], [ -0.327279310252805, 51.550970786152085 ], [ -0.327197925923391, 51.55167474159429 ], [ -0.327006251330599, 51.552370333782818 ], [ -0.326706127587831, 51.553050863210665 ], [ -0.326300440673411, 51.553709775155184 ], [ -0.325793093805363, 51.554340722836336 ], [ -0.32518896999623, 51.554937628581854 ], [ -0.324493885143003, 51.555494742408555 ], [ -0.323714532099439, 51.556006697453597 ], [ -0.322858416266199, 51.556468561720209 ], [ -0.321933783317342, 51.55687588563643 ], [ -0.3209495397589, 51.557224744967193 ], [ -0.319915167085778, 51.557511778664015 ], [ -0.318840630366349, 51.557734221285138 ], [ -0.317736282139073, 51.557889929672719 ], [ -0.316612762551857, 51.557977403627582 ], [ -0.315480896712012, 51.557995800381718 ], [ -0.314351590242294, 51.557944942728064 ], [ -0.313235724056293, 51.557825320728192 ], [ -0.312637989677005, 51.557722804408932 ], [ -0.307083272913882, 51.555512964820601 ], [ -0.305483348918645, 51.547541133000642 ], [ -0.305701452367253, 51.547270042949265 ] ] ] } },
{ "type": "Feature", "properties": { "NLC": 723, "total_activity": 21573.159125194339, "log_total_activity": 9.9792515406935784, "direction_balance": -0.15285931166242719, "post_2300_share": 0.1345575127529158, "midnight_share_common_window": 0.0310945457943534, "night_tube_extension_share": 0.0503914512573242, "post_0100_share": 0.0232425744245057, "common_window_persistence": 0.048449810197335602, "weekend_common_ratio": 0.73484202111872399, "volume_band": "high", "cluster": 4, "Station": "Swiss Cottage", "mode_label": "LU", "tot_entry": 9137.7504354665598, "tot_exit": 12435.408689727774, "easting": 526663.6914, "northing": 184334.9639, "lon": -0.1748398347754522, "lat": 51.543705426489808, "coord_source": "underground_stations_csv", "catchment_area_m2": 695837.84207208629, "station_in_lnwc_extent": true }, "geometry": { "type": "Polygon", "coordinates": [ [ [ -0.163890274853115, 51.541446277002848 ], [ -0.164298180105478, 51.540787948087406 ], [ -0.164807587555421, 51.540157718577383 ], [ -0.165223731093849, 51.539748402128403 ], [ -0.173181962291925, 51.539496733296126 ], [ -0.179452734603978, 51.544442862020041 ], [ -0.172933212391927, 51.548937181745252 ], [ -0.163734524371787, 51.543417177132966 ], [ -0.163706906107665, 51.541858574164692 ], [ -0.163890274853115, 51.541446277002848 ] ] ] } },
{ "type": "Feature", "properties": { "NLC": 724, "total_activity": 27617.607928029403, "log_total_activity": 10.226245024825246, "direction_balance": 0.53319738377578296, "post_2300_share": 0.096278104075435897, "midnight_share_common_window": 0.024209256212709699, "night_tube_extension_share": 0.0012175992278816001, "post_0100_share": 0.0006576199643694, "common_window_persistence": 0.036330668576527697, "weekend_common_ratio": 0.49106519615003502, "volume_band": "high", "cluster": 1, "Station": "Temple", "mode_label": "LU", "tot_entry": 21171.622110700009, "tot_exit": 6445.9858173293987, "easting": 530958.661, "northing": 180802.82960000099, "lon": -0.1142517165435635, "lat": 51.510984403715121, "coord_source": "underground_stations_csv", "catchment_area_m2": 533441.12599393725, "station_in_lnwc_extent": true }, "geometry": { "type": "Polygon", "coordinates": [ [ [ -0.115920376006445, 51.507219069626458 ], [ -0.120009424096176, 51.510787957183339 ], [ -0.118282808835852, 51.513935903749562 ], [ -0.115421026575683, 51.514977502118526 ], [ -0.109374836677912, 51.514108339574079 ], [ -0.108479875540838, 51.508328224232606 ], [ -0.110725101052163, 51.507172208427598 ], [ -0.115920376006445, 51.507219069626458 ] ] ] } },
{ "type": "Feature", "properties": { "NLC": 725, "total_activity": 2574.9098369625503, "log_total_activity": 7.8539580854325548, "direction_balance": -0.57011945857552793, "post_2300_share": 0.15678317005941109, "midnight_share_common_window": 0.052680416600255499, "night_tube_extension_share": 0.0185836185329738, "post_0100_share": 0.0096561364148819995, "common_window_persistence": 0.080865652043999106, "weekend_common_ratio": 0.68586072216187843, "volume_band": "low", "cluster": 0, "Station": "Theydon Bois", "mode_label": "LU", "tot_entry": 553.45181741632962, "tot_exit": 2021.4580195462211, "easting": 545541.5127, "northing": 199100.82850000099, "lon": 0.1033276639997498, "lat": 51.671832474283256, "coord_source": "underground_stations_csv", "catchment_area_m2": 2007391.0339494327, "station_in_lnwc_extent": false }, "geometry": { "type": "Polygon", "coordinates": [ [ [ 0.114799785625992, 51.670921287047619 ], [ 0.114600822587065, 51.670226517135539 ], [ 0.114293304787637, 51.669547217906654 ], [ 0.113880198155116, 51.668889930501543 ], [ 0.113365484869124, 51.668260983832219 ], [ 0.112754124867449, 51.667666433674405 ], [ 0.112052007965222, 51.66711200439812 ], [ 0.111265897052823, 51.666603033895335 ], [ 0.110403362922606, 51.666144422233458 ], [ 0.109472711353721, 51.665740584526198 ], [ 0.108482903157436, 51.665395408473834 ], [ 0.107443467951583, 51.665112216979296 ], [ 0.106364412491826, 51.664893736197961 ], [ 0.105256124438412, 51.664742069326692 ], [ 0.104129272479942, 51.664658676383297 ], [ 0.102994703769775, 51.66464436016939 ], [ 0.101863339655839, 51.664699258551117 ], [ 0.100746070700587, 51.664822843131802 ], [ 0.099653651994488, 51.66501392432896 ], [ 0.098596599763758, 51.665270662807359 ], [ 0.097585090260936, 51.665590587159059 ], [ 0.096628861905599, 51.665970617661202 ], [ 0.095737121612186, 51.666407095884658 ], [ 0.0949184562026, 51.666895819870142 ], [ 0.094180749753709, 51.667432084535257 ], [ 0.093531107674008, 51.668010726925687 ], [ 0.092975788240496, 51.668626175877101 ], [ 0.09252014225636, 51.669272505611616 ], [ 0.092168561413378, 51.669943492755181 ], [ 0.091924435860377, 51.670632676228408 ], [ 0.091790121391689, 51.671333419435932 ], [ 0.091766916577798, 51.67203897415672 ], [ 0.091855050065431, 51.672742545520734 ], [ 0.092053678176814, 51.673437357446971 ], [ 0.092360892838894, 51.674116717912504 ], [ 0.09277373977366, 51.674774083423472 ], [ 0.093288246781531, 51.675403122066285 ], [ 0.09389946185187, 51.675997774530714 ], [ 0.094601500739179, 51.67655231251522 ], [ 0.095387603551147, 51.677061393950133 ], [ 0.096250199806717, 51.677520114505036 ], [ 0.097180981339298, 51.677924054881579 ], [ 0.098170982343194, 51.678269323433881 ], [ 0.099210665791081, 51.678552593704296 ], [ 0.100290015387495, 51.678771136510193 ], [ 0.101398632168682, 51.678922846271071 ], [ 0.102525834813216, 51.679006261320922 ], [ 0.103660762691067, 51.679020578008618 ], [ 0.104792480651693, 51.678965658449805 ], [ 0.10591008453451, 51.67884203185492 ], [ 0.107002806377969, 51.678650889421107 ], [ 0.108060118306455, 51.678394072836852 ], [ 0.10907183408739, 51.678074056511669 ], [ 0.110028207374043, 51.677693923702897 ], [ 0.110920025682352, 51.677257336771227 ], [ 0.11173869919234, 51.676768501853608 ], [ 0.112476343515853, 51.676232128295446 ], [ 0.113125855631836, 51.675653383235755 ], [ 0.113680982257727, 51.675037841784416 ], [ 0.114136379999827, 51.674391433274018 ], [ 0.11448766670616, 51.673720384105913 ], [ 0.114731463531407, 51.673031157743097 ], [ 0.114865427314055, 51.672330392429082 ], [ 0.114888272960289, 51.671624837234525 ], [ 0.114799785625992, 51.670921287047619 ] ] ] } },
{ "type": "Feature", "properties": { "NLC": 726, "total_activity": 29825.421525632821, "log_total_activity": 10.303149908047672, "direction_balance": -0.42621212975365602, "post_2300_share": 0.1748482867754598, "midnight_share_common_window": 0.049565752804296301, "night_tube_extension_share": 0.079815407081317499, "post_0100_share": 0.039040290781744903, "common_window_persistence": 0.077399712393871306, "weekend_common_ratio": 0.75701186939709675, "volume_band": "high", "cluster": 4, "Station": "Tooting Bec", "mode_label": "LU", "tot_entry": 8556.7325481961579, "tot_exit": 21268.688977436679, "easting": 528047.2745000001, "northing": 172373.6505, "lon": -0.15923362533504301, "lat": 51.435899274391033, "coord_source": "underground_stations_csv", "catchment_area_m2": 1538611.0822325966, "station_in_lnwc_extent": true }, "geometry": { "type": "Polygon", "coordinates": [ [ [ -0.147814735676457, 51.435014250588146 ], [ -0.148008591752723, 51.434318960928955 ], [ -0.148310539499509, 51.433638894992875 ], [ -0.148717666665658, 51.432980601327152 ], [ -0.149226048674788, 51.432350418557334 ], [ -0.149830786563893, 51.431754414385182 ], [ -0.150526054276918, 51.431198327203631 ], [ -0.151305154853408, 51.430687510888518 ], [ -0.152160584968062, 51.430226883297451 ], [ -0.153084107197937, 51.42982087896894 ], [ -0.15406682932111, 51.42947340647514 ], [ -0.155099289884359, 51.42918781083663 ], [ -0.156171549218446, 51.428966841359177 ], [ -0.157047239289919, 51.428844267026449 ], [ -0.170583312554512, 51.434733161802811 ], [ -0.170709289479055, 51.435373785460349 ], [ -0.170736527343231, 51.436079352100528 ], [ -0.170652984259453, 51.436783189803862 ], [ -0.170459459758466, 51.437478519944776 ], [ -0.17015781281109, 51.438158645531765 ], [ -0.169750944108928, 51.43881701572522 ], [ -0.169242768295738, 51.439447288958647 ], [ -0.168638176410531, 51.440043394053809 ], [ -0.167942988898512, 51.440599588739445 ], [ -0.167163899638055, 51.441110515008305 ], [ -0.166308411519592, 51.441571250777329 ], [ -0.165384764195117, 51.441977357350844 ], [ -0.164401854693868, 51.442324922227435 ], [ -0.164025579022764, 51.442429012104334 ], [ -0.147889083033001, 51.43709331796363 ], [ -0.147757726640711, 51.436423636901964 ], [ -0.147730842983781, 51.435718068534577 ], [ -0.147814735676457, 51.435014250588146 ] ] ] } },
{ "type": "Feature", "properties": { "NLC": 727, "total_activity": 54785.521398027588, "log_total_activity": 10.911199482793004, "direction_balance": -0.31013336110239331, "post_2300_share": 0.17664892696258991, "midnight_share_common_window": 0.0473056806098845, "night_tube_extension_share": 0.096423897550054594, "post_0100_share": 0.049600433806976797, "common_window_persistence": 0.072991417635345904, "weekend_common_ratio": 0.83920643115496074, "volume_band": "high", "cluster": 4, "Station": "Tooting Broadway", "mode_label": "LU", "tot_entry": 18897.351753555085, "tot_exit": 35888.169644472502, "easting": 527433.7399, "northing": 171443.25070000099, "lon": -0.16838983681417341, "lat": 51.427676004593167, "coord_source": "underground_stations_csv", "catchment_area_m2": 1699290.0833726623, "station_in_lnwc_extent": true }, "geometry": { "type": "Polygon", "coordinates": [ [ [ -0.156972793781727, 51.426791890568786 ], [ -0.157166473185426, 51.426096583090327 ], [ -0.157468228190196, 51.425416490745036 ], [ -0.157875148402263, 51.424758162335259 ], [ -0.158383311238942, 51.424127936821925 ], [ -0.15898781984803, 51.423531882319224 ], [ -0.159682850381038, 51.422975737705464 ], [ -0.160461708160602, 51.422464857410176 ], [ -0.161316892198093, 51.422004159907658 ], [ -0.162240167438384, 51.421598080410071 ], [ -0.163222644035779, 51.421250528213676 ], [ -0.164254862898903, 51.42096484910671 ], [ -0.165326886683351, 51.42074379319866 ], [ -0.166428395359756, 51.420589488478953 ], [ -0.167210359259712, 51.42052941934864 ], [ -0.179238553005029, 51.42530598782534 ], [ -0.179478454932159, 51.425760433783182 ], [ -0.179725485211927, 51.426449105050182 ], [ -0.179863355361392, 51.427149596978147 ], [ -0.179890732648758, 51.427855163781452 ], [ -0.179807348318039, 51.42855901049235 ], [ -0.179614000373215, 51.429254358399305 ], [ -0.179312546086452, 51.429934510340402 ], [ -0.178905884295099, 51.430592915223038 ], [ -0.17839792765088, 51.43122323114747 ], [ -0.177793565082136, 51.431819386525035 ], [ -0.177098614825108, 51.432375638600924 ], [ -0.176319768472196, 51.432886628815822 ], [ -0.175464526572906, 51.433347434471308 ], [ -0.174541126405965, 51.433753616198999 ], [ -0.173558462617926, 51.434101260773986 ], [ -0.172526001493793, 51.43438701885794 ], [ -0.171453689687929, 51.434608137306284 ], [ -0.170577924816968, 51.434730818465539 ], [ -0.157041852946241, 51.428841923078529 ], [ -0.156916083240981, 51.428201286146056 ], [ -0.156889059989043, 51.427495717572079 ], [ -0.156972793781727, 51.426791890568786 ] ] ] } },
{ "type": "Feature", "properties": { "NLC": 728, "total_activity": 305209.50901581504, "log_total_activity": 12.628757011010032, "direction_balance": 0.40937246579958819, "post_2300_share": 0.1410629061403329, "midnight_share_common_window": 0.033575082614976597, "night_tube_extension_share": 0.041799395286700299, "post_0100_share": 0.022502009038712901, "common_window_persistence": 0.055846222600250003, "weekend_common_ratio": 1.0260410223832748, "volume_band": "high", "cluster": 1, "Station": "Tottenham Court Road", "mode_label": "EZL,LU", "tot_entry": 215076.93915355048, "tot_exit": 90132.569862264558, "easting": 529815.381, "northing": 181382.49620000101, "lon": -0.13050387554071879, "lat": 51.516457246354733, "coord_source": "underground_stations_csv", "catchment_area_m2": 382232.94029154722, "station_in_lnwc_extent": true }, "geometry": { "type": "Polygon", "coordinates": [ [ [ -0.125272594452088, 51.516360555582608 ], [ -0.128407084058492, 51.514100106382877 ], [ -0.132715708548561, 51.513379066118269 ], [ -0.135552522413976, 51.513928670490316 ], [ -0.13638561541939, 51.517100891233518 ], [ -0.128193201842649, 51.52005453438673 ], [ -0.126108370938422, 51.519288297832979 ], [ -0.125272594452088, 51.516360555582608 ] ] ] } },
{ "type": "Feature", "properties": { "NLC": 729, "total_activity": 56937.499282646932, "log_total_activity": 10.949727004366803, "direction_balance": -0.19370482874071529, "post_2300_share": 0.144005295039801, "midnight_share_common_window": 0.0276250947574707, "night_tube_extension_share": 0.041532120332335699, "post_0100_share": 0.021407796455768999, "common_window_persistence": 0.044974760372896098, "weekend_common_ratio": 1.0728287884488532, "volume_band": "high", "cluster": 3, "Station": "Tottenham Hale LU", "mode_label": "LU", "tot_entry": 22954.2153675886, "tot_exit": 33983.283915058324, "easting": 534484.4517, "northing": 189470.7161, "lon": -0.060164650653709399, "lat": 51.588048703622064, "coord_source": "underground_stations_csv", "catchment_area_m2": 1392421.5334291225, "station_in_lnwc_extent": true }, "geometry": { "type": "Polygon", "coordinates": [ [ [ -0.05222168583945, 51.582830209007923 ], [ -0.053080992433925, 51.582370356768799 ], [ -0.054008493201845, 51.581965185089274 ], [ -0.054995257638664, 51.581618594516954 ], [ -0.056031785400668, 51.581333921575307 ], [ -0.057108097693283, 51.581113906682418 ], [ -0.058213833236545, 51.580960667802898 ], [ -0.059338347888725, 51.580875680085235 ], [ -0.060470816974881, 51.580859761679413 ], [ -0.061212696772724, 51.58089477355869 ], [ -0.062371692487792, 51.58163752857088 ], [ -0.069107601166716, 51.588576747371178 ], [ -0.058530272400086, 51.595162634559351 ], [ -0.057612445490368, 51.59506225600628 ], [ -0.056520999487309, 51.594872646823781 ], [ -0.055464659921174, 51.594617310243926 ], [ -0.054453603662792, 51.594298706411244 ], [ -0.053497570717578, 51.593919904969312 ], [ -0.052605770309376, 51.593484555447901 ], [ -0.05178679210977, 51.592996852059727 ], [ -0.051048523470852, 51.592461493247754 ], [ -0.050398073460265, 51.591883636375613 ], [ -0.05025385106705, 51.591724272298158 ], [ -0.051703951923563, 51.583167572069208 ], [ -0.05222168583945, 51.582830209007923 ] ] ] } },
{ "type": "Feature", "properties": { "NLC": 730, "total_activity": 8302.4752953754942, "log_total_activity": 9.0244294164362024, "direction_balance": -0.58817301981894277, "post_2300_share": 0.15735847173326711, "midnight_share_common_window": 0.045965438422120503, "night_tube_extension_share": 0.060835652522574002, "post_0100_share": 0.030201231079694899, "common_window_persistence": 0.069402085350711407, "weekend_common_ratio": 0.74015504038387803, "volume_band": "medium", "cluster": 0, "Station": "Totteridge & Whetstone", "mode_label": "LU", "tot_entry": 1709.5916644611602, "tot_exit": 6592.8836309143344, "easting": 526120.3494, "northing": 193989.2184, "lon": -0.1792054604098072, "lat": 51.630587794856972, "coord_source": "underground_stations_csv", "catchment_area_m2": 1976209.3731586831, "station_in_lnwc_extent": true }, "geometry": { "type": "Polygon", "coordinates": [ [ [ -0.167737396599973, 51.629704258063981 ], [ -0.167931854167965, 51.629008962668195 ], [ -0.168234871075422, 51.628328876765494 ], [ -0.168643524723644, 51.627670549090872 ], [ -0.169153875790718, 51.627040318591007 ], [ -0.169761006313864, 51.626444253419272 ], [ -0.170459067167381, 51.625888092546525 ], [ -0.171241334474516, 51.625377190547908 ], [ -0.172100274406882, 51.624916466095165 ], [ -0.173027615745652, 51.624510354648436 ], [ -0.174014429505464, 51.62416276580052 ], [ -0.175051214855523, 51.62387704568232 ], [ -0.176127990513062, 51.623655944789249 ], [ -0.177234390733063, 51.623501591536346 ], [ -0.17784477889537, 51.623454882705779 ], [ -0.186887828563947, 51.625222080892591 ], [ -0.187576709679047, 51.625630514273986 ], [ -0.188317134842019, 51.62616503167515 ], [ -0.188969835023249, 51.626742142171558 ], [ -0.189528522547987, 51.627356289356612 ], [ -0.189987814227539, 51.628001559997792 ], [ -0.190343283306797, 51.628671740932646 ], [ -0.190591502231653, 51.629360378860909 ], [ -0.190730075819233, 51.630060842458491 ], [ -0.190757664505307, 51.630766386216088 ], [ -0.190673997438077, 51.631470215389342 ], [ -0.190479875284833, 51.632165551434589 ], [ -0.19017716271681, 51.632845697301008 ], [ -0.189768770637114, 51.633504101949192 ], [ -0.189258628315726, 51.634134423474471 ], [ -0.188651645693445, 51.634730590225367 ], [ -0.187953666212226, 51.635286859327422 ], [ -0.187171410621728, 51.635797872046297 ], [ -0.18631241230007, 51.636258705455312 ], [ -0.18538494470995, 51.636664919907219 ], [ -0.184397941688493, 51.637012601850792 ], [ -0.183360911339716, 51.637298401577489 ], [ -0.182283844361546, 51.637519565532621 ], [ -0.181177117694292, 51.637673962877678 ], [ -0.18005139442368, 51.637760106046407 ], [ -0.178917520908674, 51.6377771650954 ], [ -0.177786422131741, 51.637724975709787 ], [ -0.176668996286839, 51.637604040786776 ], [ -0.175576009627941, 51.637415525581531 ], [ -0.174517992598314, 51.637161246462583 ], [ -0.173505138248012, 51.636843653385974 ], [ -0.172547203924379, 51.636465806258116 ], [ -0.171653417187918, 51.636031345416939 ], [ -0.170832386864027, 51.635544456517046 ], [ -0.170092020090372, 51.635009830159596 ], [ -0.169439446160514, 51.634432616658017 ], [ -0.168880947897432, 51.633818376377306 ], [ -0.1684219012166, 51.633173026127636 ], [ -0.168066723457965, 51.632502782130764 ], [ -0.167818830980344, 51.63181410011034 ], [ -0.16768060642143, 51.631113613084949 ], [ -0.167653375932478, 51.630408067464153 ], [ -0.167737396599973, 51.629704258063981 ] ] ] } },
{ "type": "Feature", "properties": { "NLC": 731, "total_activity": 57895.625494002648, "log_total_activity": 10.966414380239204, "direction_balance": -0.064606409146581806, "post_2300_share": 0.1095519644745875, "midnight_share_common_window": 0.0257369710305074, "night_tube_extension_share": 0.0021707219349057999, "post_0100_share": 0.0014565130589828999, "common_window_persistence": 0.039236904954125802, "weekend_common_ratio": 1.1519682628464851, "volume_band": "high", "cluster": 2, "Station": "Tower Hill", "mode_label": "LU", "tot_entry": 27077.59851276992, "tot_exit": 30818.026981232721, "easting": 533579.4477, "northing": 180755.3849, "lon": -0.076526271419432607, "lat": 51.509945115809252, "coord_source": "underground_stations_csv", "catchment_area_m2": 608039.63369072066, "station_in_lnwc_extent": true }, "geometry": { "type": "Polygon", "coordinates": [ [ [ -0.072397748266117, 51.503230873752706 ], [ -0.073472133851267, 51.503010686018278 ], [ -0.074575919471162, 51.502857270791438 ], [ -0.075698479740587, 51.502772104919856 ], [ -0.076829008783164, 51.502756008269117 ], [ -0.077956624106107, 51.502809135839634 ], [ -0.078678960442654, 51.502888151348451 ], [ -0.084080621672216, 51.50854489223773 ], [ -0.083499435406082, 51.510601511735786 ], [ -0.08208510165364, 51.512560627285986 ], [ -0.076196894752005, 51.512219316610782 ], [ -0.071711725842039, 51.503419739438769 ], [ -0.072397748266117, 51.503230873752706 ] ] ] } },
{ "type": "Feature", "properties": { "NLC": 733, "total_activity": 15574.615431191471, "log_total_activity": 9.6534618569161807, "direction_balance": -0.33198786476004788, "post_2300_share": 0.16597993691608659, "midnight_share_common_window": 0.0405106263514197, "night_tube_extension_share": 0.053061992762420698, "post_0100_share": 0.027280783510136901, "common_window_persistence": 0.067446136591074499, "weekend_common_ratio": 0.96179267155435022, "volume_band": "medium", "cluster": 3, "Station": "Tufnell Park", "mode_label": "LU", "tot_entry": 5202.0160548656586, "tot_exit": 10372.599376325812, "easting": 529148.7021, "northing": 185859.62010000099, "lon": -0.1384656557230477, "lat": 51.556844309753039, "coord_source": "underground_stations_csv", "catchment_area_m2": 984177.17722566787, "station_in_lnwc_extent": true }, "geometry": { "type": "Polygon", "coordinates": [ [ [ -0.127017011078755, 51.555956976866582 ], [ -0.12721174472446, 51.555261743711455 ], [ -0.127514848048316, 51.55458175598978 ], [ -0.127923397641995, 51.553923561490727 ], [ -0.128433455206869, 51.553293497879103 ], [ -0.129040105625676, 51.552697631702735 ], [ -0.129640387547899, 51.552219117838391 ], [ -0.144089562457033, 51.554175988138631 ], [ -0.14680267705382, 51.56180311904847 ], [ -0.146414193724791, 51.56205703963829 ], [ -0.14599381248847, 51.562282692214758 ], [ -0.133543019103218, 51.560136866146031 ], [ -0.126939675762097, 51.556850480938444 ], [ -0.126932527307834, 51.556660760567162 ], [ -0.127017011078755, 51.555956976866582 ] ] ] } },
{ "type": "Feature", "properties": { "NLC": 734, "total_activity": 20360.111469656425, "log_total_activity": 9.9213820600219975, "direction_balance": -0.30291603158509162, "post_2300_share": 0.17591108074305931, "midnight_share_common_window": 0.046038391141427298, "night_tube_extension_share": 0.067959982483280404, "post_0100_share": 0.034031294834752597, "common_window_persistence": 0.072464046670457305, "weekend_common_ratio": 0.73252841349739661, "volume_band": "high", "cluster": 4, "Station": "Turnham Green", "mode_label": "LU", "tot_entry": 7096.3536503189953, "tot_exit": 13263.757819337428, "easting": 521265.8017, "northing": 178779.0811, "lon": -0.25455033012373313, "lat": 51.4949578319235, "coord_source": "underground_stations_csv", "catchment_area_m2": 1168373.5003166969, "station_in_lnwc_extent": true }, "geometry": { "type": "Polygon", "coordinates": [ [ [ -0.250396794593631, 51.488249614237048 ], [ -0.251470006618316, 51.488027783746368 ], [ -0.252572870729385, 51.487872683603491 ], [ -0.253694770398611, 51.487785806871571 ], [ -0.254824906099704, 51.48776798988068 ], [ -0.255952399122372, 51.487819404186467 ], [ -0.257066396143837, 51.487939554919159 ], [ -0.258156173558278, 51.488127285538795 ], [ -0.259211240566881, 51.488380788951225 ], [ -0.260221440042765, 51.488697624878476 ], [ -0.261177046205794, 51.489074743317971 ], [ -0.261258114239828, 51.489114174808797 ], [ -0.261742686776922, 51.498232368768342 ], [ -0.259462781653896, 51.501455849248032 ], [ -0.25870506527142, 51.501665906580236 ], [ -0.25763156475652, 51.501887800112904 ], [ -0.256528377141121, 51.502042944455226 ], [ -0.255406131385539, 51.502129844845477 ], [ -0.254275640315972, 51.502147664044386 ], [ -0.253147796299324, 51.50209623041151 ], [ -0.252033466146876, 51.501976039559302 ], [ -0.250943386266487, 51.501788249569522 ], [ -0.25019619474231, 51.501608711596589 ], [ -0.250355381021123, 51.488261094904999 ], [ -0.250396794593631, 51.488249614237048 ] ] ] } },
{ "type": "Feature", "properties": { "NLC": 735, "total_activity": 36384.94334657376, "log_total_activity": 10.501937807243875, "direction_balance": -0.51018665257006057, "post_2300_share": 0.16919304156600959, "midnight_share_common_window": 0.046740863044769397, "night_tube_extension_share": 0.072054255209260898, "post_0100_share": 0.035137586951118599, "common_window_persistence": 0.074428642894042801, "weekend_common_ratio": 0.80695564959342547, "volume_band": "high", "cluster": 4, "Station": "Turnpike Lane", "mode_label": "LU", "tot_entry": 8910.9154483170005, "tot_exit": 27474.027898256769, "easting": 531512.729, "northing": 189637.9518, "lon": -0.1029721135418456, "lat": 51.590252328536288, "coord_source": "underground_stations_csv", "catchment_area_m2": 1684650.0355140381, "station_in_lnwc_extent": true }, "geometry": { "type": "Polygon", "coordinates": [ [ [ -0.09151587088119, 51.589361457323115 ], [ -0.091711301109374, 51.588666293923289 ], [ -0.092015167427917, 51.5879864093611 ], [ -0.092424539075471, 51.58732835042909 ], [ -0.092935469833818, 51.586698453483358 ], [ -0.093543036175908, 51.58610278346363 ], [ -0.094241384796695, 51.585547075535118 ], [ -0.095023789064569, 51.585036679911795 ], [ -0.095882713846669, 51.584576510390889 ], [ -0.096785232548649, 51.584181780742071 ], [ -0.104948826451541, 51.583175785446024 ], [ -0.105517068371025, 51.583237710830808 ], [ -0.106608452633751, 51.583426863851265 ], [ -0.107664833001532, 51.583681740726782 ], [ -0.108676039700739, 51.583999887963799 ], [ -0.109632337244975, 51.584378242941717 ], [ -0.110524518078372, 51.584813163357339 ], [ -0.111343991168178, 51.585300462246003 ], [ -0.112082864696625, 51.585835448244623 ], [ -0.112734022057346, 51.586412970710974 ], [ -0.113291190424753, 51.587027469266872 ], [ -0.113749001234757, 51.587673027291096 ], [ -0.11410304199167, 51.588343428848106 ], [ -0.114349898898382, 51.589032218507249 ], [ -0.114487189894045, 51.589732763477173 ], [ -0.114513587774923, 51.59043831745916 ], [ -0.114459880298743, 51.590884285547311 ], [ -0.098360213672568, 51.596842540698219 ], [ -0.098278019422453, 51.596822707824309 ], [ -0.097266605261307, 51.596504469469835 ], [ -0.096310161055184, 51.596126012900562 ], [ -0.095417899996087, 51.595690984323859 ], [ -0.094598416199792, 51.595203574860896 ], [ -0.093859601895513, 51.594668480124099 ], [ -0.093208571413663, 51.594090854934471 ], [ -0.092651592703944, 51.593476263617703 ], [ -0.092194027042005, 51.592830626359849 ], [ -0.091840277502636, 51.592160162141326 ], [ -0.091593746691615, 51.591471328800822 ], [ -0.091456804138118, 51.590770760808347 ], [ -0.091430763655447, 51.590065205347337 ], [ -0.09151587088119, 51.589361457323115 ] ] ] } },
{ "type": "Feature", "properties": { "NLC": 736, "total_activity": 15221.721141599961, "log_total_activity": 9.6305444026624745, "direction_balance": -0.51898665766293772, "post_2300_share": 0.1055330262344243, "midnight_share_common_window": 0.034112272373864397, "night_tube_extension_share": 0.018363095985953901, "post_0100_share": 0.0121694671488562, "common_window_persistence": 0.046645582711457002, "weekend_common_ratio": 0.77539774444327481, "volume_band": "medium", "cluster": 0, "Station": "Upminster", "mode_label": "LO,LU", "tot_entry": 3660.9254812218619, "tot_exit": 11560.7956603781, "easting": 556146.114, "northing": 186868.40630000099, "lon": 0.25111551581131542, "lat": 51.559087654869337, "coord_source": "underground_stations_csv", "catchment_area_m2": 1785366.358830539, "station_in_lnwc_extent": true }, "geometry": { "type": "Polygon", "coordinates": [ [ [ 0.262555885984994, 51.558162391239378 ], [ 0.262355221327893, 51.557467881109922 ], [ 0.262046324129356, 51.556788974682746 ], [ 0.261632173558136, 51.556132209310036 ], [ 0.261116761804357, 51.555503908873071 ], [ 0.260505055490717, 51.554910122923168 ], [ 0.259802947728892, 51.554356568472166 ], [ 0.259017201287179, 51.553848574990965 ], [ 0.258155383419696, 51.553391033143896 ], [ 0.257225792986369, 51.552988347749817 ], [ 0.256237380565698, 51.552644395421503 ], [ 0.255199662328273, 51.552362487287837 ], [ 0.254122628497735, 51.552145337156645 ], [ 0.253016647276618, 51.551995035422337 ], [ 0.251892365157057, 51.551913028967974 ], [ 0.250760604570204, 51.551900107254248 ], [ 0.2496322598531, 51.5519563947283 ], [ 0.248518192527497, 51.552081349625098 ], [ 0.247429126891581, 51.552273769172835 ], [ 0.246375546922669, 51.552531801152753 ], [ 0.245367595476701, 51.552852961703017 ], [ 0.244414976748939, 51.553234159196442 ], [ 0.244004372827338, 51.553436461491557 ], [ 0.242937534874799, 51.564148727185675 ], [ 0.243212015518301, 51.564326219931736 ], [ 0.24407389698709, 51.564783870106368 ], [ 0.245003618319966, 51.565186657488255 ], [ 0.245992223908035, 51.565530701545342 ], [ 0.247030190157392, 51.565812687623655 ], [ 0.248107517313437, 51.566029898919972 ], [ 0.249213825901299, 51.56618024268937 ], [ 0.250338456848325, 51.566262270433391 ], [ 0.251470574318115, 51.56627519187321 ], [ 0.252599270258816, 51.566218882572166 ], [ 0.253713669651349, 51.56609388513413 ], [ 0.25480303543638, 51.565901403965739 ], [ 0.25585687210203, 51.5656432936538 ], [ 0.256865026927648, 51.565322041070374 ], [ 0.257817787902204, 51.564940741379466 ], [ 0.258705977368849, 51.564503068177963 ], [ 0.259521040489433, 51.564013238060177 ], [ 0.260255127674034, 51.563475969949721 ], [ 0.260901170180034, 51.56289643959245 ], [ 0.261452948152565, 51.5622802296513 ], [ 0.261905150452449, 51.56163327588564 ], [ 0.26225342569822, 51.560961809935989 ], [ 0.26249442403486, 51.560272299266742 ], [ 0.262625829232202, 51.559571384847203 ], [ 0.262646380810214, 51.558865817172219 ], [ 0.262555885984994, 51.558162391239378 ] ] ] } },
{ "type": "Feature", "properties": { "NLC": 737, "total_activity": 1985.2237864018125, "log_total_activity": 7.59399052023171, "direction_balance": -0.58356740059396639, "post_2300_share": 0.12160784748128679, "midnight_share_common_window": 0.041169921632741302, "night_tube_extension_share": 0.0291803459269642, "post_0100_share": 0.021632672396111201, "common_window_persistence": 0.057955029681844301, "weekend_common_ratio": 0.53026827727703818, "volume_band": "low", "cluster": 0, "Station": "Upminster Bridge", "mode_label": "LU", "tot_entry": 413.35595088699762, "tot_exit": 1571.8678355148138, "easting": 555088.411, "northing": 186770.1083, "lon": 0.23582667980199251, "lat": 51.558496054141202, "coord_source": "underground_stations_csv", "catchment_area_m2": 1671987.5408737985, "station_in_lnwc_extent": true }, "geometry": { "type": "Polygon", "coordinates": [ [ [ 0.243730054205089, 51.553257983864746 ], [ 0.242868397664827, 51.552800327657536 ], [ 0.241938950742776, 51.55239751928714 ], [ 0.240950662638042, 51.55205343655016 ], [ 0.23991304832646, 51.551771391830954 ], [ 0.23883609703297, 51.551554100251948 ], [ 0.237730176166992, 51.551403653568947 ], [ 0.236605931640708, 51.551321500059906 ], [ 0.235474185524008, 51.551308430600749 ], [ 0.234345832014815, 51.551364571060383 ], [ 0.233231732719239, 51.551489381088494 ], [ 0.232142612242494, 51.551681659307448 ], [ 0.231088955088677, 51.551939554858649 ], [ 0.23024901435086, 51.552207048842938 ], [ 0.224686077771974, 51.560334328086491 ], [ 0.22489406714294, 51.560792310708912 ], [ 0.225307736626162, 51.561449211125336 ], [ 0.225822729247438, 51.562077673414464 ], [ 0.226434088279863, 51.562671643816465 ], [ 0.227135928055341, 51.563225400600416 ], [ 0.227921490567714, 51.563733609224329 ], [ 0.228783210513887, 51.564191373769631 ], [ 0.229712788148138, 51.564594284152783 ], [ 0.230701269248169, 51.564938458656862 ], [ 0.231739131421444, 51.565220581371022 ], [ 0.232816375917837, 51.565437934175442 ], [ 0.233922624060303, 51.565588422961554 ], [ 0.235047217359609, 51.565670597833318 ], [ 0.236179320342712, 51.565683667093907 ], [ 0.237308025097509, 51.565627504882031 ], [ 0.238422456519721, 51.56550265238392 ], [ 0.23951187724069, 51.565310312609306 ], [ 0.240565791218102, 51.565052338782401 ], [ 0.241574044984921, 51.564731216459968 ], [ 0.242526925575047, 51.564350039550938 ], [ 0.242937633057862, 51.56414774151289 ], [ 0.244004470971416, 51.553435475816741 ], [ 0.243730054205089, 51.553257983864746 ] ] ] } },
{ "type": "Feature", "properties": { "NLC": 738, "total_activity": 7671.4636416742351, "log_total_activity": 8.9453930476979426, "direction_balance": -0.50992806513152256, "post_2300_share": 0.12439735201386851, "midnight_share_common_window": 0.049237022035104099, "night_tube_extension_share": 0.0207461131860622, "post_0100_share": 0.0141031337850657, "common_window_persistence": 0.0718183334197946, "weekend_common_ratio": 0.69372729665228816, "volume_band": "low", "cluster": 0, "Station": "Upney", "mode_label": "LU", "tot_entry": 1879.7845150742348, "tot_exit": 5791.6791265999991, "easting": 545845.6808, "northing": 184254.34490000099, "lon": 0.1015536636074823, "lat": 51.538354571191448, "coord_source": "underground_stations_csv", "catchment_area_m2": 1986932.0038579521, "station_in_lnwc_extent": true }, "geometry": { "type": "Polygon", "coordinates": [ [ [ 0.112992298040276, 51.537443918552619 ], [ 0.112794004733054, 51.536749123842974 ], [ 0.112487472623186, 51.53606979488508 ], [ 0.112075658111938, 51.535412473109965 ], [ 0.111562530906513, 51.534783487765807 ], [ 0.110953035647225, 51.534188895007091 ], [ 0.110253044174858, 51.53363441962108 ], [ 0.109469298902293, 51.533125399951274 ], [ 0.108609347838757, 51.532666736546183 ], [ 0.107681471894093, 51.532262845025365 ], [ 0.106694605163304, 51.531917613614439 ], [ 0.105658248957755, 51.531634365755984 ], [ 0.104582380408198, 51.531415828153655 ], [ 0.103477356515789, 51.531264104555966 ], [ 0.102353814569857, 51.531180655530122 ], [ 0.101222569885314, 51.531166284419463 ], [ 0.100094511837593, 51.531221129619077 ], [ 0.098980499188988, 51.531344663243132 ], [ 0.097891255706912, 51.531535696197118 ], [ 0.096837267071853, 51.531792389606352 ], [ 0.095828680060843, 51.532112272491659 ], [ 0.094875204970949, 51.532492265523317 ], [ 0.093986022217042, 51.532928710626052 ], [ 0.093169693999016, 51.53341740615214 ], [ 0.092434081886063, 51.533953647285578 ], [ 0.091786271110086, 51.534532271291205 ], [ 0.091232502297143, 51.535147707174595 ], [ 0.090778111295677, 51.535794029277262 ], [ 0.090427477683763, 51.536465014293121 ], [ 0.090395676134872, 51.53655502629681 ], [ 0.09133827628173, 51.54167347344292 ], [ 0.091543212244308, 51.541924815980011 ], [ 0.092152563675387, 51.542519510560602 ], [ 0.092852477721475, 51.543074094137445 ], [ 0.09363621494514, 51.543583224209279 ], [ 0.094496227646473, 51.544041995984941 ], [ 0.095424232546927, 51.544445989680248 ], [ 0.096411290595797, 51.544791313143079 ], [ 0.097447893129478, 51.545074639393334 ], [ 0.098524053550962, 51.545293238714805 ], [ 0.09962940364262, 51.545445004987137 ], [ 0.100753293579467, 51.545528476003206 ], [ 0.101884894673495, 51.545542847574566 ], [ 0.103013303852651, 51.545487981288446 ], [ 0.104127648860856, 51.545364405840978 ], [ 0.105217193158305, 51.545173311933972 ], [ 0.10627143950434, 51.544916540784463 ], [ 0.107280231218242, 51.544596566359161 ], [ 0.108233850136328, 51.544216471505635 ], [ 0.109123110316491, 51.543779918212053 ], [ 0.109939446583389, 51.54329111228396 ], [ 0.110674997058519, 51.542754762779921 ], [ 0.111322678878687, 51.542176036599813 ], [ 0.111876256373536, 51.54156050866456 ], [ 0.11233040104687, 51.540914108170078 ], [ 0.112680742786865, 51.540243061435078 ], [ 0.112923911816107, 51.539553831894615 ], [ 0.11305757098268, 51.538853057819857 ], [ 0.113080438087566, 51.538147488364054 ], [ 0.112992298040276, 51.537443918552619 ] ] ] } },
{ "type": "Feature", "properties": { "NLC": 739, "total_activity": 46666.767373481482, "log_total_activity": 10.750808999219776, "direction_balance": -0.37540490199185511, "post_2300_share": 0.1229423804319843, "midnight_share_common_window": 0.043921887350563397, "night_tube_extension_share": 0.0155645437765617, "post_0100_share": 0.010204621443592901, "common_window_persistence": 0.066284728642294899, "weekend_common_ratio": 0.8418304485131588, "volume_band": "high", "cluster": 4, "Station": "Upton Park", "mode_label": "LU", "tot_entry": 14573.917070681486, "tot_exit": 32092.850302800009, "easting": 541254.2061, "northing": 183793.48520000101, "lon": 0.0352101576549693, "lat": 51.535380041041932, "coord_source": "underground_stations_csv", "catchment_area_m2": 1839649.680581033, "station_in_lnwc_extent": true }, "geometry": { "type": "Polygon", "coordinates": [ [ [ 0.046146754952023, 51.533101420549031 ], [ 0.045735917896375, 51.532443854765319 ], [ 0.045223731836104, 51.531814568496436 ], [ 0.044615132357259, 51.531219620797742 ], [ 0.043915982684589, 51.530664739876876 ], [ 0.043133017135727, 51.530155267984057 ], [ 0.042273776222948, 51.529696110023309 ], [ 0.041346534029167, 51.529291686376354 ], [ 0.040360218557774, 51.528945890392052 ], [ 0.039324325822032, 51.528662050947737 ], [ 0.038248828498725, 51.528442900441256 ], [ 0.037144080021694, 51.528290548519998 ], [ 0.036020715033671, 51.528206461798007 ], [ 0.034889547148948, 51.528191449755504 ], [ 0.033761465004556, 51.528245656955335 ], [ 0.032647327593676, 51.528368561651305 ], [ 0.031557859881705, 51.528558980801385 ], [ 0.030503549702825, 51.52881508143804 ], [ 0.029494546922946, 51.52913439828729 ], [ 0.028540565833743, 51.529513857467727 ], [ 0.028229278345266, 51.529666375784515 ], [ 0.023961434956806, 51.536957679185548 ], [ 0.023967215795608, 51.536978078321894 ], [ 0.024272442329, 51.537657652687912 ], [ 0.024683021133786, 51.538315295965418 ], [ 0.025195001832849, 51.538944673574612 ], [ 0.025803456732059, 51.539539722949975 ], [ 0.026502528162778, 51.540094711976494 ], [ 0.027285484814172, 51.540604294249462 ], [ 0.028144786515893, 51.541063560623087 ], [ 0.029072156848939, 51.541468086549337 ], [ 0.030058662885603, 51.541813974748855 ], [ 0.031094801289307, 51.542097892800534 ], [ 0.032170589942384, 51.542317105285655 ], [ 0.033275664215352, 51.542469500175038 ], [ 0.034399376945324, 51.542553609203402 ], [ 0.03553090115448, 51.542568622033308 ], [ 0.036659334512435, 51.542514394071631 ], [ 0.037773804529072, 51.54239144786245 ], [ 0.038863573457135, 51.542200968043147 ], [ 0.039918141886879, 51.541944789912691 ], [ 0.040927350027957, 51.541625381723129 ], [ 0.041714645668877, 51.541312188549782 ], [ 0.046317562769859, 51.533481310994318 ], [ 0.046146754952023, 51.533101420549031 ] ] ] } },
{ "type": "Feature", "properties": { "NLC": 740, "total_activity": 15924.512619700001, "log_total_activity": 9.6756776695423845, "direction_balance": -0.2564146374469653, "post_2300_share": 0.1311320445698726, "midnight_share_common_window": 0.045642090056880802, "night_tube_extension_share": 0.026122598918359202, "post_0100_share": 0.0155611144477631, "common_window_persistence": 0.066666678039691299, "weekend_common_ratio": 0.76996779231341683, "volume_band": "medium", "cluster": 4, "Station": "Uxbridge", "mode_label": "LU", "tot_entry": 5920.6172449000042, "tot_exit": 10003.895374799989, "easting": 505661.0034, "northing": 184161.1754, "lon": -0.47763478482927529, "lat": 51.546462227221149, "coord_source": "underground_stations_csv", "catchment_area_m2": 2007391.0339493849, "station_in_lnwc_extent": true }, "geometry": { "type": "Polygon", "coordinates": [ [ [ -0.466181482747473, 51.545607964752293 ], [ -0.46637100847227, 51.544912127092154 ], [ -0.466668999178615, 51.544231222252158 ], [ -0.467072580665423, 51.543571806874716 ], [ -0.467577862439418, 51.542940230400532 ], [ -0.468179975327977, 51.542342573961818 ], [ -0.468873118488344, 51.541784591867568 ], [ -0.469650615356033, 51.541271656241911 ], [ -0.470504977990443, 51.540808705347345 ], [ -0.471427979196203, 51.540400196087283 ], [ -0.472410731725357, 51.540050061144129 ], [ -0.473443773798826, 51.539761671162168 ], [ -0.474517160126096, 51.539537802338259 ], [ -0.47562055755052, 51.53938060972996 ], [ -0.476743344404226, 51.53929160653643 ], [ -0.477874712621901, 51.539271649550621 ], [ -0.479003771636887, 51.539320930921463 ], [ -0.480119653066368, 51.539438976305313 ], [ -0.481211615185032, 51.53962464942397 ], [ -0.482269146188532, 51.539876162986047 ], [ -0.483282065259382, 51.540191095867222 ], [ -0.48424062046843, 51.540566416385232 ], [ -0.485135582574652, 51.540998511446844 ], [ -0.485958333824391, 51.541483221288381 ], [ -0.486700950898073, 51.542015879477098 ], [ -0.48735628120738, 51.542591357790357 ], [ -0.487918011808447, 51.543204115543155 ], [ -0.488380730266268, 51.543848252890747 ], [ -0.488739976881575, 51.544517567595726 ], [ -0.488992287773308, 51.545205614714376 ], [ -0.489135228396668, 51.54590576862946 ], [ -0.489167417167832, 51.546611286833624 ], [ -0.489088538960991, 51.547315374849454 ], [ -0.488899348340317, 51.548011251662246 ], [ -0.488601662488209, 51.548692215034798 ], [ -0.488198343890381, 51.549351706075306 ], [ -0.487693272937429, 51.549983372435406 ], [ -0.48709131070024, 51.550581129528595 ], [ -0.486398252232125, 51.55113921917782 ], [ -0.485620770842891, 51.551652265125639 ], [ -0.484766353878309, 51.552115324869952 ], [ -0.483843230621626, 51.552523937324302 ], [ -0.482860293011147, 51.552874165840613 ], [ -0.481827009938521, 51.553162636178627 ], [ -0.480753335955725, 51.553386569053387 ], [ -0.479649615273845, 51.553543806945996 ], [ -0.478526481983359, 51.553632834916939 ], [ -0.47739475746295, 51.55365279522119 ], [ -0.476265345971796, 51.553603495582209 ], [ -0.475149129438171, 51.55348541104572 ], [ -0.474056862465255, 51.553299679394513 ], [ -0.472999068572774, 51.553048090169341 ], [ -0.47198593868089, 51.552733067402244 ], [ -0.471027232820487, 51.552357646229744 ], [ -0.470132186022036, 51.551925443613158 ], [ -0.46930941929387, 51.551440623449437 ], [ -0.468566856550386, 51.550907856410987 ], [ -0.467911648292022, 51.55033227490344 ], [ -0.467350102772292, 51.549719423577521 ], [ -0.466887625313631, 51.549075205873883 ], [ -0.466528666353843, 51.548405827118025 ], [ -0.466276678719548, 51.547717734715121 ], [ -0.466134084532945, 51.547017556022588 ], [ -0.466102252064487, 51.546312034500005 ], [ -0.466181482747473, 51.545607964752293 ] ] ] } },
{ "type": "Feature", "properties": { "NLC": 741, "total_activity": 247086.36686834096, "log_total_activity": 12.41749726508634, "direction_balance": -0.037804952554423801, "post_2300_share": 0.1119920502973336, "midnight_share_common_window": 0.024617966553146398, "night_tube_extension_share": 0.019223759839701201, "post_0100_share": 0.0091024857815896996, "common_window_persistence": 0.0377225945406994, "weekend_common_ratio": 0.93874956164275125, "volume_band": "high", "cluster": 2, "Station": "Victoria LU", "mode_label": "LU", "tot_entry": 118872.6392460192, "tot_exit": 128213.72762232184, "easting": 528998.7715, "northing": 179129.9345, "lon": -0.14308928980094829, "lat": 51.496400978592632, "coord_source": "underground_stations_csv", "catchment_area_m2": 924941.20810873294, "station_in_lnwc_extent": true }, "geometry": { "type": "Polygon", "coordinates": [ [ [ -0.145622498011356, 51.489385270489521 ], [ -0.14581499688959, 51.4894186281686 ], [ -0.152004349229026, 51.497279435126657 ], [ -0.145504956184378, 51.501689097081488 ], [ -0.141466826400082, 51.501606856635519 ], [ -0.135225296693011, 51.494326347727913 ], [ -0.145208152629598, 51.48934017794965 ], [ -0.145622498011356, 51.489385270489521 ] ] ] } },
{ "type": "Feature", "properties": { "NLC": 742, "total_activity": 53582.330323663278, "log_total_activity": 10.888993297263729, "direction_balance": -0.47543160013941599, "post_2300_share": 0.1629503463146306, "midnight_share_common_window": 0.045228419845931803, "night_tube_extension_share": 0.073185236662857797, "post_0100_share": 0.036189187811234501, "common_window_persistence": 0.069046228809808, "weekend_common_ratio": 0.78886316424642655, "volume_band": "high", "cluster": 4, "Station": "Walthamstow Central", "mode_label": "LO,LU", "tot_entry": 14053.798639342647, "tot_exit": 39528.531684320667, "easting": 537176.4746, "northing": 188994.332599999, "lon": -0.0215170203946605, "lat": 51.583119606620031, "coord_source": "underground_stations_csv", "catchment_area_m2": 1131781.2445579646, "station_in_lnwc_extent": true }, "geometry": { "type": "Polygon", "coordinates": [ [ [ -0.010566045992664, 51.580846140712815 ], [ -0.010976519694549, 51.580188377222456 ], [ -0.011488484340449, 51.579558845529505 ], [ -0.012097006459907, 51.578963607053048 ], [ -0.012796223557828, 51.578408392800227 ], [ -0.013579400653851, 51.577898548229776 ], [ -0.014438995187491, 51.577438981832138 ], [ -0.01469567037382, 51.577326970088144 ], [ -0.029231733552545, 51.586230941373991 ], [ -0.030025981097042, 51.587969303170681 ], [ -0.029456458751603, 51.588340142808541 ], [ -0.028596803984615, 51.588799817851758 ], [ -0.027668941702816, 51.589204784320494 ], [ -0.02668180956685, 51.589551140688812 ], [ -0.025644916941585, 51.589835550022393 ], [ -0.024568253210318, 51.590055272166431 ], [ -0.023462191435453, 51.590208190178558 ], [ -0.022337388298673, 51.590292830750698 ], [ -0.021204681290457, 51.590308378421824 ], [ -0.020074984146037, 51.590254683443803 ], [ -0.018959181542193, 51.590132263224234 ], [ -0.017868024076689, 51.589942297332072 ], [ -0.016812024549227, 51.589686616114918 ], [ -0.01580135654991, 51.589367683038134 ], [ -0.014845756338328, 51.588988570917522 ], [ -0.013954428963736, 51.588552932275732 ], [ -0.013708766177171, 51.588406470798745 ], [ -0.010423520230219, 51.581163720728185 ], [ -0.010566045992664, 51.580846140712815 ] ] ] } },
{ "type": "Feature", "properties": { "NLC": 743, "total_activity": 7504.4547325902049, "log_total_activity": 8.923385332850307, "direction_balance": -0.4775603217459754, "post_2300_share": 0.16471071308536889, "midnight_share_common_window": 0.049105477495341499, "night_tube_extension_share": 0.051564515924749497, "post_0100_share": 0.025133765837499, "common_window_persistence": 0.075513103640905299, "weekend_common_ratio": 0.7989121758346035, "volume_band": "low", "cluster": 4, "Station": "Wanstead", "mode_label": "LU", "tot_entry": 1960.3124579831599, "tot_exit": 5544.1422746070457, "easting": 540673.1526, "northing": 188253.50730000099, "lon": 0.0286206777652704, "lat": 51.575601612896037, "coord_source": "underground_stations_csv", "catchment_area_m2": 1421248.7453322767, "station_in_lnwc_extent": true }, "geometry": { "type": "Polygon", "coordinates": [ [ [ 0.03733476567281, 51.57088673956391 ], [ 0.036551168668925, 51.570377233793401 ], [ 0.035691222867437, 51.569918038158761 ], [ 0.034763209138942, 51.569513573402205 ], [ 0.033776062914026, 51.569167733266184 ], [ 0.032739288201264, 51.568883847051012 ], [ 0.031662866164068, 51.568664647602986 ], [ 0.030557159132774, 51.568512245039052 ], [ 0.029432810971145, 51.568428106459628 ], [ 0.028300644750627, 51.568413041843293 ], [ 0.027171558710897, 51.568467196258673 ], [ 0.026056421501244, 51.568590048467804 ], [ 0.024965967704105, 51.568780415934455 ], [ 0.023910694639455, 51.569036466189665 ], [ 0.022900761436812, 51.569355734445864 ], [ 0.021945891340431, 51.56973514729119 ], [ 0.021055278183051, 51.570171052237733 ], [ 0.020237497924536, 51.570659252840585 ], [ 0.01950042610424, 51.571195049052193 ], [ 0.018851162000402, 51.571773282425127 ], [ 0.018295960226755, 51.572388385730797 ], [ 0.017840170426389, 51.573034436518192 ], [ 0.017488185646357, 51.573705214099256 ], [ 0.017405919028503, 51.573936787991791 ], [ 0.032610312579232, 51.582341679282024 ], [ 0.033332040072874, 51.582166548723734 ], [ 0.034342179185715, 51.581847189017537 ], [ 0.035297194278093, 51.581467674364397 ], [ 0.036187885945157, 51.581031661164687 ], [ 0.036527860025743, 51.580828660774884 ], [ 0.037503201480344, 51.571020322189483 ], [ 0.03733476567281, 51.57088673956391 ] ] ] } },
{ "type": "Feature", "properties": { "NLC": 745, "total_activity": 49928.544583632829, "log_total_activity": 10.818368182356178, "direction_balance": 0.41502292206261249, "post_2300_share": 0.1190547433051633, "midnight_share_common_window": 0.027337438466432801, "night_tube_extension_share": 0.059397354250547998, "post_0100_share": 0.025806094706811299, "common_window_persistence": 0.039842140527865, "weekend_common_ratio": 0.55822187053091898, "volume_band": "high", "cluster": 2, "Station": "Warren Street", "mode_label": "LU", "tot_entry": 35325.017525532763, "tot_exit": 14603.527058100046, "easting": 529248.7448, "northing": 182266.0339, "lon": -0.13834177714005541, "lat": 51.524527123997757, "coord_source": "underground_stations_csv", "catchment_area_m2": 209142.7616860866, "station_in_lnwc_extent": true }, "geometry": { "type": "Polygon", "coordinates": [ [ [ -0.14036993347044, 51.52096756050237 ], [ -0.142687932370912, 51.528851147254272 ], [ -0.140358615780067, 51.527897684604163 ], [ -0.134877971773876, 51.523145012510085 ], [ -0.14036993347044, 51.52096756050237 ] ] ] } },
{ "type": "Feature", "properties": { "NLC": 746, "total_activity": 13029.563186224699, "log_total_activity": 9.4750528914584127, "direction_balance": -0.24650981580874831, "post_2300_share": 0.1186805097352425, "midnight_share_common_window": 0.029909850460626199, "night_tube_extension_share": 0.0031512364518567, "post_0100_share": 0.0017112344556240999, "common_window_persistence": 0.0466261179485674, "weekend_common_ratio": 0.82104542258605351, "volume_band": "medium", "cluster": 4, "Station": "Warwick Avenue", "mode_label": "LU", "tot_entry": 4908.8239825599994, "tot_exit": 8120.7392036647007, "easting": 526112.4036, "northing": 182039.408, "lon": -0.18360675558678699, "lat": 51.523198862105232, "coord_source": "underground_stations_csv", "catchment_area_m2": 707382.17443372426, "station_in_lnwc_extent": true }, "geometry": { "type": "Polygon", "coordinates": [ [ [ -0.174515459297806, 51.527621531392427 ], [ -0.174087448325802, 51.527242128326293 ], [ -0.177388020140642, 51.52095659430708 ], [ -0.181072150714598, 51.519311086362102 ], [ -0.193026038967113, 51.523995419645019 ], [ -0.193463281657193, 51.525305482679876 ], [ -0.174741009507722, 51.527784760419017 ], [ -0.174515459297806, 51.527621531392427 ] ] ] } },
{ "type": "Feature", "properties": { "NLC": 747, "total_activity": 311619.13589489303, "log_total_activity": 12.649540211862943, "direction_balance": -0.091829129549104604, "post_2300_share": 0.1282323793918643, "midnight_share_common_window": 0.029476841351815199, "night_tube_extension_share": 0.022211845367769802, "post_0100_share": 0.0103813225482119, "common_window_persistence": 0.046021915461767197, "weekend_common_ratio": 0.76794138967469527, "volume_band": "high", "cluster": 2, "Station": "Waterloo LU", "mode_label": "LU", "tot_entry": 141501.71094741041, "tot_exit": 170117.42494748259, "easting": 530968.1802, "northing": 179961.9154, "lon": -0.11442663408154639, "lat": 51.503425257203759, "coord_source": "underground_stations_csv", "catchment_area_m2": 438507.56873594463, "station_in_lnwc_extent": true }, "geometry": { "type": "Polygon", "coordinates": [ [ [ -0.109423019399804, 51.501862126090202 ], [ -0.118865236712033, 51.500101390924172 ], [ -0.120809371755303, 51.503557673842685 ], [ -0.115920376006445, 51.507219069626458 ], [ -0.110725101052163, 51.507172208427598 ], [ -0.109423019399804, 51.501862126090202 ] ] ] } },
{ "type": "Feature", "properties": { "NLC": 748, "total_activity": 5514.1508986170002, "log_total_activity": 8.6152542928032201, "direction_balance": -0.57949975354944461, "post_2300_share": 0.1193544699456932, "midnight_share_common_window": 0.045183876822939797, "night_tube_extension_share": 0.0109266712158012, "post_0100_share": 0.0065575118686847997, "common_window_persistence": 0.064617967119845104, "weekend_common_ratio": 0.69421321409355474, "volume_band": "low", "cluster": 0, "Station": "Watford", "mode_label": "LU", "tot_entry": 1159.3509059170001, "tot_exit": 4354.7999927000019, "easting": 509569.47, "northing": 196595.9617, "lon": -0.41741206352620169, "lat": 51.65748010048808, "coord_source": "underground_stations_csv", "catchment_area_m2": 2007391.0339493849, "station_in_lnwc_extent": false }, "geometry": { "type": "Polygon", "coordinates": [ [ [ -0.405932099731443, 51.656619744452541 ], [ -0.406123044999023, 51.655924028817459 ], [ -0.406422698220055, 51.655243303520976 ], [ -0.406828169160043, 51.654584123469533 ], [ -0.4073355491124, 51.653952835830083 ], [ -0.407939948687323, 51.653355518945602 ], [ -0.408635545016121, 51.65279792384743 ], [ -0.409415637911897, 51.652285418925537 ], [ -0.410272714442535, 51.651822938287914 ], [ -0.411198521292354, 51.65141493430361 ], [ -0.412184144215246, 51.651065334784263 ], [ -0.413220093815293, 51.65077750521457 ], [ -0.414296396831403, 51.650554216392443 ], [ -0.41540269205082, 51.650397617789324 ], [ -0.416528329932944, 51.650309216884892 ], [ -0.417662474990217, 51.650289864674285 ], [ -0.418794209946979, 51.650339747486093 ], [ -0.419912640680596, 51.650458385189538 ], [ -0.421007000941811, 51.650644635808206 ], [ -0.422066755853345, 51.650896706495978 ], [ -0.423081703197134, 51.651212170770485 ], [ -0.424042071521254, 51.651587991839463 ], [ -0.424938614127316, 51.65202055179666 ], [ -0.425762698037682, 51.652505686408411 ], [ -0.426506387088909, 51.653038725157721 ], [ -0.427162518352981, 51.653614536162586 ], [ -0.427724771150697, 51.654227575538584 ], [ -0.428187727991401, 51.654871940732043 ], [ -0.428546926849579, 51.655541427313118 ], [ -0.428798904270895, 51.656229588683182 ], [ -0.428941228887415, 51.656929798123663 ], [ -0.428972525013057, 51.657635312589832 ], [ -0.428892486085162, 51.65833933763637 ], [ -0.428701877815287, 51.659035092849884 ], [ -0.428402531011281, 51.659715877158092 ], [ -0.427997324132203, 51.660375133386822 ], [ -0.427490155736933, 51.661006511441649 ], [ -0.42688590708525, 51.661603929504942 ], [ -0.426190395245949, 51.662161632657195 ], [ -0.425410317159043, 51.662674248355913 ], [ -0.42455318518755, 51.663136838236035 ], [ -0.423627254777706, 51.663544945730429 ], [ -0.422641444923966, 51.663894639049552 ], [ -0.421605252205893, 51.664182549104055 ], [ -0.420528659227467, 51.664405902003061 ], [ -0.419422038344534, 51.6645625458127 ], [ -0.418296051612763, 51.664650971315972 ], [ -0.417161547925808, 51.664670326572448 ], [ -0.416029458341267, 51.664620425136526 ], [ -0.414910690609926, 51.664501747854651 ], [ -0.413816023931674, 51.664315438224243 ], [ -0.412756004959224, 51.664063291359184 ], [ -0.411740846058357, 51.663747736669322 ], [ -0.410780326811013, 51.663371814421495 ], [ -0.409883699715478, 51.662939146410224 ], [ -0.409059600996269, 51.662453901021649 ], [ -0.408315967385924, 51.661920753029833 ], [ -0.407659959681897, 51.661344838514886 ], [ -0.407097893815043, 51.660731705339138 ], [ -0.406635180092367, 51.660087259660834 ], [ -0.406276271196498, 51.659417709002902 ], [ -0.406024619438679, 51.658729502426354 ], [ -0.405882643671783, 51.658029268387018 ], [ -0.405851706175797, 51.657323750874966 ], [ -0.405932099731443, 51.656619744452541 ] ] ] } },
{ "type": "Feature", "properties": { "NLC": 749, "total_activity": 4567.9701567990796, "log_total_activity": 8.4270431098717893, "direction_balance": 0.096902817481143599, "post_2300_share": 0.1698837396288736, "midnight_share_common_window": 0.077320383292648495, "night_tube_extension_share": 0.014931925990604999, "post_0100_share": 0.0094095403638201, "common_window_persistence": 0.1289185484431557, "weekend_common_ratio": 0.73619000044527738, "volume_band": "low", "cluster": 3, "Station": "Stratford High Street", "mode_label": "DLR", "tot_entry": 2505.3096675813454, "tot_exit": 2062.6604892177338, "easting": 538776.5, "northing": 184018.5, "lon": -0.0004, "lat": 51.538015, "coord_source": "naptan_rse_tmu", "catchment_area_m2": 663352.47064981272, "station_in_lnwc_extent": true }, "geometry": { "type": "Polygon", "coordinates": [ [ [ 0.010966569858564, 51.539225153925322 ], [ 0.011101798027779, 51.538524479303369 ], [ 0.011122630950095, 51.537923168644937 ], [ -0.004621359178721, 51.533387943060227 ], [ -0.007947063355184, 51.53748788419734 ], [ 0.003506340255031, 51.541893633020614 ], [ 0.010754500553824, 51.539822272665084 ], [ 0.010966569858564, 51.539225153925322 ] ] ] } },
{ "type": "Feature", "properties": { "NLC": 750, "total_activity": 5359.1593884757194, "log_total_activity": 8.5867489902786396, "direction_balance": -0.15248883407022071, "post_2300_share": 0.21219053451200981, "midnight_share_common_window": 0.1039849119993944, "night_tube_extension_share": 0.026122998561458, "post_0100_share": 0.01750177166759, "common_window_persistence": 0.1811693468120317, "weekend_common_ratio": 0.82810619064793223, "volume_band": "low", "cluster": 3, "Station": "Abbey Road", "mode_label": "DLR", "tot_entry": 2270.9737108652894, "tot_exit": 3088.1856776104291, "easting": 539082.5, "northing": 183401.0, "lon": 0.003765, "lat": 51.532395, "coord_source": "naptan_rse_tmu", "catchment_area_m2": 651535.3088335552, "station_in_lnwc_extent": true }, "geometry": { "type": "Polygon", "coordinates": [ [ [ 0.011321337799597, 51.53782373646397 ], [ 0.011684236609204, 51.537606995252929 ], [ 0.010110891074753, 51.530633907840006 ], [ -0.005489204523483, 51.529868751105568 ], [ -0.004621359178721, 51.533387943060227 ], [ 0.011119881437271, 51.537922376883536 ], [ 0.011321337799597, 51.53782373646397 ] ] ] } },
{ "type": "Feature", "properties": { "NLC": 751, "total_activity": 19956.647813721949, "log_total_activity": 9.9013676979172764, "direction_balance": -0.30778556863916962, "post_2300_share": 0.1005564366733033, "midnight_share_common_window": 0.027692227401656701, "night_tube_extension_share": 0.00036502494857760002, "post_0100_share": 0.0001934273277772, "common_window_persistence": 0.039202101885019998, "weekend_common_ratio": 0.86816474814382905, "volume_band": "medium", "cluster": 2, "Station": "Wembley Central", "mode_label": "LO,LU", "tot_entry": 6907.139809121948, "tot_exit": 13049.5080046, "easting": 518182.8112, "northing": 185084.709899999, "lon": -0.29682655954893378, "lat": 51.552281640277037, "coord_source": "underground_stations_csv", "catchment_area_m2": 1699465.7361588383, "station_in_lnwc_extent": true }, "geometry": { "type": "Polygon", "coordinates": [ [ [ -0.285375618514514, 51.551409744992725 ], [ -0.285567922203007, 51.550714226579771 ], [ -0.285868641224165, 51.550033807698988 ], [ -0.286274875117611, 51.549375040301605 ], [ -0.286782707867258, 51.548744267578151 ], [ -0.287387245759119, 51.548147562912476 ], [ -0.288082664625873, 51.547590671441668 ], [ -0.288862266018773, 51.54707895478321 ], [ -0.289718541762772, 51.54661733945931 ], [ -0.290643246271466, 51.54621026951277 ], [ -0.291627475925121, 51.545861663768612 ], [ -0.291800339988656, 51.545813732781411 ], [ -0.304972009043431, 51.547198093496078 ], [ -0.305170614904169, 51.547315663228318 ], [ -0.305483335374002, 51.547541065501427 ], [ -0.307083272913882, 51.555512964820601 ], [ -0.29357838282027, 51.559174636215133 ], [ -0.293221177824348, 51.559113310402125 ], [ -0.292164287523347, 51.558860099156028 ], [ -0.291152317089836, 51.558543525720467 ], [ -0.290195015362535, 51.558166640173638 ], [ -0.289301603819774, 51.557733073585339 ], [ -0.288480687689416, 51.557247002991694 ], [ -0.287740173030272, 51.556713111108358 ], [ -0.287087190585317, 51.556136541172229 ], [ -0.286528027140274, 51.555522847349067 ], [ -0.286068065047445, 51.554877941186923 ], [ -0.285711730494501, 51.554208034633035 ], [ -0.285462451012458, 51.553519580165435 ], [ -0.285322622626871, 51.552819208616924 ], [ -0.285293586962425, 51.552113665291998 ], [ -0.285375618514514, 51.551409744992725 ] ] ] } },
{ "type": "Feature", "properties": { "NLC": 752, "total_activity": 71749.072378698067, "log_total_activity": 11.1809441423837, "direction_balance": -0.28752724221633769, "post_2300_share": 0.16660916423453531, "midnight_share_common_window": 0.045944728900675399, "night_tube_extension_share": 0.058751909019934399, "post_0100_share": 0.032043602673311397, "common_window_persistence": 0.0758500520961332, "weekend_common_ratio": 1.0542749661768214, "volume_band": "high", "cluster": 3, "Station": "Wembley Park", "mode_label": "LU", "tot_entry": 25559.62973303529, "tot_exit": 46189.442645662763, "easting": 519315.8795, "northing": 186388.4845, "lon": -0.28005006150968609, "lat": 51.56376083873252, "coord_source": "underground_stations_csv", "catchment_area_m2": 1952170.0974701017, "station_in_lnwc_extent": true }, "geometry": { "type": "Polygon", "coordinates": [ [ [ -0.268596602122064, 51.56288728357859 ], [ -0.268789213787283, 51.562191796822177 ], [ -0.269090262050498, 51.5615114252778 ], [ -0.269496843279266, 51.560852720439456 ], [ -0.270005038112074, 51.560222024893896 ], [ -0.270609949348384, 51.559625411280479 ], [ -0.271305749226755, 51.559068623858295 ], [ -0.272085735631306, 51.558557023241875 ], [ -0.272942396682079, 51.558095534835182 ], [ -0.273867483085549, 51.557688601458267 ], [ -0.274852087548208, 51.557340140620695 ], [ -0.27588673048969, 51.557053506850679 ], [ -0.276961451232604, 51.556831459440531 ], [ -0.278065903794844, 51.556676135917272 ], [ -0.279189456367037, 51.556589031492045 ], [ -0.280321293523217, 51.556570984685024 ], [ -0.281450520187289, 51.556622169263044 ], [ -0.282566266361389, 51.556742092567575 ], [ -0.283657791615115, 51.556929600248516 ], [ -0.284714588336813, 51.557182887359154 ], [ -0.285726482759654, 51.557499515705956 ], [ -0.286683732796007, 51.557876437287526 ], [ -0.287577121743465, 51.558310023598374 ], [ -0.28839804696452, 51.55879610051759 ], [ -0.289138602689013, 51.559329988448326 ], [ -0.289791656143692, 51.559906547323742 ], [ -0.290350916275991, 51.560520226048602 ], [ -0.290810994408998, 51.561165115902284 ], [ -0.291167456240829, 51.561835007391601 ], [ -0.291416864683682, 51.562523450007347 ], [ -0.291556813124835, 51.5632238143112 ], [ -0.291585948783147, 51.563929355756244 ], [ -0.291503985929223, 51.564633279627245 ], [ -0.291340253453574, 51.565225553019175 ], [ -0.283844661590045, 51.570544461740987 ], [ -0.283139588000537, 51.570690137509743 ], [ -0.282034810787063, 51.570845505463645 ], [ -0.280910910830219, 51.570932633736248 ], [ -0.279778716905769, 51.570950682891002 ], [ -0.278649137800215, 51.570899479070768 ], [ -0.27753305705555, 51.570779515673635 ], [ -0.276441227959536, 51.570591948590398 ], [ -0.275384169800318, 51.570338585050557 ], [ -0.274372066391621, 51.570021866184767 ], [ -0.273414667852286, 51.569644843473057 ], [ -0.272521196591603, 51.5692111493073 ], [ -0.271700258410334, 51.56872496195313 ], [ -0.270959759576685, 51.568190965251446 ], [ -0.270306830677627, 51.567614303449027 ], [ -0.269747757979121, 51.567000531596577 ], [ -0.269287922955103, 51.566355561993511 ], [ -0.268931750564914, 51.565685607197807 ], [ -0.268682666773278, 51.564997120151418 ], [ -0.268543065716752, 51.564296732000173 ], [ -0.268514286826682, 51.563591188207432 ], [ -0.268596602122064, 51.56288728357859 ] ] ] } },
{ "type": "Feature", "properties": { "NLC": 753, "total_activity": 3817.4795719537469, "log_total_activity": 8.2476076045573521, "direction_balance": -0.54409753799075844, "post_2300_share": 0.15531099243352589, "midnight_share_common_window": 0.041353016439097702, "night_tube_extension_share": 0.0849752455438499, "post_0100_share": 0.040492739208451901, "common_window_persistence": 0.062641959318180895, "weekend_common_ratio": 0.87934050248833906, "volume_band": "low", "cluster": 4, "Station": "West Acton", "mode_label": "LU", "tot_entry": 870.19916776184891, "tot_exit": 2947.2804041918962, "easting": 519372.862, "northing": 181295.9254, "lon": -0.28095387030547558, "lat": 51.517980197246935, "coord_source": "underground_stations_csv", "catchment_area_m2": 872335.77272090444, "station_in_lnwc_extent": true }, "geometry": { "type": "Polygon", "coordinates": [ [ [ -0.275760828253761, 51.511559538314366 ], [ -0.276794421096039, 51.51127288468966 ], [ -0.276950902851606, 51.511240519172816 ], [ -0.284227110344121, 51.513654939436222 ], [ -0.2855513589804, 51.521803568746158 ], [ -0.273504472080196, 51.523465503321084 ], [ -0.273432796715022, 51.523430678053195 ], [ -0.273029007956026, 51.523191313863123 ], [ -0.274952708910994, 51.511845847954966 ], [ -0.275760828253761, 51.511559538314366 ] ] ] } },
{ "type": "Feature", "properties": { "NLC": 754, "total_activity": 14694.904236253453, "log_total_activity": 9.5953241105600018, "direction_balance": -0.19719881707539899, "post_2300_share": 0.1170420341229767, "midnight_share_common_window": 0.034718309749301103, "night_tube_extension_share": 0.0076040227980618998, "post_0100_share": 0.0049835567060573004, "common_window_persistence": 0.052529204242186003, "weekend_common_ratio": 0.84516906112695789, "volume_band": "medium", "cluster": 4, "Station": "Westbourne Park", "mode_label": "LU", "tot_entry": 5898.543251914004, "tot_exit": 8796.3609843394534, "easting": 524901.4238, "northing": 181755.9263, "lon": -0.20115293263288991, "lat": 51.520920062506264, "coord_source": "underground_stations_csv", "catchment_area_m2": 1226546.6092322411, "station_in_lnwc_extent": true }, "geometry": { "type": "Polygon", "coordinates": [ [ [ -0.210578686864798, 51.525060966763192 ], [ -0.209882683663034, 51.525617394894375 ], [ -0.209102582248982, 51.526128583337105 ], [ -0.208245895252023, 51.526589607478691 ], [ -0.207573999568552, 51.526884813727129 ], [ -0.199325013249214, 51.528012645919056 ], [ -0.198626357164198, 51.52793699967588 ], [ -0.197535892131415, 51.527748710119496 ], [ -0.196817678400015, 51.527575853922478 ], [ -0.193463281657193, 51.525305482679876 ], [ -0.193026038967113, 51.523995419645019 ], [ -0.195992909705734, 51.515749952147779 ], [ -0.196622085503545, 51.515372970072015 ], [ -0.201670791641944, 51.514527073036831 ], [ -0.211139457573981, 51.524508439308555 ], [ -0.210578686864798, 51.525060966763192 ] ] ] } },
{ "type": "Feature", "properties": { "NLC": 755, "total_activity": 20549.472051278703, "log_total_activity": 9.9306391905256977, "direction_balance": -0.038699387629769502, "post_2300_share": 0.1050229315317327, "midnight_share_common_window": 0.022162441519648302, "night_tube_extension_share": 0.0023282508171298998, "post_0100_share": 0.0013526498528213999, "common_window_persistence": 0.035034456597700298, "weekend_common_ratio": 1.0001266973766996, "volume_band": "high", "cluster": 2, "Station": "West Brompton", "mode_label": "LO,LU", "tot_entry": 9877.1100333895793, "tot_exit": 10672.362017889129, "easting": 525380.8439, "northing": 178024.49070000101, "lon": -0.1955717597038599, "lat": 51.487279564113926, "coord_source": "underground_stations_csv", "catchment_area_m2": 728173.32192347164, "station_in_lnwc_extent": true }, "geometry": { "type": "Polygon", "coordinates": [ [ [ -0.184139268667927, 51.486397954931178 ], [ -0.184332811598056, 51.485702607740151 ], [ -0.184634580199894, 51.485022451955857 ], [ -0.184947713789981, 51.484515993282784 ], [ -0.2053929206404, 51.483530326074003 ], [ -0.205461374130936, 51.483605766221302 ], [ -0.199112958981512, 51.490572694161088 ], [ -0.184693785650975, 51.487710149899819 ], [ -0.184063802671368, 51.487306944181285 ], [ -0.184055820123314, 51.487101797537562 ], [ -0.184139268667927, 51.486397954931178 ] ] ] } },
{ "type": "Feature", "properties": { "NLC": 756, "total_activity": 5222.7700000477162, "log_total_activity": 8.5609746424310753, "direction_balance": -0.59756823244730739, "post_2300_share": 0.158318894299531, "midnight_share_common_window": 0.041444282069681697, "night_tube_extension_share": 0.066469893842910799, "post_0100_share": 0.031537794861829303, "common_window_persistence": 0.063536103100699806, "weekend_common_ratio": 0.64851581789646051, "volume_band": "low", "cluster": 0, "Station": "West Finchley", "mode_label": "LU", "tot_entry": 1050.9042813201884, "tot_exit": 4171.8657187275294, "easting": 525546.1518, "northing": 191626.9482, "lon": -0.1883426849145049, "lat": 51.609486894075047, "coord_source": "underground_stations_csv", "catchment_area_m2": 1454418.3225937651, "station_in_lnwc_extent": true }, "geometry": { "type": "Polygon", "coordinates": [ [ [ -0.176879730214205, 51.60860429723428 ], [ -0.177073950099882, 51.607908982063186 ], [ -0.177376682432364, 51.6072288675213 ], [ -0.177785007358023, 51.606570502620606 ], [ -0.178294988724174, 51.60594022666757 ], [ -0.17890171213076, 51.605344108254648 ], [ -0.179599332373907, 51.604787886866816 ], [ -0.180381129819979, 51.604276917663313 ], [ -0.181239575164146, 51.603816119964399 ], [ -0.181820177936913, 51.603561667390984 ], [ -0.198898691503319, 51.60682210171106 ], [ -0.19955080676451, 51.611201869388353 ], [ -0.199309798542664, 51.611743905610474 ], [ -0.198901734945811, 51.612402347395218 ], [ -0.198391962165034, 51.613032714279711 ], [ -0.19778538658457, 51.613628934177051 ], [ -0.197087847727417, 51.614185263702282 ], [ -0.196306062099591, 51.614696343540444 ], [ -0.195874487026478, 51.61492804611963 ], [ -0.17797023838604, 51.612643278046114 ], [ -0.177564656448853, 51.612073027589794 ], [ -0.177209500186504, 51.611402809250549 ], [ -0.176961575725556, 51.610714143946645 ], [ -0.176823266018145, 51.610013664535721 ], [ -0.17679589804206, 51.609308117354409 ], [ -0.176879730214205, 51.60860429723428 ] ] ] } },
{ "type": "Feature", "properties": { "NLC": 757, "total_activity": 20194.542278977915, "log_total_activity": 9.9132171797775275, "direction_balance": -0.4320873373731528, "post_2300_share": 0.14454657193076789, "midnight_share_common_window": 0.041608652320192299, "night_tube_extension_share": 0.049940003157308101, "post_0100_share": 0.026482987623652698, "common_window_persistence": 0.063887921028776107, "weekend_common_ratio": 0.67988875932252468, "volume_band": "high", "cluster": 4, "Station": "West Ham", "mode_label": "DLR,LU", "tot_entry": 5734.3681380923981, "tot_exit": 14460.174140885529, "easting": 539130.9809, "northing": 182944.644300001, "lon": 0.0042827258459676, "lat": 51.528279231688799, "coord_source": "underground_stations_csv", "catchment_area_m2": 711206.01002150064, "station_in_lnwc_extent": true }, "geometry": { "type": "Polygon", "coordinates": [ [ [ -0.005489204523483, 51.529868751105568 ], [ 0.010110891074753, 51.530633907840006 ], [ 0.013801031601181, 51.52445434849907 ], [ -0.002503144285578, 51.524628471629882 ], [ -0.005503711616456, 51.529851631570303 ], [ -0.005489204523483, 51.529868751105568 ] ] ] } },
{ "type": "Feature", "properties": { "NLC": 758, "total_activity": 50523.846960816358, "log_total_activity": 10.830220513287845, "direction_balance": -0.16769894396404589, "post_2300_share": 0.11946052994817111, "midnight_share_common_window": 0.030128241093362901, "night_tube_extension_share": 0.0311742904056873, "post_0100_share": 0.014974175752655699, "common_window_persistence": 0.044053572011621397, "weekend_common_ratio": 0.86029194709244305, "volume_band": "high", "cluster": 4, "Station": "West Hampstead LU", "mode_label": "LO,LU", "tot_entry": 21025.5255902432, "tot_exit": 29498.32137057318, "easting": 525592.1984, "northing": 184652.8993, "lon": -0.19016960275566849, "lat": 51.546801915703966, "coord_source": "underground_stations_csv", "catchment_area_m2": 790868.28661551734, "station_in_lnwc_extent": true }, "geometry": { "type": "Polygon", "coordinates": [ [ [ -0.197265128690685, 51.552472126792679 ], [ -0.19633948080254, 51.552878450775381 ], [ -0.195354390106206, 51.55322624795371 ], [ -0.194319346274167, 51.553512167513119 ], [ -0.193244320854659, 51.553733454747807 ], [ -0.192772562284504, 51.553799447655607 ], [ -0.185734691590132, 51.547872965784599 ], [ -0.185235906178482, 51.543768924399849 ], [ -0.187817981280534, 51.541733178404492 ], [ -0.194833159046031, 51.54244396972944 ], [ -0.197361861247114, 51.549884786518383 ], [ -0.197293100953433, 51.552457087269119 ], [ -0.197265128690685, 51.552472126792679 ] ] ] } },
{ "type": "Feature", "properties": { "NLC": 759, "total_activity": 4766.0546503246196, "log_total_activity": 8.4694839194404778, "direction_balance": -0.590229364513011, "post_2300_share": 0.12659040312761871, "midnight_share_common_window": 0.042112061869603097, "night_tube_extension_share": 0.018467743725388501, "post_0100_share": 0.0099175486140297003, "common_window_persistence": 0.063483338485104804, "weekend_common_ratio": 0.75128231820185731, "volume_band": "low", "cluster": 0, "Station": "West Harrow", "mode_label": "LU", "tot_entry": 976.49462141461902, "tot_exit": 3789.5600289099998, "easting": 514199.9396, "northing": 188029.3693, "lon": -0.35329028029996579, "lat": 51.579566616167092, "coord_source": "underground_stations_csv", "catchment_area_m2": 1444214.4379541152, "station_in_lnwc_extent": true }, "geometry": { "type": "Polygon", "coordinates": [ [ [ -0.345314755573115, 51.574367688025376 ], [ -0.346170988009275, 51.573905662215175 ], [ -0.347095757736462, 51.573498149565452 ], [ -0.348080160499841, 51.573149073161787 ], [ -0.349114718652408, 51.572861793457172 ], [ -0.350189472326555, 51.57263907596041 ], [ -0.351294075218844, 51.572483064647123 ], [ -0.352417894070706, 51.572395261347147 ], [ -0.35355011089313, 51.572376511305848 ], [ -0.354679826957754, 51.572426995057405 ], [ -0.355796167560244, 51.572546226687599 ], [ -0.356888386554589, 51.572733058502948 ], [ -0.357945969659086, 51.572985692061707 ], [ -0.358958735546229, 51.573301695461204 ], [ -0.35991693374941, 51.573678026716181 ], [ -0.360138817445522, 51.573785455646686 ], [ -0.363202314990152, 51.578725523697827 ], [ -0.351403590764543, 51.586653159681418 ], [ -0.350783597037054, 51.586586937175241 ], [ -0.349691073432189, 51.586400046234715 ], [ -0.348633228013124, 51.586147336471377 ], [ -0.347620252187966, 51.585831242716488 ], [ -0.346661904491124, 51.585454810427507 ], [ -0.345767416487067, 51.585021666308876 ], [ -0.344945403782632, 51.584535983328621 ], [ -0.344902486709175, 51.584505108043018 ], [ -0.345139805489359, 51.57448262998377 ], [ -0.345314755573115, 51.574367688025376 ] ] ] } },
{ "type": "Feature", "properties": { "NLC": 760, "total_activity": 16951.547464499999, "log_total_activity": 9.7381733944066085, "direction_balance": -0.27161166969766121, "post_2300_share": 0.1437578811340619, "midnight_share_common_window": 0.041423932034254297, "night_tube_extension_share": 0.0078918905953975996, "post_0100_share": 0.0045309560561386996, "common_window_persistence": 0.067316758954834993, "weekend_common_ratio": 0.87336069651729087, "volume_band": "medium", "cluster": 4, "Station": "West Kensington", "mode_label": "LU", "tot_entry": 6173.6546768539993, "tot_exit": 10777.892787646004, "easting": 524684.9763, "northing": 178398.05890000099, "lon": -0.20545700029973241, "lat": 51.490790555082114, "coord_source": "underground_stations_csv", "catchment_area_m2": 746086.2856877544, "station_in_lnwc_extent": true }, "geometry": { "type": "Polygon", "coordinates": [ [ [ -0.205739255749, 51.483600898414487 ], [ -0.206866579027215, 51.483652783248736 ], [ -0.207980334024444, 51.483773398199261 ], [ -0.209069799461404, 51.483961582258623 ], [ -0.209173036614523, 51.483986439645804 ], [ -0.210483007235974, 51.493557817645176 ], [ -0.200509998941996, 51.496172270525861 ], [ -0.199112958981512, 51.490572694161088 ], [ -0.205461930056883, 51.483605156022548 ], [ -0.205739255749, 51.483600898414487 ] ] ] } },
{ "type": "Feature", "properties": { "NLC": 761, "total_activity": 58783.672284395565, "log_total_activity": 10.981636424469524, "direction_balance": 0.43885885838004007, "post_2300_share": 0.084019350904802795, "midnight_share_common_window": 0.019137301848888899, "night_tube_extension_share": 0.025033859354010601, "post_0100_share": 0.0119034967590704, "common_window_persistence": 0.027080728344477101, "weekend_common_ratio": 0.90767722289580122, "volume_band": "high", "cluster": 2, "Station": "Westminster", "mode_label": "LU", "tot_entry": 42290.703797255963, "tot_exit": 16492.968487139668, "easting": 530195.6727, "northing": 179668.226399999, "lon": -0.12565865262198089, "lat": 51.500964295838799, "coord_source": "underground_stations_csv", "catchment_area_m2": 697173.51519174618, "station_in_lnwc_extent": true }, "geometry": { "type": "Polygon", "coordinates": [ [ [ -0.121523639723655, 51.494251709398988 ], [ -0.122597587823841, 51.494031066671987 ], [ -0.123701002638591, 51.493877184901912 ], [ -0.124823262347595, 51.493791545426532 ], [ -0.125008507255334, 51.493788830068333 ], [ -0.126948532013975, 51.494301024975776 ], [ -0.131188495074467, 51.503682095009246 ], [ -0.124665622305709, 51.504365483303715 ], [ -0.120809371755303, 51.503557673842685 ], [ -0.118865236712033, 51.500101390924172 ], [ -0.121202451947287, 51.49434031394614 ], [ -0.121523639723655, 51.494251709398988 ] ] ] } },
{ "type": "Feature", "properties": { "NLC": 762, "total_activity": 5187.5105889645765, "log_total_activity": 8.5542019578960158, "direction_balance": -0.51567325554096255, "post_2300_share": 0.1205079792508976, "midnight_share_common_window": 0.044528799828657102, "night_tube_extension_share": 0.018401748172065999, "post_0100_share": 0.0103165911010054, "common_window_persistence": 0.063841079316277097, "weekend_common_ratio": 0.87501834764388386, "volume_band": "low", "cluster": 0, "Station": "West Ruislip", "mode_label": "LU", "tot_entry": 1256.2250576999991, "tot_exit": 3931.2855312645775, "easting": 508378.6627, "northing": 186795.99740000101, "lon": -0.43764707604605591, "lat": 51.569629260588542, "coord_source": "underground_stations_csv", "catchment_area_m2": 1494872.6637319773, "station_in_lnwc_extent": true }, "geometry": { "type": "Polygon", "coordinates": [ [ [ -0.428885176641578, 51.564948653875007 ], [ -0.429663518370741, 51.564435992417515 ], [ -0.430518719941672, 51.563973341649522 ], [ -0.430897632834466, 51.563805923440945 ], [ -0.44879791772493, 51.56779327544816 ], [ -0.44901138457181, 51.568376581596802 ], [ -0.449153775071975, 51.569076776983891 ], [ -0.449185353444198, 51.569782298385348 ], [ -0.449105810433937, 51.570486351290171 ], [ -0.448915907002095, 51.571182155018818 ], [ -0.448617467191876, 51.571863008034825 ], [ -0.448213360747951, 51.572522352506063 ], [ -0.447707475648204, 51.573153837492754 ], [ -0.447104680806072, 51.573751380152302 ], [ -0.446410779297076, 51.574309224370417 ], [ -0.445632452555493, 51.574821996251281 ], [ -0.444777196075366, 51.575284755930831 ], [ -0.443853247233278, 51.575693045211388 ], [ -0.442869505927659, 51.576042930557037 ], [ -0.441835448800068, 51.576331041032674 ], [ -0.440761037867152, 51.576554600820018 ], [ -0.439656624447153, 51.576711455994641 ], [ -0.438532849311359, 51.576800095304847 ], [ -0.437400540028227, 51.576819664751021 ], [ -0.436270606495724, 51.576769975823574 ], [ -0.435153935675359, 51.5766515073203 ], [ -0.434061286549291, 51.576465400724906 ], [ -0.433003186319651, 51.576213449192181 ], [ -0.431989828856887, 51.575898080246361 ], [ -0.431092207627012, 51.575546327617232 ], [ -0.428347584338798, 51.565380702983681 ], [ -0.428885176641578, 51.564948653875007 ] ] ] } },
{ "type": "Feature", "properties": { "NLC": 763, "total_activity": 74604.433391322775, "log_total_activity": 11.219968617203454, "direction_balance": 0.0396188793577242, "post_2300_share": 0.12605058522509391, "midnight_share_common_window": 0.036232271818511901, "night_tube_extension_share": 0.0165920594335561, "post_0100_share": 0.0082748108085181002, "common_window_persistence": 0.056037193514865302, "weekend_common_ratio": 0.78964968053264273, "volume_band": "high", "cluster": 2, "Station": "Whitechapel", "mode_label": "EZL,LO,LU", "tot_entry": 38780.088718702471, "tot_exit": 35824.344672620296, "easting": 534644.6261, "northing": 181850.3379, "lon": -0.060768713947413497, "lat": 51.519532097334128, "coord_source": "underground_stations_csv", "catchment_area_m2": 894508.76927905774, "station_in_lnwc_extent": true }, "geometry": { "type": "Polygon", "coordinates": [ [ [ -0.054380696218779, 51.522356776439089 ], [ -0.05207456727385, 51.51689415808174 ], [ -0.062926312306829, 51.514490753513542 ], [ -0.06889110237964, 51.520364256417359 ], [ -0.065208248807201, 51.525680274223866 ], [ -0.054380696218779, 51.522356776439089 ] ] ] } },
{ "type": "Feature", "properties": { "NLC": 764, "total_activity": 28168.68094537509, "log_total_activity": 10.246001534763506, "direction_balance": 0.2034564221912287, "post_2300_share": 0.1195859516338936, "midnight_share_common_window": 0.028717863216206702, "night_tube_extension_share": 0.061792806122782103, "post_0100_share": 0.028036949188118901, "common_window_persistence": 0.040893159887856398, "weekend_common_ratio": 0.69583255942773481, "volume_band": "high", "cluster": 2, "Station": "White City", "mode_label": "LU", "tot_entry": 16949.889994183661, "tot_exit": 11218.790951191424, "easting": 523307.8235, "northing": 180748.416200001, "lon": -0.22446214525403541, "lat": 51.5122152625013, "coord_source": "underground_stations_csv", "catchment_area_m2": 790383.78514686145, "station_in_lnwc_extent": true }, "geometry": { "type": "Polygon", "coordinates": [ [ [ -0.23581745257075, 51.510983141757499 ], [ -0.235956407235462, 51.511683568613023 ], [ -0.23598466933679, 51.512389121266807 ], [ -0.235901961573013, 51.513093004891623 ], [ -0.235709075406181, 51.513788440423632 ], [ -0.235407863634351, 51.514468729859161 ], [ -0.235001222732701, 51.515127320782369 ], [ -0.234493065126495, 51.515757869501549 ], [ -0.233888281656478, 51.516354302184595 ], [ -0.233192694592632, 51.516910873403404 ], [ -0.232413001644336, 51.5174222215214 ], [ -0.231556711503026, 51.517883420388742 ], [ -0.230632071536316, 51.518290026844795 ], [ -0.229647988329698, 51.518638123568358 ], [ -0.228613941842219, 51.518924356860481 ], [ -0.22753989400554, 51.519145968993847 ], [ -0.22643619265059, 51.519300824815126 ], [ -0.225313471692232, 51.519387432342725 ], [ -0.224331665172992, 51.519402647069334 ], [ -0.220625326020147, 51.511734628161129 ], [ -0.231812969934304, 51.509902823609671 ], [ -0.235586416845186, 51.510342472143741 ], [ -0.23581745257075, 51.510983141757499 ] ] ] } },
{ "type": "Feature", "properties": { "NLC": 765, "total_activity": 24539.743481983885, "log_total_activity": 10.108090014545326, "direction_balance": -0.49209156164484991, "post_2300_share": 0.15723863047291889, "midnight_share_common_window": 0.0437349744389137, "night_tube_extension_share": 0.0686653036410491, "post_0100_share": 0.032499335296561599, "common_window_persistence": 0.068352865408254804, "weekend_common_ratio": 0.7921328146919604, "volume_band": "high", "cluster": 4, "Station": "Willesden Green", "mode_label": "LU", "tot_entry": 6231.9713947852042, "tot_exit": 18307.772087198675, "easting": 523328.566, "northing": 184883.4222, "lon": -0.2227167285540804, "lat": 51.549372414541878, "coord_source": "underground_stations_csv", "catchment_area_m2": 1680368.6843069547, "station_in_lnwc_extent": true }, "geometry": { "type": "Polygon", "coordinates": [ [ [ -0.221865367325429, 51.542200259538326 ], [ -0.222996856186846, 51.54218276255402 ], [ -0.224125648939126, 51.542234495015691 ], [ -0.225240879757345, 51.542354958992171 ], [ -0.226331813166593, 51.542542994930038 ], [ -0.227387947245832, 51.542796792798228 ], [ -0.228399114599523, 51.543113909486813 ], [ -0.229355580131036, 51.543491292293005 ], [ -0.230248134681773, 51.543925308270566 ], [ -0.231068183638626, 51.544411779160768 ], [ -0.23180782965959, 51.544946021571988 ], [ -0.232459948722558, 51.545522892022099 ], [ -0.232817486795773, 51.54591606014813 ], [ -0.228935402517121, 51.555427914806003 ], [ -0.228891325952916, 51.555447279562749 ], [ -0.227906420939182, 51.555795351779338 ], [ -0.226871515529921, 51.556081559820377 ], [ -0.225796579936392, 51.556303146200243 ], [ -0.224691970548207, 51.556457976012517 ], [ -0.223568330035217, 51.5565445575252 ], [ -0.222436484672922, 51.556562056571522 ], [ -0.221307339887125, 51.556510304596308 ], [ -0.220191775031204, 51.556389800280591 ], [ -0.219100538416952, 51.556201704728025 ], [ -0.218044143617405, 51.555947830260664 ], [ -0.217032768047436, 51.5556306229321 ], [ -0.216076154805312, 51.555253138928265 ], [ -0.215183518726065, 51.554819015084504 ], [ -0.214363457555897, 51.554332433804674 ], [ -0.213623869106161, 51.553798082722679 ], [ -0.212971875186534, 51.553221109496754 ], [ -0.21241375305015, 51.552607072174624 ], [ -0.212255755620643, 51.552384928626253 ], [ -0.214359585910135, 51.546300237512021 ], [ -0.221225200590947, 51.542249590425335 ], [ -0.221865367325429, 51.542200259538326 ] ] ] } },
{ "type": "Feature", "properties": { "NLC": 766, "total_activity": 17779.063582529801, "log_total_activity": 9.7858330851317916, "direction_balance": -0.2683602545573045, "post_2300_share": 0.1032376652795922, "midnight_share_common_window": 0.0274145768968409, "night_tube_extension_share": 0.0049684645838070996, "post_0100_share": 0.003000498175203, "common_window_persistence": 0.039575431787684898, "weekend_common_ratio": 0.77465037229030986, "volume_band": "medium", "cluster": 4, "Station": "Willesden Junction", "mode_label": "LO,LU", "tot_entry": 6503.934776865799, "tot_exit": 11275.128805664006, "easting": 521858.4876, "northing": 182959.8201, "lon": -0.24457316031635959, "lat": 51.532403751974151, "coord_source": "underground_stations_csv", "catchment_area_m2": 1712154.6971993947, "station_in_lnwc_extent": true }, "geometry": { "type": "Polygon", "coordinates": [ [ [ -0.235838494353268, 51.527708960822025 ], [ -0.236618328046036, 51.527197592096478 ], [ -0.237474745005667, 51.526736358149044 ], [ -0.238399498294377, 51.526329699351386 ], [ -0.239383683829663, 51.525981530571272 ], [ -0.240417826066391, 51.525695203527064 ], [ -0.241491969147731, 51.525473474560165 ], [ -0.242595772651112, 51.52531847813394 ], [ -0.24371861101226, 51.525231706312503 ], [ -0.244849675675954, 51.525213994415665 ], [ -0.245978078996604, 51.525265512987623 ], [ -0.247092958895398, 51.525385766155395 ], [ -0.248183583273661, 51.525573596393969 ], [ -0.248746453363569, 51.52570878828449 ], [ -0.255154156937293, 51.53001521289081 ], [ -0.247844157467698, 51.539294957552507 ], [ -0.247655264031089, 51.539333949424133 ], [ -0.246551136271868, 51.539488990068762 ], [ -0.245427951047215, 51.539575785536961 ], [ -0.244296530242122, 51.539593499600201 ], [ -0.243167775188494, 51.539541961631066 ], [ -0.242052561482046, 51.539421668247869 ], [ -0.240961634049495, 51.539233778521144 ], [ -0.239905503484116, 51.538980102788884 ], [ -0.238894344655123, 51.538663085188944 ], [ -0.237937898573765, 51.538285780078418 ], [ -0.237045378466797, 51.537851822568236 ], [ -0.236225380966304, 51.537365393459119 ], [ -0.235485803274312, 51.536831178918384 ], [ -0.234833767101675, 51.53625432528866 ], [ -0.234275550113982, 51.535640389465442 ], [ -0.23381652554348, 51.534995285324477 ], [ -0.233738325609066, 51.534847857895755 ], [ -0.23531284770228, 51.528129470972125 ], [ -0.235838494353268, 51.527708960822025 ] ] ] } },
{ "type": "Feature", "properties": { "NLC": 767, "total_activity": 72663.465698544809, "log_total_activity": 11.193607764092274, "direction_balance": -0.42292629152687988, "post_2300_share": 0.1522216129620185, "midnight_share_common_window": 0.064753856635875504, "night_tube_extension_share": 0.023069055379007799, "post_0100_share": 0.018128129417875199, "common_window_persistence": 0.095247955261088896, "weekend_common_ratio": 0.91178636399340796, "volume_band": "high", "cluster": 0, "Station": "Wimbledon", "mode_label": "LU,TRM", "tot_entry": 20966.087810584297, "tot_exit": 51697.377887960509, "easting": 524800.3804, "northing": 170683.6656, "lon": -0.20651505609221771, "lat": 51.421434967600668, "coord_source": "underground_stations_csv", "catchment_area_m2": 1824959.1621405932, "station_in_lnwc_extent": true }, "geometry": { "type": "Polygon", "coordinates": [ [ [ -0.205668118862045, 51.414262592913808 ], [ -0.206796446523845, 51.414245221175577 ], [ -0.207922065918631, 51.414297079842598 ], [ -0.209034141744942, 51.414417669768433 ], [ -0.210121968875778, 51.414605830185288 ], [ -0.211175075271581, 51.41485974986054 ], [ -0.212183322665378, 51.41517698450712 ], [ -0.213137004056811, 51.415554480281202 ], [ -0.214026937081619, 51.41598860314236 ], [ -0.214844552361758, 51.416475173795824 ], [ -0.215581975988441, 51.417009507881929 ], [ -0.216232105345423, 51.417586461028336 ], [ -0.216788677542628, 51.41820047833324 ], [ -0.217246329799811, 51.418845647805746 ], [ -0.217600651196152, 51.419515757250146 ], [ -0.217848225283416, 51.420204354049197 ], [ -0.217986663147186, 51.420904807271455 ], [ -0.218014626591672, 51.421610371506645 ], [ -0.217931841217967, 51.422314251814406 ], [ -0.217739099262468, 51.423009669162383 ], [ -0.217438252160621, 51.423689925722528 ], [ -0.217032192900144, 51.424348469397209 ], [ -0.216524828326643, 51.424978956952259 ], [ -0.215921041661898, 51.425575315148009 ], [ -0.215226645590285, 51.426131799277847 ], [ -0.214448326360711, 51.426643048548584 ], [ -0.21359357943927, 51.427104137767472 ], [ -0.212670637330575, 51.427510624835151 ], [ -0.21168839026263, 51.427858593585533 ], [ -0.210656300500276, 51.428144691557179 ], [ -0.209584311115079, 51.428366162330668 ], [ -0.208482750094231, 51.428520872118206 ], [ -0.207362230717077, 51.428607330347916 ], [ -0.206600484800368, 51.428619057029891 ], [ -0.19897448640786, 51.426864817681476 ], [ -0.198183757314089, 51.426394147581178 ], [ -0.197446391049318, 51.425859705337047 ], [ -0.196796386119253, 51.425282649918756 ], [ -0.196240000632318, 51.424668540158301 ], [ -0.19578259019358, 51.424023291599674 ], [ -0.195428556430917, 51.42335311947776 ], [ -0.195181304738961, 51.422664478818504 ], [ -0.195068268325487, 51.422091103650473 ], [ -0.204751542388814, 51.414333318576347 ], [ -0.205668118862045, 51.414262592913808 ] ] ] } },
{ "type": "Feature", "properties": { "NLC": 768, "total_activity": 7042.9579616646633, "log_total_activity": 8.8599255016347254, "direction_balance": -0.43150000484443352, "post_2300_share": 0.13633911448395239, "midnight_share_common_window": 0.049018772599855098, "night_tube_extension_share": 0.0129488979474992, "post_0100_share": 0.0081823633049675996, "common_window_persistence": 0.071833608710566099, "weekend_common_ratio": 0.64965784912455771, "volume_band": "low", "cluster": 0, "Station": "Wimbledon Park", "mode_label": "LU", "tot_entry": 2001.9607835436088, "tot_exit": 5040.9971781210534, "easting": 525282.3792, "northing": 172099.7465, "lon": -0.1990863401084273, "lat": 51.434055248289113, "coord_source": "underground_stations_csv", "catchment_area_m2": 1908963.5290922688, "station_in_lnwc_extent": true }, "geometry": { "type": "Polygon", "coordinates": [ [ [ -0.187667041670865, 51.43317410437281 ], [ -0.18786028571123, 51.432478742583768 ], [ -0.188161631287861, 51.431798567853036 ], [ -0.18856817194545, 51.431140129778001 ], [ -0.189075988751422, 51.430509768377135 ], [ -0.18968018818037, 51.4299135530743 ], [ -0.190374949355481, 51.429357224296922 ], [ -0.191153580187542, 51.428846138248367 ], [ -0.192008581867855, 51.428385215384111 ], [ -0.192931721092234, 51.42797889308595 ], [ -0.193914109320262, 51.427631082987403 ], [ -0.194946288307803, 51.427345133358983 ], [ -0.196018321091624, 51.427123796913733 ], [ -0.197119887553911, 51.426969204340757 ], [ -0.198240383651478, 51.426882843820131 ], [ -0.199002101455894, 51.426871171215808 ], [ -0.206628102002962, 51.428625408785955 ], [ -0.207418957259924, 51.429096022954738 ], [ -0.2081564926394, 51.429630403804829 ], [ -0.208806702633647, 51.430207397792408 ], [ -0.209363323573439, 51.43082144962294 ], [ -0.209820992206018, 51.43146664697327 ], [ -0.210175297449338, 51.432136777379426 ], [ -0.21042282300693, 51.432825388022295 ], [ -0.210561180427805, 51.433525847836982 ], [ -0.210589032286967, 51.434231411349309 ], [ -0.210506105256377, 51.434935283625435 ], [ -0.210313192933224, 51.435630685709725 ], [ -0.210012148390684, 51.436310919920359 ], [ -0.209605866515496, 51.43696943437417 ], [ -0.209098256295373, 51.437599886117518 ], [ -0.208684385541519, 51.43800845797162 ], [ -0.197057014234733, 51.441125704213952 ], [ -0.196564579323676, 51.441072284178937 ], [ -0.195476184937908, 51.440883993089422 ], [ -0.194422574159451, 51.440629928380737 ], [ -0.193413897563617, 51.440312537935462 ], [ -0.192459872232588, 51.439934879698747 ], [ -0.191569688060252, 51.439500592178625 ], [ -0.190751919167493, 51.439013859349302 ], [ -0.190014441284167, 51.438479370297685 ], [ -0.189364355895143, 51.437902274003982 ], [ -0.188807921881134, 51.437288129694345 ], [ -0.188350495311446, 51.4366428532458 ], [ -0.187996477965783, 51.435972660162022 ], [ -0.187749275076871, 51.435284005670837 ], [ -0.18761126269572, 51.434583522522161 ], [ -0.187583764987648, 51.433877957086935 ], [ -0.187667041670865, 51.43317410437281 ] ] ] } },
{ "type": "Feature", "properties": { "NLC": 769, "total_activity": 16991.560627547427, "log_total_activity": 9.7405309171148193, "direction_balance": -0.59015806209073129, "post_2300_share": 0.16193001370625559, "midnight_share_common_window": 0.051043093600842297, "night_tube_extension_share": 0.055790456387637598, "post_0100_share": 0.027733322178276901, "common_window_persistence": 0.078073117028559805, "weekend_common_ratio": 0.72802443825393137, "volume_band": "medium", "cluster": 4, "Station": "Woodford", "mode_label": "LU", "tot_entry": 3481.9270678484327, "tot_exit": 13509.633559698996, "easting": 540949.981, "northing": 191740.0184, "lon": 0.034011853480110002, "lat": 51.606861120704089, "coord_source": "underground_stations_csv", "catchment_area_m2": 1922141.679854728, "station_in_lnwc_extent": true }, "geometry": { "type": "Polygon", "coordinates": [ [ [ 0.045469200462112, 51.60595686156087 ], [ 0.045271606056801, 51.605261952365979 ], [ 0.044965585895295, 51.604582448474673 ], [ 0.044554091472377, 51.60392489300466 ], [ 0.044041089435979, 51.603295617455629 ], [ 0.043431523242913, 51.602700680776543 ], [ 0.042731265436789, 51.602145811065164 ], [ 0.04194706101212, 51.601636350459863 ], [ 0.04108646241306, 51.60117720375186 ], [ 0.040157756794473, 51.600772791210474 ], [ 0.039169886245986, 51.600427006073772 ], [ 0.038132361746028, 51.600143177111036 ], [ 0.037055171671774, 51.599924036616102 ], [ 0.03594868574203, 51.599771694137523 ], [ 0.034823555312895, 51.599687616196547 ], [ 0.033690610980208, 51.599672612187796 ], [ 0.032560758467979, 51.599726826596509 ], [ 0.031444873798054, 51.599849737607592 ], [ 0.030353698742995, 51.600040162119477 ], [ 0.029297737561546, 51.600296267115098 ], [ 0.02828715600409, 51.600615587281141 ], [ 0.027331683554319, 51.60099504870756 ], [ 0.026440519843068, 51.601430998440335 ], [ 0.025622246131227, 51.601919239605088 ], [ 0.024884742711091, 51.60245507176537 ], [ 0.024235113019965, 51.603033336129265 ], [ 0.023679615196619, 51.603648465171304 ], [ 0.023223601741035, 51.604294536193919 ], [ 0.022871467861283, 51.604965328315245 ], [ 0.022626609008985, 51.605654382335899 ], [ 0.022491388017595, 51.606355062910112 ], [ 0.02246711216614, 51.607060622423973 ], [ 0.022554020396272, 51.607764265966068 ], [ 0.02275128081315, 51.608459216765759 ], [ 0.023056998501829, 51.609138781468531 ], [ 0.023468233591383, 51.609796414619737 ], [ 0.023981029399917, 51.610425781734413 ], [ 0.024590450395843, 51.611020820344798 ], [ 0.025290629615393, 51.611575798435972 ], [ 0.026074825084097, 51.612085369704559 ], [ 0.026935484701973, 51.612544625106665 ], [ 0.027864318969239, 51.612949140195838 ], [ 0.028852380852374, 51.613295017793284 ], [ 0.029890152020067, 51.613578925576398 ], [ 0.030967634615839, 51.613798128222328 ], [ 0.032074447679446, 51.613950513794151 ], [ 0.033199927283217, 51.614034614114495 ], [ 0.03324615045264, 51.614035226319295 ], [ 0.044460999682521, 51.609909149261497 ], [ 0.04480129841316, 51.609426698962864 ], [ 0.045153139771404, 51.608755844690535 ], [ 0.045397671489857, 51.608066747576672 ], [ 0.045532543306635, 51.607366044623056 ], [ 0.045556461361295, 51.606660484303681 ], [ 0.045469200462112, 51.60595686156087 ] ] ] } },
{ "type": "Feature", "properties": { "NLC": 770, "total_activity": 36556.580393490513, "log_total_activity": 10.506643841580669, "direction_balance": -0.39119321539513818, "post_2300_share": 0.1726763138180874, "midnight_share_common_window": 0.048547176477089997, "night_tube_extension_share": 0.061925260643506397, "post_0100_share": 0.031798218573679697, "common_window_persistence": 0.0769598239745726, "weekend_common_ratio": 0.83274234755233623, "volume_band": "high", "cluster": 4, "Station": "Wood Green", "mode_label": "LU", "tot_entry": 11127.947082755049, "tot_exit": 25428.633310735451, "easting": 531014.9221, "northing": 190428.39650000099, "lon": -0.1098590191239897, "lat": 51.597471465987297, "coord_source": "underground_stations_csv", "catchment_area_m2": 1676525.5733337977, "station_in_lnwc_extent": true }, "geometry": { "type": "Polygon", "coordinates": [ [ [ -0.098369668063544, 51.596839042880049 ], [ -0.114469332237045, 51.590880786403659 ], [ -0.114551523175462, 51.590900607917987 ], [ -0.11556293856207, 51.591218697537769 ], [ -0.116519444864644, 51.591596998052111 ], [ -0.117411832518903, 51.592031867682557 ], [ -0.118231508502034, 51.592519119953757 ], [ -0.118970579043641, 51.593054063952067 ], [ -0.119621925640924, 51.593631549440104 ], [ -0.120179273646288, 51.594246016396482 ], [ -0.120637252765587, 51.594891548504819 ], [ -0.120991448881688, 51.595561930079882 ], [ -0.121238446700292, 51.596250705884046 ], [ -0.121375862802068, 51.596951243260001 ], [ -0.121402368776643, 51.5976567959828 ], [ -0.121317704208714, 51.598360569216574 ], [ -0.121122679383838, 51.599055784951879 ], [ -0.120819167680203, 51.599735747292527 ], [ -0.120473065544968, 51.600292584694486 ], [ -0.11373191436449, 51.604239607076053 ], [ -0.112924678338264, 51.604404962134694 ], [ -0.111818541955749, 51.604558712130988 ], [ -0.110693525909675, 51.604644197572213 ], [ -0.109560469741397, 51.604660594854543 ], [ -0.108430290552475, 51.604607746041296 ], [ -0.107313877668929, 51.604486160384909 ], [ -0.106221987575612, 51.604297009411511 ], [ -0.105165140140103, 51.604042115615563 ], [ -0.104153517132634, 51.603723934875177 ], [ -0.103196864025838, 51.603345532757693 ], [ -0.102304396025601, 51.602910554946185 ], [ -0.101484709242383, 51.602423192073282 ], [ -0.100745697861623, 51.60188813930305 ], [ -0.100094478112598, 51.601310551052855 ], [ -0.099537319768195, 51.600695991293215 ], [ -0.099079585833998, 51.600050379906875 ], [ -0.09872568100481, 51.599379935625691 ], [ -0.098479009380939, 51.598691116097022 ], [ -0.098341941846238, 51.597990555658491 ], [ -0.098315793415843, 51.597285001421369 ], [ -0.098369668063544, 51.596839042880049 ] ] ] } },
{ "type": "Feature", "properties": { "NLC": 771, "total_activity": 11351.904927479907, "log_total_activity": 9.3372289309094327, "direction_balance": -0.45935363759093317, "post_2300_share": 0.1266385938199226, "midnight_share_common_window": 0.036841557740380997, "night_tube_extension_share": 0.043093576899416799, "post_0100_share": 0.021880184021298502, "common_window_persistence": 0.052777351623392997, "weekend_common_ratio": 0.7566740215477078, "volume_band": "medium", "cluster": 0, "Station": "Woodside Park", "mode_label": "LU", "tot_entry": 3068.6830527277866, "tot_exit": 8283.2218747521238, "easting": 525718.4454, "northing": 192588.1262, "lon": -0.18551143635325351, "lat": 51.61808637995582, "coord_source": "underground_stations_csv", "catchment_area_m2": 1701382.8930674978, "station_in_lnwc_extent": true }, "geometry": { "type": "Polygon", "coordinates": [ [ [ -0.174046380667291, 51.617203487120499 ], [ -0.174240683773769, 51.616508178394696 ], [ -0.174543518751092, 51.615828073087584 ], [ -0.174951964755199, 51.615169720121813 ], [ -0.175462084465838, 51.614539458688427 ], [ -0.176068962149546, 51.613943357239506 ], [ -0.176766751116088, 51.613387155096191 ], [ -0.177548730106853, 51.612876207231828 ], [ -0.177980377089916, 51.612644572685561 ], [ -0.195884626785971, 51.614929339221725 ], [ -0.196290464529234, 51.615499528560484 ], [ -0.196645933840123, 51.616169691726171 ], [ -0.19689418501771, 51.616858317990925 ], [ -0.197032822572381, 51.617558776143028 ], [ -0.197060506327763, 51.618264320725928 ], [ -0.196976964520257, 51.618968156987677 ], [ -0.196782996614325, 51.619663506316968 ], [ -0.196480465798804, 51.620343671535636 ], [ -0.196072281228986, 51.621002101418689 ], [ -0.195562370178351, 51.62163245381921 ], [ -0.194955640361673, 51.622228656789304 ], [ -0.194257932786741, 51.622784967106419 ], [ -0.193475965584329, 51.623296025640165 ], [ -0.192617269354193, 51.623756909023378 ], [ -0.191690114647976, 51.624163177128118 ], [ -0.190703432287165, 51.624510915887015 ], [ -0.189666727284687, 51.624796775044722 ], [ -0.188589987201812, 51.625018000474441 ], [ -0.18748358582696, 51.625172460745659 ], [ -0.186873183212093, 51.625219219560805 ], [ -0.177830134707321, 51.623452020255954 ], [ -0.177141375085406, 51.623043530704216 ], [ -0.176401132966352, 51.622508944313623 ], [ -0.175748653463862, 51.62193176568195 ], [ -0.175190218493928, 51.62131755483783 ], [ -0.17473120336543, 51.620672228307534 ], [ -0.174376025117843, 51.620002002084199 ], [ -0.1741281001184, 51.619313331720242 ], [ -0.173989811321874, 51.618612850122076 ], [ -0.173962485502058, 51.617907303647279 ], [ -0.174046380667291, 51.617203487120499 ] ] ] } },
{ "type": "Feature", "properties": { "NLC": 773, "total_activity": 35555.305334906108, "log_total_activity": 10.478872784761585, "direction_balance": -0.12179055256058879, "post_2300_share": 0.096218790688023803, "midnight_share_common_window": 0.0222622946255762, "night_tube_extension_share": 0.0065660382439194998, "post_0100_share": 0.0044364788881552002, "common_window_persistence": 0.032307112726502302, "weekend_common_ratio": 0.76088397648658379, "volume_band": "high", "cluster": 2, "Station": "Hammersmith (H&C)", "mode_label": "LU", "tot_entry": 15612.502525853732, "tot_exit": 19942.802809052391, "easting": 523325.1097, "northing": 178697.98630000101, "lon": -0.2249293587788519, "lat": 51.493783994198509, "coord_source": "underground_stations_csv", "catchment_area_m2": 488896.04159484431, "station_in_lnwc_extent": true }, "geometry": { "type": "Polygon", "coordinates": [ [ [ -0.219347527706376, 51.498412067688108 ], [ -0.217418949060848, 51.495597961433788 ], [ -0.230702146371451, 51.490123069502154 ], [ -0.2300284659753, 51.497542450738116 ], [ -0.219347527706376, 51.498412067688108 ] ] ] } },
{ "type": "Feature", "properties": { "NLC": 774, "total_activity": 14095.212913778791, "log_total_activity": 9.5536614526148664, "direction_balance": -0.5460657737379887, "post_2300_share": 0.1238167261803695, "midnight_share_common_window": 0.026281513028247099, "night_tube_extension_share": 0.0016179354460462, "post_0100_share": 0.00088634274738680005, "common_window_persistence": 0.044166777856239001, "weekend_common_ratio": 1.0485205500782886, "volume_band": "medium", "cluster": 2, "Station": "Edgware Road (Bak)", "mode_label": "LU", "tot_entry": 3199.1497840072439, "tot_exit": 10896.06312977155, "easting": 527046.7044, "northing": 181758.9463, "lon": -0.1702481178612425, "lat": 51.520469201471983, "coord_source": "underground_stations_csv", "catchment_area_m2": 439627.84636185446, "station_in_lnwc_extent": true }, "geometry": { "type": "Polygon", "coordinates": [ [ [ -0.173318122406106, 51.527401245119414 ], [ -0.172214049745908, 51.527555586640247 ], [ -0.171779491243967, 51.527588899290471 ], [ -0.167813946600523, 51.52210241269254 ], [ -0.170842626690219, 51.517213453682125 ], [ -0.177388020140642, 51.52095659430708 ], [ -0.174086974248169, 51.527243031014173 ], [ -0.173318122406106, 51.527401245119414 ] ] ] } },
{ "type": "Feature", "properties": { "NLC": 775, "total_activity": 14090.518480402172, "log_total_activity": 9.5533283691641717, "direction_balance": -0.1594820240287099, "post_2300_share": 0.12580820583484831, "midnight_share_common_window": 0.033655905071376599, "night_tube_extension_share": 0.0097689739527130007, "post_0100_share": 0.0067441010787799996, "common_window_persistence": 0.052535923096117397, "weekend_common_ratio": 0.87380646483377111, "volume_band": "medium", "cluster": 2, "Station": "Shepherd's Bush Market", "mode_label": "LU", "tot_entry": 5921.6670367668457, "tot_exit": 8168.8514436353262, "easting": 523197.0859, "northing": 180064.2324, "lon": -0.22629592219219621, "lat": 51.506090541894757, "coord_source": "underground_stations_csv", "catchment_area_m2": 585326.64303296001, "station_in_lnwc_extent": true }, "geometry": { "type": "Polygon", "coordinates": [ [ [ -0.237649657370266, 51.504858227408818 ], [ -0.237788623850624, 51.505558652884858 ], [ -0.237816912794812, 51.506264206037031 ], [ -0.237734246644418, 51.506968092033397 ], [ -0.237541416462467, 51.50766353178745 ], [ -0.237240274509433, 51.508343827255139 ], [ -0.236833716589463, 51.509002425962805 ], [ -0.236325654329762, 51.509632984144119 ], [ -0.235720977653627, 51.510229427876183 ], [ -0.235580576970622, 51.510341791833504 ], [ -0.231812969934304, 51.509902823609671 ], [ -0.22138784241688, 51.50719053785447 ], [ -0.22333354127854, 51.503937114652388 ], [ -0.237486550057204, 51.504405923431875 ], [ -0.237649657370266, 51.504858227408818 ] ] ] } },
{ "type": "Feature", "properties": { "NLC": 776, "total_activity": 25640.613898125299, "log_total_activity": 10.151971853598351, "direction_balance": -0.1012658839731717, "post_2300_share": 0.13175799478858441, "midnight_share_common_window": 0.031412473955857903, "night_tube_extension_share": 0.055377379446152702, "post_0100_share": 0.024952402992701898, "common_window_persistence": 0.048146445084708299, "weekend_common_ratio": 0.76317419411620857, "volume_band": "high", "cluster": 4, "Station": "Pimlico", "mode_label": "LU", "tot_entry": 11522.047233058416, "tot_exit": 14118.566665066886, "easting": 529670.6464, "northing": 178332.5964, "lon": -0.1337087125034068, "lat": 51.489081972458365, "coord_source": "underground_stations_csv", "catchment_area_m2": 1123376.2240448357, "station_in_lnwc_extent": true }, "geometry": { "type": "Polygon", "coordinates": [ [ [ -0.144813658854533, 51.487169866774273 ], [ -0.145060473256813, 51.487858602280305 ], [ -0.145197972357156, 51.488559124472538 ], [ -0.145224826978119, 51.489264687272353 ], [ -0.145216297436556, 51.489336109035825 ], [ -0.135225296693011, 51.494326347727913 ], [ -0.126948532013975, 51.494301024975776 ], [ -0.12502139159686, 51.493792231865967 ], [ -0.124619561280651, 51.493500817765842 ], [ -0.123969546343824, 51.492923364427128 ], [ -0.123934205840303, 51.492884323376288 ], [ -0.131518797946249, 51.484625023365666 ], [ -0.13691073660597, 51.483632218465509 ], [ -0.144527583434607, 51.486627784588663 ], [ -0.144813658854533, 51.487169866774273 ] ] ] } },
{ "type": "Feature", "properties": { "NLC": 777, "total_activity": 91147.160584330879, "log_total_activity": 11.42024159980808, "direction_balance": -0.13114439453563301, "post_2300_share": 0.1468635860429128, "midnight_share_common_window": 0.0364630978889958, "night_tube_extension_share": 0.056535410543114901, "post_0100_share": 0.028372609654225101, "common_window_persistence": 0.055501446886092903, "weekend_common_ratio": 0.99324854059287737, "volume_band": "high", "cluster": 4, "Station": "Vauxhall LU", "mode_label": "LU", "tot_entry": 39596.860697928307, "tot_exit": 51550.299886402558, "easting": 530336.7953, "northing": 177973.00479999901, "lon": -0.1242521229828271, "lat": 51.485697438105049, "coord_source": "underground_stations_csv", "catchment_area_m2": 908083.92645112483, "station_in_lnwc_extent": true }, "geometry": { "type": "Polygon", "coordinates": [ [ [ -0.122829593580123, 51.492834080923728 ], [ -0.121715864482305, 51.492712657308168 ], [ -0.120626572540349, 51.492523663359322 ], [ -0.119572212573461, 51.492268920055359 ], [ -0.118562942373794, 51.491950881819946 ], [ -0.11760848473799, 51.491572612842312 ], [ -0.116718033717056, 51.491137757517109 ], [ -0.116612938980106, 51.491075147254122 ], [ -0.115263197716034, 51.487434934493074 ], [ -0.120877107655317, 51.480718856864044 ], [ -0.131518797946249, 51.484625023365666 ], [ -0.123932995327212, 51.492885641291025 ], [ -0.122829593580123, 51.492834080923728 ] ] ] } },
{ "type": "Feature", "properties": { "NLC": 778, "total_activity": 108923.27134341258, "log_total_activity": 11.598408161437565, "direction_balance": -0.305312388985161, "post_2300_share": 0.20687499040658111, "midnight_share_common_window": 0.051417421582193902, "night_tube_extension_share": 0.093176542566763096, "post_0100_share": 0.051959991182136699, "common_window_persistence": 0.087879521553218903, "weekend_common_ratio": 1.021861279475202, "volume_band": "high", "cluster": 3, "Station": "Brixton LU", "mode_label": "LU", "tot_entry": 37833.823576738192, "tot_exit": 71089.447766674377, "easting": 531052.3817, "northing": 175428.6555, "lon": -0.1148949328839154, "lat": 51.462667093564662, "coord_source": "underground_stations_csv", "catchment_area_m2": 1697152.3303497024, "station_in_lnwc_extent": true }, "geometry": { "type": "Polygon", "coordinates": [ [ [ -0.103470347859704, 51.46177769338648 ], [ -0.103664999948038, 51.461082488257581 ], [ -0.103967790835348, 51.460402548182032 ], [ -0.104375800148176, 51.459744420491546 ], [ -0.104885094814385, 51.459114442209888 ], [ -0.105490767083603, 51.458518679066451 ], [ -0.106186981905336, 51.457962867130206 ], [ -0.106967033204082, 51.457452357624042 ], [ -0.107823408506428, 51.456992065449199 ], [ -0.108747861296063, 51.456586421912952 ], [ -0.109731490399647, 51.456239332112453 ], [ -0.110764825640304, 51.455954137383124 ], [ -0.111837918936497, 51.455733583170733 ], [ -0.112940439972955, 51.455579792634943 ], [ -0.114061775527491, 51.455494246236547 ], [ -0.115191131503226, 51.455477767503787 ], [ -0.116317636690486, 51.455530515114098 ], [ -0.117430447266417, 51.455651981366834 ], [ -0.118518851033453, 51.455840997061536 ], [ -0.119572370400188, 51.456095742735556 ], [ -0.120580863119927, 51.456413766153325 ], [ -0.121534619823142, 51.456792005880381 ], [ -0.122424457410021, 51.457226820716549 ], [ -0.123241807408069, 51.457714024706647 ], [ -0.123978798446938, 51.458248927394273 ], [ -0.124628332057911, 51.458826378932429 ], [ -0.124886701904029, 51.459112001138152 ], [ -0.120820640747668, 51.466605135953074 ], [ -0.112086683573516, 51.469634909857497 ], [ -0.111269909107478, 51.469493059369952 ], [ -0.110216131262662, 51.469238236937059 ], [ -0.109207432486638, 51.468920122842697 ], [ -0.108253530067558, 51.468541782005957 ], [ -0.107363612705015, 51.468106859512638 ], [ -0.106546251937236, 51.467619545455044 ], [ -0.10580931954844, 51.467084534519508 ], [ -0.105159911753457, 51.466506980712893 ], [ -0.104604280889958, 51.465892447666924 ], [ -0.10414777527488, 51.46524685500065 ], [ -0.103794787801575, 51.464576421260197 ], [ -0.103548713768662, 51.463887603987232 ], [ -0.103411918341576, 51.463187037494613 ], [ -0.103385713953965, 51.462481468950443 ], [ -0.103470347859704, 51.46177769338648 ] ] ] } },
{ "type": "Feature", "properties": { "NLC": 779, "total_activity": 13613.953326688041, "log_total_activity": 9.5189239770217817, "direction_balance": -0.4968615796606044, "post_2300_share": 0.19206583906249911, "midnight_share_common_window": 0.0435008198469558, "night_tube_extension_share": 0.10573865781419101, "post_0100_share": 0.0558492665663788, "common_window_persistence": 0.078615033905053505, "weekend_common_ratio": 1.0232625627745415, "volume_band": "medium", "cluster": 3, "Station": "Hatton Cross", "mode_label": "LU", "tot_entry": 3424.8514856820407, "tot_exit": 10189.101841006008, "easting": 509608.3222, "northing": 175362.56179999901, "lon": -0.42346421038625748, "lat": 51.466627846277632, "coord_source": "underground_stations_csv", "catchment_area_m2": 2007391.0339493849, "station_in_lnwc_extent": true }, "geometry": { "type": "Polygon", "coordinates": [ [ [ -0.412032008888237, 51.465768464501267 ], [ -0.412221999599151, 51.465072709438211 ], [ -0.412520247609273, 51.464391935679892 ], [ -0.412923876264882, 51.463732698605362 ], [ -0.413428994642579, 51.463101345938334 ], [ -0.414030735165346, 51.462503956657024 ], [ -0.414723300595542, 51.461946282500008 ], [ -0.415500019947871, 51.461433692629271 ], [ -0.416353412780664, 51.460971121981849 ], [ -0.417275261244586, 51.460563023804276 ], [ -0.418256689194577, 51.460213326825524 ], [ -0.419288247604328, 51.459925397478052 ], [ -0.420360005463295, 51.459702007528449 ], [ -0.421461645284809, 51.459545307428321 ], [ -0.422582562310573, 51.459456805639135 ], [ -0.423711966462252, 51.459437354129868 ], [ -0.42483898606513, 51.45948714018563 ], [ -0.425952772352255, 51.459605684605492 ], [ -0.427042603750125, 51.459791846307354 ], [ -0.428097988949068, 51.460043833295572 ], [ -0.429108767772732, 51.460359219886243 ], [ -0.430065208881705, 51.460734970026273 ], [ -0.430958103375855, 51.461167466482507 ], [ -0.43177885339841, 51.461652545622151 ], [ -0.432519554891651, 51.462185537451532 ], [ -0.433173073709002, 51.462761310529821 ], [ -0.433733114350873, 51.463374321327663 ], [ -0.434194280661112, 51.46401866755749 ], [ -0.434552127896983, 51.4646881449642 ], [ -0.434803205667265, 51.465376307031356 ], [ -0.434945091319886, 51.466076527029308 ], [ -0.434976413451458, 51.466782061809354 ], [ -0.434896865305475, 51.467486116730399 ], [ -0.434707207922803, 51.468181911093211 ], [ -0.434409263006585, 51.468862743452576 ], [ -0.434005895562818, 51.469522056177375 ], [ -0.433500986476675, 51.470153498636755 ], [ -0.432899395282218, 51.470750988401811 ], [ -0.432206913478481, 51.471308769872479 ], [ -0.431430208837042, 51.471821469762673 ], [ -0.430576761234239, 51.47228414890747 ], [ -0.429654790624184, 51.472692349890785 ], [ -0.428673177845943, 51.473042140032852 ], [ -0.427641379028674, 51.473330149321093 ], [ -0.426569334421643, 51.473553602916745 ], [ -0.425467372531087, 51.473710347922385 ], [ -0.424346110492238, 51.473798874150816 ], [ -0.423216351642093, 51.473818328693874 ], [ -0.422088981286229, 51.473768524149904 ], [ -0.420974861670844, 51.473649940430278 ], [ -0.419884727179057, 51.473463720127363 ], [ -0.41882908076827, 51.473211657488847 ], [ -0.417818092653058, 51.472896181105824 ], [ -0.416861502215794, 51.47252033048202 ], [ -0.415968524095209, 51.472087726712175 ], [ -0.415147759361789, 51.471602537553046 ], [ -0.414407112638584, 51.471069437226326 ], [ -0.413753715967387, 51.470493561342295 ], [ -0.413193860153778, 51.469880457381116 ], [ -0.41273293425106, 51.469236031210563 ], [ -0.412375373763245, 51.468566490157762 ], [ -0.412124618061988, 51.467878283185108 ], [ -0.411983077422427, 51.467178038747939 ], [ -0.411952109989296, 51.466472500934074 ], [ -0.412032008888237, 51.465768464501267 ] ] ] } },
{ "type": "Feature", "properties": { "NLC": 780, "total_activity": 57528.452476651117, "log_total_activity": 10.960052312632335, "direction_balance": 0.2514849043646013, "post_2300_share": 0.067487448326581906, "midnight_share_common_window": 0.0080473734024073002, "night_tube_extension_share": 0.030684483164230801, "post_0100_share": 0.0133682634701711, "common_window_persistence": 0.011863208287890999, "weekend_common_ratio": 1.0904427034345074, "volume_band": "high", "cluster": 1, "Station": "Heathrow Terminals 123 LU", "mode_label": "EZL,LU", "tot_entry": 35997.994922992635, "tot_exit": 21530.457553658522, "easting": 507585.6702, "northing": 175839.6403, "lon": -0.45242581148442329, "lat": 51.471303659887951, "coord_source": "underground_stations_csv", "catchment_area_m2": 1987468.0111781708, "station_in_lnwc_extent": true }, "geometry": { "type": "Polygon", "coordinates": [ [ [ -0.440991837771299, 51.470447088532765 ], [ -0.441181409896402, 51.469751283536141 ], [ -0.441479260440808, 51.469070433264527 ], [ -0.441882516574673, 51.468411093835407 ], [ -0.442387290957573, 51.467779613959621 ], [ -0.442988719320242, 51.467182073841464 ], [ -0.443681007425906, 51.466624226672742 ], [ -0.444457486954553, 51.466111443281932 ], [ -0.445178476712169, 51.465720370146926 ], [ -0.452951798461725, 51.464125494210897 ], [ -0.453796229357579, 51.464162583173731 ], [ -0.454910210148655, 51.464280853955152 ], [ -0.456000276123863, 51.464466748216971 ], [ -0.45705593371835, 51.464718476537463 ], [ -0.458067020137055, 51.465033615722511 ], [ -0.459023801083359, 51.465409132100703 ], [ -0.459917064389716, 51.465841410689436 ], [ -0.46073820865299, 51.466326289953919 ], [ -0.461479326024092, 51.466859101825527 ], [ -0.462133278356373, 51.467434716597097 ], [ -0.462693765979796, 51.468047592264796 ], [ -0.463155388437382, 51.468691827843699 ], [ -0.463513696596454, 51.46936122014597 ], [ -0.463765235628898, 51.47004932347653 ], [ -0.463907578441453, 51.470749511673411 ], [ -0.463939349227973, 51.471455041896206 ], [ -0.463860236910029, 51.472159119549758 ], [ -0.463670998329062, 51.472854963717957 ], [ -0.463373451151823, 51.473535872477726 ], [ -0.462970456549932, 51.474195287463878 ], [ -0.46246589181328, 51.474826857061977 ], [ -0.461864613154548, 51.475424497619741 ], [ -0.461172409057472, 51.475982452085532 ], [ -0.460395944613656, 51.476495345507502 ], [ -0.459542697380816, 51.47695823685671 ], [ -0.458620885378329, 51.477366666672836 ], [ -0.457639387913239, 51.477716700071412 ], [ -0.456607660000323, 51.478004964695891 ], [ -0.455535641202992, 51.478228683246869 ], [ -0.45443365977687, 51.478385700273478 ], [ -0.453312333044316, 51.478474502966783 ], [ -0.452182464965421, 51.478494235754106 ], [ -0.451054941898831, 51.478444708552033 ], [ -0.449940627563598, 51.478326398599037 ], [ -0.44885025822121, 51.478140445849071 ], [ -0.447794339094748, 51.477888641971546 ], [ -0.446783043029801, 51.477573413064164 ], [ -0.445826112379576, 51.477197796246386 ], [ -0.444932765064657, 51.476765410360557 ], [ -0.444111605716577, 51.476280421064914 ], [ -0.443370542764128, 51.475747500656489 ], [ -0.442716712262675, 51.475171783013437 ], [ -0.442156409200368, 51.474558814092909 ], [ -0.441695026941602, 51.473914498463444 ], [ -0.441337005388348, 51.473245042389244 ], [ -0.441085788354621, 51.472556894016058 ], [ -0.440943790559452, 51.471856681236829 ], [ -0.440912374550165, 51.471151147836657 ], [ -0.440991837771299, 51.470447088532765 ] ] ] } },
{ "type": "Feature", "properties": { "NLC": 781, "total_activity": 21850.720846844812, "log_total_activity": 9.9920349547152121, "direction_balance": 0.043598396360565402, "post_2300_share": 0.033754287946583202, "midnight_share_common_window": 0.0044950508380639, "night_tube_extension_share": 0.00075954194930170004, "post_0100_share": 0.00094681805442529997, "common_window_persistence": 0.0057651917657312998, "weekend_common_ratio": 1.268304275512153, "volume_band": "high", "cluster": 1, "Station": "Heathrow Terminal 4 LU", "mode_label": "EZL,LU", "tot_entry": 11401.688617544813, "tot_exit": 10449.032229300004, "easting": 508081.9464, "northing": 174430.16259999899, "lon": -0.4457139637605832, "lat": 51.458540506400247, "coord_source": "underground_stations_csv", "catchment_area_m2": 1987468.0111781643, "station_in_lnwc_extent": true }, "geometry": { "type": "Polygon", "coordinates": [ [ [ -0.43428331487919, 51.457683306851536 ], [ -0.434472931697074, 51.456987511652223 ], [ -0.434770794486483, 51.45630667713025 ], [ -0.435174030303494, 51.455647359251408 ], [ -0.435678752006956, 51.455015906519108 ], [ -0.436280095838153, 51.45441839887652 ], [ -0.436972268377105, 51.45386058920316 ], [ -0.437748602418866, 51.453347847967017 ], [ -0.438601621228543, 51.452885111563312 ], [ -0.439523110554444, 51.452476834835196 ], [ -0.44050419770555, 51.452126948231047 ], [ -0.441535436932901, 51.451838820009066 ], [ -0.442606900295231, 51.451615223850453 ], [ -0.443708273137696, 51.451458312191647 ], [ -0.444828953269265, 51.451369595530409 ], [ -0.445958152889735, 51.451349927903621 ], [ -0.447085002291578, 51.451399498676075 ], [ -0.448198654345233, 51.451517830718615 ], [ -0.449288388769094, 51.451703784992809 ], [ -0.450343715187482, 51.451955571498985 ], [ -0.451354473991134, 51.452270766482613 ], [ -0.452310934035324, 51.452646335734499 ], [ -0.453203886240255, 51.453078663762497 ], [ -0.454024732196769, 51.453563588555042 ], [ -0.454765566927228, 51.454096441604364 ], [ -0.455419255006309, 51.454672092805957 ], [ -0.455979499308993, 51.455284999804263 ], [ -0.456440901722497, 51.455929261311816 ], [ -0.456799015234905, 51.456598673890149 ], [ -0.457050386894951, 51.457286791648151 ], [ -0.457192591224136, 51.457986988284105 ], [ -0.457224253753336, 51.458692520875722 ], [ -0.457145064450395, 51.459396594804531 ], [ -0.456955780902064, 51.460092429189892 ], [ -0.456658221212109, 51.460773322202741 ], [ -0.456255246676507, 51.461432715629492 ], [ -0.455750734395513, 51.462064258063506 ], [ -0.455149540079856, 51.462661866114367 ], [ -0.454457451403715, 51.463219783043975 ], [ -0.453681132349233, 51.463732634262527 ], [ -0.452960245865309, 51.464123760689098 ], [ -0.445186924694113, 51.465718637190633 ], [ -0.444342473421218, 51.46568148604095 ], [ -0.443228488097989, 51.465563114812355 ], [ -0.442138450574663, 51.465377102047292 ], [ -0.441082862874863, 51.465125239993199 ], [ -0.440071894648749, 51.464809955307878 ], [ -0.439115285089037, 51.464434285647684 ], [ -0.438222249021319, 51.464001850363431 ], [ -0.437401388077551, 51.463516815588477 ], [ -0.436660607811322, 51.462983854057157 ], [ -0.436007041554924, 51.462408100042865 ], [ -0.435446981751797, 51.461795099852175 ], [ -0.434985819424509, 51.461150758353931 ], [ -0.434627992358597, 51.460481282060556 ], [ -0.43437694249735, 51.459793119311747 ], [ -0.434235082952719, 51.459092898138138 ], [ -0.434203774943955, 51.458387362404984 ], [ -0.43428331487919, 51.457683306851536 ] ] ] } },
{ "type": "Feature", "properties": { "NLC": 783, "total_activity": 38883.861839361205, "log_total_activity": 10.568360298065285, "direction_balance": 0.35973975110968559, "post_2300_share": 0.090622342606201597, "midnight_share_common_window": 0.011417625025299499, "night_tube_extension_share": 0.025066038055263001, "post_0100_share": 0.0107604949109929, "common_window_persistence": 0.018074701709825398, "weekend_common_ratio": 1.1268206975554489, "volume_band": "high", "cluster": 1, "Station": "Heathrow Terminal 5 LU", "mode_label": "EZL,LU", "tot_entry": 26435.966309818185, "tot_exit": 12447.895529542997, "easting": 505109.3841, "northing": 175923.8204, "lon": -0.48803963963122932, "lat": 51.472525218798303, "coord_source": "underground_stations_csv", "catchment_area_m2": 2007391.0339493849, "station_in_lnwc_extent": true }, "geometry": { "type": "Polygon", "coordinates": [ [ [ -0.476604620688538, 51.471672112918561 ], [ -0.476793657624487, 51.470976246077448 ], [ -0.477090988229415, 51.470295301188202 ], [ -0.477493744677078, 51.469635835281693 ], [ -0.477998044434628, 51.469004198288566 ], [ -0.47859902779821, 51.468406471927736 ], [ -0.479290904810551, 51.467848411185635 ], [ -0.480067011104248, 51.467335388948136 ], [ -0.480919872129785, 51.466872344316002 ], [ -0.481841275147944, 51.466463735099545 ], [ -0.482822348292976, 51.466113494947464 ], [ -0.483853645946275, 51.465824995520549 ], [ -0.484925239600928, 51.465601014072355 ], [ -0.486026813346, 51.465443706746917 ], [ -0.487147763056079, 51.465354587849426 ], [ -0.488277298336901, 51.465334515287438 ], [ -0.489404546252093, 51.465383682322454 ], [ -0.490518655839428, 51.465501615710608 ], [ -0.491608902417509, 51.465687180250228 ], [ -0.492664790685874, 51.465938589692833 ], [ -0.493676155632618, 51.466253423913464 ], [ -0.494633260284228, 51.466628652176226 ], [ -0.495526889361778, 51.467060662272218 ], [ -0.496348437945999, 51.467545295251824 ], [ -0.497089994300527, 51.468077885418225 ], [ -0.497744416057487, 51.468653305199844 ], [ -0.498305399032065, 51.469266014471607 ], [ -0.498767538002208, 51.469910113852485 ], [ -0.49912637886554, 51.470579401467987 ], [ -0.499378461667316, 51.47126743263334 ], [ -0.499521354079946, 51.471967581883831 ], [ -0.499553675005562, 51.47267310675668 ], [ -0.499475108067544, 51.473377212710723 ], [ -0.499286404853697, 51.474073118559794 ], [ -0.498989377872336, 51.474754121789168 ], [ -0.49858688328162, 51.47541366312597 ], [ -0.498082793551382, 51.476045389740797 ], [ -0.497481960314246, 51.476643216470649 ], [ -0.496790167758207, 51.477201384471982 ], [ -0.496014077005058, 51.477714516736988 ], [ -0.495161162007102, 51.478177669936613 ], [ -0.494239637577684, 51.478586382088331 ], [ -0.493258380248316, 51.478936715587743 ], [ -0.492226842715707, 51.479225295186737 ], [ -0.491154962705197, 51.479449340550865 ], [ -0.490053067132214, 51.479606693079717 ], [ -0.488931772489839, 51.479695836731032 ], [ -0.487801882427893, 51.479715912645993 ], [ -0.486674283516786, 51.479666727434214 ], [ -0.485559840207329, 51.479548755038074 ], [ -0.484469290005668, 51.479363132158326 ], [ -0.483413139880354, 51.479111647285443 ], [ -0.482401564906306, 51.478796723443075 ], [ -0.481444310128267, 51.478421394811292 ], [ -0.480550596594439, 51.477989277456082 ], [ -0.479729032469696, 51.477504534448975 ], [ -0.478987530087613, 51.476971835715112 ], [ -0.478333229741933, 51.476396312998212 ], [ -0.477772430951701, 51.475783510379124 ], [ -0.477310531860872, 51.475139330826167 ], [ -0.476951977353391, 51.474469979294753 ], [ -0.476700216379507, 51.473781902925971 ], [ -0.47655766889915, 51.473081728921635 ], [ -0.476525702754633, 51.472376200695841 ], [ -0.476604620688538, 51.471672112918561 ] ] ] } },
{ "type": "Feature", "properties": { "NLC": 784, "total_activity": 30962.127359151928, "log_total_activity": 10.340552335494708, "direction_balance": 0.092132961311313197, "post_2300_share": 0.10650433324462701, "midnight_share_common_window": 0.021540414358808602, "night_tube_extension_share": 0.0340532747978778, "post_0100_share": 0.014826005338014, "common_window_persistence": 0.032460154657339299, "weekend_common_ratio": 0.6696701087630812, "volume_band": "high", "cluster": 2, "Station": "Southwark", "mode_label": "LU", "tot_entry": 16907.379920624317, "tot_exit": 14054.747438527607, "easting": 531592.3412, "northing": 180073.990499999, "lon": -0.1053973366341109, "lat": 51.504287579539543, "coord_source": "underground_stations_csv", "catchment_area_m2": 637867.9408261606, "station_in_lnwc_extent": true }, "geometry": { "type": "Polygon", "coordinates": [ [ [ -0.108479875540838, 51.508328224232606 ], [ -0.09864472469279, 51.507405417060951 ], [ -0.097806846049639, 51.506916039390852 ], [ -0.097613090118216, 51.505387439814044 ], [ -0.100797352789919, 51.500546721433096 ], [ -0.105046213951654, 51.499721906378447 ], [ -0.109423019399804, 51.501862126090202 ], [ -0.110725101052163, 51.507172208427598 ], [ -0.108479875540838, 51.508328224232606 ] ] ] } },
{ "type": "Feature", "properties": { "NLC": 787, "total_activity": 31920.316148519789, "log_total_activity": 10.371029283436751, "direction_balance": -0.20805276770853229, "post_2300_share": 0.16007011406422819, "midnight_share_common_window": 0.0405382682345908, "night_tube_extension_share": 0.060822472105781601, "post_0100_share": 0.030762077335042999, "common_window_persistence": 0.064667158261503904, "weekend_common_ratio": 0.90431035100918555, "volume_band": "high", "cluster": 4, "Station": "Bermondsey", "mode_label": "LU", "tot_entry": 12639.603013844438, "tot_exit": 19280.713134675345, "easting": 534459.7378, "northing": 179416.223200001, "lon": -0.064359176466292994, "lat": 51.497702381206572, "coord_source": "underground_stations_csv", "catchment_area_m2": 1522159.4553639663, "station_in_lnwc_extent": true }, "geometry": { "type": "Polygon", "coordinates": [ [ [ -0.059199074885312, 51.49127246378027 ], [ -0.060233511313873, 51.490987727831147 ], [ -0.061307663019097, 51.490767648720912 ], [ -0.062411189506464, 51.490614345035425 ], [ -0.063533467883981, 51.490529292549233 ], [ -0.064663694987034, 51.490513310037009 ], [ -0.065790991227144, 51.490566551400782 ], [ -0.06690450517186, 51.490688504188583 ], [ -0.067993517856187, 51.490877994518442 ], [ -0.069047545828381, 51.491133198360735 ], [ -0.070056441944791, 51.491451659071537 ], [ -0.07101049294943, 51.491830311008627 ], [ -0.071900512904009, 51.492265509005328 ], [ -0.072717931573036, 51.492753063419265 ], [ -0.073454876915888, 51.493288280421261 ], [ -0.074104250893078, 51.49386600713877 ], [ -0.074659797856927, 51.494480681220665 ], [ -0.075116164866731, 51.495126384349284 ], [ -0.075468953344888, 51.495796899185954 ], [ -0.075714761572517, 51.496485769203666 ], [ -0.075851217610125, 51.49718636083248 ], [ -0.075877002320137, 51.497891927320325 ], [ -0.075791862262681, 51.49859567369537 ], [ -0.075596612333069, 51.499290822204436 ], [ -0.075293128108006, 51.49997067759768 ], [ -0.074884327966785, 51.500628691630091 ], [ -0.074374145152572, 51.501258526157926 ], [ -0.073767490036422, 51.501854114221096 ], [ -0.073070202941919, 51.502409718521655 ], [ -0.072288997980387, 51.502919986733197 ], [ -0.071431398434431, 51.503380003106265 ], [ -0.071184466781184, 51.5034881235851 ], [ -0.067413726308527, 51.504575664185737 ], [ -0.059026361157263, 51.500479758833357 ], [ -0.057163410758392, 51.497561593561862 ], [ -0.057038204711647, 51.494354159079279 ], [ -0.059043837307846, 51.491327110736556 ], [ -0.059199074885312, 51.49127246378027 ] ] ] } },
{ "type": "Feature", "properties": { "NLC": 788, "total_activity": 45061.056426159113, "log_total_activity": 10.715795850453956, "direction_balance": -0.31434571262293531, "post_2300_share": 0.1634026415747023, "midnight_share_common_window": 0.0430352101503527, "night_tube_extension_share": 0.075686489862761899, "post_0100_share": 0.038402971143212603, "common_window_persistence": 0.0690587138979325, "weekend_common_ratio": 0.9436510400951228, "volume_band": "high", "cluster": 4, "Station": "Canada Water", "mode_label": "LO,LU", "tot_entry": 15448.153266167918, "tot_exit": 29612.903159991201, "easting": 535456.6419, "northing": 179467.0078, "lon": -0.049987164956990703, "lat": 51.497920963447051, "coord_source": "underground_stations_csv", "catchment_area_m2": 595691.41592711373, "station_in_lnwc_extent": true }, "geometry": { "type": "Polygon", "coordinates": [ [ [ -0.038498904680699, 51.497487532634935 ], [ -0.057038204711647, 51.494354159079279 ], [ -0.057163410758392, 51.497561593561862 ], [ -0.040842704400105, 51.502292599924509 ], [ -0.040239245254613, 51.501755299703774 ], [ -0.039684080126864, 51.50114046724277 ], [ -0.03922815998751, 51.500494631524589 ], [ -0.03887587207562, 51.499824013434456 ], [ -0.038630604937251, 51.499135072286776 ], [ -0.038494715952603, 51.498434443584131 ], [ -0.038469508812954, 51.497728875089727 ], [ -0.038498904680699, 51.497487532634935 ] ] ] } },
{ "type": "Feature", "properties": { "NLC": 789, "total_activity": 130959.76297984402, "log_total_activity": 11.78265303808061, "direction_balance": 0.0237887672837853, "post_2300_share": 0.217908002933971, "midnight_share_common_window": 0.044846083263440799, "night_tube_extension_share": 0.050938549162524702, "post_0100_share": 0.029838566607862799, "common_window_persistence": 0.080267766929148304, "weekend_common_ratio": 1.222234977134641, "volume_band": "high", "cluster": 1, "Station": "North Greenwich", "mode_label": "LU", "tot_entry": 67037.567152455595, "tot_exit": 63922.195827388401, "easting": 539215.8219, "northing": 179859.37439999901, "lon": 0.0042875767123523, "lat": 51.500534312056338, "coord_source": "underground_stations_csv", "catchment_area_m2": 1584583.5717533955, "station_in_lnwc_extent": true }, "geometry": { "type": "Polygon", "coordinates": [ [ [ 0.014807433297182, 51.497600950631444 ], [ 0.014296074005924, 51.496971516895492 ], [ 0.013688350129252, 51.496376395952936 ], [ 0.012990116460375, 51.495821317682562 ], [ 0.012208098498558, 51.49531162623758 ], [ 0.011349827635692, 51.494852228638493 ], [ 0.010423568619917, 51.494447547576478 ], [ 0.009438239995064, 51.494101478880502 ], [ 0.00840332828082, 51.493817354054826 ], [ 0.007328796717406, 51.493597908245611 ], [ 0.006224989449556, 51.493445253943605 ], [ 0.005102532067373, 51.493360860673761 ], [ 0.003972229455712, 51.493345540866805 ], [ 0.002844961929014, 51.49339944204749 ], [ 0.001731580644451, 51.493522045414259 ], [ 0.000642803293111, 51.49371217082431 ], [ -0.000410888933667, 51.493967988136085 ], [ -0.001419352117607, 51.494287034801253 ], [ -0.002372877162301, 51.494666239537565 ], [ -0.002874140370313, 51.494911805886218 ], [ -0.005950011260628, 51.499521536691034 ], [ -0.006063587928447, 51.501565608800988 ], [ -0.000944731002688, 51.504480349293956 ], [ 0.008106035262908, 51.507032226702933 ], [ 0.012753845537121, 51.504065931308048 ], [ 0.014825342218351, 51.497629674290025 ], [ 0.014807433297182, 51.497600950631444 ] ] ] } },
{ "type": "Feature", "properties": { "NLC": 831, "total_activity": 17140.893705462157, "log_total_activity": 9.7492806706148567, "direction_balance": -0.31829415046697201, "post_2300_share": 0.1175461163188999, "midnight_share_common_window": 0.0314923429118441, "night_tube_extension_share": 0.0064745550368988996, "post_0100_share": 0.0033404405829915002, "common_window_persistence": 0.050158841160075497, "weekend_common_ratio": 0.8318326746424316, "volume_band": "medium", "cluster": 4, "Station": "Nine Elms", "mode_label": "LU", "tot_entry": 5842.5237526187038, "tot_exit": 11298.36995284345, "easting": 529989.2567, "northing": 177345.62879999899, "lon": -0.12948529538068779, "lat": 51.480139315742143, "coord_source": "underground_stations_csv", "catchment_area_m2": 895406.85371720558, "station_in_lnwc_extent": true }, "geometry": { "type": "Polygon", "coordinates": [ [ [ -0.131490888743235, 51.474403372261015 ], [ -0.135979039378105, 51.476012046480513 ], [ -0.13691073660597, 51.483632218465509 ], [ -0.131518797946249, 51.484625023365666 ], [ -0.120877107655317, 51.480718856864044 ], [ -0.120141578374927, 51.477834488133873 ], [ -0.131490888743235, 51.474403372261015 ] ] ] } },
{ "type": "Feature", "properties": { "NLC": 832, "total_activity": 39181.235827682605, "log_total_activity": 10.575978755405901, "direction_balance": 0.052548962482453498, "post_2300_share": 0.099364484061047698, "midnight_share_common_window": 0.025564657090323899, "night_tube_extension_share": 0.0050554284068813002, "post_0100_share": 0.0028433665599734998, "common_window_persistence": 0.037925158912468303, "weekend_common_ratio": 1.0378741100890445, "volume_band": "high", "cluster": 2, "Station": "Battersea Power Station", "mode_label": "LU", "tot_entry": 20620.084559603834, "tot_exit": 18561.151268078778, "easting": 529024.8784, "northing": 177247.2655, "lon": -0.14340082383987421, "lat": 51.479475938064823, "coord_source": "underground_stations_csv", "catchment_area_m2": 1467737.5774788917, "station_in_lnwc_extent": true }, "geometry": { "type": "Polygon", "coordinates": [ [ [ -0.149085040736377, 51.473221226977444 ], [ -0.150039386150923, 51.473599239595458 ], [ -0.15092982329515, 51.474033842822237 ], [ -0.151747777928734, 51.474520852741058 ], [ -0.15248537286377, 51.475055580765343 ], [ -0.153135503820071, 51.475632878731453 ], [ -0.153691907875343, 51.476247188418419 ], [ -0.154149223849825, 51.47689259501994 ], [ -0.15450304404117, 51.477562884056105 ], [ -0.154749956807397, 51.478251601178378 ], [ -0.154887579582627, 51.478952114293989 ], [ -0.154914582001529, 51.479657677412206 ], [ -0.154830698902907, 51.480361495599155 ], [ -0.154636733079836, 51.481056790415828 ], [ -0.154334547742306, 51.48173686520893 ], [ -0.153927048757524, 51.482395169625825 ], [ -0.153418156831807, 51.483025362730999 ], [ -0.152812769895569, 51.483621374115259 ], [ -0.152116716048107, 51.484177462407054 ], [ -0.151336697510957, 51.484688270621184 ], [ -0.150480226126439, 51.485148877808967 ], [ -0.149555551020861, 51.48555484651073 ], [ -0.148571579128763, 51.485902265550948 ], [ -0.147537789344823, 51.486187787761757 ], [ -0.146464141132879, 51.486408662269177 ], [ -0.145360978476173, 51.486562761029461 ], [ -0.14452488701311, 51.486626724291604 ], [ -0.13691073660597, 51.483632218465509 ], [ -0.135979039378105, 51.476012046480513 ], [ -0.149030575768974, 51.473204074756183 ], [ -0.149085040736377, 51.473221226977444 ] ] ] } },
{ "type": "Feature", "properties": { "NLC": 850, "total_activity": 6761.1856250836654, "log_total_activity": 8.819101434101297, "direction_balance": -0.18293920494645799, "post_2300_share": 0.2006929899882573, "midnight_share_common_window": 0.091716945910020095, "night_tube_extension_share": 0.024411206897442, "post_0100_share": 0.017448984103458701, "common_window_persistence": 0.1540910680989393, "weekend_common_ratio": 0.88400318625526764, "volume_band": "low", "cluster": 3, "Station": "All Saints", "mode_label": "DLR", "tot_entry": 2762.1498511677187, "tot_exit": 3999.0357739159472, "easting": 537983.0, "northing": 181009.0, "lon": -0.01301, "lat": 51.511165, "coord_source": "naptan_rse_tmu", "catchment_area_m2": 340941.92717899341, "station_in_lnwc_extent": true }, "geometry": { "type": "Polygon", "coordinates": [ [ [ -0.02020414190025, 51.512028925054643 ], [ -0.020321362080157, 51.512320275548582 ], [ -0.006185189447092, 51.514058293319984 ], [ -0.007023050493611, 51.511898128491559 ], [ -0.012265468316656, 51.507747183928899 ], [ -0.02020414190025, 51.512028925054643 ] ] ] } },
{ "type": "Feature", "properties": { "NLC": 851, "total_activity": 12565.711321365899, "log_total_activity": 9.4388066381860192, "direction_balance": 0.060447406449895297, "post_2300_share": 0.1496227686976549, "midnight_share_common_window": 0.062306756929693903, "night_tube_extension_share": 0.010668595436836001, "post_0100_share": 0.0060034833325065002, "common_window_persistence": 0.1047495913181785, "weekend_common_ratio": 0.88379224357669572, "volume_band": "medium", "cluster": 3, "Station": "Bow Church", "mode_label": "DLR", "tot_entry": 6662.6379904702799, "tot_exit": 5903.0733308956214, "easting": 537383.0, "northing": 182845.0, "lon": -0.02094, "lat": 51.52781, "coord_source": "naptan_rse_tmu", "catchment_area_m2": 498884.77482833411, "station_in_lnwc_extent": true }, "geometry": { "type": "Polygon", "coordinates": [ [ [ -0.026096924157458, 51.53424296700716 ], [ -0.025061295120705, 51.534527387030479 ], [ -0.024574086247802, 51.534626942485652 ], [ -0.013716999247214, 51.529285934137519 ], [ -0.016464523533562, 51.525965833507229 ], [ -0.021575775793455, 51.524627001615613 ], [ -0.026722018110868, 51.534023366240646 ], [ -0.026096924157458, 51.53424296700716 ] ] ] } },
{ "type": "Feature", "properties": { "NLC": 852, "total_activity": 242131.60092148531, "log_total_activity": 12.397240792767869, "direction_balance": 0.1417028172737734, "post_2300_share": 0.1187485797081794, "midnight_share_common_window": 0.031331903682782603, "night_tube_extension_share": 0.028060726377963901, "post_0100_share": 0.013098994188938401, "common_window_persistence": 0.0463628206327871, "weekend_common_ratio": 0.73308444632329361, "volume_band": "high", "cluster": 2, "Station": "Canary Wharf LU", "mode_label": "DLR,EZL,LU", "tot_entry": 138221.16546153431, "tot_exit": 103910.43545995098, "easting": 537677.3398, "northing": 180139.73179999899, "lon": -0.017753639711347899, "lat": 51.503430115405727, "coord_source": "underground_stations_csv", "catchment_area_m2": 239221.3985114168, "station_in_lnwc_extent": true }, "geometry": { "type": "Polygon", "coordinates": [ [ [ -0.019907490813513, 51.505225103601646 ], [ -0.018625524745377, 51.505568655376109 ], [ -0.012075255271901, 51.505593733790775 ], [ -0.009339411998377, 51.503082207250863 ], [ -0.019191356195859, 51.50138446562881 ], [ -0.019907490813513, 51.505225103601646 ] ] ] } },
{ "type": "Feature", "properties": { "NLC": 853, "total_activity": 14900.748084215091, "log_total_activity": 9.6092338061402316, "direction_balance": 0.24393067006852859, "post_2300_share": 0.16578152350699329, "midnight_share_common_window": 0.067915100932119499, "night_tube_extension_share": 0.011286680736435, "post_0100_share": 0.0068493779592691002, "common_window_persistence": 0.1103287364613554, "weekend_common_ratio": 0.9006071462644909, "volume_band": "medium", "cluster": 3, "Station": "Langdon Park", "mode_label": "DLR", "tot_entry": 9267.7487744600094, "tot_exit": 5632.9993097550832, "easting": 537884.5, "northing": 181446.0, "lon": -0.01426, "lat": 51.51512, "coord_source": "naptan_rse_tmu", "catchment_area_m2": 835371.10256878112, "station_in_lnwc_extent": true }, "geometry": { "type": "Polygon", "coordinates": [ [ [ -0.025500310933569, 51.516711111655418 ], [ -0.0252146977175, 51.517348982405714 ], [ -0.010925538660419, 51.519720294767076 ], [ -0.006046077922285, 51.519168810470454 ], [ -0.00365421045765, 51.516182565822866 ], [ -0.006185189447092, 51.514058293319984 ], [ -0.020321362080157, 51.512320275548582 ], [ -0.025607700994898, 51.516330467268453 ], [ -0.025500310933569, 51.516711111655418 ] ] ] } },
{ "type": "Feature", "properties": { "NLC": 854, "total_activity": 12669.889513447695, "log_total_activity": 9.447062477121376, "direction_balance": -0.27536175619029918, "post_2300_share": 0.15446771429935979, "midnight_share_common_window": 0.056696156830074902, "night_tube_extension_share": 0.0077895969924972998, "post_0100_share": 0.0054975503689104, "common_window_persistence": 0.091714906457529999, "weekend_common_ratio": 0.83107411584728275, "volume_band": "medium", "cluster": 4, "Station": "Crossharbour", "mode_label": "DLR", "tot_entry": 4590.543243143843, "tot_exit": 8079.3462703038585, "easting": 537939.5, "northing": 179286.5, "lon": -0.01431, "lat": 51.4957, "coord_source": "naptan_rse_tmu", "catchment_area_m2": 754578.4513519773, "station_in_lnwc_extent": true }, "geometry": { "type": "Polygon", "coordinates": [ [ [ -0.002881607673874, 51.494799791625312 ], [ -0.003077939663449, 51.494104775564097 ], [ -0.003280461212813, 51.493652759043364 ], [ -0.006223170475742, 51.493026283771407 ], [ -0.025442818206061, 51.493852808609191 ], [ -0.025668485021029, 51.494487302247009 ], [ -0.025804166785042, 51.495187944033809 ], [ -0.025829177890669, 51.495893513434474 ], [ -0.025808639991131, 51.496061753463039 ], [ -0.005950011260628, 51.499521536691034 ], [ -0.002868849425636, 51.49490387562512 ], [ -0.002881607673874, 51.494799791625312 ] ] ] } },
{ "type": "Feature", "properties": { "NLC": 855, "total_activity": 19977.922763178824, "log_total_activity": 9.9024331349922221, "direction_balance": 0.23001735050998059, "post_2300_share": 0.1440711639826755, "midnight_share_common_window": 0.052394276645724602, "night_tube_extension_share": 0.0051963888918813003, "post_0100_share": 0.0028921545418687002, "common_window_persistence": 0.080591606867058699, "weekend_common_ratio": 0.77439347436249839, "volume_band": "high", "cluster": 2, "Station": "Heron Quays", "mode_label": "DLR", "tot_entry": 12286.595812929119, "tot_exit": 7691.3269502497023, "easting": 537429.0, "northing": 180104.0, "lon": -0.02134, "lat": 51.50317, "coord_source": "naptan_rse_tmu", "catchment_area_m2": 633517.62080140528, "station_in_lnwc_extent": true }, "geometry": { "type": "Polygon", "coordinates": [ [ [ -0.027047098793012, 51.496920856320543 ], [ -0.028000896649718, 51.497299855306693 ], [ -0.028890603018646, 51.497735376162147 ], [ -0.029707650676956, 51.498223226136112 ], [ -0.030444171149193, 51.498758708553595 ], [ -0.031093070479528, 51.499336667985631 ], [ -0.031648097583409, 51.499951539839202 ], [ -0.032103904519086, 51.50059740389068 ], [ -0.032456098095892, 51.50126804124973 ], [ -0.032701282318246, 51.501956994207085 ], [ -0.032837091251423, 51.50265762839139 ], [ -0.03286221198645, 51.503363196637928 ], [ -0.032854848166177, 51.503423583347285 ], [ -0.02536958179861, 51.505640512108378 ], [ -0.019907490813513, 51.505225103601646 ], [ -0.019191356195859, 51.50138446562881 ], [ -0.02644950225488, 51.496731971437747 ], [ -0.027047098793012, 51.496920856320543 ] ] ] } },
{ "type": "Feature", "properties": { "NLC": 856, "total_activity": 8089.5522933402926, "log_total_activity": 8.9984522763676171, "direction_balance": -0.26402104205661231, "post_2300_share": 0.14260895024438211, "midnight_share_common_window": 0.058665458485475303, "night_tube_extension_share": 0.0084549740746291003, "post_0100_share": 0.0054782952118152999, "common_window_persistence": 0.091501797897875395, "weekend_common_ratio": 0.84399971069573365, "volume_band": "low", "cluster": 4, "Station": "Island Gardens", "mode_label": "DLR", "tot_entry": 2976.8701335405653, "tot_exit": 5112.6821597997287, "easting": 538262.0, "northing": 178419.0, "lon": -0.01001, "lat": 51.48782, "coord_source": "naptan_rse_tmu", "catchment_area_m2": 918399.19872727874, "station_in_lnwc_extent": true }, "geometry": { "type": "Polygon", "coordinates": [ [ [ 0.001419567042769, 51.486925286790822 ], [ 0.001223206987532, 51.486230277392274 ], [ 0.000918686690775, 51.485550630007687 ], [ 0.000508943177202, 51.48489288914292 ], [ 0.000058705881612, 51.484338261145226 ], [ -0.020043211631762, 51.485040625910514 ], [ -0.006223170475742, 51.493026283771407 ], [ -0.003271332710266, 51.493654702273645 ], [ -0.002461120311439, 51.493257774712809 ], [ -0.001644456248737, 51.492769738588365 ], [ -0.000908373010942, 51.492234079443165 ], [ -0.000259958614831, 51.491655957526888 ], [ 0.00029454418958, 51.491040941941236 ], [ 0.000749797969487, 51.490394956949679 ], [ 0.001101421906552, 51.489724224872646 ], [ 0.001346033851012, 51.489035206119702 ], [ 0.001481282732854, 51.488334536937913 ], [ 0.001505871024094, 51.487628965477462 ], [ 0.001419567042769, 51.486925286790822 ] ] ] } },
{ "type": "Feature", "properties": { "NLC": 857, "total_activity": 6566.2346123938541, "log_total_activity": 8.7898481115150293, "direction_balance": -0.36259194683795021, "post_2300_share": 0.15985489776264589, "midnight_share_common_window": 0.066198554251704303, "night_tube_extension_share": 0.0109263623611185, "post_0100_share": 0.0066009222006422003, "common_window_persistence": 0.10679591332485951, "weekend_common_ratio": 0.83243646198080423, "volume_band": "low", "cluster": 4, "Station": "Mudchute", "mode_label": "DLR", "tot_entry": 2092.6854104456165, "tot_exit": 4473.5492019482372, "easting": 537918.0, "northing": 178771.0, "lon": -0.014825, "lat": 51.491075, "coord_source": "naptan_rse_tmu", "catchment_area_m2": 803255.98995700479, "station_in_lnwc_extent": true }, "geometry": { "type": "Polygon", "coordinates": [ [ [ -0.021479598838447, 51.485202770762818 ], [ -0.022369009304861, 51.485638338772262 ], [ -0.023185773310826, 51.486126232090044 ], [ -0.023922025111302, 51.486661753622968 ], [ -0.024570673337318, 51.487239747564651 ], [ -0.025125469322728, 51.487854648988943 ], [ -0.025581067352452, 51.488500537386564 ], [ -0.025933076249266, 51.489171193631925 ], [ -0.026178101798363, 51.489860159833079 ], [ -0.02631377959589, 51.490560801490396 ], [ -0.026338797998985, 51.491266371366564 ], [ -0.02625291094939, 51.49197007445354 ], [ -0.026056940539777, 51.492665133411641 ], [ -0.025752769290516, 51.493344853850303 ], [ -0.025436772715765, 51.49385254912746 ], [ -0.006223170475742, 51.493026283771407 ], [ -0.020043211631762, 51.485040625910514 ], [ -0.020757750867243, 51.484915810066582 ], [ -0.021479598838447, 51.485202770762818 ] ] ] } },
{ "type": "Feature", "properties": { "NLC": 858, "total_activity": 5761.7553274779448, "log_total_activity": 8.6591709947793554, "direction_balance": 0.076799248387837901, "post_2300_share": 0.155755471899852, "midnight_share_common_window": 0.065502203405887402, "night_tube_extension_share": 0.015522000770622799, "post_0100_share": 0.0096006679428334001, "common_window_persistence": 0.10774375651780251, "weekend_common_ratio": 0.76240606363313723, "volume_band": "low", "cluster": 3, "Station": "Poplar", "mode_label": "DLR", "tot_entry": 3102.1269030114372, "tot_exit": 2659.628424466508, "easting": 537661.5, "northing": 180616.0, "lon": -0.017795, "lat": 51.507715, "coord_source": "naptan_rse_tmu", "catchment_area_m2": 229329.68365788003, "station_in_lnwc_extent": true }, "geometry": { "type": "Polygon", "coordinates": [ [ [ -0.012075255271901, 51.505593733790775 ], [ -0.018625524745377, 51.505568655376109 ], [ -0.020280292408194, 51.511861801529335 ], [ -0.02020414190025, 51.512028925054643 ], [ -0.012265468316656, 51.507747183928899 ], [ -0.012075255271901, 51.505593733790775 ] ] ] } },
{ "type": "Feature", "properties": { "NLC": 859, "total_activity": 16324.280188999688, "log_total_activity": 9.7004701171826255, "direction_balance": 0.082375347800582893, "post_2300_share": 0.106562674848543, "midnight_share_common_window": 0.052411615916028803, "night_tube_extension_share": 0.0060695094588344, "post_0100_share": 0.0084474944296671992, "common_window_persistence": 0.097030603588663597, "weekend_common_ratio": 1.3443396941143011, "volume_band": "medium", "cluster": 1, "Station": "Pudding Mill Lane", "mode_label": "DLR", "tot_entry": 8834.4992235813497, "tot_exit": 7489.7809654183384, "easting": 537908.0, "northing": 183549.0, "lon": -0.0131, "lat": 51.53401, "coord_source": "naptan_rse_tmu", "catchment_area_m2": 1103575.0340578614, "station_in_lnwc_extent": true }, "geometry": { "type": "Polygon", "coordinates": [ [ [ -0.024540162695919, 51.534908082851594 ], [ -0.024343963952902, 51.53560313188261 ], [ -0.024068324027357, 51.536218418214816 ], [ -0.015760602327086, 51.540411285755468 ], [ -0.012983067466704, 51.539932314746174 ], [ -0.007947063355184, 51.53748788419734 ], [ -0.004621359178721, 51.533387943060227 ], [ -0.005489204523483, 51.529868751105568 ], [ -0.005503711616456, 51.529851631570303 ], [ -0.013716999247214, 51.529285934137519 ], [ -0.024574501717818, 51.5346271468281 ], [ -0.024540162695919, 51.534908082851594 ] ] ] } },
{ "type": "Feature", "properties": { "NLC": 861, "total_activity": 14881.924742969541, "log_total_activity": 9.6079698443797117, "direction_balance": -0.1260109949236301, "post_2300_share": 0.14317260014341279, "midnight_share_common_window": 0.051930021595933698, "night_tube_extension_share": 0.0052849480544959002, "post_0100_share": 0.0031330347887835999, "common_window_persistence": 0.081852993825025394, "weekend_common_ratio": 0.67100461118753718, "volume_band": "medium", "cluster": 2, "Station": "South Quay", "mode_label": "DLR", "tot_entry": 6503.3192998646773, "tot_exit": 8378.605443104856, "easting": 537790.0, "northing": 179771.0, "lon": -0.016275, "lat": 51.50009, "coord_source": "naptan_rse_tmu", "catchment_area_m2": 533025.05337702099, "station_in_lnwc_extent": true }, "geometry": { "type": "Polygon", "coordinates": [ [ [ -0.026024906935056, 51.496256908983419 ], [ -0.026452119142603, 51.496730293749053 ], [ -0.019191356195859, 51.50138446562881 ], [ -0.009339411998377, 51.503082207250863 ], [ -0.006063587928447, 51.501565608800988 ], [ -0.005950011260628, 51.499521536691034 ], [ -0.025806299900708, 51.496062161385304 ], [ -0.026024906935056, 51.496256908983419 ] ] ] } },
{ "type": "Feature", "properties": { "NLC": 862, "total_activity": 22226.205220089352, "log_total_activity": 10.009072277961089, "direction_balance": -0.43015520002927082, "post_2300_share": 0.17874360766631761, "midnight_share_common_window": 0.075880196928602803, "night_tube_extension_share": 0.0051094045619008996, "post_0100_share": 0.0032476452870005001, "common_window_persistence": 0.12340502099867839, "weekend_common_ratio": 0.90310938796159557, "volume_band": "high", "cluster": 3, "Station": "Limehouse DLR", "mode_label": "DLR", "tot_entry": 6332.743733875096, "tot_exit": 15893.461486214252, "easting": 536079.5, "northing": 181079.5, "lon": -0.040395, "lat": 51.51226, "coord_source": "naptan_rse_tmu", "catchment_area_m2": 1403636.6056966078, "station_in_lnwc_extent": true }, "geometry": { "type": "Polygon", "coordinates": [ [ [ -0.036274864602744, 51.50554621849529 ], [ -0.037349470076997, 51.505326364274083 ], [ -0.038453423930382, 51.505173291043199 ], [ -0.039576099160872, 51.50508847235902 ], [ -0.040706688787127, 51.505072724745958 ], [ -0.041834309733806, 51.505126199845563 ], [ -0.042948107444877, 51.505248382956658 ], [ -0.04315923264445, 51.505285155517171 ], [ -0.045410121393782, 51.506176059896347 ], [ -0.047751937207837, 51.507979662068387 ], [ -0.048806177131188, 51.515727749543295 ], [ -0.036912125048081, 51.518714235404858 ], [ -0.033572057944817, 51.518049761018112 ], [ -0.032849841205721, 51.517696428734361 ], [ -0.032032416530496, 51.51720859813053 ], [ -0.031295585406092, 51.516673123922843 ], [ -0.030646443056181, 51.516095164581742 ], [ -0.030353491163616, 51.515770728673829 ], [ -0.03593456077243, 51.505639776470304 ], [ -0.036274864602744, 51.50554621849529 ] ] ] } },
{ "type": "Feature", "properties": { "NLC": 864, "total_activity": 9750.6109450582644, "log_total_activity": 9.1851877754779032, "direction_balance": 0.29761457776988332, "post_2300_share": 0.17675491490452311, "midnight_share_common_window": 0.077200728010196798, "night_tube_extension_share": 0.0054388650200695998, "post_0100_share": 0.0038547833790335, "common_window_persistence": 0.1265678942874757, "weekend_common_ratio": 0.86920155430417156, "volume_band": "medium", "cluster": 3, "Station": "Tower Gateway", "mode_label": "DLR", "tot_entry": 6326.2674522350899, "tot_exit": 3424.34349282317, "easting": 533765.5, "northing": 180820.0, "lon": -0.073825, "lat": 51.51048, "coord_source": "naptan_rse_tmu", "catchment_area_m2": 557027.21405131987, "station_in_lnwc_extent": true }, "geometry": { "type": "Polygon", "coordinates": [ [ [ -0.071710064822641, 51.503416479994513 ], [ -0.076196894752005, 51.512219316610782 ], [ -0.072474731693049, 51.512951556359972 ], [ -0.065049852480377, 51.511391210909032 ], [ -0.064559672930424, 51.507823344064846 ], [ -0.067413726308527, 51.504575664185737 ], [ -0.071175125571562, 51.503490817951715 ], [ -0.071710064822641, 51.503416479994513 ] ] ] } },
{ "type": "Feature", "properties": { "NLC": 865, "total_activity": 18676.788362273412, "log_total_activity": 9.8350903087495638, "direction_balance": -0.213366056948011, "post_2300_share": 0.18584887052555879, "midnight_share_common_window": 0.076420408789627303, "night_tube_extension_share": 0.0076140070325297999, "post_0100_share": 0.0045927538241513997, "common_window_persistence": 0.13069341252319891, "weekend_common_ratio": 0.88806185337399035, "volume_band": "medium", "cluster": 3, "Station": "Westferry", "mode_label": "DLR", "tot_entry": 7345.8978364813156, "tot_exit": 11330.890525792092, "easting": 537095.5, "northing": 180760.5, "lon": -0.02589, "lat": 51.50915, "coord_source": "naptan_rse_tmu", "catchment_area_m2": 932439.23914323689, "station_in_lnwc_extent": true }, "geometry": { "type": "Polygon", "coordinates": [ [ [ -0.033438033027646, 51.503715398644886 ], [ -0.034255235370088, 51.504203218109559 ], [ -0.034991904474051, 51.504738673031916 ], [ -0.035640944952838, 51.505316608248229 ], [ -0.035933869728254, 51.505641031181305 ], [ -0.03035279980599, 51.515771983346632 ], [ -0.030012407509413, 51.515865523039196 ], [ -0.028937519066592, 51.516085306625186 ], [ -0.027833270879175, 51.516238286841002 ], [ -0.026710302142688, 51.516322989781017 ], [ -0.025617725597659, 51.516338070998273 ], [ -0.020321362080157, 51.512320275548582 ], [ -0.02020414190025, 51.512028925054643 ], [ -0.020280292408194, 51.511861801529335 ], [ -0.02536958179861, 51.505640512108378 ], [ -0.032846683050225, 51.503426002009341 ], [ -0.033438033027646, 51.503715398644886 ] ] ] } },
{ "type": "Feature", "properties": { "NLC": 866, "total_activity": 13223.875920487029, "log_total_activity": 9.4898548744886888, "direction_balance": 0.28477731079288499, "post_2300_share": 0.16601527440850719, "midnight_share_common_window": 0.060813952291934599, "night_tube_extension_share": 0.0058144062760547002, "post_0100_share": 0.0033472251797384998, "common_window_persistence": 0.10009554483277069, "weekend_common_ratio": 1.1237661479317635, "volume_band": "medium", "cluster": 3, "Station": "West India Quay", "mode_label": "DLR", "tot_entry": 8494.8678716910581, "tot_exit": 4729.0080487959749, "easting": 537474.0, "northing": 180580.0, "lon": -0.02051, "lat": 51.50744, "coord_source": "naptan_rse_tmu", "catchment_area_m2": 172724.03655834618, "station_in_lnwc_extent": true }, "geometry": { "type": "Polygon", "coordinates": [ [ [ -0.020280292408194, 51.511861801529335 ], [ -0.018625524745377, 51.505568655376109 ], [ -0.019907490813513, 51.505225103601646 ], [ -0.02536958179861, 51.505640512108378 ], [ -0.020280292408194, 51.511861801529335 ] ] ] } },
{ "type": "Feature", "properties": { "NLC": 867, "total_activity": 9388.1802517685937, "log_total_activity": 9.1473132682602927, "direction_balance": -0.34974338022375712, "post_2300_share": 0.1709588550652546, "midnight_share_common_window": 0.072801166532054498, "night_tube_extension_share": 0.020688911417468599, "post_0100_share": 0.0144185882034611, "common_window_persistence": 0.1175570274596084, "weekend_common_ratio": 0.84824070729387946, "volume_band": "medium", "cluster": 4, "Station": "Devons Road", "mode_label": "DLR", "tot_entry": 3052.3631781825616, "tot_exit": 6335.8170735860367, "easting": 537638.0, "northing": 182281.0, "lon": -0.01748, "lat": 51.52268, "coord_source": "naptan_rse_tmu", "catchment_area_m2": 637511.08536897833, "station_in_lnwc_extent": true }, "geometry": { "type": "Polygon", "coordinates": [ [ [ -0.025853211456074, 51.517735399200241 ], [ -0.026589994604535, 51.518270907015918 ], [ -0.027239115165835, 51.518848888392014 ], [ -0.027547518678971, 51.519190448100296 ], [ -0.026876817930809, 51.520854976474432 ], [ -0.021575775793455, 51.524627001615613 ], [ -0.016464523533562, 51.525965833507229 ], [ -0.010925538660419, 51.519720294767076 ], [ -0.025207767717355, 51.517350132936087 ], [ -0.025853211456074, 51.517735399200241 ] ] ] } },
{ "type": "Feature", "properties": { "NLC": 879, "total_activity": 20555.030090445387, "log_total_activity": 9.9309096119389046, "direction_balance": 0.095171662056902598, "post_2300_share": 0.125626218408004, "midnight_share_common_window": 0.042655461853126901, "night_tube_extension_share": 0.0056060051332946998, "post_0100_share": 0.0037384391029507001, "common_window_persistence": 0.063142623364629502, "weekend_common_ratio": 0.82070316011109923, "volume_band": "high", "cluster": 2, "Station": "Cutty Sark", "mode_label": "DLR", "tot_entry": 11255.64323389136, "tot_exit": 9299.3868565540342, "easting": 538242.0, "northing": 177723.0, "lon": -0.01057, "lat": 51.481575, "coord_source": "naptan_rse_tmu", "catchment_area_m2": 917151.02251499251, "station_in_lnwc_extent": true }, "geometry": { "type": "Polygon", "coordinates": [ [ [ 0.000857907806471, 51.480675942955806 ], [ 0.000661585755531, 51.479980931533092 ], [ 0.000357117988977, 51.479301281463741 ], [ -0.000052558975891, 51.478643537279616 ], [ -0.000563496015604, 51.478014032305019 ], [ -0.0011707695752, 51.477418827705989 ], [ -0.001868529198068, 51.476863654168298 ], [ -0.002650053948857, 51.476353856763986 ], [ -0.003507817182999, 51.475894343535053 ], [ -0.003929453553573, 51.475709973633087 ], [ -0.021405953365449, 51.48399408112202 ], [ -0.02108696269381, 51.484506607614776 ], [ -0.020754565868789, 51.484916366433936 ], [ -0.020043211631762, 51.485040625910514 ], [ 0.000052264246205, 51.484338486772224 ], [ 0.000188174416142, 51.48414561287214 ], [ 0.000539761104089, 51.483474882234965 ], [ 0.000784350715295, 51.482785864230117 ], [ 0.000919592393102, 51.482085195097348 ], [ 0.000944188677088, 51.481379622986324 ], [ 0.000857907806471, 51.480675942955806 ] ] ] } },
{ "type": "Feature", "properties": { "NLC": 882, "total_activity": 5679.2090141113204, "log_total_activity": 8.6447433092971924, "direction_balance": -0.16133610795574199, "post_2300_share": 0.17639172436200179, "midnight_share_common_window": 0.072339685867548298, "night_tube_extension_share": 0.0084227654456274, "post_0100_share": 0.0057268518856517002, "common_window_persistence": 0.1192286297597748, "weekend_common_ratio": 0.81083236730125607, "volume_band": "low", "cluster": 3, "Station": "Blackwall", "mode_label": "DLR", "tot_entry": 2381.473767753715, "tot_exit": 3297.7352463576035, "easting": 538426.0, "northing": 180679.0, "lon": -0.006765, "lat": 51.508095, "coord_source": "naptan_rse_tmu", "catchment_area_m2": 502350.24070530041, "station_in_lnwc_extent": true }, "geometry": { "type": "Polygon", "coordinates": [ [ [ -0.007023050493611, 51.511898128491559 ], [ -0.000944731002688, 51.504480349293956 ], [ -0.006063587928447, 51.501565608800988 ], [ -0.009339411998377, 51.503082207250863 ], [ -0.012075255271901, 51.505593733790775 ], [ -0.012265468316656, 51.507747183928899 ], [ -0.007023050493611, 51.511898128491559 ] ] ] } },
{ "type": "Feature", "properties": { "NLC": 883, "total_activity": 12908.621496080965, "log_total_activity": 9.4657281647494607, "direction_balance": -0.20965441951269409, "post_2300_share": 0.14122122465628231, "midnight_share_common_window": 0.0497510268873433, "night_tube_extension_share": 0.0080373293827254999, "post_0100_share": 0.0047016258977990001, "common_window_persistence": 0.076304650364170307, "weekend_common_ratio": 0.65283996991462012, "volume_band": "medium", "cluster": 4, "Station": "East India", "mode_label": "DLR", "tot_entry": 5101.1359748055147, "tot_exit": 7807.4855212754474, "easting": 538736.0, "northing": 180848.33333333331, "lon": -0.0022333333333332999, "lat": 51.509536666666669, "coord_source": "naptan_rse_tmu", "catchment_area_m2": 706955.55558611581, "station_in_lnwc_extent": true }, "geometry": { "type": "Polygon", "coordinates": [ [ [ -0.00365421045765, 51.516182565822866 ], [ -0.001679556967947, 51.515753207518792 ], [ 0.008114391367225, 51.50728350030856 ], [ 0.008106035262908, 51.507032226702933 ], [ -0.000944731002688, 51.504480349293956 ], [ -0.007023050493611, 51.511898128491559 ], [ -0.006185189447092, 51.514058293319984 ], [ -0.00365421045765, 51.516182565822866 ] ] ] } },
{ "type": "Feature", "properties": { "NLC": 884, "total_activity": 58850.2953582345, "log_total_activity": 10.982769123631131, "direction_balance": -0.42876323069089473, "post_2300_share": 0.20443080856240961, "midnight_share_common_window": 0.052802153275938297, "night_tube_extension_share": 0.1250972546431898, "post_0100_share": 0.065355784987089494, "common_window_persistence": 0.087870278879200306, "weekend_common_ratio": 0.93439902017324183, "volume_band": "high", "cluster": 4, "Station": "Canning Town", "mode_label": "DLR,LU", "tot_entry": 16808.726296662255, "tot_exit": 42041.569061572249, "easting": 539428.3256, "northing": 181377.274, "lon": 0.0079466982897017993, "lat": 51.514121718013861, "coord_source": "underground_stations_csv", "catchment_area_m2": 963019.66417656932, "station_in_lnwc_extent": true }, "geometry": { "type": "Polygon", "coordinates": [ [ [ 0.015501080523146, 51.519553290918843 ], [ 0.016318011640368, 51.519065128714473 ], [ 0.017054296346551, 51.518529356744082 ], [ 0.01770284468922, 51.517951136345289 ], [ 0.018257412634229, 51.517336037569073 ], [ 0.018712662128363, 51.51668998548076 ], [ 0.018837859745814, 51.516451102020248 ], [ 0.008114391367225, 51.50728350030856 ], [ -0.001679556967947, 51.515753207518792 ], [ 0.015427299052695, 51.519589435429332 ], [ 0.015501080523146, 51.519553290918843 ] ] ] } },
{ "type": "Feature", "properties": { "NLC": 886, "total_activity": 10674.14370350297, "log_total_activity": 9.2756732996926807, "direction_balance": -0.047333654529850597, "post_2300_share": 0.12276002989966139, "midnight_share_common_window": 0.036925763193851199, "night_tube_extension_share": 0.0072843889315700999, "post_0100_share": 0.0051556720097463002, "common_window_persistence": 0.056911091344463302, "weekend_common_ratio": 1.1234570836808091, "volume_band": "medium", "cluster": 4, "Station": "Royal Victoria", "mode_label": "DLR", "tot_entry": 5084.4487365196892, "tot_exit": 5589.694966983282, "easting": 540182.5, "northing": 180858.0, "lon": 0.018605, "lat": 51.50927, "coord_source": "naptan_rse_tmu", "catchment_area_m2": 865993.15097513853, "station_in_lnwc_extent": true }, "geometry": { "type": "Polygon", "coordinates": [ [ [ 0.018919616938663, 51.516457822174985 ], [ 0.020047429741582, 51.516403760627966 ], [ 0.021161313265993, 51.516280978217978 ], [ 0.022250535419018, 51.516090658003321 ], [ 0.022408339096997, 51.516052329548522 ], [ 0.023108729297984, 51.506671065487694 ], [ 0.012753845537121, 51.504065931308048 ], [ 0.008106035262908, 51.507032226702933 ], [ 0.008114391367225, 51.50728350030856 ], [ 0.018844543759424, 51.516456814772063 ], [ 0.018919616938663, 51.516457822174985 ] ] ] } },
{ "type": "Feature", "properties": { "NLC": 887, "total_activity": 47665.836285871083, "log_total_activity": 10.771991179012453, "direction_balance": -0.076837634127937399, "post_2300_share": 0.1017458302170491, "midnight_share_common_window": 0.023594674139054601, "night_tube_extension_share": 0.00063664897340790004, "post_0100_share": 0.00041813330402089998, "common_window_persistence": 0.035780201030150602, "weekend_common_ratio": 0.83784382960477655, "volume_band": "high", "cluster": 4, "Station": "Custom House DLR", "mode_label": "DLR,EZL", "tot_entry": 22001.653098467585, "tot_exit": 25664.183187403487, "easting": 540779.0, "northing": 180902.33333333331, "lon": 0.02721, "lat": 51.50952, "coord_source": "naptan_rse_tmu", "catchment_area_m2": 650196.15603584109, "station_in_lnwc_extent": true }, "geometry": { "type": "Polygon", "coordinates": [ [ [ 0.023094794485674, 51.516236929376774 ], [ 0.024169933661462, 51.516456223227145 ], [ 0.02527435469028, 51.516608701264673 ], [ 0.026397416707923, 51.516692894423436 ], [ 0.027528299011077, 51.516707991555592 ], [ 0.028656105458958, 51.516653847255597 ], [ 0.029769969606231, 51.516530983261035 ], [ 0.030859159547129, 51.516340583416479 ], [ 0.031056787773281, 51.51629256559751 ], [ 0.030322248444378, 51.506007044248882 ], [ 0.028303741198446, 51.505318215398127 ], [ 0.023108729297984, 51.506671065487694 ], [ 0.022408607390967, 51.516048736530756 ], [ 0.023094794485674, 51.516236929376774 ] ] ] } },
{ "type": "Feature", "properties": { "NLC": 888, "total_activity": 5300.9714553882868, "log_total_activity": 8.5758340030902858, "direction_balance": -0.23229480979863351, "post_2300_share": 0.1272965393391372, "midnight_share_common_window": 0.034251070706185001, "night_tube_extension_share": 0.0080218180139974993, "post_0100_share": 0.0046949481980777001, "common_window_persistence": 0.054324554143994203, "weekend_common_ratio": 0.80960493189176808, "volume_band": "low", "cluster": 4, "Station": "Prince Regent", "mode_label": "DLR", "tot_entry": 2034.79164970544, "tot_exit": 3266.1798056828461, "easting": 541245.5, "northing": 180894.5, "lon": 0.033925, "lat": 51.509335, "coord_source": "naptan_rse_tmu", "catchment_area_m2": 768779.84210251167, "station_in_lnwc_extent": true }, "geometry": { "type": "Polygon", "coordinates": [ [ [ 0.031989911171626, 51.516422099467192 ], [ 0.033112979160406, 51.516506228223832 ], [ 0.034243857229639, 51.516521260615882 ], [ 0.035371649279338, 51.516467051861788 ], [ 0.036485489003092, 51.51634412432032 ], [ 0.03757464473083, 51.516153662448453 ], [ 0.038628622964667, 51.515897501371541 ], [ 0.039637269603608, 51.515578109176268 ], [ 0.040590867875908, 51.515198563098885 ], [ 0.041463438501155, 51.514770753618741 ], [ 0.039017746520808, 51.505738743530621 ], [ 0.030322248444378, 51.506007044248882 ], [ 0.031056842724757, 51.516293334857188 ], [ 0.031989911171626, 51.516422099467192 ] ] ] } },
{ "type": "Feature", "properties": { "NLC": 889, "total_activity": 5378.167243843046, "log_total_activity": 8.5902888537852569, "direction_balance": -0.045116903490851602, "post_2300_share": 0.26941923778711929, "midnight_share_common_window": 0.12505968904986389, "night_tube_extension_share": 0.025815725490444998, "post_0100_share": 0.0148180506099422, "common_window_persistence": 0.23913792448203389, "weekend_common_ratio": 0.87460165415707003, "volume_band": "low", "cluster": 3, "Station": "Star Lane", "mode_label": "DLR", "tot_entry": 2567.760495672459, "tot_exit": 2810.4067481705888, "easting": 539139.5, "northing": 182116.5, "lon": 0.00408, "lat": 51.520835, "coord_source": "naptan_rse_tmu", "catchment_area_m2": 1082893.2566736238, "station_in_lnwc_extent": true }, "geometry": { "type": "Polygon", "coordinates": [ [ [ 0.015515132175857, 51.519934374547105 ], [ 0.015416823515553, 51.519587087247707 ], [ -0.001679556967947, 51.515753207518792 ], [ -0.00365421045765, 51.516182565822866 ], [ -0.006046077922285, 51.519168810470454 ], [ -0.002503144285578, 51.524628471629882 ], [ 0.013801031601181, 51.52445434849907 ], [ 0.014200014190145, 51.524261531328271 ], [ 0.014390653358406, 51.524050138064382 ], [ 0.01484602233283, 51.523404100363905 ], [ 0.015197678724006, 51.522733329067904 ], [ 0.015442240079075, 51.52204428496389 ], [ 0.015577355825179, 51.521343604543013 ], [ 0.015601729726589, 51.520638036063133 ], [ 0.015515132175857, 51.519934374547105 ] ] ] } },
{ "type": "Feature", "properties": { "NLC": 890, "total_activity": 5553.0061949702167, "log_total_activity": 8.6222747832730757, "direction_balance": -0.3527581981528381, "post_2300_share": 0.12240218586185039, "midnight_share_common_window": 0.034501776712271399, "night_tube_extension_share": 0.0079641850261350997, "post_0100_share": 0.0045263481554477002, "common_window_persistence": 0.053680409643384899, "weekend_common_ratio": 0.94567384803192878, "volume_band": "low", "cluster": 4, "Station": "Royal Albert", "mode_label": "DLR", "tot_entry": 1797.0688676504881, "tot_exit": 3755.9373273197289, "easting": 542068.0, "northing": 180779.0, "lon": 0.04572, "lat": 51.50809, "coord_source": "naptan_rse_tmu", "catchment_area_m2": 732892.62607398024, "station_in_lnwc_extent": true }, "geometry": { "type": "Polygon", "coordinates": [ [ [ 0.0416096103966, 51.514806987257316 ], [ 0.042684799825166, 51.515026110785115 ], [ 0.043789243009715, 51.515178414170499 ], [ 0.044912298871656, 51.515262430030745 ], [ 0.046043146766607, 51.515277348926809 ], [ 0.047170890885476, 51.515223027170983 ], [ 0.048150550092836, 51.515114804556106 ], [ 0.05095902832936, 51.506654046675081 ], [ 0.041163150700204, 51.503901580640566 ], [ 0.039017746520808, 51.505738743530621 ], [ 0.041462318425747, 51.514766618024886 ], [ 0.0416096103966, 51.514806987257316 ] ] ] } },
{ "type": "Feature", "properties": { "NLC": 891, "total_activity": 1609.5520454983136, "log_total_activity": 7.3843322846094228, "direction_balance": -0.38710164105154521, "post_2300_share": 0.1183302714736459, "midnight_share_common_window": 0.037165184121676298, "night_tube_extension_share": 0.0126601141733637, "post_0100_share": 0.0068466201081772001, "common_window_persistence": 0.053603914325421803, "weekend_common_ratio": 0.84197029533640377, "volume_band": "low", "cluster": 0, "Station": "Beckton Park", "mode_label": "DLR", "tot_entry": 493.24590366402282, "tot_exit": 1116.3061418342909, "easting": 542698.0, "northing": 180928.0, "lon": 0.05485, "lat": 51.50927, "coord_source": "naptan_rse_tmu", "catchment_area_m2": 568535.21060239279, "station_in_lnwc_extent": true }, "geometry": { "type": "Polygon", "coordinates": [ [ [ 0.048721019817756, 51.515358078931108 ], [ 0.049304737168581, 51.515562737344084 ], [ 0.059936359391512, 51.510817962558235 ], [ 0.058294179095425, 51.50545194732463 ], [ 0.056364895691921, 51.504677513502962 ], [ 0.05095902832936, 51.506654046675081 ], [ 0.048152166432055, 51.515109936093445 ], [ 0.048721019817756, 51.515358078931108 ] ] ] } },
{ "type": "Feature", "properties": { "NLC": 893, "total_activity": 4640.8541624493209, "log_total_activity": 8.442869169376042, "direction_balance": 0.025492447368637799, "post_2300_share": 0.092314742489240695, "midnight_share_common_window": 0.028690567458067601, "night_tube_extension_share": 0.0085984438644430006, "post_0100_share": 0.0051527708308249003, "common_window_persistence": 0.040475569191153998, "weekend_common_ratio": 0.47884812073912408, "volume_band": "low", "cluster": 2, "Station": "Cyprus", "mode_label": "DLR", "tot_entry": 2379.5804464655434, "tot_exit": 2261.2737159837784, "easting": 543318.5, "northing": 180827.5, "lon": 0.06375, "lat": 51.50821, "coord_source": "naptan_rse_tmu", "catchment_area_m2": 438767.60924115422, "station_in_lnwc_extent": true }, "geometry": { "type": "Polygon", "coordinates": [ [ [ 0.059936359391512, 51.510817962558235 ], [ 0.067214815979025, 51.512257068835453 ], [ 0.068510779539627, 51.50462086364454 ], [ 0.058294179095425, 51.50545194732463 ], [ 0.059936359391512, 51.510817962558235 ] ] ] } },
{ "type": "Feature", "properties": { "NLC": 894, "total_activity": 8298.4196673992956, "log_total_activity": 9.0239408717497565, "direction_balance": -0.34719471629652032, "post_2300_share": 0.13684094085858761, "midnight_share_common_window": 0.0453514910345355, "night_tube_extension_share": 0.014259440487172899, "post_0100_share": 0.0090076344238525004, "common_window_persistence": 0.072218259305634594, "weekend_common_ratio": 0.80256154656503864, "volume_band": "medium", "cluster": 4, "Station": "Gallions Reach", "mode_label": "DLR", "tot_entry": 2708.6261026335678, "tot_exit": 5589.7935647657287, "easting": 543887.0, "northing": 180904.0, "lon": 0.07196, "lat": 51.50875, "coord_source": "naptan_rse_tmu", "catchment_area_m2": 1330223.0181628757, "station_in_lnwc_extent": true }, "geometry": { "type": "Polygon", "coordinates": [ [ [ 0.083396299063631, 51.507844453565646 ], [ 0.083198596460761, 51.507149599036062 ], [ 0.082892714110113, 51.506470182341204 ], [ 0.082481602150919, 51.505812745759634 ], [ 0.081969223521823, 51.50518361964793 ], [ 0.081360515653338, 51.504588861518812 ], [ 0.080661342804664, 51.504034197754521 ], [ 0.079878439508269, 51.503524968514867 ], [ 0.079019345669909, 51.503066076368398 ], [ 0.078092333950731, 51.502661939138846 ], [ 0.077106330131001, 51.502316447419041 ], [ 0.076070827221052, 51.502032927158744 ], [ 0.074995794143912, 51.501814107684851 ], [ 0.073945725395942, 51.501669549699159 ], [ 0.068510779539627, 51.50462086364454 ], [ 0.067214815979025, 51.512257068835453 ], [ 0.07186171098981, 51.51593503499582 ], [ 0.072290615199109, 51.515940595896879 ], [ 0.073418337161127, 51.515886021872923 ], [ 0.074532049837937, 51.515762734225717 ], [ 0.075621022785666, 51.515571920882785 ], [ 0.07667476427057, 51.515315420356607 ], [ 0.077683122476624, 51.514995704004903 ], [ 0.078636383415669, 51.514615852187291 ], [ 0.079525364591712, 51.514179524549 ], [ 0.080341503512989, 51.513690924720194 ], [ 0.08107694019632, 51.513154759772966 ], [ 0.081724592867528, 51.512576194828377 ], [ 0.082278226128743, 51.511960803253785 ], [ 0.082732510937421, 51.511314512931555 ], [ 0.083083075822171, 51.51064354911955 ], [ 0.083326548846272, 51.509954374454999 ], [ 0.083460589919948, 51.509253626681712 ], [ 0.083483913156463, 51.50854805470135 ], [ 0.083396299063631, 51.507844453565646 ] ] ] } },
{ "type": "Feature", "properties": { "NLC": 895, "total_activity": 7387.3565515161317, "log_total_activity": 8.9076606010528412, "direction_balance": -0.33278109390978988, "post_2300_share": 0.1042145031226533, "midnight_share_common_window": 0.034563840625740402, "night_tube_extension_share": 0.0092799653806433999, "post_0100_share": 0.0060308376709710997, "common_window_persistence": 0.050276598302848398, "weekend_common_ratio": 0.59692445822348439, "volume_band": "low", "cluster": 0, "Station": "Beckton", "mode_label": "DLR", "tot_entry": 2464.4919786004702, "tot_exit": 4922.8645729156606, "easting": 543084.0, "northing": 181501.0, "lon": 0.06064, "lat": 51.51432, "coord_source": "naptan_rse_tmu", "catchment_area_m2": 1257200.8404834224, "station_in_lnwc_extent": true }, "geometry": { "type": "Polygon", "coordinates": [ [ [ 0.049406796720893, 51.515920702064861 ], [ 0.049712250492126, 51.516600209879044 ], [ 0.050122995340237, 51.517257764349999 ], [ 0.050635079281271, 51.517887031752686 ], [ 0.051243573619377, 51.518481950582824 ], [ 0.051942620299269, 51.519036789983005 ], [ 0.052725488242504, 51.519546204990213 ], [ 0.053584638128167, 51.520005288070692 ], [ 0.054511794995733, 51.520409616443096 ], [ 0.055498027971115, 51.52075529473241 ], [ 0.056533836346792, 51.521038992541023 ], [ 0.05760924118431, 51.521257976573423 ], [ 0.058713881552903, 51.521410137002739 ], [ 0.059837114472181, 51.521494007823797 ], [ 0.060968117590192, 51.521508780995298 ], [ 0.062095993601041, 51.521454314234006 ], [ 0.063209875389094, 51.521331132385356 ], [ 0.064299030879558, 51.521140422357355 ], [ 0.065352966578201, 51.52088402166693 ], [ 0.06636152879598, 51.520564400710001 ], [ 0.067315001577334, 51.520184638927233 ], [ 0.068204200383537, 51.519748395096762 ], [ 0.069020560624526, 51.519259872041779 ], [ 0.069756220183555, 51.518723776095236 ], [ 0.070404095138253, 51.518145271714161 ], [ 0.070957947948674, 51.517529931683235 ], [ 0.071412447457005, 51.516883683389118 ], [ 0.071763220123795, 51.516212751685735 ], [ 0.071861480939647, 51.515934852933206 ], [ 0.067214815979025, 51.512257068835453 ], [ 0.059936359391512, 51.510817962558235 ], [ 0.049305149178565, 51.515562553506086 ], [ 0.049406796720893, 51.515920702064861 ] ] ] } },
{ "type": "Feature", "properties": { "NLC": 897, "total_activity": 12504.289624921736, "log_total_activity": 9.4339070037729602, "direction_balance": -0.19100936058042531, "post_2300_share": 0.14046462818736319, "midnight_share_common_window": 0.047764352044534997, "night_tube_extension_share": 0.0046108094761298001, "post_0100_share": 0.0033124229331062999, "common_window_persistence": 0.071770193735458704, "weekend_common_ratio": 0.85411560887348714, "volume_band": "medium", "cluster": 2, "Station": "Deptford Bridge", "mode_label": "DLR", "tot_entry": 5057.9266295764946, "tot_exit": 7446.3629953452373, "easting": 537433.0, "northing": 176899.0, "lon": -0.022535, "lat": 51.47437, "coord_source": "naptan_rse_tmu", "catchment_area_m2": 719740.98171766987, "station_in_lnwc_extent": true }, "geometry": { "type": "Polygon", "coordinates": [ [ [ -0.027951222710333, 51.468030378862693 ], [ -0.030650003761158, 51.469651338526496 ], [ -0.024306712534117, 51.480809476400765 ], [ -0.015134512527201, 51.473416318561675 ], [ -0.027770114417933, 51.467973102503812 ], [ -0.027951222710333, 51.468030378862693 ] ] ] } },
{ "type": "Feature", "properties": { "NLC": 898, "total_activity": 5112.8009856417339, "log_total_activity": 8.539698239497838, "direction_balance": -0.33173618127905219, "post_2300_share": 0.156139114443335, "midnight_share_common_window": 0.061117862134417097, "night_tube_extension_share": 0.0133368874830133, "post_0100_share": 0.0095358558145635999, "common_window_persistence": 0.095117190258643694, "weekend_common_ratio": 0.79739908844591378, "volume_band": "low", "cluster": 4, "Station": "Elverson Road", "mode_label": "DLR", "tot_entry": 1708.3499555125863, "tot_exit": 3404.4510301291475, "easting": 537880.0, "northing": 176287.0, "lon": -0.01634, "lat": 51.46876, "coord_source": "naptan_rse_tmu", "catchment_area_m2": 863161.26018987561, "station_in_lnwc_extent": true }, "geometry": { "type": "Polygon", "coordinates": [ [ [ -0.02469726568049, 51.463813848956555 ], [ -0.025433183342221, 51.464349359274998 ], [ -0.026081542105901, 51.464927343759761 ], [ -0.026481267938699, 51.465370564800082 ], [ -0.027734604023093, 51.467786870550732 ], [ -0.027770616573329, 51.467972886129864 ], [ -0.015134512527201, 51.473416318561675 ], [ -0.00691357432738, 51.47287599514658 ], [ -0.006594404329108, 51.472591360268282 ], [ -0.006040039620962, 51.471976374329337 ], [ -0.005584878037206, 51.471330413034678 ], [ -0.005233299512983, 51.470659698476048 ], [ -0.005048643037926, 51.470139575429258 ], [ -0.024676151341886, 51.463801231054518 ], [ -0.02469726568049, 51.463813848956555 ] ] ] } },
{ "type": "Feature", "properties": { "NLC": 928, "total_activity": 15782.293350555605, "log_total_activity": 9.6667072767151723, "direction_balance": -0.29731424023574099, "post_2300_share": 0.1068634202638381, "midnight_share_common_window": 0.036403326888179197, "night_tube_extension_share": 0.0052718985414832, "post_0100_share": 0.0049988884249368998, "common_window_persistence": 0.053363557009110003, "weekend_common_ratio": 0.73142346931488922, "volume_band": "medium", "cluster": 4, "Station": "Greenwich", "mode_label": "DLR", "tot_entry": 5544.9963969287901, "tot_exit": 10237.296953626812, "easting": 537961.33333333337, "northing": 177331.66666666666, "lon": -0.01476, "lat": 51.478126666666668, "coord_source": "naptan_rse_tmu", "catchment_area_m2": 830117.78659203963, "station_in_lnwc_extent": true }, "geometry": { "type": "Polygon", "coordinates": [ [ [ -0.00424505095372, 51.475195825310486 ], [ -0.004755890913608, 51.474566300672805 ], [ -0.00536306344389, 51.473971072940472 ], [ -0.006060719060637, 51.473415873022375 ], [ -0.006842137829608, 51.472906046244852 ], [ -0.006899901628491, 51.47287509601464 ], [ -0.015134512527201, 51.473416318561675 ], [ -0.024306712534117, 51.480809476400765 ], [ -0.024563637611964, 51.481887984649312 ], [ -0.024160775911692, 51.482283080207338 ], [ -0.023463198896552, 51.482838387955155 ], [ -0.022681789629079, 51.483348324878484 ], [ -0.021824073368771, 51.483807978419506 ], [ -0.021402431812789, 51.483992412416974 ], [ -0.003925933283359, 51.475708304414624 ], [ -0.00424505095372, 51.475195825310486 ] ] ] } },
{ "type": "Feature", "properties": { "NLC": 940, "total_activity": 25724.660628902599, "log_total_activity": 10.155244240796328, "direction_balance": -0.2280680626989347, "post_2300_share": 0.19748389836015609, "midnight_share_common_window": 0.098407669755488397, "night_tube_extension_share": 0.0146459740841407, "post_0100_share": 0.0127296264036868, "common_window_persistence": 0.15651305596327031, "weekend_common_ratio": 0.78244290795093474, "volume_band": "high", "cluster": 3, "Station": "Lewisham DLR", "mode_label": "DLR", "tot_entry": 9928.8435578406079, "tot_exit": 15795.817071061983, "easting": 538096.33333333337, "northing": 175895.0, "lon": -0.013383333333333299, "lat": 51.465186666666661, "coord_source": "naptan_rse_tmu", "catchment_area_m2": 1356854.9884755779, "station_in_lnwc_extent": true }, "geometry": { "type": "Polygon", "coordinates": [ [ [ -0.001956305966374, 51.464285229493115 ], [ -0.002152508086753, 51.463590210296296 ], [ -0.002456818334729, 51.462910549488456 ], [ -0.002866301713808, 51.462252791705573 ], [ -0.003377010968022, 51.461623270403642 ], [ -0.003984024738486, 51.461028046906833 ], [ -0.004681495072014, 51.460472852083811 ], [ -0.005462703819845, 51.459963031212617 ], [ -0.006320127380327, 51.459503492562128 ], [ -0.007245509160377, 51.459098660183777 ], [ -0.00822993905769, 51.458752431365241 ], [ -0.009263939199539, 51.458468139153858 ], [ -0.010337555115138, 51.458248520308494 ], [ -0.011440451467576, 51.458095688986447 ], [ -0.012562011428535, 51.458011116417197 ], [ -0.013691438744934, 51.457995616757486 ], [ -0.014817861521396, 51.458049339263006 ], [ -0.015930436726422, 51.458171766851336 ], [ -0.017018454423318, 51.458361721070709 ], [ -0.018071440729524, 51.458617373426108 ], [ -0.019079258519798, 51.45893626295554 ], [ -0.020032204909823, 51.459315319887743 ], [ -0.020921104586861, 51.459750895155437 ], [ -0.021737398092997, 51.460238795481999 ], [ -0.022473224213858, 51.460774323705216 ], [ -0.023121495680989, 51.461352323952838 ], [ -0.023675967459084, 51.461967231236571 ], [ -0.024131296959169, 51.462613124989367 ], [ -0.024483095595131, 51.463283786032882 ], [ -0.024667948416313, 51.463803881101818 ], [ -0.005040437865746, 51.470142224075609 ], [ -0.005019326175826, 51.470129602672714 ], [ -0.00428355999256, 51.469593966272001 ], [ -0.003635415572881, 51.469015863921548 ], [ -0.003081133069733, 51.468400864533479 ], [ -0.00262604779836, 51.467754892214295 ], [ -0.002274538959301, 51.467084169161588 ], [ -0.002029987599652, 51.466395155697441 ], [ -0.001894744212306, 51.465694488017718 ], [ -0.00187010627897, 51.464988914257994 ], [ -0.001956305966374, 51.464285229493115 ] ] ] } },
{ "type": "Feature", "properties": { "NLC": 1022, "total_activity": 14249.315758208964, "log_total_activity": 9.5645343439221033, "direction_balance": -0.17702555172851919, "post_2300_share": 0.12780762220528341, "midnight_share_common_window": 0.0300036543948431, "night_tube_extension_share": 0.028247862274525901, "post_0100_share": 0.013830329882722699, "common_window_persistence": 0.045703548425292, "weekend_common_ratio": 0.84815306072538499, "volume_band": "medium", "cluster": 4, "Station": "Haggerston", "mode_label": "LO", "tot_entry": 5863.4113871790714, "tot_exit": 8385.9043710298993, "easting": 533561.0, "northing": 183929.0, "lon": -0.07559, "lat": 51.53847, "coord_source": "naptan_rse_tmu", "catchment_area_m2": 1144452.1406100574, "station_in_lnwc_extent": true }, "geometry": { "type": "Polygon", "coordinates": [ [ [ -0.085899037788453, 51.535246123729827 ], [ -0.086355957378516, 51.53589178469737 ], [ -0.086709211179088, 51.536562266243102 ], [ -0.086955392981399, 51.5372511121626 ], [ -0.08709212723811, 51.53795168911973 ], [ -0.087118092120985, 51.538657250505111 ], [ -0.087033032443012, 51.539361001396891 ], [ -0.086837762313177, 51.540056163998841 ], [ -0.08653415749071, 51.54073604292541 ], [ -0.086125137504992, 51.541394089704347 ], [ -0.085614637706189, 51.542023965875615 ], [ -0.085330887082721, 51.542302377275696 ], [ -0.0676273748216, 51.541998554958276 ], [ -0.065548265760923, 51.536438535970952 ], [ -0.067063281206648, 51.534660822600863 ], [ -0.085536454808697, 51.534845443699098 ], [ -0.085899037788453, 51.535246123729827 ] ] ] } },
{ "type": "Feature", "properties": { "NLC": 1023, "total_activity": 16113.756692924951, "log_total_activity": 9.6874906959614968, "direction_balance": 0.028990442942991999, "post_2300_share": 0.1237155176756668, "midnight_share_common_window": 0.027270846633737501, "night_tube_extension_share": 0.027610919204758801, "post_0100_share": 0.0137976448428325, "common_window_persistence": 0.041562393436438597, "weekend_common_ratio": 0.85221176913284558, "volume_band": "medium", "cluster": 2, "Station": "Hoxton", "mode_label": "LO", "tot_entry": 8290.4508184642218, "tot_exit": 7823.3058744607288, "easting": 533569.5, "northing": 183101.0, "lon": -0.07578, "lat": 51.531025, "coord_source": "naptan_rse_tmu", "catchment_area_m2": 1059073.9659792758, "station_in_lnwc_extent": true }, "geometry": { "type": "Polygon", "coordinates": [ [ [ -0.087027278309087, 51.532613433886816 ], [ -0.086723728772766, 51.533293314663766 ], [ -0.086314781085415, 51.533951363613852 ], [ -0.085804369902517, 51.534581242256344 ], [ -0.085535162316151, 51.53484543088372 ], [ -0.067063281206648, 51.534660822600863 ], [ -0.065794826770147, 51.527920399338683 ], [ -0.066021653168661, 51.527429065516678 ], [ -0.080562401527799, 51.527165005572193 ], [ -0.087126223734951, 51.532261121656958 ], [ -0.087027278309087, 51.532613433886816 ] ] ] } },
{ "type": "Feature", "properties": { "NLC": 1024, "total_activity": 34606.03848189571, "log_total_activity": 10.451812364690138, "direction_balance": 0.29865274492454208, "post_2300_share": 0.1401631339031558, "midnight_share_common_window": 0.031723611242011902, "night_tube_extension_share": 0.041514008142559802, "post_0100_share": 0.0215429893622473, "common_window_persistence": 0.049398145904939898, "weekend_common_ratio": 0.97053166546914216, "volume_band": "high", "cluster": 1, "Station": "Shoreditch High Street", "mode_label": "LO", "tot_entry": 22470.613432739086, "tot_exit": 12135.425049156614, "easting": 533616.0, "northing": 182263.0, "lon": -0.07543, "lat": 51.52348, "coord_source": "naptan_rse_tmu", "catchment_area_m2": 839364.50497033878, "station_in_lnwc_extent": true }, "geometry": { "type": "Polygon", "coordinates": [ [ [ -0.080562401527799, 51.527165005572193 ], [ -0.066021653168661, 51.527429065516678 ], [ -0.065208248807201, 51.525680274223866 ], [ -0.06889110237964, 51.520364256417359 ], [ -0.07556043743776, 51.51898702455339 ], [ -0.076457258855607, 51.519003329880725 ], [ -0.082334201446405, 51.521906970454168 ], [ -0.080562401527799, 51.527165005572193 ] ] ] } },
{ "type": "Feature", "properties": { "NLC": 1039, "total_activity": 7131.2868117706812, "log_total_activity": 8.872387192948791, "direction_balance": -0.21687879890649181, "post_2300_share": 0.1232821168179024, "midnight_share_common_window": 0.0253680833310003, "night_tube_extension_share": 0.021149398647754, "post_0100_share": 0.010036492921489599, "common_window_persistence": 0.039798748897994903, "weekend_common_ratio": 0.89635357930831017, "volume_band": "low", "cluster": 4, "Station": "Rotherhithe", "mode_label": "LO", "tot_entry": 2792.3309466880778, "tot_exit": 4338.9558650826084, "easting": 535302.0, "northing": 179778.0, "lon": -0.05209, "lat": 51.50075, "coord_source": "naptan_rse_tmu", "catchment_area_m2": 545926.18188145582, "station_in_lnwc_extent": true }, "geometry": { "type": "Polygon", "coordinates": [ [ [ -0.042995187497069, 51.50516502320901 ], [ -0.042346054942744, 51.504587127727184 ], [ -0.041790827790419, 51.503972304859012 ], [ -0.041334850453323, 51.503326477014141 ], [ -0.040982510721081, 51.502655865002232 ], [ -0.040852182313828, 51.502289853441098 ], [ -0.057163410758392, 51.497561593561862 ], [ -0.059026361157263, 51.500479758833357 ], [ -0.045410121393782, 51.506176059896347 ], [ -0.0431620263585, 51.505286261320443 ], [ -0.042995187497069, 51.50516502320901 ] ] ] } },
{ "type": "Feature", "properties": { "NLC": 1082, "total_activity": 40721.214563491332, "log_total_activity": 10.614529034900087, "direction_balance": -0.072559685078778996, "post_2300_share": 0.16464247158285189, "midnight_share_common_window": 0.0560789904973166, "night_tube_extension_share": 0.017434819294275899, "post_0100_share": 0.0089104496922033007, "common_window_persistence": 0.091802489503111095, "weekend_common_ratio": 0.89001093739619841, "volume_band": "high", "cluster": 4, "Station": "Shadwell LO", "mode_label": "DLR,LO", "tot_entry": 18883.248029369512, "tot_exit": 21837.966534121835, "easting": 534988.5, "northing": 180957.5, "lon": -0.056155, "lat": 51.511425, "coord_source": "naptan_rse_tmu", "catchment_area_m2": 973385.85242785187, "station_in_lnwc_extent": true }, "geometry": { "type": "Polygon", "coordinates": [ [ [ -0.05207456727385, 51.51689415808174 ], [ -0.048806177131188, 51.515727749543295 ], [ -0.047751937207837, 51.507979662068387 ], [ -0.064559672930424, 51.507823344064846 ], [ -0.065049852480377, 51.511391210909032 ], [ -0.062926312306829, 51.514490753513542 ], [ -0.05207456727385, 51.51689415808174 ] ] ] } },
{ "type": "Feature", "properties": { "NLC": 1083, "total_activity": 19957.453891172659, "log_total_activity": 9.9014080865031566, "direction_balance": -0.3203015654659857, "post_2300_share": 0.14873764204088261, "midnight_share_common_window": 0.036919572907325601, "night_tube_extension_share": 0.044375968558695002, "post_0100_share": 0.021136502950538601, "common_window_persistence": 0.058366360794294803, "weekend_common_ratio": 0.83350811203276631, "volume_band": "high", "cluster": 4, "Station": "Surrey Quays", "mode_label": "LO", "tot_entry": 6782.5250835574161, "tot_exit": 13174.928807615244, "easting": 535603.0, "northing": 178978.5, "lon": -0.048065, "lat": 51.493495, "coord_source": "naptan_rse_tmu", "catchment_area_m2": 1375565.5588426914, "station_in_lnwc_extent": true }, "geometry": { "type": "Polygon", "coordinates": [ [ [ -0.036636780117196, 51.492600076129833 ], [ -0.036832589743128, 51.491904997770732 ], [ -0.037136586759859, 51.491225246579525 ], [ -0.037545839177027, 51.490567368063886 ], [ -0.0380564019525, 51.489937696843228 ], [ -0.038663355128025, 51.489342295685653 ], [ -0.03936085132473, 51.488786897170364 ], [ -0.040142172136682, 51.488276848536074 ], [ -0.040999792876353, 51.487817060243621 ], [ -0.041925455046797, 51.48741195874662 ], [ -0.042910245842378, 51.487065443922106 ], [ -0.043944683913721, 51.486780851569186 ], [ -0.045018810573604, 51.486560921334352 ], [ -0.046122285569441, 51.486407770370832 ], [ -0.047244486505242, 51.486322872983479 ], [ -0.048374610961666, 51.486307046454449 ], [ -0.049501780337636, 51.486360443184807 ], [ -0.050615144420759, 51.486482549227397 ], [ -0.051703985687072, 51.486672189225274 ], [ -0.052757822333041, 51.486927537708368 ], [ -0.053766509054635, 51.48724613664038 ], [ -0.054720334609294, 51.487624919048507 ], [ -0.055610115226692, 51.488060238509803 ], [ -0.056427282973083, 51.488547904212091 ], [ -0.057163968221324, 51.489083221254326 ], [ -0.057813075434026, 51.489661035800047 ], [ -0.058368351530226, 51.490275784651651 ], [ -0.058824446175932, 51.490921548770643 ], [ -0.059040387829124, 51.491332317327057 ], [ -0.057038204711647, 51.494354159079279 ], [ -0.03849737515612, 51.497487791004396 ], [ -0.038320454132632, 51.497330241105111 ], [ -0.037765367241784, 51.49671539996335 ], [ -0.037309516898235, 51.496069557078698 ], [ -0.036957289669523, 51.495398933405113 ], [ -0.036712073518145, 51.494709988310547 ], [ -0.036576225334315, 51.494009357335315 ], [ -0.036551048417569, 51.493303788264335 ], [ -0.036636780117196, 51.492600076129833 ] ] ] } },
{ "type": "Feature", "properties": { "NLC": 1085, "total_activity": 9919.6666351966796, "log_total_activity": 9.2023753991497195, "direction_balance": -0.16142106258912581, "post_2300_share": 0.1377598310792009, "midnight_share_common_window": 0.030443106494169699, "night_tube_extension_share": 0.031698702307655598, "post_0100_share": 0.015255049703034901, "common_window_persistence": 0.048353347454836097, "weekend_common_ratio": 0.90183357167051881, "volume_band": "medium", "cluster": 4, "Station": "Wapping", "mode_label": "LO", "tot_entry": 4159.2117532066677, "tot_exit": 5760.4548819900137, "easting": 535021.0, "northing": 180174.0, "lon": -0.05599, "lat": 51.50438, "coord_source": "naptan_rse_tmu", "catchment_area_m2": 776590.35543860891, "station_in_lnwc_extent": true }, "geometry": { "type": "Polygon", "coordinates": [ [ [ -0.064559672930424, 51.507823344064846 ], [ -0.047751937207837, 51.507979662068387 ], [ -0.045410121393782, 51.506176059896347 ], [ -0.059026361157263, 51.500479758833357 ], [ -0.067413726308527, 51.504575664185737 ], [ -0.064559672930424, 51.507823344064846 ] ] ] } },
{ "type": "Feature", "properties": { "NLC": 1335, "total_activity": 3835.1107865399999, "log_total_activity": 8.2522143163318571, "direction_balance": -0.49124281021349581, "post_2300_share": 0.096983531173440496, "midnight_share_common_window": 0.025150919540194602, "night_tube_extension_share": 0.0, "post_0100_share": 0.0, "common_window_persistence": 0.036709690234335297, "weekend_common_ratio": 0.62653907902638639, "volume_band": "low", "cluster": 0, "Station": "Barking Riverside", "mode_label": "LO", "tot_entry": 975.57009313999959, "tot_exit": 2859.5406934000011, "easting": 546928.5, "northing": 182180.5, "lon": 0.116295, "lat": 51.51944, "coord_source": "naptan_rse_tmu", "catchment_area_m2": 2007391.0339494327, "station_in_lnwc_extent": true }, "geometry": { "type": "Polygon", "coordinates": [ [ [ 0.127724592146738, 51.518527898687765 ], [ 0.12752616592969, 51.517833128421628 ], [ 0.127219550984931, 51.51715383697902 ], [ 0.126807704505291, 51.516496565429343 ], [ 0.126294596499916, 51.515867642537067 ], [ 0.125685171418763, 51.515273123855529 ], [ 0.124985300422004, 51.514718733459055 ], [ 0.12420172475839, 51.51420980887351 ], [ 0.123341990800854, 51.513751249732735 ], [ 0.122414377366659, 51.5133474706534 ], [ 0.121427816022155, 51.513002358779666 ], [ 0.120391805138353, 51.512719236404337 ], [ 0.119316318522246, 51.512500829024113 ], [ 0.118211709499755, 51.512349239134913 ], [ 0.11708861136879, 51.512265926017626 ], [ 0.115957835174933, 51.51225169170803 ], [ 0.114830265787312, 51.512306673284783 ], [ 0.11371675726813, 51.512430341549567 ], [ 0.11262802853595, 51.512621506111849 ], [ 0.111574560320119, 51.512878326829764 ], [ 0.110566494391676, 51.51319833149811 ], [ 0.109613536034826, 51.513578439614065 ], [ 0.108724860692782, 51.514014991993541 ], [ 0.107909025682675, 51.514503785954801 ], [ 0.107173887826705, 51.515040115732859 ], [ 0.106526527791159, 51.515618817737554 ], [ 0.105973181861757, 51.516234320221962 ], [ 0.105519181813666, 51.516880696884698 ], [ 0.105168903457996, 51.517551723892751 ], [ 0.104925724364329, 51.518240939776895 ], [ 0.104791991171685, 51.518941707625167 ], [ 0.104768996808888, 51.519647278976187 ], [ 0.104856967850672, 51.520350858798587 ], [ 0.105055062138625, 51.521045670930263 ], [ 0.105361376697515, 51.521725023348473 ], [ 0.105772965878173, 51.522382372640614 ], [ 0.106285869559306, 51.523011387054503 ], [ 0.106895151143026, 51.523606007519774 ], [ 0.107594944983685, 51.524160506050549 ], [ 0.108378512797602, 51.524669540965441 ], [ 0.109238308513502, 51.525128208390711 ], [ 0.110166050940787, 51.525532089548399 ], [ 0.111152803555975, 51.525877293371522 ], [ 0.112189060637629, 51.526160494033704 ], [ 0.113264838917514, 51.5263789630297 ], [ 0.114369773861229, 51.526530595495764 ], [ 0.115493219645897, 51.526613930514792 ], [ 0.116624351865796, 51.526628165209345 ], [ 0.117752271969914, 51.526573162485946 ], [ 0.118866112418211, 51.526449452355585 ], [ 0.119955141536271, 51.526258226817696 ], [ 0.121008867051086, 51.52600132835736 ], [ 0.122017137303762, 51.525681232167351 ], [ 0.122970239158029, 51.525301022267669 ], [ 0.123858991656147, 51.524864361753878 ], [ 0.124674834515925, 51.524375457463286 ], [ 0.125409910613505, 51.523839019400739 ], [ 0.126057141655942, 51.523260215317677 ], [ 0.126610296314647, 51.522644620883895 ], [ 0.127064050164884, 51.52199816593432 ], [ 0.127414036856786, 51.521327077310509 ], [ 0.127656890029246, 51.520637818849494 ], [ 0.127790275568213, 51.519937029099502 ], [ 0.127812913904995, 51.519231457363496 ], [ 0.127724592146738, 51.518527898687765 ] ] ] } },
{ "type": "Feature", "properties": { "NLC": 1398, "total_activity": 2795.6662982175349, "log_total_activity": 7.9361833790473177, "direction_balance": -0.44025500150973118, "post_2300_share": 0.11535498182776931, "midnight_share_common_window": 0.034516933167597699, "night_tube_extension_share": 0.0020848452860666002, "post_0100_share": 0.0014296792596910999, "common_window_persistence": 0.052101283390821901, "weekend_common_ratio": 0.8865723333479445, "volume_band": "low", "cluster": 2, "Station": "Hatch End", "mode_label": "LO", "tot_entry": 782.430113937535, "tot_exit": 2013.2361842800001, "easting": 513048.0, "northing": 191312.0, "lon": -0.36885, "lat": 51.6093, "coord_source": "naptan_rse_tmu", "catchment_area_m2": 1816850.2758380428, "station_in_lnwc_extent": true }, "geometry": { "type": "Polygon", "coordinates": [ [ [ -0.369108623653443, 51.602111683215085 ], [ -0.37023909753215, 51.602162023522517 ], [ -0.371356209651195, 51.602281113262727 ], [ -0.372449206443733, 51.602467806108223 ], [ -0.373507566146483, 51.602720304955575 ], [ -0.374521099961332, 51.603036179199705 ], [ -0.375480050033653, 51.603412388099969 ], [ -0.376375183309359, 51.603845310014087 ], [ -0.377197880371266, 51.604330777220689 ], [ -0.377940218402404, 51.604864115997103 ], [ -0.378595047479089, 51.605440191568668 ], [ -0.379156059459331, 51.606053457499243 ], [ -0.379617848801962, 51.606698009049175 ], [ -0.37997596472816, 51.607367639989498 ], [ -0.380226954219063, 51.608055902326925 ], [ -0.380368395430246, 51.608756168366128 ], [ -0.380398921195107, 51.609461694513293 ], [ -0.380318232383938, 51.610165686207033 ], [ -0.380127100982594, 51.610861363352036 ], [ -0.379827362853553, 51.611542025625624 ], [ -0.379421900241513, 51.612201117027261 ], [ -0.378914614184889, 51.612832289049194 ], [ -0.378310387092379, 51.613429461858225 ], [ -0.377615035839407, 51.613986882897713 ], [ -0.376835255831635, 51.61449918234392 ], [ -0.375978556571061, 51.6149614248801 ], [ -0.375053189343414, 51.615369157287446 ], [ -0.374068067722961, 51.615718451392539 ], [ -0.373032681661463, 51.616005941954818 ], [ -0.371957005991297, 51.616228859127744 ], [ -0.370851404227874, 51.616385055178149 ], [ -0.369726528602964, 51.616473025205543 ], [ -0.368593217297836, 51.616491921660028 ], [ -0.367462389872827, 51.616441562518119 ], [ -0.366344941907852, 51.61632243303724 ], [ -0.36525163987613, 51.616135681072066 ], [ -0.364193017271113, 51.615883105997987 ], [ -0.363179272994101, 51.615567141349423 ], [ -0.362220172987663, 51.615190831341202 ], [ -0.361324956067768, 51.614757801501142 ], [ -0.360502244866, 51.614272223698151 ], [ -0.359759962742714, 51.613738775905055 ], [ -0.359105257473084, 51.613162597085918 ], [ -0.358544432441264, 51.612549237644686 ], [ -0.358082886004097, 51.611904605914567 ], [ -0.357725059605686, 51.611234911205777 ], [ -0.357474395138502, 51.610546603962227 ], [ -0.357333301956492, 51.609846313604933 ], [ -0.35732859621377, 51.609736263416998 ], [ -0.368441948756351, 51.602122802320757 ], [ -0.369108623653443, 51.602111683215085 ] ] ] } },
{ "type": "Feature", "properties": { "NLC": 1404, "total_activity": 5540.5793861093998, "log_total_activity": 8.6200348268569194, "direction_balance": -0.16880899694993229, "post_2300_share": 0.096332118741031106, "midnight_share_common_window": 0.0190728235426737, "night_tube_extension_share": 0.0, "post_0100_share": 0.0, "common_window_persistence": 0.0274168728307564, "weekend_common_ratio": 0.77500999155659045, "volume_band": "low", "cluster": 2, "Station": "Acton Central", "mode_label": "LO", "tot_entry": 2302.6398687094002, "tot_exit": 3237.9395174000001, "easting": 520639.0, "northing": 180301.5, "lon": -0.263055, "lat": 51.50877, "coord_source": "naptan_rse_tmu", "catchment_area_m2": 1490018.1584319144, "station_in_lnwc_extent": true }, "geometry": { "type": "Polygon", "coordinates": [ [ [ -0.251615517176189, 51.507899187761595 ], [ -0.251808134666784, 51.507203722880952 ], [ -0.252109052573984, 51.506523387760431 ], [ -0.252515368536261, 51.505864733543824 ], [ -0.253023165760843, 51.50523410233162 ], [ -0.253627550888472, 51.504637566145369 ], [ -0.254322701234082, 51.504080868500836 ], [ -0.255101920943989, 51.503569369150711 ], [ -0.255957705525699, 51.503107992526779 ], [ -0.256881814127109, 51.502701180375858 ], [ -0.257865348868791, 51.502352849043412 ], [ -0.258898840466554, 51.502066351813752 ], [ -0.259706496831427, 51.501899400635182 ], [ -0.271293598916995, 51.505445784554226 ], [ -0.274572488357628, 51.508980724011018 ], [ -0.274494626585641, 51.509648253549834 ], [ -0.274302342529479, 51.510343758528947 ], [ -0.274001727386645, 51.511024153011824 ], [ -0.27384801317898, 51.511273521002622 ], [ -0.257242226288064, 51.514372960655173 ], [ -0.25169627263203, 51.509986496589121 ], [ -0.251561562045847, 51.509308636777497 ], [ -0.251533059913789, 51.508603085273528 ], [ -0.251615517176189, 51.507899187761595 ] ] ] } },
{ "type": "Feature", "properties": { "NLC": 1409, "total_activity": 8294.5903379677839, "log_total_activity": 9.0234793680208316, "direction_balance": 0.0097443086562350005, "post_2300_share": 0.087654589295354607, "midnight_share_common_window": 0.016127315227145601, "night_tube_extension_share": 0.0012327659302698, "post_0100_share": 0.00069992720600910001, "common_window_persistence": 0.022912258448475099, "weekend_common_ratio": 0.8622439876036968, "volume_band": "low", "cluster": 2, "Station": "Gospel Oak", "mode_label": "LO", "tot_entry": 4187.7076931989832, "tot_exit": 4106.8826447688016, "easting": 528285.0, "northing": 185645.0, "lon": -0.151, "lat": 51.55511, "coord_source": "naptan_rse_tmu", "catchment_area_m2": 1095919.6320113528, "station_in_lnwc_extent": true }, "geometry": { "type": "Polygon", "coordinates": [ [ [ -0.157161196168934, 51.561191024335443 ], [ -0.156175633708092, 51.561538487272323 ], [ -0.155140162907324, 51.561824056425444 ], [ -0.154064759433793, 51.562044980465245 ], [ -0.152959784192201, 51.562199130867938 ], [ -0.15183588338284, 51.562285022449132 ], [ -0.150703885792728, 51.562301827691329 ], [ -0.149574698315894, 51.562249384726172 ], [ -0.148459200716427, 51.562128198894349 ], [ -0.147368140655377, 51.561939437867807 ], [ -0.146802695108111, 51.561803169794452 ], [ -0.144089562457033, 51.554175988138631 ], [ -0.148036204815895, 51.550913979123457 ], [ -0.15442317570357, 51.549633506689432 ], [ -0.15505175814729, 51.549669240162167 ], [ -0.158454666199255, 51.553434009131259 ], [ -0.158076633870485, 51.560789715680052 ], [ -0.157161196168934, 51.561191024335443 ] ] ] } },
{ "type": "Feature", "properties": { "NLC": 1413, "total_activity": 9045.7145170258009, "log_total_activity": 9.1101569339874313, "direction_balance": 0.30049203175334382, "post_2300_share": 0.052863114758459701, "midnight_share_common_window": 0.0097414978169296992, "night_tube_extension_share": 0.00065265859644539998, "post_0100_share": 0.00034688945701899997, "common_window_persistence": 0.0125042962373705, "weekend_common_ratio": 0.8122659988747456, "volume_band": "medium", "cluster": 2, "Station": "Hampstead Heath", "mode_label": "LO", "tot_entry": 5881.9398254538009, "tot_exit": 3163.774691571999, "easting": 527263.0, "northing": 185652.0, "lon": -0.16573, "lat": 51.55541, "coord_source": "naptan_rse_tmu", "catchment_area_m2": 973586.3432940474, "station_in_lnwc_extent": true }, "geometry": { "type": "Polygon", "coordinates": [ [ [ -0.16987313309325, 51.562117721886246 ], [ -0.16879779065717, 51.562338781605987 ], [ -0.167692854588222, 51.562493071192293 ], [ -0.166568970708393, 51.562579104119415 ], [ -0.165436967641116, 51.562596051507533 ], [ -0.16430775233316, 51.562543750118415 ], [ -0.163192204817163, 51.562422703928164 ], [ -0.162101073235933, 51.562234079262986 ], [ -0.161044870146977, 51.56197969354416 ], [ -0.160033771113029, 51.561661997752154 ], [ -0.159077516561666, 51.561284052779719 ], [ -0.158185317864698, 51.560849499903576 ], [ -0.158076873026126, 51.560785063158896 ], [ -0.158454666199255, 51.553434009131259 ], [ -0.17302788408365, 51.552201877556286 ], [ -0.17072421524171, 51.561882879389046 ], [ -0.16987313309325, 51.562117721886246 ] ] ] } },
{ "type": "Feature", "properties": { "NLC": 1415, "total_activity": 2944.2363644294001, "log_total_activity": 7.9879443524336171, "direction_balance": -0.1224652640482346, "post_2300_share": 0.098591635934566602, "midnight_share_common_window": 0.0133641437303329, "night_tube_extension_share": 0.0, "post_0100_share": 0.0, "common_window_persistence": 0.019929750564507201, "weekend_common_ratio": 0.93291481059949155, "volume_band": "low", "cluster": 2, "Station": "Kilburn High Road", "mode_label": "LO", "tot_entry": 1291.8348403195689, "tot_exit": 1652.4015241098307, "easting": 525448.0, "northing": 183602.0, "lon": -0.19262, "lat": 51.53739, "coord_source": "naptan_rse_tmu", "catchment_area_m2": 662845.48264823179, "station_in_lnwc_extent": true }, "geometry": { "type": "Polygon", "coordinates": [ [ [ -0.183630551285664, 51.53548900579851 ], [ -0.186235592530837, 51.534590624696733 ], [ -0.200587628376384, 51.537786195825703 ], [ -0.201369258078233, 51.538955172930862 ], [ -0.201036725278066, 51.53958672663677 ], [ -0.194833159046031, 51.54244396972944 ], [ -0.187817981280534, 51.541733178404492 ], [ -0.183419808988835, 51.536182156008969 ], [ -0.183630551285664, 51.53548900579851 ] ] ] } },
{ "type": "Feature", "properties": { "NLC": 1429, "total_activity": 27342.537065493289, "log_total_activity": 10.216235475190601, "direction_balance": -0.099233263913623901, "post_2300_share": 0.11984674941534711, "midnight_share_common_window": 0.022668587847114601, "night_tube_extension_share": 0.0, "post_0100_share": 0.0, "common_window_persistence": 0.036256180404818997, "weekend_common_ratio": 1.0825525498820967, "volume_band": "high", "cluster": 2, "Station": "Dalston Kingsland", "mode_label": "LO", "tot_entry": 12314.62393440258, "tot_exit": 15027.913131090711, "easting": 533525.0, "northing": 185013.0, "lon": -0.0757, "lat": 51.54822, "coord_source": "naptan_rse_tmu", "catchment_area_m2": 833881.08890795789, "station_in_lnwc_extent": true }, "geometry": { "type": "Polygon", "coordinates": [ [ [ -0.082779069229133, 51.553895372847563 ], [ -0.081852396133523, 51.554300782322677 ], [ -0.080866426980383, 51.554647608507196 ], [ -0.079830659920434, 51.55493250994197 ], [ -0.078755073482762, 51.55515274173181 ], [ -0.078721526394279, 51.555157400067515 ], [ -0.068371259416275, 51.55238628042985 ], [ -0.068196678240192, 51.547511974965403 ], [ -0.083983942031248, 51.546418409827311 ], [ -0.083420109470029, 51.553551808638062 ], [ -0.082779069229133, 51.553895372847563 ] ] ] } },
{ "type": "Feature", "properties": { "NLC": 1434, "total_activity": 1896.592803514508, "log_total_activity": 7.5483414163818541, "direction_balance": -0.53068669453594997, "post_2300_share": 0.1226258103815327, "midnight_share_common_window": 0.034065463431655701, "night_tube_extension_share": 0.0024899741768197002, "post_0100_share": 0.0018480990283591, "common_window_persistence": 0.050613572722460601, "weekend_common_ratio": 0.76112227112689113, "volume_band": "low", "cluster": 4, "Station": "Headstone Lane", "mode_label": "LO", "tot_entry": 445.0481188683616, "tot_exit": 1451.5446846461473, "easting": 513890.5, "northing": 190580.0, "lon": -0.356925, "lat": 51.60255, "coord_source": "naptan_rse_tmu", "catchment_area_m2": 1816850.2758380536, "station_in_lnwc_extent": true }, "geometry": { "type": "Polygon", "coordinates": [ [ [ -0.345462320528774, 51.601687130832318 ], [ -0.345653938806027, 51.60099151347206 ], [ -0.345954112956713, 51.600310941229544 ], [ -0.346359947749323, 51.599651967535159 ], [ -0.346867530992817, 51.599020937567431 ], [ -0.347471971358315, 51.598423927187817 ], [ -0.348167445601371, 51.597866684476813 ], [ -0.348947254725618, 51.597354574432778 ], [ -0.349803888543728, 51.596892527363757 ], [ -0.350729098012176, 51.596484991466973 ], [ -0.351713974642889, 51.596135890050689 ], [ -0.352749036228242, 51.595848583807424 ], [ -0.353824318056418, 51.59562583850046 ], [ -0.354929468742684, 51.595469798372235 ], [ -0.356053849758824, 51.59538196552927 ], [ -0.357186637708352, 51.595363185500943 ], [ -0.358316928369436, 51.595413639109829 ], [ -0.359433841510915, 51.595532840731906 ], [ -0.36052662547956, 51.595719642962919 ], [ -0.36158476055884, 51.595972247646493 ], [ -0.362598060110916, 51.596288223158695 ], [ -0.363556768534273, 51.596664527783794 ], [ -0.364451655099186, 51.59709753895762 ], [ -0.365274102761809, 51.597583088099015 ], [ -0.366016191104729, 51.59811650069588 ], [ -0.36667077260702, 51.598692641262168 ], [ -0.367231541509582, 51.599305962735066 ], [ -0.36769309461137, 51.5999505598393 ], [ -0.368050983408418, 51.600620225906347 ], [ -0.368301757069559, 51.60130851260363 ], [ -0.368442995829811, 51.602008792000369 ], [ -0.368447728082717, 51.602118842110116 ], [ -0.357334377476892, 51.609732303775658 ], [ -0.356667589531076, 51.609743354974974 ], [ -0.355536945485019, 51.609692882477169 ], [ -0.354419696681262, 51.609573641067939 ], [ -0.353326607672352, 51.609386779680484 ], [ -0.352268209897343, 51.609134098744605 ], [ -0.351254700089325, 51.60881803281454 ], [ -0.350295841929833, 51.608441627080722 ], [ -0.349400871902862, 51.608008507992857 ], [ -0.348578410259661, 51.607522848279203 ], [ -0.347836377954905, 51.606989326701083 ], [ -0.347181920356004, 51.606413082932647 ], [ -0.34662133846052, 51.605799668002668 ], [ -0.346160028282918, 51.60515499077794 ], [ -0.345802428991723, 51.604485261006033 ], [ -0.345551980292559, 51.603796929467556 ], [ -0.3454110894623, 51.60309662581659 ], [ -0.345381108345654, 51.602391094708565 ], [ -0.345462320528774, 51.601687130832318 ] ] ] } },
{ "type": "Feature", "properties": { "NLC": 1437, "total_activity": 9020.7176808466884, "log_total_activity": 9.1073900251762101, "direction_balance": -0.23375580167153751, "post_2300_share": 0.076669813556804994, "midnight_share_common_window": 0.016007699876606, "night_tube_extension_share": 0.0029260413786820999, "post_0100_share": 0.0016881022915593001, "common_window_persistence": 0.022649798172509599, "weekend_common_ratio": 0.83561535187531111, "volume_band": "medium", "cluster": 2, "Station": "Brondesbury", "mode_label": "LO", "tot_entry": 3456.0362938538774, "tot_exit": 5564.6813869928119, "easting": 524781.0, "northing": 184460.0, "lon": -0.20193, "lat": 51.54525, "coord_source": "naptan_rse_tmu", "catchment_area_m2": 499842.85375222389, "station_in_lnwc_extent": true }, "geometry": { "type": "Polygon", "coordinates": [ [ [ -0.20692619710076, 51.543812380755249 ], [ -0.197361861247114, 51.549884786518383 ], [ -0.194833159046031, 51.54244396972944 ], [ -0.201036725278066, 51.53958672663677 ], [ -0.20692619710076, 51.543812380755249 ] ] ] } },
{ "type": "Feature", "properties": { "NLC": 1438, "total_activity": 4205.3161164932608, "log_total_activity": 8.3443425119008854, "direction_balance": -0.14238668701226009, "post_2300_share": 0.077710057359866094, "midnight_share_common_window": 0.016957903398378601, "night_tube_extension_share": 0.0035805105691524, "post_0100_share": 0.001959208136045, "common_window_persistence": 0.023327586602939401, "weekend_common_ratio": 0.82814308715645124, "volume_band": "low", "cluster": 2, "Station": "Brondesbury Park", "mode_label": "LO", "tot_entry": 1803.2675434132609, "tot_exit": 2402.0485730799987, "easting": 524240.0, "northing": 183966.0, "lon": -0.2099, "lat": 51.54093, "coord_source": "naptan_rse_tmu", "catchment_area_m2": 866202.82286454819, "station_in_lnwc_extent": true }, "geometry": { "type": "Polygon", "coordinates": [ [ [ -0.22134896033041, 51.541807012052111 ], [ -0.221226129389826, 51.542249042366073 ], [ -0.214359585910135, 51.546300237512021 ], [ -0.20692619710076, 51.543812380755249 ], [ -0.201036725278066, 51.53958672663677 ], [ -0.201369258078233, 51.538955172930862 ], [ -0.212542166710586, 51.53635381535387 ], [ -0.221361864451554, 51.541697575827889 ], [ -0.22134896033041, 51.541807012052111 ] ] ] } },
{ "type": "Feature", "properties": { "NLC": 1439, "total_activity": 8483.481346681936, "log_total_activity": 9.0459940498933964, "direction_balance": 0.0125492268152158, "post_2300_share": 0.098080938626109698, "midnight_share_common_window": 0.0186865006374984, "night_tube_extension_share": 0.0011062111071337001, "post_0100_share": 0.000650510337853, "common_window_persistence": 0.027738462566619101, "weekend_common_ratio": 0.867176971219208, "volume_band": "medium", "cluster": 2, "Station": "Caledonian Road & Barnsbury", "mode_label": "LO", "tot_entry": 4294.9712391420544, "tot_exit": 4188.5101075398861, "easting": 530771.0, "northing": 184379.0, "lon": -0.11563, "lat": 51.54317, "coord_source": "naptan_rse_tmu", "catchment_area_m2": 1268743.5877557581, "station_in_lnwc_extent": true }, "geometry": { "type": "Polygon", "coordinates": [ [ [ -0.105090357992462, 51.540242533756327 ], [ -0.105600570452928, 51.539612569695763 ], [ -0.1062073294416, 51.539016821476885 ], [ -0.106781965534795, 51.538558903031209 ], [ -0.113580812469145, 51.536090511661754 ], [ -0.113670232609849, 51.53607806125553 ], [ -0.1147935486206, 51.535992529132166 ], [ -0.115924897112221, 51.535976063845894 ], [ -0.117053387709756, 51.536028823944406 ], [ -0.118168157493227, 51.536150301607364 ], [ -0.119258475419122, 51.536339327525944 ], [ -0.120313845481904, 51.536594082141328 ], [ -0.121324107629123, 51.536912113134967 ], [ -0.122279535464682, 51.537290359003002 ], [ -0.123170929804822, 51.537725178490255 ], [ -0.123989707190234, 51.53821238560127 ], [ -0.124727982505017, 51.538747289854058 ], [ -0.125378644908485, 51.539324741391134 ], [ -0.125935426348845, 51.539939180515226 ], [ -0.126392961997667, 51.540584691175582 ], [ -0.126746842020451, 51.541255057891526 ], [ -0.126993654180752, 51.541943825566982 ], [ -0.127131016862337, 51.54264436162201 ], [ -0.127157602185229, 51.543349919844005 ], [ -0.127107480360725, 51.543767609884178 ], [ -0.111285289357928, 51.547034530384195 ], [ -0.10506542301492, 51.540282681371771 ], [ -0.105090357992462, 51.540242533756327 ] ] ] } },
{ "type": "Feature", "properties": { "NLC": 1440, "total_activity": 17631.743858511109, "log_total_activity": 9.7775128990454618, "direction_balance": 0.1934999313968418, "post_2300_share": 0.096908458888209995, "midnight_share_common_window": 0.018968223708968199, "night_tube_extension_share": 0.0016728192298964, "post_0100_share": 0.00092125455444510001, "common_window_persistence": 0.027947417427922502, "weekend_common_ratio": 0.95018124393405401, "volume_band": "medium", "cluster": 2, "Station": "Camden Road", "mode_label": "LO", "tot_entry": 10521.742542769838, "tot_exit": 7110.001315741265, "easting": 529182.0, "northing": 184174.0, "lon": -0.1386, "lat": 51.54169, "coord_source": "naptan_rse_tmu", "catchment_area_m2": 851927.12464434234, "station_in_lnwc_extent": true }, "geometry": { "type": "Polygon", "coordinates": [ [ [ -0.127159159455777, 51.540801351953768 ], [ -0.127353820232603, 51.54010611617683 ], [ -0.127656814860155, 51.539426125377247 ], [ -0.128065220980716, 51.53876792737433 ], [ -0.128575101680647, 51.538137859867206 ], [ -0.128598836856395, 51.538114538799014 ], [ -0.137033704397109, 51.538183438042836 ], [ -0.144397184110519, 51.542865052221735 ], [ -0.13956505494345, 51.546001995683973 ], [ -0.130621857064937, 51.546867838494592 ], [ -0.130243175851955, 51.546642591766044 ], [ -0.129504709527875, 51.546107720975584 ], [ -0.129101246506434, 51.545749751450749 ], [ -0.127969403586058, 51.544453738262746 ], [ -0.127839407646606, 51.544270362177414 ], [ -0.127485489230124, 51.543599998688286 ], [ -0.127238661300776, 51.542911232067766 ], [ -0.127101296264994, 51.542210696144366 ], [ -0.127074712020349, 51.541505137794523 ], [ -0.127159159455777, 51.540801351953768 ] ] ] } },
{ "type": "Feature", "properties": { "NLC": 1441, "total_activity": 11526.984072564601, "log_total_activity": 9.3525327560479905, "direction_balance": -0.28584776721998362, "post_2300_share": 0.1162805427739597, "midnight_share_common_window": 0.027903497115195901, "night_tube_extension_share": 0.017175014912183598, "post_0100_share": 0.0089421377441279998, "common_window_persistence": 0.041410256869809099, "weekend_common_ratio": 0.89405870616724326, "volume_band": "medium", "cluster": 4, "Station": "Canonbury", "mode_label": "LO", "tot_entry": 4116.0107063208488, "tot_exit": 7410.973366243752, "easting": 532397.0, "northing": 185039.0, "lon": -0.09195, "lat": 51.54872, "coord_source": "naptan_rse_tmu", "catchment_area_m2": 1431951.8351722045, "station_in_lnwc_extent": true }, "geometry": { "type": "Polygon", "coordinates": [ [ [ -0.085790961791273, 51.542635699636229 ], [ -0.08677663244503, 51.542288828323933 ], [ -0.087812068452807, 51.542003861571054 ], [ -0.08888730152196, 51.541783542625346 ], [ -0.089991980753131, 51.541629992379086 ], [ -0.091115472164411, 51.541544688978348 ], [ -0.09224696092253, 51.541528453611598 ], [ -0.093375555303481, 51.541581442613932 ], [ -0.09449039138871, 51.541703145962295 ], [ -0.095580737496188, 51.541892392176024 ], [ -0.09613628599528, 51.542026610256087 ], [ -0.099448855677252, 51.553766982385227 ], [ -0.097217118345147, 51.555110969565611 ], [ -0.097117273839503, 51.555146108252607 ], [ -0.096081593164777, 51.555431154080225 ], [ -0.095006069490823, 51.555651535545479 ], [ -0.093901064884779, 51.555805129353494 ], [ -0.092777225832531, 51.555890455684164 ], [ -0.091645380526996, 51.555906692467815 ], [ -0.090516434394101, 51.555853683314901 ], [ -0.08940126487003, 51.555731939022877 ], [ -0.088310616450682, 51.555542632645817 ], [ -0.08725499703158, 51.555287588174515 ], [ -0.086244576543642, 51.554969262937178 ], [ -0.085289088867443, 51.554590723891245 ], [ -0.084397737976126, 51.554155618036525 ], [ -0.083579109215259, 51.553668137236286 ], [ -0.083420032070079, 51.553552787693548 ], [ -0.083983942031248, 51.546418409827311 ], [ -0.085662268582993, 51.542692021833993 ], [ -0.085790961791273, 51.542635699636229 ] ] ] } },
{ "type": "Feature", "properties": { "NLC": 1443, "total_activity": 30748.784176192468, "log_total_activity": 10.333638254549626, "direction_balance": -0.1207002420353835, "post_2300_share": 0.19620842805285391, "midnight_share_common_window": 0.044391533888204902, "night_tube_extension_share": 0.089599816857857603, "post_0100_share": 0.049914813205228198, "common_window_persistence": 0.074512365321247803, "weekend_common_ratio": 1.1028887561306744, "volume_band": "high", "cluster": 3, "Station": "Dalston Junction", "mode_label": "LO", "tot_entry": 13518.699241916136, "tot_exit": 17230.084934276336, "easting": 533562.0, "northing": 184744.5, "lon": -0.075265, "lat": 51.545795, "coord_source": "naptan_rse_tmu", "catchment_area_m2": 657630.99530164304, "station_in_lnwc_extent": true }, "geometry": { "type": "Polygon", "coordinates": [ [ [ -0.085577119943593, 51.542574283006275 ], [ -0.085661562139123, 51.542693590488859 ], [ -0.083983942031248, 51.546418409827311 ], [ -0.068196678240192, 51.547511974965403 ], [ -0.06642013131896, 51.543700267357579 ], [ -0.0676273748216, 51.541998554958276 ], [ -0.08533103296908, 51.542302379768337 ], [ -0.085577119943593, 51.542574283006275 ] ] ] } },
{ "type": "Feature", "properties": { "NLC": 1445, "total_activity": 7386.995123979872, "log_total_activity": 8.9076116813270172, "direction_balance": -0.0099385890300586009, "post_2300_share": 0.072635715967600295, "midnight_share_common_window": 0.0145583615014068, "night_tube_extension_share": 0.0011091586860649, "post_0100_share": 0.00059412493422290001, "common_window_persistence": 0.020128814316659398, "weekend_common_ratio": 0.86563570749193486, "volume_band": "low", "cluster": 2, "Station": "Finchley Road & Frognal", "mode_label": "LO", "tot_entry": 3656.7894076377934, "tot_exit": 3730.205716342075, "easting": 526094.0, "northing": 185044.0, "lon": -0.1828, "lat": 51.5502, "coord_source": "naptan_rse_tmu", "catchment_area_m2": 599056.98389433254, "station_in_lnwc_extent": true }, "geometry": { "type": "Polygon", "coordinates": [ [ [ -0.192226788425805, 51.554347290390744 ], [ -0.191530108065522, 51.554903600408181 ], [ -0.190749294719758, 51.555414657438646 ], [ -0.189988680552333, 51.555823500555647 ], [ -0.173731603229403, 51.551594870893254 ], [ -0.173713766257889, 51.550551838745385 ], [ -0.185734691590132, 51.547872965784599 ], [ -0.192778449128426, 51.553804404062191 ], [ -0.192226788425805, 51.554347290390744 ] ] ] } },
{ "type": "Feature", "properties": { "NLC": 1448, "total_activity": 11179.220135998212, "log_total_activity": 9.3219014366760842, "direction_balance": -0.17697024818316029, "post_2300_share": 0.063585011597478494, "midnight_share_common_window": 0.0138009537441159, "night_tube_extension_share": 0.0023965050199322002, "post_0100_share": 0.0014754620451333, "common_window_persistence": 0.018556787820429101, "weekend_common_ratio": 0.83258113153562807, "volume_band": "medium", "cluster": 2, "Station": "Kensal Rise", "mode_label": "LO", "tot_entry": 4600.4153870182117, "tot_exit": 6578.8047489799956, "easting": 523571.0, "northing": 183243.0, "lon": -0.2198, "lat": 51.534575, "coord_source": "naptan_rse_tmu", "catchment_area_m2": 997920.4286917008, "station_in_lnwc_extent": true }, "geometry": { "type": "Polygon", "coordinates": [ [ [ -0.213400608083639, 51.528600968431981 ], [ -0.23087461148221, 51.536545805491059 ], [ -0.230748323654618, 51.536830805212482 ], [ -0.230341408667958, 51.537489375025892 ], [ -0.229832930506059, 51.538119898254763 ], [ -0.229227783093604, 51.538716301311254 ], [ -0.228531792203554, 51.539272839051286 ], [ -0.227751659433657, 51.539784150159406 ], [ -0.226894897711674, 51.540245308840881 ], [ -0.225969758948691, 51.540651872320893 ], [ -0.224985154536982, 51.540999923691054 ], [ -0.223950569459283, 51.541286109688258 ], [ -0.222875970839302, 51.541507673039931 ], [ -0.221771711818175, 51.541662479062076 ], [ -0.221356718807729, 51.541694458691445 ], [ -0.212542166710586, 51.53635381535387 ], [ -0.213390531368198, 51.528605396286913 ], [ -0.213400608083639, 51.528600968431981 ] ] ] } },
{ "type": "Feature", "properties": { "NLC": 1449, "total_activity": 10770.26964507149, "log_total_activity": 9.2846376503955526, "direction_balance": 0.13750532077171559, "post_2300_share": 0.096614625063976195, "midnight_share_common_window": 0.0152511681577034, "night_tube_extension_share": 0.0012313075403359, "post_0100_share": 0.00065245634900939998, "common_window_persistence": 0.022484128654694499, "weekend_common_ratio": 0.77158546978174269, "volume_band": "medium", "cluster": 2, "Station": "Kentish Town West", "mode_label": "LO", "tot_entry": 6125.6195137074592, "tot_exit": 4644.6501313640329, "easting": 528620.0, "northing": 184687.0, "lon": -0.14652, "lat": 51.54643, "coord_source": "naptan_rse_tmu", "catchment_area_m2": 486445.29781677091, "station_in_lnwc_extent": true }, "geometry": { "type": "Polygon", "coordinates": [ [ [ -0.15442317570357, 51.549633506689432 ], [ -0.148036204815895, 51.550913979123457 ], [ -0.13956505494345, 51.546001995683973 ], [ -0.144397184110519, 51.542865052221735 ], [ -0.146618857961439, 51.542397721575568 ], [ -0.15442317570357, 51.549633506689432 ] ] ] } },
{ "type": "Feature", "properties": { "NLC": 1451, "total_activity": 2134.1915767604114, "log_total_activity": 7.6663116531407987, "direction_balance": 0.059820346761084997, "post_2300_share": 0.085978325548054499, "midnight_share_common_window": 0.0102868731318093, "night_tube_extension_share": 0.0, "post_0100_share": 0.0, "common_window_persistence": 0.015625131928553599, "weekend_common_ratio": 0.81060595632453569, "volume_band": "low", "cluster": 1, "Station": "South Hampstead", "mode_label": "LO", "tot_entry": 1130.9298284684039, "tot_exit": 1003.2617482920084, "easting": 526356.0, "northing": 184079.0, "lon": -0.17937, "lat": 51.54147, "coord_source": "naptan_rse_tmu", "catchment_area_m2": 539396.46917630301, "station_in_lnwc_extent": true }, "geometry": { "type": "Polygon", "coordinates": [ [ [ -0.179452734603978, 51.544442862020041 ], [ -0.173181962291925, 51.539496733296126 ], [ -0.183419808988835, 51.536182156008969 ], [ -0.187817981280534, 51.541733178404492 ], [ -0.185235906178482, 51.543768924399849 ], [ -0.179452734603978, 51.544442862020041 ] ] ] } },
{ "type": "Feature", "properties": { "NLC": 1452, "total_activity": 3246.8648846427241, "log_total_activity": 8.0857531008604706, "direction_balance": -0.16086238409478759, "post_2300_share": 0.075829566335711293, "midnight_share_common_window": 0.0165813576355337, "night_tube_extension_share": 0.0, "post_0100_share": 0.0, "common_window_persistence": 0.022386232077689298, "weekend_common_ratio": 0.75530094621415422, "volume_band": "low", "cluster": 0, "Station": "South Acton", "mode_label": "LO", "tot_entry": 1362.2832292327239, "tot_exit": 1884.5816554099999, "easting": 520149.5, "northing": 179240.5, "lon": -0.270465, "lat": 51.499345, "coord_source": "naptan_rse_tmu", "catchment_area_m2": 795113.96798350837, "station_in_lnwc_extent": true }, "geometry": { "type": "Polygon", "coordinates": [ [ [ -0.25946300915272, 51.501455527620628 ], [ -0.261742686776922, 51.498232368768342 ], [ -0.275178691263963, 51.496111564867412 ], [ -0.278805312466722, 51.496979620085078 ], [ -0.271293598916995, 51.505445784554226 ], [ -0.259697028847645, 51.501896502145136 ], [ -0.25946300915272, 51.501455527620628 ] ] ] } },
{ "type": "Feature", "properties": { "NLC": 1524, "total_activity": 6468.4772984747224, "log_total_activity": 8.7748505957421568, "direction_balance": 0.1622317674459095, "post_2300_share": 0.052955252165190703, "midnight_share_common_window": 0.0070770819545371002, "night_tube_extension_share": 0.0, "post_0100_share": 0.0, "common_window_persistence": 0.0093616373231050001, "weekend_common_ratio": 0.85203173606516813, "volume_band": "low", "cluster": 2, "Station": "Upper Holloway", "mode_label": "LO", "tot_entry": 3758.9349016450096, "tot_exit": 2709.5423968297109, "easting": 529751.5, "northing": 186655.5, "lon": -0.12948, "lat": 51.56386, "coord_source": "naptan_rse_tmu", "catchment_area_m2": 1062344.4107049506, "station_in_lnwc_extent": true }, "geometry": { "type": "Polygon", "coordinates": [ [ [ -0.118031803100209, 51.562970122085439 ], [ -0.118226706168472, 51.562274906330693 ], [ -0.118529992300532, 51.561594944430539 ], [ -0.118938736326626, 51.56093678392476 ], [ -0.119448998075248, 51.560306762149999 ], [ -0.120055860462868, 51.559710945250522 ], [ -0.120753476962681, 51.559155069808178 ], [ -0.121535127990817, 51.558644487652124 ], [ -0.122393285663891, 51.558184114377532 ], [ -0.123319686302561, 51.557778382066836 ], [ -0.124305409982605, 51.557431196666357 ], [ -0.12534096636869, 51.557145900426711 ], [ -0.126416386006861, 51.556925239766343 ], [ -0.126942616760371, 51.556851944816167 ], [ -0.133543019103218, 51.560136866146031 ], [ -0.130118823421602, 51.571033939486881 ], [ -0.129186913062367, 51.57104759804362 ], [ -0.12866499486821, 51.571023267339548 ], [ -0.118068569984435, 51.564063248150973 ], [ -0.118001182453583, 51.563224738624122 ], [ -0.118031803100209, 51.562970122085439 ] ] ] } },
{ "type": "Feature", "properties": { "NLC": 3000, "total_activity": 13057.448204672, "log_total_activity": 9.477190575301492, "direction_balance": -0.4166178236526768, "post_2300_share": 0.082573850772022506, "midnight_share_common_window": 0.0099380535741715008, "night_tube_extension_share": 0.0, "post_0100_share": 0.0, "common_window_persistence": 0.015049960959447301, "weekend_common_ratio": 0.82766021427573522, "volume_band": "medium", "cluster": 4, "Station": "Acton Main Line", "mode_label": "EZL", "tot_entry": 3808.7412755920009, "tot_exit": 9248.7069290799991, "easting": 520341.5, "northing": 181216.5, "lon": -0.267025, "lat": 51.51706, "coord_source": "naptan_rse_tmu", "catchment_area_m2": 1081802.2455420715, "station_in_lnwc_extent": true }, "geometry": { "type": "Polygon", "coordinates": [ [ [ -0.274548252269043, 51.511610977379519 ], [ -0.274951948151325, 51.511850335913707 ], [ -0.27302824679171, 51.523195801797499 ], [ -0.272219902993136, 51.523482089980298 ], [ -0.271282344450123, 51.523741993632378 ], [ -0.257048974588057, 51.517596436843817 ], [ -0.257242226288064, 51.514372960655173 ], [ -0.273852253679283, 51.51127272916527 ], [ -0.274548252269043, 51.511610977379519 ] ] ] } },
{ "type": "Feature", "properties": { "NLC": 3174, "total_activity": 15917.433870161, "log_total_activity": 9.6752330795693506, "direction_balance": -0.51617836597174405, "post_2300_share": 0.0983042936776575, "midnight_share_common_window": 0.028986005800643099, "night_tube_extension_share": 0.0091036847108222005, "post_0100_share": 0.0061762935369810996, "common_window_persistence": 0.042591210679648599, "weekend_common_ratio": 0.80103540910241866, "volume_band": "medium", "cluster": 4, "Station": "West Drayton", "mode_label": "EZL", "tot_entry": 3850.5994322989991, "tot_exit": 12066.834437862004, "easting": 506117.0, "northing": 180097.0, "lon": -0.472285, "lat": 51.509845, "coord_source": "naptan_rse_tmu", "catchment_area_m2": 2007391.0339493849, "station_in_lnwc_extent": true }, "geometry": { "type": "Polygon", "coordinates": [ [ [ -0.460840367584284, 51.508992343880003 ], [ -0.461029810645017, 51.508296510047849 ], [ -0.461327630109656, 51.507615613328539 ], [ -0.461730953436045, 51.506956210287086 ], [ -0.462235892625805, 51.506324650246469 ], [ -0.462837581812802, 51.505727014182085 ], [ -0.463530224240249, 51.505169056208409 ], [ -0.46430714816955, 51.504656148219254 ], [ -0.465160871179298, 51.504193228212941 ], [ -0.466083172233411, 51.503784752797635 ], [ -0.467065170824027, 51.503434654331819 ], [ -0.468097412428158, 51.503146303110526 ], [ -0.469169959457685, 51.502922474959135 ], [ -0.470272486830729, 51.502765324545031 ], [ -0.471394381249109, 51.5026763646623 ], [ -0.472524843231881, 51.502656451687656 ], [ -0.473652990929157, 51.502705777346719 ], [ -0.474767964723758, 51.502823866869392 ], [ -0.475859031620872, 51.503009583552029 ], [ -0.476915688427845, 51.503261139683005 ], [ -0.477927762737511, 51.503576113726915 ], [ -0.478885510749007, 51.503951473603614 ], [ -0.479779710989563, 51.504383605839145 ], [ -0.480601753039135, 51.504868350309906 ], [ -0.481343720406642, 51.505401040247527 ], [ -0.481998466761426, 51.505976547121556 ], [ -0.482559684786162, 51.506589329969749 ], [ -0.483021966986975, 51.50723348870379 ], [ -0.483380857872547, 51.507902820878428 ], [ -0.483632896995815, 51.508590881380137 ], [ -0.483775652438638, 51.50929104446157 ], [ -0.483807744410858, 51.509996567526187 ], [ -0.483728858729667, 51.510700656049288 ], [ -0.48353975004208, 51.511396529011165 ], [ -0.483242234751965, 51.512077484212028 ], [ -0.48283917371222, 51.512736962839561 ], [ -0.482334444841699, 51.513368612665992 ], [ -0.48173290592408, 51.513966349265495 ], [ -0.481040347941386, 51.51452441466013 ], [ -0.480263439387045, 51.515037432827938 ], [ -0.479409662091611, 51.515500461536469 ], [ -0.478487239177335, 51.515909040000217 ], [ -0.477505055835093, 51.516259231900605 ], [ -0.476472573687774, 51.516547663351965 ], [ -0.475399739567439, 51.516771555445715 ], [ -0.474296889588705, 51.516928751057193 ], [ -0.473174649447309, 51.517017735655415 ], [ -0.472043831910137, 51.517037651913867 ], [ -0.470915332490838, 51.516988307980704 ], [ -0.46980002432307, 51.516870179328343 ], [ -0.468708653251419, 51.516684404164117 ], [ -0.467651734157799, 51.516432772447061 ], [ -0.466639449528903, 51.51611770861733 ], [ -0.465681551248044, 51.51574224820547 ], [ -0.46478726656276, 51.515310008549001 ], [ -0.463965209138255, 51.514825153899601 ], [ -0.463223296056458, 51.514292355259755 ], [ -0.462568671561859, 51.513716745337291 ], [ -0.462007638288761, 51.513103869054504 ], [ -0.461545596631137, 51.512459630090397 ], [ -0.461186992836367, 51.511790233973429 ], [ -0.460935276318772, 51.511102128274374 ], [ -0.460792866598942, 51.510401940477436 ], [ -0.460761130181094, 51.509696414129003 ], [ -0.460840367584284, 51.508992343880003 ] ] ] } },
{ "type": "Feature", "properties": { "NLC": 3186, "total_activity": 36725.250420959193, "log_total_activity": 10.51124704868462, "direction_balance": -0.52932831684167125, "post_2300_share": 0.107056890290408, "midnight_share_common_window": 0.027099362148870699, "night_tube_extension_share": 0.0060180599854881001, "post_0100_share": 0.0044890901767738996, "common_window_persistence": 0.040694045705409798, "weekend_common_ratio": 0.79640455336818694, "volume_band": "high", "cluster": 4, "Station": "Hayes & Harlington", "mode_label": "EZL", "tot_entry": 8642.7677150219861, "tot_exit": 28082.482705937207, "easting": 509734.5, "northing": 179436.0, "lon": -0.42038, "lat": 51.503215, "coord_source": "naptan_rse_tmu", "catchment_area_m2": 2007391.0339493849, "station_in_lnwc_extent": true }, "geometry": { "type": "Polygon", "coordinates": [ [ [ -0.408942641534419, 51.502356013407763 ], [ -0.409132843615724, 51.501660269269166 ], [ -0.409431388334389, 51.500979509934481 ], [ -0.409835396170295, 51.500320290642605 ], [ -0.410340972540761, 51.499688958944425 ], [ -0.410943245452118, 51.499091593614445 ], [ -0.411636412535487, 51.498533946158545 ], [ -0.412413797009302, 51.498021385479575 ], [ -0.4132679120265, 51.497558846231293 ], [ -0.414190532784911, 51.497150781355863 ], [ -0.415172775706069, 51.496801119259629 ], [ -0.416205183921119, 51.496513226037386 ], [ -0.417277818243125, 51.496289873106491 ], [ -0.418380352753623, 51.496133210560885 ], [ -0.41950217408798, 51.49604474649972 ], [ -0.420632483469479, 51.496025332528312 ], [ -0.421760400516345, 51.49607515557036 ], [ -0.42287506782932, 51.496193736069223 ], [ -0.423965755360084, 51.496379932596305 ], [ -0.42502196356287, 51.496631952821716 ], [ -0.426033524342927, 51.496947370743122 ], [ -0.426990698836106, 51.497323150007389 ], [ -0.427884271083442, 51.497755673102887 ], [ -0.428705636703059, 51.498240776142389 ], [ -0.429446885708623, 51.498773788904053 ], [ -0.430100878678534, 51.499349579747573 ], [ -0.430661315542646, 51.499962604974343 ], [ -0.431122796322908, 51.50060696215953 ], [ -0.431480873240373, 51.501276446943969 ], [ -0.431732093682837, 51.501964612741197 ], [ -0.431874033614208, 51.502664832786351 ], [ -0.431905321097754, 51.503370363930614 ], [ -0.431825649699845, 51.504074411567778 ], [ -0.431635781637744, 51.504770195068261 ], [ -0.431337540633604, 51.505451013090564 ], [ -0.430933794535965, 51.506110308140414 ], [ -0.430428427869057, 51.506741729755589 ], [ -0.429826304567753, 51.507339195706166 ], [ -0.429133221251503, 51.507896950619418 ], [ -0.42835585148275, 51.508409621463024 ], [ -0.427501681543444, 51.508872269349595 ], [ -0.426578938346385, 51.50928043716214 ], [ -0.425596510175281, 51.509630192538431 ], [ -0.424563861018041, 51.509918165799 ], [ -0.423490939320874, 51.510141582450672 ], [ -0.422388082045909, 51.510298289950711 ], [ -0.421265914961438, 51.510386778472437 ], [ -0.420135250131163, 51.51040619547048 ], [ -0.419006981596558, 51.510356353904903 ], [ -0.417891980264358, 51.510237734044132 ], [ -0.416800989019057, 51.510051478829439 ], [ -0.415744519078, 51.509799382846033 ], [ -0.414732748594394, 51.50948387500766 ], [ -0.413775424491179, 51.50910799512279 ], [ -0.412881768476747, 51.508675364569918 ], [ -0.412060388152096, 51.508190151365824 ], [ -0.411319194068663, 51.50765702996582 ], [ -0.410665323537423, 51.507081136185214 ], [ -0.410105071923269, 51.506468017678394 ], [ -0.409643832085198, 51.505823580454873 ], [ -0.409286042542887, 51.505154031949687 ], [ -0.409035144864873, 51.504465821198011 ], [ -0.408893550683592, 51.503765576692309 ], [ -0.408862618648796, 51.503060042521376 ], [ -0.408942641534419, 51.502356013407763 ] ] ] } },
{ "type": "Feature", "properties": { "NLC": 3187, "total_activity": 32270.13532724683, "log_total_activity": 10.381928466554395, "direction_balance": -0.46710173294928198, "post_2300_share": 0.098103914261921499, "midnight_share_common_window": 0.0228222365208447, "night_tube_extension_share": 0.0070259249767225, "post_0100_share": 0.0049082838561291002, "common_window_persistence": 0.033097192765067202, "weekend_common_ratio": 0.76103106118614838, "volume_band": "high", "cluster": 0, "Station": "Southall", "mode_label": "EZL", "tot_entry": 8598.3495966909959, "tot_exit": 23671.785730555835, "easting": 512618.0, "northing": 179793.0, "lon": -0.37874, "lat": 51.50586, "coord_source": "naptan_rse_tmu", "catchment_area_m2": 2007391.0339493849, "station_in_lnwc_extent": true }, "geometry": { "type": "Polygon", "coordinates": [ [ [ -0.367302392381978, 51.504994010892283 ], [ -0.367493239100521, 51.504298340328852 ], [ -0.367792420130987, 51.503617692965811 ], [ -0.368197049828543, 51.502958622961117 ], [ -0.368703227626249, 51.502327476425663 ], [ -0.369306075744093, 51.501730330348828 ], [ -0.369999786280264, 51.501172934123609 ], [ -0.370777677226719, 51.500660654232497 ], [ -0.371632256866414, 51.500198422624827 ], [ -0.372555295930311, 51.499790689280296 ], [ -0.373537906818908, 51.499441379413319 ], [ -0.374570629126583, 51.49915385572789 ], [ -0.375643520647698, 51.498930886084459 ], [ -0.376746252991989, 51.498774616887943 ], [ -0.377868210893519, 51.49868655245195 ], [ -0.37899859426294, 51.498667540536033 ], [ -0.380126522007049, 51.498717764194751 ], [ -0.381241136623173, 51.498836740016365 ], [ -0.382331708568608, 51.499023322767833 ], [ -0.383387739407425, 51.499275716402387 ], [ -0.384399062748385, 51.499591491323784 ], [ -0.385355942008284, 51.499967607742718 ], [ -0.386249164064797, 51.500400444901949 ], [ -0.387070127901316, 51.500885835890458 ], [ -0.387810927393267, 51.501419107713666 ], [ -0.388464427440411, 51.50199512623599 ], [ -0.38902433271224, 51.502608345565328 ], [ -0.389485248343262, 51.503252861406146 ], [ -0.389842731991038, 51.503922467869415 ], [ -0.390093336751701, 51.504610717194609 ], [ -0.390234644514556, 51.505310981809792 ], [ -0.390265289428408, 51.506016518134132 ], [ -0.390184971246803, 51.506720531508506 ], [ -0.389994458416274, 51.507416241630459 ], [ -0.389695580870328, 51.508096947862228 ], [ -0.389291212591059, 51.508756093783624 ], [ -0.388785244099251, 51.509387330366273 ], [ -0.388182545131405, 51.509984577160346 ], [ -0.387488917857579, 51.510542080902354 ], [ -0.386711041086094, 51.511054470977975 ], [ -0.385856405989251, 51.51151681120357 ], [ -0.384933243967279, 51.511924647425303 ], [ -0.383950447344884, 51.512274050475234 ], [ -0.382917483665335, 51.512561654068413 ], [ -0.381844304410056, 51.512784687273601 ], [ -0.380741249026775, 51.512941001243178 ], [ -0.379618945195634, 51.513029089943018 ], [ -0.378488206299865, 51.51304810468104 ], [ -0.377359927095351, 51.512997862294242 ], [ -0.376244978591193, 51.512878846914141 ], [ -0.375154103161225, 51.512692205293909 ], [ -0.374097810904118, 51.512439735742667 ], [ -0.37308627825727, 51.512123870774083 ], [ -0.372129249847391, 51.511747653637904 ], [ -0.371235944528554, 51.511314708961883 ], [ -0.370414966517094, 51.510829207788838 ], [ -0.369674222482314, 51.51029582734774 ], [ -0.369020845393268, 51.509719705948207 ], [ -0.368461125855248, 51.509106393435914 ], [ -0.368000451596101, 51.50846179768736 ], [ -0.367643255682482, 51.507792127662327 ], [ -0.367392973960793, 51.507103833564067 ], [ -0.367252012127525, 51.50640354468505 ], [ -0.367221722739994, 51.505698005538619 ], [ -0.367302392381978, 51.504994010892283 ] ] ] } },
{ "type": "Feature", "properties": { "NLC": 3188, "total_activity": 12161.075263852001, "log_total_activity": 9.4060778041045836, "direction_balance": -0.36986046641037701, "post_2300_share": 0.069107756679222795, "midnight_share_common_window": 0.0088948187173488995, "night_tube_extension_share": 0.0, "post_0100_share": 0.0, "common_window_persistence": 0.0130046839804417, "weekend_common_ratio": 0.88093483622197966, "volume_band": "medium", "cluster": 4, "Station": "West Ealing", "mode_label": "EZL", "tot_entry": 3831.5871473560001, "tot_exit": 8329.4881164960007, "easting": 516679.0, "northing": 180744.0, "lon": -0.31994, "lat": 51.51358, "coord_source": "naptan_rse_tmu", "catchment_area_m2": 1827479.4722838637, "station_in_lnwc_extent": true }, "geometry": { "type": "Polygon", "coordinates": [ [ [ -0.309905762114569, 51.510046663019629 ], [ -0.310509476146301, 51.509449827990487 ], [ -0.311204015522251, 51.508892787983093 ], [ -0.311982690262182, 51.508380906047989 ], [ -0.312838001111426, 51.50791911030133 ], [ -0.31376171177005, 51.507511846525446 ], [ -0.314744928181689, 51.507163035413541 ], [ -0.31577818411964, 51.506876034868156 ], [ -0.316851532248631, 51.506653607714021 ], [ -0.317954639789249, 51.506497895134764 ], [ -0.319076887868846, 51.506410396087027 ], [ -0.320207473608272, 51.506391952889317 ], [ -0.321335513968126, 51.506442743123273 ], [ -0.322450150361779, 51.506562277924878 ], [ -0.323540653035218, 51.506749406681955 ], [ -0.324596524215963, 51.507002328093115 ], [ -0.325607599044718, 51.50731860748273 ], [ -0.326564143324194, 51.507695200206065 ], [ -0.327456947149248, 51.508128480920931 ], [ -0.328133852863273, 51.508529277440303 ], [ -0.330205864768502, 51.516837622962271 ], [ -0.329981819860119, 51.517116524861585 ], [ -0.329378254362432, 51.517713460758337 ], [ -0.328683797554782, 51.518270608381279 ], [ -0.32790513624435, 51.518782600544327 ], [ -0.327049769169714, 51.519244504895262 ], [ -0.326125934791514, 51.519651871478239 ], [ -0.325142531920592, 51.520000775649137 ], [ -0.324109033949173, 51.520287855929311 ], [ -0.323035397513739, 51.520510346429759 ], [ -0.321931966473161, 51.520666103532541 ], [ -0.320809372132009, 51.520753626570034 ], [ -0.31967843067607, 51.520772072301803 ], [ -0.318550038814733, 51.520721263048763 ], [ -0.317435068642636, 51.520601688405918 ], [ -0.316344262740708, 51.520414500516459 ], [ -0.315288130534334, 51.52016150295421 ], [ -0.314276846913875, 51.519845133321247 ], [ -0.313320154100371, 51.519468439730311 ], [ -0.312427267707042, 51.519035051399875 ], [ -0.311606787905736, 51.51854914364683 ], [ -0.311245280308653, 51.518288458507044 ], [ -0.309703559612094, 51.510298239434164 ], [ -0.309905762114569, 51.510046663019629 ] ] ] } },
{ "type": "Feature", "properties": { "NLC": 3191, "total_activity": 8982.5602653442165, "log_total_activity": 9.1031515487983032, "direction_balance": -0.47883662554987172, "post_2300_share": 0.082485640794990697, "midnight_share_common_window": 0.0116973015641741, "night_tube_extension_share": 0.0, "post_0100_share": 0.0, "common_window_persistence": 0.0171215161685031, "weekend_common_ratio": 0.95057667214856123, "volume_band": "medium", "cluster": 4, "Station": "Hanwell", "mode_label": "EZL", "tot_entry": 2340.6907095442152, "tot_exit": 6641.8695558000036, "easting": 515403.0, "northing": 180515.5, "lon": -0.338395, "lat": 51.51179, "coord_source": "naptan_rse_tmu", "catchment_area_m2": 1911123.5333582156, "station_in_lnwc_extent": true }, "geometry": { "type": "Polygon", "coordinates": [ [ [ -0.328359358571618, 51.508256365764822 ], [ -0.328962809401757, 51.507659433176364 ], [ -0.329657098469174, 51.507102281443615 ], [ -0.33043553820106, 51.50659027469348 ], [ -0.331290631602627, 51.506128342244281 ], [ -0.33221414446464, 51.505720931194809 ], [ -0.333197184632246, 51.505371963656252 ], [ -0.334230287572891, 51.505084799036965 ], [ -0.335303507421893, 51.504862201741062 ], [ -0.33640651263281, 51.50470631458969 ], [ -0.337528685316575, 51.504618638219597 ], [ -0.338659223318828, 51.504600016655736 ], [ -0.339787244059232, 51.504650629196234 ], [ -0.340901889140102, 51.504769988687016 ], [ -0.341992428724438, 51.504956946202967 ], [ -0.343048364685605, 51.505209702090717 ], [ -0.344059531542348, 51.505525823267682 ], [ -0.345016194213532, 51.505902266611919 ], [ -0.345909141656699, 51.506335408219208 ], [ -0.346729775493109, 51.506821078247533 ], [ -0.347470192768921, 51.507354601015479 ], [ -0.34812326205723, 51.507930839970641 ], [ -0.348682692168387, 51.508544247097419 ], [ -0.349143092805693, 51.50918891629037 ], [ -0.349500026579713, 51.509858640182024 ], [ -0.349750051876359, 51.510546969878845 ], [ -0.349890756160761, 51.511247277032389 ], [ -0.349920779390084, 51.511952817649437 ], [ -0.349839827302963, 51.512656797026771 ], [ -0.34964867445019, 51.513352435186377 ], [ -0.349349156929934, 51.514033032180755 ], [ -0.348944154889957, 51.51469203263914 ], [ -0.348437564958238, 51.515323088931652 ], [ -0.347834262861053, 51.515920122342806 ], [ -0.347140056582928, 51.516477381662611 ], [ -0.346361630515125, 51.516989498629606 ], [ -0.345506481127329, 51.517451539689894 ], [ -0.344582844780292, 51.517859053570866 ], [ -0.343599618374325, 51.518208114209557 ], [ -0.342566273599019, 51.518495358619802 ], [ -0.341492765612625, 51.518718019331168 ], [ -0.340389437034544, 51.518873951085524 ], [ -0.339266918180662, 51.518961651532052 ], [ -0.338136024508467, 51.518980275720502 ], [ -0.33700765226649, 51.518929644251926 ], [ -0.335892673360427, 51.518810245007771 ], [ -0.334801830455995, 51.518623228440866 ], [ -0.333745633336251, 51.518370396473891 ], [ -0.332734257518627, 51.518054185113087 ], [ -0.331777446114507, 51.517677640946147 ], [ -0.330884415882072, 51.517244391751817 ], [ -0.330207358209506, 51.51684361030054 ], [ -0.328135345785492, 51.508535264808238 ], [ -0.328359358571618, 51.508256365764822 ] ] ] } },
{ "type": "Feature", "properties": { "NLC": 5131, "total_activity": 55432.083659886455, "log_total_activity": 10.922931872471857, "direction_balance": -0.63738556297430593, "post_2300_share": 0.11984897872603011, "midnight_share_common_window": 0.035213056387278799, "night_tube_extension_share": 0.0031003131441080002, "post_0100_share": 0.0017575045352122001, "common_window_persistence": 0.053725721111256897, "weekend_common_ratio": 0.68535566616960564, "volume_band": "high", "cluster": 4, "Station": "Abbey Wood", "mode_label": "EZL", "tot_entry": 10050.236904745459, "tot_exit": 45381.846755141007, "easting": 547351.33333333337, "northing": 179059.66666666666, "lon": 0.1210766666666666, "lat": 51.49129, "coord_source": "naptan_rse_tmu", "catchment_area_m2": 2007391.0339494327, "station_in_lnwc_extent": true }, "geometry": { "type": "Polygon", "coordinates": [ [ [ 0.132504532691053, 51.490375882207935 ], [ 0.132306168952078, 51.489681116334054 ], [ 0.131999684627333, 51.489001832977436 ], [ 0.131588035644208, 51.488344573130156 ], [ 0.131075190103217, 51.487715665444831 ], [ 0.130466089921124, 51.487121165329427 ], [ 0.129766603124964, 51.486566796680805 ], [ 0.128983467260735, 51.486057896816909 ], [ 0.128124224464764, 51.485599365135016 ], [ 0.127197148824698, 51.485195615989014 ], [ 0.126211166729794, 51.484850536236429 ], [ 0.12517577097626, 51.48456744786224 ], [ 0.124100929452127, 51.484349076037176 ], [ 0.122996989277006, 51.484197522915892 ], [ 0.121874577314671, 51.484114247426199 ], [ 0.120744498010432, 51.484100051242187 ], [ 0.119617629530272, 51.484155071075762 ], [ 0.11850481919461, 51.484278777360267 ], [ 0.117416779206192, 51.484469979338733 ], [ 0.116363983668884, 51.484726836508464 ], [ 0.115356567882101, 51.485046876312374 ], [ 0.114404230874349, 51.485427017908179 ], [ 0.113516142109095, 51.485863601787969 ], [ 0.112700853257118, 51.486352424965204 ], [ 0.111966215881919, 51.486888781391954 ], [ 0.111319305829351, 51.487467507219797 ], [ 0.110766355049407, 51.48808303047069 ], [ 0.110312691508063, 51.488729424641782 ], [ 0.109962687770609, 51.489400465729929 ], [ 0.109719718755632, 51.490089692129196 ], [ 0.109586129071746, 51.490790466825274 ], [ 0.1095632102578, 51.49149604129024 ], [ 0.10965118815266, 51.492199620462202 ], [ 0.109849220523573, 51.492894428185359 ], [ 0.110155404983519, 51.493573772479571 ], [ 0.110566797128749, 51.494231110011 ], [ 0.11107943872888, 51.494860109141641 ], [ 0.111688395704484, 51.495454710949382 ], [ 0.11238780553187, 51.496009187629333 ], [ 0.113170933622913, 51.496518197712035 ], [ 0.114030238140001, 51.496976837564496 ], [ 0.114957442623583, 51.497380688675918 ], [ 0.115943615733018, 51.4977258602703 ], [ 0.11697925733152, 51.49800902683323 ], [ 0.118054390083371, 51.498227460189256 ], [ 0.119158655677244, 51.498379055819107 ], [ 0.120281414743703, 51.498462353161386 ], [ 0.121411849498418, 51.498476549702204 ], [ 0.122539068115644, 51.498421508715957 ], [ 0.123652209819389, 51.498297760582197 ], [ 0.124740549672616, 51.498106497666129 ], [ 0.125793602047822, 51.497849562812235 ], [ 0.126801221775455, 51.497529431562995 ], [ 0.12775370198968, 51.497149188274868 ], [ 0.128641867723682, 51.496712496363713 ], [ 0.129457164348821, 51.496223562967693 ], [ 0.130191740002877, 51.495687098370389 ], [ 0.130838521211908, 51.495108270577099 ], [ 0.131391280977309, 51.494492655484407 ], [ 0.131844698673684, 51.49384618312461 ], [ 0.132194411183427, 51.493175080505459 ], [ 0.13243705477967, 51.492485811597668 ], [ 0.132570297359458, 51.491785015049011 ], [ 0.132592860722954, 51.491079440227232 ], [ 0.132504532691053, 51.490375882207935 ] ] ] } },
{ "type": "Feature", "properties": { "NLC": 5150, "total_activity": 17203.457531574863, "log_total_activity": 9.752923788038192, "direction_balance": -0.49016379576058811, "post_2300_share": 0.1308679316010958, "midnight_share_common_window": 0.030229601618737001, "night_tube_extension_share": 0.0008380150658356, "post_0100_share": 0.00037348344837109999, "common_window_persistence": 0.046250188916306799, "weekend_common_ratio": 0.7684053166755711, "volume_band": "medium", "cluster": 4, "Station": "New Cross", "mode_label": "LO", "tot_entry": 4385.4727438460268, "tot_exit": 12817.984787728839, "easting": 536756.0, "northing": 177119.0, "lon": -0.03219, "lat": 51.47651, "coord_source": "naptan_rse_tmu", "catchment_area_m2": 996680.64394030417, "station_in_lnwc_extent": true }, "geometry": { "type": "Polygon", "coordinates": [ [ [ -0.038328332686864, 51.482593379371473 ], [ -0.037343605489348, 51.482939856611907 ], [ -0.036309215492716, 51.483224391382414 ], [ -0.035235127955543, 51.483444242324126 ], [ -0.03413169110325, 51.483597291257283 ], [ -0.0330095363085, 51.48368206361485 ], [ -0.031879475525593, 51.483697742667331 ], [ -0.030752396973548, 51.483644177400883 ], [ -0.029639160079857, 51.483521883972188 ], [ -0.028550490704262, 51.483332040726388 ], [ -0.027496877659059, 51.483076476826085 ], [ -0.026488471529571, 51.482757654602246 ], [ -0.025534986775606, 51.482378645797674 ], [ -0.024645608062225, 51.48194310193427 ], [ -0.024565345980173, 51.481895155795783 ], [ -0.024306712534117, 51.480809476400765 ], [ -0.030650003761158, 51.469651338526496 ], [ -0.033843186411564, 51.470236698322793 ], [ -0.039146942790808, 51.482235113363153 ], [ -0.038328332686864, 51.482593379371473 ] ] ] } },
{ "type": "Feature", "properties": { "NLC": 5301, "total_activity": 6695.5032850241641, "log_total_activity": 8.8093407713854326, "direction_balance": -0.1435672660739328, "post_2300_share": 0.1115158461379871, "midnight_share_common_window": 0.028144294694483998, "night_tube_extension_share": 0.0014642164605932, "post_0100_share": 0.0010755366595555, "common_window_persistence": 0.041198539622362897, "weekend_common_ratio": 1.0751687954876703, "volume_band": "low", "cluster": 2, "Station": "Clapham High Street", "mode_label": "LO", "tot_entry": 2867.1240917021041, "tot_exit": 3828.37919332206, "easting": 529858.0, "northing": 175666.0, "lon": -0.13199, "lat": 51.46508, "coord_source": "naptan_rse_tmu", "catchment_area_m2": 314000.87944304309, "station_in_lnwc_extent": true }, "geometry": { "type": "Polygon", "coordinates": [ [ [ -0.126824934396607, 51.458648045299974 ], [ -0.12734162468973, 51.458505361104073 ], [ -0.138327539212154, 51.466289259123229 ], [ -0.132868072204256, 51.468842850680659 ], [ -0.126454102799245, 51.458778965102525 ], [ -0.126824934396607, 51.458648045299974 ] ] ] } },
{ "type": "Feature", "properties": { "NLC": 5345, "total_activity": 24782.552473657131, "log_total_activity": 10.117935505426848, "direction_balance": -0.17471139307738401, "post_2300_share": 0.15059411975464779, "midnight_share_common_window": 0.0400610000995777, "night_tube_extension_share": 0.060331084020320398, "post_0100_share": 0.030318236307110599, "common_window_persistence": 0.063242137165468101, "weekend_common_ratio": 0.93347837325412863, "volume_band": "high", "cluster": 4, "Station": "New Cross Gate", "mode_label": "LO", "tot_entry": 10226.379103485568, "tot_exit": 14556.173370171562, "easting": 536189.0, "northing": 176946.0, "lon": -0.04041, "lat": 51.47509, "coord_source": "naptan_rse_tmu", "catchment_area_m2": 1180639.8701463053, "station_in_lnwc_extent": true }, "geometry": { "type": "Polygon", "coordinates": [ [ [ -0.047065870631907, 51.469220095267303 ], [ -0.047955223328555, 51.469655469564202 ], [ -0.047982287702818, 51.469671630891909 ], [ -0.04982239343926, 51.479238516524973 ], [ -0.049816370519024, 51.479244428260166 ], [ -0.049119148474789, 51.479799892714134 ], [ -0.048338073712892, 51.480310004462083 ], [ -0.047480668266674, 51.480769849262657 ], [ -0.046555190276469, 51.481174996999776 ], [ -0.04557055442634, 51.481521544407116 ], [ -0.04453624602068, 51.481806152715087 ], [ -0.043462229530909, 51.482026079856283 ], [ -0.042358852496999, 51.482179206916719 ], [ -0.041236745714524, 51.482264058576412 ], [ -0.040106720674653, 51.482279817341599 ], [ -0.039146562126324, 51.482234252433429 ], [ -0.033843186411564, 51.470236698322793 ], [ -0.04664253355209, 51.469051877205963 ], [ -0.047065870631907, 51.469220095267303 ] ] ] } },
{ "type": "Feature", "properties": { "NLC": 5356, "total_activity": 15895.057505241886, "log_total_activity": 9.6738264018170756, "direction_balance": -0.60336004480860606, "post_2300_share": 0.1153345596304584, "midnight_share_common_window": 0.032766707622177399, "night_tube_extension_share": 0.0040355353030046004, "post_0100_share": 0.0017210114038893999, "common_window_persistence": 0.047637335696521302, "weekend_common_ratio": 0.62501452622217701, "volume_band": "medium", "cluster": 0, "Station": "Crystal Palace", "mode_label": "LO", "tot_entry": 3152.3074483218884, "tot_exit": 12742.750056920004, "easting": 534088.0, "northing": 170540.0, "lon": -0.07307, "lat": 51.41803, "coord_source": "naptan_rse_tmu", "catchment_area_m2": 1436645.6785078216, "station_in_lnwc_extent": true }, "geometry": { "type": "Polygon", "coordinates": [ [ [ -0.077752193064726, 51.411455315074143 ], [ -0.078759411128597, 51.411773687323738 ], [ -0.079711893597859, 51.412152256784687 ], [ -0.080600469631856, 51.412587379080186 ], [ -0.081416582897065, 51.413074865292359 ], [ -0.082152373925436, 51.413610022244399 ], [ -0.082800755799544, 51.41418769763758 ], [ -0.083355482435946, 51.414802329611064 ], [ -0.083811208807865, 51.415448000249178 ], [ -0.084163542524571, 51.416118492523218 ], [ -0.084409086266763, 51.416807350121246 ], [ -0.084545470664094, 51.417507939591594 ], [ -0.08457137729212, 51.418213514202499 ], [ -0.084486551560316, 51.418917278904281 ], [ -0.084291805359746, 51.419612455768579 ], [ -0.083989009437319, 51.420292349274582 ], [ -0.083581075562676, 51.420950410813049 ], [ -0.083071928652397, 51.421580301786292 ], [ -0.08246646911359, 51.422175954694623 ], [ -0.08177052576401, 51.422731631619932 ], [ -0.080990799777764, 51.423241979540933 ], [ -0.080134800193294, 51.42370208194513 ], [ -0.079210771603066, 51.424107506238428 ], [ -0.078227614721092, 51.424454346493285 ], [ -0.077194800594533, 51.424739261121438 ], [ -0.076122279288221, 51.424959505106294 ], [ -0.075020383925551, 51.425112956482465 ], [ -0.073899731015022, 51.425198136805932 ], [ -0.072771118028504, 51.425214225416269 ], [ -0.071645419224501, 51.425161067352576 ], [ -0.070533480727031, 51.42503917484661 ], [ -0.06944601587812, 51.424849722378589 ], [ -0.068393501879181, 51.424594535343488 ], [ -0.067386078723711, 51.424276072438495 ], [ -0.066627163316277, 51.423974403785898 ], [ -0.067227341227805, 51.416163570778963 ], [ -0.077277390075361, 51.41134020482567 ], [ -0.077752193064726, 51.411455315074143 ] ] ] } },
{ "type": "Feature", "properties": { "NLC": 5362, "total_activity": 21062.261941505072, "log_total_activity": 9.9552856617047443, "direction_balance": -0.64027757054416667, "post_2300_share": 0.13650872836773839, "midnight_share_common_window": 0.048642570213610403, "night_tube_extension_share": 0.0049005872812203002, "post_0100_share": 0.0089246585700003996, "common_window_persistence": 0.072639270959093796, "weekend_common_ratio": 0.63933263902744031, "volume_band": "high", "cluster": 0, "Station": "Forest Hill", "mode_label": "LO", "tot_entry": 3788.2840177166686, "tot_exit": 17273.977923788399, "easting": 535400.25, "northing": 172965.25, "lon": -0.0532875, "lat": 51.439505, "coord_source": "naptan_rse_tmu", "catchment_area_m2": 1828648.8754924322, "station_in_lnwc_extent": true }, "geometry": { "type": "Polygon", "coordinates": [ [ [ -0.041870154834634, 51.438612304647471 ], [ -0.042065631839677, 51.437917208187358 ], [ -0.042369170984729, 51.437237432865196 ], [ -0.042777844701962, 51.43657952442291 ], [ -0.043287713533369, 51.435949817770521 ], [ -0.04389386421222, 51.435354376020001 ], [ -0.044590457093793, 51.43479893214446 ], [ -0.045370782474227, 51.434288833822478 ], [ -0.046227325252091, 51.433828991996521 ], [ -0.047151837308244, 51.433423833638706 ], [ -0.047741075638495, 51.433216211044481 ], [ -0.059899918441836, 51.433623445990982 ], [ -0.059931669542288, 51.433636067200652 ], [ -0.060820464978051, 51.434071340400557 ], [ -0.061636740710365, 51.434558964500873 ], [ -0.06237263570311, 51.43509424499814 ], [ -0.063021062033023, 51.435672028404866 ], [ -0.063575773182912, 51.436286751820546 ], [ -0.064031424268732, 51.436932496449245 ], [ -0.06438362361784, 51.437603044549597 ], [ -0.064628975197727, 51.438291939271629 ], [ -0.064765111481432, 51.438992546805373 ], [ -0.064790716427011, 51.439698120244074 ], [ -0.064705538342884, 51.440401864547951 ], [ -0.064510392507821, 51.441097001983536 ], [ -0.064207153512804, 51.441776837408014 ], [ -0.063798737391062, 51.442434822769691 ], [ -0.063289073701353, 51.443064620202627 ], [ -0.062683067826925, 51.443660163106181 ], [ -0.061986553847748, 51.444215714619986 ], [ -0.061206238435505, 51.444725922929003 ], [ -0.060349636308555, 51.44518587286403 ], [ -0.059424997866787, 51.445591133298301 ], [ -0.058441229703042, 51.445937799881762 ], [ -0.057407808757877, 51.446222532698307 ], [ -0.056334690947083, 51.44644258848237 ], [ -0.055964020534923, 51.446494117809088 ], [ -0.043192999585343, 51.44294379273196 ], [ -0.042998014517623, 51.442727604887615 ], [ -0.042542606930165, 51.442081781633171 ], [ -0.042190696655047, 51.441411171424086 ], [ -0.041945668615829, 51.440722233497119 ], [ -0.041809877905986, 51.44002160332257 ], [ -0.041784627287255, 51.439316028677332 ], [ -0.041870154834634, 51.438612304647471 ] ] ] } },
{ "type": "Feature", "properties": { "NLC": 5372, "total_activity": 3083.6167488912547, "log_total_activity": 8.0341826981169735, "direction_balance": -0.1736157317553649, "post_2300_share": 0.099858057998143707, "midnight_share_common_window": 0.022315153970154499, "night_tube_extension_share": 0.0009036141188242, "post_0100_share": 0.0006300638663922, "common_window_persistence": 0.0329088596418943, "weekend_common_ratio": 0.56421098981896145, "volume_band": "low", "cluster": 2, "Station": "Wandsworth Road", "mode_label": "LO", "tot_entry": 1274.1261852896996, "tot_exit": 1809.4905636015544, "easting": 529397.0, "northing": 176250.0, "lon": -0.13841, "lat": 51.47043, "coord_source": "naptan_rse_tmu", "catchment_area_m2": 1115907.5001696181, "station_in_lnwc_extent": true }, "geometry": { "type": "Polygon", "coordinates": [ [ [ -0.147493320873937, 51.466008848470615 ], [ -0.148143262408851, 51.466586173049095 ], [ -0.148699491828849, 51.467200505558431 ], [ -0.149156649636618, 51.46784593097194 ], [ -0.149510329654189, 51.46851623462792 ], [ -0.149757121591157, 51.469204962036429 ], [ -0.149894644047334, 51.469905481005107 ], [ -0.149921567625901, 51.470611045486365 ], [ -0.149837627927566, 51.471314860532871 ], [ -0.149643628293272, 51.472010147735524 ], [ -0.149341432261447, 51.47269021051423 ], [ -0.149022235541191, 51.473205869691242 ], [ -0.135979039378105, 51.476012046480513 ], [ -0.131490888743235, 51.474403372261015 ], [ -0.130591798280775, 51.470553006111885 ], [ -0.132868072204256, 51.468842850680659 ], [ -0.138327539212154, 51.466289259123229 ], [ -0.147174355013713, 51.465777536041692 ], [ -0.147493320873937, 51.466008848470615 ] ] ] } },
{ "type": "Feature", "properties": { "NLC": 5376, "total_activity": 17545.009101094478, "log_total_activity": 9.7725818013872985, "direction_balance": -0.5928920259642475, "post_2300_share": 0.098410290668720299, "midnight_share_common_window": 0.025589951644755499, "night_tube_extension_share": 0.0029499079833723001, "post_0100_share": 0.0014660872509336001, "common_window_persistence": 0.036780732614507802, "weekend_common_ratio": 0.65535926157380453, "volume_band": "medium", "cluster": 0, "Station": "Norwood Junction", "mode_label": "LO", "tot_entry": 3571.3565547927078, "tot_exit": 13973.652546301775, "easting": 534090.66666666663, "northing": 168267.0, "lon": -0.073893333333333297, "lat": 51.397596666666665, "coord_source": "naptan_rse_tmu", "catchment_area_m2": 2007391.0339494327, "station_in_lnwc_extent": true }, "geometry": { "type": "Polygon", "coordinates": [ [ [ -0.06248626981828, 51.396704813928132 ], [ -0.062681239101354, 51.396009673196325 ], [ -0.062984179518404, 51.395329833728432 ], [ -0.063392169276114, 51.394671841886712 ], [ -0.063901275509762, 51.394042033386981 ], [ -0.064506592300929, 51.393446472324847 ], [ -0.065202288037309, 51.392890892825186 ], [ -0.065981661654145, 51.392380643875384 ], [ -0.066837207212624, 51.391920637870967 ], [ -0.067760686191641, 51.391515303367285 ], [ -0.068743206796508, 51.391168542489893 ], [ -0.069775309522115, 51.390883693411141 ], [ -0.070847058149164, 51.390663498252763 ], [ -0.071948135301159, 51.390510076721029 ], [ -0.073067941647031, 51.390424905727237 ], [ -0.074195697800141, 51.390408805187981 ], [ -0.075320547939151, 51.390461930141619 ], [ -0.076431664160165, 51.390583769255763 ], [ -0.077518350562663, 51.390773149740575 ], [ -0.078570146074209, 51.391028248620813 ], [ -0.079576925030687, 51.391346610259021 ], [ -0.080528994549798, 51.391725169962221 ], [ -0.081417187765481, 51.392160283446508 ], [ -0.082232952029751, 51.392647761877704 ], [ -0.082968431235573, 51.393182912152795 ], [ -0.083616541469665, 51.393760582036215 ], [ -0.08417103926687, 51.394375209719144 ], [ -0.08462658180754, 51.395020877326203 ], [ -0.084978778475541, 51.39569136785714 ], [ -0.085224233276377, 51.396380225016138 ], [ -0.085360577701768, 51.397080815355274 ], [ -0.085386493718082, 51.397786392134236 ], [ -0.085301726650375, 51.398490160282464 ], [ -0.085107087830627, 51.399185341838617 ], [ -0.084804446977164, 51.399865241237165 ], [ -0.084396714371239, 51.40052330981279 ], [ -0.083887812995376, 51.401153208900809 ], [ -0.083282640895424, 51.401748870924372 ], [ -0.082587024123285, 51.402304557878679 ], [ -0.081807660709165, 51.402814916646939 ], [ -0.08095205619979, 51.403275030613393 ], [ -0.080028451381713, 51.403680467073727 ], [ -0.079045742885545, 51.404027319984294 ], [ -0.078013397436953, 51.404312247635922 ], [ -0.076941360582945, 51.404532504887378 ], [ -0.075839960776415, 51.404685969646202 ], [ -0.074719809747867, 51.404771163339888 ], [ -0.073591700129903, 51.404787265179465 ], [ -0.072466501327321, 51.404734120076661 ], [ -0.07135505464296, 51.404612240138178 ], [ -0.070268068676863, 51.40442279972271 ], [ -0.069216016013531, 51.40416762410856 ], [ -0.068209032199276, 51.403849171882058 ], [ -0.067256817988968, 51.403470511217456 ], [ -0.066368545809066, 51.403035290278488 ], [ -0.065552771342107, 51.402547702028812 ], [ -0.064817351087207, 51.402012443791705 ], [ -0.064169366692195, 51.401434671951648 ], [ -0.063615056786303, 51.400819952235565 ], [ -0.063159756968619, 51.400174206055596 ], [ -0.062807848527569, 51.399503653431601 ], [ -0.062562716381251, 51.398814753045549 ], [ -0.062426716638513, 51.398114140006534 ], [ -0.062401154087024, 51.397408561927207 ], [ -0.06248626981828, 51.396704813928132 ] ] ] } },
{ "type": "Feature", "properties": { "NLC": 5378, "total_activity": 6046.0293599687575, "log_total_activity": 8.7073224155564084, "direction_balance": -0.60538060992937603, "post_2300_share": 0.16854171781571789, "midnight_share_common_window": 0.058585660269365097, "night_tube_extension_share": 0.019125698682122799, "post_0100_share": 0.0206597314412925, "common_window_persistence": 0.095516401178969895, "weekend_common_ratio": 0.78185106845508046, "volume_band": "low", "cluster": 0, "Station": "Penge West", "mode_label": "LO", "tot_entry": 1192.9402091899783, "tot_exit": 4853.0891507787792, "easting": 534920.0, "northing": 170522.0, "lon": -0.06112, "lat": 51.41767, "coord_source": "naptan_rse_tmu", "catchment_area_m2": 1162606.6903749262, "station_in_lnwc_extent": true }, "geometry": { "type": "Polygon", "coordinates": [ [ [ -0.049710549126543, 51.416771535560038 ], [ -0.049905805287288, 51.416076421318067 ], [ -0.050209075088445, 51.415396620520703 ], [ -0.050617433560796, 51.414738679156386 ], [ -0.051126944286005, 51.414108932453424 ], [ -0.05173269744866, 51.413513443910787 ], [ -0.052428857233669, 51.412957946953611 ], [ -0.053208718108177, 51.412447789772997 ], [ -0.054064769442964, 51.411987883879533 ], [ -0.054387010004311, 51.411846564319696 ], [ -0.067227341227805, 51.416163570778963 ], [ -0.066627374990714, 51.423971649567463 ], [ -0.066275099069924, 51.424095878324607 ], [ -0.065242221570882, 51.424380686919449 ], [ -0.064863370873089, 51.424458443730053 ], [ -0.050593643606985, 51.420539298887022 ], [ -0.050383320666848, 51.420240982702246 ], [ -0.050031454078186, 51.419570394231677 ], [ -0.049786415570774, 51.418881470254355 ], [ -0.049650560345344, 51.418180846106218 ], [ -0.049625191791522, 51.417475269506312 ], [ -0.049710549126543, 51.416771535560038 ] ] ] } },
{ "type": "Feature", "properties": { "NLC": 5397, "total_activity": 5116.5604301535204, "log_total_activity": 8.5404331259959676, "direction_balance": -0.46249520953006978, "post_2300_share": 0.1394634523535242, "midnight_share_common_window": 0.0617352899869692, "night_tube_extension_share": 0.026489478670014999, "post_0100_share": 0.0258209675122914, "common_window_persistence": 0.091416869107201398, "weekend_common_ratio": 0.81664030439169188, "volume_band": "low", "cluster": 0, "Station": "Anerley", "mode_label": "LO", "tot_entry": 1375.0878709682015, "tot_exit": 3741.4725591853198, "easting": 534606.5, "northing": 169900.0, "lon": -0.065865, "lat": 51.412155, "coord_source": "naptan_rse_tmu", "catchment_area_m2": 1312120.1825730368, "station_in_lnwc_extent": true }, "geometry": { "type": "Polygon", "coordinates": [ [ [ -0.05445339572444, 51.411256883194298 ], [ -0.054648554377086, 51.410561759418144 ], [ -0.054951715427444, 51.409881944607484 ], [ -0.055359954954537, 51.409223984886147 ], [ -0.055869337686123, 51.40859421565964 ], [ -0.056474955039674, 51.407998700644349 ], [ -0.057170972507883, 51.407443173520782 ], [ -0.057950685928008, 51.406932982770918 ], [ -0.058806586090076, 51.40647304022891 ], [ -0.059730431060105, 51.406067773838281 ], [ -0.060713325521592, 51.405721085067981 ], [ -0.061745806372483, 51.405436311395576 ], [ -0.062817933755915, 51.405216194216329 ], [ -0.063919386652083, 51.405062852485557 ], [ -0.065039562115785, 51.404977762346128 ], [ -0.066167677210061, 51.404961742936358 ], [ -0.067292872661079, 51.405014948513831 ], [ -0.06840431724337, 51.405136866970338 ], [ -0.069491311897584, 51.405326324752785 ], [ -0.070543392585497, 51.405581498142432 ], [ -0.071550430898695, 51.405899930785203 ], [ -0.072502731458421, 51.406278557305292 ], [ -0.07339112517399, 51.406713732776325 ], [ -0.07420705746603, 51.40720126776808 ], [ -0.074942670607979, 51.407736468633665 ], [ -0.075590879394534, 51.408314182651026 ], [ -0.076145439408546, 51.4089288475869 ], [ -0.076601007227689, 51.409574545207583 ], [ -0.076953191988393, 51.4102450582239 ], [ -0.077198597806516, 51.410933930123598 ], [ -0.077277594434574, 51.411340106727316 ], [ -0.067227341227805, 51.416163570778963 ], [ -0.054382142630613, 51.411844927457103 ], [ -0.05445339572444, 51.411256883194298 ] ] ] } },
{ "type": "Feature", "properties": { "NLC": 5404, "total_activity": 18590.61394889314, "log_total_activity": 9.8304658950692918, "direction_balance": -0.4143831718303162, "post_2300_share": 0.1548590764858816, "midnight_share_common_window": 0.055088894021924698, "night_tube_extension_share": 0.0020159788658563002, "post_0100_share": 0.0037760351387523001, "common_window_persistence": 0.088225063815871696, "weekend_common_ratio": 0.91517422375388835, "volume_band": "medium", "cluster": 4, "Station": "Brockley", "mode_label": "LO", "tot_entry": 5443.4881872389396, "tot_exit": 13147.125761654206, "easting": 536397.0, "northing": 175762.0, "lon": -0.03788, "lat": 51.4644, "coord_source": "naptan_rse_tmu", "catchment_area_m2": 1846827.7481887159, "station_in_lnwc_extent": true }, "geometry": { "type": "Polygon", "coordinates": [ [ [ -0.026455024164362, 51.463504172915634 ], [ -0.026650851414668, 51.462809108618544 ], [ -0.026954793812001, 51.46212938018526 ], [ -0.027363919900279, 51.461471532904497 ], [ -0.027874285861519, 51.460841901095527 ], [ -0.028480973639406, 51.460246547147733 ], [ -0.029178138416228, 51.459691203186907 ], [ -0.029959064981567, 51.459181215927799 ], [ -0.030816232446848, 51.458721495241797 ], [ -0.031741386680846, 51.458316466933191 ], [ -0.032725619768354, 51.457970030176007 ], [ -0.033759455728091, 51.457685520019233 ], [ -0.034832941666997, 51.457465675319582 ], [ -0.035935743497099, 51.457312612408018 ], [ -0.037057245298324, 51.457227804742814 ], [ -0.038186651376457, 51.457212068743139 ], [ -0.039313090040288, 51.457265555938996 ], [ -0.040425718105825, 51.457387751512471 ], [ -0.041513825128674, 51.457577479244492 ], [ -0.042566936368204, 51.457832912819832 ], [ -0.043574913498909, 51.458151593382112 ], [ -0.044528052105468, 51.458530453171498 ], [ -0.045417175027997, 51.458965845018589 ], [ -0.046233720662943, 51.459453577412674 ], [ -0.046969825372286, 51.459988954808793 ], [ -0.047618399209093, 51.460566822787477 ], [ -0.048173194230367, 51.461181617634772 ], [ -0.04862886473807, 51.461827419867362 ], [ -0.048981018865445, 51.462498011189439 ], [ -0.049226261007892, 51.4631869343348 ], [ -0.049362224684558, 51.463887555219273 ], [ -0.049387595508022, 51.464593126806847 ], [ -0.049302124034019, 51.465296854074531 ], [ -0.049106628360062, 51.465991959451642 ], [ -0.048802986440415, 51.46667174810257 ], [ -0.04839411818397, 51.467329672424455 ], [ -0.047883957500378, 51.467959395137434 ], [ -0.047277414557248, 51.4685548503587 ], [ -0.046655114762544, 51.469050711857847 ], [ -0.033843186411564, 51.470236698322793 ], [ -0.030650003761158, 51.469651338526496 ], [ -0.027954128758883, 51.468032124407131 ], [ -0.027736885116669, 51.467791268030332 ], [ -0.026483548796918, 51.465374962303223 ], [ -0.026394218739724, 51.464913452542369 ], [ -0.026369202757637, 51.464207879819618 ], [ -0.026455024164362, 51.463504172915634 ] ] ] } },
{ "type": "Feature", "properties": { "NLC": 5411, "total_activity": 17415.880985732001, "log_total_activity": 9.7651951864841156, "direction_balance": -0.2179527433182249, "post_2300_share": 0.070197440526699503, "midnight_share_common_window": 0.018839144741789601, "night_tube_extension_share": 0.0030140134432849, "post_0100_share": 0.0058636830182097997, "common_window_persistence": 0.026140695208493901, "weekend_common_ratio": 0.72489091135681805, "volume_band": "medium", "cluster": 0, "Station": "West Croydon NR", "mode_label": "LO,TRM", "tot_entry": 6810.0209737940013, "tot_exit": 10605.860011937988, "easting": 532169.0, "northing": 166102.25, "lon": -0.102305, "lat": 51.378595, "coord_source": "naptan_rse_tmu", "catchment_area_m2": 2007391.0339494327, "station_in_lnwc_extent": true }, "geometry": { "type": "Polygon", "coordinates": [ [ [ -0.090902111301221, 51.377704205414716 ], [ -0.091096562728299, 51.377009009945589 ], [ -0.091398950927957, 51.376329089232321 ], [ -0.091806359427014, 51.375670990421852 ], [ -0.092314860959088, 51.375041050262389 ], [ -0.092919555428378, 51.374445334119528 ], [ -0.093614617213438, 51.373889577613504 ], [ -0.094393351351005, 51.373379131437808 ], [ -0.095248258055785, 51.37291890988854 ], [ -0.096171104953152, 51.372513343597618 ], [ -0.097153006328883, 51.372166336923129 ], [ -0.098184508634032, 51.371881230404483 ], [ -0.099255681424084, 51.371660768642066 ], [ -0.100356212860621, 51.371507073908759 ], [ -0.101475508860901, 51.371421625745505 ], [ -0.102602794946594, 51.371405246736586 ], [ -0.103727219817641, 51.371458094600129 ], [ -0.104837959661066, 51.371579660670179 ], [ -0.105924322197696, 51.371768774784137 ], [ -0.106975849472116, 51.372023616529887 ], [ -0.107982418402972, 51.372341732744076 ], [ -0.108934338131606, 51.372720061095237 ], [ -0.109822443236958, 51.373154959525756 ], [ -0.110638181923386, 51.373642241270957 ], [ -0.111373698335192, 51.374177215120923 ], [ -0.112021908206813, 51.374754730538392 ], [ -0.112576567120349, 51.375369227201844 ], [ -0.113032330711867, 51.37601478849782 ], [ -0.113384806243985, 51.376685198450431 ], [ -0.113630595044149, 51.377374001540915 ], [ -0.113767325394698, 51.378074564843402 ], [ -0.113793675551937, 51.378780141879687 ], [ -0.11370938666564, 51.379483937578676 ], [ -0.113515265467289, 51.380179173715845 ], [ -0.113213176693617, 51.38085915420227 ], [ -0.112806025311037, 51.381517329593954 ], [ -0.112297728705083, 51.382147360199738 ], [ -0.111693179096362, 51.382743177178227 ], [ -0.110998196539411, 51.383299041034164 ], [ -0.110219472952798, 51.383809596948574 ], [ -0.109364507716347, 51.384269926408216 ], [ -0.108441535454025, 51.384675594634231 ], [ -0.107459446697756, 51.385022693351239 ], [ -0.106427702197415, 51.385307878482664 ], [ -0.105356241704943, 51.385528402407068 ], [ -0.104255388115002, 51.385682140462755 ], [ -0.103135747890507, 51.385767611443882 ], [ -0.102008108738134, 51.385783991889333 ], [ -0.1008833355261, 51.385731124025739 ], [ -0.099772265453927, 51.385609517287691 ], [ -0.098685603491298, 51.385420343400547 ], [ -0.097633819100402, 51.385165425073581 ], [ -0.096627045243433, 51.384847218413071 ], [ -0.095674980654246, 51.384468789226254 ], [ -0.094786796320809, 51.384033783445879 ], [ -0.093971047083456, 51.383546391961914 ], [ -0.093235589203343, 51.383011310201596 ], [ -0.092587504696698, 51.38243369284902 ], [ -0.092033033163712, 51.381819104143077 ], [ -0.091577511767388, 51.381173464234323 ], [ -0.09122532393768, 51.380502992119709 ], [ -0.090979857290904, 51.37981414570686 ], [ -0.090843471164546, 51.379113559586486 ], [ -0.090817474073961, 51.378407981113675 ], [ -0.090902111301221, 51.377704205414716 ] ] ] } },
{ "type": "Feature", "properties": { "NLC": 5418, "total_activity": 10484.136324895411, "log_total_activity": 9.2577139451490087, "direction_balance": -0.55037714448215391, "post_2300_share": 0.133700696732651, "midnight_share_common_window": 0.038861344470824503, "night_tube_extension_share": 0.0053928077412811002, "post_0100_share": 0.0045388858654554004, "common_window_persistence": 0.058894860122313403, "weekend_common_ratio": 0.6720613224408295, "volume_band": "medium", "cluster": 0, "Station": "Honor Oak Park", "mode_label": "LO", "tot_entry": 2356.9536560189244, "tot_exit": 8127.1826688764895, "easting": 535885.0, "northing": 174138.0, "lon": -0.04587, "lat": 51.44993, "coord_source": "naptan_rse_tmu", "catchment_area_m2": 1898103.0036797191, "station_in_lnwc_extent": true }, "geometry": { "type": "Polygon", "coordinates": [ [ [ -0.034447765908395, 51.449034291421555 ], [ -0.034643404152991, 51.448339210193005 ], [ -0.034947126373668, 51.447659457156377 ], [ -0.035356003237604, 51.447001577838272 ], [ -0.035866093329075, 51.446371906867419 ], [ -0.036472481249825, 51.445776507011381 ], [ -0.037169325070344, 51.445221110839007 ], [ -0.037949912670727, 51.444711065568832 ], [ -0.038806726425483, 51.444251281631772 ], [ -0.039731515607668, 51.443846185441949 ], [ -0.040715375814845, 51.443499676827713 ], [ -0.041748834653278, 51.443215091530519 ], [ -0.042821942857809, 51.44299516913086 ], [ -0.043192598488875, 51.442943681197391 ], [ -0.055963619375265, 51.446494006317657 ], [ -0.056158681841486, 51.446710173272393 ], [ -0.056614327304595, 51.447355945639956 ], [ -0.056966493473635, 51.448026514598453 ], [ -0.05721178463236, 51.448715423096992 ], [ -0.057347833832341, 51.449416037192655 ], [ -0.057373325867004, 51.450121609915136 ], [ -0.057288010129057, 51.450825346231092 ], [ -0.057092703220151, 51.451520468483366 ], [ -0.056789281280108, 51.4522002816746 ], [ -0.056380662102135, 51.452858237966566 ], [ -0.055870777199226, 51.45348799977242 ], [ -0.055264534084358, 51.454083500833882 ], [ -0.054567769122232, 51.454639004692794 ], [ -0.053787191402265, 51.455149159992374 ], [ -0.052930318170248, 51.455609052073271 ], [ -0.052005402438804, 51.456014250365449 ], [ -0.051021353473583, 51.456360851116848 ], [ -0.049987650922188, 51.456645515045238 ], [ -0.048914253415529, 51.456865499548385 ], [ -0.047811502525823, 51.457018685160293 ], [ -0.046690023011366, 51.457103595997403 ], [ -0.045560620314945, 51.457119413996061 ], [ -0.044434176309939, 51.457065986803329 ], [ -0.043321544305493, 51.456943829245027 ], [ -0.042233444329501, 51.456754118356329 ], [ -0.041180359705316, 51.456498682023586 ], [ -0.04017243592529, 51.456179981347447 ], [ -0.03921938280144, 51.45580108689844 ], [ -0.038330380841065, 51.45536564909527 ], [ -0.037513992753358, 51.454877862993442 ], [ -0.036778080942282, 51.454342427824727 ], [ -0.036129731782033, 51.453764501680112 ], [ -0.035575187404493, 51.453149651774737 ], [ -0.035119785654348, 51.452503800776 ], [ -0.034767908787427, 51.451833169714035 ], [ -0.034522941402261, 51.451144218026378 ], [ -0.034387238004841, 51.450443581315632 ], [ -0.034362100512746, 51.449738007421232 ], [ -0.034447765908395, 51.449034291421555 ] ] ] } },
{ "type": "Feature", "properties": { "NLC": 5421, "total_activity": 20779.493713242569, "log_total_activity": 9.9417700234298128, "direction_balance": -0.26121844366959879, "post_2300_share": 0.065963790668962893, "midnight_share_common_window": 0.016178624118860199, "night_tube_extension_share": 0.0011823678434882, "post_0100_share": 0.00059368681379419995, "common_window_persistence": 0.020923155001338602, "weekend_common_ratio": 0.49844283578166371, "volume_band": "high", "cluster": 0, "Station": "Denmark Hill", "mode_label": "LO", "tot_entry": 7675.7533526135603, "tot_exit": 13103.740360629001, "easting": 532776.0, "northing": 176086.0, "lon": -0.08985, "lat": 51.46817, "coord_source": "naptan_rse_tmu", "catchment_area_m2": 1969379.461504929, "station_in_lnwc_extent": true }, "geometry": { "type": "Polygon", "coordinates": [ [ [ -0.078924392458654, 51.465906116036379 ], [ -0.079332811022304, 51.465248080385265 ], [ -0.07984251103057, 51.464618215721849 ], [ -0.080448580832211, 51.464022586680045 ], [ -0.0811451815518, 51.463466928036318 ], [ -0.081925603401539, 51.462956589536546 ], [ -0.08278233034396, 51.462496484434737 ], [ -0.083707112481065, 51.46209104223648 ], [ -0.084691045472599, 51.46174416610031 ], [ -0.085724656219844, 51.461459195304549 ], [ -0.08679799399245, 51.461238873139393 ], [ -0.08790072612471, 51.461085320531019 ], [ -0.089022237364845, 51.461000015650264 ], [ -0.090151731926654, 51.460983779701131 ], [ -0.09127833726758, 51.461036769024687 ], [ -0.092391208601089, 51.461158473594203 ], [ -0.093479633144388, 51.461347721915921 ], [ -0.094533133104935, 51.461602692288508 ], [ -0.09554156642097, 51.461920930313958 ], [ -0.096495224292265, 51.462299372492318 ], [ -0.097384924567295, 51.462734375674643 ], [ -0.098202100091839, 51.4632217520927 ], [ -0.098938881171284, 51.463756809629821 ], [ -0.099588171354127, 51.464334396947734 ], [ -0.100143715807125, 51.464948953036938 ], [ -0.100600161622332, 51.465594560715573 ], [ -0.100953109472576, 51.46626500356421 ], [ -0.101199156113941, 51.466953825749577 ], [ -0.101335927320747, 51.467654394163318 ], [ -0.101362100929714, 51.468359962278313 ], [ -0.101277419764519, 51.469063735108755 ], [ -0.101082694308924, 51.469758934648766 ], [ -0.100779795095167, 51.470438865159259 ], [ -0.100371634873486, 51.471096977674257 ], [ -0.099862140727429, 51.471726933104001 ], [ -0.099256216397069, 51.472322663326494 ], [ -0.098559695167449, 51.472878429676967 ], [ -0.097779283771611, 51.473388878270413 ], [ -0.096922497845287, 51.473849091622021 ], [ -0.095997589553187, 51.474254636066178 ], [ -0.095013468083635, 51.474601604515136 ], [ -0.093979613778451, 51.474886654142999 ], [ -0.092905986727779, 51.475107038630114 ], [ -0.091802930714123, 51.475260634655335 ], [ -0.090681073435842, 51.475345962379329 ], [ -0.089551223977188, 51.47536219972023 ], [ -0.088424268519208, 51.475309190283454 ], [ -0.087311065303242, 51.475187444868709 ], [ -0.086222339866137, 51.47499813653944 ], [ -0.085168581563618, 51.474743089302983 ], [ -0.084159942385381, 51.474424760511198 ], [ -0.083206139042824, 51.474046217152157 ], [ -0.08231635927785, 51.473611106263078 ], [ -0.08149917329943, 51.473123619751341 ], [ -0.080762451203915, 51.472588453964455 ], [ -0.080378964243755, 51.472247191982007 ], [ -0.07886793349187, 51.466032716536546 ], [ -0.078924392458654, 51.465906116036379 ] ] ] } },
{ "type": "Feature", "properties": { "NLC": 5423, "total_activity": 37044.12587066675, "log_total_activity": 10.519892066622464, "direction_balance": -0.32824438094363362, "post_2300_share": 0.10159167392832889, "midnight_share_common_window": 0.0273239149377268, "night_tube_extension_share": 0.0018724742248969, "post_0100_share": 0.0011577117660538001, "common_window_persistence": 0.039225873284253303, "weekend_common_ratio": 0.77374121276390606, "volume_band": "high", "cluster": 2, "Station": "Peckham Rye", "mode_label": "LO", "tot_entry": 12442.299853325851, "tot_exit": 24601.826017340911, "easting": 534191.0, "northing": 176339.0, "lon": -0.0694, "lat": 51.47011, "coord_source": "naptan_rse_tmu", "catchment_area_m2": 1665002.5595153763, "station_in_lnwc_extent": true }, "geometry": { "type": "Polygon", "coordinates": [ [ [ -0.059388756135222, 51.466556578693698 ], [ -0.059995115848261, 51.465961058676058 ], [ -0.060691991960252, 51.465405524691057 ], [ -0.061472672034751, 51.464895325283592 ], [ -0.062329637551179, 51.464435372367966 ], [ -0.063254636317749, 51.46403009398427 ], [ -0.064238761911665, 51.463683391713801 ], [ -0.065272539382838, 51.46339860316116 ], [ -0.06634601639841, 51.463178469862314 ], [ -0.06744885895434, 51.463025110925685 ], [ -0.068570450737486, 51.462940002658186 ], [ -0.069699995187384, 51.462923964371761 ], [ -0.070826619281721, 51.46297715050531 ], [ -0.071939478053311, 51.463099049138158 ], [ -0.073027858839552, 51.463288486908965 ], [ -0.074081284267807, 51.463543640293253 ], [ -0.075089612991951, 51.463862053131635 ], [ -0.076043137216312, 51.464240660241494 ], [ -0.076932676073269, 51.464675816886306 ], [ -0.077749663959616, 51.465163333820271 ], [ -0.078486232984057, 51.465698517573692 ], [ -0.078869652038676, 51.466039785391722 ], [ -0.080380683232722, 51.472254260812754 ], [ -0.080324219971879, 51.472380861844492 ], [ -0.079915749131112, 51.473038899674876 ], [ -0.079405953154264, 51.473668762830805 ], [ -0.078799738690929, 51.474264384077905 ], [ -0.078102941823479, 51.474820025800277 ], [ -0.077322271943035, 51.475330335312655 ], [ -0.076465247178419, 51.475790396469513 ], [ -0.075540121998295, 51.476195777071091 ], [ -0.074555807683458, 51.476542571607936 ], [ -0.073521786436436, 51.476827438929689 ], [ -0.072448019958257, 51.477047634473301 ], [ -0.071344853376845, 51.477201036738357 ], [ -0.070222915457464, 51.477286167752823 ], [ -0.069093016062399, 51.477302207330645 ], [ -0.067966041854308, 51.477249000983271 ], [ -0.06753560755244, 51.477201852275236 ], [ -0.059250364811556, 51.466727472324358 ], [ -0.059388756135222, 51.466556578693698 ] ] ] } },
{ "type": "Feature", "properties": { "NLC": 5424, "total_activity": 17838.59258761715, "log_total_activity": 9.7891755688562565, "direction_balance": -0.51333027840802548, "post_2300_share": 0.099722510054408506, "midnight_share_common_window": 0.025076126359527801, "night_tube_extension_share": 0.0026497413982970001, "post_0100_share": 0.0013766866521479999, "common_window_persistence": 0.036996108271978703, "weekend_common_ratio": 0.79116593318477335, "volume_band": "medium", "cluster": 4, "Station": "Queens Road Peckham", "mode_label": "LO", "tot_entry": 4340.7514441041494, "tot_exit": 13497.841143513007, "easting": 535014.0, "northing": 176773.0, "lon": -0.05739, "lat": 51.47382, "coord_source": "naptan_rse_tmu", "catchment_area_m2": 1552142.2820058628, "station_in_lnwc_extent": true }, "geometry": { "type": "Polygon", "coordinates": [ [ [ -0.047988090369418, 51.469664579398874 ], [ -0.048685168078619, 51.469109119273504 ], [ -0.049466044297129, 51.468599002226917 ], [ -0.050323198617568, 51.468139139379986 ], [ -0.051248377032218, 51.467733957905295 ], [ -0.052232671390625, 51.467387358450978 ], [ -0.053266605119856, 51.467102677631694 ], [ -0.054340224384559, 51.466882655946364 ], [ -0.05544319381293, 51.466729411428986 ], [ -0.056564895871877, 51.466644419285331 ], [ -0.057694532940484, 51.466628497709735 ], [ -0.058821231105632, 51.466681800017952 ], [ -0.059251556820349, 51.466728979668503 ], [ -0.067536800100507, 51.477203359538322 ], [ -0.067398405677256, 51.477374262475486 ], [ -0.066791985994621, 51.477969819113696 ], [ -0.066094987397752, 51.478525387004154 ], [ -0.065314121222433, 51.479035614172375 ], [ -0.06445690749009, 51.479495585265504 ], [ -0.063531602491606, 51.479900868951127 ], [ -0.06254711924198, 51.480247560653247 ], [ -0.061512941573126, 51.48053232021207 ], [ -0.060439032694861, 51.480752404102873 ], [ -0.059335739108675, 51.480905691901043 ], [ -0.058213690804865, 51.480990706737586 ], [ -0.057083698710344, 51.481006629546123 ], [ -0.055956650381678, 51.480953306963478 ], [ -0.054843404955272, 51.480831252807413 ], [ -0.053754688373936, 51.480641643117018 ], [ -0.052700989906367, 51.480386304804007 ], [ -0.051692460963144, 51.480067698025373 ], [ -0.050738817190156, 51.47968889244796 ], [ -0.049849244787805, 51.479253537635557 ], [ -0.04982217416036, 51.479237376697093 ], [ -0.047982068509305, 51.469670491059794 ], [ -0.047988090369418, 51.469664579398874 ] ] ] } },
{ "type": "Feature", "properties": { "NLC": 5437, "total_activity": 18243.485583737121, "log_total_activity": 9.8116181535559424, "direction_balance": -0.61908654730823631, "post_2300_share": 0.13872399929358059, "midnight_share_common_window": 0.047980468516891403, "night_tube_extension_share": 0.0036299102114376001, "post_0100_share": 0.0081368321904981, "common_window_persistence": 0.0735480033310245, "weekend_common_ratio": 0.6249759259821055, "volume_band": "medium", "cluster": 0, "Station": "Sydenham", "mode_label": "LO", "tot_entry": 3474.5945414168609, "tot_exit": 14768.89104232026, "easting": 535363.66666666663, "northing": 171609.33333333334, "lon": -0.05433, "lat": 51.42733333333333, "coord_source": "naptan_rse_tmu", "catchment_area_m2": 1779900.4419816525, "station_in_lnwc_extent": true }, "geometry": { "type": "Polygon", "coordinates": [ [ [ -0.042916971317923, 51.426436393494974 ], [ -0.043112375471744, 51.425741293198222 ], [ -0.043415813523388, 51.425061512802813 ], [ -0.043824358881545, 51.424403598099943 ], [ -0.044334073326853, 51.423773884060452 ], [ -0.044940045081327, 51.423178433868053 ], [ -0.045636436224682, 51.422622980577842 ], [ -0.046416538996529, 51.422112871959705 ], [ -0.0472728404392, 51.421653019055967 ], [ -0.048197094756972, 51.421247848946159 ], [ -0.04918040269465, 51.42090126217149 ], [ -0.050213297172328, 51.420616595226882 ], [ -0.050592139500233, 51.420538885661607 ], [ -0.064861866504911, 51.424458030685336 ], [ -0.065072303074602, 51.424756321871342 ], [ -0.065424428899596, 51.425426867341635 ], [ -0.065669735885509, 51.426115760722098 ], [ -0.065805856938181, 51.426816368215484 ], [ -0.065831476165877, 51.427521942915284 ], [ -0.065746341743052, 51.428225689769661 ], [ -0.065551268531494, 51.428920831020761 ], [ -0.06524813042606, 51.429600671489268 ], [ -0.064839842491294, 51.430258663075406 ], [ -0.064330333053924, 51.430888467853777 ], [ -0.063724506013593, 51.431484019153586 ], [ -0.063028193729303, 51.432039580034278 ], [ -0.062248100930929, 51.432549798591303 ], [ -0.061391740192867, 51.433009759557429 ], [ -0.060467359589524, 51.433415031700378 ], [ -0.059878174665489, 51.433622718860292 ], [ -0.047719332309842, 51.433215481661733 ], [ -0.04768758495451, 51.433202857181151 ], [ -0.046798933721368, 51.432767485819376 ], [ -0.045982850255679, 51.432279760242608 ], [ -0.045247194029076, 51.431744379098426 ], [ -0.044599048956958, 51.431166499956355 ], [ -0.044044655209529, 51.430551689577918 ], [ -0.043589349185659, 51.42990587024903 ], [ -0.043237512224961, 51.429235262694291 ], [ -0.042992528547955, 51.428546326124582 ], [ -0.042856752824224, 51.427845695996922 ], [ -0.042831487674707, 51.427140120087628 ], [ -0.042916971317923, 51.426436393494974 ] ] ] } },
{ "type": "Feature", "properties": { "NLC": 5595, "total_activity": 104137.68731775388, "log_total_activity": 11.55347882166101, "direction_balance": -0.22934034915113291, "post_2300_share": 0.10784861800835251, "midnight_share_common_window": 0.026146903683915701, "night_tube_extension_share": 0.0111968631254471, "post_0100_share": 0.0072726002178208002, "common_window_persistence": 0.038608404167958299, "weekend_common_ratio": 0.87021849974214993, "volume_band": "high", "cluster": 2, "Station": "Clapham Junction", "mode_label": "LO", "tot_entry": 40127.356874254343, "tot_exit": 64010.330443499581, "easting": 527223.0, "northing": 175527.66666666666, "lon": -0.16995, "lat": 51.464433333333339, "coord_source": "naptan_rse_tmu", "catchment_area_m2": 1979873.7347640391, "station_in_lnwc_extent": true }, "geometry": { "type": "Polygon", "coordinates": [ [ [ -0.158526281364848, 51.463545746860213 ], [ -0.158720107128063, 51.462850442295689 ], [ -0.159022095549782, 51.462170352212794 ], [ -0.159429333978955, 51.461512025391137 ], [ -0.159937896760194, 51.46088180077502 ], [ -0.160542883183058, 51.460285746468408 ], [ -0.161238464792704, 51.459729601345813 ], [ -0.162017941601838, 51.459218719839747 ], [ -0.162873806659565, 51.458758020434054 ], [ -0.163797818353604, 51.458351938357119 ], [ -0.164781079749311, 51.458004382928031 ], [ -0.165814124202707, 51.457718699964367 ], [ -0.166887006425646, 51.457497639611127 ], [ -0.167989398130117, 51.457343329899146 ], [ -0.169110687335746, 51.457257256285573 ], [ -0.170240080390203, 51.457240247372198 ], [ -0.171366705726885, 51.457292466938512 ], [ -0.172479718367967, 51.457413412365369 ], [ -0.173568404173911, 51.457601919464487 ], [ -0.17462228284288, 51.457856173668034 ], [ -0.175631208675181, 51.458173727470758 ], [ -0.176585468138683, 51.458551523958654 ], [ -0.17747587330114, 51.458985926198579 ], [ -0.178293850233957, 51.459472752208185 ], [ -0.179031521539198, 51.46000731517109 ], [ -0.179681782206711, 51.460584468512742 ], [ -0.180238368071136, 51.461198655404829 ], [ -0.180695916208272, 51.461843962223881 ], [ -0.181050016686514, 51.462514175451581 ], [ -0.181297255171017, 51.46320284147054 ], [ -0.181435245965117, 51.463903328681425 ], [ -0.181462655164702, 51.464608891344611 ], [ -0.181379213695661, 51.465312734532496 ], [ -0.181185720101534, 51.466008079567246 ], [ -0.180884033046941, 51.466688229313988 ], [ -0.180477053601558, 51.467346632700284 ], [ -0.179998644426096, 51.467939816902998 ], [ -0.172779443372392, 51.471395395051609 ], [ -0.171916208948222, 51.471516226049104 ], [ -0.170794574013407, 51.471602322886262 ], [ -0.169664826174265, 51.47161933358506 ], [ -0.168537850631574, 51.471567094297399 ], [ -0.167424505821381, 51.471446108400343 ], [ -0.1663355186483, 51.471257541637357 ], [ -0.165281380995537, 51.471003210869164 ], [ -0.164272248515389, 51.470685566543338 ], [ -0.163317842681347, 51.47030766905263 ], [ -0.162427357050592, 51.46987315921168 ], [ -0.161609368644069, 51.46938622313791 ], [ -0.160871755300644, 51.468851551877357 ], [ -0.160221619803024, 51.468274296166371 ], [ -0.15966522150636, 51.467660016767354 ], [ -0.159207916126729, 51.467014630858671 ], [ -0.158854104266701, 51.466344354998043 ], [ -0.158607189169685, 51.465655645209843 ], [ -0.158469544104747, 51.464955134775373 ], [ -0.158442489689823, 51.464249570326743 ], [ -0.158526281364848, 51.463545746860213 ] ] ] } },
{ "type": "Feature", "properties": { "NLC": 6562, "total_activity": 57441.056568315151, "log_total_activity": 10.958532006847101, "direction_balance": -0.48732409859803649, "post_2300_share": 0.12246345990143601, "midnight_share_common_window": 0.0319762297868839, "night_tube_extension_share": 0.0, "post_0100_share": 0.0, "common_window_persistence": 0.050360537761538898, "weekend_common_ratio": 0.79176720289156488, "volume_band": "high", "cluster": 4, "Station": "Woolwich EL", "mode_label": "EZL", "tot_entry": 14724.322726821076, "tot_exit": 42716.733841494082, "easting": 543832.0, "northing": 179022.0, "lon": 0.07041, "lat": 51.49186, "coord_source": "naptan_rse_tmu", "catchment_area_m2": 1047895.7097289179, "station_in_lnwc_extent": true }, "geometry": { "type": "Polygon", "coordinates": [ [ [ 0.081833529110547, 51.490947766370823 ], [ 0.08163593075418, 51.490252906233643 ], [ 0.081330191923374, 51.489573482087344 ], [ 0.080919261371121, 51.488916036282866 ], [ 0.080407100285594, 51.488286899266328 ], [ 0.079798643999591, 51.487692128656306 ], [ 0.079099754347665, 51.48713745095619 ], [ 0.078939151692619, 51.487032945637203 ], [ 0.060464987394142, 51.495046066253146 ], [ 0.072871197664318, 51.498877100499833 ], [ 0.072972200640178, 51.498865916688672 ], [ 0.074060779639338, 51.498675121755888 ], [ 0.07511414314787, 51.498418638827715 ], [ 0.076122142993295, 51.498098939091697 ], [ 0.077075068641316, 51.497719102746579 ], [ 0.07796374082675, 51.497282789287659 ], [ 0.078779600034413, 51.49679420220761 ], [ 0.079514788974766, 51.496258048454735 ], [ 0.080162228258411, 51.495679493041393 ], [ 0.08071568454047, 51.495064109242279 ], [ 0.081169830479899, 51.494417824864122 ], [ 0.081520295939058, 51.493746865106857 ], [ 0.08176370993451, 51.493057692568243 ], [ 0.081897732940286, 51.492356944971284 ], [ 0.081921079238724, 51.491651371215859 ], [ 0.081833529110547, 51.490947766370823 ] ] ] } },
{ "type": "Feature", "properties": { "NLC": 6867, "total_activity": 10691.858790684057, "log_total_activity": 9.2773313948978409, "direction_balance": -0.2028611278914681, "post_2300_share": 0.14164351670736311, "midnight_share_common_window": 0.040204587666165199, "night_tube_extension_share": 0.010821538605050701, "post_0100_share": 0.0062017182388557001, "common_window_persistence": 0.063519135280540706, "weekend_common_ratio": 0.76185912119565025, "volume_band": "medium", "cluster": 2, "Station": "Hackney Downs", "mode_label": "LO", "tot_entry": 4261.4481285747888, "tot_exit": 6430.4106621092642, "easting": 534560.5, "northing": 185063.5, "lon": -0.060755, "lat": 51.548425, "coord_source": "naptan_rse_tmu", "catchment_area_m2": 801301.638719043, "station_in_lnwc_extent": true }, "geometry": { "type": "Polygon", "coordinates": [ [ [ -0.05409258039185, 51.554297772269933 ], [ -0.054026375812987, 51.554265426930712 ], [ -0.060759586030506, 51.544525057586299 ], [ -0.06642013131896, 51.543700267357579 ], [ -0.068196678240192, 51.547511974965403 ], [ -0.068371259416275, 51.55238628042985 ], [ -0.059624018460059, 51.555005113129162 ], [ -0.054510911839001, 51.554463663157179 ], [ -0.05409258039185, 51.554297772269933 ] ] ] } },
{ "type": "Feature", "properties": { "NLC": 6874, "total_activity": 17397.247841627366, "log_total_activity": 9.7641247813751129, "direction_balance": -0.56184706052163158, "post_2300_share": 0.11835147583228101, "midnight_share_common_window": 0.040249342019461003, "night_tube_extension_share": 0.0129317104578364, "post_0100_share": 0.010412733478898499, "common_window_persistence": 0.059524827418906398, "weekend_common_ratio": 0.65353079141092985, "volume_band": "medium", "cluster": 0, "Station": "Chadwell Heath", "mode_label": "EZL", "tot_entry": 3811.3276403213663, "tot_exit": 13585.920201305997, "easting": 547701.0, "northing": 187615.0, "lon": 0.1297, "lat": 51.56807, "coord_source": "naptan_rse_tmu", "catchment_area_m2": 1942869.6626012018, "station_in_lnwc_extent": true }, "geometry": { "type": "Polygon", "coordinates": [ [ [ 0.14114123806677, 51.567155169997896 ], [ 0.140942374379283, 51.566460432636482 ], [ 0.140635211967363, 51.565781187634023 ], [ 0.140222713307096, 51.565123975610369 ], [ 0.139708854697224, 51.564495124754174 ], [ 0.139098587822714, 51.563900689922214 ], [ 0.138397791954259, 51.563346394378414 ], [ 0.137613217248383, 51.562837574732278 ], [ 0.136752419697244, 51.562379129604139 ], [ 0.135823688356208, 51.56197547251017 ], [ 0.134835965550208, 51.561630489417432 ], [ 0.133798760825986, 51.561347501376652 ], [ 0.132722059476167, 51.56112923258943 ], [ 0.131616226512039, 51.560977784216085 ], [ 0.130491907004584, 51.560894614174373 ], [ 0.129359923747321, 51.560880523122421 ], [ 0.128231173219607, 51.560935646760093 ], [ 0.127116520844902, 51.561059454522308 ], [ 0.12602669654517, 51.561250754676919 ], [ 0.124972191589817, 51.561507705778503 ], [ 0.123963157725508, 51.561827834368813 ], [ 0.123009309551907, 51.562208058754329 ], [ 0.122119831078046, 51.562644718634097 ], [ 0.121303287354884, 51.563133610294081 ], [ 0.121172020674903, 51.56322931537261 ], [ 0.118859941556608, 51.570521972918378 ], [ 0.119167517059042, 51.57101237922403 ], [ 0.119681170907676, 51.571641321795887 ], [ 0.12029129403487, 51.572235858613503 ], [ 0.12099201269406, 51.572790262493655 ], [ 0.121776579695831, 51.573299192663583 ], [ 0.122637439344094, 51.573757746255531 ], [ 0.123566300197125, 51.574161505585202 ], [ 0.124554214952917, 51.574506580756605 ], [ 0.125591666688209, 51.574789647180502 ], [ 0.126668660617877, 51.575007977643082 ], [ 0.127774820486954, 51.575159468613833 ], [ 0.128899488661684, 51.575242660538059 ], [ 0.130031828949456, 51.575256751916712 ], [ 0.131160931150431, 51.575201607037293 ], [ 0.132275916326542, 51.575077757281257 ], [ 0.133366041766451, 51.574886395994547 ], [ 0.134420804628105, 51.57462936697182 ], [ 0.135430043253643, 51.574309146665826 ], [ 0.136384035174542, 51.573928820294661 ], [ 0.137273590857642, 51.573492052078485 ], [ 0.138090142284882, 51.573003049894737 ], [ 0.138825825510615, 51.572466524693851 ], [ 0.139473556399808, 51.571887645069019 ], [ 0.14002709881756, 51.571271987419841 ], [ 0.140481124614589, 51.570625482191879 ], [ 0.140831264833752, 51.569954356712252 ], [ 0.141074151648589, 51.569265075173846 ], [ 0.141207450635225, 51.568564276347395 ], [ 0.141229883073108, 51.567858709623032 ], [ 0.14114123806677, 51.567155169997896 ] ] ] } },
{ "type": "Feature", "properties": { "NLC": 6876, "total_activity": 23544.698826190011, "log_total_activity": 10.066698442686976, "direction_balance": -0.46324317129171672, "post_2300_share": 0.13979693575588881, "midnight_share_common_window": 0.045463488112193799, "night_tube_extension_share": 0.0105442827890057, "post_0100_share": 0.0080459231422405006, "common_window_persistence": 0.071715925100137301, "weekend_common_ratio": 0.74624543462649728, "volume_band": "high", "cluster": 4, "Station": "Forest Gate", "mode_label": "EZL", "tot_entry": 6318.8889374186947, "tot_exit": 17225.80988877132, "easting": 540477.0, "northing": 185355.0, "lon": 0.024635, "lat": 51.549605, "coord_source": "naptan_rse_tmu", "catchment_area_m2": 1104182.8804966584, "station_in_lnwc_extent": true }, "geometry": { "type": "Polygon", "coordinates": [ [ [ 0.034043541517164, 51.545445626377592 ], [ 0.033344295710636, 51.544890684682201 ], [ 0.032561197548771, 51.544381144755526 ], [ 0.031701788823052, 51.54392191215593 ], [ 0.030774345233752, 51.543517407983067 ], [ 0.029787796724134, 51.543171526360297 ], [ 0.028751641551162, 51.5428875969885 ], [ 0.027675854917568, 51.542668353130601 ], [ 0.026570793041106, 51.542515905331868 ], [ 0.025447093579679, 51.542431721128651 ], [ 0.02431557336507, 51.542416610939043 ], [ 0.02318712442329, 51.542470720270359 ], [ 0.022072609275503, 51.542593528318292 ], [ 0.020982756520291, 51.54278385297112 ], [ 0.019928057695409, 51.543039862171234 ], [ 0.018918666405237, 51.543359091525154 ], [ 0.017964300678985, 51.543738467994402 ], [ 0.017074149494523, 51.544174339439891 ], [ 0.016768874763457, 51.544356666262146 ], [ 0.013530256399592, 51.551519437160351 ], [ 0.013692243412489, 51.551880171974702 ], [ 0.034324107143067, 51.549814971840838 ], [ 0.034211898402735, 51.545610207437633 ], [ 0.034043541517164, 51.545445626377592 ] ] ] } },
{ "type": "Feature", "properties": { "NLC": 6877, "total_activity": 13739.434385595649, "log_total_activity": 9.5280981799487794, "direction_balance": -0.6462608714446153, "post_2300_share": 0.1338755232929294, "midnight_share_common_window": 0.044149902630406898, "night_tube_extension_share": 0.0181199732931751, "post_0100_share": 0.0136605270034193, "common_window_persistence": 0.063824047697163197, "weekend_common_ratio": 0.60980803589326527, "volume_band": "medium", "cluster": 0, "Station": "Gidea Park", "mode_label": "EZL", "tot_entry": 2430.0877732022464, "tot_exit": 11309.346612393399, "easting": 552909.5, "northing": 189300.0, "lon": 0.20552, "lat": 51.58182, "coord_source": "naptan_rse_tmu", "catchment_area_m2": 2007391.0339494327, "station_in_lnwc_extent": true }, "geometry": { "type": "Polygon", "coordinates": [ [ [ 0.216967271764603, 51.580899827773976 ], [ 0.216767189016075, 51.580205235109943 ], [ 0.216458803009575, 51.579526204852449 ], [ 0.216045088001015, 51.578869275548257 ], [ 0.215530031996516, 51.578240772658894 ], [ 0.21491859820349, 51.577646747686224 ], [ 0.214216677119523, 51.577092919944093 ], [ 0.213431029724792, 51.576584621534842 ], [ 0.212569222328117, 51.576126746058144 ], [ 0.211639553695718, 51.57572370154417 ], [ 0.210650975164606, 51.575379368061739 ], [ 0.209613004508599, 51.575097060407636 ], [ 0.208535634383697, 51.574879496234161 ], [ 0.207429236230452, 51.574728769919716 ], [ 0.206304460553512, 51.574646332432792 ], [ 0.205172134532507, 51.574632977381739 ], [ 0.204043157943367, 51.574688833383647 ], [ 0.202928398385022, 51.574813362825822 ], [ 0.201838586812905, 51.57500536703126 ], [ 0.200784214377895, 51.575262997779092 ], [ 0.199775431557119, 51.575583775070129 ], [ 0.198821950541659, 51.575964610967333 ], [ 0.197932951815772, 51.576401839283449 ], [ 0.197116995822962, 51.576891250831991 ], [ 0.196381940566556, 51.577428133904007 ], [ 0.195734865936743, 51.5780073195833 ], [ 0.195182005492645, 51.578623231465912 ], [ 0.194728686357742, 51.57926993930743 ], [ 0.194379277810255, 51.579941216083675 ], [ 0.194137149067641, 51.580630597916915 ], [ 0.194004636677053, 51.581331446292758 ], [ 0.193983021831988, 51.582037011968922 ], [ 0.194072517840573, 51.582740499962497 ], [ 0.194272267873551, 51.583435134988953 ], [ 0.194580353021302, 51.584114226723997 ], [ 0.194993810589747, 51.584771234258291 ], [ 0.195508662466045, 51.585399829123986 ], [ 0.196119953287315, 51.585993956284646 ], [ 0.196821798050298, 51.586547892499347 ], [ 0.19760743870779, 51.587056301497235 ], [ 0.198469309209881, 51.587514285428753 ], [ 0.199399108365248, 51.5879174320959 ], [ 0.200387879820956, 51.588261857504165 ], [ 0.201426098389202, 51.58854424332408 ], [ 0.202503761886859, 51.588761868899525 ], [ 0.203610487599225, 51.58891263749242 ], [ 0.204735612433736, 51.588995096509507 ], [ 0.205868295792834, 51.58900845151512 ], [ 0.20699762416828, 51.588952573893827 ], [ 0.208112716442196, 51.588828002089208 ], [ 0.209202828873073, 51.588635936406234 ], [ 0.2102574587482, 51.588378227428279 ], [ 0.211266445697169, 51.588057358160896 ], [ 0.212220069684366, 51.587676420075702 ], [ 0.213109144731213, 51.587239083287038 ], [ 0.213925107461235, 51.586749561149865 ], [ 0.214660099612199, 51.586212569623022 ], [ 0.215307043719023, 51.58563328179055 ], [ 0.215859711238515, 51.585017277982118 ], [ 0.216312782461176, 51.584370491974759 ], [ 0.216661897635918, 51.583699153796587 ], [ 0.216903698819428, 51.583009729684896 ], [ 0.217035862052469, 51.582308859778891 ], [ 0.217057119559469, 51.581603294148159 ], [ 0.216967271764603, 51.580899827773976 ] ] ] } },
{ "type": "Feature", "properties": { "NLC": 6878, "total_activity": 16671.943336391905, "log_total_activity": 9.7215425250296352, "direction_balance": -0.54516790951796246, "post_2300_share": 0.1124825713777437, "midnight_share_common_window": 0.039665321675354498, "night_tube_extension_share": 0.0096960543406068994, "post_0100_share": 0.0076834340182628004, "common_window_persistence": 0.057843730327551898, "weekend_common_ratio": 0.64460653135529988, "volume_band": "medium", "cluster": 0, "Station": "Goodmayes", "mode_label": "EZL", "tot_entry": 3791.4674200446029, "tot_exit": 12880.475916347305, "easting": 546367.0, "northing": 187311.0, "lon": 0.11034, "lat": 51.56568, "coord_source": "naptan_rse_tmu", "catchment_area_m2": 1640017.1775314452, "station_in_lnwc_extent": true }, "geometry": { "type": "Polygon", "coordinates": [ [ [ 0.120863585979733, 51.562741729694658 ], [ 0.120350019890146, 51.56211279044836 ], [ 0.119740035427638, 51.561518251438763 ], [ 0.119039509146102, 51.560963836933823 ], [ 0.11825518860913, 51.560454884689051 ], [ 0.117394627364649, 51.559996294602087 ], [ 0.116466112195911, 51.559592481584893 ], [ 0.115478583349587, 51.559247333105887 ], [ 0.114441548507882, 51.558964171807922 ], [ 0.11336499133044, 51.558745723560335 ], [ 0.112259275442737, 51.558594091250697 ], [ 0.111135044790339, 51.558510734566916 ], [ 0.110003121312527, 51.558496455963343 ], [ 0.108874400913747, 51.558551392944693 ], [ 0.107759748727396, 51.558675016742086 ], [ 0.106669894673, 51.558866137393707 ], [ 0.105795165807242, 51.559079127579999 ], [ 0.101740998694078, 51.570476572665136 ], [ 0.102414842192085, 51.570913933781334 ], [ 0.103275465280334, 51.571372632338722 ], [ 0.10420410971134, 51.5717765476167 ], [ 0.105191830270956, 51.572121788217075 ], [ 0.106229111909542, 51.57240502795679 ], [ 0.107305961483188, 51.572623537952047 ], [ 0.108412004129799, 51.572775212942361 ], [ 0.10953658334664, 51.572858591599577 ], [ 0.110668863799299, 51.572872870624991 ], [ 0.111797935864979, 51.572817912497648 ], [ 0.112912920895927, 51.572694246799038 ], [ 0.114003076181579, 51.572503065101195 ], [ 0.115057898591138, 51.572246209468062 ], [ 0.116067225891311, 51.571926154681414 ], [ 0.117021334757074, 51.571545984364406 ], [ 0.117911034526039, 51.571109361233617 ], [ 0.118727755789178, 51.5706204917688 ], [ 0.118859048525534, 51.570524789237666 ], [ 0.121171127916961, 51.563232131709533 ], [ 0.120863585979733, 51.562741729694658 ] ] ] } },
{ "type": "Feature", "properties": { "NLC": 6879, "total_activity": 14122.912961969188, "log_total_activity": 9.5556245946085294, "direction_balance": -0.62844327470655836, "post_2300_share": 0.1237708619379152, "midnight_share_common_window": 0.044449282892438401, "night_tube_extension_share": 0.0148007863145226, "post_0100_share": 0.013444998066550799, "common_window_persistence": 0.062110315990598401, "weekend_common_ratio": 0.53284724236031689, "volume_band": "medium", "cluster": 0, "Station": "Harold Wood", "mode_label": "EZL", "tot_entry": 2623.7316458767864, "tot_exit": 11499.181316092399, "easting": 554786.5, "northing": 190630.0, "lon": 0.233175, "lat": 51.59326, "coord_source": "naptan_rse_tmu", "catchment_area_m2": 2007391.0339494327, "station_in_lnwc_extent": true }, "geometry": { "type": "Polygon", "coordinates": [ [ [ 0.244623874082853, 51.592334558817406 ], [ 0.244423315158861, 51.591640020290029 ], [ 0.244114436161553, 51.590961069885907 ], [ 0.243700216094731, 51.590304245380771 ], [ 0.24318464782742, 51.589675871225019 ], [ 0.242572699498163, 51.589081997679052 ], [ 0.241870266556501, 51.588528342597037 ], [ 0.241084114907821, 51.588020236417414 ], [ 0.240221815712144, 51.587562570887897 ], [ 0.239291672466354, 51.587159752016412 ], [ 0.238302641072255, 51.586815657698793 ], [ 0.237264243658838, 51.586533600429114 ], [ 0.236186476985969, 51.586316295449116 ], [ 0.23507971630745, 51.58616583464228 ], [ 0.233954615614077, 51.586083666421672 ], [ 0.232822005211134, 51.586070581804179 ], [ 0.231692787609795, 51.586126706804457 ], [ 0.230577832727602, 51.586251501221213 ], [ 0.229487873399747, 51.586443763827639 ], [ 0.228433402199951, 51.586701643916385 ], [ 0.227424570557576, 51.587022659088824 ], [ 0.226471091136118, 51.587403719118612 ], [ 0.225582144407788, 51.587841155661408 ], [ 0.224766290319577, 51.588330757526421 ], [ 0.224031385898454, 51.588867811172612 ], [ 0.223384509587605, 51.58944714604133 ], [ 0.222831893042231, 51.590063184291758 ], [ 0.222378861043074, 51.590709994462024 ], [ 0.222029780109132, 51.591381348541539 ], [ 0.221788016308487, 51.592070781906941 ], [ 0.221655902678882, 51.592771655545967 ], [ 0.22163471657796, 51.593477219971348 ], [ 0.221724667188326, 51.594180680210179 ], [ 0.22192489330513, 51.594875261243274 ], [ 0.22223347143513, 51.595554273264206 ], [ 0.222647434136684, 51.596211176129358 ], [ 0.22316279843117, 51.596839642377027 ], [ 0.223774604018606, 51.597433618207759 ], [ 0.224476960934942, 51.597987381836582 ], [ 0.225263106196402, 51.598495598653734 ], [ 0.226125468888424, 51.598953372659743 ], [ 0.227055743073995, 51.599356293678007 ], [ 0.228044967819373, 51.599700479887204 ], [ 0.229083613565182, 51.599982615261958 ], [ 0.230161674008286, 51.60019998155898 ], [ 0.231268762605454, 51.600350484538403 ], [ 0.232394212764162, 51.600432674166505 ], [ 0.233527180749365, 51.600445758603712 ], [ 0.234656750308204, 51.600389611842303 ], [ 0.235772037997603, 51.600264774919836 ], [ 0.236862298192778, 51.600072450696565 ], [ 0.237917026757843, 51.599814492247788 ], [ 0.238926062373034, 51.599493384983461 ], [ 0.239879684536294, 51.599112222668914 ], [ 0.240768707289926, 51.598674677579304 ], [ 0.24158456776533, 51.598184965076726 ], [ 0.242319408690084, 51.597647802954071 ], [ 0.242966154061131, 51.597068365938597 ], [ 0.243518577255215, 51.596452235796576 ], [ 0.243971360921978, 51.595805347521242 ], [ 0.244320148085694, 51.595133932124703 ], [ 0.244561583967707, 51.594444456586714 ], [ 0.244693348132003, 51.593743561540215 ], [ 0.244714176650693, 51.593037997295113 ], [ 0.244623874082853, 51.592334558817406 ] ] ] } },
{ "type": "Feature", "properties": { "NLC": 6881, "total_activity": 44437.485086944223, "log_total_activity": 10.701861154219875, "direction_balance": -0.42780598033530748, "post_2300_share": 0.1164270189454143, "midnight_share_common_window": 0.039994268899679497, "night_tube_extension_share": 0.0087076734790837006, "post_0100_share": 0.0075251911185401001, "common_window_persistence": 0.060458407274354801, "weekend_common_ratio": 0.81016133049696848, "volume_band": "high", "cluster": 4, "Station": "Ilford", "mode_label": "EZL", "tot_entry": 12713.431607844224, "tot_exit": 31724.053479099995, "easting": 543506.0, "northing": 186465.0, "lon": 0.068743333333333295, "lat": 51.558816666666665, "coord_source": "naptan_rse_tmu", "catchment_area_m2": 2007391.0339494327, "station_in_lnwc_extent": true }, "geometry": { "type": "Polygon", "coordinates": [ [ [ 0.08018713488899, 51.557910094671833 ], [ 0.079989241934289, 51.557215242193351 ], [ 0.07968304976891, 51.556535825807643 ], [ 0.079271511528627, 51.555878387789036 ], [ 0.078758594268574, 51.555249258506166 ], [ 0.07814924061562, 51.554654495500117 ], [ 0.077449321054808, 51.554099825197618 ], [ 0.076665577313721, 51.553590587818704 ], [ 0.075805557393059, 51.553131686007468 ], [ 0.074877542870744, 51.552727537677882 ], [ 0.073890469179853, 51.552382033526882 ], [ 0.072853839626785, 51.552098499621415 ], [ 0.071777633975012, 51.551879665417502 ], [ 0.070672212470725, 51.551727637517509 ], [ 0.069548216229412, 51.551643879416559 ], [ 0.068416464936534, 51.551629197432092 ], [ 0.067287852840549, 51.551683732950643 ], [ 0.066173244032551, 51.551806961066681 ], [ 0.065083368013468, 51.551997695626135 ], [ 0.064028716547114, 51.552254100626648 ], [ 0.063019442785383, 51.552573707865669 ], [ 0.062065263630681, 51.552953440667686 ], [ 0.061175366270404, 51.553389643463696 ], [ 0.06035831977924, 51.553878116940083 ], [ 0.059621992637521, 51.554414158420492 ], [ 0.058973476958306, 51.554992607093972 ], [ 0.058419020152758, 51.555607893656607 ], [ 0.057963964693159, 51.556254093890196 ], [ 0.057612696556437, 51.55692498566475 ], [ 0.057368602848737, 51.557614108817553 ], [ 0.057234039024367, 51.558314827333675 ], [ 0.057210306021005, 51.559020393230703 ], [ 0.057297637538302, 51.559724011533213 ], [ 0.057495197589785, 51.560418905711565 ], [ 0.057801088359236, 51.561098382955208 ], [ 0.058212368293357, 51.561755898651057 ], [ 0.058725080263575, 51.562385119445388 ], [ 0.059334289532194, 51.562979984280403 ], [ 0.060034131162784, 51.563534762816168 ], [ 0.060817866422574, 51.56404411067323 ], [ 0.061677947636802, 51.564503120961952 ], [ 0.062606090872064, 51.564907371599581 ], [ 0.063593355748923, 51.565252967957562 ], [ 0.064630231613808, 51.565536580425508 ], [ 0.065706729237624, 51.565755476528253 ], [ 0.066812477153857, 51.565907547284723 ], [ 0.067936821703189, 51.565991327552794 ], [ 0.069068929814877, 51.566006010163214 ], [ 0.070197893528114, 51.56595145370536 ], [ 0.071312835239352, 51.565828183889458 ], [ 0.072403012654375, 51.565637388472062 ], [ 0.073457922426893, 51.565380905794299 ], [ 0.07446740147845, 51.565061207043804 ], [ 0.075421725017468, 51.564681372412821 ], [ 0.076311700307944, 51.564245061383559 ], [ 0.077128755280377, 51.563756477429003 ], [ 0.077865021128507, 51.563220327471136 ], [ 0.078513408094752, 51.562641776489585 ], [ 0.079067673714321, 51.562026397719976 ], [ 0.079522482862102, 51.561380118923928 ], [ 0.079873459026789, 51.560709165250529 ], [ 0.080117226322561, 51.56001999924127 ], [ 0.080251441838935, 51.559319258558013 ], [ 0.080274818023514, 51.558613692035024 ], [ 0.08018713488899, 51.557910094671833 ] ] ] } },
{ "type": "Feature", "properties": { "NLC": 6883, "total_activity": 16565.360568387692, "log_total_activity": 9.7151294464886302, "direction_balance": -0.55518667609808825, "post_2300_share": 0.14857608781238729, "midnight_share_common_window": 0.0504334373628052, "night_tube_extension_share": 0.012400063598246301, "post_0100_share": 0.0091989618641540004, "common_window_persistence": 0.081576020887328404, "weekend_common_ratio": 0.76926525378177713, "volume_band": "medium", "cluster": 4, "Station": "Manor Park", "mode_label": "EZL", "tot_entry": 3684.246548029093, "tot_exit": 12881.114020358606, "easting": 541975.0, "northing": 185732.0, "lon": 0.04638, "lat": 51.55262, "coord_source": "naptan_rse_tmu", "catchment_area_m2": 1311815.394198386, "station_in_lnwc_extent": true }, "geometry": { "type": "Polygon", "coordinates": [ [ [ 0.057820316745194, 51.551712903854323 ], [ 0.057622793264409, 51.55101800888955 ], [ 0.057316977061144, 51.550338529303346 ], [ 0.056905817651096, 51.549681007980247 ], [ 0.056393278442559, 51.549051776092568 ], [ 0.055784298423871, 51.548456892170726 ], [ 0.055325071002742, 51.548092686092673 ], [ 0.035673232071998, 51.55374897561304 ], [ 0.035556951347731, 51.555091093234097 ], [ 0.035846518490521, 51.555554509334172 ], [ 0.03635885224909, 51.556183832649324 ], [ 0.036967687673659, 51.556778818332447 ], [ 0.037667163431142, 51.557333734880736 ], [ 0.038450544315947, 51.557843236586365 ], [ 0.039310286070214, 51.55830241507838 ], [ 0.040238108034113, 51.558706846654324 ], [ 0.04122507292674, 51.559052634942773 ], [ 0.042261672988024, 51.559336448484459 ], [ 0.043337921649272, 51.559555552866939 ], [ 0.044443449845516, 51.559707837102181 ], [ 0.045567606036831, 51.559791833990879 ], [ 0.046699558969179, 51.55980673427608 ], [ 0.047828402178172, 51.559752394449333 ], [ 0.048943259221904, 51.559629338132936 ], [ 0.050033388621801, 51.559438751025716 ], [ 0.05108828749334, 51.559182469461106 ], [ 0.052097792861544, 51.558862962688508 ], [ 0.053052179679084, 51.55848330905016 ], [ 0.053942254597525, 51.558047166284197 ], [ 0.054759444584269, 51.557558736242434 ], [ 0.055495879528715, 51.557022724364195 ], [ 0.056144468040407, 51.556444294299254 ], [ 0.056698965709038, 51.555829018118935 ], [ 0.05715403517026, 51.555182822597423 ], [ 0.05750529740154, 51.554511932082683 ], [ 0.057749373758185, 51.553822808508997 ], [ 0.057883918349925, 51.553122089130881 ], [ 0.057907640452474, 51.552416522578845 ], [ 0.057820316745194, 51.551712903854323 ] ] ] } },
{ "type": "Feature", "properties": { "NLC": 6886, "total_activity": 57167.522754412799, "log_total_activity": 10.953758724400169, "direction_balance": -0.5280340501028461, "post_2300_share": 0.12944759068017461, "midnight_share_common_window": 0.044201892664866703, "night_tube_extension_share": 0.012679764278700699, "post_0100_share": 0.0090158727761378999, "common_window_persistence": 0.0664707999461914, "weekend_common_ratio": 0.79044624332408198, "volume_band": "high", "cluster": 4, "Station": "Romford", "mode_label": "EZL,LO", "tot_entry": 13490.5620900268, "tot_exit": 43676.960664386017, "easting": 551383.0, "northing": 188474.5, "lon": 0.18315, "lat": 51.574815, "coord_source": "naptan_rse_tmu", "catchment_area_m2": 2007391.0339494327, "station_in_lnwc_extent": true }, "geometry": { "type": "Polygon", "coordinates": [ [ [ 0.194596119125455, 51.5738967951878 ], [ 0.194396410417998, 51.573202159224621 ], [ 0.194088406748559, 51.572523064926479 ], [ 0.193675078691393, 51.571866051458471 ], [ 0.193160410527422, 51.571237445094027 ], [ 0.192549361731134, 51.570643298332811 ], [ 0.191847819095329, 51.570089331662601 ], [ 0.191062539959108, 51.569580878524398 ], [ 0.190201087088847, 51.569122834008468 ], [ 0.189271755840913, 51.568719607772991 ], [ 0.188283494307733, 51.568375081636709 ], [ 0.187245817214865, 51.568092572251302 ], [ 0.186168714395567, 51.567874799210976 ], [ 0.185062554720167, 51.5677238589046 ], [ 0.183937986400219, 51.567641204360278 ], [ 0.18280583462132, 51.567627631275201 ], [ 0.181676997483535, 51.567683270364775 ], [ 0.180562341244135, 51.567807586103591 ], [ 0.179472595863986, 51.567999381871097 ], [ 0.178418251856043, 51.568256811452265 ], [ 0.177409459422315, 51.568577396783844 ], [ 0.176455930844279, 51.5689580517762 ], [ 0.175566847061302, 51.569395111983276 ], [ 0.174750769332451, 51.569884369836814 ], [ 0.174015556829359, 51.570421115107642 ], [ 0.173368290952151, 51.571000180206504 ], [ 0.172815207097155, 51.571615989890887 ], [ 0.172361634534814, 51.572262614901106 ], [ 0.172011944979561, 51.572933829011497 ], [ 0.171769510351032, 51.573623168948906 ], [ 0.171636670138646, 51.57432399660366 ], [ 0.171614708690069, 51.575029562934596 ], [ 0.171703842649224, 51.575733072953931 ], [ 0.171903218672248, 51.576427751166769 ], [ 0.172210921450991, 51.577106906834473 ], [ 0.172623991974251, 51.577763998433547 ], [ 0.173138455857994, 51.57839269668802 ], [ 0.173749361478106, 51.578986945566974 ], [ 0.174450827543967, 51.579541020658283 ], [ 0.175236099659018, 51.580049584354391 ], [ 0.176097615326707, 51.58050773731636 ], [ 0.177027076777393, 51.58091106571846 ], [ 0.178015530915035, 51.581255683815769 ], [ 0.179053455612394, 51.581538271422609 ], [ 0.18013085152091, 51.581756105938751 ], [ 0.181237338507, 51.58190708861283 ], [ 0.182362255780743, 51.581989764788609 ], [ 0.183494764746441, 51.582003337937564 ], [ 0.184623953577541, 51.581947677341894 ], [ 0.185738942501392, 51.581823319353425 ], [ 0.18682898877225, 51.581631462216357 ], [ 0.1878835903141, 51.581373954504123 ], [ 0.188892587028047, 51.5810532772825 ], [ 0.189846258782242, 51.580672520172421 ], [ 0.190735419135138, 51.580235351544253 ], [ 0.19155150388513, 51.579745983132788 ], [ 0.192286653590772, 51.579209129415936 ], [ 0.192933789265207, 51.578629962150444 ], [ 0.193486680515728, 51.578014060505026 ], [ 0.193940005473576, 51.577367357273374 ], [ 0.19428940193962, 51.576696081687203 ], [ 0.194531509257477, 51.576006699382056 ], [ 0.194664000516093, 51.575305850095859 ], [ 0.194685604777898, 51.574600283701045 ], [ 0.194596119125455, 51.5738967951878 ] ] ] } },
{ "type": "Feature", "properties": { "NLC": 6893, "total_activity": 15597.870787761569, "log_total_activity": 9.6549538052177795, "direction_balance": -0.58615492287601523, "post_2300_share": 0.13976797418261139, "midnight_share_common_window": 0.048199750251246898, "night_tube_extension_share": 0.011968355794160199, "post_0100_share": 0.0094336110732614002, "common_window_persistence": 0.0749778224407118, "weekend_common_ratio": 0.69860623964478175, "volume_band": "medium", "cluster": 4, "Station": "Seven Kings", "mode_label": "EZL", "tot_entry": 3227.5510195655693, "tot_exit": 12370.319768196005, "easting": 545462.5, "northing": 187083.0, "lon": 0.097205, "lat": 51.56387, "coord_source": "naptan_rse_tmu", "catchment_area_m2": 1656596.9000376009, "station_in_lnwc_extent": true }, "geometry": { "type": "Polygon", "coordinates": [ [ [ 0.105121771472588, 51.55864093218706 ], [ 0.104261374368395, 51.558182243731309 ], [ 0.103333009973624, 51.557778324901925 ], [ 0.102345617085365, 51.557433064186128 ], [ 0.101308702078817, 51.557149785307239 ], [ 0.100232247461677, 51.55693121526641 ], [ 0.099126615873546, 51.55677945812343 ], [ 0.098002450449623, 51.556695974767663 ], [ 0.096870572502064, 51.556681568872442 ], [ 0.095741877497438, 51.556736379167482 ], [ 0.0946272303247, 51.556859878102991 ], [ 0.093537360854731, 51.55705087691878 ], [ 0.092482760789801, 51.557307537069384 ], [ 0.091473582789308, 51.55762738789673 ], [ 0.090519542836844, 51.558007350380805 ], [ 0.0896298267834, 51.558443766741739 ], [ 0.088813001962374, 51.558932435609918 ], [ 0.088076934724506, 51.55946865242754 ], [ 0.087428714685275, 51.560047254695114 ], [ 0.086874586414117, 51.560662671629004 ], [ 0.086419889224596, 51.561308977754678 ], [ 0.086069005648159, 51.561979949921181 ], [ 0.08582531909169, 51.562669127190055 ], [ 0.085691181091924, 51.563369873023518 ], [ 0.085667888488249, 51.564075439174196 ], [ 0.085755670740674, 51.56477903066213 ], [ 0.085953687522498, 51.56547387121396 ], [ 0.086260036618466, 51.566153268533576 ], [ 0.086671772059813, 51.566810678775724 ], [ 0.087184932328661, 51.567439769600611 ], [ 0.087794578366528, 51.568034481200662 ], [ 0.088473648126669, 51.568572300334523 ], [ 0.098651995141927, 51.571003723739246 ], [ 0.098661176459647, 51.57100327781054 ], [ 0.099776156502389, 51.570879737036911 ], [ 0.100866327261871, 51.570688677233647 ], [ 0.101741301563481, 51.57047572142082 ], [ 0.105795468531057, 51.559078276325373 ], [ 0.105121771472588, 51.55864093218706 ] ] ] } },
{ "type": "Feature", "properties": { "NLC": 6913, "total_activity": 6723.9152095941954, "log_total_activity": 8.8135745961517742, "direction_balance": -0.46147680168421612, "post_2300_share": 0.066301734964147305, "midnight_share_common_window": 0.016962006962759301, "night_tube_extension_share": 0.0, "post_0100_share": 0.0, "common_window_persistence": 0.0224874937572597, "weekend_common_ratio": 0.69907502398281818, "volume_band": "low", "cluster": 0, "Station": "Bush Hill Park", "mode_label": "LO", "tot_entry": 1810.4921619374047, "tot_exit": 4913.4230476567891, "easting": 533694.0, "northing": 195397.5, "lon": -0.06931, "lat": 51.641495, "coord_source": "naptan_rse_tmu", "catchment_area_m2": 1922554.8150219461, "station_in_lnwc_extent": true }, "geometry": { "type": "Polygon", "coordinates": [ [ [ -0.057840301988359, 51.64060152624085 ], [ -0.058036486751746, 51.639906432369607 ], [ -0.058341217174709, 51.639226649480229 ], [ -0.05875155416444, 51.638568723382576 ], [ -0.059263542199076, 51.637938989149731 ], [ -0.059872247565605, 51.63734351015065 ], [ -0.060571805988941, 51.636788019707247 ], [ -0.061355479189023, 51.636277865935611 ], [ -0.062215719818216, 51.635817960300777 ], [ -0.063144244151914, 51.635412730377816 ], [ -0.064132111832102, 51.635066077272135 ], [ -0.065169811897196, 51.634781338106464 ], [ -0.066247354272344, 51.63456125393401 ], [ -0.067354365843163, 51.634407943384147 ], [ -0.068480190192871, 51.634322882293802 ], [ -0.06961399004853, 51.634306889518122 ], [ -0.070744851456691, 51.63436011905732 ], [ -0.071861888692614, 51.634482058574157 ], [ -0.07295434890032, 51.634671534316915 ], [ -0.074011715463232, 51.634926722400451 ], [ -0.075023809117006, 51.635245166337796 ], [ -0.075980885837217, 51.635623800654763 ], [ -0.076873730564733, 51.636058980361597 ], [ -0.07769374587055, 51.636546515999925 ], [ -0.078433034709339, 51.637081713929668 ], [ -0.079084476466446, 51.637659421470033 ], [ -0.079641795566193, 51.638274076462487 ], [ -0.080099621979511, 51.638919760780404 ], [ -0.080453543045465, 51.639590257272616 ], [ -0.080700146103605, 51.640279109593898 ], [ -0.080837051521307, 51.640979684348551 ], [ -0.080862935791878, 51.641685234949357 ], [ -0.080777544474001, 51.642388966578203 ], [ -0.080581694840502, 51.643084101623039 ], [ -0.080277268203278, 51.643763944961243 ], [ -0.079867191980826, 51.644421948459936 ], [ -0.079355411673866, 51.645051774071561 ], [ -0.079041354899778, 51.645359135814438 ], [ -0.070334711320496, 51.648653809231575 ], [ -0.070137407339232, 51.64866871501539 ], [ -0.069003249011531, 51.648684709113212 ], [ -0.067872034008162, 51.648631459257921 ], [ -0.06675466164233, 51.648509478567469 ], [ -0.065661897648871, 51.648319942375863 ], [ -0.064604270318679, 51.648064676891309 ], [ -0.064072195884445, 51.647897253586976 ], [ -0.057868847536404, 51.642466197527469 ], [ -0.057780082873855, 51.642010789476544 ], [ -0.057754557075298, 51.641305237553595 ], [ -0.057840301988359, 51.64060152624085 ] ] ] } },
{ "type": "Feature", "properties": { "NLC": 6914, "total_activity": 8557.9774203300003, "log_total_activity": 9.0547360017580232, "direction_balance": -0.61578529618588207, "post_2300_share": 0.098614613023535705, "midnight_share_common_window": 0.029679261961253901, "night_tube_extension_share": 0.018508555482904102, "post_0100_share": 0.0093029998958479992, "common_window_persistence": 0.040254022462308199, "weekend_common_ratio": 0.47753312548818527, "volume_band": "medium", "cluster": 0, "Station": "Chingford", "mode_label": "LO", "tot_entry": 1644.0503799000007, "tot_exit": 6913.9270404300014, "easting": 539213.0, "northing": 194655.0, "lon": 0.0101, "lat": 51.63349, "coord_source": "naptan_rse_tmu", "catchment_area_m2": 2007391.0339494327, "station_in_lnwc_extent": true }, "geometry": { "type": "Polygon", "coordinates": [ [ [ 0.021567254495593, 51.632584121215309 ], [ 0.021369897148082, 51.631889172058351 ], [ 0.021064042075457, 51.631209606828811 ], [ 0.02065263919168, 51.630551969235803 ], [ 0.020139654271923, 51.629922591570129 ], [ 0.01953003061636, 51.62932753376392 ], [ 0.018829641329291, 51.628772525080798 ], [ 0.018045232677549, 51.628262908996433 ], [ 0.017184359076775, 51.627803591797878 ], [ 0.016255310333294, 51.627398995394621 ], [ 0.015267031842541, 51.62705301479334 ], [ 0.014229038511197, 51.626768980643568 ], [ 0.013151323229325, 51.626549627212995 ], [ 0.012044260769879, 51.626397066098463 ], [ 0.010918508035839, 51.626312765924702 ], [ 0.009784901609446, 51.626297538224478 ], [ 0.008654353583246, 51.626351529635542 ], [ 0.00753774666871, 51.626474220488944 ], [ 0.006445829585027, 51.626664429802311 ], [ 0.005389113728012, 51.626920326630405 ], [ 0.004377772107178, 51.627239447664422 ], [ 0.003421541517834, 51.627618720912366 ], [ 0.002529628884818, 51.628054495233094 ], [ 0.001710622675449, 51.628542575442658 ], [ 0.000972410231703, 51.629078262656165 ], [ 0.000322101816111, 51.62965639947943 ], [ -0.000234037897404, 51.630271419617252 ], [ -0.00069065022666, 51.630917401423098 ], [ -0.001043334193902, 51.6315881248766 ], [ -0.001288689045979, 51.632277131441946 ], [ -0.001424347167276, 51.632977786232608 ], [ -0.001448997062235, 51.633683341885011 ], [ -0.001362396179166, 51.634387003526662 ], [ -0.001165373444435, 51.63508199421404 ], [ -0.000859821474984, 51.635761620209664 ], [ -0.000448678536697, 51.636419335469149 ], [ 0.00006409958482, 51.637048804717061 ], [ 0.00067357753653, 51.637643964501777 ], [ 0.001373887813454, 51.638199081640749 ], [ 0.002158287185071, 51.638708808490343 ], [ 0.003019221592379, 51.639168234506911 ], [ 0.003948398892287, 51.63957293359914 ], [ 0.004936868749012, 51.639919006814061 ], [ 0.005975108901787, 51.640203119943045 ], [ 0.00705311697534, 51.6404225356833 ], [ 0.008160506944897, 51.640575140043453 ], [ 0.009286609321446, 51.640659462736849 ], [ 0.010420574086178, 51.640674691365341 ], [ 0.011551475375807, 51.640620679255449 ], [ 0.012668416903143, 51.640497946871591 ], [ 0.013760637090014, 51.640307676792119 ], [ 0.014817612892519, 51.640051702297576 ], [ 0.015829161311584, 51.6397324896813 ], [ 0.016785537604763, 51.639353114454842 ], [ 0.017677529247901, 51.638917231678285 ], [ 0.018496544737365, 51.638429040703464 ], [ 0.019234696374555, 51.637893244671929 ], [ 0.019884876233698, 51.637315005159707 ], [ 0.020440824581228, 51.636699892408267 ], [ 0.020897190089051, 51.636053831623187 ], [ 0.021249581264621, 51.63538304586001 ], [ 0.021494608606605, 51.634693996049073 ], [ 0.021629917085419, 51.633993318738774 ], [ 0.021654208642065, 51.633287762158155 ], [ 0.021567254495593, 51.632584121215309 ] ] ] } },
{ "type": "Feature", "properties": { "NLC": 6919, "total_activity": 9417.7439998898553, "log_total_activity": 9.1504570253357045, "direction_balance": -0.62145953349513383, "post_2300_share": 0.1117393954851313, "midnight_share_common_window": 0.032300612014620998, "night_tube_extension_share": 0.020458021700653001, "post_0100_share": 0.010331765246920499, "common_window_persistence": 0.045135912117271498, "weekend_common_ratio": 0.62038559476178867, "volume_band": "medium", "cluster": 0, "Station": "Highams Park", "mode_label": "LO", "tot_entry": 1782.498603570855, "tot_exit": 7635.2453963190001, "easting": 538553.66666666663, "northing": 191823.0, "lon": -0.00053666666666659995, "lat": 51.6082, "coord_source": "naptan_rse_tmu", "catchment_area_m2": 2007391.0339494327, "station_in_lnwc_extent": true }, "geometry": { "type": "Polygon", "coordinates": [ [ [ 0.010921648468965, 51.607300076539985 ], [ 0.010724573712958, 51.606605103728043 ], [ 0.010419057412912, 51.605925504456067 ], [ 0.010008046214888, 51.605267822762379 ], [ 0.00949550211778, 51.604638391364034 ], [ 0.008886364173641, 51.604043270712268 ], [ 0.008186500807811, 51.603488190677538 ], [ 0.007402653222456, 51.602978495424274 ], [ 0.006542370431582, 51.602519092003426 ], [ 0.005613936554889, 51.602114403156143 ], [ 0.004626291070824, 51.601768324780501 ], [ 0.003588942795532, 51.601484188468504 ], [ 0.002511878413432, 51.601264729472206 ], [ 0.001405466436231, 51.60111206040542 ], [ 0.000280357510088, 51.601027650932394 ], [ -0.000852617975202, 51.60101231363813 ], [ -0.001982553995818, 51.601066196215129 ], [ -0.003098573727134, 51.601188780041603 ], [ -0.004189934098518, 51.601378885164713 ], [ -0.005246129070259, 51.601634681641222 ], [ -0.006256990645122, 51.601953707127258 ], [ -0.007212786648135, 51.602332890549384 ], [ -0.00810431433847, 51.602768581629896 ], [ -0.008922988956243, 51.603256585984951 ], [ -0.009660926354624, 51.603792205458696 ], [ -0.010311018923108, 51.604370283307958 ], [ -0.010867004071007, 51.604985253804436 ], [ -0.011323524610352, 51.605631195778848 ], [ -0.011676180453971, 51.606301889593858 ], [ -0.011921571126837, 51.606990876998822 ], [ -0.012057328676036, 51.607691523291869 ], [ -0.012082140656252, 51.608397081191562 ], [ -0.011995762962416, 51.609100755804562 ], [ -0.011799022378563, 51.609795770063343 ], [ -0.011493808810723, 51.610475430004598 ], [ -0.011083057271128, 51.611133189258474 ], [ -0.010570719780143, 51.611762712127344 ], [ -0.009961727450064, 51.612357934644827 ], [ -0.009261943110367, 51.612913123025749 ], [ -0.00847810492628, 51.613422928942121 ], [ -0.007617761550527, 51.61388244109019 ], [ -0.006689199431048, 51.614287232550467 ], [ -0.005701362974586, 51.614633403481562 ], [ -0.004663768336249, 51.614917618734587 ], [ -0.00358641166805, 51.615137140023847 ], [ -0.002479672714086, 51.615289852341654 ], [ -0.001354214686049, 51.6153742843616 ], [ -0.000220881389529, 51.615389622632279 ], [ 0.000909407401168, 51.615335719423626 ], [ 0.002025761304658, 51.615213094150292 ], [ 0.003117424408259, 51.615022928357888 ], [ 0.004173879038431, 51.614767054321206 ], [ 0.005184947219409, 51.614447937364609 ], [ 0.006140888836465, 51.614068652076796 ], [ 0.007032495552907, 51.613632852650042 ], [ 0.007851179571922, 51.613144737631927 ], [ 0.008589056385399, 51.612609009430969 ], [ 0.009239020711075, 51.612030828968685 ], [ 0.009794814886566, 51.611415765916767 ], [ 0.010251089062865, 51.610769745001328 ], [ 0.010603452620392, 51.610098988893377 ], [ 0.010848516316512, 51.609409958237407 ], [ 0.010983924763844, 51.608709289397439 ], [ 0.011008378932858, 51.608003730521339 ], [ 0.010921648468965, 51.607300076539985 ] ] ] } },
{ "type": "Feature", "properties": { "NLC": 6926, "total_activity": 8449.3651930432443, "log_total_activity": 9.0419649375289701, "direction_balance": -0.39384397830225532, "post_2300_share": 0.11134882059990391, "midnight_share_common_window": 0.030419727246968599, "night_tube_extension_share": 0.010946462110928701, "post_0100_share": 0.0064058918125468999, "common_window_persistence": 0.0443431650085475, "weekend_common_ratio": 0.60444020370594032, "volume_band": "medium", "cluster": 0, "Station": "Clapton", "mode_label": "LO", "tot_entry": 2560.8167956432449, "tot_exit": 5888.5483974000008, "easting": 534768.0, "northing": 186518.0, "lon": -0.05721, "lat": 51.56145, "coord_source": "naptan_rse_tmu", "catchment_area_m2": 1580209.6509818223, "station_in_lnwc_extent": true }, "geometry": { "type": "Polygon", "coordinates": [ [ [ -0.045758050421889, 51.5605521451794 ], [ -0.045954041347523, 51.559857060830517 ], [ -0.046258383552973, 51.559177296794502 ], [ -0.046668141705576, 51.558519398701272 ], [ -0.047179365876884, 51.557889701356665 ], [ -0.047787129725981, 51.55729426777765 ], [ -0.04848557805696, 51.556738830852424 ], [ -0.049267983288128, 51.556228738185951 ], [ -0.050126810286087, 51.555768900659295 ], [ -0.051053788938591, 51.555363745196303 ], [ -0.052039993767079, 51.555017172189892 ], [ -0.053075929813463, 51.554732517995795 ], [ -0.054151623976715, 51.554512522852782 ], [ -0.054507014232051, 51.554463250332276 ], [ -0.059624018460059, 51.555005113129162 ], [ -0.065124408239979, 51.563438724249174 ], [ -0.062339891503106, 51.567886663244671 ], [ -0.061337363517024, 51.568162148630208 ], [ -0.060261378276173, 51.568382206183593 ], [ -0.05915595553151, 51.568535467927248 ], [ -0.058031745801921, 51.568620457240947 ], [ -0.056899580855284, 51.568636355302964 ], [ -0.055770369199832, 51.568583008988206 ], [ -0.054654990831559, 51.568460932343754 ], [ -0.053564192258916, 51.568271301626957 ], [ -0.052508482823303, 51.56801594395467 ], [ -0.051498033320909, 51.567697319673719 ], [ -0.05054257790871, 51.567318498623486 ], [ -0.049651320244838, 51.566883130521312 ], [ -0.048832844771626, 51.566395409757369 ], [ -0.048095033998841, 51.565860034940535 ], [ -0.047444992585375, 51.565282163587 ], [ -0.04688897895075, 51.564667362390466 ], [ -0.046432345073741, 51.564021553555094 ], [ -0.046079485055208, 51.563350957710242 ], [ -0.045833792936382, 51.562662033958688 ], [ -0.045697630173677, 51.561961417637377 ], [ -0.045672303076991, 51.561255856391767 ], [ -0.045758050421889, 51.5605521451794 ] ] ] } },
{ "type": "Feature", "properties": { "NLC": 6934, "total_activity": 8202.635105333924, "log_total_activity": 9.0123326405500084, "direction_balance": -0.2244337916763898, "post_2300_share": 0.082764940546052296, "midnight_share_common_window": 0.0149129138362175, "night_tube_extension_share": 0.0013686123614636001, "post_0100_share": 0.00060947173487809999, "common_window_persistence": 0.020946958631134299, "weekend_common_ratio": 0.71914244972184871, "volume_band": "low", "cluster": 2, "Station": "Stoke Newington", "mode_label": "LO", "tot_entry": 3180.8433034529839, "tot_exit": 5021.7918018809405, "easting": 533654.0, "northing": 186919.0, "lon": -0.07311, "lat": 51.56532, "coord_source": "naptan_rse_tmu", "catchment_area_m2": 1337159.4495102444, "station_in_lnwc_extent": true }, "geometry": { "type": "Polygon", "coordinates": [ [ [ -0.080666375052454, 51.559878471475926 ], [ -0.08148508190123, 51.560365972942776 ], [ -0.082223203258751, 51.560901141339905 ], [ -0.082873629758217, 51.561478824266743 ], [ -0.08343009561006, 51.562093459797758 ], [ -0.083887239015007, 51.562739129990199 ], [ -0.084240653905861, 51.563409617825833 ], [ -0.084486932515737, 51.564098467040481 ], [ -0.084623698357551, 51.564799044266721 ], [ -0.084649629291037, 51.565504602892766 ], [ -0.084564470448163, 51.566208348023288 ], [ -0.084369036885151, 51.566903501917167 ], [ -0.084065205927891, 51.567583369271901 ], [ -0.083655899277043, 51.568241401725857 ], [ -0.083384485235022, 51.568576051512224 ], [ -0.066439036220479, 51.571181109273091 ], [ -0.065561157009545, 51.570752503853477 ], [ -0.064742439854928, 51.570264891905929 ], [ -0.064004378016746, 51.569729614892005 ], [ -0.063354078574504, 51.569151829386435 ], [ -0.062797802435027, 51.568537101256808 ], [ -0.06234090410705, 51.567891352004366 ], [ -0.062339100349541, 51.567887926883436 ], [ -0.065124408239979, 51.563438724249174 ], [ -0.079986904597435, 51.559546788981741 ], [ -0.080666375052454, 51.559878471475926 ] ] ] } },
{ "type": "Feature", "properties": { "NLC": 6941, "total_activity": 14804.520309985972, "log_total_activity": 9.6027553841252384, "direction_balance": -0.47509093452164508, "post_2300_share": 0.072183673023125602, "midnight_share_common_window": 0.017910785440697199, "night_tube_extension_share": 0.0, "post_0100_share": 0.0, "common_window_persistence": 0.024669828222994801, "weekend_common_ratio": 0.69511648945091364, "volume_band": "medium", "cluster": 0, "Station": "Edmonton Green", "mode_label": "LO", "tot_entry": 3885.5134603850311, "tot_exit": 10919.006849600935, "easting": 534327.0, "northing": 193570.0, "lon": -0.06087, "lat": 51.62492, "coord_source": "naptan_rse_tmu", "catchment_area_m2": 1870721.0954282423, "station_in_lnwc_extent": true }, "geometry": { "type": "Polygon", "coordinates": [ [ [ -0.049402996117997, 51.624027948211541 ], [ -0.049599231168523, 51.623332867180984 ], [ -0.049903969409563, 51.622653104532915 ], [ -0.05031427167804, 51.621995205882278 ], [ -0.050826182791152, 51.621365506038039 ], [ -0.051434769780833, 51.620770068038418 ], [ -0.052134169515491, 51.620214624810991 ], [ -0.05291764524597, 51.619704524018012 ], [ -0.053777651528099, 51.619244676615182 ], [ -0.054705906894897, 51.618839509617828 ], [ -0.055693473578373, 51.618492923526404 ], [ -0.056730843514423, 51.618208254819478 ], [ -0.057033469201305, 51.618146445966374 ], [ -0.071028444427718, 51.62151607063057 ], [ -0.071196910513539, 51.62170198200802 ], [ -0.071654455516185, 51.622347698035981 ], [ -0.072008128861874, 51.623018219173709 ], [ -0.07225452027894, 51.623707088837548 ], [ -0.07239125217683, 51.62440767346385 ], [ -0.072417002724398, 51.6251132263695 ], [ -0.07233151877304, 51.625816952713571 ], [ -0.072135618492823, 51.626512074934439 ], [ -0.071831183688583, 51.627191898032741 ], [ -0.071421141862491, 51.627849874070499 ], [ -0.070909438188695, 51.628479665264805 ], [ -0.070300997663484, 51.629075205066954 ], [ -0.069601677789902, 51.629630756637042 ], [ -0.068818212248085, 51.630140968149377 ], [ -0.06795814609066, 51.63060092439332 ], [ -0.067029763085579, 51.631006194170872 ], [ -0.066042005905902, 51.631352873031744 ], [ -0.065004389936392, 51.631637620932381 ], [ -0.06392691152974, 51.63185769445365 ], [ -0.062819951599996, 51.632010973265629 ], [ -0.061694175486903, 51.632095980581909 ], [ -0.060560430061709, 51.632111897406212 ], [ -0.059429639072376, 51.632058570432392 ], [ -0.058312697743486, 51.631936513521524 ], [ -0.057220367653574, 51.631746902741924 ], [ -0.056163172909775, 51.631491565020085 ], [ -0.055151298626851, 51.631172960512941 ], [ -0.054194492694737, 51.630794158872263 ], [ -0.053301971786206, 51.630358809631588 ], [ -0.052482332514267, 51.629871107002948 ], [ -0.051743468597984, 51.629335749424172 ], [ -0.051092494836173, 51.628757894249084 ], [ -0.050535678621349, 51.628143108019067 ], [ -0.050078379652165, 51.627497312797402 ], [ -0.049724998422258, 51.626826729085209 ], [ -0.049478933977448, 51.62613781587072 ], [ -0.049342551342929, 51.625437208391283 ], [ -0.049317158927854, 51.624731654208219 ], [ -0.049402996117997, 51.624027948211541 ] ] ] } },
{ "type": "Feature", "properties": { "NLC": 6947, "total_activity": 4495.04661817946, "log_total_activity": 8.4109537603319282, "direction_balance": -0.387660602658286, "post_2300_share": 0.087836706388902799, "midnight_share_common_window": 0.017467572042373199, "night_tube_extension_share": 0.0, "post_0100_share": 0.0, "common_window_persistence": 0.025663730627734301, "weekend_common_ratio": 0.65653924430673227, "volume_band": "low", "cluster": 2, "Station": "Southbury", "mode_label": "LO", "tot_entry": 1376.2470685994606, "tot_exit": 3118.799549580001, "easting": 534826.0, "northing": 196248.0, "lon": -0.05263, "lat": 51.64887, "coord_source": "naptan_rse_tmu", "catchment_area_m2": 1961604.3229829525, "station_in_lnwc_extent": true }, "geometry": { "type": "Polygon", "coordinates": [ [ [ -0.041162302036576, 51.64797252672691 ], [ -0.041358776058093, 51.647277464567033 ], [ -0.041663807231976, 51.646597728917335 ], [ -0.042074453568792, 51.645939865131496 ], [ -0.042586756568011, 51.645310207681355 ], [ -0.043195779484579, 51.6447148191954 ], [ -0.043895654987143, 51.644159432122954 ], [ -0.044679641744514, 51.643649393583921 ], [ -0.045540189392352, 51.643189613933089 ], [ -0.046469011252709, 51.642784519532022 ], [ -0.047457164105895, 51.64243801018101 ], [ -0.048495134247746, 51.642153421618616 ], [ -0.049572929006186, 51.641933493448093 ], [ -0.05068017283983, 51.641780342797254 ], [ -0.051806207098362, 51.641695443963876 ], [ -0.052940192490146, 51.641679614241653 ], [ -0.054071213277222, 51.641733006061614 ], [ -0.055188382201606, 51.641855105524911 ], [ -0.056280945140056, 51.642044737340726 ], [ -0.057338384486875, 51.642300076122055 ], [ -0.057870368302331, 51.642467529161138 ], [ -0.064073717011864, 51.647898585142869 ], [ -0.064162554810861, 51.64835398877193 ], [ -0.064188181191848, 51.64905953956653 ], [ -0.06410251501102, 51.649763255404793 ], [ -0.063906376186611, 51.650458358825517 ], [ -0.063601648814618, 51.651138155009363 ], [ -0.063191263209541, 51.651796096276342 ], [ -0.062679167852133, 51.652425845177063 ], [ -0.062070291507889, 51.653021335568688 ], [ -0.06137049587547, 51.653576831085665 ], [ -0.060586519216699, 51.65408698044066 ], [ -0.059725911507829, 51.654546869020251 ], [ -0.058796961734922, 51.654952066276813 ], [ -0.057808618033269, 51.655298668457441 ], [ -0.056770401441238, 51.6555833362561 ], [ -0.055692314101844, 51.655803327024557 ], [ -0.054584742800195, 51.655956521229413 ], [ -0.053458358771023, 51.656041442899095 ], [ -0.052324014747448, 51.65605727386238 ], [ -0.051192640249458, 51.6560038616405 ], [ -0.050075136127945, 51.655881720916348 ], [ -0.048982269387593, 51.655692028566385 ], [ -0.047924569309034, 51.655436612303902 ], [ -0.046912225877848, 51.655117933043563 ], [ -0.045954991505041, 51.654739061158487 ], [ -0.045062086991053, 51.654303646860257 ], [ -0.044242112643352, 51.653815884988845 ], [ -0.043502965406663, 51.65328047455403 ], [ -0.042851762805655, 51.65270257341993 ], [ -0.042294774432731, 51.652087748571638 ], [ -0.041837361639446, 51.651441922445187 ], [ -0.041483926009618, 51.650771315839961 ], [ -0.041237867106269, 51.650082387965014 ], [ -0.041101549894084, 51.649381774198908 ], [ -0.041076282144858, 51.648676222163239 ], [ -0.041162302036576, 51.64797252672691 ] ] ] } },
{ "type": "Feature", "properties": { "NLC": 6952, "total_activity": 4520.0131777631241, "log_total_activity": 8.4164914020798118, "direction_balance": -0.49349407619354801, "post_2300_share": 0.10805559808057261, "midnight_share_common_window": 0.029326883258744101, "night_tube_extension_share": 0.0, "post_0100_share": 0.0, "common_window_persistence": 0.044778318271736998, "weekend_common_ratio": 0.64018577370498009, "volume_band": "low", "cluster": 0, "Station": "Turkey Street", "mode_label": "LO", "tot_entry": 1144.7067251101239, "tot_exit": 3375.3064526530002, "easting": 535140.0, "northing": 198897.0, "lon": -0.04707, "lat": 51.6726, "coord_source": "naptan_rse_tmu", "catchment_area_m2": 2007391.0339494327, "station_in_lnwc_extent": true }, "geometry": { "type": "Polygon", "coordinates": [ [ [ -0.03559750794877, 51.671700504661111 ], [ -0.035794179422828, 51.671005456446771 ], [ -0.036099462539662, 51.670325740404053 ], [ -0.036510412878022, 51.669667901696755 ], [ -0.037023069005213, 51.669038274554012 ], [ -0.037632490772088, 51.668442921311083 ], [ -0.038332807004168, 51.667887574076488 ], [ -0.039117272125203, 51.667377579585036 ], [ -0.039978331164759, 51.666917847766044 ], [ -0.040907692522085, 51.666512804519037 ], [ -0.041896407785312, 51.666166349150572 ], [ -0.042934957838584, 51.66588181687834 ], [ -0.044013344430563, 51.66566194676281 ], [ -0.045121186326547, 51.665508855372146 ], [ -0.046247819123437, 51.665424016433263 ], [ -0.047382397772483, 51.66540824666307 ], [ -0.048514000829445, 51.665461697915546 ], [ -0.049631735435589, 51.665583855720094 ], [ -0.050724842026113, 51.665773544224855 ], [ -0.051782797765124, 51.666028937497913 ], [ -0.052795417718143, 51.666347577078611 ], [ -0.053752952794252, 51.666726395610922 ], [ -0.054646183520172, 51.667161746333328 ], [ -0.055466508747607, 51.667649438142519 ], [ -0.056206028442697, 51.668184775896279 ], [ -0.056857619761925, 51.66876260556873 ], [ -0.057415005682115, 51.669377363826257 ], [ -0.057872815522267, 51.670023131548461 ], [ -0.058226636771693, 51.670693690781128 ], [ -0.058473057721272, 51.671382584574616 ], [ -0.058609700482017, 51.672083179133146 ], [ -0.058635244066777, 51.672788727677649 ], [ -0.0585494373058, 51.673492435408313 ], [ -0.058353101464358, 51.674187524941459 ], [ -0.058048122529556, 51.674867301590595 ], [ -0.057637433233098, 51.675525217862884 ], [ -0.057124984975986, 51.676154936548421 ], [ -0.056515709919037, 51.676750391794009 ], [ -0.055815473598748, 51.677305847571205 ], [ -0.0550310185204, 51.677815952973958 ], [ -0.054169899268494, 51.678275793810748 ], [ -0.053240409757705, 51.678680939992489 ], [ -0.052251503324765, 51.679027488256963 ], [ -0.051212706432079, 51.679312099816464 ], [ -0.05013402681688, 51.679532032563621 ], [ -0.049025856974588, 51.679685167523367 ], [ -0.047898873911102, 51.679770029294389 ], [ -0.046763936135717, 51.679785800282438 ], [ -0.045631978893698, 51.679732328586674 ], [ -0.044513908654916, 51.679610129463342 ], [ -0.04342049788235, 51.679420380352141 ], [ -0.042362281101434, 51.679164909514078 ], [ -0.041349453278344, 51.6788461783906 ], [ -0.040391771492327, 51.678467257855615 ], [ -0.039498460854642, 51.678031798590638 ], [ -0.038678125584545, 51.677543995870117 ], [ -0.037938666101832, 51.677008549098566 ], [ -0.037287202936088, 51.676430616491359 ], [ -0.036730008185622, 51.675815765337859 ], [ -0.036272445184887, 51.675169918328351 ], [ -0.035918916958673, 51.674499296464077 ], [ -0.035672823955381, 51.673810359101545 ], [ -0.03553653146121, 51.673109741710846 ], [ -0.035511347002764, 51.67240419194848 ], [ -0.03559750794877, 51.671700504661111 ] ] ] } },
{ "type": "Feature", "properties": { "NLC": 6954, "total_activity": 7724.9230212941702, "log_total_activity": 8.9523365795853618, "direction_balance": -0.54157037904409511, "post_2300_share": 0.1311080018572377, "midnight_share_common_window": 0.039479268833707698, "night_tube_extension_share": 0.019124585474392001, "post_0100_share": 0.010677991131927401, "common_window_persistence": 0.0583746100678844, "weekend_common_ratio": 0.70193172251491276, "volume_band": "low", "cluster": 0, "Station": "Wood Street", "mode_label": "LO", "tot_entry": 1770.6667662827151, "tot_exit": 5954.256255011459, "easting": 538476.0, "northing": 189400.0, "lon": -0.00261, "lat": 51.58645, "coord_source": "naptan_rse_tmu", "catchment_area_m2": 1940031.9065255865, "station_in_lnwc_extent": true }, "geometry": { "type": "Polygon", "coordinates": [ [ [ 0.008839829381048, 51.585546724223931 ], [ 0.008642889700006, 51.584851744125515 ], [ 0.008337559322465, 51.584172135147064 ], [ 0.007926783098671, 51.583514441421201 ], [ 0.007414520760144, 51.582884995781811 ], [ 0.006805708642007, 51.582289858818292 ], [ 0.006106212029421, 51.58173476055947 ], [ 0.005322768591436, 51.581225045346457 ], [ 0.004462923450091, 51.580765620423698 ], [ 0.003534956511732, 51.580360908740644 ], [ 0.002547802760587, 51.580014806416386 ], [ 0.001510966280898, 51.579730645274552 ], [ 0.000434428832925, 51.579511160807144 ], [ -0.000671446140799, 51.579358465873881 ], [ -0.001796013159705, 51.579274030388518 ], [ -0.002928447046468, 51.579258667186707 ], [ -0.004057846986685, 51.579312524210394 ], [ -0.005173341312167, 51.579435083083546 ], [ -0.006264192006313, 51.579625164093024 ], [ -0.007319897932606, 51.579880937527086 ], [ -0.008330295799137, 51.580199941262869 ], [ -0.009285657893257, 51.580579104435202 ], [ -0.010176785650609, 51.581014776960323 ], [ -0.010422397651432, 51.581161245459818 ], [ -0.013707643251169, 51.588403995560874 ], [ -0.013565114188842, 51.588721578986998 ], [ -0.013154597314527, 51.58937935020721 ], [ -0.012642541342972, 51.59000888724151 ], [ -0.012033874678732, 51.5906041259882 ], [ -0.011334457017255, 51.591159332506997 ], [ -0.010551022993543, 51.591669158296419 ], [ -0.00969111736785, 51.592128691862648 ], [ -0.008763022370896, 51.592533506081118 ], [ -0.007775677908131, 51.592879700892354 ], [ -0.006738595392736, 51.593163940918522 ], [ -0.005661766039986, 51.593383487636096 ], [ -0.004555564510149, 51.59353622579318 ], [ -0.003430648833168, 51.593620683814883 ], [ -0.002297857585098, 51.593636047999546 ], [ -0.001168105313541, 51.593582170367426 ], [ -0.000052277226585, 51.593459570086559 ], [ 0.001038875832905, 51.593269428461291 ], [ 0.00209484110868, 51.593013577532879 ], [ 0.003105445342174, 51.592694482402223 ], [ 0.004060952890173, 51.592315217446703 ], [ 0.004952159598611, 51.591879436661586 ], [ 0.00577048152405, 51.591391338413722 ], [ 0.006508037645345, 51.590855624948887 ], [ 0.007157725767226, 51.590277457045417 ], [ 0.007713290884641, 51.589662404252969 ], [ 0.008169385350781, 51.589016391197845 ], [ 0.008521620272057, 51.588345640474564 ], [ 0.008766607639171, 51.587656612675147 ], [ 0.008901992793778, 51.586955944135724 ], [ 0.008926476924274, 51.586250383001065 ], [ 0.008839829381048, 51.585546724223931 ] ] ] } },
{ "type": "Feature", "properties": { "NLC": 6956, "total_activity": 5701.23086474104, "log_total_activity": 8.6486127570326836, "direction_balance": -0.3738176191540778, "post_2300_share": 0.084911911417049499, "midnight_share_common_window": 0.018373775006073199, "night_tube_extension_share": 0.0, "post_0100_share": 0.0, "common_window_persistence": 0.0258194799393936, "weekend_common_ratio": 0.599181266136807, "volume_band": "low", "cluster": 0, "Station": "White Hart Lane", "mode_label": "LO", "tot_entry": 1785.0051583178999, "tot_exit": 3916.2257064231412, "easting": 533683.0, "northing": 191373.0, "lon": -0.071, "lat": 51.60533, "coord_source": "naptan_rse_tmu", "catchment_area_m2": 1674969.6588167679, "station_in_lnwc_extent": true }, "geometry": { "type": "Polygon", "coordinates": [ [ [ -0.059542705975929, 51.604439552161772 ], [ -0.059738694041229, 51.603744449492638 ], [ -0.060043142435594, 51.603064655431531 ], [ -0.060453114791289, 51.602406715897068 ], [ -0.060964659105719, 51.601776966093247 ], [ -0.061572845945157, 51.60118146954067 ], [ -0.062271816032369, 51.600625959732255 ], [ -0.063054836755429, 51.600115784972644 ], [ -0.063266097089989, 51.600002742657395 ], [ -0.077701812167745, 51.599477590908968 ], [ -0.078560747490052, 51.599896546805596 ], [ -0.079380139722189, 51.600384066997563 ], [ -0.080118872368335, 51.600919251604239 ], [ -0.080769830172333, 51.601496948071123 ], [ -0.081326742223321, 51.602111594344436 ], [ -0.081784242418281, 51.602757272379783 ], [ -0.082137921245527, 51.603427765085051 ], [ -0.082384368386437, 51.604116616150378 ], [ -0.082521205719896, 51.604817192191376 ], [ -0.082547110405464, 51.605522746608059 ], [ -0.082461827815997, 51.60622648454558 ], [ -0.08226617418779, 51.606921628331591 ], [ -0.081962028955086, 51.607601482760074 ], [ -0.081552316835291, 51.608259499592542 ], [ -0.081040979830278, 51.608889340654486 ], [ -0.080432939406989, 51.609484938918229 ], [ -0.079734049215969, 51.610040556982248 ], [ -0.078951038798774, 51.610550842381663 ], [ -0.078091448823246, 51.61101087919544 ], [ -0.077355797919525, 51.611332255331376 ], [ -0.060844936687503, 51.60874132102613 ], [ -0.06067586822491, 51.608554631586216 ], [ -0.060218613691176, 51.607908874380541 ], [ -0.059865226574343, 51.607238319106315 ], [ -0.05961910598277, 51.606549424477834 ], [ -0.059482617488461, 51.605848825553622 ], [ -0.059457070526168, 51.605143269813034 ], [ -0.059542705975929, 51.604439552161772 ] ] ] } },
{ "type": "Feature", "properties": { "NLC": 6958, "total_activity": 4637.6208597457471, "log_total_activity": 8.4421723725360831, "direction_balance": -0.28865508831850578, "post_2300_share": 0.1043058807766503, "midnight_share_common_window": 0.025616396327612902, "night_tube_extension_share": 0.0, "post_0100_share": 0.0, "common_window_persistence": 0.037895808601414997, "weekend_common_ratio": 0.76879454919957146, "volume_band": "low", "cluster": 4, "Station": "Bruce Grove", "mode_label": "LO", "tot_entry": 1649.4740004440466, "tot_exit": 2988.1468593016998, "easting": 533788.5, "northing": 190131.0, "lon": -0.06995, "lat": 51.59415, "coord_source": "naptan_rse_tmu", "catchment_area_m2": 1516524.0361904944, "station_in_lnwc_extent": true }, "geometry": { "type": "Polygon", "coordinates": [ [ [ -0.079067483800651, 51.589733406464958 ], [ -0.079718271923725, 51.590311108025979 ], [ -0.080275036805798, 51.590925758848115 ], [ -0.080732413762761, 51.591571440842671 ], [ -0.081085994471908, 51.592241936878835 ], [ -0.081332369562136, 51.592930790614204 ], [ -0.081469161609166, 51.593631368638363 ], [ -0.081495048211886, 51.594336924332019 ], [ -0.081409774920621, 51.595040662827884 ], [ -0.081214157885433, 51.595735806448275 ], [ -0.080910076191339, 51.596415659988942 ], [ -0.080500453946762, 51.597073675220138 ], [ -0.079989232290594, 51.597703513983234 ], [ -0.079381331581002, 51.598299109273135 ], [ -0.078682604124564, 51.59885472371748 ], [ -0.077899777896562, 51.59936500488687 ], [ -0.077688556213924, 51.599478073963596 ], [ -0.063252840873591, 51.600003224078087 ], [ -0.062394047490551, 51.599584157585596 ], [ -0.061574854572858, 51.599096520767255 ], [ -0.060836372140771, 51.598561221843504 ], [ -0.060185711322371, 51.597983417601611 ], [ -0.059629136501162, 51.597368674091086 ], [ -0.059172005057323, 51.596722912962612 ], [ -0.058818715878628, 51.596052354388057 ], [ -0.058572667132828, 51.595363457113102 ], [ -0.0585332010758, 51.595160811444437 ], [ -0.069107601166716, 51.588576747371178 ], [ -0.078691857914356, 51.589461208414363 ], [ -0.079067483800651, 51.589733406464958 ] ] ] } },
{ "type": "Feature", "properties": { "NLC": 6959, "total_activity": 8255.7005815871689, "log_total_activity": 9.0187803413870569, "direction_balance": -0.46703615864564879, "post_2300_share": 0.098756372681783902, "midnight_share_common_window": 0.033368999181154303, "night_tube_extension_share": 0.0041002352471182996, "post_0100_share": 0.0026085934100453, "common_window_persistence": 0.046050625981444299, "weekend_common_ratio": 0.68909343124962652, "volume_band": "low", "cluster": 0, "Station": "Enfield Town", "mode_label": "LO", "tot_entry": 2199.994947517026, "tot_exit": 6055.7056340701465, "easting": 532916.5, "northing": 196603.0, "lon": -0.08008, "lat": 51.652515, "coord_source": "naptan_rse_tmu", "catchment_area_m2": 1968341.5259884787, "station_in_lnwc_extent": true }, "geometry": { "type": "Polygon", "coordinates": [ [ [ -0.068608948452468, 51.651619515662411 ], [ -0.068805021017262, 51.650924403825542 ], [ -0.069109669364784, 51.650244593294673 ], [ -0.069519955188811, 51.649586630146189 ], [ -0.070031923456466, 51.648956849810148 ], [ -0.07034606605574, 51.648649513234709 ], [ -0.079052708002431, 51.645354838956251 ], [ -0.079249995035974, 51.645339918002776 ], [ -0.080384068850049, 51.645323824007377 ], [ -0.081515219454241, 51.645376952629448 ], [ -0.08263255834226, 51.645498792503027 ], [ -0.083725329756835, 51.645688170835456 ], [ -0.084783014088142, 51.64594326467936 ], [ -0.085795429015321, 51.646261618455284 ], [ -0.086752827423449, 51.646640167557337 ], [ -0.087645991158542, 51.647075267816732 ], [ -0.088466319722075, 51.647562730540621 ], [ -0.089205913053984, 51.648097862791765 ], [ -0.089857647608619, 51.648675512522608 ], [ -0.090415244991221, 51.649290118132242 ], [ -0.090873332492668, 51.649935761970575 ], [ -0.091227494936821, 51.65060622727723 ], [ -0.09147431733712, 51.65129505800833 ], [ -0.09161141794639, 51.651995620977075 ], [ -0.091637471375388, 51.652701169710653 ], [ -0.091552221550493, 51.653404909409694 ], [ -0.091356484378301, 51.654100062385162 ], [ -0.091052140083868, 51.654779933342198 ], [ -0.09064211528883, 51.655437973882258 ], [ -0.090130354994864, 51.656067845601264 ], [ -0.089521784735844, 51.656663481174434 ], [ -0.088822263257565, 51.657219142838727 ], [ -0.08803852617638, 51.657729477706965 ], [ -0.087178121156146, 51.658189569378962 ], [ -0.086249335226064, 51.658594985350732 ], [ -0.085261114939138, 51.658941819762063 ], [ -0.084222980141422, 51.659226731069275 ], [ -0.083144932185231, 51.659446974277522 ], [ -0.082037357474302, 51.659600427420536 ], [ -0.080910927275084, 51.659685612031161 ], [ -0.079776494765243, 51.659701707403933 ], [ -0.07864499031786, 51.659648558511783 ], [ -0.077527316037217, 51.65952667749962 ], [ -0.07643424056954, 51.659337238741045 ], [ -0.075376295209243, 51.659082067505508 ], [ -0.074363672308384, 51.658763622346669 ], [ -0.073406126974197, 51.658384971382148 ], [ -0.072512883006949, 51.657949762695296 ], [ -0.071692543988445, 51.657462189145718 ], [ -0.070953010380523, 51.656926947929684 ], [ -0.070301403433671, 51.656349195282147 ], [ -0.069743996638755, 51.655734496759095 ], [ -0.069286155380716, 51.655088773581213 ], [ -0.068932285372697, 51.654418245557849 ], [ -0.068685790363102, 51.653729371143044 ], [ -0.068549039517667, 51.653028785202359 ], [ -0.068523344784405, 51.652323235091394 ], [ -0.068608948452468, 51.651619515662411 ] ] ] } },
{ "type": "Feature", "properties": { "NLC": 6962, "total_activity": 6073.2158227203936, "log_total_activity": 8.7118081771970921, "direction_balance": -0.0090692154449460004, "post_2300_share": 0.099626988186463206, "midnight_share_common_window": 0.022400171950617501, "night_tube_extension_share": 0.0015555719011311, "post_0100_share": 0.00070892018522570005, "common_window_persistence": 0.032947959130508103, "weekend_common_ratio": 0.75820816870647167, "volume_band": "low", "cluster": 2, "Station": "Cambridge Heath", "mode_label": "LO", "tot_entry": 3009.0682599902434, "tot_exit": 3064.1475627301515, "easting": 534852.0, "northing": 183286.0, "lon": -0.05723, "lat": 51.53238, "coord_source": "naptan_rse_tmu", "catchment_area_m2": 1080717.753607675, "station_in_lnwc_extent": true }, "geometry": { "type": "Polygon", "coordinates": [ [ [ -0.045757476387186, 51.531771352884093 ], [ -0.065794826770147, 51.527920399338683 ], [ -0.067063281206648, 51.534660822600863 ], [ -0.065548265760923, 51.536438535970952 ], [ -0.048429106140127, 51.537015617654191 ], [ -0.048127478321092, 51.53679661090144 ], [ -0.047477840799068, 51.536218741362305 ], [ -0.046922170455026, 51.535603941153681 ], [ -0.046465815966228, 51.534958132468837 ], [ -0.04611316874877, 51.534287535934382 ], [ -0.045867620801502, 51.533598610658785 ], [ -0.045731532200235, 51.532897991993011 ], [ -0.045706208549044, 51.532192427604599 ], [ -0.045757476387186, 51.531771352884093 ] ] ] } },
{ "type": "Feature", "properties": { "NLC": 6966, "total_activity": 7557.2943616017301, "log_total_activity": 8.9304008301742694, "direction_balance": -0.19384905768254029, "post_2300_share": 0.085525119260372595, "midnight_share_common_window": 0.016591146579818701, "night_tube_extension_share": 0.00094468469118160002, "post_0100_share": 0.00047167186882269999, "common_window_persistence": 0.023695200182649499, "weekend_common_ratio": 0.95650404557189661, "volume_band": "low", "cluster": 2, "Station": "London Fields", "mode_label": "LO", "tot_entry": 3046.1599854878291, "tot_exit": 4511.1343761139042, "easting": 534774.5, "northing": 184246.0, "lon": -0.057985, "lat": 51.541025, "coord_source": "naptan_rse_tmu", "catchment_area_m2": 1057281.0446085706, "station_in_lnwc_extent": true }, "geometry": { "type": "Polygon", "coordinates": [ [ [ -0.046539155488151, 51.54013404209779 ], [ -0.046735038369626, 51.53943895310222 ], [ -0.047039224491205, 51.538759183241794 ], [ -0.047448780028457, 51.538101278203172 ], [ -0.047959757008542, 51.537471572859879 ], [ -0.04842477879891, 51.537015763209496 ], [ -0.065548265760923, 51.536438535970952 ], [ -0.0676273748216, 51.541998554958276 ], [ -0.06642013131896, 51.543700267357579 ], [ -0.060759586030506, 51.544525057586299 ], [ -0.049446275761188, 51.543267026250966 ], [ -0.046521823444305, 51.540276383216671 ], [ -0.046539155488151, 51.54013404209779 ] ] ] } },
{ "type": "Feature", "properties": { "NLC": 6967, "total_activity": 7492.5983454495208, "log_total_activity": 8.9218043810997543, "direction_balance": -0.45089349015331393, "post_2300_share": 0.091769181186272197, "midnight_share_common_window": 0.0187920365553782, "night_tube_extension_share": 0.0013424312588421999, "post_0100_share": 0.00057473585016220002, "common_window_persistence": 0.027271475394283502, "weekend_common_ratio": 0.69693812930232446, "volume_band": "low", "cluster": 4, "Station": "Rectory Road", "mode_label": "LO", "tot_entry": 2057.1172635764201, "tot_exit": 5435.4810818731003, "easting": 533989.0, "northing": 186177.0, "lon": -0.06857, "lat": 51.55857, "coord_source": "naptan_rse_tmu", "catchment_area_m2": 1099632.1243967216, "station_in_lnwc_extent": true }, "geometry": { "type": "Polygon", "coordinates": [ [ [ -0.078881194133566, 51.55534662047512 ], [ -0.07933820750229, 51.555992307734748 ], [ -0.079691505433443, 51.556662808775982 ], [ -0.079937681287662, 51.55735166720693 ], [ -0.080074359568931, 51.558052249571006 ], [ -0.080100218981996, 51.558757809206526 ], [ -0.080015005349577, 51.559461551208074 ], [ -0.079991365951494, 51.559545620333758 ], [ -0.065124408239979, 51.563438724249174 ], [ -0.059624018460059, 51.555005113129162 ], [ -0.068371259416275, 51.55238628042985 ], [ -0.07870622136126, 51.555153303306064 ], [ -0.078881194133566, 51.55534662047512 ] ] ] } },
{ "type": "Feature", "properties": { "NLC": 6968, "total_activity": 2927.6059057978459, "log_total_activity": 7.9822817887133484, "direction_balance": -0.19391268548325841, "post_2300_share": 0.072575983639417196, "midnight_share_common_window": 0.0158749966209033, "night_tube_extension_share": 0.00048756181712900001, "post_0100_share": 0.00019503565656469999, "common_window_persistence": 0.022075671904841099, "weekend_common_ratio": 0.74184300661967939, "volume_band": "low", "cluster": 2, "Station": "Stamford Hill", "mode_label": "LO", "tot_entry": 1179.9529912839689, "tot_exit": 1747.652914513877, "easting": 533377.0, "northing": 187927.0, "lon": -0.07673, "lat": 51.57444, "coord_source": "naptan_rse_tmu", "catchment_area_m2": 1275674.0443946065, "station_in_lnwc_extent": true }, "geometry": { "type": "Polygon", "coordinates": [ [ [ -0.065274673689491, 51.573546052426224 ], [ -0.065470428954487, 51.572850934423613 ], [ -0.065774573336911, 51.57217111906489 ], [ -0.06618417340406, 51.571513152475063 ], [ -0.066455730795167, 51.571178544139578 ], [ -0.083401177960993, 51.568573483946615 ], [ -0.084279187088565, 51.569001957311393 ], [ -0.084776348533893, 51.569297908485417 ], [ -0.087836421866444, 51.575528333537761 ], [ -0.087263460379203, 51.577372774079258 ], [ -0.08675903100014, 51.577994669596912 ], [ -0.086151487826906, 51.57859030546954 ], [ -0.085453150687967, 51.579145965955071 ], [ -0.08467074379975, 51.579656298181902 ], [ -0.084215922089277, 51.579899922977134 ], [ -0.065219481832199, 51.574979220548073 ], [ -0.065214828873672, 51.574955338057208 ], [ -0.065189197578181, 51.574249779298185 ], [ -0.065274673689491, 51.573546052426224 ] ] ] } },
{ "type": "Feature", "properties": { "NLC": 6970, "total_activity": 16193.555760678, "log_total_activity": 9.6924304005825839, "direction_balance": -0.4639484899802786, "post_2300_share": 0.1563039352702377, "midnight_share_common_window": 0.053575882665467499, "night_tube_extension_share": 0.0085379698547135997, "post_0100_share": 0.0058759434677746001, "common_window_persistence": 0.089133339666342695, "weekend_common_ratio": 0.75370342115601763, "volume_band": "medium", "cluster": 4, "Station": "Maryland", "mode_label": "EZL", "tot_entry": 4340.2900090499988, "tot_exit": 11853.265751627998, "easting": 539172.0, "northing": 184948.0, "lon": 0.00566, "lat": 51.54627, "coord_source": "naptan_rse_tmu", "catchment_area_m2": 1407046.146852673, "station_in_lnwc_extent": true }, "geometry": { "type": "Polygon", "coordinates": [ [ [ 0.016605684721957, 51.543995172055283 ], [ 0.016195168182141, 51.543337500393292 ], [ 0.0156832595811, 51.542708083129504 ], [ 0.015074891839114, 51.542112980581656 ], [ 0.014375925955474, 51.54155792244886 ], [ 0.013593094483863, 51.541048252687965 ], [ 0.012733936650859, 51.540588878107926 ], [ 0.011806725744119, 51.540184221175721 ], [ 0.010820389469671, 51.539838177485542 ], [ 0.01075836434369, 51.539821168312621 ], [ 0.003506340255031, 51.541893633020614 ], [ -0.001237150150799, 51.545520979672453 ], [ -0.0023454493838, 51.55041593660669 ], [ 0.004875164620607, 51.553444830003905 ], [ 0.005981149489779, 51.553459776192831 ], [ 0.0071098950942, 51.55340582934452 ], [ 0.008224718015737, 51.553283160403019 ], [ 0.009314877103515, 51.553092951333745 ], [ 0.0103698691847, 51.552837034826723 ], [ 0.011379530382859, 51.552517876613329 ], [ 0.012334134144894, 51.55213855167694 ], [ 0.013224485026981, 51.551702714588657 ], [ 0.013529822559808, 51.551520396520623 ], [ 0.016768441056092, 51.544357625634049 ], [ 0.016605684721957, 51.543995172055283 ] ] ] } },
{ "type": "Feature", "properties": { "NLC": 6972, "total_activity": 10361.209431750416, "log_total_activity": 9.2459207586885697, "direction_balance": -0.34724751602625958, "post_2300_share": 0.078827013871684101, "midnight_share_common_window": 0.019238876214613398, "night_tube_extension_share": 0.0, "post_0100_share": 0.0, "common_window_persistence": 0.0266456654854536, "weekend_common_ratio": 0.77549678147603973, "volume_band": "medium", "cluster": 0, "Station": "Silver Street", "mode_label": "LO", "tot_entry": 3381.6525967736152, "tot_exit": 6979.5568349768009, "easting": 533919.0, "northing": 192426.0, "lon": -0.06719, "lat": 51.61474, "coord_source": "naptan_rse_tmu", "catchment_area_m2": 1658700.3517700576, "station_in_lnwc_extent": true }, "geometry": { "type": "Polygon", "coordinates": [ [ [ -0.055732762015736, 51.613845578476806 ], [ -0.055928852506185, 51.61315048425655 ], [ -0.056233424284872, 51.612470702362224 ], [ -0.056643539793796, 51.611812778594768 ], [ -0.057155245650163, 51.611183048005714 ], [ -0.05776361086345, 51.610587573930118 ], [ -0.058462774438076, 51.610032089643788 ], [ -0.059246001898777, 51.60952194320496 ], [ -0.060105750191282, 51.609062046009591 ], [ -0.060841482906651, 51.608740778775484 ], [ -0.077352343733116, 51.611331713562819 ], [ -0.077521491285237, 51.61151837970268 ], [ -0.077979028133652, 51.612164072007687 ], [ -0.078332720026843, 51.612834575335526 ], [ -0.078579156517667, 51.613523433274139 ], [ -0.078715959584736, 51.614224012372937 ], [ -0.078741806714725, 51.614929566002374 ], [ -0.078656443831961, 51.615633299314887 ], [ -0.078460687943357, 51.616328434682373 ], [ -0.078156419465607, 51.617008276979384 ], [ -0.077746564301025, 51.617666278083824 ], [ -0.077235065827522, 51.618296099972071 ], [ -0.07662684706601, 51.618891675800526 ], [ -0.07592776338401, 51.619447268383091 ], [ -0.075144546186557, 51.619957525499693 ], [ -0.074284738133509, 51.620417531501168 ], [ -0.07335662050548, 51.620822854710816 ], [ -0.072369133417637, 51.621169590164158 ], [ -0.07133178965101, 51.621454397272863 ], [ -0.071029160283977, 51.621516242934888 ], [ -0.057034184949551, 51.618146618355027 ], [ -0.056865790085635, 51.617960687282128 ], [ -0.056408499067162, 51.617314915792022 ], [ -0.056055099071014, 51.616644349888332 ], [ -0.055808989326899, 51.615955448387794 ], [ -0.05567253529951, 51.61525484641512 ], [ -0.055647046088777, 51.61454929147888 ], [ -0.055732762015736, 51.613845578476806 ] ] ] } },
{ "type": "Feature", "properties": { "NLC": 6973, "total_activity": 5937.5257488377993, "log_total_activity": 8.6892161911210017, "direction_balance": -0.457670714734013, "post_2300_share": 0.1175582740644022, "midnight_share_common_window": 0.032908943267159603, "night_tube_extension_share": 0.016704537046725899, "post_0100_share": 0.0106696992620292, "common_window_persistence": 0.048238063998164903, "weekend_common_ratio": 0.66226310324894255, "volume_band": "low", "cluster": 0, "Station": "St James Street", "mode_label": "LO", "tot_entry": 1610.0470478077991, "tot_exit": 4327.4787010300015, "easting": 536376.0, "northing": 188743.0, "lon": -0.03316, "lat": 51.58106, "coord_source": "naptan_rse_tmu", "catchment_area_m2": 1151280.752255501, "station_in_lnwc_extent": true }, "geometry": { "type": "Polygon", "coordinates": [ [ [ -0.027995726991978, 51.574623959155026 ], [ -0.029032256611674, 51.574339524529563 ], [ -0.030108526355199, 51.574119756710033 ], [ -0.031214175353575, 51.573966771283388 ], [ -0.032338560298717, 51.573882040959155 ], [ -0.033470857763938, 51.573866381410433 ], [ -0.034600168246873, 51.57391994343093 ], [ -0.035715620940205, 51.574042211483487 ], [ -0.036806478228777, 51.574232008653631 ], [ -0.037862238914193, 51.574487507961116 ], [ -0.038872739179887, 51.574806249921231 ], [ -0.039828250330718, 51.575185166188405 ], [ -0.040719572371322, 51.575620609055484 ], [ -0.041538122526395, 51.576108386526961 ], [ -0.042276017853532, 51.5766438026304 ], [ -0.042926151154679, 51.577221702580033 ], [ -0.043482259455371, 51.57783652236018 ], [ -0.043938984391006, 51.578482342252933 ], [ -0.044291923915888, 51.579152943797077 ], [ -0.044537674833063, 51.579841869631608 ], [ -0.044540501801767, 51.579856412803402 ], [ -0.030417984642816, 51.588035683143431 ], [ -0.030025074457066, 51.587967318893256 ], [ -0.029231733552545, 51.586230941373991 ], [ -0.027839891222173, 51.574678657276671 ], [ -0.027995726991978, 51.574623959155026 ] ] ] } },
{ "type": "Feature", "properties": { "NLC": 6977, "total_activity": 25231.67471549358, "log_total_activity": 10.1358950493135, "direction_balance": -0.17308389146142289, "post_2300_share": 0.10755359608571639, "midnight_share_common_window": 0.020395873266734699, "night_tube_extension_share": 0.0, "post_0100_share": 0.0, "common_window_persistence": 0.031738846029232, "weekend_common_ratio": 1.0442019730765728, "volume_band": "high", "cluster": 2, "Station": "Hackney Central", "mode_label": "LO", "tot_entry": 10432.239133823585, "tot_exit": 14799.435581669995, "easting": 534878.75, "northing": 184936.25, "lon": -0.0562175, "lat": 51.547205, "coord_source": "naptan_rse_tmu", "catchment_area_m2": 650043.85459823126, "station_in_lnwc_extent": true }, "geometry": { "type": "Polygon", "coordinates": [ [ [ -0.053665052946067, 51.554220561466934 ], [ -0.052574597931912, 51.554030924721602 ], [ -0.051519221952788, 51.553775561070672 ], [ -0.050509092590309, 51.553456930918024 ], [ -0.049553940915723, 51.553078104159006 ], [ -0.049033491252047, 51.552823788533928 ], [ -0.049446275761188, 51.543267026250966 ], [ -0.060759586030506, 51.544525057586299 ], [ -0.054029784796867, 51.554260496619115 ], [ -0.053665052946067, 51.554220561466934 ] ] ] } },
{ "type": "Feature", "properties": { "NLC": 6978, "total_activity": 19003.345108095, "log_total_activity": 9.8524229219027646, "direction_balance": -0.12541429151911629, "post_2300_share": 0.12634559658174249, "midnight_share_common_window": 0.031347216455961897, "night_tube_extension_share": 0.0, "post_0100_share": 0.0, "common_window_persistence": 0.050869073667405298, "weekend_common_ratio": 1.229698633653753, "volume_band": "medium", "cluster": 3, "Station": "Hackney Wick", "mode_label": "LO", "tot_entry": 8310.027022434997, "tot_exit": 10693.318085660008, "easting": 537037.5, "northing": 184567.0, "lon": -0.025245, "lat": 51.543365, "coord_source": "naptan_rse_tmu", "catchment_area_m2": 1673814.8561471147, "station_in_lnwc_extent": true }, "geometry": { "type": "Polygon", "coordinates": [ [ [ -0.024425830260514, 51.536196044390806 ], [ -0.025557192260083, 51.536180451207407 ], [ -0.02668555930125, 51.536234079726192 ], [ -0.027800069651297, 51.536356413769767 ], [ -0.028889994759382, 51.536546275787948 ], [ -0.029944842394265, 51.536801838175322 ], [ -0.030954457523409, 51.537120640838658 ], [ -0.031909119968334, 51.537499614846361 ], [ -0.032799637901241, 51.537935111933493 ], [ -0.033617436286874, 51.538422939580421 ], [ -0.034354639420961, 51.53895840132936 ], [ -0.035004146772028, 51.539536341952733 ], [ -0.035559701396427, 51.540151197040949 ], [ -0.036015950266427, 51.540797046533868 ], [ -0.036090843707479, 51.540939513252376 ], [ -0.031499074598613, 51.549408020783659 ], [ -0.031393218494504, 51.549454268144061 ], [ -0.030406982943422, 51.549800667480959 ], [ -0.029371023739693, 51.550085121383844 ], [ -0.028295321268677, 51.550304889270159 ], [ -0.027190239325314, 51.550457853758154 ], [ -0.026066425143935, 51.550542541092881 ], [ -0.024934706679188, 51.550558135363225 ], [ -0.02380598813427, 51.550504486372162 ], [ -0.022691144749992, 51.550382111083756 ], [ -0.021600917875515, 51.550192188633268 ], [ -0.020545811338794, 51.549936548948494 ], [ -0.019535990121819, 51.549617655093137 ], [ -0.01858118232291, 51.549238579503246 ], [ -0.017917998543988, 51.54891420718176 ], [ -0.015760602327086, 51.540411285755468 ], [ -0.024057683655948, 51.536223789239408 ], [ -0.024425830260514, 51.536196044390806 ] ] ] } },
{ "type": "Feature", "properties": { "NLC": 6979, "total_activity": 17517.935576149401, "log_total_activity": 9.7710376078587444, "direction_balance": -0.30314425674876738, "post_2300_share": 0.1091025208113883, "midnight_share_common_window": 0.025038980834280099, "night_tube_extension_share": 0.0, "post_0100_share": 0.0, "common_window_persistence": 0.037657677962001299, "weekend_common_ratio": 0.85749236919500449, "volume_band": "medium", "cluster": 4, "Station": "Homerton", "mode_label": "LO", "tot_entry": 6103.7370080724022, "tot_exit": 11414.198568077005, "easting": 535841.0, "northing": 184936.0, "lon": -0.04235, "lat": 51.54697, "coord_source": "naptan_rse_tmu", "catchment_area_m2": 1581932.6306566766, "station_in_lnwc_extent": true }, "geometry": { "type": "Polygon", "coordinates": [ [ [ -0.036198568150641, 51.540889769403883 ], [ -0.037184566481134, 51.540543318370574 ], [ -0.038220260445462, 51.540258792215567 ], [ -0.039295679273045, 51.54003892994595 ], [ -0.040400470280486, 51.539885848058866 ], [ -0.041523998412712, 51.539801020193082 ], [ -0.042655448484387, 51.539785262960827 ], [ -0.04378392914386, 51.539838728096086 ], [ -0.044898577565777, 51.539960900993762 ], [ -0.045988663871701, 51.540150605654517 ], [ -0.046526045163511, 51.540280700819295 ], [ -0.049446275761188, 51.543267026250966 ], [ -0.049033492859208, 51.552823751335318 ], [ -0.048496908623419, 51.553058278367239 ], [ -0.047510720444814, 51.553404821857036 ], [ -0.04647478137363, 51.553689426914758 ], [ -0.045399071599762, 51.55390935150119 ], [ -0.044293954987513, 51.554062476724376 ], [ -0.043170079104767, 51.554147327280191 ], [ -0.042038272500715, 51.554163085684372 ], [ -0.040909440228354, 51.554109600157965 ], [ -0.039794458625324, 51.553987386089631 ], [ -0.038704070374024, 51.55379762106093 ], [ -0.037648780859137, 51.553542133482637 ], [ -0.036638756827775, 51.553223384952858 ], [ -0.035683728334665, 51.552844446507535 ], [ -0.034792894922198, 51.552408968994293 ], [ -0.033974836943293, 51.55192114785639 ], [ -0.033237432884135, 51.551385682668617 ], [ -0.032587783484733, 51.550807731816434 ], [ -0.032032143388248, 51.550192862758074 ], [ -0.031575860976019, 51.549546998349953 ], [ -0.031500968315118, 51.549404528946226 ], [ -0.036092736705092, 51.540936021328605 ], [ -0.036198568150641, 51.540889769403883 ] ] ] } },
{ "type": "Feature", "properties": { "NLC": 7401, "total_activity": 7980.8112458249734, "log_total_activity": 8.984920637850367, "direction_balance": -0.0080609956032535995, "post_2300_share": 0.083752012875135007, "midnight_share_common_window": 0.0112477675403376, "night_tube_extension_share": 0.0, "post_0100_share": 0.0, "common_window_persistence": 0.016428576995881398, "weekend_common_ratio": 0.99617637313707619, "volume_band": "low", "cluster": 2, "Station": "Harringay Green Lanes", "mode_label": "LO", "tot_entry": 3958.2389807309896, "tot_exit": 4022.5722650939829, "easting": 531840.0, "northing": 188183.0, "lon": -0.098795, "lat": 51.5771, "coord_source": "naptan_rse_tmu", "catchment_area_m2": 1508380.4787992905, "station_in_lnwc_extent": true }, "geometry": { "type": "Polygon", "coordinates": [ [ [ -0.110334617741312, 51.577287532282334 ], [ -0.110249828416532, 51.577991298503882 ], [ -0.110054730444836, 51.578686497311281 ], [ -0.109751197915246, 51.579366432970993 ], [ -0.109342149648922, 51.580024556464764 ], [ -0.108831521257087, 51.580654528593392 ], [ -0.108224227383068, 51.581250281069458 ], [ -0.107526114486517, 51.581806075008508 ], [ -0.106743904620125, 51.582316556253957 ], [ -0.105885130737129, 51.582776807000322 ], [ -0.10498271724664, 51.583171607820638 ], [ -0.096819124781656, 51.584177605490723 ], [ -0.096250884106196, 51.584115637991751 ], [ -0.0951595289769, 51.583926388920645 ], [ -0.094103215936583, 51.583671400124437 ], [ -0.093092121603132, 51.583353128395842 ], [ -0.092135986352564, 51.582974640178023 ], [ -0.091244020399155, 51.582539581982516 ], [ -0.090424815015004, 51.58205214521513 ], [ -0.089686259747164, 51.581517025750465 ], [ -0.089035466431256, 51.580939378646882 ], [ -0.088478700733593, 51.580324768440349 ], [ -0.088021321879812, 51.579679115498017 ], [ -0.08766773114774, 51.57900863895054 ], [ -0.087421329616481, 51.578319796754748 ], [ -0.087284485573417, 51.577619223465248 ], [ -0.087274146633659, 51.577338375038472 ], [ -0.087836421866444, 51.575528333537761 ], [ -0.106530687140796, 51.572405778048626 ], [ -0.110321939828746, 51.576947819049828 ], [ -0.110334617741312, 51.577287532282334 ] ] ] } },
{ "type": "Feature", "properties": { "NLC": 7402, "total_activity": 6499.784320066, "log_total_activity": 8.7796781132298758, "direction_balance": -0.27100455993532319, "post_2300_share": 0.0631177297559673, "midnight_share_common_window": 0.011374392353014099, "night_tube_extension_share": 0.0, "post_0100_share": 0.0, "common_window_persistence": 0.015142987675763201, "weekend_common_ratio": 0.72341620740262302, "volume_band": "low", "cluster": 0, "Station": "Leyton Midland Road", "mode_label": "LO", "tot_entry": 2369.1565653660009, "tot_exit": 4130.6277547, "easting": 538144.5, "northing": 187535.5, "lon": -0.008125, "lat": 51.569775, "coord_source": "naptan_rse_tmu", "catchment_area_m2": 1796754.1391628757, "station_in_lnwc_extent": true }, "geometry": { "type": "Polygon", "coordinates": [ [ [ -0.011776488195381, 51.562952024378113 ], [ -0.012831842693049, 51.563207745103782 ], [ -0.013841913929239, 51.563526698693487 ], [ -0.014796977334886, 51.563905814764034 ], [ -0.01568783722106, 51.564341443684206 ], [ -0.016505915257994, 51.564829391666485 ], [ -0.017243333045305, 51.565364961095703 ], [ -0.017892987979891, 51.565942995708646 ], [ -0.018448621691068, 51.566557930191458 ], [ -0.018904880382633, 51.567203843720108 ], [ -0.019257366497992, 51.567874516929933 ], [ -0.019502681206801, 51.56856349176789 ], [ -0.019638457298711, 51.569264133652688 ], [ -0.01966338216127, 51.569969695345399 ], [ -0.01957721061375, 51.570673381916485 ], [ -0.019380767465923, 51.571368416184228 ], [ -0.019075939769533, 51.572048103993836 ], [ -0.018665658829609, 51.572705898708634 ], [ -0.018153872141748, 51.573335464291404 ], [ -0.017545505519206, 51.573930736366492 ], [ -0.016846415768973, 51.574485980673671 ], [ -0.016063334368209, 51.5749958483486 ], [ -0.015203802680348, 51.575455427494958 ], [ -0.014276099333067, 51.575860290550125 ], [ -0.013289160457303, 51.576206536985097 ], [ -0.012252493556725, 51.576490830925437 ], [ -0.011176085839871, 51.576710433328877 ], [ -0.0100703079018, 51.57686322840744 ], [ -0.008945813688095, 51.576947744038144 ], [ -0.007813437710834, 51.576963165964322 ], [ -0.00668409051335, 51.57690934564981 ], [ -0.005568653397926, 51.576786801710121 ], [ -0.004477873437886, 51.576596714906323 ], [ -0.003422259792668, 51.576340916750851 ], [ -0.002411982331534, 51.576021871835479 ], [ -0.001456773548657, 51.575642654052949 ], [ -0.00056583471973, 51.575206916943259 ], [ 0.000252252791755, 51.574718858451575 ], [ 0.000989610221315, 51.574183180439846 ], [ 0.001169885766453, 51.574022720914641 ], [ -0.000773803619657, 51.56555465262413 ], [ -0.002814452565455, 51.563499908713531 ], [ -0.01118113132583, 51.56284827916884 ], [ -0.011776488195381, 51.562952024378113 ] ] ] } },
{ "type": "Feature", "properties": { "NLC": 7403, "total_activity": 5272.540260781353, "log_total_activity": 8.5704571922340982, "direction_balance": -0.23327353275966209, "post_2300_share": 0.065904545803309705, "midnight_share_common_window": 0.0109959746914166, "night_tube_extension_share": 0.0, "post_0100_share": 0.0, "common_window_persistence": 0.014844616316922399, "weekend_common_ratio": 0.85697839499282458, "volume_band": "low", "cluster": 2, "Station": "Leytonstone High Road", "mode_label": "LO", "tot_entry": 2021.298083765668, "tot_exit": 3251.2421770156843, "easting": 539321.0, "northing": 186851.0, "lon": 0.00857, "lat": 51.56333, "coord_source": "naptan_rse_tmu", "catchment_area_m2": 1294209.4867009318, "station_in_lnwc_extent": true }, "geometry": { "type": "Polygon", "coordinates": [ [ [ 0.020012518249241, 51.562432754609318 ], [ 0.019815518407227, 51.561737791446788 ], [ 0.019510186694418, 51.561058209145585 ], [ 0.019099467967009, 51.560400551581424 ], [ 0.018587321396385, 51.559771151240248 ], [ 0.017978682197101, 51.559176068275789 ], [ 0.017279413984314, 51.558621032197735 ], [ 0.016496252223907, 51.558111386749445 ], [ 0.015636739322942, 51.557652038504798 ], [ 0.014709151987203, 51.557247409676187 ], [ 0.01372242154564, 51.556901395586344 ], [ 0.012686048007678, 51.55661732721066 ], [ 0.011610008678394, 51.556397939149299 ], [ 0.010504662207546, 51.556245343334936 ], [ 0.009380648991342, 51.556161008728033 ], [ 0.008248788879898, 51.556145747193845 ], [ 0.007119977168641, 51.556199705696024 ], [ 0.006038628505119, 51.556318674079208 ], [ -0.002814452565455, 51.563499908713531 ], [ -0.000773803619657, 51.56555465262413 ], [ 0.019169713680407, 51.566148461395215 ], [ 0.019343218004911, 51.56590248540661 ], [ 0.019695118249886, 51.565231702368195 ], [ 0.019939821427549, 51.564542651858758 ], [ 0.02007497561104, 51.563841970431845 ], [ 0.020099284206909, 51.563136406355291 ], [ 0.020012518249241, 51.562432754609318 ] ] ] } },
{ "type": "Feature", "properties": { "NLC": 7404, "total_activity": 6393.8943070421074, "log_total_activity": 8.7632551864396326, "direction_balance": 0.1273108855810183, "post_2300_share": 0.0513463374355222, "midnight_share_common_window": 0.0066875147053274001, "night_tube_extension_share": 0.0, "post_0100_share": 0.0, "common_window_persistence": 0.0087082362791476003, "weekend_common_ratio": 0.82378796221798445, "volume_band": "low", "cluster": 2, "Station": "South Tottenham", "mode_label": "LO", "tot_entry": 3603.9533267915349, "tot_exit": 2789.9409802505725, "easting": 533637.0, "northing": 188602.0, "lon": -0.07272, "lat": 51.58044, "coord_source": "naptan_rse_tmu", "catchment_area_m2": 816031.61961133359, "station_in_lnwc_extent": true }, "geometry": { "type": "Polygon", "coordinates": [ [ [ -0.061267068291224, 51.579549853293933 ], [ -0.061462912798342, 51.578854743559369 ], [ -0.061767159206497, 51.578174940290815 ], [ -0.0621768730993, 51.577516989496395 ], [ -0.062688104968479, 51.576887226489575 ], [ -0.063295928393371, 51.576291714919392 ], [ -0.063994487599384, 51.575736188424671 ], [ -0.064777053932967, 51.575225995472174 ], [ -0.065231930254238, 51.574982446447031 ], [ -0.084228373245745, 51.57990314688552 ], [ -0.084233036630783, 51.579927028710692 ], [ -0.084258963911667, 51.580632585720437 ], [ -0.084173764559517, 51.581336328489549 ], [ -0.083978254016258, 51.582031479299438 ], [ -0.083888823035005, 51.582231521481276 ], [ -0.062371692487792, 51.58163752857088 ], [ -0.061204565284973, 51.580889562281392 ], [ -0.06118151658226, 51.580253575799951 ], [ -0.061267068291224, 51.579549853293933 ] ] ] } },
{ "type": "Feature", "properties": { "NLC": 7406, "total_activity": 4150.4652628207523, "log_total_activity": 8.3312166262867944, "direction_balance": 0.00049325754851880003, "post_2300_share": 0.070573610260137698, "midnight_share_common_window": 0.010711707651996, "night_tube_extension_share": 0.0, "post_0100_share": 0.0, "common_window_persistence": 0.0147052310814918, "weekend_common_ratio": 1.03937738137751, "volume_band": "low", "cluster": 2, "Station": "Crouch Hill", "mode_label": "LO", "tot_entry": 2076.2562555707518, "tot_exit": 2074.2090072499982, "easting": 530586.0, "northing": 187489.0, "lon": -0.11714, "lat": 51.57116, "coord_source": "naptan_rse_tmu", "catchment_area_m2": 1568562.9669469276, "station_in_lnwc_extent": true }, "geometry": { "type": "Polygon", "coordinates": [ [ [ -0.12867702896103, 51.571340714584785 ], [ -0.128592536117618, 51.572044497693291 ], [ -0.128397745115326, 51.572739730735591 ], [ -0.128094527087353, 51.573419717649827 ], [ -0.127685797825755, 51.574077908925368 ], [ -0.127175489868538, 51.574707964711479 ], [ -0.126568514771346, 51.575303815916079 ], [ -0.125870715921477, 51.575859722704763 ], [ -0.125088812344282, 51.576370329834781 ], [ -0.124230334039931, 51.576830718288726 ], [ -0.123303549471603, 51.577236452708568 ], [ -0.122317385903153, 51.577583624170742 ], [ -0.121281343354697, 51.577868887888215 ], [ -0.120205403007473, 51.57808949547384 ], [ -0.119099930944095, 51.578243321452881 ], [ -0.117975578156453, 51.578328883767099 ], [ -0.116843177790434, 51.578345358072134 ], [ -0.115713640623999, 51.578292585689141 ], [ -0.114597849792635, 51.578171075133753 ], [ -0.113506555783639, 51.577981997207786 ], [ -0.112450272718034, 51.577727173701085 ], [ -0.111439176926063, 51.577409059813363 ], [ -0.110483008799516, 51.577030720466666 ], [ -0.110328093834865, 51.576955190920465 ], [ -0.106530687140796, 51.572405778048626 ], [ -0.106593185946948, 51.571142548707833 ], [ -0.118068569984435, 51.564063248150973 ], [ -0.128665056112798, 51.571023307557809 ], [ -0.12867702896103, 51.571340714584785 ] ] ] } },
{ "type": "Feature", "properties": { "NLC": 7407, "total_activity": 5014.3559083001783, "log_total_activity": 8.520259666631647, "direction_balance": 0.0164880041612856, "post_2300_share": 0.076183717450616306, "midnight_share_common_window": 0.0100383321580739, "night_tube_extension_share": 0.0, "post_0100_share": 0.0, "common_window_persistence": 0.0138929363781581, "weekend_common_ratio": 0.86863798774387191, "volume_band": "low", "cluster": 2, "Station": "Walthamstow Queen's Road", "mode_label": "LO", "tot_entry": 2548.5163146912009, "tot_exit": 2465.8395936089792, "easting": 537002.0, "northing": 188807.0, "lon": -0.02411, "lat": 51.58148, "coord_source": "naptan_rse_tmu", "catchment_area_m2": 703497.87165625941, "station_in_lnwc_extent": true }, "geometry": { "type": "Polygon", "coordinates": [ [ [ -0.015385879372568, 51.57676761847236 ], [ -0.016168999237662, 51.576257755870465 ], [ -0.017028536743373, 51.575798169769605 ], [ -0.01795621494189, 51.575393284671492 ], [ -0.018943101625467, 51.57504699836506 ], [ -0.019979695277714, 51.574762644445208 ], [ -0.021056016473026, 51.574542960259635 ], [ -0.022161703847993, 51.574390060590424 ], [ -0.023286113725742, 51.574305417321739 ], [ -0.024418422439973, 51.574289845288916 ], [ -0.025547730380167, 51.574343494443525 ], [ -0.026663166763342, 51.574465848409865 ], [ -0.027753994130944, 51.574655729446668 ], [ -0.027839626648367, 51.57467646081809 ], [ -0.029231733552545, 51.586230941373991 ], [ -0.014687688305669, 51.577322079285459 ], [ -0.015385879372568, 51.57676761847236 ] ] ] } },
{ "type": "Feature", "properties": { "NLC": 7408, "total_activity": 6065.9046408778004, "log_total_activity": 8.7106038101457557, "direction_balance": -0.049174769650186502, "post_2300_share": 0.064421962318035098, "midnight_share_common_window": 0.010208918504016, "night_tube_extension_share": 0.0, "post_0100_share": 0.0, "common_window_persistence": 0.013783567065723999, "weekend_common_ratio": 0.78771830489600592, "volume_band": "low", "cluster": 2, "Station": "Wanstead Park", "mode_label": "LO", "tot_entry": 2883.8075887213172, "tot_exit": 3182.0970521564823, "easting": 540511.0, "northing": 185612.0, "lon": 0.02523, "lat": 51.55191, "coord_source": "naptan_rse_tmu", "catchment_area_m2": 1155828.4709582825, "station_in_lnwc_extent": true }, "geometry": { "type": "Polygon", "coordinates": [ [ [ 0.013696394249818, 51.5521046045248 ], [ 0.01378303872566, 51.55280826338047 ], [ 0.013979904482396, 51.553503239086446 ], [ 0.014285100391189, 51.554182838050039 ], [ 0.014695691593162, 51.554840514488802 ], [ 0.015207727596634, 51.555469933503467 ], [ 0.015816280179205, 51.556065032129375 ], [ 0.016515490735188, 51.556620077776692 ], [ 0.01729862661679, 51.557129723494619 ], [ 0.018158145929569, 51.557589059525462 ], [ 0.019085770159817, 51.557993660649302 ], [ 0.020072563934648, 51.558339628861432 ], [ 0.021109021145368, 51.558623630969002 ], [ 0.02218515660201, 51.558842930742642 ], [ 0.023290602332265, 51.558995415311365 ], [ 0.024414707592195, 51.559079615545201 ], [ 0.025546641619342, 51.559094720227421 ], [ 0.026675498131709, 51.5590405838796 ], [ 0.02779040055883, 51.558917728162911 ], [ 0.028880606983868, 51.558727336842928 ], [ 0.029935613778611, 51.558471244366224 ], [ 0.03094525692619, 51.558151918160078 ], [ 0.031899810049321, 51.557772434826838 ], [ 0.032790078194473, 51.55733645046385 ], [ 0.033607486464406, 51.556848165397049 ], [ 0.034344162642429, 51.556312283669506 ], [ 0.034993013010984, 51.55573396767776 ], [ 0.035547790634212, 51.555118788395013 ], [ 0.035555499465666, 51.555107850504946 ], [ 0.035673232071998, 51.55374897561304 ], [ 0.034324107143067, 51.549814971840838 ], [ 0.013704198994884, 51.55187897635178 ], [ 0.013696394249818, 51.5521046045248 ] ] ] } },
{ "type": "Feature", "properties": { "NLC": 7467, "total_activity": 3585.8174603265579, "log_total_activity": 8.1850205870058677, "direction_balance": -0.33979112425310282, "post_2300_share": 0.078269111530829896, "midnight_share_common_window": 0.013753717144376801, "night_tube_extension_share": 0.0, "post_0100_share": 0.0, "common_window_persistence": 0.019325514075878, "weekend_common_ratio": 0.79653006331624954, "volume_band": "low", "cluster": 2, "Station": "Woodgrange Park", "mode_label": "LO", "tot_entry": 1183.6942570578949, "tot_exit": 2402.123203268663, "easting": 541820.0, "northing": 185370.0, "lon": 0.044, "lat": 51.5494, "coord_source": "naptan_rse_tmu", "catchment_area_m2": 1112143.6556687814, "station_in_lnwc_extent": true }, "geometry": { "type": "Polygon", "coordinates": [ [ [ 0.055242169512085, 51.547804384330028 ], [ 0.05493641153026, 51.547124897555427 ], [ 0.054555007584342, 51.546514857280272 ], [ 0.042279238270531, 51.542299606127415 ], [ 0.041431908348382, 51.542393116712503 ], [ 0.04034214625362, 51.542583620322866 ], [ 0.039287565641584, 51.542839802375582 ], [ 0.038278318980694, 51.543159196813569 ], [ 0.03732412291025, 51.543538729009242 ], [ 0.036434164777527, 51.543974745324327 ], [ 0.035617014238653, 51.544463048240218 ], [ 0.034880540771509, 51.544998936722529 ], [ 0.034231837893378, 51.545577251433564 ], [ 0.034211617434973, 51.545599677325988 ], [ 0.034324107143067, 51.549814971840838 ], [ 0.035673232071998, 51.55374897561304 ], [ 0.05532417010818, 51.548092945499626 ], [ 0.055242169512085, 51.547804384330028 ] ] ] } },
{ "type": "Feature", "properties": { "NLC": 7473, "total_activity": 1214.8259049840001, "log_total_activity": 7.1031788820328536, "direction_balance": -0.61222349678639398, "post_2300_share": 0.0, "midnight_share_common_window": 0.0, "night_tube_extension_share": 0.0, "post_0100_share": 0.0, "common_window_persistence": 0.0, "weekend_common_ratio": 0.40140454491965238, "volume_band": "low", "cluster": 0, "Station": "Emerson Park", "mode_label": "LO", "tot_entry": 235.54047072400007, "tot_exit": 979.28543426, "easting": 553935.0, "northing": 187909.0, "lon": 0.2197, "lat": 51.56904, "coord_source": "naptan_rse_tmu", "catchment_area_m2": 2007391.0339494327, "station_in_lnwc_extent": true }, "geometry": { "type": "Polygon", "coordinates": [ [ [ 0.23114361912405, 51.568121997447967 ], [ 0.230943383079627, 51.567427429476957 ], [ 0.230634879274516, 51.566748436609451 ], [ 0.230221083094486, 51.566091557031676 ], [ 0.229705983322828, 51.565463115725976 ], [ 0.229094543584133, 51.56486916360118 ], [ 0.228392654429316, 51.564315419269853 ], [ 0.227607076527677, 51.563807214031478 ], [ 0.226745375516072, 51.563349440589192 ], [ 0.225815849134245, 51.56294650599137 ], [ 0.224827447348185, 51.562602289249348 ], [ 0.223789686229377, 51.562320104036786 ], [ 0.222712556416588, 51.562102666828018 ], [ 0.221606427037627, 51.561952070779995 ], [ 0.22048194601111, 51.561869765607881 ], [ 0.219349937682149, 51.56185654364689 ], [ 0.218221298770858, 51.561912532233471 ], [ 0.217106893628328, 51.562037192478911 ], [ 0.216017449801256, 51.562229324447145 ], [ 0.21496345490354, 51.562487078687433 ], [ 0.213955055780969, 51.562807974011498 ], [ 0.213001960933728, 51.563188921345514 ], [ 0.212113347130992, 51.563626253428822 ], [ 0.211297771112631, 51.564115760075104 ], [ 0.210563087225323, 51.564652728658892 ], [ 0.209916371784702, 51.565231989439532 ], [ 0.209363854891778, 51.565847965288782 ], [ 0.20891086036163, 51.566494725345017 ], [ 0.20856175434564, 51.567166042079982 ], [ 0.208319903146128, 51.567855451229889 ], [ 0.208187640634948, 51.568556314015972 ], [ 0.208166245595994, 51.569261881056107 ], [ 0.208255929216808, 51.569965357353148 ], [ 0.208455832857139, 51.570659967734379 ], [ 0.208764036123561, 51.57133902211212 ], [ 0.209177575179835, 51.571995979936361 ], [ 0.209692471123792, 51.572624513217761 ], [ 0.210303768163828, 51.573218567512946 ], [ 0.211005581232855, 51.573772420282999 ], [ 0.21179115258551, 51.574280736061155 ], [ 0.212652916836614, 51.574738617896372 ], [ 0.213582573816165, 51.575141654574743 ], [ 0.214571168539376, 51.575485963162031 ], [ 0.215609177520297, 51.575768226455018 ], [ 0.216686600594961, 51.575985724978793 ], [ 0.217793057365667, 51.576136363220115 ], [ 0.218917887332319, 51.576218689842335 ], [ 0.220050252740227, 51.576231911685937 ], [ 0.221179243146934, 51.576175901418978 ], [ 0.222293980693574, 51.576051198763317 ], [ 0.223383725059348, 51.575859005284833 ], [ 0.224437977080821, 51.575601172798073 ], [ 0.225446580031084, 51.575280185498315 ], [ 0.226399817576966, 51.57489913599391 ], [ 0.227288507465467, 51.574461695471868 ], [ 0.228104090032785, 51.57397207828577 ], [ 0.228838710680568, 51.573435001309086 ], [ 0.229485295523447, 51.572855638447905 ], [ 0.230037619479208, 51.572239570753396 ], [ 0.23049036614724, 51.571592732616708 ], [ 0.230839178901365, 51.57092135456675 ], [ 0.231080702709149, 51.570231903223551 ], [ 0.23121261628022, 51.569531018987369 ], [ 0.231233654240253, 51.568825452064615 ], [ 0.23114361912405, 51.568121997447967 ] ] ] } },
{ "type": "Feature", "properties": { "NLC": 9586, "total_activity": 10405.573640261964, "log_total_activity": 9.2501929662449562, "direction_balance": 0.16251720276513171, "post_2300_share": 0.070584262720519597, "midnight_share_common_window": 0.0127143043199913, "night_tube_extension_share": 0.0, "post_0100_share": 0.0, "common_window_persistence": 0.0170086347061825, "weekend_common_ratio": 0.68876100095198467, "volume_band": "medium", "cluster": 2, "Station": "Imperial Wharf", "mode_label": "LO", "tot_entry": 6048.3291807219603, "tot_exit": 4357.2444595399966, "easting": 526300.66666666663, "northing": 176671.0, "lon": -0.1828133333333333, "lat": 51.47491, "coord_source": "naptan_rse_tmu", "catchment_area_m2": 1720463.0651788863, "station_in_lnwc_extent": true }, "geometry": { "type": "Polygon", "coordinates": [ [ [ -0.171385421252509, 51.474028477311343 ], [ -0.171579100507806, 51.473333151177748 ], [ -0.171880971714789, 51.472653027922441 ], [ -0.172288123347384, 51.471994656644959 ], [ -0.172766675509291, 51.471401505713729 ], [ -0.179985878484395, 51.467945928373858 ], [ -0.180849025446961, 51.467825037008375 ], [ -0.181970551045086, 51.467738842817539 ], [ -0.183100201385485, 51.467721712525254 ], [ -0.184227102426746, 51.467773811079027 ], [ -0.185340406539282, 51.467894637024266 ], [ -0.186429396780241, 51.468083027322791 ], [ -0.187483589919778, 51.468337168531058 ], [ -0.188492837233544, 51.468654614231838 ], [ -0.18944742209709, 51.469032308552094 ], [ -0.190338153447825, 51.4694666155428 ], [ -0.191156454218797, 51.469953354139243 ], [ -0.191894443895807, 51.470487838367461 ], [ -0.192329845636346, 51.470874060443727 ], [ -0.192287943896668, 51.475055978700226 ], [ -0.183452266048546, 51.482086875401251 ], [ -0.182528775282782, 51.482100875738134 ], [ -0.181401523797684, 51.482048757519514 ], [ -0.180287887257793, 51.481927891149546 ], [ -0.179198595380959, 51.481739441219887 ], [ -0.178144142988725, 51.481485223465675 ], [ -0.177134688768377, 51.481167687245772 ], [ -0.176179957295665, 51.480789891911776 ], [ -0.175289145267289, 51.480355477294658 ], [ -0.174470832850595, 51.479868628595142 ], [ -0.17373290100732, 51.479334036018379 ], [ -0.173082455589344, 51.478756849543686 ], [ -0.172525758937658, 51.478142629267538 ], [ -0.172068169642053, 51.477497291799892 ], [ -0.171714091038991, 51.476827053233087 ], [ -0.171466928939645, 51.47613836923334 ], [ -0.17132905899002, 51.47543787283476 ], [ -0.171301803971355, 51.474732310535273 ], [ -0.171385421252509, 51.474028477311343 ] ] ] } }
]
}
