NLC,Station,cluster,n_intersecting_lsoa,imd_income,imd_employment,imd_education,imd_health,imd_living_env,population_density,no_car_household_share,deprived_1plus_share,deprived_2plus_share,private_rented_share,social_rented_share,asian_share,black_share,dependent_children_share,lone_parent_dependent_share,one_person_share,age_0_19_share,age_20_34_share,age_35_64_share,age_65plus_share,self_employed_share,part_time_employee_share,unemployed_share,hospitality_industry_share,shiftwork_industry_share,accom_food_share,transport_storage_share,admin_support_share,wholesale_retail_share,health_social_share,manufacturing_share,public_admin_share,bres_manufacturing_share,bres_wholesale_retail_share,bres_transport_storage_share,bres_accom_food_share,bres_info_comms_share,bres_professional_sci_share,bres_education_share,bres_health_social_share,bres_admin_support_share,poi_count,shannon_group,bres_total_jobs,bres_manufacturing_per_km2,bres_wholesale_retail_per_km2,bres_transport_storage_per_km2,bres_accom_food_per_km2,bres_info_comms_per_km2,bres_professional_sci_per_km2,bres_education_per_km2,bres_health_social_per_km2,bres_admin_support_per_km2,cluster_name,log1p_poi_count
1022,Haggerston,4,22.0,0.3417727272727272,0.1671818181818182,12.241363636363637,0.5035909090909091,35.87077272727272,20510.093214865876,0.658351278227631,0.5349361387103917,0.2239435630865148,0.26959393795005837,0.46969713670140395,0.09386419239385976,0.2086745810235893,0.23597442467420962,0.08700057391532418,0.3375343626160325,0.19564266285558868,0.3244181274212123,0.39069744307027227,0.0892417666529267,0.12534734766843977,0.09193822012833905,0.04550180346717596,0.04562006877972181,0.1923319496722919,0.04562006877972181,0.035607418564525255,0.05280200928350166,0.10392252182426485,0.1116669452486581,0.028243946209598362,0.038608566795288,0.005775613275613267,0.08676406926406925,0.015378787878787875,0.10268759018759016,0.07757647907647905,0.14309163059163058,0.13212193362193364,0.1488997113997114,0.1088044733044733,44.5,1.7499308791708799,471.8181818181818,25.787620339768658,376.7405708143958,99.4768442088793,567.8680911375968,590.3139617345677,903.7669865107688,756.0010697523169,978.4950762373435,644.875270946384,C4 inner-middle ring mixed,3.817712325956905
1023,Hoxton,2,18.0,0.35566666666666663,0.15355555555555556,12.857499999999998,0.5769444444444444,41.113277777777775,18768.617340713008,0.7314573564977145,0.5347434411952718,0.21889330732656942,0.3531845155249076,0.4437356954915728,0.19794443416669608,0.1625037794781906,0.21965288917237852,0.0792089367686772,0.3567459054993434,0.1892604401812776,0.398447046780787,0.3456990292363519,0.0665934838015835,0.1100374494275673,0.09284141275943655,0.046623688497602817,0.0622033146628289,0.1983362114720192,0.0622033146628289,0.03300672671055834,0.05513779394358013,0.11019169081788066,0.10314766417635524,0.02722584552134395,0.03466286478795378,0.011718111977998961,0.09162667772696019,0.006339416494783717,0.13395420440618178,0.11893186709712131,0.14728960780796937,0.13271939736346514,0.15927454936776966,0.056394703016171915,212.11111111111111,1.7031350333530555,4481.944444444444,218.44558477659663,1646.0232789603738,252.5456628102857,1933.1145583051803,4403.398839555371,4050.886614327714,910.8483969658005,1949.5403181211445,1845.2364427882244,"C2 central interchange, direction-balanced",5.361813678107164
1024,Shoreditch High Street,1,13.0,0.3249230769230769,0.1360769230769231,11.112076923076923,0.43407692307692314,46.46861538461538,20149.600232397905,0.7457680290843851,0.49805001746175265,0.19582521338884185,0.45506905338964826,0.31198094157683254,0.3652920373778359,0.05633499590478268,0.19755633009477488,0.04733046674312285,0.3650716898072442,0.1708779882783096,0.45691156638809216,0.3182357005896582,0.05397474474393993,0.10488240961775136,0.07988248205358749,0.044806773215679496,0.06615318547496576,0.18304916606662364,0.06615318547496576,0.03218776511961666,0.04326878911798986,0.10759261182901705,0.08550658018808951,0.02598046275267938,0.034828602506962146,0.012543326757165792,0.08804745263421418,0.04551949186699062,0.11546684309601862,0.1334030838066546,0.14466872958007562,0.11721163389934984,0.10771963103541181,0.06250392500557053,713.5384615384615,1.603661249069846,40525.0,324.22817533511767,3244.4401243706234,1984.475264797957,3716.0981016599562,11401.814305741069,11541.610570830526,1083.466091096068,2251.241015190194,6634.238850030471,C1 central departure-oriented,6.571636825925984
1039,Rotherhithe,4,8.0,0.23875,0.11937500000000001,12.24125,0.17025,24.224,13952.090130938244,0.5992439051264602,0.47801324436312564,0.1696322257325828,0.3500046282791137,0.35619877731493876,0.1294412402458503,0.1411688685905569,0.21735853878902772,0.07465211986378226,0.32387002615030014,0.17482911776436988,0.3692608950674586,0.37562571795034916,0.0802842692178222,0.09557568749044872,0.08954378738550159,0.04187876867624167,0.05384087294991791,0.18149456719670357,0.05384087294991791,0.037911113434473884,0.05297451775616774,0.09060893600606186,0.12002340446965155,0.0246532443245275,0.04575562359728698,0.0055,0.09237499999999998,0.00975,0.17772321428571428,0.10292261904761904,0.09804761904761904,0.2225297619047619,0.09591666666666666,0.020098214285714275,54.125,1.7467821075343357,481.25,21.782340588060332,327.4422807857911,29.59715074566409,408.44033192888287,178.90027371861873,209.81726893666317,348.9685573131113,322.47009077104985,41.60560089627249,C4 inner-middle ring mixed,4.00960333376701
1082,Shadwell LO,4,18.0,0.45866666666666667,0.16444444444444445,17.6045,0.3147777777777778,36.888111111111115,25248.805684222472,0.6575093385994388,0.5963629463646661,0.24884694090360768,0.3685982251646305,0.38553926477334705,0.5271341072390244,0.05483965223775217,0.29735952016644834,0.05958090703129573,0.31528060125952495,0.24473326945459536,0.34554637738593913,0.3410474495084288,0.06867290365103666,0.08210226825790684,0.11954119602642484,0.046130266528302086,0.09723551742122014,0.22553941208760542,0.09723551742122014,0.05246278911706992,0.05106737334029799,0.1220092496302374,0.11460490722896349,0.01696566929965402,0.04271219635795462,0.012980599647266305,0.17242835097001763,0.007923280423280407,0.10427689594356257,0.05502314814814814,0.10610670194003526,0.14491622574955904,0.1026432980599647,0.10136463844797176,61.72222222222222,1.7402076757024298,519.4444444444445,125.73958527905853,1253.5857605374235,63.58306330156045,614.0233366912827,269.8168001711623,620.529750225173,667.4218333746292,436.3869848047692,694.3619639718852,C4 inner-middle ring mixed,4.138715806253497
1083,Surrey Quays,4,14.0,0.25357142857142856,0.11907142857142856,12.921142857142858,0.25807142857142856,26.983071428571424,15123.00101995266,0.6466690943038123,0.5240911106866796,0.2043166187111459,0.3688348521176565,0.3558398626742152,0.13047845283754053,0.21496292973937456,0.22884599128729985,0.08095178533774804,0.33427299093278356,0.18654630486731713,0.3882253925946748,0.36380449985662056,0.06142380268138741,0.09270770076557329,0.0919422103759755,0.049481596860179035,0.08332721896225337,0.21171506469457757,0.08332721896225337,0.03834508184781497,0.06522916604333497,0.10814081680342755,0.1255300750679773,0.022638300952784223,0.044128424649902444,0.06540476190476188,0.1448690476190476,0.04739682539682539,0.10492063492063489,0.08699603174603174,0.07978571428571427,0.05920634920634921,0.11215079365079365,0.08732936507936506,59.857142857142854,1.7419740847410883,621.4285714285714,292.1931813233067,591.6862184237851,142.57546931128192,323.56115248127963,357.86304779401013,360.80977110418024,211.84254559995824,692.2193728327466,306.0216386819214,C4 inner-middle ring mixed,4.108529197214057
1085,Wapping,4,8.0,0.236,0.09625,7.454375,-0.15987500000000002,30.95225,12867.42780713012,0.6212443595336642,0.4418138654522065,0.14059836694914896,0.4272034188466502,0.23389587875691176,0.2681872328789034,0.05792514577484099,0.20483621366552965,0.04976381367692452,0.35397991375820465,0.17331380909504057,0.3822884174986252,0.3785384281219174,0.06585934528441678,0.09987327769211976,0.08144205812880845,0.03939291600286336,0.0524719707041998,0.16089700880399935,0.0524719707041998,0.035213206850109674,0.04143537065061879,0.08424843130327078,0.08990669475883378,0.021366075771091463,0.034037920147687924,0.005618686868686862,0.10014790764790762,0.0197330447330447,0.13138888888888886,0.09959415584415582,0.1747826479076479,0.10176767676767674,0.05908639971139967,0.1184938672438672,76.625,1.8784324049059187,1812.5,112.90350805349857,496.4095228309463,298.9126319884772,742.2387455364765,784.2882197645104,1807.593621270119,782.4798544588144,311.9222308993956,874.7519647540223,C4 inner-middle ring mixed,4.351889540253643
1335,Barking Riverside,0,5.0,0.3874000000000001,0.1424,13.002,0.071,12.2546,5229.516978426486,0.28533640551082967,0.48453931133599076,0.1654483013714268,0.20860665209983967,0.34892359889854097,0.23482383475895116,0.36365855238951966,0.551737612236179,0.15762349055871808,0.20251934176109937,0.3545874819707813,0.25128560693226226,0.36842393186386424,0.0257029792330921,0.11930587440788074,0.13512817320138693,0.05179068486068268,0.05456290740831589,0.28930307897373425,0.05456290740831589,0.08162611512102239,0.08071081216980852,0.1269661516829032,0.18103565415419365,0.026108476013750836,0.050281084179278145,0.07527777777777778,0.2427083333333333,0.2767708333333333,0.014652777777777749,0.00434027777777775,0.016805555555555525,0.04791666666666665,0.014131944444444426,0.10534722222222218,120.6,1.648044751607396,1810.0,353.4633007020143,1194.366571525375,1710.5477914843389,58.18764512097907,16.87959059468277,58.47816044678996,252.11672882281937,81.2215008359843,252.84763111661564,C0 outer arrival-oriented,4.800736969532067
1398,Hatch End,2,8.0,0.16175,0.080125,6.367749999999999,-1.07925,20.640749999999997,3414.797593705962,0.1516625063890702,0.459183737052921,0.13510593109864955,0.1820857635944082,0.09554448581278567,0.43951075810986606,0.0671685640420384,0.3408116261074186,0.04180927677853165,0.20168293026573572,0.22923128245072502,0.15239047392301286,0.3997844942816322,0.21859374934462975,0.13837479904287883,0.10747118521109919,0.02898406359276029,0.033847054685842703,0.2253639736330531,0.033847054685842703,0.046027555884355184,0.04591119904859354,0.13342521870010426,0.1406121171727046,0.03544070021967252,0.044986815047509884,0.0,0.12730654761904758,0.008606150793650775,0.07641369047619045,0.06016865079365076,0.09960317460317458,0.16879960317460313,0.15287698412698408,0.0200644841269841,56.125,1.6070912164284776,350.0,0.0,94.22799581551219,10.07607040949057,97.431778682628,31.52568438790841,65.56403956684201,135.80525747720284,91.40912065770897,15.374992098553491,"C2 central interchange, direction-balanced",4.045241849214369
1404,Acton Central,2,18.0,0.29355555555555557,0.1435,9.377888888888888,-0.18544444444444444,34.01744444444444,14320.999522841017,0.47841993696602825,0.5105817269331178,0.1905220805777193,0.3575040729782455,0.2411086354326945,0.1203132799881702,0.12879063065134966,0.29148059051584585,0.07202669764527174,0.32410402069264116,0.22726744795005654,0.2630146185059806,0.4082326490747687,0.10148528446919391,0.13549981579988138,0.10114213528990884,0.044955015309183596,0.06709859152140395,0.2293931255960594,0.06709859152140395,0.04173389417304317,0.058809726015500545,0.12884950540751558,0.1136772039493913,0.03676079605912255,0.03358678572010455,0.012407407407407405,0.17359788359788358,0.022548500881834202,0.052742504409171054,0.06342592592592591,0.10661375661375659,0.07974867724867724,0.15157407407407403,0.07288800705467369,57.5,1.6384936091248183,466.6666666666667,157.22231354258395,780.5364189880727,65.04506039583497,195.2552918251359,173.65643848625717,194.57730199707254,129.9871922249455,310.91586169338365,220.05296070991545,"C2 central interchange, direction-balanced",4.069026754237811
1409,Gospel Oak,2,15.0,0.32780000000000004,0.17433333333333334,13.231800000000002,0.38786666666666664,40.40293333333334,14137.819716942393,0.5781540903012857,0.5549553124896608,0.23937610770504975,0.2183056618718975,0.4364685926211419,0.1316067399355451,0.09983813418035638,0.2704032530201574,0.08179681483910138,0.34851305410620875,0.22185673462838953,0.2505606827976353,0.3880804652785813,0.1395021172953937,0.13954817227656405,0.09109759085795036,0.04296282428916884,0.046480788869144016,0.17981408454997286,0.046480788869144016,0.033778660613988806,0.04328109556186567,0.10275432837411831,0.13538152109208085,0.020779487324537087,0.04635804425245664,0.03389629629629629,0.1114169312169312,0.026311111111111108,0.1244232804232804,0.07245925925925925,0.14182910052910053,0.1506984126984127,0.14894497354497352,0.02197883597883597,57.53333333333333,1.7805957796989091,805.0,131.40769730611055,423.4063390885264,258.3915238824554,395.49736518055795,418.5356575424585,410.7023217092918,669.9230954015594,817.4287895265255,153.73258357865282,"C2 central interchange, direction-balanced",4.069596392532906
1413,Hampstead Heath,2,9.0,0.1398888888888889,0.08555555555555555,4.797111111111111,-0.6674444444444445,40.147111111111116,9820.823093372817,0.5124388917596715,0.43069607913431035,0.1251464606226141,0.315913457659328,0.21568139239114847,0.11009696147245435,0.04074829829065616,0.24512967206160216,0.04993479716258144,0.36398283847922996,0.20097763514979314,0.22106040802480256,0.42077846041147066,0.15718349641393356,0.1756089957651371,0.06760642934884836,0.031180530498311584,0.02928793888911328,0.11628852257956906,0.02928793888911328,0.017165104115923067,0.02681778267053371,0.07230563579311221,0.15040750932476488,0.026129010946482623,0.03444262656244518,0.007243867243867223,0.1018093634760301,0.012588183421516744,0.07915945165945162,0.0643460397627064,0.09107002565335895,0.09952741702741702,0.3051402918069585,0.039112754529421166,59.0,1.9074269096888428,1852.7777777777778,28.993407027787143,385.43669558823694,82.56402717400634,348.5356239374678,301.1668176023907,392.3454708939075,513.8748418235114,8075.689301468157,273.6901033224013,"C2 central interchange, direction-balanced",4.0943445622221
1415,Kilburn High Road,2,16.0,0.35225,0.1619375,14.21025,0.12175000000000002,38.530812499999996,17877.56474304392,0.6411264979569886,0.5626069274401122,0.23018920400461346,0.3928344188561882,0.33264617447745315,0.14429258730040595,0.13356925298771324,0.24319220363040533,0.07431616884516601,0.38480203936390633,0.20765020539425572,0.29020051088271526,0.39633646772059516,0.10581281600243375,0.12041571445626248,0.09119177966513946,0.049089902595450596,0.06756069463703142,0.20624060689644924,0.06756069463703142,0.03795403322862777,0.04890100283218279,0.11938557083563862,0.11994560225189542,0.02816836641370566,0.03304232321468609,0.01826388888888889,0.15734176587301585,0.025723214285714273,0.08461309523809521,0.06533432539682538,0.11163938492063491,0.09209920634920635,0.16472867063492064,0.06676240079365078,60.6875,1.6621443600342396,451.5625,88.3558328615076,788.3957621473867,86.60168178446557,430.0215511589131,235.49673454450976,329.3253336774029,423.29633862034984,465.1202943956765,275.8947896723433,"C2 central interchange, direction-balanced",4.1220813171937
1429,Dalston Kingsland,2,19.0,0.3345789473684211,0.163,11.647631578947369,0.6174736842105263,39.038157894736834,17247.28529658774,0.6800421959556818,0.5186512622347659,0.2167247104777921,0.33081733921045553,0.3798375509599657,0.08631809126118889,0.1960786928946381,0.22957441852547622,0.08760329384099966,0.34389782872012525,0.18805707575302666,0.3505314862406546,0.3869022973855825,0.07450914062073609,0.14358327849962868,0.0924262465676058,0.04964849820108654,0.04898997328631787,0.18274483822246643,0.04898997328631787,0.026396299262627997,0.04933725602424127,0.10701128293559703,0.11117095798187412,0.03307425965868031,0.040261810807922176,0.023075605680868833,0.15647723475355052,0.0065873015873015835,0.11657581453634083,0.0839456975772765,0.11813283208020049,0.11410108604845441,0.15919590643274853,0.033863617376775255,67.63157894736842,1.822870798779295,506.57894736842104,187.85775163140696,1049.7093459228643,30.114535896728878,660.9228014624482,355.85474978981466,679.9277096962506,525.0299099144795,654.7351380258997,179.40666223971115,"C2 central interchange, direction-balanced",4.228752763320158
1434,Headstone Lane,4,12.0,0.25775,0.11316666666666668,13.022499999999999,-0.51275,21.013749999999998,6134.871405904928,0.19764709010054438,0.5133663740458111,0.17212564950110368,0.20382386810299083,0.15284393145818514,0.4266530366433086,0.08443351545317897,0.38335393635039167,0.06098643073777963,0.19507667948482618,0.2511560190774194,0.18509338031063857,0.4031616896185312,0.1605889109934108,0.13070627463531043,0.1133037898957988,0.034476148804080016,0.03455864474137279,0.25065581141512366,0.03455864474137279,0.05563699664371932,0.053890382675475655,0.1411284320959286,0.14656039882950508,0.030941754786423675,0.04242031052890083,0.0,0.14686838624338625,0.06592261904761904,0.07061838624338623,0.08597222222222221,0.06232142857142856,0.1833531746031746,0.11636243386243385,0.029348544973544968,39.75,1.614463850001644,297.9166666666667,0.0,119.75093282659277,110.2352085953459,46.72956848235511,55.04599997338992,42.35167204313822,158.37924490546052,118.62294466975624,24.623905120051493,C4 inner-middle ring mixed,3.7074558396868715
1437,Brondesbury,2,12.0,0.3179166666666667,0.157,11.289500000000002,0.22341666666666662,42.32141666666667,21197.27718234614,0.6284017508931004,0.528317582823362,0.21616518195208065,0.4402965705820405,0.26268695481324134,0.13618493812433777,0.11519370651985227,0.21730698736176812,0.06121562604001835,0.38139843392848966,0.18342484767481423,0.3284788502159051,0.3936201838055304,0.09447611830375024,0.11639846754259274,0.08760993601119453,0.044016460694806275,0.06341648129575965,0.18320245392240056,0.06341648129575965,0.027476572737414207,0.04413367835187354,0.11159220283311272,0.11419417091723832,0.027221607605924777,0.036231980003201096,0.022410714285714284,0.19360119047619048,0.013154761904761891,0.11339285714285714,0.060744047619047614,0.10735119047619046,0.06294642857142856,0.1438988095238095,0.07392857142857143,69.58333333333333,1.607176985290607,529.1666666666666,118.36030415347564,788.4229648060008,73.39579897149731,565.077686675291,242.30030870276187,428.20232384475094,381.4657297972785,488.9807373844124,238.57695549622102,"C2 central interchange, direction-balanced",4.256794044864054
1438,Brondesbury Park,2,10.0,0.2671,0.1285,8.303799999999999,-0.2827,36.55329999999999,11429.371902830177,0.5149241784167312,0.5115908121109103,0.20449383857041448,0.37004278776582095,0.22528253860376807,0.11906446327404327,0.11851075448429234,0.2673614065102324,0.06208044400280906,0.35790602303954927,0.20777744244720808,0.25325064442982426,0.4146624907455207,0.1243094223774468,0.1493392432285389,0.08492186544447812,0.04410293326362951,0.06142976734036176,0.19238305943640654,0.06142976734036176,0.02989525932442666,0.04521220749068347,0.11727559262129632,0.11560784439263012,0.029986079419439184,0.03205250059219569,0.00999999999999999,0.11699999999999997,0.0,0.07533333333333334,0.07549999999999998,0.11316666666666667,0.18299999999999997,0.1343333333333333,0.059999999999999984,42.3,1.597366214952053,397.5,22.970813738603034,251.208587797436,0.0,147.39746815808343,167.58334171812172,194.58813106209666,314.8242654604031,323.31729691879144,130.6530447126557,"C2 central interchange, direction-balanced",3.768152635008444
1439,Caledonian Road & Barnsbury,2,19.0,0.2817368421052632,0.14573684210526316,14.763315789473683,0.3247894736842106,39.13657894736843,17060.586563280707,0.6647480871889689,0.5151186860275953,0.21779319019821472,0.3035896836846711,0.42593704514452174,0.11955995731299966,0.1180665550618306,0.21576640889152057,0.07976862746996702,0.3626315888574182,0.1862692550820941,0.35746767922534023,0.355118373946834,0.1011446917457316,0.11275591767832466,0.07736520497696964,0.0464065732214547,0.043930566703595034,0.17349927833722278,0.043930566703595034,0.03310166546383362,0.040253545048093184,0.1001440678252959,0.11561889292543,0.02687919952797214,0.04132363025630037,0.01647034252297409,0.14641666666666664,0.009055973266499573,0.09703216374269004,0.07710902255639096,0.11168567251461986,0.1003847117794486,0.11866395154553049,0.05489264828738512,95.15789473684211,1.8048297774524078,2605.2631578947367,147.45826035857672,1256.2979221162088,241.22326751486722,1143.517623144283,1151.4836719003795,1450.081890208178,796.5661918878455,1329.4080881073903,550.7666436725812,"C2 central interchange, direction-balanced",4.565991577211566
1440,Camden Road,2,12.0,0.31708333333333333,0.158,13.590166666666663,0.47866666666666674,41.17641666666667,15073.976212166766,0.6916587093354541,0.5581733068587842,0.23313929503278497,0.32872567493073584,0.4220070697686055,0.18155678359018657,0.11976975023066418,0.20976538697149902,0.07862129247161685,0.3743462545858411,0.19598500215798698,0.3568717468092497,0.35649565789479803,0.0906475931379651,0.11519721329997,0.07944966014011155,0.04834997195532926,0.06001449230437151,0.17312340742774915,0.06001449230437151,0.030603583781765264,0.04231772917466684,0.10020209447131695,0.11965726913103118,0.02222033738961851,0.046318894489300655,0.02466666666666666,0.20586011904761903,0.01146428571428571,0.08856150793650791,0.0825972222222222,0.14379662698412696,0.06221230158730159,0.11125892857142855,0.06713492063492062,94.33333333333333,1.7842041222866805,3612.5,215.5640135121371,1851.586175728191,364.17581636076983,1180.0572618372116,1478.749097280771,2181.0387700794017,574.9084216723204,1285.3434559425677,899.1439416122829,"C2 central interchange, direction-balanced",4.557379522151743
1441,Canonbury,4,22.0,0.2988181818181818,0.15904545454545457,11.947545454545455,0.380409090909091,37.387454545454545,15575.401708671387,0.6393070849445324,0.49022645714048435,0.20154725473173227,0.2803827801347558,0.39132773897188583,0.06969255558223125,0.1217232389183135,0.23260045393233833,0.07898964259758097,0.34350969994742775,0.18719660705641272,0.31735434198018714,0.3976951051579924,0.09775394580540771,0.1321937612113412,0.08634148057030122,0.0422948700535646,0.043906803300771784,0.16567301347599103,0.043906803300771784,0.025949722586541,0.04441179079149775,0.09531150009795221,0.10549603662238073,0.02885611119384002,0.04251039234656875,0.019363636363636364,0.11525324675324673,0.003090909090909091,0.12561471861471862,0.0808354978354978,0.12726190476190474,0.07939393939393939,0.17668398268398267,0.06114935064935065,39.40909090909091,1.7128111269750064,267.04545454545456,37.21152357949521,264.01532125638835,11.346369634717291,302.8664877470494,185.90413754610574,274.1216641353842,233.62347219025506,348.57192938216934,125.69719440002535,C4 inner-middle ring mixed,3.6990547821555886
1443,Dalston Junction,3,14.0,0.28378571428571425,0.14235714285714288,9.825928571428573,0.4215714285714286,40.064571428571426,15108.661552406746,0.6639992498635069,0.491803905364882,0.1983163658179266,0.33943815792890736,0.3506371321182204,0.08282064776096429,0.1698306027035073,0.21285834451972008,0.07278429475229149,0.3333582196020802,0.1749379915557578,0.3534036602925791,0.3813414383015009,0.09031690985016205,0.1458389857125994,0.08083480703511921,0.046101069033979314,0.0428141412741288,0.16820754608220598,0.0428141412741288,0.024518211883696406,0.04467321136565418,0.0990161228328553,0.10359986678271714,0.03197661074101844,0.04079572121874173,0.026336734693877532,0.13829931972789114,0.023503401360544216,0.13787414965986394,0.0947755102040816,0.13578911564625845,0.10523809523809524,0.09796938775510203,0.06606802721088435,73.07142857142857,1.7952709520188141,610.7142857142857,231.98557817131174,1220.4305640054433,159.90257166237691,791.889842352319,442.7641974264737,853.5137872748861,286.9504887442689,549.8405336259741,350.3220485838186,"C3 late-night, extended-duration persistent",4.305029878614269
1445,Finchley Road & Frognal,2,12.0,0.12308333333333334,0.06825000000000002,5.123666666666666,-0.79725,41.115833333333335,10970.639739841077,0.5176850598755588,0.3951134993198153,0.11324521162352319,0.46384519299212496,0.10455437546904563,0.15545290719268054,0.03861176685380438,0.2676014360500729,0.040551894093214275,0.34957270737219764,0.21084163113370824,0.24882064217668645,0.4083570245484973,0.13198070214110785,0.16165101520314587,0.0620054836827231,0.028917492585331068,0.03749412220108989,0.12709775517664768,0.03749412220108989,0.014081173673471092,0.03135542006079088,0.0816611614423856,0.09914997264356229,0.028630293076568517,0.025090487250409188,0.0031249999999999997,0.08601388888888889,0.0045,0.12156944444444444,0.06058333333333332,0.09158333333333334,0.1536597222222222,0.1378958333333333,0.05222222222222222,76.5,1.6862307872214026,866.6666666666666,18.1965467580101,598.622134970596,17.522355251071282,779.0542675587659,342.2047280143166,498.92033895221863,804.1297584907647,1140.434580057514,347.3006369943364,"C2 central interchange, direction-balanced",4.350277936359301
1448,Kensal Rise,2,14.0,0.24121428571428566,0.12185714285714287,9.068285714285716,-0.38778571428571434,36.780857142857144,11607.334661668385,0.42909161557130693,0.5017289449786712,0.1848586785530831,0.2757706315196647,0.23059648859562706,0.13410936832965878,0.13682505800800007,0.3232292998581762,0.0748893353103959,0.27883863942531306,0.23218335636705958,0.2176121338976431,0.4301315931449224,0.12007291659037479,0.16074852859695102,0.09278755482294994,0.04847160660927442,0.057074308473415554,0.21299729359107072,0.057074308473415554,0.030736699955658742,0.05130625728220669,0.13095433635320525,0.12811494958836483,0.0330382876025111,0.03314696313858093,0.05880952380952381,0.07724603174603173,0.002857142857142857,0.07648242630385486,0.0789784580498866,0.11655839002267575,0.18237301587301588,0.08502380952380952,0.09190136054421769,42.214285714285715,1.6225278852330955,383.92857142857144,180.12286525284318,163.89877661353194,11.094728289436528,224.82126298203488,121.18921593222673,199.99182057358016,368.37837541160434,140.50744009796944,172.27785961951105,"C2 central interchange, direction-balanced",3.766171128415583
1449,Kentish Town West,2,11.0,0.3915454545454546,0.19618181818181818,19.117545454545454,0.6840909090909091,38.62290909090909,17654.062155038588,0.6584432764631596,0.6105634291821879,0.2834386933183086,0.24610414288237295,0.5152100868854125,0.17422124434730415,0.13097293081895464,0.26129609779285196,0.09659339777823826,0.3477287942893592,0.2240689461700394,0.2988812237594472,0.3691947545038834,0.10785507556662993,0.10589208053710544,0.09097404233487487,0.04846009836439836,0.055377002604056313,0.2023038221794421,0.055377002604056313,0.03845585908850508,0.04585778218090652,0.11799018091003041,0.1327905578583771,0.021621002119474635,0.0478611914483083,0.05167676767676768,0.14583982683982685,0.029454545454545455,0.12109668109668109,0.049879509379509364,0.12864790764790765,0.07597402597402597,0.115004329004329,0.03390909090909091,77.63636363636364,1.86670774102936,909.0909090909091,225.65745822589955,1036.109429125321,336.9934778608042,836.5558965331326,377.7971877299136,723.5858029661044,326.8065136336025,690.8240885202179,273.02163749897323,"C2 central interchange, direction-balanced",4.364834234133509
1451,South Hampstead,1,11.0,0.23854545454545456,0.11263636363636365,12.144727272727273,-0.5870909090909091,39.31963636363636,15487.684181588209,0.5812264997095524,0.48720565429969065,0.1783691850053863,0.41571897232340727,0.2515664255296773,0.2052236146200993,0.08629400241229401,0.27938278583609777,0.06645274689753579,0.34384442173291413,0.2262049070436171,0.2640401243815706,0.39619610890733825,0.11355885966747384,0.1226378785219055,0.07634318292007476,0.03799076545153866,0.05359710416614872,0.17853002851859137,0.05359710416614872,0.029045707935292982,0.0421065467816685,0.10737777380162977,0.1094206612929558,0.028685870431952254,0.029253950409645135,0.002020202020202018,0.1101046176046176,0.005844155844155836,0.07196789321789321,0.07537878787878784,0.09630952380952378,0.06519480519480517,0.21593975468975468,0.06214646464646462,53.72727272727273,1.6565622571033365,797.7272727272727,3.715840954605517,381.020349127408,24.4933853497086,244.07560840915477,357.92153864820926,354.2001798933515,569.235982428245,2470.7836173804544,317.3315393213181,C1 central departure-oriented,4.00236217251045
1452,South Acton,0,14.0,0.2267857142857143,0.11242857142857143,5.830214285714286,-0.5652142857142858,35.473571428571425,12863.159295671545,0.449969370582159,0.4320214124091048,0.1428961079501915,0.32062189984386097,0.19270385513583024,0.114141932724998,0.10705543287173172,0.27869865746389316,0.05610420781307559,0.3262532867784586,0.21476690441451143,0.25017182329701776,0.4216840737746321,0.11337719851383858,0.1347525550664494,0.08713025781273824,0.03961913134815968,0.05497445083780328,0.20280128941466893,0.05497445083780328,0.038564632680076726,0.05370681773136314,0.11052983900322896,0.10243042786681798,0.044105145976802484,0.035728102521680315,0.01851700680272108,0.11620748299319725,0.04497278911564624,0.06875680272108843,0.07557936507936507,0.1491179138321995,0.11244047619047617,0.116484693877551,0.05797845804988661,63.714285714285715,1.6893327987272664,1476.7857142857142,223.82383647899886,637.735805679263,221.96685404803264,259.382112661038,665.0744420855721,654.0062506551023,272.6478382525031,313.05556027430697,261.69578610719924,C0 outer arrival-oriented,4.169981976427721
1524,Upper Holloway,2,17.0,0.31341176470588233,0.1631764705882353,12.325000000000001,0.4488235294117647,37.281882352941174,17427.55100430203,0.6297271910514691,0.5428251837034536,0.22200017406754874,0.30659905671627036,0.3784994022403777,0.09129153813820794,0.13955572757360443,0.22911731425384496,0.08296472215376148,0.34428937602933113,0.1910604388147089,0.3293785786209841,0.38122653239677673,0.09833445016753024,0.11752175429901086,0.09108153258978409,0.04491132567334,0.06048758456142218,0.1705171137117119,0.06048758456142218,0.029970379776996674,0.04275096971752118,0.09779576421719396,0.1432770685154639,0.021852973954049684,0.04739927316954796,0.013295985060690936,0.12561811391223152,0.08179271708683473,0.09045658263305319,0.05938748832866477,0.05302614379084965,0.06211951447245564,0.24281045751633984,0.1042110177404295,49.588235294117645,1.6984066317836821,426.47058823529414,58.03451832149268,907.6554490761816,267.3478334948686,421.4273792454945,187.2150120042004,198.28450525282688,248.16397053586564,943.843336463145,427.7017595596945,"C2 central interchange, direction-balanced",3.923719045191337
3000,Acton Main Line,4,14.0,0.30092857142857143,0.13949999999999999,12.32092857142857,-0.22792857142857142,35.482214285714285,9923.107275967888,0.44224846529730094,0.5297373892653809,0.19340110796085036,0.38771068302451583,0.20111629951638754,0.1552878560173406,0.10367657479831043,0.29820481897059087,0.0757169681089652,0.3077399389362617,0.23389070580457316,0.26525290218758524,0.3883626550169824,0.112493736990859,0.13734576073172244,0.10097513281171973,0.04249729522554131,0.07760184062461221,0.23237215834726838,0.07760184062461221,0.03809338252334388,0.05971920722165401,0.1345595686022704,0.11146377206513157,0.04069425873582228,0.027568728383820067,0.007346938775510201,0.17519557823129248,0.02009637188208616,0.07518424036281178,0.0521938775510204,0.06744047619047618,0.10059523809523808,0.09986394557823128,0.08462301587301584,90.35714285714286,1.6306820521356953,844.6428571428571,34.630137698743184,597.6281207253843,52.72046793982208,217.0899034436754,124.58457893893082,150.61780566550985,139.36700343516958,188.87597294172545,227.70340306083693,C4 inner-middle ring mixed,4.514776471963584
3174,West Drayton,4,12.0,0.30700000000000005,0.14425,24.126583333333333,0.1655,22.38625,7309.087828000872,0.25704791628932994,0.561253192224574,0.20967864747823203,0.299185052171078,0.24403956832909549,0.28366298311278026,0.08574238889183267,0.3961534545774415,0.10552593885351041,0.23664975278509345,0.276864241548567,0.2455016197903763,0.37975026076153773,0.09788387789951887,0.10095728132871634,0.10657906157404783,0.0469055292602449,0.05854282437552552,0.3095256952173206,0.05854282437552552,0.10916821929613267,0.06308660944638828,0.13727086647479955,0.1252151659083098,0.05270313870108772,0.037645064836433616,0.022777777777777775,0.2128578042328042,0.07508796296296295,0.06081878306878305,0.08445238095238093,0.04385052910052909,0.10486111111111109,0.11359920634920634,0.05856679894179892,70.5,1.6585000197447572,606.25,24.784945545733752,295.20783492598207,137.82209253568104,98.33645151147091,69.04149454228059,45.71023042189316,140.84889880737754,163.88379435342355,58.32223975364048,C4 inner-middle ring mixed,4.269697449699962
3186,Hayes & Harlington,4,15.0,0.34720000000000006,0.13166666666666668,29.51126666666666,-0.16146666666666665,30.5568,7854.673828286697,0.3077369865026001,0.6263289771266937,0.2464088885353293,0.37194879237595574,0.18532920908917075,0.5341367719927799,0.11275431496910467,0.41675875961627057,0.08062100154014233,0.20747292179411064,0.26855823707169946,0.2500114550039662,0.3925411696825967,0.08888913824173743,0.09588815305917468,0.13016580865660993,0.0549682021504095,0.06821272750226726,0.39573081143882083,0.06821272750226726,0.13553291786908941,0.08262232882224511,0.17757556474748626,0.11014025538719714,0.048367360872726396,0.03837388360971382,0.04833544973544972,0.20835079365079362,0.08640264550264548,0.0720232804232804,0.06128888888888887,0.0283179894179894,0.09650793650793651,0.04828148148148146,0.05980052910052909,91.8,1.6619257674117234,1413.3333333333333,241.75789510003793,1045.64920776443,347.51089914791214,291.6139950402241,369.66035487254373,168.45366698792438,147.84832914064035,179.43727313837564,604.0984188136015,C4 inner-middle ring mixed,4.530446639792155
3187,Southall,0,19.0,0.41410526315789475,0.14899999999999997,38.379999999999995,-0.013157894736842105,30.252526315789474,12062.468628384584,0.3988926940790047,0.7180907640094931,0.3266782483505743,0.37357790391732476,0.19906899033394074,0.7143088873172676,0.09108790730243829,0.448140282659981,0.06440912672515857,0.18242955211397352,0.26680592901049854,0.2141566642149767,0.4031507406985991,0.11588666607592554,0.0732512267107334,0.12097461750312934,0.05315954846879468,0.0737530813710265,0.4410573129925469,0.0737530813710265,0.12790661040098694,0.09563068352034404,0.21752001907121582,0.10065070697008004,0.06518475932605548,0.03492273090169841,0.05968253968253966,0.2447013366750209,0.0643922305764411,0.06868421052631578,0.01431620718462821,0.030655806182121947,0.08431077694235586,0.15047117794486214,0.053491228070175416,79.26315789473684,1.5930551704576335,753.9473684210526,264.6703385260744,646.4329044110812,141.47313198483775,260.9699397006892,29.246173309574182,99.83016960347543,229.7092554047708,330.0767242403215,225.92824226135698,C0 outer arrival-oriented,4.385310709875071
3188,West Ealing,4,18.0,0.26744444444444443,0.11738888888888886,6.990722222222222,-0.4237222222222222,38.342444444444446,10358.679945375603,0.397467622401667,0.46327786685435046,0.1583714832523896,0.37621692443018434,0.14577216902380163,0.15721178216772388,0.08137978641331693,0.2855579965409094,0.0613892903078396,0.3020579878410806,0.20906970540317768,0.23784901383341092,0.4300292815564824,0.12305199920692887,0.1344756909362349,0.09222782634160319,0.04339373066861854,0.04744172467489621,0.20150698450694657,0.04744172467489621,0.047513081138138756,0.05346124789592328,0.10053265547288445,0.10871188544228284,0.04007542517064182,0.03999919796768405,0.02376984126984126,0.10931327160493826,0.03100749559082892,0.10074404761904761,0.06648148148148145,0.10414131393298057,0.16313161375661375,0.12292328042328039,0.036286375661375644,58.0,1.600446168917462,861.1111111111111,62.77967207875705,493.2189997291355,67.35820329268662,414.51172871786406,325.5017197689435,441.74883454934326,478.9889241486048,634.557178624984,240.20730380516503,C4 inner-middle ring mixed,4.07753744390572
3191,Hanwell,4,15.0,0.30493333333333333,0.13793333333333332,11.782733333333335,-0.22546666666666668,32.9512,7869.5562646861745,0.33495420427381745,0.511332079558234,0.1848029852223441,0.2678925300938267,0.20247392618973697,0.1644081877434193,0.12562691920865413,0.3787144944593414,0.09140489439576997,0.24505378913216702,0.2644309985110815,0.19275920464378749,0.43096550259555466,0.11184429424957629,0.1376472139980758,0.11054569123781505,0.04437041241164419,0.04998814415403817,0.22856019098164598,0.04998814415403817,0.05410804099943602,0.06209788358364005,0.1123542663985698,0.13667798703901354,0.03921946859368444,0.04322273440098804,0.03233333333333333,0.11117301587301584,0.05370476190476189,0.07280423280423279,0.03650846560846559,0.061775661375661366,0.2151280423280423,0.17135714285714285,0.03313386243386241,60.333333333333336,1.7410389809740774,428.3333333333333,43.14187039722356,193.09375191610667,54.486230991630435,102.0426221833226,40.12638192671855,73.46375203525939,314.59831591016757,340.3759596449752,52.2009735597886,C4 inner-middle ring mixed,4.116323468940876
500,Acton Town,4,10.0,0.3198,0.1575,11.6727,-0.060899999999999996,33.3981,8861.957721413844,0.459651574447855,0.5301860311371132,0.19643187823642677,0.3363068247914675,0.24458822895408033,0.15589214318090167,0.12367394316402813,0.284616017096457,0.06980235599944984,0.31976701049231526,0.2210635509361804,0.2610085499951064,0.39828871219981965,0.11963918686889337,0.12656017816298581,0.09383348623558148,0.048928593234026124,0.06671692637298217,0.2371427754707624,0.06671692637298217,0.04585909938456241,0.06285984877706649,0.12842382730913343,0.11652815315124901,0.04140927796466747,0.03231901373730921,0.03192380952380951,0.1884920634920635,0.04353333333333333,0.07806507936507935,0.07727142857142855,0.06735238095238093,0.12473015873015872,0.11079682539682538,0.044590476190476167,86.5,1.7337729483580049,2055.0,305.1034152388148,1123.2379234011503,289.6797038431451,332.5854388089094,816.2323152542419,625.4762588170865,305.6372352667862,346.8913143386136,322.94072641269474,C4 inner-middle ring mixed,4.471638793363569
501,Barbican,2,10.0,0.1738,0.08380000000000001,7.4813,-0.41229999999999994,44.3553,16241.286303587203,0.7592517027275096,0.42536692426339817,0.124465015861609,0.41049671314066505,0.25967808037018114,0.14231696142717812,0.07105564053255899,0.13958472090273605,0.05395978075838337,0.451924377088306,0.1403984510671124,0.3760504779809225,0.3640787381384355,0.11947233281352951,0.12130948002300275,0.06218571388907734,0.034019395976176266,0.03503400285469814,0.12268539079008531,0.03503400285469814,0.02004993584557486,0.03684393435177336,0.06579152059273705,0.07945867744019648,0.02100244880729695,0.0386357711381134,0.01974968872113325,0.050522822269182824,0.00622841632052156,0.03279104340974438,0.16685845136573016,0.3190685798896885,0.03523118361668191,0.05470405145433137,0.10214666678972387,458.3,1.6406038492481811,32935.0,824.91916086727,4059.9261163545625,453.7913890462695,2992.5785943828428,19351.397716494084,40013.53482583175,3056.8943015867576,4360.965905527107,10066.621794119792,"C2 central interchange, direction-balanced",6.129703591331748
502,Aldgate,2,5.0,0.16999999999999998,0.0824,8.5108,0.0796,44.9668,12359.396135233528,0.8011463258685396,0.45268270010356054,0.15716162008184914,0.5464269098772362,0.26117759959936576,0.32158019686584854,0.0456656877473864,0.12241341167138764,0.0297603705550546,0.4314695895257784,0.12135186139831952,0.5144379176107854,0.31508477039647287,0.04912545059442204,0.08037128152933978,0.06502189384303039,0.046211881284133574,0.05448424533722186,0.16189886446317736,0.05448424533722186,0.02495251047970406,0.04989095723982894,0.08705539674364426,0.07897847743977113,0.018574984198654942,0.03672697097165744,0.00333741884258974,0.034417440551568854,0.00617163661581132,0.06969725522121045,0.20395240607851411,0.16684669541096303,0.037631811694707376,0.07637629650847247,0.12212296980843831,1489.0,1.569333820909304,100800.0,438.0886294547128,4066.0011100243355,958.5999491467753,6561.273340143506,30609.775881953123,27724.303270943703,2990.470422887396,6887.779051805674,19293.121764952062,"C2 central interchange, direction-balanced",7.306531398939505
503,Aldgate East,2,12.0,0.34558333333333335,0.12300000000000001,12.083333333333334,0.2690000000000001,40.509166666666665,42027.212692763474,0.7728039866225948,0.5025904305854216,0.18471944912289842,0.516440603685154,0.27161566232984663,0.4929462282667547,0.044945375896953854,0.2106329692026576,0.04470447869019619,0.34833103770753215,0.1976918856532778,0.48013053005444584,0.2773088406408501,0.0448687436514262,0.07256965866712034,0.08617087810779646,0.04318757649672122,0.0733588522185472,0.18714333547472403,0.0733588522185472,0.031690507962735266,0.044597259245279706,0.11085556826670899,0.09773276277655789,0.023947133253740854,0.03562994675985499,0.01775349378881984,0.10109528122843338,0.016061507936507912,0.12217408557625946,0.13306827984817113,0.15375189786059348,0.09831612318840577,0.0856724465148378,0.12278140096618358,177.83333333333334,1.6172446509679013,7037.5,505.1055550399007,3533.9684923585996,806.3597045073019,5845.063998889821,11168.001547992595,9240.023370296132,2115.5705024219933,4427.216158739716,7496.862138222107,"C2 central interchange, direction-balanced",5.186454273402643
504,Stratford International DLR,3,12.0,0.24283333333333332,0.09091666666666666,9.175833333333335,0.247,28.890500000000003,21659.326476642706,0.6805965734477946,0.37659393963401167,0.13199722895506136,0.4653692714374571,0.2676559959496031,0.23093709096862755,0.16418457754724872,0.22429770457762774,0.07131950959180625,0.2511385185266643,0.18667445793986667,0.49865188163883284,0.2844186909310192,0.0302549694902811,0.09367546255475206,0.07199974332683286,0.03785806592266657,0.04660220165294112,0.16851181976395632,0.04660220165294112,0.02816899537435903,0.044904112239843565,0.09543871214975364,0.11038946409974647,0.025864819404394807,0.041890536237695404,0.01886408730158729,0.15006547619047617,0.022490079365079362,0.13525992063492062,0.07438955026455024,0.09466931216931217,0.1340079365079365,0.07179960317460315,0.0654937169312169,95.5,1.7129889462195074,3404.1666666666665,42.46496842260898,1982.6988213328416,560.477858299567,1878.905972146337,498.08621074353147,1148.060575034257,580.2841247010457,675.3655075696274,404.47790396726054,"C3 late-night, extended-duration persistent",4.56954300834494
505,Alperton,0,14.0,0.3226428571428572,0.10078571428571428,34.679571428571435,-0.7802142857142857,26.038857142857147,9862.134099219218,0.3413894464277401,0.6262585524208466,0.2290937804082271,0.35913074596816597,0.09801647568392335,0.5891609993174896,0.09111243914458902,0.38088638345782994,0.05181304943319597,0.18453329044527103,0.23379640271500834,0.24716640946707935,0.4026931684912868,0.11634401932662546,0.11246690947347604,0.11475751522172103,0.038603638562424734,0.06026483500639,0.36462668354767264,0.06026483500639,0.07059605833581722,0.07110168297311023,0.22292894223874507,0.09309673735270922,0.10500852870707131,0.028603203949716122,0.057959183673469375,0.24280187074829934,0.013482142857142857,0.05706207482993196,0.035976473922902485,0.05717120181405895,0.11283446712018137,0.06833758503401359,0.08896400226757366,69.57142857142857,1.64902668786611,785.7142857142857,244.9711961350753,650.4495987153148,45.19562402850533,135.47822914245745,84.1966999605679,96.36560750602074,208.38765788814544,78.66438627967037,225.81033586135302,C0 outer arrival-oriented,4.256625368132609
506,Amersham,0,,,,,,,,,,,,,,,,,,,,,,,,,,,,,,,,,,,,,,,,,,,,,,,,,,,,,,,C0 outer arrival-oriented,
507,Angel,1,26.0,0.27215384615384614,0.14146153846153847,14.041692307692308,0.23761538461538462,38.59169230769231,19592.013813139485,0.7093761729253095,0.4839645969399966,0.19595065610149337,0.3201143957172483,0.4065536448026818,0.11627681990671833,0.1108103187280586,0.20036314698610436,0.07954523944804867,0.37953739551237864,0.1833522345104494,0.3727491188108021,0.35296637428502087,0.09093227239372759,0.10649848606597308,0.07414452793033632,0.04264302625631925,0.043112362517481254,0.16943694384451097,0.043112362517481254,0.03067121406092218,0.04237806450833497,0.09638766527525375,0.09384591761218501,0.02504180638592944,0.037069104616874675,0.01647150398620986,0.09817991812109457,0.01945234504058032,0.08327308230984701,0.0992460945916828,0.22192309487897727,0.07519758672699847,0.1128706456941751,0.11390479781656251,123.61538461538461,1.7169655387780987,3545.1923076923076,372.6609767235087,2499.405357391474,803.0792231785695,1958.188510783109,4001.766605479573,6462.817439727246,2316.3600817801716,2520.376684191804,5150.158888993383,C1 central departure-oriented,4.825232070764893
508,Archway,4,17.0,0.26441176470588235,0.1483529411764706,9.616176470588234,0.10482352941176468,35.57541176470588,15333.31760199686,0.5610852014379497,0.5108546575608789,0.19321932268952047,0.27412006675565187,0.34800303679921474,0.07804525543460948,0.11358511899900446,0.24086869001524208,0.07516417071462125,0.3510344605046296,0.20244788705656575,0.2691873153022173,0.40046785417822917,0.12789694346298766,0.137722529052033,0.09006505881764205,0.04287392978947839,0.04521520853524427,0.1573470716181824,0.04521520853524427,0.02749169158257024,0.04064636488103124,0.08920901515458081,0.1438705730768352,0.020029509681042827,0.04263253789200575,0.001411764705882353,0.09690873015873015,0.07442016806722689,0.0908814192343604,0.0877707749766573,0.09640289449112978,0.14382819794584498,0.12254785247432304,0.05660107376283846,57.94117647058823,1.6597268983013882,636.7647058823529,8.443894705543837,522.9844082191732,248.3541752736375,326.0699665096215,146.36410439555877,159.034150543403,433.29871880967204,971.8055905344892,170.9257948478966,C4 inner-middle ring mixed,4.076539937588594
509,Arnos Grove,4,14.0,0.23592857142857146,0.11721428571428572,12.49942857142857,-0.6931428571428572,33.161071428571425,6936.771587187681,0.2922853201006172,0.49466298420080285,0.16089764005707693,0.27958319359690265,0.11207009884278284,0.16116302234872684,0.08462899615879096,0.3373302111070166,0.07650488359937316,0.2559080663488928,0.2349742192230791,0.19998784900807684,0.41929019506631465,0.1457477367025293,0.15230427831973634,0.11606702506997246,0.03597913259466653,0.0577886383064412,0.2204061852509238,0.0577886383064412,0.038117927683647176,0.05703798193234842,0.12525027563492813,0.1265143287912151,0.022218449375347348,0.043903984531659036,0.02190532879818593,0.16235062358276645,0.045989795918367334,0.08428061224489795,0.06834665532879816,0.059495748299319716,0.12270975056689341,0.0991451247165533,0.06613520408163265,49.214285714285715,1.6621823340768238,496.42857142857144,53.399081426411236,361.32760314047897,91.45160141535688,105.80036082517104,96.09447735691762,93.27625954961073,144.1204241106207,115.38721984708978,139.42764659228186,C4 inner-middle ring mixed,3.916299562195406
510,Arsenal,4,20.0,0.27245,0.13755,9.327599999999999,0.2137,36.685300000000005,17578.037228585687,0.6354661752722375,0.482469749214702,0.18640843014423245,0.34393452981810935,0.32264652774624786,0.09089425806440514,0.1363203190989302,0.2261016117231826,0.0667501485566467,0.3380866064448099,0.18501630953535098,0.35556005688050085,0.3767061951475056,0.08271743843664242,0.12214653870266896,0.08257364538598579,0.04224929993548282,0.049273122776910684,0.16307894853417249,0.049273122776910684,0.028646576627643965,0.041821854156039576,0.09261051775048887,0.11904523792783284,0.02695302499835639,0.045971119385180906,0.006,0.11290238095238095,0.033,0.1588146825396825,0.04471547619047618,0.10906031746031744,0.058686507936507926,0.18576587301587302,0.07755555555555554,46.75,1.7223847673884076,379.5,35.75464719504888,658.3291084402492,47.71004853613947,536.2777963182655,119.52759907026646,281.7518018617157,290.13752111746527,732.5347282998533,534.8168124911898,C4 inner-middle ring mixed,3.865979066926739
511,Baker Street,2,9.0,0.08544444444444445,0.045000000000000005,3.7630000000000003,-1.3245555555555555,59.08288888888889,13641.00122943305,0.6883056022033802,0.36916271228124936,0.08499145726575169,0.5912440970826582,0.06710383725552739,0.18145987587026294,0.027170074947939712,0.14489502242250907,0.023219473312330277,0.4508432632954553,0.1281266565366933,0.3657594678304627,0.3743814711890885,0.13173240444375534,0.135333376630449,0.05807524898331034,0.024447738362665068,0.04361275913888754,0.1403742850264984,0.04361275913888754,0.014578212900926622,0.025749800312062546,0.10004627181350914,0.07399659163004249,0.034783769828362246,0.02345432650362731,0.008866305329719921,0.0936461156278229,0.05376618488407103,0.14225685034628122,0.06312932851550733,0.10402514302920804,0.09882565492321588,0.11725308641975309,0.05529885576633543,285.44444444444446,1.7121808766275044,8055.555555555556,299.0822273274527,5013.787350845107,1131.1460511909056,6038.652810146122,2400.3872368676402,5815.44484854436,2576.2719110819617,4634.569277754336,2354.1929626479446,"C2 central interchange, direction-balanced",5.657544606162913
512,Balham LU,4,20.0,0.12475,0.06685,3.0992,-0.6272500000000001,37.595299999999995,13514.609863748396,0.45362812091846305,0.36634256873882015,0.11051737049616528,0.35178296405076614,0.1479614979028499,0.08281121309106185,0.0746524540206874,0.2288927860878524,0.043297863563039815,0.2926598904911363,0.1709759195313184,0.3823026919514556,0.34902444619063583,0.0976969423265901,0.1136952840620544,0.06468446970785124,0.02669350088720592,0.028996485889943514,0.14301722688360421,0.028996485889943514,0.01787014059442986,0.045692700072032556,0.07945438621714171,0.10654856427023873,0.025045962953062013,0.05648536272687708,0.007039682539682531,0.09688095238095237,0.00670238095238095,0.11213888888888886,0.063547619047619,0.12949603174603172,0.13538888888888884,0.1765,0.057226190476190465,50.6,1.6103374635142238,401.25,21.574376417423263,431.43970752114075,29.834807559884307,409.9588346658297,132.14485642141477,259.7400733211244,443.9066654837831,352.1408658650224,226.4998511207667,C4 inner-middle ring mixed,3.9435216724875173
513,Bank and Monument,1,1.0,0.024,0.056,3.534,-0.259,50.257,1499.5597550506318,0.8316268486916951,0.3048919226393629,0.0398179749715585,0.7417519908987485,0.0113765642775881,0.1969135802469135,0.0111111111111111,0.0443686006825938,0.0079635949943117,0.4823663253697383,0.0573366214549938,0.5530209617755857,0.3489519112207151,0.0406905055487053,0.1261319534282018,0.0323415265200517,0.0291073738680465,0.0423370025402201,0.1066892464013547,0.0423370025402201,0.0101608806096528,0.0270956816257408,0.069432684165961,0.0516511430990685,0.0152413209144792,0.025402201524132,0.0038713592233009,0.0233009708737864,0.0069296116504854,0.0339805825242718,0.1457402912621359,0.1941868932038835,0.0060679611650485,0.0141990291262135,0.1021844660194174,5895.0,1.5024367517666457,412000.0,938.6961574983352,5649.832672090292,1680.236695710186,8239.33931346501,35337.937791214754,47084.88155526915,1471.3105916901804,3442.866784555022,24776.87036406264,C1 central departure-oriented,8.682029433869172
5131,Abbey Wood,4,15.0,0.3341333333333333,0.16926666666666668,20.441399999999998,0.26333333333333336,26.132800000000007,7073.642460096106,0.38957862228540086,0.6159880805128136,0.24830849163017393,0.2184486416695962,0.4059853047131396,0.10406768878169032,0.3509645485860783,0.38844919524302524,0.13369973606276636,0.2788666597419554,0.2932074302429972,0.20151909775975965,0.40170110070880477,0.10357237128843819,0.10115514103637056,0.12305285902860127,0.04844496572856943,0.055082878769467276,0.3083681533457952,0.055082878769467276,0.07491295267648876,0.08168305540757623,0.15177214526173008,0.18872739222869894,0.031800610666612154,0.05042743760929505,0.028444444444444442,0.1178174603174603,0.046095238095238085,0.029214285714285713,0.013999999999999993,0.08526984126984126,0.1733333333333333,0.1833492063492063,0.09142857142857141,43.53333333333333,1.6272380847034773,413.0,37.64692065191704,119.92733843848912,23.610070481010315,31.832576063558275,6.71469887047242,94.2378349363765,198.14584540320683,142.18047117287776,54.840374076069686,C4 inner-middle ring mixed,3.7962379724344357
514,Barking,4,19.0,0.4497894736842105,0.16384210526315793,25.280894736842104,0.12578947368421053,31.31368421052632,14106.830381980666,0.4646087262130477,0.6215019625648212,0.24129718168937386,0.375151368061341,0.25866708794873416,0.43251865420507213,0.2004574826972881,0.46478218525139614,0.10920862452106589,0.23322140029746327,0.3148021188622303,0.24117167847857662,0.3811338414435081,0.06289236121568482,0.12519232947858558,0.12938146489145735,0.0496473829599494,0.07229864968865073,0.3118111226697679,0.07229864968865073,0.07546315125479597,0.08734009887020236,0.14900787254476947,0.1313596493311567,0.03030016763833513,0.050091849869470004,0.003157894736842105,0.14633918128654969,0.057670426065162886,0.06005722639933165,0.021961988304093547,0.037956975772765224,0.14102506265664158,0.13385630743525478,0.1497080200501253,67.10526315789474,1.6209309773526204,785.5263157894736,22.59534651081692,573.5933916615654,154.100962758002,226.12348201369883,104.94401175361432,194.40581613901944,620.2383514366559,651.9239954551189,1115.7629061138107,C4 inner-middle ring mixed,4.221054495894405
515,Barkingside,0,11.0,0.22854545454545458,0.10154545454545456,12.811545454545454,-0.5154545454545455,23.050090909090912,6488.036704832153,0.22822973874253014,0.5313534604947758,0.1834211576152477,0.2555474759978527,0.1091345813635161,0.4954403038045215,0.0643745137504508,0.40121527834758447,0.05640828082184322,0.21543060082323037,0.25529704453370644,0.20939856529051043,0.39461563357802204,0.14068875659776095,0.14158292304248893,0.1179044636524273,0.036197391581348846,0.04539011738983901,0.26488272387935,0.04539011738983901,0.06065365794805466,0.05658227229285588,0.14764679363843938,0.12556095109555493,0.02967444789253879,0.04926733874459344,0.015151515151515145,0.19988816738816736,0.007113997113997109,0.06409090909090907,0.05406746031746032,0.042303391053391044,0.15252525252525248,0.11917748917748917,0.09943903318903317,52.63636363636363,1.6272111359779482,656.8181818181819,7.4442945748025435,285.62353204890223,6.530047289783119,111.89866818557128,54.74868168187996,31.92502411118496,240.0866914218814,436.58593483433737,578.2784903056886,C0 outer arrival-oriented,3.9822272641013945
5150,New Cross,4,13.0,0.3278461538461538,0.15923076923076926,12.907769230769228,0.45107692307692304,37.97092307692308,18080.40574102016,0.6032657756203512,0.5786817285387571,0.23548655960210388,0.2986179695396188,0.4293556876293421,0.10915662422365244,0.34469969913033854,0.2719611632697207,0.11588823946934886,0.3205265080750426,0.2254735701170699,0.3290265254754204,0.3712020683558566,0.0742978360516529,0.11037239271314789,0.12222401536822433,0.05319975811793724,0.07718259011616638,0.22091165596269338,0.07718259011616638,0.03731176318551004,0.07145905187374954,0.11214084090343368,0.16008467745572824,0.02397389487622289,0.04310545051193518,0.0155067155067155,0.15438797313797312,0.036111111111111094,0.1724450549450549,0.023417277167277147,0.05123473748473747,0.15755494505494502,0.13111111111111112,0.03157967032967031,75.38461538461539,1.7108241369338084,510.7692307692308,41.38881663866591,330.3929358790682,74.50307683895936,613.8837168650023,49.612544178865235,92.10463662850927,856.2386575182147,284.02413336356454,117.90705970732628,C4 inner-middle ring mixed,4.335781306583636
516,Barons Court,4,16.0,0.19087500000000002,0.096,6.8845,-0.08406249999999998,46.39725,16590.39274756729,0.6340571899282188,0.47125528383452653,0.15269461304645743,0.4305572885570478,0.24749974122545224,0.13285942415991864,0.08549122460956196,0.17686162059822114,0.047729253113811224,0.3859493960011874,0.14984572811680544,0.38167473514408073,0.35503480716423724,0.11344472957487645,0.1060862764810929,0.07458174778214635,0.038509213603666936,0.058184467708330904,0.17921320176787206,0.058184467708330904,0.027723090635095676,0.04676089123636293,0.10472921989641339,0.1362922069011142,0.03273673621606568,0.03455560186561342,0.010133928571428563,0.17067336309523806,0.00618055555555555,0.08560391865079363,0.10711309523809522,0.0834424603174603,0.111140873015873,0.14195882936507936,0.057011408730158725,62.75,1.6290658317220421,1576.5625,85.29360361031523,2188.789300098631,85.07656548904637,851.3847545441301,1894.2983294159885,1239.7466980035483,959.1638842256943,5495.36082697883,941.6333558810874,C4 inner-middle ring mixed,4.154969184038536
517,Bayswater,2,11.0,0.1440909090909091,0.07536363636363635,3.2464545454545455,-0.6756363636363636,54.226454545454544,19733.39262961422,0.677362460078834,0.44708733119792715,0.13672890665844373,0.5568391261650919,0.11421466561302179,0.14199579329890571,0.04097748214943368,0.15254563801558524,0.027169489373396336,0.46261176884337324,0.13332815097184192,0.35324369409236406,0.4008802030037906,0.11254795193200326,0.14232700516094013,0.06205565241199123,0.038638361245603985,0.05893602880943845,0.1542649965854976,0.05893602880943845,0.02040003021520961,0.028670994320361368,0.10519397204992648,0.08121937799436488,0.02831594540475597,0.023265201946787748,0.006262626262626255,0.10457070707070705,0.0011363636363636365,0.3283712121212121,0.06888888888888887,0.14061868686868687,0.06424242424242423,0.03113636363636362,0.05616161616161616,83.45454545454545,1.6803382157647382,750.0,58.805895970281156,1090.2224671396928,18.747853636209367,3016.0082665344057,531.1776525144583,1207.4266634437697,437.9122273525003,242.33697115545445,622.7014877816441,"C2 central interchange, direction-balanced",4.436213466015468
518,Becontree,0,19.0,0.3885789473684211,0.1749473684210526,26.786736842105267,0.3711578947368421,24.958894736842108,8247.211028169108,0.3258636990326922,0.6506362988577135,0.273985989053359,0.20488092965217683,0.3661124493177977,0.17046376534524213,0.2179687029193124,0.4606213318616379,0.138151258986376,0.2137601575916358,0.31715521076979397,0.20169661829212046,0.38955393670817656,0.09159423422990891,0.11980753482926082,0.12872692353654203,0.047382203083792505,0.05630272928042389,0.30458029288549465,0.05630272928042389,0.07874991866341562,0.08790908884741584,0.1379212853746631,0.1746197974545557,0.03387447209933004,0.04600843712324922,0.012573099415204679,0.12046365914786965,0.05263575605680868,0.04309941520467835,0.020363408521303257,0.021349206349206337,0.1626315789473684,0.14686299081035922,0.06753550543024227,37.8421052631579,1.3987724076712509,481.57894736842104,17.839043174746433,139.32688938855662,62.55687647655864,63.99992854986608,17.805050949487292,17.280336970991346,194.28535901457852,190.3211421486096,71.52855227795354,C0 outer arrival-oriented,3.659504845434032
519,Belsize Park,4,15.0,0.19206666666666666,0.10740000000000001,8.379466666666668,-0.3532,36.50453333333333,14378.178398398413,0.5793654137858618,0.46829694264602306,0.15553142849414023,0.37371252400735055,0.2518242322171399,0.13253907356150701,0.05840415787156794,0.24090927522502822,0.05119963339943844,0.40802313072835933,0.202391277025767,0.24625975893857507,0.4137487640514333,0.1376001999842246,0.1565529610533553,0.07092310985548858,0.03267770041723828,0.033444495714279245,0.14491481773294151,0.033444495714279245,0.020874462710978394,0.03404793906841845,0.08999241595354457,0.1329541990442567,0.01976537250450657,0.029609228437225982,0.0011717171717171668,0.09369302549302545,0.0019047619047619,0.09576709956709956,0.04475815295815293,0.11461688311688309,0.1451476671476671,0.29975930735930734,0.032893314093314065,44.13333333333333,1.7215923182625985,1201.6666666666667,11.059531669148353,485.8755064427084,33.28730705527433,353.63693710642235,292.5715696481293,453.75144989562756,741.627536853821,5572.752305335845,220.32252286107743,C4 inner-middle ring mixed,3.809621071810065
520,Bethnal Green LU,4,19.0,0.46231578947368424,0.17221052631578945,18.150421052631582,0.5674210526315789,39.75236842105263,22645.276328726253,0.66648158563067,0.6065621453321507,0.27365734834222627,0.314921556225304,0.44170741644732314,0.44967757942159386,0.07306271524882317,0.29055008447154607,0.06868812575799621,0.3115351342807429,0.23843072898949305,0.35892629565617035,0.3410926821238458,0.06155029323049072,0.09730252655866894,0.11074785910010118,0.04956646254388891,0.08601547731323306,0.22504372916142906,0.08601547731323306,0.04810838922672778,0.04977660207893823,0.12715873785576293,0.12518253059250267,0.0237703674023829,0.04696360113208063,0.02016290726817041,0.14076858813700918,0.017410192147034244,0.08753132832080197,0.05097326649958227,0.1093316624895572,0.14877610693400167,0.1214035087719298,0.088859649122807,64.42105263157895,1.792212382121955,556.578947368421,73.97127580230996,847.1631952565448,83.0588983519809,558.5005965098915,292.6821979728414,555.7493753139042,608.0674254800307,951.256367207778,519.7679818100828,C4 inner-middle ring mixed,4.18084411234427
521,Blackfriars LU,2,4.0,0.11025,0.07125,4.4159999999999995,-0.09925,43.939,5935.311226138694,0.7636700797176681,0.38970925839373294,0.11149955788814998,0.5206273269800289,0.2395677297019955,0.20039309795998955,0.06397555831029422,0.10004110559560012,0.025875264906293223,0.4872822494283605,0.14268060064978655,0.41690552055472474,0.3546088108710953,0.08580506792439338,0.11886483589843724,0.04184900674986863,0.033624506493699205,0.04035153037743975,0.1301351099160376,0.04035153037743975,0.023122778204794227,0.03560598908772222,0.07140634262352105,0.07198412332741502,0.020829293100449623,0.0405327639939108,0.00582082443939495,0.02226839767223982,0.07520462513484355,0.0514163792437909,0.1619452275544121,0.27329889931644474,0.011221079051201925,0.03733588988417533,0.0901651794749811,2069.0,1.656101671528618,150000.0,1081.439341666314,3913.209140210084,11153.37830248876,7165.724757704807,28049.80277071328,48681.92863206357,1912.4649688617108,5295.644766541116,15862.194959810906,"C2 central interchange, direction-balanced",7.635303886259415
522,Blackhorse Road,4,9.0,0.2897777777777778,0.11788888888888888,13.268,-0.25266666666666665,36.37155555555556,16364.26554225477,0.5307667708806532,0.4950695122797202,0.17546348530548295,0.3420759731063242,0.17016323150755705,0.18287852799223345,0.13510712470690422,0.31299145948381707,0.07646457438107028,0.26753225131361213,0.2333731484178652,0.2862313269873372,0.40807806357696796,0.07231746101782947,0.14555745963161348,0.09821918142361494,0.04028057590224829,0.05502647256143808,0.21716602550741138,0.05502647256143808,0.04051752624842506,0.06045108844948074,0.1161974108095055,0.1246085800799465,0.028591374121114912,0.055205242395750295,0.04175925925925925,0.14540564373897708,0.020740740740740733,0.06738095238095236,0.05360229276895941,0.09823192239858905,0.1757495590828924,0.07858024691358023,0.051640211640211625,56.888888888888886,1.6536364511619601,419.44444444444446,60.32478358421218,359.80759171001966,37.90292260185742,165.69538969475713,107.89165024005469,208.78263255137895,414.2030365355844,141.72205704873525,110.24475666864221,C4 inner-middle ring mixed,4.058525464417148
523,King George V,3,6.0,0.3998333333333333,0.17533333333333334,16.922833333333333,0.2553333333333333,28.397333333333332,11882.618510688299,0.5208999117907532,0.6074097482583504,0.23292423696350606,0.3454865660581294,0.41913127462568606,0.19092865390592598,0.308831176648198,0.36383953327989027,0.12864615671042845,0.2996596355730394,0.2667616360734198,0.2879894359888669,0.39105653676241564,0.05419239117529746,0.1168962663175593,0.1254947295815594,0.06199680599397265,0.08125200635763453,0.28623369665376347,0.08125200635763453,0.06753230314655954,0.08782449603592234,0.13087689747128142,0.1482582083146212,0.024584931719107198,0.04571198439292618,0.047499999999999994,0.14456349206349203,0.16761904761904764,0.05503968253968252,0.040952380952380935,0.049146825396825376,0.09166666666666663,0.14416666666666664,0.06523809523809522,85.16666666666667,1.7968205017421328,975.0,124.43536003208258,543.7962819854602,326.3264212160511,224.16446880471275,101.3163345492802,106.26792943393849,443.38164988810695,333.61593858617624,187.86309593876877,"C3 late-night, extended-duration persistent",4.456283405280375
524,Bond Street,1,7.0,0.121,0.07271428571428572,5.4275714285714285,-1.0767142857142857,60.82385714285714,7150.543168229134,0.6933415051790492,0.3970388098329143,0.10910982691952588,0.5553475055893674,0.16934712100701105,0.16407267923395502,0.036207465060368905,0.12363913080956786,0.02569850643169467,0.5057038915638463,0.11952180308663919,0.32635068250598503,0.4148492052625309,0.13927830914484482,0.14657600358023506,0.06205311087805919,0.0251746724855324,0.06303672244924972,0.16064441987390313,0.06303672244924972,0.020324578115363184,0.03741785489184568,0.10290198686669423,0.072507184140706,0.03582085158752819,0.02255502091425709,0.013196058795178872,0.13954185582926099,0.0114954312199283,0.14859478813414043,0.07862920608250443,0.13971601487910448,0.018029764125787856,0.11895881063047929,0.07050294262259532,1213.5714285714287,1.614515274897988,34928.57142857143,1320.2004681571814,14123.056834866762,1001.4930464081918,12895.88503742835,10699.77766840537,15422.168614449316,1915.6157392580649,8843.183470480306,7734.489087327614,C1 central departure-oriented,7.102146559863423
525,Borough,2,17.0,0.22305882352941178,0.109,8.964411764705881,0.1759411764705882,39.026941176470594,20574.495498380886,0.7346199169874842,0.4791780168734093,0.17180147547208932,0.37166292388424665,0.39459618180823325,0.1770267338199516,0.1881365416947964,0.18847607858135623,0.07396714016724185,0.36920250740685473,0.20115089843449538,0.40764893164078586,0.33236549243504243,0.05883467748967616,0.08418811789599968,0.07365993029227547,0.038843824537022675,0.05836649038727444,0.17377726542893887,0.05836649038727444,0.031036987700930323,0.056188760819840144,0.08655151690816827,0.13526504819575083,0.020905804878290857,0.0509522490853555,0.004779806468041759,0.06899059927001101,0.003347908708938117,0.07520287963670315,0.12751529475426532,0.19634756175197352,0.09550325736355146,0.1271329789491554,0.10746031321619555,162.35294117647058,1.7208634600924444,6645.588235294118,345.5728764494145,1859.9446003679489,233.2533974852664,3199.123090543091,9576.65706827472,10351.064524537833,1842.4455968243064,5684.99589616699,5959.452323054143,"C2 central interchange, direction-balanced",5.095913143250583
526,Boston Manor,4,8.0,0.18862500000000001,0.093375,5.818499999999999,-0.7501249999999999,36.173249999999996,4744.642065143335,0.28754802083930975,0.4513250000009545,0.13890380863919655,0.2563966499062462,0.12114704817979542,0.19983440231734545,0.07678592177644133,0.3328039771639652,0.05573678986868312,0.24909225712347127,0.23304102939582041,0.19681708960998473,0.4241702434022159,0.14597163759197884,0.13813644033896066,0.09545394427136397,0.0369875259871486,0.04884075028453922,0.21541179886416145,0.04884075028453922,0.05462858348259177,0.049944832370341544,0.11083838301122803,0.11991452595624041,0.042871509939092084,0.04146234095675218,0.017098214285714276,0.10525000000000001,0.05316666666666664,0.04412202380952379,0.17176934523809523,0.11132291666666663,0.04804761904761904,0.1740327380952381,0.10137946428571426,96.375,1.7503039002861582,2571.875,48.111175295013226,362.42180980101904,104.37017531265012,119.74487641236767,466.09032183943407,322.998127552704,140.13507860158234,322.7187290479149,200.26973656004418,C4 inner-middle ring mixed,4.578569504190912
527,Bounds Green,4,18.0,0.26588888888888884,0.1296111111111111,12.550833333333335,-0.5262222222222223,39.004,9615.823694952896,0.3937648663920077,0.5360346687082465,0.19411477190761223,0.33605973066249467,0.1555898030473231,0.10280900939644819,0.10873147960776579,0.32497741555033394,0.07766194785941277,0.28008339106155783,0.2286592159850647,0.2106266585567811,0.4326404462034675,0.1280736792546865,0.1654311316616992,0.11262169247901507,0.0435245718858089,0.06655611697281645,0.20647383140633996,0.06655611697281645,0.03388355918997008,0.0617833122014761,0.11080696001489367,0.12294906462185765,0.02345745937070757,0.0445607683562794,0.03496296296296296,0.15860405643738976,0.013213403880070532,0.08734920634920634,0.05508289241622573,0.0746657848324515,0.10107407407407407,0.1234338624338624,0.08946296296296292,51.22222222222222,1.7010706114517131,315.27777777777777,83.34384490611626,220.2222309918951,25.68795631018017,106.9369661310986,79.11609121690466,96.98146765618493,118.90360159023005,192.27298068384619,136.4888923519774,C4 inner-middle ring mixed,3.9555081173678848
528,Bow Road,4,13.0,0.4243076923076922,0.172,19.73069230769231,0.5436153846153846,29.529307692307693,27495.58330461639,0.6129191869983555,0.5940218868454762,0.25813587833025314,0.29096419371364096,0.45100938064377716,0.39057901241029,0.09022974278935468,0.29247238186668584,0.08330687031358283,0.29643987843226294,0.2312857055567375,0.35307525311930105,0.3445707605008727,0.07106828082308861,0.08622558519365743,0.11145254456547216,0.047713423462549434,0.08319769322091022,0.2290743349616936,0.08319769322091022,0.045171973559616246,0.05324171762777538,0.1306606437743019,0.12567233395422425,0.022427351298585786,0.04906385602427707,0.011111111111111108,0.14429487179487177,0.10085470085470086,0.09893162393162393,0.026025641025641012,0.030897435897435876,0.14017094017094014,0.15213675213675215,0.06017094017094015,42.84615384615385,1.609808001245382,351.9230769230769,23.390239747424076,453.6914050588734,570.8843585237657,203.61649207032008,81.9934918569435,92.93315100890798,542.2666623368309,851.4560329068912,148.76583895221998,C4 inner-middle ring mixed,3.780687003367059
529,Brent Cross,4,15.0,0.35886666666666667,0.1418,13.22306666666667,-0.5820000000000001,35.769933333333334,8290.626733924224,0.32919432357379363,0.531848714767505,0.19952470562083527,0.42181136169856104,0.10983360769467572,0.1408253198449704,0.053417329561455805,0.35504166576086704,0.053064750179942076,0.2836717643836869,0.31343632399673155,0.2190122090484955,0.33762753491666975,0.12992393203810318,0.14730495664855006,0.1533553909283314,0.03349470208245895,0.05812633589536413,0.2261061084153321,0.05812633589536413,0.030420577743078266,0.05203969644102157,0.14364583423123217,0.11724802302262496,0.02822888617511226,0.021453518634690298,0.011031746031746028,0.18608730158730158,0.010019841269841267,0.04397222222222221,0.028876984126984123,0.11007407407407409,0.09237830687830688,0.10849735449735448,0.11472089947089942,66.33333333333333,1.6671912646819813,731.6666666666666,20.488866735112854,656.2702641400241,12.547920550249165,142.07716922863347,81.58370242112687,402.1898487492673,215.36637735177686,417.42487411696754,397.9073307141263,C4 inner-middle ring mixed,4.209655408733095
530,Bromley-by-Bow,4,12.0,0.4695833333333334,0.17883333333333332,23.532916666666665,0.5109166666666666,32.16683333333334,15251.488530927332,0.6125940256544266,0.6200595714399054,0.27520537577163035,0.31125877866414914,0.45392569353299433,0.4327412197044378,0.14152850194089703,0.33788825128405975,0.09594477865674671,0.2758522951996953,0.2565405198172614,0.3408662548918365,0.3437340029875781,0.05885922230332394,0.08797545115296207,0.12236897258361408,0.05576304248293707,0.09888064074767051,0.26518861463740023,0.09888064074767051,0.054079708574371395,0.07123520847488206,0.1398736975881467,0.1267428777965821,0.023428603377348478,0.047339642231642894,0.042169312169312155,0.14085978835978832,0.0529613095238095,0.07271825396825395,0.03983465608465608,0.05853505291005289,0.11846891534391533,0.16886408730158733,0.06606150793650792,54.083333333333336,1.7131884814626683,822.9166666666666,171.57495235913703,360.1816943757967,171.69239152082355,129.92055808093576,90.02129701605962,105.30151101008232,446.1392218729107,455.4699011404503,169.86106027836215,C4 inner-middle ring mixed,4.008847190063686
5301,Clapham High Street,2,9.0,0.18666666666666665,0.09488888888888888,7.698555555555556,0.09677777777777778,48.85077777777777,16826.959334195843,0.6129607590503845,0.4233034056322443,0.14385946443290967,0.39680461506625897,0.2792326430089884,0.05035867710159703,0.178744668000574,0.1429101150688604,0.04953377884026718,0.2930471732853712,0.11655436848788837,0.5164236973514277,0.303514108431451,0.06350782572923278,0.0920876857546619,0.0695147292677482,0.03530690666186691,0.042992037199066684,0.17542599732127157,0.042992037199066684,0.02204341591107048,0.05867552681038633,0.09470705459981466,0.10917289194724723,0.027112190088248167,0.05680507526286682,0.020722222222222222,0.16323148148148148,0.004166666666666667,0.1608148148148148,0.04992592592592592,0.08526851851851852,0.002277777777777778,0.08955555555555554,0.0945185185185185,58.44444444444444,1.7014352673393043,491.6666666666667,102.27705819195657,560.3414849750402,19.265161396818584,718.4790076682225,276.72376248180154,373.3327022158607,16.16657957271147,213.43078453561307,393.06424927149106,"C2 central interchange, direction-balanced",4.085042169559787
531,Buckhurst Hill,0,,,,,,,,,,,,,,,,,,,,,,,,,,,,,,,,,,,,,,,,,,,,,,,,,,,,,,,C0 outer arrival-oriented,
532,Burnt Oak,0,20.0,0.36134999999999995,0.14700000000000002,23.745,-0.34685,24.404050000000005,10400.562505311069,0.31655846546767774,0.6186024158380877,0.2381870195403848,0.29475157857738565,0.2557761313666135,0.3199167750418278,0.13956699964897484,0.39719797838406257,0.10067402739693694,0.2153284614167065,0.2619967610187354,0.2306370392747898,0.40013216059006185,0.10723403911641283,0.15739484320961578,0.11655632926258457,0.045127062350518735,0.06041988930230775,0.28314768911433563,0.06041988930230775,0.06334131772312629,0.07446713235593541,0.14533923903527385,0.14535405371768673,0.02677653726535273,0.03924156233886793,0.01787499999999999,0.16453670634920634,0.014395833333333321,0.04220833333333332,0.04166468253968253,0.032624999999999994,0.12215873015873013,0.12076785714285712,0.061717261904761886,46.6,1.5363813010875875,452.5,32.79568240988602,606.591634761083,21.28706838334825,169.52669450243351,65.92202890542853,116.00732130031759,206.17748360271912,503.81836772767167,224.83689034059654,C0 outer arrival-oriented,3.8628327612373745
533,London City Airport,2,3.0,0.4386666666666667,0.18233333333333335,15.471333333333334,0.012999999999999992,30.953666666666667,2687.088606382834,0.48838542205101226,0.5855469096366234,0.2244441585030136,0.3259845166722167,0.43557951353840796,0.2147222341659841,0.2972716105076357,0.35978737149914375,0.12742754980346874,0.267610566158988,0.2646549791448138,0.29282461226233153,0.3893211259883311,0.05319928260452344,0.11370251159179234,0.1189856416474705,0.0607403915492666,0.07850911324401447,0.27628064630191174,0.07850911324401447,0.07043307761808264,0.08144225435983439,0.12440531432399464,0.12873773501864522,0.024130159678746165,0.0437541254136384,0.1525,0.08464285714285713,0.4081547619047619,0.07535714285714283,0.036904761904761905,0.02994047619047617,0.0351190476190476,0.0257738095238095,0.0789285714285714,100.0,1.8675115563410538,1516.6666666666667,361.1113431808087,178.9139642818504,783.9090637875197,138.52191662667417,97.51703066847352,78.54339125438187,78.7599373583322,56.316288696969615,164.6133886605588,"C2 central interchange, direction-balanced",4.61512051684126
534,Caledonian Road,4,16.0,0.2970625,0.15768749999999998,15.108875000000001,0.5307499999999999,35.39206250000001,24505.443020011022,0.6859076266725712,0.5516511285562824,0.23415344083703232,0.31949303056082945,0.4239630179067555,0.12496846320854751,0.12873356450033954,0.2123305812700632,0.08523285588573751,0.3572385805239997,0.18272426312144296,0.3777053174840015,0.3525890285601518,0.08698139083440362,0.1015783135974791,0.08158384952744951,0.046710462298938465,0.0564413869625794,0.1805000113420993,0.0564413869625794,0.03269680748690843,0.042831560624000765,0.10497164323119,0.13222500117608688,0.025683890998021902,0.04541340128183491,0.01797619047619045,0.13312003968253966,0.004424603174603169,0.05501488095238091,0.0866269841269841,0.0859771825396825,0.16965277777777776,0.21002976190476186,0.04191964285714283,54.1875,1.7615279330890812,764.6875,178.06358104393604,887.3625408115845,29.897066192433606,265.502598114851,643.3280024883795,736.2529109853948,694.0154266838907,4707.065194121819,768.4474782451334,C4 inner-middle ring mixed,4.010736478364179
5345,New Cross Gate,4,15.0,0.27613333333333334,0.1368,11.2082,0.24806666666666669,39.75933333333333,11567.263616390725,0.5637916201959492,0.5678742674214786,0.2229048000883939,0.3163138942963395,0.35785537849343274,0.08525488623592697,0.30983928017235574,0.267973023126587,0.09534767671747367,0.2907696962265085,0.21432035073063513,0.3317252985119657,0.3795760767381281,0.07437827401927093,0.11891604153434483,0.11494832007936152,0.055755820643889106,0.07148675200159557,0.2180480877645374,0.07148675200159557,0.035474806942096725,0.07964948021949274,0.10292380060294785,0.14953223758427445,0.02473291343257251,0.04577008926767241,0.028740740740740733,0.12007407407407407,0.08522962962962961,0.10304074074074072,0.0477243386243386,0.0590142857142857,0.18346031746031743,0.11644550264550263,0.04189312169312167,50.2,1.662140935764609,509.3333333333333,114.59423138885093,324.2746543572588,549.1399691649043,268.07561587603277,56.28126849350787,79.46673702103244,775.0737748479582,249.4828486655756,74.94574987939271,C4 inner-middle ring mixed,3.9357395320454622
535,Camden Town,3,12.0,0.27916666666666673,0.1435,14.89775,0.15849999999999997,43.63825,10846.8012997797,0.6760520609811755,0.5424825060453792,0.22626745932596404,0.36456128722339964,0.3597543617780424,0.17959133277958142,0.096640126205343,0.18942688324970133,0.06206973428040468,0.40166007465605263,0.18380005158551005,0.3390234788648712,0.35439217964682196,0.1227842899027966,0.12224793898364728,0.06991484951315545,0.04092298182479903,0.05572899772255072,0.17311768497047023,0.05572899772255072,0.030207804069220634,0.04199589659521094,0.10091398430603855,0.11667947656724932,0.02567336020277108,0.045492043055492155,0.007225529100529084,0.13549272486772482,0.010472883597883577,0.13414021164021162,0.07906084656084653,0.17096726190476189,0.04695932539682538,0.1022007275132275,0.11013888888888888,138.5,1.77056038585982,5189.583333333333,209.87101689733518,4077.721982406218,185.90173262565293,2499.105263605322,1955.2459074639655,4636.598310786653,400.1504007644985,3528.6725935528107,1292.461703601256,"C3 late-night, extended-duration persistent",4.93806460126142
5356,Crystal Palace,0,13.0,0.23938461538461536,0.1220769230769231,9.15576923076923,-0.3368461538461538,34.075153846153846,9014.880919131803,0.4595796819367565,0.4607268818282672,0.15874900499240183,0.3159034950977242,0.22749219755001895,0.05984610585447104,0.18886800988641192,0.2696372156365319,0.09891520310630202,0.3621038999402723,0.21810032789656242,0.2558844667506398,0.4389691400031123,0.08704606534968527,0.1338552869246074,0.10070691369663387,0.04492618493798155,0.04321231262964275,0.1824845829061967,0.04321231262964275,0.029180509682759884,0.05748163690080931,0.09582243632262741,0.1412961828994152,0.02534963896272907,0.06534036421009265,0.006666666666666662,0.07180219780219779,0.0024615384615384616,0.07256410256410256,0.09098168498168496,0.08371794871794869,0.1402857142857143,0.28234798534798533,0.04115750915750915,63.30769230769231,1.7270094125856335,402.6923076923077,11.656624934899206,213.26948406116813,13.58055457411843,189.2289801886139,110.86127534523585,128.96476951477413,138.50442310539907,320.17383136845325,78.01822198053137,C0 outer arrival-oriented,4.1636792556231645
536,Cannon Street LU,1,1.0,0.024,0.056,3.534,-0.259,50.257,1499.5597550506318,0.8316268486916951,0.3048919226393629,0.0398179749715585,0.7417519908987485,0.0113765642775881,0.1969135802469135,0.0111111111111111,0.0443686006825938,0.0079635949943117,0.4823663253697383,0.0573366214549938,0.5530209617755857,0.3489519112207151,0.0406905055487053,0.1261319534282018,0.0323415265200517,0.0291073738680465,0.0423370025402201,0.1066892464013547,0.0423370025402201,0.0101608806096528,0.0270956816257408,0.069432684165961,0.0516511430990685,0.0152413209144792,0.025402201524132,0.0038713592233009,0.0233009708737864,0.0069296116504854,0.0339805825242718,0.1457402912621359,0.1941868932038835,0.0060679611650485,0.0141990291262135,0.1021844660194174,5895.0,1.5024367517666457,412000.0,938.6961574983352,5649.832672090292,1680.236695710186,8239.33931346501,35337.937791214754,47084.88155526915,1471.3105916901804,3442.866784555022,24776.87036406264,C1 central departure-oriented,8.682029433869172
5362,Forest Hill,0,17.0,0.24417647058823527,0.13329411764705884,5.94164705882353,0.01923529411764707,36.967,8749.499163137722,0.43548676775351924,0.47466177659145475,0.1684412220420123,0.24448848002518062,0.23159917002320135,0.0648105626773214,0.2011267752443319,0.30427147476143346,0.08731158737670112,0.30216469501486076,0.23042602182424443,0.23970381457237544,0.42324996826672895,0.106620195336651,0.1419289866613051,0.10534975107120181,0.045250966814222526,0.041147443247393535,0.17364042615689718,0.041147443247393535,0.03150396900488904,0.04837260851532032,0.09376384863668774,0.14320950571919083,0.024544203601593463,0.05416688326376341,0.014140989729225019,0.06720821661998133,0.01754201680672269,0.12826797385620914,0.08005368814192342,0.10368347338935574,0.14252100840336132,0.12933239962651727,0.06744631185807656,49.64705882352941,1.614521871752501,286.7647058823529,33.389491397031094,147.96022263134884,26.036777013177772,244.89252667448613,70.9240803202819,97.51468784251104,210.20521207581126,218.0133831056313,86.58817995436928,C0 outer arrival-oriented,3.924881160371515
537,Canons Park,4,14.0,0.251,0.098,13.113714285714286,-0.9007142857142859,23.369928571428574,6725.439207315654,0.20161003156469076,0.49492919265413265,0.15813716192436442,0.2855001682890372,0.08211647927499566,0.45581291143649355,0.0695193066397382,0.35829907368485436,0.04760985486365684,0.2134268570285393,0.23985998754897486,0.2113775225986048,0.39143252516181654,0.1573299646906037,0.16744323636775796,0.10630883710129288,0.03283821729540463,0.03546714528617181,0.24856941879255667,0.03546714528617181,0.05117002137787034,0.0538469128838845,0.14355248453080183,0.12923816098927468,0.03311509815899119,0.037554447207421245,0.004821428571428564,0.11270691609977324,0.014095804988662114,0.0518707482993197,0.06063775510204079,0.08159863945578229,0.2258361678004535,0.11733843537414963,0.07247165532879815,51.285714285714285,1.567859323904411,605.3571428571429,39.209016380942465,351.04950243451606,139.4213298976019,163.58190529007248,167.0652680627286,281.3854785552555,306.3932456108532,274.61170833123015,371.8837138518925,C4 inner-middle ring mixed,3.956723184346053
5372,Wandsworth Road,2,14.0,0.2602142857142857,0.11521428571428571,11.414214285714284,0.002642857142857145,44.43157142857143,13937.31911843483,0.5979297047122177,0.4740967608286203,0.16669520311268007,0.3424924482379641,0.3445169639171837,0.08290458672331082,0.2147232149726869,0.21310403856453383,0.07851405725270669,0.30526107042488837,0.17616494315813874,0.39465649526733476,0.3525347926129269,0.07664376896159937,0.10460711547109734,0.08775559277199252,0.043034280405446976,0.0612555106277859,0.20480135864957988,0.0612555106277859,0.032951100575918164,0.06279645373911687,0.10905380433454481,0.1131450910519218,0.02278426492585855,0.050318634359191775,0.04705272108843537,0.28264285714285714,0.053547619047619045,0.0628784013605442,0.04594812925170067,0.08090306122448977,0.026394557823129248,0.08463180272108843,0.1633988095238095,59.142857142857146,1.7588425388390654,1078.5714285714287,140.866136200603,1605.556937681729,479.082770314999,227.40960414376835,347.08330322181877,399.00025984203586,118.81337736263583,318.407849418147,1148.9991076209867,"C2 central interchange, direction-balanced",4.096722684627069
5376,Norwood Junction,0,18.0,0.3215,0.17638888888888887,18.516111111111112,0.16216666666666668,33.11977777777778,8836.708005337954,0.4230897048108894,0.5482135382490252,0.20164735667526415,0.28585935144540237,0.24415494413617378,0.08690095999466202,0.34728104346332667,0.32527968568569865,0.12341309006396253,0.32024123374873714,0.2474507545157022,0.21844574019012197,0.4303759450215869,0.10372756027258881,0.11321082892912611,0.12007037871666085,0.051932392669738564,0.04993500093114819,0.23947247168086971,0.04993500093114819,0.055960987326451966,0.06868968159582786,0.11482180275858976,0.17093339891097634,0.02209411825188988,0.07292750067265863,0.008730158730158729,0.08803350970017636,0.09435626102292766,0.04929453262786594,0.0400352733686067,0.03522707231040562,0.1156349206349206,0.2523699294532628,0.06411596119929451,45.611111111111114,1.6376677537345468,227.5,12.400885806189248,160.42817563995564,93.97676950004036,94.46530186688432,17.689832728781155,39.38767691914173,160.0013179727178,239.41748045973068,40.84396876476805,C0 outer arrival-oriented,3.8418389485710414
5378,Penge West,0,11.0,0.2979090909090909,0.15209090909090908,14.399727272727272,-0.05381818181818183,35.24818181818181,9647.9457561217,0.45868335547518946,0.5122333693475728,0.1901944547593442,0.28642524143540665,0.30821046899592025,0.060692823728773805,0.21200939971286512,0.2830219293528215,0.11163110386497245,0.36188300527853534,0.23179634117236994,0.23160050258176,0.44346421713676065,0.0931389391091093,0.11775294692060488,0.11361087125237707,0.04475763433893798,0.05073492534705031,0.20865831809714672,0.05073492534705031,0.03825869461456244,0.0664264585163067,0.10397316496627748,0.1558261267729697,0.026634311063428572,0.06382202931879427,0.016767676767676765,0.1266161616161616,0.011969696969696964,0.08217171717171716,0.03015151515151515,0.053585858585858584,0.05989898989898989,0.296010101010101,0.05863636363636362,59.27272727272727,1.7171973060523433,386.3636363636364,31.958216987671083,262.6178461508082,24.97680520456904,187.62389155029322,35.92166184894799,77.48429099736626,81.73646246877321,412.26617709437164,64.86112234830757,C0 outer arrival-oriented,4.098879717387492
538,Pontoon Dock,4,8.0,0.24837499999999998,0.08487499999999999,9.250250000000001,-0.281625,24.583750000000002,28111.523128854504,0.6059161562917914,0.4248714610210996,0.13422940920205953,0.44470277403087227,0.2921636045350857,0.26246044740698493,0.22129421759255505,0.28385465759699735,0.08159496419260322,0.2969313579797715,0.2086249857512995,0.42875583549203344,0.3327208111124984,0.02989836764416845,0.09708019107266705,0.08872483303180723,0.05061594258242229,0.06501513100365856,0.20949252992974976,0.06501513100365856,0.039499181770756335,0.06286150386372855,0.1071318442952648,0.11282244666429672,0.024069824128399076,0.03755036606843837,0.0690625,0.12581845238095235,0.06954613095238094,0.13584821428571425,0.052410714285714255,0.06722470238095236,0.08400297619047617,0.11594494047619046,0.0948363095238095,47.875,1.6415048546312137,600.0,142.53067146417123,472.9042242927926,184.4664319150861,522.9858427096314,117.28822949461676,204.2997481623617,301.5520837529658,458.23525278882033,225.72757499373142,C4 inner-middle ring mixed,3.8892660183055296
539,Chalfont & Latimer,0,,,,,,,,,,,,,,,,,,,,,,,,,,,,,,,,,,,,,,,,,,,,,,,,,,,,,,,C0 outer arrival-oriented,
5397,Anerley,0,17.0,0.2992352941176471,0.15941176470588236,16.00770588235294,0.0811764705882353,30.008941176470586,9584.829230951584,0.44352888390821865,0.5193462782166373,0.19333308867507779,0.2795058243550263,0.2920501267852939,0.0672023917032728,0.24611567287286273,0.28864171689523876,0.11503982543671898,0.3609869891165489,0.23065016828588483,0.23171058717704288,0.43823415834437945,0.09940508619269271,0.1171278554248418,0.11402733020220464,0.04731547368187467,0.049644178823595446,0.21878755953116857,0.049644178823595446,0.04356435298241984,0.06536222593501195,0.1098609806137367,0.15492577446389427,0.024909783536218942,0.06745112210181872,0.01372549019607843,0.08753501400560225,0.027637721755368803,0.03210550887021474,0.03565359477124182,0.051423902894491114,0.10741363211951446,0.3393930905695612,0.04792250233426703,39.64705882352941,1.6057974130560442,230.0,17.8448620519999,107.25307048115357,18.218214197374593,42.58970405321649,21.40243060818909,33.90653141526422,87.63442724465641,330.90850394798065,41.441343763647545,C0 outer arrival-oriented,3.704926479711454
540,Chalk Farm,1,17.0,0.26129411764705884,0.13599999999999998,11.008705882352942,-0.07570588235294118,39.086,13777.087761313964,0.5859465024816796,0.503537986792308,0.19474128988060563,0.3300666119606558,0.33223220124593233,0.14327872389965998,0.08512523621649162,0.23167284612903682,0.06263574816295561,0.3915850180629996,0.19762554516403594,0.2655904374073538,0.3863856363148223,0.1503983811137879,0.1436788894494047,0.07674946409773373,0.03587662268926756,0.04223379866854202,0.16927338864280994,0.04223379866854202,0.027145171300590694,0.04269642480997455,0.09943179253224459,0.11454681504360369,0.023292564012333882,0.03329222901496436,0.007731092436974788,0.12339635854341735,0.0008823529411764705,0.11985294117647056,0.0730112044817927,0.1321393557422969,0.11624183006535946,0.10417600373482724,0.07566409897292249,57.588235294117645,1.782346781519228,735.2941176470588,77.18170767016812,883.4379118030789,7.938646689011402,735.4677600890556,789.9028799690377,676.2959013205908,495.5230566293895,387.06057330805635,294.6757681407351,C1 central departure-oriented,4.070533913528382
5404,Brockley,4,19.0,0.23715789473684207,0.12989473684210523,6.832263157894737,0.11873684210526314,40.68473684210526,10456.432619798148,0.48710692043169534,0.4996041639524053,0.18603204737241258,0.27172718524500056,0.2897613253436616,0.05728747201966802,0.24734738710705986,0.2905858899473229,0.08518238676114306,0.2868591742445378,0.2195739998262002,0.28736260968208943,0.4133416432178249,0.07972174727388535,0.13711359596483894,0.11254571614940607,0.04409946592839534,0.04845711992180692,0.1819207920645983,0.04845711992180692,0.03094280883214112,0.05709868369224006,0.09387929954021704,0.13934269404036667,0.026337641177217288,0.056400822844918375,0.007101086048454463,0.09181286549707598,0.016311612364243937,0.13211152882205512,0.041938178780284004,0.11945488721804508,0.19974937343358395,0.1340956558061821,0.0569131161236424,38.63157894736842,1.7071109615494113,246.8421052631579,16.847116468410093,167.202198546644,20.148279515044255,198.45364349476534,61.56699514649617,157.52718888192365,321.66966107455227,163.028279903876,118.98573011830631,C4 inner-middle ring mixed,3.6796262486334532
541,Chancery Lane,1,8.0,0.274125,0.14987499999999998,12.722625,0.24862499999999998,52.36475,10968.916089472263,0.7784460327862819,0.5185412887113721,0.2063869825258952,0.3845829437930607,0.40081833386438404,0.22706331591693918,0.08551871344811304,0.1607843703722583,0.05018830112370207,0.45896525110490916,0.16210346732954234,0.36009925336122095,0.36938318588576724,0.10841409342346928,0.119569022552254,0.07513773915347557,0.046692567378034934,0.05770769550271725,0.16100609172365488,0.05770769550271725,0.030714411989444527,0.03497974479870042,0.09531193493550984,0.09811132201591972,0.025355291171558547,0.03897806069575634,0.015954157373252502,0.06537822209372533,0.0194750769678078,0.04796736772436675,0.1694837021989734,0.2512533998092707,0.04890243191251331,0.08843722482842903,0.14336010110587702,790.75,1.6770859393984652,42000.0,2196.2708344265325,9099.217301582165,2552.3039207848824,5786.01980154229,21174.29600079532,34792.63689956014,5527.734906654155,12261.787061066449,18648.361132004753,C1 central departure-oriented,6.674245685418749
5411,West Croydon NR,0,25.0,0.37612,0.17796,20.83428,0.2028,34.97952,19297.23765521565,0.555217402219485,0.5683563646416016,0.2127610025503807,0.454369999797466,0.22754403148034302,0.22532189866522395,0.27016071808010933,0.32028421818155167,0.11449671483733896,0.3397275061629783,0.2483137499827991,0.2950626024765721,0.3865389570614806,0.0700846904791481,0.10655956629777394,0.1191193966747397,0.05110763626013118,0.060374242765361824,0.2723709104982563,0.060374242765361824,0.05541224154838588,0.06994407934455232,0.147014589605318,0.1693300102136585,0.026041461008691504,0.05993142853291479,0.01717660818713449,0.17893007518796988,0.028539515455304917,0.08146457811194649,0.06431896407685878,0.07602731829573933,0.07269039264828736,0.13644661654135337,0.07002940685045946,104.44,1.608419231043739,2119.0,109.255294517709,1584.5663194569956,194.94355815173506,828.6449440302304,489.9570459863384,1432.529488169825,562.817387586329,1363.610431638361,1049.2127613478674,C0 outer arrival-oriented,4.658142070754197
5418,Honor Oak Park,0,16.0,0.193625,0.1130625,4.9974375,-0.1454375,37.6584375,8689.271989654204,0.3944284374278284,0.44906114725628965,0.1592102786203295,0.23446789494719372,0.19847275353278718,0.05653316836038507,0.19579621999227803,0.34100183266005785,0.07837638116468157,0.2611960932962205,0.24252885545866773,0.2302865490513991,0.43086028893458606,0.09632430655534702,0.1439521444159906,0.10832817312696773,0.040997632883357504,0.043023940514363805,0.1662338578852025,0.043023940514363805,0.025456312612851563,0.049369243760278125,0.0914083015120727,0.1358706921261172,0.02193710125946542,0.062109096555538826,0.009270833333333332,0.09319444444444444,0.0,0.1320734126984127,0.07137896825396824,0.1461706349206349,0.16299603174603175,0.10426091269841267,0.056130952380952365,42.75,1.6544958382873949,232.1875,21.924029720324892,122.81559128220283,0.0,203.96084013657256,48.41691483104401,104.43666448466394,180.49706239878907,92.57785291810721,64.59114351927279,C0 outer arrival-oriented,3.7784916128036232
542,Embankment,1,5.0,0.1526,0.09280000000000001,5.7986,-0.004200000000000004,49.1648,4397.396085574127,0.7399332467493213,0.4204932177401027,0.13061092524156784,0.5155910179492906,0.2364740991364175,0.21155045544521447,0.07143076432244434,0.10501778295003025,0.029724390576557302,0.5065958904328924,0.15416410456178134,0.3748666163969732,0.35994588009856765,0.1110233989426777,0.11666386020324164,0.06269335380910748,0.03325849797676332,0.06350001851080518,0.14114098313897405,0.06350001851080518,0.01669637268909748,0.03794561955570404,0.08649899089417241,0.09643878572106598,0.02141009513763082,0.08764573360602518,0.00435641057537604,0.07042972417110345,0.015313595727388801,0.10654139921381298,0.09578682556268757,0.15262722877378046,0.05128431274982994,0.03975295649433576,0.07041037634141079,1033.8,1.8506120054323112,44200.0,344.5847669486046,6125.3755306924395,1004.3162489157519,10312.982614638178,9298.442533912783,12980.520743444884,4961.351416094055,2849.711728408974,6351.977716684954,C1 central departure-oriented,6.941963450311874
5421,Denmark Hill,0,20.0,0.25345000000000006,0.1286,10.248050000000003,0.061,38.8245,15667.454442638216,0.5874538252646062,0.5179865827863377,0.19321585546600495,0.24366270219003744,0.3942375981540983,0.08143441260133247,0.28471210745967757,0.26505474677501184,0.09546324073830223,0.31370956492949664,0.20784052263958258,0.31486377948405314,0.3926058805481663,0.08468981732819776,0.11300749654140892,0.11101675488660272,0.045067661600141515,0.05199222345401157,0.20622989086758658,0.05199222345401157,0.03381764109231064,0.07749072573031673,0.09492152404495917,0.18083911746095277,0.019264513705635637,0.05696997785580956,0.03832738095238094,0.11238839285714283,0.07005853174603174,0.08560714285714284,0.03533035714285712,0.08365178571428569,0.13720734126984127,0.24217460317460318,0.05890674603174599,49.2,1.7109950683736799,1573.0,99.06585570340697,378.47282521341566,861.1242757692459,478.9919675978208,73.66504325942631,234.64416833751005,1235.765451760883,3987.7840952261404,233.59908038050057,C0 outer arrival-oriented,3.9160150266976834
5423,Peckham Rye,2,19.0,0.2807368421052631,0.1428421052631579,10.118842105263159,0.18994736842105267,41.74057894736842,13330.23964884316,0.5502682070408582,0.5252496796813884,0.20667682508292443,0.23703193020001648,0.4054240912897856,0.07198719423980937,0.302598116066234,0.26746394400804135,0.09629748683954588,0.3080017220730846,0.2098648829075078,0.31543156664026806,0.38721256025813944,0.08749099019408459,0.11884937689767476,0.10907108316829532,0.044384480605385544,0.057157143690487765,0.19519650390508053,0.057157143690487765,0.02932654383248377,0.06957564727752648,0.0962943127950702,0.157637378866655,0.023436031313038053,0.0589052624384143,0.010451127819548864,0.09098057644110276,0.03198203842940684,0.13009816207184627,0.04356725146198829,0.08551482873851292,0.18061716791979945,0.14580409356725146,0.04899644945697574,63.21052631578947,1.782086471994291,508.94736842105266,55.82790585202371,377.50352962532213,153.17841387117852,454.3289179116497,92.4353318856267,178.96041774661012,628.364268234787,317.40339690906177,134.48552264500913,"C2 central interchange, direction-balanced",4.1621671585608615
5424,Queens Road Peckham,4,21.0,0.3390952380952381,0.17133333333333334,14.563857142857144,0.3642857142857143,37.247,13715.747905702463,0.5751764421536473,0.5959670235042134,0.2538940952051495,0.2083313310698433,0.484819845591171,0.07637236964768009,0.36395987384751055,0.27281926758687947,0.11072166165508988,0.32563615829093834,0.21799036542935515,0.3014853120137032,0.3889030844547206,0.0916212381022209,0.10432557061498063,0.12009631719053762,0.05223378061652994,0.06117267481151217,0.23108903399792538,0.06117267481151217,0.04176244991973456,0.08207278209799354,0.10725380198019717,0.16612441065513606,0.02263289257430958,0.056333944318155374,0.017641723356009067,0.10875377928949355,0.03054988662131518,0.14760865457294026,0.05471371882086166,0.04681594860166287,0.12750755857898716,0.15567838246409674,0.05638038548752832,52.095238095238095,1.7688316060148868,360.7142857142857,37.146524685288654,273.8961843060448,116.05396402152088,278.7341476907985,108.93034280060928,87.5076036959099,259.31858044119906,282.3621867663838,113.56244605637791,C4 inner-middle ring mixed,3.9720872461707963
543,Chesham,0,,,,,,,,,,,,,,,,,,,,,,,,,,,,,,,,,,,,,,,,,,,,,,,,,,,,,,,C0 outer arrival-oriented,
5437,Sydenham,0,19.0,0.28726315789473683,0.15310526315789472,10.497736842105263,0.09599999999999999,31.710631578947368,9351.496004535577,0.4288165990606099,0.5197366130905411,0.1969170095367656,0.21852698591909936,0.2970775922104959,0.06656503127758619,0.23179589056359665,0.3122503273809912,0.10133028735757332,0.3141439174843645,0.23986904405278037,0.2103839210918778,0.4320533246975605,0.11769371015778114,0.12817021310581045,0.1107122881841831,0.04795518811346684,0.04729348464313423,0.19946388572681079,0.04729348464313423,0.040186151218779026,0.056225899124751,0.10305183538328067,0.15327758721989507,0.02080724491294694,0.059810251686074956,0.007428571428571428,0.10386215538847118,0.007236842105263159,0.10622807017543859,0.05655764411027568,0.0671578947368421,0.1750375939849624,0.17708020050125314,0.0661904761904762,50.68421052631579,1.7417259706813253,385.5263157894737,22.52640723545311,170.9211265852281,16.168965110968344,195.4644550800551,68.99752234850484,84.2580155018546,267.56693957799695,189.3517546409775,133.20489887702593,C0 outer arrival-oriented,3.9451523291880255
544,Chigwell,0,,,,,,,,,,,,,,,,,,,,,,,,,,,,,,,,,,,,,,,,,,,,,,,,,,,,,,,C0 outer arrival-oriented,
545,Chiswick Park,0,11.0,0.12081818181818184,0.06618181818181817,3.047181818181818,-1.1715454545454547,42.309363636363635,10497.896729790029,0.41866360082014287,0.3746955669364547,0.10512524800017055,0.3729184555734703,0.10843938263641172,0.1109116227436555,0.040246404871535364,0.2519571077425019,0.037852023951744515,0.3460152513174033,0.19503471689468596,0.23608288345481207,0.4324775725523237,0.13640482709817822,0.14434331664433897,0.07140904500747677,0.03460871254055507,0.04903467692087422,0.17518780834524927,0.04903467692087422,0.03032676223281853,0.04583510764585004,0.0990259384665806,0.08835728677549987,0.048892499706044895,0.033271608063423344,0.01970707070707069,0.14056565656565653,0.007424242424242419,0.07952525252525251,0.11366666666666667,0.19550505050505051,0.07689393939393939,0.08788383838383837,0.07350505050505049,103.9090909090909,1.6629010930234893,2093.181818181818,263.7381071138209,1084.6498641296564,124.03287775365082,465.4152073136933,1047.2800698000435,1100.089160565448,316.6773693477977,327.33929312912835,445.02076254587354,C0 outer arrival-oriented,4.6530941742696745
546,Chorleywood,0,,,,,,,,,,,,,,,,,,,,,,,,,,,,,,,,,,,,,,,,,,,,,,,,,,,,,,,C0 outer arrival-oriented,
547,Clapham Common,3,15.0,0.17459999999999998,0.089,6.340066666666667,-0.18473333333333333,44.877199999999995,13254.389065108195,0.5663030469751563,0.40736594479079274,0.13471821529277714,0.3653936333495862,0.263007625946293,0.05016875732053648,0.15598568987340963,0.18054396226526945,0.0508827583332683,0.30893073770422175,0.14646557984539302,0.4350550110152642,0.33375104085995805,0.08472836827938471,0.10728945379562685,0.06822154850154108,0.03283460148588424,0.04131046530940639,0.16317612073921464,0.04131046530940639,0.023365950785769637,0.05268443520870228,0.08712573474474267,0.10835178348999346,0.024930642889744746,0.0531076878168595,0.006147619047619046,0.09142698412698412,0.012595238095238095,0.18244126984126977,0.053372222222222196,0.1118079365079365,0.10604920634920632,0.1088722222222222,0.0649174603174603,62.0,1.7366759233195628,556.6666666666666,41.813395891530256,562.3549461587413,63.94807472376189,893.5671184833838,283.78377121731313,399.90272609077755,215.84768698344936,274.83847708024024,275.7203015916879,"C3 late-night, extended-duration persistent",4.143134726391533
548,Clapham North,3,13.0,0.21323076923076922,0.10284615384615384,8.31,0.15930769230769232,46.79576923076923,17091.53539688724,0.6234033799755192,0.463638427802587,0.1521096532255744,0.3814416841295072,0.2987800984097403,0.058704696052001855,0.1976554457228389,0.1587126590029637,0.0609147868402838,0.2979946172149353,0.13089913641874235,0.4931035073573448,0.3115363940728751,0.06446096215103755,0.09438194138015729,0.07542958168085893,0.03610779040380335,0.048211229159605594,0.18918633634203127,0.048211229159605594,0.02439713105989056,0.07032197417130609,0.09446723111083453,0.1150681075817597,0.027028526497893963,0.05794474825999351,0.014824786324786324,0.15401739926739924,0.005961538461538462,0.08829059829059828,0.03374847374847374,0.06226221001221,0.03673382173382173,0.10713736263736262,0.16666605616605615,51.23076923076923,1.6825158634553954,761.5384615384615,60.2292171038374,601.584019663908,37.123489154567444,271.6796379646748,198.6755163803362,245.91921166600227,175.70215288786045,392.19419435275074,1394.0637173574387,"C3 late-night, extended-duration persistent",3.9556717700971595
549,Clapham South,4,20.0,0.11965,0.0625,3.835699999999999,-0.6463500000000001,43.3391,12870.862056922098,0.42669465576344434,0.35561420405190747,0.09838751712966676,0.3296556313949788,0.15774411857587617,0.07134131742964321,0.09221725002494113,0.2715843016010452,0.04709778519282112,0.25289587151118326,0.19769578045661812,0.3616215573470466,0.35358303384564005,0.08709962835069508,0.12089489310373844,0.06335323385323104,0.02755932985181402,0.03051585954613021,0.14640328037549308,0.03051585954613021,0.018867991645190912,0.04816083755569772,0.0793744511746044,0.1038711883825932,0.02543533627682017,0.047280760127338776,0.002777777777777775,0.11199999999999999,0.026285714285714284,0.08292460317460318,0.05013095238095235,0.12551984126984125,0.1844960317460317,0.09804761904761904,0.06345238095238094,38.4,1.6234365132823125,376.25,8.583615589790712,395.9689874799559,51.301068020581965,315.4829461593454,89.8011678131363,201.49697127820963,441.5512968829066,195.1862534429375,248.79545555318882,C4 inner-middle ring mixed,3.673765816303888
550,Cockfosters,4,6.0,0.1655,0.09416666666666666,6.573166666666666,-0.9573333333333333,21.38416666666667,2839.3635805675526,0.1651354763332846,0.45114132034241683,0.14130487290813631,0.18080004414023657,0.08043733995751244,0.14811404286186974,0.04104226055588117,0.32430859379743576,0.0542714912781432,0.256655828051823,0.22691903543772737,0.16398157961508145,0.39778916067670017,0.21131022427049093,0.14192795213427878,0.10976857919302073,0.028340876198218245,0.04208224197481564,0.20371348623013988,0.04208224197481564,0.03207599926150203,0.04332815875617895,0.12830932821245883,0.12368187775970234,0.040650268888344644,0.04342969113486089,0.006095238095238084,0.08927380952380952,0.044537037037037035,0.10654761904761904,0.034208994708994696,0.10214682539682539,0.21402116402116403,0.09396560846560846,0.07053835978835978,73.5,1.705297690280636,525.0,5.606598197146309,68.44320533959083,35.29981161924439,69.91042223244948,25.90332084265903,80.33143103894531,139.62624381543415,57.8617218848161,54.50284019991475,C4 inner-middle ring mixed,4.310799125385514
551,Colindale,4,23.0,0.34752173913043477,0.134,17.44013043478261,-0.6029130434782608,23.788869565217393,16579.124003629153,0.39719026207365316,0.5487507424934401,0.2076010134359043,0.3503580270672376,0.26440011326200413,0.3090762782559268,0.15381238216798082,0.3518924047420683,0.09896658588105843,0.27316612277459185,0.25176940897668676,0.29487925877192817,0.37961048122812996,0.07374085102325498,0.13172610954402533,0.10843425029805162,0.04820902462847114,0.06764223630971901,0.25925847223411375,0.06764223630971901,0.057159574540165875,0.06567828686881118,0.13642061082513662,0.13789852535020605,0.027923988668386347,0.041154910821409894,0.04675638371290544,0.15433298826777084,0.011318150448585225,0.06043305728088335,0.06586611456176672,0.046223602484472034,0.08761007591442373,0.13190683229813663,0.043628019323671476,36.30434782608695,1.5529569112576926,780.4347826086956,166.41013003345543,672.3003200971426,30.86022129456093,330.48095811798606,709.6832181574647,227.97646401630251,323.1297162980885,1112.610746531808,320.6036572878312,C4 inner-middle ring mixed,3.6191098835588127
552,Colliers Wood,4,18.0,0.21861111111111114,0.0925,9.522555555555556,-0.5406666666666667,29.373611111111114,10257.505928817198,0.4571864095742164,0.4586667678165736,0.1530962006328996,0.38665335029014003,0.17363536743283453,0.16493132480981265,0.09832845845034621,0.2634469781988292,0.06135765995174093,0.27861546921848906,0.190206246085894,0.33009693781851485,0.39472229387856467,0.08497452221702628,0.13171570552073195,0.09478796448554631,0.03748217242998585,0.0577989851848368,0.2202814131174062,0.0577989851848368,0.033379490854214794,0.06753927059743797,0.11936265166575333,0.14111631866795663,0.027138169196249937,0.04857167019613681,0.040508597883597876,0.15715343915343916,0.059441798941798935,0.062191137566137575,0.04723693783068782,0.11941600529100528,0.07138227513227513,0.11547420634920634,0.07259887566137564,65.5,1.6256322406101502,1465.2777777777778,134.99325582872297,579.5217870875598,407.1889389962884,221.80094192161454,147.06736673969627,270.00558496146607,285.123302273795,2232.76971225571,227.51960656885453,C4 inner-middle ring mixed,4.197201947661808
553,Covent Garden,1,4.0,0.22675,0.12725,12.498249999999999,0.28425,57.75,8082.553965234824,0.8183576680550669,0.5032028194380698,0.19008304530332504,0.40898955923079794,0.39685529588715535,0.24045193339062187,0.05591040780026263,0.10493432459398287,0.03624565324533907,0.542095837933835,0.1391488285565808,0.3555653980483293,0.3860822777891688,0.11920349560592082,0.11647995881104825,0.06616994831151762,0.037424712025271874,0.0755134761972802,0.1527455011511727,0.0755134761972802,0.024981027119601273,0.030437579596227123,0.09732689443534415,0.09422504582737982,0.0181007293878137,0.04266939112633445,0.008717305222373226,0.08117511171195893,0.004747013152421375,0.11827778379340356,0.18454502302853046,0.20684497473079771,0.07168939411807584,0.021846048162649147,0.10442094717160752,1190.0,1.705895052351842,40500.0,1581.6476278319562,11764.465039384731,794.3796902699227,16192.381627061415,28232.5647878644,31178.652397304584,9946.231775005868,3627.337128044425,17664.994987021266,C1 central departure-oriented,7.0825485693553
554,Croxley,0,,,,,,,,,,,,,,,,,,,,,,,,,,,,,,,,,,,,,,,,,,,,,,,,,,,,,,,C0 outer arrival-oriented,
555,Dagenham East,0,12.0,0.3779166666666666,0.17666666666666667,24.6825,0.31450000000000006,20.817083333333333,6946.739263193162,0.3256032518155944,0.6150557354133841,0.24172703426320483,0.22857250784230473,0.29571838700101927,0.16784686245292488,0.23265611912101203,0.43052742913267644,0.12727078077750062,0.24864942331281514,0.30036324017875454,0.2115928141774304,0.385529519849634,0.10251442579418085,0.12329383313594228,0.12053088306165959,0.04633470181367732,0.05328221751570698,0.2949015197236401,0.05328221751570698,0.08428595758568612,0.07784439449909604,0.1327711676388579,0.17778093548943763,0.032681460048549854,0.049257580401058466,0.022638888888888885,0.1592361111111111,0.04332142857142856,0.0674940476190476,0.005861111111111109,0.07799206349206349,0.1416005291005291,0.12240079365079365,0.045280423280423254,53.666666666666664,1.671371014438366,362.5,64.3313769923718,216.11342509697604,36.47947566733185,77.78143592994469,10.7834333869194,88.30962617394302,133.47962216304688,149.25961383850546,49.88165786289156,C0 outer arrival-oriented,4.001254139156089
556,Dagenham Heathway,0,18.0,0.3992222222222222,0.18383333333333335,27.04416666666667,0.47688888888888886,24.043166666666664,8762.139279330113,0.34590362563170474,0.6468837358711712,0.27083362465266103,0.23029675374027903,0.3473128646191971,0.1594797460105515,0.22630642764291084,0.4400827581890032,0.1362730125414973,0.23826923708088069,0.3064139241645203,0.20363152982140703,0.3929759002213615,0.09697864579271102,0.12222323869452897,0.1276444768348678,0.05002082307399728,0.05695112816198281,0.3105197234726765,0.05695112816198281,0.07927687000907833,0.08884019581143107,0.14240265765216698,0.17656787166156548,0.0310538812726653,0.043995414750390524,0.00898148148148148,0.14650132275132274,0.028412698412698403,0.08384259259259258,0.006944444444444444,0.052433862433862416,0.19052910052910055,0.16097883597883594,0.047023809523809516,38.55555555555556,1.5638103926165903,270.8333333333333,8.641726771881942,268.8029980658905,27.19023845108496,118.66540376502114,11.056717605390695,47.21493987098126,253.19908407549826,224.02358130674804,60.53836987393351,C0 outer arrival-oriented,3.6777061535158113
557,Debden,0,,,,,,,,,,,,,,,,,,,,,,,,,,,,,,,,,,,,,,,,,,,,,,,,,,,,,,,C0 outer arrival-oriented,
558,Dollis Hill,4,18.0,0.4522777777777778,0.1861111111111111,22.995222222222225,0.020166666666666676,32.07044444444445,10919.524386912302,0.4849368422354444,0.6221638991113732,0.2545926166836597,0.38472201877552964,0.23832034415412076,0.20451109886184415,0.18528360383990095,0.345510357810809,0.10628467803401584,0.28358022865684135,0.2565193639430658,0.2323506035035988,0.3985638511327793,0.11256618142055592,0.13589101787885224,0.1189557027698438,0.049652161365008635,0.08368367356920056,0.28014384148197086,0.08368367356920056,0.0535397055093852,0.08299978446236987,0.14360435151021572,0.12901067297758387,0.027149728336167623,0.02981915678156876,0.021119929453262774,0.13816137566137565,0.022685185185185176,0.09683421516754849,0.04773809523809522,0.06678571428571427,0.14059082892416225,0.1072663139329806,0.030462962962962945,56.55555555555556,1.596111772635285,409.1666666666667,49.306429291586795,343.40043134287816,165.7419307397289,215.08158870003376,63.27453008876874,105.0382211811473,215.14227700059803,297.80857191445125,77.26321638806644,C4 inner-middle ring mixed,4.052750664923264
559,West Silvertown,3,8.0,0.21437499999999998,0.074375,7.5329999999999995,-0.3845,27.392249999999997,17945.83543718778,0.6068383099787661,0.4002723736290099,0.12969892165031727,0.4750826897429529,0.2684495052034024,0.2621639956180032,0.1943801294878414,0.25893541098226014,0.0678603482389908,0.3087742271731091,0.18859052248592784,0.43848016656661065,0.34319429905158605,0.029735011895875248,0.1058089853241619,0.08094036198810158,0.04404738757758908,0.06421607809116715,0.19937833967728177,0.06421607809116715,0.035207510519905144,0.0615554908065768,0.10261533835079978,0.10476785519607658,0.02227903092485438,0.038628735605445,0.04927083333333332,0.08656249999999999,0.03442708333333333,0.11093749999999997,0.07062499999999998,0.07276041666666665,0.12343749999999999,0.06755208333333333,0.11135416666666667,56.125,1.6817379103305972,840.625,93.42984566622552,200.16700448332142,62.44486255528759,361.143327256022,145.60693515255457,195.73505051646185,343.38655886702315,134.1430830826032,329.0111889313237,"C3 late-night, extended-duration persistent",4.045241849214369
5595,Clapham Junction,2,27.0,0.17044444444444448,0.0807777777777778,7.35374074074074,-0.5192962962962964,44.80092592592592,16315.946815111729,0.5229095839938727,0.3905049307412103,0.12815388733107008,0.37804640399324496,0.21992065447259268,0.0828484855530426,0.11515958672472104,0.22103743381203522,0.05841839754419412,0.3104938531183297,0.17715044742771932,0.39186519402263925,0.3528456669530243,0.07813869159661714,0.11525655789017354,0.07040678714618821,0.03219919329595428,0.046303194760767406,0.1727699996259982,0.046303194760767406,0.028688779361266157,0.048353185603110645,0.09572803466162129,0.11456362215054151,0.028931991886422394,0.04575811398470768,0.010619635508524393,0.11696575543797766,0.024035861258083473,0.11655673133450911,0.043918136390358596,0.10410243974132861,0.13503086419753085,0.09365902410346853,0.09450396825396823,62.7037037037037,1.7143867818105614,561.1111111111111,42.39358191333782,798.5300375183326,170.043004202217,758.9169181695509,201.1175277730001,382.8618701216502,384.0234671032085,346.8197649863807,742.6667142021863,"C2 central interchange, direction-balanced",4.1542427038031695
560,Ealing Broadway,4,15.0,0.18433333333333332,0.09766666666666665,3.7614,-0.5332666666666666,40.2772,82277.19093498729,0.42902844881988095,0.4348568161206303,0.12339839348797693,0.47571989204676834,0.10575835086723191,0.17246225816153338,0.047531533488441455,0.22601809560342762,0.0410672452199959,0.34501202004549386,0.1740873836556293,0.2744394190399453,0.4187263131070416,0.13274688419738362,0.1367746685675712,0.07448133734918003,0.037191860750419095,0.047989476293056825,0.1877131432325429,0.047989476293056825,0.040165240990448305,0.045797630368624026,0.10175027187347045,0.09902653850865283,0.049124330433751286,0.03059168482213224,0.0066825396825396675,0.07635052910052907,0.008690476190476188,0.13812037037037034,0.04665608465608463,0.10517592592592592,0.19062566137566136,0.1797724867724867,0.035231481481481454,79.6,1.4851602169921374,1165.0,1614.9651560170983,87071.82500810415,1092.2032111717806,44518.61055921274,2095.1821586871265,3801.5067727777073,2779.9001756701687,2342.8463693050007,13719.393757560472,C4 inner-middle ring mixed,4.389498649512583
561,Ealing Common,4,10.0,0.22600000000000003,0.1121,6.242,-0.31989999999999996,38.4317,7399.178785012936,0.4190178226812057,0.47401257182995493,0.1535726030868574,0.43301875728793104,0.1294433600418043,0.15926401486808464,0.07335225205933729,0.2354949986297902,0.0490818934619454,0.32855671691294447,0.18113476353260702,0.27483826348261087,0.40953401216596896,0.13449296081881307,0.14278714141712864,0.08478791169162661,0.042200055188827405,0.0638763624073834,0.19984877042872382,0.0638763624073834,0.0332336013554012,0.05493057263572291,0.1116845964375996,0.10702922200451599,0.044575410228286184,0.03030555524981137,0.01,0.10991269841269839,0.044285714285714275,0.12906349206349205,0.0696111111111111,0.11156349206349206,0.13476190476190475,0.16845238095238094,0.03650793650793649,56.9,1.757788894294406,427.5,4.817368133115483,218.96717649977555,142.98295955959944,242.71842908587465,97.37103988033292,174.5933144447832,269.51236998980477,316.8099328828612,75.83494859534008,C4 inner-middle ring mixed,4.05871738457895
562,Earl's Court,4,17.0,0.15352941176470591,0.08558823529411763,5.405411764705882,-0.7209411764705882,54.539882352941184,18072.678734406494,0.6319447214022699,0.4500607852809952,0.1381472512804524,0.5090985035693419,0.15161539949314828,0.15016817403420937,0.04381218993491923,0.1738742877455267,0.03322927285324975,0.45784243598462754,0.15775935078986444,0.3209586357548634,0.40295266280262,0.11832935065265217,0.133346086479516,0.056940083712296995,0.03437432650617095,0.04576837046743975,0.15279724568130476,0.04576837046743975,0.022628910650195594,0.03865460964496777,0.09151372538614129,0.08491422881973772,0.0381600812194422,0.021046802839551577,0.0010126050420168058,0.08311694677871148,0.024323062558356673,0.2585833333333333,0.04280228758169933,0.12660784313725487,0.067281279178338,0.1278188608776844,0.06338188608776842,61.76470588235294,1.6765602269040123,977.9411764705883,25.105797696619604,854.199300179128,359.24195934011004,2296.570777305096,439.7366233957641,1401.6783503998035,352.2383879657409,2013.2708032753028,664.5556794144696,C4 inner-middle ring mixed,4.139392907245537
563,East Acton,4,14.0,0.38257142857142856,0.16478571428571429,18.906785714285714,0.2127857142857143,33.64414285714286,9219.28765141504,0.530762319192682,0.5993401421038003,0.24839144812974623,0.30076821430788014,0.37745100283396865,0.1392633143831342,0.18225136768425518,0.2871411609783739,0.09622634511692123,0.30715236718370054,0.23212110016259305,0.290131926235867,0.3765855792356247,0.10116139436591509,0.11121308888840811,0.10199890256319424,0.052041261068168816,0.0881716074609442,0.24343549544206763,0.0881716074609442,0.048879506489569235,0.061298025650166295,0.13325796330233206,0.14905000164310492,0.033163949999881585,0.032321580514246384,0.03631632653061224,0.15947052154195007,0.011515873015873012,0.08573582766439906,0.04328231292517005,0.05807653061224489,0.11358276643990929,0.15412925170068026,0.03825963718820861,65.57142857142857,1.732803035115151,1032.142857142857,171.12167393385653,320.9132886526468,31.27940698811875,147.0607963529473,57.213552383591264,145.57927608538262,138.16878817161935,458.2055943442296,72.87144156131642,C4 inner-middle ring mixed,4.198275485070332
564,Eastcote,0,11.0,0.12090909090909091,0.06572727272727273,5.549272727272727,-1.1076363636363635,16.33090909090909,4999.97271374448,0.14685267433412297,0.4255192472647478,0.11486776255835672,0.15027212183852762,0.07314186817882894,0.3054496393550947,0.030704994761154094,0.3323298563387588,0.040171087801143056,0.2331759122847785,0.2289606568636616,0.15414637349800756,0.4175755756653599,0.1993173939729708,0.11012276533184152,0.10678429666124806,0.02748400026910113,0.03190155689369661,0.20511436985919881,0.03190155689369661,0.050002131302380355,0.037463453982313724,0.11764878457450459,0.12209658558244739,0.04429466065065383,0.0584897449191212,0.003896103896103891,0.10079365079365078,0.012554112554112538,0.07077922077922075,0.06565656565656565,0.10826118326118324,0.13668831168831166,0.13914141414141412,0.09877344877344876,50.27272727272727,1.7185064709130058,331.8181818181818,7.6369458062965005,132.9717014054547,10.473552400759678,100.5253135745977,50.74773586704932,71.4847976302973,123.31168692452735,155.33966944871548,124.46420449099031,C0 outer arrival-oriented,3.9371589786996886
565,East Finchley,4,16.0,0.1126875,0.06618750000000001,2.2600000000000002,-1.4281875,40.85725,5612.347645910582,0.2925045002300018,0.39357413162679644,0.10319978574080779,0.2757830500858802,0.10104308347646823,0.10284554914168809,0.035098774004380134,0.3264927297040372,0.045992986074218936,0.2715256279111614,0.2419781539058376,0.17128911940462338,0.41483298285531245,0.17189974383422646,0.16658844628621677,0.09257256573269217,0.030751169584305793,0.039477324001803926,0.1425905327102886,0.039477324001803926,0.017092066738539947,0.03844699289471921,0.08705147307702935,0.12936725800112528,0.023661191696405712,0.03886034335026023,0.02363591269841268,0.07804315476190474,0.026388888888888882,0.11865699404761902,0.054676339285714255,0.10752232142857142,0.1771031746031746,0.11357142857142855,0.06995287698412696,63.0,1.775764776998067,489.0625,34.92911953306631,163.50369088891173,51.25902288884915,434.34334937034515,83.62358788508918,158.95199446134095,170.62767088571113,181.48968123051077,125.58182863647127,C4 inner-middle ring mixed,4.1588830833596715
566,East Ham,4,24.0,0.42674999999999996,0.141625,31.628541666666667,-0.109375,42.02641666666667,21233.5876445968,0.4548598690084204,0.688892737796723,0.2947411929448981,0.43691942893732555,0.15556779369587728,0.6569475119141904,0.09210839372054001,0.48554239083176415,0.06480309307864779,0.16142180423462393,0.28848996151382356,0.24692651634428422,0.3834249148168974,0.08115860732499468,0.1188765247235013,0.1383721832215476,0.0475067866457717,0.08336114715928665,0.3700738184964479,0.08336114715928665,0.08178816615766138,0.09240683490991959,0.1958788174288668,0.10959791633230687,0.029264904172567285,0.04217098757389565,0.020208333333333325,0.16761739417989419,0.0281464947089947,0.0826190476190476,0.04604828042328041,0.023039021164021154,0.14545800264550265,0.08395006613756613,0.06574570105820104,51.333333333333336,1.4923131278230268,393.3333333333333,123.74763003862392,638.5872258322935,62.605096577561596,370.888589822569,138.65643236921844,110.04919850136226,403.93916989189665,235.20014483934105,401.8075788983171,C4 inner-middle ring mixed,3.9576335166801986
567,East Putney,4,19.0,0.13863157894736844,0.06342105263157895,3.788842105263158,-0.9702105263157892,39.375947368421045,14423.075167816101,0.45855182319893717,0.3568705815252036,0.10182552845922632,0.4028812659094572,0.11228954019362322,0.10613112079293661,0.0485274961269981,0.22671856552713854,0.04171925362578275,0.3057204079483023,0.1734099533994831,0.3422319380192887,0.38513335640888047,0.09922475217234754,0.12269428306799102,0.06838335692794516,0.030265168217328386,0.044985982106975964,0.15573662391880652,0.044985982106975964,0.02112189223979863,0.044754886417843996,0.08985984526116379,0.1113662326645228,0.031569209628204115,0.04590352499398927,0.010725981620718458,0.08193191311612362,0.011566416040100242,0.1016844193817878,0.06611925647451962,0.12303258145363408,0.19915413533834583,0.12837552213868,0.07435923141186296,67.05263157894737,1.6690997051999719,809.2105263157895,83.27331823788685,1098.7117132193434,139.33248019909118,950.1753635209803,409.455645998713,1090.9617670874788,549.021320025062,647.0542533519754,445.6646919482329,C4 inner-middle ring mixed,4.220281399605417
568,Edgware,4,16.0,0.282625,0.1163125,13.5335625,-0.78575,26.1411875,7852.107889214636,0.24661992081966957,0.5264132403458066,0.18067546275952634,0.30381957821584926,0.10681393860137972,0.24827852999651823,0.08253075658698455,0.37244866218764305,0.07465401365329052,0.2302780681893804,0.2646870791089197,0.19469874995899855,0.3748699916918729,0.16574417924020873,0.16379644421602008,0.126994806565255,0.03710999223063147,0.04671234649443175,0.23781563965030092,0.04671234649443175,0.0454311298714863,0.06286573603588337,0.12951877374293116,0.14682596709820234,0.029269077505771908,0.03410144160069331,0.0018749999999999939,0.12311061507936505,0.04427281746031743,0.04621527777777776,0.0563814484126984,0.08499206349206348,0.10518849206349204,0.17626190476190473,0.07955059523809521,69.4375,1.5753729080588472,696.875,9.456544706951146,344.9179757350251,150.587705171472,141.6144071164627,91.52565262873304,216.02879275485765,252.55254686395278,641.8371157826109,283.32337054552386,C4 inner-middle ring mixed,4.254725791799995
569,Edgware Road (DIS),2,12.0,0.24258333333333335,0.12833333333333333,12.654666666666666,-0.4254166666666667,56.2115,20352.75068883193,0.6870559876488777,0.5033872177123196,0.208191002829568,0.5288158171837214,0.19390659401996216,0.21570977920627166,0.05777893456712351,0.18034662329838644,0.04046345719087618,0.42942521393531735,0.1651272099365387,0.343647223148193,0.37204187410467715,0.11918369281059103,0.11470112496697014,0.07522440651013947,0.03381944967752445,0.0777486533446977,0.1703799673862357,0.0777486533446977,0.019858532634581573,0.03559599545965224,0.11492543929200179,0.09724005844176552,0.02508552477793106,0.024152972106439408,0.007652777777777768,0.10720667989417987,0.025173941798941783,0.2181845238095238,0.09686309523809522,0.10471296296296297,0.024201058201058178,0.1220701058201058,0.09867195767195763,140.25,1.7243089706917158,3316.6666666666665,151.37380961847984,2136.812566453918,708.8453339168759,5616.8038249582305,2557.2438169479037,3272.400060197138,433.45035446000855,6008.503454059738,3729.7176306257497,"C2 central interchange, direction-balanced",4.9505313700265505
570,Elephant & Castle LU,4,17.0,0.23617647058823527,0.10852941176470587,9.535470588235293,0.2446470588235294,41.458176470588235,21103.47699906212,0.7482767927206595,0.47068635058167724,0.16540346117931018,0.37345373465188103,0.35565119435927106,0.1734903570775778,0.2001240052198566,0.18535379576675326,0.08264677185231953,0.3627845033012494,0.18327470280345778,0.43111994568942186,0.328135416598958,0.057469934908162254,0.08283687913156344,0.08183976207838246,0.037987986741610295,0.0649548726962857,0.1795510065480869,0.0649548726962857,0.032335078374893515,0.062062105692760786,0.08515382248043252,0.12693195615751288,0.021973077480865078,0.058165808199294726,0.007455436720142594,0.07858697266785498,0.02697574484339189,0.09772833375774549,0.061594516594516584,0.0903931117901706,0.15137764196587722,0.17228662677192086,0.06795454545454542,69.70588235294117,1.755580516820837,2357.3529411764707,97.45904158226395,615.1311285473696,291.4061721496584,1127.1406843697387,3904.7129452079253,1851.1693135215864,1553.6264654581503,2501.8951123088373,1399.0418512065073,C4 inner-middle ring mixed,4.258528771038937
571,Elm Park,0,15.0,0.16460000000000002,0.09440000000000001,16.0318,-0.5262,13.603466666666668,5238.446934459009,0.19096367168758313,0.5151436791069723,0.17508107179865068,0.12451521125468247,0.09308964642534459,0.1070089686387201,0.07544149086443824,0.3165764462277607,0.061170618654456485,0.24114543834900767,0.23266562950337077,0.18607650871168452,0.3975477164872067,0.18371014529773777,0.10191709928043598,0.11999944973721102,0.0315004607537907,0.03098429191949353,0.2418919737161157,0.03098429191949353,0.07075862974470179,0.052201675903825774,0.11893166806758809,0.12983180073414727,0.03761300491577692,0.07056908481173708,0.018095238095238088,0.13992328042328042,0.008134920634920627,0.05438888888888888,0.009708994708994693,0.026965608465608457,0.13144973544973543,0.15628571428571425,0.09233597883597884,37.666666666666664,1.6644538599318264,205.0,7.305168840308786,95.60356495554082,9.1924133677934,50.96897576746385,6.75284506215067,17.427573758141442,93.58202942392843,78.71319265443793,62.203745282559794,C0 outer arrival-oriented,3.654977902438255
572,Epping,0,,,,,,,,,,,,,,,,,,,,,,,,,,,,,,,,,,,,,,,,,,,,,,,,,,,,,,,C0 outer arrival-oriented,
573,Woolwich Arsenal,3,14.0,0.3465714285714286,0.16157142857142856,17.23128571428571,0.4186428571428572,25.36785714285714,16672.277048365937,0.5867326811535095,0.571955578834461,0.2232599647175901,0.3202447707930616,0.42532562625243775,0.1685033994017621,0.28136932329008635,0.3111460810887747,0.11352165893983493,0.34338941339033635,0.2419906571311436,0.3045243553138458,0.3823975968062145,0.07108739074879593,0.09496051037246435,0.10970290504149971,0.056173701086058,0.07255754601749455,0.2551063294696899,0.07255754601749455,0.051541732696484335,0.07834508663019046,0.12521951014301505,0.15667964453695912,0.025229061297269623,0.06957653080178915,0.0,0.12672052154195007,0.0017261904761904714,0.08456065759637187,0.026139455782312908,0.1020578231292517,0.1655300453514739,0.20390022675736957,0.04598639455782311,68.21428571428571,1.7718756956410429,773.2142857142857,0.0,972.0771721278163,19.797548368035393,688.1985073273217,130.80999325782687,294.9593560497784,420.48443757241785,943.1952635153658,338.36768039742316,"C3 late-night, extended-duration persistent",4.237207282275508
574,Euston LU,2,11.0,0.35754545454545456,0.16963636363636367,22.513999999999996,0.5080909090909091,47.394636363636366,24402.812256383073,0.7471008316102609,0.6626560911858597,0.29753410966640065,0.24986875534727526,0.598916036965126,0.3112871775228656,0.13217785280094727,0.2388361009279407,0.08771846346014142,0.38847932711423677,0.27492409290345193,0.3149344725524333,0.31531367764304724,0.09482775690106739,0.06840818549753845,0.08801544743660178,0.04743205540036913,0.07882263414568899,0.239650913546338,0.07882263414568899,0.05928475183616793,0.05574502902784398,0.12462113268232594,0.1610635343835183,0.018147605948541642,0.04484285434234574,0.007672392124005009,0.04579877112135175,0.02770297444490991,0.11491760927244794,0.06953805334450493,0.15140916073174135,0.19428152492668618,0.10772015081692497,0.04442144951822368,128.27272727272728,1.692143027156279,5484.090909090909,136.8161461309305,1578.9101131841235,649.5899705705533,2756.3782711832,3053.6240611536923,7107.718261079945,8047.961829537424,1954.2398834759595,2005.9301643970846,"C2 central interchange, direction-balanced",4.861924337564815
575,Euston Square,2,3.0,0.26333333333333336,0.12933333333333333,18.404666666666667,0.23166666666666666,46.37033333333333,6238.789242391057,0.7362853215537873,0.5835737113308649,0.23700413108131588,0.3261484759238346,0.4448267895771639,0.2954270077995694,0.1081458392019647,0.20669041790522816,0.0672100248198014,0.41692110808351623,0.2665062622587717,0.33971238288248595,0.29331251568687133,0.10046883917187087,0.08544351134807664,0.06532324287605973,0.03845711314749677,0.0683324006274661,0.19792801248708972,0.0683324006274661,0.04740858211848093,0.043442684767992366,0.10707674560061635,0.14368871065321318,0.023770944432112733,0.06264142769144608,0.008536866359446966,0.034516129032258,0.07564900153609827,0.05608678955453147,0.049028417818740365,0.16403993855606755,0.14361559139784943,0.17346198156682024,0.06167626728110593,306.0,1.8986045106270277,22000.0,278.7130808356746,1581.4239549946005,1504.1213842868358,2854.7553208615423,2559.259338129817,11111.50928278751,12428.829243012493,11002.577121342612,3602.8814699233626,"C2 central interchange, direction-balanced",5.726847747587197
576,Fairlop,0,7.0,0.2354285714285714,0.09971428571428571,13.870428571428572,-0.49942857142857144,25.015714285714285,4515.700143908061,0.24010146132112165,0.5292381535316355,0.19278534490417615,0.29761856884596233,0.1032646309237147,0.39081812167614244,0.07205339353680686,0.41057189082119905,0.06374059871470845,0.24242572160164652,0.2645331288289361,0.2117191512221282,0.39972171473707085,0.1240260052118647,0.15635771269807305,0.11502064247332158,0.036760982190639786,0.04984201029980897,0.2688325673188872,0.04984201029980897,0.0629745053758572,0.0616030792050442,0.14425498273798573,0.1141668467649,0.029254716818358027,0.045340924418770856,0.020544217687074814,0.28443877551020413,0.02540816326530612,0.0847874149659864,0.030374149659863927,0.03624149659863945,0.11739795918367348,0.0655357142857143,0.03218537414965985,85.28571428571429,1.8255019363640401,614.2857142857143,12.2787399885864,317.90866996246314,22.04985752582103,131.49052970110793,33.91122834965587,39.26394808465329,146.60242298249972,69.36067207223915,47.90654672330644,C0 outer arrival-oriented,4.457664048879502
577,Farringdon,2,10.0,0.2484,0.1204,11.907,0.08650000000000002,43.7384,17969.88136543299,0.7571907832425828,0.4766629682687837,0.18566593514623975,0.3893045724738595,0.3624540649195371,0.15894804890230388,0.09493426542001825,0.16596502737390567,0.0671247458453495,0.4256367312269906,0.17226208259993064,0.39429210804693915,0.3461133678902574,0.08733244146287271,0.10725804930885799,0.06653747388306994,0.041218375017463935,0.046150244793245504,0.15392037523142615,0.046150244793245504,0.02921907546225664,0.041651616951925166,0.0830496828172443,0.08960993823840105,0.024034877977728804,0.035119448761061,0.01356572765296167,0.06661794352219882,0.01941289266289263,0.043968915245510956,0.1491276882691776,0.29157111127643043,0.1348208351931756,0.04108745226404799,0.12059202523245074,478.4,1.6199484236165644,25125.0,1704.865004201202,7352.319594672243,2080.259426634023,3953.3452801741305,16117.734899339854,28288.014474289685,6508.67806445921,3589.970469203467,12975.17996441555,"C2 central interchange, direction-balanced",6.172535322000284
578,Finchley Central,4,14.0,0.18521428571428572,0.09464285714285714,5.1812142857142875,-1.1249285714285715,33.20142857142857,7587.041728024669,0.2938908234868121,0.46410893327988545,0.14154653125598443,0.38112911448297887,0.051768410267042,0.19515975223438814,0.04402964737967309,0.3122777879290934,0.05181636533258403,0.27406042637602207,0.21904819180039783,0.20476706213753434,0.41320468680511474,0.16298005925695294,0.16198294821763,0.10258566572284421,0.04067185262937777,0.048420033412692375,0.18428101500146502,0.048420033412692375,0.024623639556175022,0.047655758349076247,0.11200161709621362,0.1329123736404958,0.025871137289843797,0.03923892030985589,0.019705215419501123,0.124265873015873,0.019002267573696136,0.04455498866213149,0.07685941043083899,0.13989795918367345,0.07724773242630383,0.13147959183673466,0.048185941043083894,77.42857142857143,1.5769112411673183,921.4285714285714,96.35105194376281,561.2665676551596,72.64419484745305,152.9051426177094,316.46866118283697,623.1214960632567,180.75496801763953,540.7095052161814,260.031456159673,C4 inner-middle ring mixed,4.362188292454217
579,Finchley Road,4,8.0,0.181375,0.0925,8.816500000000001,-0.39925,40.031875,12643.708856867896,0.6315530558919624,0.45392490428270454,0.14962513549911372,0.5062280379246666,0.18755783313368776,0.18224173046497225,0.06038922337986709,0.22854311171283848,0.04868064809192109,0.39302299801498064,0.19219750361069932,0.32190704110690826,0.38614044962727095,0.09975500565512133,0.13467243378263075,0.06473581970004647,0.03568539530844959,0.04557656041575159,0.1410372002672744,0.04557656041575159,0.017581143820866663,0.03432553338814141,0.08913052305826621,0.10470322865188363,0.03281964966234952,0.031098167933967427,0.006116071428571425,0.11683035714285712,0.010321428571428565,0.07586607142857144,0.0679017857142857,0.08820238095238095,0.05164136904761904,0.22538839285714282,0.062178571428571416,101.75,1.6311035205382636,1265.625,36.5027947725216,875.3440850830634,75.20686990451387,669.1334066030837,508.1261860598634,724.3258887819513,516.9915311679113,2295.7325402272136,543.388495093998,C4 inner-middle ring mixed,4.632298853376344
580,Finsbury Park LU,4,20.0,0.32645,0.16060000000000002,12.261700000000001,0.3619,37.27935,16638.680352287927,0.6461850114938047,0.5447138351350443,0.22115860307201435,0.35326122345544453,0.34319496723550114,0.09608346015741717,0.15600525080753413,0.2299966489940915,0.07610976748778667,0.3424906250500821,0.19141394841949702,0.34459871232548606,0.37776863697679886,0.08621870227821796,0.11811917019328841,0.09432889627655139,0.04857610176087036,0.06023441899889119,0.17846708651546808,0.06023441899889119,0.03221103312180999,0.04542484497138785,0.10083120842227011,0.12605071926572725,0.02880433476933917,0.04456371723566109,0.0061111111111111045,0.1217063492063492,0.030416666666666658,0.1530753968253968,0.06681150793650793,0.1032440476190476,0.049178571428571405,0.12237896825396821,0.09262698412698411,60.6,1.7427688997378923,429.5,28.95324880241092,553.2137498658534,54.62719170609712,554.2179749350098,183.08876138666594,308.22446558264716,209.01349385582904,793.4279846388602,650.7017552293888,C4 inner-middle ring mixed,4.120661870539474
581,Fulham Broadway,4,19.0,0.21978947368421048,0.1196842105263158,8.727263157894734,-0.07478947368421053,47.36615789473685,18088.864345361846,0.5696606560359351,0.46617345087667184,0.16916442553192385,0.3620793012807572,0.308099146869885,0.098818503390478,0.09464030926109114,0.2163551761336078,0.06011363926332957,0.3726204925861337,0.1803195763199855,0.3270811612763137,0.3769680053084248,0.11563125709527582,0.12407362052760744,0.07446995714704273,0.039765641566388836,0.05489616241973,0.18318018461014732,0.05489616241973,0.0289112558632869,0.046457567197656084,0.10781136154920423,0.1140780459714095,0.02916792410506449,0.02719305593652049,0.012740183792815362,0.15214348370927316,0.03500417710944026,0.1203707184628237,0.0368331244778613,0.1412919799498747,0.07779657477025896,0.1548659147869674,0.08203383458646615,70.63157894736842,1.7506517671001973,955.2631578947369,96.39921856754387,1032.7068005961407,210.30846064956071,797.0229037734146,264.9703830795832,1016.3888468383582,425.88308725732753,2887.409024646492,579.1166783816717,C4 inner-middle ring mixed,4.271536023485026
582,Gants Hill,4,15.0,0.21333333333333335,0.12273333333333335,12.128666666666668,-0.6354666666666666,22.174933333333335,9393.309997181346,0.24074613647037651,0.5322584588314282,0.17366558156156853,0.2726301963466898,0.05732622399579341,0.6352205314955587,0.048933639568776104,0.40919329522397513,0.05275257051399039,0.18778223062380958,0.25135901637282215,0.2223592194389816,0.38971409454255324,0.13656766964564285,0.1406372811805651,0.11530400027422098,0.03367064202029839,0.0481385565176621,0.2575107089009456,0.0481385565176621,0.062165020103442305,0.05316320424902709,0.142182484548476,0.12438969050808663,0.02769610331665103,0.05701474062870699,0.016074074074074067,0.13645502645502644,0.004698412698412687,0.06643386243386241,0.06939153439153437,0.07068253968253965,0.04075661375661374,0.18307407407407406,0.06284126984126982,49.266666666666666,1.5473687367891495,385.0,11.766631572622975,219.213425975489,15.838515334798679,142.61844334484206,89.4879786150189,106.34040014090819,101.28908762109162,253.167610608356,81.1288489006602,C4 inner-middle ring mixed,3.9173421669057458
583,Gloucester Road,4,16.0,0.0625,0.0413125,4.0210625,-1.727875,61.012625,16514.641144836805,0.5683259008748864,0.3688537801914315,0.08465739880471457,0.5331172699867244,0.0681140931761066,0.1446022088702562,0.022492260555157843,0.19729155657567166,0.03014142020043266,0.4375346664917379,0.18718146782515344,0.2860492963063299,0.40829202467815884,0.11847721119035765,0.14915670129173053,0.046575233085563855,0.026383165901305863,0.03981036592592684,0.13801312175275288,0.03981036592592684,0.013815225760520487,0.03680035180963209,0.08739754418260023,0.073376531331841,0.0304380752026291,0.031206716896686075,0.004219246031746019,0.08988715277777776,0.009850694444444431,0.23884796626984126,0.05230679563492062,0.11281770833333331,0.13213045634920634,0.0908958333333333,0.06210267857142855,93.1875,1.7271605493320943,1970.3125,53.071112953943114,892.5467497262957,75.7112425451574,2082.726503936506,535.7025306600945,1036.1350385783967,984.6133059497583,2013.5051372248859,542.126203153188,C4 inner-middle ring mixed,4.545287476386714
584,Golders Green,4,13.0,0.21253846153846154,0.10038461538461539,6.921769230769231,-1.1556923076923078,38.488846153846154,6795.1507066153235,0.34937612369869914,0.45858571161275113,0.14641260508054132,0.44243116719554815,0.041471823311450974,0.15945041768042206,0.03867439564001452,0.2840418818244125,0.04492581624025514,0.3096135579944876,0.2410753312414817,0.21240567170543642,0.3842552972463932,0.1622636998066886,0.1600483820966145,0.11314306149321464,0.02852694164811617,0.05795417263915336,0.1751406111263957,0.05795417263915336,0.016742911295495308,0.0445610921214491,0.11383660770945118,0.12222969715801782,0.03078110528497369,0.025651444183797813,0.006666666666666654,0.15917277167277172,0.03534798534798534,0.09224664224664227,0.03361416361416359,0.08411782661782662,0.05890109890109889,0.1504502442002442,0.09618131868131866,97.3076923076923,1.7119096692626679,901.9230769230769,33.05898474080843,672.3235706550093,82.727909715756,447.49628746668037,108.75903180165538,286.3991648915372,112.71604791568744,327.34274614389454,398.37512893193406,C4 inner-middle ring mixed,4.588102277475944
585,Goldhawk Road,4,19.0,0.24173684210526317,0.1283157894736842,6.8196315789473685,0.05231578947368421,41.46894736842105,18004.85909224615,0.5882357755338128,0.49076600081784044,0.17771171714787,0.3756754773049879,0.28719681473656017,0.10235179088588087,0.11552303203918117,0.22161220453268263,0.0587801098434824,0.3807695174409785,0.18999106466838261,0.31542919316487783,0.39306535641683815,0.10151438574990125,0.13074756974779667,0.07869469163527007,0.04445400112225653,0.06188631663262081,0.18955961176424013,0.06188631663262081,0.02744438783251891,0.04794592102289339,0.11416930290882776,0.11283350376642581,0.03004698909280946,0.03215189462206042,0.011621553884711772,0.17812068160597572,0.018597474077350233,0.14505898324241978,0.13705383556931544,0.11743078283945153,0.10293151997641162,0.09362506757088798,0.06781033466017984,119.84210526315789,1.545872632451103,2111.842105263158,133.25636129896776,2300.9589665355684,281.8731508229444,1242.2962742983566,2162.6108238254574,1059.8122021910938,661.8571339719913,696.3078877683702,715.4568117788382,C4 inner-middle ring mixed,4.7944847782730164
586,Goodge Street,1,7.0,0.14300000000000002,0.09214285714285715,8.620714285714286,-0.0842857142857143,59.43385714285715,9670.787070714363,0.7972393204645993,0.5080617476124312,0.15970395624693798,0.5221824376325154,0.23013596428258448,0.22889004250638134,0.04800891327234723,0.09560026959324276,0.02810113643689264,0.5256900540794275,0.17661337432541988,0.40595669565954223,0.32170054797922515,0.09572938203581258,0.10448656680235488,0.05681047265909332,0.026576007385630727,0.06514308122422817,0.1378879103814987,0.06514308122422817,0.015875691851708357,0.027555163490078017,0.09445705503971222,0.14078748930662374,0.02549347098469474,0.03362439838017854,0.006711574606801199,0.05938217845789338,0.004349895592925015,0.09865062043879132,0.16834368796743662,0.2086531888100862,0.14587508757168552,0.03629975618232208,0.08068702894857142,671.8571428571429,1.6992858441913878,26000.0,985.7840404078614,7429.133488895911,519.0349508973857,10945.655355388528,22255.036922852963,22913.18342556306,12184.240801993188,4165.306751307842,10091.319684255111,C1 central departure-oriented,6.51153303795515
587,Grange Hill,0,5.0,0.2732,0.14140000000000003,21.6124,-0.1544,19.019599999999997,9457.082622736829,0.238680319276731,0.5580104709319718,0.21490406606029308,0.22179503234820755,0.18324229601035666,0.22959665767394033,0.09390781640349048,0.387588138054365,0.09827556986423384,0.25101317090922143,0.26221786561943583,0.2171270345217871,0.4006006580889487,0.12005444176982835,0.1577999219558639,0.11757960145270448,0.04103463035977092,0.04527889374780004,0.2447733679978918,0.04527889374780004,0.053233828477145806,0.06953437817749537,0.1220051613432506,0.1316306619400085,0.0287902044053235,0.045915988526421855,0.005,0.08138888888888887,0.11244444444444443,0.034999999999999996,0.05883333333333333,0.03488888888888887,0.11000000000000001,0.13766666666666666,0.03222222222222222,25.0,1.4139279959864606,210.0,5.581660115705702,66.04841039631263,116.77705940036336,35.025785121347845,58.324395633574625,28.242886421384334,106.46680218169472,132.4301626049587,33.38978589735465,C0 outer arrival-oriented,3.258096538021482
588,Great Portland Street,2,10.0,0.2454,0.11499999999999999,14.4017,-0.23349999999999999,45.9677,21665.03295965132,0.7039581897985715,0.5346316615306028,0.20469614844167577,0.3837763888381374,0.3791381213233398,0.25620415867802315,0.08927167974222967,0.2023254209012567,0.058136844992061454,0.4177845058932147,0.21222648032972785,0.32243188054385213,0.3536707836467329,0.11167085547968696,0.10933374701320737,0.07498164572212118,0.038770008169023144,0.06369376206233315,0.19826833758872114,0.06369376206233315,0.04162275118721418,0.04314558899868305,0.11349999740282384,0.12914331872353305,0.024487013482557628,0.04500154380524121,0.00847754556367998,0.0379447839741957,0.04608525531424688,0.10226650963415666,0.09743837838165567,0.13092898977772924,0.08663448561242677,0.20533804582439036,0.04949882831920644,313.1,1.5483617457090462,12140.0,701.4795419657873,3100.333223783834,712.698251317265,4061.218640487173,10690.730111632514,11250.571858760777,2324.03905667751,5997.954519072608,4519.8051247813355,"C2 central interchange, direction-balanced",5.749711406544601
589,Greenford,4,13.0,0.3109230769230769,0.12569230769230771,18.188769230769232,-0.44607692307692304,28.70215384615385,5042.388663231285,0.25954948761921376,0.5276449763085442,0.16970832776865544,0.3137078018437556,0.09377301715859124,0.29232882502820773,0.10110149025679682,0.36048217715736897,0.062311577959681404,0.2324131155861363,0.24006415070926967,0.1998670982432919,0.42416469874776175,0.1359040522996766,0.15254119955788037,0.11710194677844386,0.037118713322063054,0.05173773503429719,0.3043200735739998,0.05173773503429719,0.07671259425006391,0.07844055480582877,0.1491669245181071,0.11522975842966893,0.046618364749111844,0.038468707072822475,0.05228205128205128,0.2362283272283272,0.11554578754578751,0.04165201465201464,0.016747252747252743,0.033120879120879104,0.18318681318681318,0.10074664224664225,0.04178937728937729,65.38461538461539,1.7391075217346952,1026.923076923077,225.15381909817933,852.531841426282,476.04756189133184,52.06110530481196,61.265744850102905,62.933297451791084,293.09589413562554,79.11042277829678,106.02400450143033,C4 inner-middle ring mixed,4.1954653336218914
590,Green Park,1,4.0,0.11674999999999999,0.07325,7.59925,-0.9195000000000001,61.9265,3528.180658396498,0.6717779874458407,0.41468293208428664,0.1184300771462871,0.5128414957027035,0.19532182733465048,0.203782001172562,0.03646124241144315,0.1107057868328209,0.027371464570478253,0.5324059868695652,0.1224350620068517,0.3138683305442458,0.41512915882730034,0.14856744862160204,0.14291847193925156,0.06472314573112357,0.023407644618970172,0.07418172419488303,0.17088450016280424,0.07418172419488303,0.02015473616801065,0.04682655148565633,0.10390321250913725,0.0636379306610399,0.0292992241568601,0.08158830867245115,0.009637254901960726,0.12720480499892262,0.009508026287438024,0.190885585003232,0.05194475867269982,0.16501844968756735,0.00656539538892475,0.007734324499030326,0.07449485563456144,1667.75,1.7073545012078752,52000.0,769.098139385927,11582.956093084795,732.129286508831,14355.003335623265,5025.186737592033,12782.24560311601,566.3680613860892,572.0994911857487,6192.1510084792535,C1 central departure-oriented,7.41983012214856
591,Gunnersbury,2,11.0,0.18509090909090908,0.10145454545454545,6.847181818181818,-0.7559999999999999,43.269999999999996,6811.564534974477,0.3858960495179366,0.4453560468050346,0.14858968541671494,0.3239148898704663,0.19638535245860164,0.11784453483261254,0.05733006146884299,0.28775046100553675,0.06379460197846279,0.31781965507855586,0.2227176729357365,0.22729364032768073,0.42532451993836756,0.12466416679821503,0.14502292218259039,0.08480156076358705,0.040977216427662215,0.05108883356640678,0.19937164591618783,0.05108883356640678,0.036624357636502645,0.04985212200492865,0.11289516627475639,0.10433644020258677,0.04502812012327948,0.03117080291146479,0.018191919191919172,0.09820346320346318,0.011848484848484846,0.09295598845598843,0.1144386724386724,0.19843001443001437,0.08813131313131312,0.07778066378066376,0.07068109668109666,70.63636363636364,1.7592323981067037,2038.6363636363637,209.10713203933346,683.7809872428778,118.90263980350055,205.79778421713988,937.2552087323365,939.122084296092,161.8527657485188,233.08630071243323,392.73521216058543,"C2 central interchange, direction-balanced",4.271602817059509
592,Hainault,0,8.0,0.260625,0.123375,18.805875,-0.33024999999999993,18.34975,6349.780591087967,0.25089887296173474,0.5537292178371819,0.2058982410978968,0.22737897517715214,0.16166460272512412,0.2634041877553476,0.08574409105413924,0.37263689470309147,0.08200780861588776,0.27050409301794054,0.2546753942356802,0.20559719905746823,0.406126187638715,0.13360121906813638,0.15409941084020945,0.12152338517287006,0.03772675514539678,0.045201265038249935,0.2553125618147938,0.045201265038249935,0.056698307172753225,0.06403138514480927,0.1345828694972312,0.12756452092958273,0.03277558149765419,0.04187119515145983,0.010267857142857138,0.1379811507936508,0.08344742063492062,0.047678571428571424,0.04376488095238093,0.04570436507936506,0.040327380952380934,0.15854166666666666,0.05231150793650792,45.75,1.5201715512431542,356.25,9.236839147840396,142.9874142859862,81.96120984509571,48.11953204604767,39.400577118472874,39.7226501688847,40.949626336998726,168.8689473619344,37.15983574558575,C0 outer arrival-oriented,3.844814255734696
593,Hammersmith (DIS),2,10.0,0.2113,0.1126,7.4263,0.0824,44.875800000000005,13077.03207814411,0.6421420722233144,0.47921828487871154,0.16618640465910875,0.39634178918152757,0.301538782061069,0.14650340252988078,0.10878826340506713,0.19791980392662614,0.05915804624232394,0.38605199337250307,0.16809566000441847,0.3530427726593867,0.3617833014545511,0.11707826588164352,0.10012881668385923,0.07991657680582684,0.03634418872601656,0.06431666307225763,0.17834662979898747,0.06431666307225763,0.03158974408158936,0.04471482366459743,0.1020420620528006,0.14919968880850948,0.0336087075608235,0.03417227441163449,0.011333333333333319,0.13952929505135386,0.01139869281045751,0.0677080999066293,0.15269514472455648,0.11523436041083097,0.11139449112978521,0.14799477124183008,0.056625350140056,138.1,1.7883909693728728,4450.0,244.4878295360123,4434.736516050028,351.50910414274284,1763.380868098231,5056.0762600005455,3535.869593767927,1312.8962669606508,9165.432632682803,2713.658826135942,"C2 central interchange, direction-balanced",4.935193098929397
594,Hampstead,4,12.0,0.08508333333333334,0.053333333333333344,3.5049999999999994,-1.2028333333333332,42.376916666666666,7455.991245874559,0.44211909879841144,0.3560764409481996,0.08472760717516904,0.4037913644199084,0.08388626138512352,0.12345606545145042,0.026392916402945565,0.28487286213817326,0.04214512246378435,0.33374972035788897,0.22217935015854515,0.19221514249580537,0.4223308560483621,0.16327465129728724,0.19012733746128252,0.05736969005607954,0.025277587823953136,0.030723633798600335,0.10816601393791757,0.030723633798600335,0.011353291502498834,0.025154174871165502,0.07165854756425315,0.10451530112619539,0.027149683228177898,0.02483979710871045,0.005426587301587291,0.10867394179894178,0.02322420634920634,0.10075396825396825,0.06621527777777776,0.11499503968253966,0.14512070105820105,0.057858796296296276,0.05545469576719574,71.0,1.7148483145898081,622.9166666666666,37.955033644911346,529.7676973550534,66.99473381187282,607.1343057449577,155.62166871962253,360.693176920867,546.9638599846119,159.57121177310736,191.49769395240767,C4 inner-middle ring mixed,4.276666119016055
595,Hanger Lane,4,11.0,0.34627272727272723,0.12763636363636363,19.798181818181817,-0.5670909090909091,29.708363636363632,7283.35618943861,0.3601972103611555,0.5505355264761889,0.1898624851896509,0.3970870682888244,0.12627124760104805,0.2947127729997146,0.11966721935236406,0.34987160721287275,0.07410460649788725,0.2656862859336353,0.2386959696282482,0.23304291676137046,0.4102010897164529,0.11806002389392818,0.13112405402625002,0.1051831313473432,0.04098683418848394,0.058373301705165505,0.28560701884739603,0.058373301705165505,0.059970711729953934,0.06455436856393079,0.1610819385535112,0.12335413731936104,0.06406093751974574,0.028727591488430262,0.12204812834224597,0.1440231729055258,0.07700237670825906,0.04777183600713011,0.03547296494355315,0.06513190730837788,0.06976232917409386,0.08486274509803922,0.22093523469994053,120.81818181818181,1.643175256682533,3204.5454545454545,5621.231767860805,3457.549006268477,2330.7668016219545,1097.3255455638885,908.9825719635381,1971.5558564588596,140.28717705274974,1590.8904731910623,2784.0507325644007,C4 inner-middle ring mixed,4.802529620146586
596,Harlesden,4,12.0,0.5575833333333334,0.2350833333333334,29.087583333333328,0.3841666666666667,35.72741666666667,13676.345046039132,0.5733775047755159,0.6919515222217186,0.3040995979342869,0.3041352860984417,0.47989543464572676,0.14356372590909594,0.40118159306489415,0.3420125508359308,0.1476907844738502,0.3568237464800468,0.27160966528449154,0.22231554878469093,0.4104268103925026,0.09564797553831474,0.10035430183890835,0.13282478383238652,0.06009257333982188,0.06305540120763424,0.31875845825574106,0.06305540120763424,0.07565394215687606,0.08769288714068195,0.15541162895818297,0.17201256724493205,0.040778877392241876,0.038523380715598125,0.09564153439153439,0.1515793650793651,0.0903637566137566,0.061705026455026436,0.015856481481481475,0.0111111111111111,0.14349206349206348,0.08814021164021162,0.1115509259259259,108.25,1.6918136447451702,831.25,364.1365172871595,452.7024407927661,195.27159068912033,177.0455291080041,45.57988364433499,40.266625315442205,229.42788464405842,167.82412309460946,185.78783048655228,C4 inner-middle ring mixed,4.693638833975699
597,Harrow & Wealdstone,4,19.0,0.33363157894736845,0.1314736842105263,17.857210526315793,-0.5091052631578947,25.04542105263158,10119.290523617708,0.3208324270630989,0.559781500201892,0.20291864813752128,0.35701365141454433,0.13288262062062456,0.43147992833883125,0.09450701139916146,0.39462342173387954,0.07269119800151085,0.2272002498606391,0.2655156091774768,0.22185822615786047,0.3934248660871943,0.1192012985774683,0.14181636616160193,0.11345336254826953,0.038674744314190955,0.04747747965071115,0.26897222646930313,0.04747747965071115,0.06194311992022911,0.06284284177289742,0.14418626477617655,0.13931291470002258,0.0359296642061473,0.03968918302906164,0.01115914786967418,0.16142648287385128,0.020470969089390122,0.058872180451127805,0.04477965747702589,0.06584377610693397,0.0650532581453634,0.1205127401837928,0.09452276524644943,61.526315789473685,1.563812044461884,593.421052631579,20.87772659448254,418.3577526989367,33.74561802320362,146.84823451507154,89.1611713105947,115.44010317823502,144.10748366316503,259.48254398683423,277.8418772948885,C4 inner-middle ring mixed,4.135587520756149
598,Harrow-on-the-Hill,4,17.0,0.23558823529411765,0.09876470588235295,8.502823529411765,-0.6757058823529412,28.661529411764704,11387.172331926517,0.3971412181103977,0.48833679868314545,0.15594148775257752,0.44988468212422766,0.07909769411493686,0.4067917851793235,0.07202147627363703,0.33300497158122666,0.055735082382582624,0.28323302054967847,0.24436671605420415,0.26807402731526553,0.38782243133575683,0.09973682529477333,0.1308765317580704,0.09519761858653437,0.041901037536705495,0.04483176924410378,0.21448828075219295,0.04483176924410378,0.042199506049413325,0.05567456976409324,0.11661420493868632,0.14953302459267223,0.03493645129668846,0.037844522252276525,0.008424603174603165,0.10355917366946776,0.01446603641456581,0.06426879084967319,0.06086811391223154,0.11260399159663864,0.11065301120448179,0.18562896825396824,0.11080718954248364,95.76470588235294,1.629851341329135,1336.764705882353,43.94625917778539,797.7497331096779,190.6935763969425,510.1962743389854,916.9100361833805,1024.0858070842578,422.7093680859176,588.9253817007932,825.8426493556972,C4 inner-middle ring mixed,4.572282319143256
599,Wood Lane,2,6.0,0.36916666666666664,0.1775,14.128,0.6241666666666666,35.931666666666665,15251.712628740703,0.6722384246868883,0.5835513662022421,0.24471985186056808,0.3200682298968931,0.4743733138081003,0.1255276720035027,0.1942086101645949,0.20432497632878785,0.084413089087065,0.41737746658332675,0.1799926813310152,0.34596063979025904,0.38249796929094226,0.09154870958778333,0.11223030209299002,0.09427778096668253,0.04915924724626223,0.07172760995862772,0.22401278017512494,0.07172760995862772,0.038184511711972735,0.05074286803603258,0.13508540042711947,0.12896865072433564,0.028632032704646298,0.027932389766716765,0.0008888888888888834,0.2693968253968254,0.016388888888888883,0.07417195767195765,0.14202513227513225,0.2081534391534391,0.04879761904761901,0.07097751322751321,0.06224867724867723,169.0,1.6479855028030854,3791.6666666666665,17.134113041221894,3967.8876620819447,198.2713570931895,1160.4852198211345,4229.571815720056,4578.561561049287,753.0131801153078,627.5113270839678,919.7357116933745,"C2 central interchange, direction-balanced",5.135798437050262
601,Hendon Central,4,14.0,0.3015714285714286,0.12678571428571428,15.897,-0.6280714285714286,37.23707142857143,8103.279060888798,0.3798826747617251,0.5655999351325788,0.20407112536728267,0.4888991081593243,0.0944144399198077,0.19777231682728277,0.07000478479121684,0.320965740341114,0.05977256867419448,0.2752887519312274,0.24439906939469352,0.27736943284648646,0.3678100542461781,0.11042144351264185,0.1652009169332231,0.11808974554059626,0.042305848604013284,0.0797304344980847,0.24438905671064964,0.0797304344980847,0.039452342630781276,0.06502058026998345,0.13991613380988482,0.12682258752762623,0.031756592452299184,0.02382667697794948,0.021808390022675723,0.1629937641723356,0.013699829931972779,0.07130073696145124,0.02609155328798183,0.07507936507936504,0.1763350340136054,0.12430243764172332,0.06886706349206345,95.28571428571429,1.6886273604130786,976.7857142857143,62.459096830660364,752.858591334707,41.40960347386699,261.552129788486,97.68540089636325,212.63547418955633,597.2814600800647,371.3777154731095,228.66983775978613,C4 inner-middle ring mixed,4.5673199618569935
602,High Barnet,4,13.0,0.2073846153846154,0.11153846153846153,7.35776923076923,-0.7926923076923077,28.92830769230769,5815.273606970864,0.2625615647496749,0.4897292458051823,0.16494355841667444,0.24380867204045134,0.15185349696783976,0.12615241234754598,0.07872459993342308,0.30782089734545226,0.06921243051349758,0.3106419988590072,0.22822819775213596,0.17703307288239428,0.4242615879999452,0.1704771413655245,0.1267345372219276,0.10908136323770488,0.03837305685793792,0.03971994954664714,0.1910575187243325,0.03971994954664714,0.034550325867067855,0.049314375101257676,0.10719281775600689,0.14765981128551806,0.026598174814627742,0.04419216836279327,0.005320512820512815,0.12181471306471306,0.007967032967032961,0.08092643467643466,0.08912698412698411,0.09153388278388276,0.13553113553113555,0.17566239316239315,0.09657509157509157,82.6923076923077,1.5979721033956755,615.3846153846154,17.73260857021602,241.31894439773882,29.35072045860899,199.52818837957435,117.029749160422,164.76295558471566,188.95338239471036,287.0027573756637,221.32404984356492,C4 inner-middle ring mixed,4.427147069954351
603,Highbury & Islington,3,15.0,0.2482,0.14266666666666666,10.9424,0.19726666666666667,43.69206666666666,14815.053626431432,0.633560670315373,0.46432730782662096,0.18668036662357468,0.3141430624881892,0.3537924489867483,0.07789644204881192,0.08849156491227764,0.21339574336300196,0.06880667096023646,0.357604856901303,0.17769193481289147,0.3366459365409333,0.38145981279538616,0.10420231585078898,0.12548249660531638,0.07060371046285314,0.0393331494251264,0.03364953116664889,0.14810606588814393,0.03364953116664889,0.02567755945360788,0.03420920416740893,0.08821930226712697,0.1004044407102868,0.02801034633848866,0.04584069429281896,0.014362962962962945,0.11625105820105816,0.009459259259259252,0.13111058201058198,0.06730343915343912,0.16489153439153437,0.12662566137566136,0.09329920634920633,0.03603227513227511,69.26666666666667,1.7871429105286332,840.0,97.09264230862544,642.8092908652274,95.0858872068483,689.8988977736482,333.36233685643236,1040.5934995078644,533.5981975107437,773.6458327949181,186.97785881325254,"C3 late-night, extended-duration persistent",4.252297527999097
604,Highgate,4,13.0,0.10307692307692307,0.06615384615384616,2.3066153846153843,-1.1648461538461539,40.549846153846154,7001.31682118283,0.39280895013372036,0.38268737035113237,0.10131318249541746,0.34302471236777876,0.09439352672975107,0.07360004992294324,0.040090514363588306,0.2523619730635178,0.03962698146368649,0.3255008474753909,0.19565150710555496,0.21144308654141397,0.43264015758790314,0.16026524876512777,0.18009937661392011,0.08004181967320657,0.03182900395831525,0.03328151914013293,0.11975095187159356,0.03328151914013293,0.013083665938195032,0.03236204368946783,0.07430524224393056,0.1159900965455888,0.025216174664937547,0.03940773160983935,0.022527472527472517,0.109278083028083,0.008547008547008546,0.09330433455433454,0.10076159951159949,0.12442918192918191,0.17829670329670327,0.09630494505494505,0.04878663003663001,74.23076923076923,1.7063169109334657,546.1538461538462,48.51171111853624,456.8651190544268,14.269270204955074,285.03969402753313,144.14894075949005,176.42908692057242,454.55103235907404,135.52960546287613,83.2058091961034,C4 inner-middle ring mixed,4.3205603125732805
605,High Street Kensington,2,13.0,0.05307692307692309,0.032461538461538465,3.7923076923076926,-1.8499230769230772,52.35330769230769,11932.33881515382,0.4909982682332675,0.34132003522795024,0.07463314165402145,0.4974793068701342,0.04821594617205711,0.12759356851149517,0.024258127870616875,0.24173661578117406,0.03982067407629671,0.3580668571031001,0.20604316676689752,0.2301240074811244,0.4233372485390378,0.14049557721294012,0.15197611828336383,0.0536265346187503,0.028255362097932953,0.03919103956774545,0.14172591930355333,0.03919103956774545,0.0175200098674985,0.03730606081965193,0.08689984861640282,0.07717939877679046,0.040087101607028656,0.03911490368152948,0.007497557997557984,0.11203449328449328,0.0047887667887667774,0.19685592185592188,0.08202258852258851,0.13587179487179485,0.06753205128205127,0.08804700854700852,0.08984065934065932,121.76923076923077,1.7827115138675764,2973.076923076923,191.27147716118043,1871.2689150883753,208.6241473888278,2320.479006913284,2562.1082244954405,2191.548822926579,549.3449170628676,2329.1731624412246,1066.4817100211508,"C2 central interchange, direction-balanced",4.810306420548217
606,Hillingdon,0,9.0,0.12266666666666665,0.06622222222222224,5.982,-0.8792222222222223,19.638777777777776,3242.044936153962,0.12080732802403893,0.4230258353952606,0.12021703794000599,0.15777613797808257,0.06281652016327992,0.2874357690727155,0.031028602545570036,0.33169267415445064,0.040752200811571465,0.21708547072629508,0.23058268688176714,0.16318841426768807,0.41749435567344567,0.18873454317709903,0.11451905616582055,0.10649796304220867,0.02595741326915339,0.02913951919663234,0.2346066800738788,0.02913951919663234,0.06221820189964132,0.046811330161586735,0.12557714801265066,0.1164065280391256,0.049470915175158454,0.06983339387164979,0.011111111111111112,0.15032407407407403,0.008421516754850079,0.087852733686067,0.05363205467372132,0.04879629629629628,0.17748897707231037,0.10017416225749558,0.1947795414462081,50.666666666666664,1.7174092839832114,1241.6666666666667,3.8503202412552984,141.07303357167896,7.86297108781471,62.89583718844416,30.21207749111244,36.40493214236257,158.91665554262735,92.27950376959342,3036.013516298532,C0 outer arrival-oriented,3.9448128282511368
607,Holborn,1,6.0,0.2295,0.13183333333333333,10.569333333333333,0.017,54.947166666666675,9271.005721280124,0.7919205791156375,0.5419959729334897,0.19800451279702155,0.395795955020962,0.37516938623523677,0.2550523280228284,0.07007583788828244,0.13967628417975014,0.041529960417460744,0.49402891977953795,0.15916456285062652,0.35951692726293377,0.35588079369712305,0.12543771618931646,0.11503421678428453,0.07416573832487082,0.03820224422746931,0.05857108814216358,0.15882839548231628,0.05857108814216358,0.02872033338539383,0.0306918605975177,0.09941620149940462,0.12560386192168224,0.0223711909035248,0.039178774749157486,0.0075218037414087335,0.04932526719853588,0.011650080810931216,0.06203285549204731,0.17094123030058253,0.20683014874655317,0.11319965985803822,0.10878301866727474,0.09286484945269413,801.5,1.6825760958201912,32500.0,1125.4531807056649,6381.042518688954,1131.3748731512594,6534.908976547107,20060.508088282597,25773.802197493904,10817.509125455947,14608.020162909852,13885.916048309291,C1 central departure-oriented,6.687731855004171
608,Holland Park,4,14.0,0.12385714285714285,0.07307142857142856,4.957928571428572,-1.2507857142857142,51.11221428571429,11093.087000534899,0.4990115796250801,0.3975575178852497,0.11930562113936573,0.381110533094822,0.19572738616642926,0.1134486325699556,0.06170560099401349,0.2434742428512992,0.045423326372664996,0.3890345850353811,0.20122718950103738,0.20723444197912583,0.4386391941821974,0.15289917433763928,0.16709446612581003,0.06222544371216883,0.03609464986566723,0.04159892351526669,0.14777323670139525,0.04159892351526669,0.018856720072008122,0.03673197909917641,0.09218453753021061,0.09622716312823887,0.035857281158157374,0.02520630421189518,0.007083333333333322,0.1256349206349206,0.005396825396825386,0.16407738095238095,0.05260912698412695,0.12492063492063488,0.07465277777777776,0.07991071428571428,0.0950892857142857,67.5,1.782467154237945,766.0714285714286,63.96509351169751,831.2288361352197,21.196724978416935,1179.3437555461292,344.0978511966177,556.6018267672393,363.3533534534675,288.4888719652029,426.2377896787388,C4 inner-middle ring mixed,4.22683374526818
609,Holloway Road,4,18.0,0.2865555555555555,0.1471111111111111,12.579777777777778,0.4226111111111111,38.73400000000001,27549.825814335647,0.6985347610953536,0.5184929574458941,0.2043505155137277,0.3526948265265968,0.3612484296177606,0.11646638383059349,0.12713414499005754,0.20538874772838744,0.07768363429418618,0.3560238994668177,0.17583000270098054,0.3931416018296639,0.3560633733680231,0.07496502210133241,0.10825302776727398,0.08073282864380735,0.04443573893716453,0.05669234569852001,0.16934375518138778,0.05669234569852001,0.026895584765498068,0.04290467743204219,0.09954349298384743,0.1249274137661156,0.02795605188445734,0.04799745763999518,0.023999118165784813,0.15289748677248674,0.017685185185185182,0.09398941798941796,0.07196891534391532,0.09292857142857142,0.11229387125220458,0.12500551146384475,0.044444444444444425,66.94444444444444,1.61350816709326,833.8888888888889,211.80112790536253,1205.0061826984866,91.97696220735047,582.8407310444788,602.4926217846349,783.3452891599768,683.8305244104586,4155.577254676688,746.9328539163315,C4 inner-middle ring mixed,4.218690377791008
610,Hornchurch,0,12.0,0.13383333333333333,0.08483333333333333,12.603666666666667,-0.6058333333333333,16.246250000000003,5066.586378182697,0.20465156146409527,0.5195490572866315,0.16293662702059494,0.12965728406589686,0.08865881015501419,0.0624948598278493,0.039095175711198416,0.2776552470282116,0.05172238886363406,0.2686500214767336,0.20296739394249172,0.17676691473776882,0.39084686933586826,0.2294188219838711,0.09892949201954425,0.11355841472775578,0.026975157406380523,0.028828273066582023,0.2206685427989331,0.028828273066582023,0.06219262943030601,0.050467332686430666,0.10800858068219633,0.11633525931819505,0.040626962470261756,0.07016655982566862,0.02851851851851851,0.0662037037037037,0.027546296296296274,0.08439814814814812,0.013842592592592575,0.08004629629629628,0.12333333333333334,0.1102777777777778,0.16768518518518516,59.333333333333336,1.6282100019081522,610.4166666666666,9.707280727332849,121.49319443868399,48.80070555104771,153.188724059039,8.470862255040798,82.23995893130446,144.25888296995205,105.94064561737684,1049.8373358813553,C0 outer arrival-oriented,4.099884742597716
611,Hounslow Central,4,16.0,0.3344375,0.1290625,22.081375,-0.478375,40.000625,11532.833187298536,0.435846079701307,0.6409208305510208,0.24176829117175413,0.45353755859543454,0.17858882138103674,0.5728500976536948,0.060362753275003254,0.43968883255742613,0.07703460722677172,0.22049541278597884,0.262074294437869,0.23310667053148817,0.41057425328250496,0.09424478174813777,0.11195004388575545,0.12384224998715132,0.050661584500137385,0.09591382905478772,0.35323572655338176,0.09591382905478772,0.10806773847377409,0.09271672480220164,0.152451263277406,0.10815126303640976,0.035503489913562926,0.03408594189506842,0.014109374999999993,0.16389310515873015,0.07860441468253969,0.07356274801587301,0.04386607142857141,0.03996378968253966,0.1420972222222222,0.11762971230158731,0.11198065476190475,69.3125,1.7295582672332308,2617.1875,30.513758858745163,896.3431538117486,11401.651821200354,981.5337511557855,159.13197759356882,131.62132862049592,360.239736213849,814.4982288789738,1002.7854801834281,C4 inner-middle ring mixed,4.252949592398739
612,Hounslow East,4,16.0,0.27175,0.113125,15.354562500000002,-0.5974999999999999,40.3831875,9938.709533635509,0.40133372839798265,0.5609213805255854,0.18784520363186258,0.41588536116523717,0.12975360810359063,0.49000405723239027,0.05761312113835335,0.39626466258132137,0.0730233219359339,0.21732274535583634,0.24430098091775088,0.24150581256774362,0.4103928371342315,0.10380036938027386,0.12179992202384607,0.11322521965315954,0.04427965780565146,0.07905913309671751,0.3119187961566152,0.07905913309671751,0.092281573065246,0.07761629716389921,0.1420209259274699,0.10712507188992847,0.03176701928011651,0.036600594833479834,0.011192708333333332,0.1540736607142857,0.08872991071428568,0.08140104166666665,0.06512499999999999,0.03984226190476188,0.12125744047619046,0.0864144345238095,0.08456547619047616,73.8125,1.7194596251916794,2640.625,27.418686492297656,879.3030718329085,11546.759585288497,1093.1167870563602,174.6800298266371,108.79945823933352,282.9324541769304,255.2578177460648,1370.3618866917602,C4 inner-middle ring mixed,4.314984983318192
613,Hounslow West,3,18.0,0.3078333333333333,0.12605555555555553,25.253833333333336,-0.434,37.32083333333333,8700.866323165252,0.322867322869603,0.6485338185334423,0.25696009953188514,0.3425846153197527,0.19686205245995617,0.6048627854593573,0.05739860153358842,0.40502800939763267,0.05704582042800214,0.19757762172593946,0.24364144194255008,0.22696559134129904,0.40487766101928585,0.12451530569686481,0.10183246203964824,0.1239107426594395,0.05180793515888074,0.09151247912271296,0.3966733502602347,0.09151247912271296,0.13899344177763465,0.0923740285316218,0.16530587995097815,0.09924158833283853,0.037134965344081124,0.047184337846843505,0.006507936507936506,0.2033333333333333,0.054246031746031736,0.09728395061728393,0.06903880070546736,0.019554673721340374,0.07885361552028218,0.11637301587301588,0.09227248677248676,52.333333333333336,1.6439962644459192,661.1111111111111,15.232342570016051,233.43268899048013,89.60578629168643,130.0316945533557,149.222244076083,30.91692181322439,109.21577720904514,294.8702938384242,452.7531754205845,"C3 late-night, extended-duration persistent",3.9765615265657175
614,Hyde Park Corner,2,7.0,0.05614285714285715,0.036571428571428574,6.676571428571429,-1.6237142857142857,59.487142857142864,3599.2808350086625,0.5709891641967267,0.33024282826843737,0.07232405355487795,0.529197947718423,0.08205967157655206,0.1908192844438247,0.023495823843488983,0.15527179744077504,0.030728157238056275,0.4478337578937623,0.17341792050243562,0.28293832412755776,0.3989788574814145,0.144664897888592,0.1399522235221461,0.05790511494478371,0.018461938510271687,0.06021058003736825,0.15340730531034594,0.06021058003736825,0.018240102330171985,0.05021175810906587,0.08495544487110804,0.06133081449818349,0.026550187099993527,0.08819714859778775,0.0056734693877550715,0.07360679399965112,0.006353959532530929,0.18299537763823473,0.14011442525728238,0.12276164311878597,0.0833113117041688,0.014628597592883274,0.06781205302633868,711.7142857142857,1.8273874367696614,32857.142857142855,309.36635266887936,3491.1704105598205,393.20506098902035,7732.833590153479,15347.132183932683,7426.910173816616,981.2180781102163,859.294997642275,3734.082507558464,"C2 central interchange, direction-balanced",6.569080618805724
615,Ickenham,0,8.0,0.09275,0.054875,4.117375,-1.02525,16.02925,2815.3185439906556,0.11480160860268397,0.4002003556436223,0.1046613893081205,0.15500985500263437,0.051561716808448746,0.2381291066722322,0.026834608450620148,0.33280028158861497,0.0386206371387631,0.22925100814647914,0.23398700180879223,0.15847573910670165,0.4161882514891792,0.19134900759532675,0.11414005373804632,0.10648034723642663,0.024269569083870526,0.02956060931128704,0.20761921481866563,0.02956060931128704,0.05230196955352982,0.039744918398622674,0.11557232686651304,0.10995352124966497,0.051956709207708396,0.07226307511268318,0.0075,0.043377976190476175,0.060342261904761885,0.08209325396825395,0.05799107142857141,0.05476686507936507,0.19717261904761904,0.0975347222222222,0.08484126984126983,52.5,1.6832057261022144,337.5,1.7498794210835675,47.79093899219647,18.4784025672054,59.57864471113347,24.30773877102358,29.51862369258067,146.61002613268434,67.9187655234839,53.53956920703354,C0 outer arrival-oriented,3.979681653901961
616,Kennington,4,26.0,0.31192307692307697,0.1448846153846154,13.354076923076926,0.2978076923076923,38.49788461538462,18201.46127488635,0.6925775691386629,0.5419731719156936,0.21310421449999842,0.27535891772575666,0.4666611032216415,0.09761886338783438,0.2720399283377402,0.21536369117590676,0.09718589381930573,0.3659874135110265,0.19053606582239693,0.33986029055702865,0.38095396263718595,0.0886496809833882,0.09743875254541892,0.09942892576086232,0.051370330802017444,0.06608998610238617,0.21163017962381253,0.06608998610238617,0.037807947913210224,0.07649930704311071,0.0973229246674915,0.14380699784103934,0.017311885341593534,0.06707141988589548,0.01103174603174602,0.13800061050061047,0.016938339438339427,0.08976495726495726,0.0625152625152625,0.11878510378510376,0.07269536019536019,0.14300671550671548,0.06399725274725272,61.69230769230769,1.6992991244902358,797.5,38.524466630943394,625.0297248788684,115.3747499463731,566.9986660087154,270.6300985689067,568.4090134479816,380.1309855205227,720.8277535691946,466.3679934640655,C4 inner-middle ring mixed,4.138238755779326
617,Kensal Green,4,16.0,0.33687500000000004,0.1665625,15.65125,0.10449999999999998,36.1769375,12777.838147237771,0.5345829532725388,0.5823631410626005,0.2488267921897249,0.2488267654387969,0.4118294422854751,0.1243907854426867,0.1770283348177354,0.29199341662440464,0.09471960949908349,0.33217638389083354,0.22034662597674434,0.2533734205761715,0.41321040806733067,0.11306954537975328,0.12950033822884072,0.0991749814893011,0.05016459169980058,0.06677981929645901,0.23968106504783904,0.06677981929645901,0.0433799598123263,0.05895186968546882,0.1373492355500438,0.13836972952448695,0.028005109512454836,0.03135349175871699,0.06265104166666667,0.14198139880952382,0.007989583333333331,0.07741369047619047,0.09107787698412698,0.0908577628968254,0.09506026785714286,0.10588653273809523,0.09966344246031744,72.875,1.6635755630816484,1251.5625,227.62356731142745,610.8862886749114,24.58122961542464,237.76631189511838,467.74818429229884,320.03744459588484,295.15904613406747,515.6733505350732,388.2790829481739,C4 inner-middle ring mixed,4.302374475726262
618,Kensington (Olympia),2,17.0,0.17529411764705885,0.09999999999999999,6.274294117647059,-0.6993529411764705,44.27952941176471,15407.58455367648,0.5590161625649965,0.4489244260894403,0.14646095258535968,0.42677901147217795,0.20445251931024175,0.12078641260452565,0.07631525329156934,0.23102574343239765,0.05226137699268276,0.3763351216216928,0.18640523032782189,0.2752571696793434,0.4152124516593903,0.12312514833344436,0.1360220613389037,0.07478833624446943,0.04246202509937769,0.05536773823461928,0.17061232326817372,0.05536773823461928,0.022876335500382736,0.04130206160069468,0.10643392616709618,0.10589855437104238,0.035929388048754424,0.02670944112256798,0.008643790849673195,0.1462859477124183,0.017287581699346393,0.10806045751633986,0.11962091503267974,0.13642320261437907,0.05867483660130718,0.07144281045751633,0.09678267973856208,65.29411764705883,1.6525015161377594,1164.7058823529412,104.84876049206666,1038.5113993393468,134.07071774487127,806.9219195726786,1423.9567201684604,1209.0898813186652,487.5763098284058,406.91484864805165,902.3791529924621,"C2 central interchange, direction-balanced",4.19410116998356
619,Kentish Town,3,15.0,0.2934666666666666,0.15966666666666665,10.534933333333333,0.4490666666666667,42.61173333333333,19735.409696059593,0.6372252542999346,0.5418003227593012,0.23384209966756725,0.29811380867540027,0.38705090553256594,0.11146616954365834,0.10724209485618295,0.23236316849642227,0.0835186173453114,0.35951923461021,0.19850613304244646,0.310803917932188,0.37786685496996886,0.1128230940553965,0.1307533318697787,0.08541252969493114,0.04382563215040601,0.047731296349223254,0.16503425211883452,0.047731296349223254,0.02779530485136711,0.04056019367161104,0.09667875359585626,0.12372811999336743,0.022436798033469058,0.04675629159546686,0.009407407407407399,0.10717777777777776,0.0359111111111111,0.09103703703703701,0.08531481481481477,0.14259259259259255,0.12666666666666665,0.1593185185185185,0.05716296296296294,63.8,1.7930073460128264,891.6666666666666,58.30165359334719,588.8490539876385,340.01369893545206,630.2781246275492,595.6311311300647,785.0743752229483,496.3152600497371,918.9326256788574,317.82849490710515,"C3 late-night, extended-duration persistent",4.1713056033582285
620,Kenton,2,13.0,0.2023076923076923,0.08592307692307692,11.230692307692307,-0.8047692307692308,23.207999999999995,6167.068303492315,0.2322275465747881,0.5127598308073925,0.15087581635449177,0.28519981502682246,0.08161412025605429,0.5398663937347435,0.0543304435551262,0.3381803685338367,0.035245688180807304,0.18983069411117612,0.21321409787143145,0.22175206664545588,0.3850304621701411,0.1800033733129715,0.14747640837899495,0.10268148174769812,0.03350413646355359,0.035756418251079926,0.24907585357420875,0.035756418251079926,0.04880595994036951,0.05127248663935942,0.14899740699447978,0.1624529975667971,0.03270996066437336,0.03933008923787643,0.008986013986013985,0.13588716838716836,0.008534243534243523,0.06069555444555442,0.057991314241314214,0.08658702408702407,0.08602730602730602,0.22510170385170383,0.07487831612831611,52.23076923076923,1.6883403049005286,1365.3846153846155,11.20243885006788,236.6324342227176,12.813526101730462,123.567320651126,126.78154611497652,160.66193665670664,167.7147717964194,1172.518149080379,193.05427697072471,"C2 central interchange, direction-balanced",3.974636598156133
621,Kew Gardens,0,8.0,0.0955,0.060500000000000005,1.99825,-1.731125,49.75875,6229.855558419429,0.2506055082171376,0.3462266285834827,0.0857773512295343,0.2681170230557153,0.0972882397793181,0.09219090101977478,0.016399785928209263,0.3094074885394763,0.040972257885988156,0.2930074016250822,0.22222759853945492,0.16237735925501381,0.445867815735298,0.1695272264702331,0.13974373170843551,0.073332299736104,0.030377955763635073,0.02772242788141311,0.1422291028208944,0.02772242788141311,0.023513233646200386,0.03594871280578668,0.08276715636890727,0.10323241583352007,0.0467996201807692,0.04080797433676341,0.009444444444444425,0.11896626984126982,0.011904761904761887,0.11832142857142854,0.09549007936507933,0.13816071428571425,0.17437103174603172,0.058855158730158695,0.03245634920634917,61.625,1.8559469270195152,712.5,23.135229047102897,203.91334830390255,21.863556985568806,212.86538527091736,221.34408327151908,234.80272434536,237.57019640608192,113.707418156431,59.52108259509089,C0 outer arrival-oriented,4.137164559405029
622,Kilburn,4,15.0,0.27253333333333335,0.13513333333333338,9.230933333333333,-0.0644,41.35433333333333,12953.316693240997,0.553336347100463,0.5065997862261616,0.20353058006445635,0.4229346020847517,0.20912026890175842,0.13111697410417344,0.0974610499758195,0.2349270592864632,0.05406706912852186,0.36225956516937663,0.19205647676787418,0.29712515655138266,0.39370734439051297,0.11711102229022993,0.13324515041243518,0.08521730413299362,0.03928632000541909,0.06233620403670688,0.1716577186112998,0.06233620403670688,0.02617625255608501,0.04037640913320597,0.10510505692200867,0.11558308793556728,0.02811481388401155,0.038766978212589356,0.00662698412698412,0.12362169312169312,0.0033333333333333335,0.09378835978835978,0.05470105820105818,0.12708730158730158,0.13656349206349205,0.14469047619047617,0.06428042328042324,39.86666666666667,1.6207684966246312,275.0,14.816377119238819,269.5776750569872,9.20697377159283,233.65397059482115,134.12710768199437,275.0212021258288,263.94088920538405,281.6145507589575,149.46713010657123,C4 inner-middle ring mixed,3.7103147348340015
623,Kilburn Park,4,15.0,0.33286666666666664,0.1564,12.881000000000002,-0.017866666666666652,33.91700000000001,17992.367491175104,0.623885794164613,0.5520457684059669,0.22335213257294023,0.35636868954206424,0.37701533334323717,0.12687415869157811,0.1771601737295421,0.25122474841983,0.08117048353113401,0.3703943552488788,0.20838126780823682,0.2878874162590026,0.4020996896709764,0.10163162626178403,0.11266490629998184,0.09857717657326343,0.05433797693253203,0.07302436358848456,0.21388447752302278,0.07302436358848456,0.041060727163895624,0.05482878607024204,0.11799496428888503,0.12004835125744932,0.0265685278630826,0.03573004072514295,0.006414814814814814,0.15197195767195765,0.03459682539682539,0.09292486772486772,0.03715978835978833,0.10697830687830683,0.16246666666666665,0.08177513227513225,0.08815608465608465,55.4,1.743600800322377,435.0,19.670555816176208,618.7298982790326,109.98662951002625,375.4297076977964,137.7407765053609,339.09310645630717,516.999505045338,265.158519321696,423.362909941887,C4 inner-middle ring mixed,4.032469158504013
624,Kingsbury,0,16.0,0.28618750000000004,0.1158125,21.8960625,-0.6125625,24.333312499999998,6826.897828832398,0.27656452377778457,0.5859549105892866,0.2097878545669145,0.31961170549018986,0.14955258450808434,0.4380803073567907,0.0949295472245006,0.3621464469464758,0.05622592920964979,0.19914373762823495,0.22763408147122288,0.23010665383467369,0.39423596169427666,0.14802330299982663,0.17305669754009761,0.10569206296251304,0.03755360405548415,0.04625722050073486,0.28319847154157457,0.04625722050073486,0.05483202997849502,0.0695221496970935,0.15884429186598595,0.1105818270146848,0.035894489978541375,0.03603919378381268,0.013797123015873013,0.13451636904761904,0.020643849206349194,0.08371304563492062,0.029266369047619027,0.029952132936507912,0.26322668650793646,0.17348859126984126,0.03567460317460315,47.0625,1.625161619393373,437.5,28.678435689420674,214.23228481754063,28.157067244407674,169.84894446075398,36.265262597772676,43.727947541379386,419.06510866269866,222.46619174115915,53.403378063670715,C0 outer arrival-oriented,3.872502247265863
625,King's Cross St. Pancras,2,15.0,0.3032,0.15226666666666666,17.233333333333334,0.42119999999999996,45.74326666666668,16592.01148442005,0.7541164929204458,0.5987533212592547,0.24999948416875484,0.3172253719519004,0.4816069651707466,0.26730694332631405,0.11610748546215674,0.1936972311142366,0.0706666144032523,0.41685080648898754,0.23170419688402197,0.36479661929984214,0.31143855060900943,0.0920606332071264,0.07867952039609545,0.07575884008753346,0.04574196590685027,0.07446293808576072,0.20221151394635034,0.07446293808576072,0.044399896027968115,0.04734762521097704,0.1104639927074051,0.13267710919702455,0.02448013662860683,0.03762104264156083,0.018302258852258835,0.051342857142857135,0.02032948717948717,0.1211080586080586,0.09514841269841269,0.1325717338217338,0.12486324786324782,0.13508070818070814,0.06459206349206349,123.26666666666667,1.813982479911416,5073.333333333333,379.3341984671774,1559.1378823385878,652.5376602992627,3229.5540857113388,5531.280830247547,5856.756106121962,4172.683470303039,3095.717899289367,2503.5497498061,"C2 central interchange, direction-balanced",4.822429794143327
626,Knightsbridge,2,7.0,0.041285714285714294,0.02214285714285714,4.516571428571429,-2.0662857142857143,61.548714285714276,7422.115861513179,0.5270986176049265,0.3218595027786284,0.07044030825128425,0.559443819116958,0.04353770642910292,0.14639450434144186,0.019725862782666328,0.1892958528768893,0.031783465125485286,0.4182964510253787,0.19713234337095914,0.24278702823199835,0.41418945176757244,0.14589117662946996,0.16137270878345258,0.04711174934986941,0.018279923930003026,0.0408908866110108,0.15243616114320252,0.0408908866110108,0.026082583873176902,0.04121607250107673,0.08513750476894878,0.06514547797221537,0.0226803938524272,0.05120827139251338,0.004992063492063485,0.19416269841269845,0.0033214285714285577,0.19035714285714286,0.02169841269841267,0.1032142857142857,0.1155436507936508,0.023805555555555524,0.06326190476190473,238.42857142857142,1.7480663292219762,5092.857142857143,96.30786411614913,5016.303989270456,71.47751506417062,2557.3905601252786,229.76770074699408,1131.2931458364903,775.2460539132945,254.73117764433837,818.3821270532729,"C2 central interchange, direction-balanced",5.478255131986715
627,Ladbroke Grove,4,19.0,0.3132105263157895,0.1634736842105263,13.578315789473685,0.1491578947368421,42.063105263157894,16140.010157813971,0.6004517093579427,0.5791166221027152,0.2624199292477945,0.2446991996393067,0.5101291084767812,0.10439525690553725,0.14338026472499435,0.22850991802636467,0.0733594117037137,0.4276615087174064,0.19084466549081716,0.2555010614979433,0.4163185259946344,0.1373357470166049,0.13730862962592852,0.08993051497722175,0.05438789784707552,0.057005716573813016,0.23212855836343502,0.057005716573813016,0.039030865471863,0.052937219701229034,0.14016047319034286,0.11183903568878154,0.026429881650129966,0.028008021365508756,0.01289223057644109,0.17270593149540514,0.008421052631578942,0.14173391812865493,0.056108604845446934,0.06805096073517125,0.12237176274018378,0.15587761069340017,0.04971637426900583,72.36842105263158,1.725802229096533,757.8947368421053,82.07540145516403,1072.1796457137048,52.656191725140175,941.2912863161532,328.73964110246607,351.2268264983568,667.006155209154,898.6815525904565,340.4000726601903,C4 inner-middle ring mixed,4.295493612154028
628,Lambeth North,4,10.0,0.24709999999999996,0.1212,10.778099999999998,0.2032,39.0206,14845.00387022617,0.7135402213348796,0.5009376425556974,0.18381574245039578,0.3077549787680295,0.4242844157499956,0.14318609852831338,0.2222877286666091,0.19793205951600729,0.08002980136493983,0.38256288132452326,0.18702921923981788,0.365898958948743,0.3556778507188584,0.0913939710925806,0.09004673997006793,0.083956400705712,0.04736222809430405,0.058908071028586265,0.19299262745737156,0.058908071028586265,0.032604889789406524,0.06832358716916992,0.09206415049879499,0.136463035111638,0.02189588477982014,0.06430461245298748,0.00940692640692639,0.051864393939393905,0.00814999999999999,0.09565259740259738,0.05254080086580084,0.11151807359307356,0.10934199134199132,0.21746385281385278,0.05948030303030301,126.0,1.774260407227752,5270.0,161.0667855249786,1186.1173801329728,370.92865325314153,1985.6771104958875,1479.3637565595805,1846.218102681213,1292.197529845937,6013.284239144789,1468.5484156243062,C4 inner-middle ring mixed,4.844187086458591
629,Lancaster Gate,4,9.0,0.13566666666666666,0.068,5.403444444444444,-0.941,58.461444444444446,16276.4942005959,0.6676816188069666,0.433254341393849,0.12333696719239232,0.578049831965902,0.07394708693243401,0.17314351344302048,0.038206886161720396,0.15194091957982886,0.02717160030621399,0.43828068094629535,0.15137597457430052,0.36016065997707564,0.37305781159239465,0.11540555385622893,0.13215861063957335,0.05283957103437219,0.02961962458883841,0.06313994038000342,0.1425777020800916,0.06313994038000342,0.015938270072969968,0.035892979493787794,0.09074645251333374,0.08209522681956158,0.027190466905771968,0.048281303095765636,0.007333333333333323,0.0653174603174603,0.011386243386243368,0.30078042328042326,0.07833333333333331,0.11588624338624337,0.10077777777777776,0.028428571428571414,0.09325661375661373,124.88888888888889,1.687154400058732,3977.777777777778,89.86183215449839,806.6168581898252,303.41209626708684,3338.2478909938804,3124.12844959225,2719.68427431158,950.4669428084877,705.8089518688591,1593.3882275430858,C4 inner-middle ring mixed,4.8353996836917865
630,Latimer Road,2,17.0,0.3301176470588235,0.16558823529411765,13.962882352941175,0.193,39.32705882352941,17415.169910645214,0.5844884148945169,0.5825759297408599,0.26138492237231764,0.2444290233020214,0.499163321972263,0.10611002993717547,0.16326988658253389,0.2384226378871285,0.07603080509760538,0.40058143311869737,0.19918126657723687,0.2562168339783967,0.41070640782574475,0.13389549161862155,0.12958968045621533,0.09332183102349685,0.051714202070073184,0.05763824081692485,0.22694312627375013,0.05763824081692485,0.042192427560908866,0.05158208609544903,0.13316861261739213,0.12127884656411736,0.02826966612012141,0.02902023385405836,0.0015294117647058766,0.19965639589168996,0.00970588235294117,0.039638188608776825,0.06620028011204479,0.11108029878618111,0.0839957983193277,0.14049206349206345,0.11314145658263303,86.11764705882354,1.64530131371411,1310.2941176470588,13.594801086190785,1858.2913415646867,86.78344136709212,323.0722692331735,425.1765028610691,890.8806434042206,605.1704355354311,905.3017409282121,1010.7033245517283,"C2 central interchange, direction-balanced",4.467259470211583
631,Leicester Square,1,4.0,0.22025,0.125,9.774999999999999,0.28075,55.90325,7082.144577250176,0.8115609486748754,0.5079889316158909,0.17757684797426168,0.4832741119855675,0.32889023747891843,0.18743619957639715,0.057517875358350054,0.09438885418759052,0.03037074804682435,0.5331234959647855,0.10301444123763268,0.3908662152477357,0.40198044570503183,0.10413889780959973,0.1244966825857494,0.06362198661588717,0.03621557991900892,0.08566286165144023,0.1532446982396984,0.08566286165144023,0.017093639737452197,0.02938002521400795,0.10677103328823816,0.09231383646849989,0.025524772570709453,0.038192121098149255,0.00567647058823525,0.1145387700534759,0.00477306149732615,0.16139705882352934,0.19683322192513367,0.19140541443850262,0.008285427807486576,0.0153776737967914,0.0811430481283422,1603.5,1.718927782607484,47500.0,752.4688340970225,15562.165164070648,649.8329062721198,22121.08526093143,26889.386078248877,25681.17299587253,1164.885519661288,2085.2457968772496,11313.976629070143,C1 central departure-oriented,7.380567460549911
632,Leyton,4,18.0,0.32116666666666666,0.13572222222222222,18.373666666666665,-0.005388888888888885,38.906111111111116,14274.189793441114,0.5355191839474811,0.5756536656853526,0.22525317863383196,0.3703746818146927,0.2544172613029494,0.23375186195787656,0.17990411800078923,0.3147964580369723,0.07926360184614979,0.2559977019415191,0.2205080457122478,0.3004646238592939,0.40000190520242307,0.07902542522603509,0.1456916275964078,0.11300153367255834,0.05034147423671409,0.08407735536797258,0.25838125802561085,0.08407735536797258,0.04594507302285739,0.08611556113257567,0.1263206238701777,0.11633354026426297,0.025198698297561117,0.043644045904609206,0.008134920634920622,0.21434744268077596,0.05686067019400351,0.08099206349206346,0.0400970017636684,0.06026014109347441,0.12415343915343915,0.1330731922398589,0.05789682539682538,56.111111111111114,1.6658921784827279,479.1666666666667,22.78046325362916,500.70378692371236,169.34284391303257,188.2814767183558,65.65111829317067,113.85917679513487,271.23959198056195,233.5304984851524,145.95276237835571,C4 inner-middle ring mixed,4.0449986881189455
633,Leytonstone,4,14.0,0.19599999999999998,0.10507142857142858,8.63742857142857,-0.38621428571428557,41.381142857142855,9496.636255419739,0.40847353582296764,0.4937003101709851,0.15839347014929375,0.3268725327685265,0.12128478521816846,0.2235101793184822,0.10015891308504017,0.29579731567055434,0.055361117648661425,0.28229386581350147,0.2132471047516438,0.23916831786544443,0.42092743125004484,0.1266571461328668,0.14062406973147853,0.10129432329588046,0.03570146844725503,0.05968943919457455,0.20019248979844764,0.05968943919457455,0.03592865261166476,0.05788795179734787,0.10637588538943495,0.13430666636299507,0.02496721519945777,0.05466490782625966,0.05696712018140589,0.11647959183673469,0.02029761904761904,0.09310941043083899,0.05018707482993196,0.09415249433106573,0.10811507936507936,0.19161564625850339,0.07507936507936508,64.57142857142857,1.6671319256872705,550.0,94.02401617693954,308.278170708988,99.68248381532203,266.42357886951015,97.99608168453929,229.25165073233475,261.7665096786523,380.0143206005192,199.05625790048785,C4 inner-middle ring mixed,4.183140061005232
634,Liverpool Street LU,2,5.0,0.16999999999999998,0.0856,8.7684,-0.019600000000000003,46.4838,6850.912648312282,0.8157431290392461,0.4334950174249085,0.1427938477501836,0.5097626821006804,0.293726952640318,0.22019327342585573,0.07623303610257129,0.12463300127387793,0.04188248277282538,0.4576719771016262,0.13252632763581249,0.4834611613477344,0.3296299858210382,0.05438252519541474,0.10092724255718286,0.05926031463983632,0.037749073048349104,0.049772315157865024,0.16046473075954032,0.049772315157865024,0.023201125993047002,0.0550657043782386,0.08219790038825467,0.07670108834531329,0.015366745957003458,0.03323480631183418,0.0030042535786561396,0.03606957567936622,0.00923497292268018,0.04202268929275628,0.218956413887277,0.23153677543785411,0.01946557812995542,0.028650301343699818,0.13517112815566973,1824.8,1.5552762103864108,118800.0,545.4289461221921,6195.176525195903,1497.9053286291314,6962.593873121444,37647.28134699007,39898.403689604835,2926.3276437874856,4558.164915009499,23271.845731135283,"C2 central interchange, direction-balanced",7.509773526130981
635,London Bridge LU,2,9.0,0.18633333333333335,0.09777777777777778,6.671555555555555,0.10844444444444445,39.43088888888889,14658.77196313225,0.7649659254047766,0.4198190656029527,0.14575902455497833,0.45646786647579707,0.32070125928124776,0.1633310700481213,0.1371533772062009,0.14021094458669747,0.05128508378045902,0.4149493025179532,0.15570129381686929,0.45177500876200366,0.33457796442072824,0.057945733000398764,0.09480195638965391,0.057474189209170495,0.039711389110434585,0.046620808793922386,0.15373914388293752,0.046620808793922386,0.0253853731699881,0.04343400635048021,0.08491976436246912,0.10534254567107698,0.01666918114111564,0.0486808879567254,0.012824595469255644,0.03871736376712104,0.0049491235167206,0.09252604115589552,0.12804879498872215,0.2441794359452126,0.02928869602170571,0.09201495946520216,0.13690837501225847,890.0,1.657583558578174,58566.666666666664,606.8386122460239,3404.3361620430164,691.4539986827195,6543.29468500854,13285.28663683878,31438.74508206248,2479.6768488277958,8294.70006966161,13448.033876466456,"C2 central interchange, direction-balanced",6.792344427470809
636,Loughton,0,,,,,,,,,,,,,,,,,,,,,,,,,,,,,,,,,,,,,,,,,,,,,,,,,,,,,,,C0 outer arrival-oriented,
637,Maida Vale,4,17.0,0.23800000000000002,0.11382352941176471,8.088529411764707,-0.5528235294117647,41.35088235294118,18813.768523370203,0.6219398352816495,0.47810361031031096,0.18199695857687465,0.45456113559138245,0.23033586106362397,0.14534482582696998,0.07412338253374948,0.22197894559737527,0.05186386840944067,0.38146790912957634,0.18174150952307927,0.2899496155971424,0.4087932138886321,0.11951566099114608,0.12365669209942884,0.07473957906510367,0.04123391192627322,0.0599855246008792,0.16940141655931806,0.0599855246008792,0.025422175703309294,0.043181304862422006,0.10079793599358668,0.09643636140601614,0.027803440306500924,0.02686055442384841,0.0031699346405228705,0.1222222222222222,0.011176470588235288,0.09590686274509802,0.09469421101774042,0.08360527544351071,0.1287768440709617,0.10405695611577963,0.04176237161531278,37.88235294117647,1.7379546091263032,398.52941176470586,27.90706971049935,408.304467963511,27.39061344735373,344.75946099701883,325.5389706401248,251.19029889436501,579.6928801398637,496.84855030568383,142.32222527212,C4 inner-middle ring mixed,3.66054049579547
638,Manor House,4,18.0,0.38066666666666665,0.15227777777777782,15.31738888888889,0.3839444444444444,35.254333333333335,15356.035131594275,0.6286633309618499,0.547280127593751,0.21361042424780563,0.3745896318552044,0.3270246106884604,0.08704048486371546,0.1566304182736617,0.2703736216488394,0.08568760863364182,0.31851379908987565,0.22169284787909904,0.32993615497316686,0.36686866879046837,0.08150232835726556,0.12076699724218806,0.12406099874186174,0.047791355399949616,0.05772095487115722,0.1876872721584475,0.05772095487115722,0.02564979997166269,0.055284581901735325,0.10675289028504933,0.11924058125101106,0.031376802215063004,0.04475613302030106,0.010890652557319205,0.13436507936507935,0.016358024691358015,0.11401675485008816,0.08501543209876541,0.08119268077601409,0.15724867724867725,0.08916666666666666,0.04442680776014107,37.77777777777778,1.5936929826405148,320.0,33.71039325417756,333.7602785821092,32.705612561371495,213.8205933206482,132.18824615393888,126.97107615087377,399.8994010970317,224.28275010953718,99.73000211949928,C4 inner-middle ring mixed,3.657847344866208
639,Mansion House,1,2.0,0.134,0.0855,5.9350000000000005,0.014999999999999986,41.797,6176.327789054975,0.7527181862506095,0.4148573088374119,0.13811229717845064,0.4803998049731838,0.31997399642450836,0.21168636210789255,0.0736489407695633,0.1371132102939035,0.0324178164545018,0.44497463187918196,0.20793565289429344,0.4008284855643322,0.3268531964521346,0.0643826650892396,0.09447958927954589,0.044093974429310304,0.03462349496194645,0.045216597462494804,0.15053901197823244,0.045216597462494804,0.03313655252927525,0.033587920973191,0.08381453847576606,0.081937795998432,0.01263068049731975,0.04676923703461105,0.00193567961165045,0.02233230361871135,0.0034648058252427,0.06926301853486315,0.14968832744924976,0.19141162842012355,0.0087157987643424,0.0484631509267431,0.09313768755516319,3001.0,1.6512746068351607,211500.0,469.3480787491676,3759.8421125916784,840.118347855093,8694.838350470854,24392.477671622863,31797.636464162468,1232.9562408166498,5341.784271670465,16068.462174820863,C1 central departure-oriented,8.007034012193408
640,Marble Arch,2,10.0,0.1261,0.06789999999999999,6.964700000000001,-1.2376999999999998,60.47769999999999,11339.42420097808,0.6577509689805947,0.3973782581677575,0.12075071321944186,0.5750855960705435,0.10096735982545738,0.1845910414407125,0.03093668414643342,0.14004401468593028,0.024469012500568633,0.4648423270303915,0.14912748099426537,0.320254479342447,0.39493220575029014,0.1356858339129973,0.13328888901233818,0.05745369694362888,0.02690564129416776,0.0600432877136471,0.1529191648307367,0.0600432877136471,0.017862368723041804,0.03404853199690477,0.10100826411079004,0.07671486075838682,0.02780579062552906,0.04155481234618651,0.010688404955478101,0.0932749106584472,0.007286147592245119,0.2240445963250841,0.0484187155662765,0.11669228684594538,0.08778838857619342,0.025920573870573838,0.1351064549271866,432.5,1.752492343917821,12885.0,384.68240500622164,5033.881484873642,385.83150516486296,8741.529100155287,2309.1967425442513,6662.8389027093235,1588.6293010653742,963.076013617869,6102.06576589643,"C2 central interchange, direction-balanced",6.071891796220597
641,Marylebone LU,4,12.0,0.3168333333333333,0.14933333333333332,16.59508333333333,-0.2414166666666666,48.67625,21094.317918813318,0.6946062018043851,0.5539235964490526,0.24685846968603206,0.418893563387408,0.3333249925696273,0.2331499760779042,0.07489530308844823,0.20514761367701806,0.060658587786008626,0.4073035745372811,0.169925815092269,0.34925573974479357,0.35788757339392413,0.1229308717690132,0.09919820294427324,0.0779488305412192,0.039671557737835476,0.06733944941026047,0.1995800166903975,0.06733944941026047,0.031813512034824055,0.037580685812888946,0.1301858188426844,0.10463194564770567,0.02564800625241449,0.029573076660587255,0.007439814814814792,0.09181382275132273,0.05627314814814813,0.1198743386243386,0.047305555555555545,0.09902050264550265,0.0626190476190476,0.15839285714285714,0.05848611111111111,120.66666666666667,1.7753716097436083,2602.0833333333335,145.5371168310066,1613.261520129955,868.151574208729,3276.2594251353953,1014.9087945757511,2242.257362690067,498.21317436573116,3243.3315056617007,1578.314219027641,C4 inner-middle ring mixed,4.8012850649143815
642,Mile End,4,16.0,0.3755,0.1399375,15.1480625,0.278625,34.69875,17657.37284945014,0.6089500966518179,0.5590992478296095,0.23108716543444363,0.30221901864219713,0.39606558127312635,0.41007933765948695,0.08066743507881875,0.31306166005240854,0.07104346599627462,0.26328732952044154,0.25327807375821565,0.3605565684345734,0.32660100470715514,0.05956435310005565,0.08986621721501548,0.10585927556907102,0.044671225846765805,0.08883756060265256,0.21078053281764886,0.08883756060265256,0.04367278212763949,0.045126741287998456,0.12198100940201087,0.12455646471373832,0.019955949219966407,0.04700227460118617,0.024503968253968243,0.14998511904761902,0.013194444444444444,0.1357390873015873,0.039513888888888876,0.05192460317460316,0.19941468253968253,0.1491269841269841,0.05612599206349203,56.0,1.7086219143671666,709.375,40.56467453159277,300.8591569032167,40.35911977438854,292.8406770119868,73.8810357961357,89.8546970725069,1320.4198972092722,666.0614548740782,118.53324911814552,C4 inner-middle ring mixed,4.04305126783455
643,Mill Hill East,0,7.0,0.1992857142857143,0.09642857142857142,5.247,-1.0464285714285713,22.806857142857144,5091.2009754250075,0.22318356254765143,0.4279953249636378,0.13920506173679,0.2636735930110203,0.104463740076859,0.202113933251843,0.06937808233642936,0.3378493850101502,0.06291056066285837,0.2653963984620583,0.2423327471948261,0.20119666713316273,0.4024943048701793,0.15397628080183168,0.1476261998837704,0.10718973892320616,0.03300708626885717,0.03812145983834124,0.1921096795798022,0.03812145983834124,0.02805693430174226,0.04686053702100223,0.1171922082570576,0.12897891989851962,0.03153339920619797,0.038950730643942784,0.06799319727891154,0.0975425170068027,0.01994047619047617,0.04995748299319726,0.1358531746031746,0.09213718820861674,0.07041950113378684,0.08557256235827662,0.04241780045351472,55.57142857142857,1.7230953056818168,403.57142857142856,52.9661500440049,81.12768280688569,18.325285587618232,39.29869960004368,87.06061906816929,71.0850831548948,43.356404363635015,70.18696729768165,29.700301024675298,C0 outer arrival-oriented,4.035504062199167
645,Moorgate,1,5.0,0.1278,0.0682,5.446599999999999,-0.39759999999999995,44.4142,14019.554681480246,0.7999919735922998,0.39592928345468636,0.09314392520264786,0.5032352619627467,0.18145497336034053,0.14565714692383352,0.055956655615099604,0.09605316656102074,0.032922535377604936,0.4837611519651051,0.10068409425671195,0.42061679091507675,0.3740776843079451,0.104621430520266,0.13271223538539906,0.0559649072945582,0.03344445043407634,0.03678164123883564,0.12271522617930808,0.03678164123883564,0.015436448975575561,0.036313895891767436,0.07096488131196503,0.0659669461119179,0.01542778749463406,0.0336477092899814,0.025346244920647475,0.03707715143694198,0.006964410152117439,0.03394368496375194,0.19145641388727702,0.25120993561101435,0.01868635735073464,0.02741815848655696,0.1234270805366221,1634.2,1.6326663804868644,118920.0,755.7775761576064,5899.1862922440605,1286.1891444737419,5463.313184242429,33196.32036494398,54227.71513706453,2911.7821846999723,5003.371951509567,17745.24657048763,C1 central departure-oriented,7.3995204000093855
646,Moor Park,0,,,,,,,,,,,,,,,,,,,,,,,,,,,,,,,,,,,,,,,,,,,,,,,,,,,,,,,C0 outer arrival-oriented,
647,Morden,4,15.0,0.18760000000000002,0.09073333333333335,10.2966,-0.8852,26.024933333333326,5839.929396609436,0.2787095476270965,0.47053806992919045,0.14488619470914496,0.2491954730021767,0.12646358764099122,0.21790001266473538,0.06486996689910413,0.35110829185832754,0.05560704141614385,0.22527744481325537,0.24158745755648348,0.19600438634179096,0.42075901261088056,0.1416491434908448,0.13995025370175151,0.11105166035114224,0.031228007149957986,0.04971895401871454,0.23321448570588335,0.04971895401871454,0.04402804166322567,0.061823375746754415,0.12736306829590316,0.12984954641349,0.027976720652291006,0.04870890283707318,0.009515343915343906,0.09852380952380951,0.028068783068783056,0.03872169312169311,0.05832380952380952,0.14853015873015873,0.16020952380952377,0.1334391534391534,0.05273968253968253,69.2,1.668344511652697,663.3333333333334,31.71901152765,227.007413008839,116.88389954483374,78.53294948850711,56.00155805100295,226.46315003400645,156.48038961773,253.3445851437023,120.29358171539498,C4 inner-middle ring mixed,4.251348311031766
648,Mornington Crescent,3,11.0,0.3551818181818182,0.1622727272727273,21.016545454545454,0.4522727272727272,43.38290909090909,17324.443721121705,0.7220524474405895,0.6189927485459416,0.2768041332298283,0.2743848887977488,0.5474484253909643,0.2648543259537365,0.13557022033958588,0.24417830981738575,0.09198000910448823,0.3641966473507389,0.2355708275889519,0.3399047146376182,0.33125951715507534,0.09326494061835446,0.08891431457343096,0.08602685869920769,0.046489210159749494,0.06841598381263767,0.22653601061231712,0.06841598381263767,0.05411008325201073,0.052503141020191844,0.11992278634011448,0.14946797702058232,0.021052503048378454,0.05186036924131731,0.009967532467532446,0.09126082251082247,0.033344155844155815,0.09049783549783547,0.07831168831168828,0.20712662337662335,0.12507034632034628,0.12709956709956705,0.04666125541125537,118.27272727272727,1.7606249480174296,7304.545454545455,200.60702754400253,3746.9131780584544,770.0533273322799,1262.2865157558065,2533.8685255062787,6435.664326072661,1006.4028788704146,3895.8889207253146,966.5923626979354,"C3 late-night, extended-duration persistent",4.781412696705663
649,Neasden,4,14.0,0.5667857142857142,0.24171428571428574,33.13557142857143,0.30121428571428577,33.24342857142857,9947.2877161693,0.4697967757966436,0.6883959260837821,0.3044686582495381,0.3550539958918911,0.32477423057719,0.2108393689067476,0.28285496861148224,0.36551762001339877,0.12581325863512968,0.2872068473773827,0.27915739921249144,0.21752735461973655,0.39206333787715814,0.11125190829061374,0.12790465531150816,0.12305198519369095,0.057830128572867776,0.07533088944607648,0.3208910997895596,0.07533088944607648,0.07376399499030085,0.08598961645529055,0.16113748834396815,0.14274226480590885,0.02828621563402184,0.03190348514474668,0.014353741496598623,0.16809523809523808,0.07199546485260769,0.12157029478458048,0.015280612244897943,0.02843537414965983,0.1157596371882086,0.10738095238095237,0.03526077097505668,50.857142857142854,1.6501274206908962,610.7142857142857,66.11986308632615,479.1300849418325,148.6187598640892,227.8976915879512,24.795533633340916,63.21885716609422,218.2762981847091,275.98347314713743,80.49953519637508,C4 inner-middle ring mixed,3.9484926852095374
650,Newbury Park,4,14.0,0.2691428571428572,0.10942857142857143,13.813214285714285,-0.5322142857142856,24.338071428571425,9549.513499315746,0.2551470074912329,0.5465395486798715,0.19749050713865518,0.32854784867668957,0.08917651846883366,0.5977388812130461,0.0678119103064888,0.43671452255251747,0.06019888868823135,0.19046153963736992,0.269600667754055,0.22212036220244108,0.39048299408311443,0.11779597596038939,0.13121861094756201,0.12645249324055163,0.03962012392585245,0.045404178336771406,0.2846784138434761,0.045404178336771406,0.06891321846105336,0.05635113818669255,0.15941405719573007,0.12909857459472848,0.031058703151823696,0.053395638381342515,0.00555555555555555,0.19282879818594095,0.015708616780045336,0.07226190476190475,0.05356292517006801,0.05314909297052152,0.10765873015873016,0.13802437641723356,0.08925170068027209,43.0,1.5690407286648436,414.2857142857143,16.14524007203575,281.35198822046476,35.003357624547256,130.50383984036313,75.51156998903738,101.78859164835156,218.62152171708934,252.58376592804993,186.04661553174196,C4 inner-middle ring mixed,3.784189633918261
653,North Acton,4,7.0,0.3694285714285715,0.14171428571428574,18.202142857142857,-0.14185714285714285,36.09142857142857,7968.410578818637,0.5397220811917495,0.5484670062378086,0.19499467860912784,0.4518193932340188,0.18534369359039835,0.18943851042368706,0.15890066229753136,0.2589513517412354,0.07699449023472524,0.34906598507927555,0.2571228041069134,0.29596676653931564,0.3568123806374672,0.09009804871630359,0.1067735782437731,0.08953749021385649,0.04548346400416699,0.07627350122705893,0.2669870305659943,0.07627350122705893,0.047959128307867756,0.06465118749545973,0.15437671476266676,0.12691313393749254,0.03974980024772514,0.02893765918677013,0.1343843537414966,0.2375578231292517,0.06131972789115645,0.11405102040816326,0.040578231292516996,0.042249999999999996,0.009285714285714286,0.011489795918367343,0.065,182.71428571428572,1.7434415885626287,2760.714285714286,806.7646775642277,1176.8776962862896,324.4891596826581,504.53504613123306,187.520420323373,155.061599356269,42.88041040460859,25.750132577729346,363.8198430535991,C4 inner-middle ring mixed,5.213381755742251
654,North Ealing,4,9.0,0.21466666666666667,0.10333333333333333,7.236555555555556,-0.7333333333333333,39.67344444444445,5095.641224260208,0.37345376460909574,0.46033403526450023,0.1383896304289113,0.4565298154746251,0.0962142738313604,0.22506768803265123,0.061228935364123695,0.28806918454244224,0.047922158974432076,0.3194844801044639,0.21302871688800837,0.24140488941004148,0.4136745188736157,0.13189187482833428,0.13609554506971833,0.08786651003945495,0.03645678162864779,0.06057932473364201,0.21324319435985745,0.06057932473364201,0.039979434277974485,0.047789539148772854,0.12547422093311003,0.10556199110688995,0.04870078631827272,0.025185757383098945,0.008412698412698412,0.08964726631393295,0.0,0.11724867724867723,0.04724867724867722,0.08153439153439151,0.27205467372134035,0.12402116402116402,0.07811287477954143,49.0,1.711424090359462,450.0,19.005711105952987,128.70390752516784,0.0,154.89874401046433,55.51548492984288,107.67711274585972,256.8620835895548,181.27719990558487,140.94218956674885,C4 inner-middle ring mixed,3.912023005428146
655,Northfields,4,15.0,0.16793333333333335,0.08113333333333334,3.2406,-0.9178666666666667,39.88926666666667,9074.393271041887,0.31118937705866145,0.4216579063829483,0.12285859158350113,0.27707981946177374,0.09357013894649896,0.12237054699069937,0.05690287825412802,0.3391586948671475,0.05456539729957111,0.25473281572988543,0.23876488507148455,0.1844227280729518,0.4453898827242641,0.13142250413129952,0.13996967653602052,0.09397982447344913,0.035556774057714555,0.043834248362654,0.1892731992418947,0.043834248362654,0.043510010427375484,0.04997791432667262,0.09578527448784648,0.10546444246367677,0.04164103605799257,0.04104146663473946,0.0024523809523809468,0.14270238095238094,0.028499999999999987,0.07496428571428568,0.08900396825396824,0.11874206349206347,0.09655158730158728,0.10982142857142856,0.10888492063492058,63.2,1.5937030677518844,598.3333333333334,12.983212813508603,433.0766719834393,59.58197803505741,189.11219962812163,171.24430543495296,287.123567904038,235.25889864594677,188.14078715128798,219.18862353543972,C4 inner-middle ring mixed,4.162003210695915
656,North Harrow,0,14.0,0.15371428571428572,0.06942857142857142,4.357428571428572,-1.202357142857143,22.16107142857143,5952.86026976429,0.1781348818554669,0.4424837367565733,0.1176853439836982,0.2234603256558554,0.03318691313145481,0.4857410594890587,0.04648746142695699,0.35794729292559246,0.0415472493775283,0.1952707563332902,0.22847534452732016,0.18238092901324318,0.4128317115925619,0.1763120148668747,0.12993635865380984,0.10515071587852746,0.030828652044962896,0.030620977834478452,0.21577071098843406,0.030620977834478452,0.04432286285833439,0.04551676757204355,0.12593108055805594,0.13277282471965052,0.033468762548233194,0.04786590116762886,0.004285714285714286,0.1210770975056689,0.03337301587301587,0.0943718820861678,0.11278911564625847,0.15857823129251702,0.053682539682539686,0.17033446712018138,0.03692857142857143,52.785714285714285,1.5913653557112182,367.85714285714283,4.927153754880201,170.42665159457002,116.93889347754084,186.8185108469505,128.3849702665705,174.3141962622937,52.72241884592921,247.53349694827892,54.44088037032442,C0 outer arrival-oriented,3.985007898184635
6562,Woolwich EL,4,11.0,0.2937272727272727,0.13918181818181818,13.382090909090909,0.2000909090909091,20.072363636363637,16248.378256832599,0.5665933520817741,0.5198181408589319,0.19092612083565264,0.3494155206830935,0.36690627237574547,0.14934329245774225,0.27499466733109074,0.2839540707273843,0.10073410475373286,0.3307884102046637,0.22059412628297137,0.3104849854237931,0.40669717129266697,0.06222371700056833,0.10129999256641488,0.10448079716015862,0.053664313178535816,0.05979114210173615,0.24445779420705255,0.05979114210173615,0.053478018881647736,0.06802637601696832,0.12295339930843646,0.14803694678543933,0.02566874546654918,0.06134275374494492,0.019924242424242417,0.1277380952380952,0.06749999999999999,0.09371212121212119,0.043484848484848466,0.049108946608946595,0.15915945165945164,0.14586219336219336,0.0438311688311688,63.63636363636363,1.6985918888942941,663.6363636363636,111.1549406651127,949.9483498282108,565.989730896124,792.2669242664342,336.81771465259095,340.8721440990898,370.77907391075246,418.6517409712697,196.97302246664722,C4 inner-middle ring mixed,4.16877715700487
657,Northolt,4,11.0,0.3526363636363636,0.1338181818181818,21.270363636363637,-0.377,25.49118181818182,8121.36835450929,0.2558083238358719,0.5630641910696128,0.20165346865115358,0.2588079644581543,0.18267559251009843,0.3207687683394117,0.14182469560457478,0.40073872708130887,0.09276178018236875,0.21107172717210795,0.2598279660695565,0.204230589933194,0.4157144128793513,0.12022703111789806,0.12140657576070223,0.1174377726475996,0.0436278167631957,0.05228166008432519,0.32809491424789816,0.05228166008432519,0.08740565494895342,0.07755235229448715,0.16313690700445752,0.1332410193453345,0.04096755495943355,0.040042466335885755,0.006787878787878782,0.14324242424242423,0.03972727272727273,0.07496969696969696,0.03527272727272726,0.0576060606060606,0.13818181818181818,0.11454545454545455,0.05557575757575757,39.36363636363637,1.5655177496104735,525.0,58.441583670278554,522.6813086627982,270.0004893922225,59.73992415919327,24.460864387025175,52.347702040156214,112.40157948101833,98.23067567699445,82.1590218728848,C4 inner-middle ring mixed,3.6979292896338545
659,North Wembley,4,14.0,0.31607142857142856,0.11414285714285718,20.427142857142858,-0.47150000000000014,26.53778571428571,8694.065319835678,0.31239271928022305,0.6035943963408473,0.21971224495941769,0.37451754170580037,0.1248443006874,0.47957555306255034,0.12894888723555348,0.3805948496976132,0.06449063811686566,0.2012312905900553,0.23289219190276894,0.24463765301671528,0.39461649053412445,0.12785366454639122,0.13764910736981287,0.11413323847574111,0.03940795574677009,0.06563956549068349,0.32077235831324763,0.06563956549068349,0.06663334945807195,0.07013637942629561,0.1840026294288799,0.1261106286576207,0.053913602397846136,0.03648299569725289,0.008412698412698408,0.16185374149659862,0.055113378684807236,0.05316609977324262,0.031615646258503376,0.05744897959183672,0.07155895691609977,0.16854024943310658,0.10512755102040813,59.714285714285715,1.5368031856569075,485.7142857142857,31.156177880704583,282.9251209462496,91.83697462927041,132.9769025401461,44.41116549597441,80.63582446784969,119.1985363680143,282.5535658111625,256.8504410734503,C4 inner-middle ring mixed,4.106179019869104
660,Northwick Park,0,10.0,0.1674,0.0759,7.6791,-0.8943000000000001,27.393900000000002,5843.035413442276,0.27783350398209555,0.46426286871735345,0.13249772094654502,0.34014045244207,0.07051474800935367,0.48891429412258314,0.054152707620925486,0.32162381381358573,0.04109707871044641,0.23640699702893544,0.24342569342856998,0.23158365770904393,0.36708059151321526,0.15791005734917066,0.13242139238209422,0.08988625363843776,0.03444322403825683,0.0396618786771728,0.20383601824946712,0.0396618786771728,0.03946479867384893,0.04638803752386238,0.11798318205175569,0.1819356893290665,0.03454478759528477,0.03787501465089806,0.0020929292929292896,0.09595490620490618,0.02418181818181818,0.04839628427128424,0.035937914862914845,0.10052662337662337,0.16035930735930734,0.3185099927849928,0.02332911255411254,44.5,1.6578294773891518,1510.0,5.083558808133582,158.84304309695614,10.654817383280811,106.57037273625588,43.64077043636337,139.36912522734465,343.41830887993353,1483.5714890672884,33.73335618164417,C0 outer arrival-oriented,3.817712325956905
661,Northwood,4,9.0,0.14811111111111114,0.08322222222222223,7.499888888888888,-0.6804444444444445,18.27911111111111,3218.608271908113,0.18257394251635337,0.44067679553852135,0.1266430978590143,0.24187188414874722,0.1339900567830894,0.3661504329918175,0.04011612391041755,0.2983932814705972,0.04759724859119363,0.30380690953853556,0.21421910302081562,0.1520752541065845,0.4051354115241058,0.22857023134849383,0.13193769892080642,0.09305373489861556,0.02646492117605838,0.027036568065890845,0.2108844184235489,0.027036568065890845,0.031380550623731046,0.05551255218511147,0.12399131561470628,0.14950472190021402,0.0330214033272924,0.046883812437250566,0.011358024691358022,0.0834126984126984,0.009488536155202811,0.07860670194003526,0.03127865961199292,0.1077601410934744,0.22158730158730156,0.21924603174603174,0.032376543209876534,62.77777777777778,1.7138376160368693,641.6666666666666,5.231183591162469,126.68157870022466,8.493503923773222,97.88618428397491,23.18110063484652,80.53232573832567,290.8798565268087,335.4486156151004,20.557630078421806,C4 inner-middle ring mixed,4.155404818983347
662,Northwood Hills,0,11.0,0.21327272727272728,0.10163636363636362,9.309818181818182,-0.664818181818182,18.801909090909092,4761.63308700036,0.19525486981193013,0.484387903753364,0.15768266074834902,0.2168918004386369,0.1673807088949881,0.3487826558755702,0.05401009816022802,0.3407104045941468,0.058593936914543066,0.2614462274572025,0.23713817647054675,0.17323344724060763,0.40933425041185595,0.18029412587698956,0.12929407692143688,0.10500713698977825,0.030798166093203728,0.034134851727927025,0.22458624205100322,0.034134851727927025,0.04439090131900674,0.0580274826607764,0.12216785807121999,0.13942939434642684,0.032293405236868036,0.045996216404074364,0.014393939393939391,0.12250541125541123,0.008178210678210663,0.05946969696969695,0.06946608946608944,0.13650072150072148,0.11782106782106781,0.16033008658008654,0.06108585858585858,56.63636363636363,1.720693107167365,440.90909090909093,11.797344274723635,136.55494906251636,15.031962253130029,91.35159720805208,60.27031919409003,114.13237123226699,143.02494946541776,187.66352290241045,47.57224046241508,C0 outer arrival-oriented,4.054153681638855
663,Notting Hill Gate,2,13.0,0.11461538461538459,0.06461538461538462,3.5666153846153845,-1.2234615384615386,54.694769230769225,15410.648880661523,0.5830721968232879,0.40455126164113014,0.11775864083098446,0.43529870840922025,0.15651227925833858,0.11217377015356247,0.04655344847807079,0.20056398221681362,0.04209013151432585,0.45779522845348125,0.175181195219403,0.26623304627306027,0.41730978737105606,0.14127597113648038,0.16185325671524578,0.0629046605693474,0.034346606044945056,0.04691490184510833,0.1520926414427989,0.04691490184510833,0.017564958473294354,0.0323343505150876,0.10219333245441684,0.08266774692806499,0.02815190231998311,0.024505208581893114,0.004496336996336984,0.13242124542124542,0.003333333333333331,0.23597527472527474,0.10008699633699635,0.10604212454212456,0.08852106227106228,0.02885073260073259,0.03750091575091575,100.15384615384616,1.7156832347036262,1050.0,36.62977292471033,1075.9209207048377,42.51316784773413,1984.3142709256042,753.2705127427809,834.8682906466281,792.1266035210307,253.07937624697507,340.05148763204545,"C2 central interchange, direction-balanced",4.616642587150328
664,Oakwood,4,12.0,0.20391666666666666,0.10175000000000001,9.636916666666666,-0.8481666666666667,24.366833333333332,4524.569946064827,0.1973359978325303,0.4755669583636796,0.14924667306852998,0.21482501919411648,0.09245700350227738,0.1439052702042539,0.06031205240656005,0.3468920046013271,0.06476085026683544,0.24098933775193188,0.23807405290007014,0.16264722079501773,0.40755845434009813,0.19172027196481387,0.13314525988298107,0.1174751820335359,0.031173541550734346,0.042979093701581816,0.21805513211973604,0.042979093701581816,0.03930249666826546,0.05053016209584477,0.12822247335562567,0.12855299890929506,0.02783113387599666,0.04863459443528203,0.006111111111111109,0.05349537037037035,0.013749999999999998,0.0635648148148148,0.040787037037037024,0.07590277777777775,0.24398148148148147,0.1636574074074074,0.04270833333333333,41.25,1.641158707436934,302.0833333333333,7.190208173830848,34.24457083579112,9.082499152912389,29.11203980504001,22.931598630791783,43.65025261751085,150.64216214994372,161.0249927097593,32.1793240316937,C4 inner-middle ring mixed,3.7436043538031827
665,Old Street,2,16.0,0.321,0.1463125,13.982875,0.42425,37.526062499999995,18949.8929125015,0.7645315398086829,0.5177187231879552,0.2029281011160537,0.3492346220056868,0.4477709653740929,0.13153748670186488,0.17004247793412938,0.20003517294064405,0.09349586581068837,0.39088369633366415,0.18553675869085934,0.40517726553766015,0.34178808216367984,0.06749789360780059,0.09967023961010088,0.0836277316789208,0.04383322900102659,0.05385003789781978,0.1832272397662133,0.05385003789781978,0.028797140206578777,0.05275572544162703,0.1016743741180074,0.10166802115663391,0.024250126382945998,0.03433661030591254,0.012806813269464763,0.10659288536469155,0.014176005805818143,0.06858836364689119,0.17798575113101905,0.22000206203698297,0.029111758979309545,0.10057381689585809,0.0917217374123045,347.625,1.538948609086606,11889.0625,1057.3143359191877,4859.569607221305,910.6515747579557,3255.260584615803,16578.79030344133,15768.781397458844,2547.5546791535717,5792.121397438927,8542.547325601096,"C2 central interchange, direction-balanced",5.853996845947653
667,Osterley,4,8.0,0.202625,0.091625,8.997375000000002,-0.9041250000000001,39.157875000000004,5545.8076880933695,0.2742877828456656,0.4947501145853789,0.1487732960062876,0.3684939960097712,0.08682908711710885,0.4427116429650402,0.05123270225289731,0.3557640883820601,0.055673024499650114,0.2215855412049736,0.2271860856472858,0.2315175241153642,0.40939536367850315,0.13190102655884675,0.1364342500609163,0.09909274088365667,0.039704534463628496,0.0602121591020965,0.27247600449709874,0.0602121591020965,0.07943144236585287,0.06161693891794218,0.13142762321330365,0.11692340899353401,0.03141774762735619,0.04317537383616911,0.0040625,0.06922619047619044,0.015438988095238063,0.13260416666666666,0.1784300595238095,0.037135416666666636,0.12614583333333332,0.04701636904761902,0.060349702380952344,76.5,1.7680561222782183,2240.625,14.975051297393325,135.034001869838,31.260843949349713,336.84267997150477,409.78728585603204,50.24128159583124,225.3209733910398,97.48516656215489,140.4188053210714,C4 inner-middle ring mixed,4.350277936359301
668,Oval,4,24.0,0.30100000000000005,0.142625,14.472,0.11375000000000002,40.421,18655.283566868104,0.6673933797674261,0.5521296559533068,0.21268855838783315,0.2869527296625805,0.46148861769797644,0.07241579533178968,0.28486984138425964,0.20880129844797804,0.09116515041249111,0.3526926446712049,0.179689787327854,0.35631060771964357,0.37246908224134795,0.0915305227111543,0.09669137042219356,0.09771771220727317,0.05262954689014565,0.060063621267410126,0.22348243188299502,0.060063621267410126,0.03714414151787435,0.08404179304299235,0.10229649732212825,0.14893804498506527,0.019414940604208817,0.06729758907772397,0.003895502645502634,0.14235119047619046,0.005952380952380946,0.0749371693121693,0.09476851851851849,0.12351851851851851,0.07645171957671955,0.14177248677248677,0.10483134920634918,50.75,1.6909071632697426,755.625,19.055360419055972,663.292390023266,19.570828438940804,469.5785409441007,628.3059391429559,665.3296649372434,324.93118743291143,647.0680036889132,891.6385488325753,C4 inner-middle ring mixed,3.9464244321454784
669,Oxford Circus,1,4.0,0.15375,0.0955,4.9745,-0.47025,59.53725,6687.900705053278,0.7547830897662704,0.43569523231303553,0.1310986194494787,0.5514839400034032,0.20970377323506068,0.13659024189973562,0.054028194040434796,0.1117744618310563,0.02355246303262785,0.5180486451484272,0.11688224477442288,0.3748984779326594,0.3997487773265254,0.10847049996639226,0.13861948915580513,0.0599578380712905,0.0294142815942742,0.06614710276329187,0.14648432098318875,0.06614710276329187,0.016503659150755204,0.028692123573153597,0.10128853825927993,0.09686981716138454,0.02904456445906895,0.029779765496281772,0.014278024846302098,0.11840121275783037,0.004859698424824425,0.10935669722434423,0.15929322865509835,0.1425904907417512,0.019898936847466225,0.11664993270035283,0.09256675397431695,1629.25,1.564036501314991,47500.0,1730.4282470715673,16688.095835705517,757.8309344744737,15606.245497236809,25355.49318622234,21186.34894816933,2908.4507931336734,10139.07662685076,13273.227638995957,C1 central departure-oriented,7.396488656273312
670,Paddington TfL,2,10.0,0.2661,0.1367,12.878800000000002,-0.12809999999999996,50.31349999999999,19702.00088807659,0.69497704348969,0.5198179876307711,0.2067091400065085,0.4976633916986367,0.21354196904660866,0.2000285382656081,0.06926029368904615,0.17960158067920368,0.05038273570382483,0.43801164891589506,0.17341668048740216,0.35225383219757267,0.36455556788925253,0.10977391942577248,0.11202895772589186,0.07049256176583465,0.03366102524264194,0.07136700679912732,0.17288551713271075,0.07136700679912732,0.022645314585580542,0.03915773506039684,0.11108246748673323,0.09747825216859676,0.027263435637008025,0.02783835653969801,0.00033809523809523,0.0642738095238095,0.03259523809523808,0.2018880952380952,0.2338047619047619,0.0992047619047619,0.07310714285714284,0.07128095238095236,0.06632142857142855,105.9,1.6962543916478245,5040.0,28.86974330003492,1665.9576087929102,1508.6861688659342,3308.7636194930565,12572.538178848084,6346.1050084211765,1007.1016839032042,4816.374688568283,2446.191735781698,"C2 central interchange, direction-balanced",4.671893818030999
671,Park Royal,4,8.0,0.3155,0.131875,12.819374999999999,-0.625875,32.863625,6778.302278544746,0.37155620607334605,0.5024514502563093,0.17050118562052324,0.4094735463834296,0.14505999518835494,0.22646962083894615,0.12825471745329484,0.3410278951458868,0.07631849866830279,0.29270805184547877,0.24203205602697087,0.22986163175794083,0.40377792759904757,0.12432838461604061,0.12873841365104327,0.09904665916153635,0.04057776879521476,0.06148295125528572,0.2564054149552579,0.06148295125528572,0.051214080331376935,0.05603902921191314,0.14915230541196778,0.1275087558972154,0.05259233375320527,0.027145921335266547,0.10451260504201679,0.13999614845938374,0.06813025210084032,0.054227941176470576,0.03697969187675069,0.062145658263305315,0.1534033613445378,0.03609103641456581,0.2293613445378151,164.625,1.6767890927217863,4056.25,7394.275306648564,4491.304038771155,3068.1686137883407,1431.8787368407957,1227.9110300577152,2607.71054561431,272.9937395640516,2090.7310259144297,3506.061623533378,C4 inner-middle ring mixed,5.109726196740486
672,Parsons Green,4,22.0,0.1398181818181818,0.07545454545454545,3.8745454545454536,-0.4948636363636363,50.74695454545454,17551.65869936506,0.47626566841130324,0.38623605761890084,0.12152044120200385,0.3880202127830961,0.18059077279458174,0.06762687064875772,0.06476304000180436,0.24814815853184713,0.047140389241064055,0.3176281841911292,0.19810709126076784,0.33273315283719856,0.3651359785108065,0.10402377739122692,0.1354311216138269,0.06390935853761387,0.03467125765524443,0.04364408615391096,0.16673642321042334,0.04364408615391096,0.02189527005367242,0.042944349307160866,0.10189680384958993,0.09621225722706432,0.028402754345567483,0.02842827364624884,0.01900144300144299,0.15644065656565653,0.01202020202020201,0.0952867965367965,0.05810588023088021,0.15736020923520921,0.09974134199134195,0.07236201298701296,0.06406619769119769,61.27272727272727,1.6141179377336916,590.9090909090909,122.23946599200471,914.3990538178783,113.90557730291417,530.6699389550668,371.70852578047027,864.0405701240496,492.5154843717671,370.67718579641183,542.2792139090175,C4 inner-middle ring mixed,4.131523565463855
673,Perivale,4,11.0,0.35009090909090906,0.14363636363636362,16.857545454545455,-0.3915454545454545,30.218636363636367,4712.138846867837,0.27747783266123865,0.5342561088905206,0.1857158647024731,0.2991578542330309,0.12158161488648789,0.2641050091175484,0.09764573209243982,0.3316961338100915,0.06487290352945517,0.24453077945307108,0.2314504825401545,0.19741171841201635,0.41781066970916625,0.15332712933866274,0.14360054825104648,0.10925846948323942,0.042537570127841706,0.05557511028882148,0.28762586954323716,0.05557511028882148,0.06894369186395431,0.06915055636761666,0.149531621311666,0.11552994753445606,0.044910495262949206,0.03470608997333441,0.06781818181818182,0.1681764069264069,0.1239455266955267,0.04997510822510822,0.06359776334776335,0.033011544011544,0.12346320346320348,0.11066774891774891,0.03533946608946607,66.72727272727273,1.6720291539645353,772.7272727272727,145.89518111018376,367.3431505843167,261.8844313887567,108.87926454249413,140.82818774888867,45.29579104772962,118.45568286151492,132.27997934312657,65.79545119870853,C4 inner-middle ring mixed,4.215488945581189
674,Piccadilly Circus,1,4.0,0.1605,0.10075,6.22625,-0.04275000000000001,57.04775,4534.189044998299,0.7764367768898002,0.4557768703207845,0.141862562259976,0.5533575691156567,0.2302864233310628,0.1784785020072085,0.049478569610425974,0.08432400782028115,0.018920188010015774,0.540731441442075,0.10959176805285173,0.39756575670597427,0.39004888590512277,0.10279358933605112,0.1297872463016136,0.061983106454601075,0.03055722956685015,0.08086167565700113,0.14411642524304125,0.08086167565700113,0.012281469058299925,0.03296894140349992,0.09886601478124135,0.08453052826812518,0.024250988531368478,0.08865224757141517,0.004309873949579775,0.10569423223834985,0.0065377673796791,0.15908613445378145,0.13936473453017567,0.17732978418640177,0.008968200916730274,0.013150783040488875,0.082030653170359,1838.25,1.73860364808818,60750.0,532.2131757073271,13654.609216078215,712.2603253180077,20066.73048429814,19337.72350082286,20319.94010847839,1138.341203972722,1689.3767613561752,10621.3196384375,C1 central departure-oriented,7.517113158812374
675,Pinner,0,11.0,0.13281818181818184,0.06663636363636365,2.839,-1.396909090909091,21.456363636363637,4384.078909461416,0.16900483544948544,0.4099763189646639,0.10883654004604133,0.1828656864052501,0.06778728054703469,0.40888765091690904,0.0371378955339243,0.35843079736118033,0.04024711521776649,0.23063253916038243,0.24210715670541075,0.1460484827747958,0.4087721039511706,0.20307225656862274,0.1278503427952352,0.10470795821542069,0.02617047236372837,0.026612732256867496,0.1853874965081652,0.026612732256867496,0.035537201085247654,0.03823267252639615,0.11161762289652132,0.13440440054947805,0.03356022187318711,0.050059080827448525,0.006969696969696964,0.14951298701298701,0.0060606060606060545,0.09103896103896103,0.08327922077922076,0.15457792207792206,0.1259199134199134,0.10585497835497834,0.060400432900432885,63.63636363636363,1.668884740536825,384.09090909090907,10.253780074000652,169.2369396087899,18.47635832577578,97.89481517776215,59.460770293520866,109.04150640970171,87.55823343397913,107.40539055758973,43.64760072421995,C0 outer arrival-oriented,4.16877715700487
676,Plaistow,4,24.0,0.39937500000000004,0.163,24.25629166666667,0.20400000000000004,31.54525,17470.248575019887,0.5215335415663067,0.664841101574186,0.28484653328036924,0.3202378460113788,0.36638835525519226,0.33550778995797104,0.23196845783247647,0.3717282585625938,0.09010908965573215,0.25660748098508185,0.25341988344364036,0.2706207518112782,0.39375594358638244,0.08220342115869882,0.1287897851348184,0.12707186124206762,0.055063374247090534,0.09319816326549239,0.2938057864608519,0.09319816326549239,0.061849026513030154,0.09638037027587586,0.13557638967194585,0.13387898633392392,0.02489528263195985,0.047892600434633524,0.020248015873015862,0.14628306878306876,0.05803571428571427,0.0677414021164021,0.030264550264550244,0.029212962962962944,0.1711111111111111,0.13335978835978832,0.06334325396825395,39.791666666666664,1.6669170131781275,352.0833333333333,91.88619176203717,257.74181401130073,132.4583429384244,144.7170620416759,61.65464270789067,53.613584419648255,484.5647493882416,263.4140197723709,110.98074227902326,C4 inner-middle ring mixed,3.7084778121825646
677,Preston Road,0,14.0,0.286,0.10742857142857141,16.642,-0.7162142857142857,24.268714285714285,6067.723674371505,0.26534350647952787,0.5540206209258238,0.19102979216622118,0.31519996906585773,0.1411527397892878,0.4074264135298478,0.10051010075363484,0.3624917034906276,0.0594080027852679,0.21113987351670546,0.2338372243465631,0.23140425023679517,0.3780726665631678,0.1566858588534738,0.1643393522408654,0.10228049131869235,0.034060277075522484,0.049617622519819334,0.2660335898356382,0.049617622519819334,0.053121855563497085,0.06227646591163725,0.15063526836050375,0.12514135031523005,0.035465287272659664,0.03923730521971656,0.005238095238095236,0.1337301587301587,0.05782312925170065,0.05697278911564623,0.06360544217687072,0.06172335600907026,0.1577097505668934,0.2443310657596372,0.04901360544217685,55.142857142857146,1.584635937462165,475.0,28.56951391120242,199.16647596112267,125.83120443926846,124.56272396667347,55.79904510957749,61.08568363497615,234.5911374262744,344.7833033453445,147.4624416859668,C0 outer arrival-oriented,4.027899462813948
678,Putney Bridge,4,15.0,0.11366666666666664,0.0596,2.3978666666666664,-0.9600666666666666,49.40646666666667,12026.859225968745,0.4408381118104512,0.360250329788845,0.09776712355323447,0.39106528309256433,0.13029172973172085,0.06120030061351778,0.04398652660037148,0.2272214286096352,0.04278775978242344,0.31686978137699146,0.1799784767467691,0.3171735422062333,0.3779985764157276,0.12484940463126996,0.13697762737531075,0.06643909738343497,0.029466382107720505,0.04185575865655908,0.15664316242657036,0.04185575865655908,0.018054418822962468,0.04433034206328587,0.09425840154032193,0.09494607880543422,0.029669562636115216,0.036369901421052966,0.01614285714285714,0.15985396825396825,0.012920634920634898,0.14472460317460314,0.043710317460317435,0.1577269841269841,0.05707936507936506,0.03819761904761902,0.08574365079365077,102.73333333333333,1.6940804286704714,1005.0,103.94734631143635,1048.1044845761141,168.1356578674096,759.4124265365156,293.27094660841504,816.5502761607444,326.3533566472344,226.47439358417833,762.3385600367618,C4 inner-middle ring mixed,4.641823503636127
679,Queensbury,0,18.0,0.27638888888888885,0.09844444444444445,25.71216666666667,-0.8895555555555554,24.299055555555555,9021.03510472045,0.23486883397559058,0.578766472217148,0.19251393050015872,0.3476090326638296,0.09015594044295051,0.5102798834072187,0.060188581507367646,0.3797747997479003,0.04718451786066898,0.16337157988496248,0.23386850479823412,0.24154128308472955,0.39175354553691083,0.13283666658012522,0.19257990754171084,0.10977875465640212,0.035582454054806596,0.04426655365006148,0.30049343258213057,0.04426655365006148,0.05724675368289614,0.07498887492818798,0.1682578039710463,0.10193773612432078,0.037895330223714205,0.03341602699135613,0.010416666666666661,0.15208774250440915,0.04890432098765432,0.0497850529100529,0.04593915343915342,0.04397817460317459,0.1026432980599647,0.12963403880070545,0.03075396825396824,39.72222222222222,1.5505028881891816,311.1111111111111,23.769071871321373,247.4287322904603,37.52348655401782,113.11296383284487,54.81176604113453,72.18572140674351,147.0454294675074,183.79020858766935,35.157611594157764,C0 outer arrival-oriented,3.7067739439904868
680,Queen's Park,4,18.0,0.35205555555555557,0.17255555555555555,13.869833333333336,0.14727777777777776,35.50594444444445,20942.605322383904,0.5739910093951662,0.5656394498593769,0.2443534688627853,0.2848610882060443,0.42359441151763455,0.1241146151495754,0.18644580445757594,0.27637269289263694,0.09000251302882939,0.3375589497412045,0.21810787481003882,0.2622963721216341,0.4145361242628935,0.10505962880543343,0.12499356712847781,0.09933558715069651,0.051793740381532706,0.06955294401646546,0.22618533488311687,0.06955294401646546,0.04152905564392527,0.0541761712372781,0.13048010800191343,0.12362879824857052,0.02648405027976901,0.03577433828872731,0.009481481481481478,0.1428650793650793,0.008888888888888889,0.0948470017636684,0.059574955908289234,0.11883289241622573,0.11554056437389769,0.13798677248677246,0.08052733686067018,54.55555555555556,1.5945378033987287,425.0,36.04213340053996,440.60142906826417,35.70089116435664,335.0740968173023,171.3381436112549,347.769613029869,317.5624200371015,413.5559690783363,356.349814316169,C4 inner-middle ring mixed,4.017383521085972
681,Queensway,4,8.0,0.102,0.049,2.037125,-1.404625,59.632374999999996,10846.076106544613,0.6263160045843021,0.4023568691970808,0.1014040773122557,0.5641188272401776,0.05270788800436475,0.15451736093394394,0.025337362444963835,0.17951788471439903,0.03133748903910456,0.42835497443589765,0.1779725059124292,0.31289711544275844,0.38239249590904323,0.12673788273576905,0.13407017685694098,0.05555642606782722,0.03439660464232105,0.055463648713655916,0.1446913404821911,0.055463648713655916,0.0173942190497356,0.03665941164506532,0.09063770978739008,0.0763931675958599,0.02673289734120766,0.052654697603565906,0.009426587301587287,0.11383234126984126,0.0025386904761904626,0.3107366071428571,0.08021924603174602,0.07428819444444443,0.11148809523809523,0.024767857142857126,0.056722222222222216,167.75,1.7785820134958015,2956.25,102.14447511379367,1181.6726030366985,39.82477188820724,2701.276759308944,459.1722368697865,563.5648982222702,634.928170618311,193.26830639536342,621.247110806916,C4 inner-middle ring mixed,5.128418329752639
682,Ravenscourt Park,4,12.0,0.19399999999999998,0.11458333333333336,5.3795,-0.09458333333333331,43.46741666666667,14075.18596170511,0.5302778559601052,0.4615007820827677,0.16089330721319942,0.3398317144321614,0.27003382029997086,0.10109618700153422,0.09498129536170219,0.2347461562598083,0.061177952993618064,0.37629397596442477,0.19414596619150992,0.27627127662932865,0.40286461584289474,0.12671814133626663,0.13649130862617276,0.07842539914591366,0.03851832795306574,0.05389222034091381,0.1724288418769023,0.05389222034091381,0.023196620382911187,0.04474242413384532,0.1044897973601457,0.1108545419598047,0.031923494340858026,0.03774590053336372,0.015099206349206333,0.0954232804232804,0.005185185185185183,0.1089715608465608,0.06413029100529098,0.12963624338624335,0.16911375661375658,0.1399669312169312,0.1766865079365079,80.0,1.7401638647977855,1647.9166666666667,146.59546046907087,1257.301246299413,155.48461590735207,748.911187803293,1042.8563068247581,1594.3297454994763,998.5480516125482,845.6904425407353,3532.1096695446486,C4 inner-middle ring mixed,4.394449154672439
683,Rayners Lane,0,16.0,0.2415625,0.09281249999999999,10.076,-0.8906875,17.91525,7610.187774689192,0.1995411860905048,0.48175024911999453,0.1425829808720685,0.2545219797034711,0.0930615171906479,0.521881534377787,0.06891824094935275,0.391784322495263,0.0493805028116803,0.18352429454630834,0.2459579555855412,0.19620555729769912,0.4084199624610644,0.14941652465569513,0.12033195731084417,0.1140940260537414,0.03564625556492998,0.04497819187895525,0.265742755289664,0.04497819187895525,0.05891747051705444,0.047226466714413405,0.1595988180581961,0.12330082860583873,0.038928458160655294,0.045091231157834866,0.000625,0.11936011904761903,0.006874999999999993,0.0925297619047619,0.10172619047619047,0.08985119047619047,0.07532738095238094,0.22291666666666665,0.035520833333333335,42.5,1.4424491046745245,259.375,2.3427842742330673,137.12319676414097,9.238962707379724,124.29975424777535,74.74717957297217,83.51451100606783,81.24363013586105,277.6114825976724,34.60449442063155,C0 outer arrival-oriented,3.7727609380946383
684,Redbridge,4,12.0,0.18033333333333332,0.12725,10.027833333333332,-0.6601666666666667,21.962083333333336,6032.035751130602,0.18782763776428738,0.5101229902557127,0.16458288726987072,0.21154099644484406,0.0528101812482543,0.5567539343637342,0.050521113768768666,0.3976670185968227,0.039731358058400564,0.18405837450824372,0.24982590383159478,0.19814152813862648,0.398328141726709,0.1537044263030697,0.1406921611660278,0.1093679905997033,0.03526177376074882,0.0458041279091885,0.23249986807718712,0.0458041279091885,0.05529165794389921,0.04445395514613934,0.13275425498714846,0.12687042759068476,0.03049826940297355,0.05838891708319213,0.013492063492063484,0.13713624338624336,0.012050264550264533,0.0657738095238095,0.07080026455026452,0.08367724867724864,0.09513227513227511,0.14685185185185184,0.04239417989417987,42.916666666666664,1.5749276911097099,520.8333333333334,7.982944342385795,214.13596914837697,18.283307497571336,95.9998295431093,74.09091037752559,117.71731653823495,68.7841207848976,290.1143077923564,92.39789613183409,C4 inner-middle ring mixed,3.782293898753362
685,Regent's Park,2,7.0,0.12528571428571428,0.06685714285714286,6.056857142857143,-1.0124285714285715,54.01157142857143,8680.846341895327,0.6791942232429283,0.40978033595808333,0.10946978160662527,0.5342249966948923,0.1532733316856841,0.1890292759432779,0.04654799625233338,0.14873800620643407,0.032352547315418985,0.4675342274897871,0.14397695722528217,0.34003397448066125,0.37859928671558635,0.13738978157847007,0.14415969110409263,0.06082610479079673,0.027399152039320935,0.053422654987507805,0.14322301026031656,0.053422654987507805,0.01764880338278104,0.02782065352382963,0.09775355335370584,0.09183518963854113,0.032978230438944274,0.03485270061519116,0.013274714647763813,0.0653836534613845,0.03959071723927663,0.07485660931039077,0.10024385944854129,0.12209964938356291,0.0887846805388822,0.25338490157967947,0.05910933420987439,451.14285714285717,1.5964120721196884,17071.428571428572,1193.5432137232406,5859.237462070394,749.386745110619,5606.417272009341,14152.135771846752,12896.47127139843,3362.297723863553,14315.511298166197,6349.957600701062,"C2 central interchange, direction-balanced",6.113998185522964
686,Richmond,0,12.0,0.10266666666666667,0.061500000000000006,1.2742499999999999,-1.64825,47.49066666666667,7063.233409344641,0.3552514110121106,0.3605257739608099,0.0929126415966849,0.33389121849429076,0.1416257636410487,0.09183879413725116,0.01441107777803069,0.2795445743287761,0.03683447264489175,0.34414539740316047,0.21310937321312948,0.17882936139325256,0.4476365648331441,0.16042470056047384,0.15527350714807944,0.06926829598694129,0.02835715905724474,0.02867175471891939,0.13818958175475896,0.02867175471891939,0.018975923413498384,0.038403984382309596,0.0808096739589509,0.09537867160558376,0.04445795644404036,0.037061271944577284,0.016937830687830665,0.10969246031746031,0.007175925925925916,0.1123776455026455,0.09531084656084654,0.1860085978835979,0.12823412698412695,0.12598544973544973,0.07140873015873013,116.25,1.810669152353103,1418.75,79.86950216160328,810.0117541908457,31.986085995972314,645.8360340176458,724.2976595482805,877.63930771046,322.877636484401,331.10027069236725,422.0438275649396,C0 outer arrival-oriented,4.764308407326388
6867,Hackney Downs,2,16.0,0.35125,0.226375,10.0944375,0.7729374999999999,40.57025,19094.689501803925,0.6627458685956429,0.5453296883044818,0.22667274142312877,0.2928234493292876,0.4344553160274774,0.11349251566312349,0.24828262135365087,0.25875320718452854,0.10036328778938233,0.3445785421514497,0.2032717917750305,0.32860373210034033,0.3863506461181323,0.0817738300064968,0.14087913292168902,0.10713923073985615,0.04953224512722863,0.052289184224744586,0.2004475602441111,0.052289184224744586,0.03027079855393249,0.057784948320495695,0.11239181336968279,0.1263214757056424,0.031198950561476587,0.044914624313603116,0.016071428571428563,0.13991815476190475,0.014131944444444438,0.12494171626984125,0.05939236111111109,0.09323536706349204,0.09818948412698411,0.11563740079365079,0.04731522817460315,58.5,1.8021178367494235,690.3125,88.37701377158007,895.6122547232831,192.38395340400692,613.1492783934408,186.28471239624474,276.00321284308495,188.3508007322423,425.6300228829087,148.86801869843606,"C2 central interchange, direction-balanced",4.085976312551584
687,Rickmansworth,0,,,,,,,,,,,,,,,,,,,,,,,,,,,,,,,,,,,,,,,,,,,,,,,,,,,,,,,C0 outer arrival-oriented,
6874,Chadwell Heath,0,19.0,0.3287894736842105,0.1386315789473684,19.58678947368421,-0.11552631578947367,25.13378947368421,9542.122842746665,0.27762512211448115,0.5670566716906985,0.212042949153614,0.2852590191698017,0.17629707570524306,0.39962991639017803,0.15246079472370488,0.46084391350987874,0.09753772656196648,0.22877014306645851,0.3068491125747597,0.20998487861796736,0.39268987135894456,0.0904761374483282,0.12343688894512508,0.12766341188605393,0.04099026083135535,0.05323647373240964,0.2768217776977452,0.05323647373240964,0.07440985291734685,0.0674738513244118,0.13493807345598643,0.1509236280958407,0.02746686290558338,0.054744839583640924,0.011842105263157897,0.2119016290726817,0.04521929824561402,0.10055764411027568,0.022590852130325807,0.0331766917293233,0.10654135338345863,0.17046992481203005,0.05391604010025061,55.31578947368421,1.661846354811092,627.6315789473684,24.923109114259486,478.9365095549384,90.91354775306415,208.44757972295366,33.14653974324521,60.17525566159697,179.75289849546976,506.7338389536187,110.03125735039947,C0 outer arrival-oriented,4.030974948289511
6876,Forest Gate,4,16.0,0.396875,0.16149999999999998,24.4819375,0.10600000000000001,39.397625,16030.324608601843,0.48583569092146944,0.6285778553079946,0.26248768808384326,0.39243612695878033,0.23720157310833606,0.462032374065112,0.1628174105375827,0.4000788079204386,0.0771311148306067,0.23009402074223492,0.26407374844638876,0.2610605245194908,0.3938002598432687,0.08106546719085155,0.12979194482815049,0.12973924698466835,0.05487817437199859,0.09075854914521979,0.3033202927168299,0.09075854914521979,0.06066252912936196,0.09053704272456078,0.152120720862907,0.11862468240701929,0.02815574289282837,0.046230248889072414,0.022062499999999995,0.1196974206349206,0.02051091269841268,0.10788392857142856,0.03879365079365079,0.04473015873015871,0.15394345238095236,0.12104662698412696,0.0727579365079365,57.625,1.7006904354902272,465.625,130.55089376660982,495.4674322495915,52.81990553769819,310.4739747873051,98.39635577024312,172.68955909429374,645.6412545880055,400.72860296882345,355.8132842944267,C4 inner-middle ring mixed,4.071161226766444
6877,Gidea Park,0,12.0,0.15141666666666667,0.08675,8.783083333333332,-0.6860833333333334,21.243666666666666,5308.729231309674,0.185940635947086,0.452446230283593,0.13562432605857971,0.18243180727160166,0.06568361225664544,0.12364259814058498,0.05224680596489537,0.302643728160891,0.05995197636262726,0.2657003791183201,0.21779122982197796,0.18623999888454038,0.3955249620637353,0.20044380922974628,0.11254283755012867,0.10911967502605648,0.027645032877483943,0.028943651108597035,0.20490922572367218,0.028943651108597035,0.04906605416074327,0.04876836621759741,0.10707480534533138,0.12265715915654109,0.035365163165840145,0.05602675825850145,0.00555555555555555,0.11762731481481481,0.023564814814814813,0.10370701058201058,0.08307539682539682,0.062080026455026444,0.17862433862433857,0.12983465608465608,0.11078703703703703,51.083333333333336,1.7464641522377382,397.9166666666667,6.015835263493357,193.14413520192298,32.080843138365154,115.2817855856024,98.5757916792381,67.38543669156472,177.26626073782316,123.34056184612207,136.5611671653339,C0 outer arrival-oriented,3.952844999948401
6878,Goodmayes,0,17.0,0.33294117647058824,0.1342941176470588,21.73835294117647,-0.32376470588235295,27.840823529411768,10574.830776306699,0.29473915820908364,0.5953566351538875,0.21774985426821458,0.3756795334141738,0.11297683226090134,0.5684425319014164,0.10116698274234752,0.46826675299124787,0.08404038967291834,0.1998096382503371,0.3022095033087851,0.2157743504116456,0.3861927506673062,0.095823395612263,0.13059737046338474,0.12461735938086174,0.04310069009219642,0.05700197581266814,0.2885441529057798,0.05700197581266814,0.0770128995289636,0.06522962172214335,0.1463016316546727,0.13507307413295602,0.03318777590222011,0.051753799711854065,0.0074509803921568585,0.15929621848739495,0.014198179271708671,0.1039145658263305,0.03427170868347337,0.04150210084033613,0.13646358543417364,0.1918172268907563,0.04146358543417365,57.23529411764706,1.650879478140174,608.8235294117648,10.451615015802648,409.22358383139175,27.78920498497032,199.08962289792657,61.83556492893668,89.74663078187494,217.1732195235694,610.0374385656647,87.15351542163917,C0 outer arrival-oriented,4.0644915990724195
6879,Harold Wood,0,10.0,0.1872,0.1049,16.1416,-0.3319,16.716,4967.214358741731,0.19740045998849506,0.5018829661291387,0.1660778996035754,0.16638598745862337,0.1354462768852927,0.09941481935435569,0.07100847672753005,0.3123317361475254,0.06681487038304804,0.27922749350486575,0.2301050850933676,0.21592548582176652,0.39087486215964506,0.16309456692522067,0.112462201875607,0.11655277553653756,0.03000232976647803,0.0333949628784397,0.22416245023029147,0.0333949628784397,0.05166981279428564,0.05219656799716775,0.120296069438838,0.12551594804622596,0.03721680459338802,0.06191518689385979,0.08606349206349204,0.1476269841269841,0.01420634920634919,0.036460317460317436,0.04563492063492061,0.08043650793650792,0.14978571428571424,0.16362698412698412,0.04696825396825393,66.2,1.6892846059313882,875.0,198.46442538421962,444.9991255242943,42.45644072385558,61.271753357157095,49.15521333133373,241.74583642085054,238.2293282777843,203.6330585219763,81.06434982051296,C0 outer arrival-oriented,4.207673247529104
688,Roding Valley,0,7.0,0.14957142857142855,0.07971428571428572,8.062428571428573,-1.0835714285714286,25.311857142857143,4298.445656646798,0.18002989642563888,0.4500975516223612,0.13866851675793843,0.14508352863683185,0.11627855051301601,0.1928546301803889,0.055583780808484674,0.32846289937029677,0.0467980804194833,0.25787719123325015,0.2302386773399893,0.16459484887652015,0.42836589700551564,0.1768005767779748,0.1395757802951925,0.10018077980858728,0.02837819413544067,0.03355823720606126,0.18904202085089175,0.03355823720606126,0.029131708594950158,0.051976666117555685,0.10793364613838578,0.12710108528611036,0.029586979189741958,0.04449307453996592,0.006349206349206342,0.1061224489795918,0.003174603174603171,0.08832199546485256,0.049886621315192704,0.1329365079365079,0.02698412698412697,0.07613378684807255,0.05028344671201813,39.142857142857146,1.610917752314322,235.71428571428572,3.13226277183977,60.0088376259995,1.566131385919885,65.37295936419564,35.33582933636674,64.41519837018326,26.411017172980316,52.02329602760191,50.4726116286253,C0 outer arrival-oriented,3.6924445202784324
6881,Ilford,4,21.0,0.44876190476190464,0.15685714285714286,23.29171428571429,-0.009190476190476202,37.560428571428574,13700.514518123227,0.4651117092043852,0.6437288132926267,0.2513673574745038,0.4796693040183205,0.15518248957233674,0.6288141389220948,0.11944549859149206,0.47038974356393753,0.08831979594377558,0.22275583591330134,0.30037228819060585,0.24775732659955219,0.37225472101497503,0.07961566419486678,0.12093476325788119,0.12790086635507572,0.04485167181865193,0.06734676586228801,0.29776842249274094,0.06734676586228801,0.06831374608991334,0.07305120940201319,0.1564034670008143,0.12260261806334545,0.022513007480581188,0.048303875252820413,0.020695389266817826,0.1813010204081632,0.01975907029478457,0.08447278911564624,0.05709845049130761,0.06848922902494328,0.08900699168556311,0.12375944822373393,0.13284108087679516,91.47619047619048,1.5956590550005756,982.1428571428571,133.76502614232908,889.5474196902212,99.93363385093487,587.5844103004157,251.0921650712666,318.3734258079521,303.3425337937321,792.3300440821795,769.1669348695856,C4 inner-middle ring mixed,4.526951211127847
6883,Manor Park,4,11.0,0.46418181818181825,0.1611818181818182,29.195454545454538,0.11590909090909092,40.614727272727265,13322.74297297247,0.4326666070867598,0.6578679721518544,0.2714714400956093,0.3833390148279511,0.2003441136012132,0.5357851684654181,0.13909936963392888,0.4777597198144574,0.09293619548650027,0.19865960800701107,0.3064300962880153,0.2230336815853253,0.3809506064807841,0.0895856156458752,0.11929038621656449,0.14206273015051954,0.04761990183960001,0.08561522673471668,0.32413395127280337,0.08561522673471668,0.07743557606298378,0.08060353914255308,0.16609483606726638,0.12573442256367653,0.02603397452219153,0.05198180798814771,0.01789321789321788,0.14912337662337657,0.02978354978354977,0.0914069264069264,0.022709235209235182,0.06751443001443001,0.14334415584415583,0.0899170274170274,0.07388167388167388,56.0,1.5247821046385288,304.54545454545456,30.6086250736388,349.7977288062852,60.06323232271168,270.63216486563874,34.854861480400864,154.92118388270012,540.1878319331655,231.02366038907542,94.39615824512504,C4 inner-middle ring mixed,4.04305126783455
6886,Romford,4,16.0,0.27418750000000003,0.13618750000000002,17.749000000000002,-0.022125,26.3824375,7369.994634484274,0.360471168919964,0.5120215185752754,0.18793385922798372,0.32007467583260085,0.16702546944720015,0.16660121478272122,0.10969493780608455,0.3546671724442546,0.10167131858050013,0.3017385390199888,0.25462754376262386,0.255095874217447,0.382340275247277,0.10793630677265204,0.11527440965820829,0.11242191136496049,0.03934461198337822,0.044789726852172265,0.23193435926244949,0.044789726852172265,0.05483656460416493,0.059387016782721125,0.11771077787556335,0.17906419289768985,0.02850242355480155,0.05391686299826069,0.019020833333333334,0.16797916666666665,0.06376215277777778,0.07408506944444443,0.02306820436507935,0.04778348214285713,0.05318675595238094,0.18276463293650794,0.08912499999999998,114.6875,1.6611799308112056,1753.125,78.51170300700232,842.9493626141957,587.5116195968291,367.20602302595853,77.53515034740965,223.1115200676129,146.34694889503828,1581.166720828846,571.5335311059288,C4 inner-middle ring mixed,4.7508925903337165
6893,Seven Kings,4,18.0,0.3388333333333333,0.1305,20.26833333333333,-0.512888888888889,28.70805555555556,11670.930276386163,0.29431946457991537,0.6013531888051927,0.22883742066739204,0.3936856019413015,0.08809990624128597,0.6302072176608942,0.09063612729721574,0.47182916707857037,0.07275800509797302,0.1826391123750276,0.29797773698904684,0.22940193198333475,0.37245871788523605,0.10016161314238219,0.13467409035072544,0.1258963231259097,0.04446721162508394,0.058170503274249157,0.3060533294281085,0.058170503274249157,0.07735786197980177,0.0662973487939908,0.16239811865431575,0.11538358888699397,0.03170333368777258,0.051790263353539784,0.01783068783068782,0.13179673721340385,0.02847552910052909,0.10646604938271603,0.04858134920634918,0.053623236331569644,0.1272354497354497,0.0909645061728395,0.11059303350970015,55.72222222222222,1.6029975197195023,368.05555555555554,29.72330036869927,272.59211243813684,34.88114732818277,206.41911238102932,67.21893964389446,97.31506462218158,211.3106739375699,178.54384781484174,166.53399446047538,C4 inner-middle ring mixed,4.038166060268501
690,Royal Oak,4,14.0,0.29378571428571426,0.14707142857142855,11.229214285714287,-0.004000000000000024,45.2937142857143,23942.545424708147,0.6785589464434356,0.5419422205433658,0.22249791186489754,0.4237874390358183,0.3043922566448681,0.1467546577935536,0.08693798212825853,0.20371687180881629,0.06348470074289751,0.4177033200334027,0.16773332448421693,0.32833680355785416,0.4013771194020493,0.1025527525558794,0.11838681780070279,0.07867996143242086,0.0453635992376939,0.06656043812625283,0.1960913734578514,0.06656043812625283,0.03534612823561147,0.04081251353709665,0.1199327316851432,0.10371262923162154,0.029301081864257627,0.024581320945469776,0.007904761904761885,0.08834353741496596,0.040034013605442176,0.1326360544217687,0.14008503401360542,0.13011904761904763,0.0720408163265306,0.11277210884353739,0.0411802721088435,73.78571428571429,1.7299150129349543,1792.857142857143,62.50357632114159,1238.2430367202367,454.85253591004084,1386.295465119112,5863.366254659738,1887.03786802493,694.1274706812607,1067.504553123809,756.503861593592,C4 inner-middle ring mixed,4.314626881255278
691,Ruislip,0,12.0,0.11233333333333334,0.059250000000000004,6.211166666666667,-0.9525833333333334,21.48991666666667,3944.410791041202,0.16770403670181835,0.4474251051367239,0.11946516105541623,0.18772695676858775,0.065698834794118,0.17697154880492252,0.028283283017752698,0.3150661554417741,0.046732446571524706,0.24987125052286044,0.22320466862908925,0.17050103625997035,0.40996020432799196,0.1963340907829483,0.10808256008817597,0.1115114876459216,0.02822732042799304,0.03174834753267248,0.21918048333741427,0.03174834753267248,0.0534275119467571,0.047606950047611916,0.1181460213430452,0.11145047127473036,0.03916714761382208,0.05919098228522387,0.0016666666666666668,0.08987433862433862,0.0799074074074074,0.13289021164021167,0.0347056878306878,0.091521164021164,0.11692460317460317,0.09651455026455025,0.0949702380952381,75.83333333333333,1.6132625509705065,572.9166666666666,11.7032474047978,181.3532607433303,81.65322627872722,188.32222701602902,62.818590545260626,100.46993092607478,100.29895295177646,108.88523308828995,185.30866440569037,C0 outer arrival-oriented,4.341638573768593
6913,Bush Hill Park,0,17.0,0.28858823529411765,0.12817647058823528,16.17741176470588,-0.5049999999999999,32.05282352941177,7493.875967454077,0.26225100822409814,0.5226054170619439,0.1746504561369877,0.26717617440307034,0.08589799510254342,0.09846747945838603,0.13198723056145134,0.34659116677295193,0.09734060335852238,0.2644818531771989,0.2488802904721115,0.18536334864856124,0.40322680879493983,0.1625295520843872,0.12040167961526975,0.12364632208337867,0.03619965037681377,0.043022794218425586,0.23846144114040352,0.043022794218425586,0.04701209516345209,0.04894017557633062,0.1425091704006207,0.13330684194335926,0.030198336722728387,0.0587671129416814,0.009621848739495788,0.16579715219421096,0.022282913165266094,0.05201914098972921,0.047401960784313704,0.06736227824463115,0.1492016806722689,0.17256069094304383,0.053686974789915944,62.23529411764706,1.7684211633795461,710.2941176470588,16.189030171837068,540.7343789377065,87.54953873419764,101.75328896897854,109.7346195193027,89.97721028824616,242.58966257243858,520.8214411023796,220.58658004446374,C0 outer arrival-oriented,4.146862596505547
6914,Chingford,0,9.0,0.2068888888888889,0.11522222222222221,12.095333333333334,-0.49033333333333334,24.164,4625.72672554774,0.21918654349436864,0.5023717807741748,0.1688951507847524,0.1686900378675661,0.14451029120530146,0.08042792359167045,0.08987454536702845,0.3088318061868302,0.06053640825434123,0.2787862880976182,0.22787820939764517,0.17690301584896295,0.4105668683998827,0.18465190635350895,0.1306042564050736,0.11347721262672655,0.03399214438808155,0.035431529139079876,0.22299230737327974,0.035431529139079876,0.048515892613159105,0.05029111293600035,0.1241853018241202,0.11341559879788805,0.02695011350082401,0.0556836230471934,0.003333333333333333,0.045458553791887096,0.02836860670194001,0.07143738977072307,0.028366402116402085,0.04629409171075835,0.2676014109347442,0.09818562610229274,0.05371472663139329,58.333333333333336,1.6696985418605375,555.5555555555555,2.072435991865893,86.3897818999371,102.925800055186,78.79097287810814,22.975884086564534,53.46575579693618,303.9718218055355,111.54610660470321,75.12974111973232,C0 outer arrival-oriented,4.083171261623976
6919,Highams Park,0,15.0,0.21953333333333333,0.11040000000000001,12.836533333333332,-0.5316666666666667,25.49253333333333,6986.251756593918,0.25686940971751343,0.5025304167222253,0.1780597348600453,0.17533698110000245,0.17259341628008176,0.1331540413479237,0.12314144322994028,0.3642344238299561,0.077962621229878,0.23600542267898766,0.25235488378253756,0.19228222265318645,0.41963508785461767,0.13572780570965823,0.1302031379320648,0.1116706987710841,0.03979543542562584,0.04429499368216776,0.22771151116269836,0.04429499368216776,0.049846374375229686,0.05710191997094031,0.12076321681652825,0.12088741487264136,0.02737845518940416,0.06284739887933329,0.006754629629629627,0.06418551587301585,0.01710648148148148,0.05388161375661374,0.046723214285714264,0.052581679894179875,0.22065542328042329,0.15620039682539683,0.11702050264550264,49.666666666666664,1.6795861309764777,1353.3333333333333,46.14910939274952,147.29980948193082,52.5814081397085,87.86312691671907,42.476848744439444,64.23809990812683,288.7731294124402,210.3469332341148,4553.014590725395,C0 outer arrival-oriented,3.9252682321781664
692,Ruislip Gardens,0,9.0,0.15833333333333333,0.07333333333333333,8.907000000000002,-0.6942222222222222,21.310999999999996,5086.3972203821295,0.15443587386619867,0.46221834458748096,0.1349792828896109,0.21239252976096173,0.05976672281305199,0.19992585641753646,0.045904061380713665,0.3705362742248572,0.06264138857370503,0.21468288883372788,0.24276320323984235,0.20157511801848324,0.4248192211484437,0.13084245759323054,0.10954225037977611,0.11881450031313176,0.03377332945710935,0.0348017833797068,0.23440433546240014,0.0348017833797068,0.06582037584779284,0.046293536467946345,0.12229042314666086,0.10756825569317277,0.04273692520386318,0.08044683960897597,0.012380952380952378,0.18380952380952376,0.0698500881834215,0.06429453262786596,0.08657407407407407,0.09522927689594356,0.07626984126984127,0.036578483245149895,0.03239417989417989,52.77777777777778,1.5603551626392984,455.55555555555554,8.403734466598838,226.5595480923815,22.792999834306496,65.9347640529141,72.39575392628639,63.722284281477286,51.26958060712891,27.889312833569264,27.50129270137093,C0 outer arrival-oriented,3.984860329380412
6926,Clapton,0,23.0,0.4589130434782608,0.17886956521739134,18.761956521739137,0.616,34.469,16758.155211012374,0.5902553002993817,0.5949796690687913,0.248633123967261,0.3135864111870808,0.3781598224046837,0.14156048312070674,0.21436722666180677,0.3288706574043945,0.09600064444995997,0.30977862884633545,0.27217167247019336,0.2848951588603496,0.36372142862349593,0.0792117400459611,0.12983776426940477,0.1487348159475086,0.04942022360190394,0.05043855727613892,0.20733859866043347,0.05043855727613892,0.032999979463678816,0.05702075097834684,0.11731786821840769,0.12706551371721284,0.02887071341922219,0.044002656336526204,0.025527950310559003,0.11572808833678395,0.01689440993788819,0.08023809523809522,0.04039337474120082,0.06634920634920634,0.20499309868875085,0.09578329882677707,0.04481366459627327,43.73913043478261,1.7303534070108677,439.7826086956522,93.89415273075183,326.0808537436215,83.37136639028532,185.2541782669996,93.91958712237805,176.62237919775598,486.46098812939067,374.2145205593768,124.81446078498104,C0 outer arrival-oriented,3.8008485199049
693,Ruislip Manor,0,10.0,0.1155,0.0646,7.0821,-1.0549000000000002,19.8294,5413.534894768169,0.1561285624408149,0.43727725373182685,0.11818631736941806,0.1624318563332608,0.06894175001156541,0.20267915710938614,0.03107653355402102,0.3114788186754399,0.04704858108264978,0.250236785553382,0.22098560595307054,0.16500288302685423,0.42582945711530595,0.1881820539047692,0.10486872749291085,0.1116876348342205,0.029744383920578026,0.03272885762720803,0.21243287584997034,0.03272885762720803,0.05291520197921211,0.04535631932147763,0.11416135454928045,0.12209419031925209,0.04552030475806103,0.05299397763096293,0.00428571428571428,0.11299999999999999,0.02486507936507935,0.07420634920634918,0.05107936507936506,0.0951269841269841,0.13134920634920633,0.1176190476190476,0.026865079365079352,67.1,1.6407530704548017,365.0,8.40064038692615,181.100346421002,36.62024301839877,140.35678418188905,41.18903451767367,74.86482813611889,123.22239740856642,128.8424290498334,38.659078447702825,C0 outer arrival-oriented,4.220977213155467
6934,Stoke Newington,2,22.0,0.5652727272727271,0.16618181818181818,22.982727272727274,0.4573181818181818,36.67281818181818,15590.361651631025,0.5875538995021988,0.5803354146206587,0.22831964055311801,0.36069814860424815,0.33765808057762886,0.08237929094245769,0.13374131829908287,0.35978746995714067,0.07922105436813583,0.2899759606384626,0.3193634030969894,0.25610067217714727,0.33831031590681193,0.08622560881905121,0.12737882459528144,0.2011022999341453,0.04005310874658792,0.042335483714604896,0.19459853184172762,0.042335483714604896,0.026492626775911753,0.057884456198670414,0.1102214488671454,0.11272695081661482,0.028781732374868665,0.03779002989858808,0.02312049062049061,0.14999729437229437,0.01056998556998557,0.06204004329004327,0.03592261904761904,0.054215367965367946,0.19509740259740257,0.1319724025974026,0.0329112554112554,48.77272727272727,1.701910416308339,528.4090909090909,74.55676548053327,740.1757592118414,37.170655309410556,322.8904338645559,124.81551514209504,212.65568705709768,784.42945691014,614.7816702555016,133.68227583592665,"C2 central interchange, direction-balanced",3.9074671888922854
694,Russell Square,2,11.0,0.22218181818181817,0.12236363636363635,12.002818181818183,0.09781818181818182,53.61127272727272,14128.571745686111,0.7870675546343245,0.5702861633934981,0.21720988853658116,0.3904336717667942,0.3803941506052295,0.2595827961155552,0.07495036337837563,0.14292097126559047,0.04480383731918871,0.4702536622488597,0.21404668514366323,0.3703297967371409,0.30144677526862645,0.11417674285056925,0.09239222981276725,0.06069642044468204,0.03829845804163021,0.06222868820065593,0.15661920621989542,0.06222868820065593,0.027783152211887298,0.034091568509206666,0.09474448549880134,0.13990122634734312,0.022238303685650454,0.03901587032270834,0.008479398324019682,0.061225791017651306,0.013322291098124862,0.1262812838511649,0.10515912330561726,0.1613357740195835,0.16306708023766522,0.13062123795953753,0.0822728432986429,332.1818181818182,1.785867635066963,16522.727272727272,388.0764001737678,4270.13759648321,1582.7904154897078,5827.0581170727755,8768.271225705661,14900.19679624927,9334.4348324306,9556.98268158227,9382.210161422743,"C2 central interchange, direction-balanced",5.808688341522381
6941,Edmonton Green,0,20.0,0.5796500000000001,0.23704999999999998,44.8891,0.2378,34.10290000000001,11799.278448640503,0.435795704978613,0.6890877153197625,0.31002399135398784,0.3514723841238787,0.2746157555808947,0.12778694496404644,0.3087678233951333,0.39863177531518545,0.14804905858065115,0.26609503033214216,0.2975745809189375,0.21138934318646205,0.3839318204737867,0.10710425542081366,0.1013223749243474,0.14710177240187433,0.0473207581724646,0.07269265767919665,0.3297570604466605,0.07269265767919665,0.06775521739768663,0.08303218815516429,0.17896965489380948,0.16732803120179188,0.03124689137670672,0.04545824483660489,0.017149999999999995,0.11933095238095237,0.018328571428571423,0.09542619047619047,0.0004,0.04692619047619047,0.1900595238095238,0.1528690476190476,0.07983809523809525,47.05,1.6539319480093595,391.75,21.24739603424162,274.38243743322266,32.06255580958219,222.64328617050373,3.288317103043788,60.14009507591851,338.9346123951647,284.0971527147739,128.26071379943215,C0 outer arrival-oriented,3.8722421354163012
6947,Southbury,2,15.0,0.4782666666666666,0.19426666666666667,34.647600000000004,0.03166666666666666,30.252599999999997,8631.43442981649,0.33316256820576506,0.6397695336301474,0.270671795441185,0.3190403399995031,0.2032391828838928,0.15330173827653482,0.24717001352813128,0.4315653557803364,0.15773221291849018,0.2389717143863182,0.31207424969753644,0.20005043619028498,0.3837932673276349,0.10408204678454348,0.10280122184514769,0.14286887691411881,0.041885553474832436,0.06832864008081387,0.32021780539764383,0.06832864008081387,0.0668398916227462,0.06426700173507453,0.18911091203982297,0.1509675126596786,0.03729446081171091,0.04870424339884403,0.05245502645502644,0.24102116402116402,0.07691005291005286,0.04606349206349204,0.01589947089947088,0.06028571428571426,0.1748835978835979,0.07451322751322748,0.09160846560846557,82.93333333333334,1.7666053310154655,1270.0,137.9439700644143,620.8982563130189,230.90456470141606,101.62682310238634,39.37071136284668,103.54888726580107,324.89756295630093,182.4305901565673,221.90980043827213,"C2 central interchange, direction-balanced",4.430022832942137
695,St. James's Park,2,8.0,0.1985,0.1275,7.617999999999999,-0.057249999999999995,45.204875,16485.503207092203,0.6863601051654377,0.44642648276120744,0.151051055983632,0.42790012046081005,0.27917002718669176,0.16492702253568364,0.06800899895808434,0.15810302930606532,0.04395013008511314,0.4585453806108846,0.16839733355853617,0.32319505841162977,0.378834301671122,0.12957330635871198,0.10511452589948203,0.06712185122507458,0.0349890649999258,0.052591694917285,0.15402996490452445,0.052591694917285,0.019642242295533636,0.0385910332459873,0.09579668936300342,0.08203352528077454,0.020255663724816027,0.10377033257354353,0.0022890211640211374,0.052293229918229885,0.0035630110630110374,0.056149891774891755,0.035617213804713777,0.23664297739297735,0.014138407888407851,0.034851491101491064,0.04107464526214522,389.75,1.7605640925877246,25312.5,222.6011444091938,5791.635026840336,287.11737753498016,5077.41080525095,3334.1077289285863,20947.291996067463,1066.2131069501634,4023.3587652060414,4038.3739236124256,"C2 central interchange, direction-balanced",5.968067969301586
6952,Turkey Street,0,13.0,0.48861538461538473,0.21930769230769226,39.75107692307692,0.09676923076923077,28.32576923076923,7845.226591306362,0.3077447091452382,0.6470748421121741,0.2743814979465837,0.27287739494810215,0.27167531737615896,0.07441886505850351,0.23795443188796292,0.41377538257187035,0.16961790691042442,0.23824738087078234,0.3052577161552169,0.19644822819534946,0.3876287561146158,0.11066529953481768,0.09401174782987196,0.1397646360065639,0.04327912029516036,0.05934207942318919,0.3243476393892463,0.05934207942318919,0.06833827726085497,0.061755084285322455,0.1942542778430688,0.1611587286229339,0.0360929058514049,0.046309651935081506,0.0006153846153846154,0.21438278388278384,0.01705128205128204,0.11125457875457874,0.01736996336996336,0.04496153846153845,0.23690476190476184,0.06887912087912088,0.05102380952380951,66.6923076923077,1.70912237669145,415.38461538461536,0.10598538861755886,223.29200535500155,14.694534865589993,111.51190470660214,6.71480563592852,34.283521486375946,226.29283741637252,50.85900057056941,62.99316046746498,C0 outer arrival-oriented,4.214972550010716
6954,Wood Street,0,17.0,0.32011764705882356,0.1478235294117647,14.876647058823528,-0.0038235294117647156,33.63323529411765,10482.165446686398,0.43434765613877757,0.5469365307301339,0.2133233503420552,0.24332489144743222,0.26641615478814135,0.18545171016681217,0.17805336912923128,0.3739699179446103,0.09514097507929459,0.27059077284645466,0.26407535772207774,0.22824428231928634,0.41946190810267325,0.08821845185596262,0.14159123919625066,0.11433428634290814,0.049343913450270595,0.052784476663278235,0.21682715128180607,0.052784476663278235,0.041333028868382,0.060381301266150635,0.11511282114727334,0.1423812001252323,0.025849773406907438,0.05357707004793876,0.020681605975723612,0.07492903828197944,0.029194677871148458,0.08536694677871147,0.023628618113912224,0.047496965452847796,0.23064892623716152,0.23872315592903828,0.03611251167133519,51.411764705882355,1.702513420404571,879.4117647058823,67.68034325608357,190.87442040452413,109.0725894627558,164.6765246052117,67.7888925129278,97.07916901102139,717.2135513059611,1633.305714076799,80.79774091419435,C0 outer arrival-oriented,3.959131083414593
6956,White Hart Lane,0,18.0,0.5756111111111111,0.25144444444444447,42.42366666666666,0.4567777777777777,32.557277777777784,12997.774198091422,0.5132602768082367,0.7003136727039438,0.32681451728171,0.30202405608411664,0.4027006162585892,0.09534513438639827,0.3415670836569673,0.38682697689374695,0.14911064423824183,0.2817550094627407,0.28241445743477905,0.21729861442448203,0.40652712564496907,0.09375980249576964,0.11064438248290041,0.14485331391805137,0.0599511458966813,0.08213198954220452,0.32354481345161035,0.08213198954220452,0.06611911675698828,0.10501883316463526,0.15240686352998667,0.16222445516673456,0.028938049582204757,0.04200232212436578,0.03517857142857142,0.17670634920634917,0.008703703703703694,0.06102733686067016,0.006660052910052906,0.03817460317460315,0.1482010582010582,0.14514770723104053,0.06694664902998233,58.5,1.7305032472288404,827.2222222222222,138.75790311121906,541.0953250729333,18.755128591407335,200.32209184610872,19.70789403131617,94.26037372598643,271.6821598684517,994.162788083849,144.1200298538202,C0 outer arrival-oriented,4.085976312551584
6958,Bruce Grove,4,23.0,0.48808695652173917,0.22330434782608696,36.078434782608696,0.26782608695652177,36.98213043478261,15876.350883608724,0.5949781850236969,0.6672897916602228,0.29871868841334165,0.35383267662258655,0.36360414056127904,0.09317547547416645,0.31297157687382393,0.3266839109261247,0.12568237473792396,0.3053775358934161,0.23991676005364407,0.247366756575878,0.4145876246939122,0.09812885867656558,0.138620259485806,0.13486880464930137,0.055447620896401845,0.08608947415614374,0.2932718445302909,0.08608947415614374,0.05265580055750889,0.1140395559942605,0.12657648797852147,0.13875042723305547,0.02950060785810849,0.04250763775722587,0.0268695652173913,0.16765320910973083,0.0763312629399586,0.08877777777777776,0.020556935817805374,0.05469013112491372,0.08482401656314699,0.12279641131815043,0.05537474120082814,58.04347826086956,1.711924245038987,446.7391304347826,56.60221710599287,371.3594574772822,506.9763332909264,199.82652704100323,33.82006005844844,109.55769950272709,254.6262510912025,246.60794834515028,113.79047743343408,C4 inner-middle ring mixed,4.078274092189492
6959,Enfield Town,0,12.0,0.23300000000000007,0.11275,10.220416666666667,-0.6649166666666666,31.420333333333332,6873.195750465183,0.27943861713267093,0.48131945386709335,0.15433191970150353,0.27415531062771,0.07149817179341345,0.07957967187451866,0.08598686225150136,0.30973922270123905,0.08526104825921293,0.3134379944100759,0.2270158133925003,0.17589275945254032,0.4171784437363158,0.1799129834186434,0.1170892206154258,0.11714046462978848,0.030867649797354027,0.037118332192748814,0.20694398788326765,0.037118332192748814,0.03935520133296243,0.04743900533521772,0.12014978121508739,0.1317122912940538,0.029358999541673186,0.06451656923268455,0.007314814814814808,0.09429894179894177,0.01330687830687829,0.04865079365079364,0.04682208994708992,0.07434854497354494,0.08449735449735447,0.17013888888888884,0.11684523809523806,86.5,1.7210638496426018,1014.5833333333334,18.16465343062171,583.0517095563133,108.62925333868043,153.46774250249769,137.30339470166936,142.58939635710385,151.94140706845673,613.46292419232,447.59121563598177,C0 outer arrival-oriented,4.471638793363569
696,St. John's Wood,4,14.0,0.13378571428571426,0.06557142857142859,6.177714285714286,-1.2042857142857142,43.94135714285714,10907.248004800014,0.562494474777096,0.4199864844431253,0.13000169230888028,0.49524257008487943,0.12639158728618402,0.21614040144376465,0.04543179303547982,0.2328145533249308,0.039538956275980926,0.3827539776439299,0.18991541027137718,0.26818190203784137,0.39847339325498343,0.1434292944357979,0.13044062650049879,0.05664311679797688,0.029945389052737487,0.04756390257959942,0.1477721127907953,0.04756390257959942,0.018121664607590897,0.03370169481683743,0.09594875336636687,0.08853663910555847,0.03361099493717792,0.02143154199370991,0.003333333333333321,0.11066326530612243,0.026269841269841266,0.12392998866213152,0.0596343537414966,0.06113095238095236,0.0847845804988662,0.1582610544217687,0.045133219954648515,70.5,1.747002156669938,1264.2857142857142,11.622016902271694,553.7394419617256,89.3198104441387,636.9131023423839,194.578631709066,208.29095255206678,521.568848876405,1899.444940758406,128.24459643570268,C4 inner-middle ring mixed,4.269697449699962
6962,Cambridge Heath,2,19.0,0.3651578947368421,0.15373684210526317,12.866842105263158,0.5506315789473684,38.940368421052625,17786.765383200793,0.6677680000215098,0.5487128949672905,0.23277498677425176,0.3155470274148239,0.42839195972493943,0.26897387730921013,0.11607680255468336,0.25449681933670576,0.07181417034176862,0.3215104313166482,0.21046805512727873,0.3556371272327139,0.3626309032560573,0.07126391438394986,0.12395553326882688,0.09872175417423043,0.0463783642672739,0.06459495745035604,0.19674180118297202,0.06459495745035604,0.037211230994625394,0.050626264019819706,0.10890430616852682,0.12112107949191209,0.03079368765211929,0.04229878177900618,0.03320300751879696,0.1315016708437761,0.021026733500417703,0.13243525480367585,0.06626858813700919,0.13887259816207184,0.12895781119465327,0.14919340016708435,0.029467418546365903,79.89473684210526,1.811914523291935,700.5263157894736,213.86247680700598,761.9299182251614,200.4262208775259,844.0517001900049,471.1305438198115,829.3498927646878,458.2356520539736,971.0730918563092,269.88394443706073,"C2 central interchange, direction-balanced",4.393148764372155
6966,London Fields,2,19.0,0.3342631578947368,0.17084210526315788,9.553368421052632,0.6888947368421052,35.790894736842105,16126.960030547174,0.6240905342661103,0.5501273746227942,0.235228491099168,0.24969004654353966,0.4700275332504105,0.09108907547372418,0.23486194909501923,0.26177443631787806,0.09501679214050342,0.334258070109213,0.21145999443366462,0.3084152051019288,0.38662976012785744,0.09349504033654896,0.1372794530035385,0.10147952873178923,0.04836030901734102,0.049889530187828636,0.18975100826515762,0.049889530187828636,0.03176620392910141,0.05093880560215756,0.10704599873389853,0.12597449514961417,0.032753396760129026,0.04507993350123568,0.017359649122807016,0.11958876357560569,0.023035087719298245,0.0810233918128655,0.07478801169590642,0.11698663324979111,0.11440058479532161,0.19610192147034247,0.04731286549707601,55.0,1.6530356399000545,497.63157894736844,140.2177337018533,415.1812124365548,140.25048157099738,433.080259017463,246.69266896018198,439.2713569652204,300.7952676847888,601.1779864738943,125.2059905334253,"C2 central interchange, direction-balanced",4.02535169073515
6967,Rectory Road,4,19.0,0.35136842105263155,0.1591578947368421,11.181894736842105,0.4914736842105263,37.255736842105264,17871.26726232911,0.60944549064312,0.5412741947771497,0.22177749982923808,0.3115894833205846,0.37193554329166717,0.11952309272726988,0.20569296212499913,0.27967159252191837,0.08282625065095431,0.31832280782488714,0.2195178044570698,0.30148687398281565,0.3981904612245437,0.08080486033557065,0.14753463639777836,0.11244504866371398,0.04816370708751292,0.0494273538068525,0.18854927524728146,0.0494273538068525,0.030756854942202712,0.04967996029047532,0.10811246001460333,0.12173300124326618,0.031012738162900757,0.04456457846613199,0.014941520467836252,0.13110693400167084,0.0011111111111111107,0.12319966583124475,0.07297619047619046,0.07995405179615706,0.18964912280701754,0.10976608187134503,0.03775898078529656,50.63157894736842,1.7785057709430583,374.7368421052632,37.417267744594014,464.80748753430356,8.557711659433883,492.9020133800926,186.0120256992517,228.98956372540889,502.9866733699812,375.56620920471175,124.8143621096342,C4 inner-middle ring mixed,3.9441334803989228
6968,Stamford Hill,2,22.0,0.6864545454545454,0.19695454545454547,35.76440909090909,0.6139545454545454,37.63545454545454,16357.98472387418,0.5963494247813329,0.649450340979386,0.2708072577476708,0.4055628343304431,0.3559426370604751,0.0655799049562733,0.16545260173286358,0.37583328853797177,0.096914136030026,0.28786667333633353,0.3468996659784522,0.25409114849635034,0.31739827720282743,0.08161090832236986,0.10748596577579271,0.2323814801903226,0.04579587741734437,0.05635689641864419,0.23634103211063204,0.05635689641864419,0.031879334336718246,0.08103634974944574,0.12342534802446802,0.11601276127930152,0.0265628671453647,0.03170683857800787,0.02237734487734486,0.1854175685425685,0.0156132756132756,0.025315656565656538,0.014993686868686852,0.03481962481962479,0.21107142857142858,0.15094787157287157,0.04495670995670993,41.36363636363637,1.6469475684153692,543.1818181818181,105.63162988427915,839.6247484498258,74.65115390240403,91.20180391145843,63.41299747677808,184.22615210712206,1178.9860854078847,604.6550245572962,182.0020399138956,"C2 central interchange, direction-balanced",3.7462903613272753
697,St. Paul's,2,4.0,0.02375,0.03,1.024,-0.8724999999999999,54.07425,6435.455691132065,0.7565670548060649,0.3312499959284541,0.04375929656578263,0.5630179688541389,0.027587141118575298,0.15921176615487317,0.009853382855308675,0.07170604902929315,0.011188226821467601,0.49837771165514066,0.07142345166993827,0.4039700209710983,0.38238961692432893,0.1422169104346344,0.1479720964220736,0.0415414321465374,0.02736576499717395,0.026264803757625903,0.08420638372620028,0.026264803757625903,0.009012915538093224,0.025448694328923577,0.0497447738591834,0.057003075546548675,0.0242896448285104,0.03564381633796913,0.0037479320540025497,0.02879860357744575,0.0032096756398940747,0.026811678389090026,0.12606818792737245,0.3050078154003608,0.010602877808000675,0.02031325973654515,0.08990099921080084,2072.0,1.6157844398120058,158000.0,799.3032800294211,4884.282353925995,777.1605359011238,5332.850353256823,28778.563311750433,73855.66750377777,2899.024315535232,4959.432139020282,18500.55057550312,"C2 central interchange, direction-balanced",7.636752112435779
6970,Maryland,4,21.0,0.3618571428571428,0.14814285714285716,20.46757142857143,0.1784761904761905,33.711380952380956,14273.58182504979,0.5796407241091016,0.594345862497145,0.24112392576975838,0.3665419754503406,0.331749213152587,0.2809614717952521,0.20906891694653934,0.3147695621254913,0.08779519471817197,0.272969510202678,0.22491811280032648,0.32425498923194057,0.37807134397724906,0.07275555399048377,0.12881009648690817,0.11677539376060098,0.05392194475605037,0.09021596230622106,0.2680581346651631,0.09021596230622106,0.048409405747658465,0.08948915750045165,0.13015957141705292,0.12369485477956452,0.020897310941082145,0.0440374747448044,0.004682539682539675,0.11489984882842019,0.01195011337868479,0.06300566893424035,0.02479950869236582,0.040943688586545714,0.19990929705215416,0.1496243386243386,0.13049735449735447,64.19047619047619,1.700894609765317,1114.2857142857142,18.906774580420294,703.4237676431674,80.280893222174,407.0911264334817,105.6673998223108,259.49656171118306,972.2363697200519,733.2433129311457,1787.6625418362548,C4 inner-middle ring mixed,4.177313387565026
6972,Silver Street,0,18.0,0.5498333333333334,0.2255555555555556,45.141666666666666,0.2251111111111111,37.05938888888889,11887.423660178894,0.4391301522585513,0.6993247414784852,0.3039282023264096,0.34208429072648944,0.3031522620651619,0.12576054429353647,0.31721035841770123,0.4280925733784424,0.15463373649750597,0.2455912158474264,0.31330912468143884,0.2102039049068608,0.38399736553697095,0.09248960487472933,0.10426784007725395,0.1513607136924059,0.05164211764558643,0.07786067339467463,0.3193657470254057,0.07786067339467463,0.07055761541542899,0.07986031676949963,0.16894781484047694,0.1862438766668672,0.032561667105712865,0.044202198922804,0.05218915343915344,0.15191269841269842,0.03358994708994708,0.09838624338624337,0.0005952380952380944,0.02898941798941797,0.12121693121693121,0.15252380952380953,0.10964947089947089,57.166666666666664,1.687988145456934,900.0,139.62369928778332,424.47861851875643,81.40234408533986,273.5878029573661,4.948850772845341,49.56590736556763,385.80122976175113,981.032677248033,160.4039669793184,C0 outer arrival-oriented,4.0633124529743725
6973,St James Street,0,13.0,0.3182307692307692,0.13715384615384615,16.221384615384615,-0.1630769230769231,37.406461538461535,12935.874593165856,0.503000788511667,0.5408041949246085,0.21189026711068654,0.3223380216280513,0.21765533968234432,0.22305704062557116,0.13517556506699452,0.3433307576746309,0.07981927035250913,0.2531382406625875,0.24727202050195657,0.25103571055322405,0.42118563984214724,0.08050662910267213,0.14927984166206593,0.11158181994745928,0.04485032629657408,0.05659323586370787,0.23374026697233202,0.05659323586370787,0.04164702013966695,0.06998363772315516,0.12210960910950983,0.12065109762357612,0.030720926403415463,0.050899882208411136,0.024294871794871796,0.1369383394383394,0.01657509157509157,0.049180402930402906,0.03751068376068374,0.057115384615384596,0.19810439560439558,0.07754273504273504,0.0428617216117216,60.15384615384615,1.6602777155998325,403.84615384615387,59.96736008919503,375.8975325151189,34.257341365482034,120.3307659144683,57.93814346393454,96.45235103787778,441.1905735459373,187.02258862528126,96.55991536622673,C0 outer arrival-oriented,4.113392757192795
6977,Hackney Central,2,13.0,0.37984615384615383,0.24215384615384614,12.176230769230767,0.8245384615384617,39.981153846153845,22804.14576929168,0.6780281113136819,0.5754282479459044,0.23976815663099574,0.28502938145812284,0.4672900519169834,0.12282011695776673,0.28487124959775895,0.28012353169135773,0.11268312213677183,0.3369315251354682,0.22482381927585968,0.3207449553693855,0.3769950858074268,0.07743613954732795,0.1282839573759003,0.11909105887415056,0.05009022014245919,0.06111494099237572,0.21214064924967455,0.06111494099237572,0.0312957001883977,0.06511520575665167,0.11572974330462509,0.14690238902920646,0.03205648538279287,0.04214936529743157,0.019916971916971907,0.1384389499389499,0.01328205128205128,0.1575076312576313,0.030286935286935268,0.09812789987789984,0.08183150183150183,0.12581990231990228,0.057325702075702055,68.61538461538461,1.7962295540310633,836.5384615384615,112.68075538352045,1260.4358121919793,232.09291398996362,797.8707757801567,148.71994755917734,352.9485516924487,227.26156287534573,720.9555441859743,213.36715175666234,"C2 central interchange, direction-balanced",4.242985586238389
6978,Hackney Wick,3,11.0,0.3072727272727273,0.13563636363636364,14.193818181818182,0.4233636363636364,33.42572727272728,8216.83071816988,0.6636560540831414,0.4651563526604882,0.19046301132434243,0.33440991544029813,0.3435199147600652,0.21189810468222336,0.15477267702675512,0.22573755325974762,0.07657086398493912,0.3062030145470804,0.1860808003429499,0.4313167678099285,0.33020851710528837,0.0523939147418331,0.10635127374558943,0.08159808466532806,0.049002094458940416,0.059179437133533866,0.18470371589139473,0.059179437133533866,0.036212462056383614,0.04671142198252338,0.10177983185248768,0.11933290636666576,0.030420726347001305,0.04497249461142136,0.053351190476190455,0.14253809523809524,0.015416666666666648,0.10540714285714284,0.08606904761904759,0.11031190476190475,0.10749999999999997,0.11207142857142856,0.04892738095238093,80.18181818181819,1.827550430398598,2822.7272727272725,108.15034839735027,370.45210443581436,282.4531736204533,333.00088752317066,346.45635311751624,803.7589226982712,539.3564459463649,423.2902956460543,179.29727446734904,"C3 late-night, extended-duration persistent",4.396691308078129
6979,Homerton,4,25.0,0.39112,0.19584,14.51688,0.7594000000000001,35.174679999999995,16162.009279471315,0.6095586581600657,0.5965980319659296,0.2644778755431768,0.23593493911696906,0.491675128726709,0.1118993222694465,0.28771715806119585,0.3037621064392101,0.11983398987966504,0.3170939454032363,0.2394898108161804,0.284510133928269,0.3904148211996041,0.08558523405594634,0.12393888902639805,0.11373983881525046,0.053687516161822504,0.05860634669443754,0.21411853451534013,0.05860634669443754,0.03830223975563827,0.06364593541585686,0.11217035934384492,0.15512005476591406,0.030542255320849504,0.045328263678032686,0.026875714285714274,0.1448411111111111,0.0037199999999999998,0.10674857142857143,0.049828571428571417,0.08830047619047617,0.13036031746031745,0.1975612698412698,0.05734158730158728,51.84,1.714385097522033,633.0,48.05533720977948,475.3119507266509,33.35035975736812,250.05972088512672,147.5344505667207,227.90063093517182,305.3557464525494,2210.3652038916525,261.7760344911685,C4 inner-middle ring mixed,3.9672684796541247
698,Seven Sisters,4,13.0,0.4733076923076923,0.1936153846153846,33.11553846153846,0.20899999999999996,38.46315384615385,14924.825293221204,0.6092607709115536,0.6472093346215545,0.26918874618427185,0.39017219348417387,0.3171693776594093,0.08848646367906254,0.2575344056462294,0.31568018376549567,0.1060385215386796,0.30953446755615127,0.23462204621822869,0.2721740704627754,0.4008842026168439,0.09231968070215177,0.140001863916607,0.14759797154018162,0.0567137813355538,0.08308150216408053,0.2890215632709637,0.08308150216408053,0.04525905356950367,0.11474859364457846,0.12901391605688148,0.13078363708735524,0.027794067340730762,0.040919108329737226,0.022332112332112318,0.18279609279609277,0.141013431013431,0.06986568986568983,0.032619047619047596,0.05894383394383394,0.10465201465201465,0.11009768009768006,0.0668070818070818,74.53846153846153,1.7293906226839089,640.3846153846154,96.34313829632592,651.443855747139,919.6044235021662,230.1201145048561,81.28685642153626,186.42924858692777,424.4491610841094,415.71568490722507,229.06434306662774,C4 inner-middle ring mixed,4.3246419508929295
700,Shepherd's Bush LU,2,13.0,0.2845384615384615,0.15484615384615383,11.192846153846155,0.056230769230769244,41.98784615384615,19349.432193183726,0.6357505095591508,0.5476251000043416,0.21466561238949022,0.3529009045952579,0.38162434117166827,0.10426154720446833,0.14478303985054783,0.2117801658286943,0.06680386136604817,0.42150978868397715,0.18592805032901571,0.2812519927369533,0.4199785803559145,0.11284137657811634,0.12702106586904469,0.08624119498063233,0.048854404264390555,0.06461160499908768,0.20351676925515813,0.06461160499908768,0.03050512991370881,0.05193465497822543,0.12107698436322378,0.11428090360854569,0.033956805673952886,0.02982099809406256,0.006820512820512808,0.2084426129426129,0.01738705738705737,0.1182472527472527,0.11118192918192915,0.1251336996336996,0.0782179487179487,0.09895543345543344,0.09538461538461537,102.0,1.6485658711376592,1471.1538461538462,88.6479101645891,2487.9949278006975,139.90813045016,1140.7096301225795,1536.7880865861332,1227.7447304601226,577.794555697519,696.6562815981179,877.6282676041129,"C2 central interchange, direction-balanced",4.634728988229636
702,Sloane Square,2,18.0,0.1534444444444444,0.07866666666666666,8.324111111111112,-1.1532777777777778,55.30577777777777,13860.2649653193,0.5594141427970265,0.406362529944325,0.1308145731461879,0.4244064134930012,0.20629264358705535,0.11758395013366142,0.04854738724542776,0.18956160769096733,0.046525703585699144,0.45202763101000215,0.170257934273701,0.23351567123158054,0.420651434534334,0.17557495996038433,0.15178666673735702,0.06792162690936317,0.03352478891640151,0.04947212568448882,0.17142723667418214,0.04947212568448882,0.02201891721815738,0.045898826736745425,0.10350949271927926,0.08189078882038851,0.02375184557047238,0.034839609242855014,0.011565696649029962,0.12784369488536154,0.009420855379188705,0.1358037918871252,0.08254320987654318,0.10550529100529099,0.04434281305114637,0.15466027336860672,0.05081569664902995,120.77777777777777,1.7734708322536301,3790.277777777778,340.7974289309748,2376.783698429749,332.7770058534609,2423.425635961717,6365.2534705282105,1808.1682903177948,865.3395282127442,2907.0720801128437,1526.3780733540734,"C2 central interchange, direction-balanced",4.802197890171741
703,Snaresbrook,4,10.0,0.14509999999999998,0.07980000000000001,4.4203,-0.7508,32.665,5597.055797595879,0.30739423643550534,0.429378875327249,0.12740436554180173,0.27060187999588936,0.09581637885627636,0.18457200045214717,0.06417672122074554,0.29788823123345354,0.0453569631692872,0.317146998521299,0.2133917350780668,0.18605332695632165,0.4401499443553922,0.16040499361021915,0.14283231904567636,0.09021327891850295,0.033552261798173666,0.038146460919783826,0.1699682444113096,0.038146460919783826,0.03006345545839077,0.04885294576653178,0.09105184318638691,0.13483412031759312,0.022700196215342496,0.058863682446222164,0.00683333333333333,0.04001190476190475,0.006750000000000001,0.1437301587301587,0.05409325396825395,0.09182738095238095,0.15559920634920635,0.2062301587301587,0.0546626984126984,55.5,1.6685641525860888,507.5,12.274544199205852,97.22823129669537,5.050962061430873,217.90846991567446,90.4948021488455,168.32159084352276,164.73462912869473,350.3043867811597,125.05169043095876,C4 inner-middle ring mixed,4.034240638152395
704,South Ealing,4,15.0,0.2077333333333333,0.1098,6.824133333333333,-0.5472666666666667,37.945133333333345,8518.351242159615,0.3532555704751777,0.45288175080814963,0.14778936473535875,0.3074000166549874,0.15870590480612343,0.12453836711520506,0.06696158372625924,0.29774474080590835,0.05667358873517528,0.28521065284641584,0.21735447453406548,0.21124960207705853,0.4360385186859981,0.13535740470287783,0.13576211819054856,0.09220483527718344,0.041184539798412294,0.047054967523036194,0.20177344062480831,0.047054967523036194,0.04388532444483555,0.05223100797867178,0.10565710820130086,0.1027290224555716,0.040819747703065394,0.03688684456947719,0.010555555555555556,0.14985978835978833,0.0061666666666666614,0.08543253968253968,0.08924735449735448,0.09453835978835977,0.16524470899470897,0.10681878306878305,0.07145105820105818,54.2,1.6085343075747187,633.3333333333334,15.78710818106545,305.6765824274096,21.00725156321077,214.99950219130184,263.5360800691909,317.68332258761853,613.5056067964397,304.73180217838205,228.21720631815904,C4 inner-middle ring mixed,4.01096295328305
705,Southfields,0,18.0,0.19761111111111113,0.08394444444444445,5.521166666666667,-0.9582222222222221,28.999611111111108,10676.784356769951,0.35023913281674385,0.4056810249134839,0.1221885600262992,0.3158082624919501,0.14786695429465696,0.14047756583445717,0.06811390871289198,0.32585833101601563,0.05672049263721603,0.24986443758841645,0.23393860387050613,0.23254683602315301,0.4163357045689534,0.11717885553738733,0.13629899511364071,0.08652858038011592,0.03305359806424127,0.048617240344431885,0.1798570293824221,0.048617240344431885,0.03505813852668721,0.048305029999195066,0.09649386085653971,0.12562945680526758,0.0243071885252491,0.04660595085818328,0.0,0.08749889770723103,0.010370370370370367,0.09344135802469136,0.05944113756613756,0.09840057319223985,0.14403880070546737,0.19922178130511464,0.052380952380952375,43.111111111111114,1.6567635146896413,360.55555555555554,0.0,207.85710261715897,24.844653507773806,320.8135759214166,101.93338631842299,142.6857744035988,289.2847780108472,360.0667771467748,109.69700640949208,C0 outer arrival-oriented,3.786711703350971
706,Southgate,4,13.0,0.17615384615384616,0.08600000000000001,7.720846153846155,-1.1035384615384614,24.10630769230769,6282.003193325652,0.21044578872910263,0.46240732361953285,0.13337713361279796,0.2613839225123353,0.04906029601037121,0.16915027736878094,0.04569975093002998,0.3524366213031246,0.060788137170851964,0.22527156034095627,0.23145506252504677,0.16590383468184938,0.4288483898304338,0.17379271296266985,0.1537948073169161,0.11465574772937767,0.034127035955151895,0.048885801347161105,0.20279359650523704,0.048885801347161105,0.03260682069947799,0.049685633036158756,0.12050114276960021,0.12009135500767136,0.028183095100536563,0.04371980606100417,0.008145604395604385,0.09703449328449326,0.0055357142857142775,0.04626221001220999,0.042640415140415125,0.10469627594627592,0.16594322344322343,0.10618131868131868,0.0929746642246642,60.23076923076923,1.5705298777854442,567.3076923076923,23.800006611741008,286.5318945408727,21.8155299549479,173.62890078195872,143.39848822058036,193.84945649815577,344.7959158707767,154.29905235994812,201.19315878764155,C4 inner-middle ring mixed,4.114649828382847
707,South Harrow,4,17.0,0.3264705882352942,0.12194117647058823,15.842294117647057,-0.46758823529411764,25.102117647058822,8021.88486611202,0.2919799638726608,0.5548275987662644,0.19082282130790995,0.3295745624248427,0.17461484448911085,0.42723908391595544,0.11230384256980228,0.3685237635591995,0.07199181254960578,0.23971712595759834,0.24681942087289468,0.22262470386641686,0.41169457794794906,0.11886129731273931,0.12432076850353961,0.1205547971682096,0.04578444513707259,0.05252319816389263,0.3015071116722699,0.05252319816389263,0.07134170989150382,0.0632996651675578,0.16686573661320808,0.13780954154659364,0.04229889853357782,0.03840893473177577,0.025443510737628378,0.16764005602240895,0.013291316526610617,0.10636087768440707,0.03995564892623714,0.06893557422969186,0.08171918767507001,0.19931839402427637,0.04743464052287579,48.8235294117647,1.673501605402821,401.47058823529414,88.57311027950931,299.61848441765096,16.788912036819767,188.895533413825,38.38741265845119,72.9320580576193,109.81534156629071,218.48077419399763,90.04139563218186,C4 inner-middle ring mixed,3.908487350595838
708,South Kensington,2,16.0,0.12087500000000001,0.06668750000000001,5.677875,-1.4340625,59.533,14390.329599095914,0.5380970672607601,0.4069574415469459,0.12472537464391428,0.437002012311951,0.16690682977661292,0.1264176766675018,0.039467639303566324,0.19106915027592442,0.03597822485940497,0.45599542984468977,0.18572183186978403,0.24476181462371518,0.40738923276890004,0.16212712073760058,0.14653778617507368,0.06113338250113601,0.030851990788214163,0.041710988674325586,0.15877911508709047,0.041710988674325586,0.021824822537227527,0.037444315122959725,0.09950997742690312,0.08484199909899966,0.026056241629770757,0.036247279268689515,0.012704365079365064,0.197781498015873,0.009591765873015863,0.16261036706349208,0.02427306547619046,0.11396602182539681,0.10776512896825394,0.08233829365079362,0.05397718253968251,157.6875,1.7583544735926853,3050.0,386.6719177008225,3336.7887991360276,122.92420686550064,2230.7522284236375,291.5230545847818,1556.5776026894303,1430.1276195510518,2510.561496988232,888.5903697716709,"C2 central interchange, direction-balanced",5.066936859464898
709,South Kenton,0,11.0,0.22881818181818178,0.08236363636363636,13.457545454545455,-0.8932727272727271,24.108818181818183,6059.32116218255,0.23705397639542355,0.524381859798946,0.16705874675719662,0.3227884795078233,0.08630449706548216,0.4629194368834338,0.08716021232688602,0.3637295282081908,0.05098404432818749,0.18764071679493027,0.22520321820908337,0.2528506222217484,0.3736527839307566,0.14829337563841144,0.15822980163028252,0.10423175873613638,0.035192560094890975,0.05108062989554804,0.2575904644393657,0.05108062989554804,0.04850869083854606,0.06346757710809268,0.14561419649272675,0.14442021760096646,0.036436914284339934,0.04240531185818248,0.006831955922865008,0.12477502295684112,0.0480440771349862,0.04421487603305782,0.05443526170798896,0.07240587695133147,0.1657667584940312,0.23511478420569334,0.06987603305785123,57.81818181818182,1.5690494374259942,1434.090909090909,38.58008645708456,230.64125350450675,98.0129649002604,147.44248480349327,57.510330948525805,88.56627508012626,238.427582664408,1390.3367504508528,212.24138918529178,C0 outer arrival-oriented,4.07445102170253
710,South Ruislip,0,8.0,0.18025000000000002,0.082125,8.812875,-0.6091249999999999,20.956625,4472.3333973037215,0.16443374064467947,0.4809179123377896,0.14744123262123504,0.2199732599861476,0.07845255503923426,0.24165199412555888,0.04974226389253314,0.37760237241983075,0.06165563840817904,0.21503848333753156,0.24746002732060507,0.19870258759029333,0.41732760899464744,0.13650977609445408,0.11008827380126807,0.11525142710207636,0.031086037264974338,0.03030591229794799,0.24702600053169688,0.03030591229794799,0.06854960916210637,0.049288994813517624,0.12918739655607278,0.11177299758670445,0.04420196485437872,0.0814971713299163,0.028428571428571428,0.2182440476190476,0.045539682539682526,0.0700813492063492,0.08875,0.05904960317460316,0.12434523809523809,0.0367063492063492,0.0677142857142857,64.25,1.542182852579256,793.75,71.48945441005246,497.0143989603483,46.37631648937892,133.6520097736593,84.04223371206533,65.43008089114933,128.18041407902123,37.11625994080207,59.07054968263304,C0 outer arrival-oriented,4.178226046202803
711,South Wimbledon,4,16.0,0.14206249999999998,0.0678125,3.9678125,-1.0630000000000002,31.1390625,9678.79710211184,0.38878560157938175,0.39098762738539194,0.11252833547790425,0.34007019033034,0.11025074678109542,0.14892391032535857,0.0518228188937872,0.3012455055729204,0.04873782896638595,0.2664523086767719,0.21240333144510648,0.26422294147101216,0.4157973784096039,0.10757634867427726,0.12905172669519682,0.09060962643232512,0.031004892159366436,0.04316788796275243,0.18152674794480356,0.04316788796275243,0.026071394829038794,0.057294968612897346,0.0981603845028673,0.12298535481507165,0.02677009564757099,0.04705665763020328,0.02958829365079364,0.12779960317460315,0.058657738095238096,0.0607767857142857,0.07632986111111109,0.1409474206349206,0.1356329365079365,0.06836210317460317,0.09553373015873015,90.625,1.6829929968412838,1034.375,164.6633845332824,674.758267209348,445.08897789550736,336.8969634268732,314.4702319746583,484.8034733195908,409.53179614474686,265.4565091954536,449.63838183236857,C4 inner-middle ring mixed,4.517704160206816
712,South Woodford,4,15.0,0.13566666666666669,0.07126666666666666,4.933066666666667,-1.0311333333333332,30.04213333333333,6953.835824475516,0.22961386700364078,0.43232706271821036,0.11719862493248405,0.26875409548506385,0.06050842389454099,0.27678078420477287,0.06244089527026567,0.3499239260748149,0.05147506977579122,0.2502035186310723,0.23276810871039694,0.20115441866755931,0.42604291632261887,0.14003455629942463,0.1408370395948839,0.09761064019750633,0.032921818466382445,0.04030553656021109,0.1836882125078745,0.04030553656021109,0.036295763016490463,0.04710583586271924,0.10028661362866469,0.1276175559928912,0.02601192757050189,0.05054328754361829,0.023301587301587278,0.14541931216931214,0.017686507936507924,0.08835978835978833,0.04489814814814811,0.10266269841269839,0.04988888888888888,0.1660833333333333,0.07179100529100525,68.2,1.6465586069804674,578.3333333333334,27.307084363299882,337.0440971088879,41.06441231477509,165.08432418984995,77.52194074443257,167.07541338982819,88.07513823919507,345.71924070194643,135.99415343547258,C4 inner-middle ring mixed,4.237000862623624
713,Stamford Brook,4,13.0,0.1420769230769231,0.07953846153846156,3.921615384615385,-0.7583846153846155,42.77438461538462,12612.57914425299,0.41939897518367886,0.4019636354580291,0.12388108311156026,0.325564722623942,0.1718000354188565,0.0886420049981168,0.0759772561052682,0.26349210174503046,0.045241777735835695,0.335311172188739,0.20511616505012256,0.22460918816317482,0.430469156953986,0.13980548983271648,0.14950534120496378,0.07631487078114615,0.03345606803855511,0.046892586263194765,0.17487578280146135,0.046892586263194765,0.02979671141021249,0.04470100747219462,0.10037806391905416,0.10133031545604526,0.037243182272595175,0.036640637132056925,0.049700854700854696,0.08893345543345542,0.02808608058608058,0.07500274725274723,0.07112942612942612,0.17934981684981685,0.10905677655677655,0.15970543345543348,0.09520787545787543,63.07692307692308,1.6946000244476598,961.5384615384615,223.84441098998442,433.0201235524674,173.79773109782795,400.4320788669235,244.5412608831508,519.6605321755126,379.9282101382799,350.0306855735844,2237.392461976086,C4 inner-middle ring mixed,4.160084284705306
714,Stanmore,4,8.0,0.22725,0.09625,7.7165,-0.86325,20.266,2803.263135505751,0.1901246209680772,0.4794664950470448,0.16089518161148203,0.21830596113634526,0.11469643616390782,0.38997999738837585,0.053943762705530376,0.30698833026069516,0.04096850753695549,0.2551953488761304,0.22742195722709374,0.17815726191192524,0.38439375652374136,0.21002702433723947,0.15977941555170017,0.10257691537146169,0.02635289875420975,0.029780098319640173,0.22315349655610206,0.029780098319640173,0.04087036281408635,0.0452012061984853,0.13708192754353032,0.14621893463042657,0.032342906416668926,0.03633838450427086,0.003958333333333325,0.09338293650793647,0.015952380952380937,0.08160714285714281,0.038442460317460285,0.05765873015873012,0.23833829365079362,0.19200892857142854,0.05456845238095234,71.0,1.7322454288844709,921.875,4.7958905528435585,111.46720283158027,9.516293051627086,106.80424739003587,36.902000246356124,86.1408514866346,242.71534077095424,165.99951169669504,65.87384555813469,C4 inner-middle ring mixed,4.276666119016055
715,Stepney Green,4,20.0,0.4957000000000001,0.17695,21.08975,0.6758999999999998,36.3771,22137.540436145126,0.6436876909903423,0.6345430050366538,0.29059910223393043,0.31348312653699245,0.45586757424551083,0.5217683930795813,0.07352763334234794,0.32306571047003185,0.07219753741315318,0.29226469853782067,0.2654104592740933,0.34706659738481227,0.3263628980776738,0.061160045263420525,0.08293429186330296,0.11979368926669157,0.04761952191016202,0.10087475446345777,0.24045251395666667,0.10087475446345777,0.05358005171403409,0.051433124553893,0.1354393376887395,0.12981363116240557,0.019710729348293897,0.04828905191788479,0.016571428571428567,0.18043923611111107,0.029881944444444437,0.06772916666666665,0.050705109126984116,0.06089012896825395,0.14713988095238095,0.12910813492063491,0.0913345734126984,53.65,1.6492258080542868,1545.0,57.19568259223679,766.876061423331,238.4254850695445,358.82894908383525,204.92914651160362,348.69354517465325,1698.9741587830063,3962.1241997488664,522.051539983102,C4 inner-middle ring mixed,4.000949214622548
716,Stockwell,4,22.0,0.3064090909090909,0.14454545454545456,16.199318181818185,0.2141363636363636,37.549681818181824,20577.403494128575,0.6538462693750161,0.5650325954880842,0.21509494185775724,0.2742732744459666,0.4744409169437805,0.0559824610826877,0.3190457997203775,0.23000032726953512,0.1025459968682222,0.3191858714868141,0.1869888502585636,0.36261248335763085,0.37415968602717875,0.07623898035662671,0.0958561167302502,0.11032894819130887,0.05593108915265095,0.06505133425524644,0.24957385411292973,0.06505133425524644,0.04044852658807651,0.10006345231349588,0.1090618752113573,0.14013055401970095,0.02026585652855389,0.05546099277131598,0.005298701298701295,0.13128499278499278,0.048924242424242426,0.09894300144300142,0.058781385281385275,0.044185064935064924,0.06284090909090909,0.16358621933621934,0.1658199855699856,39.13636363636363,1.7259630245300916,456.8181818181818,17.68021193390812,450.37850407241007,558.5639597505589,394.285074281981,171.91326612942822,142.00067646679048,205.6377232816064,756.4313911971204,1137.8545638554638,C4 inner-middle ring mixed,3.692282747245644
717,Stonebridge Park,4,15.0,0.4234666666666666,0.15760000000000002,32.45693333333333,-0.17053333333333331,27.406133333333333,8694.833946311554,0.3950158616102707,0.6734922565926041,0.277522679295278,0.29115922471667044,0.29979046356329964,0.40929278600096686,0.26328259822467787,0.36519612673821505,0.08192706510410032,0.22655784360865142,0.24736205763569377,0.2368888899378171,0.3931072653813293,0.12264178704515964,0.10077956838536031,0.11368782469032182,0.047940189218366194,0.058422567107364286,0.3531826416980905,0.058422567107364286,0.08561695649607924,0.07139617082058759,0.19616951438142355,0.13272368371544438,0.0807746636758409,0.03710220196844346,0.07831428571428573,0.09637142857142855,0.07203650793650794,0.063815873015873,0.024151851851851848,0.03428994708994708,0.1355343915343915,0.11557936507936507,0.14082433862433863,74.0,1.584589569608609,813.3333333333334,558.6427627946965,306.51108541028697,91.21747344443523,175.8067181436606,53.393869043590904,43.77690070320992,206.97611174481273,173.6977599532946,540.1424916980528,C4 inner-middle ring mixed,4.31748811353631
718,Charing Cross LU,1,3.0,0.133,0.08666666666666667,4.690333333333333,-0.19733333333333336,51.153999999999996,3660.27420315758,0.7026986512822911,0.39268537482609656,0.11072891206801527,0.5538249993692472,0.16664651361314756,0.2119488415562748,0.034966611496227464,0.0902336788661882,0.0200761819485893,0.49980722525176996,0.14939237290428664,0.3722274840056931,0.35609301788944087,0.1222871252005792,0.13016619395929738,0.057308304722097796,0.027563193511469335,0.06580225543112517,0.1335623929107889,0.06580225543112517,0.011493258264609401,0.0340004709223608,0.08806866372381857,0.06767082704552563,0.02047722373086003,0.11475224959710784,0.0020099005932338668,0.0433990700657367,0.0072755331088664,0.11557840307840304,0.08530824114157443,0.15983064774731437,0.010447731281064567,0.0168165784832451,0.05320747154080483,1082.6666666666667,1.8477968961063844,47000.0,167.34446560332208,4300.7687086562155,508.497985499722,12128.748993514986,9337.27565557145,13434.738236298736,705.7237215101954,1571.7336080215637,4942.706438594977,C1 central departure-oriented,6.988105631635796
719,Stratford,4,8.0,0.26275000000000004,0.104375,11.071875,0.27537500000000004,32.44175,10764.033093001912,0.7210591752784277,0.42508563990305503,0.1495050574380233,0.4631551278563417,0.27787187060470614,0.31147560315617595,0.16810435722188877,0.22107446685705862,0.08104999570504234,0.2933826957144227,0.1843005288922277,0.5081363422722072,0.2720421885148809,0.03552094032068426,0.0814933950436035,0.07822008829161863,0.044164608701745434,0.06291344792887957,0.1924466930935429,0.06291344792887957,0.03453374867987431,0.056296282141269464,0.10161666227239904,0.1137417243781344,0.02025801708236622,0.03939430872832229,0.0012499999999999877,0.18174999999999997,0.03156249999999999,0.08688541666666666,0.023322916666666662,0.05567708333333332,0.14557291666666666,0.07179166666666666,0.09060416666666665,155.125,1.7461489482305383,5587.5,20.749981365353044,3377.7103489151727,893.5691495063672,1551.8204765559872,302.4268050843405,1415.8352524040129,1927.5182135771329,1068.0261647705256,1334.7542141142455,C4 inner-middle ring mixed,5.050656968445741
720,Sudbury Hill,0,14.0,0.2837857142857143,0.10964285714285715,17.514000000000003,-0.5568571428571428,24.358285714285717,6392.994140869412,0.2594472231697596,0.5434314094617323,0.1811232977211879,0.3098444013441904,0.12357187008850766,0.403068147406808,0.10378099707778417,0.3627133482306089,0.061407166673530536,0.21719989421469577,0.23420771090173956,0.21817686208951206,0.4088655519177961,0.13874987509095202,0.14416023039187853,0.11386633242700635,0.03848804855893256,0.05135024744210704,0.30627844882699645,0.05135024744210704,0.0675793505218721,0.07139860343795272,0.1673004948671715,0.1312536682176081,0.04687901733188386,0.03831683535205111,0.010793650793650795,0.14822448979591835,0.019437074829931955,0.10228344671201813,0.05674263038548751,0.046765873015873,0.14692176870748294,0.1676689342403628,0.042357142857142836,39.142857142857146,1.6637462349744616,417.85714285714283,10.17545172601081,280.02858625604824,20.66446896000006,83.44104221381893,49.10363966521063,46.429093575133365,247.309175428977,132.5885700330196,51.096242828435216,C0 outer arrival-oriented,3.6924445202784324
721,Sudbury Town,4,13.0,0.3045384615384616,0.1056923076923077,22.092000000000002,-0.6859230769230769,24.810000000000002,8671.520735402557,0.2906341207499657,0.5817825910929737,0.2039889562642012,0.3496746175492441,0.09089309424307754,0.5023434883395956,0.10207298700375131,0.3796465549249859,0.050469262026193354,0.1932093687634004,0.2292653110340836,0.2309657088722336,0.40657978751150886,0.13318919258217388,0.12298292131341435,0.11551424872487882,0.037432912619324576,0.06393822180758015,0.34747232251552557,0.06393822180758015,0.07667144098899241,0.06950714008655465,0.20129374143997847,0.11965642662713118,0.061952856521971494,0.03731281590257397,0.01423076923076923,0.17508547008547007,0.0493162393162393,0.05260683760683761,0.07155982905982905,0.03957264957264957,0.028461538461538465,0.18497863247863253,0.0642948717948718,42.30769230769231,1.546648875267517,467.3076923076923,39.245464709567436,325.2956168751294,75.02049311023119,61.18902951984606,83.9558215062522,60.609264113578426,53.88671901582217,210.83263408202714,103.2872447438379,C4 inner-middle ring mixed,3.7683302706781534
723,Swiss Cottage,4,12.0,0.1665,0.09241666666666665,7.485833333333335,-0.5981666666666666,35.181916666666666,13357.582909668736,0.5638644752911189,0.45657162437558313,0.14940828395443753,0.440771904956792,0.19570017013738558,0.1792685830433752,0.06457275083108842,0.2689424129591564,0.05571701109893861,0.3775677479513,0.21716072875195103,0.24840518197513708,0.4105724768506809,0.12386161242223089,0.15176537090210854,0.06864938368414755,0.03282895538000919,0.04362682362094659,0.14911242194354538,0.04362682362094659,0.02067462768134106,0.03279487790935314,0.09564291635285105,0.10485000733869404,0.02589839069936419,0.028191628630925086,0.0,0.11759060846560847,0.004666666666666667,0.11489120370370372,0.052417328042328036,0.08099470899470898,0.14373677248677247,0.17204265873015875,0.05485780423280421,61.666666666666664,1.7164710191388564,708.3333333333334,0.0,497.62432296113707,23.046675266218326,586.270464483798,309.8764976994982,444.4914205140756,600.810501078924,1153.541355678549,337.8800548282778,C4 inner-middle ring mixed,4.137829674161839
724,Temple,1,5.0,0.14740000000000003,0.09259999999999999,7.6634,0.08299999999999999,48.3136,6540.991897419615,0.7755093494561625,0.42628962475847326,0.13314404442700406,0.49467676735641464,0.2759007297298414,0.20882661189429785,0.0726111308154085,0.09094554548954198,0.0255690230406788,0.5199214387347896,0.13234630564345634,0.3853526999184065,0.3716745337980412,0.11062646064009587,0.12376069449470747,0.051706023856668615,0.03542644767180634,0.05522673459732499,0.12962449971542084,0.05522673459732499,0.0156563975111534,0.03471758390511574,0.07925051829915156,0.09141987125905673,0.02277783332760942,0.044574680774777525,0.00551013065356422,0.04312056367045358,0.06116544757924064,0.09424346546907071,0.1358736410324818,0.22106845972564973,0.11467288438308243,0.01899494578951656,0.08099932561121112,1037.0,1.7663373729543728,56400.0,859.0037602227956,5563.846714496272,8807.636164357484,10361.059025194207,20037.429642830793,34500.262134725774,7307.88686178776,3087.7292239302915,10984.15441860868,C1 central departure-oriented,6.945051063725834
725,Theydon Bois,0,,,,,,,,,,,,,,,,,,,,,,,,,,,,,,,,,,,,,,,,,,,,,,,,,,,,,,,C0 outer arrival-oriented,
726,Tooting Bec,4,21.0,0.17028571428571426,0.08847619047619049,4.8478095238095245,-0.49561904761904757,38.89004761904761,14091.69254140232,0.45745203568294146,0.4125070917180346,0.13919182261677263,0.364165294767742,0.14893384835495102,0.14991824431925943,0.08035584867565311,0.2363728640743473,0.04942623019063634,0.2837314335233852,0.17664527278903291,0.36191076254858245,0.357697770352943,0.10374619430944154,0.11173140199364669,0.07141129945024642,0.03029427567309614,0.037696467516759626,0.16249515160408498,0.037696467516759626,0.022594244799243265,0.05011844166732077,0.08978246513752086,0.12346048351561503,0.02170130284967355,0.054274632180394425,0.003741496598639448,0.09068783068783066,0.004761904761904752,0.10359410430839,0.06667989417989416,0.18302815570672712,0.060683106575963694,0.1624348072562358,0.059638133030990165,50.714285714285715,1.543419728164171,507.85714285714283,22.942065671518495,305.73457056919716,12.458819491238287,309.6789825509322,118.93294299322638,331.7072345221432,220.98790947963442,571.1638022751065,194.27678543587368,C4 inner-middle ring mixed,3.9457340627704576
727,Tooting Broadway,4,18.0,0.2752777777777778,0.11822222222222223,11.040555555555555,-0.09188888888888887,38.65544444444444,14687.48449923305,0.5192716450916429,0.49419699707707654,0.18530675386844503,0.41137548603512053,0.1918536506592282,0.2201930409856535,0.11970386309271233,0.2534123496961407,0.07519775852686908,0.26402798158013785,0.1902800223974006,0.36548353851278104,0.35296395735632796,0.09127248173349028,0.11218514553210628,0.09112899642196619,0.035606228785267334,0.05588155852168711,0.2109057342402637,0.05588155852168711,0.03220732653482401,0.06453965894477791,0.11415874876066168,0.16101034896823493,0.0203900230043899,0.05334858824793958,0.0190024250440917,0.1743496472663139,0.007654320987654312,0.07787367724867723,0.029461805555555547,0.09870370370370368,0.0960648148148148,0.16857253086419752,0.048959986772486766,72.55555555555556,1.594074847085893,1249.7222222222222,46.81809323079957,720.6949065351957,40.346444316667736,443.4449236146636,51.33804988736298,309.961762341673,438.70279658588777,2490.6904631909347,219.38384240120115,C4 inner-middle ring mixed,4.298040978600789
728,Tottenham Court Road,1,6.0,0.17500000000000002,0.10616666666666667,9.827333333333334,0.0105,59.524,7870.702427220674,0.8142357272536817,0.5168555644949926,0.1708380132141921,0.46116483045411855,0.3116444829216609,0.2152445890324205,0.05500421089481042,0.09787487615975028,0.029959208079947414,0.5323868608829443,0.13140497937440448,0.4062417966840181,0.3613450678700829,0.10100815607149434,0.11059599688117165,0.06206615820717443,0.03065138963649303,0.06699320197541143,0.14422761874471163,0.06699320197541143,0.020593335394228886,0.02801657783730438,0.09561770551317827,0.13968873779813337,0.023725687510032983,0.036741242097140143,0.006915590152551485,0.09628693033767416,0.0049688878722736005,0.1145910643591474,0.16881151231634298,0.1918937441519948,0.10028193677047985,0.01798434067072915,0.0909274057138711,1213.8333333333333,1.6993889850656487,36500.0,1212.9760622098315,12905.446781208835,707.222426207486,14003.709634584136,23682.34931909121,25339.55501281477,8424.423287243866,2473.617339020299,14156.181140459661,C1 central departure-oriented,7.102362172154158
729,Tottenham Hale LU,3,13.0,0.415076923076923,0.1633846153846154,27.548384615384617,0.037615384615384634,34.22761538461538,10552.07686090798,0.5607307300700606,0.5971624829932307,0.24095845376076125,0.34163062748774176,0.29679517441422526,0.1170870199290685,0.24023285329450508,0.3561120636991947,0.11087738469229855,0.27176331475646187,0.26094263873411977,0.2738355801956119,0.3912972435225767,0.07392453754769146,0.1284782576606481,0.1367896767831044,0.04878965831078834,0.07346577499289293,0.2687233837650984,0.07346577499289293,0.047433042840249746,0.09519787285322387,0.12609246807162472,0.12899023299839446,0.03159202617187841,0.04645687689520485,0.05604273504273504,0.1774664224664225,0.06632478632478632,0.05829426129426129,0.03326739926739925,0.05262881562881562,0.1353992673992674,0.07934676434676434,0.033931623931623925,74.0,1.7154817197337948,869.2307692307693,146.73413586999115,573.1397694463625,361.83395621072145,193.81597006180561,57.508887556953354,168.92201610070782,405.89524167243906,374.3733015264398,151.78368218657636,"C3 late-night, extended-duration persistent",4.31748811353631
730,Totteridge & Whetstone,0,11.0,0.13481818181818178,0.07100000000000001,3.583272727272727,-1.318818181818182,19.875454545454545,4209.454979075035,0.16636453363974668,0.38753790872250105,0.10169355832879902,0.21964282391341136,0.04614150766715148,0.19958219445611938,0.03452090047546428,0.30555261413141727,0.041243118053341736,0.23609553979378353,0.21661778814675417,0.16448825252477658,0.40951527917935054,0.20937868014911853,0.15344235478751928,0.0970311848929717,0.028845781123032665,0.03710801719675813,0.17412155787567923,0.03710801719675813,0.023025521165791787,0.0425022336104492,0.10859380309943814,0.1351454650452031,0.03395349673183338,0.03335211840504523,0.0063030303030303,0.12425108225108224,0.010748917748917737,0.06725108225108224,0.050220779220779194,0.11567099567099565,0.13176406926406925,0.16970129870129866,0.052090909090909084,66.45454545454545,1.731265444407523,550.0,7.578014126212207,228.8250125954839,22.8219884104375,134.03244010009297,60.38246361199459,229.96791750963564,200.99002608136317,258.081727082038,350.8733519476848,C0 outer arrival-oriented,4.21145397036901
731,Tower Hill,2,7.0,0.12371428571428573,0.06457142857142857,6.750714285714286,-0.2562857142857143,39.908428571428566,12135.563225518152,0.7178724335375823,0.4026496163605931,0.11912309984395411,0.5085140121027579,0.23558388740419517,0.17836462745252166,0.0721401172976746,0.12191233410505087,0.033468325764840344,0.42744907275959737,0.11050266042109322,0.439577647709066,0.3818419544042805,0.06807773746556015,0.09910182009576039,0.06028978813342577,0.03769905392642224,0.047057913263667296,0.1472229343028411,0.047057913263667296,0.020212818574785903,0.05238372577183665,0.07462638995621847,0.08260380845629525,0.016993627952245075,0.04141491339396187,0.015638239938517286,0.03152779278819499,0.014936553468106828,0.08414008321775311,0.12911103831058754,0.2143831719213134,0.032492212345367644,0.027488002924029243,0.20284388990959723,1026.857142857143,1.7007081655970084,70978.57142857143,709.6958544403955,2360.592147661767,1121.1003724524066,5341.791626922307,12516.621256423461,30600.224490356824,1633.5060864525533,2332.4423709252296,31711.235424667084,"C2 central interchange, direction-balanced",6.935231470266155
733,Tufnell Park,3,16.0,0.24512499999999998,0.14218750000000002,7.6919375,0.08612500000000002,39.228562499999995,17385.963738667524,0.5705275499142743,0.5010401396773221,0.19282811458896434,0.2643476428403557,0.3457291701796006,0.07602670683056251,0.09073529032561979,0.2370443933523938,0.06960293914327005,0.3554086847374669,0.1944272661120233,0.27652266953228427,0.39816276756426716,0.1308872967914252,0.15181842468162193,0.08126671178680725,0.042447577714562576,0.04097793921866677,0.14757357860250653,0.04097793921866677,0.02589207557083839,0.03723064115656522,0.08445086187510281,0.13160358548650336,0.02322101566272225,0.04964766703860688,0.004640873015873013,0.10709920634920632,0.04018253968253967,0.11153769841269841,0.09887748015873012,0.1145034722222222,0.12341765873015872,0.06605456349206346,0.052157738095238076,48.5625,1.67143301182036,570.9375,16.825713871183343,259.39299762241694,118.36104891172013,498.59310541309804,457.27043263499695,432.1285911164283,424.84882026568755,391.26451726567757,213.16688410716753,"C3 late-night, extended-duration persistent",3.903234499395067
734,Turnham Green,4,14.0,0.12292857142857143,0.06942857142857142,2.9497142857142857,-1.2144285714285716,44.40978571428572,11388.865672536045,0.36935273483438474,0.36853173791717786,0.10084489180193211,0.30326678952678726,0.13554596890263046,0.08377819229026592,0.05626828578163761,0.2828691392071304,0.04236392654239084,0.317154217749312,0.21522577535817908,0.19604448262956867,0.44026796770107285,0.1484617743111792,0.15095795491665434,0.0753621270850786,0.031911536227601324,0.04277334268857142,0.17002963303944418,0.04277334268857142,0.02953026882738888,0.04661216228520039,0.09388720192685482,0.09378741713984025,0.04431486519870248,0.03334461811035127,0.049365079365079355,0.09246201814058955,0.029022108843537404,0.08267261904761904,0.07590702947845804,0.1828798185941043,0.10682823129251702,0.14008361678004536,0.046712301587301566,71.78571428571429,1.6623172075263708,566.0714285714286,214.21576197750468,372.6588440967518,136.06544314863294,417.6493104570846,233.91778512239625,476.99276078837727,264.90108972757946,311.5782498789582,150.97265410772772,C4 inner-middle ring mixed,4.287519703607466
735,Turnpike Lane,4,22.0,0.3370454545454545,0.15622727272727271,19.4685,-0.004772727272727275,39.46336363636363,13823.757890098086,0.5905204626227387,0.5759856478971052,0.2355174714615935,0.4199979866346958,0.20841321534261317,0.11137293026806235,0.13737734365971163,0.26253665873688736,0.07633117713114777,0.3041704543652205,0.18905977837827123,0.29697898788308724,0.4212040858418245,0.09275714789681687,0.1442744371234765,0.11757131643724962,0.051382747363161056,0.09339261239722535,0.2350007372442457,0.09339261239722535,0.03638271047402504,0.07037447974530815,0.12824354702491234,0.11841027878112032,0.026687006392244143,0.041017137550924426,0.018024531024531013,0.17242893217893218,0.03412987012987013,0.1191634199134199,0.06596031746031744,0.06837085137085135,0.12297474747474747,0.0876096681096681,0.0427186147186147,61.04545454545455,1.5571718784890776,440.90909090909093,75.80276714030278,1007.8831328460809,124.17153396908965,468.82746285311987,147.03422757049222,162.43849599679348,306.91535552561413,239.90648551785745,107.59167674740101,C4 inner-middle ring mixed,4.127867254260744
736,Upminster,0,8.0,0.061,0.046125,5.549875,-1.50275,15.3605,2787.75358313193,0.13714097666909358,0.4251508880146246,0.10143307935386109,0.1079669039121291,0.01768084961032879,0.05106949060501881,0.022013628598810123,0.3073288887304365,0.03632663105197676,0.23330959322090383,0.22693061158374053,0.1373854725779867,0.4006811769316655,0.23500273890660717,0.09760332468456355,0.10926608822542913,0.01958491124205755,0.023293258859002162,0.17287289731626332,0.023293258859002162,0.040809473967415216,0.04423925116248305,0.08782417218636496,0.09278282151790379,0.03313507128529844,0.0582789390280478,0.013214285714285713,0.10162698412698411,0.0758531746031746,0.047708333333333325,0.024484126984126976,0.1458531746031746,0.13763888888888887,0.1589583333333333,0.04766865079365077,72.625,1.566534615882687,537.5,3.010362046662454,202.238337608316,112.06430891789186,95.69617106254755,14.78460587119623,67.04463849403209,169.10118727199372,83.25389920658324,49.605592261593735,C0 outer arrival-oriented,4.29898464197175
737,Upminster Bridge,0,12.0,0.10941666666666666,0.07683333333333335,10.15475,-0.868,17.009833333333333,4048.3956810018803,0.17537216032097394,0.49048021003182124,0.14271171279388636,0.13562466957349487,0.0586038479654435,0.0757076355387415,0.03626663387211601,0.28677600187842095,0.04811139351948935,0.2521549464221769,0.2094790975796306,0.16879940646835664,0.38971111719107493,0.2320103787609377,0.10670520121638223,0.1137652830052351,0.024221918243712576,0.031576825219299824,0.20425466113891633,0.031576825219299824,0.04847716705658486,0.04981543888567173,0.10596205519665967,0.1127829012498973,0.03833586425418261,0.05875673013912531,0.012328042328042318,0.08830687830687829,0.025244708994708983,0.08042989417989418,0.024050925925925892,0.058356481481481454,0.17353174603174604,0.13113425925925926,0.12351851851851849,79.58333333333333,1.6136007065668663,791.6666666666666,8.16269743776996,205.50715539718672,44.243598287136564,178.15298512052962,17.633887125430732,94.62935303922696,218.9881792182289,106.24901845100148,1026.8683792965073,C0 outer arrival-oriented,4.389291845665294
738,Upney,0,17.0,0.355,0.1535294117647059,25.295176470588235,0.09264705882352942,30.504176470588238,8627.669943857381,0.32704625941204696,0.6325433185215548,0.25117881513669316,0.2438319012467651,0.2480123113575999,0.38828340106754744,0.1680834434580008,0.4669476156601404,0.11059950307242675,0.21493659664043363,0.30737172414766584,0.21837591926725777,0.38575102981038595,0.08850132677469029,0.12406843168201928,0.12597336701757214,0.044569058594625156,0.06017831367470377,0.304210189022835,0.06017831367470377,0.08284835689609579,0.07983610730161574,0.14152572482512332,0.1454586185916128,0.028243369637959273,0.0559216062064033,0.009537815126050411,0.16762371615312788,0.09089635854341736,0.04770308123249297,0.018459383753501396,0.03240896358543416,0.15588235294117647,0.09959850606909429,0.03747899159663864,40.588235294117645,1.5409862797878282,345.5882352941176,15.010419375849711,185.49254595151697,105.8173576772477,53.01695934371002,15.312799325837245,27.13633771828628,304.2030523978816,99.01238813222484,48.868067687050115,C0 outer arrival-oriented,3.7278173218403565
739,Upton Park,4,27.0,0.397037037037037,0.13870370370370372,29.349259259259263,-0.16637037037037034,40.00166666666667,21501.857038365044,0.4835173820477461,0.6827051663665025,0.29893186930259463,0.391651790790583,0.21898872289042592,0.6056068986867408,0.13187579077314993,0.46106597681504946,0.06927840341666265,0.19500715311258118,0.2891278779987949,0.25594796777618095,0.37476250022115803,0.08016165400386607,0.11547699065234245,0.13349888700434176,0.049725806679370384,0.08639488885428877,0.3458768301605686,0.08639488885428877,0.07195236540411515,0.09032956154106069,0.18359490321539262,0.11569212867458462,0.028002585036747345,0.04435705804359587,0.016213991769547312,0.21258671369782475,0.014091710758377408,0.08804820693709582,0.025943562610229252,0.029920634920634903,0.20976484420928865,0.07226925338036447,0.10072604350382125,47.851851851851855,1.4181275660855865,317.5925925925926,43.237451209788816,743.0014792445318,42.53437400699072,299.5096844656281,78.49406090108134,113.90492020827334,551.4761956032037,203.315910215198,308.49481034370154,C4 inner-middle ring mixed,3.8887922867129854
740,Uxbridge,4,10.0,0.2344,0.11520000000000001,12.276800000000001,-0.1415,24.523400000000002,5659.73242361856,0.28842228841947704,0.4813089091961139,0.1721273555563262,0.3139208066331889,0.184618627188296,0.2664499019128265,0.0660023525226313,0.3364354136391693,0.06840006705517754,0.29763120985098596,0.24612805713383207,0.25565729608378346,0.3945458953847496,0.10366875139763465,0.09987212033619168,0.09655310788193756,0.039341440405243164,0.049154580699899954,0.25114985643139554,0.049154580699899954,0.07374621368571636,0.054621009066207746,0.12278263367947131,0.13419004862993777,0.05458974298083079,0.05514245975567865,0.06825757575757577,0.16867067099567096,0.02093037518037515,0.04472878787878787,0.04367225829725828,0.0838402958152958,0.17259704184704183,0.05049430014430012,0.11288185425685422,114.8,1.7049274791061038,3067.5,901.5522574252989,1009.1749783130721,319.1606162601848,519.0969246249058,286.66136552606685,1008.1228472122845,428.0608054919236,431.0272192563102,1820.4649975149975,C4 inner-middle ring mixed,4.751864565138895
7401,Harringay Green Lanes,2,16.0,0.271,0.13437500000000002,11.6491875,-0.138625,41.9540625,13002.875972879174,0.579211057764157,0.5487197122734069,0.2183083744877934,0.4102924921644949,0.1742192392975344,0.0777887283435407,0.10972923329352248,0.24583606585054557,0.05523484569311533,0.301980558468615,0.17475502119007408,0.31491933808572126,0.41803345782051066,0.09229218290369387,0.15579584954712086,0.11023131203147252,0.04968523830439576,0.08154461126508186,0.19777355610905858,0.08154461126508186,0.024050962752906864,0.06339091478303266,0.11033167857311897,0.11417116298529278,0.02916650328944779,0.04285740082967324,0.01750992063492061,0.1999330357142857,0.020659722222222215,0.12907986111111108,0.07853918650793648,0.08965773809523807,0.09443948412698412,0.09374503968253967,0.05990079365079363,49.75,1.5856121312283318,521.875,66.56938112673753,714.0565564988367,55.90753372477153,525.7903375853815,121.67119332021399,196.83381027816387,191.2795846856751,503.640925571694,126.3074527318144,"C2 central interchange, direction-balanced",3.926911617921897
7402,Leyton Midland Road,0,23.0,0.31469565217391304,0.1446521739130435,17.63478260869565,0.006695652173913047,39.41352173913043,13202.809191660912,0.4763191470952779,0.5796584097980255,0.2312544193572788,0.325437101514016,0.23002484022194442,0.2600627635840854,0.1709401865503816,0.3529779860875693,0.0827639269868818,0.25917981502820153,0.24744396047250627,0.2545543487866896,0.40836910738343574,0.08963258335736822,0.14254724108630643,0.11143403040266749,0.04900754618450502,0.07112023362683748,0.2474877410853346,0.07112023362683748,0.049475777210733464,0.07474901850413752,0.12326294537046359,0.1334197405204629,0.028476445573173352,0.05019113538798916,0.03905797101449275,0.17640027605244993,0.05355762594893029,0.08904106280193233,0.025405452035886792,0.03710697032436162,0.13180986887508625,0.17611801242236022,0.06842581090407177,50.30434782608695,1.6952216169667567,607.6086956521739,82.74019154573763,486.35487540582363,171.82178947985682,228.77976344670714,56.5259653793297,102.29382721401316,304.4276012220436,998.2086677102207,223.31092275479853,C0 outer arrival-oriented,3.937775501530561
7403,Leytonstone High Road,2,14.0,0.27635714285714286,0.12985714285714284,15.440214285714287,-0.0930714285714286,35.522,14124.008257120953,0.45667662559745864,0.5549964794987151,0.21835166937238323,0.30600951171639756,0.23064083986410353,0.18720859979548518,0.15904885578249114,0.343280465638352,0.0794706937282322,0.2560202254817597,0.2315372598417956,0.25324101506747404,0.42033029386068865,0.09489143123004154,0.15248657239474,0.11393395223941012,0.04652372882787232,0.06804296889586833,0.23242698242146836,0.06804296889586833,0.04373215193100003,0.07345137034305223,0.11524346014741603,0.12070333043225188,0.028021076490633713,0.046996341580239125,0.029841269841269828,0.15723356009070288,0.014126984126984115,0.0724829931972789,0.0397392290249433,0.07725623582766437,0.09875283446712016,0.16048752834467117,0.07642857142857142,44.357142857142854,1.721118602668149,244.64285714285714,41.12770725733297,282.94656330477596,28.066974260141837,129.33387033672471,42.59329834969373,118.97817002998104,223.9285761271686,245.39792594022467,166.9883941929946,"C2 central interchange, direction-balanced",3.814567669277433
7404,South Tottenham,2,14.0,0.6434285714285715,0.19414285714285712,38.251357142857145,0.4160714285714286,38.07485714285714,16486.217623193872,0.5656624447393608,0.6560424166374698,0.26421254369463476,0.4180628776010595,0.28927401891239785,0.07040213869440451,0.192794959232979,0.3772232865594431,0.09540238733901271,0.27004518605826344,0.33009432471104005,0.23468992973591765,0.3511172203642755,0.0840985251887667,0.11802662062037857,0.21736765411740963,0.04880283693800621,0.06545978791015053,0.2772172745726699,0.06545978791015053,0.04030329572572989,0.10074187620068246,0.1361721026462575,0.1233046981267406,0.026169359425391562,0.035133662688784706,0.03580498866213149,0.1673384353741496,0.07488662131519272,0.04447278911564622,0.013656462585034007,0.03895124716553285,0.12178571428571427,0.12196712018140586,0.07731859410430837,47.357142857142854,1.729207421256636,592.8571428571429,188.26466089962224,768.4383026955766,261.0878137474879,154.62272468542673,72.02133186823035,186.0687069616966,511.1468943009214,388.1376480554786,299.661154359564,"C2 central interchange, direction-balanced",3.878613943297016
7406,Crouch Hill,2,20.0,0.2988,0.16165000000000002,10.816550000000001,0.1492,35.39295,13213.125673805514,0.5817626889461203,0.5151846979306842,0.20513596748266547,0.2966278643368856,0.33678842764646555,0.0630738066982802,0.13315956550530292,0.23576684979840845,0.07259629584726665,0.358047258279398,0.19381367159761947,0.2931493634991637,0.41000254571546746,0.10303441918774918,0.13650706151276532,0.09678055916027926,0.04350129277921056,0.05146888647510563,0.16508052454105987,0.05146888647510563,0.025962755473928772,0.04438697708187313,0.09473079198525786,0.13416303625526013,0.021499983838567473,0.047312347983442714,0.00783333333333333,0.09262103174603173,0.012916666666666665,0.06500595238095236,0.09133928571428569,0.11926587301587296,0.13351587301587303,0.18957738095238094,0.043160714285714274,38.25,1.6788842240772186,263.75,27.012037451543392,245.55180269569004,43.10902546968941,192.35964268543466,153.3991884830624,251.8119966394779,241.72117343434957,465.2821671188091,82.14370303429494,"C2 central interchange, direction-balanced",3.6699514442284173
7407,Walthamstow Queen's Road,2,10.0,0.3365,0.14350000000000002,17.457,-0.0633,38.35189999999999,13646.450306570681,0.5250660229688875,0.5561539025400062,0.22047440976941696,0.357565132252733,0.19916750597149,0.2861519570263408,0.12073522532235234,0.33065194885712257,0.0727172898056723,0.25318906029630595,0.2333918893209687,0.26761809273003945,0.41708634686699836,0.08190367108199338,0.1458326075740214,0.11299476416474771,0.05130854424143895,0.061807011601218834,0.24086787896675252,0.061807011601218834,0.04156104537560183,0.0679226115925205,0.13138422199863004,0.12038474146643123,0.03630539263009081,0.05169651307090876,0.03230158730158728,0.20075396825396824,0.0083253968253968,0.0964365079365079,0.04253174603174601,0.059595238095238055,0.13027777777777777,0.0969206349206349,0.05208730158730157,102.6,1.6721242848336701,642.5,93.27694481235221,951.5822371090693,40.96704538548805,464.9804530038891,111.65896716730224,185.11267842082654,306.2516103054297,315.77004303660516,176.27723335109806,"C2 central interchange, direction-balanced",4.640537329825382
7408,Wanstead Park,2,14.0,0.2929285714285714,0.12714285714285714,15.979714285714284,-0.1959285714285714,36.62542857142858,10618.345676995745,0.404155360983147,0.5481991263905864,0.2051360215984907,0.29481074654077233,0.20554784641619545,0.28122823973713457,0.16642011267409065,0.3567178906391999,0.07076471233447672,0.24499225991298,0.24635910013677975,0.23477961911556822,0.4127509314913763,0.10611034925627547,0.14813821259708645,0.11416363577932277,0.0487933850513994,0.0684816700964877,0.2400065752448985,0.0684816700964877,0.04612347529819228,0.07611430436411788,0.11776879558258825,0.12808104859587896,0.02495435511489345,0.05104423386577832,0.033928571428571426,0.12872448979591836,0.012499999999999987,0.09074829931972787,0.05333333333333333,0.0669047619047619,0.15540816326530613,0.10646258503401358,0.11037414965986393,36.07142857142857,1.6370135245758788,235.71428571428572,25.209195456126217,214.91962275829192,18.768757567349418,137.18326865679006,71.74692190403759,60.72154224553085,330.6014647801532,123.3361207377318,163.69659095842079,"C2 central interchange, direction-balanced",3.61284655355063
741,Victoria LU,2,10.0,0.11450000000000002,0.06839999999999999,7.267,-0.9413999999999998,54.939699999999995,9744.593686668777,0.5966724361247218,0.3665463095492972,0.09787506767614834,0.4701614854525745,0.14430371393211525,0.13589233572235346,0.042165442244762256,0.15817598446349443,0.03551121265983372,0.4395543435595319,0.1559166878678273,0.29148934334321036,0.4029546017038019,0.1496393670851603,0.13757642677056875,0.05929538760474277,0.02399851509648637,0.052758245110959744,0.14899126395512538,0.052758245110959744,0.018625948847151817,0.04100801021106012,0.08935730489691332,0.07492590266347156,0.02027926876671142,0.07862885825946836,0.00573095238095236,0.0680638167388167,0.00831800144300143,0.13243023088023084,0.12783715728715728,0.22589956709956707,0.02711562049062046,0.03742153679653678,0.08706500721500718,390.0,1.8057050125114333,20520.0,127.00665989041502,3762.247091599659,601.0704117524499,4514.114163416437,12499.259206792165,16194.028492707304,834.3356448128503,2417.2641678281434,4609.974301999179,"C2 central interchange, direction-balanced",5.968707559985366
742,Walthamstow Central,4,16.0,0.3115,0.1393125,14.272499999999999,-0.08687500000000001,38.8895,14831.955960675441,0.5201465346201879,0.5419188056553597,0.21122409039438644,0.3529662256284232,0.1965498281632595,0.22662827232653815,0.12473394308241462,0.32855178043827926,0.0753745415299171,0.26926546449818967,0.2330683591879507,0.2617806896705805,0.41969409720351114,0.08545685393795757,0.1525902281726147,0.10828150297356402,0.05066170186149823,0.058858436378379744,0.2198238049559493,0.058858436378379744,0.039106709608125824,0.06147570957264206,0.11924138577518131,0.11774205663784776,0.03244620609977851,0.05359271580194891,0.0237673611111111,0.16206597222222222,0.028888888888888877,0.10942708333333333,0.04276041666666666,0.08427083333333331,0.08694444444444444,0.12461805555555554,0.04225694444444442,81.25,1.7865411810677316,509.375,59.96932163761703,645.6856702829389,83.69605330078548,405.7520310244999,128.9254951318714,230.70538795595547,257.33763172031115,340.0839834199208,141.35908656491523,C4 inner-middle ring mixed,4.409763389645481
743,Wanstead,4,9.0,0.11533333333333334,0.06744444444444445,3.387555555555556,-0.8871111111111111,34.38211111111111,5254.568996455163,0.2741931106297304,0.41256044720524526,0.10653179512245098,0.23619588426901572,0.07862787264148115,0.19258857584582717,0.054797907264815,0.2999580168712705,0.04058181366772909,0.27100182098823083,0.21509300056003924,0.18859041575570215,0.4296227023289365,0.16669388135532198,0.13848070708803445,0.09216780225261392,0.028196004222619378,0.03791043558311685,0.1658421735691279,0.03791043558311685,0.03000393344752841,0.04529884991196001,0.09053939020963939,0.1261400972022115,0.023853314534878153,0.05804898608375023,0.02388888888888889,0.0705379188712522,0.04083333333333334,0.09541005291005288,0.06064373897707229,0.11503968253968251,0.1254805996472663,0.12340388007054674,0.0615079365079365,70.22222222222223,1.692811699816752,630.5555555555555,11.296276083289209,245.72619236636123,154.20755533851585,258.9341162728002,100.5563356157198,242.12385686740637,114.96014378027793,334.7639269641033,184.91441211791405,C4 inner-middle ring mixed,4.265804879584451
745,Warren Street,2,7.0,0.2895714285714286,0.13414285714285715,18.187142857142856,0.27185714285714285,45.95128571428571,23752.731336945137,0.7359982008889325,0.6005750612495205,0.2456129496575182,0.36001054711214187,0.43119922528933063,0.28712812252922415,0.10391561570708792,0.20485875326317032,0.06529262629737669,0.4220794920971064,0.2534191943533251,0.33977506931994456,0.30989285214069995,0.09691288418603032,0.08996910595463019,0.07155818872187582,0.041077338222260805,0.07110183233417491,0.20750749013982853,0.07110183233417491,0.04567351350455094,0.04592186114844219,0.11591211548683523,0.13316643042254034,0.024392154302047213,0.04685445324129896,0.006928328516157157,0.034362272768344825,0.033547815020436286,0.11122631359484163,0.08952716081545031,0.15296134876237882,0.07300866827669482,0.19490192215693702,0.056360960317655855,247.71428571428572,1.6062500267402655,13467.857142857143,527.1845538429667,1879.3625380446972,781.6136746221607,4438.062129624654,8967.049329928097,13454.522224721275,6769.272932810457,6137.581761042237,4525.334850919348,"C2 central interchange, direction-balanced",5.5163047907128755
746,Warwick Avenue,4,16.0,0.2953125,0.1416875,11.571000000000002,-0.147125,43.3166875,20624.32528226501,0.6325909625673505,0.523402587436765,0.2221246257925636,0.4019084296240488,0.30015748098854583,0.14209667611369678,0.0789219943028153,0.22724310381115348,0.06058104748339,0.3718038138281262,0.1810461853838154,0.2943729970040806,0.4038663457457935,0.12071447186631035,0.11971281726651745,0.0814298655693947,0.038428492412395585,0.06155667131739465,0.18763794546850948,0.06155667131739465,0.030373571624046254,0.04041119304442331,0.11685318080003985,0.10445204155558968,0.027799626329672665,0.02862379822805025,0.007159722222222212,0.089375,0.049166666666666664,0.0986490575396825,0.09453968253968253,0.08840699404761904,0.09009920634920635,0.1299236111111111,0.03671329365079362,49.0,1.7492166048664068,1432.8125,50.856011944042834,590.9518937763177,467.40449000093747,732.700252551538,1831.628820184674,1361.5159701098187,926.292346111136,1099.0804175041014,625.3692982256482,C4 inner-middle ring mixed,3.912023005428146
7467,Woodgrange Park,2,18.0,0.42000000000000004,0.1487777777777778,30.852777777777785,-0.05194444444444443,41.6905,17626.05514545149,0.43981026829587216,0.6767144238583441,0.28945325949773926,0.41075776349481913,0.1600019782255777,0.645990021083561,0.11391205844330798,0.4756210418981953,0.07385278155281888,0.17333128373974663,0.29064307568685055,0.2450524608934931,0.3778437179147934,0.08646074550486287,0.11008499491993273,0.14123062836261735,0.046749327108285055,0.08647762783170249,0.35386294406669766,0.08647762783170249,0.079342987077863,0.08454912296452516,0.18997083402430942,0.11416810259076914,0.029181453400719537,0.05204095510861413,0.027913580246913577,0.17869708994708994,0.031507936507936506,0.08281040564373897,0.019977072310405627,0.048386684303350955,0.16376543209876543,0.08401014109347442,0.07976631393298059,51.22222222222222,1.4799172840074366,362.5,161.75251172668993,516.5226703584178,64.18399800899662,318.3018667197067,43.98841001770196,149.83276805947813,566.302346638511,207.39950007934254,250.1986138214455,"C2 central interchange, direction-balanced",3.9555081173678848
747,Waterloo LU,2,4.0,0.15599999999999997,0.08875000000000001,11.090250000000001,0.14750000000000002,39.24875,11373.272231315055,0.7243481912445033,0.44654068037032496,0.13929400846687673,0.4437603582570756,0.3441835689818049,0.2050551012698631,0.13163565788004272,0.13644084791924266,0.04609781724694757,0.41078179707134743,0.18893098867351382,0.41276070999389614,0.3063855523490233,0.09192274898356657,0.07981053241880257,0.05632936379761082,0.03363087498807407,0.0509600123248805,0.16314598769570912,0.0509600123248805,0.02273912320115775,0.05218288729955147,0.08822397719499975,0.14456243028735863,0.024844180002918728,0.06057388833218445,0.0064141414141414,0.0436887626262626,0.019263888888888876,0.10962752525252523,0.07081628787878785,0.08312058080808078,0.10912878787878784,0.16139772727272722,0.1484924242424242,211.5,1.889297403006616,12375.0,369.3274256233358,2584.3714971728073,1081.9620911492784,5667.640429863255,3868.941540207283,4276.672672757283,3748.635713263987,10555.876600865966,7717.198006979309,"C2 central interchange, direction-balanced",5.358941988364472
7473,Emerson Park,0,12.0,0.10933333333333332,0.07483333333333332,10.595,-0.8034166666666667,15.718083333333334,4116.964890655576,0.16582259118524575,0.4980687462303213,0.14939244328046583,0.12109221182736661,0.06962588901163312,0.13964972455177596,0.03845148113799048,0.2823531971666002,0.04594894462651544,0.2514874387636302,0.20162233330446092,0.17172087959673996,0.3843710643428881,0.24228572275591098,0.11608684391158726,0.11494733582889068,0.024731312130468322,0.029583522997117986,0.21609130632077714,0.029583522997117986,0.048185148180109126,0.05192365364028176,0.1159825045003862,0.12729685730425508,0.03984750262230701,0.055518494901617504,0.015462962962962951,0.09189153439153436,0.0161706349206349,0.05770502645502643,0.020221560846560807,0.0682572751322751,0.13037698412698412,0.17963293650793646,0.0888492063492063,60.0,1.5856049570002781,454.1666666666667,10.231421605089102,145.57217147673956,33.832317328280105,113.67435814545541,16.85522975850552,85.76113117122249,119.30796724337027,135.76643173028236,87.02642036849623,C0 outer arrival-oriented,4.110873864173311
748,Watford,0,,,,,,,,,,,,,,,,,,,,,,,,,,,,,,,,,,,,,,,,,,,,,,,,,,,,,,,C0 outer arrival-oriented,
749,Stratford High Street,3,11.0,0.2993636363636364,0.125,15.194090909090914,0.23545454545454544,33.729,11427.917037180649,0.6514062551354928,0.5125786579826158,0.18618138609199517,0.429162497749352,0.2928361445405351,0.2877378849352177,0.18989457516266792,0.24772720813430055,0.07640628993180182,0.30005239552226326,0.18257513696338615,0.4254113281314627,0.3379377049018676,0.05407583000328339,0.10331734526304208,0.09711004047507577,0.04885177520304084,0.07063166292357816,0.22314262247275465,0.07063166292357816,0.04374012224788952,0.0724275539375649,0.1069749462873001,0.12432194942563578,0.019419141128106245,0.04527001511341125,0.003181818181818173,0.10747907647907645,0.028901515151515136,0.09177669552669551,0.03496031746031745,0.05624062049062048,0.14382575757575758,0.05652849927849926,0.13998051948051948,127.54545454545455,1.7850850779720948,2947.7272727272725,17.35877968915737,2305.941488868735,463.57307859487304,1187.7984678276591,252.43620879662447,585.1626010876709,1473.7274594076434,809.2891935190928,3234.4432504088863,"C3 late-night, extended-duration persistent",4.856282573658148
750,Abbey Road,3,10.0,0.36629999999999996,0.16150000000000003,22.0607,0.08789999999999998,33.243900000000004,14816.323398647859,0.5463018267452706,0.6362839422522132,0.256074537320505,0.3303825163390949,0.3729547781971938,0.2721720567913933,0.2408542154980256,0.32505295422435065,0.09029399106642051,0.26667214701843156,0.2259188650773903,0.3063040199366335,0.3886817579866331,0.07909535699934303,0.1269743062132355,0.12334080169140471,0.0541937162514841,0.08783690334681174,0.2728402155307332,0.08783690334681174,0.054080296666854696,0.09025840362938414,0.12850151523449432,0.1345276068178092,0.021290519767151003,0.05056772696307471,0.00316666666666666,0.10373412698412696,0.07731547619047617,0.06909126984126981,0.027646825396825375,0.04803968253968252,0.12948809523809524,0.06418849206349203,0.06866666666666663,61.7,1.6726461120095357,920.0,17.03699065276762,179.12128607135082,166.30587967703164,156.51874169579241,67.26908187770157,179.30724034972738,445.2193281032937,218.38341503632105,229.41367401302054,"C3 late-night, extended-duration persistent",4.138361447638875
751,Wembley Central,2,18.0,0.3340555555555556,0.10544444444444445,30.647666666666666,-0.5132777777777777,27.006722222222223,11513.545875175094,0.4488571335625991,0.6368697010235908,0.2456507732467135,0.43299580667115173,0.148713497664104,0.5936031976129231,0.11609828977677081,0.37190913985356805,0.05834411836057937,0.19589217836014083,0.22446533697109528,0.27368213839339567,0.3945139261404726,0.1073385984950363,0.09879138933119641,0.1136374413104254,0.043299878583774765,0.0675616635313778,0.35853433434839055,0.0675616635313778,0.06812130915402541,0.0706859606087959,0.21972706458556918,0.10803020658587019,0.09575279975329815,0.03067240611805279,0.020070546737213396,0.17915343915343915,0.051624338624338614,0.10883024691358023,0.024003527336860654,0.04294708994708993,0.11664902998236329,0.12539109347442678,0.06800264550264548,71.27777777777777,1.5826985086696383,862.5,23.817447023829644,639.4171960225882,111.9412122045347,533.4113860825801,93.06572943081571,131.56634577372404,362.25759556832026,338.06527679257147,297.72981161401015,"C2 central interchange, direction-balanced",4.28051672061634
752,Wembley Park,3,15.0,0.3204000000000001,0.1208,16.2436,-0.42780000000000007,25.24253333333333,22382.648600854478,0.4324279080389292,0.5429600044536281,0.19893110391859464,0.40301729713043694,0.20210359256218163,0.3444890222186424,0.1590099633533334,0.3407560664840178,0.07428085195416795,0.2576040550237662,0.24435833447221747,0.28613391998823823,0.3614510580630389,0.10805668747650528,0.12420639605199048,0.09674212271440236,0.039807796642681206,0.06277066595253432,0.2725552013240057,0.06277066595253432,0.05314559757198925,0.06374077457443986,0.15566882917757643,0.12359770782079653,0.03730787279066582,0.03340280850559686,0.005416666666666667,0.1828806878306878,0.04546428571428571,0.09188227513227512,0.044502645502645474,0.050279629629629605,0.13750132275132274,0.13464947089947088,0.050835185185185164,67.4,1.619045532248949,1113.3333333333333,30.050247243788437,2181.6575036496497,92.19341761403015,1527.970803606145,326.20664096071226,352.6442192509866,370.8741114747001,593.5938793568372,732.4215280020159,"C3 late-night, extended-duration persistent",4.225372824628505
753,West Acton,4,6.0,0.21833333333333335,0.10983333333333334,11.171,-0.7533333333333333,36.58016666666666,4522.705976010144,0.33719873283551155,0.4560976342901409,0.1449018050880948,0.39628493032461803,0.10841251179072757,0.26041357312492686,0.06566252830647741,0.33472543462328724,0.04855648080237476,0.27289542383714144,0.23710341062656223,0.214109531030371,0.4062801103617813,0.1425069479812853,0.12742302423697652,0.08904889610696516,0.03730880714391608,0.06763984413821895,0.2229521606912995,0.06763984413821895,0.03945214417203064,0.05308912658576232,0.13041088993350644,0.1055925640964181,0.0460096566570323,0.02490507240092955,0.018928571428571416,0.15715608465608463,0.008928571428571416,0.040740740740740716,0.05955026455026454,0.08030423280423281,0.24126984126984127,0.045132275132275114,0.04965608465608465,116.83333333333333,1.7201907275062949,1454.1666666666667,87.30265717159064,427.7591472171784,51.99637423027675,121.79136208989661,113.48160589222825,164.61074206254258,270.8027359959021,60.52873011656464,120.7578603708289,C4 inner-middle ring mixed,4.769271196668518
754,Westbourne Park,4,23.0,0.3854347826086957,0.19595652173913042,16.223,0.4303043478260869,39.19,21659.20174802466,0.6476909952481562,0.609980003139979,0.2855483142247528,0.2686185714348377,0.5227727443268578,0.12231428558379973,0.16962399873127354,0.22851350932930564,0.08751898980433293,0.4105686151412025,0.1899228326418087,0.2833504921444023,0.41161334767836577,0.11511332753542323,0.11921981903860814,0.10328787212319161,0.05721804932766476,0.07182089820182627,0.23610366295082416,0.07182089820182627,0.04482872495477001,0.05089467129315806,0.140380266702896,0.1203133602231404,0.0274043761416758,0.031055007449014006,0.019063146997929596,0.12715665976535537,0.028523119392684607,0.12212129054520357,0.0630590062111801,0.10989216701173221,0.11799344375431332,0.1165389924085576,0.03288129744651482,62.91304347826087,1.738690869798416,534.7826086956521,112.49930868420071,662.7178028039702,239.12643840052039,691.3618517053519,297.31289845849113,528.7127674166088,534.3296859464219,528.0480534900128,172.31940179195257,C4 inner-middle ring mixed,4.157523463843632
755,West Brompton,2,16.0,0.239875,0.125875,9.6753125,-0.049999999999999975,46.627375,17401.153119477385,0.6453903887054372,0.5030477927837871,0.18121164326528066,0.42081717016561604,0.3082035318033055,0.11783523672102572,0.09856515693121642,0.18628054684399203,0.05959984651465939,0.42041091682237974,0.16621069200180774,0.3504080274214352,0.37523835905378916,0.10814292152296776,0.11610690823004143,0.0725834312670949,0.040150718696900525,0.058810762748829334,0.17960430153747298,0.058810762748829334,0.03352178899008853,0.04652080288987142,0.09956170965751292,0.11052483257418119,0.03278621971544297,0.02955628243330957,0.01649801587301587,0.11544642857142856,0.03431051587301586,0.20684275793650791,0.04017361111111108,0.08225446428571427,0.048015873015873,0.1272842261904762,0.11618799603174598,52.9375,1.7997941269127766,634.375,97.28585692020289,660.4996817490098,142.9651215900434,1074.2491174758188,159.860808417854,314.9840214304432,232.41921372218377,601.6687175847081,605.6519616916381,"C2 central interchange, direction-balanced",3.9878259688436466
756,West Finchley,0,16.0,0.19224999999999998,0.09681250000000001,6.4025625,-0.9491875,26.7278125,7398.271874279322,0.2863128186882673,0.4644960119047713,0.14963886564655693,0.3559518698473627,0.06894084795986186,0.24719231685493148,0.05148453635266105,0.3445428253886692,0.05243352937393152,0.2594455162220948,0.23784819709048435,0.19367184391883796,0.42146595198389825,0.14701400700677938,0.1468293229227052,0.1041602476026009,0.035003671655381124,0.04876617635228344,0.19596496724921106,0.04876617635228344,0.030316423497418126,0.04970635062338356,0.11594219312840928,0.12487015226128445,0.030201425596941025,0.03912671356196701,0.02842857142857141,0.12593154761904762,0.0034107142857142687,0.05833035714285713,0.07526686507936506,0.1056597222222222,0.09205853174603172,0.17887400793650793,0.07588591269841267,89.1875,1.6277354482858566,926.5625,60.28934972857879,529.6678106156735,31.358767844908577,298.18794215041083,290.24261662618676,482.0286616178428,208.50450654560825,702.5609191052214,444.24649683997603,C0 outer arrival-oriented,4.5018908365340895
757,West Ham,4,5.0,0.38680000000000003,0.1612,19.738400000000002,0.4232,28.6122,5964.2355736458285,0.5741205039446523,0.6344703217917032,0.25786707260593206,0.3284691907052431,0.4173418725237109,0.23326727203209488,0.25881345887993595,0.299488225843607,0.0900893908748249,0.29769725490575843,0.22539049925028132,0.30580731333530925,0.40166058447745173,0.0671416029369576,0.12030765811375699,0.11711175306651722,0.061021853762933696,0.09482744048966474,0.2592992338227982,0.09482744048966474,0.047710917384236363,0.08484820291206191,0.12674011352649978,0.13098807002281437,0.02730149051379896,0.05307957570107138,0.05933333333333333,0.12885714285714284,0.12005952380952381,0.06076190476190474,0.02833333333333332,0.01616666666666666,0.13049999999999998,0.05003571428571428,0.05183333333333332,61.2,1.8479032310528034,850.0,249.59170100550438,156.28542883834615,247.14096350875815,66.28676842223788,59.79877410360764,21.383080632064257,135.00221660169788,56.251163043816334,82.7231393467899,C4 inner-middle ring mixed,4.130354999745133
758,West Hampstead LU,4,14.0,0.18442857142857144,0.09785714285714285,6.734642857142857,-0.23528571428571415,41.68521428571429,19890.635435711523,0.6002701941588369,0.4433894656166297,0.15723112284742968,0.4679556811257099,0.18219258294168286,0.14337279531780725,0.060093322759995606,0.21471928554161937,0.04265336750730699,0.3704026741102571,0.17556211734646138,0.33391332964835374,0.3895025762403792,0.10102197676480565,0.1301137026927731,0.06554582694611051,0.033249194563008636,0.03977949765390777,0.14902603879952298,0.03977949765390777,0.01974357776912718,0.03548640090459328,0.09379606012580241,0.10406219682474314,0.030778116919221353,0.0375112320555545,0.010637755102040816,0.14010544217687074,0.009040816326530607,0.10617346938775511,0.07537244897959182,0.11887755102040817,0.044646258503401356,0.16776360544217686,0.05712585034013605,54.857142857142854,1.5415661654842565,526.7857142857143,24.970634228874356,579.7427439487567,45.73918875274328,572.6639097667096,290.666984002787,381.8361717132503,183.1198159325861,762.480866888589,165.88706238348846,C4 inner-middle ring mixed,4.022797410930052
759,West Harrow,0,13.0,0.23653846153846153,0.09546153846153846,8.209769230769231,-0.8022307692307694,28.289846153846156,8033.379060190992,0.27109966652060924,0.5049014729932759,0.1579363352071367,0.3302626342218285,0.0807281844078468,0.4126680726635642,0.0845007328585773,0.35355922392125755,0.05637984891658253,0.23255180773980924,0.23583756019041635,0.21740672699242236,0.4127537800348814,0.13400193278227984,0.13668360348655542,0.11206117344284064,0.04019238198668303,0.040886879334413075,0.24183072870166258,0.040886879334413075,0.05210259103291415,0.05893260612107097,0.13079553154767737,0.136626049069213,0.03721922430118327,0.04447945219534412,0.0,0.11124236874236873,0.01732295482295481,0.06575824175824176,0.08146214896214896,0.13658241758241757,0.024019230769230758,0.21331501831501834,0.05575213675213675,53.76923076923077,1.621620783767367,463.46153846153845,0.0,224.24112156659592,27.196941956245187,155.34257492323584,135.22756469301214,355.2958217644763,41.96946671177232,272.783022720908,92.3502150404835,C0 outer arrival-oriented,4.003128553950439
760,West Kensington,4,18.0,0.25605555555555554,0.12933333333333336,10.80561111111111,0.020722222222222232,45.160444444444444,18437.995235580416,0.647758471903073,0.5204674096257667,0.18936565113563714,0.41319860350700544,0.30630753519325266,0.12445085425137085,0.11256466357618354,0.18488639613400334,0.06283263472392568,0.39679264285585014,0.15732654035112817,0.36392479669302435,0.36752361789963295,0.11122504505621442,0.10944677116784053,0.08382664742605075,0.046108708988587925,0.06897696865655999,0.2004170560913345,0.06897696865655999,0.03631616451342725,0.05048466837078292,0.11361622320712425,0.11814506438199886,0.03078816046054466,0.033582546544030506,0.015138888888888877,0.13769047619047614,0.009470899470899467,0.09791798941798939,0.08600661375661374,0.0916593915343915,0.07021230158730157,0.0948988095238095,0.110640873015873,49.5,1.6521999467606485,858.3333333333334,99.29390232810539,590.1443538171202,62.65686659658094,504.63200388578275,876.017571356265,784.9178919179664,219.00384461184464,331.6562548619679,955.4118387900281,C4 inner-middle ring mixed,3.9219733362813143
761,Westminster,2,7.0,0.1522857142857143,0.07885714285714286,7.209428571428572,-0.32557142857142857,41.17028571428572,13234.133882818818,0.6900121953866415,0.4181055056972691,0.12399069691815949,0.48091185176563983,0.22455244660507176,0.1997379363590075,0.0942045749337641,0.1592242452266103,0.04837034703030648,0.4340108190986136,0.17445353650599085,0.3811593110295224,0.34891536368505366,0.09547178877943292,0.10389049850533896,0.06689467224708621,0.03225698701999103,0.056250491583787456,0.15370595708543042,0.056250491583787456,0.017525190419173383,0.04149045322004062,0.09469031344621633,0.09611441649274924,0.023008223086400326,0.09274451486746751,0.008554799697656814,0.05936526832955402,0.005195389266817814,0.07426870748299318,0.059270786092214645,0.12872694633408915,0.01788359788359786,0.0999406651549508,0.047783824640967476,453.57142857142856,1.7701158774239012,28642.85714285714,292.1320564511404,4021.6630472878683,269.02173107105284,5432.666097814405,3795.099018676614,7028.305518977219,1000.343362245413,6462.842386030211,3422.9317084727845,"C2 central interchange, direction-balanced",6.119355059842419
762,West Ruislip,0,9.0,0.13633333333333333,0.07466666666666666,9.742111111111111,-0.6965555555555556,17.418666666666667,2956.6902973956812,0.1810898249669431,0.45021617384202706,0.13175253176014504,0.20826999546544978,0.09913271979265997,0.1864111758815607,0.03124122135285882,0.312628926395176,0.0532923621596372,0.28914642728413287,0.22973477692105712,0.18189058240659725,0.4049731888295013,0.1834014518428442,0.10652278555791243,0.10786555072537247,0.02806483863010501,0.032345556927668,0.2282995636847757,0.032345556927668,0.0579901960623819,0.0479662751229748,0.12234309249941888,0.1125149663495476,0.0413288901185853,0.06806158963291963,0.008395061728395055,0.057799823633156944,0.05799382716049381,0.0922222222222222,0.026141975308641957,0.06666666666666667,0.20972663139329806,0.10046296296296295,0.1021869488536155,85.33333333333333,1.6267817735229912,658.3333333333334,16.00029425380356,156.8411467589946,53.97470230102839,152.86231677873582,73.8165219444245,96.18490253034054,99.90070128943431,118.26287181308837,218.52838219393715,C0 outer arrival-oriented,4.458215773031428
763,Whitechapel,2,18.0,0.48644444444444446,0.16966666666666666,17.91916666666667,0.5443888888888889,40.731777777777786,21980.978394662834,0.7208068863872117,0.6065507701020244,0.26337818993562445,0.41772309862840623,0.3704493318311763,0.5459256781983005,0.054479724534202606,0.2744350690082593,0.05889396197623702,0.3143287578843454,0.2326328392732951,0.39296034342202546,0.3159480220617854,0.05845879524289391,0.0820725916100197,0.11121045487099471,0.04606115031382318,0.09888041243031316,0.23000556352673618,0.09888041243031316,0.04651339899790289,0.05470251672310266,0.12878964780573052,0.11918094345424952,0.02056934498161584,0.042234332740305816,0.017786596119929433,0.19058393959435624,0.01612544091710757,0.10434854497354494,0.046046902557319205,0.10855957892416224,0.1599063051146384,0.11047288359788358,0.07611469356261019,102.66666666666667,1.721117918878563,1852.7777777777778,190.86459326852037,1951.617953369804,239.21066161558554,1426.3550136499393,672.8746191077327,1620.340266931373,1894.7358396001732,4367.691635027787,975.43223099585,"C2 central interchange, direction-balanced",4.641180623511125
764,White City,2,12.0,0.35808333333333336,0.162,16.248916666666666,0.3615,34.32358333333334,15219.437555576995,0.6102070027269544,0.5912531831213891,0.23623016121830034,0.2598817444490818,0.4999584813566474,0.1543873502996978,0.22839314172949113,0.2869216933184821,0.10670544910794595,0.3391696716727015,0.2192203686018361,0.3150271188598346,0.3744791044608042,0.0912734080775251,0.10488353676744054,0.1034470991033315,0.051157716116280394,0.07358572255120255,0.23665179341608814,0.07358572255120255,0.04633456175863354,0.05502019963847743,0.13529703201897705,0.16647381583111032,0.02474944053166921,0.028582237275638047,0.0030982142857142836,0.12146593915343913,0.009513888888888882,0.08915939153439151,0.21268915343915343,0.14200413359788358,0.09824636243386241,0.13437185846560842,0.02301421957671956,110.5,1.6541640751001545,3062.5,35.855056012444905,1616.0860496262019,100.17553886144758,689.3988326214397,3239.3393666471206,2085.626989891866,460.2632151180528,781.076545096571,213.36453781831696,"C2 central interchange, direction-balanced",4.7140245909001735
765,Willesden Green,4,19.0,0.3248421052631579,0.14710526315789477,16.54647368421053,-0.21457894736842106,36.37521052631578,13570.156201346004,0.5275452113436931,0.5730762466481445,0.2335442741889499,0.4223166969978257,0.20306817865510887,0.19125594700625517,0.12656650263263122,0.275841483530764,0.07259895488441061,0.32821990822248764,0.2066375098203603,0.26500808286151206,0.41072327550283755,0.11763113181528989,0.14512547748672597,0.106598228225725,0.04498109961547997,0.08978910455308384,0.23727873338805683,0.08978910455308384,0.03851458451751645,0.06784229162390269,0.1309218572466376,0.12240100527239132,0.027340522124514374,0.03466133831598819,0.006023391812865495,0.12402255639097744,0.023258145363408516,0.0819799498746867,0.048145363408521276,0.09922723475355053,0.09967418546365915,0.11434001670843773,0.07692147034252296,48.31578947368421,1.5128670286124375,288.94736842105266,18.607839200586543,390.8777850244725,182.65577217957588,260.3568068189387,58.68311377383811,147.70643082198242,163.51838308981544,200.10729771589794,164.01525974147447,C4 inner-middle ring mixed,3.8982443030719818
766,Willesden Junction,4,12.0,0.4819166666666666,0.2068333333333333,22.994249999999997,0.041666666666666664,42.258833333333335,11624.692421107735,0.5521006714190327,0.6268391552588383,0.2553555480082211,0.39141080158151226,0.288695176687798,0.13402032098533548,0.26287312064393065,0.3101729343626604,0.1139081858663955,0.33600278023872815,0.23926589071108903,0.23283254610628448,0.4298079130407389,0.09809365014188741,0.14193813474341402,0.11806896112806471,0.05327029860727417,0.073399500129813,0.28280984012705584,0.073399500129813,0.058152443867507175,0.08587159656720234,0.13878579969234636,0.1381025095139517,0.03585681867826048,0.03438755911430848,0.06271296296296296,0.20363492063492064,0.056768518518518496,0.060058201058201054,0.0642956349206349,0.06585449735449733,0.11167989417989417,0.055928571428571404,0.08831679894179893,105.58333333333333,1.6562950797414802,1183.3333333333333,293.30901355073865,878.8268473041835,185.9701959130625,283.9986571646318,138.12268148049688,150.78887000885155,237.03109018243651,245.16373373009606,586.6893322236141,C4 inner-middle ring mixed,4.668927151790842
767,Wimbledon,0,18.0,0.08494444444444445,0.05,1.092611111111111,-1.5095555555555555,35.69133333333333,7388.695179254332,0.3336379639329397,0.3314751580813096,0.07571497684130629,0.34847724606207287,0.07324986481998905,0.13605346221411627,0.026536254522031375,0.3017858761095228,0.03542004500795521,0.27603989675566293,0.2145217412833233,0.21678855547287562,0.42684234497395857,0.14184735826984235,0.14271497530510335,0.07515984307319973,0.026169768639959453,0.03649220656636527,0.14294906925731232,0.03649220656636527,0.019133391970933642,0.04088313192982223,0.08293254535655638,0.10745466120803776,0.025929545662671402,0.039281609314167666,0.0030123456790123277,0.08244091710758375,0.03227513227513227,0.09765167548500879,0.07626366843033507,0.10629717813051144,0.17337301587301587,0.11747530864197525,0.09076984126984124,82.27777777777777,1.6991558425271136,1359.7222222222222,21.222197464246435,679.5633379547877,264.1167585936655,536.5619948491752,614.3798811166314,650.8649997673164,538.253665350816,531.6589411213512,767.2596845892803,C0 outer arrival-oriented,4.422181740206433
768,Wimbledon Park,0,17.0,0.11041176470588235,0.06058823529411765,2.444470588235294,-1.3376470588235294,32.639,8234.950657590522,0.31465237763944076,0.3484225611182894,0.09281440808102386,0.29487996262849286,0.09263786373274031,0.11735671790832158,0.04039374382372117,0.34494853991892854,0.04918415607069612,0.22855561387819742,0.23550646354044857,0.23201107380077032,0.4139152127729714,0.11856724988580968,0.13443865853718126,0.07976491361120484,0.02654786006383747,0.03982295405129693,0.15099587666674197,0.03982295405129693,0.021149436889781773,0.041706888457421876,0.08813955131953825,0.11286815785068885,0.0264405141979572,0.039715017605679304,0.018993464052287568,0.12042483660130718,0.06078431372549019,0.08058823529411764,0.08563305322128849,0.13081886087768435,0.052030812324929954,0.13999439775910363,0.09796451914098969,57.64705882352941,1.6866043579564032,708.8235294117648,68.7025433092095,403.12190495234586,430.30954713656365,235.35592477937152,237.66298829501187,235.08183377415423,180.4492525705629,199.8060317495651,319.59938947309996,C0 outer arrival-oriented,4.071537425905622
769,Woodford,4,14.0,0.18614285714285717,0.09207142857142857,8.720214285714286,-0.8225714285714286,29.87035714285714,7488.937892011661,0.21666556859387234,0.47753115659127854,0.1529736550834821,0.1949245801851273,0.14169142195430068,0.19074742775963394,0.08793177624127066,0.3564177312521338,0.06672488702194386,0.24643635740185488,0.24486216744881237,0.17413104693459783,0.4331749311994752,0.14783185441711438,0.13661647786765546,0.10570693179066683,0.03467246242905893,0.04135129725382713,0.19736461305187117,0.04135129725382713,0.04157047544613572,0.05288827187143314,0.10290586573430219,0.127974651552652,0.030175846330158285,0.04929193359205948,0.028684807256235813,0.12741496598639454,0.008730158730158722,0.06087868480725621,0.045164399092970486,0.10713151927437639,0.04163832199546485,0.08747165532879818,0.058475056689342386,48.714285714285715,1.6548153589396837,269.64285714285717,21.984832230628065,119.061978374936,6.762987723813587,72.92200374768156,37.91111218186234,76.23469058127925,35.991423123319905,86.06836071371337,63.1370599567556,C4 inner-middle ring mixed,3.906292330719161
770,Wood Green,4,16.0,0.39637500000000003,0.18706250000000002,24.1728125,0.164,37.7815,11026.807050648998,0.5706483237164801,0.6204326223936409,0.27162449752408446,0.35296244698897616,0.3153471256658883,0.10197914979826264,0.17757471774021924,0.2811207475882811,0.09051826303605169,0.32458887333662245,0.21108099317568224,0.2650442362245309,0.4236589035429999,0.10021586705678678,0.14398484912777348,0.11994685913895983,0.05293845450058904,0.0981783871027832,0.25712209315256923,0.0981783871027832,0.04802965327794749,0.07863029028820065,0.130462149586421,0.1195441352157313,0.026219075711489296,0.04352637263965325,0.03331349206349206,0.1653112599206349,0.022700892857142843,0.07546626984126982,0.04589595734126982,0.07323350694444442,0.07768601190476188,0.07399119543650792,0.09356522817460314,65.9375,1.6106144469484354,970.9375,93.41039933793769,901.6974143400857,214.35759058549974,419.3943340337164,149.39865559447554,197.52393624122612,196.24110942290412,273.7707369458196,1584.60752201618,C4 inner-middle ring mixed,4.203759348207967
771,Woodside Park,0,15.0,0.1873333333333333,0.09646666666666667,5.8504,-0.9948666666666669,22.785666666666664,8044.082146897757,0.2891000020962702,0.4613146891035177,0.14201810194333533,0.36202649120813923,0.06267995390445796,0.242497634192565,0.04295491805509819,0.3230680666659382,0.050308652133034704,0.2865053536020989,0.2251188792669586,0.190514715369959,0.4188118830749968,0.1655545222880855,0.14727227445051438,0.10126277751404299,0.03519932063923682,0.046438673379928554,0.19182390074760164,0.046438673379928554,0.03169872225664848,0.04938418893849127,0.11074098955246178,0.12975952064378518,0.03080581136367722,0.03918055483665087,0.009847619047619032,0.13873968253968255,0.023913227513227494,0.05373756613756611,0.0540306878306878,0.11176190476190472,0.10960846560846557,0.1805185185185185,0.061394708994708974,75.8,1.6586410581890907,666.6666666666666,32.94407237609082,493.62610673708144,76.57140299818838,268.7531794723797,177.76455312524942,403.4894489369908,265.5172358887145,690.8128610285962,319.21011620530777,C0 outer arrival-oriented,4.341204640153626
773,Hammersmith (H&C),2,8.0,0.223,0.134875,6.2205,0.1565,40.162125,14610.946393989336,0.588729356621114,0.48033612825556116,0.1754110392775387,0.36833122219795983,0.30543696638150486,0.10317668420003485,0.10955561964381871,0.22352828685053483,0.05972547061515589,0.3883687292099558,0.1892934130211275,0.29751312466094926,0.40008094293733987,0.11311251938058325,0.126318902754314,0.07568007136947713,0.041483978229338886,0.057205699857869094,0.17373458304427136,0.057205699857869094,0.02712337338450926,0.04303602733445758,0.10357518232530444,0.11248034698298082,0.03776199816402473,0.03159083130647186,0.010833333333333325,0.11076082516339866,0.022512254901960772,0.10205575980392154,0.15145424836601307,0.12563521241830064,0.09468954248366011,0.15206290849673199,0.06735906862745093,140.375,1.6911330894166583,3856.25,279.38282040137324,3198.225376376329,465.0047526389255,1440.391660931502,4000.281676225306,2943.4255345778465,1080.3122476773071,1722.9324926801428,2227.756206950631,"C2 central interchange, direction-balanced",4.951415934436285
774,Edgware Road (Bak),2,12.0,0.44141666666666673,0.20299999999999999,23.262583333333335,0.36775,40.35475,21930.20364667171,0.6986764687365171,0.6396686670850437,0.3295178723426565,0.35125352410937655,0.45274950302426803,0.23533253490140105,0.09893967593288866,0.24260345667839175,0.08482864053889898,0.3868403709526886,0.1976997860016068,0.32547044234308825,0.3552720106264932,0.12155776102881165,0.08479723410102648,0.09381671926569964,0.043426262579558166,0.09002547762942177,0.2335371630171191,0.09002547762942177,0.0397597916099638,0.04858234269213412,0.14519502871502107,0.11788296018789525,0.023375665600004505,0.03157127288438937,0.001962301587301575,0.09985251322751319,0.04471560846560846,0.08257539682539682,0.06296230158730158,0.13381812169312168,0.06969907407407405,0.17350462962962962,0.03314021164021163,117.83333333333333,1.7819481156025196,3564.5833333333335,39.34631490646374,1797.0686569872048,1429.0042025624482,1974.2161393735048,3802.2435208044903,5109.095170780313,663.8936047991571,4889.928125053471,1516.1810835602994,"C2 central interchange, direction-balanced",4.7777219511862405
775,Shepherd's Bush Market,2,14.0,0.3158571428571429,0.15057142857142858,11.333714285714288,0.24414285714285716,39.50471428571428,18112.742391622447,0.6212326195443608,0.5462361590728887,0.21247578948556442,0.3611562566175937,0.3603647906493599,0.109148099978475,0.1735591673935708,0.23362701996747468,0.08399929141259509,0.35725664500231546,0.1950216279157982,0.34018545568649344,0.3760801940354713,0.0887127223622368,0.1170971694451312,0.09393937404789161,0.04988580472229315,0.07707066909685968,0.2178093622097464,0.07707066909685968,0.0351039350487569,0.05341777489352737,0.12928765226746206,0.12553761825506812,0.026583355583709944,0.032906672977833215,0.006168934240362807,0.1832789115646258,0.01357142857142857,0.16556916099773242,0.1123503401360544,0.1199909297052154,0.1142409297052154,0.082703514739229,0.06077097505668933,109.21428571428571,1.5874676592392423,1601.7857142857142,25.45419531947868,1718.8098581885129,198.15774216231975,1014.1358810221715,1839.9882519923885,1677.6900661456618,536.6387776207514,327.8368030543175,276.92085097914617,"C2 central interchange, direction-balanced",4.702426522747902
776,Pimlico,4,21.0,0.2528095238095238,0.131,11.149380952380952,0.0010476190476190592,45.72180952380953,26989.60978633392,0.6723303404373949,0.5079489552566324,0.1976867984002769,0.3719469661475125,0.3516857383563254,0.1475593108723848,0.08094443946080819,0.16800325121819737,0.05041670602564699,0.4406903074204479,0.15592798432232408,0.32769329872164943,0.39050346349048165,0.1258752534655448,0.11330003968946421,0.0760260899362037,0.04121798406475674,0.0605701713030219,0.17771770699380907,0.0605701713030219,0.028888677759040686,0.04551924468079932,0.10330978455396894,0.08654903424900628,0.024692086225143867,0.06617630620369326,0.003296044343663381,0.12573116654069036,0.018500881834215152,0.16418896447467876,0.04821289997480472,0.12398664651045602,0.08089846308893926,0.05785285966238344,0.07943512219702693,74.57142857142857,1.736271698492404,2879.7619047619046,78.00991334608874,1800.5936399653372,165.04525483260787,2248.993649121967,1272.0653484341622,2615.056912233722,886.031259802054,977.5606351059165,1132.1411843647966,C4 inner-middle ring mixed,4.325078282802986
777,Vauxhall LU,4,11.0,0.23436363636363636,0.11354545454545453,12.876636363636363,-0.13845454545454544,41.251909090909095,14550.195045327144,0.7053580301260536,0.47954309656075367,0.16587501622006573,0.3819432815885968,0.3392991860526076,0.11650488897117647,0.19337918720435823,0.1610962353613018,0.07138379101819511,0.40501485178332525,0.1519358891848137,0.39890076965554555,0.36993814119044166,0.07922519996919901,0.10712338922080623,0.07976738678015702,0.04386189084916696,0.050959110182703674,0.18617568226863354,0.050959110182703674,0.028906525483188915,0.06327516768184477,0.09399398910359973,0.11846374754290188,0.018246116665779525,0.0669943811489495,0.006404040404040401,0.16239393939393934,0.006181818181818172,0.09646464646464645,0.07685858585858583,0.10585858585858586,0.0414141414141414,0.12376767676767675,0.1383181818181818,88.54545454545455,1.8010043569547078,2186.3636363636365,66.49357294342485,1250.3501976095142,137.89712500455727,1715.695922069654,1333.510306899054,1238.5999420305527,324.9816636031092,3296.50121244175,1699.0494656215442,C4 inner-middle ring mixed,4.494746368373718
778,Brixton LU,3,25.0,0.28352,0.13584000000000002,14.175239999999999,0.24756,42.52848,17644.059356112568,0.6476216422088037,0.5221834994018757,0.20255360347694992,0.2974935477911883,0.41506542514002354,0.05188165249186299,0.2960080810860585,0.20221198569389937,0.08507323951668985,0.32950035210868633,0.16452818443451434,0.4093989919502934,0.35427271016594175,0.07180011344925032,0.09893852823758112,0.0982919995235981,0.04765620976148279,0.05566041592134886,0.21602244029719583,0.05566041592134886,0.034303978798811204,0.08183708550378796,0.0998813759945965,0.13868188465818126,0.020859606330717578,0.056660864735522384,0.023161587301587298,0.11840714285714285,0.033579682539682534,0.0967142857142857,0.06222666666666665,0.08950492063492062,0.0716606349206349,0.1289784126984127,0.11410158730158729,70.32,1.6753087541434142,739.0,223.94653280847288,728.7812815348574,285.83737778801617,698.5989305068105,290.75283335565405,713.7608718683562,263.63907566313674,703.9290295823062,812.9200293874461,"C3 late-night, extended-duration persistent",4.267176792994939
779,Hatton Cross,3,4.0,0.3015,0.111,29.3375,-0.2915,42.193,1350.4179610968035,0.2552256543479343,0.6290214039474732,0.23227677398714391,0.3751301981198944,0.1163155848807546,0.4578717499703199,0.05464449805749042,0.3453755854116026,0.06948676882195402,0.24728360053457515,0.22474025562379485,0.22921229193883083,0.42047048991293634,0.12557696252443784,0.08883581819946454,0.12322269900501416,0.05285340325943475,0.1010374189062598,0.42079379000853884,0.1010374189062598,0.1683706164018019,0.10302552273704432,0.14939765086969248,0.09640037915472113,0.037391483170141376,0.0512247363450673,0.02175,0.0813496376811594,0.4136739130434782,0.07040579710144926,0.060684782608695656,0.0299855072463768,0.07527173913043478,0.009086956521739124,0.12061594202898548,363.5,1.6762800790627588,13625.0,58.91770779568556,201.20440124534642,856.4056530796886,124.95369550416778,77.21800540985642,67.36626110747538,55.71601343181831,10.159433904358128,253.18269943518652,"C3 late-night, extended-duration persistent",5.898526551448713
780,Heathrow Terminals 123 LU,1,1.0,0.353,0.113,30.858,0.052,51.797,126.0845290573571,0.2360902255639097,0.6661654135338346,0.2466165413533834,0.3849624060150376,0.1218045112781954,0.4001057082452431,0.0528541226215644,0.2801204819277108,0.0572289156626506,0.3087349397590361,0.1952506596306068,0.2316622691292876,0.4395778364116095,0.133509234828496,0.0808270676691729,0.1121553884711779,0.0476190476190476,0.1155943293347873,0.4056706652126499,0.1155943293347873,0.1712104689203925,0.1079607415485278,0.1264994547437295,0.0828789531079607,0.0338058887677208,0.0479825517993456,0.015,0.0570652173913043,0.5936956521739131,0.0869565217391304,0.0067391304347826,0.0176086956521739,0.0010869565217391,0.0043478260869565,0.1141304347826086,1033.0,1.743958954621203,46000.0,43.08980933609529,163.92862247427558,1705.4821637228442,249.79599615127708,19.35918970172397,50.58368922063361,3.1224499518909634,12.489799807563854,327.8572449485512,C1 central departure-oriented,6.9411900550683745
781,Heathrow Terminal 4 LU,1,5.0,0.3296,0.1366,31.076,-0.1372,31.878800000000002,3840.6812247312073,0.22884283860949234,0.6164993211590561,0.22368022781388905,0.27737783178629677,0.21578452497622855,0.33330036437495997,0.07390157412002055,0.3475802901114562,0.07380788083696146,0.2692309875765975,0.24692509364699533,0.2182591813036932,0.4176013384706403,0.11721438657867107,0.09508009219340614,0.1287405662938697,0.046453378363873,0.07495176734860018,0.418522659382255,0.07495176734860018,0.1809645658176724,0.0907575221060409,0.1468005714585416,0.10597516839463536,0.03545119491846428,0.04602934366934604,0.008,0.3187463768115942,0.26607246376811594,0.056557971014492746,0.06001449275362318,0.02118840579710144,0.06188405797101448,0.007536231884057959,0.05782608695652171,281.2,1.7710100527924457,10610.0,20.027804521219732,383.42574927346277,538.6896378815649,90.94944035505151,124.88547149346331,36.24669944482632,48.376091630121536,8.414104390887172,96.24125189945404,C1 central departure-oriented,5.642616039418714
783,Heathrow Terminal 5 LU,1,1.0,0.353,0.113,30.858,0.052,51.797,126.0845290573571,0.2360902255639097,0.6661654135338346,0.2466165413533834,0.3849624060150376,0.1218045112781954,0.4001057082452431,0.0528541226215644,0.2801204819277108,0.0572289156626506,0.3087349397590361,0.1952506596306068,0.2316622691292876,0.4395778364116095,0.133509234828496,0.0808270676691729,0.1121553884711779,0.0476190476190476,0.1155943293347873,0.4056706652126499,0.1155943293347873,0.1712104689203925,0.1079607415485278,0.1264994547437295,0.0828789531079607,0.0338058887677208,0.0479825517993456,0.015,0.0570652173913043,0.5936956521739131,0.0869565217391304,0.0067391304347826,0.0176086956521739,0.0010869565217391,0.0043478260869565,0.1141304347826086,1033.0,1.743958954621203,46000.0,43.08980933609529,163.92862247427558,1705.4821637228442,249.79599615127708,19.35918970172397,50.58368922063361,3.1224499518909634,12.489799807563854,327.8572449485512,C1 central departure-oriented,6.9411900550683745
784,Southwark,2,10.0,0.1893,0.10429999999999999,8.939800000000002,0.1771,40.419799999999995,13769.524068446713,0.73330587406084,0.4658156566380033,0.16029559701038262,0.3574474984450058,0.3975273210738522,0.16952985976243037,0.15615637492940246,0.1660094366958059,0.0641046256074462,0.4042858237234449,0.20886315502360184,0.3793883982156026,0.3268943805362204,0.08485406622457504,0.08485421581427965,0.06283742830757819,0.036826024017902456,0.048575759787601244,0.1643646746599306,0.048575759787601244,0.02967927224706935,0.04769573539704157,0.08698966701581959,0.11609540203230898,0.023819845450753826,0.05417046743065369,0.00811093073593072,0.031606150793650756,0.03980321067821065,0.0788246753246753,0.1610790043290043,0.1762003968253968,0.057935425685425646,0.10129527417027413,0.12422005772005766,188.6,1.7734860962881789,11400.0,489.9565831621179,2064.990287735535,4799.514107566692,4307.476765064123,13237.58172522343,13062.222295049822,2427.651004003867,4724.774078546317,7120.787740090114,"C2 central interchange, direction-balanced",5.244916589820922
787,Bermondsey,4,21.0,0.27976190476190466,0.13771428571428573,14.001428571428573,0.27495238095238095,32.55909523809524,33246.419151542155,0.6522349394086462,0.5214039729533223,0.2008414753209489,0.32704575399581437,0.4122750962218412,0.09828896268398069,0.18919255738981358,0.21413616053941092,0.08955175494332293,0.3514905047217843,0.1842379801701598,0.36576597556886514,0.37121343596206857,0.07878260829890633,0.09490912982234412,0.08998649753921709,0.044516320351123614,0.06859550766141849,0.19207675284784326,0.06859550766141849,0.0366548061442714,0.05903794665554447,0.0963840000480273,0.12386420146120825,0.02167298067237138,0.048568911751524106,0.025967120181405873,0.14417479213907783,0.043434618291761144,0.1019784580498866,0.061858843537414956,0.10014058956916097,0.11041194255479969,0.10422108843537416,0.10630158730158729,58.80952380952381,1.7316648845443527,1093.095238095238,361.7916286346308,2281.197433493631,264.58153389881204,993.2264989671199,2048.2047051079167,7741.202238710389,482.3772911882932,1358.074027546466,9652.429471087471,C4 inner-middle ring mixed,4.091164909304721
788,Canada Water,4,9.0,0.22,0.11322222222222221,11.818111111111111,0.13333333333333333,21.104444444444443,11125.19426586699,0.590927674531489,0.46598617840986417,0.1597102343292306,0.376009569935425,0.30639467039931123,0.14479061091774853,0.12407386077994562,0.22056669273943913,0.062454853186720644,0.313526204645636,0.17271850416652296,0.3823607587683222,0.3688778788974624,0.07604285816769238,0.09595784699319622,0.08336351944468232,0.038557259809859294,0.06102545657351746,0.17227569425222414,0.06102545657351746,0.034717563953283945,0.05041252388047176,0.08714560641846834,0.11453482937545302,0.022669937017199344,0.04688513848269744,0.007851851851851844,0.07890123456790124,0.025950617283950612,0.11152557319223982,0.12012874779541444,0.08135097001763666,0.2344091710758377,0.10958024691358023,0.07033421516754848,55.77777777777778,1.708282815005154,508.3333333333333,17.98298883820897,294.30880924064,63.04980280310718,209.80882860794497,196.5274710797031,129.5822950418849,365.6498767718862,291.6309217003317,129.58193321022566,C4 inner-middle ring mixed,4.039145012867485
789,North Greenwich,1,5.0,0.2384,0.09659999999999999,11.9572,-0.1416,16.0212,39489.04739694747,0.6668660719925343,0.4011217755151161,0.12241288440544532,0.3778765334090505,0.3159702545145535,0.17067545910812107,0.1877245873773082,0.25578241877636815,0.10462883649303698,0.34623533601178585,0.2260600673703878,0.424472984977229,0.31961399701494564,0.02985295063743736,0.08572363965053018,0.08139963441056945,0.0362610077474973,0.0564819554815284,0.18819296370112676,0.0564819554815284,0.03428745691322209,0.05370553326190031,0.10019997352600427,0.11463200039588553,0.018832370785193397,0.0441398369995893,0.016875,0.1586574074074074,0.11791666666666667,0.32222222222222224,0.050208333333333334,0.050625,0.05000000000000001,0.018958333333333334,0.15104166666666666,65.6,1.5934688117345868,1649.0,968.1289823766974,3150.808758564143,5057.231095841338,4047.1346896445525,1599.69284945972,769.7374832093773,2014.670532584892,233.79129339812715,2261.4036109922454,C1 central departure-oriented,4.198704577546343
831,Nine Elms,4,14.0,0.24178571428571427,0.10335714285714284,13.680714285714284,-0.2884285714285714,37.5865,20866.824671187373,0.6909949711211913,0.4820442970869071,0.16408407387852528,0.40025756524076817,0.334592845089911,0.11979733756890043,0.21295208517980407,0.19229319158137503,0.08571171702036265,0.3481958173615926,0.16831512118170514,0.40490563657947404,0.356976640007268,0.06980260223155267,0.10086758787676221,0.08681774039352697,0.045358274263936016,0.06298922373674094,0.21383140550486077,0.06298922373674094,0.03046658999553437,0.07604006634997887,0.10732474915934745,0.11683696362622843,0.02421843857453285,0.051843347703218585,0.015892857142857146,0.24156037414965986,0.01967857142857143,0.07729450113378682,0.05927749433106575,0.057247732426303835,0.08035147392290247,0.05613520408163264,0.17474574829931971,48.642857142857146,1.698656374610571,800.0,121.85873287559097,2034.4758115681293,189.79555982099836,364.1358012348468,473.0322618819909,553.1584845062938,222.63945715810192,254.85932063052672,1389.744033268504,C4 inner-middle ring mixed,3.9048545159495336
832,Battersea Power Station,2,16.0,0.24506249999999996,0.1070625,11.078875,-0.3481875,48.325937499999995,18922.328224812496,0.6440329557205526,0.4672608734338455,0.1698522944183653,0.43055191813617116,0.26731190361989754,0.12826309433759775,0.1106124138564064,0.18727866052689424,0.06071474123152666,0.3988369819847789,0.16251100222297632,0.3531962632862873,0.3723719915802396,0.11192074291049675,0.12090581001249764,0.07501457952325727,0.041914092212036604,0.06156234944623105,0.18696525900562694,0.06156234944623105,0.02735579719827841,0.04904128993155732,0.1105681718757911,0.09890636830884177,0.025599453988330394,0.04821022108201253,0.02676438492063491,0.21824107142857144,0.031319444444444434,0.0949833829365079,0.0457299107142857,0.08921626984126983,0.058474206349206345,0.11284350198412697,0.06991691468253966,69.4375,1.8275965809574206,1293.75,115.92956692192824,1406.1777642213892,285.68902024399375,628.6547663113994,322.0821984931361,767.1097498434157,380.4634143868624,648.144786877054,468.0023025048519,"C2 central interchange, direction-balanced",4.254725791799995
850,All Saints,3,7.0,0.5057142857142857,0.18214285714285713,23.429285714285715,0.6801428571428572,32.788714285714285,17919.835688068077,0.6590797077988173,0.6178616242242682,0.2709122344764218,0.33318613765389093,0.44890885643575845,0.52882367837821,0.09125255280580305,0.3578438019789965,0.09745987945573335,0.2763201804122316,0.2903634155473461,0.3249898229730764,0.32833335228431443,0.05631340919526288,0.08126007523494813,0.12220874739339989,0.04920849746622854,0.10454213047033988,0.24357011800035286,0.10454213047033988,0.05615076821125342,0.05596212845342642,0.13145722133567297,0.12526382767636848,0.023134656074352385,0.03925229900188783,0.014557823129251671,0.11782312925170066,0.0068027210884353565,0.13979591836734692,0.043469387755102014,0.026870748299319715,0.2085034013605442,0.13238095238095235,0.05272108843537413,57.285714285714285,1.8656612223568254,328.57142857142856,42.415620052512075,344.01393094590094,18.895529291343944,360.0794608244062,97.83528554562098,56.02183295231839,460.964262455325,258.48698934016596,128.56073510126913,"C3 late-night, extended-duration persistent",4.065357025348848
851,Bow Church,3,12.0,0.43533333333333335,0.16708333333333333,20.234666666666666,0.53625,35.742,25426.205956723268,0.6236910051601644,0.5638592048707388,0.2422728875085134,0.3197052326917566,0.408985986141702,0.3860916880905414,0.09460593330746657,0.2860121570222575,0.08266764413919388,0.3024595084921683,0.22342684722719283,0.3706405721977568,0.3461836003111602,0.05974898026389006,0.09362606133932094,0.11262897422285312,0.05217994534585151,0.08307095112611726,0.2266446913418733,0.08307095112611726,0.04190802821500992,0.054239971459636355,0.1304966916672268,0.12365869522060609,0.022007447458149018,0.049155347412672495,0.024537037037037034,0.1216600529100529,0.10453703703703704,0.07962962962962962,0.04339947089947088,0.07777777777777778,0.15921957671957673,0.1394047619047619,0.05003306878306877,40.0,1.686902443883876,370.8333333333333,54.48177025656994,337.372176772515,611.161538771701,176.39371151698637,214.21160309732878,302.785160074496,857.762506962484,391.70311634826425,156.7834309415161,"C3 late-night, extended-duration persistent",3.713572066704308
852,Canary Wharf LU,2,4.0,0.22525,0.079,6.750249999999999,0.008250000000000007,33.051,7094.6744285693285,0.6767349155445195,0.38086293350719147,0.0954172983702454,0.5538108591347498,0.16309295982604174,0.36668928181721633,0.05669252803672565,0.17830573383689027,0.04008130984187873,0.3905821193446243,0.1625411543687095,0.44592793347299736,0.34980946741343627,0.04172144474485675,0.09520985802041178,0.06144136405826163,0.037157545729928076,0.046393563797774526,0.14010634289071783,0.046393563797774526,0.026711861354954375,0.038225041753412924,0.07516943978235041,0.0789592272472131,0.02017924029573155,0.02950779516268645,0.0068630952380952,0.07582291666666663,0.0133377976190476,0.037288690476190454,0.10622023809523805,0.1905833333333333,0.022633928571428548,0.03143452380952377,0.20088541666666665,348.75,1.7200013022067195,38312.5,157.5592052373006,4991.7231041355035,666.0345564843278,4049.9448882038128,11692.208909223456,21641.450104585507,722.9235302555242,842.8407403255022,8948.431464575251,"C2 central interchange, direction-balanced",5.857218613545591
853,Langdon Park,3,18.0,0.4862777777777778,0.17833333333333334,21.17888888888889,0.5687777777777777,25.90222222222222,22771.48244892345,0.6476265735173519,0.5864945656211159,0.26516840877033276,0.3115289098813611,0.42963743814319266,0.4693500224966873,0.11365578648147756,0.3509798622526319,0.09524414549688032,0.269301419340662,0.28215785313324526,0.33900569545592324,0.324686463733923,0.05414998767690838,0.07967104839750402,0.1111648555238826,0.051670448121815565,0.0930601246348807,0.24220232877826986,0.0930601246348807,0.05380541355728759,0.05864357137043589,0.12975334385054627,0.11472010948278195,0.019975687464868393,0.04300524585905011,0.044435626102292757,0.1383906525573192,0.0315432098765432,0.08208112874779541,0.06652777777777778,0.07478395061728393,0.1822222222222222,0.08009700176366844,0.06787037037037036,41.77777777777778,1.7819104065867322,441.3888888888889,259.453828743398,454.9207018675651,198.66272838779776,225.02679932547647,135.827577725884,188.28995843504697,679.767423376209,356.10973963921816,155.28303514153913,"C3 late-night, extended-duration persistent",3.756018756951565
854,Crossharbour,4,11.0,0.3387272727272727,0.12436363636363637,13.712727272727273,0.2050909090909091,19.530363636363635,26511.592244826144,0.6431977990119413,0.5181282085540998,0.1983121708623937,0.42956488946033955,0.31256447590564657,0.3981048655056468,0.06375729944754835,0.26676939845794234,0.07093149116081764,0.3245606180718632,0.2170082761622944,0.38829758422455657,0.3431844378649373,0.05150970174821166,0.08757791193208848,0.08482294978897881,0.048075116697336266,0.07559035412548133,0.188237404806413,0.07559035412548133,0.03674179691918397,0.04393432983150829,0.10756127805572059,0.08461735810380212,0.019493073333921553,0.0382650938333503,0.022661616161616157,0.10851118326118324,0.01983838383838383,0.07024350649350648,0.13684632034632033,0.09640259740259736,0.11357503607503606,0.0811060606060606,0.15879725829725827,54.72727272727273,1.5486876894830686,904.5454545454545,206.0042504056676,548.0456586319074,347.81082250005187,884.5780006477312,1547.2209641186325,2392.1225290512216,992.2485494843055,545.7827032103255,1857.6934886270044,C4 inner-middle ring mixed,4.020469663137841
855,Heron Quays,2,7.0,0.233,0.08171428571428573,9.56957142857143,0.1405714285714286,22.91842857142857,27083.869006819026,0.7322671437622553,0.4068446997754995,0.12166778928838964,0.5455893220542476,0.2059980088140842,0.40820174825809613,0.057734047675478226,0.1921128329483117,0.04703804358270679,0.3996693310477575,0.1749363388923145,0.44256211878409607,0.3429136645786824,0.03958787774490682,0.08590073387574873,0.07363723872527127,0.03823150884122772,0.04607725133523077,0.14697534509523372,0.04607725133523077,0.02583987836222971,0.03775419126091052,0.08338127547209337,0.07466476009140398,0.01791506131263743,0.027063694339486386,0.003628117913832186,0.11408871882086165,0.0032723922902494146,0.08039115646258502,0.0695379818594104,0.14905612244897956,0.04126700680272107,0.08531462585034012,0.04925595238095237,190.0,1.61493378789045,20357.14285714286,93.61376730072651,2450.616302127266,356.7649868550351,2654.2617382388557,5860.35845791327,11975.182582393723,410.9569739379735,767.3875846981356,3774.864774942165,"C2 central interchange, direction-balanced",5.25227342804663
856,Island Gardens,4,8.0,0.234375,0.10025,9.705875,-0.201,21.77425,18187.949894778638,0.5341326422856549,0.4495708838797352,0.15566423231354812,0.34363918512691083,0.2699704970384697,0.22997489447736263,0.08358383645611053,0.2745586644831442,0.06488051162364086,0.29250398190870275,0.21008925565458073,0.31893742431150357,0.39683456670664974,0.07413875332726581,0.10883783034886876,0.08087052228138206,0.04505590580529376,0.05386489456839319,0.16637049946397842,0.05386489456839319,0.03161861108769308,0.04457443984536558,0.09017744853091963,0.09002051963729414,0.018428871185992728,0.04890145410116476,0.019821428571428566,0.08927579365079363,0.0007142857142857126,0.15038194444444442,0.10999007936507935,0.07184523809523807,0.19811507936507933,0.03501984126984125,0.09706845238095237,79.5,1.5885479355359793,831.25,119.68452289948637,230.3518171913338,5.828637867439867,601.4465019971055,212.92045045082608,200.04970654348514,1029.5968104627068,186.80194434363142,243.05104928174455,C4 inner-middle ring mixed,4.388257184424518
857,Mudchute,4,10.0,0.2879,0.11350000000000002,12.063100000000002,0.030799999999999987,18.3013,19757.632707781897,0.5723113477641084,0.48941890425634593,0.17679552578671168,0.4413478278593703,0.2698339076423819,0.368539487160976,0.05607805009907833,0.2865209184167254,0.06439366091096055,0.28584792212954657,0.2160841437511713,0.3380164714152891,0.38905421764483467,0.05684516718870478,0.10009393574942012,0.08479083070964787,0.04677546113940283,0.07160564071523594,0.18165337448563318,0.07160564071523594,0.03682966447740401,0.0432980791071569,0.10152563090107217,0.08029081262290859,0.01760651740235595,0.04300006249285994,0.026777777777777772,0.12813492063492063,0.03199999999999999,0.09102380952380948,0.18060317460317457,0.09231746031746028,0.042714285714285705,0.07585714285714283,0.10257142857142856,36.3,1.4937753100601352,367.5,168.40022746705446,249.4266194124976,97.16639116493536,260.5502819750501,410.0391053821677,357.768284324129,123.68682192110357,256.64778639420837,307.5142583645363,C4 inner-middle ring mixed,3.6189933266497696
858,Poplar,3,6.0,0.44883333333333325,0.16916666666666666,20.121166666666664,0.46866666666666673,35.81616666666667,14123.11392520039,0.6424143541614417,0.5639868953650438,0.23782498388211562,0.3786947241428542,0.39752494826313,0.46691400938840316,0.07544554208182254,0.29035382327158726,0.07454658461084009,0.3399149073313037,0.23793138973668815,0.3467126290704326,0.351814491381353,0.06354148981152608,0.08985485792416137,0.10421544648475865,0.053517042837962873,0.09190495036149454,0.21612643553348312,0.09190495036149454,0.04389310098024079,0.05104826901709933,0.12118506553614294,0.117335200141117,0.02104636872988525,0.034864541636626965,0.002748015873015833,0.071453373015873,0.1022172619047619,0.10616071428571427,0.05075396825396822,0.08691468253968253,0.19586309523809523,0.03800595238095235,0.08798115079365078,164.66666666666666,1.8117427147690102,11662.5,30.24720656490017,1733.9319787080647,1255.7029879413458,839.8238873250251,2164.2820193226194,6286.14373459447,1177.6631959424685,229.77251203350374,2444.319428417013,"C3 late-night, extended-duration persistent",5.109977737428519
859,Pudding Mill Lane,1,8.0,0.33499999999999996,0.1195,12.326625,0.45175,33.597,13892.436382694248,0.6944631328230555,0.4673714019730205,0.16494921323272405,0.4030394940181201,0.31509302411927265,0.30160765799399913,0.14772506532431223,0.22250951073615516,0.07023988080731454,0.3255426818700703,0.17801058397200598,0.45940593098241106,0.3283337810333058,0.03424970401227704,0.08691291358910572,0.09169614963490332,0.054577625746331154,0.07478159308124388,0.20234476565292026,0.07478159308124388,0.03624991992380248,0.056814874512751884,0.10927997121636583,0.12538107800288562,0.023177338959437573,0.0442771480893981,0.0344345238095238,0.13538690476190474,0.022775297619047605,0.07725446428571428,0.06476934523809523,0.1052157738095238,0.10404017857142857,0.13975446428571428,0.062217261904761886,62.25,1.7874838994714084,868.75,79.81951012436988,388.1412839159297,48.14102132387788,359.0119622925255,188.51367992414635,258.85026289926,669.4497098415295,305.90363683084666,206.65677075931967,C1 central departure-oriented,4.1470951276076295
861,South Quay,2,12.0,0.29733333333333334,0.09975,12.41475,0.20658333333333334,18.701666666666664,81614.87356470783,0.7254434611637088,0.46023087084687736,0.15007395827732958,0.5037784905511792,0.263895243817913,0.4245807368946384,0.06864687364094707,0.21784724630372376,0.06283399797137894,0.38627972936980787,0.197001402631741,0.457030008843672,0.30989090012720943,0.0360776883973775,0.08099007025091345,0.07378766572900099,0.04318032066365953,0.060044638806252805,0.16026702755106223,0.060044638806252805,0.030566453341730318,0.03655736185389045,0.09314321235544133,0.07537673127898899,0.018801353723580615,0.02980380759947619,0.02101620370370369,0.12868485449735448,0.01296693121693121,0.06708829365079365,0.0977787698412698,0.12638988095238093,0.08005291005291006,0.08377182539682537,0.1359560185185185,87.58333333333333,1.3235287533995137,8812.5,225.84900253114003,2453.4784894177224,420.22031681250047,1955.0144991390928,5067.03902338927,7058.813197398965,1054.853411970505,856.2850346168725,4133.411956842482,"C2 central interchange, direction-balanced",4.483943728553948
862,Limehouse DLR,3,23.0,0.3704347826086957,0.14695652173913043,16.115478260869562,0.28791304347826085,30.459869565217392,19386.77930084112,0.5888895855511689,0.539284927206249,0.22408938454610627,0.3254408198739646,0.39551369345135134,0.42675525739273307,0.06777077183158343,0.29149158215937837,0.06603949686169117,0.2989360403212956,0.22681847567099409,0.35109285591246503,0.3528057086337585,0.06928295978278218,0.08964497567032931,0.10783652561777012,0.043672444563275084,0.08371818582030092,0.20161238914571578,0.08371818582030092,0.04472696107595668,0.04538393476770327,0.11150149330205571,0.11737842197245028,0.01933150846251642,0.048066650682267884,0.015527950310559004,0.13739389233954452,0.013462732919254657,0.11069185645272599,0.051615769496204285,0.0606651138716356,0.18298826777087648,0.17418046928916492,0.03947032436162869,38.56521739130435,1.7039779821439722,303.2608695652174,32.937503178180194,361.5198992625732,31.95442579157038,284.8429190849766,118.67744726483883,163.43080317754,461.2170314025039,600.0608023438635,105.02934516871123,"C3 late-night, extended-duration persistent",3.677950383581746
864,Tower Gateway,3,8.0,0.265875,0.091,10.277875,-0.037625000000000006,32.93600000000001,18070.85587845774,0.7074902917741269,0.4622015681078734,0.15788316185204598,0.47357040052779914,0.2638642283063021,0.37319927150972,0.042672911749107235,0.2004532666735759,0.037117931887593866,0.36382654421068533,0.17709300010804085,0.41816490383096805,0.3456257270622468,0.05911636899874419,0.0823657488738688,0.08554833166711412,0.04161865829739909,0.06632954272114616,0.17183836231193683,0.06632954272114616,0.035234250173329984,0.04633819448985699,0.0902659176487497,0.08282456794063435,0.021825690984497187,0.03769105578282422,0.004889304536043638,0.09019459933182758,0.018641774891774848,0.14275071169772252,0.1231474684735554,0.19708509787314132,0.07694969885187272,0.05599412702333895,0.06543556194711081,154.5,1.618657190662108,7803.125,127.81246380816,1702.834604121642,802.8462690921292,2034.7295421245362,9878.27709968778,8613.84185406009,1647.4074350664528,2990.8143024364476,4396.101127945936,"C3 late-night, extended-duration persistent",5.0466457316192885
865,Westferry,3,14.0,0.3803571428571428,0.14592857142857144,14.745499999999998,0.3757857142857143,27.845642857142867,17767.435180299148,0.6190179078983942,0.5137695812130714,0.21265574650507188,0.3624088636561052,0.3508966845523104,0.4056577580447664,0.07461180845690689,0.2828365120758808,0.06962480921522965,0.3094227682719783,0.2244667243164256,0.354878952441705,0.3586163636265696,0.06203795961529968,0.09401273491473483,0.10201262148315984,0.05045786204094461,0.0839511131858361,0.20165147697338412,0.0839511131858361,0.04225235162882858,0.04690620854440992,0.11249291680014546,0.10560943845817304,0.01792712733342109,0.04171590522997452,0.024323979591836725,0.08632865646258502,0.06948767006802721,0.06972080498866211,0.05618622448979589,0.09336876417233557,0.18316468253968252,0.17600056689342405,0.06151006235827664,82.42857142857143,1.7514124212791804,4335.714285714285,56.849750439615796,452.7234659475034,700.7018929403015,412.2020797475151,515.7499220028624,2434.481720257708,775.3173168647985,651.8745130229157,787.714705110033,"C3 late-night, extended-duration persistent",4.423990833772914
866,West India Quay,3,5.0,0.47859999999999997,0.18860000000000002,22.8688,0.5974,33.9634,15179.580043267817,0.6351829392794444,0.6060211426243757,0.2703255604405011,0.3451082721460282,0.4452839061697243,0.48422677235557793,0.07526227695733102,0.31575132059917205,0.08212916885974078,0.32710580958964364,0.2534632723464833,0.31930916168393636,0.3571943882006057,0.07003317776897458,0.08977650215473357,0.11452041918978213,0.05738188638313393,0.10228001011503884,0.23236877230659939,0.10228001011503884,0.0473344342971192,0.05443805625269118,0.1305962817567889,0.12716250703368434,0.021993967160814122,0.035314099333856,0.00296428571428568,0.04991071428571427,0.12266071428571428,0.12239285714285712,0.01732142857142854,0.0694642857142857,0.2300357142857143,0.04435714285714282,0.05791071428571428,170.4,1.8196173600708208,11595.0,24.563690565520222,819.4254633709785,1506.843585529615,831.7943051046302,1063.0542545960743,6317.278442371744,1237.2014754455624,231.72842451885452,1255.3704184329372,"C3 late-night, extended-duration persistent",5.1440000061636795
867,Devons Road,4,14.0,0.5002857142857142,0.18007142857142858,20.646499999999996,0.4725714285714285,27.357,26524.511323088733,0.6419905957226864,0.5870168664384086,0.2587066728697758,0.28371492834108364,0.4627601954032821,0.49781584652206795,0.11088729851998194,0.36173465560405743,0.09625154684373635,0.2710196367810915,0.28265075344751006,0.3410921697371575,0.3253883789107469,0.05086869790458554,0.07829932309657044,0.12136374975997888,0.05252906296462536,0.09222442297281223,0.2470794081120296,0.09222442297281223,0.054482131723406664,0.057358979658466265,0.1352382967301566,0.12659922626204176,0.022108717703281894,0.043279086943717814,0.03825396825396824,0.14900793650793648,0.023412698412698392,0.11083333333333331,0.030932539682539673,0.08444444444444442,0.1958333333333333,0.08706349206349205,0.058412698412698395,31.5,1.7134702526604664,314.2857142857143,295.19444014331435,500.9753524925662,192.3943441669249,241.1918947993282,98.6152299053371,201.02085760454025,708.3611874525525,503.9418695727914,189.10312406775031,C4 inner-middle ring mixed,3.481240089335692
879,Cutty Sark,2,8.0,0.22062500000000002,0.10187500000000001,6.4915,-0.20537499999999995,31.58175,28053.826539001042,0.5377254671101456,0.4015937751135723,0.13801616030839353,0.30255511513122746,0.33219573226911886,0.10029763610371391,0.15168862319849,0.246678846035347,0.08717119478509644,0.3190027688591869,0.2010552703141919,0.3248102936034931,0.390793348087754,0.08334108799456087,0.10947782355756142,0.0814962941106771,0.032029696347836104,0.03938258894563798,0.1637407742539152,0.03938258894563798,0.028105145117746047,0.04620543891957451,0.08943019021659457,0.10688036700181736,0.0193562283183549,0.04938440947115426,0.018571428571428565,0.18042658730158728,0.02849206349206349,0.19493551587301589,0.040347222222222215,0.08408730158730156,0.1645138888888889,0.03922619047619046,0.04229166666666666,94.125,1.6241349372162146,997.5,144.75712016895608,1776.1333110955054,16.65707260005902,1293.2130225021074,439.350538575374,991.2440324103956,1266.3026363509296,402.709764292781,326.5587444546611,"C2 central interchange, direction-balanced",4.55519181618185
882,Blackwall,3,9.0,0.3317777777777777,0.11666666666666667,13.175666666666666,0.2472222222222223,32.16688888888889,20230.861743050773,0.671275467882942,0.46924705933556127,0.16104245973349518,0.46736906251623606,0.27088695578488875,0.4550497328476851,0.07322670366688132,0.25796599282066246,0.06411956417153904,0.33742689661596825,0.2241546598480448,0.40065770870794587,0.3401080392364458,0.03507959220756337,0.08826085290271211,0.08622824790956565,0.04545415580272619,0.06654531838627992,0.18805954895648724,0.06654531838627992,0.04235081677351838,0.0461940311504185,0.09951470103255027,0.09285413271191155,0.021345698659215012,0.0366224979730613,0.009832010582010556,0.09544510582010579,0.009732142857142844,0.12493253968253966,0.09774074074074071,0.09981613756613755,0.10311507936507935,0.0863849206349206,0.1370191798941799,132.55555555555554,1.7190565517606136,8005.555555555556,62.72873875558466,1416.3064645642125,224.20320110552072,860.7113418341601,1923.2967826813995,4595.375472829351,1287.7730961179718,494.57690756197945,2257.41757032428,"C3 late-night, extended-duration persistent",4.894517537758934
883,East India,4,8.0,0.35887499999999994,0.106875,11.744125,0.269125,33.73175,15477.623278818814,0.7096720025375165,0.4528003549317607,0.1499532643567062,0.5013149536212511,0.25022179485501594,0.4687398689923784,0.09344384837835365,0.2509279036744674,0.05910830002699172,0.30434849025340427,0.21655274079132733,0.4632935370602837,0.2981311617647274,0.022022560383661426,0.08619816321588802,0.08621948951427363,0.047723396028446996,0.07458474557074692,0.1962111994893328,0.07458474557074692,0.03971923348243778,0.04916547113998372,0.1073264948669112,0.08527228164411697,0.021031870833299424,0.038166595003610596,0.0411190476190476,0.13308035714285715,0.07457738095238095,0.19032738095238094,0.07015178571428571,0.04194940476190475,0.12452380952380952,0.04973214285714285,0.08732738095238095,50.875,1.8322411619471617,593.75,69.47601409963157,371.01316012627126,334.19948763569676,607.4560934922953,413.3498406347315,290.23781072902096,1309.504736988318,242.47428835911714,522.6048257786518,C4 inner-middle ring mixed,3.9488369785508626
884,Canning Town,4,13.0,0.3222307692307692,0.11107692307692307,14.99746153846154,0.13584615384615384,27.72246153846154,32487.51598911804,0.6496652698445525,0.4911443546725319,0.1818242960876897,0.4562706380675913,0.2882642197402348,0.29681518134901064,0.17687192769692459,0.2521153507534659,0.07002453381716117,0.29415486220414294,0.19602876937112645,0.4543182555049885,0.3053969694366612,0.04425600568722369,0.09864272473447934,0.09100814959143581,0.05271653105364142,0.07673029217286652,0.2196553651776207,0.07673029217286652,0.03927024440354286,0.06933358017354371,0.111051540600534,0.10158325132629474,0.024159705862358792,0.03763448192330748,0.025970695970695956,0.12105921855921854,0.07252136752136752,0.16054945054945052,0.05507020757020756,0.03709706959706957,0.14109890109890108,0.06888278388278388,0.06120268620268617,55.15384615384615,1.6477926264094265,607.6923076923077,42.25510053800668,487.44092928641817,322.68607472886714,824.6360324737902,206.6893298921217,150.07517354654306,1331.9630826746338,397.52451113603905,216.05172862442546,C4 inner-middle ring mixed,4.0280951766809
886,Royal Victoria,4,12.0,0.3555,0.13516666666666668,15.930833333333334,0.07349999999999997,26.075999999999997,13532.509078459503,0.5595526611163181,0.5245059970137201,0.22039221316850413,0.3711310245377381,0.3600111770894607,0.230901417585996,0.2282051022636342,0.2964841573296025,0.08801062016930956,0.27952342763372734,0.2159046566995679,0.35966848867954515,0.36827456023426014,0.056152294386626674,0.10934002971112632,0.09763613251281324,0.04751159375795186,0.0749909302572451,0.24160696550939018,0.0749909302572451,0.04762807268891819,0.08062367278272094,0.11335522003775093,0.12391747789842604,0.027359447884707594,0.03946524986786639,0.0246626984126984,0.08208333333333333,0.00680555555555555,0.09355158730158726,0.06999999999999998,0.04698412698412697,0.1395833333333333,0.06531746031746032,0.0878769841269841,52.5,1.663560553935352,616.6666666666666,41.561531946166276,185.3894110256664,10.980553310498012,260.7769851215356,172.11866792584019,130.19501124345183,193.00291784497094,197.30709211827937,302.7764225541458,C4 inner-middle ring mixed,3.979681653901961
887,Custom House DLR,4,7.0,0.39971428571428574,0.16299999999999998,21.008142857142854,0.14428571428571427,25.776999999999997,11225.113229620047,0.5207025708254046,0.5860131701030235,0.26055319631964885,0.31099992334045695,0.43442345726386833,0.2132017946512477,0.2749383003611335,0.3322238571368733,0.11135944273520156,0.2834498313607449,0.23653094795203006,0.30494902969443666,0.39171230931270606,0.06680771304082708,0.11136597877475918,0.10794947639825814,0.05189475307175432,0.08378425671530532,0.2568577906294611,0.08378425671530532,0.05097599327472339,0.08718289849414794,0.11869889886058971,0.12889960856118185,0.02827761573687715,0.04069359733357326,0.0313095238095238,0.0694047619047619,0.037440476190476184,0.13083333333333333,0.057380952380952366,0.022678571428571413,0.07559523809523808,0.04339285714285714,0.09821428571428571,58.57142857142857,1.6695095928461854,885.7142857142857,64.7931950198912,128.2619220694689,66.8505544692385,395.8001386668673,93.89469034152012,75.68647233836622,138.73061988349136,80.69045410308783,261.0465071945187,C4 inner-middle ring mixed,4.087176072743488
888,Prince Regent,4,7.0,0.4215714285714286,0.18685714285714286,27.81085714285714,0.4144285714285714,26.45185714285714,13784.24584425783,0.44475045216397496,0.6522562392631724,0.28285390698070506,0.27987452942476304,0.4320175235278971,0.19029880624173828,0.28602018989968775,0.4020928656454438,0.13517390091265977,0.2399684840358353,0.2694790385494292,0.24894961377093885,0.4008052535764842,0.08076609410314757,0.13307396079262898,0.12591112431658313,0.05469066760971497,0.08636452353531476,0.29700986699603094,0.08636452353531476,0.06434035723513126,0.10765830054855148,0.12501120921234807,0.14526188689497474,0.02749282787472342,0.037627998757022725,0.0,0.0692857142857143,0.018435374149659855,0.08738095238095236,0.033401360544217676,0.01107142857142857,0.12023809523809523,0.1961904761904762,0.07715986394557821,40.285714285714285,1.4811429948472683,442.85714285714283,0.0,99.49276587308522,20.13836893689044,169.1917116583636,66.5824098845591,23.957557506226156,251.14732893939717,399.8744810294834,153.45936520943593,C4 inner-middle ring mixed,3.720516539057119
889,Star Lane,3,7.0,0.40385714285714286,0.16414285714285712,23.603285714285708,0.43628571428571433,27.18614285714286,12527.709409954818,0.5642495463665957,0.6323844005080045,0.27656077582085986,0.3311242746012863,0.41610238677977385,0.2722172424713104,0.24479781964657346,0.34364144157057097,0.10324045506711584,0.24927622953076245,0.25085321696335855,0.3215530708984559,0.3601365062398503,0.06745720589833507,0.11070594956637826,0.12158144269087875,0.06340962240735566,0.10248306428276235,0.2751912925168352,0.10248306428276235,0.053020521127332375,0.09700026008290755,0.12517051130659523,0.11972825447006509,0.024671108789766527,0.04603706283548833,0.0526190476190476,0.15365079365079362,0.07158730158730155,0.1033333333333333,0.020793650793650784,0.012857142857142843,0.13428571428571426,0.10428571428571427,0.07373015873015867,80.85714285714286,1.8174752607594313,1146.4285714285713,210.4262495094911,472.0479072012244,256.4951728585366,431.8196362985586,73.52849416961108,29.99182032051443,303.11808306709173,547.1456522796979,183.67212197200416,"C3 late-night, extended-duration persistent",4.404975567659426
890,Royal Albert,4,9.0,0.38722222222222213,0.16333333333333336,21.70522222222222,0.25222222222222224,21.965333333333334,5542.437020066109,0.4292415168131208,0.6077424085463817,0.24685483662894983,0.3459998451463005,0.3371547535036463,0.18767786004140483,0.22685392591713022,0.3872033579605054,0.11702933341539877,0.24577642148884019,0.2627299752375945,0.25523237960399037,0.40853766188697144,0.07349998327144353,0.14632944151518934,0.1179586773547878,0.05320361497414374,0.08292462340468382,0.2819317260416676,0.08292462340468382,0.0603836481185353,0.09166208830760825,0.12988598961552392,0.11968774979985326,0.02697497743252887,0.0384951051940369,0.036759259259259255,0.03707671957671957,0.12889109347442682,0.07750881834215166,0.01833333333333331,0.0198611111111111,0.18882275132275128,0.1143231922398589,0.08706349206349204,54.77777777777778,1.58638634057679,1225.0,57.383004472922984,69.25536242850546,183.63551713202332,189.95779941047186,31.21760246912431,67.1030570197562,544.9771838034895,349.59213509268625,171.49071663489815,C4 inner-middle ring mixed,4.02137554235551
891,Beckton Park,0,4.0,0.381,0.157,21.166249999999998,0.28225,19.883,5310.164266183753,0.42349024797366674,0.6151020915696543,0.25781737838060365,0.36877711621000525,0.3131269131949687,0.1930393832129788,0.19758965746788862,0.3792691713339239,0.11108983595282557,0.2539650282764522,0.26265912838238736,0.2498923412297958,0.4038815104160626,0.08356701997175411,0.16273031345215228,0.11532170944698736,0.05096820882624151,0.08418076763381963,0.2893563101426942,0.08418076763381963,0.05887881099708363,0.08892912755652765,0.1415483715890828,0.1103432019607495,0.02400224662466613,0.03529228594558865,0.029583333333333326,0.047083333333333324,0.21305555555555555,0.025138888888888877,0.00416666666666665,0.020624999999999977,0.29166666666666663,0.009861111111111076,0.08166666666666665,52.25,1.5558819121159995,1162.5,33.48222736227253,60.3580750365863,296.43121836802345,49.847121661978804,4.449433462385013,61.49520994264608,871.1471655175787,26.040181178253896,166.47010474462726,C0 outer arrival-oriented,3.9749978045895347
893,Cyprus,2,4.0,0.3835,0.14500000000000002,19.24625,0.42674999999999996,25.4565,3274.5810010174687,0.4475839479285166,0.5593841498242316,0.23057526499977,0.33664458064350355,0.3999247792001622,0.23544241334687954,0.2166090382109446,0.3607173710476915,0.10796552784094282,0.2705392382084485,0.26038149065485633,0.31409008259941334,0.351864777425862,0.07366364931986819,0.12687965672741516,0.10533657858011827,0.047071195624242806,0.0873496689248327,0.27896273231685625,0.0873496689248327,0.061289687668117744,0.07814283293758126,0.1395302117111572,0.11513532414775587,0.0240021517428724,0.045370457617418494,0.004583333333333325,0.18994047619047616,0.18269841269841267,0.025138888888888877,0.025,0.026577380952380925,0.16666666666666666,0.005694444444444426,0.042976190476190446,89.75,1.780489101623218,1118.75,16.672986638228693,133.75788548562483,275.6792138690613,49.847121661978804,0.9719194310095512,61.52005619208333,737.6641616460283,21.590747715868883,126.93187327062887,"C2 central interchange, direction-balanced",4.5081084731449605
894,Gallions Reach,4,7.0,0.35714285714285715,0.13985714285714287,17.003999999999998,0.1317142857142857,25.832285714285717,7268.03618084754,0.44535165060261545,0.5218411509571064,0.19778430749456352,0.3788821246965516,0.3322340231343285,0.2473080249003139,0.2020134402329156,0.3596603062231292,0.09498750304017302,0.2603104422444747,0.24318817040572877,0.33245542976739634,0.37171895094443974,0.052637448882435066,0.13914672316982396,0.10846159679363061,0.049073630777327105,0.08023230552304718,0.2598666917629005,0.08023230552304718,0.05919840694677255,0.07253303593300038,0.1281352488831275,0.110991665196564,0.0223174225493741,0.04626757127597646,0.03744897959183673,0.265,0.13959183673469383,0.04153061224489796,0.036816326530612245,0.02839795918367346,0.041224489795918355,0.09948979591836736,0.04167346938775508,92.28571428571429,1.7416805632783547,1264.2857142857142,309.58921022013516,1667.3094307251647,915.3314999196303,390.5817949720613,70.48000977144991,67.8259261592598,331.23186586262676,411.2054642072546,242.03012978595893,C4 inner-middle ring mixed,4.535666980221118
895,Beckton,0,12.0,0.41358333333333336,0.17375,23.391000000000002,0.3956666666666666,23.51625,7818.244307177824,0.4103096605836498,0.6173182558056278,0.2620626566404088,0.3186012170686707,0.3800639304205852,0.2809959710985636,0.19569781843629105,0.4060143775080632,0.10596256208581172,0.23631011778287955,0.26601286533017904,0.2674046708582578,0.3897002499446735,0.07688221386688955,0.13955578038272243,0.11987229866547695,0.05070219712494343,0.08726371091886531,0.28236565427826504,0.08726371091886531,0.06248034921976122,0.08577232654069468,0.13411297851780904,0.1136801752391628,0.021848542747584892,0.04075632853330061,0.020873015873015866,0.22186507936507938,0.0466137566137566,0.027367724867724857,0.02575396825396824,0.03999999999999999,0.12043650793650791,0.09203703703703703,0.04138888888888887,59.166666666666664,1.5807812130988361,662.5,26.85187981588085,310.07185653780977,35.8801855421884,76.09015024336132,14.86560106816299,47.39929539342967,366.0055234079014,300.6385021508609,73.23908720990472,C0 outer arrival-oriented,4.097118489104826
897,Deptford Bridge,2,12.0,0.2724166666666667,0.13325,10.693,0.28275,35.39908333333334,14644.539498916776,0.610453819502244,0.5090414664040431,0.18397980180156606,0.35034162073173847,0.338520441941462,0.11340998466437975,0.2301841349529938,0.2304792944216217,0.0813813419607874,0.34324926594010924,0.19305244176180295,0.35825468911340314,0.3820838782980434,0.06660899082675038,0.11258028516976233,0.10012969204212646,0.04861550708090719,0.06011586686606693,0.17795574488931953,0.06011586686606693,0.029778017763131978,0.05565697974994618,0.09252074737624129,0.13341243497835037,0.02190076894682083,0.04769982884058121,0.011261904761904758,0.09596660052910051,0.007555555555555549,0.1714583333333333,0.029040674603174582,0.08368816137566136,0.2273710317460317,0.10927777777777774,0.07883035714285709,76.91666666666667,1.831675604584558,512.5,37.71952751479677,373.0058886064985,30.175507786378574,532.2874761866343,107.86636420864038,253.3470670473681,614.4225720457699,461.930988323269,409.31753707542845,"C2 central interchange, direction-balanced",4.3556398795006865
898,Elverson Road,4,14.0,0.23571428571428574,0.1207857142857143,8.979142857142858,0.10542857142857143,39.19578571428572,12651.489622465448,0.5282332836172274,0.4741815847070577,0.16541970217676058,0.3053824857036666,0.2971307891525065,0.09446548054294275,0.20755598142454704,0.2518679042077903,0.08029592915575907,0.3215890967864858,0.20553608485295496,0.30848751673817637,0.39974861343306356,0.08622778497580497,0.11612997538678867,0.09738255102937272,0.04454902631339304,0.05138720135801943,0.16791169104514062,0.05138720135801943,0.026143386349664798,0.04820215867269889,0.09356614602277682,0.13087368045333275,0.020216620663281816,0.051228990351038374,0.011111111111111108,0.1120578231292517,0.026077097505668927,0.10517006802721088,0.03169501133786846,0.11576530612244894,0.1388548752834467,0.2041553287981859,0.04057823129251698,38.357142857142854,1.6519321901011021,314.2857142857143,12.410168010244353,223.81993676574615,29.74389916077084,191.07754719165195,44.876651870990536,202.62437430593238,240.08944247656407,497.327739392986,58.28391064995166,C4 inner-middle ring mixed,3.672677479537656
928,Greenwich,4,11.0,0.2259090909090909,0.10600000000000001,7.831363636363637,-0.14345454545454545,34.08472727272727,19741.768644622134,0.5815645351934934,0.4278307017148346,0.14715575639894315,0.3178488197706587,0.3234264598286168,0.10817931544587056,0.17413132231051476,0.2348604054335631,0.0777244461191665,0.3332201270413932,0.20167843637809843,0.3471986507019118,0.37415346383981735,0.07696944908017224,0.10575948170030923,0.08115040584091927,0.037053733737624765,0.05276704293211984,0.16080800837948558,0.05276704293211984,0.025348032640690566,0.04911172904650056,0.08634824669229431,0.1142706148859586,0.02087363913098997,0.04973361397048532,0.006181818181818174,0.11527705627705626,0.030522366522366517,0.1397979797979798,0.03333477633477631,0.0849307359307359,0.10278499278499277,0.09157142857142854,0.1542453102453102,86.72727272727273,1.6620267497601466,900.4545454545455,86.91034885374636,588.1603157009972,113.35397287582373,597.8538605896807,258.1012814167081,744.573281768173,566.6255930397328,447.2819569811974,3152.111121430174,C4 inner-middle ring mixed,4.474232828540615
940,Lewisham DLR,3,15.0,0.2322,0.11246666666666666,9.5414,-0.05393333333333335,36.9638,17296.95590240404,0.5685428167884737,0.4740475646946089,0.1583354051182807,0.3566613279233504,0.24773935751723672,0.12190730567295965,0.20622036168465668,0.2457785520897913,0.08269212748928799,0.3233314296719018,0.1931918866259477,0.3280406991182562,0.4008723738694987,0.07789504038629734,0.11035522894562581,0.09552372485821486,0.04915478121036578,0.06060605865443529,0.1778244509529373,0.06060605865443529,0.02484326396803058,0.05558445263144123,0.09739673435346542,0.14207700732057768,0.019707929936308693,0.05290610858184028,0.0029291005291005264,0.1681079365079365,0.024294179894179885,0.0633185185185185,0.06316402116402114,0.1233248677248677,0.07337566137566137,0.15956190476190474,0.07189470899470898,64.06666666666666,1.5990331422189068,541.6666666666666,12.820879756612662,602.3418147489726,88.82598785384731,232.19956950949478,129.26416576220765,142.03262835382324,153.47721467918484,487.5473003284158,298.49294437902665,"C3 late-night, extended-duration persistent",4.175412385310882
9586,Imperial Wharf,2,26.0,0.2431153846153846,0.11873076923076924,7.746461538461538,-0.15176923076923077,40.17307692307692,30082.58077181148,0.5399368811752641,0.4604128525273707,0.1648441613475138,0.3281441710678524,0.3041291730900356,0.10125433486695935,0.11249863878736847,0.2306307393162723,0.07139232994553629,0.3612813558510926,0.1927755682556276,0.30028635090515493,0.39024841440799246,0.11668966643122486,0.13095809952569,0.08036807506237202,0.040679713181977634,0.05368762595892778,0.19067772021506718,0.05368762595892778,0.03081089222000795,0.04980674245835227,0.1100600855367069,0.11569060938802916,0.03257977183609123,0.033402400543795056,0.01670726495726494,0.17307158119658114,0.028398962148962145,0.10521321733821733,0.05737774725274724,0.14494169719169714,0.07518315018315015,0.06284279609279607,0.0971275946275946,63.23076923076923,1.6339525065704033,771.5384615384615,113.08321525929935,1814.477822934255,382.5315156027085,791.6714838006658,907.8639496045455,1845.1087679367788,536.2856162229718,487.7261323015236,820.5242652001564,"C2 central interchange, direction-balanced",4.162482367389319
